city,country_code,date,time,timestamp,temp,temp_min,temp_max,wind_speed,wind_deg,precipitation,snow,country
Abu Dhabi,AE,2005-05-26,12:00:00,1117083600,35.1,28.6,41.3,19.2,62.0,1.3,0.0,United Arab Emirates
Abu Dhabi,AE,2005-05-27,12:00:00,1117170000,33.3,27.7,38.9,26.2,323.0,0.0,0.0,United Arab Emirates
Abu Dhabi,AE,2005-05-28,12:00:00,1117256400,32.3,27.2,37.4,21.9,313.0,0.0,0.0,United Arab Emirates
Abu Dhabi,AE,2005-05-29,12:00:00,1117342800,31.9,26.3,37.3,25.1,346.0,0.0,0.0,United Arab Emirates
Abu Dhabi,AE,2005-05-30,12:00:00,1117429200,31.6,25.1,37.7,23.5,341.0,0.0,0.0,United Arab Emirates
Abu Dhabi,AE,2005-05-31,12:00:00,1117515600,30.6,24.8,36.3,26.2,317.0,0.0,0.0,United Arab Emirates
Abu Dhabi,AE,2005-06-01,12:00:00,1117602000,31.0,23.1,37.3,27.6,307.0,0.0,0.0,United Arab Emirates
Abu Dhabi,AE,2005-06-02,12:00:00,1117688400,32.5,29.1,35.8,32.4,319.0,0.0,0.0,United Arab Emirates
Abu Dhabi,AE,2005-06-03,12:00:00,1117774800,31.1,24.8,38.4,22.4,339.0,0.0,0.0,United Arab Emirates
Abu Dhabi,AE,2005-06-04,12:00:00,1117861200,32.0,24.9,39.4,28.1,0.0,0.0,0.0,United Arab Emirates
Abu Dhabi,AE,2005-06-05,12:00:00,1117947600,32.2,25.0,38.1,20.5,337.0,0.0,0.0,United Arab Emirates
Abu Dhabi,AE,2005-06-06,12:00:00,1118034000,32.8,25.5,39.3,20.7,309.0,0.0,0.0,United Arab Emirates
Abu Dhabi,AE,2005-06-07,12:00:00,1118120400,32.0,26.9,37.6,21.1,284.0,0.0,0.0,United Arab Emirates
Abu Dhabi,AE,2005-06-08,12:00:00,1118206800,32.2,29.4,35.7,32.3,295.0,0.0,0.0,United Arab Emirates
Abu Dhabi,AE,2005-06-09,12:00:00,1118293200,31.4,25.7,37.4,15.6,256.0,0.0,0.0,United Arab Emirates
Abu Dhabi,AE,2005-06-10,12:00:00,1118379600,31.8,25.6,37.1,21.1,326.0,0.0,0.0,United Arab Emirates
Abu Dhabi,AE,2005-06-11,12:00:00,1118466000,33.1,28.2,39.6,26.3,317.0,0.0,0.0,United Arab Emirates
Abu Dhabi,AE,2005-06-12,12:00:00,1118552400,31.6,25.9,37.2,20.7,353.0,0.0,0.0,United Arab Emirates
Abu Dhabi,AE,2005-06-13,12:00:00,1118638800,32.8,28.5,37.7,21.5,356.0,0.0,0.0,United Arab Emirates
Abu Dhabi,AE,2005-06-14,12:00:00,1118725200,32.8,28.4,37.3,19.6,334.0,0.7,0.0,United Arab Emirates
Abu Dhabi,AE,2005-06-15,12:00:00,1118811600,32.2,26.8,38.4,25.0,308.0,0.0,0.0,United Arab Emirates
Abu Dhabi,AE,2005-06-16,12:00:00,1118898000,32.5,25.9,39.3,25.8,331.0,0.0,0.0,United Arab Emirates
Abu Dhabi,AE,2005-06-17,12:00:00,1118984400,32.9,28.1,38.5,23.4,313.0,0.0,0.0,United Arab Emirates
Abu Dhabi,AE,2005-06-18,12:00:00,1119070800,32.0,25.2,38.7,21.4,310.0,0.0,0.0,United Arab Emirates
Abu Dhabi,AE,2005-06-19,12:00:00,1119157200,32.0,26.4,39.0,22.3,278.0,0.0,0.0,United Arab Emirates
Abu Dhabi,AE,2005-06-20,12:00:00,1119243600,32.2,25.7,37.2,24.6,278.0,0.0,0.0,United Arab Emirates
Abu Dhabi,AE,2005-06-21,12:00:00,1119330000,31.6,25.8,37.3,20.3,314.0,0.0,0.0,United Arab Emirates
Abu Dhabi,AE,2005-06-22,12:00:00,1119416400,34.3,27.6,41.5,17.4,358.0,0.0,0.0,United Arab Emirates
Abu Dhabi,AE,2005-06-23,12:00:00,1119502800,33.5,27.6,39.6,22.8,299.0,0.0,0.0,United Arab Emirates
Abu Dhabi,AE,2005-06-24,12:00:00,1119589200,32.9,29.3,36.8,25.8,275.0,0.0,0.0,United Arab Emirates
Abu Dhabi,AE,2005-06-25,12:00:00,1119675600,33.4,29.9,37.7,26.4,278.0,0.0,0.0,United Arab Emirates
Abu Dhabi,AE,2005-06-26,12:00:00,1119762000,33.5,28.2,38.7,25.2,279.0,0.0,0.0,United Arab Emirates
Abu Dhabi,AE,2005-06-27,12:00:00,1119848400,34.4,29.6,38.9,28.6,297.0,0.0,0.0,United Arab Emirates
Abu Dhabi,AE,2005-06-28,12:00:00,1119934800,35.5,32.6,38.8,38.8,298.0,0.0,0.0,United Arab Emirates
Abu Dhabi,AE,2005-06-29,12:00:00,1120021200,33.6,30.8,36.5,33.4,305.0,0.0,0.0,United Arab Emirates
Abu Dhabi,AE,2005-06-30,12:00:00,1120107600,32.7,27.4,38.1,16.8,308.0,0.0,0.0,United Arab Emirates
Abu Dhabi,AE,2005-07-01,12:00:00,1120194000,32.9,28.3,37.6,27.2,297.0,0.0,0.0,United Arab Emirates
Abu Dhabi,AE,2005-07-02,12:00:00,1120280400,33.3,30.1,37.0,30.5,287.0,0.0,0.0,United Arab Emirates
Abu Dhabi,AE,2005-07-03,12:00:00,1120366800,33.3,27.4,38.9,28.9,265.0,0.0,0.0,United Arab Emirates
Abu Dhabi,AE,2005-07-04,12:00:00,1120453200,33.9,27.9,40.7,31.6,257.0,0.0,0.0,United Arab Emirates
Abu Dhabi,AE,2005-07-05,12:00:00,1120539600,33.8,29.2,38.5,36.3,270.0,0.0,0.0,United Arab Emirates
Abu Dhabi,AE,2005-07-06,12:00:00,1120626000,33.4,29.7,37.1,32.6,273.0,0.0,0.0,United Arab Emirates
Abu Dhabi,AE,2005-07-07,12:00:00,1120712400,33.1,29.9,36.6,34.0,282.0,0.0,0.0,United Arab Emirates
Abu Dhabi,AE,2005-07-08,12:00:00,1120798800,31.9,26.9,36.2,22.7,286.0,0.0,0.0,United Arab Emirates
Abu Dhabi,AE,2005-07-09,12:00:00,1120885200,31.6,26.6,36.7,19.2,322.0,0.0,0.0,United Arab Emirates
Abu Dhabi,AE,2005-07-10,12:00:00,1120971600,32.9,28.8,37.2,20.4,339.0,0.0,0.0,United Arab Emirates
Abu Dhabi,AE,2005-07-11,12:00:00,1121058000,35.0,29.7,42.1,23.5,15.0,0.0,0.0,United Arab Emirates
Abu Dhabi,AE,2005-07-12,12:00:00,1121144400,35.9,31.8,41.8,23.5,353.0,0.0,0.0,United Arab Emirates
Abu Dhabi,AE,2005-07-13,12:00:00,1121230800,35.2,29.1,41.0,21.5,0.0,0.0,0.0,United Arab Emirates
Abu Dhabi,AE,2005-07-14,12:00:00,1121317200,37.3,31.0,44.0,25.0,83.0,0.0,0.0,United Arab Emirates
Abu Dhabi,AE,2005-07-15,12:00:00,1121403600,36.6,33.0,40.9,21.9,95.0,0.0,0.0,United Arab Emirates
Abu Dhabi,AE,2005-07-16,12:00:00,1121490000,34.8,30.2,39.3,31.2,146.0,0.0,0.0,United Arab Emirates
Abu Dhabi,AE,2005-07-17,12:00:00,1121576400,34.8,31.0,39.7,33.3,149.0,0.0,0.0,United Arab Emirates
Abu Dhabi,AE,2005-07-18,12:00:00,1121662800,35.9,32.0,40.6,27.8,106.0,0.0,0.0,United Arab Emirates
Abu Dhabi,AE,2005-07-19,12:00:00,1121749200,36.0,32.0,40.4,29.1,142.0,0.0,0.0,United Arab Emirates
Abu Dhabi,AE,2005-07-20,12:00:00,1121835600,35.9,32.0,40.0,26.5,199.0,0.0,0.0,United Arab Emirates
Abu Dhabi,AE,2005-07-21,12:00:00,1121922000,36.5,32.2,40.8,21.0,205.0,0.0,0.0,United Arab Emirates
Abu Dhabi,AE,2005-07-22,12:00:00,1122008400,37.0,33.1,42.7,24.7,224.0,0.0,0.0,United Arab Emirates
Abu Dhabi,AE,2005-07-23,12:00:00,1122094800,34.3,29.9,38.9,20.3,340.0,0.0,0.0,United Arab Emirates
Abu Dhabi,AE,2005-07-24,12:00:00,1122181200,36.5,31.7,41.5,18.7,358.0,0.0,0.0,United Arab Emirates
Abu Dhabi,AE,2005-07-25,12:00:00,1122267600,36.5,31.6,41.9,24.8,314.0,0.4,0.0,United Arab Emirates
Abu Dhabi,AE,2005-07-26,12:00:00,1122354000,34.8,30.3,39.2,25.2,300.0,0.0,0.0,United Arab Emirates
Abu Dhabi,AE,2005-07-27,12:00:00,1122440400,34.4,27.8,39.4,18.1,298.0,0.0,0.0,United Arab Emirates
Abu Dhabi,AE,2005-07-28,12:00:00,1122526800,35.4,28.4,41.5,22.0,10.0,0.0,0.0,United Arab Emirates
Abu Dhabi,AE,2005-07-29,12:00:00,1122613200,37.2,32.9,42.4,20.9,343.0,0.0,0.0,United Arab Emirates
Abu Dhabi,AE,2005-07-30,12:00:00,1122699600,35.4,29.3,42.7,24.8,352.0,0.0,0.0,United Arab Emirates
Abu Dhabi,AE,2005-07-31,12:00:00,1122786000,34.1,28.7,40.3,23.2,346.0,0.0,0.0,United Arab Emirates
Abu Dhabi,AE,2005-08-01,12:00:00,1122872400,34.6,27.7,42.1,23.2,335.0,0.0,0.0,United Arab Emirates
Abu Dhabi,AE,2005-08-02,12:00:00,1122958800,34.5,29.4,39.7,17.7,297.0,0.0,0.0,United Arab Emirates
Abu Dhabi,AE,2005-08-03,12:00:00,1123045200,35.5,31.4,40.0,21.0,311.0,0.0,0.0,United Arab Emirates
Abu Dhabi,AE,2005-08-04,12:00:00,1123131600,35.1,30.7,39.5,19.6,298.0,0.0,0.0,United Arab Emirates
Abu Dhabi,AE,2005-08-05,12:00:00,1123218000,35.4,30.5,40.1,24.7,303.0,0.0,0.0,United Arab Emirates
Abu Dhabi,AE,2005-08-06,12:00:00,1123304400,35.9,33.1,39.2,29.9,295.0,0.0,0.0,United Arab Emirates
Abu Dhabi,AE,2005-08-07,12:00:00,1123390800,35.2,32.8,38.4,25.9,288.0,0.0,0.0,United Arab Emirates
Abu Dhabi,AE,2005-08-08,12:00:00,1123477200,34.0,30.0,38.3,22.9,294.0,0.0,0.0,United Arab Emirates
Abu Dhabi,AE,2005-08-09,12:00:00,1123563600,34.4,31.3,38.0,25.1,304.0,0.0,0.0,United Arab Emirates
Abu Dhabi,AE,2005-08-10,12:00:00,1123650000,33.2,29.7,36.6,20.4,307.0,0.0,0.0,United Arab Emirates
Abu Dhabi,AE,2005-08-11,12:00:00,1123736400,33.0,27.7,37.5,24.7,302.0,0.0,0.0,United Arab Emirates
Abu Dhabi,AE,2005-08-12,12:00:00,1123822800,33.5,26.8,39.6,27.9,288.0,0.0,0.0,United Arab Emirates
Abu Dhabi,AE,2005-08-13,12:00:00,1123909200,34.0,25.8,40.2,22.7,314.0,0.0,0.0,United Arab Emirates
Abu Dhabi,AE,2005-08-14,12:00:00,1123995600,34.6,27.4,41.4,22.5,340.0,0.0,0.0,United Arab Emirates
Abu Dhabi,AE,2005-08-15,12:00:00,1124082000,34.2,25.4,41.0,21.9,343.0,0.0,0.0,United Arab Emirates
Abu Dhabi,AE,2005-08-16,12:00:00,1124168400,33.7,25.8,41.2,25.9,19.0,0.0,0.0,United Arab Emirates
Abu Dhabi,AE,2005-08-17,12:00:00,1124254800,36.3,29.1,45.0,17.1,52.0,0.0,0.0,United Arab Emirates
Abu Dhabi,AE,2005-08-18,12:00:00,1124341200,37.2,32.3,43.2,19.7,108.0,0.0,0.0,United Arab Emirates
Abu Dhabi,AE,2005-08-19,12:00:00,1124427600,37.2,32.3,43.2,25.0,105.0,0.0,0.0,United Arab Emirates
Abu Dhabi,AE,2005-08-20,12:00:00,1124514000,36.8,31.4,43.6,26.8,71.0,0.0,0.0,United Arab Emirates
Abu Dhabi,AE,2005-08-21,12:00:00,1124600400,36.3,30.3,42.9,24.4,87.0,0.0,0.0,United Arab Emirates
Abu Dhabi,AE,2005-08-22,12:00:00,1124686800,36.1,29.8,42.9,21.6,122.0,0.0,0.0,United Arab Emirates
Abu Dhabi,AE,2005-08-23,12:00:00,1124773200,35.8,29.6,41.8,24.5,220.0,0.0,0.0,United Arab Emirates
Abu Dhabi,AE,2005-08-24,12:00:00,1124859600,35.2,31.2,40.5,30.5,182.0,0.0,0.0,United Arab Emirates
Abu Dhabi,AE,2005-08-25,12:00:00,1124946000,34.7,29.0,41.2,27.5,193.0,0.0,0.0,United Arab Emirates
Abu Dhabi,AE,2005-08-26,12:00:00,1125032400,34.7,28.3,40.9,22.8,184.0,0.0,0.0,United Arab Emirates
Abu Dhabi,AE,2005-08-27,12:00:00,1125118800,35.5,31.1,40.7,22.0,211.0,0.0,0.0,United Arab Emirates
Abu Dhabi,AE,2005-08-28,12:00:00,1125205200,34.8,28.5,40.4,22.6,269.0,0.0,0.0,United Arab Emirates
Abu Dhabi,AE,2005-08-29,12:00:00,1125291600,35.0,28.2,42.0,17.8,68.0,0.0,0.0,United Arab Emirates
Abu Dhabi,AE,2005-08-30,12:00:00,1125378000,35.0,27.9,41.2,19.5,31.0,0.0,0.0,United Arab Emirates
Abu Dhabi,AE,2005-08-31,12:00:00,1125464400,34.4,29.8,39.7,22.9,7.0,0.0,0.0,United Arab Emirates
Abu Dhabi,AE,2005-09-01,12:00:00,1125550800,33.2,28.1,38.4,26.2,355.0,0.0,0.0,United Arab Emirates
Abu Dhabi,AE,2005-09-02,12:00:00,1125637200,34.5,29.5,39.8,27.4,70.0,0.0,0.0,United Arab Emirates
Abu Dhabi,AE,2005-09-03,12:00:00,1125723600,34.0,29.8,38.7,27.4,95.0,0.0,0.0,United Arab Emirates
Abu Dhabi,AE,2005-09-04,12:00:00,1125810000,33.2,28.4,38.3,23.7,254.0,0.0,0.0,United Arab Emirates
Abu Dhabi,AE,2005-09-05,12:00:00,1125896400,33.0,28.1,38.3,24.7,283.0,0.0,0.0,United Arab Emirates
Abu Dhabi,AE,2005-09-06,12:00:00,1125982800,32.5,28.2,36.8,19.7,347.0,0.0,0.0,United Arab Emirates
Abu Dhabi,AE,2005-09-07,12:00:00,1126069200,33.0,29.4,37.8,23.2,359.0,0.0,0.0,United Arab Emirates
Abu Dhabi,AE,2005-09-08,12:00:00,1126155600,32.7,28.2,37.5,20.6,2.0,0.0,0.0,United Arab Emirates
Abu Dhabi,AE,2005-09-09,12:00:00,1126242000,33.7,29.1,38.8,23.8,346.0,0.0,0.0,United Arab Emirates
Abu Dhabi,AE,2005-09-10,12:00:00,1126328400,32.8,29.4,37.1,19.1,318.0,0.0,0.0,United Arab Emirates
Abu Dhabi,AE,2005-09-11,12:00:00,1126414800,32.4,27.0,37.1,15.1,333.0,0.0,0.0,United Arab Emirates
Abu Dhabi,AE,2005-09-12,12:00:00,1126501200,34.9,29.6,42.2,26.0,27.0,0.0,0.0,United Arab Emirates
Abu Dhabi,AE,2005-09-13,12:00:00,1126587600,34.0,27.1,41.6,24.0,37.0,0.0,0.0,United Arab Emirates
Abu Dhabi,AE,2005-09-14,12:00:00,1126674000,32.8,28.8,38.2,22.3,280.0,0.0,0.0,United Arab Emirates
Abu Dhabi,AE,2005-09-15,12:00:00,1126760400,32.2,28.2,37.3,17.9,290.0,0.0,0.0,United Arab Emirates
Abu Dhabi,AE,2005-09-16,12:00:00,1126846800,32.9,28.0,38.3,26.6,298.0,0.0,0.0,United Arab Emirates
Abu Dhabi,AE,2005-09-17,12:00:00,1126933200,32.7,27.4,37.3,26.5,294.0,0.0,0.0,United Arab Emirates
Abu Dhabi,AE,2005-09-18,12:00:00,1127019600,31.8,26.2,36.4,18.4,337.0,0.0,0.0,United Arab Emirates
Abu Dhabi,AE,2005-09-19,12:00:00,1127106000,32.1,26.0,37.7,25.1,18.0,0.0,0.0,United Arab Emirates
Abu Dhabi,AE,2005-09-20,12:00:00,1127192400,33.3,27.8,39.0,18.8,21.0,0.0,0.0,United Arab Emirates
Abu Dhabi,AE,2005-09-21,12:00:00,1127278800,33.0,27.6,39.5,24.7,7.0,0.0,0.0,United Arab Emirates
Abu Dhabi,AE,2005-09-22,12:00:00,1127365200,32.2,26.5,38.2,22.9,344.0,0.0,0.0,United Arab Emirates
Abu Dhabi,AE,2005-09-23,12:00:00,1127451600,32.6,28.0,37.6,21.4,326.0,0.0,0.0,United Arab Emirates
Abu Dhabi,AE,2005-09-24,12:00:00,1127538000,32.3,27.4,37.1,21.1,336.0,0.0,0.0,United Arab Emirates
Abu Dhabi,AE,2005-09-25,12:00:00,1127624400,32.7,28.2,38.0,20.5,357.0,0.0,0.0,United Arab Emirates
Abu Dhabi,AE,2005-09-26,12:00:00,1127710800,33.4,27.6,38.9,24.7,348.0,0.0,0.0,United Arab Emirates
Abu Dhabi,AE,2005-09-27,12:00:00,1127797200,32.7,27.6,38.1,24.3,333.0,0.0,0.0,United Arab Emirates
Abu Dhabi,AE,2005-09-28,12:00:00,1127883600,31.5,28.1,35.4,19.8,289.0,0.0,0.0,United Arab Emirates
Abu Dhabi,AE,2005-09-29,12:00:00,1127970000,30.7,26.3,35.2,17.8,306.0,0.0,0.0,United Arab Emirates
Abu Dhabi,AE,2005-09-30,12:00:00,1128056400,31.3,27.5,35.7,22.6,352.0,0.0,0.0,United Arab Emirates
Abu Dhabi,AE,2005-10-01,12:00:00,1128142800,31.8,27.8,35.5,22.5,340.0,0.0,0.0,United Arab Emirates
Abu Dhabi,AE,2005-10-02,12:00:00,1128229200,31.2,26.6,35.7,21.0,334.0,0.0,0.0,United Arab Emirates
Abu Dhabi,AE,2005-10-03,12:00:00,1128315600,31.2,26.4,35.5,21.9,347.0,0.0,0.0,United Arab Emirates
Abu Dhabi,AE,2005-10-04,12:00:00,1128402000,31.0,24.9,35.5,16.5,350.0,0.0,0.0,United Arab Emirates
Abu Dhabi,AE,2005-10-05,12:00:00,1128488400,30.9,25.2,36.3,27.3,110.0,0.0,0.0,United Arab Emirates
Abu Dhabi,AE,2005-10-06,12:00:00,1128574800,30.9,26.1,35.0,29.5,119.0,0.0,0.0,United Arab Emirates
Abu Dhabi,AE,2005-10-07,12:00:00,1128661200,30.9,25.6,35.8,19.5,35.0,0.0,0.0,United Arab Emirates
Abu Dhabi,AE,2005-10-08,12:00:00,1128747600,31.1,25.8,35.6,22.7,357.0,0.0,0.0,United Arab Emirates
Abu Dhabi,AE,2005-10-09,12:00:00,1128834000,31.3,26.4,35.8,20.1,348.0,0.0,0.0,United Arab Emirates
Abu Dhabi,AE,2005-10-10,12:00:00,1128920400,30.9,26.0,35.6,21.3,327.0,0.0,0.0,United Arab Emirates
Abu Dhabi,AE,2005-10-11,12:00:00,1129006800,31.8,27.0,36.5,30.1,337.0,0.0,0.0,United Arab Emirates
Abu Dhabi,AE,2005-10-12,12:00:00,1129093200,33.3,27.1,40.0,22.2,47.0,0.0,0.0,United Arab Emirates
Abu Dhabi,AE,2005-10-13,12:00:00,1129179600,31.6,23.0,39.5,19.9,66.0,0.0,0.0,United Arab Emirates
Abu Dhabi,AE,2005-10-14,12:00:00,1129266000,30.3,23.4,37.0,17.9,68.0,0.0,0.0,United Arab Emirates
Abu Dhabi,AE,2005-10-15,12:00:00,1129352400,30.2,23.9,36.7,19.1,29.0,0.0,0.0,United Arab Emirates
Abu Dhabi,AE,2005-10-16,12:00:00,1129438800,29.7,22.9,36.4,18.2,32.0,0.0,0.0,United Arab Emirates
Abu Dhabi,AE,2005-10-17,12:00:00,1129525200,29.3,22.9,35.3,20.1,359.0,0.0,0.0,United Arab Emirates
Abu Dhabi,AE,2005-10-18,12:00:00,1129611600,29.8,24.3,35.4,20.5,342.0,0.0,0.0,United Arab Emirates
Abu Dhabi,AE,2005-10-19,12:00:00,1129698000,29.3,23.3,33.9,19.1,320.0,0.0,0.0,United Arab Emirates
Abu Dhabi,AE,2005-10-20,12:00:00,1129784400,28.4,20.3,35.3,14.1,41.0,0.0,0.0,United Arab Emirates
Abu Dhabi,AE,2005-10-21,12:00:00,1129870800,27.7,20.2,34.5,17.4,309.0,0.0,0.0,United Arab Emirates
Abu Dhabi,AE,2005-10-22,12:00:00,1129957200,28.0,21.4,32.9,20.4,305.0,0.0,0.0,United Arab Emirates
Abu Dhabi,AE,2005-10-23,12:00:00,1130043600,28.8,24.5,33.0,19.1,302.0,0.0,0.0,United Arab Emirates
Abu Dhabi,AE,2005-10-24,12:00:00,1130130000,29.3,24.7,33.9,25.7,314.0,0.0,0.0,United Arab Emirates
Abu Dhabi,AE,2005-10-25,12:00:00,1130216400,28.4,24.5,32.0,21.8,308.0,0.0,0.0,United Arab Emirates
Abu Dhabi,AE,2005-10-26,12:00:00,1130302800,28.2,22.7,32.6,19.9,360.0,0.0,0.0,United Arab Emirates
Abu Dhabi,AE,2005-10-27,12:00:00,1130389200,29.2,24.2,33.9,25.6,2.0,0.0,0.0,United Arab Emirates
Abu Dhabi,AE,2005-10-28,12:00:00,1130475600,29.0,23.3,34.5,18.8,33.0,0.0,0.0,United Arab Emirates
Abu Dhabi,AE,2005-10-29,12:00:00,1130562000,29.0,22.7,35.0,16.6,48.0,0.0,0.0,United Arab Emirates
Abu Dhabi,AE,2005-10-30,12:00:00,1130648400,27.9,21.7,33.1,18.0,352.0,0.0,0.0,United Arab Emirates
Abu Dhabi,AE,2005-10-31,12:00:00,1130734800,28.3,23.6,32.7,24.8,323.0,0.0,0.0,United Arab Emirates
Abu Dhabi,AE,2005-11-01,12:00:00,1130821200,28.0,23.5,32.4,23.0,320.0,0.0,0.0,United Arab Emirates
Abu Dhabi,AE,2005-11-02,12:00:00,1130907600,27.4,22.9,32.1,19.4,327.0,0.0,0.0,United Arab Emirates
Abu Dhabi,AE,2005-11-03,12:00:00,1130994000,27.3,23.4,31.3,18.4,338.0,0.0,0.0,United Arab Emirates
Abu Dhabi,AE,2005-11-04,12:00:00,1131080400,27.6,22.5,32.3,17.8,358.0,0.0,0.0,United Arab Emirates
Abu Dhabi,AE,2005-11-05,12:00:00,1131166800,28.0,22.9,33.2,19.2,58.0,0.0,0.0,United Arab Emirates
Abu Dhabi,AE,2005-11-06,12:00:00,1131253200,27.2,20.1,32.9,16.3,204.0,0.0,0.0,United Arab Emirates
Abu Dhabi,AE,2005-11-07,12:00:00,1131339600,26.3,19.7,31.7,16.5,318.0,0.0,0.0,United Arab Emirates
Abu Dhabi,AE,2005-11-08,12:00:00,1131426000,26.2,20.1,32.1,17.0,12.0,0.0,0.0,United Arab Emirates
Abu Dhabi,AE,2005-11-09,12:00:00,1131512400,25.7,20.8,30.1,24.1,321.0,0.0,0.0,United Arab Emirates
Abu Dhabi,AE,2005-11-10,12:00:00,1131598800,25.9,24.0,28.3,23.7,312.0,0.0,0.0,United Arab Emirates
Abu Dhabi,AE,2005-11-11,12:00:00,1131685200,25.6,23.4,28.2,21.1,313.0,0.0,0.0,United Arab Emirates
Abu Dhabi,AE,2005-11-12,12:00:00,1131771600,26.1,20.6,30.3,19.5,15.0,0.0,0.0,United Arab Emirates
Abu Dhabi,AE,2005-11-13,12:00:00,1131858000,26.6,19.3,32.5,18.4,62.0,0.0,0.0,United Arab Emirates
Abu Dhabi,AE,2005-11-14,12:00:00,1131944400,26.6,19.4,32.2,19.5,36.0,0.0,0.0,United Arab Emirates
Abu Dhabi,AE,2005-11-15,12:00:00,1132030800,26.9,21.0,32.5,17.2,51.0,0.0,0.0,United Arab Emirates
Abu Dhabi,AE,2005-11-16,12:00:00,1132117200,26.6,21.3,32.0,25.0,135.0,0.0,0.0,United Arab Emirates
Abu Dhabi,AE,2005-11-17,12:00:00,1132203600,25.5,20.0,30.5,22.8,138.0,0.0,0.0,United Arab Emirates
Abu Dhabi,AE,2005-11-18,12:00:00,1132290000,24.5,19.3,27.9,22.6,15.0,0.3,0.0,United Arab Emirates
Abu Dhabi,AE,2005-11-19,12:00:00,1132376400,24.5,21.5,27.0,17.3,327.0,0.4,0.0,United Arab Emirates
Abu Dhabi,AE,2005-11-20,12:00:00,1132462800,24.7,20.3,28.0,19.7,330.0,0.0,0.0,United Arab Emirates
Abu Dhabi,AE,2005-11-21,12:00:00,1132549200,24.9,18.0,30.1,15.5,54.0,0.0,0.0,United Arab Emirates
Abu Dhabi,AE,2005-11-22,12:00:00,1132635600,25.5,19.0,30.9,18.7,21.0,0.0,0.0,United Arab Emirates
Abu Dhabi,AE,2005-11-23,12:00:00,1132722000,26.9,23.1,31.1,29.4,330.0,0.0,0.0,United Arab Emirates
Abu Dhabi,AE,2005-11-24,12:00:00,1132808400,26.5,24.0,29.5,29.1,315.0,0.0,0.0,United Arab Emirates
Abu Dhabi,AE,2005-11-25,12:00:00,1132894800,26.1,24.2,28.8,31.6,310.0,0.0,0.0,United Arab Emirates
Abu Dhabi,AE,2005-11-26,12:00:00,1132981200,25.9,23.6,28.9,23.0,327.0,0.0,0.0,United Arab Emirates
Abu Dhabi,AE,2005-11-27,12:00:00,1133067600,25.6,21.3,30.4,22.5,32.0,0.0,0.0,United Arab Emirates
Abu Dhabi,AE,2005-11-28,12:00:00,1133154000,24.8,18.8,30.5,18.7,54.0,0.0,0.0,United Arab Emirates
Abu Dhabi,AE,2005-11-29,12:00:00,1133240400,24.2,18.9,28.7,21.1,18.0,0.0,0.0,United Arab Emirates
Abu Dhabi,AE,2005-11-30,12:00:00,1133326800,23.7,20.7,26.9,17.1,341.0,0.0,0.0,United Arab Emirates
Abu Dhabi,AE,2005-12-01,12:00:00,1133413200,23.4,20.1,27.1,15.1,333.0,0.0,0.0,United Arab Emirates
Abu Dhabi,AE,2005-12-02,12:00:00,1133499600,23.0,18.2,26.9,14.9,329.0,0.0,0.0,United Arab Emirates
Abu Dhabi,AE,2005-12-03,12:00:00,1133586000,23.0,18.8,27.1,16.9,336.0,0.0,0.0,United Arab Emirates
Abu Dhabi,AE,2005-12-04,12:00:00,1133672400,22.5,17.6,26.2,13.7,339.0,0.0,0.0,United Arab Emirates
Abu Dhabi,AE,2005-12-05,12:00:00,1133758800,22.0,16.8,26.1,14.2,351.0,0.0,0.0,United Arab Emirates
Abu Dhabi,AE,2005-12-06,12:00:00,1133845200,22.6,17.5,27.1,16.2,359.0,0.0,0.0,United Arab Emirates
Abu Dhabi,AE,2005-12-07,12:00:00,1133931600,23.3,18.6,27.6,19.5,344.0,0.0,0.0,United Arab Emirates
Abu Dhabi,AE,2005-12-08,12:00:00,1134018000,23.1,18.5,27.5,18.0,330.0,0.0,0.0,United Arab Emirates
Abu Dhabi,AE,2005-12-09,12:00:00,1134104400,22.6,18.0,27.0,16.6,320.0,0.0,0.0,United Arab Emirates
Abu Dhabi,AE,2005-12-10,12:00:00,1134190800,22.8,19.9,26.1,19.4,307.0,0.0,0.0,United Arab Emirates
Abu Dhabi,AE,2005-12-11,12:00:00,1134277200,22.9,19.6,26.2,14.0,326.0,0.0,0.0,United Arab Emirates
Abu Dhabi,AE,2005-12-12,12:00:00,1134363600,23.2,19.1,27.7,18.8,49.0,0.0,0.0,United Arab Emirates
Abu Dhabi,AE,2005-12-13,12:00:00,1134450000,23.0,17.5,27.4,14.6,60.0,0.0,0.0,United Arab Emirates
Abu Dhabi,AE,2005-12-14,12:00:00,1134536400,22.4,17.1,27.1,16.3,17.0,0.0,0.0,United Arab Emirates
Abu Dhabi,AE,2005-12-15,12:00:00,1134622800,21.9,16.3,26.3,14.4,19.0,0.0,0.0,United Arab Emirates
Abu Dhabi,AE,2005-12-16,12:00:00,1134709200,22.3,16.9,27.1,14.4,58.0,0.0,0.0,United Arab Emirates
Abu Dhabi,AE,2005-12-17,12:00:00,1134795600,23.3,17.1,28.5,15.4,91.0,0.0,0.0,United Arab Emirates
Abu Dhabi,AE,2005-12-18,12:00:00,1134882000,22.6,16.1,27.6,14.8,256.0,0.0,0.0,United Arab Emirates
Abu Dhabi,AE,2005-12-19,12:00:00,1134968400,22.8,19.1,26.8,27.4,301.0,0.0,0.0,United Arab Emirates
Abu Dhabi,AE,2005-12-20,12:00:00,1135054800,22.4,20.0,25.1,19.3,309.0,0.0,0.0,United Arab Emirates
Abu Dhabi,AE,2005-12-21,12:00:00,1135141200,22.4,18.9,26.3,11.6,322.0,0.0,0.0,United Arab Emirates
Abu Dhabi,AE,2005-12-22,12:00:00,1135227600,21.4,15.4,26.1,13.3,342.0,0.0,0.0,United Arab Emirates
Abu Dhabi,AE,2005-12-23,12:00:00,1135314000,21.3,17.2,25.6,10.9,66.0,0.0,0.0,United Arab Emirates
Abu Dhabi,AE,2005-12-24,12:00:00,1135400400,22.4,15.6,28.9,19.6,144.0,0.0,0.0,United Arab Emirates
Abu Dhabi,AE,2005-12-25,12:00:00,1135486800,22.4,16.8,28.2,25.5,151.0,0.0,0.0,United Arab Emirates
Abu Dhabi,AE,2005-12-26,12:00:00,1135573200,20.8,15.3,26.0,21.3,199.0,0.0,0.0,United Arab Emirates
Abu Dhabi,AE,2005-12-27,12:00:00,1135659600,21.6,20.0,23.9,26.9,308.0,0.0,0.0,United Arab Emirates
Abu Dhabi,AE,2005-12-28,12:00:00,1135746000,21.6,19.0,24.8,18.6,319.0,0.0,0.0,United Arab Emirates
Abu Dhabi,AE,2005-12-29,12:00:00,1135832400,21.3,18.5,24.4,21.7,316.0,0.0,0.0,United Arab Emirates
Abu Dhabi,AE,2005-12-30,12:00:00,1135918800,21.3,19.5,24.0,29.0,302.0,0.0,0.0,United Arab Emirates
Abu Dhabi,AE,2005-12-31,12:00:00,1136005200,19.5,18.1,21.1,29.4,307.0,1.1,0.0,United Arab Emirates
Abu Dhabi,AE,2006-01-01,12:00:00,1136091600,18.7,14.7,22.2,22.8,18.0,0.0,0.0,United Arab Emirates
Abu Dhabi,AE,2006-01-02,12:00:00,1136178000,18.5,13.5,23.4,24.3,70.0,0.0,0.0,United Arab Emirates
Abu Dhabi,AE,2006-01-03,12:00:00,1136264400,17.9,12.2,22.5,19.1,69.0,0.0,0.0,United Arab Emirates
Abu Dhabi,AE,2006-01-04,12:00:00,1136350800,18.9,13.3,24.4,24.8,63.0,0.0,0.0,United Arab Emirates
Abu Dhabi,AE,2006-01-05,12:00:00,1136437200,19.3,14.0,25.0,23.1,56.0,0.0,0.0,United Arab Emirates
Abu Dhabi,AE,2006-01-06,12:00:00,1136523600,19.0,13.5,24.2,21.4,49.0,0.0,0.0,United Arab Emirates
Abu Dhabi,AE,2006-01-07,12:00:00,1136610000,18.7,12.0,24.2,15.5,49.0,0.0,0.0,United Arab Emirates
Abu Dhabi,AE,2006-01-08,12:00:00,1136696400,18.6,11.5,24.3,16.5,158.0,0.0,0.0,United Arab Emirates
Abu Dhabi,AE,2006-01-09,12:00:00,1136782800,19.3,14.2,24.5,18.0,161.0,0.0,0.0,United Arab Emirates
Abu Dhabi,AE,2006-01-10,12:00:00,1136869200,19.8,12.2,26.5,14.5,86.0,0.0,0.0,United Arab Emirates
Abu Dhabi,AE,2006-01-11,12:00:00,1136955600,20.3,12.7,26.4,15.2,111.0,0.0,0.0,United Arab Emirates
Abu Dhabi,AE,2006-01-12,12:00:00,1137042000,21.4,14.8,27.9,26.2,145.0,0.0,0.0,United Arab Emirates
Abu Dhabi,AE,2006-01-13,12:00:00,1137128400,21.8,15.0,28.0,23.5,149.0,0.0,0.0,United Arab Emirates
Abu Dhabi,AE,2006-01-14,12:00:00,1137214800,22.2,19.0,27.2,35.9,204.0,0.0,0.0,United Arab Emirates
Abu Dhabi,AE,2006-01-15,12:00:00,1137301200,19.7,18.4,20.8,28.7,309.0,0.0,0.0,United Arab Emirates
Abu Dhabi,AE,2006-01-16,12:00:00,1137387600,19.1,17.7,21.3,30.7,308.0,0.0,0.0,United Arab Emirates
Abu Dhabi,AE,2006-01-17,12:00:00,1137474000,19.1,16.8,21.7,27.0,312.0,0.0,0.0,United Arab Emirates
Abu Dhabi,AE,2006-01-18,12:00:00,1137560400,19.0,17.4,20.8,30.9,320.0,0.0,0.0,United Arab Emirates
Abu Dhabi,AE,2006-01-19,12:00:00,1137646800,17.9,16.1,20.4,33.6,312.0,0.0,0.0,United Arab Emirates
Abu Dhabi,AE,2006-01-20,12:00:00,1137733200,18.0,15.9,21.0,26.8,315.0,0.0,0.0,United Arab Emirates
Abu Dhabi,AE,2006-01-21,12:00:00,1137819600,16.9,11.8,21.1,13.0,273.0,0.0,0.0,United Arab Emirates
Abu Dhabi,AE,2006-01-22,12:00:00,1137906000,18.0,13.9,20.9,28.5,302.0,0.0,0.0,United Arab Emirates
Abu Dhabi,AE,2006-01-23,12:00:00,1137992400,18.4,15.7,20.7,21.3,309.0,0.0,0.0,United Arab Emirates
Abu Dhabi,AE,2006-01-24,12:00:00,1138078800,17.5,14.4,21.3,12.0,297.0,0.0,0.0,United Arab Emirates
Abu Dhabi,AE,2006-01-25,12:00:00,1138165200,16.8,10.6,22.5,17.6,37.0,0.0,0.0,United Arab Emirates
Abu Dhabi,AE,2006-01-26,12:00:00,1138251600,19.3,11.8,26.0,15.1,109.0,0.0,0.0,United Arab Emirates
Abu Dhabi,AE,2006-01-27,12:00:00,1138338000,20.5,12.7,26.7,20.9,143.0,0.0,0.0,United Arab Emirates
Abu Dhabi,AE,2006-01-28,12:00:00,1138424400,20.0,15.7,25.0,19.3,213.0,0.0,0.0,United Arab Emirates
Abu Dhabi,AE,2006-01-29,12:00:00,1138510800,20.0,18.3,22.5,24.7,306.0,0.0,0.0,United Arab Emirates
Abu Dhabi,AE,2006-01-30,12:00:00,1138597200,18.5,16.0,20.5,29.3,310.0,0.0,0.0,United Arab Emirates
Abu Dhabi,AE,2006-01-31,12:00:00,1138683600,17.5,15.0,20.1,18.6,313.0,0.0,0.0,United Arab Emirates
Abu Dhabi,AE,2006-02-01,12:00:00,1138770000,18.7,14.5,22.8,15.6,345.0,0.0,0.0,United Arab Emirates
Abu Dhabi,AE,2006-02-02,12:00:00,1138856400,19.8,14.2,25.2,19.1,16.0,0.0,0.0,United Arab Emirates
Abu Dhabi,AE,2006-02-03,12:00:00,1138942800,22.1,15.8,29.3,16.5,81.0,0.0,0.0,United Arab Emirates
Abu Dhabi,AE,2006-02-04,12:00:00,1139029200,23.0,18.7,28.6,28.2,145.0,0.0,0.0,United Arab Emirates
Abu Dhabi,AE,2006-02-05,12:00:00,1139115600,21.7,14.8,27.8,18.8,76.0,0.0,0.0,United Arab Emirates
Abu Dhabi,AE,2006-02-06,12:00:00,1139202000,22.0,16.4,27.4,16.4,41.0,0.0,0.0,United Arab Emirates
Abu Dhabi,AE,2006-02-07,12:00:00,1139288400,23.4,16.4,29.4,13.4,99.0,0.0,0.0,United Arab Emirates
Abu Dhabi,AE,2006-02-08,12:00:00,1139374800,25.3,16.8,32.4,20.1,141.0,0.0,0.0,United Arab Emirates
Abu Dhabi,AE,2006-02-09,12:00:00,1139461200,26.1,18.7,33.3,22.9,155.0,0.0,0.0,United Arab Emirates
Abu Dhabi,AE,2006-02-10,12:00:00,1139547600,23.2,18.7,28.3,18.4,185.0,0.0,0.0,United Arab Emirates
Abu Dhabi,AE,2006-02-11,12:00:00,1139634000,22.7,17.3,29.8,23.2,358.0,0.0,0.0,United Arab Emirates
Abu Dhabi,AE,2006-02-12,12:00:00,1139720400,21.6,17.0,26.1,18.8,312.0,0.0,0.0,United Arab Emirates
Abu Dhabi,AE,2006-02-13,12:00:00,1139806800,22.1,17.4,26.2,11.5,343.0,0.0,0.0,United Arab Emirates
Abu Dhabi,AE,2006-02-14,12:00:00,1139893200,23.2,16.4,29.3,20.7,135.0,0.0,0.0,United Arab Emirates
Abu Dhabi,AE,2006-02-15,12:00:00,1139979600,23.9,18.1,30.2,21.6,179.0,0.0,0.0,United Arab Emirates
Abu Dhabi,AE,2006-02-16,12:00:00,1140066000,24.8,19.7,31.2,24.6,177.0,0.0,0.0,United Arab Emirates
Abu Dhabi,AE,2006-02-17,12:00:00,1140152400,22.3,19.5,25.7,30.5,339.0,0.0,0.0,United Arab Emirates
Abu Dhabi,AE,2006-02-18,12:00:00,1140238800,21.1,19.7,23.2,29.0,334.0,0.0,0.0,United Arab Emirates
Abu Dhabi,AE,2006-02-19,12:00:00,1140325200,20.3,17.6,23.3,29.8,315.0,0.0,0.0,United Arab Emirates
Abu Dhabi,AE,2006-02-20,12:00:00,1140411600,20.0,17.3,23.1,22.9,312.0,0.0,0.0,United Arab Emirates
Abu Dhabi,AE,2006-02-21,12:00:00,1140498000,19.5,17.8,21.8,18.1,309.0,1.2,0.0,United Arab Emirates
Abu Dhabi,AE,2006-02-22,12:00:00,1140584400,19.5,14.3,24.0,20.8,335.0,0.0,0.0,United Arab Emirates
Abu Dhabi,AE,2006-02-23,12:00:00,1140670800,18.9,15.4,22.1,30.4,29.0,9.1,0.0,United Arab Emirates
Abu Dhabi,AE,2006-02-24,12:00:00,1140757200,18.8,17.0,21.0,21.2,301.0,26.0,0.0,United Arab Emirates
Abu Dhabi,AE,2006-02-25,12:00:00,1140843600,19.0,17.2,21.1,22.6,342.0,0.7,0.0,United Arab Emirates
Abu Dhabi,AE,2006-02-26,12:00:00,1140930000,19.8,16.9,23.3,19.5,328.0,0.0,0.0,United Arab Emirates
Abu Dhabi,AE,2006-02-27,12:00:00,1141016400,18.2,14.4,22.1,19.5,308.0,0.0,0.0,United Arab Emirates
Abu Dhabi,AE,2006-02-28,12:00:00,1141102800,18.0,13.1,22.4,19.1,290.0,0.0,0.0,United Arab Emirates
Abu Dhabi,AE,2006-03-01,12:00:00,1141189200,19.3,14.0,24.4,17.7,274.0,0.0,0.0,United Arab Emirates
Abu Dhabi,AE,2006-03-02,12:00:00,1141275600,18.9,12.8,25.1,14.2,230.0,0.0,0.0,United Arab Emirates
Abu Dhabi,AE,2006-03-03,12:00:00,1141362000,20.2,14.1,26.9,21.6,246.0,0.0,0.0,United Arab Emirates
Abu Dhabi,AE,2006-03-04,12:00:00,1141448400,20.5,15.6,25.8,19.0,278.0,0.0,0.0,United Arab Emirates
Abu Dhabi,AE,2006-03-05,12:00:00,1141534800,20.9,14.1,28.0,13.0,315.0,0.0,0.0,United Arab Emirates
Abu Dhabi,AE,2006-03-06,12:00:00,1141621200,20.8,15.6,26.2,18.6,285.0,0.0,0.0,United Arab Emirates
Abu Dhabi,AE,2006-03-07,12:00:00,1141707600,21.7,17.3,25.7,16.9,298.0,0.0,0.0,United Arab Emirates
Abu Dhabi,AE,2006-03-08,12:00:00,1141794000,22.4,18.0,27.3,24.7,2.0,0.0,0.0,United Arab Emirates
Abu Dhabi,AE,2006-03-09,12:00:00,1141880400,23.0,16.7,29.2,19.5,60.0,0.0,0.0,United Arab Emirates
Abu Dhabi,AE,2006-03-10,12:00:00,1141966800,23.9,16.7,30.5,24.4,130.0,0.0,0.0,United Arab Emirates
Abu Dhabi,AE,2006-03-11,12:00:00,1142053200,23.3,18.7,29.4,24.4,274.0,0.1,0.0,United Arab Emirates
Abu Dhabi,AE,2006-03-12,12:00:00,1142139600,21.7,19.5,24.3,28.6,300.0,0.1,0.0,United Arab Emirates
Abu Dhabi,AE,2006-03-13,12:00:00,1142226000,20.4,16.5,24.0,20.2,314.0,0.0,0.0,United Arab Emirates
Abu Dhabi,AE,2006-03-14,12:00:00,1142312400,20.4,16.5,25.4,18.2,324.0,0.0,0.0,United Arab Emirates
Abu Dhabi,AE,2006-03-15,12:00:00,1142398800,20.4,13.9,26.9,14.8,11.0,0.0,0.0,United Arab Emirates
Abu Dhabi,AE,2006-03-16,12:00:00,1142485200,23.6,15.1,31.1,18.0,59.0,0.0,0.0,United Arab Emirates
Abu Dhabi,AE,2006-03-17,12:00:00,1142571600,25.2,22.1,30.2,39.6,79.0,0.5,0.0,United Arab Emirates
Abu Dhabi,AE,2006-03-18,12:00:00,1142658000,27.3,23.0,32.7,31.7,128.0,0.4,0.0,United Arab Emirates
Abu Dhabi,AE,2006-03-19,12:00:00,1142744400,26.6,22.9,31.5,31.8,141.0,0.0,0.0,United Arab Emirates
Abu Dhabi,AE,2006-03-20,12:00:00,1142830800,24.0,20.4,28.2,22.4,359.0,0.0,0.0,United Arab Emirates
Abu Dhabi,AE,2006-03-21,12:00:00,1142917200,22.4,18.5,28.1,24.5,320.0,0.0,0.0,United Arab Emirates
Abu Dhabi,AE,2006-03-22,12:00:00,1143003600,22.4,20.9,24.4,28.8,277.0,0.0,0.0,United Arab Emirates
Abu Dhabi,AE,2006-03-23,12:00:00,1143090000,22.2,17.4,26.9,25.0,264.0,0.0,0.0,United Arab Emirates
Abu Dhabi,AE,2006-03-24,12:00:00,1143176400,22.6,19.5,26.5,30.2,286.0,0.0,0.0,United Arab Emirates
Abu Dhabi,AE,2006-03-25,12:00:00,1143262800,22.2,17.6,26.9,19.1,292.0,0.0,0.0,United Arab Emirates
Abu Dhabi,AE,2006-03-26,12:00:00,1143349200,22.1,18.3,27.2,19.6,326.0,0.0,0.0,United Arab Emirates
Abu Dhabi,AE,2006-03-27,12:00:00,1143435600,20.5,13.6,27.8,16.3,10.0,0.0,0.0,United Arab Emirates
Abu Dhabi,AE,2006-03-28,12:00:00,1143522000,23.7,15.1,31.8,18.6,66.0,0.0,0.0,United Arab Emirates
Abu Dhabi,AE,2006-03-29,12:00:00,1143608400,25.9,21.6,30.9,34.9,49.0,0.0,0.0,United Arab Emirates
Abu Dhabi,AE,2006-03-30,12:00:00,1143694800,25.2,23.0,27.6,33.5,11.0,0.1,0.0,United Arab Emirates
Abu Dhabi,AE,2006-03-31,12:00:00,1143781200,23.7,21.2,27.1,23.8,340.0,0.0,0.0,United Arab Emirates
Abu Dhabi,AE,2006-04-01,12:00:00,1143867600,22.8,17.7,27.6,16.4,333.0,0.0,0.0,United Arab Emirates
Abu Dhabi,AE,2006-04-02,12:00:00,1143954000,22.7,18.4,26.0,22.3,342.0,0.2,0.0,United Arab Emirates
Abu Dhabi,AE,2006-04-03,12:00:00,1144040400,25.4,20.9,29.6,16.0,139.0,0.0,0.0,United Arab Emirates
Abu Dhabi,AE,2006-04-04,12:00:00,1144126800,26.8,20.5,32.4,20.2,43.0,0.0,0.0,United Arab Emirates
Abu Dhabi,AE,2006-04-05,12:00:00,1144213200,28.9,23.1,34.5,21.8,54.0,0.0,0.0,United Arab Emirates
Abu Dhabi,AE,2006-04-06,12:00:00,1144299600,28.9,24.7,33.1,23.1,23.0,0.0,0.0,United Arab Emirates
Abu Dhabi,AE,2006-04-07,12:00:00,1144386000,27.7,24.1,31.8,19.4,1.0,0.0,0.0,United Arab Emirates
Abu Dhabi,AE,2006-04-08,12:00:00,1144472400,24.5,21.9,26.7,40.6,316.0,0.0,0.0,United Arab Emirates
Abu Dhabi,AE,2006-04-09,12:00:00,1144558800,24.1,20.6,27.8,21.0,319.0,0.0,0.0,United Arab Emirates
Abu Dhabi,AE,2006-04-10,12:00:00,1144645200,24.9,21.9,28.8,23.3,336.0,0.0,0.0,United Arab Emirates
Abu Dhabi,AE,2006-04-11,12:00:00,1144731600,23.8,18.4,29.7,20.7,317.0,0.0,0.0,United Arab Emirates
Abu Dhabi,AE,2006-04-12,12:00:00,1144818000,24.5,17.8,31.1,19.4,316.0,0.0,0.0,United Arab Emirates
Abu Dhabi,AE,2006-04-13,12:00:00,1144904400,25.9,22.0,30.4,28.8,310.0,0.0,0.0,United Arab Emirates
Abu Dhabi,AE,2006-04-14,12:00:00,1144990800,25.3,22.6,28.5,27.2,299.0,0.0,0.0,United Arab Emirates
Abu Dhabi,AE,2006-04-15,12:00:00,1145077200,24.9,20.2,30.1,23.1,319.0,0.0,0.0,United Arab Emirates
Abu Dhabi,AE,2006-04-16,12:00:00,1145163600,25.8,20.5,32.7,23.8,329.0,0.0,0.0,United Arab Emirates
Abu Dhabi,AE,2006-04-17,12:00:00,1145250000,28.0,19.5,35.9,19.2,41.0,0.0,0.0,United Arab Emirates
Abu Dhabi,AE,2006-04-18,12:00:00,1145336400,30.1,22.4,37.9,20.5,87.0,0.0,0.0,United Arab Emirates
Abu Dhabi,AE,2006-04-19,12:00:00,1145422800,27.8,23.4,32.4,23.2,309.0,0.0,0.0,United Arab Emirates
Abu Dhabi,AE,2006-04-20,12:00:00,1145509200,27.7,24.7,31.4,25.2,293.0,0.0,0.0,United Arab Emirates
Abu Dhabi,AE,2006-04-21,12:00:00,1145595600,27.1,23.2,31.3,23.1,296.0,0.0,0.0,United Arab Emirates
Abu Dhabi,AE,2006-04-22,12:00:00,1145682000,26.6,20.5,32.6,20.7,304.0,0.0,0.0,United Arab Emirates
Abu Dhabi,AE,2006-04-23,12:00:00,1145768400,28.1,19.8,34.6,16.6,303.0,0.0,0.0,United Arab Emirates
Abu Dhabi,AE,2006-04-24,12:00:00,1145854800,29.4,23.8,35.3,23.7,340.0,0.0,0.0,United Arab Emirates
Abu Dhabi,AE,2006-04-25,12:00:00,1145941200,30.1,22.8,35.6,15.3,55.0,0.0,0.0,United Arab Emirates
Abu Dhabi,AE,2006-04-26,12:00:00,1146027600,35.0,28.8,41.8,36.5,161.0,0.0,0.0,United Arab Emirates
Abu Dhabi,AE,2006-04-27,12:00:00,1146114000,31.0,27.5,34.4,33.5,254.0,0.0,0.0,United Arab Emirates
Abu Dhabi,AE,2006-04-28,12:00:00,1146200400,28.6,25.3,32.2,27.6,325.0,0.0,0.0,United Arab Emirates
Abu Dhabi,AE,2006-04-29,12:00:00,1146286800,27.4,21.8,32.2,30.0,286.0,0.0,0.0,United Arab Emirates
Abu Dhabi,AE,2006-04-30,12:00:00,1146373200,28.8,23.0,33.8,21.9,268.0,0.0,0.0,United Arab Emirates
Abu Dhabi,AE,2006-05-01,12:00:00,1146459600,29.8,22.9,36.4,22.7,312.0,0.0,0.0,United Arab Emirates
Abu Dhabi,AE,2006-05-02,12:00:00,1146546000,30.9,22.5,38.6,19.6,16.0,0.0,0.0,United Arab Emirates
Abu Dhabi,AE,2006-05-03,12:00:00,1146632400,31.0,22.9,39.1,22.5,52.0,0.0,0.0,United Arab Emirates
Abu Dhabi,AE,2006-05-04,12:00:00,1146718800,32.1,26.6,38.6,20.8,328.0,0.0,0.0,United Arab Emirates
Abu Dhabi,AE,2006-05-05,12:00:00,1146805200,31.3,24.4,38.1,28.8,344.0,0.0,0.0,United Arab Emirates
Abu Dhabi,AE,2006-05-06,12:00:00,1146891600,30.5,24.0,36.4,23.7,284.0,0.0,0.0,United Arab Emirates
Abu Dhabi,AE,2006-05-07,12:00:00,1146978000,30.7,25.4,35.4,30.3,284.0,0.0,0.0,United Arab Emirates
Abu Dhabi,AE,2006-05-08,12:00:00,1147064400,30.9,27.7,34.9,30.3,278.0,0.0,0.0,United Arab Emirates
Abu Dhabi,AE,2006-05-09,12:00:00,1147150800,30.3,25.4,34.9,24.3,293.0,0.0,0.0,United Arab Emirates
Abu Dhabi,AE,2006-05-10,12:00:00,1147237200,30.0,23.3,37.5,23.5,314.0,0.0,0.0,United Arab Emirates
Abu Dhabi,AE,2006-05-11,12:00:00,1147323600,30.0,23.1,36.7,22.5,269.0,0.0,0.0,United Arab Emirates
Abu Dhabi,AE,2006-05-12,12:00:00,1147410000,30.1,24.9,35.6,21.5,253.0,0.0,0.0,United Arab Emirates
Abu Dhabi,AE,2006-05-13,12:00:00,1147496400,31.3,27.1,35.9,29.6,290.0,0.0,0.0,United Arab Emirates
Abu Dhabi,AE,2006-05-14,12:00:00,1147582800,31.3,26.1,35.9,27.5,272.0,0.0,0.0,United Arab Emirates
Abu Dhabi,AE,2006-05-15,12:00:00,1147669200,31.3,25.7,36.6,30.6,270.0,0.0,0.0,United Arab Emirates
Abu Dhabi,AE,2006-05-16,12:00:00,1147755600,30.5,24.5,36.1,29.2,282.0,0.0,0.0,United Arab Emirates
Abu Dhabi,AE,2006-05-17,12:00:00,1147842000,30.2,23.4,36.7,21.2,298.0,0.0,0.0,United Arab Emirates
Abu Dhabi,AE,2006-05-18,12:00:00,1147928400,30.3,23.5,36.2,21.4,337.0,0.0,0.0,United Arab Emirates
Abu Dhabi,AE,2006-05-19,12:00:00,1148014800,30.5,25.8,36.2,21.2,306.0,0.0,0.0,United Arab Emirates
Abu Dhabi,AE,2006-05-20,12:00:00,1148101200,32.4,26.5,37.9,20.1,284.0,0.0,0.0,United Arab Emirates
Abu Dhabi,AE,2006-05-21,12:00:00,1148187600,33.9,28.7,40.4,27.5,312.0,0.0,0.0,United Arab Emirates
Abu Dhabi,AE,2006-05-22,12:00:00,1148274000,32.3,29.1,36.1,26.6,302.0,0.0,0.0,United Arab Emirates
Abu Dhabi,AE,2006-05-23,12:00:00,1148360400,33.0,29.9,36.6,37.5,308.0,0.0,0.0,United Arab Emirates
Abu Dhabi,AE,2006-05-24,12:00:00,1148446800,33.2,30.2,36.8,31.7,304.0,0.0,0.0,United Arab Emirates
Abu Dhabi,AE,2006-05-25,12:00:00,1148533200,31.8,28.0,35.9,26.8,316.0,0.0,0.0,United Arab Emirates
Abu Dhabi,AE,2006-05-26,12:00:00,1148619600,31.6,25.0,38.5,20.5,332.0,0.0,0.0,United Arab Emirates
Abu Dhabi,AE,2006-05-27,12:00:00,1148706000,31.7,26.0,38.5,25.4,329.0,0.0,0.0,United Arab Emirates
Abu Dhabi,AE,2006-05-28,12:00:00,1148792400,32.1,25.6,37.8,25.6,297.0,0.0,0.0,United Arab Emirates
Abu Dhabi,AE,2006-05-29,12:00:00,1148878800,31.8,27.6,36.9,25.1,277.0,0.0,0.0,United Arab Emirates
Abu Dhabi,AE,2006-05-30,12:00:00,1148965200,30.9,24.3,37.4,16.2,276.0,0.0,0.0,United Arab Emirates
Abu Dhabi,AE,2006-05-31,12:00:00,1149051600,31.6,26.4,39.0,24.8,328.0,0.0,0.0,United Arab Emirates
Abu Dhabi,AE,2006-06-01,12:00:00,1149138000,33.1,26.3,40.4,27.7,357.0,0.0,0.0,United Arab Emirates
Abu Dhabi,AE,2006-06-02,12:00:00,1149224400,32.9,26.4,39.1,21.8,339.0,0.0,0.0,United Arab Emirates
Abu Dhabi,AE,2006-06-03,12:00:00,1149310800,32.5,25.5,38.6,20.9,330.0,0.0,0.0,United Arab Emirates
Abu Dhabi,AE,2006-06-04,12:00:00,1149397200,33.8,26.2,41.2,22.0,20.0,0.0,0.0,United Arab Emirates
Abu Dhabi,AE,2006-06-05,12:00:00,1149483600,35.0,27.6,40.1,23.5,129.0,0.1,0.0,United Arab Emirates
Abu Dhabi,AE,2006-06-06,12:00:00,1149570000,35.8,30.0,41.2,25.8,98.0,0.0,0.0,United Arab Emirates
Abu Dhabi,AE,2006-06-07,12:00:00,1149656400,34.6,29.2,41.0,23.0,97.0,0.4,0.0,United Arab Emirates
Abu Dhabi,AE,2006-06-08,12:00:00,1149742800,34.2,29.2,40.1,26.1,136.0,0.2,0.0,United Arab Emirates
Abu Dhabi,AE,2006-06-09,12:00:00,1149829200,33.1,26.8,39.3,23.6,340.0,0.0,0.0,United Arab Emirates
Abu Dhabi,AE,2006-06-10,12:00:00,1149915600,32.7,25.7,38.7,21.9,263.0,0.0,0.0,United Arab Emirates
Abu Dhabi,AE,2006-06-11,12:00:00,1150002000,31.9,25.5,38.4,21.4,267.0,0.0,0.0,United Arab Emirates
Abu Dhabi,AE,2006-06-12,12:00:00,1150088400,31.9,25.6,37.0,16.7,271.0,0.0,0.0,United Arab Emirates
Abu Dhabi,AE,2006-06-13,12:00:00,1150174800,31.7,26.1,37.4,15.3,309.0,0.0,0.0,United Arab Emirates
Abu Dhabi,AE,2006-06-14,12:00:00,1150261200,33.2,27.3,39.4,20.3,1.0,0.0,0.0,United Arab Emirates
Abu Dhabi,AE,2006-06-15,12:00:00,1150347600,34.3,29.0,41.7,21.9,357.0,0.0,0.0,United Arab Emirates
Abu Dhabi,AE,2006-06-16,12:00:00,1150434000,33.4,27.2,39.9,23.4,317.0,0.3,0.0,United Arab Emirates
Abu Dhabi,AE,2006-06-17,12:00:00,1150520400,34.4,26.7,41.4,19.8,329.0,0.0,0.0,United Arab Emirates
Abu Dhabi,AE,2006-06-18,12:00:00,1150606800,34.7,25.9,42.8,20.9,101.0,0.0,0.0,United Arab Emirates
Abu Dhabi,AE,2006-06-19,12:00:00,1150693200,34.1,26.2,41.3,19.2,358.0,0.0,0.0,United Arab Emirates
Abu Dhabi,AE,2006-06-20,12:00:00,1150779600,33.1,27.9,39.4,21.6,334.0,0.0,0.0,United Arab Emirates
Abu Dhabi,AE,2006-06-21,12:00:00,1150866000,33.5,28.1,38.7,21.3,318.0,0.0,0.0,United Arab Emirates
Abu Dhabi,AE,2006-06-22,12:00:00,1150952400,35.3,29.1,40.7,18.1,224.0,0.0,0.0,United Arab Emirates
Abu Dhabi,AE,2006-06-23,12:00:00,1151038800,35.7,29.8,42.1,25.1,112.0,0.0,0.0,United Arab Emirates
Abu Dhabi,AE,2006-06-24,12:00:00,1151125200,34.8,29.8,41.0,22.8,279.0,0.0,0.0,United Arab Emirates
Abu Dhabi,AE,2006-06-25,12:00:00,1151211600,33.4,28.2,38.4,22.8,284.0,0.0,0.0,United Arab Emirates
Abu Dhabi,AE,2006-06-26,12:00:00,1151298000,34.7,30.5,39.0,31.4,292.0,0.0,0.0,United Arab Emirates
Abu Dhabi,AE,2006-06-27,12:00:00,1151384400,34.3,29.6,39.7,18.5,294.0,0.0,0.0,United Arab Emirates
Abu Dhabi,AE,2006-06-28,12:00:00,1151470800,33.5,28.4,38.4,24.7,337.0,0.0,0.0,United Arab Emirates
Abu Dhabi,AE,2006-06-29,12:00:00,1151557200,34.0,29.8,39.1,23.6,314.0,0.0,0.0,United Arab Emirates
Abu Dhabi,AE,2006-06-30,12:00:00,1151643600,35.9,31.9,39.7,33.2,316.0,0.0,0.0,United Arab Emirates
Abu Dhabi,AE,2006-07-01,12:00:00,1151730000,35.6,32.6,38.8,28.7,286.0,0.0,0.0,United Arab Emirates
Abu Dhabi,AE,2006-07-02,12:00:00,1151816400,35.1,30.6,39.3,30.8,272.0,0.0,0.0,United Arab Emirates
Abu Dhabi,AE,2006-07-03,12:00:00,1151902800,34.8,29.1,40.3,24.0,271.0,0.0,0.0,United Arab Emirates
Abu Dhabi,AE,2006-07-04,12:00:00,1151989200,34.2,28.5,39.6,23.0,267.0,0.0,0.0,United Arab Emirates
Abu Dhabi,AE,2006-07-05,12:00:00,1152075600,33.9,28.8,38.5,28.1,283.0,0.0,0.0,United Arab Emirates
Abu Dhabi,AE,2006-07-06,12:00:00,1152162000,34.7,31.5,38.3,30.3,285.0,0.0,0.0,United Arab Emirates
Abu Dhabi,AE,2006-07-07,12:00:00,1152248400,33.9,29.2,38.5,21.1,268.0,0.0,0.0,United Arab Emirates
Abu Dhabi,AE,2006-07-08,12:00:00,1152334800,33.3,30.0,37.2,20.0,297.0,0.0,0.0,United Arab Emirates
Abu Dhabi,AE,2006-07-09,12:00:00,1152421200,34.5,30.4,37.8,30.6,298.0,0.0,0.0,United Arab Emirates
Abu Dhabi,AE,2006-07-10,12:00:00,1152507600,34.5,32.1,36.8,41.3,302.0,0.0,0.0,United Arab Emirates
Abu Dhabi,AE,2006-07-11,12:00:00,1152594000,33.5,30.9,36.7,28.7,277.0,0.0,0.0,United Arab Emirates
Abu Dhabi,AE,2006-07-12,12:00:00,1152680400,32.7,27.8,37.1,16.8,280.0,0.0,0.0,United Arab Emirates
Abu Dhabi,AE,2006-07-13,12:00:00,1152766800,32.0,28.1,36.4,16.9,290.0,0.0,0.0,United Arab Emirates
Abu Dhabi,AE,2006-07-14,12:00:00,1152853200,32.4,26.9,38.1,19.5,313.0,0.0,0.0,United Arab Emirates
Abu Dhabi,AE,2006-07-15,12:00:00,1152939600,33.0,27.5,38.8,23.0,275.0,0.0,0.0,United Arab Emirates
Abu Dhabi,AE,2006-07-16,12:00:00,1153026000,34.2,30.4,38.0,29.4,277.0,0.0,0.0,United Arab Emirates
Abu Dhabi,AE,2006-07-17,12:00:00,1153112400,35.3,32.2,39.2,36.2,303.0,0.0,0.0,United Arab Emirates
Abu Dhabi,AE,2006-07-18,12:00:00,1153198800,33.9,28.4,39.9,24.6,322.0,0.0,0.0,United Arab Emirates
Abu Dhabi,AE,2006-07-19,12:00:00,1153285200,35.6,31.2,41.5,24.5,10.0,0.0,0.0,United Arab Emirates
Abu Dhabi,AE,2006-07-20,12:00:00,1153371600,36.0,31.0,40.9,22.3,77.0,0.0,0.0,United Arab Emirates
Abu Dhabi,AE,2006-07-21,12:00:00,1153458000,37.4,32.3,42.6,18.3,89.0,0.0,0.0,United Arab Emirates
Abu Dhabi,AE,2006-07-22,12:00:00,1153544400,37.0,31.5,42.6,22.4,66.0,0.0,0.0,United Arab Emirates
Abu Dhabi,AE,2006-07-23,12:00:00,1153630800,36.5,31.4,42.0,23.0,356.0,0.0,0.0,United Arab Emirates
Abu Dhabi,AE,2006-07-24,12:00:00,1153717200,35.7,29.2,42.4,19.9,6.0,0.0,0.0,United Arab Emirates
Abu Dhabi,AE,2006-07-25,12:00:00,1153803600,35.8,30.8,41.4,26.3,316.0,0.0,0.0,United Arab Emirates
Abu Dhabi,AE,2006-07-26,12:00:00,1153890000,34.5,28.8,39.2,21.4,337.0,0.0,0.0,United Arab Emirates
Abu Dhabi,AE,2006-07-27,12:00:00,1153976400,33.6,27.9,39.6,17.8,316.0,0.0,0.0,United Arab Emirates
Abu Dhabi,AE,2006-07-28,12:00:00,1154062800,34.1,30.6,37.9,18.4,321.0,0.0,0.0,United Arab Emirates
Abu Dhabi,AE,2006-07-29,12:00:00,1154149200,35.1,31.3,40.6,24.9,311.0,0.0,0.0,United Arab Emirates
Abu Dhabi,AE,2006-07-30,12:00:00,1154235600,34.0,27.8,39.3,22.6,288.0,0.0,0.0,United Arab Emirates
Abu Dhabi,AE,2006-07-31,12:00:00,1154322000,32.9,27.4,37.9,22.8,357.0,0.0,0.0,United Arab Emirates
Abu Dhabi,AE,2006-08-01,12:00:00,1154408400,35.7,30.7,40.9,20.9,111.0,0.0,0.0,United Arab Emirates
Abu Dhabi,AE,2006-08-02,12:00:00,1154494800,35.1,31.7,39.1,26.2,251.0,0.0,0.0,United Arab Emirates
Abu Dhabi,AE,2006-08-03,12:00:00,1154581200,34.6,30.3,39.0,17.3,266.0,0.0,0.0,United Arab Emirates
Abu Dhabi,AE,2006-08-04,12:00:00,1154667600,34.2,30.0,39.1,17.4,277.0,0.0,0.0,United Arab Emirates
Abu Dhabi,AE,2006-08-05,12:00:00,1154754000,36.4,31.9,41.3,29.4,43.0,0.0,0.0,United Arab Emirates
Abu Dhabi,AE,2006-08-06,12:00:00,1154840400,36.7,33.2,41.1,26.2,133.0,0.0,0.0,United Arab Emirates
Abu Dhabi,AE,2006-08-07,12:00:00,1154926800,36.1,32.9,40.1,27.5,252.0,0.0,0.0,United Arab Emirates
Abu Dhabi,AE,2006-08-08,12:00:00,1155013200,37.1,33.7,40.7,26.2,211.0,0.0,0.0,United Arab Emirates
Abu Dhabi,AE,2006-08-09,12:00:00,1155099600,37.0,33.3,41.2,23.5,221.0,0.0,0.0,United Arab Emirates
Abu Dhabi,AE,2006-08-10,12:00:00,1155186000,35.0,29.3,40.8,19.0,346.0,0.0,0.0,United Arab Emirates
Abu Dhabi,AE,2006-08-11,12:00:00,1155272400,34.0,28.9,38.9,22.1,356.0,0.0,0.0,United Arab Emirates
Abu Dhabi,AE,2006-08-12,12:00:00,1155358800,35.2,30.7,40.9,25.3,350.0,0.0,0.0,United Arab Emirates
Abu Dhabi,AE,2006-08-13,12:00:00,1155445200,35.0,30.3,40.7,27.5,348.0,0.3,0.0,United Arab Emirates
Abu Dhabi,AE,2006-08-14,12:00:00,1155531600,35.0,28.8,41.4,24.7,358.0,0.0,0.0,United Arab Emirates
Abu Dhabi,AE,2006-08-15,12:00:00,1155618000,36.7,30.3,43.6,19.5,32.0,0.0,0.0,United Arab Emirates
Abu Dhabi,AE,2006-08-16,12:00:00,1155704400,37.9,32.7,43.2,18.4,78.0,0.0,0.0,United Arab Emirates
Abu Dhabi,AE,2006-08-17,12:00:00,1155790800,37.9,31.4,43.0,21.7,51.0,0.5,0.0,United Arab Emirates
Abu Dhabi,AE,2006-08-18,12:00:00,1155877200,38.0,33.0,43.7,24.1,76.0,0.0,0.0,United Arab Emirates
Abu Dhabi,AE,2006-08-19,12:00:00,1155963600,37.2,32.4,42.8,20.7,103.0,0.0,0.0,United Arab Emirates
Abu Dhabi,AE,2006-08-20,12:00:00,1156050000,35.8,30.7,41.6,26.1,42.0,0.0,0.0,United Arab Emirates
Abu Dhabi,AE,2006-08-21,12:00:00,1156136400,34.7,29.4,40.8,25.7,14.0,0.0,0.0,United Arab Emirates
Abu Dhabi,AE,2006-08-22,12:00:00,1156222800,34.9,29.1,42.2,26.9,21.0,0.0,0.0,United Arab Emirates
Abu Dhabi,AE,2006-08-23,12:00:00,1156309200,35.3,28.1,42.4,25.5,64.0,0.0,0.0,United Arab Emirates
Abu Dhabi,AE,2006-08-24,12:00:00,1156395600,36.1,29.5,43.0,27.5,121.0,0.0,0.0,United Arab Emirates
Abu Dhabi,AE,2006-08-25,12:00:00,1156482000,36.6,31.2,42.6,25.9,113.0,0.0,0.0,United Arab Emirates
Abu Dhabi,AE,2006-08-26,12:00:00,1156568400,36.4,32.5,41.0,29.7,164.0,0.0,0.0,United Arab Emirates
Abu Dhabi,AE,2006-08-27,12:00:00,1156654800,36.1,31.7,41.0,24.9,192.0,0.0,0.0,United Arab Emirates
Abu Dhabi,AE,2006-08-28,12:00:00,1156741200,34.9,29.6,41.7,23.5,240.0,0.0,0.0,United Arab Emirates
Abu Dhabi,AE,2006-08-29,12:00:00,1156827600,34.7,27.9,42.3,24.5,137.0,0.0,0.0,United Arab Emirates
Abu Dhabi,AE,2006-08-30,12:00:00,1156914000,35.6,30.3,41.8,20.6,178.0,0.0,0.0,United Arab Emirates
Abu Dhabi,AE,2006-08-31,12:00:00,1157000400,34.4,29.5,40.3,22.4,301.0,0.0,0.0,United Arab Emirates
Abu Dhabi,AE,2006-09-01,12:00:00,1157086800,33.6,27.9,40.2,24.0,17.0,0.0,0.0,United Arab Emirates
Abu Dhabi,AE,2006-09-02,12:00:00,1157173200,35.6,30.3,41.7,22.1,95.0,0.0,0.0,United Arab Emirates
Abu Dhabi,AE,2006-09-03,12:00:00,1157259600,36.4,32.5,41.3,21.3,158.0,0.0,0.0,United Arab Emirates
Abu Dhabi,AE,2006-09-04,12:00:00,1157346000,35.1,30.0,40.0,22.7,175.0,0.0,0.0,United Arab Emirates
Abu Dhabi,AE,2006-09-05,12:00:00,1157432400,34.9,30.6,39.2,24.2,146.0,0.0,0.0,United Arab Emirates
Abu Dhabi,AE,2006-09-06,12:00:00,1157518800,33.9,29.5,38.3,22.5,104.0,0.0,0.0,United Arab Emirates
Abu Dhabi,AE,2006-09-07,12:00:00,1157605200,33.3,28.5,38.0,25.3,338.0,0.0,0.0,United Arab Emirates
Abu Dhabi,AE,2006-09-08,12:00:00,1157691600,32.9,28.4,38.0,25.4,325.0,0.0,0.0,United Arab Emirates
Abu Dhabi,AE,2006-09-09,12:00:00,1157778000,32.7,27.6,38.4,25.1,320.0,0.0,0.0,United Arab Emirates
Abu Dhabi,AE,2006-09-10,12:00:00,1157864400,32.3,26.9,38.5,24.8,347.0,0.0,0.0,United Arab Emirates
Abu Dhabi,AE,2006-09-11,12:00:00,1157950800,31.9,26.3,37.1,20.4,344.0,0.0,0.0,United Arab Emirates
Abu Dhabi,AE,2006-09-12,12:00:00,1158037200,32.0,27.1,36.7,19.3,338.0,0.0,0.0,United Arab Emirates
Abu Dhabi,AE,2006-09-13,12:00:00,1158123600,33.3,27.7,39.9,25.5,359.0,0.0,0.0,United Arab Emirates
Abu Dhabi,AE,2006-09-14,12:00:00,1158210000,34.2,29.5,40.5,25.4,7.0,0.0,0.0,United Arab Emirates
Abu Dhabi,AE,2006-09-15,12:00:00,1158296400,33.7,28.8,38.8,22.0,5.0,0.0,0.0,United Arab Emirates
Abu Dhabi,AE,2006-09-16,12:00:00,1158382800,34.6,29.9,40.3,31.2,171.0,0.0,0.0,United Arab Emirates
Abu Dhabi,AE,2006-09-17,12:00:00,1158469200,33.8,29.9,38.9,30.6,195.0,0.0,0.0,United Arab Emirates
Abu Dhabi,AE,2006-09-18,12:00:00,1158555600,32.7,28.6,36.5,23.1,298.0,0.0,0.0,United Arab Emirates
Abu Dhabi,AE,2006-09-19,12:00:00,1158642000,32.7,28.2,36.7,23.0,303.0,0.0,0.0,United Arab Emirates
Abu Dhabi,AE,2006-09-20,12:00:00,1158728400,32.4,28.2,36.4,20.8,329.0,0.0,0.0,United Arab Emirates
Abu Dhabi,AE,2006-09-21,12:00:00,1158814800,33.5,30.3,37.2,20.8,338.0,0.0,0.0,United Arab Emirates
Abu Dhabi,AE,2006-09-22,12:00:00,1158901200,33.1,29.3,37.2,24.2,337.0,0.0,0.0,United Arab Emirates
Abu Dhabi,AE,2006-09-23,12:00:00,1158987600,32.8,28.3,37.0,22.8,341.0,0.0,0.0,United Arab Emirates
Abu Dhabi,AE,2006-09-24,12:00:00,1159074000,32.8,27.8,37.8,23.5,335.0,0.0,0.0,United Arab Emirates
Abu Dhabi,AE,2006-09-25,12:00:00,1159160400,32.1,27.9,37.4,19.7,338.0,0.0,0.0,United Arab Emirates
Abu Dhabi,AE,2006-09-26,12:00:00,1159246800,31.6,26.1,37.7,19.0,332.0,0.0,0.0,United Arab Emirates
Abu Dhabi,AE,2006-09-27,12:00:00,1159333200,30.4,23.6,36.4,19.1,355.0,0.0,0.0,United Arab Emirates
Abu Dhabi,AE,2006-09-28,12:00:00,1159419600,30.6,24.6,35.9,22.4,355.0,0.0,0.0,United Arab Emirates
Abu Dhabi,AE,2006-09-29,12:00:00,1159506000,31.1,26.6,36.2,21.4,326.0,0.0,0.0,United Arab Emirates
Abu Dhabi,AE,2006-09-30,12:00:00,1159592400,30.9,27.2,35.1,21.1,305.0,0.0,0.0,United Arab Emirates
Abu Dhabi,AE,2006-10-01,12:00:00,1159678800,30.1,25.1,34.5,18.9,352.0,0.0,0.0,United Arab Emirates
Abu Dhabi,AE,2006-10-02,12:00:00,1159765200,31.2,26.4,35.9,23.1,355.0,0.0,0.0,United Arab Emirates
Abu Dhabi,AE,2006-10-03,12:00:00,1159851600,32.8,29.2,37.0,24.6,347.0,0.0,0.0,United Arab Emirates
Abu Dhabi,AE,2006-10-04,12:00:00,1159938000,32.6,28.5,37.3,23.2,322.0,0.0,0.0,United Arab Emirates
Abu Dhabi,AE,2006-10-05,12:00:00,1160024400,32.9,27.2,37.9,25.5,310.0,0.0,0.0,United Arab Emirates
Abu Dhabi,AE,2006-10-06,12:00:00,1160110800,32.1,29.4,35.5,26.6,294.0,0.0,0.0,United Arab Emirates
Abu Dhabi,AE,2006-10-07,12:00:00,1160197200,31.6,28.7,34.8,26.6,295.0,0.0,0.0,United Arab Emirates
Abu Dhabi,AE,2006-10-08,12:00:00,1160283600,31.2,27.9,34.7,22.7,301.0,0.0,0.0,United Arab Emirates
Abu Dhabi,AE,2006-10-09,12:00:00,1160370000,30.6,26.8,34.8,23.9,304.0,0.0,0.0,United Arab Emirates
Abu Dhabi,AE,2006-10-10,12:00:00,1160456400,30.5,23.9,36.0,18.4,57.0,0.0,0.0,United Arab Emirates
Abu Dhabi,AE,2006-10-11,12:00:00,1160542800,31.1,26.8,36.1,31.6,134.0,0.0,0.0,United Arab Emirates
Abu Dhabi,AE,2006-10-12,12:00:00,1160629200,30.3,25.3,35.0,21.2,330.0,0.0,0.0,United Arab Emirates
Abu Dhabi,AE,2006-10-13,12:00:00,1160715600,30.5,26.7,35.1,20.6,311.0,0.0,0.0,United Arab Emirates
Abu Dhabi,AE,2006-10-14,12:00:00,1160802000,30.4,25.8,35.3,18.5,326.0,0.0,0.0,United Arab Emirates
Abu Dhabi,AE,2006-10-15,12:00:00,1160888400,31.0,24.4,37.4,23.4,26.0,0.0,0.0,United Arab Emirates
Abu Dhabi,AE,2006-10-16,12:00:00,1160974800,31.9,26.5,37.6,23.8,108.0,0.0,0.0,United Arab Emirates
Abu Dhabi,AE,2006-10-17,12:00:00,1161061200,30.5,25.3,35.6,23.2,307.0,0.0,0.0,United Arab Emirates
Abu Dhabi,AE,2006-10-18,12:00:00,1161147600,30.4,25.7,35.6,22.4,345.0,0.0,0.0,United Arab Emirates
Abu Dhabi,AE,2006-10-19,12:00:00,1161234000,30.9,26.1,36.3,24.0,322.0,0.0,0.0,United Arab Emirates
Abu Dhabi,AE,2006-10-20,12:00:00,1161320400,30.6,26.0,35.1,24.2,308.0,0.0,0.0,United Arab Emirates
Abu Dhabi,AE,2006-10-21,12:00:00,1161406800,29.3,22.7,34.0,22.2,303.0,0.0,0.0,United Arab Emirates
Abu Dhabi,AE,2006-10-22,12:00:00,1161493200,29.5,26.3,34.1,19.8,314.0,0.0,0.0,United Arab Emirates
Abu Dhabi,AE,2006-10-23,12:00:00,1161579600,28.2,22.1,34.6,19.6,12.0,0.0,0.0,United Arab Emirates
Abu Dhabi,AE,2006-10-24,12:00:00,1161666000,29.3,22.6,35.8,17.2,48.0,0.0,0.0,United Arab Emirates
Abu Dhabi,AE,2006-10-25,12:00:00,1161752400,29.2,22.8,35.4,21.5,25.0,0.0,0.0,United Arab Emirates
Abu Dhabi,AE,2006-10-26,12:00:00,1161838800,29.6,23.4,35.3,18.2,46.0,0.0,0.0,United Arab Emirates
Abu Dhabi,AE,2006-10-27,12:00:00,1161925200,29.2,24.4,34.5,17.8,14.0,0.0,0.0,United Arab Emirates
Abu Dhabi,AE,2006-10-28,12:00:00,1162011600,29.0,23.0,34.3,18.0,30.0,0.0,0.0,United Arab Emirates
Abu Dhabi,AE,2006-10-29,12:00:00,1162098000,29.5,23.2,34.5,20.1,62.0,0.0,0.0,United Arab Emirates
Abu Dhabi,AE,2006-10-30,12:00:00,1162184400,29.4,24.0,34.4,18.2,69.0,0.0,0.0,United Arab Emirates
Abu Dhabi,AE,2006-10-31,12:00:00,1162270800,29.2,24.7,34.0,22.4,351.0,0.0,0.0,United Arab Emirates
Abu Dhabi,AE,2006-11-01,12:00:00,1162357200,30.1,26.6,33.7,18.7,327.0,0.0,0.0,United Arab Emirates
Abu Dhabi,AE,2006-11-02,12:00:00,1162443600,29.1,25.0,33.6,16.6,294.0,0.0,0.0,United Arab Emirates
Abu Dhabi,AE,2006-11-03,12:00:00,1162530000,28.6,23.1,34.7,15.9,85.0,0.0,0.0,United Arab Emirates
Abu Dhabi,AE,2006-11-04,12:00:00,1162616400,28.9,22.8,34.5,21.6,212.0,0.0,0.0,United Arab Emirates
Abu Dhabi,AE,2006-11-05,12:00:00,1162702800,28.5,22.3,34.1,20.0,267.0,0.0,0.0,United Arab Emirates
Abu Dhabi,AE,2006-11-06,12:00:00,1162789200,29.0,23.7,33.1,24.3,294.0,0.0,0.0,United Arab Emirates
Abu Dhabi,AE,2006-11-07,12:00:00,1162875600,28.5,23.3,32.9,19.2,325.0,0.0,0.0,United Arab Emirates
Abu Dhabi,AE,2006-11-08,12:00:00,1162962000,27.5,23.4,32.1,18.3,276.0,0.0,0.0,United Arab Emirates
Abu Dhabi,AE,2006-11-09,12:00:00,1163048400,28.3,26.0,31.6,24.1,300.0,0.0,0.0,United Arab Emirates
Abu Dhabi,AE,2006-11-10,12:00:00,1163134800,27.5,24.0,30.7,21.7,319.0,0.0,0.0,United Arab Emirates
Abu Dhabi,AE,2006-11-11,12:00:00,1163221200,27.1,23.9,30.8,20.0,334.0,0.0,0.0,United Arab Emirates
Abu Dhabi,AE,2006-11-12,12:00:00,1163307600,26.3,20.7,30.8,18.2,340.0,0.0,0.0,United Arab Emirates
Abu Dhabi,AE,2006-11-13,12:00:00,1163394000,25.9,20.2,31.4,14.5,321.0,0.0,0.0,United Arab Emirates
Abu Dhabi,AE,2006-11-14,12:00:00,1163480400,26.6,20.5,32.0,14.8,329.0,0.0,0.0,United Arab Emirates
Abu Dhabi,AE,2006-11-15,12:00:00,1163566800,27.0,21.1,32.3,16.2,284.0,0.0,0.0,United Arab Emirates
Abu Dhabi,AE,2006-11-16,12:00:00,1163653200,26.6,21.1,31.9,19.9,231.0,0.0,0.0,United Arab Emirates
Abu Dhabi,AE,2006-11-17,12:00:00,1163739600,26.0,22.6,29.3,26.6,339.0,0.3,0.0,United Arab Emirates
Abu Dhabi,AE,2006-11-18,12:00:00,1163826000,25.6,24.1,27.7,25.8,329.0,0.0,0.0,United Arab Emirates
Abu Dhabi,AE,2006-11-19,12:00:00,1163912400,24.7,21.0,27.9,23.8,322.0,0.0,0.0,United Arab Emirates
Abu Dhabi,AE,2006-11-20,12:00:00,1163998800,24.9,22.4,27.9,24.8,336.0,0.2,0.0,United Arab Emirates
Abu Dhabi,AE,2006-11-21,12:00:00,1164085200,24.5,22.4,27.4,28.2,326.0,0.0,0.0,United Arab Emirates
Abu Dhabi,AE,2006-11-22,12:00:00,1164171600,23.7,19.6,27.2,16.8,337.0,0.0,0.0,United Arab Emirates
Abu Dhabi,AE,2006-11-23,12:00:00,1164258000,23.7,18.7,28.1,20.9,18.0,0.0,0.0,United Arab Emirates
Abu Dhabi,AE,2006-11-24,12:00:00,1164344400,23.6,18.2,27.7,21.6,352.0,0.0,0.0,United Arab Emirates
Abu Dhabi,AE,2006-11-25,12:00:00,1164430800,24.8,20.2,28.4,18.9,357.0,0.0,0.0,United Arab Emirates
Abu Dhabi,AE,2006-11-26,12:00:00,1164517200,23.4,20.2,28.0,28.3,22.0,1.1,0.0,United Arab Emirates
Abu Dhabi,AE,2006-11-27,12:00:00,1164603600,22.7,20.0,25.6,13.7,12.0,0.2,0.0,United Arab Emirates
Abu Dhabi,AE,2006-11-28,12:00:00,1164690000,23.2,20.9,26.0,22.7,314.0,0.0,0.0,United Arab Emirates
Abu Dhabi,AE,2006-11-29,12:00:00,1164776400,23.1,21.3,25.5,21.2,307.0,0.3,0.0,United Arab Emirates
Abu Dhabi,AE,2006-11-30,12:00:00,1164862800,22.8,19.6,26.2,20.2,315.0,0.0,0.0,United Arab Emirates
Abu Dhabi,AE,2006-12-01,12:00:00,1164949200,23.2,18.5,28.8,30.9,59.0,0.0,0.0,United Arab Emirates
Abu Dhabi,AE,2006-12-02,12:00:00,1165035600,20.8,18.9,22.7,29.0,24.0,17.3,0.0,United Arab Emirates
Abu Dhabi,AE,2006-12-03,12:00:00,1165122000,19.9,18.2,22.2,31.4,293.0,0.0,0.0,United Arab Emirates
Abu Dhabi,AE,2006-12-04,12:00:00,1165208400,19.1,16.3,22.1,29.3,342.0,0.1,0.0,United Arab Emirates
Abu Dhabi,AE,2006-12-05,12:00:00,1165294800,17.4,13.8,21.5,16.6,90.0,0.0,0.0,United Arab Emirates
Abu Dhabi,AE,2006-12-06,12:00:00,1165381200,17.9,13.4,22.8,15.2,119.0,0.0,0.0,United Arab Emirates
Abu Dhabi,AE,2006-12-07,12:00:00,1165467600,19.8,15.5,24.5,19.0,112.0,0.0,0.0,United Arab Emirates
Abu Dhabi,AE,2006-12-08,12:00:00,1165554000,20.9,18.0,24.2,16.3,91.0,0.8,0.0,United Arab Emirates
Abu Dhabi,AE,2006-12-09,12:00:00,1165640400,20.8,19.2,23.2,25.8,345.0,2.1,0.0,United Arab Emirates
Abu Dhabi,AE,2006-12-10,12:00:00,1165726800,20.2,16.6,23.3,16.4,355.0,0.0,0.0,United Arab Emirates
Abu Dhabi,AE,2006-12-11,12:00:00,1165813200,19.5,14.9,23.5,16.1,345.0,0.2,0.0,United Arab Emirates
Abu Dhabi,AE,2006-12-12,12:00:00,1165899600,19.7,18.6,20.8,27.2,285.0,4.3,0.0,United Arab Emirates
Abu Dhabi,AE,2006-12-13,12:00:00,1165986000,18.9,17.0,21.1,14.6,320.0,0.0,0.0,United Arab Emirates
Abu Dhabi,AE,2006-12-14,12:00:00,1166072400,18.7,17.6,20.1,15.4,340.0,3.8,0.0,United Arab Emirates
Abu Dhabi,AE,2006-12-15,12:00:00,1166158800,19.0,16.4,21.4,19.2,338.0,0.0,0.0,United Arab Emirates
Abu Dhabi,AE,2006-12-16,12:00:00,1166245200,18.3,14.9,21.2,14.5,46.0,0.0,0.0,United Arab Emirates
Abu Dhabi,AE,2006-12-17,12:00:00,1166331600,20.7,17.8,24.4,21.1,91.0,0.0,0.0,United Arab Emirates
Abu Dhabi,AE,2006-12-18,12:00:00,1166418000,19.4,17.2,21.4,30.8,311.0,0.0,0.0,United Arab Emirates
Abu Dhabi,AE,2006-12-19,12:00:00,1166504400,18.0,15.8,20.2,30.8,296.0,0.0,0.0,United Arab Emirates
Abu Dhabi,AE,2006-12-20,12:00:00,1166590800,18.8,16.8,21.5,21.0,321.0,0.0,0.0,United Arab Emirates
Abu Dhabi,AE,2006-12-21,12:00:00,1166677200,17.9,12.1,22.1,14.4,356.0,0.0,0.0,United Arab Emirates
Abu Dhabi,AE,2006-12-22,12:00:00,1166763600,18.9,16.8,21.3,15.9,313.0,0.1,0.0,United Arab Emirates
Abu Dhabi,AE,2006-12-23,12:00:00,1166850000,18.5,15.9,21.3,17.8,299.0,0.0,0.0,United Arab Emirates
Abu Dhabi,AE,2006-12-24,12:00:00,1166936400,17.5,13.3,21.2,15.0,252.0,0.0,0.0,United Arab Emirates
Abu Dhabi,AE,2006-12-25,12:00:00,1167022800,18.0,14.1,21.1,25.0,307.0,0.0,0.0,United Arab Emirates
Abu Dhabi,AE,2006-12-26,12:00:00,1167109200,17.9,15.4,20.8,22.2,311.0,0.0,0.0,United Arab Emirates
Abu Dhabi,AE,2006-12-27,12:00:00,1167195600,18.0,14.1,21.7,11.1,337.0,0.0,0.0,United Arab Emirates
Abu Dhabi,AE,2006-12-28,12:00:00,1167282000,18.8,12.9,24.4,17.0,113.0,0.0,0.0,United Arab Emirates
Abu Dhabi,AE,2006-12-29,12:00:00,1167368400,18.4,16.7,21.3,30.3,315.0,0.0,0.0,United Arab Emirates
Abu Dhabi,AE,2006-12-30,12:00:00,1167454800,17.4,16.3,19.0,33.6,306.0,0.0,0.0,United Arab Emirates
Abu Dhabi,AE,2006-12-31,12:00:00,1167541200,16.9,15.5,18.7,30.0,300.0,0.0,0.0,United Arab Emirates
Abu Dhabi,AE,2007-01-01,12:00:00,1167627600,17.0,16.0,18.4,21.0,303.0,0.0,0.0,United Arab Emirates
Abu Dhabi,AE,2007-01-02,12:00:00,1167714000,17.6,16.4,19.6,30.1,310.0,0.0,0.0,United Arab Emirates
Abu Dhabi,AE,2007-01-03,12:00:00,1167800400,17.6,16.2,19.9,32.6,309.0,0.0,0.0,United Arab Emirates
Abu Dhabi,AE,2007-01-04,12:00:00,1167886800,17.7,14.0,21.4,20.5,8.0,0.0,0.0,United Arab Emirates
Abu Dhabi,AE,2007-01-05,12:00:00,1167973200,17.1,11.1,22.0,19.1,45.0,0.0,0.0,United Arab Emirates
Abu Dhabi,AE,2007-01-06,12:00:00,1168059600,15.8,9.3,21.3,14.7,328.0,0.0,0.0,United Arab Emirates
Abu Dhabi,AE,2007-01-07,12:00:00,1168146000,17.1,11.6,20.5,13.9,291.0,0.0,0.0,United Arab Emirates
Abu Dhabi,AE,2007-01-08,12:00:00,1168232400,18.0,14.5,21.7,23.4,318.0,0.0,0.0,United Arab Emirates
Abu Dhabi,AE,2007-01-09,12:00:00,1168318800,18.4,16.7,20.8,26.4,313.0,0.0,0.0,United Arab Emirates
Abu Dhabi,AE,2007-01-10,12:00:00,1168405200,17.8,16.3,20.2,23.9,304.0,0.0,0.0,United Arab Emirates
Abu Dhabi,AE,2007-01-11,12:00:00,1168491600,17.6,15.5,20.3,18.1,316.0,0.0,0.0,United Arab Emirates
Abu Dhabi,AE,2007-01-12,12:00:00,1168578000,18.1,11.5,24.4,16.1,42.0,0.0,0.0,United Arab Emirates
Abu Dhabi,AE,2007-01-13,12:00:00,1168664400,18.2,11.9,24.5,16.7,155.0,0.0,0.0,United Arab Emirates
Abu Dhabi,AE,2007-01-14,12:00:00,1168750800,18.3,12.4,23.5,21.9,328.0,0.0,0.0,United Arab Emirates
Abu Dhabi,AE,2007-01-15,12:00:00,1168837200,19.2,17.6,21.5,28.5,305.0,0.0,0.0,United Arab Emirates
Abu Dhabi,AE,2007-01-16,12:00:00,1168923600,18.5,14.9,22.1,16.6,303.0,0.0,0.0,United Arab Emirates
Abu Dhabi,AE,2007-01-17,12:00:00,1169010000,18.1,17.0,19.3,26.3,305.0,0.0,0.0,United Arab Emirates
Abu Dhabi,AE,2007-01-18,12:00:00,1169096400,17.4,15.6,19.9,23.2,316.0,0.0,0.0,United Arab Emirates
Abu Dhabi,AE,2007-01-19,12:00:00,1169182800,17.6,14.2,20.7,19.5,352.0,0.1,0.0,United Arab Emirates
Abu Dhabi,AE,2007-01-20,12:00:00,1169269200,18.2,16.0,20.9,17.9,332.0,0.3,0.0,United Arab Emirates
Abu Dhabi,AE,2007-01-21,12:00:00,1169355600,18.5,13.9,23.0,15.0,40.0,0.0,0.0,United Arab Emirates
Abu Dhabi,AE,2007-01-22,12:00:00,1169442000,19.8,14.3,25.6,23.6,133.0,0.2,0.0,United Arab Emirates
Abu Dhabi,AE,2007-01-23,12:00:00,1169528400,19.1,17.2,20.8,31.6,316.0,0.0,0.0,United Arab Emirates
Abu Dhabi,AE,2007-01-24,12:00:00,1169614800,19.2,15.9,23.1,26.2,3.0,0.0,0.0,United Arab Emirates
Abu Dhabi,AE,2007-01-25,12:00:00,1169701200,19.7,15.5,24.7,27.8,38.0,0.0,0.0,United Arab Emirates
Abu Dhabi,AE,2007-01-26,12:00:00,1169787600,18.7,14.0,23.3,23.8,15.0,0.0,0.0,United Arab Emirates
Abu Dhabi,AE,2007-01-27,12:00:00,1169874000,18.5,15.0,22.5,21.4,323.0,0.0,0.0,United Arab Emirates
Abu Dhabi,AE,2007-01-28,12:00:00,1169960400,18.2,14.7,21.9,17.8,310.0,0.0,0.0,United Arab Emirates
Abu Dhabi,AE,2007-01-29,12:00:00,1170046800,17.4,12.9,21.9,13.4,360.0,0.0,0.0,United Arab Emirates
Abu Dhabi,AE,2007-01-30,12:00:00,1170133200,19.0,12.5,25.0,14.0,59.0,0.0,0.0,United Arab Emirates
Abu Dhabi,AE,2007-01-31,12:00:00,1170219600,20.4,13.7,26.4,24.6,104.0,0.0,0.0,United Arab Emirates
Abu Dhabi,AE,2007-02-01,12:00:00,1170306000,20.9,15.6,26.2,28.2,62.0,0.0,0.0,United Arab Emirates
Abu Dhabi,AE,2007-02-02,12:00:00,1170392400,21.9,19.6,25.9,24.7,41.0,3.3,0.0,United Arab Emirates
Abu Dhabi,AE,2007-02-03,12:00:00,1170478800,20.8,18.2,24.0,18.3,40.0,1.4,0.0,United Arab Emirates
Abu Dhabi,AE,2007-02-04,12:00:00,1170565200,24.1,19.1,31.1,42.1,136.0,0.1,0.0,United Arab Emirates
Abu Dhabi,AE,2007-02-05,12:00:00,1170651600,21.7,18.9,24.7,28.8,341.0,0.0,0.0,United Arab Emirates
Abu Dhabi,AE,2007-02-06,12:00:00,1170738000,20.0,15.7,24.6,19.0,341.0,0.0,0.0,United Arab Emirates
Abu Dhabi,AE,2007-02-07,12:00:00,1170824400,21.0,16.3,26.1,24.8,25.0,0.0,0.0,United Arab Emirates
Abu Dhabi,AE,2007-02-08,12:00:00,1170910800,20.9,18.6,23.7,29.4,347.0,0.0,0.0,United Arab Emirates
Abu Dhabi,AE,2007-02-09,12:00:00,1170997200,18.5,16.4,20.9,32.4,303.0,0.0,0.0,United Arab Emirates
Abu Dhabi,AE,2007-02-10,12:00:00,1171083600,18.8,15.6,22.0,17.5,309.0,0.0,0.0,United Arab Emirates
Abu Dhabi,AE,2007-02-11,12:00:00,1171170000,18.1,14.0,22.3,17.7,292.0,0.0,0.0,United Arab Emirates
Abu Dhabi,AE,2007-02-12,12:00:00,1171256400,19.6,16.6,23.3,24.5,298.0,0.0,0.0,United Arab Emirates
Abu Dhabi,AE,2007-02-13,12:00:00,1171342800,19.3,14.7,23.9,16.3,324.0,0.0,0.0,United Arab Emirates
Abu Dhabi,AE,2007-02-14,12:00:00,1171429200,20.3,17.9,24.2,22.2,347.0,0.6,0.0,United Arab Emirates
Abu Dhabi,AE,2007-02-15,12:00:00,1171515600,19.5,17.2,22.1,22.4,305.0,0.0,0.0,United Arab Emirates
Abu Dhabi,AE,2007-02-16,12:00:00,1171602000,19.1,15.6,23.5,22.0,295.0,0.0,0.0,United Arab Emirates
Abu Dhabi,AE,2007-02-17,12:00:00,1171688400,18.2,12.1,23.9,23.3,290.0,0.0,0.0,United Arab Emirates
Abu Dhabi,AE,2007-02-18,12:00:00,1171774800,18.8,14.7,22.8,13.8,319.0,0.0,0.0,United Arab Emirates
Abu Dhabi,AE,2007-02-19,12:00:00,1171861200,23.1,16.0,31.1,32.3,160.0,0.0,0.0,United Arab Emirates
Abu Dhabi,AE,2007-02-20,12:00:00,1171947600,20.5,18.2,22.8,27.5,293.0,0.0,0.0,United Arab Emirates
Abu Dhabi,AE,2007-02-21,12:00:00,1172034000,19.3,16.7,22.6,26.7,302.0,0.0,0.0,United Arab Emirates
Abu Dhabi,AE,2007-02-22,12:00:00,1172120400,18.9,16.0,22.7,17.4,304.0,0.0,0.0,United Arab Emirates
Abu Dhabi,AE,2007-02-23,12:00:00,1172206800,19.4,12.7,24.2,11.0,305.0,0.0,0.0,United Arab Emirates
Abu Dhabi,AE,2007-02-24,12:00:00,1172293200,19.6,14.5,24.7,16.8,351.0,0.0,0.0,United Arab Emirates
Abu Dhabi,AE,2007-02-25,12:00:00,1172379600,18.9,14.0,23.6,10.5,355.0,0.0,0.0,United Arab Emirates
Abu Dhabi,AE,2007-02-26,12:00:00,1172466000,22.6,14.8,30.3,15.2,233.0,0.0,0.0,United Arab Emirates
Abu Dhabi,AE,2007-02-27,12:00:00,1172552400,22.2,19.6,26.0,33.7,314.0,0.0,0.0,United Arab Emirates
Abu Dhabi,AE,2007-02-28,12:00:00,1172638800,20.9,18.5,23.9,30.3,308.0,0.0,0.0,United Arab Emirates
Abu Dhabi,AE,2007-03-01,12:00:00,1172725200,20.3,14.9,25.8,13.3,353.0,0.0,0.0,United Arab Emirates
Abu Dhabi,AE,2007-03-02,12:00:00,1172811600,20.8,15.8,26.7,22.4,278.0,0.0,0.0,United Arab Emirates
Abu Dhabi,AE,2007-03-03,12:00:00,1172898000,19.6,17.2,22.6,27.1,309.0,0.0,0.0,United Arab Emirates
Abu Dhabi,AE,2007-03-04,12:00:00,1172984400,19.8,17.0,23.4,20.7,309.0,0.0,0.0,United Arab Emirates
Abu Dhabi,AE,2007-03-05,12:00:00,1173070800,19.7,15.7,24.2,15.6,329.0,0.0,0.0,United Arab Emirates
Abu Dhabi,AE,2007-03-06,12:00:00,1173157200,19.7,15.0,25.0,13.9,350.0,0.0,0.0,United Arab Emirates
Abu Dhabi,AE,2007-03-07,12:00:00,1173243600,21.1,14.0,27.9,16.8,322.0,0.0,0.0,United Arab Emirates
Abu Dhabi,AE,2007-03-08,12:00:00,1173330000,20.9,18.5,24.0,25.1,298.0,0.0,0.0,United Arab Emirates
Abu Dhabi,AE,2007-03-09,12:00:00,1173416400,21.1,16.7,26.1,15.9,335.0,0.0,0.0,United Arab Emirates
Abu Dhabi,AE,2007-03-10,12:00:00,1173502800,22.2,16.0,29.0,23.4,341.0,0.0,0.0,United Arab Emirates
Abu Dhabi,AE,2007-03-11,12:00:00,1173589200,22.5,19.9,25.5,41.3,302.0,0.0,0.0,United Arab Emirates
Abu Dhabi,AE,2007-03-12,12:00:00,1173675600,21.4,17.7,25.6,21.9,291.0,0.0,0.0,United Arab Emirates
Abu Dhabi,AE,2007-03-13,12:00:00,1173762000,22.7,13.6,30.4,13.8,137.0,0.0,0.0,United Arab Emirates
Abu Dhabi,AE,2007-03-14,12:00:00,1173848400,27.7,20.6,35.2,32.0,156.0,0.0,0.0,United Arab Emirates
Abu Dhabi,AE,2007-03-15,12:00:00,1173934800,30.0,23.8,36.2,44.3,162.0,0.0,0.0,United Arab Emirates
Abu Dhabi,AE,2007-03-16,12:00:00,1174021200,28.7,22.6,33.8,43.6,171.0,0.0,0.0,United Arab Emirates
Abu Dhabi,AE,2007-03-17,12:00:00,1174107600,22.1,20.1,24.8,29.4,312.0,0.1,0.0,United Arab Emirates
Abu Dhabi,AE,2007-03-18,12:00:00,1174194000,20.8,17.4,23.8,24.8,330.0,2.2,0.0,United Arab Emirates
Abu Dhabi,AE,2007-03-19,12:00:00,1174280400,21.1,18.8,23.8,30.5,315.0,0.0,0.0,United Arab Emirates
Abu Dhabi,AE,2007-03-20,12:00:00,1174366800,20.3,15.8,24.3,21.4,279.0,0.0,0.0,United Arab Emirates
Abu Dhabi,AE,2007-03-21,12:00:00,1174453200,21.1,12.1,28.5,16.2,111.0,0.0,0.0,United Arab Emirates
Abu Dhabi,AE,2007-03-22,12:00:00,1174539600,25.0,16.8,33.7,29.7,134.0,0.0,0.0,United Arab Emirates
Abu Dhabi,AE,2007-03-23,12:00:00,1174626000,25.7,20.8,31.2,29.4,160.0,3.3,0.0,United Arab Emirates
Abu Dhabi,AE,2007-03-24,12:00:00,1174712400,24.7,20.6,29.1,23.2,185.0,0.0,0.0,United Arab Emirates
Abu Dhabi,AE,2007-03-25,12:00:00,1174798800,24.0,18.4,30.0,18.2,343.0,0.0,0.0,United Arab Emirates
Abu Dhabi,AE,2007-03-26,12:00:00,1174885200,25.0,18.8,30.6,17.4,33.0,0.0,0.0,United Arab Emirates
Abu Dhabi,AE,2007-03-27,12:00:00,1174971600,28.7,22.8,34.3,19.5,153.0,0.0,0.0,United Arab Emirates
Abu Dhabi,AE,2007-03-28,12:00:00,1175058000,30.2,23.5,36.3,27.7,162.0,0.0,0.0,United Arab Emirates
Abu Dhabi,AE,2007-03-29,12:00:00,1175144400,25.6,22.0,29.1,32.1,305.0,0.0,0.0,United Arab Emirates
Abu Dhabi,AE,2007-03-30,12:00:00,1175230800,23.5,20.9,27.3,34.2,314.0,0.0,0.0,United Arab Emirates
Abu Dhabi,AE,2007-03-31,12:00:00,1175317200,23.9,20.8,27.8,31.9,323.0,0.0,0.0,United Arab Emirates
Abu Dhabi,AE,2007-04-01,12:00:00,1175403600,23.1,17.0,27.6,15.3,353.0,0.0,0.0,United Arab Emirates
Abu Dhabi,AE,2007-04-02,12:00:00,1175490000,27.6,18.8,35.8,34.2,94.0,0.0,0.0,United Arab Emirates
Abu Dhabi,AE,2007-04-03,12:00:00,1175576400,28.9,24.2,34.8,36.3,143.0,0.0,0.0,United Arab Emirates
Abu Dhabi,AE,2007-04-04,12:00:00,1175662800,29.3,24.0,35.1,29.4,80.0,0.0,0.0,United Arab Emirates
Abu Dhabi,AE,2007-04-05,12:00:00,1175749200,29.6,25.8,35.3,28.5,148.0,0.0,0.0,United Arab Emirates
Abu Dhabi,AE,2007-04-06,12:00:00,1175835600,27.3,23.8,31.1,28.0,339.0,0.0,0.0,United Arab Emirates
Abu Dhabi,AE,2007-04-07,12:00:00,1175922000,25.4,21.8,29.4,25.1,293.0,0.0,0.0,United Arab Emirates
Abu Dhabi,AE,2007-04-08,12:00:00,1176008400,25.3,20.3,30.6,22.9,289.0,0.0,0.0,United Arab Emirates
Abu Dhabi,AE,2007-04-09,12:00:00,1176094800,27.3,18.0,35.3,19.6,52.0,0.0,0.0,United Arab Emirates
Abu Dhabi,AE,2007-04-10,12:00:00,1176181200,28.2,23.3,33.6,25.9,22.0,0.0,0.0,United Arab Emirates
Abu Dhabi,AE,2007-04-11,12:00:00,1176267600,28.5,22.2,33.7,19.8,344.0,0.0,0.0,United Arab Emirates
Abu Dhabi,AE,2007-04-12,12:00:00,1176354000,29.5,23.5,34.5,17.1,22.0,0.0,0.0,United Arab Emirates
Abu Dhabi,AE,2007-04-13,12:00:00,1176440400,29.7,24.4,34.0,34.2,18.0,0.0,0.0,United Arab Emirates
Abu Dhabi,AE,2007-04-14,12:00:00,1176526800,32.9,25.7,38.2,16.1,159.0,0.0,0.0,United Arab Emirates
Abu Dhabi,AE,2007-04-15,12:00:00,1176613200,27.5,24.7,30.9,36.4,322.0,0.0,0.0,United Arab Emirates
Abu Dhabi,AE,2007-04-16,12:00:00,1176699600,25.1,22.3,28.3,28.3,306.0,0.0,0.0,United Arab Emirates
Abu Dhabi,AE,2007-04-17,12:00:00,1176786000,24.8,19.6,29.9,26.5,292.0,0.0,0.0,United Arab Emirates
Abu Dhabi,AE,2007-04-18,12:00:00,1176872400,26.8,21.3,32.4,25.8,298.0,0.0,0.0,United Arab Emirates
Abu Dhabi,AE,2007-04-19,12:00:00,1176958800,28.4,21.0,34.8,21.8,289.0,0.0,0.0,United Arab Emirates
Abu Dhabi,AE,2007-04-20,12:00:00,1177045200,28.9,22.5,33.7,20.5,340.0,0.0,0.0,United Arab Emirates
Abu Dhabi,AE,2007-04-21,12:00:00,1177131600,27.4,21.6,33.5,19.3,310.0,0.0,0.0,United Arab Emirates
Abu Dhabi,AE,2007-04-22,12:00:00,1177218000,28.1,22.5,34.2,21.1,312.0,0.0,0.0,United Arab Emirates
Abu Dhabi,AE,2007-04-23,12:00:00,1177304400,28.7,23.7,34.2,22.4,301.0,0.0,0.0,United Arab Emirates
Abu Dhabi,AE,2007-04-24,12:00:00,1177390800,29.3,23.7,35.1,18.1,334.0,0.0,0.0,United Arab Emirates
Abu Dhabi,AE,2007-04-25,12:00:00,1177477200,29.6,21.4,37.2,29.0,343.0,0.0,0.0,United Arab Emirates
Abu Dhabi,AE,2007-04-26,12:00:00,1177563600,30.0,22.8,37.7,29.0,343.0,0.0,0.0,United Arab Emirates
Abu Dhabi,AE,2007-04-27,12:00:00,1177650000,30.1,24.0,35.5,19.7,309.0,0.0,0.0,United Arab Emirates
Abu Dhabi,AE,2007-04-28,12:00:00,1177736400,30.9,25.4,37.9,27.0,330.0,0.0,0.0,United Arab Emirates
Abu Dhabi,AE,2007-04-29,12:00:00,1177822800,30.0,24.9,35.6,21.9,308.0,0.0,0.0,United Arab Emirates
Abu Dhabi,AE,2007-04-30,12:00:00,1177909200,29.7,23.6,36.2,16.4,306.0,0.0,0.0,United Arab Emirates
Abu Dhabi,AE,2007-05-01,12:00:00,1177995600,30.7,23.6,38.5,31.6,359.0,0.0,0.0,United Arab Emirates
Abu Dhabi,AE,2007-05-02,12:00:00,1178082000,30.8,23.5,35.8,28.0,322.0,0.0,0.0,United Arab Emirates
Abu Dhabi,AE,2007-05-03,12:00:00,1178168400,31.1,28.3,34.8,31.5,302.0,0.0,0.0,United Arab Emirates
Abu Dhabi,AE,2007-05-04,12:00:00,1178254800,30.0,24.4,35.5,27.9,283.0,0.0,0.0,United Arab Emirates
Abu Dhabi,AE,2007-05-05,12:00:00,1178341200,29.7,23.3,35.4,19.4,273.0,0.0,0.0,United Arab Emirates
Abu Dhabi,AE,2007-05-06,12:00:00,1178427600,30.5,24.8,37.7,22.9,313.0,0.0,0.0,United Arab Emirates
Abu Dhabi,AE,2007-05-07,12:00:00,1178514000,31.1,27.8,35.5,28.7,296.0,0.0,0.0,United Arab Emirates
Abu Dhabi,AE,2007-05-08,12:00:00,1178600400,29.5,24.9,34.3,17.9,284.0,0.0,0.0,United Arab Emirates
Abu Dhabi,AE,2007-05-09,12:00:00,1178686800,30.1,25.2,36.2,24.0,304.0,0.0,0.0,United Arab Emirates
Abu Dhabi,AE,2007-05-10,12:00:00,1178773200,30.1,23.1,35.8,20.4,307.0,0.0,0.0,United Arab Emirates
Abu Dhabi,AE,2007-05-11,12:00:00,1178859600,30.3,22.5,37.3,20.1,357.0,0.0,0.0,United Arab Emirates
Abu Dhabi,AE,2007-05-12,12:00:00,1178946000,31.7,23.0,38.8,21.7,18.0,0.0,0.0,United Arab Emirates
Abu Dhabi,AE,2007-05-13,12:00:00,1179032400,33.0,25.3,41.2,20.5,46.0,0.0,0.0,United Arab Emirates
Abu Dhabi,AE,2007-05-14,12:00:00,1179118800,33.1,25.8,40.3,29.3,185.0,0.0,0.0,United Arab Emirates
Abu Dhabi,AE,2007-05-15,12:00:00,1179205200,32.0,24.9,38.2,25.5,270.0,0.0,0.0,United Arab Emirates
Abu Dhabi,AE,2007-05-16,12:00:00,1179291600,33.1,27.9,39.6,39.5,314.0,0.0,0.0,United Arab Emirates
Abu Dhabi,AE,2007-05-17,12:00:00,1179378000,33.9,30.8,38.0,38.5,341.0,0.0,0.0,United Arab Emirates
Abu Dhabi,AE,2007-05-18,12:00:00,1179464400,32.3,27.3,37.0,20.5,320.0,0.0,0.0,United Arab Emirates
Abu Dhabi,AE,2007-05-19,12:00:00,1179550800,32.2,27.4,37.3,30.6,320.0,0.0,0.0,United Arab Emirates
Abu Dhabi,AE,2007-05-20,12:00:00,1179637200,31.5,26.0,37.4,26.3,317.0,0.0,0.0,United Arab Emirates
Abu Dhabi,AE,2007-05-21,12:00:00,1179723600,30.6,26.3,34.8,20.5,301.0,0.0,0.0,United Arab Emirates
Abu Dhabi,AE,2007-05-22,12:00:00,1179810000,29.9,24.8,35.3,20.9,323.0,0.0,0.0,United Arab Emirates
Abu Dhabi,AE,2007-05-23,12:00:00,1179896400,32.4,27.5,37.4,23.2,6.0,0.0,0.0,United Arab Emirates
Abu Dhabi,AE,2007-05-24,12:00:00,1179982800,33.7,29.4,38.6,20.5,11.0,0.0,0.0,United Arab Emirates
Abu Dhabi,AE,2007-05-25,12:00:00,1180069200,32.6,26.8,38.5,23.2,315.0,0.0,0.0,United Arab Emirates
Abu Dhabi,AE,2007-05-26,12:00:00,1180155600,33.4,27.0,39.8,23.1,322.0,0.0,0.0,United Arab Emirates
Abu Dhabi,AE,2007-05-27,12:00:00,1180242000,32.3,25.5,38.2,20.7,342.0,0.0,0.0,United Arab Emirates
Abu Dhabi,AE,2007-05-28,12:00:00,1180328400,32.1,25.1,39.1,23.7,339.0,0.0,0.0,United Arab Emirates
Abu Dhabi,AE,2007-05-29,12:00:00,1180414800,33.7,27.3,39.8,22.4,338.0,0.0,0.0,United Arab Emirates
Abu Dhabi,AE,2007-05-30,12:00:00,1180501200,33.8,28.2,39.3,22.2,3.0,0.0,0.0,United Arab Emirates
Abu Dhabi,AE,2007-05-31,12:00:00,1180587600,35.3,29.6,42.4,25.7,116.0,0.0,0.0,United Arab Emirates
Abu Dhabi,AE,2007-06-01,12:00:00,1180674000,33.7,29.4,40.1,24.3,283.0,0.0,0.0,United Arab Emirates
Abu Dhabi,AE,2007-06-02,12:00:00,1180760400,32.5,27.1,38.3,19.8,322.0,0.0,0.0,United Arab Emirates
Abu Dhabi,AE,2007-06-03,12:00:00,1180846800,32.9,27.0,38.5,22.5,329.0,0.0,0.0,United Arab Emirates
Abu Dhabi,AE,2007-06-04,12:00:00,1180933200,33.6,28.5,38.8,31.7,325.0,0.0,0.0,United Arab Emirates
Abu Dhabi,AE,2007-06-05,12:00:00,1181019600,33.5,26.7,39.1,23.5,11.0,0.0,0.0,United Arab Emirates
Abu Dhabi,AE,2007-06-06,12:00:00,1181106000,33.8,30.3,38.1,28.7,29.0,0.1,0.0,United Arab Emirates
Abu Dhabi,AE,2007-06-07,12:00:00,1181192400,31.8,28.0,35.0,22.3,336.0,0.0,0.0,United Arab Emirates
Abu Dhabi,AE,2007-06-08,12:00:00,1181278800,33.5,29.4,38.4,30.2,51.0,0.0,0.0,United Arab Emirates
Abu Dhabi,AE,2007-06-09,12:00:00,1181365200,34.2,29.8,39.2,22.9,35.0,0.0,0.0,United Arab Emirates
Abu Dhabi,AE,2007-06-10,12:00:00,1181451600,32.1,28.2,36.2,23.3,327.0,0.0,0.0,United Arab Emirates
Abu Dhabi,AE,2007-06-11,12:00:00,1181538000,32.2,27.6,36.9,28.1,289.0,0.0,0.0,United Arab Emirates
Abu Dhabi,AE,2007-06-12,12:00:00,1181624400,33.1,28.6,38.2,19.6,270.0,0.0,0.0,United Arab Emirates
Abu Dhabi,AE,2007-06-13,12:00:00,1181710800,32.9,27.1,39.5,19.8,289.0,0.0,0.0,United Arab Emirates
Abu Dhabi,AE,2007-06-14,12:00:00,1181797200,33.3,27.0,39.8,26.4,278.0,0.0,0.0,United Arab Emirates
Abu Dhabi,AE,2007-06-15,12:00:00,1181883600,33.6,29.6,38.0,27.5,308.0,0.0,0.0,United Arab Emirates
Abu Dhabi,AE,2007-06-16,12:00:00,1181970000,33.0,28.6,37.5,20.3,304.0,0.0,0.0,United Arab Emirates
Abu Dhabi,AE,2007-06-17,12:00:00,1182056400,33.5,28.3,41.3,26.9,355.0,0.0,0.0,United Arab Emirates
Abu Dhabi,AE,2007-06-18,12:00:00,1182142800,32.8,27.9,38.1,21.0,326.0,0.0,0.0,United Arab Emirates
Abu Dhabi,AE,2007-06-19,12:00:00,1182229200,32.5,27.3,38.1,22.2,317.0,0.0,0.0,United Arab Emirates
Abu Dhabi,AE,2007-06-20,12:00:00,1182315600,32.5,28.6,36.7,21.4,314.0,0.0,0.0,United Arab Emirates
Abu Dhabi,AE,2007-06-21,12:00:00,1182402000,33.1,27.9,38.3,23.2,343.0,0.0,0.0,United Arab Emirates
Abu Dhabi,AE,2007-06-22,12:00:00,1182488400,36.0,33.4,39.4,23.7,64.0,0.0,0.0,United Arab Emirates
Abu Dhabi,AE,2007-06-23,12:00:00,1182574800,35.4,32.7,39.1,26.7,18.0,0.0,0.0,United Arab Emirates
Abu Dhabi,AE,2007-06-24,12:00:00,1182661200,34.7,31.2,39.0,23.7,319.0,0.0,0.0,United Arab Emirates
Abu Dhabi,AE,2007-06-25,12:00:00,1182747600,33.6,29.8,37.7,24.8,271.0,0.0,0.0,United Arab Emirates
Abu Dhabi,AE,2007-06-26,12:00:00,1182834000,33.9,28.9,38.5,20.4,246.0,0.0,0.0,United Arab Emirates
Abu Dhabi,AE,2007-06-27,12:00:00,1182920400,33.8,28.5,38.8,19.6,262.0,0.0,0.0,United Arab Emirates
Abu Dhabi,AE,2007-06-28,12:00:00,1183006800,34.3,30.7,37.7,33.8,286.0,0.0,0.0,United Arab Emirates
Abu Dhabi,AE,2007-06-29,12:00:00,1183093200,35.0,30.3,39.5,23.3,282.0,0.0,0.0,United Arab Emirates
Abu Dhabi,AE,2007-06-30,12:00:00,1183179600,33.9,26.8,39.8,20.9,324.0,0.0,0.0,United Arab Emirates
Abu Dhabi,AE,2007-07-01,12:00:00,1183266000,33.6,27.3,39.3,15.5,304.0,0.0,0.0,United Arab Emirates
Abu Dhabi,AE,2007-07-02,12:00:00,1183352400,33.4,29.4,38.4,18.3,298.0,0.0,0.0,United Arab Emirates
Abu Dhabi,AE,2007-07-03,12:00:00,1183438800,33.1,27.8,38.1,19.9,260.0,0.0,0.0,United Arab Emirates
Abu Dhabi,AE,2007-07-04,12:00:00,1183525200,33.0,28.9,37.3,23.0,278.0,0.0,0.0,United Arab Emirates
Abu Dhabi,AE,2007-07-05,12:00:00,1183611600,33.7,29.3,37.6,28.9,295.0,0.0,0.0,United Arab Emirates
Abu Dhabi,AE,2007-07-06,12:00:00,1183698000,34.1,30.2,37.7,26.3,285.0,0.0,0.0,United Arab Emirates
Abu Dhabi,AE,2007-07-07,12:00:00,1183784400,35.0,31.9,38.8,33.9,294.0,0.0,0.0,United Arab Emirates
Abu Dhabi,AE,2007-07-08,12:00:00,1183870800,34.6,30.9,38.9,30.3,282.0,0.0,0.0,United Arab Emirates
Abu Dhabi,AE,2007-07-09,12:00:00,1183957200,34.0,28.6,39.2,22.9,290.0,0.0,0.0,United Arab Emirates
Abu Dhabi,AE,2007-07-10,12:00:00,1184043600,34.2,26.4,40.6,21.4,301.0,0.0,0.0,United Arab Emirates
Abu Dhabi,AE,2007-07-11,12:00:00,1184130000,34.3,28.2,39.8,24.6,299.0,0.0,0.0,United Arab Emirates
Abu Dhabi,AE,2007-07-12,12:00:00,1184216400,34.5,26.4,41.3,23.3,336.0,0.0,0.0,United Arab Emirates
Abu Dhabi,AE,2007-07-13,12:00:00,1184302800,34.1,27.2,39.0,25.5,269.0,0.0,0.0,United Arab Emirates
Abu Dhabi,AE,2007-07-14,12:00:00,1184389200,35.3,32.1,38.7,31.9,289.0,0.0,0.0,United Arab Emirates
Abu Dhabi,AE,2007-07-15,12:00:00,1184475600,35.7,32.3,39.1,31.0,296.0,0.0,0.0,United Arab Emirates
Abu Dhabi,AE,2007-07-16,12:00:00,1184562000,36.1,33.4,39.7,41.8,309.0,0.0,0.0,United Arab Emirates
Abu Dhabi,AE,2007-07-17,12:00:00,1184648400,34.5,31.9,37.7,32.4,292.0,0.0,0.0,United Arab Emirates
Abu Dhabi,AE,2007-07-18,12:00:00,1184734800,33.4,30.2,36.6,26.1,306.0,0.0,0.0,United Arab Emirates
Abu Dhabi,AE,2007-07-19,12:00:00,1184821200,33.4,28.9,37.5,26.5,319.0,0.0,0.0,United Arab Emirates
Abu Dhabi,AE,2007-07-20,12:00:00,1184907600,33.6,30.5,36.9,26.7,318.0,0.0,0.0,United Arab Emirates
Abu Dhabi,AE,2007-07-21,12:00:00,1184994000,33.6,29.1,37.6,24.7,294.0,0.0,0.0,United Arab Emirates
Abu Dhabi,AE,2007-07-22,12:00:00,1185080400,33.7,29.2,38.4,21.7,285.0,0.0,0.0,United Arab Emirates
Abu Dhabi,AE,2007-07-23,12:00:00,1185166800,34.3,28.8,38.7,19.0,322.0,0.0,0.0,United Arab Emirates
Abu Dhabi,AE,2007-07-24,12:00:00,1185253200,37.3,32.8,41.4,25.6,95.0,0.0,0.0,United Arab Emirates
Abu Dhabi,AE,2007-07-25,12:00:00,1185339600,35.1,30.8,39.8,28.1,68.0,0.0,0.0,United Arab Emirates
Abu Dhabi,AE,2007-07-26,12:00:00,1185426000,34.7,31.4,38.9,28.7,117.0,0.0,0.0,United Arab Emirates
Abu Dhabi,AE,2007-07-27,12:00:00,1185512400,34.8,30.1,39.9,24.1,316.0,0.0,0.0,United Arab Emirates
Abu Dhabi,AE,2007-07-28,12:00:00,1185598800,35.0,30.1,39.7,22.9,284.0,0.0,0.0,United Arab Emirates
Abu Dhabi,AE,2007-07-29,12:00:00,1185685200,35.7,30.3,41.5,23.8,271.0,0.0,0.0,United Arab Emirates
Abu Dhabi,AE,2007-07-30,12:00:00,1185771600,35.3,29.2,41.5,23.4,338.0,0.0,0.0,United Arab Emirates
Abu Dhabi,AE,2007-07-31,12:00:00,1185858000,36.3,29.0,42.1,19.2,47.0,0.0,0.0,United Arab Emirates
Abu Dhabi,AE,2007-08-01,12:00:00,1185944400,37.7,32.9,42.8,23.0,77.0,0.0,0.0,United Arab Emirates
Abu Dhabi,AE,2007-08-02,12:00:00,1186030800,35.9,31.1,41.4,25.0,334.0,0.0,0.0,United Arab Emirates
Abu Dhabi,AE,2007-08-03,12:00:00,1186117200,34.4,28.3,39.6,17.0,289.0,0.0,0.0,United Arab Emirates
Abu Dhabi,AE,2007-08-04,12:00:00,1186203600,34.0,30.3,38.2,19.4,325.0,0.0,0.0,United Arab Emirates
Abu Dhabi,AE,2007-08-05,12:00:00,1186290000,35.0,31.0,39.9,19.7,343.0,0.0,0.0,United Arab Emirates
Abu Dhabi,AE,2007-08-06,12:00:00,1186376400,35.3,31.2,40.4,24.8,335.0,0.0,0.0,United Arab Emirates
Abu Dhabi,AE,2007-08-07,12:00:00,1186462800,33.6,27.4,38.6,17.7,318.0,0.0,0.0,United Arab Emirates
Abu Dhabi,AE,2007-08-08,12:00:00,1186549200,34.7,27.8,40.6,27.1,5.0,0.0,0.0,United Arab Emirates
Abu Dhabi,AE,2007-08-09,12:00:00,1186635600,34.6,29.7,39.6,26.0,339.0,0.0,0.0,United Arab Emirates
Abu Dhabi,AE,2007-08-10,12:00:00,1186722000,34.5,30.8,38.4,20.0,326.0,0.0,0.0,United Arab Emirates
Abu Dhabi,AE,2007-08-11,12:00:00,1186808400,36.3,31.2,41.8,23.6,10.0,0.0,0.0,United Arab Emirates
Abu Dhabi,AE,2007-08-12,12:00:00,1186894800,37.1,33.2,42.4,24.7,352.0,0.0,0.0,United Arab Emirates
Abu Dhabi,AE,2007-08-13,12:00:00,1186981200,35.5,30.6,40.6,23.9,319.0,0.0,0.0,United Arab Emirates
Abu Dhabi,AE,2007-08-14,12:00:00,1187067600,34.4,29.2,39.4,24.5,2.0,0.0,0.0,United Arab Emirates
Abu Dhabi,AE,2007-08-15,12:00:00,1187154000,36.4,30.8,42.7,23.4,34.0,0.0,0.0,United Arab Emirates
Abu Dhabi,AE,2007-08-16,12:00:00,1187240400,36.2,31.2,42.2,23.9,20.0,0.0,0.0,United Arab Emirates
Abu Dhabi,AE,2007-08-17,12:00:00,1187326800,37.0,31.7,42.4,24.5,142.0,0.0,0.0,United Arab Emirates
Abu Dhabi,AE,2007-08-18,12:00:00,1187413200,37.1,33.5,42.6,28.2,142.0,0.0,0.0,United Arab Emirates
Abu Dhabi,AE,2007-08-19,12:00:00,1187499600,36.9,33.0,42.3,28.2,148.0,0.0,0.0,United Arab Emirates
Abu Dhabi,AE,2007-08-20,12:00:00,1187586000,36.2,30.9,41.7,21.5,12.0,0.0,0.0,United Arab Emirates
Abu Dhabi,AE,2007-08-21,12:00:00,1187672400,34.4,30.1,39.5,26.6,347.0,0.0,0.0,United Arab Emirates
Abu Dhabi,AE,2007-08-22,12:00:00,1187758800,34.1,29.9,39.1,26.0,339.0,0.0,0.0,United Arab Emirates
Abu Dhabi,AE,2007-08-23,12:00:00,1187845200,35.1,28.9,40.9,23.1,43.0,0.0,0.0,United Arab Emirates
Abu Dhabi,AE,2007-08-24,12:00:00,1187931600,36.0,31.8,40.6,22.3,18.0,0.0,0.0,United Arab Emirates
Abu Dhabi,AE,2007-08-25,12:00:00,1188018000,35.4,31.3,40.2,22.0,11.0,0.0,0.0,United Arab Emirates
Abu Dhabi,AE,2007-08-26,12:00:00,1188104400,35.4,30.9,40.7,22.7,21.0,0.0,0.0,United Arab Emirates
Abu Dhabi,AE,2007-08-27,12:00:00,1188190800,35.7,31.3,41.1,20.2,43.0,0.0,0.0,United Arab Emirates
Abu Dhabi,AE,2007-08-28,12:00:00,1188277200,35.5,30.6,40.8,25.8,323.0,0.0,0.0,United Arab Emirates
Abu Dhabi,AE,2007-08-29,12:00:00,1188363600,35.2,30.0,40.5,20.4,342.0,0.0,0.0,United Arab Emirates
Abu Dhabi,AE,2007-08-30,12:00:00,1188450000,35.3,29.7,40.8,17.5,21.0,0.0,0.0,United Arab Emirates
Abu Dhabi,AE,2007-08-31,12:00:00,1188536400,35.8,30.3,42.0,21.3,352.0,0.0,0.0,United Arab Emirates
Abu Dhabi,AE,2007-09-01,12:00:00,1188622800,34.0,30.3,38.6,21.1,308.0,0.0,0.0,United Arab Emirates
Abu Dhabi,AE,2007-09-02,12:00:00,1188709200,33.1,28.5,37.7,19.2,0.0,0.0,0.0,United Arab Emirates
Abu Dhabi,AE,2007-09-03,12:00:00,1188795600,35.4,30.1,41.6,21.7,16.0,0.0,0.0,United Arab Emirates
Abu Dhabi,AE,2007-09-04,12:00:00,1188882000,35.3,30.2,41.8,25.0,54.0,0.0,0.0,United Arab Emirates
Abu Dhabi,AE,2007-09-05,12:00:00,1188968400,34.7,29.4,41.1,24.2,330.0,0.0,0.0,United Arab Emirates
Abu Dhabi,AE,2007-09-06,12:00:00,1189054800,33.2,28.2,37.9,20.1,304.0,0.0,0.0,United Arab Emirates
Abu Dhabi,AE,2007-09-07,12:00:00,1189141200,32.0,27.0,37.5,20.7,4.0,0.0,0.0,United Arab Emirates
Abu Dhabi,AE,2007-09-08,12:00:00,1189227600,35.8,28.9,42.3,25.8,66.0,0.0,0.0,United Arab Emirates
Abu Dhabi,AE,2007-09-09,12:00:00,1189314000,36.6,32.7,41.2,30.6,123.0,0.0,0.0,United Arab Emirates
Abu Dhabi,AE,2007-09-10,12:00:00,1189400400,34.5,30.6,38.4,25.9,141.0,0.0,0.0,United Arab Emirates
Abu Dhabi,AE,2007-09-11,12:00:00,1189486800,33.1,29.0,37.7,19.7,323.0,0.0,0.0,United Arab Emirates
Abu Dhabi,AE,2007-09-12,12:00:00,1189573200,32.9,28.3,37.3,16.9,325.0,0.0,0.0,United Arab Emirates
Abu Dhabi,AE,2007-09-13,12:00:00,1189659600,33.7,28.7,39.3,22.7,357.0,0.0,0.0,United Arab Emirates
Abu Dhabi,AE,2007-09-14,12:00:00,1189746000,33.4,28.4,39.4,26.1,225.0,0.0,0.0,United Arab Emirates
Abu Dhabi,AE,2007-09-15,12:00:00,1189832400,32.3,27.1,38.1,21.1,272.0,0.0,0.0,United Arab Emirates
Abu Dhabi,AE,2007-09-16,12:00:00,1189918800,31.3,25.0,38.4,19.5,331.0,0.0,0.0,United Arab Emirates
Abu Dhabi,AE,2007-09-17,12:00:00,1190005200,31.7,25.1,38.0,18.6,3.0,0.0,0.0,United Arab Emirates
Abu Dhabi,AE,2007-09-18,12:00:00,1190091600,32.4,26.8,38.9,20.3,347.0,0.0,0.0,United Arab Emirates
Abu Dhabi,AE,2007-09-19,12:00:00,1190178000,32.7,27.4,38.5,23.4,343.0,0.0,0.0,United Arab Emirates
Abu Dhabi,AE,2007-09-20,12:00:00,1190264400,33.1,27.8,40.3,26.6,9.0,0.0,0.0,United Arab Emirates
Abu Dhabi,AE,2007-09-21,12:00:00,1190350800,32.4,27.5,38.2,22.6,347.0,0.0,0.0,United Arab Emirates
Abu Dhabi,AE,2007-09-22,12:00:00,1190437200,33.2,28.4,39.7,23.5,5.0,0.0,0.0,United Arab Emirates
Abu Dhabi,AE,2007-09-23,12:00:00,1190523600,32.9,28.4,38.8,23.4,348.0,0.0,0.0,United Arab Emirates
Abu Dhabi,AE,2007-09-24,12:00:00,1190610000,33.1,25.9,40.4,22.8,39.0,0.0,0.0,United Arab Emirates
Abu Dhabi,AE,2007-09-25,12:00:00,1190696400,32.2,24.6,38.8,19.2,84.0,0.0,0.0,United Arab Emirates
Abu Dhabi,AE,2007-09-26,12:00:00,1190782800,31.4,24.2,38.0,22.6,18.0,0.0,0.0,United Arab Emirates
Abu Dhabi,AE,2007-09-27,12:00:00,1190869200,30.9,25.2,36.3,20.6,348.0,0.0,0.0,United Arab Emirates
Abu Dhabi,AE,2007-09-28,12:00:00,1190955600,30.6,25.0,36.5,22.5,5.0,0.0,0.0,United Arab Emirates
Abu Dhabi,AE,2007-09-29,12:00:00,1191042000,31.2,26.1,36.8,23.2,9.0,0.0,0.0,United Arab Emirates
Abu Dhabi,AE,2007-09-30,12:00:00,1191128400,31.6,25.4,38.2,21.9,31.0,0.0,0.0,United Arab Emirates
Abu Dhabi,AE,2007-10-01,12:00:00,1191214800,31.7,25.1,38.5,21.3,36.0,0.0,0.0,United Arab Emirates
Abu Dhabi,AE,2007-10-02,12:00:00,1191301200,30.9,24.6,37.4,25.8,17.0,0.0,0.0,United Arab Emirates
Abu Dhabi,AE,2007-10-03,12:00:00,1191387600,30.1,24.8,35.1,17.1,10.0,0.0,0.0,United Arab Emirates
Abu Dhabi,AE,2007-10-04,12:00:00,1191474000,30.9,26.6,34.8,20.8,344.0,0.0,0.0,United Arab Emirates
Abu Dhabi,AE,2007-10-05,12:00:00,1191560400,32.0,25.8,38.4,21.5,75.0,0.0,0.0,United Arab Emirates
Abu Dhabi,AE,2007-10-06,12:00:00,1191646800,31.2,24.7,37.5,23.1,70.0,0.0,0.0,United Arab Emirates
Abu Dhabi,AE,2007-10-07,12:00:00,1191733200,30.4,24.0,37.0,21.9,40.0,0.0,0.0,United Arab Emirates
Abu Dhabi,AE,2007-10-08,12:00:00,1191819600,29.3,23.2,34.9,24.1,340.0,0.0,0.0,United Arab Emirates
Abu Dhabi,AE,2007-10-09,12:00:00,1191906000,30.8,26.9,35.4,20.2,313.0,0.0,0.0,United Arab Emirates
Abu Dhabi,AE,2007-10-10,12:00:00,1191992400,31.6,26.0,37.1,23.0,54.0,0.0,0.0,United Arab Emirates
Abu Dhabi,AE,2007-10-11,12:00:00,1192078800,32.0,27.3,37.5,21.7,107.0,0.0,0.0,United Arab Emirates
Abu Dhabi,AE,2007-10-12,12:00:00,1192165200,30.1,24.1,35.9,20.6,92.0,0.0,0.0,United Arab Emirates
Abu Dhabi,AE,2007-10-13,12:00:00,1192251600,29.0,21.9,35.4,21.3,84.0,0.0,0.0,United Arab Emirates
Abu Dhabi,AE,2007-10-14,12:00:00,1192338000,28.3,21.6,34.4,20.5,6.0,0.0,0.0,United Arab Emirates
Abu Dhabi,AE,2007-10-15,12:00:00,1192424400,28.4,23.2,32.5,19.0,340.0,0.0,0.0,United Arab Emirates
Abu Dhabi,AE,2007-10-16,12:00:00,1192510800,29.2,25.6,33.5,20.0,344.0,0.0,0.0,United Arab Emirates
Abu Dhabi,AE,2007-10-17,12:00:00,1192597200,28.5,24.3,33.5,19.6,317.0,0.0,0.0,United Arab Emirates
Abu Dhabi,AE,2007-10-18,12:00:00,1192683600,28.5,23.8,34.0,18.7,38.0,0.0,0.0,United Arab Emirates
Abu Dhabi,AE,2007-10-19,12:00:00,1192770000,29.4,23.1,34.8,21.9,94.0,0.0,0.0,United Arab Emirates
Abu Dhabi,AE,2007-10-20,12:00:00,1192856400,28.5,21.5,34.4,21.4,18.0,0.0,0.0,United Arab Emirates
Abu Dhabi,AE,2007-10-21,12:00:00,1192942800,29.2,24.6,33.3,22.1,322.0,0.0,0.0,United Arab Emirates
Abu Dhabi,AE,2007-10-22,12:00:00,1193029200,28.9,24.7,32.8,20.4,306.0,0.0,0.0,United Arab Emirates
Abu Dhabi,AE,2007-10-23,12:00:00,1193115600,27.7,21.0,32.9,16.2,2.0,0.0,0.0,United Arab Emirates
Abu Dhabi,AE,2007-10-24,12:00:00,1193202000,27.7,21.8,32.4,20.2,353.0,0.0,0.0,United Arab Emirates
Abu Dhabi,AE,2007-10-25,12:00:00,1193288400,28.2,24.3,32.3,18.6,323.0,0.0,0.0,United Arab Emirates
Abu Dhabi,AE,2007-10-26,12:00:00,1193374800,28.4,24.9,32.3,19.5,342.0,0.0,0.0,United Arab Emirates
Abu Dhabi,AE,2007-10-27,12:00:00,1193461200,28.8,24.3,33.1,16.9,312.0,0.0,0.0,United Arab Emirates
Abu Dhabi,AE,2007-10-28,12:00:00,1193547600,28.6,24.5,32.6,20.1,316.0,0.0,0.0,United Arab Emirates
Abu Dhabi,AE,2007-10-29,12:00:00,1193634000,28.2,24.3,32.5,23.7,330.0,0.0,0.0,United Arab Emirates
Abu Dhabi,AE,2007-10-30,12:00:00,1193720400,27.6,22.9,32.5,23.8,1.0,0.0,0.0,United Arab Emirates
Abu Dhabi,AE,2007-10-31,12:00:00,1193806800,27.6,20.7,34.4,21.4,51.0,0.0,0.0,United Arab Emirates
Abu Dhabi,AE,2007-11-01,12:00:00,1193893200,27.1,20.5,33.1,24.6,20.0,0.0,0.0,United Arab Emirates
Abu Dhabi,AE,2007-11-02,12:00:00,1193979600,27.6,24.8,29.9,20.9,355.0,0.0,0.0,United Arab Emirates
Abu Dhabi,AE,2007-11-03,12:00:00,1194066000,27.5,25.8,29.4,24.8,294.0,1.6,0.0,United Arab Emirates
Abu Dhabi,AE,2007-11-04,12:00:00,1194152400,27.0,24.0,29.9,18.9,318.0,0.0,0.0,United Arab Emirates
Abu Dhabi,AE,2007-11-05,12:00:00,1194238800,27.3,24.0,30.4,20.6,315.0,0.0,0.0,United Arab Emirates
Abu Dhabi,AE,2007-11-06,12:00:00,1194325200,28.0,25.2,31.2,26.0,306.0,0.0,0.0,United Arab Emirates
Abu Dhabi,AE,2007-11-07,12:00:00,1194411600,27.6,24.9,30.8,22.4,309.0,0.0,0.0,United Arab Emirates
Abu Dhabi,AE,2007-11-08,12:00:00,1194498000,26.7,22.1,30.7,20.6,311.0,0.0,0.0,United Arab Emirates
Abu Dhabi,AE,2007-11-09,12:00:00,1194584400,25.7,21.2,30.1,18.7,281.0,0.0,0.0,United Arab Emirates
Abu Dhabi,AE,2007-11-10,12:00:00,1194670800,24.1,20.1,28.7,11.6,251.0,0.0,0.0,United Arab Emirates
Abu Dhabi,AE,2007-11-11,12:00:00,1194757200,23.5,17.3,29.0,13.2,251.0,0.0,0.0,United Arab Emirates
Abu Dhabi,AE,2007-11-12,12:00:00,1194843600,24.1,17.9,28.4,13.0,274.0,0.0,0.0,United Arab Emirates
Abu Dhabi,AE,2007-11-13,12:00:00,1194930000,24.2,20.0,28.1,14.2,255.0,0.0,0.0,United Arab Emirates
Abu Dhabi,AE,2007-11-14,12:00:00,1195016400,24.6,20.1,28.7,15.9,270.0,0.0,0.0,United Arab Emirates
Abu Dhabi,AE,2007-11-15,12:00:00,1195102800,25.5,21.0,29.5,10.6,278.0,0.0,0.0,United Arab Emirates
Abu Dhabi,AE,2007-11-16,12:00:00,1195189200,25.2,21.0,29.9,16.1,352.0,0.0,0.0,United Arab Emirates
Abu Dhabi,AE,2007-11-17,12:00:00,1195275600,24.4,20.6,28.9,15.3,320.0,0.0,0.0,United Arab Emirates
Abu Dhabi,AE,2007-11-18,12:00:00,1195362000,24.2,20.2,28.8,15.5,256.0,0.0,0.0,United Arab Emirates
Abu Dhabi,AE,2007-11-19,12:00:00,1195448400,24.3,19.3,29.9,13.5,232.0,0.0,0.0,United Arab Emirates
Abu Dhabi,AE,2007-11-20,12:00:00,1195534800,24.5,17.9,31.2,14.8,41.0,0.0,0.0,United Arab Emirates
Abu Dhabi,AE,2007-11-21,12:00:00,1195621200,24.9,20.5,30.9,16.8,31.0,0.0,0.0,United Arab Emirates
Abu Dhabi,AE,2007-11-22,12:00:00,1195707600,24.1,18.4,30.4,14.4,23.0,0.0,0.0,United Arab Emirates
Abu Dhabi,AE,2007-11-23,12:00:00,1195794000,23.8,17.9,29.5,16.6,13.0,0.0,0.0,United Arab Emirates
Abu Dhabi,AE,2007-11-24,12:00:00,1195880400,24.4,17.3,28.8,20.2,322.0,0.0,0.0,United Arab Emirates
Abu Dhabi,AE,2007-11-25,12:00:00,1195966800,26.0,22.7,29.4,22.2,295.0,0.0,0.0,United Arab Emirates
Abu Dhabi,AE,2007-11-26,12:00:00,1196053200,26.2,22.1,29.5,23.0,314.0,0.0,0.0,United Arab Emirates
Abu Dhabi,AE,2007-11-27,12:00:00,1196139600,25.9,24.1,28.1,31.6,316.0,0.5,0.0,United Arab Emirates
Abu Dhabi,AE,2007-11-28,12:00:00,1196226000,23.8,22.5,25.6,33.0,301.0,0.0,0.0,United Arab Emirates
Abu Dhabi,AE,2007-11-29,12:00:00,1196312400,23.3,21.4,25.7,22.8,289.0,0.0,0.0,United Arab Emirates
Abu Dhabi,AE,2007-11-30,12:00:00,1196398800,23.3,19.8,26.4,26.8,291.0,0.0,0.0,United Arab Emirates
Abu Dhabi,AE,2007-12-01,12:00:00,1196485200,24.2,20.7,27.8,17.6,359.0,0.0,0.0,United Arab Emirates
Abu Dhabi,AE,2007-12-02,12:00:00,1196571600,23.5,17.6,28.6,17.8,121.0,0.0,0.0,United Arab Emirates
Abu Dhabi,AE,2007-12-03,12:00:00,1196658000,22.6,17.2,27.6,21.5,188.0,0.0,0.0,United Arab Emirates
Abu Dhabi,AE,2007-12-04,12:00:00,1196744400,22.3,16.4,27.5,17.7,344.0,0.0,0.0,United Arab Emirates
Abu Dhabi,AE,2007-12-05,12:00:00,1196830800,22.9,17.1,27.0,16.9,332.0,0.0,0.0,United Arab Emirates
Abu Dhabi,AE,2007-12-06,12:00:00,1196917200,23.0,17.2,26.9,16.9,337.0,0.0,0.0,United Arab Emirates
Abu Dhabi,AE,2007-12-07,12:00:00,1197003600,23.6,18.9,28.4,12.8,38.0,0.0,0.0,United Arab Emirates
Abu Dhabi,AE,2007-12-08,12:00:00,1197090000,22.7,17.6,27.1,19.4,274.0,0.0,0.0,United Arab Emirates
Abu Dhabi,AE,2007-12-09,12:00:00,1197176400,22.5,16.6,27.2,22.5,270.0,0.0,0.0,United Arab Emirates
Abu Dhabi,AE,2007-12-10,12:00:00,1197262800,24.5,22.5,26.9,31.0,300.0,0.0,0.0,United Arab Emirates
Abu Dhabi,AE,2007-12-11,12:00:00,1197349200,23.8,22.0,26.1,35.5,301.0,0.0,0.0,United Arab Emirates
Abu Dhabi,AE,2007-12-12,12:00:00,1197435600,23.0,21.3,25.4,26.9,306.0,0.0,0.0,United Arab Emirates
Abu Dhabi,AE,2007-12-13,12:00:00,1197522000,22.5,18.9,25.6,16.3,320.0,0.0,0.0,United Arab Emirates
Abu Dhabi,AE,2007-12-14,12:00:00,1197608400,22.0,16.2,25.6,13.2,268.0,0.0,0.0,United Arab Emirates
Abu Dhabi,AE,2007-12-15,12:00:00,1197694800,22.4,18.3,26.6,18.2,359.0,0.0,0.0,United Arab Emirates
Abu Dhabi,AE,2007-12-16,12:00:00,1197781200,22.6,19.3,26.4,16.8,325.0,0.0,0.0,United Arab Emirates
Abu Dhabi,AE,2007-12-17,12:00:00,1197867600,21.2,14.3,25.9,15.3,291.0,0.0,0.0,United Arab Emirates
Abu Dhabi,AE,2007-12-18,12:00:00,1197954000,21.2,14.0,26.8,18.3,244.0,0.0,0.0,United Arab Emirates
Abu Dhabi,AE,2007-12-19,12:00:00,1198040400,22.0,19.6,25.2,17.4,296.0,0.0,0.0,United Arab Emirates
Abu Dhabi,AE,2007-12-20,12:00:00,1198126800,21.3,17.6,25.2,19.8,316.0,0.0,0.0,United Arab Emirates
Abu Dhabi,AE,2007-12-21,12:00:00,1198213200,22.1,19.1,25.9,14.4,1.0,0.0,0.0,United Arab Emirates
Abu Dhabi,AE,2007-12-22,12:00:00,1198299600,21.0,15.0,26.2,19.9,341.0,0.0,0.0,United Arab Emirates
Abu Dhabi,AE,2007-12-23,12:00:00,1198386000,21.1,19.5,23.0,28.3,311.0,0.0,0.0,United Arab Emirates
Abu Dhabi,AE,2007-12-24,12:00:00,1198472400,20.3,18.1,22.8,23.2,311.0,0.0,0.0,United Arab Emirates
Abu Dhabi,AE,2007-12-25,12:00:00,1198558800,20.7,17.1,24.5,18.3,351.0,0.0,0.0,United Arab Emirates
Abu Dhabi,AE,2007-12-26,12:00:00,1198645200,20.8,17.1,24.4,22.9,338.0,0.0,0.0,United Arab Emirates
Abu Dhabi,AE,2007-12-27,12:00:00,1198731600,20.3,17.9,23.1,26.0,317.0,0.0,0.0,United Arab Emirates
Abu Dhabi,AE,2007-12-28,12:00:00,1198818000,19.4,18.0,21.2,23.7,309.0,0.0,0.0,United Arab Emirates
Abu Dhabi,AE,2007-12-29,12:00:00,1198904400,19.2,16.2,22.2,14.6,325.0,0.0,0.0,United Arab Emirates
Abu Dhabi,AE,2007-12-30,12:00:00,1198990800,18.9,12.6,23.4,13.0,40.0,0.0,0.0,United Arab Emirates
Abu Dhabi,AE,2007-12-31,12:00:00,1199077200,19.9,13.7,24.0,11.4,252.0,0.0,0.0,United Arab Emirates
Abu Dhabi,AE,2008-01-01,12:00:00,1199163600,19.4,13.4,24.2,9.8,55.0,0.0,0.0,United Arab Emirates
Abu Dhabi,AE,2008-01-02,12:00:00,1199250000,20.1,13.3,26.4,14.0,106.0,0.0,0.0,United Arab Emirates
Abu Dhabi,AE,2008-01-03,12:00:00,1199336400,21.5,15.8,27.4,18.3,162.0,0.0,0.0,United Arab Emirates
Abu Dhabi,AE,2008-01-04,12:00:00,1199422800,21.9,16.4,27.4,23.5,168.0,0.0,0.0,United Arab Emirates
Abu Dhabi,AE,2008-01-05,12:00:00,1199509200,21.2,17.8,25.1,23.6,198.0,0.0,0.0,United Arab Emirates
Abu Dhabi,AE,2008-01-06,12:00:00,1199595600,20.4,18.3,23.6,29.0,301.0,0.3,0.0,United Arab Emirates
Abu Dhabi,AE,2008-01-07,12:00:00,1199682000,17.4,15.7,18.8,34.8,304.0,0.0,0.0,United Arab Emirates
Abu Dhabi,AE,2008-01-08,12:00:00,1199768400,16.2,14.1,18.7,21.8,277.0,0.0,0.0,United Arab Emirates
Abu Dhabi,AE,2008-01-09,12:00:00,1199854800,15.6,11.1,19.2,19.8,277.0,0.0,0.0,United Arab Emirates
Abu Dhabi,AE,2008-01-10,12:00:00,1199941200,16.8,12.7,20.3,17.8,312.0,0.0,0.0,United Arab Emirates
Abu Dhabi,AE,2008-01-11,12:00:00,1200027600,17.5,11.4,22.2,28.4,73.0,0.0,0.0,United Arab Emirates
Abu Dhabi,AE,2008-01-12,12:00:00,1200114000,19.4,17.0,22.6,24.3,76.0,0.0,0.0,United Arab Emirates
Abu Dhabi,AE,2008-01-13,12:00:00,1200200400,20.1,17.3,23.8,21.7,66.0,1.0,0.0,United Arab Emirates
Abu Dhabi,AE,2008-01-14,12:00:00,1200286800,19.6,17.7,21.5,19.6,329.0,2.6,0.0,United Arab Emirates
Abu Dhabi,AE,2008-01-15,12:00:00,1200373200,17.3,15.1,19.3,29.8,320.0,14.7,0.0,United Arab Emirates
Abu Dhabi,AE,2008-01-16,12:00:00,1200459600,15.3,14.3,16.4,21.9,301.0,10.2,0.0,United Arab Emirates
Abu Dhabi,AE,2008-01-17,12:00:00,1200546000,15.2,13.6,17.4,20.2,337.0,0.0,0.0,United Arab Emirates
Abu Dhabi,AE,2008-01-18,12:00:00,1200632400,15.2,12.3,18.6,21.1,27.0,0.0,0.0,United Arab Emirates
Abu Dhabi,AE,2008-01-19,12:00:00,1200718800,15.4,11.3,19.5,18.4,30.0,0.0,0.0,United Arab Emirates
Abu Dhabi,AE,2008-01-20,12:00:00,1200805200,16.4,12.0,20.4,15.6,27.0,0.0,0.0,United Arab Emirates
Abu Dhabi,AE,2008-01-21,12:00:00,1200891600,16.8,12.7,20.7,10.8,24.0,0.0,0.0,United Arab Emirates
Abu Dhabi,AE,2008-01-22,12:00:00,1200978000,18.6,15.6,21.7,18.1,321.0,0.0,0.0,United Arab Emirates
Abu Dhabi,AE,2008-01-23,12:00:00,1201064400,19.5,16.3,23.1,14.4,45.0,0.0,0.0,United Arab Emirates
Abu Dhabi,AE,2008-01-24,12:00:00,1201150800,19.2,16.8,22.6,24.2,331.0,0.0,0.0,United Arab Emirates
Abu Dhabi,AE,2008-01-25,12:00:00,1201237200,17.7,16.5,19.4,27.5,309.0,0.0,0.0,United Arab Emirates
Abu Dhabi,AE,2008-01-26,12:00:00,1201323600,19.2,15.3,23.1,14.9,356.0,0.0,0.0,United Arab Emirates
Abu Dhabi,AE,2008-01-27,12:00:00,1201410000,18.7,15.8,21.9,19.8,293.0,0.0,0.0,United Arab Emirates
Abu Dhabi,AE,2008-01-28,12:00:00,1201496400,18.5,16.4,20.3,23.8,328.0,0.0,0.0,United Arab Emirates
Abu Dhabi,AE,2008-01-29,12:00:00,1201582800,17.9,15.4,21.1,24.1,309.0,0.0,0.0,United Arab Emirates
Abu Dhabi,AE,2008-01-30,12:00:00,1201669200,17.6,12.6,22.4,12.4,11.0,0.0,0.0,United Arab Emirates
Abu Dhabi,AE,2008-01-31,12:00:00,1201755600,19.6,13.0,25.5,11.2,65.0,0.0,0.0,United Arab Emirates
Abu Dhabi,AE,2008-02-01,12:00:00,1201842000,17.2,15.7,19.9,46.5,307.0,0.0,0.0,United Arab Emirates
Abu Dhabi,AE,2008-02-02,12:00:00,1201928400,16.7,15.5,18.6,43.0,311.0,0.0,0.0,United Arab Emirates
Abu Dhabi,AE,2008-02-03,12:00:00,1202014800,16.8,15.7,18.5,32.4,300.0,0.0,0.0,United Arab Emirates
Abu Dhabi,AE,2008-02-04,12:00:00,1202101200,16.5,15.4,17.7,33.8,313.0,0.0,0.0,United Arab Emirates
Abu Dhabi,AE,2008-02-05,12:00:00,1202187600,15.8,13.0,19.3,27.0,41.0,0.0,0.0,United Arab Emirates
Abu Dhabi,AE,2008-02-06,12:00:00,1202274000,14.5,9.4,19.0,20.7,52.0,0.0,0.0,United Arab Emirates
Abu Dhabi,AE,2008-02-07,12:00:00,1202360400,15.2,9.0,20.1,23.1,40.0,0.0,0.0,United Arab Emirates
Abu Dhabi,AE,2008-02-08,12:00:00,1202446800,17.1,11.0,22.9,19.4,40.0,0.0,0.0,United Arab Emirates
Abu Dhabi,AE,2008-02-09,12:00:00,1202533200,17.4,10.8,23.1,22.3,14.0,0.0,0.0,United Arab Emirates
Abu Dhabi,AE,2008-02-10,12:00:00,1202619600,17.9,13.1,22.8,20.5,353.0,0.0,0.0,United Arab Emirates
Abu Dhabi,AE,2008-02-11,12:00:00,1202706000,19.2,12.3,26.3,17.1,57.0,0.0,0.0,United Arab Emirates
Abu Dhabi,AE,2008-02-12,12:00:00,1202792400,19.8,12.8,26.2,15.0,88.0,0.0,0.0,United Arab Emirates
Abu Dhabi,AE,2008-02-13,12:00:00,1202878800,20.0,13.2,26.6,15.3,108.0,0.0,0.0,United Arab Emirates
Abu Dhabi,AE,2008-02-14,12:00:00,1202965200,20.0,14.7,25.7,13.6,171.0,0.0,0.0,United Arab Emirates
Abu Dhabi,AE,2008-02-15,12:00:00,1203051600,21.3,13.9,29.6,17.2,155.0,0.0,0.0,United Arab Emirates
Abu Dhabi,AE,2008-02-16,12:00:00,1203138000,19.9,16.7,23.8,20.9,335.0,0.0,0.0,United Arab Emirates
Abu Dhabi,AE,2008-02-17,12:00:00,1203224400,19.0,15.1,23.6,18.4,321.0,0.0,0.0,United Arab Emirates
Abu Dhabi,AE,2008-02-18,12:00:00,1203310800,18.9,14.6,24.5,14.6,314.0,0.0,0.0,United Arab Emirates
Abu Dhabi,AE,2008-02-19,12:00:00,1203397200,19.7,13.4,26.6,13.2,8.0,0.0,0.0,United Arab Emirates
Abu Dhabi,AE,2008-02-20,12:00:00,1203483600,19.6,13.4,25.6,30.8,294.0,0.0,0.0,United Arab Emirates
Abu Dhabi,AE,2008-02-21,12:00:00,1203570000,17.6,15.6,19.2,43.0,304.0,0.0,0.0,United Arab Emirates
Abu Dhabi,AE,2008-02-22,12:00:00,1203656400,17.8,15.6,20.7,32.0,315.0,0.0,0.0,United Arab Emirates
Abu Dhabi,AE,2008-02-23,12:00:00,1203742800,17.9,14.1,21.8,22.2,328.0,0.0,0.0,United Arab Emirates
Abu Dhabi,AE,2008-02-24,12:00:00,1203829200,18.2,14.2,23.0,20.0,334.0,0.0,0.0,United Arab Emirates
Abu Dhabi,AE,2008-02-25,12:00:00,1203915600,17.4,12.3,23.6,15.7,14.0,0.0,0.0,United Arab Emirates
Abu Dhabi,AE,2008-02-26,12:00:00,1204002000,20.2,11.7,28.4,15.9,82.0,0.0,0.0,United Arab Emirates
Abu Dhabi,AE,2008-02-27,12:00:00,1204088400,21.6,14.1,28.3,16.3,85.0,0.0,0.0,United Arab Emirates
Abu Dhabi,AE,2008-02-28,12:00:00,1204174800,20.3,15.6,25.0,23.7,322.0,0.0,0.0,United Arab Emirates
Abu Dhabi,AE,2008-02-29,12:00:00,1204261200,19.9,17.6,23.3,27.3,298.0,0.0,0.0,United Arab Emirates
Abu Dhabi,AE,2008-03-01,12:00:00,1204347600,19.3,16.0,23.2,22.6,297.0,0.0,0.0,United Arab Emirates
Abu Dhabi,AE,2008-03-02,12:00:00,1204434000,19.2,15.0,24.0,18.8,295.0,0.0,0.0,United Arab Emirates
Abu Dhabi,AE,2008-03-03,12:00:00,1204520400,19.4,11.2,27.5,12.6,113.0,0.0,0.0,United Arab Emirates
Abu Dhabi,AE,2008-03-04,12:00:00,1204606800,21.3,14.4,30.1,25.2,248.0,0.0,0.0,United Arab Emirates
Abu Dhabi,AE,2008-03-05,12:00:00,1204693200,20.2,17.8,22.7,33.4,299.0,0.0,0.0,United Arab Emirates
Abu Dhabi,AE,2008-03-06,12:00:00,1204779600,18.8,14.4,22.8,20.4,313.0,0.0,0.0,United Arab Emirates
Abu Dhabi,AE,2008-03-07,12:00:00,1204866000,20.6,16.0,25.2,23.0,313.0,0.0,0.0,United Arab Emirates
Abu Dhabi,AE,2008-03-08,12:00:00,1204952400,20.6,16.4,24.8,25.4,305.0,0.0,0.0,United Arab Emirates
Abu Dhabi,AE,2008-03-09,12:00:00,1205038800,20.3,15.3,25.2,19.5,316.0,0.0,0.0,United Arab Emirates
Abu Dhabi,AE,2008-03-10,12:00:00,1205125200,21.2,14.4,28.3,20.8,357.0,0.0,0.0,United Arab Emirates
Abu Dhabi,AE,2008-03-11,12:00:00,1205211600,21.8,15.4,28.5,20.3,343.0,0.0,0.0,United Arab Emirates
Abu Dhabi,AE,2008-03-12,12:00:00,1205298000,21.5,14.0,29.7,18.6,24.0,0.0,0.0,United Arab Emirates
Abu Dhabi,AE,2008-03-13,12:00:00,1205384400,23.0,13.8,31.3,15.5,73.0,0.0,0.0,United Arab Emirates
Abu Dhabi,AE,2008-03-14,12:00:00,1205470800,25.0,17.9,31.9,19.8,135.0,0.0,0.0,United Arab Emirates
Abu Dhabi,AE,2008-03-15,12:00:00,1205557200,22.9,17.5,28.4,22.7,325.0,0.0,0.0,United Arab Emirates
Abu Dhabi,AE,2008-03-16,12:00:00,1205643600,21.9,17.0,26.6,23.7,295.0,0.0,0.0,United Arab Emirates
Abu Dhabi,AE,2008-03-17,12:00:00,1205730000,22.9,18.6,27.7,23.9,301.0,0.0,0.0,United Arab Emirates
Abu Dhabi,AE,2008-03-18,12:00:00,1205816400,23.3,18.3,28.7,20.7,307.0,0.0,0.0,United Arab Emirates
Abu Dhabi,AE,2008-03-19,12:00:00,1205902800,23.7,17.4,31.0,21.2,319.0,0.0,0.0,United Arab Emirates
Abu Dhabi,AE,2008-03-20,12:00:00,1205989200,25.2,16.7,32.3,21.1,302.0,0.0,0.0,United Arab Emirates
Abu Dhabi,AE,2008-03-21,12:00:00,1206075600,24.4,21.3,28.7,31.6,297.0,0.0,0.0,United Arab Emirates
Abu Dhabi,AE,2008-03-22,12:00:00,1206162000,23.2,19.9,27.1,25.9,294.0,0.0,0.0,United Arab Emirates
Abu Dhabi,AE,2008-03-23,12:00:00,1206248400,22.1,16.5,28.8,18.9,299.0,0.0,0.0,United Arab Emirates
Abu Dhabi,AE,2008-03-24,12:00:00,1206334800,22.7,18.0,29.4,19.9,302.0,0.0,0.0,United Arab Emirates
Abu Dhabi,AE,2008-03-25,12:00:00,1206421200,24.4,16.3,32.7,19.6,306.0,0.0,0.0,United Arab Emirates
Abu Dhabi,AE,2008-03-26,12:00:00,1206507600,25.2,15.9,33.5,18.2,52.0,0.0,0.0,United Arab Emirates
Abu Dhabi,AE,2008-03-27,12:00:00,1206594000,26.9,19.6,34.5,17.6,73.0,0.0,0.0,United Arab Emirates
Abu Dhabi,AE,2008-03-28,12:00:00,1206680400,26.2,18.7,33.2,20.9,351.0,0.0,0.0,United Arab Emirates
Abu Dhabi,AE,2008-03-29,12:00:00,1206766800,25.8,18.0,33.2,21.9,296.0,0.0,0.0,United Arab Emirates
Abu Dhabi,AE,2008-03-30,12:00:00,1206853200,26.1,17.7,33.5,17.6,323.0,0.0,0.0,United Arab Emirates
Abu Dhabi,AE,2008-03-31,12:00:00,1206939600,26.5,17.9,34.2,17.7,316.0,0.0,0.0,United Arab Emirates
Abu Dhabi,AE,2008-04-01,12:00:00,1207026000,27.3,19.6,34.4,21.1,216.0,0.0,0.0,United Arab Emirates
Abu Dhabi,AE,2008-04-02,12:00:00,1207112400,26.7,22.5,33.0,26.8,250.0,0.0,0.0,United Arab Emirates
Abu Dhabi,AE,2008-04-03,12:00:00,1207198800,25.6,22.6,29.2,27.8,292.0,0.0,0.0,United Arab Emirates
Abu Dhabi,AE,2008-04-04,12:00:00,1207285200,24.8,21.3,29.1,22.6,288.0,0.0,0.0,United Arab Emirates
Abu Dhabi,AE,2008-04-05,12:00:00,1207371600,25.5,19.6,32.2,22.2,288.0,0.0,0.0,United Arab Emirates
Abu Dhabi,AE,2008-04-06,12:00:00,1207458000,26.3,23.5,30.8,22.8,292.0,0.0,0.0,United Arab Emirates
Abu Dhabi,AE,2008-04-07,12:00:00,1207544400,25.8,20.4,31.3,16.3,333.0,0.0,0.0,United Arab Emirates
Abu Dhabi,AE,2008-04-08,12:00:00,1207630800,27.1,22.1,34.1,33.2,30.0,0.0,0.0,United Arab Emirates
Abu Dhabi,AE,2008-04-09,12:00:00,1207717200,26.5,23.4,29.5,26.6,351.0,0.0,0.0,United Arab Emirates
Abu Dhabi,AE,2008-04-10,12:00:00,1207803600,26.9,24.2,31.0,38.2,351.0,0.0,0.0,United Arab Emirates
Abu Dhabi,AE,2008-04-11,12:00:00,1207890000,26.9,23.9,31.3,23.8,328.0,0.0,0.0,United Arab Emirates
Abu Dhabi,AE,2008-04-12,12:00:00,1207976400,27.4,23.1,31.9,27.8,289.0,0.0,0.0,United Arab Emirates
Abu Dhabi,AE,2008-04-13,12:00:00,1208062800,27.5,23.5,31.7,30.9,293.0,0.0,0.0,United Arab Emirates
Abu Dhabi,AE,2008-04-14,12:00:00,1208149200,26.7,24.2,29.8,34.3,288.0,0.0,0.0,United Arab Emirates
Abu Dhabi,AE,2008-04-15,12:00:00,1208235600,26.2,22.0,30.8,23.8,329.0,0.0,0.0,United Arab Emirates
Abu Dhabi,AE,2008-04-16,12:00:00,1208322000,29.3,23.1,35.7,25.3,33.0,0.0,0.0,United Arab Emirates
Abu Dhabi,AE,2008-04-17,12:00:00,1208408400,29.0,24.0,34.6,21.1,14.0,0.0,0.0,United Arab Emirates
Abu Dhabi,AE,2008-04-18,12:00:00,1208494800,28.0,20.7,34.8,20.3,335.0,0.0,0.0,United Arab Emirates
Abu Dhabi,AE,2008-04-19,12:00:00,1208581200,26.2,22.7,29.9,25.7,294.0,0.0,0.0,United Arab Emirates
Abu Dhabi,AE,2008-04-20,12:00:00,1208667600,26.3,20.5,31.4,20.5,275.0,0.0,0.0,United Arab Emirates
Abu Dhabi,AE,2008-04-21,12:00:00,1208754000,26.8,18.1,35.0,20.4,282.0,0.0,0.0,United Arab Emirates
Abu Dhabi,AE,2008-04-22,12:00:00,1208840400,25.8,21.1,30.0,20.4,307.0,0.0,0.0,United Arab Emirates
Abu Dhabi,AE,2008-04-23,12:00:00,1208926800,24.7,19.2,29.9,19.3,324.0,0.0,0.0,United Arab Emirates
Abu Dhabi,AE,2008-04-24,12:00:00,1209013200,24.8,17.1,31.1,21.9,318.0,0.0,0.0,United Arab Emirates
Abu Dhabi,AE,2008-04-25,12:00:00,1209099600,26.7,18.8,33.1,21.3,319.0,0.0,0.0,United Arab Emirates
Abu Dhabi,AE,2008-04-26,12:00:00,1209186000,27.3,19.5,34.5,22.7,13.0,0.0,0.0,United Arab Emirates
Abu Dhabi,AE,2008-04-27,12:00:00,1209272400,27.9,19.6,34.3,24.6,315.0,0.0,0.0,United Arab Emirates
Abu Dhabi,AE,2008-04-28,12:00:00,1209358800,27.7,21.0,34.3,23.4,302.0,0.0,0.0,United Arab Emirates
Abu Dhabi,AE,2008-04-29,12:00:00,1209445200,27.9,18.8,35.9,17.3,254.0,0.0,0.0,United Arab Emirates
Abu Dhabi,AE,2008-04-30,12:00:00,1209531600,29.4,20.2,37.1,19.0,308.0,0.0,0.0,United Arab Emirates
Abu Dhabi,AE,2008-05-01,12:00:00,1209618000,29.4,22.6,35.7,23.0,300.0,0.0,0.0,United Arab Emirates
Abu Dhabi,AE,2008-05-02,12:00:00,1209704400,29.4,24.1,34.0,27.0,306.0,0.0,0.0,United Arab Emirates
Abu Dhabi,AE,2008-05-03,12:00:00,1209790800,29.7,23.2,35.9,21.6,321.0,0.0,0.0,United Arab Emirates
Abu Dhabi,AE,2008-05-04,12:00:00,1209877200,30.6,24.3,36.3,18.9,326.0,0.0,0.0,United Arab Emirates
Abu Dhabi,AE,2008-05-05,12:00:00,1209963600,32.9,26.1,38.2,21.7,347.0,0.0,0.0,United Arab Emirates
Abu Dhabi,AE,2008-05-06,12:00:00,1210050000,33.0,27.7,38.0,32.0,236.0,0.0,0.0,United Arab Emirates
Abu Dhabi,AE,2008-05-07,12:00:00,1210136400,31.1,27.1,35.6,25.1,306.0,0.0,0.0,United Arab Emirates
Abu Dhabi,AE,2008-05-08,12:00:00,1210222800,31.2,25.3,36.3,22.2,303.0,0.0,0.0,United Arab Emirates
Abu Dhabi,AE,2008-05-09,12:00:00,1210309200,32.4,22.7,40.4,16.5,109.0,0.0,0.0,United Arab Emirates
Abu Dhabi,AE,2008-05-10,12:00:00,1210395600,33.1,27.3,39.2,21.6,242.0,0.0,0.0,United Arab Emirates
Abu Dhabi,AE,2008-05-11,12:00:00,1210482000,32.6,24.2,39.4,18.5,358.0,0.0,0.0,United Arab Emirates
Abu Dhabi,AE,2008-05-12,12:00:00,1210568400,32.1,24.9,38.9,21.8,1.0,0.0,0.0,United Arab Emirates
Abu Dhabi,AE,2008-05-13,12:00:00,1210654800,31.9,25.9,37.4,20.0,306.0,0.0,0.0,United Arab Emirates
Abu Dhabi,AE,2008-05-14,12:00:00,1210741200,32.9,28.1,38.0,23.5,312.0,0.0,0.0,United Arab Emirates
Abu Dhabi,AE,2008-05-15,12:00:00,1210827600,33.9,29.5,39.3,21.1,303.0,0.0,0.0,United Arab Emirates
Abu Dhabi,AE,2008-05-16,12:00:00,1210914000,32.2,27.7,36.6,23.8,304.0,0.0,0.0,United Arab Emirates
Abu Dhabi,AE,2008-05-17,12:00:00,1211000400,31.9,26.4,37.8,22.7,287.0,0.0,0.0,United Arab Emirates
Abu Dhabi,AE,2008-05-18,12:00:00,1211086800,32.5,27.8,37.6,28.8,295.0,0.0,0.0,United Arab Emirates
Abu Dhabi,AE,2008-05-19,12:00:00,1211173200,32.0,27.8,36.5,31.8,288.0,0.0,0.0,United Arab Emirates
Abu Dhabi,AE,2008-05-20,12:00:00,1211259600,32.1,28.0,36.4,33.5,284.0,0.0,0.0,United Arab Emirates
Abu Dhabi,AE,2008-05-21,12:00:00,1211346000,31.9,29.0,36.2,39.5,288.0,0.0,0.0,United Arab Emirates
Abu Dhabi,AE,2008-05-22,12:00:00,1211432400,31.0,28.0,34.7,35.3,281.0,0.0,0.0,United Arab Emirates
Abu Dhabi,AE,2008-05-23,12:00:00,1211518800,29.8,24.4,35.1,20.5,257.0,0.0,0.0,United Arab Emirates
Abu Dhabi,AE,2008-05-24,12:00:00,1211605200,29.4,23.5,35.6,19.5,297.0,0.0,0.0,United Arab Emirates
Abu Dhabi,AE,2008-05-25,12:00:00,1211691600,31.3,23.1,39.2,30.0,173.0,0.0,0.0,United Arab Emirates
Abu Dhabi,AE,2008-05-26,12:00:00,1211778000,32.5,25.9,38.8,31.2,176.0,0.0,0.0,United Arab Emirates
Abu Dhabi,AE,2008-05-27,12:00:00,1211864400,33.4,28.3,38.8,24.2,199.0,0.0,0.0,United Arab Emirates
Abu Dhabi,AE,2008-05-28,12:00:00,1211950800,33.5,27.0,39.5,26.2,318.0,0.0,0.0,United Arab Emirates
Abu Dhabi,AE,2008-05-29,12:00:00,1212037200,33.9,27.3,40.3,24.5,289.0,0.0,0.0,United Arab Emirates
Abu Dhabi,AE,2008-05-30,12:00:00,1212123600,34.1,27.7,40.3,26.7,297.0,0.0,0.0,United Arab Emirates
Abu Dhabi,AE,2008-05-31,12:00:00,1212210000,33.7,28.0,39.3,25.3,278.0,0.0,0.0,United Arab Emirates
Abu Dhabi,AE,2008-06-01,12:00:00,1212296400,33.1,27.0,38.7,26.0,280.0,0.0,0.0,United Arab Emirates
Abu Dhabi,AE,2008-06-02,12:00:00,1212382800,34.7,30.4,40.1,27.6,287.0,0.0,0.0,United Arab Emirates
Abu Dhabi,AE,2008-06-03,12:00:00,1212469200,34.5,28.0,40.8,26.3,280.0,0.0,0.0,United Arab Emirates
Abu Dhabi,AE,2008-06-04,12:00:00,1212555600,33.0,26.3,39.1,21.8,293.0,0.0,0.0,United Arab Emirates
Abu Dhabi,AE,2008-06-05,12:00:00,1212642000,31.9,27.9,36.9,21.4,303.0,0.0,0.0,United Arab Emirates
Abu Dhabi,AE,2008-06-06,12:00:00,1212728400,31.6,27.8,36.2,24.3,300.0,0.0,0.0,United Arab Emirates
Abu Dhabi,AE,2008-06-07,12:00:00,1212814800,31.3,27.0,35.7,24.0,303.0,0.0,0.0,United Arab Emirates
Abu Dhabi,AE,2008-06-08,12:00:00,1212901200,30.8,25.8,35.5,23.1,298.0,0.0,0.0,United Arab Emirates
Abu Dhabi,AE,2008-06-09,12:00:00,1212987600,30.9,28.4,34.3,32.1,298.0,0.0,0.0,United Arab Emirates
Abu Dhabi,AE,2008-06-10,12:00:00,1213074000,30.5,26.8,34.5,29.7,286.0,0.0,0.0,United Arab Emirates
Abu Dhabi,AE,2008-06-11,12:00:00,1213160400,30.6,25.2,35.4,23.5,281.0,0.0,0.0,United Arab Emirates
Abu Dhabi,AE,2008-06-12,12:00:00,1213246800,31.0,26.6,35.4,28.0,292.0,0.0,0.0,United Arab Emirates
Abu Dhabi,AE,2008-06-13,12:00:00,1213333200,32.0,29.3,35.2,39.2,285.0,0.0,0.0,United Arab Emirates
Abu Dhabi,AE,2008-06-14,12:00:00,1213419600,31.6,29.8,34.0,40.6,285.0,0.0,0.0,United Arab Emirates
Abu Dhabi,AE,2008-06-15,12:00:00,1213506000,31.6,29.3,34.7,38.3,280.0,0.0,0.0,United Arab Emirates
Abu Dhabi,AE,2008-06-16,12:00:00,1213592400,31.0,28.1,34.5,30.7,272.0,0.0,0.0,United Arab Emirates
Abu Dhabi,AE,2008-06-17,12:00:00,1213678800,30.4,26.1,34.7,25.4,267.0,0.0,0.0,United Arab Emirates
Abu Dhabi,AE,2008-06-18,12:00:00,1213765200,30.5,25.5,35.2,22.5,267.0,0.0,0.0,United Arab Emirates
Abu Dhabi,AE,2008-06-19,12:00:00,1213851600,30.7,25.1,35.9,21.7,271.0,0.0,0.0,United Arab Emirates
Abu Dhabi,AE,2008-06-20,12:00:00,1213938000,31.4,24.2,37.8,15.9,276.0,0.0,0.0,United Arab Emirates
Abu Dhabi,AE,2008-06-21,12:00:00,1214024400,32.6,25.5,38.8,20.0,322.0,0.0,0.0,United Arab Emirates
Abu Dhabi,AE,2008-06-22,12:00:00,1214110800,32.6,26.4,38.4,23.0,274.0,0.0,0.0,United Arab Emirates
Abu Dhabi,AE,2008-06-23,12:00:00,1214197200,32.4,26.6,38.2,22.0,271.0,0.0,0.0,United Arab Emirates
Abu Dhabi,AE,2008-06-24,12:00:00,1214283600,33.4,27.0,40.0,22.1,271.0,0.0,0.0,United Arab Emirates
Abu Dhabi,AE,2008-06-25,12:00:00,1214370000,33.6,26.5,40.7,20.9,281.0,0.0,0.0,United Arab Emirates
Abu Dhabi,AE,2008-06-26,12:00:00,1214456400,32.9,28.1,37.8,26.1,282.0,0.0,0.0,United Arab Emirates
Abu Dhabi,AE,2008-06-27,12:00:00,1214542800,31.4,25.8,37.6,18.4,304.0,0.0,0.0,United Arab Emirates
Abu Dhabi,AE,2008-06-28,12:00:00,1214629200,31.9,25.8,38.3,22.0,285.0,0.0,0.0,United Arab Emirates
Abu Dhabi,AE,2008-06-29,12:00:00,1214715600,33.5,27.7,40.4,28.9,342.0,0.0,0.0,United Arab Emirates
Abu Dhabi,AE,2008-06-30,12:00:00,1214802000,33.0,28.2,37.8,20.4,338.0,0.0,0.0,United Arab Emirates
Abu Dhabi,AE,2008-07-01,12:00:00,1214888400,33.9,28.5,39.0,19.0,313.0,0.0,0.0,United Arab Emirates
Abu Dhabi,AE,2008-07-02,12:00:00,1214974800,35.4,30.6,40.5,19.4,333.0,0.0,0.0,United Arab Emirates
Abu Dhabi,AE,2008-07-03,12:00:00,1215061200,33.0,25.6,38.9,24.3,291.0,0.0,0.0,United Arab Emirates
Abu Dhabi,AE,2008-07-04,12:00:00,1215147600,32.3,25.5,38.2,24.9,268.0,0.0,0.0,United Arab Emirates
Abu Dhabi,AE,2008-07-05,12:00:00,1215234000,31.9,26.0,38.2,26.3,262.0,0.0,0.0,United Arab Emirates
Abu Dhabi,AE,2008-07-06,12:00:00,1215320400,31.4,27.0,36.1,22.7,302.0,0.0,0.0,United Arab Emirates
Abu Dhabi,AE,2008-07-07,12:00:00,1215406800,32.0,27.3,37.4,20.0,281.0,0.0,0.0,United Arab Emirates
Abu Dhabi,AE,2008-07-08,12:00:00,1215493200,32.3,27.9,37.4,23.0,315.0,0.0,0.0,United Arab Emirates
Abu Dhabi,AE,2008-07-09,12:00:00,1215579600,32.5,28.0,37.5,26.1,300.0,0.0,0.0,United Arab Emirates
Abu Dhabi,AE,2008-07-10,12:00:00,1215666000,33.0,28.6,37.8,27.7,300.0,0.0,0.0,United Arab Emirates
Abu Dhabi,AE,2008-07-11,12:00:00,1215752400,33.2,28.0,37.1,24.8,290.0,0.0,0.0,United Arab Emirates
Abu Dhabi,AE,2008-07-12,12:00:00,1215838800,33.0,28.3,38.2,20.6,270.0,0.0,0.0,United Arab Emirates
Abu Dhabi,AE,2008-07-13,12:00:00,1215925200,33.2,27.3,37.9,16.5,291.0,0.0,0.0,United Arab Emirates
Abu Dhabi,AE,2008-07-14,12:00:00,1216011600,36.0,29.3,42.7,16.1,24.0,0.0,0.0,United Arab Emirates
Abu Dhabi,AE,2008-07-15,12:00:00,1216098000,36.5,30.2,43.9,27.7,101.0,0.0,0.0,United Arab Emirates
Abu Dhabi,AE,2008-07-16,12:00:00,1216184400,34.8,29.7,41.2,24.8,344.0,0.0,0.0,United Arab Emirates
Abu Dhabi,AE,2008-07-17,12:00:00,1216270800,33.8,29.4,38.5,21.5,320.0,0.0,0.0,United Arab Emirates
Abu Dhabi,AE,2008-07-18,12:00:00,1216357200,33.4,28.1,39.1,21.0,310.0,0.0,0.0,United Arab Emirates
Abu Dhabi,AE,2008-07-19,12:00:00,1216443600,33.8,27.0,40.2,21.9,343.0,0.0,0.0,United Arab Emirates
Abu Dhabi,AE,2008-07-20,12:00:00,1216530000,35.1,27.2,42.3,21.4,27.0,0.0,0.0,United Arab Emirates
Abu Dhabi,AE,2008-07-21,12:00:00,1216616400,35.1,28.6,42.1,26.2,1.0,0.0,0.0,United Arab Emirates
Abu Dhabi,AE,2008-07-22,12:00:00,1216702800,35.1,30.3,40.4,22.3,0.0,0.0,0.0,United Arab Emirates
Abu Dhabi,AE,2008-07-23,12:00:00,1216789200,36.9,30.8,42.9,23.1,65.0,0.0,0.0,United Arab Emirates
Abu Dhabi,AE,2008-07-24,12:00:00,1216875600,37.6,33.3,42.6,21.3,145.0,0.0,0.0,United Arab Emirates
Abu Dhabi,AE,2008-07-25,12:00:00,1216962000,35.4,30.4,41.4,22.2,271.0,0.0,0.0,United Arab Emirates
Abu Dhabi,AE,2008-07-26,12:00:00,1217048400,33.6,28.4,39.1,20.7,279.0,0.0,0.0,United Arab Emirates
Abu Dhabi,AE,2008-07-27,12:00:00,1217134800,33.7,26.7,39.7,14.7,341.0,0.0,0.0,United Arab Emirates
Abu Dhabi,AE,2008-07-28,12:00:00,1217221200,35.4,30.1,41.3,19.6,330.0,0.0,0.0,United Arab Emirates
Abu Dhabi,AE,2008-07-29,12:00:00,1217307600,34.4,30.7,38.7,20.4,319.0,0.0,0.0,United Arab Emirates
Abu Dhabi,AE,2008-07-30,12:00:00,1217394000,34.6,31.5,38.1,21.6,306.0,0.0,0.0,United Arab Emirates
Abu Dhabi,AE,2008-07-31,12:00:00,1217480400,35.4,31.2,40.6,20.8,319.0,0.0,0.0,United Arab Emirates
Abu Dhabi,AE,2008-08-01,12:00:00,1217566800,35.7,31.7,41.9,27.0,345.0,0.0,0.0,United Arab Emirates
Abu Dhabi,AE,2008-08-02,12:00:00,1217653200,34.2,28.7,39.6,22.4,353.0,0.0,0.0,United Arab Emirates
Abu Dhabi,AE,2008-08-03,12:00:00,1217739600,36.1,31.1,40.1,21.4,30.0,0.0,0.0,United Arab Emirates
Abu Dhabi,AE,2008-08-04,12:00:00,1217826000,39.1,35.7,41.4,28.1,135.0,0.0,0.0,United Arab Emirates
Abu Dhabi,AE,2008-08-05,12:00:00,1217912400,37.6,33.4,41.1,23.6,125.0,0.0,0.0,United Arab Emirates
Abu Dhabi,AE,2008-08-06,12:00:00,1217998800,36.7,33.3,40.2,22.3,104.0,0.0,0.0,United Arab Emirates
Abu Dhabi,AE,2008-08-07,12:00:00,1218085200,35.8,32.3,39.6,24.2,48.0,0.0,0.0,United Arab Emirates
Abu Dhabi,AE,2008-08-08,12:00:00,1218171600,35.4,32.4,39.9,26.8,14.0,0.8,0.0,United Arab Emirates
Abu Dhabi,AE,2008-08-09,12:00:00,1218258000,34.0,31.1,38.1,27.9,348.0,0.0,0.0,United Arab Emirates
Abu Dhabi,AE,2008-08-10,12:00:00,1218344400,34.2,30.4,38.9,20.8,327.0,0.0,0.0,United Arab Emirates
Abu Dhabi,AE,2008-08-11,12:00:00,1218430800,34.0,30.3,38.8,23.7,318.0,0.0,0.0,United Arab Emirates
Abu Dhabi,AE,2008-08-12,12:00:00,1218517200,34.1,29.5,39.0,22.7,271.0,0.0,0.0,United Arab Emirates
Abu Dhabi,AE,2008-08-13,12:00:00,1218603600,34.0,29.7,39.0,17.0,266.0,0.0,0.0,United Arab Emirates
Abu Dhabi,AE,2008-08-14,12:00:00,1218690000,33.1,29.9,37.2,18.3,295.0,0.0,0.0,United Arab Emirates
Abu Dhabi,AE,2008-08-15,12:00:00,1218776400,33.4,29.9,37.2,22.0,319.0,0.0,0.0,United Arab Emirates
Abu Dhabi,AE,2008-08-16,12:00:00,1218862800,34.7,30.7,40.1,21.8,351.0,0.1,0.0,United Arab Emirates
Abu Dhabi,AE,2008-08-17,12:00:00,1218949200,37.0,32.6,41.9,18.9,19.0,0.0,0.0,United Arab Emirates
Abu Dhabi,AE,2008-08-18,12:00:00,1219035600,36.3,31.9,41.3,20.8,283.0,0.0,0.0,United Arab Emirates
Abu Dhabi,AE,2008-08-19,12:00:00,1219122000,34.8,29.0,41.3,21.7,15.0,0.0,0.0,United Arab Emirates
Abu Dhabi,AE,2008-08-20,12:00:00,1219208400,35.9,30.5,42.0,28.6,173.0,0.0,0.0,United Arab Emirates
Abu Dhabi,AE,2008-08-21,12:00:00,1219294800,36.5,32.2,41.5,17.1,201.0,0.0,0.0,United Arab Emirates
Abu Dhabi,AE,2008-08-22,12:00:00,1219381200,35.3,28.9,42.0,22.5,259.0,0.0,0.0,United Arab Emirates
Abu Dhabi,AE,2008-08-23,12:00:00,1219467600,34.8,27.7,42.2,19.3,126.0,0.0,0.0,United Arab Emirates
Abu Dhabi,AE,2008-08-24,12:00:00,1219554000,35.4,29.8,40.6,21.3,131.0,0.0,0.0,United Arab Emirates
Abu Dhabi,AE,2008-08-25,12:00:00,1219640400,34.5,30.5,39.2,24.6,203.0,0.0,0.0,United Arab Emirates
Abu Dhabi,AE,2008-08-26,12:00:00,1219726800,34.0,28.8,39.7,25.9,354.0,0.0,0.0,United Arab Emirates
Abu Dhabi,AE,2008-08-27,12:00:00,1219813200,33.8,29.1,39.6,25.6,348.0,0.0,0.0,United Arab Emirates
Abu Dhabi,AE,2008-08-28,12:00:00,1219899600,34.6,29.2,41.7,26.2,8.0,0.0,0.0,United Arab Emirates
Abu Dhabi,AE,2008-08-29,12:00:00,1219986000,34.0,29.3,40.3,22.7,8.0,0.0,0.0,United Arab Emirates
Abu Dhabi,AE,2008-08-30,12:00:00,1220072400,33.9,28.3,40.4,24.1,36.0,0.0,0.0,United Arab Emirates
Abu Dhabi,AE,2008-08-31,12:00:00,1220158800,36.1,30.3,42.4,30.0,149.0,0.0,0.0,United Arab Emirates
Abu Dhabi,AE,2008-09-01,12:00:00,1220245200,36.0,32.1,41.0,30.5,151.0,0.0,0.0,United Arab Emirates
Abu Dhabi,AE,2008-09-02,12:00:00,1220331600,35.5,31.4,39.6,27.6,148.0,0.1,0.0,United Arab Emirates
Abu Dhabi,AE,2008-09-03,12:00:00,1220418000,34.1,29.6,38.3,20.0,138.0,0.0,0.0,United Arab Emirates
Abu Dhabi,AE,2008-09-04,12:00:00,1220504400,33.6,29.6,38.3,24.0,350.0,0.0,0.0,United Arab Emirates
Abu Dhabi,AE,2008-09-05,12:00:00,1220590800,32.9,27.8,38.2,24.3,331.0,0.0,0.0,United Arab Emirates
Abu Dhabi,AE,2008-09-06,12:00:00,1220677200,32.7,27.6,39.0,23.3,341.0,0.0,0.0,United Arab Emirates
Abu Dhabi,AE,2008-09-07,12:00:00,1220763600,33.8,27.6,40.0,23.6,37.0,0.0,0.0,United Arab Emirates
Abu Dhabi,AE,2008-09-08,12:00:00,1220850000,35.8,31.2,41.6,30.8,123.0,0.0,0.0,United Arab Emirates
Abu Dhabi,AE,2008-09-09,12:00:00,1220936400,34.9,30.8,39.7,31.7,159.0,0.0,0.0,United Arab Emirates
Abu Dhabi,AE,2008-09-10,12:00:00,1221022800,34.1,30.1,39.5,23.4,180.0,0.0,0.0,United Arab Emirates
Abu Dhabi,AE,2008-09-11,12:00:00,1221109200,33.3,28.6,39.0,23.6,258.0,0.0,0.0,United Arab Emirates
Abu Dhabi,AE,2008-09-12,12:00:00,1221195600,33.4,27.2,40.1,19.1,122.0,0.0,0.0,United Arab Emirates
Abu Dhabi,AE,2008-09-13,12:00:00,1221282000,32.5,27.1,38.1,19.4,300.0,0.0,0.0,United Arab Emirates
Abu Dhabi,AE,2008-09-14,12:00:00,1221368400,32.2,27.4,37.1,18.6,308.0,0.0,0.0,United Arab Emirates
Abu Dhabi,AE,2008-09-15,12:00:00,1221454800,32.5,28.5,37.8,22.5,303.0,0.0,0.0,United Arab Emirates
Abu Dhabi,AE,2008-09-16,12:00:00,1221541200,32.9,28.0,37.7,20.0,289.0,0.0,0.0,United Arab Emirates
Abu Dhabi,AE,2008-09-17,12:00:00,1221627600,34.0,31.0,38.0,30.5,298.0,0.0,0.0,United Arab Emirates
Abu Dhabi,AE,2008-09-18,12:00:00,1221714000,32.2,29.4,35.9,27.1,290.0,0.0,0.0,United Arab Emirates
Abu Dhabi,AE,2008-09-19,12:00:00,1221800400,30.3,25.4,35.0,16.2,337.0,0.0,0.0,United Arab Emirates
Abu Dhabi,AE,2008-09-20,12:00:00,1221886800,31.7,26.5,37.0,25.0,345.0,0.0,0.0,United Arab Emirates
Abu Dhabi,AE,2008-09-21,12:00:00,1221973200,33.1,28.7,38.4,22.1,330.0,0.0,0.0,United Arab Emirates
Abu Dhabi,AE,2008-09-22,12:00:00,1222059600,31.9,26.9,37.5,25.4,271.0,0.0,0.0,United Arab Emirates
Abu Dhabi,AE,2008-09-23,12:00:00,1222146000,31.7,26.1,37.2,20.9,305.0,0.0,0.0,United Arab Emirates
Abu Dhabi,AE,2008-09-24,12:00:00,1222232400,30.6,24.7,36.1,17.3,300.0,0.0,0.0,United Arab Emirates
Abu Dhabi,AE,2008-09-25,12:00:00,1222318800,30.5,23.1,38.1,19.9,51.0,0.0,0.0,United Arab Emirates
Abu Dhabi,AE,2008-09-26,12:00:00,1222405200,32.0,25.8,39.3,27.4,163.0,0.0,0.0,United Arab Emirates
Abu Dhabi,AE,2008-09-27,12:00:00,1222491600,30.8,25.4,35.8,22.4,311.0,0.0,0.0,United Arab Emirates
Abu Dhabi,AE,2008-09-28,12:00:00,1222578000,31.2,26.6,35.9,21.4,279.0,0.0,0.0,United Arab Emirates
Abu Dhabi,AE,2008-09-29,12:00:00,1222664400,31.9,28.5,35.5,21.6,290.0,0.0,0.0,United Arab Emirates
Abu Dhabi,AE,2008-09-30,12:00:00,1222750800,31.3,27.7,34.9,17.6,310.0,0.0,0.0,United Arab Emirates
Abu Dhabi,AE,2008-10-01,12:00:00,1222837200,31.3,27.4,35.8,19.2,349.0,0.0,0.0,United Arab Emirates
Abu Dhabi,AE,2008-10-02,12:00:00,1222923600,31.4,27.1,36.2,23.7,325.0,0.0,0.0,United Arab Emirates
Abu Dhabi,AE,2008-10-03,12:00:00,1223010000,30.9,28.1,34.2,22.7,312.0,0.0,0.0,United Arab Emirates
Abu Dhabi,AE,2008-10-04,12:00:00,1223096400,30.4,25.8,34.7,19.1,338.0,0.0,0.0,United Arab Emirates
Abu Dhabi,AE,2008-10-05,12:00:00,1223182800,31.2,27.8,35.0,17.7,319.0,0.0,0.0,United Arab Emirates
Abu Dhabi,AE,2008-10-06,12:00:00,1223269200,30.9,26.9,34.9,22.1,283.0,0.0,0.0,United Arab Emirates
Abu Dhabi,AE,2008-10-07,12:00:00,1223355600,30.5,25.5,35.1,21.1,288.0,0.0,0.0,United Arab Emirates
Abu Dhabi,AE,2008-10-08,12:00:00,1223442000,29.9,23.7,35.3,20.9,297.0,0.0,0.0,United Arab Emirates
Abu Dhabi,AE,2008-10-09,12:00:00,1223528400,30.3,23.5,37.0,19.2,29.0,0.0,0.0,United Arab Emirates
Abu Dhabi,AE,2008-10-10,12:00:00,1223614800,31.2,25.0,37.1,18.9,20.0,0.0,0.0,United Arab Emirates
Abu Dhabi,AE,2008-10-11,12:00:00,1223701200,31.3,25.6,37.1,21.3,23.0,0.0,0.0,United Arab Emirates
Abu Dhabi,AE,2008-10-12,12:00:00,1223787600,31.9,26.1,37.8,21.2,81.0,0.0,0.0,United Arab Emirates
Abu Dhabi,AE,2008-10-13,12:00:00,1223874000,31.2,25.7,36.1,19.9,351.0,0.0,0.0,United Arab Emirates
Abu Dhabi,AE,2008-10-14,12:00:00,1223960400,30.6,25.6,35.8,22.9,342.0,0.0,0.0,United Arab Emirates
Abu Dhabi,AE,2008-10-15,12:00:00,1224046800,30.2,25.6,35.5,25.6,331.0,0.0,0.0,United Arab Emirates
Abu Dhabi,AE,2008-10-16,12:00:00,1224133200,30.3,24.7,37.1,15.8,9.0,0.0,0.0,United Arab Emirates
Abu Dhabi,AE,2008-10-17,12:00:00,1224219600,30.4,24.1,37.0,19.9,69.0,0.0,0.0,United Arab Emirates
Abu Dhabi,AE,2008-10-18,12:00:00,1224306000,29.8,23.8,36.0,17.9,38.0,0.0,0.0,United Arab Emirates
Abu Dhabi,AE,2008-10-19,12:00:00,1224392400,28.9,24.0,33.7,16.6,328.0,0.0,0.0,United Arab Emirates
Abu Dhabi,AE,2008-10-20,12:00:00,1224478800,28.6,23.5,33.8,19.5,18.0,0.0,0.0,United Arab Emirates
Abu Dhabi,AE,2008-10-21,12:00:00,1224565200,29.7,24.0,35.0,20.6,43.0,0.0,0.0,United Arab Emirates
Abu Dhabi,AE,2008-10-22,12:00:00,1224651600,29.2,23.9,34.2,23.4,91.0,0.0,0.0,United Arab Emirates
Abu Dhabi,AE,2008-10-23,12:00:00,1224738000,29.3,23.8,34.2,23.1,15.0,0.0,0.0,United Arab Emirates
Abu Dhabi,AE,2008-10-24,12:00:00,1224824400,29.6,23.6,34.7,14.2,54.0,0.0,0.0,United Arab Emirates
Abu Dhabi,AE,2008-10-25,12:00:00,1224910800,29.3,22.7,34.7,15.1,14.0,0.0,0.0,United Arab Emirates
Abu Dhabi,AE,2008-10-26,12:00:00,1224997200,28.9,23.2,34.1,15.4,307.0,0.0,0.0,United Arab Emirates
Abu Dhabi,AE,2008-10-27,12:00:00,1225083600,28.7,23.5,33.7,18.0,309.0,0.0,0.0,United Arab Emirates
Abu Dhabi,AE,2008-10-28,12:00:00,1225170000,29.4,24.6,33.0,20.4,300.0,0.0,0.0,United Arab Emirates
Abu Dhabi,AE,2008-10-29,12:00:00,1225256400,29.2,24.6,34.0,21.7,302.0,0.0,0.0,United Arab Emirates
Abu Dhabi,AE,2008-10-30,12:00:00,1225342800,28.1,21.3,34.0,13.8,40.0,0.0,0.0,United Arab Emirates
Abu Dhabi,AE,2008-10-31,12:00:00,1225429200,28.6,21.4,35.5,20.3,97.0,0.0,0.0,United Arab Emirates
Abu Dhabi,AE,2008-11-01,12:00:00,1225515600,27.8,22.0,32.7,19.4,8.0,0.0,0.0,United Arab Emirates
Abu Dhabi,AE,2008-11-02,12:00:00,1225602000,29.1,25.0,33.9,25.7,21.0,0.0,0.0,United Arab Emirates
Abu Dhabi,AE,2008-11-03,12:00:00,1225688400,29.4,23.9,35.0,17.5,52.0,0.0,0.0,United Arab Emirates
Abu Dhabi,AE,2008-11-04,12:00:00,1225774800,28.2,23.3,32.6,22.1,336.0,0.0,0.0,United Arab Emirates
Abu Dhabi,AE,2008-11-05,12:00:00,1225861200,28.6,25.0,32.0,23.1,330.0,0.0,0.0,United Arab Emirates
Abu Dhabi,AE,2008-11-06,12:00:00,1225947600,27.9,24.7,31.4,22.0,313.0,0.0,0.0,United Arab Emirates
Abu Dhabi,AE,2008-11-07,12:00:00,1226034000,27.4,24.4,30.6,21.2,313.0,0.0,0.0,United Arab Emirates
Abu Dhabi,AE,2008-11-08,12:00:00,1226120400,27.5,25.6,30.2,29.3,323.0,0.0,0.0,United Arab Emirates
Abu Dhabi,AE,2008-11-09,12:00:00,1226206800,26.7,24.4,29.3,20.5,314.0,0.0,0.0,United Arab Emirates
Abu Dhabi,AE,2008-11-10,12:00:00,1226293200,26.4,22.7,29.7,17.3,314.0,0.0,0.0,United Arab Emirates
Abu Dhabi,AE,2008-11-11,12:00:00,1226379600,27.1,23.4,30.8,22.1,336.0,0.0,0.0,United Arab Emirates
Abu Dhabi,AE,2008-11-12,12:00:00,1226466000,27.2,23.4,31.0,22.0,348.0,0.0,0.0,United Arab Emirates
Abu Dhabi,AE,2008-11-13,12:00:00,1226552400,26.6,22.3,30.5,22.0,9.0,0.0,0.0,United Arab Emirates
Abu Dhabi,AE,2008-11-14,12:00:00,1226638800,25.5,19.5,30.6,18.7,63.0,0.0,0.0,United Arab Emirates
Abu Dhabi,AE,2008-11-15,12:00:00,1226725200,25.3,19.4,30.5,21.4,40.0,0.0,0.0,United Arab Emirates
Abu Dhabi,AE,2008-11-16,12:00:00,1226811600,24.3,20.0,27.9,25.4,306.0,0.7,0.0,United Arab Emirates
Abu Dhabi,AE,2008-11-17,12:00:00,1226898000,25.1,22.9,27.8,22.9,313.0,0.0,0.0,United Arab Emirates
Abu Dhabi,AE,2008-11-18,12:00:00,1226984400,24.9,22.5,27.7,23.5,331.0,0.0,0.0,United Arab Emirates
Abu Dhabi,AE,2008-11-19,12:00:00,1227070800,24.8,20.9,28.9,21.7,12.0,0.0,0.0,United Arab Emirates
Abu Dhabi,AE,2008-11-20,12:00:00,1227157200,24.5,18.3,30.1,15.7,49.0,0.0,0.0,United Arab Emirates
Abu Dhabi,AE,2008-11-21,12:00:00,1227243600,24.2,20.9,28.6,15.9,330.0,0.0,0.0,United Arab Emirates
Abu Dhabi,AE,2008-11-22,12:00:00,1227330000,23.2,16.8,27.9,13.6,8.0,0.0,0.0,United Arab Emirates
Abu Dhabi,AE,2008-11-23,12:00:00,1227416400,24.1,18.6,29.2,16.7,39.0,0.0,0.0,United Arab Emirates
Abu Dhabi,AE,2008-11-24,12:00:00,1227502800,23.7,18.6,28.7,16.6,10.0,0.0,0.0,United Arab Emirates
Abu Dhabi,AE,2008-11-25,12:00:00,1227589200,23.8,18.4,28.4,25.5,275.0,0.0,0.0,United Arab Emirates
Abu Dhabi,AE,2008-11-26,12:00:00,1227675600,24.4,22.1,26.5,21.0,289.0,0.0,0.0,United Arab Emirates
Abu Dhabi,AE,2008-11-27,12:00:00,1227762000,23.4,21.3,26.0,18.8,277.0,0.0,0.0,United Arab Emirates
Abu Dhabi,AE,2008-11-28,12:00:00,1227848400,23.2,17.4,27.6,16.2,3.0,0.0,0.0,United Arab Emirates
Abu Dhabi,AE,2008-11-29,12:00:00,1227934800,24.3,19.1,29.5,19.8,61.0,0.0,0.0,United Arab Emirates
Abu Dhabi,AE,2008-11-30,12:00:00,1228021200,23.5,18.1,28.3,14.5,67.0,0.0,0.0,United Arab Emirates
Abu Dhabi,AE,2008-12-01,12:00:00,1228107600,23.5,20.5,27.1,22.3,319.0,0.3,0.0,United Arab Emirates
Abu Dhabi,AE,2008-12-02,12:00:00,1228194000,22.4,20.4,24.7,20.0,309.0,0.0,0.0,United Arab Emirates
Abu Dhabi,AE,2008-12-03,12:00:00,1228280400,20.8,19.3,22.5,22.6,296.0,1.8,0.0,United Arab Emirates
Abu Dhabi,AE,2008-12-04,12:00:00,1228366800,20.2,17.9,22.7,22.7,293.0,0.6,0.0,United Arab Emirates
Abu Dhabi,AE,2008-12-05,12:00:00,1228453200,19.8,17.3,22.6,17.0,289.0,0.1,0.0,United Arab Emirates
Abu Dhabi,AE,2008-12-06,12:00:00,1228539600,18.9,16.5,21.2,19.3,332.0,1.2,0.0,United Arab Emirates
Abu Dhabi,AE,2008-12-07,12:00:00,1228626000,19.7,16.3,23.1,21.2,298.0,0.4,0.0,United Arab Emirates
Abu Dhabi,AE,2008-12-08,12:00:00,1228712400,20.5,16.9,24.3,15.0,294.0,0.0,0.0,United Arab Emirates
Abu Dhabi,AE,2008-12-09,12:00:00,1228798800,20.2,14.7,24.2,15.8,354.0,0.0,0.0,United Arab Emirates
Abu Dhabi,AE,2008-12-10,12:00:00,1228885200,20.1,16.5,24.0,16.6,337.0,0.0,0.0,United Arab Emirates
Abu Dhabi,AE,2008-12-11,12:00:00,1228971600,20.1,14.6,24.3,17.6,316.0,0.0,0.0,United Arab Emirates
Abu Dhabi,AE,2008-12-12,12:00:00,1229058000,20.3,15.7,24.4,19.8,299.0,0.0,0.0,United Arab Emirates
Abu Dhabi,AE,2008-12-13,12:00:00,1229144400,21.5,19.4,24.0,19.1,296.0,0.0,0.0,United Arab Emirates
Abu Dhabi,AE,2008-12-14,12:00:00,1229230800,20.9,17.2,24.9,15.1,315.0,0.0,0.0,United Arab Emirates
Abu Dhabi,AE,2008-12-15,12:00:00,1229317200,20.1,15.4,23.8,17.7,269.0,0.0,0.0,United Arab Emirates
Abu Dhabi,AE,2008-12-16,12:00:00,1229403600,20.5,18.4,23.0,27.2,291.0,0.0,0.0,United Arab Emirates
Abu Dhabi,AE,2008-12-17,12:00:00,1229490000,19.5,16.7,21.8,30.1,285.0,0.0,0.0,United Arab Emirates
Abu Dhabi,AE,2008-12-18,12:00:00,1229576400,18.3,14.0,21.7,21.1,288.0,0.0,0.0,United Arab Emirates
Abu Dhabi,AE,2008-12-19,12:00:00,1229662800,19.4,17.9,21.3,25.7,317.0,0.0,0.0,United Arab Emirates
Abu Dhabi,AE,2008-12-20,12:00:00,1229749200,19.0,15.5,22.3,14.1,353.0,0.0,0.0,United Arab Emirates
Abu Dhabi,AE,2008-12-21,12:00:00,1229835600,18.4,12.3,23.6,21.0,38.0,0.0,0.0,United Arab Emirates
Abu Dhabi,AE,2008-12-22,12:00:00,1229922000,19.7,13.3,25.7,17.3,56.0,0.0,0.0,United Arab Emirates
Abu Dhabi,AE,2008-12-23,12:00:00,1230008400,18.8,11.7,24.8,15.4,6.0,0.0,0.0,United Arab Emirates
Abu Dhabi,AE,2008-12-24,12:00:00,1230094800,19.6,14.3,23.4,13.4,283.0,0.0,0.0,United Arab Emirates
Abu Dhabi,AE,2008-12-25,12:00:00,1230181200,18.3,13.9,23.1,14.3,274.0,0.0,0.0,United Arab Emirates
Abu Dhabi,AE,2008-12-26,12:00:00,1230267600,18.2,12.2,23.5,16.1,268.0,0.0,0.0,United Arab Emirates
Abu Dhabi,AE,2008-12-27,12:00:00,1230354000,19.2,15.2,23.4,18.2,248.0,0.0,0.0,United Arab Emirates
Abu Dhabi,AE,2008-12-28,12:00:00,1230440400,20.5,17.4,24.0,22.1,282.0,0.0,0.0,United Arab Emirates
Abu Dhabi,AE,2008-12-29,12:00:00,1230526800,20.3,17.2,24.1,20.1,289.0,0.0,0.0,United Arab Emirates
Abu Dhabi,AE,2008-12-30,12:00:00,1230613200,20.6,16.7,25.0,18.1,299.0,0.0,0.0,United Arab Emirates
Abu Dhabi,AE,2008-12-31,12:00:00,1230699600,19.8,17.0,23.1,11.0,264.0,0.0,0.0,United Arab Emirates
Abu Dhabi,AE,2009-01-01,12:00:00,1230786000,19.2,16.2,23.3,9.7,180.0,0.0,0.0,United Arab Emirates
Abu Dhabi,AE,2009-01-02,12:00:00,1230872400,19.4,13.8,25.3,26.4,262.0,0.0,0.0,United Arab Emirates
Abu Dhabi,AE,2009-01-03,12:00:00,1230958800,18.9,16.7,20.6,34.9,305.0,0.0,0.0,United Arab Emirates
Abu Dhabi,AE,2009-01-04,12:00:00,1231045200,18.1,16.5,20.3,27.6,300.0,0.0,0.0,United Arab Emirates
Abu Dhabi,AE,2009-01-05,12:00:00,1231131600,18.9,17.2,21.2,27.6,304.0,0.0,0.0,United Arab Emirates
Abu Dhabi,AE,2009-01-06,12:00:00,1231218000,18.4,16.7,20.5,27.5,298.0,0.0,0.0,United Arab Emirates
Abu Dhabi,AE,2009-01-07,12:00:00,1231304400,18.7,16.4,21.4,18.7,304.0,0.0,0.0,United Arab Emirates
Abu Dhabi,AE,2009-01-08,12:00:00,1231390800,18.3,13.2,22.7,16.1,296.0,0.0,0.0,United Arab Emirates
Abu Dhabi,AE,2009-01-09,12:00:00,1231477200,18.8,15.9,22.2,16.8,316.0,0.0,0.0,United Arab Emirates
Abu Dhabi,AE,2009-01-10,12:00:00,1231563600,18.3,14.0,22.3,13.4,328.0,0.0,0.0,United Arab Emirates
Abu Dhabi,AE,2009-01-11,12:00:00,1231650000,19.4,15.6,23.1,12.6,20.0,0.0,0.0,United Arab Emirates
Abu Dhabi,AE,2009-01-12,12:00:00,1231736400,19.6,15.9,23.8,27.7,38.0,0.0,0.0,United Arab Emirates
Abu Dhabi,AE,2009-01-13,12:00:00,1231822800,19.3,17.8,21.3,23.0,16.0,0.1,0.0,United Arab Emirates
Abu Dhabi,AE,2009-01-14,12:00:00,1231909200,17.4,16.3,19.6,25.9,332.0,1.5,0.0,United Arab Emirates
Abu Dhabi,AE,2009-01-15,12:00:00,1231995600,16.0,13.3,18.2,21.3,335.0,1.1,0.0,United Arab Emirates
Abu Dhabi,AE,2009-01-16,12:00:00,1232082000,17.3,13.0,21.3,20.1,320.0,0.0,0.0,United Arab Emirates
Abu Dhabi,AE,2009-01-17,12:00:00,1232168400,17.4,13.4,20.9,18.7,315.0,0.0,0.0,United Arab Emirates
Abu Dhabi,AE,2009-01-18,12:00:00,1232254800,17.6,12.9,22.1,17.3,32.0,0.0,0.0,United Arab Emirates
Abu Dhabi,AE,2009-01-19,12:00:00,1232341200,17.0,12.7,20.9,25.3,209.0,0.1,0.0,United Arab Emirates
Abu Dhabi,AE,2009-01-20,12:00:00,1232427600,17.6,12.8,20.8,13.4,288.0,0.0,0.0,United Arab Emirates
Abu Dhabi,AE,2009-01-21,12:00:00,1232514000,17.7,14.5,21.2,16.5,321.0,0.0,0.0,United Arab Emirates
Abu Dhabi,AE,2009-01-22,12:00:00,1232600400,17.0,13.4,20.6,19.2,292.0,0.0,0.0,United Arab Emirates
Abu Dhabi,AE,2009-01-23,12:00:00,1232686800,16.3,14.2,20.3,32.6,280.0,3.1,0.0,United Arab Emirates
Abu Dhabi,AE,2009-01-24,12:00:00,1232773200,16.2,13.6,19.1,26.9,289.0,0.2,0.0,United Arab Emirates
Abu Dhabi,AE,2009-01-25,12:00:00,1232859600,15.6,10.9,19.4,14.5,275.0,0.0,0.0,United Arab Emirates
Abu Dhabi,AE,2009-01-26,12:00:00,1232946000,17.4,14.2,21.2,16.8,310.0,0.0,0.0,United Arab Emirates
Abu Dhabi,AE,2009-01-27,12:00:00,1233032400,17.0,12.1,21.4,17.7,282.0,0.0,0.0,United Arab Emirates
Abu Dhabi,AE,2009-01-28,12:00:00,1233118800,17.8,13.4,22.8,18.6,279.0,0.0,0.0,United Arab Emirates
Abu Dhabi,AE,2009-01-29,12:00:00,1233205200,18.2,14.2,22.8,15.0,288.0,0.0,0.0,United Arab Emirates
Abu Dhabi,AE,2009-01-30,12:00:00,1233291600,17.5,12.8,23.0,13.5,21.0,0.0,0.0,United Arab Emirates
Abu Dhabi,AE,2009-01-31,12:00:00,1233378000,18.7,13.6,25.1,13.0,60.0,0.0,0.0,United Arab Emirates
Abu Dhabi,AE,2009-02-01,12:00:00,1233464400,20.5,13.3,28.0,19.1,144.0,0.0,0.0,United Arab Emirates
Abu Dhabi,AE,2009-02-02,12:00:00,1233550800,19.9,17.1,23.5,28.6,283.0,0.0,0.0,United Arab Emirates
Abu Dhabi,AE,2009-02-03,12:00:00,1233637200,19.0,16.7,21.9,31.5,296.0,0.0,0.0,United Arab Emirates
Abu Dhabi,AE,2009-02-04,12:00:00,1233723600,19.2,17.5,21.8,39.0,297.0,0.0,0.0,United Arab Emirates
Abu Dhabi,AE,2009-02-05,12:00:00,1233810000,18.8,16.4,21.8,25.6,305.0,0.0,0.0,United Arab Emirates
Abu Dhabi,AE,2009-02-06,12:00:00,1233896400,18.9,15.1,23.5,16.0,322.0,0.0,0.0,United Arab Emirates
Abu Dhabi,AE,2009-02-07,12:00:00,1233982800,19.8,16.0,24.2,16.7,283.0,0.2,0.0,United Arab Emirates
Abu Dhabi,AE,2009-02-08,12:00:00,1234069200,20.1,15.5,25.0,15.6,41.0,0.0,0.0,United Arab Emirates
Abu Dhabi,AE,2009-02-09,12:00:00,1234155600,20.3,16.7,24.9,14.8,303.0,0.0,0.0,United Arab Emirates
Abu Dhabi,AE,2009-02-10,12:00:00,1234242000,18.6,15.0,23.9,11.4,322.0,0.0,0.0,United Arab Emirates
Abu Dhabi,AE,2009-02-11,12:00:00,1234328400,21.4,13.3,30.6,28.0,184.0,0.0,0.0,United Arab Emirates
Abu Dhabi,AE,2009-02-12,12:00:00,1234414800,19.3,17.6,21.3,34.6,306.0,0.0,0.0,United Arab Emirates
Abu Dhabi,AE,2009-02-13,12:00:00,1234501200,18.7,16.7,21.5,29.2,302.0,0.0,0.0,United Arab Emirates
Abu Dhabi,AE,2009-02-14,12:00:00,1234587600,18.4,14.5,22.6,14.6,318.0,0.0,0.0,United Arab Emirates
Abu Dhabi,AE,2009-02-15,12:00:00,1234674000,18.8,12.8,24.2,18.5,23.0,0.0,0.0,United Arab Emirates
Abu Dhabi,AE,2009-02-16,12:00:00,1234760400,20.6,13.4,27.2,12.4,82.0,0.0,0.0,United Arab Emirates
Abu Dhabi,AE,2009-02-17,12:00:00,1234846800,22.0,15.0,27.7,13.0,86.0,0.0,0.0,United Arab Emirates
Abu Dhabi,AE,2009-02-18,12:00:00,1234933200,22.0,16.7,27.7,19.6,234.0,0.0,0.0,United Arab Emirates
Abu Dhabi,AE,2009-02-19,12:00:00,1235019600,20.1,17.8,23.3,23.4,303.0,0.0,0.0,United Arab Emirates
Abu Dhabi,AE,2009-02-20,12:00:00,1235106000,18.7,13.5,24.0,16.1,289.0,0.0,0.0,United Arab Emirates
Abu Dhabi,AE,2009-02-21,12:00:00,1235192400,19.8,13.4,26.9,13.3,87.0,0.0,0.0,United Arab Emirates
Abu Dhabi,AE,2009-02-22,12:00:00,1235278800,22.9,15.5,31.4,22.0,154.0,0.0,0.0,United Arab Emirates
Abu Dhabi,AE,2009-02-23,12:00:00,1235365200,22.1,16.8,27.5,18.6,294.0,0.0,0.0,United Arab Emirates
Abu Dhabi,AE,2009-02-24,12:00:00,1235451600,22.1,17.6,28.3,14.4,12.0,0.0,0.0,United Arab Emirates
Abu Dhabi,AE,2009-02-25,12:00:00,1235538000,23.4,16.1,31.1,18.0,54.0,0.0,0.0,United Arab Emirates
Abu Dhabi,AE,2009-02-26,12:00:00,1235624400,23.2,17.6,29.1,18.6,344.0,0.0,0.0,United Arab Emirates
Abu Dhabi,AE,2009-02-27,12:00:00,1235710800,26.8,16.9,35.3,20.6,142.0,0.0,0.0,United Arab Emirates
Abu Dhabi,AE,2009-02-28,12:00:00,1235797200,28.9,23.3,35.5,38.6,170.0,0.0,0.0,United Arab Emirates
Abu Dhabi,AE,2009-03-01,12:00:00,1235883600,24.3,17.6,30.9,22.7,205.0,0.0,0.0,United Arab Emirates
Abu Dhabi,AE,2009-03-02,12:00:00,1235970000,20.7,18.0,23.7,40.3,305.0,0.0,0.0,United Arab Emirates
Abu Dhabi,AE,2009-03-03,12:00:00,1236056400,19.4,17.0,22.3,33.4,309.0,0.0,0.0,United Arab Emirates
Abu Dhabi,AE,2009-03-04,12:00:00,1236142800,19.4,16.3,22.8,24.5,301.0,0.0,0.0,United Arab Emirates
Abu Dhabi,AE,2009-03-05,12:00:00,1236229200,20.9,17.9,24.4,29.9,304.0,0.0,0.0,United Arab Emirates
Abu Dhabi,AE,2009-03-06,12:00:00,1236315600,21.1,19.0,24.0,35.0,301.0,0.0,0.0,United Arab Emirates
Abu Dhabi,AE,2009-03-07,12:00:00,1236402000,20.7,17.4,24.4,29.0,301.0,0.0,0.0,United Arab Emirates
Abu Dhabi,AE,2009-03-08,12:00:00,1236488400,21.1,16.2,25.9,19.4,339.0,0.0,0.0,United Arab Emirates
Abu Dhabi,AE,2009-03-09,12:00:00,1236574800,21.4,16.3,28.1,18.7,0.0,0.0,0.0,United Arab Emirates
Abu Dhabi,AE,2009-03-10,12:00:00,1236661200,23.2,15.2,30.3,17.7,38.0,0.0,0.0,United Arab Emirates
Abu Dhabi,AE,2009-03-11,12:00:00,1236747600,22.9,17.9,27.7,20.4,350.0,0.0,0.0,United Arab Emirates
Abu Dhabi,AE,2009-03-12,12:00:00,1236834000,21.2,16.6,26.6,23.4,322.0,0.0,0.0,United Arab Emirates
Abu Dhabi,AE,2009-03-13,12:00:00,1236920400,20.9,16.9,26.5,19.4,301.0,0.0,0.0,United Arab Emirates
Abu Dhabi,AE,2009-03-14,12:00:00,1237006800,21.1,13.6,27.9,16.9,353.0,0.0,0.0,United Arab Emirates
Abu Dhabi,AE,2009-03-15,12:00:00,1237093200,23.5,14.4,32.0,14.9,38.0,0.0,0.0,United Arab Emirates
Abu Dhabi,AE,2009-03-16,12:00:00,1237179600,25.2,16.3,33.5,14.2,107.0,0.0,0.0,United Arab Emirates
Abu Dhabi,AE,2009-03-17,12:00:00,1237266000,25.7,19.7,33.4,21.7,193.0,0.0,0.0,United Arab Emirates
Abu Dhabi,AE,2009-03-18,12:00:00,1237352400,24.2,18.6,30.3,18.8,286.0,0.0,0.0,United Arab Emirates
Abu Dhabi,AE,2009-03-19,12:00:00,1237438800,25.1,18.1,33.5,22.9,354.0,0.0,0.0,United Arab Emirates
Abu Dhabi,AE,2009-03-20,12:00:00,1237525200,25.3,18.8,31.3,21.2,312.0,0.0,0.0,United Arab Emirates
Abu Dhabi,AE,2009-03-21,12:00:00,1237611600,25.8,19.8,30.9,15.9,288.0,0.0,0.0,United Arab Emirates
Abu Dhabi,AE,2009-03-22,12:00:00,1237698000,29.1,22.1,37.0,30.7,122.0,0.0,0.0,United Arab Emirates
Abu Dhabi,AE,2009-03-23,12:00:00,1237784400,26.0,22.2,28.8,26.4,270.0,0.0,0.0,United Arab Emirates
Abu Dhabi,AE,2009-03-24,12:00:00,1237870800,24.6,19.9,29.8,18.1,357.0,0.0,0.0,United Arab Emirates
Abu Dhabi,AE,2009-03-25,12:00:00,1237957200,27.8,22.8,34.1,28.9,73.0,0.0,0.0,United Arab Emirates
Abu Dhabi,AE,2009-03-26,12:00:00,1238043600,25.4,22.3,28.7,33.7,49.0,0.2,0.0,United Arab Emirates
Abu Dhabi,AE,2009-03-27,12:00:00,1238130000,25.3,21.7,31.8,36.1,46.0,0.0,0.0,United Arab Emirates
Abu Dhabi,AE,2009-03-28,12:00:00,1238216400,24.6,21.6,28.9,35.2,35.0,0.1,0.0,United Arab Emirates
Abu Dhabi,AE,2009-03-29,12:00:00,1238302800,25.9,22.6,31.3,30.7,60.0,0.6,0.0,United Arab Emirates
Abu Dhabi,AE,2009-03-30,12:00:00,1238389200,26.0,20.8,31.6,48.2,168.0,7.4,0.0,United Arab Emirates
Abu Dhabi,AE,2009-03-31,12:00:00,1238475600,21.0,16.9,23.5,28.9,326.0,9.3,0.0,United Arab Emirates
Abu Dhabi,AE,2009-04-01,12:00:00,1238562000,20.3,13.5,26.8,14.2,171.0,0.0,0.0,United Arab Emirates
Abu Dhabi,AE,2009-04-02,12:00:00,1238648400,20.3,13.6,26.1,14.4,45.0,0.0,0.0,United Arab Emirates
Abu Dhabi,AE,2009-04-03,12:00:00,1238734800,21.0,18.3,24.9,30.7,19.0,0.9,0.0,United Arab Emirates
Abu Dhabi,AE,2009-04-04,12:00:00,1238821200,21.3,18.0,25.5,22.0,42.0,7.7,0.0,United Arab Emirates
Abu Dhabi,AE,2009-04-05,12:00:00,1238907600,21.8,18.6,25.4,18.8,355.0,0.0,0.0,United Arab Emirates
Abu Dhabi,AE,2009-04-06,12:00:00,1238994000,21.9,18.0,26.1,22.4,297.0,0.0,0.0,United Arab Emirates
Abu Dhabi,AE,2009-04-07,12:00:00,1239080400,23.3,20.2,27.5,23.4,298.0,0.0,0.0,United Arab Emirates
Abu Dhabi,AE,2009-04-08,12:00:00,1239166800,23.4,18.8,29.5,19.5,309.0,0.0,0.0,United Arab Emirates
Abu Dhabi,AE,2009-04-09,12:00:00,1239253200,26.0,18.6,32.4,11.4,61.0,0.0,0.0,United Arab Emirates
Abu Dhabi,AE,2009-04-10,12:00:00,1239339600,29.1,23.5,34.8,24.2,85.0,0.0,0.0,United Arab Emirates
Abu Dhabi,AE,2009-04-11,12:00:00,1239426000,28.6,22.8,35.7,29.1,103.0,0.0,0.0,United Arab Emirates
Abu Dhabi,AE,2009-04-12,12:00:00,1239512400,28.8,23.2,34.2,39.0,69.0,0.0,0.0,United Arab Emirates
Abu Dhabi,AE,2009-04-13,12:00:00,1239598800,27.3,23.8,31.4,32.0,32.0,0.1,0.0,United Arab Emirates
Abu Dhabi,AE,2009-04-14,12:00:00,1239685200,24.9,19.7,30.1,25.4,298.0,0.0,0.0,United Arab Emirates
Abu Dhabi,AE,2009-04-15,12:00:00,1239771600,24.2,19.9,28.7,17.8,311.0,0.0,0.0,United Arab Emirates
Abu Dhabi,AE,2009-04-16,12:00:00,1239858000,26.7,16.8,34.5,17.8,96.0,0.0,0.0,United Arab Emirates
Abu Dhabi,AE,2009-04-17,12:00:00,1239944400,31.4,27.6,35.5,34.2,161.0,0.0,0.0,United Arab Emirates
Abu Dhabi,AE,2009-04-18,12:00:00,1240030800,27.8,24.7,31.5,23.4,318.0,0.0,0.0,United Arab Emirates
Abu Dhabi,AE,2009-04-19,12:00:00,1240117200,27.5,23.0,33.3,20.1,345.0,0.0,0.0,United Arab Emirates
Abu Dhabi,AE,2009-04-20,12:00:00,1240203600,27.3,19.0,34.1,21.2,4.0,0.0,0.0,United Arab Emirates
Abu Dhabi,AE,2009-04-21,12:00:00,1240290000,26.6,22.1,31.0,26.0,321.0,0.0,0.0,United Arab Emirates
Abu Dhabi,AE,2009-04-22,12:00:00,1240376400,25.7,22.4,29.5,22.7,290.0,0.0,0.0,United Arab Emirates
Abu Dhabi,AE,2009-04-23,12:00:00,1240462800,25.6,20.0,30.9,20.4,293.0,0.0,0.0,United Arab Emirates
Abu Dhabi,AE,2009-04-24,12:00:00,1240549200,26.2,18.7,34.6,13.8,7.0,0.0,0.0,United Arab Emirates
Abu Dhabi,AE,2009-04-25,12:00:00,1240635600,29.4,20.1,38.4,19.3,60.0,0.0,0.0,United Arab Emirates
Abu Dhabi,AE,2009-04-26,12:00:00,1240722000,30.7,23.2,40.0,29.9,114.0,0.0,0.0,United Arab Emirates
Abu Dhabi,AE,2009-04-27,12:00:00,1240808400,32.0,25.9,39.4,24.5,143.0,0.0,0.0,United Arab Emirates
Abu Dhabi,AE,2009-04-28,12:00:00,1240894800,30.7,25.1,37.0,22.5,156.0,0.0,0.0,United Arab Emirates
Abu Dhabi,AE,2009-04-29,12:00:00,1240981200,31.2,23.7,38.6,22.0,178.0,0.0,0.0,United Arab Emirates
Abu Dhabi,AE,2009-04-30,12:00:00,1241067600,31.8,24.2,39.0,19.2,171.0,0.0,0.0,United Arab Emirates
Abu Dhabi,AE,2009-05-01,12:00:00,1241154000,33.5,26.1,40.1,35.7,175.0,0.0,0.0,United Arab Emirates
Abu Dhabi,AE,2009-05-02,12:00:00,1241240400,32.8,28.4,38.9,31.8,221.0,0.0,0.0,United Arab Emirates
Abu Dhabi,AE,2009-05-03,12:00:00,1241326800,28.9,25.8,32.1,33.7,299.0,0.0,0.0,United Arab Emirates
Abu Dhabi,AE,2009-05-04,12:00:00,1241413200,27.5,24.3,31.3,22.8,297.0,0.0,0.0,United Arab Emirates
Abu Dhabi,AE,2009-05-05,12:00:00,1241499600,27.2,21.2,33.7,18.2,304.0,0.0,0.0,United Arab Emirates
Abu Dhabi,AE,2009-05-06,12:00:00,1241586000,30.6,22.4,38.0,24.2,144.0,0.0,0.0,United Arab Emirates
Abu Dhabi,AE,2009-05-07,12:00:00,1241672400,31.2,25.1,38.6,23.7,65.0,0.0,0.0,United Arab Emirates
Abu Dhabi,AE,2009-05-08,12:00:00,1241758800,30.5,24.7,36.1,22.9,296.0,0.0,0.0,United Arab Emirates
Abu Dhabi,AE,2009-05-09,12:00:00,1241845200,31.8,26.4,37.2,22.5,302.0,0.0,0.0,United Arab Emirates
Abu Dhabi,AE,2009-05-10,12:00:00,1241931600,32.2,28.7,37.1,25.1,316.0,0.0,0.0,United Arab Emirates
Abu Dhabi,AE,2009-05-11,12:00:00,1242018000,32.1,24.5,39.6,23.8,323.0,0.0,0.0,United Arab Emirates
Abu Dhabi,AE,2009-05-12,12:00:00,1242104400,31.0,25.2,37.7,23.5,294.0,0.0,0.0,United Arab Emirates
Abu Dhabi,AE,2009-05-13,12:00:00,1242190800,30.5,24.3,36.1,21.6,277.0,0.0,0.0,United Arab Emirates
Abu Dhabi,AE,2009-05-14,12:00:00,1242277200,31.7,27.5,36.0,28.2,286.0,0.0,0.0,United Arab Emirates
Abu Dhabi,AE,2009-05-15,12:00:00,1242363600,31.3,27.9,35.3,24.3,284.0,0.0,0.0,United Arab Emirates
Abu Dhabi,AE,2009-05-16,12:00:00,1242450000,30.9,27.5,34.6,35.1,294.0,0.0,0.0,United Arab Emirates
Abu Dhabi,AE,2009-05-17,12:00:00,1242536400,32.2,28.1,36.8,35.0,310.0,0.0,0.0,United Arab Emirates
Abu Dhabi,AE,2009-05-18,12:00:00,1242622800,31.7,28.6,35.5,24.1,300.0,0.0,0.0,United Arab Emirates
Abu Dhabi,AE,2009-05-19,12:00:00,1242709200,31.0,27.6,35.0,31.3,289.0,0.0,0.0,United Arab Emirates
Abu Dhabi,AE,2009-05-20,12:00:00,1242795600,29.8,23.9,34.8,24.0,299.0,0.0,0.0,United Arab Emirates
Abu Dhabi,AE,2009-05-21,12:00:00,1242882000,30.3,23.7,37.6,23.2,346.0,0.0,0.0,United Arab Emirates
Abu Dhabi,AE,2009-05-22,12:00:00,1242968400,31.0,25.4,38.0,23.7,336.0,0.0,0.0,United Arab Emirates
Abu Dhabi,AE,2009-05-23,12:00:00,1243054800,32.6,24.8,40.1,23.4,346.0,0.0,0.0,United Arab Emirates
Abu Dhabi,AE,2009-05-24,12:00:00,1243141200,32.2,25.0,39.5,22.5,327.0,0.0,0.0,United Arab Emirates
Abu Dhabi,AE,2009-05-25,12:00:00,1243227600,32.7,24.0,39.5,21.9,292.0,0.0,0.0,United Arab Emirates
Abu Dhabi,AE,2009-05-26,12:00:00,1243314000,33.7,24.6,41.0,20.7,300.0,0.0,0.0,United Arab Emirates
Abu Dhabi,AE,2009-05-27,12:00:00,1243400400,33.9,24.3,42.0,18.8,4.0,0.0,0.0,United Arab Emirates
Abu Dhabi,AE,2009-05-28,12:00:00,1243486800,33.4,24.1,42.0,25.1,340.0,0.0,0.0,United Arab Emirates
Abu Dhabi,AE,2009-05-29,12:00:00,1243573200,33.4,25.6,40.7,23.8,309.0,0.0,0.0,United Arab Emirates
Abu Dhabi,AE,2009-05-30,12:00:00,1243659600,33.0,26.3,39.2,18.6,279.0,0.0,0.0,United Arab Emirates
Abu Dhabi,AE,2009-05-31,12:00:00,1243746000,34.4,28.9,39.4,34.6,294.0,0.0,0.0,United Arab Emirates
Abu Dhabi,AE,2009-06-01,12:00:00,1243832400,33.5,30.5,37.0,35.3,296.0,0.0,0.0,United Arab Emirates
Abu Dhabi,AE,2009-06-02,12:00:00,1243918800,33.0,29.8,36.9,29.5,295.0,0.0,0.0,United Arab Emirates
Abu Dhabi,AE,2009-06-03,12:00:00,1244005200,31.8,26.8,36.4,20.4,305.0,0.0,0.0,United Arab Emirates
Abu Dhabi,AE,2009-06-04,12:00:00,1244091600,31.7,27.1,36.4,26.5,302.0,0.0,0.0,United Arab Emirates
Abu Dhabi,AE,2009-06-05,12:00:00,1244178000,31.1,25.9,36.3,21.6,298.0,0.0,0.0,United Arab Emirates
Abu Dhabi,AE,2009-06-06,12:00:00,1244264400,31.0,24.4,37.7,21.1,301.0,0.0,0.0,United Arab Emirates
Abu Dhabi,AE,2009-06-07,12:00:00,1244350800,31.1,23.5,37.2,22.7,294.0,0.0,0.0,United Arab Emirates
Abu Dhabi,AE,2009-06-08,12:00:00,1244437200,34.2,29.1,39.8,23.0,296.0,0.0,0.0,United Arab Emirates
Abu Dhabi,AE,2009-06-09,12:00:00,1244523600,34.3,30.7,38.7,29.8,300.0,0.0,0.0,United Arab Emirates
Abu Dhabi,AE,2009-06-10,12:00:00,1244610000,32.8,27.7,38.2,27.0,307.0,0.0,0.0,United Arab Emirates
Abu Dhabi,AE,2009-06-11,12:00:00,1244696400,32.5,26.5,39.5,19.6,323.0,0.0,0.0,United Arab Emirates
Abu Dhabi,AE,2009-06-12,12:00:00,1244782800,33.2,27.0,39.5,19.0,330.0,0.0,0.0,United Arab Emirates
Abu Dhabi,AE,2009-06-13,12:00:00,1244869200,33.9,26.3,41.9,28.4,198.0,0.0,0.0,United Arab Emirates
Abu Dhabi,AE,2009-06-14,12:00:00,1244955600,33.6,25.8,41.1,25.7,239.0,0.0,0.0,United Arab Emirates
Abu Dhabi,AE,2009-06-15,12:00:00,1245042000,34.3,28.6,40.4,37.2,253.0,0.0,0.0,United Arab Emirates
Abu Dhabi,AE,2009-06-16,12:00:00,1245128400,34.8,31.0,39.1,26.2,276.0,0.0,0.0,United Arab Emirates
Abu Dhabi,AE,2009-06-17,12:00:00,1245214800,34.5,26.1,40.5,23.7,292.0,0.0,0.0,United Arab Emirates
Abu Dhabi,AE,2009-06-18,12:00:00,1245301200,34.5,26.1,41.0,18.8,322.0,0.0,0.0,United Arab Emirates
Abu Dhabi,AE,2009-06-19,12:00:00,1245387600,35.2,27.8,41.7,21.0,324.0,0.0,0.0,United Arab Emirates
Abu Dhabi,AE,2009-06-20,12:00:00,1245474000,34.7,31.8,37.9,32.0,304.0,0.0,0.0,United Arab Emirates
Abu Dhabi,AE,2009-06-21,12:00:00,1245560400,32.8,28.4,37.0,23.1,326.0,0.0,0.0,United Arab Emirates
Abu Dhabi,AE,2009-06-22,12:00:00,1245646800,33.3,28.1,38.8,29.5,5.0,0.0,0.0,United Arab Emirates
Abu Dhabi,AE,2009-06-23,12:00:00,1245733200,33.7,28.5,39.6,23.8,357.0,0.0,0.0,United Arab Emirates
Abu Dhabi,AE,2009-06-24,12:00:00,1245819600,32.8,26.8,38.3,22.7,308.0,0.0,0.0,United Arab Emirates
Abu Dhabi,AE,2009-06-25,12:00:00,1245906000,31.8,25.2,37.0,21.1,288.0,0.0,0.0,United Arab Emirates
Abu Dhabi,AE,2009-06-26,12:00:00,1245992400,31.9,25.0,38.2,21.3,316.0,0.0,0.0,United Arab Emirates
Abu Dhabi,AE,2009-06-27,12:00:00,1246078800,33.3,25.8,40.4,24.3,329.0,0.0,0.0,United Arab Emirates
Abu Dhabi,AE,2009-06-28,12:00:00,1246165200,34.0,26.0,42.0,27.2,335.0,0.0,0.0,United Arab Emirates
Abu Dhabi,AE,2009-06-29,12:00:00,1246251600,33.7,26.4,39.4,21.1,310.0,0.0,0.0,United Arab Emirates
Abu Dhabi,AE,2009-06-30,12:00:00,1246338000,33.1,27.5,38.8,23.8,320.0,0.0,0.0,United Arab Emirates
Abu Dhabi,AE,2009-07-01,12:00:00,1246424400,33.0,28.3,38.7,21.3,313.0,0.0,0.0,United Arab Emirates
Abu Dhabi,AE,2009-07-02,12:00:00,1246510800,33.2,28.4,39.4,23.6,278.0,0.0,0.0,United Arab Emirates
Abu Dhabi,AE,2009-07-03,12:00:00,1246597200,34.0,29.5,39.2,19.7,301.0,0.0,0.0,United Arab Emirates
Abu Dhabi,AE,2009-07-04,12:00:00,1246683600,33.9,28.1,39.0,24.8,290.0,0.0,0.0,United Arab Emirates
Abu Dhabi,AE,2009-07-05,12:00:00,1246770000,32.8,25.8,38.6,22.2,290.0,0.0,0.0,United Arab Emirates
Abu Dhabi,AE,2009-07-06,12:00:00,1246856400,32.1,26.0,37.7,21.8,313.0,0.0,0.0,United Arab Emirates
Abu Dhabi,AE,2009-07-07,12:00:00,1246942800,31.8,27.4,36.4,18.1,315.0,0.0,0.0,United Arab Emirates
Abu Dhabi,AE,2009-07-08,12:00:00,1247029200,32.0,27.3,37.4,23.5,311.0,0.0,0.0,United Arab Emirates
Abu Dhabi,AE,2009-07-09,12:00:00,1247115600,32.9,28.0,37.4,26.6,297.0,0.0,0.0,United Arab Emirates
Abu Dhabi,AE,2009-07-10,12:00:00,1247202000,34.0,30.0,38.3,28.0,302.0,0.0,0.0,United Arab Emirates
Abu Dhabi,AE,2009-07-11,12:00:00,1247288400,34.1,29.9,38.3,28.3,309.0,0.0,0.0,United Arab Emirates
Abu Dhabi,AE,2009-07-12,12:00:00,1247374800,33.8,29.1,38.6,19.3,316.0,0.0,0.0,United Arab Emirates
Abu Dhabi,AE,2009-07-13,12:00:00,1247461200,33.5,28.1,40.2,19.6,313.0,0.0,0.0,United Arab Emirates
Abu Dhabi,AE,2009-07-14,12:00:00,1247547600,32.7,27.6,38.3,22.3,294.0,0.0,0.0,United Arab Emirates
Abu Dhabi,AE,2009-07-15,12:00:00,1247634000,34.0,31.0,37.5,30.1,291.0,0.0,0.0,United Arab Emirates
Abu Dhabi,AE,2009-07-16,12:00:00,1247720400,33.1,28.5,38.3,26.4,315.0,0.0,0.0,United Arab Emirates
Abu Dhabi,AE,2009-07-17,12:00:00,1247806800,33.6,30.8,37.0,21.5,317.0,0.0,0.0,United Arab Emirates
Abu Dhabi,AE,2009-07-18,12:00:00,1247893200,33.8,30.2,37.6,21.7,288.0,0.0,0.0,United Arab Emirates
Abu Dhabi,AE,2009-07-19,12:00:00,1247979600,33.9,29.9,38.5,20.5,274.0,0.0,0.0,United Arab Emirates
Abu Dhabi,AE,2009-07-20,12:00:00,1248066000,33.7,30.4,37.4,22.7,280.0,0.0,0.0,United Arab Emirates
Abu Dhabi,AE,2009-07-21,12:00:00,1248152400,33.5,30.0,37.5,20.7,318.0,0.0,0.0,United Arab Emirates
Abu Dhabi,AE,2009-07-22,12:00:00,1248238800,33.8,29.6,38.1,19.3,318.0,0.0,0.0,United Arab Emirates
Abu Dhabi,AE,2009-07-23,12:00:00,1248325200,34.2,29.7,38.8,20.3,294.0,0.0,0.0,United Arab Emirates
Abu Dhabi,AE,2009-07-24,12:00:00,1248411600,34.0,28.9,38.8,14.8,273.0,0.0,0.0,United Arab Emirates
Abu Dhabi,AE,2009-07-25,12:00:00,1248498000,33.4,29.2,38.0,18.7,297.0,0.0,0.0,United Arab Emirates
Abu Dhabi,AE,2009-07-26,12:00:00,1248584400,34.3,32.0,37.6,22.4,320.0,0.0,0.0,United Arab Emirates
Abu Dhabi,AE,2009-07-27,12:00:00,1248670800,34.4,30.4,38.2,30.4,287.0,0.0,0.0,United Arab Emirates
Abu Dhabi,AE,2009-07-28,12:00:00,1248757200,35.0,32.0,38.0,33.9,294.0,0.0,0.0,United Arab Emirates
Abu Dhabi,AE,2009-07-29,12:00:00,1248843600,35.2,31.7,39.2,24.6,293.0,0.0,0.0,United Arab Emirates
Abu Dhabi,AE,2009-07-30,12:00:00,1248930000,33.7,26.7,39.1,23.3,285.0,0.0,0.0,United Arab Emirates
Abu Dhabi,AE,2009-07-31,12:00:00,1249016400,33.1,25.8,39.3,19.7,325.0,0.0,0.0,United Arab Emirates
Abu Dhabi,AE,2009-08-01,12:00:00,1249102800,32.6,27.4,37.6,17.8,312.0,0.0,0.0,United Arab Emirates
Abu Dhabi,AE,2009-08-02,12:00:00,1249189200,32.9,27.5,38.2,24.5,349.0,0.0,0.0,United Arab Emirates
Abu Dhabi,AE,2009-08-03,12:00:00,1249275600,35.3,30.0,41.1,19.1,27.0,0.0,0.0,United Arab Emirates
Abu Dhabi,AE,2009-08-04,12:00:00,1249362000,35.4,29.4,41.8,18.4,43.0,0.0,0.0,United Arab Emirates
Abu Dhabi,AE,2009-08-05,12:00:00,1249448400,35.2,28.5,42.4,20.0,40.0,0.0,0.0,United Arab Emirates
Abu Dhabi,AE,2009-08-06,12:00:00,1249534800,35.2,28.2,42.0,19.5,223.0,0.0,0.0,United Arab Emirates
Abu Dhabi,AE,2009-08-07,12:00:00,1249621200,35.3,29.9,41.4,24.2,231.0,0.0,0.0,United Arab Emirates
Abu Dhabi,AE,2009-08-08,12:00:00,1249707600,34.7,29.6,40.1,25.8,255.0,0.0,0.0,United Arab Emirates
Abu Dhabi,AE,2009-08-09,12:00:00,1249794000,34.7,29.2,40.4,23.0,271.0,0.0,0.0,United Arab Emirates
Abu Dhabi,AE,2009-08-10,12:00:00,1249880400,34.7,29.0,40.0,30.5,279.0,0.0,0.0,United Arab Emirates
Abu Dhabi,AE,2009-08-11,12:00:00,1249966800,34.0,30.0,38.7,25.5,302.0,0.0,0.0,United Arab Emirates
Abu Dhabi,AE,2009-08-12,12:00:00,1250053200,33.7,29.6,38.2,28.6,345.0,0.0,0.0,United Arab Emirates
Abu Dhabi,AE,2009-08-13,12:00:00,1250139600,34.6,31.2,39.3,25.3,9.0,0.0,0.0,United Arab Emirates
Abu Dhabi,AE,2009-08-14,12:00:00,1250226000,34.3,30.9,38.3,20.0,336.0,0.0,0.0,United Arab Emirates
Abu Dhabi,AE,2009-08-15,12:00:00,1250312400,34.0,30.2,38.8,25.9,337.0,0.0,0.0,United Arab Emirates
Abu Dhabi,AE,2009-08-16,12:00:00,1250398800,32.6,28.4,37.1,19.6,333.0,0.0,0.0,United Arab Emirates
Abu Dhabi,AE,2009-08-17,12:00:00,1250485200,36.1,31.1,41.4,26.0,40.0,0.0,0.0,United Arab Emirates
Abu Dhabi,AE,2009-08-18,12:00:00,1250571600,36.2,33.4,40.6,26.0,59.0,0.0,0.0,United Arab Emirates
Abu Dhabi,AE,2009-08-19,12:00:00,1250658000,35.2,32.1,39.4,27.3,82.0,0.0,0.0,United Arab Emirates
Abu Dhabi,AE,2009-08-20,12:00:00,1250744400,34.9,30.9,39.5,27.1,151.0,0.0,0.0,United Arab Emirates
Abu Dhabi,AE,2009-08-21,12:00:00,1250830800,35.1,32.0,39.5,28.6,158.0,0.0,0.0,United Arab Emirates
Abu Dhabi,AE,2009-08-22,12:00:00,1250917200,35.5,31.1,40.1,20.4,244.0,0.0,0.0,United Arab Emirates
Abu Dhabi,AE,2009-08-23,12:00:00,1251003600,35.5,29.8,41.2,21.9,329.0,0.0,0.0,United Arab Emirates
Abu Dhabi,AE,2009-08-24,12:00:00,1251090000,35.7,29.9,41.7,23.0,334.0,0.0,0.0,United Arab Emirates
Abu Dhabi,AE,2009-08-25,12:00:00,1251176400,35.2,29.8,40.6,18.3,339.0,0.0,0.0,United Arab Emirates
Abu Dhabi,AE,2009-08-26,12:00:00,1251262800,34.9,29.2,40.4,19.9,18.0,0.0,0.0,United Arab Emirates
Abu Dhabi,AE,2009-08-27,12:00:00,1251349200,35.4,30.8,40.6,21.3,11.0,0.0,0.0,United Arab Emirates
Abu Dhabi,AE,2009-08-28,12:00:00,1251435600,35.1,30.0,40.9,23.1,10.0,0.0,0.0,United Arab Emirates
Abu Dhabi,AE,2009-08-29,12:00:00,1251522000,33.4,28.9,38.4,20.6,336.0,0.0,0.0,United Arab Emirates
Abu Dhabi,AE,2009-08-30,12:00:00,1251608400,33.1,29.1,38.4,17.3,305.0,0.0,0.0,United Arab Emirates
Abu Dhabi,AE,2009-08-31,12:00:00,1251694800,33.9,28.8,39.0,22.3,285.0,0.0,0.0,United Arab Emirates
Abu Dhabi,AE,2009-09-01,12:00:00,1251781200,33.3,29.6,37.8,17.9,312.0,0.0,0.0,United Arab Emirates
Abu Dhabi,AE,2009-09-02,12:00:00,1251867600,32.5,28.4,37.2,18.9,323.0,0.0,0.0,United Arab Emirates
Abu Dhabi,AE,2009-09-03,12:00:00,1251954000,32.7,28.5,37.9,19.4,314.0,0.0,0.0,United Arab Emirates
Abu Dhabi,AE,2009-09-04,12:00:00,1252040400,32.5,28.5,37.5,18.4,309.0,0.0,0.0,United Arab Emirates
Abu Dhabi,AE,2009-09-05,12:00:00,1252126800,32.0,27.7,37.5,21.4,309.0,0.0,0.0,United Arab Emirates
Abu Dhabi,AE,2009-09-06,12:00:00,1252213200,31.6,26.2,37.0,16.8,305.0,0.0,0.0,United Arab Emirates
Abu Dhabi,AE,2009-09-07,12:00:00,1252299600,32.8,26.7,38.6,21.7,5.0,0.0,0.0,United Arab Emirates
Abu Dhabi,AE,2009-09-08,12:00:00,1252386000,35.2,29.0,42.3,23.0,69.0,0.0,0.0,United Arab Emirates
Abu Dhabi,AE,2009-09-09,12:00:00,1252472400,33.6,29.5,38.1,23.4,326.0,0.0,0.0,United Arab Emirates
Abu Dhabi,AE,2009-09-10,12:00:00,1252558800,33.8,29.8,37.7,21.1,310.0,0.0,0.0,United Arab Emirates
Abu Dhabi,AE,2009-09-11,12:00:00,1252645200,33.0,29.3,37.6,21.6,326.0,0.0,0.0,United Arab Emirates
Abu Dhabi,AE,2009-09-12,12:00:00,1252731600,34.7,31.0,39.7,22.4,28.0,0.0,0.0,United Arab Emirates
Abu Dhabi,AE,2009-09-13,12:00:00,1252818000,34.4,30.1,39.4,24.9,204.0,0.0,0.0,United Arab Emirates
Abu Dhabi,AE,2009-09-14,12:00:00,1252904400,33.5,28.0,39.0,21.2,304.0,0.0,0.0,United Arab Emirates
Abu Dhabi,AE,2009-09-15,12:00:00,1252990800,32.5,27.4,37.0,23.4,277.0,0.0,0.0,United Arab Emirates
Abu Dhabi,AE,2009-09-16,12:00:00,1253077200,33.8,30.3,37.8,29.5,278.0,0.0,0.0,United Arab Emirates
Abu Dhabi,AE,2009-09-17,12:00:00,1253163600,33.7,30.3,37.4,25.5,296.0,0.0,0.0,United Arab Emirates
Abu Dhabi,AE,2009-09-18,12:00:00,1253250000,32.5,27.0,38.7,23.2,20.0,0.0,0.0,United Arab Emirates
Abu Dhabi,AE,2009-09-19,12:00:00,1253336400,32.9,27.0,39.2,29.8,115.0,0.0,0.0,United Arab Emirates
Abu Dhabi,AE,2009-09-20,12:00:00,1253422800,33.1,28.8,37.9,32.2,157.0,0.0,0.0,United Arab Emirates
Abu Dhabi,AE,2009-09-21,12:00:00,1253509200,32.6,28.5,36.7,23.0,210.0,0.0,0.0,United Arab Emirates
Abu Dhabi,AE,2009-09-22,12:00:00,1253595600,32.1,26.8,37.0,22.1,268.0,0.0,0.0,United Arab Emirates
Abu Dhabi,AE,2009-09-23,12:00:00,1253682000,32.3,28.4,36.7,16.2,272.0,0.0,0.0,United Arab Emirates
Abu Dhabi,AE,2009-09-24,12:00:00,1253768400,31.9,28.2,36.6,18.7,286.0,0.0,0.0,United Arab Emirates
Abu Dhabi,AE,2009-09-25,12:00:00,1253854800,31.5,26.1,36.7,21.5,301.0,0.0,0.0,United Arab Emirates
Abu Dhabi,AE,2009-09-26,12:00:00,1253941200,32.2,28.5,36.3,27.3,300.0,0.0,0.0,United Arab Emirates
Abu Dhabi,AE,2009-09-27,12:00:00,1254027600,31.7,28.5,35.0,22.1,302.0,0.0,0.0,United Arab Emirates
Abu Dhabi,AE,2009-09-28,12:00:00,1254114000,30.7,24.6,35.8,19.5,13.0,0.0,0.0,United Arab Emirates
Abu Dhabi,AE,2009-09-29,12:00:00,1254200400,31.4,27.5,35.9,25.2,330.0,0.0,0.0,United Arab Emirates
Abu Dhabi,AE,2009-09-30,12:00:00,1254286800,30.7,24.7,35.6,19.6,293.0,0.0,0.0,United Arab Emirates
Abu Dhabi,AE,2009-10-01,12:00:00,1254373200,31.0,25.0,36.8,18.5,315.0,0.0,0.0,United Arab Emirates
Abu Dhabi,AE,2009-10-02,12:00:00,1254459600,30.4,26.0,35.4,16.1,338.0,0.0,0.0,United Arab Emirates
Abu Dhabi,AE,2009-10-03,12:00:00,1254546000,31.3,25.9,36.6,22.4,299.0,0.0,0.0,United Arab Emirates
Abu Dhabi,AE,2009-10-04,12:00:00,1254632400,32.0,27.7,34.9,27.4,297.0,0.0,0.0,United Arab Emirates
Abu Dhabi,AE,2009-10-05,12:00:00,1254718800,28.8,22.3,33.7,14.8,300.0,0.0,0.0,United Arab Emirates
Abu Dhabi,AE,2009-10-06,12:00:00,1254805200,29.6,22.3,36.3,17.9,32.0,0.0,0.0,United Arab Emirates
Abu Dhabi,AE,2009-10-07,12:00:00,1254891600,30.1,22.9,36.2,19.8,29.0,0.0,0.0,United Arab Emirates
Abu Dhabi,AE,2009-10-08,12:00:00,1254978000,30.0,23.1,35.8,18.4,5.0,0.0,0.0,United Arab Emirates
Abu Dhabi,AE,2009-10-09,12:00:00,1255064400,29.6,23.2,35.1,18.7,337.0,0.0,0.0,United Arab Emirates
Abu Dhabi,AE,2009-10-10,12:00:00,1255150800,29.8,22.9,35.8,18.1,21.0,0.0,0.0,United Arab Emirates
Abu Dhabi,AE,2009-10-11,12:00:00,1255237200,30.2,22.9,36.6,22.3,40.0,0.0,0.0,United Arab Emirates
Abu Dhabi,AE,2009-10-12,12:00:00,1255323600,30.4,25.4,35.1,19.9,354.0,0.0,0.0,United Arab Emirates
Abu Dhabi,AE,2009-10-13,12:00:00,1255410000,29.2,22.9,34.7,20.6,311.0,0.0,0.0,United Arab Emirates
Abu Dhabi,AE,2009-10-14,12:00:00,1255496400,28.8,22.4,34.1,21.7,36.0,0.0,0.0,United Arab Emirates
Abu Dhabi,AE,2009-10-15,12:00:00,1255582800,29.7,23.7,34.9,19.5,341.0,0.0,0.0,United Arab Emirates
Abu Dhabi,AE,2009-10-16,12:00:00,1255669200,29.3,23.5,34.0,21.0,304.0,0.0,0.0,United Arab Emirates
Abu Dhabi,AE,2009-10-17,12:00:00,1255755600,28.6,21.6,34.2,18.8,300.0,0.0,0.0,United Arab Emirates
Abu Dhabi,AE,2009-10-18,12:00:00,1255842000,28.3,21.2,34.6,14.0,120.0,0.0,0.0,United Arab Emirates
Abu Dhabi,AE,2009-10-19,12:00:00,1255928400,28.1,21.2,34.3,16.3,276.0,0.0,0.0,United Arab Emirates
Abu Dhabi,AE,2009-10-20,12:00:00,1256014800,28.9,24.3,33.6,24.7,345.0,0.0,0.0,United Arab Emirates
Abu Dhabi,AE,2009-10-21,12:00:00,1256101200,28.5,24.2,32.5,19.3,343.0,0.0,0.0,United Arab Emirates
Abu Dhabi,AE,2009-10-22,12:00:00,1256187600,27.7,21.7,32.7,20.6,355.0,0.0,0.0,United Arab Emirates
Abu Dhabi,AE,2009-10-23,12:00:00,1256274000,27.7,21.6,32.9,18.1,17.0,0.0,0.0,United Arab Emirates
Abu Dhabi,AE,2009-10-24,12:00:00,1256360400,28.3,22.9,33.0,16.7,30.0,0.0,0.0,United Arab Emirates
Abu Dhabi,AE,2009-10-25,12:00:00,1256446800,29.3,22.5,35.2,15.3,77.0,0.0,0.0,United Arab Emirates
Abu Dhabi,AE,2009-10-26,12:00:00,1256533200,28.6,22.3,34.5,18.7,13.0,0.0,0.0,United Arab Emirates
Abu Dhabi,AE,2009-10-27,12:00:00,1256619600,27.2,21.6,32.1,18.3,332.0,0.0,0.0,United Arab Emirates
Abu Dhabi,AE,2009-10-28,12:00:00,1256706000,27.0,21.6,32.0,17.9,1.0,0.0,0.0,United Arab Emirates
Abu Dhabi,AE,2009-10-29,12:00:00,1256792400,28.7,22.5,34.8,21.1,71.0,0.0,0.0,United Arab Emirates
Abu Dhabi,AE,2009-10-30,12:00:00,1256878800,28.9,23.2,33.7,23.7,118.0,0.0,0.0,United Arab Emirates
Abu Dhabi,AE,2009-10-31,12:00:00,1256965200,28.9,23.0,34.3,19.5,61.0,0.0,0.0,United Arab Emirates
Abu Dhabi,AE,2009-11-01,12:00:00,1257051600,28.3,22.0,33.7,18.4,30.0,0.0,0.0,United Arab Emirates
Abu Dhabi,AE,2009-11-02,12:00:00,1257138000,28.9,22.3,34.5,14.8,56.0,0.0,0.0,United Arab Emirates
Abu Dhabi,AE,2009-11-03,12:00:00,1257224400,29.4,23.2,35.2,17.3,59.0,0.0,0.0,United Arab Emirates
Abu Dhabi,AE,2009-11-04,12:00:00,1257310800,29.1,23.3,34.9,24.0,31.0,0.0,0.0,United Arab Emirates
Abu Dhabi,AE,2009-11-05,12:00:00,1257397200,28.1,22.7,33.2,19.1,2.0,0.0,0.0,United Arab Emirates
Abu Dhabi,AE,2009-11-06,12:00:00,1257483600,27.6,23.3,32.2,18.2,303.0,0.0,0.0,United Arab Emirates
Abu Dhabi,AE,2009-11-07,12:00:00,1257570000,27.8,23.1,32.1,18.5,305.0,0.0,0.0,United Arab Emirates
Abu Dhabi,AE,2009-11-08,12:00:00,1257656400,26.9,22.2,31.4,21.3,23.0,0.0,0.0,United Arab Emirates
Abu Dhabi,AE,2009-11-09,12:00:00,1257742800,28.2,23.2,34.0,21.7,23.0,0.0,0.0,United Arab Emirates
Abu Dhabi,AE,2009-11-10,12:00:00,1257829200,26.6,21.1,31.2,19.6,6.0,0.0,0.0,United Arab Emirates
Abu Dhabi,AE,2009-11-11,12:00:00,1257915600,26.7,22.0,31.8,19.7,45.0,0.0,0.0,United Arab Emirates
Abu Dhabi,AE,2009-11-12,12:00:00,1258002000,24.5,17.6,30.1,19.0,45.0,0.0,0.0,United Arab Emirates
Abu Dhabi,AE,2009-11-13,12:00:00,1258088400,25.2,19.0,29.9,17.1,24.0,0.0,0.0,United Arab Emirates
Abu Dhabi,AE,2009-11-14,12:00:00,1258174800,25.3,19.9,30.5,17.0,40.0,0.0,0.0,United Arab Emirates
Abu Dhabi,AE,2009-11-15,12:00:00,1258261200,24.6,17.6,30.1,17.8,17.0,0.0,0.0,United Arab Emirates
Abu Dhabi,AE,2009-11-16,12:00:00,1258347600,25.8,19.5,30.2,18.1,319.0,0.0,0.0,United Arab Emirates
Abu Dhabi,AE,2009-11-17,12:00:00,1258434000,26.0,22.2,29.9,15.8,320.0,0.0,0.0,United Arab Emirates
Abu Dhabi,AE,2009-11-18,12:00:00,1258520400,25.2,20.2,30.9,14.7,74.0,0.0,0.0,United Arab Emirates
Abu Dhabi,AE,2009-11-19,12:00:00,1258606800,25.8,20.1,31.2,16.3,196.0,0.0,0.0,United Arab Emirates
Abu Dhabi,AE,2009-11-20,12:00:00,1258693200,24.8,19.1,29.2,22.2,311.0,0.0,0.0,United Arab Emirates
Abu Dhabi,AE,2009-11-21,12:00:00,1258779600,24.8,22.4,27.4,21.4,306.0,0.0,0.0,United Arab Emirates
Abu Dhabi,AE,2009-11-22,12:00:00,1258866000,24.0,19.2,28.2,15.8,291.0,0.0,0.0,United Arab Emirates
Abu Dhabi,AE,2009-11-23,12:00:00,1258952400,24.5,21.4,27.5,25.0,314.0,0.0,0.0,United Arab Emirates
Abu Dhabi,AE,2009-11-24,12:00:00,1259038800,24.3,22.6,26.4,25.7,300.0,0.0,0.0,United Arab Emirates
Abu Dhabi,AE,2009-11-25,12:00:00,1259125200,23.9,20.1,27.3,16.6,315.0,0.0,0.0,United Arab Emirates
Abu Dhabi,AE,2009-11-26,12:00:00,1259211600,23.0,17.1,27.9,12.7,56.0,0.0,0.0,United Arab Emirates
Abu Dhabi,AE,2009-11-27,12:00:00,1259298000,23.4,16.4,29.8,16.3,43.0,0.0,0.0,United Arab Emirates
Abu Dhabi,AE,2009-11-28,12:00:00,1259384400,24.5,19.1,29.7,11.7,93.0,0.0,0.0,United Arab Emirates
Abu Dhabi,AE,2009-11-29,12:00:00,1259470800,23.6,18.7,28.7,24.2,221.0,0.0,0.0,United Arab Emirates
Abu Dhabi,AE,2009-11-30,12:00:00,1259557200,23.8,22.1,25.7,24.6,327.0,0.6,0.0,United Arab Emirates
Abu Dhabi,AE,2009-12-01,12:00:00,1259643600,23.0,21.3,25.4,25.4,317.0,0.0,0.0,United Arab Emirates
Abu Dhabi,AE,2009-12-02,12:00:00,1259730000,23.1,21.3,25.7,23.0,313.0,0.0,0.0,United Arab Emirates
Abu Dhabi,AE,2009-12-03,12:00:00,1259816400,22.9,21.1,25.2,24.8,310.0,0.0,0.0,United Arab Emirates
Abu Dhabi,AE,2009-12-04,12:00:00,1259902800,22.5,18.8,25.8,21.2,328.0,0.0,0.0,United Arab Emirates
Abu Dhabi,AE,2009-12-05,12:00:00,1259989200,22.5,17.1,26.3,14.3,4.0,0.0,0.0,United Arab Emirates
Abu Dhabi,AE,2009-12-06,12:00:00,1260075600,22.9,18.1,27.2,21.7,43.0,0.0,0.0,United Arab Emirates
Abu Dhabi,AE,2009-12-07,12:00:00,1260162000,24.7,19.0,30.4,17.6,79.0,0.0,0.0,United Arab Emirates
Abu Dhabi,AE,2009-12-08,12:00:00,1260248400,26.8,23.1,30.9,39.3,177.0,0.0,0.0,United Arab Emirates
Abu Dhabi,AE,2009-12-09,12:00:00,1260334800,23.5,21.2,25.2,27.0,314.0,0.2,0.0,United Arab Emirates
Abu Dhabi,AE,2009-12-10,12:00:00,1260421200,22.6,20.4,25.3,17.1,314.0,0.0,0.0,United Arab Emirates
Abu Dhabi,AE,2009-12-11,12:00:00,1260507600,20.8,16.5,24.4,24.0,36.0,1.7,0.0,United Arab Emirates
Abu Dhabi,AE,2009-12-12,12:00:00,1260594000,21.4,18.4,24.2,16.8,53.0,0.0,0.0,United Arab Emirates
Abu Dhabi,AE,2009-12-13,12:00:00,1260680400,20.6,18.8,22.1,20.0,61.0,14.9,0.0,United Arab Emirates
Abu Dhabi,AE,2009-12-14,12:00:00,1260766800,20.5,17.8,23.4,13.7,356.0,0.0,0.0,United Arab Emirates
Abu Dhabi,AE,2009-12-15,12:00:00,1260853200,20.3,18.1,23.2,19.7,304.0,0.0,0.0,United Arab Emirates
Abu Dhabi,AE,2009-12-16,12:00:00,1260939600,20.0,17.4,22.9,13.2,317.0,0.0,0.0,United Arab Emirates
Abu Dhabi,AE,2009-12-17,12:00:00,1261026000,19.9,16.0,22.6,5.9,75.0,0.0,0.0,United Arab Emirates
Abu Dhabi,AE,2009-12-18,12:00:00,1261112400,20.4,14.6,27.9,23.0,107.0,0.0,0.0,United Arab Emirates
Abu Dhabi,AE,2009-12-19,12:00:00,1261198800,22.3,19.6,26.4,18.8,203.0,0.0,0.0,United Arab Emirates
Abu Dhabi,AE,2009-12-20,12:00:00,1261285200,21.7,19.2,24.6,18.8,321.0,0.0,0.0,United Arab Emirates
Abu Dhabi,AE,2009-12-21,12:00:00,1261371600,20.7,17.6,24.2,16.1,308.0,0.0,0.0,United Arab Emirates
Abu Dhabi,AE,2009-12-22,12:00:00,1261458000,20.7,15.1,24.1,12.2,354.0,0.0,0.0,United Arab Emirates
Abu Dhabi,AE,2009-12-23,12:00:00,1261544400,20.4,15.5,24.6,15.5,27.0,0.0,0.0,United Arab Emirates
Abu Dhabi,AE,2009-12-24,12:00:00,1261630800,21.7,16.1,26.7,17.1,61.0,0.0,0.0,United Arab Emirates
Abu Dhabi,AE,2009-12-25,12:00:00,1261717200,22.3,20.3,25.1,24.8,325.0,0.4,0.0,United Arab Emirates
Abu Dhabi,AE,2009-12-26,12:00:00,1261803600,21.2,20.0,23.0,30.8,297.0,0.8,0.0,United Arab Emirates
Abu Dhabi,AE,2009-12-27,12:00:00,1261890000,21.3,19.9,23.3,31.6,299.0,0.3,0.0,United Arab Emirates
Abu Dhabi,AE,2009-12-28,12:00:00,1261976400,21.2,19.4,23.5,26.4,294.0,0.0,0.0,United Arab Emirates
Abu Dhabi,AE,2009-12-29,12:00:00,1262062800,21.6,19.4,24.6,18.1,317.0,0.0,0.0,United Arab Emirates
Abu Dhabi,AE,2009-12-30,12:00:00,1262149200,20.2,15.3,23.7,13.0,286.0,0.0,0.0,United Arab Emirates
Abu Dhabi,AE,2009-12-31,12:00:00,1262235600,19.9,13.9,25.3,14.2,94.0,0.0,0.0,United Arab Emirates
Abu Dhabi,AE,2010-01-01,12:00:00,1262322000,18.8,13.4,23.4,23.2,286.0,0.3,0.0,United Arab Emirates
Abu Dhabi,AE,2010-01-02,12:00:00,1262408400,19.8,18.3,21.6,29.8,300.0,0.5,0.0,United Arab Emirates
Abu Dhabi,AE,2010-01-03,12:00:00,1262494800,20.0,17.4,22.9,16.9,313.0,0.0,0.0,United Arab Emirates
Abu Dhabi,AE,2010-01-04,12:00:00,1262581200,18.7,16.1,21.9,11.8,324.0,0.0,0.0,United Arab Emirates
Abu Dhabi,AE,2010-01-05,12:00:00,1262667600,18.0,14.2,21.7,17.4,288.0,0.0,0.0,United Arab Emirates
Abu Dhabi,AE,2010-01-06,12:00:00,1262754000,18.5,12.7,23.5,21.1,274.0,0.0,0.0,United Arab Emirates
Abu Dhabi,AE,2010-01-07,12:00:00,1262840400,21.0,18.8,23.8,19.0,322.0,0.0,0.0,United Arab Emirates
Abu Dhabi,AE,2010-01-08,12:00:00,1262926800,20.5,15.3,26.0,19.8,29.0,0.0,0.0,United Arab Emirates
Abu Dhabi,AE,2010-01-09,12:00:00,1263013200,20.2,16.1,24.7,21.6,353.0,0.0,0.0,United Arab Emirates
Abu Dhabi,AE,2010-01-10,12:00:00,1263099600,19.6,17.2,22.3,17.6,303.0,0.0,0.0,United Arab Emirates
Abu Dhabi,AE,2010-01-11,12:00:00,1263186000,19.0,15.0,22.9,16.9,342.0,0.0,0.0,United Arab Emirates
Abu Dhabi,AE,2010-01-12,12:00:00,1263272400,19.7,15.2,24.2,17.6,333.0,0.0,0.0,United Arab Emirates
Abu Dhabi,AE,2010-01-13,12:00:00,1263358800,19.2,12.8,23.3,12.0,310.0,0.0,0.0,United Arab Emirates
Abu Dhabi,AE,2010-01-14,12:00:00,1263445200,18.3,12.1,23.0,16.0,347.0,0.0,0.0,United Arab Emirates
Abu Dhabi,AE,2010-01-15,12:00:00,1263531600,17.5,11.9,22.9,15.1,3.0,0.0,0.0,United Arab Emirates
Abu Dhabi,AE,2010-01-16,12:00:00,1263618000,17.5,11.7,22.3,16.2,351.0,0.0,0.0,United Arab Emirates
Abu Dhabi,AE,2010-01-17,12:00:00,1263704400,18.3,12.3,22.7,15.8,346.0,0.0,0.0,United Arab Emirates
Abu Dhabi,AE,2010-01-18,12:00:00,1263790800,17.8,12.9,22.8,11.2,19.0,0.0,0.0,United Arab Emirates
Abu Dhabi,AE,2010-01-19,12:00:00,1263877200,18.2,12.3,23.6,15.4,353.0,0.0,0.0,United Arab Emirates
Abu Dhabi,AE,2010-01-20,12:00:00,1263963600,18.7,13.4,25.7,13.1,56.0,0.0,0.0,United Arab Emirates
Abu Dhabi,AE,2010-01-21,12:00:00,1264050000,20.6,13.8,27.7,16.3,45.0,0.0,0.0,United Arab Emirates
Abu Dhabi,AE,2010-01-22,12:00:00,1264136400,20.3,13.8,25.9,16.9,341.0,0.0,0.0,United Arab Emirates
Abu Dhabi,AE,2010-01-23,12:00:00,1264222800,21.3,19.2,24.1,23.1,310.0,0.0,0.0,United Arab Emirates
Abu Dhabi,AE,2010-01-24,12:00:00,1264309200,19.8,16.6,24.0,12.8,342.0,0.0,0.0,United Arab Emirates
Abu Dhabi,AE,2010-01-25,12:00:00,1264395600,19.4,13.7,25.3,10.6,94.0,0.0,0.0,United Arab Emirates
Abu Dhabi,AE,2010-01-26,12:00:00,1264482000,21.4,17.7,26.1,23.6,332.0,0.0,0.0,United Arab Emirates
Abu Dhabi,AE,2010-01-27,12:00:00,1264568400,19.9,18.1,21.8,29.6,304.0,0.0,0.0,United Arab Emirates
Abu Dhabi,AE,2010-01-28,12:00:00,1264654800,18.7,17.0,20.9,29.4,299.0,0.0,0.0,United Arab Emirates
Abu Dhabi,AE,2010-01-29,12:00:00,1264741200,17.8,13.7,21.8,15.3,313.0,0.0,0.0,United Arab Emirates
Abu Dhabi,AE,2010-01-30,12:00:00,1264827600,18.1,11.2,23.3,13.8,316.0,0.0,0.0,United Arab Emirates
Abu Dhabi,AE,2010-01-31,12:00:00,1264914000,18.8,12.8,24.8,13.8,266.0,0.0,0.0,United Arab Emirates
Abu Dhabi,AE,2010-02-01,12:00:00,1265000400,20.4,13.6,26.2,14.0,266.0,0.0,0.0,United Arab Emirates
Abu Dhabi,AE,2010-02-02,12:00:00,1265086800,21.0,14.6,26.8,16.0,305.0,0.0,0.0,United Arab Emirates
Abu Dhabi,AE,2010-02-03,12:00:00,1265173200,22.9,15.0,30.1,14.1,111.0,0.0,0.0,United Arab Emirates
Abu Dhabi,AE,2010-02-04,12:00:00,1265259600,25.3,20.2,30.5,40.3,162.0,0.0,0.0,United Arab Emirates
Abu Dhabi,AE,2010-02-05,12:00:00,1265346000,22.6,19.0,26.6,36.3,279.0,0.5,0.0,United Arab Emirates
Abu Dhabi,AE,2010-02-06,12:00:00,1265432400,20.8,18.9,23.5,20.9,3.0,0.3,0.0,United Arab Emirates
Abu Dhabi,AE,2010-02-07,12:00:00,1265518800,19.5,17.1,22.0,32.6,316.0,0.0,0.0,United Arab Emirates
Abu Dhabi,AE,2010-02-08,12:00:00,1265605200,18.2,15.7,21.1,28.3,310.0,0.0,0.0,United Arab Emirates
Abu Dhabi,AE,2010-02-09,12:00:00,1265691600,17.6,12.9,21.8,15.0,332.0,0.0,0.0,United Arab Emirates
Abu Dhabi,AE,2010-02-10,12:00:00,1265778000,18.2,15.1,21.9,13.8,310.0,0.0,0.0,United Arab Emirates
Abu Dhabi,AE,2010-02-11,12:00:00,1265864400,18.9,11.1,25.2,14.7,72.0,0.0,0.0,United Arab Emirates
Abu Dhabi,AE,2010-02-12,12:00:00,1265950800,19.8,14.4,25.1,18.1,10.0,0.0,0.0,United Arab Emirates
Abu Dhabi,AE,2010-02-13,12:00:00,1266037200,20.1,15.6,24.7,20.3,352.0,0.0,0.0,United Arab Emirates
Abu Dhabi,AE,2010-02-14,12:00:00,1266123600,20.1,15.3,25.4,19.1,349.0,0.0,0.0,United Arab Emirates
Abu Dhabi,AE,2010-02-15,12:00:00,1266210000,20.2,15.7,25.3,17.2,355.0,0.0,0.0,United Arab Emirates
Abu Dhabi,AE,2010-02-16,12:00:00,1266296400,21.7,17.2,27.0,17.6,350.0,0.0,0.0,United Arab Emirates
Abu Dhabi,AE,2010-02-17,12:00:00,1266382800,21.0,17.9,25.4,19.7,323.0,0.0,0.0,United Arab Emirates
Abu Dhabi,AE,2010-02-18,12:00:00,1266469200,20.1,16.0,25.4,16.6,313.0,0.0,0.0,United Arab Emirates
Abu Dhabi,AE,2010-02-19,12:00:00,1266555600,21.3,14.3,28.1,15.5,91.0,0.0,0.0,United Arab Emirates
Abu Dhabi,AE,2010-02-20,12:00:00,1266642000,23.4,15.5,31.2,17.3,164.0,0.0,0.0,United Arab Emirates
Abu Dhabi,AE,2010-02-21,12:00:00,1266728400,22.4,20.2,25.4,31.0,294.0,0.0,0.0,United Arab Emirates
Abu Dhabi,AE,2010-02-22,12:00:00,1266814800,20.8,17.7,24.3,20.3,286.0,0.0,0.0,United Arab Emirates
Abu Dhabi,AE,2010-02-23,12:00:00,1266901200,22.1,13.4,29.1,17.2,164.0,0.0,0.0,United Arab Emirates
Abu Dhabi,AE,2010-02-24,12:00:00,1266987600,24.8,20.0,31.4,22.1,186.0,0.0,0.0,United Arab Emirates
Abu Dhabi,AE,2010-02-25,12:00:00,1267074000,26.0,18.4,33.9,29.9,157.0,0.0,0.0,United Arab Emirates
Abu Dhabi,AE,2010-02-26,12:00:00,1267160400,28.0,22.0,33.8,39.9,156.0,0.0,0.0,United Arab Emirates
Abu Dhabi,AE,2010-02-27,12:00:00,1267246800,27.0,21.5,32.4,41.3,158.0,4.5,0.0,United Arab Emirates
Abu Dhabi,AE,2010-02-28,12:00:00,1267333200,21.9,18.9,25.1,21.0,3.0,9.8,0.0,United Arab Emirates
Abu Dhabi,AE,2010-03-01,12:00:00,1267419600,21.5,16.8,27.2,21.8,61.0,0.0,0.0,United Arab Emirates
Abu Dhabi,AE,2010-03-02,12:00:00,1267506000,21.3,19.4,23.0,36.4,44.0,27.9,0.0,United Arab Emirates
Abu Dhabi,AE,2010-03-03,12:00:00,1267592400,20.7,18.6,22.6,27.6,309.0,0.0,0.0,United Arab Emirates
Abu Dhabi,AE,2010-03-04,12:00:00,1267678800,19.8,16.1,23.0,21.3,287.0,0.0,0.0,United Arab Emirates
Abu Dhabi,AE,2010-03-05,12:00:00,1267765200,19.0,14.7,22.9,29.8,281.0,0.0,0.0,United Arab Emirates
Abu Dhabi,AE,2010-03-06,12:00:00,1267851600,19.8,16.9,22.6,21.2,302.0,0.0,0.0,United Arab Emirates
Abu Dhabi,AE,2010-03-07,12:00:00,1267938000,20.0,16.0,24.6,18.4,309.0,0.0,0.0,United Arab Emirates
Abu Dhabi,AE,2010-03-08,12:00:00,1268024400,20.4,15.3,26.3,15.3,290.0,0.0,0.0,United Arab Emirates
Abu Dhabi,AE,2010-03-09,12:00:00,1268110800,20.6,16.8,26.1,16.1,9.0,0.0,0.0,United Arab Emirates
Abu Dhabi,AE,2010-03-10,12:00:00,1268197200,21.4,17.9,26.8,19.1,329.0,0.0,0.0,United Arab Emirates
Abu Dhabi,AE,2010-03-11,12:00:00,1268283600,21.5,17.7,27.7,16.8,286.0,0.0,0.0,United Arab Emirates
Abu Dhabi,AE,2010-03-12,12:00:00,1268370000,21.6,15.5,28.6,14.7,341.0,0.0,0.0,United Arab Emirates
Abu Dhabi,AE,2010-03-13,12:00:00,1268456400,22.4,14.9,29.7,16.7,344.0,0.0,0.0,United Arab Emirates
Abu Dhabi,AE,2010-03-14,12:00:00,1268542800,23.7,15.6,30.6,20.7,310.0,0.0,0.0,United Arab Emirates
Abu Dhabi,AE,2010-03-15,12:00:00,1268629200,23.6,15.0,31.4,19.9,290.0,0.0,0.0,United Arab Emirates
Abu Dhabi,AE,2010-03-16,12:00:00,1268715600,23.8,14.6,31.0,18.6,300.0,0.0,0.0,United Arab Emirates
Abu Dhabi,AE,2010-03-17,12:00:00,1268802000,23.8,14.3,32.0,19.1,29.0,0.0,0.0,United Arab Emirates
Abu Dhabi,AE,2010-03-18,12:00:00,1268888400,25.5,16.8,34.5,16.0,59.0,0.0,0.0,United Arab Emirates
Abu Dhabi,AE,2010-03-19,12:00:00,1268974800,27.5,21.2,35.5,27.2,141.0,0.0,0.0,United Arab Emirates
Abu Dhabi,AE,2010-03-20,12:00:00,1269061200,25.1,17.9,31.8,22.6,7.0,0.0,0.0,United Arab Emirates
Abu Dhabi,AE,2010-03-21,12:00:00,1269147600,24.0,18.7,29.4,23.2,309.0,0.0,0.0,United Arab Emirates
Abu Dhabi,AE,2010-03-22,12:00:00,1269234000,23.9,21.2,27.4,28.8,289.0,0.0,0.0,United Arab Emirates
Abu Dhabi,AE,2010-03-23,12:00:00,1269320400,24.0,20.9,27.5,27.0,299.0,0.0,0.0,United Arab Emirates
Abu Dhabi,AE,2010-03-24,12:00:00,1269406800,24.0,20.7,27.8,23.3,299.0,0.0,0.0,United Arab Emirates
Abu Dhabi,AE,2010-03-25,12:00:00,1269493200,24.8,20.0,30.3,21.5,297.0,0.0,0.0,United Arab Emirates
Abu Dhabi,AE,2010-03-26,12:00:00,1269579600,27.4,21.4,33.4,15.1,16.0,0.0,0.0,United Arab Emirates
Abu Dhabi,AE,2010-03-27,12:00:00,1269666000,32.2,24.6,38.6,33.4,152.0,0.0,0.0,United Arab Emirates
Abu Dhabi,AE,2010-03-28,12:00:00,1269752400,28.4,23.8,31.8,22.1,344.0,0.0,0.0,United Arab Emirates
Abu Dhabi,AE,2010-03-29,12:00:00,1269838800,26.7,23.2,31.2,28.8,346.0,0.0,0.0,United Arab Emirates
Abu Dhabi,AE,2010-03-30,12:00:00,1269925200,25.8,22.1,29.6,23.9,300.0,0.0,0.0,United Arab Emirates
Abu Dhabi,AE,2010-03-31,12:00:00,1270011600,26.0,21.7,31.0,22.5,299.0,0.0,0.0,United Arab Emirates
Abu Dhabi,AE,2010-04-01,12:00:00,1270098000,26.7,22.9,31.8,30.9,310.0,0.0,0.0,United Arab Emirates
Abu Dhabi,AE,2010-04-02,12:00:00,1270184400,25.0,22.1,28.1,38.7,295.0,0.0,0.0,United Arab Emirates
Abu Dhabi,AE,2010-04-03,12:00:00,1270270800,26.3,23.7,29.6,37.6,291.0,0.0,0.0,United Arab Emirates
Abu Dhabi,AE,2010-04-04,12:00:00,1270357200,25.4,22.0,29.4,23.8,296.0,0.0,0.0,United Arab Emirates
Abu Dhabi,AE,2010-04-05,12:00:00,1270443600,25.1,18.9,31.7,19.9,324.0,0.0,0.0,United Arab Emirates
Abu Dhabi,AE,2010-04-06,12:00:00,1270530000,26.5,19.7,33.1,21.7,285.0,0.0,0.0,United Arab Emirates
Abu Dhabi,AE,2010-04-07,12:00:00,1270616400,26.6,20.1,33.1,20.3,2.0,0.0,0.0,United Arab Emirates
Abu Dhabi,AE,2010-04-08,12:00:00,1270702800,28.6,20.9,35.7,20.1,42.0,0.0,0.0,United Arab Emirates
Abu Dhabi,AE,2010-04-09,12:00:00,1270789200,30.9,25.5,39.1,24.9,94.0,0.0,0.0,United Arab Emirates
Abu Dhabi,AE,2010-04-10,12:00:00,1270875600,28.7,23.0,33.8,19.1,323.0,0.0,0.0,United Arab Emirates
Abu Dhabi,AE,2010-04-11,12:00:00,1270962000,27.8,23.6,32.7,28.7,314.0,0.0,0.0,United Arab Emirates
Abu Dhabi,AE,2010-04-12,12:00:00,1271048400,26.7,22.4,30.9,25.8,284.0,0.0,0.0,United Arab Emirates
Abu Dhabi,AE,2010-04-13,12:00:00,1271134800,27.2,21.1,32.4,20.6,306.0,0.0,0.0,United Arab Emirates
Abu Dhabi,AE,2010-04-14,12:00:00,1271221200,28.9,24.3,32.4,44.0,332.0,0.0,0.0,United Arab Emirates
Abu Dhabi,AE,2010-04-15,12:00:00,1271307600,28.7,23.6,32.9,22.4,3.0,0.0,0.0,United Arab Emirates
Abu Dhabi,AE,2010-04-16,12:00:00,1271394000,28.6,25.1,33.1,35.4,338.0,0.0,0.0,United Arab Emirates
Abu Dhabi,AE,2010-04-17,12:00:00,1271480400,28.4,24.0,32.5,17.7,322.0,0.0,0.0,United Arab Emirates
Abu Dhabi,AE,2010-04-18,12:00:00,1271566800,29.9,22.8,36.0,21.0,64.0,0.0,0.0,United Arab Emirates
Abu Dhabi,AE,2010-04-19,12:00:00,1271653200,28.7,25.9,31.7,31.1,332.0,0.0,0.0,United Arab Emirates
Abu Dhabi,AE,2010-04-20,12:00:00,1271739600,27.7,25.3,31.0,38.4,300.0,0.0,0.0,United Arab Emirates
Abu Dhabi,AE,2010-04-21,12:00:00,1271826000,27.7,24.2,31.5,24.1,300.0,0.0,0.0,United Arab Emirates
Abu Dhabi,AE,2010-04-22,12:00:00,1271912400,28.4,20.8,34.8,17.9,2.0,0.0,0.0,United Arab Emirates
Abu Dhabi,AE,2010-04-23,12:00:00,1271998800,30.6,24.2,37.5,24.5,35.0,0.0,0.0,United Arab Emirates
Abu Dhabi,AE,2010-04-24,12:00:00,1272085200,30.4,26.0,35.8,31.0,3.0,0.0,0.0,United Arab Emirates
Abu Dhabi,AE,2010-04-25,12:00:00,1272171600,29.6,26.3,33.7,29.3,306.0,0.0,0.0,United Arab Emirates
Abu Dhabi,AE,2010-04-26,12:00:00,1272258000,27.4,23.3,31.2,24.4,294.0,0.0,0.0,United Arab Emirates
Abu Dhabi,AE,2010-04-27,12:00:00,1272344400,27.6,23.3,32.1,24.3,311.0,0.0,0.0,United Arab Emirates
Abu Dhabi,AE,2010-04-28,12:00:00,1272430800,28.9,23.5,34.2,21.4,302.0,0.0,0.0,United Arab Emirates
Abu Dhabi,AE,2010-04-29,12:00:00,1272517200,30.7,22.8,37.2,22.6,302.0,0.0,0.0,United Arab Emirates
Abu Dhabi,AE,2010-04-30,12:00:00,1272603600,32.0,25.9,37.7,24.0,336.0,0.0,0.0,United Arab Emirates
Abu Dhabi,AE,2010-05-01,12:00:00,1272690000,31.5,25.6,36.1,31.7,344.0,0.0,0.0,United Arab Emirates
Abu Dhabi,AE,2010-05-02,12:00:00,1272776400,33.1,28.5,40.5,31.2,21.0,0.0,0.0,United Arab Emirates
Abu Dhabi,AE,2010-05-03,12:00:00,1272862800,30.5,26.8,34.5,44.1,348.0,0.0,0.0,United Arab Emirates
Abu Dhabi,AE,2010-05-04,12:00:00,1272949200,29.5,27.1,32.6,30.1,331.0,0.0,0.0,United Arab Emirates
Abu Dhabi,AE,2010-05-05,12:00:00,1273035600,28.3,26.5,30.7,28.0,302.0,0.0,0.0,United Arab Emirates
Abu Dhabi,AE,2010-05-06,12:00:00,1273122000,28.9,26.2,32.4,32.0,302.0,0.0,0.0,United Arab Emirates
Abu Dhabi,AE,2010-05-07,12:00:00,1273208400,29.2,25.7,33.0,26.3,290.0,0.0,0.0,United Arab Emirates
Abu Dhabi,AE,2010-05-08,12:00:00,1273294800,28.9,22.2,34.8,21.9,286.0,0.0,0.0,United Arab Emirates
Abu Dhabi,AE,2010-05-09,12:00:00,1273381200,29.9,21.7,37.1,21.9,293.0,0.0,0.0,United Arab Emirates
Abu Dhabi,AE,2010-05-10,12:00:00,1273467600,29.8,23.5,36.2,19.2,343.0,0.0,0.0,United Arab Emirates
Abu Dhabi,AE,2010-05-11,12:00:00,1273554000,31.0,22.0,38.4,20.6,24.0,0.0,0.0,United Arab Emirates
Abu Dhabi,AE,2010-05-12,12:00:00,1273640400,31.7,24.5,38.2,19.0,317.0,0.0,0.0,United Arab Emirates
Abu Dhabi,AE,2010-05-13,12:00:00,1273726800,31.9,23.6,38.8,25.0,320.0,0.0,0.0,United Arab Emirates
Abu Dhabi,AE,2010-05-14,12:00:00,1273813200,31.7,23.3,38.4,22.9,298.0,0.0,0.0,United Arab Emirates
Abu Dhabi,AE,2010-05-15,12:00:00,1273899600,32.3,29.1,36.5,22.2,295.0,0.0,0.0,United Arab Emirates
Abu Dhabi,AE,2010-05-16,12:00:00,1273986000,31.5,27.2,36.6,21.5,292.0,0.0,0.0,United Arab Emirates
Abu Dhabi,AE,2010-05-17,12:00:00,1274072400,30.5,24.6,35.5,21.7,307.0,0.0,0.0,United Arab Emirates
Abu Dhabi,AE,2010-05-18,12:00:00,1274158800,30.1,22.7,36.3,24.0,332.0,0.0,0.0,United Arab Emirates
Abu Dhabi,AE,2010-05-19,12:00:00,1274245200,31.2,25.0,38.1,20.9,354.0,0.0,0.0,United Arab Emirates
Abu Dhabi,AE,2010-05-20,12:00:00,1274331600,32.4,25.0,39.3,22.1,355.0,0.0,0.0,United Arab Emirates
Abu Dhabi,AE,2010-05-21,12:00:00,1274418000,32.4,24.2,40.2,23.7,301.0,0.0,0.0,United Arab Emirates
Abu Dhabi,AE,2010-05-22,12:00:00,1274504400,31.8,25.7,37.5,28.7,266.0,0.0,0.0,United Arab Emirates
Abu Dhabi,AE,2010-05-23,12:00:00,1274590800,33.0,29.3,37.8,23.7,293.0,0.0,0.0,United Arab Emirates
Abu Dhabi,AE,2010-05-24,12:00:00,1274677200,31.7,26.4,37.4,22.3,284.0,0.0,0.0,United Arab Emirates
Abu Dhabi,AE,2010-05-25,12:00:00,1274763600,31.1,24.5,36.2,21.1,280.0,0.0,0.0,United Arab Emirates
Abu Dhabi,AE,2010-05-26,12:00:00,1274850000,31.9,28.1,36.2,28.9,286.0,0.0,0.0,United Arab Emirates
Abu Dhabi,AE,2010-05-27,12:00:00,1274936400,31.0,27.6,35.2,21.9,285.0,0.0,0.0,United Arab Emirates
Abu Dhabi,AE,2010-05-28,12:00:00,1275022800,31.0,23.9,38.4,19.6,342.0,0.0,0.0,United Arab Emirates
Abu Dhabi,AE,2010-05-29,12:00:00,1275109200,33.5,27.3,40.1,21.7,2.0,0.0,0.0,United Arab Emirates
Abu Dhabi,AE,2010-05-30,12:00:00,1275195600,33.6,27.0,40.2,26.5,295.0,0.0,0.0,United Arab Emirates
Abu Dhabi,AE,2010-05-31,12:00:00,1275282000,32.6,26.2,38.7,27.3,277.0,0.0,0.0,United Arab Emirates
Abu Dhabi,AE,2010-06-01,12:00:00,1275368400,33.0,27.4,39.0,26.1,299.0,0.0,0.0,United Arab Emirates
Abu Dhabi,AE,2010-06-02,12:00:00,1275454800,32.6,26.8,38.1,24.3,329.0,0.0,0.0,United Arab Emirates
Abu Dhabi,AE,2010-06-03,12:00:00,1275541200,35.1,28.9,41.1,27.8,67.0,0.0,0.0,United Arab Emirates
Abu Dhabi,AE,2010-06-04,12:00:00,1275627600,33.4,29.8,38.0,30.4,38.0,0.0,0.0,United Arab Emirates
Abu Dhabi,AE,2010-06-05,12:00:00,1275714000,33.0,28.7,37.1,18.6,355.0,0.0,0.0,United Arab Emirates
Abu Dhabi,AE,2010-06-06,12:00:00,1275800400,32.8,25.5,39.2,20.6,7.0,0.0,0.0,United Arab Emirates
Abu Dhabi,AE,2010-06-07,12:00:00,1275886800,33.1,25.8,40.0,23.5,352.0,0.0,0.0,United Arab Emirates
Abu Dhabi,AE,2010-06-08,12:00:00,1275973200,32.1,26.1,37.2,22.2,330.0,0.0,0.0,United Arab Emirates
Abu Dhabi,AE,2010-06-09,12:00:00,1276059600,32.2,27.5,37.8,21.6,282.0,0.0,0.0,United Arab Emirates
Abu Dhabi,AE,2010-06-10,12:00:00,1276146000,32.0,26.0,38.4,16.9,283.0,0.0,0.0,United Arab Emirates
Abu Dhabi,AE,2010-06-11,12:00:00,1276232400,33.8,26.9,41.0,22.5,11.0,0.0,0.0,United Arab Emirates
Abu Dhabi,AE,2010-06-12,12:00:00,1276318800,34.2,29.5,39.7,21.5,330.0,0.0,0.0,United Arab Emirates
Abu Dhabi,AE,2010-06-13,12:00:00,1276405200,32.9,26.8,39.6,25.1,352.0,0.0,0.0,United Arab Emirates
Abu Dhabi,AE,2010-06-14,12:00:00,1276491600,34.4,26.9,41.6,20.7,18.0,0.0,0.0,United Arab Emirates
Abu Dhabi,AE,2010-06-15,12:00:00,1276578000,35.6,27.6,42.8,20.9,54.0,0.0,0.0,United Arab Emirates
Abu Dhabi,AE,2010-06-16,12:00:00,1276664400,37.0,30.8,43.7,30.4,130.0,0.0,0.0,United Arab Emirates
Abu Dhabi,AE,2010-06-17,12:00:00,1276750800,37.8,32.1,44.1,29.5,164.0,0.0,0.0,United Arab Emirates
Abu Dhabi,AE,2010-06-18,12:00:00,1276837200,38.4,34.2,43.6,28.8,181.0,0.0,0.0,United Arab Emirates
Abu Dhabi,AE,2010-06-19,12:00:00,1276923600,37.0,32.9,41.9,23.4,192.0,0.0,0.0,United Arab Emirates
Abu Dhabi,AE,2010-06-20,12:00:00,1277010000,35.5,31.1,40.6,22.9,252.0,0.0,0.0,United Arab Emirates
Abu Dhabi,AE,2010-06-21,12:00:00,1277096400,34.6,28.0,41.1,22.1,260.0,0.0,0.0,United Arab Emirates
Abu Dhabi,AE,2010-06-22,12:00:00,1277182800,33.9,28.4,39.5,22.8,283.0,0.0,0.0,United Arab Emirates
Abu Dhabi,AE,2010-06-23,12:00:00,1277269200,34.7,31.6,38.4,27.3,285.0,0.0,0.0,United Arab Emirates
Abu Dhabi,AE,2010-06-24,12:00:00,1277355600,33.0,27.7,37.3,33.7,274.0,0.0,0.0,United Arab Emirates
Abu Dhabi,AE,2010-06-25,12:00:00,1277442000,34.4,31.5,37.3,39.6,288.0,0.0,0.0,United Arab Emirates
Abu Dhabi,AE,2010-06-26,12:00:00,1277528400,33.4,30.8,36.3,33.9,310.0,0.0,0.0,United Arab Emirates
Abu Dhabi,AE,2010-06-27,12:00:00,1277614800,32.3,28.4,36.7,20.4,313.0,0.0,0.0,United Arab Emirates
Abu Dhabi,AE,2010-06-28,12:00:00,1277701200,32.5,28.4,37.3,24.2,318.0,0.0,0.0,United Arab Emirates
Abu Dhabi,AE,2010-06-29,12:00:00,1277787600,32.4,27.6,37.1,22.0,290.0,0.0,0.0,United Arab Emirates
Abu Dhabi,AE,2010-06-30,12:00:00,1277874000,32.7,28.8,37.0,23.6,287.0,0.0,0.0,United Arab Emirates
Abu Dhabi,AE,2010-07-01,12:00:00,1277960400,32.9,28.4,37.0,26.9,289.0,0.0,0.0,United Arab Emirates
Abu Dhabi,AE,2010-07-02,12:00:00,1278046800,32.9,28.1,37.4,24.3,296.0,0.0,0.0,United Arab Emirates
Abu Dhabi,AE,2010-07-03,12:00:00,1278133200,32.8,28.0,38.3,22.8,302.0,0.0,0.0,United Arab Emirates
Abu Dhabi,AE,2010-07-04,12:00:00,1278219600,32.5,28.0,37.6,20.4,325.0,0.0,0.0,United Arab Emirates
Abu Dhabi,AE,2010-07-05,12:00:00,1278306000,34.8,31.1,40.2,22.5,332.0,0.0,0.0,United Arab Emirates
Abu Dhabi,AE,2010-07-06,12:00:00,1278392400,34.3,28.3,40.6,17.9,256.0,0.0,0.0,United Arab Emirates
Abu Dhabi,AE,2010-07-07,12:00:00,1278478800,36.2,29.0,42.5,25.9,151.0,0.0,0.0,United Arab Emirates
Abu Dhabi,AE,2010-07-08,12:00:00,1278565200,37.9,34.3,41.6,28.7,111.0,0.0,0.0,United Arab Emirates
Abu Dhabi,AE,2010-07-09,12:00:00,1278651600,35.7,33.8,38.3,24.3,161.0,0.0,0.0,United Arab Emirates
Abu Dhabi,AE,2010-07-10,12:00:00,1278738000,36.0,32.7,40.1,28.9,125.0,0.0,0.0,United Arab Emirates
Abu Dhabi,AE,2010-07-11,12:00:00,1278824400,37.0,32.7,41.5,25.8,100.0,0.0,0.0,United Arab Emirates
Abu Dhabi,AE,2010-07-12,12:00:00,1278910800,36.9,32.4,41.4,24.1,287.0,0.0,0.0,United Arab Emirates
Abu Dhabi,AE,2010-07-13,12:00:00,1278997200,37.3,31.7,42.5,24.7,239.0,0.0,0.0,United Arab Emirates
Abu Dhabi,AE,2010-07-14,12:00:00,1279083600,40.1,36.3,44.3,31.7,176.0,0.0,0.0,United Arab Emirates
Abu Dhabi,AE,2010-07-15,12:00:00,1279170000,39.1,35.1,43.7,30.3,194.0,0.0,0.0,United Arab Emirates
Abu Dhabi,AE,2010-07-16,12:00:00,1279256400,35.9,31.8,40.4,23.2,276.0,0.0,0.0,United Arab Emirates
Abu Dhabi,AE,2010-07-17,12:00:00,1279342800,34.1,27.9,41.0,23.2,356.0,0.0,0.0,United Arab Emirates
Abu Dhabi,AE,2010-07-18,12:00:00,1279429200,35.5,30.3,41.5,23.1,340.0,0.0,0.0,United Arab Emirates
Abu Dhabi,AE,2010-07-19,12:00:00,1279515600,36.0,32.6,40.6,25.2,332.0,0.0,0.0,United Arab Emirates
Abu Dhabi,AE,2010-07-20,12:00:00,1279602000,34.7,31.4,38.9,20.5,301.0,0.0,0.0,United Arab Emirates
Abu Dhabi,AE,2010-07-21,12:00:00,1279688400,34.5,29.7,39.5,19.5,324.0,0.0,0.0,United Arab Emirates
Abu Dhabi,AE,2010-07-22,12:00:00,1279774800,35.6,32.2,39.4,21.3,322.0,0.0,0.0,United Arab Emirates
Abu Dhabi,AE,2010-07-23,12:00:00,1279861200,34.4,30.3,38.0,23.0,335.0,0.0,0.0,United Arab Emirates
Abu Dhabi,AE,2010-07-24,12:00:00,1279947600,35.9,32.9,40.5,26.3,329.0,0.0,0.0,United Arab Emirates
Abu Dhabi,AE,2010-07-25,12:00:00,1280034000,33.9,30.0,37.9,23.9,318.0,0.0,0.0,United Arab Emirates
Abu Dhabi,AE,2010-07-26,12:00:00,1280120400,34.0,28.3,38.5,21.1,303.0,0.0,0.0,United Arab Emirates
Abu Dhabi,AE,2010-07-27,12:00:00,1280206800,34.9,31.8,38.5,23.1,298.0,0.0,0.0,United Arab Emirates
Abu Dhabi,AE,2010-07-28,12:00:00,1280293200,35.3,31.8,39.4,16.7,206.0,0.0,0.0,United Arab Emirates
Abu Dhabi,AE,2010-07-29,12:00:00,1280379600,37.4,32.7,42.6,24.2,138.0,0.0,0.0,United Arab Emirates
Abu Dhabi,AE,2010-07-30,12:00:00,1280466000,37.0,32.0,41.8,20.6,15.0,0.0,0.0,United Arab Emirates
Abu Dhabi,AE,2010-07-31,12:00:00,1280552400,37.6,31.5,44.0,22.4,76.0,0.0,0.0,United Arab Emirates
Abu Dhabi,AE,2010-08-01,12:00:00,1280638800,38.5,33.3,43.8,21.4,109.0,0.0,0.0,United Arab Emirates
Abu Dhabi,AE,2010-08-02,12:00:00,1280725200,38.3,33.2,42.5,20.2,96.0,0.1,0.0,United Arab Emirates
Abu Dhabi,AE,2010-08-03,12:00:00,1280811600,37.4,31.7,43.0,22.7,76.0,0.1,0.0,United Arab Emirates
Abu Dhabi,AE,2010-08-04,12:00:00,1280898000,37.2,31.1,43.3,24.5,46.0,0.0,0.0,United Arab Emirates
Abu Dhabi,AE,2010-08-05,12:00:00,1280984400,37.3,31.4,41.7,20.5,140.0,0.0,0.0,United Arab Emirates
Abu Dhabi,AE,2010-08-06,12:00:00,1281070800,37.8,32.8,43.0,21.3,87.0,0.0,0.0,United Arab Emirates
Abu Dhabi,AE,2010-08-07,12:00:00,1281157200,35.7,30.3,41.8,28.3,350.0,0.0,0.0,United Arab Emirates
Abu Dhabi,AE,2010-08-08,12:00:00,1281243600,34.5,29.4,39.8,23.1,3.0,0.0,0.0,United Arab Emirates
Abu Dhabi,AE,2010-08-09,12:00:00,1281330000,36.1,30.0,42.0,22.5,5.0,0.0,0.0,United Arab Emirates
Abu Dhabi,AE,2010-08-10,12:00:00,1281416400,36.8,30.8,43.2,24.6,58.0,0.0,0.0,United Arab Emirates
Abu Dhabi,AE,2010-08-11,12:00:00,1281502800,37.7,33.1,43.0,20.5,68.0,0.0,0.0,United Arab Emirates
Abu Dhabi,AE,2010-08-12,12:00:00,1281589200,37.1,32.0,43.7,23.2,51.0,0.0,0.0,United Arab Emirates
Abu Dhabi,AE,2010-08-13,12:00:00,1281675600,36.6,31.8,43.3,22.5,48.0,0.0,0.0,United Arab Emirates
Abu Dhabi,AE,2010-08-14,12:00:00,1281762000,35.8,30.5,42.5,23.8,23.0,0.0,0.0,United Arab Emirates
Abu Dhabi,AE,2010-08-15,12:00:00,1281848400,35.6,29.1,41.5,19.1,6.0,0.0,0.0,United Arab Emirates
Abu Dhabi,AE,2010-08-16,12:00:00,1281934800,36.8,30.5,42.1,23.2,128.0,0.0,0.0,United Arab Emirates
Abu Dhabi,AE,2010-08-17,12:00:00,1282021200,36.6,32.0,41.7,20.2,220.0,0.0,0.0,United Arab Emirates
Abu Dhabi,AE,2010-08-18,12:00:00,1282107600,34.9,29.3,41.3,24.7,22.0,0.0,0.0,United Arab Emirates
Abu Dhabi,AE,2010-08-19,12:00:00,1282194000,35.0,28.7,41.8,25.9,31.0,0.0,0.0,United Arab Emirates
Abu Dhabi,AE,2010-08-20,12:00:00,1282280400,35.7,30.8,42.3,22.5,66.0,0.0,0.0,United Arab Emirates
Abu Dhabi,AE,2010-08-21,12:00:00,1282366800,35.6,31.4,40.6,26.6,136.0,0.0,0.0,United Arab Emirates
Abu Dhabi,AE,2010-08-22,12:00:00,1282453200,35.1,30.5,39.4,28.2,146.0,0.0,0.0,United Arab Emirates
Abu Dhabi,AE,2010-08-23,12:00:00,1282539600,34.6,31.7,38.7,26.6,113.0,0.0,0.0,United Arab Emirates
Abu Dhabi,AE,2010-08-24,12:00:00,1282626000,34.2,30.0,39.3,22.9,4.0,0.0,0.0,United Arab Emirates
Abu Dhabi,AE,2010-08-25,12:00:00,1282712400,33.8,28.5,39.5,20.1,360.0,0.0,0.0,United Arab Emirates
Abu Dhabi,AE,2010-08-26,12:00:00,1282798800,35.1,29.6,41.5,25.7,351.0,0.0,0.0,United Arab Emirates
Abu Dhabi,AE,2010-08-27,12:00:00,1282885200,35.8,30.0,42.0,24.4,212.0,0.0,0.0,United Arab Emirates
Abu Dhabi,AE,2010-08-28,12:00:00,1282971600,35.8,30.0,41.5,27.4,76.0,0.0,0.0,United Arab Emirates
Abu Dhabi,AE,2010-08-29,12:00:00,1283058000,36.2,31.4,41.5,24.4,99.0,0.0,0.0,United Arab Emirates
Abu Dhabi,AE,2010-08-30,12:00:00,1283144400,34.3,29.3,40.0,25.9,303.0,0.0,0.0,United Arab Emirates
Abu Dhabi,AE,2010-08-31,12:00:00,1283230800,33.1,26.9,39.3,18.9,328.0,0.0,0.0,United Arab Emirates
Abu Dhabi,AE,2010-09-01,12:00:00,1283317200,35.0,28.6,41.4,24.7,12.0,0.0,0.0,United Arab Emirates
Abu Dhabi,AE,2010-09-02,12:00:00,1283403600,36.3,30.8,42.3,24.4,175.0,0.0,0.0,United Arab Emirates
Abu Dhabi,AE,2010-09-03,12:00:00,1283490000,34.8,29.5,40.5,22.5,335.0,0.0,0.0,United Arab Emirates
Abu Dhabi,AE,2010-09-04,12:00:00,1283576400,33.8,28.5,38.9,17.7,321.0,0.0,0.0,United Arab Emirates
Abu Dhabi,AE,2010-09-05,12:00:00,1283662800,34.9,30.2,41.1,25.7,13.0,0.0,0.0,United Arab Emirates
Abu Dhabi,AE,2010-09-06,12:00:00,1283749200,34.6,29.1,39.4,20.0,341.0,0.0,0.0,United Arab Emirates
Abu Dhabi,AE,2010-09-07,12:00:00,1283835600,35.6,31.1,41.0,23.9,87.0,0.0,0.0,United Arab Emirates
Abu Dhabi,AE,2010-09-08,12:00:00,1283922000,33.9,28.1,40.7,25.5,5.0,0.0,0.0,United Arab Emirates
Abu Dhabi,AE,2010-09-09,12:00:00,1284008400,32.6,27.2,38.8,19.9,3.0,0.0,0.0,United Arab Emirates
Abu Dhabi,AE,2010-09-10,12:00:00,1284094800,33.2,27.4,40.2,22.2,12.0,0.0,0.0,United Arab Emirates
Abu Dhabi,AE,2010-09-11,12:00:00,1284181200,32.7,27.9,37.8,20.8,352.0,0.0,0.0,United Arab Emirates
Abu Dhabi,AE,2010-09-12,12:00:00,1284267600,32.9,27.5,39.8,24.9,14.0,0.0,0.0,United Arab Emirates
Abu Dhabi,AE,2010-09-13,12:00:00,1284354000,34.2,27.4,41.5,23.0,18.0,0.0,0.0,United Arab Emirates
Abu Dhabi,AE,2010-09-14,12:00:00,1284440400,33.2,27.5,39.6,24.2,323.0,0.0,0.0,United Arab Emirates
Abu Dhabi,AE,2010-09-15,12:00:00,1284526800,32.2,26.3,37.7,21.2,314.0,0.0,0.0,United Arab Emirates
Abu Dhabi,AE,2010-09-16,12:00:00,1284613200,31.4,26.8,37.3,22.8,351.0,0.0,0.0,United Arab Emirates
Abu Dhabi,AE,2010-09-17,12:00:00,1284699600,32.8,28.7,38.2,17.7,2.0,0.0,0.0,United Arab Emirates
Abu Dhabi,AE,2010-09-18,12:00:00,1284786000,33.4,26.4,40.1,24.8,41.0,0.0,0.0,United Arab Emirates
Abu Dhabi,AE,2010-09-19,12:00:00,1284872400,35.2,28.1,41.8,23.5,68.0,0.0,0.0,United Arab Emirates
Abu Dhabi,AE,2010-09-20,12:00:00,1284958800,33.7,27.8,40.0,27.4,111.0,0.0,0.0,United Arab Emirates
Abu Dhabi,AE,2010-09-21,12:00:00,1285045200,32.5,27.8,38.0,28.7,170.0,0.0,0.0,United Arab Emirates
Abu Dhabi,AE,2010-09-22,12:00:00,1285131600,31.1,25.2,36.8,23.2,280.0,0.0,0.0,United Arab Emirates
Abu Dhabi,AE,2010-09-23,12:00:00,1285218000,31.1,26.0,35.5,23.2,310.0,0.0,0.0,United Arab Emirates
Abu Dhabi,AE,2010-09-24,12:00:00,1285304400,31.1,25.7,36.1,17.1,338.0,0.0,0.0,United Arab Emirates
Abu Dhabi,AE,2010-09-25,12:00:00,1285390800,32.0,26.3,37.5,20.5,27.0,0.0,0.0,United Arab Emirates
Abu Dhabi,AE,2010-09-26,12:00:00,1285477200,32.9,26.2,39.7,17.1,51.0,0.0,0.0,United Arab Emirates
Abu Dhabi,AE,2010-09-27,12:00:00,1285563600,32.1,26.0,38.6,20.9,40.0,0.0,0.0,United Arab Emirates
Abu Dhabi,AE,2010-09-28,12:00:00,1285650000,31.1,25.5,36.6,19.2,271.0,0.0,0.0,United Arab Emirates
Abu Dhabi,AE,2010-09-29,12:00:00,1285736400,30.4,25.4,35.3,17.2,358.0,0.0,0.0,United Arab Emirates
Abu Dhabi,AE,2010-09-30,12:00:00,1285822800,32.2,27.8,37.7,17.7,23.0,0.0,0.0,United Arab Emirates
Abu Dhabi,AE,2010-10-01,12:00:00,1285909200,31.9,26.9,37.0,21.4,277.0,0.0,0.0,United Arab Emirates
Abu Dhabi,AE,2010-10-02,12:00:00,1285995600,31.3,26.3,35.9,21.9,343.0,0.0,0.0,United Arab Emirates
Abu Dhabi,AE,2010-10-03,12:00:00,1286082000,32.6,27.8,38.1,20.3,11.0,0.0,0.0,United Arab Emirates
Abu Dhabi,AE,2010-10-04,12:00:00,1286168400,32.2,26.8,37.3,19.4,324.0,0.0,0.0,United Arab Emirates
Abu Dhabi,AE,2010-10-05,12:00:00,1286254800,32.5,29.3,36.6,23.7,302.0,0.0,0.0,United Arab Emirates
Abu Dhabi,AE,2010-10-06,12:00:00,1286341200,30.9,25.9,35.5,15.3,279.0,0.0,0.0,United Arab Emirates
Abu Dhabi,AE,2010-10-07,12:00:00,1286427600,30.3,25.5,35.5,17.0,312.0,0.0,0.0,United Arab Emirates
Abu Dhabi,AE,2010-10-08,12:00:00,1286514000,30.9,25.4,36.0,18.7,337.0,0.0,0.0,United Arab Emirates
Abu Dhabi,AE,2010-10-09,12:00:00,1286600400,31.7,28.2,36.3,20.5,327.0,0.0,0.0,United Arab Emirates
Abu Dhabi,AE,2010-10-10,12:00:00,1286686800,31.2,25.6,36.1,20.0,324.0,0.0,0.0,United Arab Emirates
Abu Dhabi,AE,2010-10-11,12:00:00,1286773200,31.8,28.1,36.7,20.4,307.0,0.0,0.0,United Arab Emirates
Abu Dhabi,AE,2010-10-12,12:00:00,1286859600,31.6,25.8,37.1,21.3,288.0,0.0,0.0,United Arab Emirates
Abu Dhabi,AE,2010-10-13,12:00:00,1286946000,31.9,25.8,36.5,24.4,313.0,0.0,0.0,United Arab Emirates
Abu Dhabi,AE,2010-10-14,12:00:00,1287032400,31.1,28.9,33.3,26.3,303.0,0.0,0.0,United Arab Emirates
Abu Dhabi,AE,2010-10-15,12:00:00,1287118800,30.9,28.6,33.9,17.6,293.0,0.0,0.0,United Arab Emirates
Abu Dhabi,AE,2010-10-16,12:00:00,1287205200,30.1,25.4,34.3,21.3,12.0,0.0,0.0,United Arab Emirates
Abu Dhabi,AE,2010-10-17,12:00:00,1287291600,30.4,26.7,34.0,20.4,349.0,0.0,0.0,United Arab Emirates
Abu Dhabi,AE,2010-10-18,12:00:00,1287378000,30.3,26.3,34.2,20.1,326.0,0.0,0.0,United Arab Emirates
Abu Dhabi,AE,2010-10-19,12:00:00,1287464400,29.9,25.7,34.1,22.2,318.0,0.0,0.0,United Arab Emirates
Abu Dhabi,AE,2010-10-20,12:00:00,1287550800,30.3,26.6,34.9,19.1,303.0,0.0,0.0,United Arab Emirates
Abu Dhabi,AE,2010-10-21,12:00:00,1287637200,31.3,27.6,35.8,26.3,319.0,0.0,0.0,United Arab Emirates
Abu Dhabi,AE,2010-10-22,12:00:00,1287723600,30.4,26.8,34.3,19.8,299.0,0.0,0.0,United Arab Emirates
Abu Dhabi,AE,2010-10-23,12:00:00,1287810000,29.8,26.0,34.1,16.6,305.0,0.0,0.0,United Arab Emirates
Abu Dhabi,AE,2010-10-24,12:00:00,1287896400,29.6,24.5,34.9,22.7,2.0,0.0,0.0,United Arab Emirates
Abu Dhabi,AE,2010-10-25,12:00:00,1287982800,29.2,22.9,35.1,16.3,38.0,0.0,0.0,United Arab Emirates
Abu Dhabi,AE,2010-10-26,12:00:00,1288069200,29.1,23.9,35.1,16.9,31.0,0.0,0.0,United Arab Emirates
Abu Dhabi,AE,2010-10-27,12:00:00,1288155600,28.3,22.8,35.0,18.3,313.0,0.0,0.0,United Arab Emirates
Abu Dhabi,AE,2010-10-28,12:00:00,1288242000,28.3,22.9,33.1,21.5,278.0,0.0,0.0,United Arab Emirates
Abu Dhabi,AE,2010-10-29,12:00:00,1288328400,29.0,25.2,32.2,19.9,309.0,0.0,0.0,United Arab Emirates
Abu Dhabi,AE,2010-10-30,12:00:00,1288414800,28.1,22.4,32.8,21.7,5.0,0.0,0.0,United Arab Emirates
Abu Dhabi,AE,2010-10-31,12:00:00,1288501200,29.0,23.6,33.3,18.7,358.0,0.0,0.0,United Arab Emirates
Abu Dhabi,AE,2010-11-01,12:00:00,1288587600,29.2,24.8,33.3,18.1,8.0,0.0,0.0,United Arab Emirates
Abu Dhabi,AE,2010-11-02,12:00:00,1288674000,29.5,24.0,33.9,17.5,30.0,0.0,0.0,United Arab Emirates
Abu Dhabi,AE,2010-11-03,12:00:00,1288760400,29.6,24.4,34.8,19.8,37.0,0.0,0.0,United Arab Emirates
Abu Dhabi,AE,2010-11-04,12:00:00,1288846800,27.8,22.4,32.1,19.8,356.0,0.0,0.0,United Arab Emirates
Abu Dhabi,AE,2010-11-05,12:00:00,1288933200,28.4,25.8,31.1,24.1,319.0,0.0,0.0,United Arab Emirates
Abu Dhabi,AE,2010-11-06,12:00:00,1289019600,27.5,23.0,31.4,18.4,339.0,0.0,0.0,United Arab Emirates
Abu Dhabi,AE,2010-11-07,12:00:00,1289106000,27.8,21.9,32.3,17.3,41.0,0.0,0.0,United Arab Emirates
Abu Dhabi,AE,2010-11-08,12:00:00,1289192400,28.3,23.6,32.1,23.7,94.0,0.0,0.0,United Arab Emirates
Abu Dhabi,AE,2010-11-09,12:00:00,1289278800,27.9,23.2,32.3,22.8,100.0,0.9,0.0,United Arab Emirates
Abu Dhabi,AE,2010-11-10,12:00:00,1289365200,27.8,23.3,31.6,16.2,357.0,0.5,0.0,United Arab Emirates
Abu Dhabi,AE,2010-11-11,12:00:00,1289451600,27.6,25.6,30.7,21.8,313.0,1.0,0.0,United Arab Emirates
Abu Dhabi,AE,2010-11-12,12:00:00,1289538000,26.6,23.8,29.4,18.2,278.0,0.8,0.0,United Arab Emirates
Abu Dhabi,AE,2010-11-13,12:00:00,1289624400,26.1,22.3,30.1,15.8,290.0,0.0,0.0,United Arab Emirates
Abu Dhabi,AE,2010-11-14,12:00:00,1289710800,26.8,23.1,30.8,19.9,2.0,0.4,0.0,United Arab Emirates
Abu Dhabi,AE,2010-11-15,12:00:00,1289797200,26.5,21.3,31.2,20.4,47.0,0.0,0.0,United Arab Emirates
Abu Dhabi,AE,2010-11-16,12:00:00,1289883600,26.4,20.8,31.9,25.1,70.0,0.0,0.0,United Arab Emirates
Abu Dhabi,AE,2010-11-17,12:00:00,1289970000,24.8,18.1,30.4,19.5,44.0,0.0,0.0,United Arab Emirates
Abu Dhabi,AE,2010-11-18,12:00:00,1290056400,24.4,17.2,29.9,22.3,30.0,0.0,0.0,United Arab Emirates
Abu Dhabi,AE,2010-11-19,12:00:00,1290142800,24.4,18.5,29.9,18.8,24.0,0.0,0.0,United Arab Emirates
Abu Dhabi,AE,2010-11-20,12:00:00,1290229200,24.4,19.6,28.8,18.6,329.0,0.0,0.0,United Arab Emirates
Abu Dhabi,AE,2010-11-21,12:00:00,1290315600,24.5,21.2,27.5,14.3,289.0,0.0,0.0,United Arab Emirates
Abu Dhabi,AE,2010-11-22,12:00:00,1290402000,24.2,19.1,27.4,12.7,295.0,0.0,0.0,United Arab Emirates
Abu Dhabi,AE,2010-11-23,12:00:00,1290488400,24.1,20.1,27.5,14.9,277.0,0.1,0.0,United Arab Emirates
Abu Dhabi,AE,2010-11-24,12:00:00,1290574800,24.6,20.7,28.0,17.9,353.0,0.0,0.0,United Arab Emirates
Abu Dhabi,AE,2010-11-25,12:00:00,1290661200,24.3,17.6,28.7,19.5,350.0,0.0,0.0,United Arab Emirates
Abu Dhabi,AE,2010-11-26,12:00:00,1290747600,24.9,20.7,28.6,20.8,330.0,0.0,0.0,United Arab Emirates
Abu Dhabi,AE,2010-11-27,12:00:00,1290834000,24.0,20.4,27.1,20.1,301.0,0.0,0.0,United Arab Emirates
Abu Dhabi,AE,2010-11-28,12:00:00,1290920400,23.4,19.2,27.3,16.4,293.0,0.0,0.0,United Arab Emirates
Abu Dhabi,AE,2010-11-29,12:00:00,1291006800,23.9,21.2,27.6,16.5,344.0,0.0,0.0,United Arab Emirates
Abu Dhabi,AE,2010-11-30,12:00:00,1291093200,23.5,18.3,28.5,21.3,0.0,0.0,0.0,United Arab Emirates
Abu Dhabi,AE,2010-12-01,12:00:00,1291179600,23.9,20.3,28.0,23.2,343.0,0.0,0.0,United Arab Emirates
Abu Dhabi,AE,2010-12-02,12:00:00,1291266000,23.7,19.9,28.1,19.1,345.0,0.0,0.0,United Arab Emirates
Abu Dhabi,AE,2010-12-03,12:00:00,1291352400,23.1,18.3,28.1,19.6,357.0,0.0,0.0,United Arab Emirates
Abu Dhabi,AE,2010-12-04,12:00:00,1291438800,23.1,17.8,29.1,20.5,21.0,0.0,0.0,United Arab Emirates
Abu Dhabi,AE,2010-12-05,12:00:00,1291525200,23.0,17.2,29.5,20.5,29.0,0.0,0.0,United Arab Emirates
Abu Dhabi,AE,2010-12-06,12:00:00,1291611600,22.5,14.9,29.3,15.9,44.0,0.0,0.0,United Arab Emirates
Abu Dhabi,AE,2010-12-07,12:00:00,1291698000,22.6,16.1,28.3,12.6,50.0,0.0,0.0,United Arab Emirates
Abu Dhabi,AE,2010-12-08,12:00:00,1291784400,22.3,15.7,27.9,19.6,17.0,0.0,0.0,United Arab Emirates
Abu Dhabi,AE,2010-12-09,12:00:00,1291870800,23.0,19.0,26.9,17.1,319.0,0.0,0.0,United Arab Emirates
Abu Dhabi,AE,2010-12-10,12:00:00,1291957200,22.6,18.5,26.4,14.3,314.0,0.0,0.0,United Arab Emirates
Abu Dhabi,AE,2010-12-11,12:00:00,1292043600,21.8,17.2,25.7,13.3,271.0,0.0,0.0,United Arab Emirates
Abu Dhabi,AE,2010-12-12,12:00:00,1292130000,21.9,15.1,27.2,8.9,238.0,0.0,0.0,United Arab Emirates
Abu Dhabi,AE,2010-12-13,12:00:00,1292216400,22.3,14.9,28.2,11.2,347.0,0.0,0.0,United Arab Emirates
Abu Dhabi,AE,2010-12-14,12:00:00,1292302800,22.8,19.7,25.4,37.0,307.0,0.0,0.0,United Arab Emirates
Abu Dhabi,AE,2010-12-15,12:00:00,1292389200,22.7,20.5,25.4,27.9,308.0,0.0,0.0,United Arab Emirates
Abu Dhabi,AE,2010-12-16,12:00:00,1292475600,22.9,19.5,26.4,19.0,351.0,0.0,0.0,United Arab Emirates
Abu Dhabi,AE,2010-12-17,12:00:00,1292562000,22.0,18.8,25.8,16.8,318.0,0.0,0.0,United Arab Emirates
Abu Dhabi,AE,2010-12-18,12:00:00,1292648400,21.0,16.6,24.8,13.0,307.0,0.0,0.0,United Arab Emirates
Abu Dhabi,AE,2010-12-19,12:00:00,1292734800,20.1,15.0,24.2,13.2,326.0,0.0,0.0,United Arab Emirates
Abu Dhabi,AE,2010-12-20,12:00:00,1292821200,20.2,14.2,24.7,15.3,351.0,0.0,0.0,United Arab Emirates
Abu Dhabi,AE,2010-12-21,12:00:00,1292907600,21.0,17.0,25.1,17.6,338.0,0.0,0.0,United Arab Emirates
Abu Dhabi,AE,2010-12-22,12:00:00,1292994000,22.4,18.7,26.4,18.5,323.0,0.0,0.0,United Arab Emirates
Abu Dhabi,AE,2010-12-23,12:00:00,1293080400,22.4,19.7,25.7,20.2,321.0,0.0,0.0,United Arab Emirates
Abu Dhabi,AE,2010-12-24,12:00:00,1293166800,22.0,18.7,25.5,17.4,299.0,0.0,0.0,United Arab Emirates
Abu Dhabi,AE,2010-12-25,12:00:00,1293253200,22.0,18.6,25.5,22.7,302.0,0.2,0.0,United Arab Emirates
Abu Dhabi,AE,2010-12-26,12:00:00,1293339600,22.4,20.9,24.9,32.4,307.0,0.1,0.0,United Arab Emirates
Abu Dhabi,AE,2010-12-27,12:00:00,1293426000,21.1,19.2,23.2,23.9,314.0,0.0,0.0,United Arab Emirates
Abu Dhabi,AE,2010-12-28,12:00:00,1293512400,19.9,14.1,24.8,24.6,35.0,0.0,0.0,United Arab Emirates
Abu Dhabi,AE,2010-12-29,12:00:00,1293598800,18.7,11.7,24.4,20.5,44.0,0.0,0.0,United Arab Emirates
Abu Dhabi,AE,2010-12-30,12:00:00,1293685200,18.9,11.7,24.7,20.3,63.0,0.0,0.0,United Arab Emirates
Abu Dhabi,AE,2010-12-31,12:00:00,1293771600,17.7,10.2,23.7,17.8,80.0,0.0,0.0,United Arab Emirates
Abu Dhabi,AE,2011-01-01,12:00:00,1293858000,18.5,11.5,23.9,20.2,287.0,0.0,0.0,United Arab Emirates
Abu Dhabi,AE,2011-01-02,12:00:00,1293944400,20.2,18.0,23.3,22.6,291.0,0.0,0.0,United Arab Emirates
Abu Dhabi,AE,2011-01-03,12:00:00,1294030800,20.4,18.2,23.3,17.9,295.0,0.0,0.0,United Arab Emirates
Abu Dhabi,AE,2011-01-04,12:00:00,1294117200,19.9,16.5,23.4,11.9,288.0,0.0,0.0,United Arab Emirates
Abu Dhabi,AE,2011-01-05,12:00:00,1294203600,20.0,16.8,23.9,16.1,336.0,0.0,0.0,United Arab Emirates
Abu Dhabi,AE,2011-01-06,12:00:00,1294290000,20.0,15.7,24.2,17.0,346.0,0.0,0.0,United Arab Emirates
Abu Dhabi,AE,2011-01-07,12:00:00,1294376400,20.0,15.8,23.6,15.8,328.0,0.0,0.0,United Arab Emirates
Abu Dhabi,AE,2011-01-08,12:00:00,1294462800,20.7,17.3,24.9,17.0,359.0,0.0,0.0,United Arab Emirates
Abu Dhabi,AE,2011-01-09,12:00:00,1294549200,20.3,17.6,23.9,16.5,294.0,0.0,0.0,United Arab Emirates
Abu Dhabi,AE,2011-01-10,12:00:00,1294635600,20.4,16.7,24.1,16.1,312.0,0.3,0.0,United Arab Emirates
Abu Dhabi,AE,2011-01-11,12:00:00,1294722000,20.3,18.4,21.6,22.3,305.0,0.3,0.0,United Arab Emirates
Abu Dhabi,AE,2011-01-12,12:00:00,1294808400,19.4,17.9,21.4,29.6,305.0,0.0,0.0,United Arab Emirates
Abu Dhabi,AE,2011-01-13,12:00:00,1294894800,19.0,17.9,20.7,28.7,304.0,0.0,0.0,United Arab Emirates
Abu Dhabi,AE,2011-01-14,12:00:00,1294981200,19.4,15.8,22.4,11.7,344.0,0.0,0.0,United Arab Emirates
Abu Dhabi,AE,2011-01-15,12:00:00,1295067600,20.1,14.4,25.7,24.2,144.0,0.0,0.0,United Arab Emirates
Abu Dhabi,AE,2011-01-16,12:00:00,1295154000,21.3,17.6,26.4,27.5,158.0,0.0,0.0,United Arab Emirates
Abu Dhabi,AE,2011-01-17,12:00:00,1295240400,21.1,18.8,23.6,22.7,347.0,0.0,0.0,United Arab Emirates
Abu Dhabi,AE,2011-01-18,12:00:00,1295326800,21.3,18.9,24.8,28.1,17.0,0.1,0.0,United Arab Emirates
Abu Dhabi,AE,2011-01-19,12:00:00,1295413200,21.0,18.0,24.2,24.9,106.0,1.0,0.0,United Arab Emirates
Abu Dhabi,AE,2011-01-20,12:00:00,1295499600,20.5,19.1,22.4,23.1,5.0,0.1,0.0,United Arab Emirates
Abu Dhabi,AE,2011-01-21,12:00:00,1295586000,19.1,17.0,20.4,21.6,338.0,1.6,0.0,United Arab Emirates
Abu Dhabi,AE,2011-01-22,12:00:00,1295672400,18.8,16.1,21.6,13.0,314.0,0.2,0.0,United Arab Emirates
Abu Dhabi,AE,2011-01-23,12:00:00,1295758800,19.2,16.6,22.1,15.5,317.0,0.0,0.0,United Arab Emirates
Abu Dhabi,AE,2011-01-24,12:00:00,1295845200,19.6,17.0,23.0,23.8,321.0,0.0,0.0,United Arab Emirates
Abu Dhabi,AE,2011-01-25,12:00:00,1295931600,18.9,16.0,22.3,17.7,313.0,0.0,0.0,United Arab Emirates
Abu Dhabi,AE,2011-01-26,12:00:00,1296018000,19.8,13.7,23.8,16.3,34.0,0.0,0.0,United Arab Emirates
Abu Dhabi,AE,2011-01-27,12:00:00,1296104400,20.8,14.2,26.6,24.7,121.0,0.0,0.0,United Arab Emirates
Abu Dhabi,AE,2011-01-28,12:00:00,1296190800,21.4,16.4,26.8,22.2,72.0,0.0,0.0,United Arab Emirates
Abu Dhabi,AE,2011-01-29,12:00:00,1296277200,19.8,17.5,22.6,16.3,329.0,0.0,0.0,United Arab Emirates
Abu Dhabi,AE,2011-01-30,12:00:00,1296363600,20.3,13.4,26.2,22.8,56.0,0.0,0.0,United Arab Emirates
Abu Dhabi,AE,2011-01-31,12:00:00,1296450000,24.3,20.5,28.9,34.9,142.0,0.0,0.0,United Arab Emirates
Abu Dhabi,AE,2011-02-01,12:00:00,1296536400,24.9,20.2,29.0,48.9,162.0,0.0,0.0,United Arab Emirates
Abu Dhabi,AE,2011-02-02,12:00:00,1296622800,23.1,19.8,26.2,30.8,193.0,0.0,0.0,United Arab Emirates
Abu Dhabi,AE,2011-02-03,12:00:00,1296709200,20.3,17.9,23.8,29.4,315.0,0.0,0.0,United Arab Emirates
Abu Dhabi,AE,2011-02-04,12:00:00,1296795600,18.4,16.7,20.9,28.3,305.0,0.0,0.0,United Arab Emirates
Abu Dhabi,AE,2011-02-05,12:00:00,1296882000,18.8,16.2,22.3,22.1,288.0,0.0,0.0,United Arab Emirates
Abu Dhabi,AE,2011-02-06,12:00:00,1296968400,18.9,14.0,23.8,29.0,298.0,0.0,0.0,United Arab Emirates
Abu Dhabi,AE,2011-02-07,12:00:00,1297054800,18.7,17.2,20.9,28.0,300.0,0.0,0.0,United Arab Emirates
Abu Dhabi,AE,2011-02-08,12:00:00,1297141200,18.8,15.0,23.0,15.3,287.0,0.0,0.0,United Arab Emirates
Abu Dhabi,AE,2011-02-09,12:00:00,1297227600,20.7,15.6,27.7,21.4,114.0,0.1,0.0,United Arab Emirates
Abu Dhabi,AE,2011-02-10,12:00:00,1297314000,18.9,15.9,21.1,25.9,279.0,0.0,0.0,United Arab Emirates
Abu Dhabi,AE,2011-02-11,12:00:00,1297400400,19.6,13.1,25.6,28.5,13.0,0.0,0.0,United Arab Emirates
Abu Dhabi,AE,2011-02-12,12:00:00,1297486800,19.6,18.4,21.6,36.2,320.0,0.0,0.0,United Arab Emirates
Abu Dhabi,AE,2011-02-13,12:00:00,1297573200,18.2,16.8,20.2,33.8,302.0,0.0,0.0,United Arab Emirates
Abu Dhabi,AE,2011-02-14,12:00:00,1297659600,17.8,16.0,20.3,26.4,294.0,0.0,0.0,United Arab Emirates
Abu Dhabi,AE,2011-02-15,12:00:00,1297746000,18.2,15.5,21.4,30.3,296.0,0.0,0.0,United Arab Emirates
Abu Dhabi,AE,2011-02-16,12:00:00,1297832400,18.5,13.7,23.0,17.5,281.0,0.0,0.0,United Arab Emirates
Abu Dhabi,AE,2011-02-17,12:00:00,1297918800,21.1,13.1,29.5,23.6,189.0,0.0,0.0,United Arab Emirates
Abu Dhabi,AE,2011-02-18,12:00:00,1298005200,20.5,18.6,23.3,28.2,313.0,0.0,0.0,United Arab Emirates
Abu Dhabi,AE,2011-02-19,12:00:00,1298091600,19.5,17.3,22.5,23.7,299.0,0.0,0.0,United Arab Emirates
Abu Dhabi,AE,2011-02-20,12:00:00,1298178000,18.9,12.0,24.7,11.4,31.0,0.0,0.0,United Arab Emirates
Abu Dhabi,AE,2011-02-21,12:00:00,1298264400,21.5,14.6,28.1,28.6,157.0,0.0,0.0,United Arab Emirates
Abu Dhabi,AE,2011-02-22,12:00:00,1298350800,21.0,16.3,25.0,21.5,273.0,0.0,0.0,United Arab Emirates
Abu Dhabi,AE,2011-02-23,12:00:00,1298437200,19.6,15.6,24.2,17.6,308.0,0.0,0.0,United Arab Emirates
Abu Dhabi,AE,2011-02-24,12:00:00,1298523600,18.7,13.8,24.8,16.3,354.0,0.0,0.0,United Arab Emirates
Abu Dhabi,AE,2011-02-25,12:00:00,1298610000,20.4,14.2,26.4,15.1,360.0,0.0,0.0,United Arab Emirates
Abu Dhabi,AE,2011-02-26,12:00:00,1298696400,22.9,16.7,29.2,23.5,30.0,0.0,0.0,United Arab Emirates
Abu Dhabi,AE,2011-02-27,12:00:00,1298782800,26.7,19.3,32.9,27.5,137.0,0.0,0.0,United Arab Emirates
Abu Dhabi,AE,2011-02-28,12:00:00,1298869200,27.8,23.7,33.1,33.8,161.0,0.0,0.0,United Arab Emirates
Abu Dhabi,AE,2011-03-01,12:00:00,1298955600,25.9,22.7,31.0,32.0,172.0,0.0,0.0,United Arab Emirates
Abu Dhabi,AE,2011-03-02,12:00:00,1299042000,22.2,19.4,25.1,33.7,305.0,0.0,0.0,United Arab Emirates
Abu Dhabi,AE,2011-03-03,12:00:00,1299128400,20.6,18.5,23.8,36.1,301.0,0.0,0.0,United Arab Emirates
Abu Dhabi,AE,2011-03-04,12:00:00,1299214800,20.3,17.5,23.6,34.2,300.0,0.0,0.0,United Arab Emirates
Abu Dhabi,AE,2011-03-05,12:00:00,1299301200,19.7,18.0,21.6,34.3,295.0,0.0,0.0,United Arab Emirates
Abu Dhabi,AE,2011-03-06,12:00:00,1299387600,18.7,15.6,21.6,21.5,286.0,0.0,0.0,United Arab Emirates
Abu Dhabi,AE,2011-03-07,12:00:00,1299474000,19.5,14.1,24.3,16.9,335.0,0.0,0.0,United Arab Emirates
Abu Dhabi,AE,2011-03-08,12:00:00,1299560400,20.5,13.6,27.7,18.7,27.0,0.0,0.0,United Arab Emirates
Abu Dhabi,AE,2011-03-09,12:00:00,1299646800,23.3,16.2,30.0,15.3,33.0,0.0,0.0,United Arab Emirates
Abu Dhabi,AE,2011-03-10,12:00:00,1299733200,25.5,17.7,32.9,19.5,67.0,0.0,0.0,United Arab Emirates
Abu Dhabi,AE,2011-03-11,12:00:00,1299819600,27.2,19.7,34.6,25.7,128.0,0.0,0.0,United Arab Emirates
Abu Dhabi,AE,2011-03-12,12:00:00,1299906000,26.8,21.4,33.9,27.9,134.0,0.0,0.0,United Arab Emirates
Abu Dhabi,AE,2011-03-13,12:00:00,1299992400,26.9,21.5,33.9,26.4,140.0,0.0,0.0,United Arab Emirates
Abu Dhabi,AE,2011-03-14,12:00:00,1300078800,23.1,19.0,28.7,31.2,270.0,0.0,0.0,United Arab Emirates
Abu Dhabi,AE,2011-03-15,12:00:00,1300165200,21.4,19.4,24.4,31.5,310.0,0.0,0.0,United Arab Emirates
Abu Dhabi,AE,2011-03-16,12:00:00,1300251600,21.1,18.5,24.6,30.5,309.0,0.0,0.0,United Arab Emirates
Abu Dhabi,AE,2011-03-17,12:00:00,1300338000,21.3,18.5,24.7,26.2,310.0,0.0,0.0,United Arab Emirates
Abu Dhabi,AE,2011-03-18,12:00:00,1300424400,21.5,18.4,25.1,25.7,302.0,0.0,0.0,United Arab Emirates
Abu Dhabi,AE,2011-03-19,12:00:00,1300510800,21.9,19.2,25.4,26.1,304.0,0.0,0.0,United Arab Emirates
Abu Dhabi,AE,2011-03-20,12:00:00,1300597200,22.1,19.1,25.4,21.9,301.0,0.0,0.0,United Arab Emirates
Abu Dhabi,AE,2011-03-21,12:00:00,1300683600,20.5,15.3,25.9,23.5,288.0,0.0,0.0,United Arab Emirates
Abu Dhabi,AE,2011-03-22,12:00:00,1300770000,21.3,14.8,27.8,21.1,278.0,0.0,0.0,United Arab Emirates
Abu Dhabi,AE,2011-03-23,12:00:00,1300856400,24.0,14.2,31.8,14.5,103.0,0.0,0.0,United Arab Emirates
Abu Dhabi,AE,2011-03-24,12:00:00,1300942800,25.0,20.4,32.3,22.9,228.0,0.0,0.0,United Arab Emirates
Abu Dhabi,AE,2011-03-25,12:00:00,1301029200,25.7,18.7,33.0,15.4,16.0,0.0,0.0,United Arab Emirates
Abu Dhabi,AE,2011-03-26,12:00:00,1301115600,24.3,21.1,28.2,28.4,278.0,0.0,0.0,United Arab Emirates
Abu Dhabi,AE,2011-03-27,12:00:00,1301202000,21.6,19.3,24.5,27.7,304.0,0.0,0.0,United Arab Emirates
Abu Dhabi,AE,2011-03-28,12:00:00,1301288400,21.8,18.6,25.5,27.7,297.0,0.0,0.0,United Arab Emirates
Abu Dhabi,AE,2011-03-29,12:00:00,1301374800,22.4,19.0,26.1,29.5,297.0,0.0,0.0,United Arab Emirates
Abu Dhabi,AE,2011-03-30,12:00:00,1301461200,23.1,18.8,27.8,24.7,309.0,0.0,0.0,United Arab Emirates
Abu Dhabi,AE,2011-03-31,12:00:00,1301547600,22.7,18.5,27.3,22.9,298.0,0.0,0.0,United Arab Emirates
Abu Dhabi,AE,2011-04-01,12:00:00,1301634000,22.5,17.9,27.1,22.0,301.0,0.0,0.0,United Arab Emirates
Abu Dhabi,AE,2011-04-02,12:00:00,1301720400,22.4,18.0,28.4,19.5,305.0,0.0,0.0,United Arab Emirates
Abu Dhabi,AE,2011-04-03,12:00:00,1301806800,23.5,16.6,30.3,18.1,13.0,0.0,0.0,United Arab Emirates
Abu Dhabi,AE,2011-04-04,12:00:00,1301893200,26.4,19.2,34.0,27.3,89.0,0.0,0.0,United Arab Emirates
Abu Dhabi,AE,2011-04-05,12:00:00,1301979600,30.2,24.7,36.2,31.0,146.0,0.0,0.0,United Arab Emirates
Abu Dhabi,AE,2011-04-06,12:00:00,1302066000,31.3,26.2,36.3,34.0,162.0,0.0,0.0,United Arab Emirates
Abu Dhabi,AE,2011-04-07,12:00:00,1302152400,30.7,24.6,36.4,30.0,157.0,0.0,0.0,United Arab Emirates
Abu Dhabi,AE,2011-04-08,12:00:00,1302238800,29.9,24.0,35.6,34.0,154.0,0.0,0.0,United Arab Emirates
Abu Dhabi,AE,2011-04-09,12:00:00,1302325200,31.0,26.2,37.0,28.6,161.0,0.0,0.0,United Arab Emirates
Abu Dhabi,AE,2011-04-10,12:00:00,1302411600,30.2,25.0,38.0,40.3,80.0,0.1,0.0,United Arab Emirates
Abu Dhabi,AE,2011-04-11,12:00:00,1302498000,28.5,23.8,34.9,36.7,122.0,0.0,0.0,United Arab Emirates
Abu Dhabi,AE,2011-04-12,12:00:00,1302584400,30.7,26.1,35.7,33.6,162.0,0.3,0.0,United Arab Emirates
Abu Dhabi,AE,2011-04-13,12:00:00,1302670800,30.7,24.9,36.7,36.4,100.0,0.0,0.0,United Arab Emirates
Abu Dhabi,AE,2011-04-14,12:00:00,1302757200,29.1,25.9,33.4,26.0,63.0,0.0,0.0,United Arab Emirates
Abu Dhabi,AE,2011-04-15,12:00:00,1302843600,27.0,24.2,32.3,41.1,19.0,0.0,0.0,United Arab Emirates
Abu Dhabi,AE,2011-04-16,12:00:00,1302930000,24.6,21.7,28.1,19.6,316.0,0.0,0.0,United Arab Emirates
Abu Dhabi,AE,2011-04-17,12:00:00,1303016400,25.1,22.4,28.1,23.4,311.0,0.0,0.0,United Arab Emirates
Abu Dhabi,AE,2011-04-18,12:00:00,1303102800,25.2,21.8,29.3,24.6,293.0,0.0,0.0,United Arab Emirates
Abu Dhabi,AE,2011-04-19,12:00:00,1303189200,25.1,19.4,30.6,19.1,302.0,0.0,0.0,United Arab Emirates
Abu Dhabi,AE,2011-04-20,12:00:00,1303275600,27.8,21.1,35.3,28.7,12.0,0.0,0.0,United Arab Emirates
Abu Dhabi,AE,2011-04-21,12:00:00,1303362000,28.8,21.4,36.0,23.4,72.0,0.0,0.0,United Arab Emirates
Abu Dhabi,AE,2011-04-22,12:00:00,1303448400,30.3,24.0,36.4,25.6,122.0,0.0,0.0,United Arab Emirates
Abu Dhabi,AE,2011-04-23,12:00:00,1303534800,29.8,24.6,35.4,25.1,332.0,0.0,0.0,United Arab Emirates
Abu Dhabi,AE,2011-04-24,12:00:00,1303621200,28.7,22.3,35.0,17.7,287.0,0.0,0.0,United Arab Emirates
Abu Dhabi,AE,2011-04-25,12:00:00,1303707600,29.3,22.4,35.1,19.0,17.0,0.0,0.0,United Arab Emirates
Abu Dhabi,AE,2011-04-26,12:00:00,1303794000,29.2,22.7,34.8,23.7,12.0,0.0,0.0,United Arab Emirates
Abu Dhabi,AE,2011-04-27,12:00:00,1303880400,29.4,24.1,35.1,28.0,326.0,0.0,0.0,United Arab Emirates
Abu Dhabi,AE,2011-04-28,12:00:00,1303966800,28.2,24.8,32.2,26.9,293.0,0.0,0.0,United Arab Emirates
Abu Dhabi,AE,2011-04-29,12:00:00,1304053200,25.7,18.8,31.1,16.5,289.0,0.0,0.0,United Arab Emirates
Abu Dhabi,AE,2011-04-30,12:00:00,1304139600,27.6,20.0,34.7,20.0,28.0,0.0,0.0,United Arab Emirates
Abu Dhabi,AE,2011-05-01,12:00:00,1304226000,29.9,23.1,35.2,16.1,85.0,0.0,0.0,United Arab Emirates
Abu Dhabi,AE,2011-05-02,12:00:00,1304312400,29.6,25.1,34.8,25.2,322.0,0.0,0.0,United Arab Emirates
Abu Dhabi,AE,2011-05-03,12:00:00,1304398800,28.1,25.9,31.0,30.8,298.0,0.0,0.0,United Arab Emirates
Abu Dhabi,AE,2011-05-04,12:00:00,1304485200,28.8,21.6,34.2,21.4,268.0,0.0,0.0,United Arab Emirates
Abu Dhabi,AE,2011-05-05,12:00:00,1304571600,29.6,26.7,33.8,25.7,265.0,0.0,0.0,United Arab Emirates
Abu Dhabi,AE,2011-05-06,12:00:00,1304658000,28.3,24.2,32.2,21.8,284.0,0.0,0.0,United Arab Emirates
Abu Dhabi,AE,2011-05-07,12:00:00,1304744400,28.3,21.4,34.1,24.7,280.0,0.0,0.0,United Arab Emirates
Abu Dhabi,AE,2011-05-08,12:00:00,1304830800,29.3,22.5,34.5,23.2,294.0,0.0,0.0,United Arab Emirates
Abu Dhabi,AE,2011-05-09,12:00:00,1304917200,31.2,22.1,39.4,24.9,309.0,0.0,0.0,United Arab Emirates
Abu Dhabi,AE,2011-05-10,12:00:00,1305003600,31.3,23.3,37.9,23.4,312.0,0.0,0.0,United Arab Emirates
Abu Dhabi,AE,2011-05-11,12:00:00,1305090000,32.2,26.4,37.8,20.9,302.0,0.0,0.0,United Arab Emirates
Abu Dhabi,AE,2011-05-12,12:00:00,1305176400,32.4,23.0,39.6,22.1,319.0,0.0,0.0,United Arab Emirates
Abu Dhabi,AE,2011-05-13,12:00:00,1305262800,32.7,24.1,42.5,25.2,123.0,0.0,0.0,United Arab Emirates
Abu Dhabi,AE,2011-05-14,12:00:00,1305349200,33.0,24.5,40.8,25.0,206.0,0.0,0.0,United Arab Emirates
Abu Dhabi,AE,2011-05-15,12:00:00,1305435600,33.8,29.6,40.0,31.2,155.0,0.0,0.0,United Arab Emirates
Abu Dhabi,AE,2011-05-16,12:00:00,1305522000,34.0,28.6,39.5,30.0,152.0,0.0,0.0,United Arab Emirates
Abu Dhabi,AE,2011-05-17,12:00:00,1305608400,33.5,28.3,37.8,21.7,327.0,0.0,0.0,United Arab Emirates
Abu Dhabi,AE,2011-05-18,12:00:00,1305694800,32.8,27.1,37.0,26.0,289.0,0.0,0.0,United Arab Emirates
Abu Dhabi,AE,2011-05-19,12:00:00,1305781200,32.3,28.0,37.0,29.3,301.0,0.0,0.0,United Arab Emirates
Abu Dhabi,AE,2011-05-20,12:00:00,1305867600,33.4,27.7,39.4,20.8,318.0,0.0,0.0,United Arab Emirates
Abu Dhabi,AE,2011-05-21,12:00:00,1305954000,32.2,27.3,37.9,21.3,269.0,0.0,0.0,United Arab Emirates
Abu Dhabi,AE,2011-05-22,12:00:00,1306040400,32.1,28.5,36.1,25.1,271.0,0.0,0.0,United Arab Emirates
Abu Dhabi,AE,2011-05-23,12:00:00,1306126800,33.4,30.2,37.3,31.3,289.0,0.0,0.0,United Arab Emirates
Abu Dhabi,AE,2011-05-24,12:00:00,1306213200,33.4,29.8,37.2,30.4,282.0,0.0,0.0,United Arab Emirates
Abu Dhabi,AE,2011-05-25,12:00:00,1306299600,33.7,30.7,37.3,30.6,297.0,0.0,0.0,United Arab Emirates
Abu Dhabi,AE,2011-05-26,12:00:00,1306386000,32.4,29.8,36.0,26.9,301.0,0.0,0.0,United Arab Emirates
Abu Dhabi,AE,2011-05-27,12:00:00,1306472400,31.2,27.6,35.3,27.0,304.0,0.0,0.0,United Arab Emirates
Abu Dhabi,AE,2011-05-28,12:00:00,1306558800,30.6,25.7,36.3,22.7,337.0,0.0,0.0,United Arab Emirates
Abu Dhabi,AE,2011-05-29,12:00:00,1306645200,32.4,28.2,37.9,22.0,2.0,0.0,0.0,United Arab Emirates
Abu Dhabi,AE,2011-05-30,12:00:00,1306731600,33.5,29.2,38.3,26.3,352.0,0.0,0.0,United Arab Emirates
Abu Dhabi,AE,2011-05-31,12:00:00,1306818000,33.2,28.5,39.0,27.7,323.0,0.0,0.0,United Arab Emirates
Abu Dhabi,AE,2011-06-01,12:00:00,1306904400,32.3,26.2,38.6,25.7,330.0,0.0,0.0,United Arab Emirates
Abu Dhabi,AE,2011-06-02,12:00:00,1306990800,33.3,25.8,40.0,23.8,358.0,0.0,0.0,United Arab Emirates
Abu Dhabi,AE,2011-06-03,12:00:00,1307077200,34.4,27.0,42.2,20.5,23.0,0.0,0.0,United Arab Emirates
Abu Dhabi,AE,2011-06-04,12:00:00,1307163600,34.4,28.8,40.9,30.7,232.0,0.0,0.0,United Arab Emirates
Abu Dhabi,AE,2011-06-05,12:00:00,1307250000,32.7,28.1,37.8,17.2,254.0,0.0,0.0,United Arab Emirates
Abu Dhabi,AE,2011-06-06,12:00:00,1307336400,32.6,26.6,38.6,18.3,273.0,0.0,0.0,United Arab Emirates
Abu Dhabi,AE,2011-06-07,12:00:00,1307422800,32.9,26.2,40.6,18.6,275.0,0.0,0.0,United Arab Emirates
Abu Dhabi,AE,2011-06-08,12:00:00,1307509200,33.6,28.1,40.3,20.6,275.0,0.0,0.0,United Arab Emirates
Abu Dhabi,AE,2011-06-09,12:00:00,1307595600,34.3,28.5,40.7,19.8,269.0,0.0,0.0,United Arab Emirates
Abu Dhabi,AE,2011-06-10,12:00:00,1307682000,34.6,29.1,40.0,27.7,294.0,0.0,0.0,United Arab Emirates
Abu Dhabi,AE,2011-06-11,12:00:00,1307768400,34.0,31.2,37.8,30.9,293.0,0.0,0.0,United Arab Emirates
Abu Dhabi,AE,2011-06-12,12:00:00,1307854800,33.8,30.2,37.8,35.0,292.0,0.0,0.0,United Arab Emirates
Abu Dhabi,AE,2011-06-13,12:00:00,1307941200,33.2,30.4,36.6,32.6,309.0,0.0,0.0,United Arab Emirates
Abu Dhabi,AE,2011-06-14,12:00:00,1308027600,32.5,28.0,36.8,29.2,312.0,0.0,0.0,United Arab Emirates
Abu Dhabi,AE,2011-06-15,12:00:00,1308114000,31.8,29.5,34.9,27.5,303.0,0.0,0.0,United Arab Emirates
Abu Dhabi,AE,2011-06-16,12:00:00,1308200400,31.3,27.5,35.6,20.4,280.0,0.0,0.0,United Arab Emirates
Abu Dhabi,AE,2011-06-17,12:00:00,1308286800,31.8,27.5,37.8,23.6,264.0,0.0,0.0,United Arab Emirates
Abu Dhabi,AE,2011-06-18,12:00:00,1308373200,32.0,27.8,37.1,23.0,267.0,0.0,0.0,United Arab Emirates
Abu Dhabi,AE,2011-06-19,12:00:00,1308459600,32.0,27.4,36.8,20.3,294.0,0.0,0.0,United Arab Emirates
Abu Dhabi,AE,2011-06-20,12:00:00,1308546000,32.1,27.7,37.3,26.3,295.0,0.0,0.0,United Arab Emirates
Abu Dhabi,AE,2011-06-21,12:00:00,1308632400,31.2,25.4,37.6,22.4,303.0,0.0,0.0,United Arab Emirates
Abu Dhabi,AE,2011-06-22,12:00:00,1308718800,32.2,27.1,37.4,24.8,303.0,0.0,0.0,United Arab Emirates
Abu Dhabi,AE,2011-06-23,12:00:00,1308805200,32.2,26.3,37.7,15.6,291.0,0.0,0.0,United Arab Emirates
Abu Dhabi,AE,2011-06-24,12:00:00,1308891600,32.8,24.8,39.8,20.0,329.0,0.0,0.0,United Arab Emirates
Abu Dhabi,AE,2011-06-25,12:00:00,1308978000,33.0,27.0,39.3,19.5,345.0,0.0,0.0,United Arab Emirates
Abu Dhabi,AE,2011-06-26,12:00:00,1309064400,34.0,29.5,39.7,22.1,318.0,0.0,0.0,United Arab Emirates
Abu Dhabi,AE,2011-06-27,12:00:00,1309150800,33.2,27.2,38.7,20.5,283.0,0.0,0.0,United Arab Emirates
Abu Dhabi,AE,2011-06-28,12:00:00,1309237200,33.6,29.1,37.7,26.9,285.0,0.0,0.0,United Arab Emirates
Abu Dhabi,AE,2011-06-29,12:00:00,1309323600,34.7,30.6,39.2,35.0,289.0,0.0,0.0,United Arab Emirates
Abu Dhabi,AE,2011-06-30,12:00:00,1309410000,34.2,30.6,38.0,29.5,288.0,0.0,0.0,United Arab Emirates
Abu Dhabi,AE,2011-07-01,12:00:00,1309496400,32.4,28.6,36.5,26.4,279.0,0.0,0.0,United Arab Emirates
Abu Dhabi,AE,2011-07-02,12:00:00,1309582800,31.3,26.6,35.9,21.7,265.0,0.0,0.0,United Arab Emirates
Abu Dhabi,AE,2011-07-03,12:00:00,1309669200,31.9,27.5,36.6,17.6,276.0,0.0,0.0,United Arab Emirates
Abu Dhabi,AE,2011-07-04,12:00:00,1309755600,32.2,27.1,37.1,22.1,280.0,0.0,0.0,United Arab Emirates
Abu Dhabi,AE,2011-07-05,12:00:00,1309842000,32.5,28.2,36.4,24.6,310.0,0.0,0.0,United Arab Emirates
Abu Dhabi,AE,2011-07-06,12:00:00,1309928400,33.0,28.5,38.3,31.3,3.0,0.0,0.0,United Arab Emirates
Abu Dhabi,AE,2011-07-07,12:00:00,1310014800,34.5,29.8,39.7,22.3,23.0,0.0,0.0,United Arab Emirates
Abu Dhabi,AE,2011-07-08,12:00:00,1310101200,35.0,31.3,40.2,25.0,343.0,0.0,0.0,United Arab Emirates
Abu Dhabi,AE,2011-07-09,12:00:00,1310187600,34.8,29.0,39.9,19.5,121.0,0.0,0.0,United Arab Emirates
Abu Dhabi,AE,2011-07-10,12:00:00,1310274000,37.3,31.8,42.6,24.8,126.0,0.0,0.0,United Arab Emirates
Abu Dhabi,AE,2011-07-11,12:00:00,1310360400,38.1,34.2,42.6,30.8,152.0,0.0,0.0,United Arab Emirates
Abu Dhabi,AE,2011-07-12,12:00:00,1310446800,36.9,32.7,41.3,23.8,132.0,0.0,0.0,United Arab Emirates
Abu Dhabi,AE,2011-07-13,12:00:00,1310533200,35.9,30.9,40.8,22.6,5.0,0.0,0.0,United Arab Emirates
Abu Dhabi,AE,2011-07-14,12:00:00,1310619600,34.5,28.5,39.5,20.0,329.0,0.0,0.0,United Arab Emirates
Abu Dhabi,AE,2011-07-15,12:00:00,1310706000,34.2,28.5,39.8,20.9,337.0,0.0,0.0,United Arab Emirates
Abu Dhabi,AE,2011-07-16,12:00:00,1310792400,33.7,28.2,38.8,27.5,338.0,0.0,0.0,United Arab Emirates
Abu Dhabi,AE,2011-07-17,12:00:00,1310878800,35.8,29.8,42.9,28.1,11.0,0.0,0.0,United Arab Emirates
Abu Dhabi,AE,2011-07-18,12:00:00,1310965200,35.7,30.6,41.3,25.5,2.0,0.0,0.0,United Arab Emirates
Abu Dhabi,AE,2011-07-19,12:00:00,1311051600,36.1,31.8,41.0,23.8,293.0,0.0,0.0,United Arab Emirates
Abu Dhabi,AE,2011-07-20,12:00:00,1311138000,34.6,28.7,40.8,20.5,299.0,0.0,0.0,United Arab Emirates
Abu Dhabi,AE,2011-07-21,12:00:00,1311224400,35.4,28.0,41.7,23.7,278.0,0.0,0.0,United Arab Emirates
Abu Dhabi,AE,2011-07-22,12:00:00,1311310800,35.4,29.4,41.3,21.8,283.0,0.0,0.0,United Arab Emirates
Abu Dhabi,AE,2011-07-23,12:00:00,1311397200,33.7,27.7,38.3,21.4,279.0,0.0,0.0,United Arab Emirates
Abu Dhabi,AE,2011-07-24,12:00:00,1311483600,34.5,29.8,39.2,14.0,297.0,0.0,0.0,United Arab Emirates
Abu Dhabi,AE,2011-07-25,12:00:00,1311570000,37.0,30.4,43.7,18.9,59.0,0.0,0.0,United Arab Emirates
Abu Dhabi,AE,2011-07-26,12:00:00,1311656400,36.7,33.3,40.7,23.8,325.0,0.0,0.0,United Arab Emirates
Abu Dhabi,AE,2011-07-27,12:00:00,1311742800,37.2,31.9,42.0,29.4,159.0,0.0,0.0,United Arab Emirates
Abu Dhabi,AE,2011-07-28,12:00:00,1311829200,38.2,34.4,42.4,25.4,106.0,0.0,0.0,United Arab Emirates
Abu Dhabi,AE,2011-07-29,12:00:00,1311915600,37.6,32.3,43.3,25.8,77.0,0.0,0.0,United Arab Emirates
Abu Dhabi,AE,2011-07-30,12:00:00,1312002000,36.7,30.8,42.6,22.8,40.0,0.0,0.0,United Arab Emirates
Abu Dhabi,AE,2011-07-31,12:00:00,1312088400,36.1,30.8,42.3,24.8,17.0,0.0,0.0,United Arab Emirates
Abu Dhabi,AE,2011-08-01,12:00:00,1312174800,35.8,30.0,43.3,25.5,16.0,0.0,0.0,United Arab Emirates
Abu Dhabi,AE,2011-08-02,12:00:00,1312261200,35.6,30.0,43.2,25.1,20.0,0.0,0.0,United Arab Emirates
Abu Dhabi,AE,2011-08-03,12:00:00,1312347600,36.1,28.7,42.5,21.3,5.0,0.0,0.0,United Arab Emirates
Abu Dhabi,AE,2011-08-04,12:00:00,1312434000,36.4,29.6,42.9,22.3,3.0,0.0,0.0,United Arab Emirates
Abu Dhabi,AE,2011-08-05,12:00:00,1312520400,35.9,29.3,43.3,24.9,331.0,0.0,0.0,United Arab Emirates
Abu Dhabi,AE,2011-08-06,12:00:00,1312606800,35.5,29.8,41.6,23.1,264.0,0.0,0.0,United Arab Emirates
Abu Dhabi,AE,2011-08-07,12:00:00,1312693200,34.2,30.1,39.6,20.5,310.0,0.0,0.0,United Arab Emirates
Abu Dhabi,AE,2011-08-08,12:00:00,1312779600,33.6,29.0,38.7,20.8,283.0,0.0,0.0,United Arab Emirates
Abu Dhabi,AE,2011-08-09,12:00:00,1312866000,34.9,31.0,39.6,20.2,292.0,0.0,0.0,United Arab Emirates
Abu Dhabi,AE,2011-08-10,12:00:00,1312952400,34.4,30.7,39.4,20.7,320.0,0.0,0.0,United Arab Emirates
Abu Dhabi,AE,2011-08-11,12:00:00,1313038800,34.4,28.2,40.6,24.2,9.0,0.0,0.0,United Arab Emirates
Abu Dhabi,AE,2011-08-12,12:00:00,1313125200,34.8,29.9,40.1,26.3,352.0,0.0,0.0,United Arab Emirates
Abu Dhabi,AE,2011-08-13,12:00:00,1313211600,34.1,28.2,39.4,20.8,323.0,0.0,0.0,United Arab Emirates
Abu Dhabi,AE,2011-08-14,12:00:00,1313298000,34.6,29.7,40.8,25.6,350.0,0.6,0.0,United Arab Emirates
Abu Dhabi,AE,2011-08-15,12:00:00,1313384400,35.3,32.3,39.2,20.9,316.0,0.0,0.0,United Arab Emirates
Abu Dhabi,AE,2011-08-16,12:00:00,1313470800,34.6,30.4,39.1,21.9,282.0,0.0,0.0,United Arab Emirates
Abu Dhabi,AE,2011-08-17,12:00:00,1313557200,34.0,30.8,38.1,17.2,304.0,0.0,0.0,United Arab Emirates
Abu Dhabi,AE,2011-08-18,12:00:00,1313643600,33.9,29.9,38.2,21.1,336.0,0.0,0.0,United Arab Emirates
Abu Dhabi,AE,2011-08-19,12:00:00,1313730000,35.7,32.2,40.5,23.8,355.0,0.0,0.0,United Arab Emirates
Abu Dhabi,AE,2011-08-20,12:00:00,1313816400,35.6,32.0,39.6,25.7,20.0,0.0,0.0,United Arab Emirates
Abu Dhabi,AE,2011-08-21,12:00:00,1313902800,35.5,32.1,39.4,21.8,335.0,0.0,0.0,United Arab Emirates
Abu Dhabi,AE,2011-08-22,12:00:00,1313989200,35.1,30.7,39.1,20.2,354.0,0.0,0.0,United Arab Emirates
Abu Dhabi,AE,2011-08-23,12:00:00,1314075600,35.2,31.8,38.9,18.8,324.0,0.0,0.0,United Arab Emirates
Abu Dhabi,AE,2011-08-24,12:00:00,1314162000,34.6,30.4,38.5,17.7,347.0,0.2,0.0,United Arab Emirates
Abu Dhabi,AE,2011-08-25,12:00:00,1314248400,35.4,30.3,39.9,18.6,29.0,0.0,0.0,United Arab Emirates
Abu Dhabi,AE,2011-08-26,12:00:00,1314334800,36.9,33.2,40.9,22.1,329.0,0.0,0.0,United Arab Emirates
Abu Dhabi,AE,2011-08-27,12:00:00,1314421200,35.0,31.2,40.5,21.9,326.0,0.0,0.0,United Arab Emirates
Abu Dhabi,AE,2011-08-28,12:00:00,1314507600,32.8,28.3,37.2,21.6,341.0,0.0,0.0,United Arab Emirates
Abu Dhabi,AE,2011-08-29,12:00:00,1314594000,34.6,31.3,38.3,21.3,325.0,0.0,0.0,United Arab Emirates
Abu Dhabi,AE,2011-08-30,12:00:00,1314680400,36.3,31.9,40.4,20.9,355.0,1.1,0.0,United Arab Emirates
Abu Dhabi,AE,2011-08-31,12:00:00,1314766800,36.7,32.6,40.4,15.1,355.0,0.2,0.0,United Arab Emirates
Abu Dhabi,AE,2011-09-01,12:00:00,1314853200,35.3,31.9,38.8,24.0,348.0,0.1,0.0,United Arab Emirates
Abu Dhabi,AE,2011-09-02,12:00:00,1314939600,35.6,30.7,41.0,23.7,20.0,0.0,0.0,United Arab Emirates
Abu Dhabi,AE,2011-09-03,12:00:00,1315026000,34.2,28.1,39.6,23.0,7.0,0.0,0.0,United Arab Emirates
Abu Dhabi,AE,2011-09-04,12:00:00,1315112400,34.6,30.6,39.7,22.9,349.0,0.0,0.0,United Arab Emirates
Abu Dhabi,AE,2011-09-05,12:00:00,1315198800,35.3,32.2,40.8,26.2,325.0,0.0,0.0,United Arab Emirates
Abu Dhabi,AE,2011-09-06,12:00:00,1315285200,34.5,29.8,39.8,23.2,293.0,0.0,0.0,United Arab Emirates
Abu Dhabi,AE,2011-09-07,12:00:00,1315371600,34.1,29.0,39.4,27.4,282.0,0.0,0.0,United Arab Emirates
Abu Dhabi,AE,2011-09-08,12:00:00,1315458000,34.6,32.0,38.1,29.3,313.0,0.0,0.0,United Arab Emirates
Abu Dhabi,AE,2011-09-09,12:00:00,1315544400,34.8,31.1,39.1,25.3,314.0,0.0,0.0,United Arab Emirates
Abu Dhabi,AE,2011-09-10,12:00:00,1315630800,33.2,28.9,37.3,23.4,333.0,0.0,0.0,United Arab Emirates
Abu Dhabi,AE,2011-09-11,12:00:00,1315717200,35.0,31.0,40.6,22.9,4.0,0.0,0.0,United Arab Emirates
Abu Dhabi,AE,2011-09-12,12:00:00,1315803600,34.1,30.0,38.5,27.4,305.0,0.0,0.0,United Arab Emirates
Abu Dhabi,AE,2011-09-13,12:00:00,1315890000,33.2,28.0,37.3,22.7,272.0,0.0,0.0,United Arab Emirates
Abu Dhabi,AE,2011-09-14,12:00:00,1315976400,32.8,26.8,38.0,19.1,48.0,0.0,0.0,United Arab Emirates
Abu Dhabi,AE,2011-09-15,12:00:00,1316062800,34.7,31.1,39.7,24.6,11.0,0.0,0.0,United Arab Emirates
Abu Dhabi,AE,2011-09-16,12:00:00,1316149200,33.5,29.4,37.9,23.2,306.0,0.0,0.0,United Arab Emirates
Abu Dhabi,AE,2011-09-17,12:00:00,1316235600,33.5,29.6,37.7,24.5,289.0,0.0,0.0,United Arab Emirates
Abu Dhabi,AE,2011-09-18,12:00:00,1316322000,33.2,28.9,37.3,18.8,309.0,0.0,0.0,United Arab Emirates
Abu Dhabi,AE,2011-09-19,12:00:00,1316408400,30.6,22.8,36.7,15.3,31.0,0.0,0.0,United Arab Emirates
Abu Dhabi,AE,2011-09-20,12:00:00,1316494800,31.7,24.9,38.0,18.5,65.0,0.0,0.0,United Arab Emirates
Abu Dhabi,AE,2011-09-21,12:00:00,1316581200,32.4,25.3,39.3,24.8,104.0,0.0,0.0,United Arab Emirates
Abu Dhabi,AE,2011-09-22,12:00:00,1316667600,32.8,25.6,39.9,17.7,28.0,0.0,0.0,United Arab Emirates
Abu Dhabi,AE,2011-09-23,12:00:00,1316754000,32.3,25.1,38.2,18.0,320.0,0.0,0.0,United Arab Emirates
Abu Dhabi,AE,2011-09-24,12:00:00,1316840400,31.7,24.3,38.0,19.8,330.0,0.0,0.0,United Arab Emirates
Abu Dhabi,AE,2011-09-25,12:00:00,1316926800,30.8,24.4,37.0,21.3,358.0,0.0,0.0,United Arab Emirates
Abu Dhabi,AE,2011-09-26,12:00:00,1317013200,32.2,25.3,40.4,24.9,17.0,0.0,0.0,United Arab Emirates
Abu Dhabi,AE,2011-09-27,12:00:00,1317099600,32.0,28.0,37.6,16.6,327.0,0.0,0.0,United Arab Emirates
Abu Dhabi,AE,2011-09-28,12:00:00,1317186000,31.6,27.8,37.1,17.3,344.0,0.0,0.0,United Arab Emirates
Abu Dhabi,AE,2011-09-29,12:00:00,1317272400,32.0,26.8,38.1,16.9,14.0,0.0,0.0,United Arab Emirates
Abu Dhabi,AE,2011-09-30,12:00:00,1317358800,32.3,27.5,37.2,16.4,346.0,0.0,0.0,United Arab Emirates
Abu Dhabi,AE,2011-10-01,12:00:00,1317445200,31.8,26.4,37.4,23.1,349.0,0.0,0.0,United Arab Emirates
Abu Dhabi,AE,2011-10-02,12:00:00,1317531600,31.5,26.4,36.5,21.0,337.0,0.0,0.0,United Arab Emirates
Abu Dhabi,AE,2011-10-03,12:00:00,1317618000,32.1,27.0,37.3,21.4,285.0,0.0,0.0,United Arab Emirates
Abu Dhabi,AE,2011-10-04,12:00:00,1317704400,32.2,28.3,36.4,18.3,309.0,0.0,0.0,United Arab Emirates
Abu Dhabi,AE,2011-10-05,12:00:00,1317790800,31.8,26.3,36.9,19.4,268.0,0.0,0.0,United Arab Emirates
Abu Dhabi,AE,2011-10-06,12:00:00,1317877200,31.1,26.8,35.9,23.8,252.0,0.0,0.0,United Arab Emirates
Abu Dhabi,AE,2011-10-07,12:00:00,1317963600,30.6,27.4,34.7,21.5,295.0,0.0,0.0,United Arab Emirates
Abu Dhabi,AE,2011-10-08,12:00:00,1318050000,30.3,26.0,34.7,24.2,318.0,0.0,0.0,United Arab Emirates
Abu Dhabi,AE,2011-10-09,12:00:00,1318136400,29.7,26.0,34.9,21.9,319.0,0.0,0.0,United Arab Emirates
Abu Dhabi,AE,2011-10-10,12:00:00,1318222800,29.0,23.0,33.9,19.6,310.0,0.0,0.0,United Arab Emirates
Abu Dhabi,AE,2011-10-11,12:00:00,1318309200,30.1,24.8,35.9,21.3,50.0,0.0,0.0,United Arab Emirates
Abu Dhabi,AE,2011-10-12,12:00:00,1318395600,32.1,26.8,37.3,28.5,112.0,0.0,0.0,United Arab Emirates
Abu Dhabi,AE,2011-10-13,12:00:00,1318482000,32.0,27.7,36.7,22.9,192.0,0.0,0.0,United Arab Emirates
Abu Dhabi,AE,2011-10-14,12:00:00,1318568400,30.7,26.9,35.5,19.6,334.0,0.0,0.0,United Arab Emirates
Abu Dhabi,AE,2011-10-15,12:00:00,1318654800,30.1,26.1,34.5,20.5,329.0,0.0,0.0,United Arab Emirates
Abu Dhabi,AE,2011-10-16,12:00:00,1318741200,29.6,25.5,34.4,24.9,335.0,0.0,0.0,United Arab Emirates
Abu Dhabi,AE,2011-10-17,12:00:00,1318827600,29.5,25.1,34.7,21.3,340.0,0.0,0.0,United Arab Emirates
Abu Dhabi,AE,2011-10-18,12:00:00,1318914000,29.3,24.4,35.5,19.9,355.0,0.0,0.0,United Arab Emirates
Abu Dhabi,AE,2011-10-19,12:00:00,1319000400,29.8,25.0,35.2,22.9,303.0,0.0,0.0,United Arab Emirates
Abu Dhabi,AE,2011-10-20,12:00:00,1319086800,29.4,23.7,34.6,22.3,270.0,0.0,0.0,United Arab Emirates
Abu Dhabi,AE,2011-10-21,12:00:00,1319173200,30.8,28.3,34.7,33.9,295.0,0.0,0.0,United Arab Emirates
Abu Dhabi,AE,2011-10-22,12:00:00,1319259600,29.0,27.3,31.3,31.4,303.0,0.0,0.0,United Arab Emirates
Abu Dhabi,AE,2011-10-23,12:00:00,1319346000,29.2,25.2,32.9,21.2,346.0,0.0,0.0,United Arab Emirates
Abu Dhabi,AE,2011-10-24,12:00:00,1319432400,29.5,25.6,33.5,24.3,21.0,0.0,0.0,United Arab Emirates
Abu Dhabi,AE,2011-10-25,12:00:00,1319518800,29.8,26.0,33.8,20.1,19.0,0.0,0.0,United Arab Emirates
Abu Dhabi,AE,2011-10-26,12:00:00,1319605200,29.5,24.4,33.7,19.9,16.0,0.0,0.0,United Arab Emirates
Abu Dhabi,AE,2011-10-27,12:00:00,1319691600,29.8,25.2,34.1,17.4,33.0,0.0,0.0,United Arab Emirates
Abu Dhabi,AE,2011-10-28,12:00:00,1319778000,28.6,23.5,33.4,19.4,13.0,0.0,0.0,United Arab Emirates
Abu Dhabi,AE,2011-10-29,12:00:00,1319864400,28.0,23.2,33.2,21.9,14.0,0.0,0.0,United Arab Emirates
Abu Dhabi,AE,2011-10-30,12:00:00,1319950800,28.2,23.0,32.9,19.4,10.0,0.0,0.0,United Arab Emirates
Abu Dhabi,AE,2011-10-31,12:00:00,1320037200,27.3,21.0,32.5,22.3,23.0,0.0,0.0,United Arab Emirates
Abu Dhabi,AE,2011-11-01,12:00:00,1320123600,27.8,21.7,32.6,19.2,35.0,0.0,0.0,United Arab Emirates
Abu Dhabi,AE,2011-11-02,12:00:00,1320210000,28.0,23.8,31.9,22.0,24.0,0.0,0.0,United Arab Emirates
Abu Dhabi,AE,2011-11-03,12:00:00,1320296400,28.2,25.2,32.0,24.5,346.0,0.0,0.0,United Arab Emirates
Abu Dhabi,AE,2011-11-04,12:00:00,1320382800,27.3,23.2,31.1,16.7,332.0,0.0,0.0,United Arab Emirates
Abu Dhabi,AE,2011-11-05,12:00:00,1320469200,27.5,22.5,31.7,17.2,347.0,0.0,0.0,United Arab Emirates
Abu Dhabi,AE,2011-11-06,12:00:00,1320555600,27.7,22.2,32.6,14.9,33.0,0.0,0.0,United Arab Emirates
Abu Dhabi,AE,2011-11-07,12:00:00,1320642000,26.5,24.1,29.3,22.7,10.0,0.0,0.0,United Arab Emirates
Abu Dhabi,AE,2011-11-08,12:00:00,1320728400,25.4,23.7,27.2,29.0,321.0,0.2,0.0,United Arab Emirates
Abu Dhabi,AE,2011-11-09,12:00:00,1320814800,24.4,22.7,26.6,28.1,314.0,0.0,0.0,United Arab Emirates
Abu Dhabi,AE,2011-11-10,12:00:00,1320901200,24.4,22.8,26.8,26.3,321.0,0.0,0.0,United Arab Emirates
Abu Dhabi,AE,2011-11-11,12:00:00,1320987600,23.8,19.5,27.7,18.4,336.0,0.0,0.0,United Arab Emirates
Abu Dhabi,AE,2011-11-12,12:00:00,1321074000,23.4,20.3,27.3,13.3,293.0,0.0,0.0,United Arab Emirates
Abu Dhabi,AE,2011-11-13,12:00:00,1321160400,22.9,18.5,27.2,12.7,316.0,0.0,0.0,United Arab Emirates
Abu Dhabi,AE,2011-11-14,12:00:00,1321246800,23.4,16.8,28.6,12.8,15.0,0.0,0.0,United Arab Emirates
Abu Dhabi,AE,2011-11-15,12:00:00,1321333200,24.5,17.5,31.2,15.1,37.0,0.0,0.0,United Arab Emirates
Abu Dhabi,AE,2011-11-16,12:00:00,1321419600,25.4,17.9,32.1,15.3,39.0,0.0,0.0,United Arab Emirates
Abu Dhabi,AE,2011-11-17,12:00:00,1321506000,26.1,19.7,31.9,15.3,17.0,0.0,0.0,United Arab Emirates
Abu Dhabi,AE,2011-11-18,12:00:00,1321592400,25.2,18.7,30.9,17.7,353.0,0.0,0.0,United Arab Emirates
Abu Dhabi,AE,2011-11-19,12:00:00,1321678800,24.7,19.9,29.6,12.6,1.0,0.0,0.0,United Arab Emirates
Abu Dhabi,AE,2011-11-20,12:00:00,1321765200,25.5,20.3,31.6,13.6,91.0,0.0,0.0,United Arab Emirates
Abu Dhabi,AE,2011-11-21,12:00:00,1321851600,25.4,19.2,31.2,20.8,143.0,0.0,0.0,United Arab Emirates
Abu Dhabi,AE,2011-11-22,12:00:00,1321938000,25.0,19.7,30.7,25.3,149.0,0.0,0.0,United Arab Emirates
Abu Dhabi,AE,2011-11-23,12:00:00,1322024400,23.4,19.2,26.4,21.1,343.0,1.5,0.0,United Arab Emirates
Abu Dhabi,AE,2011-11-24,12:00:00,1322110800,23.5,21.6,25.3,21.6,315.0,0.0,0.0,United Arab Emirates
Abu Dhabi,AE,2011-11-25,12:00:00,1322197200,22.7,20.9,25.1,20.9,303.0,0.0,0.0,United Arab Emirates
Abu Dhabi,AE,2011-11-26,12:00:00,1322283600,22.3,17.9,25.8,22.9,336.0,0.0,0.0,United Arab Emirates
Abu Dhabi,AE,2011-11-27,12:00:00,1322370000,23.2,21.5,25.4,18.7,342.0,0.3,0.0,United Arab Emirates
Abu Dhabi,AE,2011-11-28,12:00:00,1322456400,24.4,21.0,27.4,19.1,3.0,0.0,0.0,United Arab Emirates
Abu Dhabi,AE,2011-11-29,12:00:00,1322542800,25.3,20.1,31.0,19.8,46.0,0.0,0.0,United Arab Emirates
Abu Dhabi,AE,2011-11-30,12:00:00,1322629200,22.7,19.5,25.5,28.0,318.0,1.0,0.0,United Arab Emirates
Abu Dhabi,AE,2011-12-01,12:00:00,1322715600,22.5,21.2,24.2,24.1,313.0,0.0,0.0,United Arab Emirates
Abu Dhabi,AE,2011-12-02,12:00:00,1322802000,22.7,20.2,25.4,27.2,316.0,0.0,0.0,United Arab Emirates
Abu Dhabi,AE,2011-12-03,12:00:00,1322888400,22.8,19.8,26.1,21.7,319.0,0.0,0.0,United Arab Emirates
Abu Dhabi,AE,2011-12-04,12:00:00,1322974800,22.9,20.1,26.0,27.3,312.0,0.0,0.0,United Arab Emirates
Abu Dhabi,AE,2011-12-05,12:00:00,1323061200,22.6,20.3,25.0,31.2,320.0,0.0,0.0,United Arab Emirates
Abu Dhabi,AE,2011-12-06,12:00:00,1323147600,21.2,18.1,24.4,21.2,304.0,0.0,0.0,United Arab Emirates
Abu Dhabi,AE,2011-12-07,12:00:00,1323234000,21.2,19.0,23.9,25.8,301.0,0.0,0.0,United Arab Emirates
Abu Dhabi,AE,2011-12-08,12:00:00,1323320400,21.6,17.4,25.3,17.3,344.0,0.0,0.0,United Arab Emirates
Abu Dhabi,AE,2011-12-09,12:00:00,1323406800,20.7,14.0,26.0,22.7,29.0,0.0,0.0,United Arab Emirates
Abu Dhabi,AE,2011-12-10,12:00:00,1323493200,20.3,14.0,25.4,20.4,11.0,0.0,0.0,United Arab Emirates
Abu Dhabi,AE,2011-12-11,12:00:00,1323579600,20.5,17.5,23.8,21.8,311.0,0.0,0.0,United Arab Emirates
Abu Dhabi,AE,2011-12-12,12:00:00,1323666000,21.5,18.8,24.6,27.2,303.0,0.0,0.0,United Arab Emirates
Abu Dhabi,AE,2011-12-13,12:00:00,1323752400,21.3,18.2,25.3,15.5,330.0,0.0,0.0,United Arab Emirates
Abu Dhabi,AE,2011-12-14,12:00:00,1323838800,21.4,17.0,25.8,19.0,347.0,0.0,0.0,United Arab Emirates
Abu Dhabi,AE,2011-12-15,12:00:00,1323925200,21.4,17.6,25.5,19.5,340.0,0.0,0.0,United Arab Emirates
Abu Dhabi,AE,2011-12-16,12:00:00,1324011600,19.7,15.7,23.6,16.6,298.0,0.0,0.0,United Arab Emirates
Abu Dhabi,AE,2011-12-17,12:00:00,1324098000,18.7,15.0,22.6,14.6,285.0,0.0,0.0,United Arab Emirates
Abu Dhabi,AE,2011-12-18,12:00:00,1324184400,19.6,14.2,23.8,17.5,292.0,0.0,0.0,United Arab Emirates
Abu Dhabi,AE,2011-12-19,12:00:00,1324270800,21.7,19.1,24.9,15.6,329.0,0.0,0.0,United Arab Emirates
Abu Dhabi,AE,2011-12-20,12:00:00,1324357200,21.4,16.1,26.8,28.6,54.0,0.0,0.0,United Arab Emirates
Abu Dhabi,AE,2011-12-21,12:00:00,1324443600,20.8,15.8,26.0,25.8,49.0,0.0,0.0,United Arab Emirates
Abu Dhabi,AE,2011-12-22,12:00:00,1324530000,19.4,13.3,24.4,20.5,34.0,0.0,0.0,United Arab Emirates
Abu Dhabi,AE,2011-12-23,12:00:00,1324616400,18.5,12.3,23.7,17.5,22.0,0.0,0.0,United Arab Emirates
Abu Dhabi,AE,2011-12-24,12:00:00,1324702800,18.9,14.7,22.3,13.4,291.0,0.0,0.0,United Arab Emirates
Abu Dhabi,AE,2011-12-25,12:00:00,1324789200,17.8,11.2,22.3,10.7,252.0,0.0,0.0,United Arab Emirates
Abu Dhabi,AE,2011-12-26,12:00:00,1324875600,18.5,10.7,24.6,15.4,249.0,0.0,0.0,United Arab Emirates
Abu Dhabi,AE,2011-12-27,12:00:00,1324962000,20.9,18.6,23.9,29.7,307.0,0.0,0.0,United Arab Emirates
Abu Dhabi,AE,2011-12-28,12:00:00,1325048400,19.6,18.0,21.4,28.5,301.0,0.0,0.0,United Arab Emirates
Abu Dhabi,AE,2011-12-29,12:00:00,1325134800,19.4,18.2,21.4,22.7,306.0,0.0,0.0,United Arab Emirates
Abu Dhabi,AE,2011-12-30,12:00:00,1325221200,19.2,17.5,21.6,15.1,325.0,0.0,0.0,United Arab Emirates
Abu Dhabi,AE,2011-12-31,12:00:00,1325307600,20.5,16.2,25.4,19.1,25.0,0.0,0.0,United Arab Emirates
Abu Dhabi,AE,2012-01-01,12:00:00,1325394000,20.0,13.1,25.8,15.0,48.0,0.0,0.0,United Arab Emirates
Abu Dhabi,AE,2012-01-02,12:00:00,1325480400,19.9,13.4,25.4,11.3,180.0,0.0,0.0,United Arab Emirates
Abu Dhabi,AE,2012-01-03,12:00:00,1325566800,19.8,14.6,25.3,20.2,240.0,0.0,0.0,United Arab Emirates
Abu Dhabi,AE,2012-01-04,12:00:00,1325653200,20.3,18.5,22.7,31.7,301.0,0.0,0.0,United Arab Emirates
Abu Dhabi,AE,2012-01-05,12:00:00,1325739600,19.5,17.3,22.2,19.8,302.0,0.0,0.0,United Arab Emirates
Abu Dhabi,AE,2012-01-06,12:00:00,1325826000,19.0,15.5,23.1,11.9,345.0,0.0,0.0,United Arab Emirates
Abu Dhabi,AE,2012-01-07,12:00:00,1325912400,18.6,13.3,23.0,12.5,322.0,0.0,0.0,United Arab Emirates
Abu Dhabi,AE,2012-01-08,12:00:00,1325998800,19.0,13.6,25.5,15.0,66.0,0.0,0.0,United Arab Emirates
Abu Dhabi,AE,2012-01-09,12:00:00,1326085200,21.0,14.8,27.5,16.2,132.0,0.0,0.0,United Arab Emirates
Abu Dhabi,AE,2012-01-10,12:00:00,1326171600,21.3,15.9,27.5,16.2,159.0,0.0,0.0,United Arab Emirates
Abu Dhabi,AE,2012-01-11,12:00:00,1326258000,21.5,14.9,28.1,15.2,136.0,0.0,0.0,United Arab Emirates
Abu Dhabi,AE,2012-01-12,12:00:00,1326344400,22.7,16.6,29.0,20.1,143.0,0.0,0.0,United Arab Emirates
Abu Dhabi,AE,2012-01-13,12:00:00,1326430800,23.2,18.3,28.4,26.3,167.0,0.0,0.0,United Arab Emirates
Abu Dhabi,AE,2012-01-14,12:00:00,1326517200,21.8,19.1,24.5,27.0,257.0,0.0,0.0,United Arab Emirates
Abu Dhabi,AE,2012-01-15,12:00:00,1326603600,19.2,17.6,21.5,31.7,307.0,0.0,0.0,United Arab Emirates
Abu Dhabi,AE,2012-01-16,12:00:00,1326690000,18.3,16.4,20.7,23.5,304.0,0.0,0.0,United Arab Emirates
Abu Dhabi,AE,2012-01-17,12:00:00,1326776400,18.4,16.1,21.0,25.9,305.0,0.0,0.0,United Arab Emirates
Abu Dhabi,AE,2012-01-18,12:00:00,1326862800,19.7,16.8,23.2,28.4,306.0,0.0,0.0,United Arab Emirates
Abu Dhabi,AE,2012-01-19,12:00:00,1326949200,19.4,16.9,22.6,24.3,305.0,0.0,0.0,United Arab Emirates
Abu Dhabi,AE,2012-01-20,12:00:00,1327035600,18.4,13.2,22.4,16.3,294.0,0.0,0.0,United Arab Emirates
Abu Dhabi,AE,2012-01-21,12:00:00,1327122000,18.1,14.9,20.0,37.9,317.0,0.1,0.0,United Arab Emirates
Abu Dhabi,AE,2012-01-22,12:00:00,1327208400,15.8,14.6,17.4,34.7,295.0,0.0,0.0,United Arab Emirates
Abu Dhabi,AE,2012-01-23,12:00:00,1327294800,15.5,13.5,17.7,23.6,275.0,0.0,0.0,United Arab Emirates
Abu Dhabi,AE,2012-01-24,12:00:00,1327381200,16.1,13.4,19.1,32.4,301.0,0.0,0.0,United Arab Emirates
Abu Dhabi,AE,2012-01-25,12:00:00,1327467600,17.0,15.1,18.9,26.8,300.0,0.0,0.0,United Arab Emirates
Abu Dhabi,AE,2012-01-26,12:00:00,1327554000,16.9,13.7,20.4,15.0,301.0,0.0,0.0,United Arab Emirates
Abu Dhabi,AE,2012-01-27,12:00:00,1327640400,17.0,13.0,21.1,15.0,303.0,0.0,0.0,United Arab Emirates
Abu Dhabi,AE,2012-01-28,12:00:00,1327726800,17.1,11.2,22.1,12.7,345.0,0.0,0.0,United Arab Emirates
Abu Dhabi,AE,2012-01-29,12:00:00,1327813200,17.7,11.4,24.5,19.3,236.0,0.0,0.0,United Arab Emirates
Abu Dhabi,AE,2012-01-30,12:00:00,1327899600,18.2,14.1,22.2,15.9,328.0,0.0,0.0,United Arab Emirates
Abu Dhabi,AE,2012-01-31,12:00:00,1327986000,18.9,10.9,26.1,11.9,81.0,0.0,0.0,United Arab Emirates
Abu Dhabi,AE,2012-02-01,12:00:00,1328072400,22.3,17.2,27.7,30.1,158.0,0.0,0.0,United Arab Emirates
Abu Dhabi,AE,2012-02-02,12:00:00,1328158800,21.4,18.2,26.5,35.7,192.0,0.0,0.0,United Arab Emirates
Abu Dhabi,AE,2012-02-03,12:00:00,1328245200,18.5,16.6,20.6,37.4,309.0,0.0,0.0,United Arab Emirates
Abu Dhabi,AE,2012-02-04,12:00:00,1328331600,19.3,16.0,23.5,25.7,330.0,0.0,0.0,United Arab Emirates
Abu Dhabi,AE,2012-02-05,12:00:00,1328418000,18.7,12.7,23.7,24.1,15.0,0.0,0.0,United Arab Emirates
Abu Dhabi,AE,2012-02-06,12:00:00,1328504400,18.9,13.9,23.8,26.1,49.0,0.0,0.0,United Arab Emirates
Abu Dhabi,AE,2012-02-07,12:00:00,1328590800,18.8,13.6,23.8,22.4,39.0,0.0,0.0,United Arab Emirates
Abu Dhabi,AE,2012-02-08,12:00:00,1328677200,18.8,12.1,24.2,15.5,30.0,0.0,0.0,United Arab Emirates
Abu Dhabi,AE,2012-02-09,12:00:00,1328763600,18.7,11.8,24.7,13.1,44.0,0.0,0.0,United Arab Emirates
Abu Dhabi,AE,2012-02-10,12:00:00,1328850000,20.0,12.1,27.3,12.7,122.0,0.0,0.0,United Arab Emirates
Abu Dhabi,AE,2012-02-11,12:00:00,1328936400,20.1,14.6,27.3,25.1,244.0,0.0,0.0,United Arab Emirates
Abu Dhabi,AE,2012-02-12,12:00:00,1329022800,19.2,17.3,21.9,36.4,293.0,0.0,0.0,United Arab Emirates
Abu Dhabi,AE,2012-02-13,12:00:00,1329109200,18.8,15.9,22.2,22.4,309.0,0.0,0.0,United Arab Emirates
Abu Dhabi,AE,2012-02-14,12:00:00,1329195600,19.7,14.9,24.9,19.1,1.0,0.0,0.0,United Arab Emirates
Abu Dhabi,AE,2012-02-15,12:00:00,1329282000,19.9,16.0,24.2,17.1,350.0,0.0,0.0,United Arab Emirates
Abu Dhabi,AE,2012-02-16,12:00:00,1329368400,22.0,13.3,29.3,22.1,158.0,0.0,0.0,United Arab Emirates
Abu Dhabi,AE,2012-02-17,12:00:00,1329454800,25.9,20.9,31.2,45.5,168.0,0.0,0.0,United Arab Emirates
Abu Dhabi,AE,2012-02-18,12:00:00,1329541200,26.2,20.5,31.5,44.5,164.0,0.0,0.0,United Arab Emirates
Abu Dhabi,AE,2012-02-19,12:00:00,1329627600,23.7,20.4,27.3,33.7,200.0,0.0,0.0,United Arab Emirates
Abu Dhabi,AE,2012-02-20,12:00:00,1329714000,19.8,17.4,21.8,37.5,317.0,0.0,0.0,United Arab Emirates
Abu Dhabi,AE,2012-02-21,12:00:00,1329800400,17.7,16.4,20.0,40.0,307.0,0.0,0.0,United Arab Emirates
Abu Dhabi,AE,2012-02-22,12:00:00,1329886800,18.4,16.0,21.6,26.0,307.0,0.0,0.0,United Arab Emirates
Abu Dhabi,AE,2012-02-23,12:00:00,1329973200,18.6,16.3,21.8,20.6,331.0,0.0,0.0,United Arab Emirates
Abu Dhabi,AE,2012-02-24,12:00:00,1330059600,17.7,13.2,21.8,13.6,335.0,0.0,0.0,United Arab Emirates
Abu Dhabi,AE,2012-02-25,12:00:00,1330146000,21.4,13.3,28.5,37.8,141.0,0.0,0.0,United Arab Emirates
Abu Dhabi,AE,2012-02-26,12:00:00,1330232400,21.0,17.0,24.6,45.4,229.0,0.0,0.0,United Arab Emirates
Abu Dhabi,AE,2012-02-27,12:00:00,1330318800,18.2,16.0,21.1,21.6,313.0,0.0,0.0,United Arab Emirates
Abu Dhabi,AE,2012-02-28,12:00:00,1330405200,18.0,14.0,22.3,18.9,304.0,0.0,0.0,United Arab Emirates
Abu Dhabi,AE,2012-02-29,12:00:00,1330491600,17.8,12.3,23.7,13.9,269.0,0.0,0.0,United Arab Emirates
Abu Dhabi,AE,2012-03-01,12:00:00,1330578000,22.4,14.5,31.5,21.3,164.0,0.0,0.0,United Arab Emirates
Abu Dhabi,AE,2012-03-02,12:00:00,1330664400,22.4,17.7,27.8,17.0,338.0,0.0,0.0,United Arab Emirates
Abu Dhabi,AE,2012-03-03,12:00:00,1330750800,20.3,16.2,26.5,35.4,329.0,0.0,0.0,United Arab Emirates
Abu Dhabi,AE,2012-03-04,12:00:00,1330837200,17.5,15.7,19.9,40.1,306.0,0.0,0.0,United Arab Emirates
Abu Dhabi,AE,2012-03-05,12:00:00,1330923600,17.8,14.8,20.7,33.6,304.0,0.0,0.0,United Arab Emirates
Abu Dhabi,AE,2012-03-06,12:00:00,1331010000,18.3,16.5,20.9,34.4,308.0,0.0,0.0,United Arab Emirates
Abu Dhabi,AE,2012-03-07,12:00:00,1331096400,18.8,15.5,22.7,26.3,315.0,0.0,0.0,United Arab Emirates
Abu Dhabi,AE,2012-03-08,12:00:00,1331182800,19.0,14.5,23.6,22.5,300.0,0.0,0.0,United Arab Emirates
Abu Dhabi,AE,2012-03-09,12:00:00,1331269200,19.5,14.6,24.0,25.5,280.0,0.0,0.0,United Arab Emirates
Abu Dhabi,AE,2012-03-10,12:00:00,1331355600,21.2,18.6,24.9,42.2,297.0,0.0,0.0,United Arab Emirates
Abu Dhabi,AE,2012-03-11,12:00:00,1331442000,20.3,18.4,23.0,41.9,299.0,0.0,0.0,United Arab Emirates
Abu Dhabi,AE,2012-03-12,12:00:00,1331528400,20.3,17.7,23.4,35.3,308.0,0.0,0.0,United Arab Emirates
Abu Dhabi,AE,2012-03-13,12:00:00,1331614800,20.0,12.7,27.0,14.8,19.0,0.0,0.0,United Arab Emirates
Abu Dhabi,AE,2012-03-14,12:00:00,1331701200,22.9,14.6,30.6,16.0,75.0,0.0,0.0,United Arab Emirates
Abu Dhabi,AE,2012-03-15,12:00:00,1331787600,24.5,16.4,32.6,20.0,175.0,0.0,0.0,United Arab Emirates
Abu Dhabi,AE,2012-03-16,12:00:00,1331874000,23.2,19.2,29.6,20.6,235.0,0.0,0.0,United Arab Emirates
Abu Dhabi,AE,2012-03-17,12:00:00,1331960400,22.1,17.1,29.1,20.9,308.0,0.0,0.0,United Arab Emirates
Abu Dhabi,AE,2012-03-18,12:00:00,1332046800,19.7,16.7,22.6,40.2,311.0,0.0,0.0,United Arab Emirates
Abu Dhabi,AE,2012-03-19,12:00:00,1332133200,18.9,15.9,21.8,30.1,312.0,0.0,0.0,United Arab Emirates
Abu Dhabi,AE,2012-03-20,12:00:00,1332219600,22.0,16.2,27.7,26.6,36.0,0.0,0.0,United Arab Emirates
Abu Dhabi,AE,2012-03-21,12:00:00,1332306000,21.0,15.4,26.0,19.6,354.0,0.0,0.0,United Arab Emirates
Abu Dhabi,AE,2012-03-22,12:00:00,1332392400,21.0,15.7,26.5,21.0,346.0,0.0,0.0,United Arab Emirates
Abu Dhabi,AE,2012-03-23,12:00:00,1332478800,22.9,16.4,29.4,19.5,20.0,0.0,0.0,United Arab Emirates
Abu Dhabi,AE,2012-03-24,12:00:00,1332565200,24.5,19.8,30.4,28.5,24.0,0.0,0.0,United Arab Emirates
Abu Dhabi,AE,2012-03-25,12:00:00,1332651600,24.5,21.4,28.8,24.9,9.0,0.0,0.0,United Arab Emirates
Abu Dhabi,AE,2012-03-26,12:00:00,1332738000,22.8,19.1,26.7,41.8,13.0,0.0,0.0,United Arab Emirates
Abu Dhabi,AE,2012-03-27,12:00:00,1332824400,25.6,19.6,32.6,20.8,47.0,0.0,0.0,United Arab Emirates
Abu Dhabi,AE,2012-03-28,12:00:00,1332910800,31.5,26.3,37.7,35.7,174.0,0.0,0.0,United Arab Emirates
Abu Dhabi,AE,2012-03-29,12:00:00,1332997200,32.6,27.0,38.2,32.0,165.0,0.0,0.0,United Arab Emirates
Abu Dhabi,AE,2012-03-30,12:00:00,1333083600,30.3,25.1,35.2,33.7,165.0,0.0,0.0,United Arab Emirates
Abu Dhabi,AE,2012-03-31,12:00:00,1333170000,25.1,22.2,29.2,24.4,324.0,0.1,0.0,United Arab Emirates
Abu Dhabi,AE,2012-04-01,12:00:00,1333256400,23.0,20.3,26.6,18.0,327.0,0.0,0.0,United Arab Emirates
Abu Dhabi,AE,2012-04-02,12:00:00,1333342800,23.3,17.4,28.5,17.4,360.0,0.0,0.0,United Arab Emirates
Abu Dhabi,AE,2012-04-03,12:00:00,1333429200,27.0,21.4,32.6,22.4,42.0,0.0,0.0,United Arab Emirates
Abu Dhabi,AE,2012-04-04,12:00:00,1333515600,28.2,22.0,34.9,18.0,45.0,0.0,0.0,United Arab Emirates
Abu Dhabi,AE,2012-04-05,12:00:00,1333602000,27.7,21.7,33.7,21.8,19.0,0.0,0.0,United Arab Emirates
Abu Dhabi,AE,2012-04-06,12:00:00,1333688400,27.1,21.5,32.6,18.1,10.0,0.0,0.0,United Arab Emirates
Abu Dhabi,AE,2012-04-07,12:00:00,1333774800,25.8,20.2,31.6,25.7,334.0,0.0,0.0,United Arab Emirates
Abu Dhabi,AE,2012-04-08,12:00:00,1333861200,25.8,22.1,29.9,24.6,329.0,0.1,0.0,United Arab Emirates
Abu Dhabi,AE,2012-04-09,12:00:00,1333947600,26.5,20.9,31.6,22.4,4.0,0.0,0.0,United Arab Emirates
Abu Dhabi,AE,2012-04-10,12:00:00,1334034000,26.6,22.4,31.4,24.1,10.0,0.0,0.0,United Arab Emirates
Abu Dhabi,AE,2012-04-11,12:00:00,1334120400,27.5,23.4,33.3,22.4,344.0,0.0,0.0,United Arab Emirates
Abu Dhabi,AE,2012-04-12,12:00:00,1334206800,25.9,20.5,31.1,38.5,342.0,0.0,0.0,United Arab Emirates
Abu Dhabi,AE,2012-04-13,12:00:00,1334293200,25.1,20.6,29.4,21.1,314.0,0.0,0.0,United Arab Emirates
Abu Dhabi,AE,2012-04-14,12:00:00,1334379600,25.4,22.1,29.5,25.1,326.0,0.0,0.0,United Arab Emirates
Abu Dhabi,AE,2012-04-15,12:00:00,1334466000,24.8,21.2,29.4,21.3,346.0,0.0,0.0,United Arab Emirates
Abu Dhabi,AE,2012-04-16,12:00:00,1334552400,25.1,18.7,31.6,20.4,11.0,0.0,0.0,United Arab Emirates
Abu Dhabi,AE,2012-04-17,12:00:00,1334638800,25.6,20.2,30.2,22.0,185.0,0.0,0.0,United Arab Emirates
Abu Dhabi,AE,2012-04-18,12:00:00,1334725200,25.8,20.8,31.7,22.4,234.0,0.2,0.0,United Arab Emirates
Abu Dhabi,AE,2012-04-19,12:00:00,1334811600,24.7,18.5,29.7,18.4,295.0,0.2,0.0,United Arab Emirates
Abu Dhabi,AE,2012-04-20,12:00:00,1334898000,23.8,16.2,30.2,19.6,8.0,0.0,0.0,United Arab Emirates
Abu Dhabi,AE,2012-04-21,12:00:00,1334984400,24.4,18.0,30.2,22.1,338.0,0.0,0.0,United Arab Emirates
Abu Dhabi,AE,2012-04-22,12:00:00,1335070800,25.0,20.7,29.2,20.7,291.0,0.0,0.0,United Arab Emirates
Abu Dhabi,AE,2012-04-23,12:00:00,1335157200,26.4,22.3,30.7,23.1,297.0,0.0,0.0,United Arab Emirates
Abu Dhabi,AE,2012-04-24,12:00:00,1335243600,26.9,22.5,32.3,20.0,329.0,0.0,0.0,United Arab Emirates
Abu Dhabi,AE,2012-04-25,12:00:00,1335330000,27.3,21.8,32.8,20.5,310.0,0.0,0.0,United Arab Emirates
Abu Dhabi,AE,2012-04-26,12:00:00,1335416400,26.1,19.5,31.8,23.5,289.0,0.0,0.0,United Arab Emirates
Abu Dhabi,AE,2012-04-27,12:00:00,1335502800,26.7,19.9,33.1,16.8,305.0,0.0,0.0,United Arab Emirates
Abu Dhabi,AE,2012-04-28,12:00:00,1335589200,27.6,19.7,34.7,21.0,335.0,0.0,0.0,United Arab Emirates
Abu Dhabi,AE,2012-04-29,12:00:00,1335675600,29.3,20.6,36.4,19.8,342.0,0.0,0.0,United Arab Emirates
Abu Dhabi,AE,2012-04-30,12:00:00,1335762000,30.4,21.0,39.4,24.2,17.0,0.0,0.0,United Arab Emirates
Abu Dhabi,AE,2012-05-01,12:00:00,1335848400,31.0,24.1,36.9,17.5,285.0,0.0,0.0,United Arab Emirates
Abu Dhabi,AE,2012-05-02,12:00:00,1335934800,31.0,22.9,37.7,20.1,288.0,0.0,0.0,United Arab Emirates
Abu Dhabi,AE,2012-05-03,12:00:00,1336021200,31.1,23.1,38.6,23.1,348.0,0.0,0.0,United Arab Emirates
Abu Dhabi,AE,2012-05-04,12:00:00,1336107600,31.1,23.6,38.2,22.5,322.0,0.0,0.0,United Arab Emirates
Abu Dhabi,AE,2012-05-05,12:00:00,1336194000,31.9,22.5,39.3,24.2,272.0,0.0,0.0,United Arab Emirates
Abu Dhabi,AE,2012-05-06,12:00:00,1336280400,31.7,25.0,38.1,20.5,280.0,0.0,0.0,United Arab Emirates
Abu Dhabi,AE,2012-05-07,12:00:00,1336366800,32.4,25.2,37.7,20.1,335.0,0.0,0.0,United Arab Emirates
Abu Dhabi,AE,2012-05-08,12:00:00,1336453200,32.4,25.3,39.1,25.6,35.0,0.0,0.0,United Arab Emirates
Abu Dhabi,AE,2012-05-09,12:00:00,1336539600,34.8,28.8,41.7,28.2,91.0,0.0,0.0,United Arab Emirates
Abu Dhabi,AE,2012-05-10,12:00:00,1336626000,33.9,27.7,40.0,18.9,340.0,0.0,0.0,United Arab Emirates
Abu Dhabi,AE,2012-05-11,12:00:00,1336712400,31.7,25.8,37.5,22.0,343.0,0.0,0.0,United Arab Emirates
Abu Dhabi,AE,2012-05-12,12:00:00,1336798800,30.9,26.1,36.1,20.9,326.0,0.0,0.0,United Arab Emirates
Abu Dhabi,AE,2012-05-13,12:00:00,1336885200,31.3,24.5,38.7,25.3,10.0,0.0,0.0,United Arab Emirates
Abu Dhabi,AE,2012-05-14,12:00:00,1336971600,34.1,26.7,41.8,26.0,127.0,0.0,0.0,United Arab Emirates
Abu Dhabi,AE,2012-05-15,12:00:00,1337058000,34.0,29.3,40.1,24.2,146.0,0.0,0.0,United Arab Emirates
Abu Dhabi,AE,2012-05-16,12:00:00,1337144400,32.5,26.9,36.8,26.1,282.0,0.0,0.0,United Arab Emirates
Abu Dhabi,AE,2012-05-17,12:00:00,1337230800,33.1,29.6,37.9,23.7,301.0,0.0,0.0,United Arab Emirates
Abu Dhabi,AE,2012-05-18,12:00:00,1337317200,33.1,25.8,39.5,21.5,319.0,0.0,0.0,United Arab Emirates
Abu Dhabi,AE,2012-05-19,12:00:00,1337403600,34.6,26.8,42.2,21.9,130.0,0.0,0.0,United Arab Emirates
Abu Dhabi,AE,2012-05-20,12:00:00,1337490000,34.0,28.9,40.1,21.2,315.0,0.0,0.0,United Arab Emirates
Abu Dhabi,AE,2012-05-21,12:00:00,1337576400,32.3,26.9,37.3,22.4,291.0,0.0,0.0,United Arab Emirates
Abu Dhabi,AE,2012-05-22,12:00:00,1337662800,32.8,26.4,39.3,20.3,299.0,0.0,0.0,United Arab Emirates
Abu Dhabi,AE,2012-05-23,12:00:00,1337749200,31.1,26.3,35.4,30.7,308.0,0.0,0.0,United Arab Emirates
Abu Dhabi,AE,2012-05-24,12:00:00,1337835600,31.3,28.1,34.9,38.0,288.0,0.0,0.0,United Arab Emirates
Abu Dhabi,AE,2012-05-25,12:00:00,1337922000,30.1,26.7,33.7,27.6,295.0,0.0,0.0,United Arab Emirates
Abu Dhabi,AE,2012-05-26,12:00:00,1338008400,30.5,24.6,37.6,18.4,305.0,0.0,0.0,United Arab Emirates
Abu Dhabi,AE,2012-05-27,12:00:00,1338094800,32.7,25.0,39.8,18.4,290.0,0.0,0.0,United Arab Emirates
Abu Dhabi,AE,2012-05-28,12:00:00,1338181200,31.3,25.7,36.9,26.4,260.0,0.0,0.0,United Arab Emirates
Abu Dhabi,AE,2012-05-29,12:00:00,1338267600,32.0,26.6,36.4,24.0,286.0,0.0,0.0,United Arab Emirates
Abu Dhabi,AE,2012-05-30,12:00:00,1338354000,32.0,28.8,35.8,25.9,289.0,0.0,0.0,United Arab Emirates
Abu Dhabi,AE,2012-05-31,12:00:00,1338440400,31.2,24.3,37.8,18.2,347.0,0.0,0.0,United Arab Emirates
Abu Dhabi,AE,2012-06-01,12:00:00,1338526800,32.4,26.4,39.1,21.6,286.0,0.0,0.0,United Arab Emirates
Abu Dhabi,AE,2012-06-02,12:00:00,1338613200,31.5,26.8,36.2,25.8,278.0,0.0,0.0,United Arab Emirates
Abu Dhabi,AE,2012-06-03,12:00:00,1338699600,31.0,27.6,34.7,28.0,284.0,0.0,0.0,United Arab Emirates
Abu Dhabi,AE,2012-06-04,12:00:00,1338786000,30.3,25.4,34.8,24.7,298.0,0.0,0.0,United Arab Emirates
Abu Dhabi,AE,2012-06-05,12:00:00,1338872400,30.3,24.7,35.8,20.5,314.0,0.0,0.0,United Arab Emirates
Abu Dhabi,AE,2012-06-06,12:00:00,1338958800,30.0,22.7,35.9,19.7,301.0,0.0,0.0,United Arab Emirates
Abu Dhabi,AE,2012-06-07,12:00:00,1339045200,31.1,24.7,37.4,19.4,345.0,0.0,0.0,United Arab Emirates
Abu Dhabi,AE,2012-06-08,12:00:00,1339131600,32.6,25.0,39.2,20.6,352.0,0.0,0.0,United Arab Emirates
Abu Dhabi,AE,2012-06-09,12:00:00,1339218000,31.6,24.4,38.2,24.1,297.0,0.0,0.0,United Arab Emirates
Abu Dhabi,AE,2012-06-10,12:00:00,1339304400,32.3,27.6,38.3,29.0,290.0,0.0,0.0,United Arab Emirates
Abu Dhabi,AE,2012-06-11,12:00:00,1339390800,30.7,25.7,34.9,28.0,297.0,0.0,0.0,United Arab Emirates
Abu Dhabi,AE,2012-06-12,12:00:00,1339477200,30.8,23.6,37.6,23.5,307.0,0.0,0.0,United Arab Emirates
Abu Dhabi,AE,2012-06-13,12:00:00,1339563600,32.8,23.2,40.3,21.7,59.0,0.0,0.0,United Arab Emirates
Abu Dhabi,AE,2012-06-14,12:00:00,1339650000,34.4,28.4,40.5,23.1,137.0,0.0,0.0,United Arab Emirates
Abu Dhabi,AE,2012-06-15,12:00:00,1339736400,36.2,31.3,42.3,21.6,56.0,0.0,0.0,United Arab Emirates
Abu Dhabi,AE,2012-06-16,12:00:00,1339822800,35.0,28.8,42.0,25.3,350.0,0.0,0.0,United Arab Emirates
Abu Dhabi,AE,2012-06-17,12:00:00,1339909200,33.8,28.7,39.2,27.0,315.0,0.0,0.0,United Arab Emirates
Abu Dhabi,AE,2012-06-18,12:00:00,1339995600,33.5,25.3,40.1,22.7,274.0,0.0,0.0,United Arab Emirates
Abu Dhabi,AE,2012-06-19,12:00:00,1340082000,34.0,27.1,41.2,21.4,242.0,0.0,0.0,United Arab Emirates
Abu Dhabi,AE,2012-06-20,12:00:00,1340168400,33.5,25.6,40.3,20.4,271.0,0.0,0.0,United Arab Emirates
Abu Dhabi,AE,2012-06-21,12:00:00,1340254800,33.7,28.0,40.0,19.9,340.0,0.0,0.0,United Arab Emirates
Abu Dhabi,AE,2012-06-22,12:00:00,1340341200,33.6,26.0,41.2,24.3,5.0,0.0,0.0,United Arab Emirates
Abu Dhabi,AE,2012-06-23,12:00:00,1340427600,33.1,26.5,39.2,23.0,299.0,0.0,0.0,United Arab Emirates
Abu Dhabi,AE,2012-06-24,12:00:00,1340514000,33.4,29.3,38.7,24.1,296.0,0.0,0.0,United Arab Emirates
Abu Dhabi,AE,2012-06-25,12:00:00,1340600400,33.2,29.5,37.1,24.9,310.0,0.0,0.0,United Arab Emirates
Abu Dhabi,AE,2012-06-26,12:00:00,1340686800,32.4,27.9,36.9,19.6,289.0,0.0,0.0,United Arab Emirates
Abu Dhabi,AE,2012-06-27,12:00:00,1340773200,32.6,25.7,38.7,25.4,280.0,0.0,0.0,United Arab Emirates
Abu Dhabi,AE,2012-06-28,12:00:00,1340859600,33.7,25.0,41.1,24.1,306.0,0.0,0.0,United Arab Emirates
Abu Dhabi,AE,2012-06-29,12:00:00,1340946000,33.3,25.6,40.0,21.3,6.0,0.0,0.0,United Arab Emirates
Abu Dhabi,AE,2012-06-30,12:00:00,1341032400,32.3,25.6,37.4,22.1,310.0,0.0,0.0,United Arab Emirates
Abu Dhabi,AE,2012-07-01,12:00:00,1341118800,32.2,27.0,37.2,22.3,344.0,0.0,0.0,United Arab Emirates
Abu Dhabi,AE,2012-07-02,12:00:00,1341205200,35.0,28.7,40.6,21.2,8.0,0.0,0.0,United Arab Emirates
Abu Dhabi,AE,2012-07-03,12:00:00,1341291600,35.6,28.9,42.1,20.8,325.0,0.0,0.0,United Arab Emirates
Abu Dhabi,AE,2012-07-04,12:00:00,1341378000,35.1,30.3,39.9,26.0,287.0,0.0,0.0,United Arab Emirates
Abu Dhabi,AE,2012-07-05,12:00:00,1341464400,34.4,31.5,38.1,32.5,299.0,0.0,0.0,United Arab Emirates
Abu Dhabi,AE,2012-07-06,12:00:00,1341550800,33.5,30.4,37.2,22.5,312.0,0.0,0.0,United Arab Emirates
Abu Dhabi,AE,2012-07-07,12:00:00,1341637200,32.9,29.7,36.5,23.9,308.0,0.0,0.0,United Arab Emirates
Abu Dhabi,AE,2012-07-08,12:00:00,1341723600,32.9,27.9,37.8,19.9,284.0,0.0,0.0,United Arab Emirates
Abu Dhabi,AE,2012-07-09,12:00:00,1341810000,32.9,28.9,37.4,22.7,312.0,0.0,0.0,United Arab Emirates
Abu Dhabi,AE,2012-07-10,12:00:00,1341896400,34.0,30.9,38.0,23.8,326.0,0.0,0.0,United Arab Emirates
Abu Dhabi,AE,2012-07-11,12:00:00,1341982800,34.0,28.7,39.8,18.4,314.0,0.0,0.0,United Arab Emirates
Abu Dhabi,AE,2012-07-12,12:00:00,1342069200,34.7,29.5,40.5,22.1,340.0,0.0,0.0,United Arab Emirates
Abu Dhabi,AE,2012-07-13,12:00:00,1342155600,33.8,28.9,39.8,21.9,344.0,0.0,0.0,United Arab Emirates
Abu Dhabi,AE,2012-07-14,12:00:00,1342242000,33.9,27.9,39.9,18.4,310.0,0.0,0.0,United Arab Emirates
Abu Dhabi,AE,2012-07-15,12:00:00,1342328400,34.2,27.3,40.2,18.1,280.0,0.0,0.0,United Arab Emirates
Abu Dhabi,AE,2012-07-16,12:00:00,1342414800,34.6,25.9,41.9,17.8,306.0,0.0,0.0,United Arab Emirates
Abu Dhabi,AE,2012-07-17,12:00:00,1342501200,36.7,29.1,43.4,23.0,153.0,0.0,0.0,United Arab Emirates
Abu Dhabi,AE,2012-07-18,12:00:00,1342587600,38.6,34.0,42.6,22.0,180.0,0.0,0.0,United Arab Emirates
Abu Dhabi,AE,2012-07-19,12:00:00,1342674000,37.1,31.9,42.1,28.7,252.0,0.0,0.0,United Arab Emirates
Abu Dhabi,AE,2012-07-20,12:00:00,1342760400,34.1,26.3,41.1,26.0,327.0,0.0,0.0,United Arab Emirates
Abu Dhabi,AE,2012-07-21,12:00:00,1342846800,35.8,28.4,42.5,18.3,18.0,0.0,0.0,United Arab Emirates
Abu Dhabi,AE,2012-07-22,12:00:00,1342933200,37.0,30.6,42.2,17.3,348.0,0.0,0.0,United Arab Emirates
Abu Dhabi,AE,2012-07-23,12:00:00,1343019600,36.3,30.3,42.7,24.4,304.0,0.0,0.0,United Arab Emirates
Abu Dhabi,AE,2012-07-24,12:00:00,1343106000,34.8,27.6,39.9,14.5,347.0,0.0,0.0,United Arab Emirates
Abu Dhabi,AE,2012-07-25,12:00:00,1343192400,37.2,29.7,44.1,25.0,73.0,0.0,0.0,United Arab Emirates
Abu Dhabi,AE,2012-07-26,12:00:00,1343278800,38.5,32.2,44.3,21.1,91.0,0.0,0.0,United Arab Emirates
Abu Dhabi,AE,2012-07-27,12:00:00,1343365200,38.8,33.0,43.9,19.3,95.0,0.0,0.0,United Arab Emirates
Abu Dhabi,AE,2012-07-28,12:00:00,1343451600,38.6,36.1,41.9,15.1,296.0,0.0,0.0,United Arab Emirates
Abu Dhabi,AE,2012-07-29,12:00:00,1343538000,37.8,32.6,42.5,20.5,12.0,0.0,0.0,United Arab Emirates
Abu Dhabi,AE,2012-07-30,12:00:00,1343624400,36.9,31.0,43.4,24.0,324.0,0.0,0.0,United Arab Emirates
Abu Dhabi,AE,2012-07-31,12:00:00,1343710800,35.8,29.1,42.9,25.0,319.0,0.0,0.0,United Arab Emirates
Abu Dhabi,AE,2012-08-01,12:00:00,1343797200,35.8,29.8,42.2,22.3,75.0,0.0,0.0,United Arab Emirates
Abu Dhabi,AE,2012-08-02,12:00:00,1343883600,36.1,30.1,42.4,28.4,137.0,0.0,0.0,United Arab Emirates
Abu Dhabi,AE,2012-08-03,12:00:00,1343970000,34.8,29.9,40.0,19.5,325.0,0.0,0.0,United Arab Emirates
Abu Dhabi,AE,2012-08-04,12:00:00,1344056400,34.7,29.3,40.4,18.8,343.0,0.0,0.0,United Arab Emirates
Abu Dhabi,AE,2012-08-05,12:00:00,1344142800,38.8,32.3,44.4,31.0,52.0,0.0,0.0,United Arab Emirates
Abu Dhabi,AE,2012-08-06,12:00:00,1344229200,39.3,35.0,43.7,31.9,115.0,0.0,0.0,United Arab Emirates
Abu Dhabi,AE,2012-08-07,12:00:00,1344315600,38.7,35.2,42.6,19.2,101.0,0.0,0.0,United Arab Emirates
Abu Dhabi,AE,2012-08-08,12:00:00,1344402000,37.7,33.2,42.3,21.4,351.0,0.0,0.0,United Arab Emirates
Abu Dhabi,AE,2012-08-09,12:00:00,1344488400,35.3,29.7,41.2,22.2,312.0,0.0,0.0,United Arab Emirates
Abu Dhabi,AE,2012-08-10,12:00:00,1344574800,35.1,28.0,41.4,18.7,8.0,0.0,0.0,United Arab Emirates
Abu Dhabi,AE,2012-08-11,12:00:00,1344661200,34.4,27.6,40.9,20.7,357.0,0.0,0.0,United Arab Emirates
Abu Dhabi,AE,2012-08-12,12:00:00,1344747600,33.9,28.7,38.8,22.1,343.0,0.0,0.0,United Arab Emirates
Abu Dhabi,AE,2012-08-13,12:00:00,1344834000,35.0,29.9,40.0,19.8,321.0,0.0,0.0,United Arab Emirates
Abu Dhabi,AE,2012-08-14,12:00:00,1344920400,34.9,30.4,39.8,21.4,323.0,0.0,0.0,United Arab Emirates
Abu Dhabi,AE,2012-08-15,12:00:00,1345006800,34.0,30.2,38.6,18.6,315.0,0.0,0.0,United Arab Emirates
Abu Dhabi,AE,2012-08-16,12:00:00,1345093200,33.5,28.1,39.1,18.8,335.0,0.0,0.0,United Arab Emirates
Abu Dhabi,AE,2012-08-17,12:00:00,1345179600,35.0,30.3,40.9,22.7,12.0,0.3,0.0,United Arab Emirates
Abu Dhabi,AE,2012-08-18,12:00:00,1345266000,35.4,29.5,41.4,21.3,333.0,0.0,0.0,United Arab Emirates
Abu Dhabi,AE,2012-08-19,12:00:00,1345352400,33.6,28.4,40.1,27.9,315.0,0.0,0.0,United Arab Emirates
Abu Dhabi,AE,2012-08-20,12:00:00,1345438800,34.0,28.0,39.5,18.9,283.0,0.0,0.0,United Arab Emirates
Abu Dhabi,AE,2012-08-21,12:00:00,1345525200,34.1,28.4,38.7,21.7,335.0,0.0,0.0,United Arab Emirates
Abu Dhabi,AE,2012-08-22,12:00:00,1345611600,35.5,32.0,42.1,26.4,355.0,0.0,0.0,United Arab Emirates
Abu Dhabi,AE,2012-08-23,12:00:00,1345698000,34.2,29.5,39.1,22.1,339.0,0.0,0.0,United Arab Emirates
Abu Dhabi,AE,2012-08-24,12:00:00,1345784400,35.7,30.6,41.0,27.9,147.0,0.0,0.0,United Arab Emirates
Abu Dhabi,AE,2012-08-25,12:00:00,1345870800,35.9,32.6,40.4,26.0,134.0,0.0,0.0,United Arab Emirates
Abu Dhabi,AE,2012-08-26,12:00:00,1345957200,35.1,31.5,39.3,24.4,357.0,0.0,0.0,United Arab Emirates
Abu Dhabi,AE,2012-08-27,12:00:00,1346043600,33.7,28.6,38.8,22.9,352.0,0.0,0.0,United Arab Emirates
Abu Dhabi,AE,2012-08-28,12:00:00,1346130000,33.6,28.0,40.0,25.9,349.0,0.0,0.0,United Arab Emirates
Abu Dhabi,AE,2012-08-29,12:00:00,1346216400,32.9,28.5,37.9,20.7,354.0,0.0,0.0,United Arab Emirates
Abu Dhabi,AE,2012-08-30,12:00:00,1346302800,34.0,28.4,40.5,28.8,9.0,0.0,0.0,United Arab Emirates
Abu Dhabi,AE,2012-08-31,12:00:00,1346389200,34.7,29.5,41.7,23.9,357.0,0.0,0.0,United Arab Emirates
Abu Dhabi,AE,2012-09-01,12:00:00,1346475600,33.0,27.4,38.0,18.8,322.0,0.0,0.0,United Arab Emirates
Abu Dhabi,AE,2012-09-02,12:00:00,1346562000,33.0,29.2,38.1,20.1,335.0,0.0,0.0,United Arab Emirates
Abu Dhabi,AE,2012-09-03,12:00:00,1346648400,33.9,30.2,38.1,22.1,328.0,0.0,0.0,United Arab Emirates
Abu Dhabi,AE,2012-09-04,12:00:00,1346734800,34.3,30.3,38.8,20.3,331.0,0.0,0.0,United Arab Emirates
Abu Dhabi,AE,2012-09-05,12:00:00,1346821200,35.0,30.2,40.0,20.2,352.0,0.0,0.0,United Arab Emirates
Abu Dhabi,AE,2012-09-06,12:00:00,1346907600,34.4,29.7,39.4,23.7,340.0,0.0,0.0,United Arab Emirates
Abu Dhabi,AE,2012-09-07,12:00:00,1346994000,34.4,27.9,40.1,22.7,344.0,0.0,0.0,United Arab Emirates
Abu Dhabi,AE,2012-09-08,12:00:00,1347080400,33.8,25.9,41.2,21.1,32.0,0.0,0.0,United Arab Emirates
Abu Dhabi,AE,2012-09-09,12:00:00,1347166800,35.6,28.3,43.2,24.5,67.0,0.0,0.0,United Arab Emirates
Abu Dhabi,AE,2012-09-10,12:00:00,1347253200,35.6,30.2,42.8,24.0,39.0,0.0,0.0,United Arab Emirates
Abu Dhabi,AE,2012-09-11,12:00:00,1347339600,34.5,30.3,39.9,22.2,326.0,0.0,0.0,United Arab Emirates
Abu Dhabi,AE,2012-09-12,12:00:00,1347426000,33.4,28.4,38.4,19.8,330.0,0.2,0.0,United Arab Emirates
Abu Dhabi,AE,2012-09-13,12:00:00,1347512400,33.7,29.5,38.5,24.9,323.0,0.0,0.0,United Arab Emirates
Abu Dhabi,AE,2012-09-14,12:00:00,1347598800,34.1,30.8,37.5,21.3,309.0,0.0,0.0,United Arab Emirates
Abu Dhabi,AE,2012-09-15,12:00:00,1347685200,32.8,27.8,37.2,16.3,289.0,0.0,0.0,United Arab Emirates
Abu Dhabi,AE,2012-09-16,12:00:00,1347771600,33.0,29.1,37.6,20.4,327.0,0.0,0.0,United Arab Emirates
Abu Dhabi,AE,2012-09-17,12:00:00,1347858000,34.4,29.1,39.5,27.6,8.0,0.0,0.0,United Arab Emirates
Abu Dhabi,AE,2012-09-18,12:00:00,1347944400,33.7,28.0,40.5,21.5,227.0,0.0,0.0,United Arab Emirates
Abu Dhabi,AE,2012-09-19,12:00:00,1348030800,33.1,27.6,39.2,21.5,333.0,0.0,0.0,United Arab Emirates
Abu Dhabi,AE,2012-09-20,12:00:00,1348117200,32.8,27.6,39.0,20.6,349.0,0.0,0.0,United Arab Emirates
Abu Dhabi,AE,2012-09-21,12:00:00,1348203600,33.1,26.8,40.5,21.4,31.0,0.0,0.0,United Arab Emirates
Abu Dhabi,AE,2012-09-22,12:00:00,1348290000,33.2,27.7,39.7,24.9,21.0,0.0,0.0,United Arab Emirates
Abu Dhabi,AE,2012-09-23,12:00:00,1348376400,32.9,25.9,39.9,20.9,38.0,0.0,0.0,United Arab Emirates
Abu Dhabi,AE,2012-09-24,12:00:00,1348462800,32.6,25.6,39.3,19.9,168.0,0.0,0.0,United Arab Emirates
Abu Dhabi,AE,2012-09-25,12:00:00,1348549200,32.3,26.6,37.2,15.8,228.0,0.0,0.0,United Arab Emirates
Abu Dhabi,AE,2012-09-26,12:00:00,1348635600,32.2,26.8,37.3,20.5,20.0,0.0,0.0,United Arab Emirates
Abu Dhabi,AE,2012-09-27,12:00:00,1348722000,33.2,26.6,39.0,19.5,58.0,0.0,0.0,United Arab Emirates
Abu Dhabi,AE,2012-09-28,12:00:00,1348808400,33.5,28.3,38.5,17.9,163.0,0.0,0.0,United Arab Emirates
Abu Dhabi,AE,2012-09-29,12:00:00,1348894800,31.6,25.0,36.7,19.2,360.0,0.0,0.0,United Arab Emirates
Abu Dhabi,AE,2012-09-30,12:00:00,1348981200,31.5,24.9,37.7,27.1,27.0,0.0,0.0,United Arab Emirates
Abu Dhabi,AE,2012-10-01,12:00:00,1349067600,32.5,25.8,39.1,23.2,34.0,0.0,0.0,United Arab Emirates
Abu Dhabi,AE,2012-10-02,12:00:00,1349154000,33.0,27.0,39.1,21.2,16.0,0.0,0.0,United Arab Emirates
Abu Dhabi,AE,2012-10-03,12:00:00,1349240400,31.3,25.7,36.5,21.6,344.0,0.0,0.0,United Arab Emirates
Abu Dhabi,AE,2012-10-04,12:00:00,1349326800,30.2,24.9,35.9,20.6,353.0,0.0,0.0,United Arab Emirates
Abu Dhabi,AE,2012-10-05,12:00:00,1349413200,29.9,23.2,36.2,21.6,11.0,0.0,0.0,United Arab Emirates
Abu Dhabi,AE,2012-10-06,12:00:00,1349499600,30.4,23.6,37.5,24.9,19.0,0.0,0.0,United Arab Emirates
Abu Dhabi,AE,2012-10-07,12:00:00,1349586000,30.6,24.1,37.2,21.9,17.0,0.0,0.0,United Arab Emirates
Abu Dhabi,AE,2012-10-08,12:00:00,1349672400,30.1,24.1,35.8,21.4,5.0,0.0,0.0,United Arab Emirates
Abu Dhabi,AE,2012-10-09,12:00:00,1349758800,30.4,23.8,37.2,18.3,21.0,0.0,0.0,United Arab Emirates
Abu Dhabi,AE,2012-10-10,12:00:00,1349845200,29.8,23.5,36.0,18.4,358.0,0.0,0.0,United Arab Emirates
Abu Dhabi,AE,2012-10-11,12:00:00,1349931600,29.6,23.2,35.7,16.0,342.0,0.0,0.0,United Arab Emirates
Abu Dhabi,AE,2012-10-12,12:00:00,1350018000,30.7,25.8,35.7,20.0,319.0,0.0,0.0,United Arab Emirates
Abu Dhabi,AE,2012-10-13,12:00:00,1350104400,29.6,22.1,35.4,20.5,268.0,0.0,0.0,United Arab Emirates
Abu Dhabi,AE,2012-10-14,12:00:00,1350190800,29.4,22.7,34.8,24.6,272.0,0.0,0.0,United Arab Emirates
Abu Dhabi,AE,2012-10-15,12:00:00,1350277200,30.2,25.5,34.0,19.7,281.0,0.0,0.0,United Arab Emirates
Abu Dhabi,AE,2012-10-16,12:00:00,1350363600,29.1,24.2,33.2,18.7,3.0,0.0,0.0,United Arab Emirates
Abu Dhabi,AE,2012-10-17,12:00:00,1350450000,29.8,25.6,33.7,22.8,344.0,0.0,0.0,United Arab Emirates
Abu Dhabi,AE,2012-10-18,12:00:00,1350536400,29.4,24.2,34.0,20.1,12.0,0.0,0.0,United Arab Emirates
Abu Dhabi,AE,2012-10-19,12:00:00,1350622800,29.1,23.3,33.9,22.0,22.0,0.0,0.0,United Arab Emirates
Abu Dhabi,AE,2012-10-20,12:00:00,1350709200,29.0,23.1,34.2,22.8,19.0,0.0,0.0,United Arab Emirates
Abu Dhabi,AE,2012-10-21,12:00:00,1350795600,30.5,24.4,36.0,22.5,44.0,0.0,0.0,United Arab Emirates
Abu Dhabi,AE,2012-10-22,12:00:00,1350882000,29.9,24.2,35.2,21.9,96.0,0.0,0.0,United Arab Emirates
Abu Dhabi,AE,2012-10-23,12:00:00,1350968400,29.8,23.8,35.3,16.6,55.0,0.0,0.0,United Arab Emirates
Abu Dhabi,AE,2012-10-24,12:00:00,1351054800,29.5,23.2,35.1,18.7,15.0,0.0,0.0,United Arab Emirates
Abu Dhabi,AE,2012-10-25,12:00:00,1351141200,28.7,22.8,33.7,18.8,348.0,0.0,0.0,United Arab Emirates
Abu Dhabi,AE,2012-10-26,12:00:00,1351227600,28.0,21.9,32.9,16.9,332.0,0.0,0.0,United Arab Emirates
Abu Dhabi,AE,2012-10-27,12:00:00,1351314000,27.5,22.1,33.6,16.3,30.0,0.0,0.0,United Arab Emirates
Abu Dhabi,AE,2012-10-28,12:00:00,1351400400,27.7,21.1,33.9,20.3,10.0,0.0,0.0,United Arab Emirates
Abu Dhabi,AE,2012-10-29,12:00:00,1351486800,27.4,21.6,32.7,27.8,15.0,0.0,0.0,United Arab Emirates
Abu Dhabi,AE,2012-10-30,12:00:00,1351573200,27.6,23.1,32.5,22.6,351.0,0.3,0.0,United Arab Emirates
Abu Dhabi,AE,2012-10-31,12:00:00,1351659600,28.1,25.3,30.8,20.8,307.0,0.0,0.0,United Arab Emirates
Abu Dhabi,AE,2012-11-01,12:00:00,1351746000,27.1,21.5,31.1,25.8,18.0,0.0,0.0,United Arab Emirates
Abu Dhabi,AE,2012-11-02,12:00:00,1351832400,28.1,23.3,32.2,18.7,31.0,0.0,0.0,United Arab Emirates
Abu Dhabi,AE,2012-11-03,12:00:00,1351918800,28.4,24.4,32.1,18.9,360.0,0.0,0.0,United Arab Emirates
Abu Dhabi,AE,2012-11-04,12:00:00,1352005200,28.0,22.8,32.1,21.7,9.0,0.0,0.0,United Arab Emirates
Abu Dhabi,AE,2012-11-05,12:00:00,1352091600,27.8,24.1,31.5,20.0,329.0,0.0,0.0,United Arab Emirates
Abu Dhabi,AE,2012-11-06,12:00:00,1352178000,27.8,22.0,31.5,17.3,304.0,0.0,0.0,United Arab Emirates
Abu Dhabi,AE,2012-11-07,12:00:00,1352264400,27.4,22.4,31.0,17.8,288.0,0.2,0.0,United Arab Emirates
Abu Dhabi,AE,2012-11-08,12:00:00,1352350800,27.5,22.9,30.9,19.2,271.0,0.0,0.0,United Arab Emirates
Abu Dhabi,AE,2012-11-09,12:00:00,1352437200,28.0,24.3,31.5,14.8,308.0,0.0,0.0,United Arab Emirates
Abu Dhabi,AE,2012-11-10,12:00:00,1352523600,26.3,20.8,31.0,16.9,9.0,0.0,0.0,United Arab Emirates
Abu Dhabi,AE,2012-11-11,12:00:00,1352610000,26.9,22.9,30.9,17.6,330.0,0.0,0.0,United Arab Emirates
Abu Dhabi,AE,2012-11-12,12:00:00,1352696400,26.3,20.1,30.4,15.5,350.0,0.0,0.0,United Arab Emirates
Abu Dhabi,AE,2012-11-13,12:00:00,1352782800,27.0,21.7,32.5,14.0,86.0,0.0,0.0,United Arab Emirates
Abu Dhabi,AE,2012-11-14,12:00:00,1352869200,27.4,21.0,33.2,16.5,144.0,0.0,0.0,United Arab Emirates
Abu Dhabi,AE,2012-11-15,12:00:00,1352955600,27.1,21.2,32.9,17.8,197.0,0.0,0.0,United Arab Emirates
Abu Dhabi,AE,2012-11-16,12:00:00,1353042000,26.6,23.6,30.4,24.1,341.0,0.0,0.0,United Arab Emirates
Abu Dhabi,AE,2012-11-17,12:00:00,1353128400,25.7,23.6,28.3,24.2,313.0,0.0,0.0,United Arab Emirates
Abu Dhabi,AE,2012-11-18,12:00:00,1353214800,25.4,21.9,29.2,17.3,346.0,0.0,0.0,United Arab Emirates
Abu Dhabi,AE,2012-11-19,12:00:00,1353301200,25.5,21.5,29.7,12.6,9.0,0.0,0.0,United Arab Emirates
Abu Dhabi,AE,2012-11-20,12:00:00,1353387600,25.4,21.1,29.1,23.3,329.0,0.0,0.0,United Arab Emirates
Abu Dhabi,AE,2012-11-21,12:00:00,1353474000,24.3,20.9,27.8,17.0,355.0,1.5,0.0,United Arab Emirates
Abu Dhabi,AE,2012-11-22,12:00:00,1353560400,24.6,21.9,27.3,18.9,310.0,0.0,0.0,United Arab Emirates
Abu Dhabi,AE,2012-11-23,12:00:00,1353646800,25.0,21.0,28.3,19.9,34.0,0.0,0.0,United Arab Emirates
Abu Dhabi,AE,2012-11-24,12:00:00,1353733200,24.8,19.9,29.0,19.1,344.0,0.0,0.0,United Arab Emirates
Abu Dhabi,AE,2012-11-25,12:00:00,1353819600,24.4,18.2,29.1,14.8,44.0,0.0,0.0,United Arab Emirates
Abu Dhabi,AE,2012-11-26,12:00:00,1353906000,26.0,19.2,31.7,14.6,116.0,0.0,0.0,United Arab Emirates
Abu Dhabi,AE,2012-11-27,12:00:00,1353992400,26.0,23.3,29.4,23.3,239.0,0.0,0.0,United Arab Emirates
Abu Dhabi,AE,2012-11-28,12:00:00,1354078800,24.3,22.0,26.1,26.2,319.0,0.0,0.0,United Arab Emirates
Abu Dhabi,AE,2012-11-29,12:00:00,1354165200,23.2,20.4,25.8,15.1,338.0,0.4,0.0,United Arab Emirates
Abu Dhabi,AE,2012-11-30,12:00:00,1354251600,22.1,20.4,23.9,22.8,293.0,2.0,0.0,United Arab Emirates
Abu Dhabi,AE,2012-12-01,12:00:00,1354338000,21.3,18.6,23.6,15.3,334.0,0.0,0.0,United Arab Emirates
Abu Dhabi,AE,2012-12-02,12:00:00,1354424400,22.6,18.5,26.6,20.3,343.0,0.0,0.0,United Arab Emirates
Abu Dhabi,AE,2012-12-03,12:00:00,1354510800,21.9,19.4,24.4,14.1,318.0,0.7,0.0,United Arab Emirates
Abu Dhabi,AE,2012-12-04,12:00:00,1354597200,21.9,18.7,25.0,19.8,333.0,1.2,0.0,United Arab Emirates
Abu Dhabi,AE,2012-12-05,12:00:00,1354683600,23.1,18.8,26.5,14.3,17.0,0.0,0.0,United Arab Emirates
Abu Dhabi,AE,2012-12-06,12:00:00,1354770000,24.3,20.5,28.5,16.4,63.0,0.0,0.0,United Arab Emirates
Abu Dhabi,AE,2012-12-07,12:00:00,1354856400,24.0,20.6,27.5,19.7,16.0,0.0,0.0,United Arab Emirates
Abu Dhabi,AE,2012-12-08,12:00:00,1354942800,22.9,18.0,27.1,20.7,13.0,0.0,0.0,United Arab Emirates
Abu Dhabi,AE,2012-12-09,12:00:00,1355029200,23.8,18.5,27.3,23.7,306.0,0.0,0.0,United Arab Emirates
Abu Dhabi,AE,2012-12-10,12:00:00,1355115600,24.4,21.0,28.0,21.6,317.0,0.0,0.0,United Arab Emirates
Abu Dhabi,AE,2012-12-11,12:00:00,1355202000,23.6,19.2,28.5,10.4,258.0,0.0,0.0,United Arab Emirates
Abu Dhabi,AE,2012-12-12,12:00:00,1355288400,23.0,19.5,27.0,32.1,279.0,0.1,0.0,United Arab Emirates
Abu Dhabi,AE,2012-12-13,12:00:00,1355374800,22.5,20.9,24.7,26.5,296.0,0.0,0.0,United Arab Emirates
Abu Dhabi,AE,2012-12-14,12:00:00,1355461200,21.9,20.0,24.1,19.0,292.0,1.4,0.0,United Arab Emirates
Abu Dhabi,AE,2012-12-15,12:00:00,1355547600,21.7,19.1,23.8,21.9,309.0,0.0,0.0,United Arab Emirates
Abu Dhabi,AE,2012-12-16,12:00:00,1355634000,20.5,16.6,23.5,22.2,9.0,0.6,0.0,United Arab Emirates
Abu Dhabi,AE,2012-12-17,12:00:00,1355720400,19.9,17.8,21.9,30.9,5.0,2.9,0.0,United Arab Emirates
Abu Dhabi,AE,2012-12-18,12:00:00,1355806800,19.7,14.7,23.6,18.2,35.0,0.0,0.0,United Arab Emirates
Abu Dhabi,AE,2012-12-19,12:00:00,1355893200,20.8,17.0,25.3,23.4,34.0,0.0,0.0,United Arab Emirates
Abu Dhabi,AE,2012-12-20,12:00:00,1355979600,21.0,16.6,25.5,22.8,28.0,0.0,0.0,United Arab Emirates
Abu Dhabi,AE,2012-12-21,12:00:00,1356066000,21.8,17.0,26.9,18.1,33.0,0.0,0.0,United Arab Emirates
Abu Dhabi,AE,2012-12-22,12:00:00,1356152400,21.3,15.7,26.9,19.8,26.0,0.0,0.0,United Arab Emirates
Abu Dhabi,AE,2012-12-23,12:00:00,1356238800,22.2,17.5,27.8,22.5,358.0,0.0,0.0,United Arab Emirates
Abu Dhabi,AE,2012-12-24,12:00:00,1356325200,23.0,19.7,27.1,21.2,321.0,0.0,0.0,United Arab Emirates
Abu Dhabi,AE,2012-12-25,12:00:00,1356411600,22.5,19.2,27.2,14.3,5.0,0.0,0.0,United Arab Emirates
Abu Dhabi,AE,2012-12-26,12:00:00,1356498000,22.2,17.7,28.3,26.0,236.0,0.0,0.0,United Arab Emirates
Abu Dhabi,AE,2012-12-27,12:00:00,1356584400,21.9,19.7,23.9,29.6,318.0,0.0,0.0,United Arab Emirates
Abu Dhabi,AE,2012-12-28,12:00:00,1356670800,21.0,17.9,25.4,33.5,60.0,0.0,0.0,United Arab Emirates
Abu Dhabi,AE,2012-12-29,12:00:00,1356757200,19.6,16.6,23.8,24.0,39.0,0.0,0.0,United Arab Emirates
Abu Dhabi,AE,2012-12-30,12:00:00,1356843600,18.7,12.9,23.2,20.3,28.0,0.0,0.0,United Arab Emirates
Abu Dhabi,AE,2012-12-31,12:00:00,1356930000,19.5,14.9,23.2,19.9,327.0,0.0,0.0,United Arab Emirates
Abu Dhabi,AE,2013-01-01,12:00:00,1357016400,21.2,17.3,25.1,21.1,18.0,0.0,0.0,United Arab Emirates
Abu Dhabi,AE,2013-01-02,12:00:00,1357102800,19.7,13.4,25.0,18.4,33.0,0.0,0.0,United Arab Emirates
Abu Dhabi,AE,2013-01-03,12:00:00,1357189200,20.1,13.2,24.1,20.2,299.0,0.0,0.0,United Arab Emirates
Abu Dhabi,AE,2013-01-04,12:00:00,1357275600,20.6,16.5,24.5,24.0,313.0,0.2,0.0,United Arab Emirates
Abu Dhabi,AE,2013-01-05,12:00:00,1357362000,20.0,16.7,23.5,18.5,301.0,0.0,0.0,United Arab Emirates
Abu Dhabi,AE,2013-01-06,12:00:00,1357448400,19.4,13.2,25.6,11.9,139.0,0.0,0.0,United Arab Emirates
Abu Dhabi,AE,2013-01-07,12:00:00,1357534800,22.6,16.6,28.7,26.6,161.0,0.0,0.0,United Arab Emirates
Abu Dhabi,AE,2013-01-08,12:00:00,1357621200,22.6,19.5,26.2,24.5,198.0,0.0,0.0,United Arab Emirates
Abu Dhabi,AE,2013-01-09,12:00:00,1357707600,22.2,16.4,27.0,23.9,127.0,0.0,0.0,United Arab Emirates
Abu Dhabi,AE,2013-01-10,12:00:00,1357794000,23.9,20.1,28.2,34.4,173.0,0.0,0.0,United Arab Emirates
Abu Dhabi,AE,2013-01-11,12:00:00,1357880400,19.8,17.1,22.1,41.8,318.0,0.0,0.0,United Arab Emirates
Abu Dhabi,AE,2013-01-12,12:00:00,1357966800,18.0,16.0,20.3,27.5,311.0,0.0,0.0,United Arab Emirates
Abu Dhabi,AE,2013-01-13,12:00:00,1358053200,18.1,13.4,22.3,20.7,326.0,0.0,0.0,United Arab Emirates
Abu Dhabi,AE,2013-01-14,12:00:00,1358139600,19.2,17.6,21.6,30.5,303.0,0.0,0.0,United Arab Emirates
Abu Dhabi,AE,2013-01-15,12:00:00,1358226000,18.7,17.3,20.7,40.5,300.0,0.0,0.0,United Arab Emirates
Abu Dhabi,AE,2013-01-16,12:00:00,1358312400,18.8,17.7,20.3,37.8,313.0,0.0,0.0,United Arab Emirates
Abu Dhabi,AE,2013-01-17,12:00:00,1358398800,17.7,13.7,21.7,25.9,47.0,0.0,0.0,United Arab Emirates
Abu Dhabi,AE,2013-01-18,12:00:00,1358485200,16.2,9.0,21.2,14.3,24.0,0.0,0.0,United Arab Emirates
Abu Dhabi,AE,2013-01-19,12:00:00,1358571600,16.7,9.5,21.1,15.0,345.0,0.0,0.0,United Arab Emirates
Abu Dhabi,AE,2013-01-20,12:00:00,1358658000,16.9,9.8,21.1,12.5,337.0,0.0,0.0,United Arab Emirates
Abu Dhabi,AE,2013-01-21,12:00:00,1358744400,17.0,9.9,22.3,12.9,333.0,0.0,0.0,United Arab Emirates
Abu Dhabi,AE,2013-01-22,12:00:00,1358830800,19.4,16.2,23.7,16.8,310.0,0.0,0.0,United Arab Emirates
Abu Dhabi,AE,2013-01-23,12:00:00,1358917200,19.0,15.1,23.3,19.8,297.0,0.0,0.0,United Arab Emirates
Abu Dhabi,AE,2013-01-24,12:00:00,1359003600,17.4,12.3,22.0,12.0,258.0,0.0,0.0,United Arab Emirates
Abu Dhabi,AE,2013-01-25,12:00:00,1359090000,17.6,12.3,24.1,10.9,62.0,0.0,0.0,United Arab Emirates
Abu Dhabi,AE,2013-01-26,12:00:00,1359176400,19.5,12.8,26.2,14.6,50.0,0.0,0.0,United Arab Emirates
Abu Dhabi,AE,2013-01-27,12:00:00,1359262800,19.8,13.4,26.1,16.8,37.0,0.0,0.0,United Arab Emirates
Abu Dhabi,AE,2013-01-28,12:00:00,1359349200,19.1,13.7,25.0,13.0,37.0,0.0,0.0,United Arab Emirates
Abu Dhabi,AE,2013-01-29,12:00:00,1359435600,21.7,16.6,27.5,24.6,138.0,0.0,0.0,United Arab Emirates
Abu Dhabi,AE,2013-01-30,12:00:00,1359522000,20.3,15.8,24.8,20.7,284.0,0.0,0.0,United Arab Emirates
Abu Dhabi,AE,2013-01-31,12:00:00,1359608400,21.4,15.4,27.1,14.0,130.0,0.0,0.0,United Arab Emirates
Abu Dhabi,AE,2013-02-01,12:00:00,1359694800,22.7,19.7,26.7,23.4,153.0,0.2,0.0,United Arab Emirates
Abu Dhabi,AE,2013-02-02,12:00:00,1359781200,20.9,19.5,22.9,22.5,329.0,0.0,0.0,United Arab Emirates
Abu Dhabi,AE,2013-02-03,12:00:00,1359867600,19.7,17.5,22.0,37.9,296.0,0.0,0.0,United Arab Emirates
Abu Dhabi,AE,2013-02-04,12:00:00,1359954000,19.8,17.4,22.9,40.0,334.0,0.0,0.0,United Arab Emirates
Abu Dhabi,AE,2013-02-05,12:00:00,1360040400,18.3,13.8,22.7,18.8,327.0,0.0,0.0,United Arab Emirates
Abu Dhabi,AE,2013-02-06,12:00:00,1360126800,18.1,12.4,23.1,20.0,342.0,0.0,0.0,United Arab Emirates
Abu Dhabi,AE,2013-02-07,12:00:00,1360213200,18.9,14.2,24.1,18.7,357.0,0.0,0.0,United Arab Emirates
Abu Dhabi,AE,2013-02-08,12:00:00,1360299600,18.5,13.5,23.3,18.1,309.0,0.0,0.0,United Arab Emirates
Abu Dhabi,AE,2013-02-09,12:00:00,1360386000,17.8,12.0,22.8,17.6,308.0,0.0,0.0,United Arab Emirates
Abu Dhabi,AE,2013-02-10,12:00:00,1360472400,18.7,12.2,24.1,16.3,282.0,0.0,0.0,United Arab Emirates
Abu Dhabi,AE,2013-02-11,12:00:00,1360558800,20.0,14.7,25.8,18.5,16.0,0.0,0.0,United Arab Emirates
Abu Dhabi,AE,2013-02-12,12:00:00,1360645200,21.9,16.2,28.9,17.0,82.0,0.0,0.0,United Arab Emirates
Abu Dhabi,AE,2013-02-13,12:00:00,1360731600,21.2,14.3,28.0,21.2,254.0,0.0,0.0,United Arab Emirates
Abu Dhabi,AE,2013-02-14,12:00:00,1360818000,20.7,18.3,23.3,29.1,310.0,0.0,0.0,United Arab Emirates
Abu Dhabi,AE,2013-02-15,12:00:00,1360904400,20.3,15.7,25.1,20.5,343.0,0.0,0.0,United Arab Emirates
Abu Dhabi,AE,2013-02-16,12:00:00,1360990800,20.4,15.7,25.7,17.9,6.0,0.0,0.0,United Arab Emirates
Abu Dhabi,AE,2013-02-17,12:00:00,1361077200,19.6,12.6,25.5,14.1,255.0,0.0,0.0,United Arab Emirates
Abu Dhabi,AE,2013-02-18,12:00:00,1361163600,20.2,15.5,24.4,20.6,305.0,0.0,0.0,United Arab Emirates
Abu Dhabi,AE,2013-02-19,12:00:00,1361250000,20.3,16.2,25.1,16.1,328.0,0.0,0.0,United Arab Emirates
Abu Dhabi,AE,2013-02-20,12:00:00,1361336400,20.9,15.0,26.9,28.4,21.0,0.0,0.0,United Arab Emirates
Abu Dhabi,AE,2013-02-21,12:00:00,1361422800,21.1,17.6,24.8,24.5,319.0,0.0,0.0,United Arab Emirates
Abu Dhabi,AE,2013-02-22,12:00:00,1361509200,21.2,18.6,24.6,35.6,301.0,0.0,0.0,United Arab Emirates
Abu Dhabi,AE,2013-02-23,12:00:00,1361595600,20.3,13.4,26.4,11.5,56.0,0.0,0.0,United Arab Emirates
Abu Dhabi,AE,2013-02-24,12:00:00,1361682000,22.0,15.1,28.4,26.8,151.0,0.0,0.0,United Arab Emirates
Abu Dhabi,AE,2013-02-25,12:00:00,1361768400,21.1,18.6,24.0,34.3,312.0,0.0,0.0,United Arab Emirates
Abu Dhabi,AE,2013-02-26,12:00:00,1361854800,20.7,17.0,24.5,22.9,306.0,0.0,0.0,United Arab Emirates
Abu Dhabi,AE,2013-02-27,12:00:00,1361941200,20.1,15.4,25.0,19.7,328.0,0.0,0.0,United Arab Emirates
Abu Dhabi,AE,2013-02-28,12:00:00,1362027600,21.3,16.8,26.1,21.0,20.0,0.0,0.0,United Arab Emirates
Abu Dhabi,AE,2013-03-01,12:00:00,1362114000,23.2,16.7,29.1,18.9,68.0,0.0,0.0,United Arab Emirates
Abu Dhabi,AE,2013-03-02,12:00:00,1362200400,23.4,17.1,28.9,24.7,92.0,0.0,0.0,United Arab Emirates
Abu Dhabi,AE,2013-03-03,12:00:00,1362286800,23.9,17.6,29.5,20.1,26.0,0.0,0.0,United Arab Emirates
Abu Dhabi,AE,2013-03-04,12:00:00,1362373200,23.0,16.9,29.1,16.9,358.0,0.0,0.0,United Arab Emirates
Abu Dhabi,AE,2013-03-05,12:00:00,1362459600,23.4,15.2,30.5,15.3,46.0,0.0,0.0,United Arab Emirates
Abu Dhabi,AE,2013-03-06,12:00:00,1362546000,26.7,18.2,35.6,26.0,147.0,0.0,0.0,United Arab Emirates
Abu Dhabi,AE,2013-03-07,12:00:00,1362632400,23.5,20.0,27.9,27.1,234.0,0.0,0.0,United Arab Emirates
Abu Dhabi,AE,2013-03-08,12:00:00,1362718800,20.5,18.1,23.2,27.9,311.0,0.0,0.0,United Arab Emirates
Abu Dhabi,AE,2013-03-09,12:00:00,1362805200,19.3,14.7,23.5,17.6,312.0,0.0,0.0,United Arab Emirates
Abu Dhabi,AE,2013-03-10,12:00:00,1362891600,20.7,12.6,27.4,10.1,70.0,0.0,0.0,United Arab Emirates
Abu Dhabi,AE,2013-03-11,12:00:00,1362978000,24.6,19.4,33.0,31.2,352.0,0.0,0.0,United Arab Emirates
Abu Dhabi,AE,2013-03-12,12:00:00,1363064400,22.3,19.9,25.4,33.4,305.0,0.0,0.0,United Arab Emirates
Abu Dhabi,AE,2013-03-13,12:00:00,1363150800,21.8,18.2,25.3,26.4,295.0,0.0,0.0,United Arab Emirates
Abu Dhabi,AE,2013-03-14,12:00:00,1363237200,21.2,17.0,26.4,18.2,319.0,0.0,0.0,United Arab Emirates
Abu Dhabi,AE,2013-03-15,12:00:00,1363323600,22.1,18.1,27.6,18.5,338.0,0.0,0.0,United Arab Emirates
Abu Dhabi,AE,2013-03-16,12:00:00,1363410000,23.2,16.6,30.9,19.6,34.0,0.0,0.0,United Arab Emirates
Abu Dhabi,AE,2013-03-17,12:00:00,1363496400,25.8,17.6,32.9,24.0,143.0,0.0,0.0,United Arab Emirates
Abu Dhabi,AE,2013-03-18,12:00:00,1363582800,25.7,19.9,31.8,29.1,151.0,0.0,0.0,United Arab Emirates
Abu Dhabi,AE,2013-03-19,12:00:00,1363669200,24.7,17.9,29.9,21.0,109.0,0.0,0.0,United Arab Emirates
Abu Dhabi,AE,2013-03-20,12:00:00,1363755600,25.7,18.2,33.9,21.0,72.0,0.0,0.0,United Arab Emirates
Abu Dhabi,AE,2013-03-21,12:00:00,1363842000,23.3,19.4,26.8,23.5,31.0,0.6,0.0,United Arab Emirates
Abu Dhabi,AE,2013-03-22,12:00:00,1363928400,22.7,20.1,25.9,27.8,305.0,0.0,0.0,United Arab Emirates
Abu Dhabi,AE,2013-03-23,12:00:00,1364014800,21.9,15.8,26.8,22.2,305.0,0.0,0.0,United Arab Emirates
Abu Dhabi,AE,2013-03-24,12:00:00,1364101200,22.8,17.8,28.4,20.0,354.0,0.0,0.0,United Arab Emirates
Abu Dhabi,AE,2013-03-25,12:00:00,1364187600,21.4,19.2,24.8,29.6,303.0,3.5,0.0,United Arab Emirates
Abu Dhabi,AE,2013-03-26,12:00:00,1364274000,20.7,18.0,24.1,28.4,292.0,0.0,0.0,United Arab Emirates
Abu Dhabi,AE,2013-03-27,12:00:00,1364360400,20.5,15.4,24.8,18.7,293.0,0.0,0.0,United Arab Emirates
Abu Dhabi,AE,2013-03-28,12:00:00,1364446800,21.5,14.9,27.0,16.6,289.0,0.0,0.0,United Arab Emirates
Abu Dhabi,AE,2013-03-29,12:00:00,1364533200,21.8,12.6,29.3,14.9,352.0,0.0,0.0,United Arab Emirates
Abu Dhabi,AE,2013-03-30,12:00:00,1364619600,23.3,15.0,30.5,20.4,314.0,0.0,0.0,United Arab Emirates
Abu Dhabi,AE,2013-03-31,12:00:00,1364706000,24.6,17.6,30.1,26.8,290.0,0.0,0.0,United Arab Emirates
Abu Dhabi,AE,2013-04-01,12:00:00,1364792400,26.1,22.8,30.2,29.0,295.0,0.0,0.0,United Arab Emirates
Abu Dhabi,AE,2013-04-02,12:00:00,1364878800,25.6,22.0,29.7,27.8,308.0,0.0,0.0,United Arab Emirates
Abu Dhabi,AE,2013-04-03,12:00:00,1364965200,24.7,15.6,32.7,22.1,358.0,0.0,0.0,United Arab Emirates
Abu Dhabi,AE,2013-04-04,12:00:00,1365051600,26.6,17.2,35.1,21.6,80.0,0.0,0.0,United Arab Emirates
Abu Dhabi,AE,2013-04-05,12:00:00,1365138000,29.5,22.9,35.5,30.7,149.0,0.0,0.0,United Arab Emirates
Abu Dhabi,AE,2013-04-06,12:00:00,1365224400,28.4,22.7,35.8,39.1,176.0,4.2,0.0,United Arab Emirates
Abu Dhabi,AE,2013-04-07,12:00:00,1365310800,22.4,19.4,24.9,23.1,278.0,0.3,0.0,United Arab Emirates
Abu Dhabi,AE,2013-04-08,12:00:00,1365397200,22.3,17.3,26.7,16.1,327.0,0.0,0.0,United Arab Emirates
Abu Dhabi,AE,2013-04-09,12:00:00,1365483600,23.6,16.4,30.0,22.2,18.0,0.0,0.0,United Arab Emirates
Abu Dhabi,AE,2013-04-10,12:00:00,1365570000,25.6,18.4,32.1,22.3,37.0,0.0,0.0,United Arab Emirates
Abu Dhabi,AE,2013-04-11,12:00:00,1365656400,27.0,19.7,33.3,25.3,32.0,0.0,0.0,United Arab Emirates
Abu Dhabi,AE,2013-04-12,12:00:00,1365742800,27.7,20.9,34.6,16.5,75.0,0.0,0.0,United Arab Emirates
Abu Dhabi,AE,2013-04-13,12:00:00,1365829200,28.2,19.8,34.9,19.1,66.0,0.0,0.0,United Arab Emirates
Abu Dhabi,AE,2013-04-14,12:00:00,1365915600,29.2,21.7,35.5,19.2,317.0,0.0,0.0,United Arab Emirates
Abu Dhabi,AE,2013-04-15,12:00:00,1366002000,29.1,22.7,34.7,21.7,345.0,0.0,0.0,United Arab Emirates
Abu Dhabi,AE,2013-04-16,12:00:00,1366088400,28.6,23.8,33.9,15.4,337.0,0.0,0.0,United Arab Emirates
Abu Dhabi,AE,2013-04-17,12:00:00,1366174800,29.3,23.3,34.9,18.2,360.0,0.0,0.0,United Arab Emirates
Abu Dhabi,AE,2013-04-18,12:00:00,1366261200,31.0,23.3,36.7,14.5,13.0,0.0,0.0,United Arab Emirates
Abu Dhabi,AE,2013-04-19,12:00:00,1366347600,31.5,25.0,36.6,20.5,28.0,0.0,0.0,United Arab Emirates
Abu Dhabi,AE,2013-04-20,12:00:00,1366434000,30.9,25.4,36.4,23.2,8.0,0.0,0.0,United Arab Emirates
Abu Dhabi,AE,2013-04-21,12:00:00,1366520400,29.8,24.3,36.4,22.1,342.0,0.3,0.0,United Arab Emirates
Abu Dhabi,AE,2013-04-22,12:00:00,1366606800,27.8,25.1,31.2,25.2,325.0,0.3,0.0,United Arab Emirates
Abu Dhabi,AE,2013-04-23,12:00:00,1366693200,28.0,23.7,32.3,22.6,358.0,0.0,0.0,United Arab Emirates
Abu Dhabi,AE,2013-04-24,12:00:00,1366779600,28.2,23.4,32.3,21.1,340.0,0.0,0.0,United Arab Emirates
Abu Dhabi,AE,2013-04-25,12:00:00,1366866000,26.9,23.4,30.3,18.3,323.0,0.0,0.0,United Arab Emirates
Abu Dhabi,AE,2013-04-26,12:00:00,1366952400,23.8,21.4,26.0,24.6,314.0,3.1,0.0,United Arab Emirates
Abu Dhabi,AE,2013-04-27,12:00:00,1367038800,22.2,20.3,25.4,21.0,357.0,1.8,0.0,United Arab Emirates
Abu Dhabi,AE,2013-04-28,12:00:00,1367125200,22.8,19.8,25.0,15.5,8.0,2.5,0.0,United Arab Emirates
Abu Dhabi,AE,2013-04-29,12:00:00,1367211600,24.4,20.5,27.7,18.7,328.0,0.0,0.0,United Arab Emirates
Abu Dhabi,AE,2013-04-30,12:00:00,1367298000,25.1,21.7,28.5,24.0,44.0,0.1,0.0,United Arab Emirates
Abu Dhabi,AE,2013-05-01,12:00:00,1367384400,25.8,22.5,28.7,18.7,185.0,0.8,0.0,United Arab Emirates
Abu Dhabi,AE,2013-05-02,12:00:00,1367470800,25.8,21.0,30.1,27.7,242.0,0.1,0.0,United Arab Emirates
Abu Dhabi,AE,2013-05-03,12:00:00,1367557200,26.9,20.4,32.5,20.8,346.0,0.0,0.0,United Arab Emirates
Abu Dhabi,AE,2013-05-04,12:00:00,1367643600,28.2,23.2,33.0,22.7,320.0,0.0,0.0,United Arab Emirates
Abu Dhabi,AE,2013-05-05,12:00:00,1367730000,27.9,24.1,31.7,28.0,290.0,0.0,0.0,United Arab Emirates
Abu Dhabi,AE,2013-05-06,12:00:00,1367816400,27.8,22.9,33.0,25.1,290.0,0.0,0.0,United Arab Emirates
Abu Dhabi,AE,2013-05-07,12:00:00,1367902800,28.3,23.1,33.2,26.7,289.0,0.0,0.0,United Arab Emirates
Abu Dhabi,AE,2013-05-08,12:00:00,1367989200,28.1,23.3,32.7,30.7,300.0,0.0,0.0,United Arab Emirates
Abu Dhabi,AE,2013-05-09,12:00:00,1368075600,28.5,23.1,34.5,25.3,294.0,0.0,0.0,United Arab Emirates
Abu Dhabi,AE,2013-05-10,12:00:00,1368162000,28.0,23.0,32.3,25.1,289.0,0.0,0.0,United Arab Emirates
Abu Dhabi,AE,2013-05-11,12:00:00,1368248400,28.0,22.8,32.8,23.6,295.0,0.0,0.0,United Arab Emirates
Abu Dhabi,AE,2013-05-12,12:00:00,1368334800,28.4,20.9,35.0,24.7,306.0,0.0,0.0,United Arab Emirates
Abu Dhabi,AE,2013-05-13,12:00:00,1368421200,30.8,21.9,37.5,20.0,312.0,0.0,0.0,United Arab Emirates
Abu Dhabi,AE,2013-05-14,12:00:00,1368507600,32.1,27.2,37.7,20.5,316.0,0.0,0.0,United Arab Emirates
Abu Dhabi,AE,2013-05-15,12:00:00,1368594000,30.6,25.5,36.0,19.9,318.0,0.0,0.0,United Arab Emirates
Abu Dhabi,AE,2013-05-16,12:00:00,1368680400,31.7,24.1,38.4,15.0,311.0,0.0,0.0,United Arab Emirates
Abu Dhabi,AE,2013-05-17,12:00:00,1368766800,32.3,25.0,40.0,25.2,299.0,0.0,0.0,United Arab Emirates
Abu Dhabi,AE,2013-05-18,12:00:00,1368853200,29.8,27.0,32.6,38.5,308.0,0.0,0.0,United Arab Emirates
Abu Dhabi,AE,2013-05-19,12:00:00,1368939600,29.2,25.8,32.8,30.8,289.0,0.0,0.0,United Arab Emirates
Abu Dhabi,AE,2013-05-20,12:00:00,1369026000,28.8,23.7,33.5,21.7,280.0,0.0,0.0,United Arab Emirates
Abu Dhabi,AE,2013-05-21,12:00:00,1369112400,29.7,20.6,36.6,19.0,296.0,0.0,0.0,United Arab Emirates
Abu Dhabi,AE,2013-05-22,12:00:00,1369198800,31.8,22.6,39.5,18.1,108.0,0.0,0.0,United Arab Emirates
Abu Dhabi,AE,2013-05-23,12:00:00,1369285200,31.1,25.6,36.3,23.6,292.0,0.0,0.0,United Arab Emirates
Abu Dhabi,AE,2013-05-24,12:00:00,1369371600,30.3,27.1,34.0,32.4,284.0,0.0,0.0,United Arab Emirates
Abu Dhabi,AE,2013-05-25,12:00:00,1369458000,29.4,24.2,34.5,23.9,275.0,0.0,0.0,United Arab Emirates
Abu Dhabi,AE,2013-05-26,12:00:00,1369544400,28.8,21.8,36.0,24.6,352.0,0.0,0.0,United Arab Emirates
Abu Dhabi,AE,2013-05-27,12:00:00,1369630800,32.0,25.4,38.0,20.4,359.0,0.0,0.0,United Arab Emirates
Abu Dhabi,AE,2013-05-28,12:00:00,1369717200,33.3,26.5,39.8,24.5,27.0,0.0,0.0,United Arab Emirates
Abu Dhabi,AE,2013-05-29,12:00:00,1369803600,32.0,25.3,38.4,26.5,320.0,0.0,0.0,United Arab Emirates
Abu Dhabi,AE,2013-05-30,12:00:00,1369890000,31.3,26.8,35.7,26.1,305.0,0.0,0.0,United Arab Emirates
Abu Dhabi,AE,2013-05-31,12:00:00,1369976400,30.2,26.0,34.2,24.4,297.0,0.0,0.0,United Arab Emirates
Abu Dhabi,AE,2013-06-01,12:00:00,1370062800,28.9,22.5,34.4,21.9,300.0,0.0,0.0,United Arab Emirates
Abu Dhabi,AE,2013-06-02,12:00:00,1370149200,29.4,21.6,35.4,22.0,287.0,0.0,0.0,United Arab Emirates
Abu Dhabi,AE,2013-06-03,12:00:00,1370235600,29.7,23.5,36.3,20.0,288.0,0.0,0.0,United Arab Emirates
Abu Dhabi,AE,2013-06-04,12:00:00,1370322000,32.0,25.8,38.4,26.8,37.0,0.0,0.0,United Arab Emirates
Abu Dhabi,AE,2013-06-05,12:00:00,1370408400,32.7,27.9,38.1,26.1,10.0,0.0,0.0,United Arab Emirates
Abu Dhabi,AE,2013-06-06,12:00:00,1370494800,32.6,28.7,37.7,27.9,355.0,0.0,0.0,United Arab Emirates
Abu Dhabi,AE,2013-06-07,12:00:00,1370581200,32.6,28.5,37.1,23.4,294.0,0.0,0.0,United Arab Emirates
Abu Dhabi,AE,2013-06-08,12:00:00,1370667600,31.5,29.1,34.3,31.6,298.0,0.0,0.0,United Arab Emirates
Abu Dhabi,AE,2013-06-09,12:00:00,1370754000,30.7,28.4,33.9,33.0,295.0,0.0,0.0,United Arab Emirates
Abu Dhabi,AE,2013-06-10,12:00:00,1370840400,30.6,27.2,34.4,27.3,279.0,0.0,0.0,United Arab Emirates
Abu Dhabi,AE,2013-06-11,12:00:00,1370926800,30.0,24.5,34.6,31.7,284.0,0.0,0.0,United Arab Emirates
Abu Dhabi,AE,2013-06-12,12:00:00,1371013200,30.9,28.6,34.1,36.5,293.0,0.0,0.0,United Arab Emirates
Abu Dhabi,AE,2013-06-13,12:00:00,1371099600,30.4,26.8,34.1,24.6,282.0,0.0,0.0,United Arab Emirates
Abu Dhabi,AE,2013-06-14,12:00:00,1371186000,29.7,24.8,34.5,19.1,294.0,0.0,0.0,United Arab Emirates
Abu Dhabi,AE,2013-06-15,12:00:00,1371272400,30.1,24.7,35.3,21.9,299.0,0.0,0.0,United Arab Emirates
Abu Dhabi,AE,2013-06-16,12:00:00,1371358800,30.3,24.4,35.8,23.3,289.0,0.0,0.0,United Arab Emirates
Abu Dhabi,AE,2013-06-17,12:00:00,1371445200,30.9,26.0,36.6,19.6,284.0,0.0,0.0,United Arab Emirates
Abu Dhabi,AE,2013-06-18,12:00:00,1371531600,31.1,26.6,36.1,22.3,304.0,0.0,0.0,United Arab Emirates
Abu Dhabi,AE,2013-06-19,12:00:00,1371618000,32.4,28.1,36.7,29.3,311.0,0.0,0.0,United Arab Emirates
Abu Dhabi,AE,2013-06-20,12:00:00,1371704400,31.6,26.7,36.3,22.9,309.0,0.0,0.0,United Arab Emirates
Abu Dhabi,AE,2013-06-21,12:00:00,1371790800,31.4,25.7,36.8,23.5,299.0,0.0,0.0,United Arab Emirates
Abu Dhabi,AE,2013-06-22,12:00:00,1371877200,31.0,24.5,35.8,23.1,298.0,0.0,0.0,United Arab Emirates
Abu Dhabi,AE,2013-06-23,12:00:00,1371963600,31.1,25.4,36.2,21.3,311.0,0.0,0.0,United Arab Emirates
Abu Dhabi,AE,2013-06-24,12:00:00,1372050000,31.6,25.7,36.9,18.9,294.0,0.0,0.0,United Arab Emirates
Abu Dhabi,AE,2013-06-25,12:00:00,1372136400,32.1,27.0,37.3,16.0,293.0,0.0,0.0,United Arab Emirates
Abu Dhabi,AE,2013-06-26,12:00:00,1372222800,31.7,25.6,37.3,23.2,289.0,0.0,0.0,United Arab Emirates
Abu Dhabi,AE,2013-06-27,12:00:00,1372309200,32.7,26.6,37.8,24.9,294.0,0.0,0.0,United Arab Emirates
Abu Dhabi,AE,2013-06-28,12:00:00,1372395600,33.1,27.4,38.4,24.9,279.0,0.0,0.0,United Arab Emirates
Abu Dhabi,AE,2013-06-29,12:00:00,1372482000,33.3,25.5,39.9,18.0,261.0,0.0,0.0,United Arab Emirates
Abu Dhabi,AE,2013-06-30,12:00:00,1372568400,32.1,24.7,37.7,21.6,328.0,0.0,0.0,United Arab Emirates
Abu Dhabi,AE,2013-07-01,12:00:00,1372654800,32.7,28.0,38.1,26.4,355.0,0.0,0.0,United Arab Emirates
Abu Dhabi,AE,2013-07-02,12:00:00,1372741200,33.6,26.3,41.0,26.1,12.0,0.0,0.0,United Arab Emirates
Abu Dhabi,AE,2013-07-03,12:00:00,1372827600,33.5,26.5,39.7,24.9,341.0,0.0,0.0,United Arab Emirates
Abu Dhabi,AE,2013-07-04,12:00:00,1372914000,33.0,27.7,37.5,24.0,298.0,0.0,0.0,United Arab Emirates
Abu Dhabi,AE,2013-07-05,12:00:00,1373000400,32.4,26.1,37.7,19.9,289.0,0.0,0.0,United Arab Emirates
Abu Dhabi,AE,2013-07-06,12:00:00,1373086800,32.5,27.4,38.3,21.4,293.0,0.0,0.0,United Arab Emirates
Abu Dhabi,AE,2013-07-07,12:00:00,1373173200,33.1,28.4,37.6,20.2,336.0,0.0,0.0,United Arab Emirates
Abu Dhabi,AE,2013-07-08,12:00:00,1373259600,34.2,29.6,38.2,20.1,328.0,0.0,0.0,United Arab Emirates
Abu Dhabi,AE,2013-07-09,12:00:00,1373346000,38.0,32.5,45.1,22.3,52.0,0.0,0.0,United Arab Emirates
Abu Dhabi,AE,2013-07-10,12:00:00,1373432400,38.1,30.9,43.7,25.1,152.0,0.0,0.0,United Arab Emirates
Abu Dhabi,AE,2013-07-11,12:00:00,1373518800,35.6,29.4,40.8,22.4,323.0,0.0,0.0,United Arab Emirates
Abu Dhabi,AE,2013-07-12,12:00:00,1373605200,33.7,27.0,39.5,21.2,325.0,0.0,0.0,United Arab Emirates
Abu Dhabi,AE,2013-07-13,12:00:00,1373691600,34.3,28.6,39.9,22.5,359.0,0.0,0.0,United Arab Emirates
Abu Dhabi,AE,2013-07-14,12:00:00,1373778000,35.9,31.8,41.2,29.0,28.0,0.0,0.0,United Arab Emirates
Abu Dhabi,AE,2013-07-15,12:00:00,1373864400,36.4,33.0,41.2,26.4,120.0,0.0,0.0,United Arab Emirates
Abu Dhabi,AE,2013-07-16,12:00:00,1373950800,35.7,31.6,40.7,23.3,2.0,0.0,0.0,United Arab Emirates
Abu Dhabi,AE,2013-07-17,12:00:00,1374037200,35.5,30.1,40.5,23.4,16.0,0.0,0.0,United Arab Emirates
Abu Dhabi,AE,2013-07-18,12:00:00,1374123600,38.3,33.2,43.5,26.2,87.0,0.0,0.0,United Arab Emirates
Abu Dhabi,AE,2013-07-19,12:00:00,1374210000,37.9,32.6,42.9,20.8,57.0,0.0,0.0,United Arab Emirates
Abu Dhabi,AE,2013-07-20,12:00:00,1374296400,35.8,30.9,40.7,25.3,10.0,0.0,0.0,United Arab Emirates
Abu Dhabi,AE,2013-07-21,12:00:00,1374382800,35.7,31.4,41.1,22.6,336.0,0.0,0.0,United Arab Emirates
Abu Dhabi,AE,2013-07-22,12:00:00,1374469200,35.1,31.5,39.2,24.3,338.0,0.0,0.0,United Arab Emirates
Abu Dhabi,AE,2013-07-23,12:00:00,1374555600,34.8,30.7,39.2,23.7,326.0,0.0,0.0,United Arab Emirates
Abu Dhabi,AE,2013-07-24,12:00:00,1374642000,34.4,30.5,38.1,20.2,299.0,0.0,0.0,United Arab Emirates
Abu Dhabi,AE,2013-07-25,12:00:00,1374728400,34.2,29.4,38.7,22.5,286.0,0.0,0.0,United Arab Emirates
Abu Dhabi,AE,2013-07-26,12:00:00,1374814800,34.5,30.3,38.3,28.3,284.0,0.0,0.0,United Arab Emirates
Abu Dhabi,AE,2013-07-27,12:00:00,1374901200,34.5,30.9,38.6,22.9,312.0,0.0,0.0,United Arab Emirates
Abu Dhabi,AE,2013-07-28,12:00:00,1374987600,34.6,31.7,38.8,30.4,346.0,0.0,0.0,United Arab Emirates
Abu Dhabi,AE,2013-07-29,12:00:00,1375074000,34.5,30.7,38.1,28.5,302.0,0.0,0.0,United Arab Emirates
Abu Dhabi,AE,2013-07-30,12:00:00,1375160400,35.5,33.1,38.5,38.3,301.0,0.0,0.0,United Arab Emirates
Abu Dhabi,AE,2013-07-31,12:00:00,1375246800,34.5,31.5,37.9,32.2,289.0,0.0,0.0,United Arab Emirates
Abu Dhabi,AE,2013-08-01,12:00:00,1375333200,33.6,29.3,37.2,27.2,290.0,0.0,0.0,United Arab Emirates
Abu Dhabi,AE,2013-08-02,12:00:00,1375419600,34.3,31.5,37.8,23.3,290.0,0.0,0.0,United Arab Emirates
Abu Dhabi,AE,2013-08-03,12:00:00,1375506000,33.9,29.9,37.3,16.3,272.0,0.0,0.0,United Arab Emirates
Abu Dhabi,AE,2013-08-04,12:00:00,1375592400,34.7,30.4,38.2,21.7,162.0,0.0,0.0,United Arab Emirates
Abu Dhabi,AE,2013-08-05,12:00:00,1375678800,35.8,31.6,39.8,28.6,95.0,0.0,0.0,United Arab Emirates
Abu Dhabi,AE,2013-08-06,12:00:00,1375765200,36.0,31.3,41.5,28.5,65.0,0.0,0.0,United Arab Emirates
Abu Dhabi,AE,2013-08-07,12:00:00,1375851600,36.7,32.4,41.4,26.6,59.0,0.0,0.0,United Arab Emirates
Abu Dhabi,AE,2013-08-08,12:00:00,1375938000,37.4,33.1,41.9,27.1,79.0,0.0,0.0,United Arab Emirates
Abu Dhabi,AE,2013-08-09,12:00:00,1376024400,37.5,33.2,42.3,24.3,82.0,0.0,0.0,United Arab Emirates
Abu Dhabi,AE,2013-08-10,12:00:00,1376110800,36.2,32.2,40.2,16.8,358.0,1.1,0.0,United Arab Emirates
Abu Dhabi,AE,2013-08-11,12:00:00,1376197200,36.3,31.6,40.2,21.1,5.0,0.5,0.0,United Arab Emirates
Abu Dhabi,AE,2013-08-12,12:00:00,1376283600,36.4,32.9,40.1,21.7,3.0,0.6,0.0,United Arab Emirates
Abu Dhabi,AE,2013-08-13,12:00:00,1376370000,36.0,32.2,40.1,23.2,358.0,0.0,0.0,United Arab Emirates
Abu Dhabi,AE,2013-08-14,12:00:00,1376456400,35.5,31.3,40.2,19.8,357.0,1.3,0.0,United Arab Emirates
Abu Dhabi,AE,2013-08-15,12:00:00,1376542800,35.9,31.0,40.3,19.9,343.0,0.0,0.0,United Arab Emirates
Abu Dhabi,AE,2013-08-16,12:00:00,1376629200,36.8,31.6,41.3,23.4,55.0,0.0,0.0,United Arab Emirates
Abu Dhabi,AE,2013-08-17,12:00:00,1376715600,35.9,30.4,41.7,20.6,352.0,0.6,0.0,United Arab Emirates
Abu Dhabi,AE,2013-08-18,12:00:00,1376802000,34.8,29.1,41.1,22.6,273.0,0.2,0.0,United Arab Emirates
Abu Dhabi,AE,2013-08-19,12:00:00,1376888400,34.1,26.7,40.4,15.5,22.0,0.0,0.0,United Arab Emirates
Abu Dhabi,AE,2013-08-20,12:00:00,1376974800,34.7,29.1,40.8,19.6,353.0,0.0,0.0,United Arab Emirates
Abu Dhabi,AE,2013-08-21,12:00:00,1377061200,34.4,27.9,41.7,24.9,95.0,0.0,0.0,United Arab Emirates
Abu Dhabi,AE,2013-08-22,12:00:00,1377147600,35.7,29.8,42.5,22.0,189.0,0.0,0.0,United Arab Emirates
Abu Dhabi,AE,2013-08-23,12:00:00,1377234000,34.1,28.7,38.6,22.3,281.0,0.0,0.0,United Arab Emirates
Abu Dhabi,AE,2013-08-24,12:00:00,1377320400,33.4,29.2,38.0,16.6,317.0,0.0,0.0,United Arab Emirates
Abu Dhabi,AE,2013-08-25,12:00:00,1377406800,33.9,28.7,39.7,23.9,2.0,0.0,0.0,United Arab Emirates
Abu Dhabi,AE,2013-08-26,12:00:00,1377493200,34.9,30.3,40.6,24.9,353.0,0.0,0.0,United Arab Emirates
Abu Dhabi,AE,2013-08-27,12:00:00,1377579600,33.7,27.9,38.4,17.7,282.0,0.0,0.0,United Arab Emirates
Abu Dhabi,AE,2013-08-28,12:00:00,1377666000,33.2,30.0,37.3,16.4,307.0,0.0,0.0,United Arab Emirates
Abu Dhabi,AE,2013-08-29,12:00:00,1377752400,33.9,28.9,38.9,20.7,1.0,0.0,0.0,United Arab Emirates
Abu Dhabi,AE,2013-08-30,12:00:00,1377838800,35.8,30.7,40.8,22.0,65.0,0.0,0.0,United Arab Emirates
Abu Dhabi,AE,2013-08-31,12:00:00,1377925200,35.4,30.2,40.1,21.0,31.0,0.0,0.0,United Arab Emirates
Abu Dhabi,AE,2013-09-01,12:00:00,1378011600,35.3,29.6,40.2,19.7,29.0,0.0,0.0,United Arab Emirates
Abu Dhabi,AE,2013-09-02,12:00:00,1378098000,35.2,30.1,39.9,19.0,7.0,0.0,0.0,United Arab Emirates
Abu Dhabi,AE,2013-09-03,12:00:00,1378184400,34.4,29.4,39.5,22.6,319.0,0.0,0.0,United Arab Emirates
Abu Dhabi,AE,2013-09-04,12:00:00,1378270800,32.8,26.7,39.0,19.2,297.0,0.0,0.0,United Arab Emirates
Abu Dhabi,AE,2013-09-05,12:00:00,1378357200,33.6,26.7,40.7,19.2,21.0,0.0,0.0,United Arab Emirates
Abu Dhabi,AE,2013-09-06,12:00:00,1378443600,36.8,31.0,43.1,29.9,112.0,0.0,0.0,United Arab Emirates
Abu Dhabi,AE,2013-09-07,12:00:00,1378530000,36.4,32.1,41.6,23.1,134.0,0.0,0.0,United Arab Emirates
Abu Dhabi,AE,2013-09-08,12:00:00,1378616400,34.0,29.2,38.2,21.5,318.0,0.0,0.0,United Arab Emirates
Abu Dhabi,AE,2013-09-09,12:00:00,1378702800,35.2,30.1,40.6,26.2,119.0,0.0,0.0,United Arab Emirates
Abu Dhabi,AE,2013-09-10,12:00:00,1378789200,34.2,30.0,38.4,21.8,309.0,0.0,0.0,United Arab Emirates
Abu Dhabi,AE,2013-09-11,12:00:00,1378875600,32.3,25.9,38.4,22.0,1.0,0.0,0.0,United Arab Emirates
Abu Dhabi,AE,2013-09-12,12:00:00,1378962000,33.2,28.0,38.7,32.6,134.0,0.0,0.0,United Arab Emirates
Abu Dhabi,AE,2013-09-13,12:00:00,1379048400,33.3,29.6,37.7,24.5,216.0,0.0,0.0,United Arab Emirates
Abu Dhabi,AE,2013-09-14,12:00:00,1379134800,31.9,26.9,36.0,22.3,304.0,0.0,0.0,United Arab Emirates
Abu Dhabi,AE,2013-09-15,12:00:00,1379221200,31.1,24.8,35.8,22.3,320.0,0.0,0.0,United Arab Emirates
Abu Dhabi,AE,2013-09-16,12:00:00,1379307600,32.0,26.6,37.0,20.7,322.0,0.0,0.0,United Arab Emirates
Abu Dhabi,AE,2013-09-17,12:00:00,1379394000,32.2,25.9,38.2,21.7,304.0,0.0,0.0,United Arab Emirates
Abu Dhabi,AE,2013-09-18,12:00:00,1379480400,31.5,24.1,37.5,15.8,305.0,0.0,0.0,United Arab Emirates
Abu Dhabi,AE,2013-09-19,12:00:00,1379566800,31.7,26.3,37.2,19.6,345.0,0.0,0.0,United Arab Emirates
Abu Dhabi,AE,2013-09-20,12:00:00,1379653200,32.1,26.7,37.5,19.7,343.0,0.0,0.0,United Arab Emirates
Abu Dhabi,AE,2013-09-21,12:00:00,1379739600,32.5,27.1,37.6,23.7,290.0,0.0,0.0,United Arab Emirates
Abu Dhabi,AE,2013-09-22,12:00:00,1379826000,33.2,28.9,37.4,17.4,295.0,0.0,0.0,United Arab Emirates
Abu Dhabi,AE,2013-09-23,12:00:00,1379912400,31.9,27.3,36.6,21.2,294.0,0.0,0.0,United Arab Emirates
Abu Dhabi,AE,2013-09-24,12:00:00,1379998800,33.1,29.6,36.6,27.9,298.0,0.0,0.0,United Arab Emirates
Abu Dhabi,AE,2013-09-25,12:00:00,1380085200,32.5,28.9,35.9,19.8,288.0,0.0,0.0,United Arab Emirates
Abu Dhabi,AE,2013-09-26,12:00:00,1380171600,31.6,27.5,36.1,36.4,305.0,0.0,0.0,United Arab Emirates
Abu Dhabi,AE,2013-09-27,12:00:00,1380258000,30.8,26.0,34.4,14.9,251.0,0.0,0.0,United Arab Emirates
Abu Dhabi,AE,2013-09-28,12:00:00,1380344400,30.9,27.0,35.1,18.4,236.0,0.0,0.0,United Arab Emirates
Abu Dhabi,AE,2013-09-29,12:00:00,1380430800,30.9,25.9,35.7,24.9,21.0,0.0,0.0,United Arab Emirates
Abu Dhabi,AE,2013-09-30,12:00:00,1380517200,31.0,26.5,35.3,24.3,358.0,0.0,0.0,United Arab Emirates
Abu Dhabi,AE,2013-10-01,12:00:00,1380603600,30.4,23.8,36.0,22.2,17.0,0.0,0.0,United Arab Emirates
Abu Dhabi,AE,2013-10-02,12:00:00,1380690000,30.9,24.5,37.0,16.3,29.0,0.0,0.0,United Arab Emirates
Abu Dhabi,AE,2013-10-03,12:00:00,1380776400,30.6,24.4,36.7,21.1,302.0,0.0,0.0,United Arab Emirates
Abu Dhabi,AE,2013-10-04,12:00:00,1380862800,30.2,24.1,35.7,20.8,270.0,0.0,0.0,United Arab Emirates
Abu Dhabi,AE,2013-10-05,12:00:00,1380949200,30.6,24.9,36.3,24.4,295.0,0.0,0.0,United Arab Emirates
Abu Dhabi,AE,2013-10-06,12:00:00,1381035600,31.8,26.8,37.0,22.1,299.0,0.0,0.0,United Arab Emirates
Abu Dhabi,AE,2013-10-07,12:00:00,1381122000,29.9,22.7,35.7,19.1,291.0,0.0,0.0,United Arab Emirates
Abu Dhabi,AE,2013-10-08,12:00:00,1381208400,29.2,24.3,34.1,17.4,310.0,0.0,0.0,United Arab Emirates
Abu Dhabi,AE,2013-10-09,12:00:00,1381294800,29.8,26.5,33.3,24.2,305.0,0.0,0.0,United Arab Emirates
Abu Dhabi,AE,2013-10-10,12:00:00,1381381200,29.6,26.6,32.4,20.6,307.0,0.0,0.0,United Arab Emirates
Abu Dhabi,AE,2013-10-11,12:00:00,1381467600,30.3,27.6,33.2,23.9,313.0,0.0,0.0,United Arab Emirates
Abu Dhabi,AE,2013-10-12,12:00:00,1381554000,29.8,27.4,32.6,22.5,309.0,0.0,0.0,United Arab Emirates
Abu Dhabi,AE,2013-10-13,12:00:00,1381640400,29.4,26.1,32.7,22.9,310.0,0.0,0.0,United Arab Emirates
Abu Dhabi,AE,2013-10-14,12:00:00,1381726800,29.0,25.0,33.4,27.0,317.0,0.0,0.0,United Arab Emirates
Abu Dhabi,AE,2013-10-15,12:00:00,1381813200,28.6,25.2,33.1,17.3,321.0,0.0,0.0,United Arab Emirates
Abu Dhabi,AE,2013-10-16,12:00:00,1381899600,28.5,22.4,34.2,14.7,320.0,0.0,0.0,United Arab Emirates
Abu Dhabi,AE,2013-10-17,12:00:00,1381986000,28.5,24.4,33.4,21.6,332.0,0.0,0.0,United Arab Emirates
Abu Dhabi,AE,2013-10-18,12:00:00,1382072400,28.8,23.8,33.6,18.9,352.0,0.0,0.0,United Arab Emirates
Abu Dhabi,AE,2013-10-19,12:00:00,1382158800,30.4,25.6,35.2,16.1,342.0,0.0,0.0,United Arab Emirates
Abu Dhabi,AE,2013-10-20,12:00:00,1382245200,29.4,23.6,35.2,21.2,321.0,0.0,0.0,United Arab Emirates
Abu Dhabi,AE,2013-10-21,12:00:00,1382331600,29.3,24.7,33.6,24.7,293.0,0.0,0.0,United Arab Emirates
Abu Dhabi,AE,2013-10-22,12:00:00,1382418000,29.2,26.8,32.3,31.1,305.0,0.0,0.0,United Arab Emirates
Abu Dhabi,AE,2013-10-23,12:00:00,1382504400,27.6,24.3,30.6,18.5,291.0,0.0,0.0,United Arab Emirates
Abu Dhabi,AE,2013-10-24,12:00:00,1382590800,27.0,22.7,31.3,17.3,291.0,0.0,0.0,United Arab Emirates
Abu Dhabi,AE,2013-10-25,12:00:00,1382677200,27.4,22.8,31.9,19.4,320.0,0.0,0.0,United Arab Emirates
Abu Dhabi,AE,2013-10-26,12:00:00,1382763600,28.6,24.0,33.2,24.3,2.0,0.0,0.0,United Arab Emirates
Abu Dhabi,AE,2013-10-27,12:00:00,1382850000,29.3,24.4,33.5,19.6,11.0,0.0,0.0,United Arab Emirates
Abu Dhabi,AE,2013-10-28,12:00:00,1382936400,28.9,23.3,33.8,19.4,2.0,0.0,0.0,United Arab Emirates
Abu Dhabi,AE,2013-10-29,12:00:00,1383022800,27.4,20.7,32.5,18.8,288.0,0.0,0.0,United Arab Emirates
Abu Dhabi,AE,2013-10-30,12:00:00,1383109200,27.7,23.3,32.5,19.6,325.0,0.0,0.0,United Arab Emirates
Abu Dhabi,AE,2013-10-31,12:00:00,1383195600,27.8,22.6,32.8,18.3,9.0,0.0,0.0,United Arab Emirates
Abu Dhabi,AE,2013-11-01,12:00:00,1383282000,29.1,23.4,34.5,16.5,29.0,0.0,0.0,United Arab Emirates
Abu Dhabi,AE,2013-11-02,12:00:00,1383368400,28.7,22.6,34.0,18.1,198.0,0.0,0.0,United Arab Emirates
Abu Dhabi,AE,2013-11-03,12:00:00,1383454800,28.6,22.1,34.5,19.7,120.0,0.0,0.0,United Arab Emirates
Abu Dhabi,AE,2013-11-04,12:00:00,1383541200,28.0,22.4,33.6,24.1,121.0,0.0,0.0,United Arab Emirates
Abu Dhabi,AE,2013-11-05,12:00:00,1383627600,26.9,22.6,30.2,21.7,325.0,1.0,0.0,United Arab Emirates
Abu Dhabi,AE,2013-11-06,12:00:00,1383714000,26.9,22.1,30.9,22.0,358.0,0.0,0.0,United Arab Emirates
Abu Dhabi,AE,2013-11-07,12:00:00,1383800400,26.9,21.3,31.5,21.6,21.0,0.0,0.0,United Arab Emirates
Abu Dhabi,AE,2013-11-08,12:00:00,1383886800,26.8,20.7,31.7,18.0,36.0,0.0,0.0,United Arab Emirates
Abu Dhabi,AE,2013-11-09,12:00:00,1383973200,27.2,20.5,32.1,17.5,67.0,0.0,0.0,United Arab Emirates
Abu Dhabi,AE,2013-11-10,12:00:00,1384059600,27.0,21.7,31.1,18.5,84.0,0.0,0.0,United Arab Emirates
Abu Dhabi,AE,2013-11-11,12:00:00,1384146000,25.7,18.6,31.1,19.5,13.0,0.0,0.0,United Arab Emirates
Abu Dhabi,AE,2013-11-12,12:00:00,1384232400,26.4,22.9,30.3,18.4,316.0,0.0,0.0,United Arab Emirates
Abu Dhabi,AE,2013-11-13,12:00:00,1384318800,25.6,19.4,29.7,16.3,294.0,0.0,0.0,United Arab Emirates
Abu Dhabi,AE,2013-11-14,12:00:00,1384405200,25.7,19.4,30.8,17.3,351.0,0.0,0.0,United Arab Emirates
Abu Dhabi,AE,2013-11-15,12:00:00,1384491600,25.7,20.9,30.1,18.8,36.0,0.1,0.0,United Arab Emirates
Abu Dhabi,AE,2013-11-16,12:00:00,1384578000,26.0,22.2,29.6,15.4,39.0,0.0,0.0,United Arab Emirates
Abu Dhabi,AE,2013-11-17,12:00:00,1384664400,24.4,20.0,28.4,32.9,79.0,0.8,0.0,United Arab Emirates
Abu Dhabi,AE,2013-11-18,12:00:00,1384750800,26.2,21.7,31.2,28.6,95.0,0.0,0.0,United Arab Emirates
Abu Dhabi,AE,2013-11-19,12:00:00,1384837200,26.3,22.3,30.3,22.2,97.0,0.0,0.0,United Arab Emirates
Abu Dhabi,AE,2013-11-20,12:00:00,1384923600,25.8,21.8,29.9,27.3,124.0,0.0,0.0,United Arab Emirates
Abu Dhabi,AE,2013-11-21,12:00:00,1385010000,22.8,20.5,26.6,22.0,63.0,19.0,0.0,United Arab Emirates
Abu Dhabi,AE,2013-11-22,12:00:00,1385096400,21.7,20.2,24.6,25.7,288.0,6.3,0.0,United Arab Emirates
Abu Dhabi,AE,2013-11-23,12:00:00,1385182800,22.0,19.9,24.3,17.7,298.0,1.0,0.0,United Arab Emirates
Abu Dhabi,AE,2013-11-24,12:00:00,1385269200,22.1,20.5,24.4,17.8,307.0,0.1,0.0,United Arab Emirates
Abu Dhabi,AE,2013-11-25,12:00:00,1385355600,22.1,19.4,25.0,18.6,308.0,0.0,0.0,United Arab Emirates
Abu Dhabi,AE,2013-11-26,12:00:00,1385442000,22.3,19.6,25.7,18.1,312.0,0.0,0.0,United Arab Emirates
Abu Dhabi,AE,2013-11-27,12:00:00,1385528400,22.4,18.7,26.4,16.6,323.0,0.0,0.0,United Arab Emirates
Abu Dhabi,AE,2013-11-28,12:00:00,1385614800,22.8,18.7,26.9,13.0,4.0,0.0,0.0,United Arab Emirates
Abu Dhabi,AE,2013-11-29,12:00:00,1385701200,22.9,17.0,29.2,19.5,60.0,0.0,0.0,United Arab Emirates
Abu Dhabi,AE,2013-11-30,12:00:00,1385787600,21.9,15.0,27.9,15.1,50.0,0.0,0.0,United Arab Emirates
Abu Dhabi,AE,2013-12-01,12:00:00,1385874000,23.8,20.3,27.5,23.5,312.0,0.0,0.0,United Arab Emirates
Abu Dhabi,AE,2013-12-02,12:00:00,1385960400,24.3,21.1,28.0,15.8,306.0,0.0,0.0,United Arab Emirates
Abu Dhabi,AE,2013-12-03,12:00:00,1386046800,22.9,19.4,26.7,8.4,297.0,0.0,0.0,United Arab Emirates
Abu Dhabi,AE,2013-12-04,12:00:00,1386133200,22.3,18.4,25.9,9.4,207.0,0.0,0.0,United Arab Emirates
Abu Dhabi,AE,2013-12-05,12:00:00,1386219600,22.7,17.6,28.1,12.2,73.0,0.0,0.0,United Arab Emirates
Abu Dhabi,AE,2013-12-06,12:00:00,1386306000,22.9,16.8,28.8,12.3,125.0,0.0,0.0,United Arab Emirates
Abu Dhabi,AE,2013-12-07,12:00:00,1386392400,22.5,15.7,27.2,19.8,283.0,0.0,0.0,United Arab Emirates
Abu Dhabi,AE,2013-12-08,12:00:00,1386478800,24.2,22.5,26.9,33.2,304.0,0.0,0.0,United Arab Emirates
Abu Dhabi,AE,2013-12-09,12:00:00,1386565200,24.0,22.1,26.8,24.6,304.0,0.0,0.0,United Arab Emirates
Abu Dhabi,AE,2013-12-10,12:00:00,1386651600,23.3,19.3,27.5,26.1,314.0,0.0,0.0,United Arab Emirates
Abu Dhabi,AE,2013-12-11,12:00:00,1386738000,22.2,19.5,24.4,20.5,326.0,0.0,0.0,United Arab Emirates
Abu Dhabi,AE,2013-12-12,12:00:00,1386824400,21.1,14.7,27.0,16.5,65.0,0.0,0.0,United Arab Emirates
Abu Dhabi,AE,2013-12-13,12:00:00,1386910800,23.1,16.3,29.5,14.5,82.0,0.0,0.0,United Arab Emirates
Abu Dhabi,AE,2013-12-14,12:00:00,1386997200,22.6,16.8,27.9,17.2,302.0,0.0,0.0,United Arab Emirates
Abu Dhabi,AE,2013-12-15,12:00:00,1387083600,22.4,19.0,25.3,31.1,312.0,0.0,0.0,United Arab Emirates
Abu Dhabi,AE,2013-12-16,12:00:00,1387170000,21.3,19.2,23.0,36.9,316.0,0.0,0.0,United Arab Emirates
Abu Dhabi,AE,2013-12-17,12:00:00,1387256400,20.7,18.6,23.3,27.2,318.0,0.0,0.0,United Arab Emirates
Abu Dhabi,AE,2013-12-18,12:00:00,1387342800,21.4,18.6,24.5,19.9,335.0,0.0,0.0,United Arab Emirates
Abu Dhabi,AE,2013-12-19,12:00:00,1387429200,21.6,17.4,26.1,18.8,353.0,0.0,0.0,United Arab Emirates
Abu Dhabi,AE,2013-12-20,12:00:00,1387515600,20.8,18.2,24.1,29.5,308.0,0.0,0.0,United Arab Emirates
Abu Dhabi,AE,2013-12-21,12:00:00,1387602000,20.6,19.1,22.4,32.8,307.0,0.0,0.0,United Arab Emirates
Abu Dhabi,AE,2013-12-22,12:00:00,1387688400,19.8,18.2,21.8,26.2,298.0,0.5,0.0,United Arab Emirates
Abu Dhabi,AE,2013-12-23,12:00:00,1387774800,19.1,17.0,21.5,22.2,359.0,0.1,0.0,United Arab Emirates
Abu Dhabi,AE,2013-12-24,12:00:00,1387861200,19.2,16.6,22.4,27.2,41.0,0.0,0.0,United Arab Emirates
Abu Dhabi,AE,2013-12-25,12:00:00,1387947600,18.5,14.2,22.6,27.3,30.0,0.0,0.0,United Arab Emirates
Abu Dhabi,AE,2013-12-26,12:00:00,1388034000,18.1,12.3,22.8,21.1,353.0,0.0,0.0,United Arab Emirates
Abu Dhabi,AE,2013-12-27,12:00:00,1388120400,18.7,14.5,22.5,18.2,343.0,0.0,0.0,United Arab Emirates
Abu Dhabi,AE,2013-12-28,12:00:00,1388206800,18.2,14.4,21.8,20.4,326.0,0.0,0.0,United Arab Emirates
Abu Dhabi,AE,2013-12-29,12:00:00,1388293200,18.4,14.6,22.1,12.3,335.0,0.0,0.0,United Arab Emirates
Abu Dhabi,AE,2013-12-30,12:00:00,1388379600,19.0,13.3,24.6,22.4,90.0,0.0,0.0,United Arab Emirates
Abu Dhabi,AE,2013-12-31,12:00:00,1388466000,18.5,12.3,24.1,19.3,118.0,0.0,0.0,United Arab Emirates
Abu Dhabi,AE,2014-01-01,12:00:00,1388552400,18.4,13.0,23.3,20.6,114.0,0.0,0.0,United Arab Emirates
Abu Dhabi,AE,2014-01-02,12:00:00,1388638800,18.6,13.7,23.1,15.0,69.0,0.0,0.0,United Arab Emirates
Abu Dhabi,AE,2014-01-03,12:00:00,1388725200,18.2,13.2,22.3,19.5,358.0,0.2,0.0,United Arab Emirates
Abu Dhabi,AE,2014-01-04,12:00:00,1388811600,18.7,15.2,22.2,19.2,311.0,0.0,0.0,United Arab Emirates
Abu Dhabi,AE,2014-01-05,12:00:00,1388898000,18.8,11.3,24.3,14.5,51.0,0.0,0.0,United Arab Emirates
Abu Dhabi,AE,2014-01-06,12:00:00,1388984400,19.6,14.9,24.5,29.2,129.0,0.4,0.0,United Arab Emirates
Abu Dhabi,AE,2014-01-07,12:00:00,1389070800,18.7,17.2,20.7,33.5,302.0,0.8,0.0,United Arab Emirates
Abu Dhabi,AE,2014-01-08,12:00:00,1389157200,18.2,16.1,20.6,23.8,313.0,0.0,0.0,United Arab Emirates
Abu Dhabi,AE,2014-01-09,12:00:00,1389243600,17.7,12.2,21.9,17.7,29.0,0.0,0.0,United Arab Emirates
Abu Dhabi,AE,2014-01-10,12:00:00,1389330000,19.3,14.2,25.1,28.9,72.0,0.0,0.0,United Arab Emirates
Abu Dhabi,AE,2014-01-11,12:00:00,1389416400,19.1,14.7,23.1,22.4,155.0,0.4,0.0,United Arab Emirates
Abu Dhabi,AE,2014-01-12,12:00:00,1389502800,18.3,15.9,20.5,21.3,316.0,0.8,0.0,United Arab Emirates
Abu Dhabi,AE,2014-01-13,12:00:00,1389589200,17.4,14.2,20.3,21.7,292.0,0.0,0.0,United Arab Emirates
Abu Dhabi,AE,2014-01-14,12:00:00,1389675600,18.4,16.5,20.8,20.7,307.0,0.0,0.0,United Arab Emirates
Abu Dhabi,AE,2014-01-15,12:00:00,1389762000,17.8,15.3,21.1,18.0,305.0,0.0,0.0,United Arab Emirates
Abu Dhabi,AE,2014-01-16,12:00:00,1389848400,17.4,13.5,20.8,22.6,298.0,0.0,0.0,United Arab Emirates
Abu Dhabi,AE,2014-01-17,12:00:00,1389934800,18.3,12.8,23.0,20.5,21.0,0.0,0.0,United Arab Emirates
Abu Dhabi,AE,2014-01-18,12:00:00,1390021200,18.3,12.1,24.3,24.9,141.0,0.0,0.0,United Arab Emirates
Abu Dhabi,AE,2014-01-19,12:00:00,1390107600,17.5,15.8,20.1,28.5,287.0,1.5,0.0,United Arab Emirates
Abu Dhabi,AE,2014-01-20,12:00:00,1390194000,17.3,15.6,19.4,21.8,305.0,0.2,0.0,United Arab Emirates
Abu Dhabi,AE,2014-01-21,12:00:00,1390280400,17.8,14.5,21.5,17.3,345.0,0.0,0.0,United Arab Emirates
Abu Dhabi,AE,2014-01-22,12:00:00,1390366800,17.4,13.3,21.6,16.6,317.0,0.0,0.0,United Arab Emirates
Abu Dhabi,AE,2014-01-23,12:00:00,1390453200,17.3,14.0,21.2,12.4,314.0,0.0,0.0,United Arab Emirates
Abu Dhabi,AE,2014-01-24,12:00:00,1390539600,17.1,11.4,22.9,16.2,60.0,0.0,0.0,United Arab Emirates
Abu Dhabi,AE,2014-01-25,12:00:00,1390626000,17.9,11.4,23.9,16.1,21.0,0.0,0.0,United Arab Emirates
Abu Dhabi,AE,2014-01-26,12:00:00,1390712400,17.3,11.9,22.9,16.4,13.0,0.0,0.0,United Arab Emirates
Abu Dhabi,AE,2014-01-27,12:00:00,1390798800,18.9,14.3,24.1,13.8,32.0,0.0,0.0,United Arab Emirates
Abu Dhabi,AE,2014-01-28,12:00:00,1390885200,19.6,13.3,25.7,17.1,87.0,0.0,0.0,United Arab Emirates
Abu Dhabi,AE,2014-01-29,12:00:00,1390971600,20.0,14.0,25.5,14.8,13.0,0.0,0.0,United Arab Emirates
Abu Dhabi,AE,2014-01-30,12:00:00,1391058000,20.6,17.4,24.7,14.2,294.0,0.0,0.0,United Arab Emirates
Abu Dhabi,AE,2014-01-31,12:00:00,1391144400,19.6,16.4,23.1,23.0,298.0,0.0,0.0,United Arab Emirates
Abu Dhabi,AE,2014-02-01,12:00:00,1391230800,19.6,17.7,22.5,19.2,298.0,0.0,0.0,United Arab Emirates
Abu Dhabi,AE,2014-02-02,12:00:00,1391317200,19.1,16.1,21.8,16.8,319.0,0.5,0.0,United Arab Emirates
Abu Dhabi,AE,2014-02-03,12:00:00,1391403600,22.8,17.8,28.6,26.3,76.0,0.0,0.0,United Arab Emirates
Abu Dhabi,AE,2014-02-04,12:00:00,1391490000,24.1,20.5,29.3,30.1,172.0,0.0,0.0,United Arab Emirates
Abu Dhabi,AE,2014-02-05,12:00:00,1391576400,20.0,17.6,22.1,29.6,327.0,0.0,0.0,United Arab Emirates
Abu Dhabi,AE,2014-02-06,12:00:00,1391662800,17.4,15.5,19.3,29.2,315.0,0.0,0.0,United Arab Emirates
Abu Dhabi,AE,2014-02-07,12:00:00,1391749200,17.3,14.7,20.5,18.8,351.0,0.0,0.0,United Arab Emirates
Abu Dhabi,AE,2014-02-08,12:00:00,1391835600,18.8,14.8,22.9,23.9,19.0,0.0,0.0,United Arab Emirates
Abu Dhabi,AE,2014-02-09,12:00:00,1391922000,17.7,17.3,18.3,31.0,351.0,5.1,0.0,United Arab Emirates
Abu Dhabi,AE,2014-02-10,12:00:00,1392008400,17.8,15.7,20.2,19.6,318.0,0.0,0.0,United Arab Emirates
Abu Dhabi,AE,2014-02-11,12:00:00,1392094800,16.9,14.2,20.0,20.5,294.0,0.0,0.0,United Arab Emirates
Abu Dhabi,AE,2014-02-12,12:00:00,1392181200,16.7,14.3,19.1,26.9,294.0,0.0,0.0,United Arab Emirates
Abu Dhabi,AE,2014-02-13,12:00:00,1392267600,17.8,15.5,20.4,25.9,337.0,0.1,0.0,United Arab Emirates
Abu Dhabi,AE,2014-02-14,12:00:00,1392354000,18.8,15.1,23.0,22.2,348.0,0.0,0.0,United Arab Emirates
Abu Dhabi,AE,2014-02-15,12:00:00,1392440400,17.5,10.8,22.6,20.0,349.0,0.0,0.0,United Arab Emirates
Abu Dhabi,AE,2014-02-16,12:00:00,1392526800,18.4,12.2,24.3,12.5,31.0,0.0,0.0,United Arab Emirates
Abu Dhabi,AE,2014-02-17,12:00:00,1392613200,20.3,14.5,26.5,29.9,137.0,0.0,0.0,United Arab Emirates
Abu Dhabi,AE,2014-02-18,12:00:00,1392699600,19.6,16.9,23.2,28.3,267.0,0.0,0.0,United Arab Emirates
Abu Dhabi,AE,2014-02-19,12:00:00,1392786000,19.0,16.8,21.7,27.3,306.0,0.0,0.0,United Arab Emirates
Abu Dhabi,AE,2014-02-20,12:00:00,1392872400,19.3,17.0,22.1,27.5,307.0,0.0,0.0,United Arab Emirates
Abu Dhabi,AE,2014-02-21,12:00:00,1392958800,19.2,14.9,24.0,23.7,327.0,0.0,0.0,United Arab Emirates
Abu Dhabi,AE,2014-02-22,12:00:00,1393045200,19.1,16.1,23.1,17.6,299.0,0.0,0.0,United Arab Emirates
Abu Dhabi,AE,2014-02-23,12:00:00,1393131600,18.1,11.9,24.1,17.6,25.0,0.0,0.0,United Arab Emirates
Abu Dhabi,AE,2014-02-24,12:00:00,1393218000,20.6,14.0,26.8,25.3,91.0,0.0,0.0,United Arab Emirates
Abu Dhabi,AE,2014-02-25,12:00:00,1393304400,21.5,14.9,27.6,19.2,66.0,0.0,0.0,United Arab Emirates
Abu Dhabi,AE,2014-02-26,12:00:00,1393390800,21.8,17.0,27.3,16.6,18.0,0.0,0.0,United Arab Emirates
Abu Dhabi,AE,2014-02-27,12:00:00,1393477200,21.6,14.7,28.3,21.2,18.0,0.0,0.0,United Arab Emirates
Abu Dhabi,AE,2014-02-28,12:00:00,1393563600,21.7,14.2,29.1,22.7,32.0,0.0,0.0,United Arab Emirates
Abu Dhabi,AE,2014-03-01,12:00:00,1393650000,21.9,17.0,26.7,18.4,312.0,0.0,0.0,United Arab Emirates
Abu Dhabi,AE,2014-03-02,12:00:00,1393736400,21.1,18.5,24.5,26.6,297.0,0.0,0.0,United Arab Emirates
Abu Dhabi,AE,2014-03-03,12:00:00,1393822800,20.1,15.4,24.4,18.4,285.0,0.0,0.0,United Arab Emirates
Abu Dhabi,AE,2014-03-04,12:00:00,1393909200,19.7,15.5,24.3,18.1,313.0,0.0,0.0,United Arab Emirates
Abu Dhabi,AE,2014-03-05,12:00:00,1393995600,20.5,16.8,25.4,18.9,340.0,0.0,0.0,United Arab Emirates
Abu Dhabi,AE,2014-03-06,12:00:00,1394082000,20.9,15.9,26.6,17.2,14.0,0.0,0.0,United Arab Emirates
Abu Dhabi,AE,2014-03-07,12:00:00,1394168400,23.0,17.0,29.9,18.3,34.0,0.0,0.0,United Arab Emirates
Abu Dhabi,AE,2014-03-08,12:00:00,1394254800,23.8,18.2,30.2,17.5,5.0,0.0,0.0,United Arab Emirates
Abu Dhabi,AE,2014-03-09,12:00:00,1394341200,23.8,17.5,30.0,20.4,30.0,0.0,0.0,United Arab Emirates
Abu Dhabi,AE,2014-03-10,12:00:00,1394427600,24.1,18.1,30.3,17.3,17.0,0.0,0.0,United Arab Emirates
Abu Dhabi,AE,2014-03-11,12:00:00,1394514000,25.7,20.5,29.8,17.4,26.0,0.0,0.0,United Arab Emirates
Abu Dhabi,AE,2014-03-12,12:00:00,1394600400,27.6,19.2,34.3,25.0,165.0,0.0,0.0,United Arab Emirates
Abu Dhabi,AE,2014-03-13,12:00:00,1394686800,27.5,23.9,30.8,30.5,172.0,0.2,0.0,United Arab Emirates
Abu Dhabi,AE,2014-03-14,12:00:00,1394773200,26.7,22.6,30.9,34.5,164.0,0.2,0.0,United Arab Emirates
Abu Dhabi,AE,2014-03-15,12:00:00,1394859600,24.5,21.1,28.0,16.4,310.0,0.0,0.0,United Arab Emirates
Abu Dhabi,AE,2014-03-16,12:00:00,1394946000,21.0,19.2,22.9,32.1,318.0,0.0,0.0,United Arab Emirates
Abu Dhabi,AE,2014-03-17,12:00:00,1395032400,20.6,18.1,23.8,28.8,314.0,0.0,0.0,United Arab Emirates
Abu Dhabi,AE,2014-03-18,12:00:00,1395118800,19.8,15.3,24.0,19.6,311.0,0.0,0.0,United Arab Emirates
Abu Dhabi,AE,2014-03-19,12:00:00,1395205200,19.9,14.1,26.3,15.1,1.0,0.0,0.0,United Arab Emirates
Abu Dhabi,AE,2014-03-20,12:00:00,1395291600,22.3,14.9,30.1,19.9,6.0,0.0,0.0,United Arab Emirates
Abu Dhabi,AE,2014-03-21,12:00:00,1395378000,24.3,17.2,31.2,21.1,35.0,0.0,0.0,United Arab Emirates
Abu Dhabi,AE,2014-03-22,12:00:00,1395464400,24.7,21.0,29.1,30.8,338.0,0.0,0.0,United Arab Emirates
Abu Dhabi,AE,2014-03-23,12:00:00,1395550800,23.1,20.7,26.1,31.1,302.0,0.0,0.0,United Arab Emirates
Abu Dhabi,AE,2014-03-24,12:00:00,1395637200,23.5,18.2,29.3,26.2,15.0,0.0,0.0,United Arab Emirates
Abu Dhabi,AE,2014-03-25,12:00:00,1395723600,24.8,19.3,31.2,20.6,77.0,0.7,0.0,United Arab Emirates
Abu Dhabi,AE,2014-03-26,12:00:00,1395810000,22.4,20.2,24.6,26.7,70.0,14.6,0.0,United Arab Emirates
Abu Dhabi,AE,2014-03-27,12:00:00,1395896400,21.0,19.3,23.1,17.9,352.0,2.8,0.0,United Arab Emirates
Abu Dhabi,AE,2014-03-28,12:00:00,1395982800,20.4,16.6,24.0,14.8,345.0,0.0,0.0,United Arab Emirates
Abu Dhabi,AE,2014-03-29,12:00:00,1396069200,20.7,15.8,25.6,13.8,296.0,0.0,0.0,United Arab Emirates
Abu Dhabi,AE,2014-03-30,12:00:00,1396155600,21.4,15.3,27.7,16.0,103.0,0.0,0.0,United Arab Emirates
Abu Dhabi,AE,2014-03-31,12:00:00,1396242000,26.5,19.4,34.5,31.7,160.0,0.0,0.0,United Arab Emirates
Abu Dhabi,AE,2014-04-01,12:00:00,1396328400,24.7,21.3,29.3,20.1,347.0,0.0,0.0,United Arab Emirates
Abu Dhabi,AE,2014-04-02,12:00:00,1396414800,26.0,17.5,32.7,18.2,46.0,0.0,0.0,United Arab Emirates
Abu Dhabi,AE,2014-04-03,12:00:00,1396501200,29.3,24.6,37.6,37.0,42.0,0.0,0.0,United Arab Emirates
Abu Dhabi,AE,2014-04-04,12:00:00,1396587600,24.1,22.2,26.7,36.6,329.0,0.5,0.0,United Arab Emirates
Abu Dhabi,AE,2014-04-05,12:00:00,1396674000,23.3,20.7,26.3,31.9,311.0,0.0,0.0,United Arab Emirates
Abu Dhabi,AE,2014-04-06,12:00:00,1396760400,23.8,20.6,27.6,23.8,318.0,0.0,0.0,United Arab Emirates
Abu Dhabi,AE,2014-04-07,12:00:00,1396846800,23.4,18.6,28.5,25.3,340.0,0.0,0.0,United Arab Emirates
Abu Dhabi,AE,2014-04-08,12:00:00,1396933200,24.3,18.2,30.2,23.7,356.0,0.0,0.0,United Arab Emirates
Abu Dhabi,AE,2014-04-09,12:00:00,1397019600,24.8,18.0,31.4,21.2,1.0,0.0,0.0,United Arab Emirates
Abu Dhabi,AE,2014-04-10,12:00:00,1397106000,26.3,18.1,33.8,17.9,27.0,0.0,0.0,United Arab Emirates
Abu Dhabi,AE,2014-04-11,12:00:00,1397192400,27.2,19.4,33.8,18.4,329.0,0.0,0.0,United Arab Emirates
Abu Dhabi,AE,2014-04-12,12:00:00,1397278800,27.8,22.4,32.8,22.2,298.0,0.0,0.0,United Arab Emirates
Abu Dhabi,AE,2014-04-13,12:00:00,1397365200,28.1,24.5,31.9,25.0,295.0,0.0,0.0,United Arab Emirates
Abu Dhabi,AE,2014-04-14,12:00:00,1397451600,28.6,23.1,34.3,22.5,296.0,0.0,0.0,United Arab Emirates
Abu Dhabi,AE,2014-04-15,12:00:00,1397538000,29.8,22.2,37.7,20.8,8.0,0.0,0.0,United Arab Emirates
Abu Dhabi,AE,2014-04-16,12:00:00,1397624400,29.5,22.3,36.7,23.9,16.0,0.0,0.0,United Arab Emirates
Abu Dhabi,AE,2014-04-17,12:00:00,1397710800,29.8,25.6,34.8,21.5,300.0,0.0,0.0,United Arab Emirates
Abu Dhabi,AE,2014-04-18,12:00:00,1397797200,30.2,26.4,34.8,28.0,313.0,0.0,0.0,United Arab Emirates
Abu Dhabi,AE,2014-04-19,12:00:00,1397883600,29.3,21.7,35.4,23.8,325.0,0.0,0.0,United Arab Emirates
Abu Dhabi,AE,2014-04-20,12:00:00,1397970000,28.6,25.6,32.1,26.2,288.0,0.0,0.0,United Arab Emirates
Abu Dhabi,AE,2014-04-21,12:00:00,1398056400,27.3,21.2,33.0,19.9,354.0,0.0,0.0,United Arab Emirates
Abu Dhabi,AE,2014-04-22,12:00:00,1398142800,28.7,23.2,36.0,23.3,18.0,0.0,0.0,United Arab Emirates
Abu Dhabi,AE,2014-04-23,12:00:00,1398229200,28.9,23.7,34.4,22.0,352.0,0.0,0.0,United Arab Emirates
Abu Dhabi,AE,2014-04-24,12:00:00,1398315600,30.5,23.3,37.6,18.8,302.0,0.0,0.0,United Arab Emirates
Abu Dhabi,AE,2014-04-25,12:00:00,1398402000,29.1,23.5,34.6,22.4,294.0,0.0,0.0,United Arab Emirates
Abu Dhabi,AE,2014-04-26,12:00:00,1398488400,29.0,23.6,34.7,19.6,316.0,0.0,0.0,United Arab Emirates
Abu Dhabi,AE,2014-04-27,12:00:00,1398574800,29.0,21.0,36.2,19.3,357.0,0.0,0.0,United Arab Emirates
Abu Dhabi,AE,2014-04-28,12:00:00,1398661200,29.5,22.2,35.9,21.9,4.0,0.0,0.0,United Arab Emirates
Abu Dhabi,AE,2014-04-29,12:00:00,1398747600,30.2,23.5,35.7,20.1,324.0,0.0,0.0,United Arab Emirates
Abu Dhabi,AE,2014-04-30,12:00:00,1398834000,30.9,25.9,36.3,29.8,330.0,0.0,0.0,United Arab Emirates
Abu Dhabi,AE,2014-05-01,12:00:00,1398920400,30.9,25.4,36.2,18.2,344.0,0.0,0.0,United Arab Emirates
Abu Dhabi,AE,2014-05-02,12:00:00,1399006800,31.5,24.5,37.6,23.7,13.0,0.0,0.0,United Arab Emirates
Abu Dhabi,AE,2014-05-03,12:00:00,1399093200,30.9,25.9,36.4,26.0,327.0,0.0,0.0,United Arab Emirates
Abu Dhabi,AE,2014-05-04,12:00:00,1399179600,30.4,27.4,34.6,28.7,305.0,0.0,0.0,United Arab Emirates
Abu Dhabi,AE,2014-05-05,12:00:00,1399266000,29.1,25.4,32.8,27.3,284.0,0.0,0.0,United Arab Emirates
Abu Dhabi,AE,2014-05-06,12:00:00,1399352400,27.3,21.0,32.3,22.0,299.0,0.0,0.0,United Arab Emirates
Abu Dhabi,AE,2014-05-07,12:00:00,1399438800,28.1,20.6,35.2,25.3,352.0,0.0,0.0,United Arab Emirates
Abu Dhabi,AE,2014-05-08,12:00:00,1399525200,29.6,21.4,36.7,23.9,15.0,0.0,0.0,United Arab Emirates
Abu Dhabi,AE,2014-05-09,12:00:00,1399611600,29.1,20.6,36.1,25.2,345.0,0.0,0.0,United Arab Emirates
Abu Dhabi,AE,2014-05-10,12:00:00,1399698000,29.4,22.5,35.6,27.3,282.0,0.0,0.0,United Arab Emirates
Abu Dhabi,AE,2014-05-11,12:00:00,1399784400,30.6,26.3,35.0,28.8,290.0,0.0,0.0,United Arab Emirates
Abu Dhabi,AE,2014-05-12,12:00:00,1399870800,31.0,24.0,37.0,20.9,277.0,0.0,0.0,United Arab Emirates
Abu Dhabi,AE,2014-05-13,12:00:00,1399957200,32.9,24.2,39.3,19.6,314.0,0.0,0.0,United Arab Emirates
Abu Dhabi,AE,2014-05-14,12:00:00,1400043600,31.4,27.4,34.5,33.7,332.0,0.0,0.0,United Arab Emirates
Abu Dhabi,AE,2014-05-15,12:00:00,1400130000,30.4,27.5,33.6,29.9,304.0,0.0,0.0,United Arab Emirates
Abu Dhabi,AE,2014-05-16,12:00:00,1400216400,29.8,25.9,33.5,28.8,279.0,0.0,0.0,United Arab Emirates
Abu Dhabi,AE,2014-05-17,12:00:00,1400302800,29.4,24.9,33.5,24.3,290.0,0.0,0.0,United Arab Emirates
Abu Dhabi,AE,2014-05-18,12:00:00,1400389200,28.7,22.0,33.7,22.9,334.0,0.0,0.0,United Arab Emirates
Abu Dhabi,AE,2014-05-19,12:00:00,1400475600,29.8,24.2,35.0,29.6,355.0,0.0,0.0,United Arab Emirates
Abu Dhabi,AE,2014-05-20,12:00:00,1400562000,30.9,24.9,36.6,22.8,31.0,0.0,0.0,United Arab Emirates
Abu Dhabi,AE,2014-05-21,12:00:00,1400648400,33.2,26.7,39.2,26.4,76.0,0.0,0.0,United Arab Emirates
Abu Dhabi,AE,2014-05-22,12:00:00,1400734800,32.9,27.6,38.7,25.5,327.0,0.0,0.0,United Arab Emirates
Abu Dhabi,AE,2014-05-23,12:00:00,1400821200,32.1,24.9,37.5,24.0,283.0,0.0,0.0,United Arab Emirates
Abu Dhabi,AE,2014-05-24,12:00:00,1400907600,32.2,26.6,37.7,25.6,277.0,0.0,0.0,United Arab Emirates
Abu Dhabi,AE,2014-05-25,12:00:00,1400994000,32.2,25.5,38.5,20.6,292.0,0.0,0.0,United Arab Emirates
Abu Dhabi,AE,2014-05-26,12:00:00,1401080400,32.4,25.8,39.7,21.0,278.0,0.0,0.0,United Arab Emirates
Abu Dhabi,AE,2014-05-27,12:00:00,1401166800,33.5,26.9,39.5,21.4,284.0,0.0,0.0,United Arab Emirates
Abu Dhabi,AE,2014-05-28,12:00:00,1401253200,34.7,28.6,40.8,23.3,305.0,0.0,0.0,United Arab Emirates
Abu Dhabi,AE,2014-05-29,12:00:00,1401339600,34.5,30.2,39.7,22.5,301.0,0.0,0.0,United Arab Emirates
Abu Dhabi,AE,2014-05-30,12:00:00,1401426000,34.0,30.0,38.8,25.1,290.0,0.0,0.0,United Arab Emirates
Abu Dhabi,AE,2014-05-31,12:00:00,1401512400,33.6,27.2,39.4,26.1,288.0,0.0,0.0,United Arab Emirates
Abu Dhabi,AE,2014-06-01,12:00:00,1401598800,33.2,28.3,38.1,18.5,295.0,0.0,0.0,United Arab Emirates
Abu Dhabi,AE,2014-06-02,12:00:00,1401685200,31.8,25.0,38.1,21.1,296.0,0.0,0.0,United Arab Emirates
Abu Dhabi,AE,2014-06-03,12:00:00,1401771600,32.0,23.7,39.2,22.7,345.0,0.0,0.0,United Arab Emirates
Abu Dhabi,AE,2014-06-04,12:00:00,1401858000,31.9,26.2,36.4,27.8,294.0,0.0,0.0,United Arab Emirates
Abu Dhabi,AE,2014-06-05,12:00:00,1401944400,32.0,29.3,35.1,36.6,295.0,0.0,0.0,United Arab Emirates
Abu Dhabi,AE,2014-06-06,12:00:00,1402030800,31.0,27.0,35.0,18.7,282.0,0.0,0.0,United Arab Emirates
Abu Dhabi,AE,2014-06-07,12:00:00,1402117200,31.6,24.4,38.6,22.2,21.0,0.0,0.0,United Arab Emirates
Abu Dhabi,AE,2014-06-08,12:00:00,1402203600,33.0,26.7,39.3,26.1,338.0,0.0,0.0,United Arab Emirates
Abu Dhabi,AE,2014-06-09,12:00:00,1402290000,33.6,28.6,38.3,29.3,326.0,0.0,0.0,United Arab Emirates
Abu Dhabi,AE,2014-06-10,12:00:00,1402376400,34.0,29.0,39.2,23.6,333.0,0.0,0.0,United Arab Emirates
Abu Dhabi,AE,2014-06-11,12:00:00,1402462800,33.3,28.1,39.7,24.0,312.0,0.0,0.0,United Arab Emirates
Abu Dhabi,AE,2014-06-12,12:00:00,1402549200,33.5,28.5,38.6,28.0,311.0,0.0,0.0,United Arab Emirates
Abu Dhabi,AE,2014-06-13,12:00:00,1402635600,33.8,30.1,37.3,31.7,332.0,0.0,0.0,United Arab Emirates
Abu Dhabi,AE,2014-06-14,12:00:00,1402722000,33.1,30.1,36.6,34.5,309.0,0.0,0.0,United Arab Emirates
Abu Dhabi,AE,2014-06-15,12:00:00,1402808400,33.4,30.8,37.2,37.7,311.0,0.0,0.0,United Arab Emirates
Abu Dhabi,AE,2014-06-16,12:00:00,1402894800,32.0,28.3,35.8,27.5,284.0,0.0,0.0,United Arab Emirates
Abu Dhabi,AE,2014-06-17,12:00:00,1402981200,31.5,26.7,36.6,18.0,278.0,0.0,0.0,United Arab Emirates
Abu Dhabi,AE,2014-06-18,12:00:00,1403067600,31.4,26.8,35.6,24.2,286.0,0.0,0.0,United Arab Emirates
Abu Dhabi,AE,2014-06-19,12:00:00,1403154000,31.8,26.8,36.4,22.0,268.0,0.0,0.0,United Arab Emirates
Abu Dhabi,AE,2014-06-20,12:00:00,1403240400,32.6,23.9,39.3,19.7,269.0,0.0,0.0,United Arab Emirates
Abu Dhabi,AE,2014-06-21,12:00:00,1403326800,33.6,25.9,39.6,23.9,35.0,0.0,0.0,United Arab Emirates
Abu Dhabi,AE,2014-06-22,12:00:00,1403413200,32.9,26.5,39.1,20.5,317.0,0.0,0.0,United Arab Emirates
Abu Dhabi,AE,2014-06-23,12:00:00,1403499600,33.8,26.0,41.1,26.0,349.0,0.0,0.0,United Arab Emirates
Abu Dhabi,AE,2014-06-24,12:00:00,1403586000,32.5,27.0,37.4,20.7,267.0,0.0,0.0,United Arab Emirates
Abu Dhabi,AE,2014-06-25,12:00:00,1403672400,32.8,28.8,37.4,24.1,281.0,0.0,0.0,United Arab Emirates
Abu Dhabi,AE,2014-06-26,12:00:00,1403758800,32.1,26.4,38.5,20.9,271.0,0.0,0.0,United Arab Emirates
Abu Dhabi,AE,2014-06-27,12:00:00,1403845200,32.1,26.8,38.7,21.9,324.0,0.0,0.0,United Arab Emirates
Abu Dhabi,AE,2014-06-28,12:00:00,1403931600,32.3,27.6,37.3,20.6,311.0,0.0,0.0,United Arab Emirates
Abu Dhabi,AE,2014-06-29,12:00:00,1404018000,32.3,27.1,38.1,25.6,316.0,0.0,0.0,United Arab Emirates
Abu Dhabi,AE,2014-06-30,12:00:00,1404104400,32.7,26.6,38.6,24.9,328.0,0.0,0.0,United Arab Emirates
Abu Dhabi,AE,2014-07-01,12:00:00,1404190800,33.3,25.9,39.3,17.1,277.0,0.0,0.0,United Arab Emirates
Abu Dhabi,AE,2014-07-02,12:00:00,1404277200,32.9,27.1,38.1,16.6,274.0,0.0,0.0,United Arab Emirates
Abu Dhabi,AE,2014-07-03,12:00:00,1404363600,33.3,27.6,39.4,24.6,239.0,0.0,0.0,United Arab Emirates
Abu Dhabi,AE,2014-07-04,12:00:00,1404450000,34.0,28.5,40.8,21.5,275.0,0.0,0.0,United Arab Emirates
Abu Dhabi,AE,2014-07-05,12:00:00,1404536400,35.2,27.5,41.9,26.2,58.0,0.0,0.0,United Arab Emirates
Abu Dhabi,AE,2014-07-06,12:00:00,1404622800,37.7,32.6,41.8,21.9,98.0,0.0,0.0,United Arab Emirates
Abu Dhabi,AE,2014-07-07,12:00:00,1404709200,37.6,33.4,41.9,25.7,147.0,0.0,0.0,United Arab Emirates
Abu Dhabi,AE,2014-07-08,12:00:00,1404795600,35.7,31.5,41.5,27.4,310.0,0.0,0.0,United Arab Emirates
Abu Dhabi,AE,2014-07-09,12:00:00,1404882000,34.8,29.0,40.0,26.8,300.0,0.0,0.0,United Arab Emirates
Abu Dhabi,AE,2014-07-10,12:00:00,1404968400,34.7,31.2,38.4,31.3,307.0,0.0,0.0,United Arab Emirates
Abu Dhabi,AE,2014-07-11,12:00:00,1405054800,33.5,27.0,38.2,25.7,301.0,0.0,0.0,United Arab Emirates
Abu Dhabi,AE,2014-07-12,12:00:00,1405141200,34.3,29.8,38.5,26.6,302.0,0.0,0.0,United Arab Emirates
Abu Dhabi,AE,2014-07-13,12:00:00,1405227600,33.6,28.6,38.5,19.1,297.0,0.0,0.0,United Arab Emirates
Abu Dhabi,AE,2014-07-14,12:00:00,1405314000,33.5,29.2,38.4,19.4,319.0,0.0,0.0,United Arab Emirates
Abu Dhabi,AE,2014-07-15,12:00:00,1405400400,34.1,30.7,37.8,25.9,323.0,0.0,0.0,United Arab Emirates
Abu Dhabi,AE,2014-07-16,12:00:00,1405486800,35.1,31.7,38.8,30.8,309.0,0.0,0.0,United Arab Emirates
Abu Dhabi,AE,2014-07-17,12:00:00,1405573200,34.7,29.5,39.3,19.1,304.0,0.0,0.0,United Arab Emirates
Abu Dhabi,AE,2014-07-18,12:00:00,1405659600,34.5,28.3,40.9,19.7,345.0,0.0,0.0,United Arab Emirates
Abu Dhabi,AE,2014-07-19,12:00:00,1405746000,33.4,29.3,38.4,21.8,329.0,0.0,0.0,United Arab Emirates
Abu Dhabi,AE,2014-07-20,12:00:00,1405832400,33.3,29.1,38.2,19.6,318.0,0.0,0.0,United Arab Emirates
Abu Dhabi,AE,2014-07-21,12:00:00,1405918800,34.2,29.4,40.1,28.8,315.0,0.0,0.0,United Arab Emirates
Abu Dhabi,AE,2014-07-22,12:00:00,1406005200,34.6,29.7,39.4,24.5,303.0,0.0,0.0,United Arab Emirates
Abu Dhabi,AE,2014-07-23,12:00:00,1406091600,35.4,32.3,39.1,36.2,293.0,0.0,0.0,United Arab Emirates
Abu Dhabi,AE,2014-07-24,12:00:00,1406178000,34.5,31.2,37.8,21.1,267.0,0.0,0.0,United Arab Emirates
Abu Dhabi,AE,2014-07-25,12:00:00,1406264400,34.1,29.9,38.2,17.7,269.0,0.0,0.0,United Arab Emirates
Abu Dhabi,AE,2014-07-26,12:00:00,1406350800,35.0,30.1,41.4,23.5,9.0,0.0,0.0,United Arab Emirates
Abu Dhabi,AE,2014-07-27,12:00:00,1406437200,35.3,31.9,39.2,22.8,317.0,0.0,0.0,United Arab Emirates
Abu Dhabi,AE,2014-07-28,12:00:00,1406523600,34.9,31.5,38.7,26.1,280.0,0.0,0.0,United Arab Emirates
Abu Dhabi,AE,2014-07-29,12:00:00,1406610000,35.0,32.7,38.1,31.5,291.0,0.0,0.0,United Arab Emirates
Abu Dhabi,AE,2014-07-30,12:00:00,1406696400,34.5,29.3,39.7,16.0,279.0,0.0,0.0,United Arab Emirates
Abu Dhabi,AE,2014-07-31,12:00:00,1406782800,34.3,28.3,40.4,18.6,8.0,0.0,0.0,United Arab Emirates
Abu Dhabi,AE,2014-08-01,12:00:00,1406869200,34.3,30.0,39.6,19.6,333.0,0.0,0.0,United Arab Emirates
Abu Dhabi,AE,2014-08-02,12:00:00,1406955600,33.9,29.2,38.9,19.5,324.0,0.0,0.0,United Arab Emirates
Abu Dhabi,AE,2014-08-03,12:00:00,1407042000,33.5,28.3,38.3,22.4,303.0,0.0,0.0,United Arab Emirates
Abu Dhabi,AE,2014-08-04,12:00:00,1407128400,34.6,29.7,39.0,23.8,301.0,0.0,0.0,United Arab Emirates
Abu Dhabi,AE,2014-08-05,12:00:00,1407214800,35.3,32.2,39.0,27.9,322.0,0.0,0.0,United Arab Emirates
Abu Dhabi,AE,2014-08-06,12:00:00,1407301200,34.6,31.2,38.2,25.3,314.0,0.0,0.0,United Arab Emirates
Abu Dhabi,AE,2014-08-07,12:00:00,1407387600,33.5,29.4,37.6,20.9,311.0,0.0,0.0,United Arab Emirates
Abu Dhabi,AE,2014-08-08,12:00:00,1407474000,33.8,29.2,38.3,19.3,280.0,0.0,0.0,United Arab Emirates
Abu Dhabi,AE,2014-08-09,12:00:00,1407560400,33.7,29.0,38.5,18.2,300.0,0.0,0.0,United Arab Emirates
Abu Dhabi,AE,2014-08-10,12:00:00,1407646800,34.9,29.0,40.0,19.8,360.0,0.0,0.0,United Arab Emirates
Abu Dhabi,AE,2014-08-11,12:00:00,1407733200,36.0,31.8,42.2,27.6,24.0,0.0,0.0,United Arab Emirates
Abu Dhabi,AE,2014-08-12,12:00:00,1407819600,35.3,31.2,41.3,25.9,8.0,0.0,0.0,United Arab Emirates
Abu Dhabi,AE,2014-08-13,12:00:00,1407906000,35.9,31.0,41.9,23.0,18.0,0.0,0.0,United Arab Emirates
Abu Dhabi,AE,2014-08-14,12:00:00,1407992400,34.9,30.7,39.0,17.9,347.0,0.0,0.0,United Arab Emirates
Abu Dhabi,AE,2014-08-15,12:00:00,1408078800,33.8,29.4,39.1,22.7,350.0,0.0,0.0,United Arab Emirates
Abu Dhabi,AE,2014-08-16,12:00:00,1408165200,35.9,30.1,42.7,29.9,26.0,0.0,0.0,United Arab Emirates
Abu Dhabi,AE,2014-08-17,12:00:00,1408251600,38.9,33.6,44.4,30.6,143.0,0.3,0.0,United Arab Emirates
Abu Dhabi,AE,2014-08-18,12:00:00,1408338000,37.7,33.1,42.5,24.4,131.0,0.3,0.0,United Arab Emirates
Abu Dhabi,AE,2014-08-19,12:00:00,1408424400,36.4,32.7,40.4,28.2,134.0,0.0,0.0,United Arab Emirates
Abu Dhabi,AE,2014-08-20,12:00:00,1408510800,35.5,32.4,39.8,25.5,221.0,0.0,0.0,United Arab Emirates
Abu Dhabi,AE,2014-08-21,12:00:00,1408597200,34.4,28.8,39.5,20.9,316.0,0.0,0.0,United Arab Emirates
Abu Dhabi,AE,2014-08-22,12:00:00,1408683600,33.6,27.9,38.5,19.1,357.0,0.0,0.0,United Arab Emirates
Abu Dhabi,AE,2014-08-23,12:00:00,1408770000,36.2,31.3,42.2,22.9,51.0,0.0,0.0,United Arab Emirates
Abu Dhabi,AE,2014-08-24,12:00:00,1408856400,35.7,31.4,40.0,32.0,126.0,0.0,0.0,United Arab Emirates
Abu Dhabi,AE,2014-08-25,12:00:00,1408942800,34.7,31.7,38.5,26.5,205.0,0.0,0.0,United Arab Emirates
Abu Dhabi,AE,2014-08-26,12:00:00,1409029200,34.0,29.9,38.0,17.1,349.0,0.0,0.0,United Arab Emirates
Abu Dhabi,AE,2014-08-27,12:00:00,1409115600,34.0,29.2,39.1,19.7,307.0,0.0,0.0,United Arab Emirates
Abu Dhabi,AE,2014-08-28,12:00:00,1409202000,34.3,28.8,40.1,19.5,333.0,0.0,0.0,United Arab Emirates
Abu Dhabi,AE,2014-08-29,12:00:00,1409288400,36.0,31.9,40.4,19.4,131.0,0.0,0.0,United Arab Emirates
Abu Dhabi,AE,2014-08-30,12:00:00,1409374800,35.2,31.5,39.2,19.1,163.0,0.0,0.0,United Arab Emirates
Abu Dhabi,AE,2014-08-31,12:00:00,1409461200,32.9,27.2,38.9,26.0,349.0,0.0,0.0,United Arab Emirates
Abu Dhabi,AE,2014-09-01,12:00:00,1409547600,32.5,26.7,38.3,25.2,353.0,0.0,0.0,United Arab Emirates
Abu Dhabi,AE,2014-09-02,12:00:00,1409634000,33.7,26.7,40.3,23.3,15.0,0.0,0.0,United Arab Emirates
Abu Dhabi,AE,2014-09-03,12:00:00,1409720400,34.6,28.4,41.3,20.7,28.0,0.0,0.0,United Arab Emirates
Abu Dhabi,AE,2014-09-04,12:00:00,1409806800,33.9,26.7,42.3,23.3,0.0,0.0,0.0,United Arab Emirates
Abu Dhabi,AE,2014-09-05,12:00:00,1409893200,33.2,26.0,39.9,15.3,323.0,0.0,0.0,United Arab Emirates
Abu Dhabi,AE,2014-09-06,12:00:00,1409979600,32.8,26.5,38.4,19.9,283.0,0.0,0.0,United Arab Emirates
Abu Dhabi,AE,2014-09-07,12:00:00,1410066000,32.5,27.5,37.6,19.2,333.0,0.0,0.0,United Arab Emirates
Abu Dhabi,AE,2014-09-08,12:00:00,1410152400,34.4,29.0,40.7,20.8,18.0,0.0,0.0,United Arab Emirates
Abu Dhabi,AE,2014-09-09,12:00:00,1410238800,34.6,29.9,40.5,21.5,328.0,0.0,0.0,United Arab Emirates
Abu Dhabi,AE,2014-09-10,12:00:00,1410325200,33.3,28.4,38.1,18.9,281.0,0.0,0.0,United Arab Emirates
Abu Dhabi,AE,2014-09-11,12:00:00,1410411600,33.2,28.7,38.3,21.2,282.0,0.0,0.0,United Arab Emirates
Abu Dhabi,AE,2014-09-12,12:00:00,1410498000,32.9,28.5,37.4,20.2,289.0,0.0,0.0,United Arab Emirates
Abu Dhabi,AE,2014-09-13,12:00:00,1410584400,32.1,27.7,37.0,16.5,293.0,0.0,0.0,United Arab Emirates
Abu Dhabi,AE,2014-09-14,12:00:00,1410670800,31.6,27.1,36.2,27.6,344.0,0.1,0.0,United Arab Emirates
Abu Dhabi,AE,2014-09-15,12:00:00,1410757200,32.8,28.5,37.5,21.8,332.0,0.0,0.0,United Arab Emirates
Abu Dhabi,AE,2014-09-16,12:00:00,1410843600,32.8,28.4,37.0,18.5,340.0,0.0,0.0,United Arab Emirates
Abu Dhabi,AE,2014-09-17,12:00:00,1410930000,32.9,28.5,38.2,24.0,341.0,0.0,0.0,United Arab Emirates
Abu Dhabi,AE,2014-09-18,12:00:00,1411016400,32.1,27.2,37.0,23.0,348.0,0.0,0.0,United Arab Emirates
Abu Dhabi,AE,2014-09-19,12:00:00,1411102800,32.0,27.3,36.9,22.9,331.0,0.0,0.0,United Arab Emirates
Abu Dhabi,AE,2014-09-20,12:00:00,1411189200,33.8,30.0,38.5,28.3,311.0,0.0,0.0,United Arab Emirates
Abu Dhabi,AE,2014-09-21,12:00:00,1411275600,33.1,28.7,38.4,21.8,331.0,0.0,0.0,United Arab Emirates
Abu Dhabi,AE,2014-09-22,12:00:00,1411362000,32.4,26.5,38.8,19.6,21.0,0.0,0.0,United Arab Emirates
Abu Dhabi,AE,2014-09-23,12:00:00,1411448400,32.4,27.0,38.2,22.6,293.0,0.0,0.0,United Arab Emirates
Abu Dhabi,AE,2014-09-24,12:00:00,1411534800,31.7,26.5,36.3,16.3,276.0,0.0,0.0,United Arab Emirates
Abu Dhabi,AE,2014-09-25,12:00:00,1411621200,31.6,27.0,36.4,18.0,360.0,0.0,0.0,United Arab Emirates
Abu Dhabi,AE,2014-09-26,12:00:00,1411707600,33.0,28.4,38.1,24.9,77.0,0.0,0.0,United Arab Emirates
Abu Dhabi,AE,2014-09-27,12:00:00,1411794000,32.7,29.4,36.6,29.5,122.0,0.0,0.0,United Arab Emirates
Abu Dhabi,AE,2014-09-28,12:00:00,1411880400,32.2,27.9,36.1,21.3,49.0,0.0,0.0,United Arab Emirates
Abu Dhabi,AE,2014-09-29,12:00:00,1411966800,32.0,27.9,35.8,22.7,1.0,0.0,0.0,United Arab Emirates
Abu Dhabi,AE,2014-09-30,12:00:00,1412053200,32.1,27.7,36.4,20.2,28.0,0.0,0.0,United Arab Emirates
Abu Dhabi,AE,2014-10-01,12:00:00,1412139600,32.0,27.1,36.1,18.0,351.0,0.0,0.0,United Arab Emirates
Abu Dhabi,AE,2014-10-02,12:00:00,1412226000,32.8,29.3,36.9,20.5,328.0,0.0,0.0,United Arab Emirates
Abu Dhabi,AE,2014-10-03,12:00:00,1412312400,32.1,27.6,36.3,24.0,307.0,0.0,0.0,United Arab Emirates
Abu Dhabi,AE,2014-10-04,12:00:00,1412398800,31.1,26.9,35.7,17.6,2.0,0.0,0.0,United Arab Emirates
Abu Dhabi,AE,2014-10-05,12:00:00,1412485200,32.2,27.9,37.1,18.9,8.0,0.0,0.0,United Arab Emirates
Abu Dhabi,AE,2014-10-06,12:00:00,1412571600,31.9,27.2,36.7,18.8,326.0,0.0,0.0,United Arab Emirates
Abu Dhabi,AE,2014-10-07,12:00:00,1412658000,31.6,28.2,36.3,23.0,337.0,0.0,0.0,United Arab Emirates
Abu Dhabi,AE,2014-10-08,12:00:00,1412744400,31.5,26.7,36.1,24.7,294.0,0.0,0.0,United Arab Emirates
Abu Dhabi,AE,2014-10-09,12:00:00,1412830800,31.2,25.8,35.2,20.5,353.0,0.0,0.0,United Arab Emirates
Abu Dhabi,AE,2014-10-10,12:00:00,1412917200,32.3,26.7,37.8,20.9,91.0,0.0,0.0,United Arab Emirates
Abu Dhabi,AE,2014-10-11,12:00:00,1413003600,32.2,27.6,36.7,26.0,348.0,0.0,0.0,United Arab Emirates
Abu Dhabi,AE,2014-10-12,12:00:00,1413090000,31.8,28.4,35.8,23.2,309.0,0.0,0.0,United Arab Emirates
Abu Dhabi,AE,2014-10-13,12:00:00,1413176400,31.1,25.6,35.6,20.8,6.0,0.0,0.0,United Arab Emirates
Abu Dhabi,AE,2014-10-14,12:00:00,1413262800,32.2,25.9,38.8,21.3,56.0,0.0,0.0,United Arab Emirates
Abu Dhabi,AE,2014-10-15,12:00:00,1413349200,31.1,25.1,37.5,22.4,91.0,0.0,0.0,United Arab Emirates
Abu Dhabi,AE,2014-10-16,12:00:00,1413435600,30.4,24.0,36.1,18.2,315.0,0.0,0.0,United Arab Emirates
Abu Dhabi,AE,2014-10-17,12:00:00,1413522000,29.9,22.9,36.3,18.9,349.0,0.0,0.0,United Arab Emirates
Abu Dhabi,AE,2014-10-18,12:00:00,1413608400,30.2,23.8,36.7,25.4,261.0,0.0,0.0,United Arab Emirates
Abu Dhabi,AE,2014-10-19,12:00:00,1413694800,30.2,26.4,34.5,23.6,302.0,0.0,0.0,United Arab Emirates
Abu Dhabi,AE,2014-10-20,12:00:00,1413781200,30.6,26.5,35.2,18.7,319.0,0.0,0.0,United Arab Emirates
Abu Dhabi,AE,2014-10-21,12:00:00,1413867600,30.2,23.8,36.5,14.9,55.0,0.0,0.0,United Arab Emirates
Abu Dhabi,AE,2014-10-22,12:00:00,1413954000,29.7,23.5,35.7,24.1,341.0,0.0,0.0,United Arab Emirates
Abu Dhabi,AE,2014-10-23,12:00:00,1414040400,29.6,27.3,32.2,29.1,312.0,0.0,0.0,United Arab Emirates
Abu Dhabi,AE,2014-10-24,12:00:00,1414126800,28.3,22.9,32.6,18.6,328.0,0.0,0.0,United Arab Emirates
Abu Dhabi,AE,2014-10-25,12:00:00,1414213200,28.1,21.9,32.4,16.9,310.0,0.0,0.0,United Arab Emirates
Abu Dhabi,AE,2014-10-26,12:00:00,1414299600,29.1,25.8,33.4,20.2,338.0,0.0,0.0,United Arab Emirates
Abu Dhabi,AE,2014-10-27,12:00:00,1414386000,28.8,24.1,33.7,24.9,13.0,0.0,0.0,United Arab Emirates
Abu Dhabi,AE,2014-10-28,12:00:00,1414472400,30.0,24.5,35.4,25.5,45.0,0.0,0.0,United Arab Emirates
Abu Dhabi,AE,2014-10-29,12:00:00,1414558800,29.7,23.5,35.8,21.6,68.0,0.0,0.0,United Arab Emirates
Abu Dhabi,AE,2014-10-30,12:00:00,1414645200,29.7,23.8,34.9,23.6,56.0,0.0,0.0,United Arab Emirates
Abu Dhabi,AE,2014-10-31,12:00:00,1414731600,29.5,24.1,34.1,21.2,65.0,0.0,0.0,United Arab Emirates
Abu Dhabi,AE,2014-11-01,12:00:00,1414818000,30.0,25.5,34.7,30.7,150.0,0.0,0.0,United Arab Emirates
Abu Dhabi,AE,2014-11-02,12:00:00,1414904400,29.0,25.0,34.4,24.2,226.0,0.0,0.0,United Arab Emirates
Abu Dhabi,AE,2014-11-03,12:00:00,1414990800,28.2,26.1,30.6,28.6,312.0,0.0,0.0,United Arab Emirates
Abu Dhabi,AE,2014-11-04,12:00:00,1415077200,27.3,23.9,30.9,19.4,285.0,0.0,0.0,United Arab Emirates
Abu Dhabi,AE,2014-11-05,12:00:00,1415163600,27.1,22.2,33.5,25.0,234.0,0.0,0.0,United Arab Emirates
Abu Dhabi,AE,2014-11-06,12:00:00,1415250000,26.9,24.9,29.3,26.8,310.0,0.0,0.0,United Arab Emirates
Abu Dhabi,AE,2014-11-07,12:00:00,1415336400,25.8,23.9,28.1,24.6,318.0,0.0,0.0,United Arab Emirates
Abu Dhabi,AE,2014-11-08,12:00:00,1415422800,25.2,22.0,28.8,29.4,22.0,0.0,0.0,United Arab Emirates
Abu Dhabi,AE,2014-11-09,12:00:00,1415509200,24.2,19.6,28.8,26.0,50.0,0.0,0.0,United Arab Emirates
Abu Dhabi,AE,2014-11-10,12:00:00,1415595600,23.1,16.2,28.1,24.6,30.0,0.0,0.0,United Arab Emirates
Abu Dhabi,AE,2014-11-11,12:00:00,1415682000,23.9,19.2,28.1,18.9,1.0,0.0,0.0,United Arab Emirates
Abu Dhabi,AE,2014-11-12,12:00:00,1415768400,24.3,20.6,27.9,17.7,354.0,0.0,0.0,United Arab Emirates
Abu Dhabi,AE,2014-11-13,12:00:00,1415854800,24.1,17.9,28.7,16.3,24.0,0.0,0.0,United Arab Emirates
Abu Dhabi,AE,2014-11-14,12:00:00,1415941200,24.3,17.8,29.7,19.4,53.0,0.0,0.0,United Arab Emirates
Abu Dhabi,AE,2014-11-15,12:00:00,1416027600,24.6,18.4,29.7,18.7,28.0,0.0,0.0,United Arab Emirates
Abu Dhabi,AE,2014-11-16,12:00:00,1416114000,24.4,18.9,28.9,15.0,10.0,0.0,0.0,United Arab Emirates
Abu Dhabi,AE,2014-11-17,12:00:00,1416200400,24.1,20.4,28.2,15.7,332.0,0.0,0.0,United Arab Emirates
Abu Dhabi,AE,2014-11-18,12:00:00,1416286800,23.3,17.2,28.0,18.3,16.0,0.0,0.0,United Arab Emirates
Abu Dhabi,AE,2014-11-19,12:00:00,1416373200,24.5,19.5,29.4,22.5,358.0,0.0,0.0,United Arab Emirates
Abu Dhabi,AE,2014-11-20,12:00:00,1416459600,25.3,23.2,28.2,22.2,315.0,0.0,0.0,United Arab Emirates
Abu Dhabi,AE,2014-11-21,12:00:00,1416546000,24.6,21.2,28.1,18.5,328.0,0.0,0.0,United Arab Emirates
Abu Dhabi,AE,2014-11-22,12:00:00,1416632400,23.6,17.9,28.0,16.6,339.0,0.0,0.0,United Arab Emirates
Abu Dhabi,AE,2014-11-23,12:00:00,1416718800,23.8,17.7,28.9,17.3,301.0,0.0,0.0,United Arab Emirates
Abu Dhabi,AE,2014-11-24,12:00:00,1416805200,24.1,19.5,29.1,19.8,51.0,0.0,0.0,United Arab Emirates
Abu Dhabi,AE,2014-11-25,12:00:00,1416891600,26.2,21.8,30.7,28.0,146.0,0.0,0.0,United Arab Emirates
Abu Dhabi,AE,2014-11-26,12:00:00,1416978000,24.9,20.5,29.0,20.3,224.0,0.0,0.0,United Arab Emirates
Abu Dhabi,AE,2014-11-27,12:00:00,1417064400,25.0,22.2,28.1,22.7,340.0,0.0,0.0,United Arab Emirates
Abu Dhabi,AE,2014-11-28,12:00:00,1417150800,25.0,21.3,28.3,23.1,313.0,0.0,0.0,United Arab Emirates
Abu Dhabi,AE,2014-11-29,12:00:00,1417237200,24.8,22.8,27.4,26.7,315.0,0.3,0.0,United Arab Emirates
Abu Dhabi,AE,2014-11-30,12:00:00,1417323600,22.7,21.1,24.6,25.1,310.0,0.0,0.0,United Arab Emirates
Abu Dhabi,AE,2014-12-01,12:00:00,1417410000,22.0,21.0,23.8,24.3,323.0,0.2,0.0,United Arab Emirates
Abu Dhabi,AE,2014-12-02,12:00:00,1417496400,22.3,20.6,24.2,25.9,305.0,0.0,0.0,United Arab Emirates
Abu Dhabi,AE,2014-12-03,12:00:00,1417582800,22.7,20.5,25.3,27.5,308.0,0.0,0.0,United Arab Emirates
Abu Dhabi,AE,2014-12-04,12:00:00,1417669200,23.3,21.2,26.0,21.9,316.0,0.0,0.0,United Arab Emirates
Abu Dhabi,AE,2014-12-05,12:00:00,1417755600,22.6,17.7,27.4,18.4,5.0,0.0,0.0,United Arab Emirates
Abu Dhabi,AE,2014-12-06,12:00:00,1417842000,22.7,17.9,27.4,21.2,5.0,0.0,0.0,United Arab Emirates
Abu Dhabi,AE,2014-12-07,12:00:00,1417928400,23.0,19.4,27.2,21.0,4.0,0.0,0.0,United Arab Emirates
Abu Dhabi,AE,2014-12-08,12:00:00,1418014800,22.8,16.4,29.3,24.2,44.0,0.0,0.0,United Arab Emirates
Abu Dhabi,AE,2014-12-09,12:00:00,1418101200,22.4,16.0,28.7,24.0,41.0,0.0,0.0,United Arab Emirates
Abu Dhabi,AE,2014-12-10,12:00:00,1418187600,21.7,15.9,27.5,22.0,19.0,0.0,0.0,United Arab Emirates
Abu Dhabi,AE,2014-12-11,12:00:00,1418274000,22.0,18.1,25.8,19.3,316.0,0.0,0.0,United Arab Emirates
Abu Dhabi,AE,2014-12-12,12:00:00,1418360400,22.8,19.9,26.2,24.0,309.0,0.0,0.0,United Arab Emirates
Abu Dhabi,AE,2014-12-13,12:00:00,1418446800,22.2,16.3,28.6,24.9,63.0,0.0,0.0,United Arab Emirates
Abu Dhabi,AE,2014-12-14,12:00:00,1418533200,21.2,14.1,27.2,15.4,65.0,0.0,0.0,United Arab Emirates
Abu Dhabi,AE,2014-12-15,12:00:00,1418619600,21.2,15.1,26.5,15.7,46.0,0.0,0.0,United Arab Emirates
Abu Dhabi,AE,2014-12-16,12:00:00,1418706000,21.0,15.4,26.0,15.5,27.0,0.0,0.0,United Arab Emirates
Abu Dhabi,AE,2014-12-17,12:00:00,1418792400,21.7,17.8,25.4,18.0,338.0,0.0,0.0,United Arab Emirates
Abu Dhabi,AE,2014-12-18,12:00:00,1418878800,22.3,20.3,25.0,27.8,319.0,0.0,0.0,United Arab Emirates
Abu Dhabi,AE,2014-12-19,12:00:00,1418965200,21.1,17.8,24.4,16.4,321.0,0.0,0.0,United Arab Emirates
Abu Dhabi,AE,2014-12-20,12:00:00,1419051600,21.0,18.2,24.4,13.9,318.0,0.0,0.0,United Arab Emirates
Abu Dhabi,AE,2014-12-21,12:00:00,1419138000,18.9,14.7,22.7,14.6,260.0,0.0,0.0,United Arab Emirates
Abu Dhabi,AE,2014-12-22,12:00:00,1419224400,19.1,12.7,24.5,20.3,245.0,0.0,0.0,United Arab Emirates
Abu Dhabi,AE,2014-12-23,12:00:00,1419310800,21.4,19.1,24.3,19.5,314.0,0.0,0.0,United Arab Emirates
Abu Dhabi,AE,2014-12-24,12:00:00,1419397200,21.6,19.3,24.6,28.0,314.0,0.0,0.0,United Arab Emirates
Abu Dhabi,AE,2014-12-25,12:00:00,1419483600,20.6,18.7,22.9,26.9,313.0,0.0,0.0,United Arab Emirates
Abu Dhabi,AE,2014-12-26,12:00:00,1419570000,19.7,16.2,23.8,15.8,344.0,0.0,0.0,United Arab Emirates
Abu Dhabi,AE,2014-12-27,12:00:00,1419656400,20.1,16.0,24.2,16.6,320.0,0.0,0.0,United Arab Emirates
Abu Dhabi,AE,2014-12-28,12:00:00,1419742800,19.7,16.1,23.3,20.2,303.0,0.0,0.0,United Arab Emirates
Abu Dhabi,AE,2014-12-29,12:00:00,1419829200,19.6,16.0,23.8,16.7,267.0,0.0,0.0,United Arab Emirates
Abu Dhabi,AE,2014-12-30,12:00:00,1419915600,20.2,14.5,25.2,19.6,274.0,0.0,0.0,United Arab Emirates
Abu Dhabi,AE,2014-12-31,12:00:00,1420002000,21.8,19.8,24.3,22.4,319.0,0.0,0.0,United Arab Emirates
Abu Dhabi,AE,2015-01-01,12:00:00,1420088400,21.4,17.2,26.5,18.0,22.0,0.0,0.0,United Arab Emirates
Abu Dhabi,AE,2015-01-02,12:00:00,1420174800,20.6,15.4,25.2,16.2,354.0,0.0,0.0,United Arab Emirates
Abu Dhabi,AE,2015-01-03,12:00:00,1420261200,19.8,15.6,23.9,15.1,286.0,0.0,0.0,United Arab Emirates
Abu Dhabi,AE,2015-01-04,12:00:00,1420347600,19.6,15.4,24.7,11.9,197.0,0.0,0.0,United Arab Emirates
Abu Dhabi,AE,2015-01-05,12:00:00,1420434000,20.6,14.2,26.4,13.4,78.0,0.0,0.0,United Arab Emirates
Abu Dhabi,AE,2015-01-06,12:00:00,1420520400,20.6,14.8,26.3,15.9,38.0,0.0,0.0,United Arab Emirates
Abu Dhabi,AE,2015-01-07,12:00:00,1420606800,19.6,13.7,24.5,13.5,325.0,0.0,0.0,United Arab Emirates
Abu Dhabi,AE,2015-01-08,12:00:00,1420693200,19.9,13.2,26.6,15.0,228.0,0.0,0.0,United Arab Emirates
Abu Dhabi,AE,2015-01-09,12:00:00,1420779600,20.2,17.4,22.8,21.2,324.0,0.0,0.0,United Arab Emirates
Abu Dhabi,AE,2015-01-10,12:00:00,1420866000,19.6,12.7,24.4,10.8,93.0,0.0,0.0,United Arab Emirates
Abu Dhabi,AE,2015-01-11,12:00:00,1420952400,20.0,15.9,24.1,25.6,350.0,0.0,0.0,United Arab Emirates
Abu Dhabi,AE,2015-01-12,12:00:00,1421038800,19.5,17.6,21.2,31.8,318.0,0.0,0.0,United Arab Emirates
Abu Dhabi,AE,2015-01-13,12:00:00,1421125200,19.5,17.1,22.6,25.4,324.0,0.0,0.0,United Arab Emirates
Abu Dhabi,AE,2015-01-14,12:00:00,1421211600,19.9,15.7,23.9,21.7,351.0,0.0,0.0,United Arab Emirates
Abu Dhabi,AE,2015-01-15,12:00:00,1421298000,19.7,14.5,24.8,16.8,360.0,0.0,0.0,United Arab Emirates
Abu Dhabi,AE,2015-01-16,12:00:00,1421384400,19.3,15.4,23.7,13.8,315.0,0.0,0.0,United Arab Emirates
Abu Dhabi,AE,2015-01-17,12:00:00,1421470800,19.6,13.8,24.2,14.3,338.0,0.0,0.0,United Arab Emirates
Abu Dhabi,AE,2015-01-18,12:00:00,1421557200,19.8,14.3,24.4,17.7,30.0,0.0,0.0,United Arab Emirates
Abu Dhabi,AE,2015-01-19,12:00:00,1421643600,17.8,15.8,19.9,35.4,307.0,7.5,0.0,United Arab Emirates
Abu Dhabi,AE,2015-01-20,12:00:00,1421730000,17.8,15.6,20.2,34.4,299.0,0.6,0.0,United Arab Emirates
Abu Dhabi,AE,2015-01-21,12:00:00,1421816400,18.2,16.1,20.5,21.9,302.0,0.0,0.0,United Arab Emirates
Abu Dhabi,AE,2015-01-22,12:00:00,1421902800,17.3,14.1,21.0,12.0,348.0,0.0,0.0,United Arab Emirates
Abu Dhabi,AE,2015-01-23,12:00:00,1421989200,16.7,10.7,20.9,11.7,340.0,0.0,0.0,United Arab Emirates
Abu Dhabi,AE,2015-01-24,12:00:00,1422075600,17.2,10.9,20.8,16.7,312.0,0.0,0.0,United Arab Emirates
Abu Dhabi,AE,2015-01-25,12:00:00,1422162000,18.8,14.5,23.2,19.7,9.0,0.0,0.0,United Arab Emirates
Abu Dhabi,AE,2015-01-26,12:00:00,1422248400,19.0,13.2,23.9,17.6,21.0,0.0,0.0,United Arab Emirates
Abu Dhabi,AE,2015-01-27,12:00:00,1422334800,18.9,12.9,24.4,16.1,9.0,0.0,0.0,United Arab Emirates
Abu Dhabi,AE,2015-01-28,12:00:00,1422421200,18.7,12.3,24.2,13.0,35.0,0.0,0.0,United Arab Emirates
Abu Dhabi,AE,2015-01-29,12:00:00,1422507600,20.4,12.6,27.5,14.8,105.0,0.0,0.0,United Arab Emirates
Abu Dhabi,AE,2015-01-30,12:00:00,1422594000,21.6,14.1,28.7,15.9,135.0,0.0,0.0,United Arab Emirates
Abu Dhabi,AE,2015-01-31,12:00:00,1422680400,21.8,15.3,28.5,16.6,170.0,0.0,0.0,United Arab Emirates
Abu Dhabi,AE,2015-02-01,12:00:00,1422766800,20.7,14.9,26.0,21.3,265.0,0.0,0.0,United Arab Emirates
Abu Dhabi,AE,2015-02-02,12:00:00,1422853200,20.7,17.9,23.8,24.8,294.0,0.0,0.0,United Arab Emirates
Abu Dhabi,AE,2015-02-03,12:00:00,1422939600,19.9,16.3,23.9,12.7,302.0,0.0,0.0,United Arab Emirates
Abu Dhabi,AE,2015-02-04,12:00:00,1423026000,19.9,13.8,25.4,11.6,65.0,0.0,0.0,United Arab Emirates
Abu Dhabi,AE,2015-02-05,12:00:00,1423112400,20.6,14.6,27.5,17.9,200.0,0.0,0.0,United Arab Emirates
Abu Dhabi,AE,2015-02-06,12:00:00,1423198800,20.0,16.2,23.7,20.8,301.0,0.0,0.0,United Arab Emirates
Abu Dhabi,AE,2015-02-07,12:00:00,1423285200,19.8,16.5,23.1,18.1,305.0,0.0,0.0,United Arab Emirates
Abu Dhabi,AE,2015-02-08,12:00:00,1423371600,19.4,13.1,25.0,13.5,128.0,0.0,0.0,United Arab Emirates
Abu Dhabi,AE,2015-02-09,12:00:00,1423458000,22.4,15.7,29.2,35.0,147.0,0.0,0.0,United Arab Emirates
Abu Dhabi,AE,2015-02-10,12:00:00,1423544400,24.0,18.8,29.3,31.7,150.0,0.0,0.0,United Arab Emirates
Abu Dhabi,AE,2015-02-11,12:00:00,1423630800,24.1,18.7,30.3,28.1,152.0,0.0,0.0,United Arab Emirates
Abu Dhabi,AE,2015-02-12,12:00:00,1423717200,24.5,18.0,31.6,27.2,153.0,0.0,0.0,United Arab Emirates
Abu Dhabi,AE,2015-02-13,12:00:00,1423803600,23.6,17.2,30.0,16.9,145.0,0.0,0.0,United Arab Emirates
Abu Dhabi,AE,2015-02-14,12:00:00,1423890000,23.5,17.4,30.3,16.5,119.0,0.0,0.0,United Arab Emirates
Abu Dhabi,AE,2015-02-15,12:00:00,1423976400,22.2,15.7,27.5,17.9,298.0,0.0,0.0,United Arab Emirates
Abu Dhabi,AE,2015-02-16,12:00:00,1424062800,23.0,18.8,28.2,12.7,329.0,0.0,0.0,United Arab Emirates
Abu Dhabi,AE,2015-02-17,12:00:00,1424149200,23.3,15.7,30.6,18.4,31.0,0.0,0.0,United Arab Emirates
Abu Dhabi,AE,2015-02-18,12:00:00,1424235600,24.3,17.6,31.3,16.2,63.0,0.0,0.0,United Arab Emirates
Abu Dhabi,AE,2015-02-19,12:00:00,1424322000,25.1,17.1,32.5,23.3,155.0,0.0,0.0,United Arab Emirates
Abu Dhabi,AE,2015-02-20,12:00:00,1424408400,28.2,22.2,34.8,41.6,172.0,0.0,0.0,United Arab Emirates
Abu Dhabi,AE,2015-02-21,12:00:00,1424494800,24.7,19.9,29.1,44.7,214.0,0.0,0.0,United Arab Emirates
Abu Dhabi,AE,2015-02-22,12:00:00,1424581200,19.7,17.1,22.4,35.3,313.0,0.0,0.0,United Arab Emirates
Abu Dhabi,AE,2015-02-23,12:00:00,1424667600,18.0,16.0,20.6,34.6,302.0,0.0,0.0,United Arab Emirates
Abu Dhabi,AE,2015-02-24,12:00:00,1424754000,18.5,16.9,20.9,28.1,313.0,0.0,0.0,United Arab Emirates
Abu Dhabi,AE,2015-02-25,12:00:00,1424840400,18.9,14.3,23.3,18.4,354.0,0.0,0.0,United Arab Emirates
Abu Dhabi,AE,2015-02-26,12:00:00,1424926800,19.7,15.7,23.8,21.1,305.0,0.0,0.0,United Arab Emirates
Abu Dhabi,AE,2015-02-27,12:00:00,1425013200,20.1,18.1,22.5,38.3,313.0,0.0,0.0,United Arab Emirates
Abu Dhabi,AE,2015-02-28,12:00:00,1425099600,18.9,14.0,23.3,24.1,26.0,0.0,0.0,United Arab Emirates
Abu Dhabi,AE,2015-03-01,12:00:00,1425186000,18.7,13.4,24.0,16.8,335.0,0.0,0.0,United Arab Emirates
Abu Dhabi,AE,2015-03-02,12:00:00,1425272400,20.2,11.3,27.1,14.8,196.0,0.0,0.0,United Arab Emirates
Abu Dhabi,AE,2015-03-03,12:00:00,1425358800,21.1,16.8,26.1,19.6,312.0,0.0,0.0,United Arab Emirates
Abu Dhabi,AE,2015-03-04,12:00:00,1425445200,22.4,18.2,27.5,21.4,302.0,0.0,0.0,United Arab Emirates
Abu Dhabi,AE,2015-03-05,12:00:00,1425531600,22.0,18.7,25.5,24.5,311.0,0.0,0.0,United Arab Emirates
Abu Dhabi,AE,2015-03-06,12:00:00,1425618000,21.4,19.1,24.2,34.1,289.0,0.0,0.0,United Arab Emirates
Abu Dhabi,AE,2015-03-07,12:00:00,1425704400,21.3,17.9,24.9,23.3,311.0,0.0,0.0,United Arab Emirates
Abu Dhabi,AE,2015-03-08,12:00:00,1425790800,21.9,15.3,28.8,21.3,19.0,0.0,0.0,United Arab Emirates
Abu Dhabi,AE,2015-03-09,12:00:00,1425877200,22.4,16.2,28.5,17.3,14.0,0.0,0.0,United Arab Emirates
Abu Dhabi,AE,2015-03-10,12:00:00,1425963600,24.8,16.5,31.7,32.4,157.0,0.0,0.0,United Arab Emirates
Abu Dhabi,AE,2015-03-11,12:00:00,1426050000,23.6,19.9,26.3,29.3,251.0,0.0,0.0,United Arab Emirates
Abu Dhabi,AE,2015-03-12,12:00:00,1426136400,20.8,17.0,25.5,33.5,35.0,0.0,0.0,United Arab Emirates
Abu Dhabi,AE,2015-03-13,12:00:00,1426222800,20.8,15.7,26.0,24.9,26.0,0.0,0.0,United Arab Emirates
Abu Dhabi,AE,2015-03-14,12:00:00,1426309200,21.6,15.8,27.3,21.5,24.0,0.0,0.0,United Arab Emirates
Abu Dhabi,AE,2015-03-15,12:00:00,1426395600,22.8,17.2,28.7,20.9,16.0,0.0,0.0,United Arab Emirates
Abu Dhabi,AE,2015-03-16,12:00:00,1426482000,24.0,18.4,28.8,29.1,34.0,0.2,0.0,United Arab Emirates
Abu Dhabi,AE,2015-03-17,12:00:00,1426568400,27.6,20.9,34.4,31.9,119.0,0.0,0.0,United Arab Emirates
Abu Dhabi,AE,2015-03-18,12:00:00,1426654800,28.4,23.5,34.3,30.1,144.0,0.0,0.0,United Arab Emirates
Abu Dhabi,AE,2015-03-19,12:00:00,1426741200,27.8,22.6,32.3,21.6,93.0,0.0,0.0,United Arab Emirates
Abu Dhabi,AE,2015-03-20,12:00:00,1426827600,27.9,23.1,32.0,21.6,156.0,0.0,0.0,United Arab Emirates
Abu Dhabi,AE,2015-03-21,12:00:00,1426914000,29.4,25.1,33.8,24.9,156.0,0.0,0.0,United Arab Emirates
Abu Dhabi,AE,2015-03-22,12:00:00,1427000400,26.5,23.9,29.6,29.5,113.0,0.0,0.0,United Arab Emirates
Abu Dhabi,AE,2015-03-23,12:00:00,1427086800,23.9,21.2,25.7,29.7,18.0,3.4,0.0,United Arab Emirates
Abu Dhabi,AE,2015-03-24,12:00:00,1427173200,22.3,19.7,25.3,21.7,332.0,0.0,0.0,United Arab Emirates
Abu Dhabi,AE,2015-03-25,12:00:00,1427259600,22.0,17.7,26.2,19.9,326.0,0.0,0.0,United Arab Emirates
Abu Dhabi,AE,2015-03-26,12:00:00,1427346000,23.9,19.3,29.5,27.4,339.0,0.0,0.0,United Arab Emirates
Abu Dhabi,AE,2015-03-27,12:00:00,1427432400,23.9,19.4,27.9,24.1,349.0,0.0,0.0,United Arab Emirates
Abu Dhabi,AE,2015-03-28,12:00:00,1427518800,24.1,21.1,27.9,21.7,330.0,0.0,0.0,United Arab Emirates
Abu Dhabi,AE,2015-03-29,12:00:00,1427605200,23.4,18.6,29.1,19.0,343.0,0.0,0.0,United Arab Emirates
Abu Dhabi,AE,2015-03-30,12:00:00,1427691600,23.3,17.7,29.4,15.1,354.0,0.0,0.0,United Arab Emirates
Abu Dhabi,AE,2015-03-31,12:00:00,1427778000,27.1,19.3,35.3,18.9,154.0,0.0,0.0,United Arab Emirates
Abu Dhabi,AE,2015-04-01,12:00:00,1427864400,27.5,21.4,33.8,16.9,305.0,0.0,0.0,United Arab Emirates
Abu Dhabi,AE,2015-04-02,12:00:00,1427950800,25.3,22.4,27.6,31.6,289.0,0.0,0.0,United Arab Emirates
Abu Dhabi,AE,2015-04-03,12:00:00,1428037200,24.1,21.5,27.4,32.4,289.0,0.0,0.0,United Arab Emirates
Abu Dhabi,AE,2015-04-04,12:00:00,1428123600,23.8,19.4,28.1,26.2,275.0,0.0,0.0,United Arab Emirates
Abu Dhabi,AE,2015-04-05,12:00:00,1428210000,25.7,16.7,33.4,15.8,272.0,0.0,0.0,United Arab Emirates
Abu Dhabi,AE,2015-04-06,12:00:00,1428296400,26.1,22.8,30.4,26.4,303.0,0.0,0.0,United Arab Emirates
Abu Dhabi,AE,2015-04-07,12:00:00,1428382800,25.1,20.1,30.1,20.9,312.0,0.0,0.0,United Arab Emirates
Abu Dhabi,AE,2015-04-08,12:00:00,1428469200,25.6,20.4,30.9,16.7,309.0,0.0,0.0,United Arab Emirates
Abu Dhabi,AE,2015-04-09,12:00:00,1428555600,26.4,19.9,33.1,18.1,332.0,0.0,0.0,United Arab Emirates
Abu Dhabi,AE,2015-04-10,12:00:00,1428642000,27.2,19.5,34.6,20.0,17.0,0.0,0.0,United Arab Emirates
Abu Dhabi,AE,2015-04-11,12:00:00,1428728400,28.7,19.5,37.0,18.1,46.0,0.0,0.0,United Arab Emirates
Abu Dhabi,AE,2015-04-12,12:00:00,1428814800,30.5,21.8,38.0,19.8,310.0,0.0,0.0,United Arab Emirates
Abu Dhabi,AE,2015-04-13,12:00:00,1428901200,27.9,23.6,34.5,28.4,279.0,0.0,0.0,United Arab Emirates
Abu Dhabi,AE,2015-04-14,12:00:00,1428987600,26.0,23.0,29.3,27.2,302.0,0.0,0.0,United Arab Emirates
Abu Dhabi,AE,2015-04-15,12:00:00,1429074000,26.1,20.9,31.1,18.8,316.0,0.0,0.0,United Arab Emirates
Abu Dhabi,AE,2015-04-16,12:00:00,1429160400,27.6,19.6,34.1,22.2,359.0,0.0,0.0,United Arab Emirates
Abu Dhabi,AE,2015-04-17,12:00:00,1429246800,29.4,22.9,36.2,23.0,344.0,0.0,0.0,United Arab Emirates
Abu Dhabi,AE,2015-04-18,12:00:00,1429333200,27.9,22.5,34.5,27.2,295.0,0.0,0.0,United Arab Emirates
Abu Dhabi,AE,2015-04-19,12:00:00,1429419600,27.0,24.7,30.2,31.1,300.0,0.0,0.0,United Arab Emirates
Abu Dhabi,AE,2015-04-20,12:00:00,1429506000,26.2,22.2,30.3,27.7,290.0,0.0,0.0,United Arab Emirates
Abu Dhabi,AE,2015-04-21,12:00:00,1429592400,25.7,20.8,30.4,24.2,285.0,0.0,0.0,United Arab Emirates
Abu Dhabi,AE,2015-04-22,12:00:00,1429678800,25.5,17.4,32.2,19.4,286.0,0.0,0.0,United Arab Emirates
Abu Dhabi,AE,2015-04-23,12:00:00,1429765200,27.8,18.9,35.2,19.2,333.0,0.0,0.0,United Arab Emirates
Abu Dhabi,AE,2015-04-24,12:00:00,1429851600,30.0,20.0,38.5,20.1,349.0,0.0,0.0,United Arab Emirates
Abu Dhabi,AE,2015-04-25,12:00:00,1429938000,26.9,21.9,31.0,27.8,298.0,0.0,0.0,United Arab Emirates
Abu Dhabi,AE,2015-04-26,12:00:00,1430024400,26.9,23.7,30.6,28.4,295.0,0.0,0.0,United Arab Emirates
Abu Dhabi,AE,2015-04-27,12:00:00,1430110800,26.8,21.9,31.8,26.1,289.0,0.0,0.0,United Arab Emirates
Abu Dhabi,AE,2015-04-28,12:00:00,1430197200,27.0,21.6,32.5,20.7,295.0,0.0,0.0,United Arab Emirates
Abu Dhabi,AE,2015-04-29,12:00:00,1430283600,27.9,20.7,34.0,22.7,284.0,0.0,0.0,United Arab Emirates
Abu Dhabi,AE,2015-04-30,12:00:00,1430370000,28.3,22.0,34.4,23.0,277.0,0.0,0.0,United Arab Emirates
Abu Dhabi,AE,2015-05-01,12:00:00,1430456400,28.7,21.8,35.5,20.1,310.0,0.0,0.0,United Arab Emirates
Abu Dhabi,AE,2015-05-02,12:00:00,1430542800,29.6,19.8,37.0,17.9,358.0,0.0,0.0,United Arab Emirates
Abu Dhabi,AE,2015-05-03,12:00:00,1430629200,31.0,21.3,38.2,18.8,50.0,0.0,0.0,United Arab Emirates
Abu Dhabi,AE,2015-05-04,12:00:00,1430715600,31.9,25.3,38.9,27.3,14.0,0.0,0.0,United Arab Emirates
Abu Dhabi,AE,2015-05-05,12:00:00,1430802000,31.3,26.8,36.1,28.8,1.0,0.0,0.0,United Arab Emirates
Abu Dhabi,AE,2015-05-06,12:00:00,1430888400,32.1,26.5,36.9,20.1,15.0,0.0,0.0,United Arab Emirates
Abu Dhabi,AE,2015-05-07,12:00:00,1430974800,34.0,26.6,40.8,21.9,109.0,0.0,0.0,United Arab Emirates
Abu Dhabi,AE,2015-05-08,12:00:00,1431061200,33.9,26.8,39.6,21.7,28.0,0.0,0.0,United Arab Emirates
Abu Dhabi,AE,2015-05-09,12:00:00,1431147600,33.5,27.7,37.5,27.5,12.0,0.0,0.0,United Arab Emirates
Abu Dhabi,AE,2015-05-10,12:00:00,1431234000,33.9,30.4,38.4,28.5,320.0,0.0,0.0,United Arab Emirates
Abu Dhabi,AE,2015-05-11,12:00:00,1431320400,32.2,24.8,38.5,18.0,332.0,0.0,0.0,United Arab Emirates
Abu Dhabi,AE,2015-05-12,12:00:00,1431406800,31.9,25.2,38.1,24.7,347.0,0.0,0.0,United Arab Emirates
Abu Dhabi,AE,2015-05-13,12:00:00,1431493200,31.8,23.5,39.5,25.2,349.0,0.0,0.0,United Arab Emirates
Abu Dhabi,AE,2015-05-14,12:00:00,1431579600,32.7,27.1,39.2,21.9,283.0,0.0,0.0,United Arab Emirates
Abu Dhabi,AE,2015-05-15,12:00:00,1431666000,31.5,25.0,37.7,21.2,273.0,0.0,0.0,United Arab Emirates
Abu Dhabi,AE,2015-05-16,12:00:00,1431752400,32.1,26.9,37.2,25.5,296.0,0.0,0.0,United Arab Emirates
Abu Dhabi,AE,2015-05-17,12:00:00,1431838800,32.8,30.1,36.5,37.1,315.0,0.0,0.0,United Arab Emirates
Abu Dhabi,AE,2015-05-18,12:00:00,1431925200,31.6,28.5,35.8,31.6,309.0,0.0,0.0,United Arab Emirates
Abu Dhabi,AE,2015-05-19,12:00:00,1432011600,30.2,25.7,34.5,23.6,285.0,0.0,0.0,United Arab Emirates
Abu Dhabi,AE,2015-05-20,12:00:00,1432098000,29.5,23.0,35.1,22.4,279.0,0.0,0.0,United Arab Emirates
Abu Dhabi,AE,2015-05-21,12:00:00,1432184400,30.0,21.0,37.3,16.1,253.0,0.0,0.0,United Arab Emirates
Abu Dhabi,AE,2015-05-22,12:00:00,1432270800,32.8,23.1,39.5,17.6,271.0,0.0,0.0,United Arab Emirates
Abu Dhabi,AE,2015-05-23,12:00:00,1432357200,33.0,24.8,39.6,21.4,248.0,0.0,0.0,United Arab Emirates
Abu Dhabi,AE,2015-05-24,12:00:00,1432443600,33.8,27.0,40.3,23.0,266.0,0.1,0.0,United Arab Emirates
Abu Dhabi,AE,2015-05-25,12:00:00,1432530000,32.9,26.2,39.4,27.9,273.0,0.0,0.0,United Arab Emirates
Abu Dhabi,AE,2015-05-26,12:00:00,1432616400,33.3,30.0,36.9,25.2,307.0,0.0,0.0,United Arab Emirates
Abu Dhabi,AE,2015-05-27,12:00:00,1432702800,34.1,29.7,37.7,31.4,289.0,0.0,0.0,United Arab Emirates
Abu Dhabi,AE,2015-05-28,12:00:00,1432789200,33.7,30.2,37.6,39.5,281.0,0.0,0.0,United Arab Emirates
Abu Dhabi,AE,2015-05-29,12:00:00,1432875600,31.7,25.8,36.7,15.3,284.0,0.0,0.0,United Arab Emirates
Abu Dhabi,AE,2015-05-30,12:00:00,1432962000,34.4,25.3,42.0,20.5,93.0,0.0,0.0,United Arab Emirates
Abu Dhabi,AE,2015-05-31,12:00:00,1433048400,34.0,26.5,39.8,21.0,303.0,0.0,0.0,United Arab Emirates
Abu Dhabi,AE,2015-06-01,12:00:00,1433134800,33.9,27.8,39.3,27.6,315.0,0.0,0.0,United Arab Emirates
Abu Dhabi,AE,2015-06-02,12:00:00,1433221200,33.8,27.7,39.9,23.7,336.0,0.0,0.0,United Arab Emirates
Abu Dhabi,AE,2015-06-03,12:00:00,1433307600,33.7,26.9,40.0,24.8,329.0,0.0,0.0,United Arab Emirates
Abu Dhabi,AE,2015-06-04,12:00:00,1433394000,34.3,27.0,41.5,22.2,37.0,0.0,0.0,United Arab Emirates
Abu Dhabi,AE,2015-06-05,12:00:00,1433480400,36.8,32.1,42.9,36.7,144.0,0.0,0.0,United Arab Emirates
Abu Dhabi,AE,2015-06-06,12:00:00,1433566800,35.3,31.7,39.2,26.7,168.0,0.1,0.0,United Arab Emirates
Abu Dhabi,AE,2015-06-07,12:00:00,1433653200,33.2,28.8,37.5,21.1,288.0,0.0,0.0,United Arab Emirates
Abu Dhabi,AE,2015-06-08,12:00:00,1433739600,32.1,26.2,37.4,20.5,338.0,0.0,0.0,United Arab Emirates
Abu Dhabi,AE,2015-06-09,12:00:00,1433826000,32.5,26.9,37.9,23.2,330.0,0.0,0.0,United Arab Emirates
Abu Dhabi,AE,2015-06-10,12:00:00,1433912400,33.3,28.2,37.6,22.9,345.0,0.0,0.0,United Arab Emirates
Abu Dhabi,AE,2015-06-11,12:00:00,1433998800,35.9,29.2,41.0,27.0,52.0,0.0,0.0,United Arab Emirates
Abu Dhabi,AE,2015-06-12,12:00:00,1434085200,34.5,29.7,39.3,28.4,24.0,0.0,0.0,United Arab Emirates
Abu Dhabi,AE,2015-06-13,12:00:00,1434171600,33.5,29.7,38.2,27.0,355.0,0.0,0.0,United Arab Emirates
Abu Dhabi,AE,2015-06-14,12:00:00,1434258000,33.6,29.6,38.4,25.9,359.0,0.0,0.0,United Arab Emirates
Abu Dhabi,AE,2015-06-15,12:00:00,1434344400,32.7,27.3,37.9,26.6,349.0,0.0,0.0,United Arab Emirates
Abu Dhabi,AE,2015-06-16,12:00:00,1434430800,32.6,28.0,38.8,22.4,317.0,0.0,0.0,United Arab Emirates
Abu Dhabi,AE,2015-06-17,12:00:00,1434517200,32.2,26.2,38.5,19.1,281.0,0.0,0.0,United Arab Emirates
Abu Dhabi,AE,2015-06-18,12:00:00,1434603600,32.7,27.6,38.3,19.8,322.0,0.0,0.0,United Arab Emirates
Abu Dhabi,AE,2015-06-19,12:00:00,1434690000,34.5,28.9,40.1,31.3,315.0,0.0,0.0,United Arab Emirates
Abu Dhabi,AE,2015-06-20,12:00:00,1434776400,33.6,30.9,36.7,28.7,300.0,0.0,0.0,United Arab Emirates
Abu Dhabi,AE,2015-06-21,12:00:00,1434862800,32.8,27.5,37.8,23.2,313.0,0.0,0.0,United Arab Emirates
Abu Dhabi,AE,2015-06-22,12:00:00,1434949200,33.6,29.6,37.7,28.7,295.0,0.0,0.0,United Arab Emirates
Abu Dhabi,AE,2015-06-23,12:00:00,1435035600,33.6,30.8,37.1,35.0,294.0,0.0,0.0,United Arab Emirates
Abu Dhabi,AE,2015-06-24,12:00:00,1435122000,34.0,31.4,37.5,31.6,289.0,0.0,0.0,United Arab Emirates
Abu Dhabi,AE,2015-06-25,12:00:00,1435208400,34.1,30.9,37.8,34.1,280.0,0.0,0.0,United Arab Emirates
Abu Dhabi,AE,2015-06-26,12:00:00,1435294800,34.3,31.2,38.2,27.1,288.0,0.0,0.0,United Arab Emirates
Abu Dhabi,AE,2015-06-27,12:00:00,1435381200,34.0,30.5,37.9,25.0,299.0,0.0,0.0,United Arab Emirates
Abu Dhabi,AE,2015-06-28,12:00:00,1435467600,34.0,29.3,38.7,28.7,269.0,0.0,0.0,United Arab Emirates
Abu Dhabi,AE,2015-06-29,12:00:00,1435554000,32.7,27.1,38.2,26.3,269.0,0.0,0.0,United Arab Emirates
Abu Dhabi,AE,2015-06-30,12:00:00,1435640400,31.5,26.6,36.7,18.4,323.0,0.0,0.0,United Arab Emirates
Abu Dhabi,AE,2015-07-01,12:00:00,1435726800,32.2,25.8,39.0,21.1,335.0,0.0,0.0,United Arab Emirates
Abu Dhabi,AE,2015-07-02,12:00:00,1435813200,33.0,27.7,38.4,20.4,293.0,0.0,0.0,United Arab Emirates
Abu Dhabi,AE,2015-07-03,12:00:00,1435899600,33.7,26.6,40.7,20.5,264.0,0.0,0.0,United Arab Emirates
Abu Dhabi,AE,2015-07-04,12:00:00,1435986000,35.7,29.2,42.8,23.5,203.0,0.0,0.0,United Arab Emirates
Abu Dhabi,AE,2015-07-05,12:00:00,1436072400,35.2,29.7,41.6,21.8,247.0,0.0,0.0,United Arab Emirates
Abu Dhabi,AE,2015-07-06,12:00:00,1436158800,32.8,27.5,37.8,21.9,268.0,0.0,0.0,United Arab Emirates
Abu Dhabi,AE,2015-07-07,12:00:00,1436245200,33.3,30.1,36.7,25.2,282.0,0.0,0.0,United Arab Emirates
Abu Dhabi,AE,2015-07-08,12:00:00,1436331600,33.4,28.7,38.2,15.3,257.0,0.0,0.0,United Arab Emirates
Abu Dhabi,AE,2015-07-09,12:00:00,1436418000,35.4,29.3,43.5,19.8,245.0,0.0,0.0,United Arab Emirates
Abu Dhabi,AE,2015-07-10,12:00:00,1436504400,33.9,29.9,38.5,24.5,308.0,0.0,0.0,United Arab Emirates
Abu Dhabi,AE,2015-07-11,12:00:00,1436590800,34.2,29.9,38.5,26.8,275.0,0.0,0.0,United Arab Emirates
Abu Dhabi,AE,2015-07-12,12:00:00,1436677200,35.3,25.9,43.0,24.9,93.0,0.0,0.0,United Arab Emirates
Abu Dhabi,AE,2015-07-13,12:00:00,1436763600,38.5,33.1,44.9,31.8,117.0,0.0,0.0,United Arab Emirates
Abu Dhabi,AE,2015-07-14,12:00:00,1436850000,37.8,33.4,42.4,26.3,129.0,0.0,0.0,United Arab Emirates
Abu Dhabi,AE,2015-07-15,12:00:00,1436936400,36.1,30.2,42.0,22.6,331.0,0.0,0.0,United Arab Emirates
Abu Dhabi,AE,2015-07-16,12:00:00,1437022800,34.9,28.4,39.7,24.8,288.0,0.0,0.0,United Arab Emirates
Abu Dhabi,AE,2015-07-17,12:00:00,1437109200,33.8,27.9,39.0,14.4,283.0,0.0,0.0,United Arab Emirates
Abu Dhabi,AE,2015-07-18,12:00:00,1437195600,34.2,28.6,40.9,21.2,286.0,0.0,0.0,United Arab Emirates
Abu Dhabi,AE,2015-07-19,12:00:00,1437282000,34.6,30.4,39.9,26.9,306.0,0.0,0.0,United Arab Emirates
Abu Dhabi,AE,2015-07-20,12:00:00,1437368400,34.7,26.9,42.5,20.7,258.0,0.0,0.0,United Arab Emirates
Abu Dhabi,AE,2015-07-21,12:00:00,1437454800,35.4,27.5,42.1,17.3,318.0,0.0,0.0,United Arab Emirates
Abu Dhabi,AE,2015-07-22,12:00:00,1437541200,34.4,27.3,41.2,21.4,344.0,0.0,0.0,United Arab Emirates
Abu Dhabi,AE,2015-07-23,12:00:00,1437627600,33.9,27.0,39.6,24.4,356.0,0.0,0.0,United Arab Emirates
Abu Dhabi,AE,2015-07-24,12:00:00,1437714000,34.7,28.9,40.1,22.1,360.0,0.0,0.0,United Arab Emirates
Abu Dhabi,AE,2015-07-25,12:00:00,1437800400,36.2,30.4,42.1,24.1,191.0,0.0,0.0,United Arab Emirates
Abu Dhabi,AE,2015-07-26,12:00:00,1437886800,36.6,31.1,42.2,23.8,352.0,0.0,0.0,United Arab Emirates
Abu Dhabi,AE,2015-07-27,12:00:00,1437973200,38.7,33.1,42.5,17.1,90.0,0.3,0.0,United Arab Emirates
Abu Dhabi,AE,2015-07-28,12:00:00,1438059600,38.9,34.7,42.8,19.9,190.0,0.0,0.0,United Arab Emirates
Abu Dhabi,AE,2015-07-29,12:00:00,1438146000,37.1,31.2,42.5,21.9,265.0,0.0,0.0,United Arab Emirates
Abu Dhabi,AE,2015-07-30,12:00:00,1438232400,36.8,32.0,41.6,20.3,229.0,0.0,0.0,United Arab Emirates
Abu Dhabi,AE,2015-07-31,12:00:00,1438318800,36.5,31.2,42.3,25.7,164.0,0.0,0.0,United Arab Emirates
Abu Dhabi,AE,2015-08-01,12:00:00,1438405200,36.0,30.5,41.4,25.9,164.0,0.0,0.0,United Arab Emirates
Abu Dhabi,AE,2015-08-02,12:00:00,1438491600,36.2,31.3,41.3,22.8,86.0,0.0,0.0,United Arab Emirates
Abu Dhabi,AE,2015-08-03,12:00:00,1438578000,36.6,31.8,42.0,25.6,118.0,0.0,0.0,United Arab Emirates
Abu Dhabi,AE,2015-08-04,12:00:00,1438664400,36.7,31.9,42.1,26.7,98.0,0.0,0.0,United Arab Emirates
Abu Dhabi,AE,2015-08-05,12:00:00,1438750800,36.2,31.5,41.5,21.1,354.0,0.0,0.0,United Arab Emirates
Abu Dhabi,AE,2015-08-06,12:00:00,1438837200,34.8,27.5,41.6,23.3,357.0,0.0,0.0,United Arab Emirates
Abu Dhabi,AE,2015-08-07,12:00:00,1438923600,35.2,28.1,42.3,24.9,25.0,0.0,0.0,United Arab Emirates
Abu Dhabi,AE,2015-08-08,12:00:00,1439010000,36.5,28.7,42.4,18.7,359.0,0.0,0.0,United Arab Emirates
Abu Dhabi,AE,2015-08-09,12:00:00,1439096400,35.7,30.2,42.4,27.6,328.0,0.0,0.0,United Arab Emirates
Abu Dhabi,AE,2015-08-10,12:00:00,1439182800,34.7,28.0,39.1,18.9,333.0,0.0,0.0,United Arab Emirates
Abu Dhabi,AE,2015-08-11,12:00:00,1439269200,37.9,31.3,45.1,26.1,21.0,0.0,0.0,United Arab Emirates
Abu Dhabi,AE,2015-08-12,12:00:00,1439355600,36.6,31.4,42.5,22.6,74.0,0.0,0.0,United Arab Emirates
Abu Dhabi,AE,2015-08-13,12:00:00,1439442000,35.7,30.7,40.9,21.6,60.0,0.0,0.0,United Arab Emirates
Abu Dhabi,AE,2015-08-14,12:00:00,1439528400,35.1,29.4,40.4,19.8,4.0,0.0,0.0,United Arab Emirates
Abu Dhabi,AE,2015-08-15,12:00:00,1439614800,35.1,29.7,42.2,27.0,16.0,0.0,0.0,United Arab Emirates
Abu Dhabi,AE,2015-08-16,12:00:00,1439701200,36.3,30.7,42.3,20.8,58.0,0.0,0.0,United Arab Emirates
Abu Dhabi,AE,2015-08-17,12:00:00,1439787600,35.2,28.4,41.8,24.2,6.0,0.0,0.0,United Arab Emirates
Abu Dhabi,AE,2015-08-18,12:00:00,1439874000,33.9,26.3,41.1,23.1,50.0,0.0,0.0,United Arab Emirates
Abu Dhabi,AE,2015-08-19,12:00:00,1439960400,35.5,29.3,41.1,31.0,172.0,0.0,0.0,United Arab Emirates
Abu Dhabi,AE,2015-08-20,12:00:00,1440046800,36.3,32.1,40.5,30.9,185.0,0.0,0.0,United Arab Emirates
Abu Dhabi,AE,2015-08-21,12:00:00,1440133200,36.8,32.5,40.9,27.4,184.0,0.0,0.0,United Arab Emirates
Abu Dhabi,AE,2015-08-22,12:00:00,1440219600,37.2,32.8,41.5,24.9,188.0,0.0,0.0,United Arab Emirates
Abu Dhabi,AE,2015-08-23,12:00:00,1440306000,36.7,32.5,41.8,21.1,221.0,0.0,0.0,United Arab Emirates
Abu Dhabi,AE,2015-08-24,12:00:00,1440392400,36.8,33.0,42.3,24.3,209.0,0.0,0.0,United Arab Emirates
Abu Dhabi,AE,2015-08-25,12:00:00,1440478800,36.4,31.6,42.2,26.8,209.0,0.0,0.0,United Arab Emirates
Abu Dhabi,AE,2015-08-26,12:00:00,1440565200,35.3,29.9,41.1,18.8,244.0,0.0,0.0,United Arab Emirates
Abu Dhabi,AE,2015-08-27,12:00:00,1440651600,34.0,27.7,41.3,20.3,327.0,0.0,0.0,United Arab Emirates
Abu Dhabi,AE,2015-08-28,12:00:00,1440738000,33.7,28.3,39.5,19.1,342.0,0.0,0.0,United Arab Emirates
Abu Dhabi,AE,2015-08-29,12:00:00,1440824400,36.0,29.7,42.5,20.1,32.0,0.0,0.0,United Arab Emirates
Abu Dhabi,AE,2015-08-30,12:00:00,1440910800,36.7,31.0,43.0,21.5,356.0,0.0,0.0,United Arab Emirates
Abu Dhabi,AE,2015-08-31,12:00:00,1440997200,36.0,30.1,42.1,19.0,316.0,0.0,0.0,United Arab Emirates
Abu Dhabi,AE,2015-09-01,12:00:00,1441083600,34.7,29.0,41.7,26.0,334.0,0.0,0.0,United Arab Emirates
Abu Dhabi,AE,2015-09-02,12:00:00,1441170000,34.2,28.9,38.9,22.4,323.0,0.0,0.0,United Arab Emirates
Abu Dhabi,AE,2015-09-03,12:00:00,1441256400,34.4,29.7,38.6,23.4,300.0,0.0,0.0,United Arab Emirates
Abu Dhabi,AE,2015-09-04,12:00:00,1441342800,34.0,26.7,40.6,23.2,119.0,0.0,0.0,United Arab Emirates
Abu Dhabi,AE,2015-09-05,12:00:00,1441429200,34.6,29.6,39.1,27.9,123.0,0.0,0.0,United Arab Emirates
Abu Dhabi,AE,2015-09-06,12:00:00,1441515600,34.0,29.5,38.0,19.4,301.0,0.0,0.0,United Arab Emirates
Abu Dhabi,AE,2015-09-07,12:00:00,1441602000,33.9,29.2,38.3,23.8,285.0,0.0,0.0,United Arab Emirates
Abu Dhabi,AE,2015-09-08,12:00:00,1441688400,33.1,27.2,38.4,21.5,287.0,0.0,0.0,United Arab Emirates
Abu Dhabi,AE,2015-09-09,12:00:00,1441774800,33.0,26.9,38.6,22.4,296.0,0.0,0.0,United Arab Emirates
Abu Dhabi,AE,2015-09-10,12:00:00,1441861200,33.3,28.2,38.2,21.6,311.0,0.0,0.0,United Arab Emirates
Abu Dhabi,AE,2015-09-11,12:00:00,1441947600,33.3,28.2,39.1,20.9,351.0,0.2,0.0,United Arab Emirates
Abu Dhabi,AE,2015-09-12,12:00:00,1442034000,32.9,26.3,38.4,19.2,27.0,0.6,0.0,United Arab Emirates
Abu Dhabi,AE,2015-09-13,12:00:00,1442120400,34.1,28.5,39.3,18.8,25.0,0.6,0.0,United Arab Emirates
Abu Dhabi,AE,2015-09-14,12:00:00,1442206800,33.7,27.5,39.4,21.6,6.0,0.0,0.0,United Arab Emirates
Abu Dhabi,AE,2015-09-15,12:00:00,1442293200,32.9,27.1,39.2,24.0,311.0,0.0,0.0,United Arab Emirates
Abu Dhabi,AE,2015-09-16,12:00:00,1442379600,31.8,26.6,37.1,19.5,334.0,0.0,0.0,United Arab Emirates
Abu Dhabi,AE,2015-09-17,12:00:00,1442466000,31.6,25.9,36.9,20.1,356.0,0.0,0.0,United Arab Emirates
Abu Dhabi,AE,2015-09-18,12:00:00,1442552400,32.4,27.0,38.0,22.0,354.0,0.0,0.0,United Arab Emirates
Abu Dhabi,AE,2015-09-19,12:00:00,1442638800,32.4,27.0,37.1,23.5,342.0,0.0,0.0,United Arab Emirates
Abu Dhabi,AE,2015-09-20,12:00:00,1442725200,33.5,27.5,39.5,27.6,3.0,0.0,0.0,United Arab Emirates
Abu Dhabi,AE,2015-09-21,12:00:00,1442811600,34.3,28.9,40.0,28.4,21.0,0.0,0.0,United Arab Emirates
Abu Dhabi,AE,2015-09-22,12:00:00,1442898000,32.7,25.8,38.8,24.0,39.0,0.0,0.0,United Arab Emirates
Abu Dhabi,AE,2015-09-23,12:00:00,1442984400,31.7,24.6,38.2,23.7,47.0,0.0,0.0,United Arab Emirates
Abu Dhabi,AE,2015-09-24,12:00:00,1443070800,30.5,23.5,36.2,19.9,347.0,0.0,0.0,United Arab Emirates
Abu Dhabi,AE,2015-09-25,12:00:00,1443157200,31.1,26.1,35.8,19.1,336.0,0.0,0.0,United Arab Emirates
Abu Dhabi,AE,2015-09-26,12:00:00,1443243600,31.1,25.9,36.8,24.7,347.0,0.0,0.0,United Arab Emirates
Abu Dhabi,AE,2015-09-27,12:00:00,1443330000,30.4,25.4,35.9,20.5,356.0,0.0,0.0,United Arab Emirates
Abu Dhabi,AE,2015-09-28,12:00:00,1443416400,30.3,24.4,36.2,16.8,355.0,0.0,0.0,United Arab Emirates
Abu Dhabi,AE,2015-09-29,12:00:00,1443502800,31.3,25.7,36.7,21.0,42.0,0.0,0.0,United Arab Emirates
Abu Dhabi,AE,2015-09-30,12:00:00,1443589200,32.8,28.3,38.4,30.3,120.0,0.0,0.0,United Arab Emirates
Abu Dhabi,AE,2015-10-01,12:00:00,1443675600,31.8,26.4,37.1,24.9,121.0,0.0,0.0,United Arab Emirates
Abu Dhabi,AE,2015-10-02,12:00:00,1443762000,31.0,25.0,36.1,25.2,319.0,0.0,0.0,United Arab Emirates
Abu Dhabi,AE,2015-10-03,12:00:00,1443848400,32.0,28.0,36.1,21.0,320.0,0.0,0.0,United Arab Emirates
Abu Dhabi,AE,2015-10-04,12:00:00,1443934800,31.8,28.6,36.6,18.8,316.0,0.0,0.0,United Arab Emirates
Abu Dhabi,AE,2015-10-05,12:00:00,1444021200,31.0,26.7,36.0,20.7,345.0,0.0,0.0,United Arab Emirates
Abu Dhabi,AE,2015-10-06,12:00:00,1444107600,31.6,26.6,37.8,20.8,10.0,0.0,0.0,United Arab Emirates
Abu Dhabi,AE,2015-10-07,12:00:00,1444194000,31.6,24.9,36.9,16.2,26.0,0.0,0.0,United Arab Emirates
Abu Dhabi,AE,2015-10-08,12:00:00,1444280400,31.7,25.2,37.9,19.0,277.0,0.0,0.0,United Arab Emirates
Abu Dhabi,AE,2015-10-09,12:00:00,1444366800,30.1,24.1,35.4,18.3,298.0,0.0,0.0,United Arab Emirates
Abu Dhabi,AE,2015-10-10,12:00:00,1444453200,29.8,22.8,35.9,19.9,271.0,0.0,0.0,United Arab Emirates
Abu Dhabi,AE,2015-10-11,12:00:00,1444539600,32.0,27.5,36.5,27.5,307.0,0.0,0.0,United Arab Emirates
Abu Dhabi,AE,2015-10-12,12:00:00,1444626000,31.2,26.5,35.6,19.5,277.0,0.0,0.0,United Arab Emirates
Abu Dhabi,AE,2015-10-13,12:00:00,1444712400,29.9,25.8,33.9,17.6,313.0,0.0,0.0,United Arab Emirates
Abu Dhabi,AE,2015-10-14,12:00:00,1444798800,30.0,24.2,34.9,20.6,16.0,0.0,0.0,United Arab Emirates
Abu Dhabi,AE,2015-10-15,12:00:00,1444885200,31.8,27.3,36.1,25.2,80.0,0.0,0.0,United Arab Emirates
Abu Dhabi,AE,2015-10-16,12:00:00,1444971600,31.3,27.1,35.6,21.6,70.0,0.0,0.0,United Arab Emirates
Abu Dhabi,AE,2015-10-17,12:00:00,1445058000,30.8,25.9,35.5,22.3,348.0,0.0,0.0,United Arab Emirates
Abu Dhabi,AE,2015-10-18,12:00:00,1445144400,29.4,24.0,34.0,21.3,289.0,0.0,0.0,United Arab Emirates
Abu Dhabi,AE,2015-10-19,12:00:00,1445230800,29.4,24.8,34.1,21.0,2.0,0.0,0.0,United Arab Emirates
Abu Dhabi,AE,2015-10-20,12:00:00,1445317200,29.0,24.6,33.2,22.5,341.0,0.2,0.0,United Arab Emirates
Abu Dhabi,AE,2015-10-21,12:00:00,1445403600,29.8,24.9,33.9,21.7,359.0,0.0,0.0,United Arab Emirates
Abu Dhabi,AE,2015-10-22,12:00:00,1445490000,31.4,25.5,37.1,23.8,75.0,0.0,0.0,United Arab Emirates
Abu Dhabi,AE,2015-10-23,12:00:00,1445576400,30.5,26.9,35.0,21.2,308.0,0.0,0.0,United Arab Emirates
Abu Dhabi,AE,2015-10-24,12:00:00,1445662800,29.7,25.4,32.9,23.9,307.0,0.0,0.0,United Arab Emirates
Abu Dhabi,AE,2015-10-25,12:00:00,1445749200,29.2,24.0,33.0,20.1,356.0,0.0,0.0,United Arab Emirates
Abu Dhabi,AE,2015-10-26,12:00:00,1445835600,30.1,24.6,34.5,14.5,30.0,0.0,0.0,United Arab Emirates
Abu Dhabi,AE,2015-10-27,12:00:00,1445922000,31.2,24.9,36.6,28.4,121.0,0.0,0.0,United Arab Emirates
Abu Dhabi,AE,2015-10-28,12:00:00,1446008400,31.3,26.7,35.2,22.2,100.0,0.0,0.0,United Arab Emirates
Abu Dhabi,AE,2015-10-29,12:00:00,1446094800,30.0,25.9,33.8,29.2,114.0,0.0,0.0,United Arab Emirates
Abu Dhabi,AE,2015-10-30,12:00:00,1446181200,28.5,23.0,33.3,22.7,117.0,0.0,0.0,United Arab Emirates
Abu Dhabi,AE,2015-10-31,12:00:00,1446267600,27.8,21.3,32.6,18.5,42.0,0.0,0.0,United Arab Emirates
Abu Dhabi,AE,2015-11-01,12:00:00,1446354000,27.3,21.0,32.0,17.3,29.0,0.0,0.0,United Arab Emirates
Abu Dhabi,AE,2015-11-02,12:00:00,1446440400,27.5,21.2,32.3,17.9,24.0,0.0,0.0,United Arab Emirates
Abu Dhabi,AE,2015-11-03,12:00:00,1446526800,27.9,22.2,32.4,22.0,7.0,0.0,0.0,United Arab Emirates
Abu Dhabi,AE,2015-11-04,12:00:00,1446613200,28.6,24.0,32.7,21.5,325.0,0.0,0.0,United Arab Emirates
Abu Dhabi,AE,2015-11-05,12:00:00,1446699600,28.6,24.3,32.8,16.9,339.0,0.0,0.0,United Arab Emirates
Abu Dhabi,AE,2015-11-06,12:00:00,1446786000,27.9,22.7,32.8,18.7,356.0,0.0,0.0,United Arab Emirates
Abu Dhabi,AE,2015-11-07,12:00:00,1446872400,27.7,23.5,32.3,16.9,1.0,0.0,0.0,United Arab Emirates
Abu Dhabi,AE,2015-11-08,12:00:00,1446958800,28.1,22.6,33.7,19.9,60.0,0.0,0.0,United Arab Emirates
Abu Dhabi,AE,2015-11-09,12:00:00,1447045200,27.9,23.9,32.2,16.0,308.0,0.0,0.0,United Arab Emirates
Abu Dhabi,AE,2015-11-10,12:00:00,1447131600,29.3,22.6,35.5,29.6,171.0,0.0,0.0,United Arab Emirates
Abu Dhabi,AE,2015-11-11,12:00:00,1447218000,30.4,25.8,35.0,34.4,170.0,0.0,0.0,United Arab Emirates
Abu Dhabi,AE,2015-11-12,12:00:00,1447304400,26.1,24.7,29.0,34.2,337.0,1.1,0.0,United Arab Emirates
Abu Dhabi,AE,2015-11-13,12:00:00,1447390800,25.5,23.4,27.9,25.7,316.0,0.0,0.0,United Arab Emirates
Abu Dhabi,AE,2015-11-14,12:00:00,1447477200,25.2,23.1,27.5,29.9,307.0,0.0,0.0,United Arab Emirates
Abu Dhabi,AE,2015-11-15,12:00:00,1447563600,25.8,23.8,28.3,24.2,323.0,0.0,0.0,United Arab Emirates
Abu Dhabi,AE,2015-11-16,12:00:00,1447650000,25.2,18.5,30.7,14.4,52.0,0.0,0.0,United Arab Emirates
Abu Dhabi,AE,2015-11-17,12:00:00,1447736400,25.1,17.8,30.0,16.2,28.0,0.0,0.0,United Arab Emirates
Abu Dhabi,AE,2015-11-18,12:00:00,1447822800,25.6,19.2,30.0,15.5,58.0,0.0,0.0,United Arab Emirates
Abu Dhabi,AE,2015-11-19,12:00:00,1447909200,25.7,20.4,30.0,19.7,31.0,0.0,0.0,United Arab Emirates
Abu Dhabi,AE,2015-11-20,12:00:00,1447995600,25.6,20.3,29.5,19.8,360.0,0.0,0.0,United Arab Emirates
Abu Dhabi,AE,2015-11-21,12:00:00,1448082000,25.6,23.8,27.8,26.4,327.0,0.0,0.0,United Arab Emirates
Abu Dhabi,AE,2015-11-22,12:00:00,1448168400,24.2,21.9,26.7,21.7,313.0,0.0,0.0,United Arab Emirates
Abu Dhabi,AE,2015-11-23,12:00:00,1448254800,23.7,16.8,29.2,27.3,42.0,0.0,0.0,United Arab Emirates
Abu Dhabi,AE,2015-11-24,12:00:00,1448341200,24.9,20.6,29.5,27.6,62.0,0.1,0.0,United Arab Emirates
Abu Dhabi,AE,2015-11-25,12:00:00,1448427600,25.5,22.8,28.9,30.1,70.0,0.2,0.0,United Arab Emirates
Abu Dhabi,AE,2015-11-26,12:00:00,1448514000,25.0,20.3,29.6,21.0,41.0,0.0,0.0,United Arab Emirates
Abu Dhabi,AE,2015-11-27,12:00:00,1448600400,24.6,20.0,28.3,25.2,334.0,0.0,0.0,United Arab Emirates
Abu Dhabi,AE,2015-11-28,12:00:00,1448686800,24.8,23.1,27.0,25.7,300.0,0.0,0.0,United Arab Emirates
Abu Dhabi,AE,2015-11-29,12:00:00,1448773200,24.5,21.0,27.9,20.9,305.0,0.0,0.0,United Arab Emirates
Abu Dhabi,AE,2015-11-30,12:00:00,1448859600,23.8,20.1,27.5,20.6,339.0,0.0,0.0,United Arab Emirates
Abu Dhabi,AE,2015-12-01,12:00:00,1448946000,23.9,19.0,28.3,18.8,26.0,0.0,0.0,United Arab Emirates
Abu Dhabi,AE,2015-12-02,12:00:00,1449032400,24.2,20.0,28.2,17.7,19.0,0.0,0.0,United Arab Emirates
Abu Dhabi,AE,2015-12-03,12:00:00,1449118800,23.4,18.6,27.5,14.7,358.0,0.0,0.0,United Arab Emirates
Abu Dhabi,AE,2015-12-04,12:00:00,1449205200,23.2,18.9,26.7,16.5,323.0,0.0,0.0,United Arab Emirates
Abu Dhabi,AE,2015-12-05,12:00:00,1449291600,24.9,21.6,28.6,25.5,322.0,0.0,0.0,United Arab Emirates
Abu Dhabi,AE,2015-12-06,12:00:00,1449378000,24.8,21.4,28.0,26.5,328.0,0.0,0.0,United Arab Emirates
Abu Dhabi,AE,2015-12-07,12:00:00,1449464400,21.4,19.2,23.1,38.2,314.0,0.0,0.0,United Arab Emirates
Abu Dhabi,AE,2015-12-08,12:00:00,1449550800,20.1,18.8,21.5,33.9,302.0,0.0,0.0,United Arab Emirates
Abu Dhabi,AE,2015-12-09,12:00:00,1449637200,21.1,18.5,23.7,21.1,326.0,0.0,0.0,United Arab Emirates
Abu Dhabi,AE,2015-12-10,12:00:00,1449723600,20.4,16.1,24.8,24.8,32.0,0.0,0.0,United Arab Emirates
Abu Dhabi,AE,2015-12-11,12:00:00,1449810000,20.3,15.0,25.6,22.2,41.0,0.0,0.0,United Arab Emirates
Abu Dhabi,AE,2015-12-12,12:00:00,1449896400,20.3,15.2,24.3,19.3,11.0,0.0,0.0,United Arab Emirates
Abu Dhabi,AE,2015-12-13,12:00:00,1449982800,20.1,14.9,24.7,17.0,25.0,0.0,0.0,United Arab Emirates
Abu Dhabi,AE,2015-12-14,12:00:00,1450069200,20.6,13.6,26.7,18.7,125.0,0.0,0.0,United Arab Emirates
Abu Dhabi,AE,2015-12-15,12:00:00,1450155600,20.4,13.1,25.1,23.4,286.0,0.0,0.0,United Arab Emirates
Abu Dhabi,AE,2015-12-16,12:00:00,1450242000,20.9,19.0,23.5,29.6,317.0,0.0,0.0,United Arab Emirates
Abu Dhabi,AE,2015-12-17,12:00:00,1450328400,20.3,16.5,23.9,15.8,358.0,0.0,0.0,United Arab Emirates
Abu Dhabi,AE,2015-12-18,12:00:00,1450414800,20.3,16.9,24.2,14.1,12.0,0.0,0.0,United Arab Emirates
Abu Dhabi,AE,2015-12-19,12:00:00,1450501200,19.7,13.7,24.1,17.5,2.0,0.0,0.0,United Arab Emirates
Abu Dhabi,AE,2015-12-20,12:00:00,1450587600,20.6,16.5,25.2,15.4,327.0,0.0,0.0,United Arab Emirates
Abu Dhabi,AE,2015-12-21,12:00:00,1450674000,21.0,17.8,24.7,18.1,308.0,0.0,0.0,United Arab Emirates
Abu Dhabi,AE,2015-12-22,12:00:00,1450760400,21.4,19.7,23.9,24.2,315.0,0.0,0.0,United Arab Emirates
Abu Dhabi,AE,2015-12-23,12:00:00,1450846800,21.4,16.1,26.2,19.7,27.0,0.0,0.0,United Arab Emirates
Abu Dhabi,AE,2015-12-24,12:00:00,1450933200,22.9,17.5,27.8,26.6,138.0,0.0,0.0,United Arab Emirates
Abu Dhabi,AE,2015-12-25,12:00:00,1451019600,22.2,18.8,26.5,27.3,158.0,0.0,0.0,United Arab Emirates
Abu Dhabi,AE,2015-12-26,12:00:00,1451106000,20.4,18.6,22.4,30.0,13.0,3.6,0.0,United Arab Emirates
Abu Dhabi,AE,2015-12-27,12:00:00,1451192400,20.5,18.1,23.3,18.2,3.0,0.0,0.0,United Arab Emirates
Abu Dhabi,AE,2015-12-28,12:00:00,1451278800,20.3,17.6,23.2,20.8,346.0,0.0,0.0,United Arab Emirates
Abu Dhabi,AE,2015-12-29,12:00:00,1451365200,20.2,16.7,23.5,17.4,346.0,0.0,0.0,United Arab Emirates
Abu Dhabi,AE,2015-12-30,12:00:00,1451451600,19.8,14.3,25.0,14.6,41.0,0.0,0.0,United Arab Emirates
Abu Dhabi,AE,2015-12-31,12:00:00,1451538000,21.1,14.2,27.1,14.4,82.0,0.0,0.0,United Arab Emirates
Abu Dhabi,AE,2016-01-01,12:00:00,1451624400,22.4,15.8,28.9,25.3,135.0,0.0,0.0,United Arab Emirates
Abu Dhabi,AE,2016-01-02,12:00:00,1451710800,22.7,17.9,27.3,26.1,153.0,0.0,0.0,United Arab Emirates
Abu Dhabi,AE,2016-01-03,12:00:00,1451797200,20.7,17.2,24.3,33.9,312.0,3.1,0.0,United Arab Emirates
Abu Dhabi,AE,2016-01-04,12:00:00,1451883600,18.4,16.6,20.8,26.5,303.0,0.0,0.0,United Arab Emirates
Abu Dhabi,AE,2016-01-05,12:00:00,1451970000,19.1,15.5,22.3,23.6,305.0,0.0,0.0,United Arab Emirates
Abu Dhabi,AE,2016-01-06,12:00:00,1452056400,20.0,17.3,23.0,26.3,294.0,0.0,0.0,United Arab Emirates
Abu Dhabi,AE,2016-01-07,12:00:00,1452142800,19.5,16.6,22.9,24.2,296.0,0.0,0.0,United Arab Emirates
Abu Dhabi,AE,2016-01-08,12:00:00,1452229200,18.6,14.5,22.8,15.3,277.0,0.0,0.0,United Arab Emirates
Abu Dhabi,AE,2016-01-09,12:00:00,1452315600,18.8,12.9,25.2,12.2,132.0,0.0,0.0,United Arab Emirates
Abu Dhabi,AE,2016-01-10,12:00:00,1452402000,19.6,12.9,25.4,19.4,319.0,0.0,0.0,United Arab Emirates
Abu Dhabi,AE,2016-01-11,12:00:00,1452488400,19.9,17.5,22.4,23.7,312.0,0.0,0.0,United Arab Emirates
Abu Dhabi,AE,2016-01-12,12:00:00,1452574800,18.5,12.1,22.6,14.8,320.0,0.0,0.0,United Arab Emirates
Abu Dhabi,AE,2016-01-13,12:00:00,1452661200,19.1,17.3,21.5,26.3,302.0,1.0,0.0,United Arab Emirates
Abu Dhabi,AE,2016-01-14,12:00:00,1452747600,19.2,17.1,22.0,19.1,306.0,0.0,0.0,United Arab Emirates
Abu Dhabi,AE,2016-01-15,12:00:00,1452834000,18.2,14.9,21.9,15.3,310.0,0.0,0.0,United Arab Emirates
Abu Dhabi,AE,2016-01-16,12:00:00,1452920400,17.7,14.0,21.7,19.6,306.0,0.0,0.0,United Arab Emirates
Abu Dhabi,AE,2016-01-17,12:00:00,1453006800,19.7,16.4,23.4,24.5,301.0,0.0,0.0,United Arab Emirates
Abu Dhabi,AE,2016-01-18,12:00:00,1453093200,19.3,14.4,24.6,19.7,10.0,0.0,0.0,United Arab Emirates
Abu Dhabi,AE,2016-01-19,12:00:00,1453179600,18.7,10.5,25.3,12.2,47.0,0.0,0.0,United Arab Emirates
Abu Dhabi,AE,2016-01-20,12:00:00,1453266000,19.3,13.4,24.0,15.6,309.0,0.0,0.0,United Arab Emirates
Abu Dhabi,AE,2016-01-21,12:00:00,1453352400,18.1,13.0,23.0,15.5,333.0,0.0,0.0,United Arab Emirates
Abu Dhabi,AE,2016-01-22,12:00:00,1453438800,19.5,16.0,23.6,17.3,311.0,0.0,0.0,United Arab Emirates
Abu Dhabi,AE,2016-01-23,12:00:00,1453525200,18.7,14.5,22.2,9.4,249.0,0.0,0.0,United Arab Emirates
Abu Dhabi,AE,2016-01-24,12:00:00,1453611600,19.0,12.8,25.2,12.2,80.0,0.0,0.0,United Arab Emirates
Abu Dhabi,AE,2016-01-25,12:00:00,1453698000,20.2,13.5,26.6,17.7,174.0,0.0,0.0,United Arab Emirates
Abu Dhabi,AE,2016-01-26,12:00:00,1453784400,20.6,17.5,24.2,21.4,315.0,0.0,0.0,United Arab Emirates
Abu Dhabi,AE,2016-01-27,12:00:00,1453870800,21.0,17.0,25.0,19.2,322.0,0.0,0.0,United Arab Emirates
Abu Dhabi,AE,2016-01-28,12:00:00,1453957200,20.3,18.4,23.2,27.3,330.0,0.0,0.0,United Arab Emirates
Abu Dhabi,AE,2016-01-29,12:00:00,1454043600,17.4,15.9,19.0,32.1,312.0,0.0,0.0,United Arab Emirates
Abu Dhabi,AE,2016-01-30,12:00:00,1454130000,17.2,15.9,19.2,30.2,301.0,0.0,0.0,United Arab Emirates
Abu Dhabi,AE,2016-01-31,12:00:00,1454216400,17.5,15.6,19.8,24.2,311.0,0.0,0.0,United Arab Emirates
Abu Dhabi,AE,2016-02-01,12:00:00,1454302800,17.2,13.2,21.1,20.0,307.0,0.0,0.0,United Arab Emirates
Abu Dhabi,AE,2016-02-02,12:00:00,1454389200,17.2,13.4,20.8,16.6,306.0,0.0,0.0,United Arab Emirates
Abu Dhabi,AE,2016-02-03,12:00:00,1454475600,17.5,13.2,21.0,18.3,302.0,0.0,0.0,United Arab Emirates
Abu Dhabi,AE,2016-02-04,12:00:00,1454562000,19.7,17.3,22.7,29.3,313.0,0.0,0.0,United Arab Emirates
Abu Dhabi,AE,2016-02-05,12:00:00,1454648400,19.8,15.2,25.1,21.8,5.0,0.0,0.0,United Arab Emirates
Abu Dhabi,AE,2016-02-06,12:00:00,1454734800,18.9,13.8,24.1,20.3,338.0,0.0,0.0,United Arab Emirates
Abu Dhabi,AE,2016-02-07,12:00:00,1454821200,17.6,11.1,23.1,12.6,347.0,0.0,0.0,United Arab Emirates
Abu Dhabi,AE,2016-02-08,12:00:00,1454907600,19.0,11.3,26.0,13.8,77.0,0.0,0.0,United Arab Emirates
Abu Dhabi,AE,2016-02-09,12:00:00,1454994000,18.5,13.4,22.9,30.6,306.0,0.0,0.0,United Arab Emirates
Abu Dhabi,AE,2016-02-10,12:00:00,1455080400,18.4,15.7,21.5,24.0,307.0,0.0,0.0,United Arab Emirates
Abu Dhabi,AE,2016-02-11,12:00:00,1455166800,17.7,12.9,22.2,20.9,282.0,0.0,0.0,United Arab Emirates
Abu Dhabi,AE,2016-02-12,12:00:00,1455253200,18.4,16.5,20.8,34.8,307.0,0.0,0.0,United Arab Emirates
Abu Dhabi,AE,2016-02-13,12:00:00,1455339600,18.8,16.4,21.7,20.8,308.0,0.0,0.0,United Arab Emirates
Abu Dhabi,AE,2016-02-14,12:00:00,1455426000,18.1,13.5,22.0,18.7,310.0,0.0,0.0,United Arab Emirates
Abu Dhabi,AE,2016-02-15,12:00:00,1455512400,18.5,14.4,22.8,21.9,312.0,0.0,0.0,United Arab Emirates
Abu Dhabi,AE,2016-02-16,12:00:00,1455598800,18.6,14.0,22.8,20.8,299.0,0.0,0.0,United Arab Emirates
Abu Dhabi,AE,2016-02-17,12:00:00,1455685200,18.5,14.5,22.4,20.0,333.0,0.0,0.0,United Arab Emirates
Abu Dhabi,AE,2016-02-18,12:00:00,1455771600,19.6,16.1,23.2,24.1,350.0,0.4,0.0,United Arab Emirates
Abu Dhabi,AE,2016-02-19,12:00:00,1455858000,19.2,15.0,23.8,22.0,305.0,0.0,0.0,United Arab Emirates
Abu Dhabi,AE,2016-02-20,12:00:00,1455944400,18.3,12.1,24.5,16.8,331.0,0.0,0.0,United Arab Emirates
Abu Dhabi,AE,2016-02-21,12:00:00,1456030800,18.5,10.7,25.6,14.2,28.0,0.0,0.0,United Arab Emirates
Abu Dhabi,AE,2016-02-22,12:00:00,1456117200,21.4,12.8,28.9,14.8,74.0,0.0,0.0,United Arab Emirates
Abu Dhabi,AE,2016-02-23,12:00:00,1456203600,24.0,15.6,30.8,21.0,119.0,0.0,0.0,United Arab Emirates
Abu Dhabi,AE,2016-02-24,12:00:00,1456290000,25.9,22.6,28.9,16.7,327.0,0.0,0.0,United Arab Emirates
Abu Dhabi,AE,2016-02-25,12:00:00,1456376400,22.8,20.4,26.1,23.7,314.0,0.0,0.0,United Arab Emirates
Abu Dhabi,AE,2016-02-26,12:00:00,1456462800,21.1,18.1,23.9,27.3,309.0,0.5,0.0,United Arab Emirates
Abu Dhabi,AE,2016-02-27,12:00:00,1456549200,22.1,17.0,27.7,20.5,6.0,0.0,0.0,United Arab Emirates
Abu Dhabi,AE,2016-02-28,12:00:00,1456635600,23.7,18.5,29.9,20.5,22.0,0.0,0.0,United Arab Emirates
Abu Dhabi,AE,2016-02-29,12:00:00,1456722000,23.2,19.4,28.1,26.7,329.0,0.0,0.0,United Arab Emirates
Abu Dhabi,AE,2016-03-01,12:00:00,1456808400,21.7,19.3,24.1,24.0,298.0,0.0,0.0,United Arab Emirates
Abu Dhabi,AE,2016-03-02,12:00:00,1456894800,20.2,15.7,24.3,18.5,310.0,0.0,0.0,United Arab Emirates
Abu Dhabi,AE,2016-03-03,12:00:00,1456981200,21.3,14.6,27.3,27.7,16.0,0.0,0.0,United Arab Emirates
Abu Dhabi,AE,2016-03-04,12:00:00,1457067600,22.6,16.8,28.1,22.0,26.0,0.0,0.0,United Arab Emirates
Abu Dhabi,AE,2016-03-05,12:00:00,1457154000,23.4,17.7,28.9,19.1,19.0,0.0,0.0,United Arab Emirates
Abu Dhabi,AE,2016-03-06,12:00:00,1457240400,23.4,19.5,29.3,15.6,19.0,0.4,0.0,United Arab Emirates
Abu Dhabi,AE,2016-03-07,12:00:00,1457326800,23.3,20.0,27.7,19.2,154.0,0.6,0.0,United Arab Emirates
Abu Dhabi,AE,2016-03-08,12:00:00,1457413200,22.5,18.0,26.3,22.1,173.0,1.5,0.0,United Arab Emirates
Abu Dhabi,AE,2016-03-09,12:00:00,1457499600,22.2,20.2,24.6,23.8,98.0,23.4,0.0,United Arab Emirates
Abu Dhabi,AE,2016-03-10,12:00:00,1457586000,21.6,19.6,24.4,16.4,277.0,0.5,0.0,United Arab Emirates
Abu Dhabi,AE,2016-03-11,12:00:00,1457672400,20.9,17.6,24.8,15.5,271.0,0.0,0.0,United Arab Emirates
Abu Dhabi,AE,2016-03-12,12:00:00,1457758800,21.2,15.8,27.4,10.8,269.0,0.0,0.0,United Arab Emirates
Abu Dhabi,AE,2016-03-13,12:00:00,1457845200,23.1,19.3,27.8,22.7,292.0,0.0,0.0,United Arab Emirates
Abu Dhabi,AE,2016-03-14,12:00:00,1457931600,22.9,18.7,27.8,29.5,298.0,0.0,0.0,United Arab Emirates
Abu Dhabi,AE,2016-03-15,12:00:00,1458018000,24.2,19.2,29.6,22.1,358.0,0.0,0.0,United Arab Emirates
Abu Dhabi,AE,2016-03-16,12:00:00,1458104400,24.9,22.6,28.0,26.3,351.0,0.1,0.0,United Arab Emirates
Abu Dhabi,AE,2016-03-17,12:00:00,1458190800,23.7,21.0,27.0,20.3,315.0,0.0,0.0,United Arab Emirates
Abu Dhabi,AE,2016-03-18,12:00:00,1458277200,23.8,21.6,26.6,26.7,322.0,0.0,0.0,United Arab Emirates
Abu Dhabi,AE,2016-03-19,12:00:00,1458363600,23.1,20.7,26.0,26.3,299.0,0.0,0.0,United Arab Emirates
Abu Dhabi,AE,2016-03-20,12:00:00,1458450000,22.7,20.1,26.3,22.9,306.0,0.0,0.0,United Arab Emirates
Abu Dhabi,AE,2016-03-21,12:00:00,1458536400,24.3,15.5,30.9,13.7,51.0,0.0,0.0,United Arab Emirates
Abu Dhabi,AE,2016-03-22,12:00:00,1458622800,24.9,22.2,28.5,33.5,26.0,0.4,0.0,United Arab Emirates
Abu Dhabi,AE,2016-03-23,12:00:00,1458709200,23.6,21.3,26.9,27.0,329.0,0.6,0.0,United Arab Emirates
Abu Dhabi,AE,2016-03-24,12:00:00,1458795600,22.2,19.4,25.6,28.4,307.0,0.0,0.0,United Arab Emirates
Abu Dhabi,AE,2016-03-25,12:00:00,1458882000,22.1,18.0,26.7,22.3,335.0,0.0,0.0,United Arab Emirates
Abu Dhabi,AE,2016-03-26,12:00:00,1458968400,22.8,17.7,28.4,22.7,354.0,0.0,0.0,United Arab Emirates
Abu Dhabi,AE,2016-03-27,12:00:00,1459054800,26.0,17.2,33.3,19.0,133.0,0.0,0.0,United Arab Emirates
Abu Dhabi,AE,2016-03-28,12:00:00,1459141200,28.3,22.0,34.7,27.9,149.0,0.0,0.0,United Arab Emirates
Abu Dhabi,AE,2016-03-29,12:00:00,1459227600,31.0,25.6,36.7,30.6,158.0,0.0,0.0,United Arab Emirates
Abu Dhabi,AE,2016-03-30,12:00:00,1459314000,27.8,23.5,31.3,27.8,224.0,0.0,0.0,United Arab Emirates
Abu Dhabi,AE,2016-03-31,12:00:00,1459400400,24.7,22.1,28.4,38.9,326.0,0.0,0.0,United Arab Emirates
Abu Dhabi,AE,2016-04-01,12:00:00,1459486800,21.2,20.2,22.4,38.5,312.0,4.1,0.0,United Arab Emirates
Abu Dhabi,AE,2016-04-02,12:00:00,1459573200,21.7,19.8,24.3,36.1,300.0,0.0,0.0,United Arab Emirates
Abu Dhabi,AE,2016-04-03,12:00:00,1459659600,21.8,18.4,25.3,25.1,305.0,0.0,0.0,United Arab Emirates
Abu Dhabi,AE,2016-04-04,12:00:00,1459746000,21.4,17.4,25.2,26.8,280.0,0.0,0.0,United Arab Emirates
Abu Dhabi,AE,2016-04-05,12:00:00,1459832400,22.8,18.7,27.2,21.2,273.0,0.0,0.0,United Arab Emirates
Abu Dhabi,AE,2016-04-06,12:00:00,1459918800,24.3,16.6,29.8,19.2,353.0,0.0,0.0,United Arab Emirates
Abu Dhabi,AE,2016-04-07,12:00:00,1460005200,26.5,19.4,32.3,25.2,49.0,0.0,0.0,United Arab Emirates
Abu Dhabi,AE,2016-04-08,12:00:00,1460091600,27.5,22.6,32.8,22.9,22.0,0.0,0.0,United Arab Emirates
Abu Dhabi,AE,2016-04-09,12:00:00,1460178000,25.9,21.1,31.3,25.6,300.0,0.0,0.0,United Arab Emirates
Abu Dhabi,AE,2016-04-10,12:00:00,1460264400,26.1,19.7,32.1,22.3,341.0,0.0,0.0,United Arab Emirates
Abu Dhabi,AE,2016-04-11,12:00:00,1460350800,26.2,18.2,32.9,18.7,33.0,0.0,0.0,United Arab Emirates
Abu Dhabi,AE,2016-04-12,12:00:00,1460437200,27.7,19.8,35.6,31.0,58.0,0.0,0.0,United Arab Emirates
Abu Dhabi,AE,2016-04-13,12:00:00,1460523600,28.4,25.5,31.0,28.8,324.0,0.0,0.0,United Arab Emirates
Abu Dhabi,AE,2016-04-14,12:00:00,1460610000,27.8,24.2,31.3,20.5,23.0,0.0,0.0,United Arab Emirates
Abu Dhabi,AE,2016-04-15,12:00:00,1460696400,26.8,24.3,30.3,18.0,350.0,0.5,0.0,United Arab Emirates
Abu Dhabi,AE,2016-04-16,12:00:00,1460782800,25.9,23.3,29.6,30.6,308.0,0.0,0.0,United Arab Emirates
Abu Dhabi,AE,2016-04-17,12:00:00,1460869200,24.9,22.2,27.8,33.5,298.0,0.0,0.0,United Arab Emirates
Abu Dhabi,AE,2016-04-18,12:00:00,1460955600,26.1,22.9,29.6,36.6,290.0,0.0,0.0,United Arab Emirates
Abu Dhabi,AE,2016-04-19,12:00:00,1461042000,26.6,22.9,31.0,26.3,292.0,0.0,0.0,United Arab Emirates
Abu Dhabi,AE,2016-04-20,12:00:00,1461128400,26.3,22.2,30.7,25.1,309.0,0.0,0.0,United Arab Emirates
Abu Dhabi,AE,2016-04-21,12:00:00,1461214800,26.6,21.6,31.1,30.6,300.0,0.0,0.0,United Arab Emirates
Abu Dhabi,AE,2016-04-22,12:00:00,1461301200,26.5,21.7,31.2,26.2,290.0,0.0,0.0,United Arab Emirates
Abu Dhabi,AE,2016-04-23,12:00:00,1461387600,26.6,21.2,31.8,23.8,296.0,0.0,0.0,United Arab Emirates
Abu Dhabi,AE,2016-04-24,12:00:00,1461474000,27.6,20.9,31.7,22.0,16.0,0.0,0.0,United Arab Emirates
Abu Dhabi,AE,2016-04-25,12:00:00,1461560400,27.0,21.1,32.2,20.1,334.0,0.0,0.0,United Arab Emirates
Abu Dhabi,AE,2016-04-26,12:00:00,1461646800,26.8,19.2,33.8,25.1,346.0,0.0,0.0,United Arab Emirates
Abu Dhabi,AE,2016-04-27,12:00:00,1461733200,28.4,20.2,35.7,24.0,9.0,0.0,0.0,United Arab Emirates
Abu Dhabi,AE,2016-04-28,12:00:00,1461819600,29.2,23.3,35.5,20.6,4.0,0.0,0.0,United Arab Emirates
Abu Dhabi,AE,2016-04-29,12:00:00,1461906000,31.3,22.6,37.9,19.2,37.0,0.0,0.0,United Arab Emirates
Abu Dhabi,AE,2016-04-30,12:00:00,1461992400,30.9,26.9,35.0,21.8,327.0,0.0,0.0,United Arab Emirates
Abu Dhabi,AE,2016-05-01,12:00:00,1462078800,27.6,25.0,30.8,27.3,297.0,0.0,0.0,United Arab Emirates
Abu Dhabi,AE,2016-05-02,12:00:00,1462165200,27.8,23.0,32.2,25.0,275.0,0.0,0.0,United Arab Emirates
Abu Dhabi,AE,2016-05-03,12:00:00,1462251600,28.5,21.8,34.5,22.6,261.0,0.0,0.0,United Arab Emirates
Abu Dhabi,AE,2016-05-04,12:00:00,1462338000,29.8,22.8,35.9,19.9,347.0,0.0,0.0,United Arab Emirates
Abu Dhabi,AE,2016-05-05,12:00:00,1462424400,29.6,24.7,35.7,24.4,360.0,0.0,0.0,United Arab Emirates
Abu Dhabi,AE,2016-05-06,12:00:00,1462510800,32.4,25.9,41.7,23.7,40.0,0.0,0.0,United Arab Emirates
Abu Dhabi,AE,2016-05-07,12:00:00,1462597200,31.3,25.2,37.4,24.4,341.0,0.0,0.0,United Arab Emirates
Abu Dhabi,AE,2016-05-08,12:00:00,1462683600,31.1,24.3,36.8,21.6,317.0,0.0,0.0,United Arab Emirates
Abu Dhabi,AE,2016-05-09,12:00:00,1462770000,31.6,25.1,37.4,21.5,313.0,0.0,0.0,United Arab Emirates
Abu Dhabi,AE,2016-05-10,12:00:00,1462856400,31.2,25.6,35.6,23.3,305.0,0.0,0.0,United Arab Emirates
Abu Dhabi,AE,2016-05-11,12:00:00,1462942800,31.7,27.6,36.5,20.3,342.0,0.0,0.0,United Arab Emirates
Abu Dhabi,AE,2016-05-12,12:00:00,1463029200,32.1,26.0,38.3,23.2,349.0,0.0,0.0,United Arab Emirates
Abu Dhabi,AE,2016-05-13,12:00:00,1463115600,33.3,26.1,38.9,20.5,304.0,0.0,0.0,United Arab Emirates
Abu Dhabi,AE,2016-05-14,12:00:00,1463202000,31.3,26.5,35.8,25.1,300.0,0.0,0.0,United Arab Emirates
Abu Dhabi,AE,2016-05-15,12:00:00,1463288400,30.6,26.8,34.8,25.9,282.0,0.0,0.0,United Arab Emirates
Abu Dhabi,AE,2016-05-16,12:00:00,1463374800,30.0,23.4,36.6,18.0,327.0,0.0,0.0,United Arab Emirates
Abu Dhabi,AE,2016-05-17,12:00:00,1463461200,32.4,25.3,38.8,21.8,29.0,0.0,0.0,United Arab Emirates
Abu Dhabi,AE,2016-05-18,12:00:00,1463547600,33.3,26.2,39.3,21.7,1.0,0.0,0.0,United Arab Emirates
Abu Dhabi,AE,2016-05-19,12:00:00,1463634000,33.6,27.3,39.5,23.2,343.0,0.0,0.0,United Arab Emirates
Abu Dhabi,AE,2016-05-20,12:00:00,1463720400,33.1,27.1,38.9,21.7,325.0,0.0,0.0,United Arab Emirates
Abu Dhabi,AE,2016-05-21,12:00:00,1463806800,31.5,27.8,35.4,27.9,285.0,0.0,0.0,United Arab Emirates
Abu Dhabi,AE,2016-05-22,12:00:00,1463893200,31.6,28.8,35.1,32.4,288.0,0.0,0.0,United Arab Emirates
Abu Dhabi,AE,2016-05-23,12:00:00,1463979600,31.4,27.2,35.4,30.4,293.0,0.0,0.0,United Arab Emirates
Abu Dhabi,AE,2016-05-24,12:00:00,1464066000,31.4,25.5,37.1,23.0,289.0,0.0,0.0,United Arab Emirates
Abu Dhabi,AE,2016-05-25,12:00:00,1464152400,31.6,27.6,36.5,26.1,300.0,0.0,0.0,United Arab Emirates
Abu Dhabi,AE,2016-05-26,12:00:00,1464238800,30.8,28.1,34.1,32.3,300.0,0.0,0.0,United Arab Emirates
Abu Dhabi,AE,2016-05-27,12:00:00,1464325200,30.4,26.4,34.6,26.5,298.0,0.0,0.0,United Arab Emirates
Abu Dhabi,AE,2016-05-28,12:00:00,1464411600,30.6,24.7,36.4,21.5,300.0,0.0,0.0,United Arab Emirates
Abu Dhabi,AE,2016-05-29,12:00:00,1464498000,31.5,23.2,38.1,18.6,279.0,0.0,0.0,United Arab Emirates
Abu Dhabi,AE,2016-05-30,12:00:00,1464584400,32.6,25.4,38.8,22.6,275.0,0.0,0.0,United Arab Emirates
Abu Dhabi,AE,2016-05-31,12:00:00,1464670800,33.7,29.5,38.0,28.5,302.0,0.0,0.0,United Arab Emirates
Abu Dhabi,AE,2016-06-01,12:00:00,1464757200,31.9,29.4,35.1,38.0,290.0,0.0,0.0,United Arab Emirates
Abu Dhabi,AE,2016-06-02,12:00:00,1464843600,32.2,29.3,35.8,34.8,279.0,0.0,0.0,United Arab Emirates
Abu Dhabi,AE,2016-06-03,12:00:00,1464930000,31.7,27.7,35.7,26.4,296.0,0.0,0.0,United Arab Emirates
Abu Dhabi,AE,2016-06-04,12:00:00,1465016400,30.7,23.5,35.8,20.0,327.0,0.0,0.0,United Arab Emirates
Abu Dhabi,AE,2016-06-05,12:00:00,1465102800,31.5,26.9,36.6,24.5,346.0,0.0,0.0,United Arab Emirates
Abu Dhabi,AE,2016-06-06,12:00:00,1465189200,32.5,27.1,38.9,26.9,355.0,0.0,0.0,United Arab Emirates
Abu Dhabi,AE,2016-06-07,12:00:00,1465275600,32.9,26.4,39.3,21.7,322.0,0.0,0.0,United Arab Emirates
Abu Dhabi,AE,2016-06-08,12:00:00,1465362000,31.7,25.3,37.9,21.0,269.0,0.0,0.0,United Arab Emirates
Abu Dhabi,AE,2016-06-09,12:00:00,1465448400,33.3,30.0,37.3,31.8,298.0,0.0,0.0,United Arab Emirates
Abu Dhabi,AE,2016-06-10,12:00:00,1465534800,32.6,26.3,39.3,14.1,246.0,0.0,0.0,United Arab Emirates
Abu Dhabi,AE,2016-06-11,12:00:00,1465621200,32.6,25.6,41.1,20.2,261.0,0.0,0.0,United Arab Emirates
Abu Dhabi,AE,2016-06-12,12:00:00,1465707600,34.0,29.3,39.1,33.3,293.0,0.0,0.0,United Arab Emirates
Abu Dhabi,AE,2016-06-13,12:00:00,1465794000,33.3,30.7,36.7,41.8,292.0,0.0,0.0,United Arab Emirates
Abu Dhabi,AE,2016-06-14,12:00:00,1465880400,32.3,29.9,35.3,38.6,293.0,0.0,0.0,United Arab Emirates
Abu Dhabi,AE,2016-06-15,12:00:00,1465966800,31.5,26.6,35.7,19.1,315.0,0.0,0.0,United Arab Emirates
Abu Dhabi,AE,2016-06-16,12:00:00,1466053200,32.4,27.2,38.3,29.5,351.0,0.0,0.0,United Arab Emirates
Abu Dhabi,AE,2016-06-17,12:00:00,1466139600,33.4,28.1,38.8,19.0,14.0,0.0,0.0,United Arab Emirates
Abu Dhabi,AE,2016-06-18,12:00:00,1466226000,33.1,28.7,38.2,22.2,312.0,0.0,0.0,United Arab Emirates
Abu Dhabi,AE,2016-06-19,12:00:00,1466312400,31.8,25.3,39.0,24.0,270.0,0.0,0.0,United Arab Emirates
Abu Dhabi,AE,2016-06-20,12:00:00,1466398800,31.7,24.9,38.2,21.4,269.0,0.0,0.0,United Arab Emirates
Abu Dhabi,AE,2016-06-21,12:00:00,1466485200,32.1,26.0,38.7,19.5,301.0,0.0,0.0,United Arab Emirates
Abu Dhabi,AE,2016-06-22,12:00:00,1466571600,34.2,27.8,40.8,26.5,3.0,0.0,0.0,United Arab Emirates
Abu Dhabi,AE,2016-06-23,12:00:00,1466658000,35.5,29.3,43.0,24.7,46.0,0.0,0.0,United Arab Emirates
Abu Dhabi,AE,2016-06-24,12:00:00,1466744400,35.0,29.8,42.5,25.6,21.0,0.0,0.0,United Arab Emirates
Abu Dhabi,AE,2016-06-25,12:00:00,1466830800,35.2,29.2,43.0,26.7,53.0,0.0,0.0,United Arab Emirates
Abu Dhabi,AE,2016-06-26,12:00:00,1466917200,34.8,30.0,40.9,27.6,15.0,0.0,0.0,United Arab Emirates
Abu Dhabi,AE,2016-06-27,12:00:00,1467003600,34.2,28.1,40.2,24.1,340.0,0.0,0.0,United Arab Emirates
Abu Dhabi,AE,2016-06-28,12:00:00,1467090000,34.2,29.7,40.1,24.9,344.0,0.0,0.0,United Arab Emirates
Abu Dhabi,AE,2016-06-29,12:00:00,1467176400,34.9,30.4,39.9,23.0,307.0,0.0,0.0,United Arab Emirates
Abu Dhabi,AE,2016-06-30,12:00:00,1467262800,35.7,31.6,41.6,23.6,335.0,0.0,0.0,United Arab Emirates
Abu Dhabi,AE,2016-07-01,12:00:00,1467349200,33.5,28.2,38.4,18.9,310.0,0.0,0.0,United Arab Emirates
Abu Dhabi,AE,2016-07-02,12:00:00,1467435600,33.6,29.2,37.9,26.8,298.0,0.0,0.0,United Arab Emirates
Abu Dhabi,AE,2016-07-03,12:00:00,1467522000,34.1,30.4,38.7,22.3,274.0,0.0,0.0,United Arab Emirates
Abu Dhabi,AE,2016-07-04,12:00:00,1467608400,33.9,30.2,39.0,23.5,316.0,0.0,0.0,United Arab Emirates
Abu Dhabi,AE,2016-07-05,12:00:00,1467694800,34.1,30.8,37.8,24.7,317.0,0.0,0.0,United Arab Emirates
Abu Dhabi,AE,2016-07-06,12:00:00,1467781200,33.9,29.2,38.2,23.9,313.0,0.0,0.0,United Arab Emirates
Abu Dhabi,AE,2016-07-07,12:00:00,1467867600,33.8,28.4,38.7,20.2,288.0,0.0,0.0,United Arab Emirates
Abu Dhabi,AE,2016-07-08,12:00:00,1467954000,33.8,28.8,39.1,18.4,283.0,0.0,0.0,United Arab Emirates
Abu Dhabi,AE,2016-07-09,12:00:00,1468040400,34.8,30.3,39.5,26.1,285.0,0.0,0.0,United Arab Emirates
Abu Dhabi,AE,2016-07-10,12:00:00,1468126800,35.6,32.7,39.2,28.8,286.0,0.0,0.0,United Arab Emirates
Abu Dhabi,AE,2016-07-11,12:00:00,1468213200,34.4,30.9,38.7,27.0,270.0,0.0,0.0,United Arab Emirates
Abu Dhabi,AE,2016-07-12,12:00:00,1468299600,35.1,32.3,38.7,34.2,304.0,0.0,0.0,United Arab Emirates
Abu Dhabi,AE,2016-07-13,12:00:00,1468386000,34.2,31.4,37.6,19.6,299.0,0.0,0.0,United Arab Emirates
Abu Dhabi,AE,2016-07-14,12:00:00,1468472400,33.6,28.4,38.4,21.0,336.0,0.0,0.0,United Arab Emirates
Abu Dhabi,AE,2016-07-15,12:00:00,1468558800,35.9,32.8,40.4,22.7,342.0,0.0,0.0,United Arab Emirates
Abu Dhabi,AE,2016-07-16,12:00:00,1468645200,36.1,32.6,39.7,19.4,343.0,0.0,0.0,United Arab Emirates
Abu Dhabi,AE,2016-07-17,12:00:00,1468731600,37.3,32.9,43.4,22.7,19.0,0.0,0.0,United Arab Emirates
Abu Dhabi,AE,2016-07-18,12:00:00,1468818000,37.7,33.0,42.3,27.6,135.0,0.0,0.0,United Arab Emirates
Abu Dhabi,AE,2016-07-19,12:00:00,1468904400,37.4,33.9,41.6,26.3,160.0,0.0,0.0,United Arab Emirates
Abu Dhabi,AE,2016-07-20,12:00:00,1468990800,37.2,33.4,41.4,18.8,206.0,0.0,0.0,United Arab Emirates
Abu Dhabi,AE,2016-07-21,12:00:00,1469077200,36.6,33.2,41.0,20.0,263.0,0.0,0.0,United Arab Emirates
Abu Dhabi,AE,2016-07-22,12:00:00,1469163600,35.9,31.1,41.7,22.7,301.0,0.0,0.0,United Arab Emirates
Abu Dhabi,AE,2016-07-23,12:00:00,1469250000,35.8,29.4,41.3,18.4,359.0,0.0,0.0,United Arab Emirates
Abu Dhabi,AE,2016-07-24,12:00:00,1469336400,38.9,31.4,44.6,23.7,141.0,0.0,0.0,United Arab Emirates
Abu Dhabi,AE,2016-07-25,12:00:00,1469422800,38.9,35.0,42.7,29.3,122.0,0.0,0.0,United Arab Emirates
Abu Dhabi,AE,2016-07-26,12:00:00,1469509200,37.4,34.1,41.2,24.0,86.0,0.0,0.0,United Arab Emirates
Abu Dhabi,AE,2016-07-27,12:00:00,1469595600,35.9,32.3,39.9,25.6,94.0,0.0,0.0,United Arab Emirates
Abu Dhabi,AE,2016-07-28,12:00:00,1469682000,35.0,31.1,38.6,28.8,84.0,0.0,0.0,United Arab Emirates
Abu Dhabi,AE,2016-07-29,12:00:00,1469768400,35.3,32.3,39.1,27.4,95.0,0.0,0.0,United Arab Emirates
Abu Dhabi,AE,2016-07-30,12:00:00,1469854800,35.3,31.3,39.6,23.8,1.0,0.0,0.0,United Arab Emirates
Abu Dhabi,AE,2016-07-31,12:00:00,1469941200,35.7,31.3,40.4,24.5,2.0,0.0,0.0,United Arab Emirates
Abu Dhabi,AE,2016-08-01,12:00:00,1470027600,35.5,32.3,39.6,22.5,313.0,0.0,0.0,United Arab Emirates
Abu Dhabi,AE,2016-08-02,12:00:00,1470114000,34.6,28.4,40.4,18.5,300.0,0.0,0.0,United Arab Emirates
Abu Dhabi,AE,2016-08-03,12:00:00,1470200400,35.4,29.3,40.8,21.8,358.0,0.0,0.0,United Arab Emirates
Abu Dhabi,AE,2016-08-04,12:00:00,1470286800,38.7,31.8,44.1,32.8,121.0,0.6,0.0,United Arab Emirates
Abu Dhabi,AE,2016-08-05,12:00:00,1470373200,38.9,35.4,42.4,19.4,150.0,0.0,0.0,United Arab Emirates
Abu Dhabi,AE,2016-08-06,12:00:00,1470459600,36.1,32.1,41.1,24.6,358.0,0.0,0.0,United Arab Emirates
Abu Dhabi,AE,2016-08-07,12:00:00,1470546000,35.3,31.0,41.3,26.4,352.0,0.0,0.0,United Arab Emirates
Abu Dhabi,AE,2016-08-08,12:00:00,1470632400,35.9,30.1,42.2,23.2,11.0,0.0,0.0,United Arab Emirates
Abu Dhabi,AE,2016-08-09,12:00:00,1470718800,36.2,31.6,42.1,26.0,5.0,0.0,0.0,United Arab Emirates
Abu Dhabi,AE,2016-08-10,12:00:00,1470805200,34.8,30.2,39.8,21.0,341.0,0.0,0.0,United Arab Emirates
Abu Dhabi,AE,2016-08-11,12:00:00,1470891600,34.9,29.1,42.5,23.7,8.0,1.4,0.0,United Arab Emirates
Abu Dhabi,AE,2016-08-12,12:00:00,1470978000,36.9,31.2,42.1,16.7,268.0,0.0,0.0,United Arab Emirates
Abu Dhabi,AE,2016-08-13,12:00:00,1471064400,36.6,32.0,42.1,21.5,329.0,0.0,0.0,United Arab Emirates
Abu Dhabi,AE,2016-08-14,12:00:00,1471150800,34.8,29.3,42.0,27.6,350.0,0.0,0.0,United Arab Emirates
Abu Dhabi,AE,2016-08-15,12:00:00,1471237200,34.5,27.9,42.4,27.1,329.0,0.0,0.0,United Arab Emirates
Abu Dhabi,AE,2016-08-16,12:00:00,1471323600,33.9,28.5,39.2,18.1,311.0,0.0,0.0,United Arab Emirates
Abu Dhabi,AE,2016-08-17,12:00:00,1471410000,34.3,29.6,38.8,27.1,340.0,0.0,0.0,United Arab Emirates
Abu Dhabi,AE,2016-08-18,12:00:00,1471496400,37.6,32.2,43.1,26.1,40.0,0.0,0.0,United Arab Emirates
Abu Dhabi,AE,2016-08-19,12:00:00,1471582800,36.2,30.1,42.6,25.9,52.0,0.0,0.0,United Arab Emirates
Abu Dhabi,AE,2016-08-20,12:00:00,1471669200,34.8,30.1,40.7,21.1,213.0,0.0,0.0,United Arab Emirates
Abu Dhabi,AE,2016-08-21,12:00:00,1471755600,33.9,27.7,40.0,22.2,22.0,0.0,0.0,United Arab Emirates
Abu Dhabi,AE,2016-08-22,12:00:00,1471842000,34.5,27.5,42.7,25.7,19.0,0.0,0.0,United Arab Emirates
Abu Dhabi,AE,2016-08-23,12:00:00,1471928400,35.0,28.3,42.3,21.2,33.0,0.0,0.0,United Arab Emirates
Abu Dhabi,AE,2016-08-24,12:00:00,1472014800,34.9,28.6,41.2,22.8,359.0,0.0,0.0,United Arab Emirates
Abu Dhabi,AE,2016-08-25,12:00:00,1472101200,34.8,27.2,41.6,17.0,42.0,0.0,0.0,United Arab Emirates
Abu Dhabi,AE,2016-08-26,12:00:00,1472187600,35.6,29.5,42.5,21.1,37.0,0.0,0.0,United Arab Emirates
Abu Dhabi,AE,2016-08-27,12:00:00,1472274000,34.4,28.3,41.5,27.6,359.0,0.0,0.0,United Arab Emirates
Abu Dhabi,AE,2016-08-28,12:00:00,1472360400,33.7,27.6,40.6,25.5,16.0,0.0,0.0,United Arab Emirates
Abu Dhabi,AE,2016-08-29,12:00:00,1472446800,35.4,28.0,43.2,22.7,57.0,0.0,0.0,United Arab Emirates
Abu Dhabi,AE,2016-08-30,12:00:00,1472533200,35.4,29.1,43.1,24.2,16.0,0.0,0.0,United Arab Emirates
Abu Dhabi,AE,2016-08-31,12:00:00,1472619600,33.8,28.0,40.8,25.5,347.0,0.0,0.0,United Arab Emirates
Abu Dhabi,AE,2016-09-01,12:00:00,1472706000,33.5,27.5,39.7,18.3,273.0,0.0,0.0,United Arab Emirates
Abu Dhabi,AE,2016-09-02,12:00:00,1472792400,34.3,27.2,41.2,14.4,49.0,0.0,0.0,United Arab Emirates
Abu Dhabi,AE,2016-09-03,12:00:00,1472878800,35.5,28.1,42.4,18.2,66.0,0.0,0.0,United Arab Emirates
Abu Dhabi,AE,2016-09-04,12:00:00,1472965200,35.6,29.1,42.4,18.1,43.0,0.0,0.0,United Arab Emirates
Abu Dhabi,AE,2016-09-05,12:00:00,1473051600,35.0,30.3,40.7,20.6,346.0,0.0,0.0,United Arab Emirates
Abu Dhabi,AE,2016-09-06,12:00:00,1473138000,33.8,28.5,38.6,16.4,334.0,0.0,0.0,United Arab Emirates
Abu Dhabi,AE,2016-09-07,12:00:00,1473224400,34.8,30.1,40.5,23.5,356.0,0.0,0.0,United Arab Emirates
Abu Dhabi,AE,2016-09-08,12:00:00,1473310800,34.1,30.8,38.0,20.4,313.0,0.0,0.0,United Arab Emirates
Abu Dhabi,AE,2016-09-09,12:00:00,1473397200,33.2,30.0,37.0,21.9,309.0,0.0,0.0,United Arab Emirates
Abu Dhabi,AE,2016-09-10,12:00:00,1473483600,33.2,28.8,37.6,18.8,10.0,0.0,0.0,United Arab Emirates
Abu Dhabi,AE,2016-09-11,12:00:00,1473570000,32.9,28.9,37.5,22.9,360.0,0.0,0.0,United Arab Emirates
Abu Dhabi,AE,2016-09-12,12:00:00,1473656400,33.5,29.5,37.9,18.5,337.0,0.0,0.0,United Arab Emirates
Abu Dhabi,AE,2016-09-13,12:00:00,1473742800,34.0,28.5,40.1,26.0,20.0,0.0,0.0,United Arab Emirates
Abu Dhabi,AE,2016-09-14,12:00:00,1473829200,34.6,29.9,39.9,23.5,86.0,0.0,0.0,United Arab Emirates
Abu Dhabi,AE,2016-09-15,12:00:00,1473915600,33.8,29.9,38.4,27.5,225.0,0.0,0.0,United Arab Emirates
Abu Dhabi,AE,2016-09-16,12:00:00,1474002000,32.6,29.0,36.8,19.6,347.0,0.0,0.0,United Arab Emirates
Abu Dhabi,AE,2016-09-17,12:00:00,1474088400,32.5,27.9,37.6,21.8,320.0,0.0,0.0,United Arab Emirates
Abu Dhabi,AE,2016-09-18,12:00:00,1474174800,32.4,27.7,37.6,16.6,263.0,0.0,0.0,United Arab Emirates
Abu Dhabi,AE,2016-09-19,12:00:00,1474261200,32.6,25.5,38.9,13.6,34.0,0.0,0.0,United Arab Emirates
Abu Dhabi,AE,2016-09-20,12:00:00,1474347600,32.7,27.8,37.3,21.9,310.0,0.0,0.0,United Arab Emirates
Abu Dhabi,AE,2016-09-21,12:00:00,1474434000,32.4,28.7,35.9,16.8,308.0,0.0,0.0,United Arab Emirates
Abu Dhabi,AE,2016-09-22,12:00:00,1474520400,32.9,28.5,37.3,20.7,355.0,0.0,0.0,United Arab Emirates
Abu Dhabi,AE,2016-09-23,12:00:00,1474606800,32.3,27.6,37.4,18.7,334.0,0.0,0.0,United Arab Emirates
Abu Dhabi,AE,2016-09-24,12:00:00,1474693200,32.3,27.8,36.9,21.2,299.0,0.0,0.0,United Arab Emirates
Abu Dhabi,AE,2016-09-25,12:00:00,1474779600,33.1,29.3,37.1,21.8,310.0,0.0,0.0,United Arab Emirates
Abu Dhabi,AE,2016-09-26,12:00:00,1474866000,32.5,28.9,36.5,17.9,326.0,0.0,0.0,United Arab Emirates
Abu Dhabi,AE,2016-09-27,12:00:00,1474952400,32.9,28.6,37.8,20.6,3.0,0.0,0.0,United Arab Emirates
Abu Dhabi,AE,2016-09-28,12:00:00,1475038800,32.3,27.7,36.8,20.7,300.0,0.0,0.0,United Arab Emirates
Abu Dhabi,AE,2016-09-29,12:00:00,1475125200,33.1,28.6,37.8,25.7,287.0,0.0,0.0,United Arab Emirates
Abu Dhabi,AE,2016-09-30,12:00:00,1475211600,32.7,30.2,35.6,28.7,294.0,0.0,0.0,United Arab Emirates
Abu Dhabi,AE,2016-10-01,12:00:00,1475298000,30.9,27.9,34.2,17.8,312.0,0.0,0.0,United Arab Emirates
Abu Dhabi,AE,2016-10-02,12:00:00,1475384400,31.2,27.7,35.0,22.6,338.0,0.0,0.0,United Arab Emirates
Abu Dhabi,AE,2016-10-03,12:00:00,1475470800,31.2,29.0,33.9,23.2,322.0,0.2,0.0,United Arab Emirates
Abu Dhabi,AE,2016-10-04,12:00:00,1475557200,30.5,28.3,33.1,23.2,308.0,0.0,0.0,United Arab Emirates
Abu Dhabi,AE,2016-10-05,12:00:00,1475643600,29.9,26.3,33.1,23.9,299.0,0.0,0.0,United Arab Emirates
Abu Dhabi,AE,2016-10-06,12:00:00,1475730000,30.3,26.3,34.0,20.6,302.0,0.0,0.0,United Arab Emirates
Abu Dhabi,AE,2016-10-07,12:00:00,1475816400,30.0,25.8,34.0,18.8,323.0,0.0,0.0,United Arab Emirates
Abu Dhabi,AE,2016-10-08,12:00:00,1475902800,30.3,26.2,34.5,21.6,327.0,0.0,0.0,United Arab Emirates
Abu Dhabi,AE,2016-10-09,12:00:00,1475989200,31.1,26.8,35.7,23.8,325.0,0.0,0.0,United Arab Emirates
Abu Dhabi,AE,2016-10-10,12:00:00,1476075600,31.3,26.9,36.3,21.9,333.0,0.0,0.0,United Arab Emirates
Abu Dhabi,AE,2016-10-11,12:00:00,1476162000,30.1,25.5,35.7,21.7,293.0,0.0,0.0,United Arab Emirates
Abu Dhabi,AE,2016-10-12,12:00:00,1476248400,29.4,24.6,34.1,22.7,290.0,0.0,0.0,United Arab Emirates
Abu Dhabi,AE,2016-10-13,12:00:00,1476334800,29.7,25.5,33.8,21.8,296.0,0.0,0.0,United Arab Emirates
Abu Dhabi,AE,2016-10-14,12:00:00,1476421200,29.6,24.6,34.6,20.4,293.0,0.0,0.0,United Arab Emirates
Abu Dhabi,AE,2016-10-15,12:00:00,1476507600,29.6,25.8,34.0,24.2,314.0,0.0,0.0,United Arab Emirates
Abu Dhabi,AE,2016-10-16,12:00:00,1476594000,28.8,24.5,32.6,17.0,310.0,0.0,0.0,United Arab Emirates
Abu Dhabi,AE,2016-10-17,12:00:00,1476680400,29.8,26.6,33.9,16.6,337.0,0.0,0.0,United Arab Emirates
Abu Dhabi,AE,2016-10-18,12:00:00,1476766800,30.4,25.7,34.9,19.9,22.0,0.0,0.0,United Arab Emirates
Abu Dhabi,AE,2016-10-19,12:00:00,1476853200,30.3,25.5,34.7,20.9,357.0,0.0,0.0,United Arab Emirates
Abu Dhabi,AE,2016-10-20,12:00:00,1476939600,30.1,25.9,34.0,21.4,321.0,0.0,0.0,United Arab Emirates
Abu Dhabi,AE,2016-10-21,12:00:00,1477026000,28.6,23.7,32.4,16.1,288.0,0.0,0.0,United Arab Emirates
Abu Dhabi,AE,2016-10-22,12:00:00,1477112400,28.1,23.8,32.2,16.3,277.0,0.0,0.0,United Arab Emirates
Abu Dhabi,AE,2016-10-23,12:00:00,1477198800,28.2,23.8,32.5,21.9,341.0,0.0,0.0,United Arab Emirates
Abu Dhabi,AE,2016-10-24,12:00:00,1477285200,28.0,23.7,32.3,19.7,353.0,0.0,0.0,United Arab Emirates
Abu Dhabi,AE,2016-10-25,12:00:00,1477371600,28.6,23.8,33.2,16.3,16.0,0.0,0.0,United Arab Emirates
Abu Dhabi,AE,2016-10-26,12:00:00,1477458000,30.0,25.0,35.0,23.6,9.0,0.0,0.0,United Arab Emirates
Abu Dhabi,AE,2016-10-27,12:00:00,1477544400,29.5,23.4,35.4,17.9,59.0,0.0,0.0,United Arab Emirates
Abu Dhabi,AE,2016-10-28,12:00:00,1477630800,28.8,23.5,34.0,22.1,359.0,0.0,0.0,United Arab Emirates
Abu Dhabi,AE,2016-10-29,12:00:00,1477717200,29.4,26.2,33.6,21.4,322.0,0.0,0.0,United Arab Emirates
Abu Dhabi,AE,2016-10-30,12:00:00,1477803600,28.0,24.4,31.9,18.1,302.0,0.0,0.0,United Arab Emirates
Abu Dhabi,AE,2016-10-31,12:00:00,1477890000,27.5,22.0,31.8,14.0,342.0,0.0,0.0,United Arab Emirates
Abu Dhabi,AE,2016-11-01,12:00:00,1477976400,28.1,23.0,33.4,18.1,68.0,0.0,0.0,United Arab Emirates
Abu Dhabi,AE,2016-11-02,12:00:00,1478062800,28.6,22.7,33.9,16.2,107.0,0.0,0.0,United Arab Emirates
Abu Dhabi,AE,2016-11-03,12:00:00,1478149200,27.8,21.1,33.5,19.3,18.0,0.0,0.0,United Arab Emirates
Abu Dhabi,AE,2016-11-04,12:00:00,1478235600,27.7,24.1,31.4,22.5,333.0,0.0,0.0,United Arab Emirates
Abu Dhabi,AE,2016-11-05,12:00:00,1478322000,27.3,23.6,30.7,17.6,319.0,0.0,0.0,United Arab Emirates
Abu Dhabi,AE,2016-11-06,12:00:00,1478408400,27.4,21.6,32.0,16.1,322.0,0.0,0.0,United Arab Emirates
Abu Dhabi,AE,2016-11-07,12:00:00,1478494800,27.1,22.1,31.5,25.7,311.0,0.0,0.0,United Arab Emirates
Abu Dhabi,AE,2016-11-08,12:00:00,1478581200,27.6,25.6,30.2,31.6,317.0,0.0,0.0,United Arab Emirates
Abu Dhabi,AE,2016-11-09,12:00:00,1478667600,26.7,24.5,29.4,19.1,303.0,0.0,0.0,United Arab Emirates
Abu Dhabi,AE,2016-11-10,12:00:00,1478754000,26.3,22.0,30.4,18.4,353.0,0.0,0.0,United Arab Emirates
Abu Dhabi,AE,2016-11-11,12:00:00,1478840400,27.0,21.9,31.7,24.1,15.0,0.0,0.0,United Arab Emirates
Abu Dhabi,AE,2016-11-12,12:00:00,1478926800,26.8,20.7,32.5,19.1,40.0,0.0,0.0,United Arab Emirates
Abu Dhabi,AE,2016-11-13,12:00:00,1479013200,26.5,21.0,32.0,18.1,23.0,0.0,0.0,United Arab Emirates
Abu Dhabi,AE,2016-11-14,12:00:00,1479099600,26.1,20.8,31.2,14.8,11.0,0.0,0.0,United Arab Emirates
Abu Dhabi,AE,2016-11-15,12:00:00,1479186000,24.6,19.4,28.7,14.0,295.0,0.0,0.0,United Arab Emirates
Abu Dhabi,AE,2016-11-16,12:00:00,1479272400,24.5,20.5,28.3,11.4,301.0,0.0,0.0,United Arab Emirates
Abu Dhabi,AE,2016-11-17,12:00:00,1479358800,24.5,19.8,29.3,14.9,16.0,0.0,0.0,United Arab Emirates
Abu Dhabi,AE,2016-11-18,12:00:00,1479445200,24.9,19.3,29.8,18.4,5.0,0.0,0.0,United Arab Emirates
Abu Dhabi,AE,2016-11-19,12:00:00,1479531600,24.3,20.1,28.0,20.7,297.0,0.0,0.0,United Arab Emirates
Abu Dhabi,AE,2016-11-20,12:00:00,1479618000,26.2,23.5,29.2,22.7,298.0,0.0,0.0,United Arab Emirates
Abu Dhabi,AE,2016-11-21,12:00:00,1479704400,25.8,22.4,29.1,18.0,325.0,0.0,0.0,United Arab Emirates
Abu Dhabi,AE,2016-11-22,12:00:00,1479790800,25.2,20.5,29.2,17.2,49.0,0.0,0.0,United Arab Emirates
Abu Dhabi,AE,2016-11-23,12:00:00,1479877200,24.5,19.3,28.4,16.7,357.0,0.0,0.0,United Arab Emirates
Abu Dhabi,AE,2016-11-24,12:00:00,1479963600,25.0,19.5,29.9,23.8,75.0,0.0,0.0,United Arab Emirates
Abu Dhabi,AE,2016-11-25,12:00:00,1480050000,25.8,22.3,29.4,31.6,68.0,0.0,0.0,United Arab Emirates
Abu Dhabi,AE,2016-11-26,12:00:00,1480136400,24.9,20.6,28.9,24.3,71.0,0.0,0.0,United Arab Emirates
Abu Dhabi,AE,2016-11-27,12:00:00,1480222800,24.6,19.8,29.4,20.8,39.0,0.0,0.0,United Arab Emirates
Abu Dhabi,AE,2016-11-28,12:00:00,1480309200,24.9,21.6,28.3,22.5,2.0,0.0,0.0,United Arab Emirates
Abu Dhabi,AE,2016-11-29,12:00:00,1480395600,25.3,23.6,27.8,24.3,322.0,0.0,0.0,United Arab Emirates
Abu Dhabi,AE,2016-11-30,12:00:00,1480482000,25.3,22.9,28.2,19.4,315.0,0.0,0.0,United Arab Emirates
Abu Dhabi,AE,2016-12-01,12:00:00,1480568400,25.2,21.6,29.0,16.9,339.0,0.0,0.0,United Arab Emirates
Abu Dhabi,AE,2016-12-02,12:00:00,1480654800,24.8,19.4,30.7,18.2,27.0,0.0,0.0,United Arab Emirates
Abu Dhabi,AE,2016-12-03,12:00:00,1480741200,24.8,19.9,30.1,20.2,2.0,0.0,0.0,United Arab Emirates
Abu Dhabi,AE,2016-12-04,12:00:00,1480827600,26.1,23.6,29.7,22.1,319.0,0.0,0.0,United Arab Emirates
Abu Dhabi,AE,2016-12-05,12:00:00,1480914000,25.0,22.1,29.8,15.0,9.0,0.0,0.0,United Arab Emirates
Abu Dhabi,AE,2016-12-06,12:00:00,1481000400,24.4,21.8,28.4,15.9,317.0,0.0,0.0,United Arab Emirates
Abu Dhabi,AE,2016-12-07,12:00:00,1481086800,23.8,21.0,27.3,18.3,321.0,0.0,0.0,United Arab Emirates
Abu Dhabi,AE,2016-12-08,12:00:00,1481173200,24.4,22.2,27.1,23.6,307.0,0.0,0.0,United Arab Emirates
Abu Dhabi,AE,2016-12-09,12:00:00,1481259600,23.8,22.3,26.1,28.3,296.0,0.0,0.0,United Arab Emirates
Abu Dhabi,AE,2016-12-10,12:00:00,1481346000,22.2,20.6,24.0,34.9,303.0,0.0,0.0,United Arab Emirates
Abu Dhabi,AE,2016-12-11,12:00:00,1481432400,21.2,19.9,23.2,33.3,292.0,0.0,0.0,United Arab Emirates
Abu Dhabi,AE,2016-12-12,12:00:00,1481518800,21.5,19.8,23.7,32.1,303.0,0.0,0.0,United Arab Emirates
Abu Dhabi,AE,2016-12-13,12:00:00,1481605200,21.6,19.0,24.0,20.8,310.0,0.0,0.0,United Arab Emirates
Abu Dhabi,AE,2016-12-14,12:00:00,1481691600,20.5,17.2,23.8,9.5,289.0,0.0,0.0,United Arab Emirates
Abu Dhabi,AE,2016-12-15,12:00:00,1481778000,20.9,14.7,26.5,12.4,69.0,0.0,0.0,United Arab Emirates
Abu Dhabi,AE,2016-12-16,12:00:00,1481864400,21.5,17.4,25.7,24.0,310.0,0.0,0.0,United Arab Emirates
Abu Dhabi,AE,2016-12-17,12:00:00,1481950800,21.2,18.7,24.0,23.4,308.0,0.0,0.0,United Arab Emirates
Abu Dhabi,AE,2016-12-18,12:00:00,1482037200,21.9,19.6,24.9,27.3,298.0,0.0,0.0,United Arab Emirates
Abu Dhabi,AE,2016-12-19,12:00:00,1482123600,21.8,19.2,24.7,23.7,306.0,0.0,0.0,United Arab Emirates
Abu Dhabi,AE,2016-12-20,12:00:00,1482210000,21.3,17.3,25.5,19.3,324.0,0.0,0.0,United Arab Emirates
Abu Dhabi,AE,2016-12-21,12:00:00,1482296400,21.5,16.9,25.5,18.2,356.0,0.0,0.0,United Arab Emirates
Abu Dhabi,AE,2016-12-22,12:00:00,1482382800,22.1,18.9,26.0,21.8,353.0,0.0,0.0,United Arab Emirates
Abu Dhabi,AE,2016-12-23,12:00:00,1482469200,22.7,18.9,27.1,23.4,324.0,0.0,0.0,United Arab Emirates
Abu Dhabi,AE,2016-12-24,12:00:00,1482555600,23.4,20.8,26.8,15.9,336.0,0.0,0.0,United Arab Emirates
Abu Dhabi,AE,2016-12-25,12:00:00,1482642000,22.2,17.5,27.0,15.1,88.0,0.0,0.0,United Arab Emirates
Abu Dhabi,AE,2016-12-26,12:00:00,1482728400,22.0,16.8,27.2,14.2,324.0,0.0,0.0,United Arab Emirates
Abu Dhabi,AE,2016-12-27,12:00:00,1482814800,21.7,18.5,26.5,13.3,347.0,0.0,0.0,United Arab Emirates
Abu Dhabi,AE,2016-12-28,12:00:00,1482901200,21.7,19.2,25.8,17.3,306.0,0.0,0.0,United Arab Emirates
Abu Dhabi,AE,2016-12-29,12:00:00,1482987600,22.4,19.0,26.6,19.2,339.0,0.0,0.0,United Arab Emirates
Abu Dhabi,AE,2016-12-30,12:00:00,1483074000,23.1,20.3,27.4,17.8,318.0,0.0,0.0,United Arab Emirates
Abu Dhabi,AE,2016-12-31,12:00:00,1483160400,22.9,19.9,27.1,20.4,309.0,0.0,0.0,United Arab Emirates
Abu Dhabi,AE,2017-01-01,12:00:00,1483246800,22.3,18.2,26.2,17.7,289.0,0.0,0.0,United Arab Emirates
Abu Dhabi,AE,2017-01-02,12:00:00,1483333200,22.1,18.7,25.0,16.9,281.0,0.0,0.0,United Arab Emirates
Abu Dhabi,AE,2017-01-03,12:00:00,1483419600,22.0,19.5,24.2,18.1,289.0,0.0,0.0,United Arab Emirates
Abu Dhabi,AE,2017-01-04,12:00:00,1483506000,22.2,20.4,24.3,21.6,297.0,0.0,0.0,United Arab Emirates
Abu Dhabi,AE,2017-01-05,12:00:00,1483592400,22.0,20.8,23.8,33.5,301.0,0.0,0.0,United Arab Emirates
Abu Dhabi,AE,2017-01-06,12:00:00,1483678800,21.5,20.2,22.8,38.5,308.0,0.0,0.0,United Arab Emirates
Abu Dhabi,AE,2017-01-07,12:00:00,1483765200,21.7,19.5,24.6,20.2,352.0,0.0,0.0,United Arab Emirates
Abu Dhabi,AE,2017-01-08,12:00:00,1483851600,21.3,18.9,23.3,17.7,306.0,0.0,0.0,United Arab Emirates
Abu Dhabi,AE,2017-01-09,12:00:00,1483938000,20.2,17.2,23.6,12.7,24.0,0.0,0.0,United Arab Emirates
Abu Dhabi,AE,2017-01-10,12:00:00,1484024400,21.2,17.3,26.0,14.0,39.0,0.0,0.0,United Arab Emirates
Abu Dhabi,AE,2017-01-11,12:00:00,1484110800,21.1,18.4,24.7,17.2,330.0,0.0,0.0,United Arab Emirates
Abu Dhabi,AE,2017-01-12,12:00:00,1484197200,22.3,20.4,24.7,26.9,291.0,0.0,0.0,United Arab Emirates
Abu Dhabi,AE,2017-01-13,12:00:00,1484283600,21.4,20.4,23.3,30.4,287.0,0.0,0.0,United Arab Emirates
Abu Dhabi,AE,2017-01-14,12:00:00,1484370000,20.3,18.9,21.9,37.6,298.0,0.0,0.0,United Arab Emirates
Abu Dhabi,AE,2017-01-15,12:00:00,1484456400,19.7,18.2,21.3,30.8,306.0,0.0,0.0,United Arab Emirates
Abu Dhabi,AE,2017-01-16,12:00:00,1484542800,19.6,17.2,22.3,14.3,285.0,0.0,0.0,United Arab Emirates
Abu Dhabi,AE,2017-01-17,12:00:00,1484629200,21.1,18.9,23.3,22.1,333.0,0.0,0.0,United Arab Emirates
Abu Dhabi,AE,2017-01-18,12:00:00,1484715600,20.1,18.6,21.7,19.6,322.0,0.0,0.0,United Arab Emirates
Abu Dhabi,AE,2017-01-19,12:00:00,1484802000,19.7,16.5,22.4,11.4,358.0,0.0,0.0,United Arab Emirates
Abu Dhabi,AE,2017-01-20,12:00:00,1484888400,21.8,17.1,27.3,22.4,107.0,0.0,0.0,United Arab Emirates
Abu Dhabi,AE,2017-01-21,12:00:00,1484974800,21.2,18.1,26.3,22.9,243.0,0.0,0.0,United Arab Emirates
Abu Dhabi,AE,2017-01-22,12:00:00,1485061200,23.2,18.5,28.4,27.0,154.0,0.3,0.0,United Arab Emirates
Abu Dhabi,AE,2017-01-23,12:00:00,1485147600,22.5,20.4,25.4,25.6,273.0,0.3,0.0,United Arab Emirates
Abu Dhabi,AE,2017-01-24,12:00:00,1485234000,19.4,17.8,20.5,30.6,302.0,6.5,0.0,United Arab Emirates
Abu Dhabi,AE,2017-01-25,12:00:00,1485320400,19.6,17.7,21.9,28.1,322.0,0.0,0.0,United Arab Emirates
Abu Dhabi,AE,2017-01-26,12:00:00,1485406800,19.4,15.4,23.2,21.6,43.0,0.0,0.0,United Arab Emirates
Abu Dhabi,AE,2017-01-27,12:00:00,1485493200,20.1,16.3,25.1,21.7,127.0,0.0,0.0,United Arab Emirates
Abu Dhabi,AE,2017-01-28,12:00:00,1485579600,20.7,15.9,25.8,27.3,149.0,0.0,0.0,United Arab Emirates
Abu Dhabi,AE,2017-01-29,12:00:00,1485666000,21.6,18.0,26.4,29.6,156.0,0.0,0.0,United Arab Emirates
Abu Dhabi,AE,2017-01-30,12:00:00,1485752400,20.8,18.4,23.4,29.5,328.0,0.0,0.0,United Arab Emirates
Abu Dhabi,AE,2017-01-31,12:00:00,1485838800,19.1,16.4,21.3,18.4,330.0,0.0,0.0,United Arab Emirates
Abu Dhabi,AE,2017-02-01,12:00:00,1485925200,20.6,15.1,26.5,15.6,81.0,0.0,0.0,United Arab Emirates
Abu Dhabi,AE,2017-02-02,12:00:00,1486011600,19.8,18.0,22.5,41.9,330.0,0.1,0.0,United Arab Emirates
Abu Dhabi,AE,2017-02-03,12:00:00,1486098000,15.5,13.7,17.8,57.7,306.0,0.0,0.0,United Arab Emirates
Abu Dhabi,AE,2017-02-04,12:00:00,1486184400,17.2,15.2,19.5,38.8,321.0,0.0,0.0,United Arab Emirates
Abu Dhabi,AE,2017-02-05,12:00:00,1486270800,17.3,16.0,18.7,23.8,315.0,0.0,0.0,United Arab Emirates
Abu Dhabi,AE,2017-02-06,12:00:00,1486357200,17.0,13.5,19.0,20.5,313.0,0.0,0.0,United Arab Emirates
Abu Dhabi,AE,2017-02-07,12:00:00,1486443600,18.7,17.0,20.5,31.3,310.0,0.0,0.0,United Arab Emirates
Abu Dhabi,AE,2017-02-08,12:00:00,1486530000,19.3,16.5,22.1,21.3,334.0,0.0,0.0,United Arab Emirates
Abu Dhabi,AE,2017-02-09,12:00:00,1486616400,20.3,16.6,26.3,15.3,23.0,0.0,0.0,United Arab Emirates
Abu Dhabi,AE,2017-02-10,12:00:00,1486702800,21.6,17.5,26.3,18.7,91.0,0.6,0.0,United Arab Emirates
Abu Dhabi,AE,2017-02-11,12:00:00,1486789200,21.9,17.9,28.2,28.7,72.0,0.0,0.0,United Arab Emirates
Abu Dhabi,AE,2017-02-12,12:00:00,1486875600,22.6,19.8,27.6,31.8,94.0,0.2,0.0,United Arab Emirates
Abu Dhabi,AE,2017-02-13,12:00:00,1486962000,23.7,20.9,28.5,39.5,154.0,0.4,0.0,United Arab Emirates
Abu Dhabi,AE,2017-02-14,12:00:00,1487048400,23.3,20.6,26.8,34.2,137.0,1.8,0.0,United Arab Emirates
Abu Dhabi,AE,2017-02-15,12:00:00,1487134800,23.0,20.4,26.7,34.6,127.0,0.0,0.0,United Arab Emirates
Abu Dhabi,AE,2017-02-16,12:00:00,1487221200,23.0,20.5,25.7,28.7,109.0,1.9,0.0,United Arab Emirates
Abu Dhabi,AE,2017-02-17,12:00:00,1487307600,23.6,20.2,28.3,38.4,139.0,0.9,0.0,United Arab Emirates
Abu Dhabi,AE,2017-02-18,12:00:00,1487394000,18.7,16.4,20.2,38.0,316.0,2.3,0.0,United Arab Emirates
Abu Dhabi,AE,2017-02-19,12:00:00,1487480400,16.9,15.6,18.4,31.7,316.0,0.0,0.0,United Arab Emirates
Abu Dhabi,AE,2017-02-20,12:00:00,1487566800,17.6,16.3,19.4,30.6,314.0,0.7,0.0,United Arab Emirates
Abu Dhabi,AE,2017-02-21,12:00:00,1487653200,17.4,16.6,18.2,27.1,309.0,1.8,0.0,United Arab Emirates
Abu Dhabi,AE,2017-02-22,12:00:00,1487739600,18.6,16.7,20.5,17.7,319.0,1.0,0.0,United Arab Emirates
Abu Dhabi,AE,2017-02-23,12:00:00,1487826000,19.8,16.8,22.8,23.0,33.0,0.0,0.0,United Arab Emirates
Abu Dhabi,AE,2017-02-24,12:00:00,1487912400,22.5,19.2,27.9,22.0,46.0,0.1,0.0,United Arab Emirates
Abu Dhabi,AE,2017-02-25,12:00:00,1487998800,20.8,19.9,22.3,27.0,15.0,5.2,0.0,United Arab Emirates
Abu Dhabi,AE,2017-02-26,12:00:00,1488085200,19.3,16.6,21.0,28.3,346.0,3.1,0.0,United Arab Emirates
Abu Dhabi,AE,2017-02-27,12:00:00,1488171600,18.4,15.3,20.9,20.0,307.0,0.1,0.0,United Arab Emirates
Abu Dhabi,AE,2017-02-28,12:00:00,1488258000,18.8,15.4,21.3,19.2,318.0,0.0,0.0,United Arab Emirates
Abu Dhabi,AE,2017-03-01,12:00:00,1488344400,19.4,15.7,22.8,18.0,339.0,0.0,0.0,United Arab Emirates
Abu Dhabi,AE,2017-03-02,12:00:00,1488430800,19.5,17.0,22.9,19.1,8.0,0.0,0.0,United Arab Emirates
Abu Dhabi,AE,2017-03-03,12:00:00,1488517200,21.8,17.9,27.4,16.3,25.0,0.0,0.0,United Arab Emirates
Abu Dhabi,AE,2017-03-04,12:00:00,1488603600,22.8,19.4,27.9,21.9,17.0,0.0,0.0,United Arab Emirates
Abu Dhabi,AE,2017-03-05,12:00:00,1488690000,22.7,20.2,28.2,28.0,23.0,0.0,0.0,United Arab Emirates
Abu Dhabi,AE,2017-03-06,12:00:00,1488776400,22.8,20.6,26.5,26.9,342.0,0.0,0.0,United Arab Emirates
Abu Dhabi,AE,2017-03-07,12:00:00,1488862800,20.5,18.8,22.5,28.8,303.0,0.0,0.0,United Arab Emirates
Abu Dhabi,AE,2017-03-08,12:00:00,1488949200,20.5,17.5,23.7,19.7,314.0,0.0,0.0,United Arab Emirates
Abu Dhabi,AE,2017-03-09,12:00:00,1489035600,21.7,18.4,25.1,27.1,305.0,0.0,0.0,United Arab Emirates
Abu Dhabi,AE,2017-03-10,12:00:00,1489122000,21.7,19.6,24.6,25.5,309.0,0.0,0.0,United Arab Emirates
Abu Dhabi,AE,2017-03-11,12:00:00,1489208400,22.8,18.2,31.3,25.3,19.0,0.0,0.0,United Arab Emirates
Abu Dhabi,AE,2017-03-12,12:00:00,1489294800,25.3,21.2,32.1,25.6,165.0,0.0,0.0,United Arab Emirates
Abu Dhabi,AE,2017-03-13,12:00:00,1489381200,25.3,20.0,34.4,23.6,27.0,0.0,0.0,United Arab Emirates
Abu Dhabi,AE,2017-03-14,12:00:00,1489467600,25.5,22.1,31.5,35.0,333.0,0.0,0.0,United Arab Emirates
Abu Dhabi,AE,2017-03-15,12:00:00,1489554000,23.3,20.5,27.3,22.4,350.0,0.1,0.0,United Arab Emirates
Abu Dhabi,AE,2017-03-16,12:00:00,1489640400,25.5,22.4,31.3,44.4,46.0,0.0,0.0,United Arab Emirates
Abu Dhabi,AE,2017-03-17,12:00:00,1489726800,25.3,22.3,30.1,41.2,50.0,0.7,0.0,United Arab Emirates
Abu Dhabi,AE,2017-03-18,12:00:00,1489813200,24.5,22.5,28.6,32.4,8.0,0.0,0.0,United Arab Emirates
Abu Dhabi,AE,2017-03-19,12:00:00,1489899600,29.1,22.2,36.6,30.3,139.0,0.0,0.0,United Arab Emirates
Abu Dhabi,AE,2017-03-20,12:00:00,1489986000,28.7,23.2,35.9,41.9,166.0,0.0,0.0,United Arab Emirates
Abu Dhabi,AE,2017-03-21,12:00:00,1490072400,21.4,19.0,24.5,41.0,310.0,10.5,0.0,United Arab Emirates
Abu Dhabi,AE,2017-03-22,12:00:00,1490158800,21.2,18.3,24.4,16.5,316.0,0.0,0.0,United Arab Emirates
Abu Dhabi,AE,2017-03-23,12:00:00,1490245200,22.3,18.4,27.0,23.8,49.0,0.2,0.0,United Arab Emirates
Abu Dhabi,AE,2017-03-24,12:00:00,1490331600,24.3,21.5,28.8,37.2,47.0,4.0,0.0,United Arab Emirates
Abu Dhabi,AE,2017-03-25,12:00:00,1490418000,25.1,22.2,29.2,38.6,91.0,5.9,0.0,United Arab Emirates
Abu Dhabi,AE,2017-03-26,12:00:00,1490504400,24.5,21.1,30.3,39.5,66.0,1.7,0.0,United Arab Emirates
Abu Dhabi,AE,2017-03-27,12:00:00,1490590800,23.9,22.2,27.0,34.6,9.0,2.4,0.0,United Arab Emirates
Abu Dhabi,AE,2017-03-28,12:00:00,1490677200,23.6,21.7,26.8,19.5,1.0,0.0,0.0,United Arab Emirates
Abu Dhabi,AE,2017-03-29,12:00:00,1490763600,24.3,21.5,28.8,21.0,10.0,0.0,0.0,United Arab Emirates
Abu Dhabi,AE,2017-03-30,12:00:00,1490850000,25.2,21.7,29.6,25.1,0.0,0.0,0.0,United Arab Emirates
Abu Dhabi,AE,2017-03-31,12:00:00,1490936400,26.4,22.4,32.6,27.0,8.0,0.0,0.0,United Arab Emirates
Abu Dhabi,AE,2017-04-01,12:00:00,1491022800,28.1,23.2,33.2,21.3,25.0,0.0,0.0,United Arab Emirates
Abu Dhabi,AE,2017-04-02,12:00:00,1491109200,29.0,23.9,34.9,21.7,39.0,0.0,0.0,United Arab Emirates
Abu Dhabi,AE,2017-04-03,12:00:00,1491195600,28.1,24.1,33.7,29.8,339.0,0.0,0.0,United Arab Emirates
Abu Dhabi,AE,2017-04-04,12:00:00,1491282000,25.1,22.5,27.1,38.5,305.0,0.0,0.0,United Arab Emirates
Abu Dhabi,AE,2017-04-05,12:00:00,1491368400,23.5,21.7,25.9,38.7,309.0,0.0,0.0,United Arab Emirates
Abu Dhabi,AE,2017-04-06,12:00:00,1491454800,24.0,21.1,27.4,20.8,325.0,0.0,0.0,United Arab Emirates
Abu Dhabi,AE,2017-04-07,12:00:00,1491541200,25.8,21.3,31.5,19.5,16.0,0.0,0.0,United Arab Emirates
Abu Dhabi,AE,2017-04-08,12:00:00,1491627600,28.2,22.1,35.7,22.6,50.0,0.0,0.0,United Arab Emirates
Abu Dhabi,AE,2017-04-09,12:00:00,1491714000,29.3,24.3,36.2,20.9,39.0,0.0,0.0,United Arab Emirates
Abu Dhabi,AE,2017-04-10,12:00:00,1491800400,30.2,24.1,40.1,23.0,35.0,0.0,0.0,United Arab Emirates
Abu Dhabi,AE,2017-04-11,12:00:00,1491886800,30.4,24.2,39.0,24.2,43.0,0.0,0.0,United Arab Emirates
Abu Dhabi,AE,2017-04-12,12:00:00,1491973200,30.0,24.9,39.5,24.0,56.0,0.0,0.0,United Arab Emirates
Abu Dhabi,AE,2017-04-13,12:00:00,1492059600,29.8,23.6,37.2,23.2,357.0,0.0,0.0,United Arab Emirates
Abu Dhabi,AE,2017-04-14,12:00:00,1492146000,29.0,24.1,36.7,20.7,345.0,0.0,0.0,United Arab Emirates
Abu Dhabi,AE,2017-04-15,12:00:00,1492232400,29.1,23.3,36.3,26.7,303.0,0.0,0.0,United Arab Emirates
Abu Dhabi,AE,2017-04-16,12:00:00,1492318800,28.2,24.4,33.3,23.9,292.0,0.0,0.0,United Arab Emirates
Abu Dhabi,AE,2017-04-17,12:00:00,1492405200,27.2,23.7,31.5,23.0,287.0,0.0,0.0,United Arab Emirates
Abu Dhabi,AE,2017-04-18,12:00:00,1492491600,27.9,23.6,32.9,20.7,264.0,0.0,0.0,United Arab Emirates
Abu Dhabi,AE,2017-04-19,12:00:00,1492578000,28.9,24.7,33.5,31.8,289.0,0.0,0.0,United Arab Emirates
Abu Dhabi,AE,2017-04-20,12:00:00,1492664400,28.2,24.6,30.7,41.0,302.0,0.0,0.0,United Arab Emirates
Abu Dhabi,AE,2017-04-21,12:00:00,1492750800,27.1,24.2,29.8,40.7,292.0,0.0,0.0,United Arab Emirates
Abu Dhabi,AE,2017-04-22,12:00:00,1492837200,27.5,25.4,29.8,31.4,294.0,0.0,0.0,United Arab Emirates
Abu Dhabi,AE,2017-04-23,12:00:00,1492923600,27.7,23.5,32.7,26.0,322.0,0.0,0.0,United Arab Emirates
Abu Dhabi,AE,2017-04-24,12:00:00,1493010000,28.4,23.3,34.2,24.0,315.0,0.0,0.0,United Arab Emirates
Abu Dhabi,AE,2017-04-25,12:00:00,1493096400,30.2,23.1,38.6,19.9,335.0,0.0,0.0,United Arab Emirates
Abu Dhabi,AE,2017-04-26,12:00:00,1493182800,28.7,23.9,33.2,26.7,268.0,0.0,0.0,United Arab Emirates
Abu Dhabi,AE,2017-04-27,12:00:00,1493269200,29.3,25.8,32.5,22.5,300.0,0.0,0.0,United Arab Emirates
Abu Dhabi,AE,2017-04-28,12:00:00,1493355600,30.4,26.4,37.1,24.3,322.0,0.0,0.0,United Arab Emirates
Abu Dhabi,AE,2017-04-29,12:00:00,1493442000,31.1,25.5,40.5,27.5,23.0,0.0,0.0,United Arab Emirates
Abu Dhabi,AE,2017-04-30,12:00:00,1493528400,31.9,27.4,38.9,25.2,271.0,0.0,0.0,United Arab Emirates
Abu Dhabi,AE,2017-05-01,12:00:00,1493614800,30.8,27.6,37.0,22.5,297.0,0.0,0.0,United Arab Emirates
Abu Dhabi,AE,2017-05-02,12:00:00,1493701200,30.7,25.6,37.0,22.1,337.0,0.0,0.0,United Arab Emirates
Abu Dhabi,AE,2017-05-03,12:00:00,1493787600,32.5,26.9,39.7,23.9,47.0,0.0,0.0,United Arab Emirates
Abu Dhabi,AE,2017-05-04,12:00:00,1493874000,33.4,28.5,40.3,28.0,129.0,0.0,0.0,United Arab Emirates
Abu Dhabi,AE,2017-05-05,12:00:00,1493960400,34.1,29.9,40.3,27.8,148.0,0.0,0.0,United Arab Emirates
Abu Dhabi,AE,2017-05-06,12:00:00,1494046800,34.7,29.0,40.0,26.4,156.0,0.0,0.0,United Arab Emirates
Abu Dhabi,AE,2017-05-07,12:00:00,1494133200,34.1,30.1,40.2,24.2,178.0,0.0,0.0,United Arab Emirates
Abu Dhabi,AE,2017-05-08,12:00:00,1494219600,33.7,29.2,38.7,22.2,142.0,0.0,0.0,United Arab Emirates
Abu Dhabi,AE,2017-05-09,12:00:00,1494306000,32.6,29.0,38.2,24.7,330.0,0.0,0.0,United Arab Emirates
Abu Dhabi,AE,2017-05-10,12:00:00,1494392400,31.2,27.8,34.7,24.7,292.0,0.0,0.0,United Arab Emirates
Abu Dhabi,AE,2017-05-11,12:00:00,1494478800,31.1,27.9,35.4,28.7,297.0,0.0,0.0,United Arab Emirates
Abu Dhabi,AE,2017-05-12,12:00:00,1494565200,31.0,26.4,37.4,27.0,306.0,0.0,0.0,United Arab Emirates
Abu Dhabi,AE,2017-05-13,12:00:00,1494651600,31.6,27.1,38.1,20.4,283.0,0.0,0.0,United Arab Emirates
Abu Dhabi,AE,2017-05-14,12:00:00,1494738000,31.8,26.9,39.4,24.4,325.0,0.0,0.0,United Arab Emirates
Abu Dhabi,AE,2017-05-15,12:00:00,1494824400,31.6,26.9,36.8,22.9,288.0,0.0,0.0,United Arab Emirates
Abu Dhabi,AE,2017-05-16,12:00:00,1494910800,30.8,26.2,35.7,21.6,283.0,0.0,0.0,United Arab Emirates
Abu Dhabi,AE,2017-05-17,12:00:00,1494997200,30.3,25.9,34.8,20.9,283.0,0.0,0.0,United Arab Emirates
Abu Dhabi,AE,2017-05-18,12:00:00,1495083600,31.6,26.2,37.8,28.1,266.0,0.0,0.0,United Arab Emirates
Abu Dhabi,AE,2017-05-19,12:00:00,1495170000,32.6,28.6,37.4,19.6,284.0,0.0,0.0,United Arab Emirates
Abu Dhabi,AE,2017-05-20,12:00:00,1495256400,32.3,27.6,38.5,21.1,277.0,0.0,0.0,United Arab Emirates
Abu Dhabi,AE,2017-05-21,12:00:00,1495342800,33.0,27.8,39.0,23.8,261.0,0.0,0.0,United Arab Emirates
Abu Dhabi,AE,2017-05-22,12:00:00,1495429200,34.0,30.8,39.2,37.0,311.0,0.0,0.0,United Arab Emirates
Abu Dhabi,AE,2017-05-23,12:00:00,1495515600,31.3,28.8,34.3,31.5,299.0,0.0,0.0,United Arab Emirates
Abu Dhabi,AE,2017-05-24,12:00:00,1495602000,30.5,26.2,34.8,19.6,310.0,0.0,0.0,United Arab Emirates
Abu Dhabi,AE,2017-05-25,12:00:00,1495688400,32.0,26.6,38.8,27.6,273.0,0.0,0.0,United Arab Emirates
Abu Dhabi,AE,2017-05-26,12:00:00,1495774800,31.7,29.4,34.5,30.0,276.0,0.0,0.0,United Arab Emirates
Abu Dhabi,AE,2017-05-27,12:00:00,1495861200,31.5,28.0,37.5,18.1,264.0,0.0,0.0,United Arab Emirates
Abu Dhabi,AE,2017-05-28,12:00:00,1495947600,31.8,26.8,40.4,24.5,251.0,0.0,0.0,United Arab Emirates
Abu Dhabi,AE,2017-05-29,12:00:00,1496034000,32.2,28.7,36.1,24.5,260.0,0.0,0.0,United Arab Emirates
Abu Dhabi,AE,2017-05-30,12:00:00,1496120400,32.4,28.0,38.5,21.7,269.0,0.0,0.0,United Arab Emirates
Abu Dhabi,AE,2017-05-31,12:00:00,1496206800,33.0,29.9,36.0,29.5,296.0,0.0,0.0,United Arab Emirates
Abu Dhabi,AE,2017-06-01,12:00:00,1496293200,32.9,30.7,36.2,25.9,302.0,0.0,0.0,United Arab Emirates
Abu Dhabi,AE,2017-06-02,12:00:00,1496379600,33.0,30.4,36.6,27.3,311.0,0.0,0.0,United Arab Emirates
Abu Dhabi,AE,2017-06-03,12:00:00,1496466000,32.3,29.1,36.1,29.6,311.0,0.0,0.0,United Arab Emirates
Abu Dhabi,AE,2017-06-04,12:00:00,1496552400,32.4,30.2,34.9,34.5,324.0,0.0,0.0,United Arab Emirates
Abu Dhabi,AE,2017-06-05,12:00:00,1496638800,31.3,29.1,34.1,21.5,313.0,0.0,0.0,United Arab Emirates
Abu Dhabi,AE,2017-06-06,12:00:00,1496725200,33.1,28.9,38.1,27.4,0.0,0.0,0.0,United Arab Emirates
Abu Dhabi,AE,2017-06-07,12:00:00,1496811600,35.5,30.4,43.3,26.1,13.0,0.0,0.0,United Arab Emirates
Abu Dhabi,AE,2017-06-08,12:00:00,1496898000,33.5,28.7,41.4,24.4,333.0,0.0,0.0,United Arab Emirates
Abu Dhabi,AE,2017-06-09,12:00:00,1496984400,33.5,28.8,41.4,26.2,306.0,0.0,0.0,United Arab Emirates
Abu Dhabi,AE,2017-06-10,12:00:00,1497070800,33.0,28.7,38.1,20.7,280.0,0.0,0.0,United Arab Emirates
Abu Dhabi,AE,2017-06-11,12:00:00,1497157200,33.3,27.8,39.8,20.3,267.0,0.0,0.0,United Arab Emirates
Abu Dhabi,AE,2017-06-12,12:00:00,1497243600,33.2,28.5,37.6,24.8,279.0,0.0,0.0,United Arab Emirates
Abu Dhabi,AE,2017-06-13,12:00:00,1497330000,33.9,31.5,37.3,28.7,281.0,0.0,0.0,United Arab Emirates
Abu Dhabi,AE,2017-06-14,12:00:00,1497416400,33.2,28.9,39.4,18.2,3.0,0.0,0.0,United Arab Emirates
Abu Dhabi,AE,2017-06-15,12:00:00,1497502800,36.0,30.0,45.4,22.3,41.0,0.0,0.0,United Arab Emirates
Abu Dhabi,AE,2017-06-16,12:00:00,1497589200,35.7,31.2,43.0,21.5,304.0,0.0,0.0,United Arab Emirates
Abu Dhabi,AE,2017-06-17,12:00:00,1497675600,35.0,30.3,39.4,31.0,293.0,0.0,0.0,United Arab Emirates
Abu Dhabi,AE,2017-06-18,12:00:00,1497762000,35.2,31.8,39.1,30.4,281.0,0.0,0.0,United Arab Emirates
Abu Dhabi,AE,2017-06-19,12:00:00,1497848400,34.6,30.3,38.4,29.3,277.0,0.0,0.0,United Arab Emirates
Abu Dhabi,AE,2017-06-20,12:00:00,1497934800,33.8,31.2,37.0,33.5,294.0,0.0,0.0,United Arab Emirates
Abu Dhabi,AE,2017-06-21,12:00:00,1498021200,33.0,30.1,36.8,25.1,311.0,0.0,0.0,United Arab Emirates
Abu Dhabi,AE,2017-06-22,12:00:00,1498107600,33.1,29.9,36.4,22.5,290.0,0.0,0.0,United Arab Emirates
Abu Dhabi,AE,2017-06-23,12:00:00,1498194000,34.1,30.1,39.2,26.8,304.0,0.0,0.0,United Arab Emirates
Abu Dhabi,AE,2017-06-24,12:00:00,1498280400,33.1,30.3,36.5,22.0,295.0,0.0,0.0,United Arab Emirates
Abu Dhabi,AE,2017-06-25,12:00:00,1498366800,32.6,30.3,35.3,21.4,288.0,0.0,0.0,United Arab Emirates
Abu Dhabi,AE,2017-06-26,12:00:00,1498453200,33.4,30.7,36.7,25.9,286.0,0.0,0.0,United Arab Emirates
Abu Dhabi,AE,2017-06-27,12:00:00,1498539600,33.8,30.1,37.7,28.1,291.0,0.0,0.0,United Arab Emirates
Abu Dhabi,AE,2017-06-28,12:00:00,1498626000,33.4,29.1,38.6,20.3,284.0,0.0,0.0,United Arab Emirates
Abu Dhabi,AE,2017-06-29,12:00:00,1498712400,34.3,29.2,44.0,25.6,20.0,0.0,0.0,United Arab Emirates
Abu Dhabi,AE,2017-06-30,12:00:00,1498798800,35.3,30.4,44.1,26.0,356.0,0.0,0.0,United Arab Emirates
Abu Dhabi,AE,2017-07-01,12:00:00,1498885200,33.8,29.8,38.3,19.8,350.0,0.0,0.0,United Arab Emirates
Abu Dhabi,AE,2017-07-02,12:00:00,1498971600,34.5,29.6,41.2,23.3,308.0,0.0,0.0,United Arab Emirates
Abu Dhabi,AE,2017-07-03,12:00:00,1499058000,34.9,30.7,39.2,22.2,297.0,0.0,0.0,United Arab Emirates
Abu Dhabi,AE,2017-07-04,12:00:00,1499144400,34.4,29.6,40.5,20.4,300.0,0.0,0.0,United Arab Emirates
Abu Dhabi,AE,2017-07-05,12:00:00,1499230800,35.3,29.6,44.2,20.9,329.0,0.0,0.0,United Arab Emirates
Abu Dhabi,AE,2017-07-06,12:00:00,1499317200,35.2,30.3,42.2,24.9,331.0,0.0,0.0,United Arab Emirates
Abu Dhabi,AE,2017-07-07,12:00:00,1499403600,36.1,29.8,45.7,31.4,58.0,0.0,0.0,United Arab Emirates
Abu Dhabi,AE,2017-07-08,12:00:00,1499490000,39.5,34.1,45.1,32.8,135.0,0.0,0.0,United Arab Emirates
Abu Dhabi,AE,2017-07-09,12:00:00,1499576400,38.4,34.9,43.6,27.2,152.0,0.0,0.0,United Arab Emirates
Abu Dhabi,AE,2017-07-10,12:00:00,1499662800,37.7,34.8,42.7,20.5,289.0,0.0,0.0,United Arab Emirates
Abu Dhabi,AE,2017-07-11,12:00:00,1499749200,36.4,32.0,43.0,23.7,311.0,0.0,0.0,United Arab Emirates
Abu Dhabi,AE,2017-07-12,12:00:00,1499835600,37.0,32.0,43.6,21.3,204.0,0.0,0.0,United Arab Emirates
Abu Dhabi,AE,2017-07-13,12:00:00,1499922000,35.5,32.4,41.0,25.6,274.0,0.0,0.0,United Arab Emirates
Abu Dhabi,AE,2017-07-14,12:00:00,1500008400,35.4,30.8,43.9,31.1,230.0,0.0,0.0,United Arab Emirates
Abu Dhabi,AE,2017-07-15,12:00:00,1500094800,36.5,30.5,42.8,22.7,68.0,0.0,0.0,United Arab Emirates
Abu Dhabi,AE,2017-07-16,12:00:00,1500181200,38.4,34.8,43.8,22.0,117.0,0.0,0.0,United Arab Emirates
Abu Dhabi,AE,2017-07-17,12:00:00,1500267600,37.5,34.3,42.9,22.5,295.0,0.0,0.0,United Arab Emirates
Abu Dhabi,AE,2017-07-18,12:00:00,1500354000,36.3,33.5,40.4,17.9,336.0,0.0,0.0,United Arab Emirates
Abu Dhabi,AE,2017-07-19,12:00:00,1500440400,37.2,32.8,43.1,22.9,25.0,0.0,0.0,United Arab Emirates
Abu Dhabi,AE,2017-07-20,12:00:00,1500526800,37.9,34.9,43.9,24.8,82.0,0.0,0.0,United Arab Emirates
Abu Dhabi,AE,2017-07-21,12:00:00,1500613200,36.7,32.6,44.0,23.2,38.0,0.0,0.0,United Arab Emirates
Abu Dhabi,AE,2017-07-22,12:00:00,1500699600,36.5,32.6,43.8,28.7,359.0,0.0,0.0,United Arab Emirates
Abu Dhabi,AE,2017-07-23,12:00:00,1500786000,35.9,31.3,44.3,28.0,1.0,0.0,0.0,United Arab Emirates
Abu Dhabi,AE,2017-07-24,12:00:00,1500872400,36.7,31.9,43.9,23.9,29.0,0.0,0.0,United Arab Emirates
Abu Dhabi,AE,2017-07-25,12:00:00,1500958800,37.0,33.1,43.0,22.0,284.0,0.0,0.0,United Arab Emirates
Abu Dhabi,AE,2017-07-26,12:00:00,1501045200,36.9,32.1,44.3,23.4,273.0,0.0,0.0,United Arab Emirates
Abu Dhabi,AE,2017-07-27,12:00:00,1501131600,36.9,32.3,44.6,27.5,301.0,0.0,0.0,United Arab Emirates
Abu Dhabi,AE,2017-07-28,12:00:00,1501218000,36.3,32.1,41.0,21.9,359.0,0.0,0.0,United Arab Emirates
Abu Dhabi,AE,2017-07-29,12:00:00,1501304400,36.1,32.5,43.1,24.5,0.0,0.0,0.0,United Arab Emirates
Abu Dhabi,AE,2017-07-30,12:00:00,1501390800,34.9,31.5,40.9,21.9,357.0,0.0,0.0,United Arab Emirates
Abu Dhabi,AE,2017-07-31,12:00:00,1501477200,33.7,31.1,37.3,21.1,345.0,0.0,0.0,United Arab Emirates
Abu Dhabi,AE,2017-08-01,12:00:00,1501563600,35.0,32.2,41.5,27.8,358.0,0.0,0.0,United Arab Emirates
Abu Dhabi,AE,2017-08-02,12:00:00,1501650000,36.8,32.4,44.1,25.3,32.0,0.0,0.0,United Arab Emirates
Abu Dhabi,AE,2017-08-03,12:00:00,1501736400,38.6,34.2,45.5,20.1,35.0,0.0,0.0,United Arab Emirates
Abu Dhabi,AE,2017-08-04,12:00:00,1501822800,36.8,33.4,42.7,22.0,351.0,0.0,0.0,United Arab Emirates
Abu Dhabi,AE,2017-08-05,12:00:00,1501909200,35.5,32.1,42.6,23.9,315.0,0.0,0.0,United Arab Emirates
Abu Dhabi,AE,2017-08-06,12:00:00,1501995600,36.5,31.2,43.4,23.1,34.0,0.0,0.0,United Arab Emirates
Abu Dhabi,AE,2017-08-07,12:00:00,1502082000,37.9,34.0,43.3,21.8,40.0,0.0,0.0,United Arab Emirates
Abu Dhabi,AE,2017-08-08,12:00:00,1502168400,37.7,34.1,44.6,22.0,81.0,0.0,0.0,United Arab Emirates
Abu Dhabi,AE,2017-08-09,12:00:00,1502254800,36.3,32.2,44.1,27.5,19.0,0.0,0.0,United Arab Emirates
Abu Dhabi,AE,2017-08-10,12:00:00,1502341200,35.0,31.0,41.8,27.1,21.0,0.0,0.0,United Arab Emirates
Abu Dhabi,AE,2017-08-11,12:00:00,1502427600,37.6,31.7,43.7,19.8,71.0,0.0,0.0,United Arab Emirates
Abu Dhabi,AE,2017-08-12,12:00:00,1502514000,37.7,33.6,43.7,21.5,79.0,0.0,0.0,United Arab Emirates
Abu Dhabi,AE,2017-08-13,12:00:00,1502600400,35.9,32.2,42.8,24.1,358.0,0.0,0.0,United Arab Emirates
Abu Dhabi,AE,2017-08-14,12:00:00,1502686800,35.5,31.3,42.6,25.3,39.0,0.0,0.0,United Arab Emirates
Abu Dhabi,AE,2017-08-15,12:00:00,1502773200,36.8,32.2,42.5,30.2,141.0,0.0,0.0,United Arab Emirates
Abu Dhabi,AE,2017-08-16,12:00:00,1502859600,35.7,31.5,40.3,30.6,152.0,0.0,0.0,United Arab Emirates
Abu Dhabi,AE,2017-08-17,12:00:00,1502946000,35.9,33.6,39.9,22.6,208.0,0.0,0.0,United Arab Emirates
Abu Dhabi,AE,2017-08-18,12:00:00,1503032400,35.0,31.9,38.9,17.4,314.0,0.0,0.0,United Arab Emirates
Abu Dhabi,AE,2017-08-19,12:00:00,1503118800,34.5,31.1,38.3,23.1,330.0,0.0,0.0,United Arab Emirates
Abu Dhabi,AE,2017-08-20,12:00:00,1503205200,36.1,31.7,44.0,25.8,53.0,0.0,0.0,United Arab Emirates
Abu Dhabi,AE,2017-08-21,12:00:00,1503291600,36.2,32.9,42.0,24.9,61.0,0.0,0.0,United Arab Emirates
Abu Dhabi,AE,2017-08-22,12:00:00,1503378000,36.5,32.0,43.8,26.1,80.0,0.0,0.0,United Arab Emirates
Abu Dhabi,AE,2017-08-23,12:00:00,1503464400,35.5,31.5,41.6,32.1,87.0,0.0,0.0,United Arab Emirates
Abu Dhabi,AE,2017-08-24,12:00:00,1503550800,34.9,32.4,39.3,28.0,69.0,0.0,0.0,United Arab Emirates
Abu Dhabi,AE,2017-08-25,12:00:00,1503637200,34.5,32.0,39.4,29.0,142.0,0.0,0.0,United Arab Emirates
Abu Dhabi,AE,2017-08-26,12:00:00,1503723600,34.0,30.7,38.8,22.1,334.0,0.0,0.0,United Arab Emirates
Abu Dhabi,AE,2017-08-27,12:00:00,1503810000,34.1,30.3,40.5,21.6,17.0,0.0,0.0,United Arab Emirates
Abu Dhabi,AE,2017-08-28,12:00:00,1503896400,34.5,29.4,41.7,24.3,46.0,0.0,0.0,United Arab Emirates
Abu Dhabi,AE,2017-08-29,12:00:00,1503982800,35.4,30.4,42.3,22.0,37.0,0.0,0.0,United Arab Emirates
Abu Dhabi,AE,2017-08-30,12:00:00,1504069200,35.1,30.4,42.2,18.6,28.0,0.0,0.0,United Arab Emirates
Abu Dhabi,AE,2017-08-31,12:00:00,1504155600,33.6,30.6,37.9,20.9,307.0,0.0,0.0,United Arab Emirates
Abu Dhabi,AE,2017-09-01,12:00:00,1504242000,32.9,29.2,38.4,23.0,311.0,0.0,0.0,United Arab Emirates
Abu Dhabi,AE,2017-09-02,12:00:00,1504328400,34.1,29.0,41.9,23.2,338.0,0.0,0.0,United Arab Emirates
Abu Dhabi,AE,2017-09-03,12:00:00,1504414800,33.5,29.1,39.9,17.1,33.0,0.0,0.0,United Arab Emirates
Abu Dhabi,AE,2017-09-04,12:00:00,1504501200,33.6,28.5,38.9,21.7,32.0,0.0,0.0,United Arab Emirates
Abu Dhabi,AE,2017-09-05,12:00:00,1504587600,34.1,29.5,40.8,23.7,345.0,0.0,0.0,United Arab Emirates
Abu Dhabi,AE,2017-09-06,12:00:00,1504674000,35.1,30.6,41.4,22.2,102.0,0.0,0.0,United Arab Emirates
Abu Dhabi,AE,2017-09-07,12:00:00,1504760400,35.7,31.9,40.8,19.3,72.0,0.0,0.0,United Arab Emirates
Abu Dhabi,AE,2017-09-08,12:00:00,1504846800,35.0,31.8,39.6,23.9,287.0,0.0,0.0,United Arab Emirates
Abu Dhabi,AE,2017-09-09,12:00:00,1504933200,34.2,31.4,39.1,24.4,299.0,0.0,0.0,United Arab Emirates
Abu Dhabi,AE,2017-09-10,12:00:00,1505019600,32.8,29.2,36.9,18.6,329.0,0.0,0.0,United Arab Emirates
Abu Dhabi,AE,2017-09-11,12:00:00,1505106000,34.2,30.3,41.3,23.8,41.0,0.0,0.0,United Arab Emirates
Abu Dhabi,AE,2017-09-12,12:00:00,1505192400,35.1,30.8,41.3,27.2,86.0,0.0,0.0,United Arab Emirates
Abu Dhabi,AE,2017-09-13,12:00:00,1505278800,33.8,30.5,39.4,22.5,352.0,0.0,0.0,United Arab Emirates
Abu Dhabi,AE,2017-09-14,12:00:00,1505365200,33.3,29.2,37.9,15.9,353.0,0.0,0.0,United Arab Emirates
Abu Dhabi,AE,2017-09-15,12:00:00,1505451600,33.3,28.8,39.2,20.4,38.0,0.0,0.0,United Arab Emirates
Abu Dhabi,AE,2017-09-16,12:00:00,1505538000,33.0,28.9,38.3,19.9,336.0,0.0,0.0,United Arab Emirates
Abu Dhabi,AE,2017-09-17,12:00:00,1505624400,32.8,29.7,39.3,25.4,342.0,0.0,0.0,United Arab Emirates
Abu Dhabi,AE,2017-09-18,12:00:00,1505710800,33.0,29.9,38.1,29.0,358.0,0.0,0.0,United Arab Emirates
Abu Dhabi,AE,2017-09-19,12:00:00,1505797200,33.3,29.8,38.4,27.7,338.0,0.0,0.0,United Arab Emirates
Abu Dhabi,AE,2017-09-20,12:00:00,1505883600,32.6,29.9,36.3,24.6,347.0,0.0,0.0,United Arab Emirates
Abu Dhabi,AE,2017-09-21,12:00:00,1505970000,34.4,30.7,40.9,25.5,23.0,0.0,0.0,United Arab Emirates
Abu Dhabi,AE,2017-09-22,12:00:00,1506056400,33.6,29.7,38.3,26.3,38.0,0.0,0.0,United Arab Emirates
Abu Dhabi,AE,2017-09-23,12:00:00,1506142800,34.6,31.5,38.8,20.3,47.0,0.0,0.0,United Arab Emirates
Abu Dhabi,AE,2017-09-24,12:00:00,1506229200,34.1,30.9,40.0,23.2,22.0,0.0,0.0,United Arab Emirates
Abu Dhabi,AE,2017-09-25,12:00:00,1506315600,33.0,28.7,39.5,25.9,9.0,0.0,0.0,United Arab Emirates
Abu Dhabi,AE,2017-09-26,12:00:00,1506402000,31.8,28.8,35.7,21.3,349.0,0.0,0.0,United Arab Emirates
Abu Dhabi,AE,2017-09-27,12:00:00,1506488400,31.5,28.3,35.7,24.6,354.0,0.0,0.0,United Arab Emirates
Abu Dhabi,AE,2017-09-28,12:00:00,1506574800,31.8,28.4,36.4,21.4,327.0,0.0,0.0,United Arab Emirates
Abu Dhabi,AE,2017-09-29,12:00:00,1506661200,32.6,29.9,36.3,20.0,309.0,0.0,0.0,United Arab Emirates
Abu Dhabi,AE,2017-09-30,12:00:00,1506747600,32.2,28.7,36.5,20.8,326.0,0.0,0.0,United Arab Emirates
Abu Dhabi,AE,2017-10-01,12:00:00,1506834000,32.3,29.4,35.6,23.7,0.0,0.0,0.0,United Arab Emirates
Abu Dhabi,AE,2017-10-02,12:00:00,1506920400,32.5,28.9,36.8,22.8,344.0,0.0,0.0,United Arab Emirates
Abu Dhabi,AE,2017-10-03,12:00:00,1507006800,33.1,30.8,36.1,24.7,303.0,0.0,0.0,United Arab Emirates
Abu Dhabi,AE,2017-10-04,12:00:00,1507093200,33.3,30.9,35.8,22.9,296.0,0.0,0.0,United Arab Emirates
Abu Dhabi,AE,2017-10-05,12:00:00,1507179600,33.1,29.7,37.8,25.3,345.0,0.0,0.0,United Arab Emirates
Abu Dhabi,AE,2017-10-06,12:00:00,1507266000,32.0,29.1,36.1,20.5,353.0,0.0,0.0,United Arab Emirates
Abu Dhabi,AE,2017-10-07,12:00:00,1507352400,31.8,28.8,36.1,27.3,6.0,0.0,0.0,United Arab Emirates
Abu Dhabi,AE,2017-10-08,12:00:00,1507438800,32.2,29.9,35.9,24.0,350.0,0.0,0.0,United Arab Emirates
Abu Dhabi,AE,2017-10-09,12:00:00,1507525200,32.3,29.3,36.5,21.8,333.0,0.0,0.0,United Arab Emirates
Abu Dhabi,AE,2017-10-10,12:00:00,1507611600,31.6,29.0,34.6,19.5,304.0,0.0,0.0,United Arab Emirates
Abu Dhabi,AE,2017-10-11,12:00:00,1507698000,31.6,28.3,35.4,20.4,300.0,0.0,0.0,United Arab Emirates
Abu Dhabi,AE,2017-10-12,12:00:00,1507784400,31.5,28.2,35.5,25.1,297.0,0.0,0.0,United Arab Emirates
Abu Dhabi,AE,2017-10-13,12:00:00,1507870800,31.9,30.1,34.3,25.4,300.0,0.0,0.0,United Arab Emirates
Abu Dhabi,AE,2017-10-14,12:00:00,1507957200,31.3,28.5,34.2,15.5,286.0,0.0,0.0,United Arab Emirates
Abu Dhabi,AE,2017-10-15,12:00:00,1508043600,30.9,27.2,34.8,19.3,279.0,0.0,0.0,United Arab Emirates
Abu Dhabi,AE,2017-10-16,12:00:00,1508130000,30.3,27.5,33.6,17.6,283.0,0.0,0.0,United Arab Emirates
Abu Dhabi,AE,2017-10-17,12:00:00,1508216400,30.1,27.0,33.5,19.8,270.0,0.0,0.0,United Arab Emirates
Abu Dhabi,AE,2017-10-18,12:00:00,1508302800,31.1,28.4,33.8,18.7,310.0,0.0,0.0,United Arab Emirates
Abu Dhabi,AE,2017-10-19,12:00:00,1508389200,30.3,27.3,33.4,22.9,13.0,0.0,0.0,United Arab Emirates
Abu Dhabi,AE,2017-10-20,12:00:00,1508475600,31.7,29.9,34.3,23.6,345.0,0.0,0.0,United Arab Emirates
Abu Dhabi,AE,2017-10-21,12:00:00,1508562000,31.4,28.4,34.3,22.2,327.0,0.0,0.0,United Arab Emirates
Abu Dhabi,AE,2017-10-22,12:00:00,1508648400,31.3,28.4,33.8,20.5,297.0,0.0,0.0,United Arab Emirates
Abu Dhabi,AE,2017-10-23,12:00:00,1508734800,30.4,27.1,33.9,18.1,281.0,0.0,0.0,United Arab Emirates
Abu Dhabi,AE,2017-10-24,12:00:00,1508821200,30.4,26.5,35.6,21.5,313.0,0.0,0.0,United Arab Emirates
Abu Dhabi,AE,2017-10-25,12:00:00,1508907600,29.9,27.0,32.5,17.9,322.0,0.0,0.0,United Arab Emirates
Abu Dhabi,AE,2017-10-26,12:00:00,1508994000,30.4,27.4,33.8,20.8,13.0,0.0,0.0,United Arab Emirates
Abu Dhabi,AE,2017-10-27,12:00:00,1509080400,30.7,27.8,33.6,20.6,338.0,0.0,0.0,United Arab Emirates
Abu Dhabi,AE,2017-10-28,12:00:00,1509166800,30.6,28.4,33.2,22.4,342.0,0.0,0.0,United Arab Emirates
Abu Dhabi,AE,2017-10-29,12:00:00,1509253200,30.4,28.1,33.4,20.1,336.0,0.0,0.0,United Arab Emirates
Abu Dhabi,AE,2017-10-30,12:00:00,1509339600,29.6,26.9,32.9,18.9,327.0,0.0,0.0,United Arab Emirates
Abu Dhabi,AE,2017-10-31,12:00:00,1509426000,28.8,26.4,31.5,17.1,322.0,0.0,0.0,United Arab Emirates
Abu Dhabi,AE,2017-11-01,12:00:00,1509512400,29.0,24.7,32.3,18.4,5.0,0.0,0.0,United Arab Emirates
Abu Dhabi,AE,2017-11-02,12:00:00,1509598800,29.4,26.4,33.3,15.8,54.0,0.0,0.0,United Arab Emirates
Abu Dhabi,AE,2017-11-03,12:00:00,1509685200,29.1,25.7,32.9,16.9,32.0,0.0,0.0,United Arab Emirates
Abu Dhabi,AE,2017-11-04,12:00:00,1509771600,28.6,25.9,31.7,17.9,20.0,0.0,0.0,United Arab Emirates
Abu Dhabi,AE,2017-11-05,12:00:00,1509858000,28.9,26.6,32.0,18.7,20.0,0.0,0.0,United Arab Emirates
Abu Dhabi,AE,2017-11-06,12:00:00,1509944400,28.8,25.6,31.8,21.8,22.0,0.0,0.0,United Arab Emirates
Abu Dhabi,AE,2017-11-07,12:00:00,1510030800,29.2,25.9,31.7,24.0,346.0,0.0,0.0,United Arab Emirates
Abu Dhabi,AE,2017-11-08,12:00:00,1510117200,29.4,27.5,31.4,20.6,326.0,0.0,0.0,United Arab Emirates
Abu Dhabi,AE,2017-11-09,12:00:00,1510203600,29.0,27.4,31.3,17.4,318.0,0.0,0.0,United Arab Emirates
Abu Dhabi,AE,2017-11-10,12:00:00,1510290000,28.7,26.4,31.4,15.1,326.0,0.0,0.0,United Arab Emirates
Abu Dhabi,AE,2017-11-11,12:00:00,1510376400,27.6,23.7,30.5,15.8,309.0,0.0,0.0,United Arab Emirates
Abu Dhabi,AE,2017-11-12,12:00:00,1510462800,28.5,25.8,30.9,30.9,317.0,0.0,0.0,United Arab Emirates
Abu Dhabi,AE,2017-11-13,12:00:00,1510549200,28.1,26.8,29.5,37.6,314.0,0.0,0.0,United Arab Emirates
Abu Dhabi,AE,2017-11-14,12:00:00,1510635600,27.7,25.5,30.0,23.0,319.0,0.0,0.0,United Arab Emirates
Abu Dhabi,AE,2017-11-15,12:00:00,1510722000,26.6,23.1,29.9,18.1,12.0,0.0,0.0,United Arab Emirates
Abu Dhabi,AE,2017-11-16,12:00:00,1510808400,26.6,24.7,28.8,16.9,318.0,0.0,0.0,United Arab Emirates
Abu Dhabi,AE,2017-11-17,12:00:00,1510894800,25.8,22.9,28.4,18.9,345.0,0.0,0.0,United Arab Emirates
Abu Dhabi,AE,2017-11-18,12:00:00,1510981200,25.9,22.6,29.0,20.2,31.0,0.0,0.0,United Arab Emirates
Abu Dhabi,AE,2017-11-19,12:00:00,1511067600,25.7,21.2,29.4,16.3,57.0,0.0,0.0,United Arab Emirates
Abu Dhabi,AE,2017-11-20,12:00:00,1511154000,25.7,21.2,29.7,20.2,49.0,0.0,0.0,United Arab Emirates
Abu Dhabi,AE,2017-11-21,12:00:00,1511240400,25.0,20.1,29.8,15.0,96.0,0.0,0.0,United Arab Emirates
Abu Dhabi,AE,2017-11-22,12:00:00,1511326800,25.1,21.1,29.4,19.5,147.0,0.0,0.0,United Arab Emirates
Abu Dhabi,AE,2017-11-23,12:00:00,1511413200,25.1,21.3,29.4,24.5,248.0,0.0,0.0,United Arab Emirates
Abu Dhabi,AE,2017-11-24,12:00:00,1511499600,25.0,22.2,26.9,31.5,356.0,0.0,0.0,United Arab Emirates
Abu Dhabi,AE,2017-11-25,12:00:00,1511586000,25.3,23.8,26.6,31.4,333.0,0.0,0.0,United Arab Emirates
Abu Dhabi,AE,2017-11-26,12:00:00,1511672400,24.3,23.1,25.6,26.9,315.0,0.0,0.0,United Arab Emirates
Abu Dhabi,AE,2017-11-27,12:00:00,1511758800,24.3,20.7,26.5,18.5,351.0,0.0,0.0,United Arab Emirates
Abu Dhabi,AE,2017-11-28,12:00:00,1511845200,25.6,23.8,27.9,30.9,315.0,0.0,0.0,United Arab Emirates
Abu Dhabi,AE,2017-11-29,12:00:00,1511931600,25.3,24.1,27.0,30.8,319.0,0.0,0.0,United Arab Emirates
Abu Dhabi,AE,2017-11-30,12:00:00,1512018000,24.5,20.9,27.1,19.5,1.0,0.0,0.0,United Arab Emirates
Abu Dhabi,AE,2017-12-01,12:00:00,1512104400,24.6,20.8,27.2,19.6,313.0,0.0,0.0,United Arab Emirates
Abu Dhabi,AE,2017-12-02,12:00:00,1512190800,25.4,24.0,27.6,33.9,325.0,0.0,0.0,United Arab Emirates
Abu Dhabi,AE,2017-12-03,12:00:00,1512277200,24.4,23.3,25.9,24.9,325.0,0.0,0.0,United Arab Emirates
Abu Dhabi,AE,2017-12-04,12:00:00,1512363600,23.5,20.3,27.5,34.2,44.0,0.0,0.0,United Arab Emirates
Abu Dhabi,AE,2017-12-05,12:00:00,1512450000,21.8,18.6,25.4,25.6,45.0,0.0,0.0,United Arab Emirates
Abu Dhabi,AE,2017-12-06,12:00:00,1512536400,21.5,17.9,25.1,17.1,49.0,0.0,0.0,United Arab Emirates
Abu Dhabi,AE,2017-12-07,12:00:00,1512622800,20.8,16.8,25.0,12.7,64.0,0.0,0.0,United Arab Emirates
Abu Dhabi,AE,2017-12-08,12:00:00,1512709200,21.2,17.4,24.2,33.6,280.0,1.0,0.0,United Arab Emirates
Abu Dhabi,AE,2017-12-09,12:00:00,1512795600,22.1,20.5,23.2,33.1,315.0,0.0,0.0,United Arab Emirates
Abu Dhabi,AE,2017-12-10,12:00:00,1512882000,23.4,21.9,25.4,26.0,334.0,0.0,0.0,United Arab Emirates
Abu Dhabi,AE,2017-12-11,12:00:00,1512968400,22.9,21.5,25.1,29.7,307.0,0.0,0.0,United Arab Emirates
Abu Dhabi,AE,2017-12-12,12:00:00,1513054800,22.4,21.1,24.3,33.7,299.0,0.0,0.0,United Arab Emirates
Abu Dhabi,AE,2017-12-13,12:00:00,1513141200,22.2,20.1,24.7,19.7,17.0,0.0,0.0,United Arab Emirates
Abu Dhabi,AE,2017-12-14,12:00:00,1513227600,21.4,18.1,25.6,18.4,79.0,0.0,0.0,United Arab Emirates
Abu Dhabi,AE,2017-12-15,12:00:00,1513314000,22.1,18.1,25.7,20.7,145.0,0.0,0.0,United Arab Emirates
Abu Dhabi,AE,2017-12-16,12:00:00,1513400400,21.5,19.2,26.1,28.2,121.0,0.1,0.0,United Arab Emirates
Abu Dhabi,AE,2017-12-17,12:00:00,1513486800,20.1,18.5,22.6,25.4,352.0,2.2,0.0,United Arab Emirates
Abu Dhabi,AE,2017-12-18,12:00:00,1513573200,19.7,17.5,21.5,19.9,260.0,0.9,0.0,United Arab Emirates
Abu Dhabi,AE,2017-12-19,12:00:00,1513659600,21.2,17.9,23.7,19.9,356.0,0.1,0.0,United Arab Emirates
Abu Dhabi,AE,2017-12-20,12:00:00,1513746000,21.3,18.4,23.8,20.0,4.0,0.0,0.0,United Arab Emirates
Abu Dhabi,AE,2017-12-21,12:00:00,1513832400,21.5,18.0,24.8,18.6,19.0,0.0,0.0,United Arab Emirates
Abu Dhabi,AE,2017-12-22,12:00:00,1513918800,21.4,19.0,24.6,20.5,343.0,0.0,0.0,United Arab Emirates
Abu Dhabi,AE,2017-12-23,12:00:00,1514005200,21.8,19.2,24.5,21.9,313.0,0.0,0.0,United Arab Emirates
Abu Dhabi,AE,2017-12-24,12:00:00,1514091600,21.8,19.2,25.3,16.3,283.0,0.0,0.0,United Arab Emirates
Abu Dhabi,AE,2017-12-25,12:00:00,1514178000,21.3,18.4,25.3,13.4,270.0,0.0,0.0,United Arab Emirates
Abu Dhabi,AE,2017-12-26,12:00:00,1514264400,20.2,16.2,24.6,14.0,246.0,0.0,0.0,United Arab Emirates
Abu Dhabi,AE,2017-12-27,12:00:00,1514350800,22.3,19.8,24.6,24.0,332.0,0.0,0.0,United Arab Emirates
Abu Dhabi,AE,2017-12-28,12:00:00,1514437200,22.4,20.8,24.7,19.8,339.0,0.0,0.0,United Arab Emirates
Abu Dhabi,AE,2017-12-29,12:00:00,1514523600,21.6,18.4,25.2,16.8,2.0,0.0,0.0,United Arab Emirates
Abu Dhabi,AE,2017-12-30,12:00:00,1514610000,20.9,17.6,24.8,12.6,7.0,0.0,0.0,United Arab Emirates
Abu Dhabi,AE,2017-12-31,12:00:00,1514696400,21.2,18.7,23.9,12.7,325.0,0.0,0.0,United Arab Emirates
Abu Dhabi,AE,2018-01-01,12:00:00,1514782800,20.2,17.8,23.1,14.2,318.0,0.0,0.0,United Arab Emirates
Abu Dhabi,AE,2018-01-02,12:00:00,1514869200,20.1,16.1,23.0,16.6,299.0,0.0,0.0,United Arab Emirates
Abu Dhabi,AE,2018-01-03,12:00:00,1514955600,20.9,19.0,23.1,30.9,304.0,0.0,0.0,United Arab Emirates
Abu Dhabi,AE,2018-01-04,12:00:00,1515042000,20.8,19.6,22.3,27.8,304.0,0.0,0.0,United Arab Emirates
Abu Dhabi,AE,2018-01-05,12:00:00,1515128400,20.6,18.3,22.7,21.8,291.0,0.0,0.0,United Arab Emirates
Abu Dhabi,AE,2018-01-06,12:00:00,1515214800,20.0,16.5,24.5,13.1,216.0,0.0,0.0,United Arab Emirates
Abu Dhabi,AE,2018-01-07,12:00:00,1515301200,19.9,16.2,23.6,26.1,262.0,0.0,0.0,United Arab Emirates
Abu Dhabi,AE,2018-01-08,12:00:00,1515387600,20.4,18.7,21.8,28.7,300.0,0.0,0.0,United Arab Emirates
Abu Dhabi,AE,2018-01-09,12:00:00,1515474000,19.8,17.3,21.8,20.1,352.0,0.7,0.0,United Arab Emirates
Abu Dhabi,AE,2018-01-10,12:00:00,1515560400,20.2,17.7,22.7,22.7,15.0,0.1,0.0,United Arab Emirates
Abu Dhabi,AE,2018-01-11,12:00:00,1515646800,20.5,16.7,23.0,18.5,346.0,0.0,0.0,United Arab Emirates
Abu Dhabi,AE,2018-01-12,12:00:00,1515733200,20.4,16.7,23.3,20.2,338.0,0.0,0.0,United Arab Emirates
Abu Dhabi,AE,2018-01-13,12:00:00,1515819600,19.8,17.4,21.8,20.2,303.0,0.0,0.0,United Arab Emirates
Abu Dhabi,AE,2018-01-14,12:00:00,1515906000,19.7,17.4,22.5,16.3,298.0,0.0,0.0,United Arab Emirates
Abu Dhabi,AE,2018-01-15,12:00:00,1515992400,18.8,16.4,21.1,15.8,270.0,0.0,0.0,United Arab Emirates
Abu Dhabi,AE,2018-01-16,12:00:00,1516078800,19.9,16.6,23.9,32.6,299.0,0.0,0.0,United Arab Emirates
Abu Dhabi,AE,2018-01-17,12:00:00,1516165200,19.9,18.7,21.6,29.5,296.0,0.0,0.0,United Arab Emirates
Abu Dhabi,AE,2018-01-18,12:00:00,1516251600,19.5,18.2,21.2,20.2,299.0,0.0,0.0,United Arab Emirates
Abu Dhabi,AE,2018-01-19,12:00:00,1516338000,19.1,17.1,21.7,16.5,353.0,0.0,0.0,United Arab Emirates
Abu Dhabi,AE,2018-01-20,12:00:00,1516424400,18.8,14.9,23.5,22.0,8.0,0.0,0.0,United Arab Emirates
Abu Dhabi,AE,2018-01-21,12:00:00,1516510800,19.3,18.2,21.1,39.8,307.0,0.0,0.0,United Arab Emirates
Abu Dhabi,AE,2018-01-22,12:00:00,1516597200,19.7,17.9,22.1,31.1,319.0,0.0,0.0,United Arab Emirates
Abu Dhabi,AE,2018-01-23,12:00:00,1516683600,18.2,14.7,21.4,18.8,341.0,0.0,0.0,United Arab Emirates
Abu Dhabi,AE,2018-01-24,12:00:00,1516770000,18.1,14.4,21.8,12.5,276.0,0.0,0.0,United Arab Emirates
Abu Dhabi,AE,2018-01-25,12:00:00,1516856400,18.5,15.2,22.2,14.6,15.0,0.0,0.0,United Arab Emirates
Abu Dhabi,AE,2018-01-26,12:00:00,1516942800,18.7,15.7,23.0,14.5,22.0,0.0,0.0,United Arab Emirates
Abu Dhabi,AE,2018-01-27,12:00:00,1517029200,19.7,15.5,25.0,12.0,56.0,0.0,0.0,United Arab Emirates
Abu Dhabi,AE,2018-01-28,12:00:00,1517115600,19.6,16.3,22.9,31.3,300.0,0.0,0.0,United Arab Emirates
Abu Dhabi,AE,2018-01-29,12:00:00,1517202000,18.9,17.8,20.8,32.6,312.0,0.0,0.0,United Arab Emirates
Abu Dhabi,AE,2018-01-30,12:00:00,1517288400,18.9,17.3,20.7,29.0,315.0,0.0,0.0,United Arab Emirates
Abu Dhabi,AE,2018-01-31,12:00:00,1517374800,19.0,17.6,20.6,38.2,319.0,0.0,0.0,United Arab Emirates
Abu Dhabi,AE,2018-02-01,12:00:00,1517461200,19.1,17.8,20.8,27.6,312.0,0.0,0.0,United Arab Emirates
Abu Dhabi,AE,2018-02-02,12:00:00,1517547600,19.5,18.1,21.5,32.9,313.0,0.0,0.0,United Arab Emirates
Abu Dhabi,AE,2018-02-03,12:00:00,1517634000,19.5,17.7,21.7,20.2,313.0,0.0,0.0,United Arab Emirates
Abu Dhabi,AE,2018-02-04,12:00:00,1517720400,19.4,17.4,21.7,27.2,315.0,0.0,0.0,United Arab Emirates
Abu Dhabi,AE,2018-02-05,12:00:00,1517806800,18.5,15.8,21.1,18.0,308.0,0.0,0.0,United Arab Emirates
Abu Dhabi,AE,2018-02-06,12:00:00,1517893200,18.0,15.7,21.0,16.0,295.0,0.0,0.0,United Arab Emirates
Abu Dhabi,AE,2018-02-07,12:00:00,1517979600,18.0,15.1,21.0,13.9,267.0,0.0,0.0,United Arab Emirates
Abu Dhabi,AE,2018-02-08,12:00:00,1518066000,18.1,14.0,23.8,18.4,245.0,0.0,0.0,United Arab Emirates
Abu Dhabi,AE,2018-02-09,12:00:00,1518152400,19.2,16.1,22.7,23.4,281.0,0.0,0.0,United Arab Emirates
Abu Dhabi,AE,2018-02-10,12:00:00,1518238800,18.5,15.1,22.3,18.9,269.0,0.0,0.0,United Arab Emirates
Abu Dhabi,AE,2018-02-11,12:00:00,1518325200,20.0,14.5,25.6,14.5,223.0,0.0,0.0,United Arab Emirates
Abu Dhabi,AE,2018-02-12,12:00:00,1518411600,20.7,14.9,27.9,14.3,90.0,0.0,0.0,United Arab Emirates
Abu Dhabi,AE,2018-02-13,12:00:00,1518498000,24.5,17.6,33.1,21.7,141.0,0.0,0.0,United Arab Emirates
Abu Dhabi,AE,2018-02-14,12:00:00,1518584400,25.0,21.1,30.8,34.2,159.0,0.0,0.0,United Arab Emirates
Abu Dhabi,AE,2018-02-15,12:00:00,1518670800,22.8,19.5,27.5,21.9,265.0,0.0,0.0,United Arab Emirates
Abu Dhabi,AE,2018-02-16,12:00:00,1518757200,23.0,19.1,29.6,18.4,29.0,0.0,0.0,United Arab Emirates
Abu Dhabi,AE,2018-02-17,12:00:00,1518843600,23.4,18.4,29.8,14.0,37.0,0.0,0.0,United Arab Emirates
Abu Dhabi,AE,2018-02-18,12:00:00,1518930000,25.7,19.6,34.4,15.9,123.0,0.0,0.0,United Arab Emirates
Abu Dhabi,AE,2018-02-19,12:00:00,1519016400,22.6,20.1,25.1,24.9,339.0,0.0,0.0,United Arab Emirates
Abu Dhabi,AE,2018-02-20,12:00:00,1519102800,21.6,19.9,23.8,27.0,317.0,0.0,0.0,United Arab Emirates
Abu Dhabi,AE,2018-02-21,12:00:00,1519189200,20.6,17.3,23.6,17.7,333.0,0.0,0.0,United Arab Emirates
Abu Dhabi,AE,2018-02-22,12:00:00,1519275600,20.9,17.5,24.3,20.5,356.0,0.0,0.0,United Arab Emirates
Abu Dhabi,AE,2018-02-23,12:00:00,1519362000,23.4,19.8,27.7,20.9,35.0,0.0,0.0,United Arab Emirates
Abu Dhabi,AE,2018-02-24,12:00:00,1519448400,26.3,21.2,32.5,31.6,140.0,0.4,0.0,United Arab Emirates
Abu Dhabi,AE,2018-02-25,12:00:00,1519534800,22.0,20.7,23.1,34.1,18.0,3.5,0.0,United Arab Emirates
Abu Dhabi,AE,2018-02-26,12:00:00,1519621200,21.8,20.2,24.2,21.6,10.0,0.1,0.0,United Arab Emirates
Abu Dhabi,AE,2018-02-27,12:00:00,1519707600,22.3,20.1,25.9,25.0,37.0,0.2,0.0,United Arab Emirates
Abu Dhabi,AE,2018-02-28,12:00:00,1519794000,24.0,21.2,31.0,40.0,96.0,0.2,0.0,United Arab Emirates
Abu Dhabi,AE,2018-03-01,12:00:00,1519880400,23.1,19.9,28.9,25.4,72.0,0.0,0.0,United Arab Emirates
Abu Dhabi,AE,2018-03-02,12:00:00,1519966800,21.5,19.7,22.2,19.6,280.0,3.1,0.0,United Arab Emirates
Abu Dhabi,AE,2018-03-03,12:00:00,1520053200,20.8,17.9,23.3,25.0,303.0,0.0,0.0,United Arab Emirates
Abu Dhabi,AE,2018-03-04,12:00:00,1520139600,20.7,18.2,23.6,21.4,300.0,0.0,0.0,United Arab Emirates
Abu Dhabi,AE,2018-03-05,12:00:00,1520226000,20.6,17.1,24.2,17.8,291.0,0.0,0.0,United Arab Emirates
Abu Dhabi,AE,2018-03-06,12:00:00,1520312400,21.0,16.3,25.5,11.5,272.0,0.0,0.0,United Arab Emirates
Abu Dhabi,AE,2018-03-07,12:00:00,1520398800,22.8,17.2,28.8,15.6,239.0,0.0,0.0,United Arab Emirates
Abu Dhabi,AE,2018-03-08,12:00:00,1520485200,23.8,18.5,31.1,21.8,261.0,0.0,0.0,United Arab Emirates
Abu Dhabi,AE,2018-03-09,12:00:00,1520571600,23.5,19.0,29.4,15.8,244.0,0.0,0.0,United Arab Emirates
Abu Dhabi,AE,2018-03-10,12:00:00,1520658000,25.0,18.8,33.7,17.3,94.0,0.0,0.0,United Arab Emirates
Abu Dhabi,AE,2018-03-11,12:00:00,1520744400,27.1,22.3,34.2,28.5,163.0,0.0,0.0,United Arab Emirates
Abu Dhabi,AE,2018-03-12,12:00:00,1520830800,26.7,23.2,31.8,31.0,162.0,0.0,0.0,United Arab Emirates
Abu Dhabi,AE,2018-03-13,12:00:00,1520917200,24.5,21.5,28.1,23.4,334.0,0.0,0.0,United Arab Emirates
Abu Dhabi,AE,2018-03-14,12:00:00,1521003600,23.5,21.5,26.4,28.6,300.0,0.0,0.0,United Arab Emirates
Abu Dhabi,AE,2018-03-15,12:00:00,1521090000,23.1,20.1,26.3,22.0,300.0,0.0,0.0,United Arab Emirates
Abu Dhabi,AE,2018-03-16,12:00:00,1521176400,22.9,18.6,27.9,19.4,341.0,0.0,0.0,United Arab Emirates
Abu Dhabi,AE,2018-03-17,12:00:00,1521262800,23.7,19.3,31.0,25.0,97.0,0.0,0.0,United Arab Emirates
Abu Dhabi,AE,2018-03-18,12:00:00,1521349200,23.3,21.6,26.0,29.6,312.0,0.0,0.0,United Arab Emirates
Abu Dhabi,AE,2018-03-19,12:00:00,1521435600,22.7,21.1,25.1,25.8,304.0,0.0,0.0,United Arab Emirates
Abu Dhabi,AE,2018-03-20,12:00:00,1521522000,22.1,18.5,25.1,23.5,327.0,0.0,0.0,United Arab Emirates
Abu Dhabi,AE,2018-03-21,12:00:00,1521608400,23.5,20.3,27.0,17.1,326.0,0.0,0.0,United Arab Emirates
Abu Dhabi,AE,2018-03-22,12:00:00,1521694800,24.0,21.7,27.4,17.9,303.0,0.0,0.0,United Arab Emirates
Abu Dhabi,AE,2018-03-23,12:00:00,1521781200,23.8,20.0,27.7,23.2,307.0,0.0,0.0,United Arab Emirates
Abu Dhabi,AE,2018-03-24,12:00:00,1521867600,24.6,19.5,30.1,19.6,7.0,0.0,0.0,United Arab Emirates
Abu Dhabi,AE,2018-03-25,12:00:00,1521954000,26.9,23.1,32.6,25.6,14.0,0.0,0.0,United Arab Emirates
Abu Dhabi,AE,2018-03-26,12:00:00,1522040400,26.5,21.5,32.0,18.2,344.0,0.0,0.0,United Arab Emirates
Abu Dhabi,AE,2018-03-27,12:00:00,1522126800,26.5,21.6,31.3,25.1,305.0,0.0,0.0,United Arab Emirates
Abu Dhabi,AE,2018-03-28,12:00:00,1522213200,25.7,21.1,29.8,21.4,292.0,0.0,0.0,United Arab Emirates
Abu Dhabi,AE,2018-03-29,12:00:00,1522299600,25.9,21.2,30.9,17.5,315.0,0.0,0.0,United Arab Emirates
Abu Dhabi,AE,2018-03-30,12:00:00,1522386000,27.3,22.0,35.5,23.7,345.0,0.0,0.0,United Arab Emirates
Abu Dhabi,AE,2018-03-31,12:00:00,1522472400,26.3,22.1,30.9,29.7,309.0,0.0,0.0,United Arab Emirates
Abu Dhabi,AE,2018-04-01,12:00:00,1522558800,25.8,23.9,28.3,31.6,302.0,0.0,0.0,United Arab Emirates
Abu Dhabi,AE,2018-04-02,12:00:00,1522645200,25.7,23.4,28.3,32.3,309.0,0.0,0.0,United Arab Emirates
Abu Dhabi,AE,2018-04-03,12:00:00,1522731600,25.9,22.5,28.7,24.3,303.0,0.0,0.0,United Arab Emirates
Abu Dhabi,AE,2018-04-04,12:00:00,1522818000,26.9,23.1,30.9,19.8,310.0,0.0,0.0,United Arab Emirates
Abu Dhabi,AE,2018-04-05,12:00:00,1522904400,27.3,24.2,31.3,25.3,326.0,0.0,0.0,United Arab Emirates
Abu Dhabi,AE,2018-04-06,12:00:00,1522990800,27.7,24.0,34.8,31.9,16.0,0.0,0.0,United Arab Emirates
Abu Dhabi,AE,2018-04-07,12:00:00,1523077200,26.8,24.1,29.2,38.1,335.0,0.0,0.0,United Arab Emirates
Abu Dhabi,AE,2018-04-08,12:00:00,1523163600,27.3,23.9,30.8,28.8,341.0,0.0,0.0,United Arab Emirates
Abu Dhabi,AE,2018-04-09,12:00:00,1523250000,27.1,23.7,30.5,28.3,322.0,0.0,0.0,United Arab Emirates
Abu Dhabi,AE,2018-04-10,12:00:00,1523336400,27.2,24.2,30.4,22.2,330.0,0.0,0.0,United Arab Emirates
Abu Dhabi,AE,2018-04-11,12:00:00,1523422800,27.5,23.8,32.0,35.8,352.0,0.0,0.0,United Arab Emirates
Abu Dhabi,AE,2018-04-12,12:00:00,1523509200,28.5,25.7,35.4,34.7,1.0,0.1,0.0,United Arab Emirates
Abu Dhabi,AE,2018-04-13,12:00:00,1523595600,29.3,24.0,35.1,23.5,359.0,0.0,0.0,United Arab Emirates
Abu Dhabi,AE,2018-04-14,12:00:00,1523682000,29.1,25.8,34.4,25.7,304.0,0.0,0.0,United Arab Emirates
Abu Dhabi,AE,2018-04-15,12:00:00,1523768400,27.1,23.7,31.1,22.5,311.0,0.0,0.0,United Arab Emirates
Abu Dhabi,AE,2018-04-16,12:00:00,1523854800,27.8,23.3,34.1,32.0,46.0,0.0,0.0,United Arab Emirates
Abu Dhabi,AE,2018-04-17,12:00:00,1523941200,30.5,26.2,38.5,26.9,166.0,0.0,0.0,United Arab Emirates
Abu Dhabi,AE,2018-04-18,12:00:00,1524027600,26.6,24.6,28.7,31.4,318.0,0.0,0.0,United Arab Emirates
Abu Dhabi,AE,2018-04-19,12:00:00,1524114000,26.1,23.6,29.1,32.2,296.0,0.0,0.0,United Arab Emirates
Abu Dhabi,AE,2018-04-20,12:00:00,1524200400,26.1,23.3,29.1,21.6,301.0,0.0,0.0,United Arab Emirates
Abu Dhabi,AE,2018-04-21,12:00:00,1524286800,26.6,21.7,31.4,17.6,312.0,0.0,0.0,United Arab Emirates
Abu Dhabi,AE,2018-04-22,12:00:00,1524373200,31.2,23.8,39.6,22.7,113.0,0.0,0.0,United Arab Emirates
Abu Dhabi,AE,2018-04-23,12:00:00,1524459600,30.8,27.5,38.2,35.3,128.0,0.0,0.0,United Arab Emirates
Abu Dhabi,AE,2018-04-24,12:00:00,1524546000,30.4,26.6,37.7,27.1,286.0,0.0,0.0,United Arab Emirates
Abu Dhabi,AE,2018-04-25,12:00:00,1524632400,27.7,25.0,29.7,29.9,328.0,0.0,0.0,United Arab Emirates
Abu Dhabi,AE,2018-04-26,12:00:00,1524718800,29.2,26.9,32.2,30.1,342.0,0.0,0.0,United Arab Emirates
Abu Dhabi,AE,2018-04-27,12:00:00,1524805200,28.6,25.5,31.6,25.0,354.0,0.0,0.0,United Arab Emirates
Abu Dhabi,AE,2018-04-28,12:00:00,1524891600,32.2,26.9,39.7,23.3,42.0,0.0,0.0,United Arab Emirates
Abu Dhabi,AE,2018-04-29,12:00:00,1524978000,31.6,27.5,40.2,31.9,289.0,0.0,0.0,United Arab Emirates
Abu Dhabi,AE,2018-04-30,12:00:00,1525064400,29.4,26.9,32.5,24.8,324.0,0.0,0.0,United Arab Emirates
Abu Dhabi,AE,2018-05-01,12:00:00,1525150800,30.1,26.1,33.9,20.6,312.0,0.0,0.0,United Arab Emirates
Abu Dhabi,AE,2018-05-02,12:00:00,1525237200,30.1,27.4,33.2,27.0,312.0,0.0,0.0,United Arab Emirates
Abu Dhabi,AE,2018-05-03,12:00:00,1525323600,30.1,26.7,33.1,29.0,301.0,0.0,0.0,United Arab Emirates
Abu Dhabi,AE,2018-05-04,12:00:00,1525410000,30.4,26.3,35.3,22.4,303.0,0.0,0.0,United Arab Emirates
Abu Dhabi,AE,2018-05-05,12:00:00,1525496400,30.0,27.0,33.1,25.6,296.0,0.0,0.0,United Arab Emirates
Abu Dhabi,AE,2018-05-06,12:00:00,1525582800,31.0,27.9,34.0,30.3,289.0,0.0,0.0,United Arab Emirates
Abu Dhabi,AE,2018-05-07,12:00:00,1525669200,30.9,28.6,34.0,28.8,295.0,0.0,0.0,United Arab Emirates
Abu Dhabi,AE,2018-05-08,12:00:00,1525755600,30.9,25.7,36.1,24.6,302.0,0.0,0.0,United Arab Emirates
Abu Dhabi,AE,2018-05-09,12:00:00,1525842000,33.6,26.9,43.7,26.4,112.0,0.0,0.0,United Arab Emirates
Abu Dhabi,AE,2018-05-10,12:00:00,1525928400,33.3,28.7,40.0,34.3,206.0,0.0,0.0,United Arab Emirates
Abu Dhabi,AE,2018-05-11,12:00:00,1526014800,30.9,27.9,34.8,28.2,331.0,0.0,0.0,United Arab Emirates
Abu Dhabi,AE,2018-05-12,12:00:00,1526101200,34.4,26.4,42.2,26.3,154.0,0.0,0.0,United Arab Emirates
Abu Dhabi,AE,2018-05-13,12:00:00,1526187600,35.7,29.2,43.7,44.1,207.0,0.0,0.0,United Arab Emirates
Abu Dhabi,AE,2018-05-14,12:00:00,1526274000,31.4,27.7,36.6,21.7,351.0,0.0,0.0,United Arab Emirates
Abu Dhabi,AE,2018-05-15,12:00:00,1526360400,30.8,27.8,35.9,28.2,346.0,0.0,0.0,United Arab Emirates
Abu Dhabi,AE,2018-05-16,12:00:00,1526446800,30.2,27.7,33.2,21.8,326.0,0.0,0.0,United Arab Emirates
Abu Dhabi,AE,2018-05-17,12:00:00,1526533200,31.1,28.4,34.5,21.7,329.0,0.0,0.0,United Arab Emirates
Abu Dhabi,AE,2018-05-18,12:00:00,1526619600,30.6,28.3,33.6,24.7,316.0,0.0,0.0,United Arab Emirates
Abu Dhabi,AE,2018-05-19,12:00:00,1526706000,29.4,26.0,32.7,25.2,322.0,0.0,0.0,United Arab Emirates
Abu Dhabi,AE,2018-05-20,12:00:00,1526792400,30.0,26.9,33.7,25.0,332.0,0.0,0.0,United Arab Emirates
Abu Dhabi,AE,2018-05-21,12:00:00,1526878800,30.0,25.4,33.4,26.3,360.0,0.0,0.0,United Arab Emirates
Abu Dhabi,AE,2018-05-22,12:00:00,1526965200,31.9,27.3,37.8,23.8,15.0,0.0,0.0,United Arab Emirates
Abu Dhabi,AE,2018-05-23,12:00:00,1527051600,32.4,28.2,38.6,23.5,359.0,0.0,0.0,United Arab Emirates
Abu Dhabi,AE,2018-05-24,12:00:00,1527138000,32.1,28.4,38.0,30.0,7.0,0.0,0.0,United Arab Emirates
Abu Dhabi,AE,2018-05-25,12:00:00,1527224400,32.6,27.3,38.9,25.2,111.0,0.0,0.0,United Arab Emirates
Abu Dhabi,AE,2018-05-26,12:00:00,1527310800,33.4,30.6,38.2,23.5,314.0,0.0,0.0,United Arab Emirates
Abu Dhabi,AE,2018-05-27,12:00:00,1527397200,32.7,29.7,38.2,26.0,3.0,0.0,0.0,United Arab Emirates
Abu Dhabi,AE,2018-05-28,12:00:00,1527483600,32.8,29.5,36.8,25.2,337.0,0.0,0.0,United Arab Emirates
Abu Dhabi,AE,2018-05-29,12:00:00,1527570000,32.5,29.7,35.9,24.1,312.0,0.0,0.0,United Arab Emirates
Abu Dhabi,AE,2018-05-30,12:00:00,1527656400,32.5,29.0,36.9,23.4,295.0,0.0,0.0,United Arab Emirates
Abu Dhabi,AE,2018-05-31,12:00:00,1527742800,33.3,29.0,38.9,20.6,306.0,0.0,0.0,United Arab Emirates
Abu Dhabi,AE,2018-06-01,12:00:00,1527829200,33.5,28.7,38.5,17.3,327.0,0.0,0.0,United Arab Emirates
Abu Dhabi,AE,2018-06-02,12:00:00,1527915600,34.0,29.3,39.9,16.1,345.0,0.0,0.0,United Arab Emirates
Abu Dhabi,AE,2018-06-03,12:00:00,1528002000,35.3,29.3,43.7,23.5,102.0,0.0,0.0,United Arab Emirates
Abu Dhabi,AE,2018-06-04,12:00:00,1528088400,35.1,30.7,41.7,28.8,139.0,0.0,0.0,United Arab Emirates
Abu Dhabi,AE,2018-06-05,12:00:00,1528174800,35.0,29.9,42.0,28.6,80.0,0.0,0.0,United Arab Emirates
Abu Dhabi,AE,2018-06-06,12:00:00,1528261200,35.7,31.2,42.1,23.1,239.0,0.0,0.0,United Arab Emirates
Abu Dhabi,AE,2018-06-07,12:00:00,1528347600,35.5,31.9,41.7,25.1,257.0,0.0,0.0,United Arab Emirates
Abu Dhabi,AE,2018-06-08,12:00:00,1528434000,33.2,30.2,36.9,25.0,267.0,0.0,0.0,United Arab Emirates
Abu Dhabi,AE,2018-06-09,12:00:00,1528520400,34.8,30.4,38.6,31.4,286.0,0.0,0.0,United Arab Emirates
Abu Dhabi,AE,2018-06-10,12:00:00,1528606800,35.2,33.0,37.6,36.6,295.0,0.0,0.0,United Arab Emirates
Abu Dhabi,AE,2018-06-11,12:00:00,1528693200,35.6,33.0,39.1,40.1,295.0,0.0,0.0,United Arab Emirates
Abu Dhabi,AE,2018-06-12,12:00:00,1528779600,35.1,33.2,37.7,39.8,285.0,0.0,0.0,United Arab Emirates
Abu Dhabi,AE,2018-06-13,12:00:00,1528866000,35.0,32.7,37.7,35.6,297.0,0.0,0.0,United Arab Emirates
Abu Dhabi,AE,2018-06-14,12:00:00,1528952400,34.4,31.3,38.1,30.3,310.0,0.0,0.0,United Arab Emirates
Abu Dhabi,AE,2018-06-15,12:00:00,1529038800,34.0,30.0,36.8,30.4,299.0,0.0,0.0,United Arab Emirates
Abu Dhabi,AE,2018-06-16,12:00:00,1529125200,34.6,32.5,37.0,34.6,292.0,0.0,0.0,United Arab Emirates
Abu Dhabi,AE,2018-06-17,12:00:00,1529211600,34.2,32.1,36.8,35.5,274.0,0.0,0.0,United Arab Emirates
Abu Dhabi,AE,2018-06-18,12:00:00,1529298000,33.2,29.4,37.5,15.6,259.0,0.0,0.0,United Arab Emirates
Abu Dhabi,AE,2018-06-19,12:00:00,1529384400,32.8,28.9,37.7,22.9,309.0,0.0,0.0,United Arab Emirates
Abu Dhabi,AE,2018-06-20,12:00:00,1529470800,32.9,29.7,36.6,19.8,260.0,0.0,0.0,United Arab Emirates
Abu Dhabi,AE,2018-06-21,12:00:00,1529557200,33.3,29.9,39.5,24.6,273.0,0.0,0.0,United Arab Emirates
Abu Dhabi,AE,2018-06-22,12:00:00,1529643600,33.5,31.1,36.5,28.3,282.0,0.0,0.0,United Arab Emirates
Abu Dhabi,AE,2018-06-23,12:00:00,1529730000,33.0,30.5,35.6,29.5,295.0,0.0,0.0,United Arab Emirates
Abu Dhabi,AE,2018-06-24,12:00:00,1529816400,32.8,30.5,35.3,25.2,308.0,0.0,0.0,United Arab Emirates
Abu Dhabi,AE,2018-06-25,12:00:00,1529902800,33.4,31.0,36.2,26.7,308.0,0.0,0.0,United Arab Emirates
Abu Dhabi,AE,2018-06-26,12:00:00,1529989200,33.9,30.8,37.7,22.9,288.0,0.0,0.0,United Arab Emirates
Abu Dhabi,AE,2018-06-27,12:00:00,1530075600,34.5,29.0,41.5,23.3,270.0,0.0,0.0,United Arab Emirates
Abu Dhabi,AE,2018-06-28,12:00:00,1530162000,33.5,30.0,38.3,21.2,268.0,0.0,0.0,United Arab Emirates
Abu Dhabi,AE,2018-06-29,12:00:00,1530248400,34.1,30.5,37.3,20.3,337.0,0.0,0.0,United Arab Emirates
Abu Dhabi,AE,2018-06-30,12:00:00,1530334800,36.0,32.0,44.1,25.2,75.0,0.0,0.0,United Arab Emirates
Abu Dhabi,AE,2018-07-01,12:00:00,1530421200,34.9,30.8,41.3,21.4,314.0,0.0,0.0,United Arab Emirates
Abu Dhabi,AE,2018-07-02,12:00:00,1530507600,33.1,29.9,37.1,21.2,302.0,0.0,0.0,United Arab Emirates
Abu Dhabi,AE,2018-07-03,12:00:00,1530594000,33.2,29.6,36.9,16.9,295.0,0.0,0.0,United Arab Emirates
Abu Dhabi,AE,2018-07-04,12:00:00,1530680400,34.0,30.3,40.8,26.5,344.0,0.0,0.0,United Arab Emirates
Abu Dhabi,AE,2018-07-05,12:00:00,1530766800,34.9,29.9,42.0,22.3,344.0,0.0,0.0,United Arab Emirates
Abu Dhabi,AE,2018-07-06,12:00:00,1530853200,38.2,32.4,43.6,32.7,153.0,0.0,0.0,United Arab Emirates
Abu Dhabi,AE,2018-07-07,12:00:00,1530939600,38.3,35.5,42.0,24.4,202.0,0.0,0.0,United Arab Emirates
Abu Dhabi,AE,2018-07-08,12:00:00,1531026000,36.5,32.6,43.1,24.4,280.0,0.0,0.0,United Arab Emirates
Abu Dhabi,AE,2018-07-09,12:00:00,1531112400,34.7,31.1,38.4,25.9,262.0,0.0,0.0,United Arab Emirates
Abu Dhabi,AE,2018-07-10,12:00:00,1531198800,35.2,31.1,43.5,25.3,308.0,0.0,0.0,United Arab Emirates
Abu Dhabi,AE,2018-07-11,12:00:00,1531285200,35.5,32.4,40.8,26.1,336.0,0.0,0.0,United Arab Emirates
Abu Dhabi,AE,2018-07-12,12:00:00,1531371600,35.6,31.2,42.3,19.9,320.0,0.0,0.0,United Arab Emirates
Abu Dhabi,AE,2018-07-13,12:00:00,1531458000,34.8,31.1,39.5,20.1,308.0,0.0,0.0,United Arab Emirates
Abu Dhabi,AE,2018-07-14,12:00:00,1531544400,33.7,30.4,38.3,21.4,305.0,0.0,0.0,United Arab Emirates
Abu Dhabi,AE,2018-07-15,12:00:00,1531630800,34.5,30.9,37.7,22.0,296.0,0.0,0.0,United Arab Emirates
Abu Dhabi,AE,2018-07-16,12:00:00,1531717200,36.4,33.7,39.6,33.2,289.0,0.0,0.0,United Arab Emirates
Abu Dhabi,AE,2018-07-17,12:00:00,1531803600,35.9,32.0,39.6,28.4,291.0,0.0,0.0,United Arab Emirates
Abu Dhabi,AE,2018-07-18,12:00:00,1531890000,35.3,31.6,38.8,27.1,278.0,0.0,0.0,United Arab Emirates
Abu Dhabi,AE,2018-07-19,12:00:00,1531976400,34.9,31.7,38.2,24.7,278.0,0.0,0.0,United Arab Emirates
Abu Dhabi,AE,2018-07-20,12:00:00,1532062800,35.0,30.3,39.2,20.4,271.0,0.0,0.0,United Arab Emirates
Abu Dhabi,AE,2018-07-21,12:00:00,1532149200,34.6,30.5,38.4,18.9,285.0,0.0,0.0,United Arab Emirates
Abu Dhabi,AE,2018-07-22,12:00:00,1532235600,34.0,32.0,36.1,26.2,302.0,0.0,0.0,United Arab Emirates
Abu Dhabi,AE,2018-07-23,12:00:00,1532322000,34.5,32.0,37.1,28.4,297.0,0.0,0.0,United Arab Emirates
Abu Dhabi,AE,2018-07-24,12:00:00,1532408400,34.8,32.0,37.3,33.9,292.0,0.0,0.0,United Arab Emirates
Abu Dhabi,AE,2018-07-25,12:00:00,1532494800,35.4,31.1,40.0,26.6,288.0,0.0,0.0,United Arab Emirates
Abu Dhabi,AE,2018-07-26,12:00:00,1532581200,35.8,32.2,39.1,30.7,264.0,0.0,0.0,United Arab Emirates
Abu Dhabi,AE,2018-07-27,12:00:00,1532667600,36.5,32.4,42.8,21.4,268.0,0.0,0.0,United Arab Emirates
Abu Dhabi,AE,2018-07-28,12:00:00,1532754000,36.0,31.4,44.4,23.3,23.0,0.0,0.0,United Arab Emirates
Abu Dhabi,AE,2018-07-29,12:00:00,1532840400,36.1,31.2,44.1,25.1,1.0,0.0,0.0,United Arab Emirates
Abu Dhabi,AE,2018-07-30,12:00:00,1532926800,35.0,32.0,40.7,26.4,328.0,0.0,0.0,United Arab Emirates
Abu Dhabi,AE,2018-07-31,12:00:00,1533013200,34.2,31.7,37.6,20.3,291.0,0.0,0.0,United Arab Emirates
Abu Dhabi,AE,2018-08-01,12:00:00,1533099600,33.7,32.0,36.5,19.7,280.0,0.0,0.0,United Arab Emirates
Abu Dhabi,AE,2018-08-02,12:00:00,1533186000,34.7,32.0,38.3,30.5,297.0,0.0,0.0,United Arab Emirates
Abu Dhabi,AE,2018-08-03,12:00:00,1533272400,34.7,30.9,38.7,19.5,328.0,0.0,0.0,United Arab Emirates
Abu Dhabi,AE,2018-08-04,12:00:00,1533358800,34.8,29.9,41.5,19.3,269.0,0.0,0.0,United Arab Emirates
Abu Dhabi,AE,2018-08-05,12:00:00,1533445200,34.7,30.0,38.7,21.7,283.0,0.0,0.0,United Arab Emirates
Abu Dhabi,AE,2018-08-06,12:00:00,1533531600,35.3,31.8,39.1,24.5,265.0,0.0,0.0,United Arab Emirates
Abu Dhabi,AE,2018-08-07,12:00:00,1533618000,35.4,32.7,38.5,23.3,279.0,0.0,0.0,United Arab Emirates
Abu Dhabi,AE,2018-08-08,12:00:00,1533704400,34.5,31.9,37.6,18.5,311.0,0.0,0.0,United Arab Emirates
Abu Dhabi,AE,2018-08-09,12:00:00,1533790800,36.7,31.7,40.5,29.9,14.0,0.0,0.0,United Arab Emirates
Abu Dhabi,AE,2018-08-10,12:00:00,1533877200,38.0,34.4,45.0,30.4,143.0,0.0,0.0,United Arab Emirates
Abu Dhabi,AE,2018-08-11,12:00:00,1533963600,36.0,32.8,43.1,28.8,307.0,0.0,0.0,United Arab Emirates
Abu Dhabi,AE,2018-08-12,12:00:00,1534050000,34.1,30.9,37.4,24.8,283.0,0.0,0.0,United Arab Emirates
Abu Dhabi,AE,2018-08-13,12:00:00,1534136400,34.3,31.6,37.4,24.6,286.0,0.0,0.0,United Arab Emirates
Abu Dhabi,AE,2018-08-14,12:00:00,1534222800,34.3,32.3,37.4,22.7,296.0,0.0,0.0,United Arab Emirates
Abu Dhabi,AE,2018-08-15,12:00:00,1534309200,33.9,32.1,36.4,25.1,321.0,0.0,0.0,United Arab Emirates
Abu Dhabi,AE,2018-08-16,12:00:00,1534395600,34.8,32.9,37.8,23.2,329.0,0.0,0.0,United Arab Emirates
Abu Dhabi,AE,2018-08-17,12:00:00,1534482000,34.4,31.8,38.7,25.3,312.0,0.0,0.0,United Arab Emirates
Abu Dhabi,AE,2018-08-18,12:00:00,1534568400,33.6,31.1,36.7,20.5,294.0,0.0,0.0,United Arab Emirates
Abu Dhabi,AE,2018-08-19,12:00:00,1534654800,33.4,31.1,36.3,20.9,332.0,0.0,0.0,United Arab Emirates
Abu Dhabi,AE,2018-08-20,12:00:00,1534741200,34.4,31.7,37.4,23.2,316.0,0.0,0.0,United Arab Emirates
Abu Dhabi,AE,2018-08-21,12:00:00,1534827600,33.7,31.7,36.9,25.3,327.0,0.0,0.0,United Arab Emirates
Abu Dhabi,AE,2018-08-22,12:00:00,1534914000,33.8,31.0,37.0,25.3,355.0,0.0,0.0,United Arab Emirates
Abu Dhabi,AE,2018-08-23,12:00:00,1535000400,33.9,32.0,37.4,19.3,325.0,0.0,0.0,United Arab Emirates
Abu Dhabi,AE,2018-08-24,12:00:00,1535086800,33.9,31.1,37.2,23.5,349.0,0.0,0.0,United Arab Emirates
Abu Dhabi,AE,2018-08-25,12:00:00,1535173200,35.4,32.4,42.5,26.6,334.0,0.0,0.0,United Arab Emirates
Abu Dhabi,AE,2018-08-26,12:00:00,1535259600,34.4,32.4,37.5,21.6,339.0,0.0,0.0,United Arab Emirates
Abu Dhabi,AE,2018-08-27,12:00:00,1535346000,35.7,30.5,43.0,22.8,53.0,0.0,0.0,United Arab Emirates
Abu Dhabi,AE,2018-08-28,12:00:00,1535432400,35.9,31.8,42.5,26.7,35.0,0.0,0.0,United Arab Emirates
Abu Dhabi,AE,2018-08-29,12:00:00,1535518800,36.2,33.1,41.5,29.8,111.0,0.0,0.0,United Arab Emirates
Abu Dhabi,AE,2018-08-30,12:00:00,1535605200,34.6,31.5,39.9,24.2,220.0,0.0,0.0,United Arab Emirates
Abu Dhabi,AE,2018-08-31,12:00:00,1535691600,34.5,30.6,40.7,23.4,287.0,0.0,0.0,United Arab Emirates
Abu Dhabi,AE,2018-09-01,12:00:00,1535778000,33.5,29.5,38.9,18.6,34.0,0.0,0.0,United Arab Emirates
Abu Dhabi,AE,2018-09-02,12:00:00,1535864400,34.3,30.8,41.1,27.2,12.0,0.0,0.0,United Arab Emirates
Abu Dhabi,AE,2018-09-03,12:00:00,1535950800,34.5,30.6,40.8,23.9,22.0,0.0,0.0,United Arab Emirates
Abu Dhabi,AE,2018-09-04,12:00:00,1536037200,36.1,31.5,43.2,31.1,140.0,0.0,0.0,United Arab Emirates
Abu Dhabi,AE,2018-09-05,12:00:00,1536123600,37.1,32.1,43.7,28.9,166.0,0.0,0.0,United Arab Emirates
Abu Dhabi,AE,2018-09-06,12:00:00,1536210000,36.3,31.8,44.0,25.6,77.0,0.0,0.0,United Arab Emirates
Abu Dhabi,AE,2018-09-07,12:00:00,1536296400,34.4,31.4,38.3,21.6,321.0,0.0,0.0,United Arab Emirates
Abu Dhabi,AE,2018-09-08,12:00:00,1536382800,33.6,30.8,36.8,23.0,329.0,0.0,0.0,United Arab Emirates
Abu Dhabi,AE,2018-09-09,12:00:00,1536469200,33.3,30.2,39.5,21.7,344.0,0.0,0.0,United Arab Emirates
Abu Dhabi,AE,2018-09-10,12:00:00,1536555600,35.1,30.4,41.6,24.8,111.0,0.0,0.0,United Arab Emirates
Abu Dhabi,AE,2018-09-11,12:00:00,1536642000,34.6,30.9,39.4,27.5,169.0,0.0,0.0,United Arab Emirates
Abu Dhabi,AE,2018-09-12,12:00:00,1536728400,33.7,30.2,38.3,22.1,251.0,0.0,0.0,United Arab Emirates
Abu Dhabi,AE,2018-09-13,12:00:00,1536814800,33.2,30.0,37.2,18.9,296.0,0.0,0.0,United Arab Emirates
Abu Dhabi,AE,2018-09-14,12:00:00,1536901200,32.9,29.3,37.6,23.5,341.0,0.0,0.0,United Arab Emirates
Abu Dhabi,AE,2018-09-15,12:00:00,1536987600,34.7,29.9,42.4,20.4,43.0,0.0,0.0,United Arab Emirates
Abu Dhabi,AE,2018-09-16,12:00:00,1537074000,35.0,30.9,42.4,24.2,191.0,0.0,0.0,United Arab Emirates
Abu Dhabi,AE,2018-09-17,12:00:00,1537160400,34.3,29.6,41.2,26.8,207.0,0.0,0.0,United Arab Emirates
Abu Dhabi,AE,2018-09-18,12:00:00,1537246800,35.9,31.0,42.3,27.7,151.0,0.0,0.0,United Arab Emirates
Abu Dhabi,AE,2018-09-19,12:00:00,1537333200,34.5,31.0,40.2,28.1,157.0,0.0,0.0,United Arab Emirates
Abu Dhabi,AE,2018-09-20,12:00:00,1537419600,33.6,29.2,39.1,19.6,280.0,0.0,0.0,United Arab Emirates
Abu Dhabi,AE,2018-09-21,12:00:00,1537506000,33.1,29.3,40.2,26.7,19.0,0.0,0.0,United Arab Emirates
Abu Dhabi,AE,2018-09-22,12:00:00,1537592400,32.7,30.5,35.5,21.0,342.0,0.0,0.0,United Arab Emirates
Abu Dhabi,AE,2018-09-23,12:00:00,1537678800,32.7,29.2,36.6,19.7,355.0,0.0,0.0,United Arab Emirates
Abu Dhabi,AE,2018-09-24,12:00:00,1537765200,33.6,29.5,40.3,22.6,257.0,0.0,0.0,United Arab Emirates
Abu Dhabi,AE,2018-09-25,12:00:00,1537851600,33.3,29.4,38.1,28.1,259.0,0.0,0.0,United Arab Emirates
Abu Dhabi,AE,2018-09-26,12:00:00,1537938000,33.1,29.8,37.0,19.2,268.0,0.0,0.0,United Arab Emirates
Abu Dhabi,AE,2018-09-27,12:00:00,1538024400,32.2,29.2,35.9,21.1,360.0,0.0,0.0,United Arab Emirates
Abu Dhabi,AE,2018-09-28,12:00:00,1538110800,34.1,31.1,40.1,24.0,27.0,0.0,0.0,United Arab Emirates
Abu Dhabi,AE,2018-09-29,12:00:00,1538197200,32.9,28.9,39.5,25.6,125.0,0.0,0.0,United Arab Emirates
Abu Dhabi,AE,2018-09-30,12:00:00,1538283600,32.3,28.0,36.6,22.0,272.0,0.0,0.0,United Arab Emirates
Abu Dhabi,AE,2018-10-01,12:00:00,1538370000,31.6,28.0,35.0,20.1,305.0,0.0,0.0,United Arab Emirates
Abu Dhabi,AE,2018-10-02,12:00:00,1538456400,31.7,27.5,36.5,20.5,27.0,0.0,0.0,United Arab Emirates
Abu Dhabi,AE,2018-10-03,12:00:00,1538542800,31.7,27.9,37.4,24.0,347.0,0.0,0.0,United Arab Emirates
Abu Dhabi,AE,2018-10-04,12:00:00,1538629200,30.9,27.9,33.9,20.4,331.0,0.0,0.0,United Arab Emirates
Abu Dhabi,AE,2018-10-05,12:00:00,1538715600,30.8,27.2,34.9,18.3,325.0,0.0,0.0,United Arab Emirates
Abu Dhabi,AE,2018-10-06,12:00:00,1538802000,31.2,29.1,34.4,21.2,350.0,0.0,0.0,United Arab Emirates
Abu Dhabi,AE,2018-10-07,12:00:00,1538888400,31.9,28.3,37.0,19.0,22.0,0.0,0.0,United Arab Emirates
Abu Dhabi,AE,2018-10-08,12:00:00,1538974800,32.9,29.5,38.3,21.4,16.0,0.0,0.0,United Arab Emirates
Abu Dhabi,AE,2018-10-09,12:00:00,1539061200,31.3,28.2,34.4,21.4,358.0,0.0,0.0,United Arab Emirates
Abu Dhabi,AE,2018-10-10,12:00:00,1539147600,31.8,28.4,36.9,20.7,25.0,0.0,0.0,United Arab Emirates
Abu Dhabi,AE,2018-10-11,12:00:00,1539234000,32.3,28.2,38.4,18.7,74.0,0.0,0.0,United Arab Emirates
Abu Dhabi,AE,2018-10-12,12:00:00,1539320400,31.6,27.4,37.3,22.7,55.0,0.0,0.0,United Arab Emirates
Abu Dhabi,AE,2018-10-13,12:00:00,1539406800,30.7,26.7,36.2,21.3,77.0,0.0,0.0,United Arab Emirates
Abu Dhabi,AE,2018-10-14,12:00:00,1539493200,30.4,26.0,35.1,23.0,208.0,0.0,0.0,United Arab Emirates
Abu Dhabi,AE,2018-10-15,12:00:00,1539579600,30.3,27.8,33.2,20.2,270.0,0.0,0.0,United Arab Emirates
Abu Dhabi,AE,2018-10-16,12:00:00,1539666000,30.4,27.8,32.5,19.4,280.0,0.0,0.0,United Arab Emirates
Abu Dhabi,AE,2018-10-17,12:00:00,1539752400,29.8,26.9,32.2,19.0,359.0,0.0,0.0,United Arab Emirates
Abu Dhabi,AE,2018-10-18,12:00:00,1539838800,30.6,28.2,32.8,15.3,355.0,0.0,0.0,United Arab Emirates
Abu Dhabi,AE,2018-10-19,12:00:00,1539925200,30.4,27.7,34.1,23.5,130.0,0.0,0.0,United Arab Emirates
Abu Dhabi,AE,2018-10-20,12:00:00,1540011600,31.2,28.1,35.7,22.8,55.0,0.0,0.0,United Arab Emirates
Abu Dhabi,AE,2018-10-21,12:00:00,1540098000,31.1,27.5,35.9,19.1,60.0,0.0,0.0,United Arab Emirates
Abu Dhabi,AE,2018-10-22,12:00:00,1540184400,30.7,27.2,35.1,22.3,17.0,0.0,0.0,United Arab Emirates
Abu Dhabi,AE,2018-10-23,12:00:00,1540270800,30.2,27.4,32.3,21.6,299.0,0.0,0.0,United Arab Emirates
Abu Dhabi,AE,2018-10-24,12:00:00,1540357200,30.9,29.2,33.1,25.4,297.0,0.0,0.0,United Arab Emirates
Abu Dhabi,AE,2018-10-25,12:00:00,1540443600,30.7,28.9,32.8,19.0,307.0,0.0,0.0,United Arab Emirates
Abu Dhabi,AE,2018-10-26,12:00:00,1540530000,29.4,27.1,32.5,17.7,339.0,0.0,0.0,United Arab Emirates
Abu Dhabi,AE,2018-10-27,12:00:00,1540616400,28.9,26.0,31.5,20.2,28.0,0.0,0.0,United Arab Emirates
Abu Dhabi,AE,2018-10-28,12:00:00,1540702800,29.9,27.1,32.0,30.4,352.0,0.3,0.0,United Arab Emirates
Abu Dhabi,AE,2018-10-29,12:00:00,1540789200,29.7,27.8,31.8,24.1,319.0,0.0,0.0,United Arab Emirates
Abu Dhabi,AE,2018-10-30,12:00:00,1540875600,28.7,27.4,30.0,23.7,321.0,0.2,0.0,United Arab Emirates
Abu Dhabi,AE,2018-10-31,12:00:00,1540962000,28.2,26.5,30.1,23.7,319.0,0.0,0.0,United Arab Emirates
Abu Dhabi,AE,2018-11-01,12:00:00,1541048400,28.3,25.5,30.7,23.2,22.0,0.0,0.0,United Arab Emirates
Abu Dhabi,AE,2018-11-02,12:00:00,1541134800,28.7,26.0,32.4,40.2,49.0,0.0,0.0,United Arab Emirates
Abu Dhabi,AE,2018-11-03,12:00:00,1541221200,28.4,25.1,32.5,30.0,65.0,0.0,0.0,United Arab Emirates
Abu Dhabi,AE,2018-11-04,12:00:00,1541307600,27.4,24.4,31.6,25.5,70.0,0.0,0.0,United Arab Emirates
Abu Dhabi,AE,2018-11-05,12:00:00,1541394000,26.3,22.2,31.2,18.4,62.0,0.0,0.0,United Arab Emirates
Abu Dhabi,AE,2018-11-06,12:00:00,1541480400,26.9,22.0,32.8,21.1,129.0,0.0,0.0,United Arab Emirates
Abu Dhabi,AE,2018-11-07,12:00:00,1541566800,27.4,22.7,32.3,20.1,46.0,0.0,0.0,United Arab Emirates
Abu Dhabi,AE,2018-11-08,12:00:00,1541653200,27.2,24.1,31.0,16.8,27.0,0.0,0.0,United Arab Emirates
Abu Dhabi,AE,2018-11-09,12:00:00,1541739600,27.1,23.8,30.8,16.7,6.0,0.0,0.0,United Arab Emirates
Abu Dhabi,AE,2018-11-10,12:00:00,1541826000,27.0,24.1,30.2,27.9,23.0,0.0,0.0,United Arab Emirates
Abu Dhabi,AE,2018-11-11,12:00:00,1541912400,27.7,24.5,31.6,25.2,27.0,0.0,0.0,United Arab Emirates
Abu Dhabi,AE,2018-11-12,12:00:00,1541998800,27.4,24.1,29.8,24.7,353.0,0.0,0.0,United Arab Emirates
Abu Dhabi,AE,2018-11-13,12:00:00,1542085200,27.9,26.5,30.1,26.0,323.0,0.0,0.0,United Arab Emirates
Abu Dhabi,AE,2018-11-14,12:00:00,1542171600,27.6,25.2,30.3,18.3,341.0,0.0,0.0,United Arab Emirates
Abu Dhabi,AE,2018-11-15,12:00:00,1542258000,28.3,23.1,34.4,20.1,79.0,0.0,0.0,United Arab Emirates
Abu Dhabi,AE,2018-11-16,12:00:00,1542344400,28.6,25.6,33.6,27.5,141.0,0.0,0.0,United Arab Emirates
Abu Dhabi,AE,2018-11-17,12:00:00,1542430800,27.5,24.8,31.1,24.7,321.0,0.0,0.0,United Arab Emirates
Abu Dhabi,AE,2018-11-18,12:00:00,1542517200,26.9,25.1,28.5,30.8,313.0,0.0,0.0,United Arab Emirates
Abu Dhabi,AE,2018-11-19,12:00:00,1542603600,26.1,24.8,27.7,31.1,314.0,0.0,0.0,United Arab Emirates
Abu Dhabi,AE,2018-11-20,12:00:00,1542690000,26.1,24.3,28.3,26.9,325.0,0.0,0.0,United Arab Emirates
Abu Dhabi,AE,2018-11-21,12:00:00,1542776400,25.1,23.2,26.8,30.2,307.0,1.4,0.0,United Arab Emirates
Abu Dhabi,AE,2018-11-22,12:00:00,1542862800,24.8,22.8,26.9,19.0,321.0,0.0,0.0,United Arab Emirates
Abu Dhabi,AE,2018-11-23,12:00:00,1542949200,24.3,20.3,27.8,17.7,30.0,0.0,0.0,United Arab Emirates
Abu Dhabi,AE,2018-11-24,12:00:00,1543035600,26.2,22.0,31.4,22.4,88.0,0.0,0.0,United Arab Emirates
Abu Dhabi,AE,2018-11-25,12:00:00,1543122000,27.2,24.0,32.9,33.9,140.0,0.4,0.0,United Arab Emirates
Abu Dhabi,AE,2018-11-26,12:00:00,1543208400,24.3,22.5,26.6,32.1,358.0,0.1,0.0,United Arab Emirates
Abu Dhabi,AE,2018-11-27,12:00:00,1543294800,24.5,23.2,26.2,27.5,319.0,0.0,0.0,United Arab Emirates
Abu Dhabi,AE,2018-11-28,12:00:00,1543381200,24.4,22.9,26.0,25.1,321.0,0.0,0.0,United Arab Emirates
Abu Dhabi,AE,2018-11-29,12:00:00,1543467600,24.5,22.9,26.4,17.5,356.0,0.0,0.0,United Arab Emirates
Abu Dhabi,AE,2018-11-30,12:00:00,1543554000,24.6,20.7,29.1,20.7,41.0,0.0,0.0,United Arab Emirates
Abu Dhabi,AE,2018-12-01,12:00:00,1543640400,23.6,19.5,27.7,16.1,33.0,0.0,0.0,United Arab Emirates
Abu Dhabi,AE,2018-12-02,12:00:00,1543726800,24.6,21.1,27.4,22.9,321.0,0.0,0.0,United Arab Emirates
Abu Dhabi,AE,2018-12-03,12:00:00,1543813200,24.3,21.0,26.6,20.7,312.0,0.0,0.0,United Arab Emirates
Abu Dhabi,AE,2018-12-04,12:00:00,1543899600,23.9,21.9,26.6,13.1,312.0,0.0,0.0,United Arab Emirates
Abu Dhabi,AE,2018-12-05,12:00:00,1543986000,23.4,21.1,26.4,13.2,352.0,0.0,0.0,United Arab Emirates
Abu Dhabi,AE,2018-12-06,12:00:00,1544072400,24.1,20.2,27.7,15.3,36.0,0.0,0.0,United Arab Emirates
Abu Dhabi,AE,2018-12-07,12:00:00,1544158800,24.4,20.4,30.1,24.4,271.0,0.0,0.0,United Arab Emirates
Abu Dhabi,AE,2018-12-08,12:00:00,1544245200,24.6,22.9,26.7,21.9,337.0,0.0,0.0,United Arab Emirates
Abu Dhabi,AE,2018-12-09,12:00:00,1544331600,24.3,21.7,26.7,24.7,303.0,0.0,0.0,United Arab Emirates
Abu Dhabi,AE,2018-12-10,12:00:00,1544418000,25.0,23.4,27.0,22.2,306.0,0.0,0.0,United Arab Emirates
Abu Dhabi,AE,2018-12-11,12:00:00,1544504400,24.8,23.6,26.6,28.5,305.0,0.0,0.0,United Arab Emirates
Abu Dhabi,AE,2018-12-12,12:00:00,1544590800,23.7,22.4,25.4,25.5,313.0,0.0,0.0,United Arab Emirates
Abu Dhabi,AE,2018-12-13,12:00:00,1544677200,23.0,20.1,25.0,17.9,315.0,0.0,0.0,United Arab Emirates
Abu Dhabi,AE,2018-12-14,12:00:00,1544763600,22.5,19.3,24.6,17.4,351.0,0.0,0.0,United Arab Emirates
Abu Dhabi,AE,2018-12-15,12:00:00,1544850000,23.2,21.2,25.3,20.2,9.0,2.0,0.0,United Arab Emirates
Abu Dhabi,AE,2018-12-16,12:00:00,1544936400,23.5,21.7,26.1,21.6,14.0,0.0,0.0,United Arab Emirates
Abu Dhabi,AE,2018-12-17,12:00:00,1545022800,23.0,19.5,27.2,21.4,43.0,0.0,0.0,United Arab Emirates
Abu Dhabi,AE,2018-12-18,12:00:00,1545109200,22.4,18.4,25.4,22.9,356.0,0.0,0.0,United Arab Emirates
Abu Dhabi,AE,2018-12-19,12:00:00,1545195600,22.6,19.6,24.9,18.2,319.0,0.0,0.0,United Arab Emirates
Abu Dhabi,AE,2018-12-20,12:00:00,1545282000,23.0,21.1,25.1,18.7,330.0,0.0,0.0,United Arab Emirates
Abu Dhabi,AE,2018-12-21,12:00:00,1545368400,22.5,20.5,24.4,22.7,313.0,0.0,0.0,United Arab Emirates
Abu Dhabi,AE,2018-12-22,12:00:00,1545454800,22.4,20.7,24.7,34.1,309.0,0.0,0.0,United Arab Emirates
Abu Dhabi,AE,2018-12-23,12:00:00,1545541200,22.0,20.7,23.6,32.7,307.0,0.0,0.0,United Arab Emirates
Abu Dhabi,AE,2018-12-24,12:00:00,1545627600,21.8,20.9,23.3,28.6,312.0,0.0,0.0,United Arab Emirates
Abu Dhabi,AE,2018-12-25,12:00:00,1545714000,21.5,20.4,22.9,25.5,315.0,0.0,0.0,United Arab Emirates
Abu Dhabi,AE,2018-12-26,12:00:00,1545800400,21.3,18.6,23.5,20.8,328.0,0.0,0.0,United Arab Emirates
Abu Dhabi,AE,2018-12-27,12:00:00,1545886800,20.9,18.0,23.3,15.1,318.0,0.0,0.0,United Arab Emirates
Abu Dhabi,AE,2018-12-28,12:00:00,1545973200,20.5,16.3,24.2,15.6,44.0,0.0,0.0,United Arab Emirates
Abu Dhabi,AE,2018-12-29,12:00:00,1546059600,20.4,15.9,25.0,13.2,68.0,0.0,0.0,United Arab Emirates
Abu Dhabi,AE,2018-12-30,12:00:00,1546146000,20.9,17.1,24.1,15.3,333.0,0.0,0.0,United Arab Emirates
Abu Dhabi,AE,2018-12-31,12:00:00,1546232400,21.4,17.9,25.5,13.4,77.0,0.0,0.0,United Arab Emirates
Abu Dhabi,AE,2019-01-01,12:00:00,1546318800,21.5,17.5,25.0,14.6,26.0,0.0,0.0,United Arab Emirates
Abu Dhabi,AE,2019-01-02,12:00:00,1546405200,22.0,18.6,26.7,16.2,56.0,0.0,0.0,United Arab Emirates
Abu Dhabi,AE,2019-01-03,12:00:00,1546491600,22.8,17.5,29.3,18.6,141.0,0.0,0.0,United Arab Emirates
Abu Dhabi,AE,2019-01-04,12:00:00,1546578000,21.8,18.6,25.1,30.5,297.0,0.0,0.0,United Arab Emirates
Abu Dhabi,AE,2019-01-05,12:00:00,1546664400,21.4,19.2,23.4,30.0,314.0,0.0,0.0,United Arab Emirates
Abu Dhabi,AE,2019-01-06,12:00:00,1546750800,21.5,19.0,24.5,13.4,308.0,0.0,0.0,United Arab Emirates
Abu Dhabi,AE,2019-01-07,12:00:00,1546837200,21.6,16.8,27.3,17.2,120.0,0.0,0.0,United Arab Emirates
Abu Dhabi,AE,2019-01-08,12:00:00,1546923600,22.1,18.4,27.0,13.1,88.0,0.0,0.0,United Arab Emirates
Abu Dhabi,AE,2019-01-09,12:00:00,1547010000,22.1,17.9,28.2,20.2,109.0,0.0,0.0,United Arab Emirates
Abu Dhabi,AE,2019-01-10,12:00:00,1547096400,21.2,18.4,23.7,32.7,297.0,0.0,0.0,United Arab Emirates
Abu Dhabi,AE,2019-01-11,12:00:00,1547182800,20.4,19.2,21.9,33.9,302.0,0.0,0.0,United Arab Emirates
Abu Dhabi,AE,2019-01-12,12:00:00,1547269200,20.4,19.2,22.0,30.6,313.0,0.0,0.0,United Arab Emirates
Abu Dhabi,AE,2019-01-13,12:00:00,1547355600,21.2,19.0,24.0,14.5,341.0,0.0,0.0,United Arab Emirates
Abu Dhabi,AE,2019-01-14,12:00:00,1547442000,21.8,17.2,27.0,20.2,148.0,0.0,0.0,United Arab Emirates
Abu Dhabi,AE,2019-01-15,12:00:00,1547528400,22.3,18.4,27.0,17.0,69.0,0.0,0.0,United Arab Emirates
Abu Dhabi,AE,2019-01-16,12:00:00,1547614800,22.3,18.3,27.2,19.7,71.0,0.0,0.0,United Arab Emirates
Abu Dhabi,AE,2019-01-17,12:00:00,1547701200,22.6,18.6,28.5,31.1,240.0,0.0,0.0,United Arab Emirates
Abu Dhabi,AE,2019-01-18,12:00:00,1547787600,20.2,18.5,21.7,29.8,317.0,0.0,0.0,United Arab Emirates
Abu Dhabi,AE,2019-01-19,12:00:00,1547874000,19.2,17.4,20.8,33.3,306.0,0.1,0.0,United Arab Emirates
Abu Dhabi,AE,2019-01-20,12:00:00,1547960400,18.4,17.3,19.9,36.5,305.0,0.0,0.0,United Arab Emirates
Abu Dhabi,AE,2019-01-21,12:00:00,1548046800,19.2,17.6,21.0,29.8,310.0,0.0,0.0,United Arab Emirates
Abu Dhabi,AE,2019-01-22,12:00:00,1548133200,19.5,18.0,21.2,21.8,304.0,0.0,0.0,United Arab Emirates
Abu Dhabi,AE,2019-01-23,12:00:00,1548219600,19.8,17.7,22.3,16.5,304.0,0.0,0.0,United Arab Emirates
Abu Dhabi,AE,2019-01-24,12:00:00,1548306000,19.7,16.3,23.8,14.3,16.0,0.0,0.0,United Arab Emirates
Abu Dhabi,AE,2019-01-25,12:00:00,1548392400,20.5,16.6,26.6,13.2,88.0,0.0,0.0,United Arab Emirates
Abu Dhabi,AE,2019-01-26,12:00:00,1548478800,21.6,17.4,28.0,17.1,168.0,0.0,0.0,United Arab Emirates
Abu Dhabi,AE,2019-01-27,12:00:00,1548565200,22.0,17.4,28.6,15.9,127.0,0.0,0.0,United Arab Emirates
Abu Dhabi,AE,2019-01-28,12:00:00,1548651600,23.0,17.8,29.1,22.6,140.0,0.0,0.0,United Arab Emirates
Abu Dhabi,AE,2019-01-29,12:00:00,1548738000,23.2,19.8,27.8,27.5,176.0,0.0,0.0,United Arab Emirates
Abu Dhabi,AE,2019-01-30,12:00:00,1548824400,21.3,19.6,23.3,24.2,319.0,0.0,0.0,United Arab Emirates
Abu Dhabi,AE,2019-01-31,12:00:00,1548910800,20.8,19.2,22.8,24.5,294.0,0.0,0.0,United Arab Emirates
Abu Dhabi,AE,2019-02-01,12:00:00,1548997200,21.1,17.9,24.4,14.1,288.0,0.0,0.0,United Arab Emirates
Abu Dhabi,AE,2019-02-02,12:00:00,1549083600,22.7,17.9,28.6,18.9,60.0,0.0,0.0,United Arab Emirates
Abu Dhabi,AE,2019-02-03,12:00:00,1549170000,22.7,20.4,28.6,34.1,184.0,2.4,0.0,United Arab Emirates
Abu Dhabi,AE,2019-02-04,12:00:00,1549256400,20.6,18.5,21.9,27.5,309.0,0.2,0.0,United Arab Emirates
Abu Dhabi,AE,2019-02-05,12:00:00,1549342800,19.2,17.3,21.4,27.7,311.0,0.0,0.0,United Arab Emirates
Abu Dhabi,AE,2019-02-06,12:00:00,1549429200,19.8,17.2,22.8,31.0,21.0,0.0,0.0,United Arab Emirates
Abu Dhabi,AE,2019-02-07,12:00:00,1549515600,18.9,14.5,22.6,16.4,25.0,0.0,0.0,United Arab Emirates
Abu Dhabi,AE,2019-02-08,12:00:00,1549602000,19.4,16.3,22.8,18.1,2.0,0.0,0.0,United Arab Emirates
Abu Dhabi,AE,2019-02-09,12:00:00,1549688400,20.6,14.9,26.8,18.7,82.0,0.0,0.0,United Arab Emirates
Abu Dhabi,AE,2019-02-10,12:00:00,1549774800,21.9,17.8,27.5,26.1,104.0,0.0,0.0,United Arab Emirates
Abu Dhabi,AE,2019-02-11,12:00:00,1549861200,22.6,18.9,27.0,31.6,133.0,0.0,0.0,United Arab Emirates
Abu Dhabi,AE,2019-02-12,12:00:00,1549947600,20.7,18.9,22.9,37.1,287.0,0.8,0.0,United Arab Emirates
Abu Dhabi,AE,2019-02-13,12:00:00,1550034000,19.6,18.2,21.2,36.0,314.0,0.0,0.0,United Arab Emirates
Abu Dhabi,AE,2019-02-14,12:00:00,1550120400,19.5,16.0,22.0,16.8,330.0,0.0,0.0,United Arab Emirates
Abu Dhabi,AE,2019-02-15,12:00:00,1550206800,20.6,16.3,25.2,18.7,51.0,0.0,0.0,United Arab Emirates
Abu Dhabi,AE,2019-02-16,12:00:00,1550293200,23.6,18.8,28.8,40.3,151.0,0.0,0.0,United Arab Emirates
Abu Dhabi,AE,2019-02-17,12:00:00,1550379600,21.9,19.8,23.8,29.8,321.0,1.4,0.0,United Arab Emirates
Abu Dhabi,AE,2019-02-18,12:00:00,1550466000,19.9,18.3,22.1,30.9,308.0,0.0,0.0,United Arab Emirates
Abu Dhabi,AE,2019-02-19,12:00:00,1550552400,20.0,17.7,22.1,24.8,299.0,0.0,0.0,United Arab Emirates
Abu Dhabi,AE,2019-02-20,12:00:00,1550638800,19.5,18.0,21.1,41.8,311.0,0.0,0.0,United Arab Emirates
Abu Dhabi,AE,2019-02-21,12:00:00,1550725200,18.8,17.3,20.7,19.3,311.0,0.0,0.0,United Arab Emirates
Abu Dhabi,AE,2019-02-22,12:00:00,1550811600,19.1,15.7,21.4,16.8,339.0,0.0,0.0,United Arab Emirates
Abu Dhabi,AE,2019-02-23,12:00:00,1550898000,20.7,18.8,23.8,17.8,38.0,0.7,0.0,United Arab Emirates
Abu Dhabi,AE,2019-02-24,12:00:00,1550984400,21.7,18.5,26.3,14.5,30.0,0.0,0.0,United Arab Emirates
Abu Dhabi,AE,2019-02-25,12:00:00,1551070800,21.2,19.1,24.3,37.2,319.0,0.0,0.0,United Arab Emirates
Abu Dhabi,AE,2019-02-26,12:00:00,1551157200,20.2,18.8,22.4,39.2,299.0,0.0,0.0,United Arab Emirates
Abu Dhabi,AE,2019-02-27,12:00:00,1551243600,20.4,16.6,26.1,17.4,333.0,0.0,0.0,United Arab Emirates
Abu Dhabi,AE,2019-02-28,12:00:00,1551330000,24.6,19.8,31.1,26.3,113.0,0.2,0.0,United Arab Emirates
Abu Dhabi,AE,2019-03-01,12:00:00,1551416400,24.5,19.6,30.3,42.5,226.0,0.2,0.0,United Arab Emirates
Abu Dhabi,AE,2019-03-02,12:00:00,1551502800,18.8,17.5,20.3,43.0,303.0,0.0,0.0,United Arab Emirates
Abu Dhabi,AE,2019-03-03,12:00:00,1551589200,18.6,17.1,20.6,31.2,301.0,0.0,0.0,United Arab Emirates
Abu Dhabi,AE,2019-03-04,12:00:00,1551675600,19.5,17.8,21.8,31.6,310.0,0.0,0.0,United Arab Emirates
Abu Dhabi,AE,2019-03-05,12:00:00,1551762000,19.6,17.3,22.7,25.1,300.0,0.0,0.0,United Arab Emirates
Abu Dhabi,AE,2019-03-06,12:00:00,1551848400,19.3,15.5,23.1,15.8,34.0,0.0,0.0,United Arab Emirates
Abu Dhabi,AE,2019-03-07,12:00:00,1551934800,20.5,17.2,24.1,33.3,325.0,0.0,0.0,United Arab Emirates
Abu Dhabi,AE,2019-03-08,12:00:00,1552021200,19.7,17.8,22.1,24.8,298.0,0.0,0.0,United Arab Emirates
Abu Dhabi,AE,2019-03-09,12:00:00,1552107600,19.3,16.3,23.4,37.7,284.0,0.0,0.0,United Arab Emirates
Abu Dhabi,AE,2019-03-10,12:00:00,1552194000,19.5,17.4,21.7,38.2,302.0,0.0,0.0,United Arab Emirates
Abu Dhabi,AE,2019-03-11,12:00:00,1552280400,19.0,17.1,21.3,18.7,293.0,0.0,0.0,United Arab Emirates
Abu Dhabi,AE,2019-03-12,12:00:00,1552366800,20.1,17.0,23.4,28.7,290.0,0.0,0.0,United Arab Emirates
Abu Dhabi,AE,2019-03-13,12:00:00,1552453200,19.9,16.0,22.9,19.5,301.0,0.0,0.0,United Arab Emirates
Abu Dhabi,AE,2019-03-14,12:00:00,1552539600,21.4,16.2,29.5,21.5,81.0,0.0,0.0,United Arab Emirates
Abu Dhabi,AE,2019-03-15,12:00:00,1552626000,24.0,20.8,28.0,31.0,125.0,0.2,0.0,United Arab Emirates
Abu Dhabi,AE,2019-03-16,12:00:00,1552712400,24.4,20.4,30.7,27.2,123.0,0.0,0.0,United Arab Emirates
Abu Dhabi,AE,2019-03-17,12:00:00,1552798800,26.3,21.7,34.6,47.3,173.0,1.6,0.0,United Arab Emirates
Abu Dhabi,AE,2019-03-18,12:00:00,1552885200,21.3,19.8,23.1,33.0,316.0,0.0,0.0,United Arab Emirates
Abu Dhabi,AE,2019-03-19,12:00:00,1552971600,20.6,19.0,22.8,33.6,303.0,0.0,0.0,United Arab Emirates
Abu Dhabi,AE,2019-03-20,12:00:00,1553058000,20.3,18.2,22.4,23.0,297.0,0.0,0.0,United Arab Emirates
Abu Dhabi,AE,2019-03-21,12:00:00,1553144400,21.3,17.6,25.4,19.8,330.0,0.0,0.0,United Arab Emirates
Abu Dhabi,AE,2019-03-22,12:00:00,1553230800,24.8,19.2,30.9,25.5,71.0,0.0,0.0,United Arab Emirates
Abu Dhabi,AE,2019-03-23,12:00:00,1553317200,27.2,22.5,32.4,36.0,138.0,0.1,0.0,United Arab Emirates
Abu Dhabi,AE,2019-03-24,12:00:00,1553403600,27.8,22.5,31.8,39.8,125.0,0.0,0.0,United Arab Emirates
Abu Dhabi,AE,2019-03-25,12:00:00,1553490000,28.7,26.2,31.9,37.8,143.0,0.2,0.0,United Arab Emirates
Abu Dhabi,AE,2019-03-26,12:00:00,1553576400,29.7,25.8,33.5,41.1,159.0,0.0,0.0,United Arab Emirates
Abu Dhabi,AE,2019-03-27,12:00:00,1553662800,23.5,21.4,29.7,31.2,7.0,1.3,0.0,United Arab Emirates
Abu Dhabi,AE,2019-03-28,12:00:00,1553749200,23.0,21.0,28.7,24.5,43.0,0.8,0.0,United Arab Emirates
Abu Dhabi,AE,2019-03-29,12:00:00,1553835600,23.2,20.1,27.1,22.2,4.0,0.0,0.0,United Arab Emirates
Abu Dhabi,AE,2019-03-30,12:00:00,1553922000,23.7,19.3,28.2,26.1,33.0,0.0,0.0,United Arab Emirates
Abu Dhabi,AE,2019-03-31,12:00:00,1554008400,28.4,22.1,36.8,24.7,106.0,0.0,0.0,United Arab Emirates
Abu Dhabi,AE,2019-04-01,12:00:00,1554094800,31.9,26.7,38.1,33.1,172.0,0.0,0.0,United Arab Emirates
Abu Dhabi,AE,2019-04-02,12:00:00,1554181200,24.7,22.9,28.2,26.6,317.0,0.0,0.0,United Arab Emirates
Abu Dhabi,AE,2019-04-03,12:00:00,1554267600,27.6,22.9,34.6,26.1,69.0,0.0,0.0,United Arab Emirates
Abu Dhabi,AE,2019-04-04,12:00:00,1554354000,28.7,24.1,34.3,21.2,48.0,0.0,0.0,United Arab Emirates
Abu Dhabi,AE,2019-04-05,12:00:00,1554440400,28.6,24.5,34.1,24.9,42.0,0.0,0.0,United Arab Emirates
Abu Dhabi,AE,2019-04-06,12:00:00,1554526800,29.6,24.1,35.3,19.1,48.0,0.0,0.0,United Arab Emirates
Abu Dhabi,AE,2019-04-07,12:00:00,1554613200,30.7,25.3,38.0,22.0,45.0,0.0,0.0,United Arab Emirates
Abu Dhabi,AE,2019-04-08,12:00:00,1554699600,27.2,24.6,31.3,29.2,317.0,0.0,0.0,United Arab Emirates
Abu Dhabi,AE,2019-04-09,12:00:00,1554786000,27.4,23.3,32.4,25.7,351.0,0.0,0.0,United Arab Emirates
Abu Dhabi,AE,2019-04-10,12:00:00,1554872400,27.0,25.2,30.4,32.0,339.0,0.3,0.0,United Arab Emirates
Abu Dhabi,AE,2019-04-11,12:00:00,1554958800,26.1,23.8,29.0,18.9,302.0,0.0,0.0,United Arab Emirates
Abu Dhabi,AE,2019-04-12,12:00:00,1555045200,26.8,24.2,31.3,18.0,18.0,0.0,0.0,United Arab Emirates
Abu Dhabi,AE,2019-04-13,12:00:00,1555131600,25.1,22.7,30.5,33.5,226.0,10.3,0.0,United Arab Emirates
Abu Dhabi,AE,2019-04-14,12:00:00,1555218000,24.2,21.5,26.6,40.1,268.0,0.3,0.0,United Arab Emirates
Abu Dhabi,AE,2019-04-15,12:00:00,1555304400,25.5,22.9,28.5,29.9,279.0,0.0,0.0,United Arab Emirates
Abu Dhabi,AE,2019-04-16,12:00:00,1555390800,25.1,20.7,29.9,19.3,284.0,0.0,0.0,United Arab Emirates
Abu Dhabi,AE,2019-04-17,12:00:00,1555477200,26.9,20.5,33.5,17.2,247.0,0.0,0.0,United Arab Emirates
Abu Dhabi,AE,2019-04-18,12:00:00,1555563600,28.8,22.6,36.6,20.0,64.0,0.0,0.0,United Arab Emirates
Abu Dhabi,AE,2019-04-19,12:00:00,1555650000,30.8,24.3,38.0,23.1,148.0,0.0,0.0,United Arab Emirates
Abu Dhabi,AE,2019-04-20,12:00:00,1555736400,30.8,27.2,37.5,22.6,174.0,0.0,0.0,United Arab Emirates
Abu Dhabi,AE,2019-04-21,12:00:00,1555822800,30.7,27.2,35.5,22.1,30.0,0.0,0.0,United Arab Emirates
Abu Dhabi,AE,2019-04-22,12:00:00,1555909200,32.2,26.7,38.3,23.3,229.0,0.0,0.0,United Arab Emirates
Abu Dhabi,AE,2019-04-23,12:00:00,1555995600,25.5,23.8,27.2,36.4,316.0,0.0,0.0,United Arab Emirates
Abu Dhabi,AE,2019-04-24,12:00:00,1556082000,24.4,22.5,26.6,41.6,309.0,0.0,0.0,United Arab Emirates
Abu Dhabi,AE,2019-04-25,12:00:00,1556168400,24.1,22.2,26.5,36.2,306.0,0.0,0.0,United Arab Emirates
Abu Dhabi,AE,2019-04-26,12:00:00,1556254800,24.4,21.6,27.3,29.6,309.0,0.0,0.0,United Arab Emirates
Abu Dhabi,AE,2019-04-27,12:00:00,1556341200,25.6,22.9,28.3,31.8,320.0,0.0,0.0,United Arab Emirates
Abu Dhabi,AE,2019-04-28,12:00:00,1556427600,26.3,22.0,29.8,24.5,327.0,0.0,0.0,United Arab Emirates
Abu Dhabi,AE,2019-04-29,12:00:00,1556514000,26.6,23.2,30.7,25.9,318.0,0.0,0.0,United Arab Emirates
Abu Dhabi,AE,2019-04-30,12:00:00,1556600400,26.9,23.4,30.4,27.5,301.0,0.0,0.0,United Arab Emirates
Abu Dhabi,AE,2019-05-01,12:00:00,1556686800,27.1,25.0,30.1,28.4,294.0,0.0,0.0,United Arab Emirates
Abu Dhabi,AE,2019-05-02,12:00:00,1556773200,27.4,23.7,31.3,25.9,294.0,0.0,0.0,United Arab Emirates
Abu Dhabi,AE,2019-05-03,12:00:00,1556859600,27.9,24.6,31.4,22.2,309.0,0.0,0.0,United Arab Emirates
Abu Dhabi,AE,2019-05-04,12:00:00,1556946000,27.7,22.9,32.2,25.7,321.0,0.0,0.0,United Arab Emirates
Abu Dhabi,AE,2019-05-05,12:00:00,1557032400,30.6,24.8,38.3,21.8,335.0,0.0,0.0,United Arab Emirates
Abu Dhabi,AE,2019-05-06,12:00:00,1557118800,29.8,25.6,34.2,21.9,286.0,0.0,0.0,United Arab Emirates
Abu Dhabi,AE,2019-05-07,12:00:00,1557205200,29.1,26.4,32.2,25.2,281.0,0.0,0.0,United Arab Emirates
Abu Dhabi,AE,2019-05-08,12:00:00,1557291600,29.4,25.4,33.7,18.4,271.0,0.0,0.0,United Arab Emirates
Abu Dhabi,AE,2019-05-09,12:00:00,1557378000,29.4,24.2,34.0,16.6,331.0,0.0,0.0,United Arab Emirates
Abu Dhabi,AE,2019-05-10,12:00:00,1557464400,30.4,26.8,35.4,27.4,342.0,0.0,0.0,United Arab Emirates
Abu Dhabi,AE,2019-05-11,12:00:00,1557550800,30.6,26.1,35.1,24.9,305.0,0.0,0.0,United Arab Emirates
Abu Dhabi,AE,2019-05-12,12:00:00,1557637200,30.2,26.9,33.3,28.7,302.0,0.0,0.0,United Arab Emirates
Abu Dhabi,AE,2019-05-13,12:00:00,1557723600,30.5,28.6,33.0,28.3,298.0,0.0,0.0,United Arab Emirates
Abu Dhabi,AE,2019-05-14,12:00:00,1557810000,31.0,28.2,35.0,29.2,274.0,0.0,0.0,United Arab Emirates
Abu Dhabi,AE,2019-05-15,12:00:00,1557896400,30.6,25.9,36.1,21.8,265.0,0.0,0.0,United Arab Emirates
Abu Dhabi,AE,2019-05-16,12:00:00,1557982800,30.2,25.4,37.3,22.7,321.0,0.0,0.0,United Arab Emirates
Abu Dhabi,AE,2019-05-17,12:00:00,1558069200,30.1,25.5,34.4,21.5,6.0,0.0,0.0,United Arab Emirates
Abu Dhabi,AE,2019-05-18,12:00:00,1558155600,31.2,28.5,34.2,20.8,1.0,0.0,0.0,United Arab Emirates
Abu Dhabi,AE,2019-05-19,12:00:00,1558242000,33.3,29.7,37.6,26.9,110.0,0.2,0.0,United Arab Emirates
Abu Dhabi,AE,2019-05-20,12:00:00,1558328400,31.6,28.0,37.2,29.7,222.0,0.0,0.0,United Arab Emirates
Abu Dhabi,AE,2019-05-21,12:00:00,1558414800,29.2,26.7,32.4,19.1,289.0,0.0,0.0,United Arab Emirates
Abu Dhabi,AE,2019-05-22,12:00:00,1558501200,30.2,26.9,34.0,24.1,285.0,0.0,0.0,United Arab Emirates
Abu Dhabi,AE,2019-05-23,12:00:00,1558587600,31.0,27.6,34.3,32.4,286.0,0.0,0.0,United Arab Emirates
Abu Dhabi,AE,2019-05-24,12:00:00,1558674000,30.7,26.0,35.2,17.6,297.0,0.0,0.0,United Arab Emirates
Abu Dhabi,AE,2019-05-25,12:00:00,1558760400,30.1,25.8,34.6,18.5,344.0,0.0,0.0,United Arab Emirates
Abu Dhabi,AE,2019-05-26,12:00:00,1558846800,31.5,26.5,40.2,26.9,10.0,0.0,0.0,United Arab Emirates
Abu Dhabi,AE,2019-05-27,12:00:00,1558933200,33.2,27.6,40.3,27.4,8.0,0.0,0.0,United Arab Emirates
Abu Dhabi,AE,2019-05-28,12:00:00,1559019600,33.6,29.7,40.5,22.4,1.0,0.0,0.0,United Arab Emirates
Abu Dhabi,AE,2019-05-29,12:00:00,1559106000,33.8,28.8,40.5,22.3,298.0,0.0,0.0,United Arab Emirates
Abu Dhabi,AE,2019-05-30,12:00:00,1559192400,33.8,28.0,40.5,21.4,289.0,0.0,0.0,United Arab Emirates
Abu Dhabi,AE,2019-05-31,12:00:00,1559278800,32.7,28.2,37.1,21.6,264.0,0.0,0.0,United Arab Emirates
Abu Dhabi,AE,2019-06-01,12:00:00,1559365200,33.3,28.1,38.9,22.2,286.0,0.0,0.0,United Arab Emirates
Abu Dhabi,AE,2019-06-02,12:00:00,1559451600,32.6,28.4,37.4,20.2,284.0,0.0,0.0,United Arab Emirates
Abu Dhabi,AE,2019-06-03,12:00:00,1559538000,31.3,27.3,35.3,20.7,349.0,0.0,0.0,United Arab Emirates
Abu Dhabi,AE,2019-06-04,12:00:00,1559624400,33.7,28.4,42.3,25.9,45.0,0.0,0.0,United Arab Emirates
Abu Dhabi,AE,2019-06-05,12:00:00,1559710800,35.7,30.8,41.0,16.6,334.0,0.0,0.0,United Arab Emirates
Abu Dhabi,AE,2019-06-06,12:00:00,1559797200,34.7,30.2,40.3,25.4,333.0,0.0,0.0,United Arab Emirates
Abu Dhabi,AE,2019-06-07,12:00:00,1559883600,34.1,28.9,41.2,27.1,321.0,0.0,0.0,United Arab Emirates
Abu Dhabi,AE,2019-06-08,12:00:00,1559970000,33.9,29.1,39.5,23.2,285.0,0.0,0.0,United Arab Emirates
Abu Dhabi,AE,2019-06-09,12:00:00,1560056400,33.6,28.8,38.9,21.4,291.0,0.0,0.0,United Arab Emirates
Abu Dhabi,AE,2019-06-10,12:00:00,1560142800,33.7,28.7,38.0,22.9,305.0,0.0,0.0,United Arab Emirates
Abu Dhabi,AE,2019-06-11,12:00:00,1560229200,33.9,29.7,37.7,27.9,330.0,0.0,0.0,United Arab Emirates
Abu Dhabi,AE,2019-06-12,12:00:00,1560315600,34.5,30.0,41.8,22.5,340.0,0.0,0.0,United Arab Emirates
Abu Dhabi,AE,2019-06-13,12:00:00,1560402000,34.0,30.3,39.1,21.3,308.0,0.0,0.0,United Arab Emirates
Abu Dhabi,AE,2019-06-14,12:00:00,1560488400,33.7,29.9,38.3,25.1,302.0,0.0,0.0,United Arab Emirates
Abu Dhabi,AE,2019-06-15,12:00:00,1560574800,33.3,28.9,38.1,17.1,293.0,0.0,0.0,United Arab Emirates
Abu Dhabi,AE,2019-06-16,12:00:00,1560661200,33.8,29.7,40.3,23.3,333.0,0.0,0.0,United Arab Emirates
Abu Dhabi,AE,2019-06-17,12:00:00,1560747600,34.7,30.1,40.9,27.0,278.0,0.0,0.0,United Arab Emirates
Abu Dhabi,AE,2019-06-18,12:00:00,1560834000,35.3,31.1,39.0,27.7,303.0,0.0,0.0,United Arab Emirates
Abu Dhabi,AE,2019-06-19,12:00:00,1560920400,35.9,33.4,38.0,41.6,306.0,0.0,0.0,United Arab Emirates
Abu Dhabi,AE,2019-06-20,12:00:00,1561006800,34.0,31.9,36.0,39.5,310.0,0.0,0.0,United Arab Emirates
Abu Dhabi,AE,2019-06-21,12:00:00,1561093200,33.5,31.6,36.4,24.6,317.0,0.0,0.0,United Arab Emirates
Abu Dhabi,AE,2019-06-22,12:00:00,1561179600,33.8,31.2,37.8,26.0,328.0,0.0,0.0,United Arab Emirates
Abu Dhabi,AE,2019-06-23,12:00:00,1561266000,34.8,31.9,38.6,22.9,331.0,0.0,0.0,United Arab Emirates
Abu Dhabi,AE,2019-06-24,12:00:00,1561352400,35.6,32.8,39.1,28.1,315.0,0.0,0.0,United Arab Emirates
Abu Dhabi,AE,2019-06-25,12:00:00,1561438800,34.4,30.6,38.8,21.1,281.0,0.0,0.0,United Arab Emirates
Abu Dhabi,AE,2019-06-26,12:00:00,1561525200,34.7,31.0,40.4,24.6,342.0,0.0,0.0,United Arab Emirates
Abu Dhabi,AE,2019-06-27,12:00:00,1561611600,35.4,31.7,42.1,28.4,275.0,0.0,0.0,United Arab Emirates
Abu Dhabi,AE,2019-06-28,12:00:00,1561698000,35.8,31.1,41.1,18.1,253.0,0.0,0.0,United Arab Emirates
Abu Dhabi,AE,2019-06-29,12:00:00,1561784400,35.5,31.2,40.7,16.7,259.0,0.0,0.0,United Arab Emirates
Abu Dhabi,AE,2019-06-30,12:00:00,1561870800,35.8,30.3,43.3,25.4,271.0,0.0,0.0,United Arab Emirates
Abu Dhabi,AE,2019-07-01,12:00:00,1561957200,35.2,30.2,41.1,26.1,281.0,0.0,0.0,United Arab Emirates
Abu Dhabi,AE,2019-07-02,12:00:00,1562043600,35.0,31.2,38.0,29.2,285.0,0.0,0.0,United Arab Emirates
Abu Dhabi,AE,2019-07-03,12:00:00,1562130000,33.9,29.9,38.7,22.7,346.0,0.0,0.0,United Arab Emirates
Abu Dhabi,AE,2019-07-04,12:00:00,1562216400,33.7,30.2,37.5,23.8,331.0,0.0,0.0,United Arab Emirates
Abu Dhabi,AE,2019-07-05,12:00:00,1562302800,34.2,31.2,38.1,25.9,268.0,0.0,0.0,United Arab Emirates
Abu Dhabi,AE,2019-07-06,12:00:00,1562389200,34.9,32.4,38.1,32.3,290.0,0.0,0.0,United Arab Emirates
Abu Dhabi,AE,2019-07-07,12:00:00,1562475600,34.9,31.9,37.8,21.2,292.0,0.0,0.0,United Arab Emirates
Abu Dhabi,AE,2019-07-08,12:00:00,1562562000,33.8,30.8,37.3,19.3,300.0,0.0,0.0,United Arab Emirates
Abu Dhabi,AE,2019-07-09,12:00:00,1562648400,36.1,33.4,38.5,32.7,312.0,0.0,0.0,United Arab Emirates
Abu Dhabi,AE,2019-07-10,12:00:00,1562734800,35.9,33.2,38.5,30.9,287.0,0.0,0.0,United Arab Emirates
Abu Dhabi,AE,2019-07-11,12:00:00,1562821200,34.8,30.9,38.9,19.7,257.0,0.0,0.0,United Arab Emirates
Abu Dhabi,AE,2019-07-12,12:00:00,1562907600,34.4,31.6,37.5,24.2,274.0,0.0,0.0,United Arab Emirates
Abu Dhabi,AE,2019-07-13,12:00:00,1562994000,33.6,30.8,36.5,19.6,285.0,0.0,0.0,United Arab Emirates
Abu Dhabi,AE,2019-07-14,12:00:00,1563080400,34.0,31.4,37.8,23.3,279.0,0.0,0.0,United Arab Emirates
Abu Dhabi,AE,2019-07-15,12:00:00,1563166800,34.8,32.6,37.2,28.9,285.0,0.0,0.0,United Arab Emirates
Abu Dhabi,AE,2019-07-16,12:00:00,1563253200,34.6,31.9,37.5,24.3,268.0,0.0,0.0,United Arab Emirates
Abu Dhabi,AE,2019-07-17,12:00:00,1563339600,33.5,31.0,37.1,23.6,275.0,0.0,0.0,United Arab Emirates
Abu Dhabi,AE,2019-07-18,12:00:00,1563426000,33.4,31.8,35.9,20.7,319.0,0.0,0.0,United Arab Emirates
Abu Dhabi,AE,2019-07-19,12:00:00,1563512400,33.3,30.5,35.9,23.2,329.0,0.0,0.0,United Arab Emirates
Abu Dhabi,AE,2019-07-20,12:00:00,1563598800,34.6,32.0,38.2,25.3,1.0,0.0,0.0,United Arab Emirates
Abu Dhabi,AE,2019-07-21,12:00:00,1563685200,35.0,32.7,39.3,25.5,355.0,0.0,0.0,United Arab Emirates
Abu Dhabi,AE,2019-07-22,12:00:00,1563771600,34.6,32.3,39.1,26.4,355.0,0.0,0.0,United Arab Emirates
Abu Dhabi,AE,2019-07-23,12:00:00,1563858000,36.2,31.9,42.4,25.5,75.0,0.0,0.0,United Arab Emirates
Abu Dhabi,AE,2019-07-24,12:00:00,1563944400,36.4,34.2,40.5,28.3,64.0,0.0,0.0,United Arab Emirates
Abu Dhabi,AE,2019-07-25,12:00:00,1564030800,35.7,32.6,39.8,28.7,170.0,0.0,0.0,United Arab Emirates
Abu Dhabi,AE,2019-07-26,12:00:00,1564117200,36.3,33.3,41.2,27.9,216.0,0.0,0.0,United Arab Emirates
Abu Dhabi,AE,2019-07-27,12:00:00,1564203600,36.1,30.4,41.7,19.4,227.0,0.0,0.0,United Arab Emirates
Abu Dhabi,AE,2019-07-28,12:00:00,1564290000,39.1,33.7,44.3,31.4,154.0,0.0,0.0,United Arab Emirates
Abu Dhabi,AE,2019-07-29,12:00:00,1564376400,38.3,35.8,42.5,25.7,152.0,0.0,0.0,United Arab Emirates
Abu Dhabi,AE,2019-07-30,12:00:00,1564462800,37.3,34.0,43.2,25.9,200.0,0.0,0.0,United Arab Emirates
Abu Dhabi,AE,2019-07-31,12:00:00,1564549200,36.1,32.8,40.8,22.7,254.0,0.0,0.0,United Arab Emirates
Abu Dhabi,AE,2019-08-01,12:00:00,1564635600,35.0,32.3,38.0,25.8,275.0,0.0,0.0,United Arab Emirates
Abu Dhabi,AE,2019-08-02,12:00:00,1564722000,35.6,32.0,39.7,19.7,277.0,0.0,0.0,United Arab Emirates
Abu Dhabi,AE,2019-08-03,12:00:00,1564808400,36.1,31.2,42.2,18.2,284.0,0.0,0.0,United Arab Emirates
Abu Dhabi,AE,2019-08-04,12:00:00,1564894800,34.7,31.2,38.1,21.7,297.0,0.0,0.0,United Arab Emirates
Abu Dhabi,AE,2019-08-05,12:00:00,1564981200,35.9,33.0,38.9,27.9,280.0,0.0,0.0,United Arab Emirates
Abu Dhabi,AE,2019-08-06,12:00:00,1565067600,36.0,32.8,39.2,33.6,273.0,0.0,0.0,United Arab Emirates
Abu Dhabi,AE,2019-08-07,12:00:00,1565154000,35.4,31.9,38.5,25.1,276.0,0.0,0.0,United Arab Emirates
Abu Dhabi,AE,2019-08-08,12:00:00,1565240400,35.4,33.0,38.3,25.7,269.0,0.0,0.0,United Arab Emirates
Abu Dhabi,AE,2019-08-09,12:00:00,1565326800,34.4,31.9,36.9,25.7,343.0,0.0,0.0,United Arab Emirates
Abu Dhabi,AE,2019-08-10,12:00:00,1565413200,35.8,33.6,39.7,26.8,325.0,0.0,0.0,United Arab Emirates
Abu Dhabi,AE,2019-08-11,12:00:00,1565499600,34.3,32.1,36.9,22.4,295.0,0.0,0.0,United Arab Emirates
Abu Dhabi,AE,2019-08-12,12:00:00,1565586000,34.6,31.6,37.2,20.2,295.0,0.0,0.0,United Arab Emirates
Abu Dhabi,AE,2019-08-13,12:00:00,1565672400,34.4,31.2,38.2,21.9,299.0,0.0,0.0,United Arab Emirates
Abu Dhabi,AE,2019-08-14,12:00:00,1565758800,35.5,31.8,42.6,22.5,354.0,0.0,0.0,United Arab Emirates
Abu Dhabi,AE,2019-08-15,12:00:00,1565845200,36.2,32.3,44.4,30.4,41.0,0.0,0.0,United Arab Emirates
Abu Dhabi,AE,2019-08-16,12:00:00,1565931600,36.0,33.1,43.3,31.4,2.0,0.0,0.0,United Arab Emirates
Abu Dhabi,AE,2019-08-17,12:00:00,1566018000,34.5,32.3,37.4,18.7,327.0,0.0,0.0,United Arab Emirates
Abu Dhabi,AE,2019-08-18,12:00:00,1566104400,34.7,32.6,37.1,23.1,328.0,0.0,0.0,United Arab Emirates
Abu Dhabi,AE,2019-08-19,12:00:00,1566190800,36.6,33.6,42.2,21.7,33.0,0.0,0.0,United Arab Emirates
Abu Dhabi,AE,2019-08-20,12:00:00,1566277200,36.1,32.9,41.5,26.9,21.0,0.0,0.0,United Arab Emirates
Abu Dhabi,AE,2019-08-21,12:00:00,1566363600,35.2,31.7,39.9,20.2,352.0,0.0,0.0,United Arab Emirates
Abu Dhabi,AE,2019-08-22,12:00:00,1566450000,33.7,30.9,38.1,20.7,9.0,0.0,0.0,United Arab Emirates
Abu Dhabi,AE,2019-08-23,12:00:00,1566536400,35.4,30.3,42.7,23.1,40.0,0.0,0.0,United Arab Emirates
Abu Dhabi,AE,2019-08-24,12:00:00,1566622800,36.6,31.8,42.1,16.9,121.0,0.0,0.0,United Arab Emirates
Abu Dhabi,AE,2019-08-25,12:00:00,1566709200,35.6,30.9,41.9,25.5,298.0,0.0,0.0,United Arab Emirates
Abu Dhabi,AE,2019-08-26,12:00:00,1566795600,34.0,30.6,39.1,28.9,345.0,0.0,0.0,United Arab Emirates
Abu Dhabi,AE,2019-08-27,12:00:00,1566882000,34.0,29.6,42.1,30.1,22.0,0.0,0.0,United Arab Emirates
Abu Dhabi,AE,2019-08-28,12:00:00,1566968400,35.9,30.6,42.4,22.5,12.0,0.0,0.0,United Arab Emirates
Abu Dhabi,AE,2019-08-29,12:00:00,1567054800,35.7,31.1,43.3,28.6,31.0,0.0,0.0,United Arab Emirates
Abu Dhabi,AE,2019-08-30,12:00:00,1567141200,34.4,29.6,40.9,23.9,341.0,0.0,0.0,United Arab Emirates
Abu Dhabi,AE,2019-08-31,12:00:00,1567227600,33.8,29.1,38.4,18.2,337.0,0.0,0.0,United Arab Emirates
Abu Dhabi,AE,2019-09-01,12:00:00,1567314000,34.5,30.1,39.9,17.6,269.0,0.0,0.0,United Arab Emirates
Abu Dhabi,AE,2019-09-02,12:00:00,1567400400,34.4,30.3,41.0,28.0,19.0,0.0,0.0,United Arab Emirates
Abu Dhabi,AE,2019-09-03,12:00:00,1567486800,35.4,30.8,42.1,23.2,316.0,0.0,0.0,United Arab Emirates
Abu Dhabi,AE,2019-09-04,12:00:00,1567573200,33.9,30.3,38.2,21.3,327.0,0.0,0.0,United Arab Emirates
Abu Dhabi,AE,2019-09-05,12:00:00,1567659600,34.0,31.0,38.7,20.4,335.0,0.0,0.0,United Arab Emirates
Abu Dhabi,AE,2019-09-06,12:00:00,1567746000,34.7,31.9,39.7,22.2,350.0,0.0,0.0,United Arab Emirates
Abu Dhabi,AE,2019-09-07,12:00:00,1567832400,34.7,31.0,39.6,23.7,310.0,0.0,0.0,United Arab Emirates
Abu Dhabi,AE,2019-09-08,12:00:00,1567918800,35.4,33.0,38.4,27.3,311.0,0.0,0.0,United Arab Emirates
Abu Dhabi,AE,2019-09-09,12:00:00,1568005200,35.1,32.4,37.3,28.1,311.0,0.0,0.0,United Arab Emirates
Abu Dhabi,AE,2019-09-10,12:00:00,1568091600,34.0,32.4,35.7,24.9,326.0,0.0,0.0,United Arab Emirates
Abu Dhabi,AE,2019-09-11,12:00:00,1568178000,34.3,32.0,37.5,22.7,338.0,0.0,0.0,United Arab Emirates
Abu Dhabi,AE,2019-09-12,12:00:00,1568264400,33.8,31.3,37.0,24.0,331.0,0.0,0.0,United Arab Emirates
Abu Dhabi,AE,2019-09-13,12:00:00,1568350800,33.5,30.4,36.2,22.2,319.0,0.0,0.0,United Arab Emirates
Abu Dhabi,AE,2019-09-14,12:00:00,1568437200,33.7,31.6,36.4,18.4,324.0,0.0,0.0,United Arab Emirates
Abu Dhabi,AE,2019-09-15,12:00:00,1568523600,33.6,29.7,38.9,24.0,12.0,0.0,0.0,United Arab Emirates
Abu Dhabi,AE,2019-09-16,12:00:00,1568610000,34.4,31.3,39.3,25.2,22.0,0.0,0.0,United Arab Emirates
Abu Dhabi,AE,2019-09-17,12:00:00,1568696400,34.1,31.2,39.2,25.4,322.0,0.0,0.0,United Arab Emirates
Abu Dhabi,AE,2019-09-18,12:00:00,1568782800,33.1,30.3,36.7,25.9,345.0,0.0,0.0,United Arab Emirates
Abu Dhabi,AE,2019-09-19,12:00:00,1568869200,34.1,29.7,40.3,22.2,38.0,0.0,0.0,United Arab Emirates
Abu Dhabi,AE,2019-09-20,12:00:00,1568955600,33.3,29.7,37.9,20.7,304.0,0.0,0.0,United Arab Emirates
Abu Dhabi,AE,2019-09-21,12:00:00,1569042000,32.8,29.0,37.5,21.1,274.0,0.0,0.0,United Arab Emirates
Abu Dhabi,AE,2019-09-22,12:00:00,1569128400,33.1,29.2,39.4,22.1,2.0,0.0,0.0,United Arab Emirates
Abu Dhabi,AE,2019-09-23,12:00:00,1569214800,32.6,28.5,37.0,19.9,4.0,0.0,0.0,United Arab Emirates
Abu Dhabi,AE,2019-09-24,12:00:00,1569301200,34.0,29.9,40.6,24.4,44.0,0.0,0.0,United Arab Emirates
Abu Dhabi,AE,2019-09-25,12:00:00,1569387600,33.5,30.7,37.2,24.9,96.0,0.0,0.0,United Arab Emirates
Abu Dhabi,AE,2019-09-26,12:00:00,1569474000,33.3,31.2,36.3,27.8,277.0,0.0,0.0,United Arab Emirates
Abu Dhabi,AE,2019-09-27,12:00:00,1569560400,33.2,30.6,36.1,24.1,337.0,0.0,0.0,United Arab Emirates
Abu Dhabi,AE,2019-09-28,12:00:00,1569646800,33.0,30.6,36.2,19.4,308.0,0.0,0.0,United Arab Emirates
Abu Dhabi,AE,2019-09-29,12:00:00,1569733200,33.0,29.5,37.7,22.7,293.0,0.0,0.0,United Arab Emirates
Abu Dhabi,AE,2019-09-30,12:00:00,1569819600,33.6,29.8,39.1,22.8,289.0,0.0,0.0,United Arab Emirates
Abu Dhabi,AE,2019-10-01,12:00:00,1569906000,32.7,29.2,38.1,20.7,290.0,0.0,0.0,United Arab Emirates
Abu Dhabi,AE,2019-10-02,12:00:00,1569992400,32.7,28.3,39.2,21.8,266.0,0.0,0.0,United Arab Emirates
Abu Dhabi,AE,2019-10-03,12:00:00,1570078800,32.2,28.4,37.2,22.6,273.0,0.0,0.0,United Arab Emirates
Abu Dhabi,AE,2019-10-04,12:00:00,1570165200,32.3,29.8,36.7,25.8,357.0,0.0,0.0,United Arab Emirates
Abu Dhabi,AE,2019-10-05,12:00:00,1570251600,32.9,29.4,38.5,25.0,60.0,0.0,0.0,United Arab Emirates
Abu Dhabi,AE,2019-10-06,12:00:00,1570338000,32.4,28.9,37.2,28.4,83.0,0.0,0.0,United Arab Emirates
Abu Dhabi,AE,2019-10-07,12:00:00,1570424400,33.0,30.3,37.0,32.9,124.0,0.0,0.0,United Arab Emirates
Abu Dhabi,AE,2019-10-08,12:00:00,1570510800,31.9,29.4,35.0,23.6,52.0,0.0,0.0,United Arab Emirates
Abu Dhabi,AE,2019-10-09,12:00:00,1570597200,31.4,29.2,33.7,17.3,355.0,0.0,0.0,United Arab Emirates
Abu Dhabi,AE,2019-10-10,12:00:00,1570683600,31.8,29.9,33.9,17.1,309.0,0.0,0.0,United Arab Emirates
Abu Dhabi,AE,2019-10-11,12:00:00,1570770000,31.2,28.6,33.7,20.7,334.0,0.0,0.0,United Arab Emirates
Abu Dhabi,AE,2019-10-12,12:00:00,1570856400,31.5,28.1,35.8,23.0,20.0,0.0,0.0,United Arab Emirates
Abu Dhabi,AE,2019-10-13,12:00:00,1570942800,32.4,28.4,37.8,22.5,79.0,0.0,0.0,United Arab Emirates
Abu Dhabi,AE,2019-10-14,12:00:00,1571029200,31.6,28.7,35.7,24.2,75.0,0.0,0.0,United Arab Emirates
Abu Dhabi,AE,2019-10-15,12:00:00,1571115600,30.8,26.8,35.8,21.8,48.0,0.0,0.0,United Arab Emirates
Abu Dhabi,AE,2019-10-16,12:00:00,1571202000,30.5,26.9,33.6,24.7,3.0,0.0,0.0,United Arab Emirates
Abu Dhabi,AE,2019-10-17,12:00:00,1571288400,30.4,26.3,34.4,21.3,6.0,0.0,0.0,United Arab Emirates
Abu Dhabi,AE,2019-10-18,12:00:00,1571374800,30.2,26.8,34.2,23.5,359.0,0.0,0.0,United Arab Emirates
Abu Dhabi,AE,2019-10-19,12:00:00,1571461200,30.5,27.0,34.5,21.8,351.0,0.0,0.0,United Arab Emirates
Abu Dhabi,AE,2019-10-20,12:00:00,1571547600,30.4,26.9,34.2,18.8,14.0,0.0,0.0,United Arab Emirates
Abu Dhabi,AE,2019-10-21,12:00:00,1571634000,29.8,26.6,32.7,21.4,11.0,0.0,0.0,United Arab Emirates
Abu Dhabi,AE,2019-10-22,12:00:00,1571720400,29.6,26.6,32.8,21.9,2.0,0.0,0.0,United Arab Emirates
Abu Dhabi,AE,2019-10-23,12:00:00,1571806800,30.0,27.3,33.5,22.5,15.0,0.0,0.0,United Arab Emirates
Abu Dhabi,AE,2019-10-24,12:00:00,1571893200,30.3,27.3,34.1,21.7,6.0,0.0,0.0,United Arab Emirates
Abu Dhabi,AE,2019-10-25,12:00:00,1571979600,29.8,26.5,33.9,18.4,6.0,0.0,0.0,United Arab Emirates
Abu Dhabi,AE,2019-10-26,12:00:00,1572066000,30.3,25.9,36.1,18.4,17.0,0.0,0.0,United Arab Emirates
Abu Dhabi,AE,2019-10-27,12:00:00,1572152400,30.5,24.9,37.5,19.6,80.0,0.0,0.0,United Arab Emirates
Abu Dhabi,AE,2019-10-28,12:00:00,1572238800,29.9,25.4,35.1,21.1,37.0,0.0,0.0,United Arab Emirates
Abu Dhabi,AE,2019-10-29,12:00:00,1572325200,30.1,25.1,36.6,23.3,31.0,0.0,0.0,United Arab Emirates
Abu Dhabi,AE,2019-10-30,12:00:00,1572411600,30.6,25.8,37.1,25.5,44.0,0.0,0.0,United Arab Emirates
Abu Dhabi,AE,2019-10-31,12:00:00,1572498000,29.8,25.8,35.5,20.5,34.0,0.0,0.0,United Arab Emirates
Abu Dhabi,AE,2019-11-01,12:00:00,1572584400,29.8,27.1,32.7,23.9,329.0,0.0,0.0,United Arab Emirates
Abu Dhabi,AE,2019-11-02,12:00:00,1572670800,29.3,28.0,30.8,27.3,315.0,0.0,0.0,United Arab Emirates
Abu Dhabi,AE,2019-11-03,12:00:00,1572757200,29.4,27.2,31.7,20.5,339.0,0.0,0.0,United Arab Emirates
Abu Dhabi,AE,2019-11-04,12:00:00,1572843600,27.9,24.5,30.8,19.2,359.0,0.0,0.0,United Arab Emirates
Abu Dhabi,AE,2019-11-05,12:00:00,1572930000,27.8,23.8,30.9,16.5,359.0,0.0,0.0,United Arab Emirates
Abu Dhabi,AE,2019-11-06,12:00:00,1573016400,29.3,26.5,31.7,19.6,322.0,0.0,0.0,United Arab Emirates
Abu Dhabi,AE,2019-11-07,12:00:00,1573102800,28.2,24.5,31.3,22.1,10.0,0.0,0.0,United Arab Emirates
Abu Dhabi,AE,2019-11-08,12:00:00,1573189200,28.0,24.3,30.9,19.9,354.0,0.0,0.0,United Arab Emirates
Abu Dhabi,AE,2019-11-09,12:00:00,1573275600,27.6,23.8,31.0,19.7,40.0,0.0,0.0,United Arab Emirates
Abu Dhabi,AE,2019-11-10,12:00:00,1573362000,27.2,24.5,31.6,39.4,57.0,0.0,0.0,United Arab Emirates
Abu Dhabi,AE,2019-11-11,12:00:00,1573448400,25.7,22.4,29.3,29.1,42.0,0.0,0.0,United Arab Emirates
Abu Dhabi,AE,2019-11-12,12:00:00,1573534800,25.9,21.2,29.7,22.7,56.0,0.0,0.0,United Arab Emirates
Abu Dhabi,AE,2019-11-13,12:00:00,1573621200,25.3,20.8,29.5,19.5,53.0,0.0,0.0,United Arab Emirates
Abu Dhabi,AE,2019-11-14,12:00:00,1573707600,24.5,20.0,28.8,15.8,46.0,0.0,0.0,United Arab Emirates
Abu Dhabi,AE,2019-11-15,12:00:00,1573794000,24.7,20.7,28.5,16.1,279.0,0.0,0.0,United Arab Emirates
Abu Dhabi,AE,2019-11-16,12:00:00,1573880400,25.5,22.1,27.9,20.3,295.0,0.0,0.0,United Arab Emirates
Abu Dhabi,AE,2019-11-17,12:00:00,1573966800,25.7,21.3,30.4,26.8,125.0,0.0,0.0,United Arab Emirates
Abu Dhabi,AE,2019-11-18,12:00:00,1574053200,25.5,21.7,29.6,26.0,134.0,0.0,0.0,United Arab Emirates
Abu Dhabi,AE,2019-11-19,12:00:00,1574139600,26.2,22.7,30.4,19.2,64.0,0.0,0.0,United Arab Emirates
Abu Dhabi,AE,2019-11-20,12:00:00,1574226000,23.5,22.2,25.1,26.5,321.0,8.6,0.0,United Arab Emirates
Abu Dhabi,AE,2019-11-21,12:00:00,1574312400,22.9,20.9,24.6,31.6,302.0,0.5,0.0,United Arab Emirates
Abu Dhabi,AE,2019-11-22,12:00:00,1574398800,22.6,19.8,25.1,25.5,2.0,0.0,0.0,United Arab Emirates
Abu Dhabi,AE,2019-11-23,12:00:00,1574485200,22.4,18.2,25.7,20.0,50.0,0.0,0.0,United Arab Emirates
Abu Dhabi,AE,2019-11-24,12:00:00,1574571600,23.0,19.9,26.3,19.4,40.0,0.0,0.0,United Arab Emirates
Abu Dhabi,AE,2019-11-25,12:00:00,1574658000,23.2,20.3,25.7,16.3,31.0,0.0,0.0,United Arab Emirates
Abu Dhabi,AE,2019-11-26,12:00:00,1574744400,23.3,19.3,26.4,22.5,27.0,0.0,0.0,United Arab Emirates
Abu Dhabi,AE,2019-11-27,12:00:00,1574830800,23.8,19.4,26.8,19.1,29.0,0.0,0.0,United Arab Emirates
Abu Dhabi,AE,2019-11-28,12:00:00,1574917200,23.4,20.1,27.4,15.0,30.0,0.0,0.0,United Arab Emirates
Abu Dhabi,AE,2019-11-29,12:00:00,1575003600,24.3,21.6,26.8,14.1,339.0,0.0,0.0,United Arab Emirates
Abu Dhabi,AE,2019-11-30,12:00:00,1575090000,24.3,20.8,27.1,20.6,327.0,0.2,0.0,United Arab Emirates
Abu Dhabi,AE,2019-12-01,12:00:00,1575176400,24.6,21.8,26.9,19.2,326.0,1.7,0.0,United Arab Emirates
Abu Dhabi,AE,2019-12-02,12:00:00,1575262800,23.6,19.6,26.8,14.0,24.0,0.0,0.0,United Arab Emirates
Abu Dhabi,AE,2019-12-03,12:00:00,1575349200,23.7,20.2,27.1,18.1,23.0,0.0,0.0,United Arab Emirates
Abu Dhabi,AE,2019-12-04,12:00:00,1575435600,23.1,19.5,25.9,22.3,351.0,0.0,0.0,United Arab Emirates
Abu Dhabi,AE,2019-12-05,12:00:00,1575522000,23.6,21.1,25.6,18.9,335.0,0.0,0.0,United Arab Emirates
Abu Dhabi,AE,2019-12-06,12:00:00,1575608400,23.5,19.9,26.1,22.2,15.0,0.0,0.0,United Arab Emirates
Abu Dhabi,AE,2019-12-07,12:00:00,1575694800,23.1,20.2,26.1,21.4,124.0,2.7,0.0,United Arab Emirates
Abu Dhabi,AE,2019-12-08,12:00:00,1575781200,23.8,21.2,27.1,21.0,100.0,0.2,0.0,United Arab Emirates
Abu Dhabi,AE,2019-12-09,12:00:00,1575867600,23.7,20.8,27.8,20.2,87.0,0.1,0.0,United Arab Emirates
Abu Dhabi,AE,2019-12-10,12:00:00,1575954000,24.1,21.9,26.7,19.0,87.0,0.0,0.0,United Arab Emirates
Abu Dhabi,AE,2019-12-11,12:00:00,1576040400,23.9,22.4,26.1,26.0,283.0,0.9,0.0,United Arab Emirates
Abu Dhabi,AE,2019-12-12,12:00:00,1576126800,23.9,22.5,25.5,29.8,310.0,0.0,0.0,United Arab Emirates
Abu Dhabi,AE,2019-12-13,12:00:00,1576213200,23.5,20.4,26.5,16.1,343.0,0.0,0.0,United Arab Emirates
Abu Dhabi,AE,2019-12-14,12:00:00,1576299600,24.2,21.4,27.4,16.7,38.0,0.4,0.0,United Arab Emirates
Abu Dhabi,AE,2019-12-15,12:00:00,1576386000,23.6,21.4,26.5,28.6,46.0,0.0,0.0,United Arab Emirates
Abu Dhabi,AE,2019-12-16,12:00:00,1576472400,24.2,21.6,28.0,27.0,54.0,0.0,0.0,United Arab Emirates
Abu Dhabi,AE,2019-12-17,12:00:00,1576558800,25.3,22.7,28.6,30.2,165.0,0.0,0.0,United Arab Emirates
Abu Dhabi,AE,2019-12-18,12:00:00,1576645200,23.0,22.2,23.6,32.7,337.0,2.5,0.0,United Arab Emirates
Abu Dhabi,AE,2019-12-19,12:00:00,1576731600,22.6,21.7,23.7,27.8,320.0,0.0,0.0,United Arab Emirates
Abu Dhabi,AE,2019-12-20,12:00:00,1576818000,22.4,20.7,24.2,29.0,3.0,0.3,0.0,United Arab Emirates
Abu Dhabi,AE,2019-12-21,12:00:00,1576904400,21.8,18.6,24.7,28.4,36.0,0.0,0.0,United Arab Emirates
Abu Dhabi,AE,2019-12-22,12:00:00,1576990800,21.3,17.9,24.6,23.8,30.0,0.0,0.0,United Arab Emirates
Abu Dhabi,AE,2019-12-23,12:00:00,1577077200,21.1,16.8,23.8,16.6,7.0,0.0,0.0,United Arab Emirates
Abu Dhabi,AE,2019-12-24,12:00:00,1577163600,21.4,18.7,24.0,15.5,349.0,0.0,0.0,United Arab Emirates
Abu Dhabi,AE,2019-12-25,12:00:00,1577250000,20.8,17.0,24.0,19.5,33.0,0.0,0.0,United Arab Emirates
Abu Dhabi,AE,2019-12-26,12:00:00,1577336400,21.6,19.1,24.1,19.8,346.0,0.0,0.0,United Arab Emirates
Abu Dhabi,AE,2019-12-27,12:00:00,1577422800,21.0,17.9,23.5,13.6,317.0,0.0,0.0,United Arab Emirates
Abu Dhabi,AE,2019-12-28,12:00:00,1577509200,20.9,16.9,23.4,15.6,327.0,0.0,0.0,United Arab Emirates
Abu Dhabi,AE,2019-12-29,12:00:00,1577595600,21.1,18.2,23.6,19.5,315.0,0.0,0.0,United Arab Emirates
Abu Dhabi,AE,2019-12-30,12:00:00,1577682000,21.8,19.2,24.2,16.7,295.0,0.0,0.0,United Arab Emirates
Abu Dhabi,AE,2019-12-31,12:00:00,1577768400,21.3,18.5,23.7,17.0,285.0,0.0,0.0,United Arab Emirates
Abu Dhabi,AE,2020-01-01,12:00:00,1577854800,20.9,17.2,25.9,17.5,242.0,0.0,0.0,United Arab Emirates
Abu Dhabi,AE,2020-01-02,12:00:00,1577941200,22.2,19.1,24.2,13.2,314.0,0.0,0.0,United Arab Emirates
Abu Dhabi,AE,2020-01-03,12:00:00,1578027600,22.9,19.1,27.3,14.4,75.0,0.0,0.0,United Arab Emirates
Abu Dhabi,AE,2020-01-04,12:00:00,1578114000,23.9,19.1,29.6,18.5,170.0,0.0,0.0,United Arab Emirates
Abu Dhabi,AE,2020-01-05,12:00:00,1578200400,23.2,21.1,27.4,33.8,217.0,0.0,0.0,United Arab Emirates
Abu Dhabi,AE,2020-01-06,12:00:00,1578286800,21.4,19.7,23.5,29.9,333.0,1.6,0.0,United Arab Emirates
Abu Dhabi,AE,2020-01-07,12:00:00,1578373200,21.1,18.8,23.1,23.6,331.0,0.0,0.0,United Arab Emirates
Abu Dhabi,AE,2020-01-08,12:00:00,1578459600,20.3,17.1,22.9,10.3,19.0,0.0,0.0,United Arab Emirates
Abu Dhabi,AE,2020-01-09,12:00:00,1578546000,20.5,16.9,25.8,20.9,153.0,4.2,0.0,United Arab Emirates
Abu Dhabi,AE,2020-01-10,12:00:00,1578632400,20.1,18.2,22.0,32.0,141.0,24.3,0.0,United Arab Emirates
Abu Dhabi,AE,2020-01-11,12:00:00,1578718800,19.5,17.4,21.0,37.5,278.0,37.9,0.0,United Arab Emirates
Abu Dhabi,AE,2020-01-12,12:00:00,1578805200,17.6,15.3,19.0,46.2,299.0,0.4,0.0,United Arab Emirates
Abu Dhabi,AE,2020-01-13,12:00:00,1578891600,19.2,17.6,21.5,32.4,307.0,0.0,0.0,United Arab Emirates
Abu Dhabi,AE,2020-01-14,12:00:00,1578978000,18.2,16.6,19.7,34.9,278.0,0.0,0.0,United Arab Emirates
Abu Dhabi,AE,2020-01-15,12:00:00,1579064400,17.6,16.0,19.8,39.2,14.0,0.4,0.0,United Arab Emirates
Abu Dhabi,AE,2020-01-16,12:00:00,1579150800,17.5,14.9,20.3,17.6,34.0,0.0,0.0,United Arab Emirates
Abu Dhabi,AE,2020-01-17,12:00:00,1579237200,17.9,14.6,20.9,19.2,48.0,0.0,0.0,United Arab Emirates
Abu Dhabi,AE,2020-01-18,12:00:00,1579323600,18.5,14.4,24.5,17.5,123.0,0.0,0.0,United Arab Emirates
Abu Dhabi,AE,2020-01-19,12:00:00,1579410000,19.6,14.4,25.2,18.5,157.0,0.0,0.0,United Arab Emirates
Abu Dhabi,AE,2020-01-20,12:00:00,1579496400,19.6,16.1,25.0,23.8,251.0,0.0,0.0,United Arab Emirates
Abu Dhabi,AE,2020-01-21,12:00:00,1579582800,20.2,17.7,22.1,22.9,313.0,0.0,0.0,United Arab Emirates
Abu Dhabi,AE,2020-01-22,12:00:00,1579669200,18.8,14.7,24.6,18.8,92.0,0.0,0.0,United Arab Emirates
Abu Dhabi,AE,2020-01-23,12:00:00,1579755600,20.7,16.5,26.1,32.1,190.0,0.5,0.0,United Arab Emirates
Abu Dhabi,AE,2020-01-24,12:00:00,1579842000,19.2,17.3,20.5,29.4,328.0,0.0,0.0,United Arab Emirates
Abu Dhabi,AE,2020-01-25,12:00:00,1579928400,18.8,16.1,21.1,18.5,341.0,0.0,0.0,United Arab Emirates
Abu Dhabi,AE,2020-01-26,12:00:00,1580014800,17.8,16.8,18.3,41.9,293.0,0.0,0.0,United Arab Emirates
Abu Dhabi,AE,2020-01-27,12:00:00,1580101200,19.0,18.0,20.4,40.8,312.0,0.0,0.0,United Arab Emirates
Abu Dhabi,AE,2020-01-28,12:00:00,1580187600,19.2,17.6,21.0,22.4,319.0,0.0,0.0,United Arab Emirates
Abu Dhabi,AE,2020-01-29,12:00:00,1580274000,18.2,14.8,20.8,16.1,333.0,0.0,0.0,United Arab Emirates
Abu Dhabi,AE,2020-01-30,12:00:00,1580360400,18.3,14.8,20.7,17.3,286.0,0.0,0.0,United Arab Emirates
Abu Dhabi,AE,2020-01-31,12:00:00,1580446800,17.5,14.4,20.8,15.3,287.0,0.0,0.0,United Arab Emirates
Abu Dhabi,AE,2020-02-01,12:00:00,1580533200,17.3,14.2,21.2,16.1,7.0,0.0,0.0,United Arab Emirates
Abu Dhabi,AE,2020-02-02,12:00:00,1580619600,18.9,16.6,22.1,23.2,310.0,0.0,0.0,United Arab Emirates
Abu Dhabi,AE,2020-02-03,12:00:00,1580706000,19.1,17.6,21.2,31.7,307.0,0.0,0.0,United Arab Emirates
Abu Dhabi,AE,2020-02-04,12:00:00,1580792400,18.6,17.0,20.5,24.2,314.0,0.0,0.0,United Arab Emirates
Abu Dhabi,AE,2020-02-05,12:00:00,1580878800,18.4,15.1,21.4,18.4,318.0,0.0,0.0,United Arab Emirates
Abu Dhabi,AE,2020-02-06,12:00:00,1580965200,19.1,16.0,22.9,20.8,317.0,0.0,0.0,United Arab Emirates
Abu Dhabi,AE,2020-02-07,12:00:00,1581051600,19.2,15.9,23.2,12.3,19.0,0.0,0.0,United Arab Emirates
Abu Dhabi,AE,2020-02-08,12:00:00,1581138000,20.0,16.2,25.7,12.0,62.0,0.0,0.0,United Arab Emirates
Abu Dhabi,AE,2020-02-09,12:00:00,1581224400,23.5,18.7,29.2,30.0,158.0,0.0,0.0,United Arab Emirates
Abu Dhabi,AE,2020-02-10,12:00:00,1581310800,22.1,20.1,25.3,23.0,214.0,0.0,0.0,United Arab Emirates
Abu Dhabi,AE,2020-02-11,12:00:00,1581397200,20.1,18.0,21.6,36.9,339.0,1.4,0.0,United Arab Emirates
Abu Dhabi,AE,2020-02-12,12:00:00,1581483600,17.0,15.5,18.3,38.4,317.0,1.2,0.0,United Arab Emirates
Abu Dhabi,AE,2020-02-13,12:00:00,1581570000,17.3,15.2,19.2,34.0,313.0,0.0,0.0,United Arab Emirates
Abu Dhabi,AE,2020-02-14,12:00:00,1581656400,17.9,15.1,20.5,22.7,313.0,0.0,0.0,United Arab Emirates
Abu Dhabi,AE,2020-02-15,12:00:00,1581742800,18.4,15.4,20.9,20.2,293.0,0.0,0.0,United Arab Emirates
Abu Dhabi,AE,2020-02-16,12:00:00,1581829200,18.7,15.6,21.6,13.2,356.0,0.0,0.0,United Arab Emirates
Abu Dhabi,AE,2020-02-17,12:00:00,1581915600,19.9,16.1,24.6,18.8,15.0,0.0,0.0,United Arab Emirates
Abu Dhabi,AE,2020-02-18,12:00:00,1582002000,20.9,16.7,26.9,15.0,15.0,0.0,0.0,United Arab Emirates
Abu Dhabi,AE,2020-02-19,12:00:00,1582088400,21.3,17.4,26.7,14.6,35.0,0.0,0.0,United Arab Emirates
Abu Dhabi,AE,2020-02-20,12:00:00,1582174800,22.8,18.1,29.4,17.1,104.0,0.0,0.0,United Arab Emirates
Abu Dhabi,AE,2020-02-21,12:00:00,1582261200,21.6,19.9,23.7,20.3,336.0,0.0,0.0,United Arab Emirates
Abu Dhabi,AE,2020-02-22,12:00:00,1582347600,21.8,19.6,25.0,18.9,1.0,0.0,0.0,United Arab Emirates
Abu Dhabi,AE,2020-02-23,12:00:00,1582434000,23.5,20.2,29.6,20.0,31.0,0.0,0.0,United Arab Emirates
Abu Dhabi,AE,2020-02-24,12:00:00,1582520400,23.8,20.4,28.9,21.0,35.0,0.0,0.0,United Arab Emirates
Abu Dhabi,AE,2020-02-25,12:00:00,1582606800,26.2,21.0,34.0,23.5,97.0,0.0,0.0,United Arab Emirates
Abu Dhabi,AE,2020-02-26,12:00:00,1582693200,23.6,20.1,27.8,32.9,284.0,0.0,0.0,United Arab Emirates
Abu Dhabi,AE,2020-02-27,12:00:00,1582779600,20.7,19.3,22.5,36.7,307.0,0.0,0.0,United Arab Emirates
Abu Dhabi,AE,2020-02-28,12:00:00,1582866000,20.2,18.2,22.8,26.5,310.0,0.0,0.0,United Arab Emirates
Abu Dhabi,AE,2020-02-29,12:00:00,1582952400,20.4,18.6,22.9,19.6,319.0,0.0,0.0,United Arab Emirates
Abu Dhabi,AE,2020-03-01,12:00:00,1583038800,20.5,16.4,25.6,16.9,38.0,0.0,0.0,United Arab Emirates
Abu Dhabi,AE,2020-03-02,12:00:00,1583125200,22.3,18.5,28.5,24.3,8.0,0.0,0.0,United Arab Emirates
Abu Dhabi,AE,2020-03-03,12:00:00,1583211600,20.6,19.1,22.5,34.0,304.0,0.0,0.0,United Arab Emirates
Abu Dhabi,AE,2020-03-04,12:00:00,1583298000,20.1,18.3,22.2,34.2,296.0,0.0,0.0,United Arab Emirates
Abu Dhabi,AE,2020-03-05,12:00:00,1583384400,20.4,18.4,22.7,27.0,316.0,0.0,0.0,United Arab Emirates
Abu Dhabi,AE,2020-03-06,12:00:00,1583470800,20.5,17.1,24.5,22.5,346.0,0.0,0.0,United Arab Emirates
Abu Dhabi,AE,2020-03-07,12:00:00,1583557200,21.8,17.6,27.5,24.1,21.0,0.0,0.0,United Arab Emirates
Abu Dhabi,AE,2020-03-08,12:00:00,1583643600,22.6,18.1,28.9,24.1,29.0,0.0,0.0,United Arab Emirates
Abu Dhabi,AE,2020-03-09,12:00:00,1583730000,21.3,18.6,24.2,23.5,312.0,0.0,0.0,United Arab Emirates
Abu Dhabi,AE,2020-03-10,12:00:00,1583816400,21.5,18.6,24.8,24.6,6.0,0.0,0.0,United Arab Emirates
Abu Dhabi,AE,2020-03-11,12:00:00,1583902800,21.5,18.4,26.2,26.4,8.0,0.0,0.0,United Arab Emirates
Abu Dhabi,AE,2020-03-12,12:00:00,1583989200,21.0,16.6,25.5,19.4,9.0,0.0,0.0,United Arab Emirates
Abu Dhabi,AE,2020-03-13,12:00:00,1584075600,22.2,17.6,28.2,17.7,44.0,0.0,0.0,United Arab Emirates
Abu Dhabi,AE,2020-03-14,12:00:00,1584162000,24.9,20.0,30.0,21.9,132.0,0.0,0.0,United Arab Emirates
Abu Dhabi,AE,2020-03-15,12:00:00,1584248400,26.0,21.7,31.1,23.3,151.0,0.0,0.0,United Arab Emirates
Abu Dhabi,AE,2020-03-16,12:00:00,1584334800,24.7,21.2,30.3,27.1,116.0,0.0,0.0,United Arab Emirates
Abu Dhabi,AE,2020-03-17,12:00:00,1584421200,24.8,20.5,30.2,25.8,76.0,0.0,0.0,United Arab Emirates
Abu Dhabi,AE,2020-03-18,12:00:00,1584507600,26.6,21.9,32.9,27.7,120.0,0.0,0.0,United Arab Emirates
Abu Dhabi,AE,2020-03-19,12:00:00,1584594000,25.8,22.9,31.9,30.0,140.0,3.2,0.0,United Arab Emirates
Abu Dhabi,AE,2020-03-20,12:00:00,1584680400,25.8,22.2,31.0,23.2,38.0,0.0,0.0,United Arab Emirates
Abu Dhabi,AE,2020-03-21,12:00:00,1584766800,24.6,22.9,28.0,34.9,58.0,2.3,0.0,United Arab Emirates
Abu Dhabi,AE,2020-03-22,12:00:00,1584853200,24.4,21.8,30.6,39.4,173.0,1.0,0.0,United Arab Emirates
Abu Dhabi,AE,2020-03-23,12:00:00,1584939600,21.6,20.0,23.2,35.0,304.0,0.0,0.0,United Arab Emirates
Abu Dhabi,AE,2020-03-24,12:00:00,1585026000,21.0,19.0,23.2,30.6,301.0,0.0,0.0,United Arab Emirates
Abu Dhabi,AE,2020-03-25,12:00:00,1585112400,21.3,17.8,24.1,20.4,313.0,0.0,0.0,United Arab Emirates
Abu Dhabi,AE,2020-03-26,12:00:00,1585198800,22.1,18.3,25.4,20.6,37.0,0.0,0.0,United Arab Emirates
Abu Dhabi,AE,2020-03-27,12:00:00,1585285200,24.5,19.7,31.2,23.2,67.0,0.0,0.0,United Arab Emirates
Abu Dhabi,AE,2020-03-28,12:00:00,1585371600,28.3,23.6,33.5,36.1,145.0,0.0,0.0,United Arab Emirates
Abu Dhabi,AE,2020-03-29,12:00:00,1585458000,29.7,26.6,33.9,43.5,166.0,0.1,0.0,United Arab Emirates
Abu Dhabi,AE,2020-03-30,12:00:00,1585544400,24.3,21.7,29.3,31.6,295.0,0.1,0.0,United Arab Emirates
Abu Dhabi,AE,2020-03-31,12:00:00,1585630800,23.2,19.7,26.1,31.1,298.0,0.0,0.0,United Arab Emirates
Abu Dhabi,AE,2020-04-01,12:00:00,1585717200,23.7,19.8,27.2,19.6,303.0,0.0,0.0,United Arab Emirates
Abu Dhabi,AE,2020-04-02,12:00:00,1585803600,23.8,20.2,29.3,16.3,30.0,0.0,0.0,United Arab Emirates
Abu Dhabi,AE,2020-04-03,12:00:00,1585890000,26.9,21.6,35.9,26.5,47.0,0.0,0.0,United Arab Emirates
Abu Dhabi,AE,2020-04-04,12:00:00,1585976400,28.7,24.3,37.0,29.0,47.0,0.0,0.0,United Arab Emirates
Abu Dhabi,AE,2020-04-05,12:00:00,1586062800,26.5,23.3,30.7,27.9,300.0,0.0,0.0,United Arab Emirates
Abu Dhabi,AE,2020-04-06,12:00:00,1586149200,25.4,22.9,28.4,28.5,293.0,0.0,0.0,United Arab Emirates
Abu Dhabi,AE,2020-04-07,12:00:00,1586235600,24.7,20.6,28.7,18.6,306.0,0.0,0.0,United Arab Emirates
Abu Dhabi,AE,2020-04-08,12:00:00,1586322000,28.2,21.8,35.9,17.4,71.0,0.0,0.0,United Arab Emirates
Abu Dhabi,AE,2020-04-09,12:00:00,1586408400,31.0,25.0,40.1,31.5,82.0,0.0,0.0,United Arab Emirates
Abu Dhabi,AE,2020-04-10,12:00:00,1586494800,33.3,27.9,40.3,24.4,142.0,0.0,0.0,United Arab Emirates
Abu Dhabi,AE,2020-04-11,12:00:00,1586581200,33.5,29.4,38.5,29.2,166.0,0.0,0.0,United Arab Emirates
Abu Dhabi,AE,2020-04-12,12:00:00,1586667600,31.8,27.6,36.4,26.9,158.0,0.0,0.0,United Arab Emirates
Abu Dhabi,AE,2020-04-13,12:00:00,1586754000,28.6,26.2,32.1,34.8,48.0,0.1,0.0,United Arab Emirates
Abu Dhabi,AE,2020-04-14,12:00:00,1586840400,25.6,24.2,27.6,37.2,15.0,2.0,0.0,United Arab Emirates
Abu Dhabi,AE,2020-04-15,12:00:00,1586926800,25.5,22.6,30.5,38.5,49.0,0.4,0.0,United Arab Emirates
Abu Dhabi,AE,2020-04-16,12:00:00,1587013200,24.4,22.7,26.7,27.8,343.0,0.5,0.0,United Arab Emirates
Abu Dhabi,AE,2020-04-17,12:00:00,1587099600,24.5,22.4,27.3,18.4,344.0,0.0,0.0,United Arab Emirates
Abu Dhabi,AE,2020-04-18,12:00:00,1587186000,25.5,21.5,31.1,27.8,39.0,0.0,0.0,United Arab Emirates
Abu Dhabi,AE,2020-04-19,12:00:00,1587272400,29.2,23.9,37.5,24.9,58.0,0.0,0.0,United Arab Emirates
Abu Dhabi,AE,2020-04-20,12:00:00,1587358800,29.1,26.7,34.3,37.1,26.0,0.0,0.0,United Arab Emirates
Abu Dhabi,AE,2020-04-21,12:00:00,1587445200,27.1,25.2,28.8,38.4,333.0,0.0,0.0,United Arab Emirates
Abu Dhabi,AE,2020-04-22,12:00:00,1587531600,26.7,24.5,29.2,26.5,322.0,0.0,0.0,United Arab Emirates
Abu Dhabi,AE,2020-04-23,12:00:00,1587618000,27.7,23.6,33.1,21.1,50.0,0.0,0.0,United Arab Emirates
Abu Dhabi,AE,2020-04-24,12:00:00,1587704400,29.6,25.1,35.8,18.3,359.0,0.0,0.0,United Arab Emirates
Abu Dhabi,AE,2020-04-25,12:00:00,1587790800,31.0,24.8,38.2,17.4,46.0,0.0,0.0,United Arab Emirates
Abu Dhabi,AE,2020-04-26,12:00:00,1587877200,33.6,26.4,42.2,18.2,102.0,0.0,0.0,United Arab Emirates
Abu Dhabi,AE,2020-04-27,12:00:00,1587963600,32.6,27.5,42.5,28.4,31.0,0.0,0.0,United Arab Emirates
Abu Dhabi,AE,2020-04-28,12:00:00,1588050000,29.6,27.2,33.4,22.1,347.0,0.0,0.0,United Arab Emirates
Abu Dhabi,AE,2020-04-29,12:00:00,1588136400,31.9,26.8,37.7,27.7,36.0,0.0,0.0,United Arab Emirates
Abu Dhabi,AE,2020-04-30,12:00:00,1588222800,36.5,30.0,42.3,31.5,170.0,0.0,0.0,United Arab Emirates
Abu Dhabi,AE,2020-05-01,12:00:00,1588309200,34.4,30.6,40.4,27.4,170.0,0.0,0.0,United Arab Emirates
Abu Dhabi,AE,2020-05-02,12:00:00,1588395600,31.9,28.4,38.0,23.3,15.0,0.0,0.0,United Arab Emirates
Abu Dhabi,AE,2020-05-03,12:00:00,1588482000,31.9,28.7,39.6,29.5,32.0,0.0,0.0,United Arab Emirates
Abu Dhabi,AE,2020-05-04,12:00:00,1588568400,29.5,27.3,33.1,22.1,334.0,0.0,0.0,United Arab Emirates
Abu Dhabi,AE,2020-05-05,12:00:00,1588654800,28.6,24.5,33.6,19.5,335.0,0.0,0.0,United Arab Emirates
Abu Dhabi,AE,2020-05-06,12:00:00,1588741200,29.6,23.4,37.5,19.9,30.0,0.0,0.0,United Arab Emirates
Abu Dhabi,AE,2020-05-07,12:00:00,1588827600,30.0,26.2,33.0,26.4,339.0,0.0,0.0,United Arab Emirates
Abu Dhabi,AE,2020-05-08,12:00:00,1588914000,29.9,27.5,33.0,26.0,309.0,0.0,0.0,United Arab Emirates
Abu Dhabi,AE,2020-05-09,12:00:00,1589000400,29.8,27.1,33.3,24.5,298.0,0.0,0.0,United Arab Emirates
Abu Dhabi,AE,2020-05-10,12:00:00,1589086800,30.5,26.5,34.5,20.2,300.0,0.0,0.0,United Arab Emirates
Abu Dhabi,AE,2020-05-11,12:00:00,1589173200,31.2,28.4,34.8,34.4,311.0,0.0,0.0,United Arab Emirates
Abu Dhabi,AE,2020-05-12,12:00:00,1589259600,30.0,28.3,32.4,39.4,299.0,0.0,0.0,United Arab Emirates
Abu Dhabi,AE,2020-05-13,12:00:00,1589346000,29.5,27.5,31.9,45.6,299.0,0.0,0.0,United Arab Emirates
Abu Dhabi,AE,2020-05-14,12:00:00,1589432400,28.8,26.5,31.9,21.8,305.0,0.0,0.0,United Arab Emirates
Abu Dhabi,AE,2020-05-15,12:00:00,1589518800,28.7,25.1,33.0,23.5,342.0,0.0,0.0,United Arab Emirates
Abu Dhabi,AE,2020-05-16,12:00:00,1589605200,29.7,26.4,33.8,24.2,349.0,0.0,0.0,United Arab Emirates
Abu Dhabi,AE,2020-05-17,12:00:00,1589691600,31.4,27.1,38.5,27.4,12.0,0.0,0.0,United Arab Emirates
Abu Dhabi,AE,2020-05-18,12:00:00,1589778000,31.7,26.8,38.2,30.8,9.0,0.0,0.0,United Arab Emirates
Abu Dhabi,AE,2020-05-19,12:00:00,1589864400,31.1,27.0,36.2,29.8,345.0,0.0,0.0,United Arab Emirates
Abu Dhabi,AE,2020-05-20,12:00:00,1589950800,31.8,26.4,37.5,19.6,343.0,0.0,0.0,United Arab Emirates
Abu Dhabi,AE,2020-05-21,12:00:00,1590037200,32.4,27.9,38.2,19.8,11.0,0.0,0.0,United Arab Emirates
Abu Dhabi,AE,2020-05-22,12:00:00,1590123600,31.1,27.0,35.4,25.5,10.0,0.0,0.0,United Arab Emirates
Abu Dhabi,AE,2020-05-23,12:00:00,1590210000,31.4,26.7,38.0,27.0,344.0,0.0,0.0,United Arab Emirates
Abu Dhabi,AE,2020-05-24,12:00:00,1590296400,32.3,26.9,39.5,24.1,34.0,0.0,0.0,United Arab Emirates
Abu Dhabi,AE,2020-05-25,12:00:00,1590382800,34.8,29.7,40.4,31.4,108.0,0.0,0.0,United Arab Emirates
Abu Dhabi,AE,2020-05-26,12:00:00,1590469200,33.2,29.5,38.2,25.1,347.0,0.0,0.0,United Arab Emirates
Abu Dhabi,AE,2020-05-27,12:00:00,1590555600,31.3,28.3,35.2,22.7,321.0,0.0,0.0,United Arab Emirates
Abu Dhabi,AE,2020-05-28,12:00:00,1590642000,32.6,28.4,39.3,25.8,360.0,0.0,0.0,United Arab Emirates
Abu Dhabi,AE,2020-05-29,12:00:00,1590728400,34.2,29.3,42.4,24.1,10.0,0.0,0.0,United Arab Emirates
Abu Dhabi,AE,2020-05-30,12:00:00,1590814800,34.5,29.7,41.4,29.4,246.0,0.0,0.0,United Arab Emirates
Abu Dhabi,AE,2020-05-31,12:00:00,1590901200,34.7,30.7,41.2,24.9,245.0,0.0,0.0,United Arab Emirates
Abu Dhabi,AE,2020-06-01,12:00:00,1590987600,34.8,31.7,40.7,27.9,242.0,0.0,0.0,United Arab Emirates
Abu Dhabi,AE,2020-06-02,12:00:00,1591074000,34.8,31.5,39.1,29.0,263.0,0.0,0.0,United Arab Emirates
Abu Dhabi,AE,2020-06-03,12:00:00,1591160400,34.0,30.4,38.5,33.5,266.0,0.0,0.0,United Arab Emirates
Abu Dhabi,AE,2020-06-04,12:00:00,1591246800,33.7,30.1,37.8,25.2,271.0,0.0,0.0,United Arab Emirates
Abu Dhabi,AE,2020-06-05,12:00:00,1591333200,33.0,29.5,37.3,23.1,283.0,0.0,0.0,United Arab Emirates
Abu Dhabi,AE,2020-06-06,12:00:00,1591419600,32.9,29.7,36.9,22.7,295.0,0.0,0.0,United Arab Emirates
Abu Dhabi,AE,2020-06-07,12:00:00,1591506000,33.4,29.2,37.1,28.8,303.0,0.0,0.0,United Arab Emirates
Abu Dhabi,AE,2020-06-08,12:00:00,1591592400,33.7,31.1,36.8,23.7,305.0,0.0,0.0,United Arab Emirates
Abu Dhabi,AE,2020-06-09,12:00:00,1591678800,31.8,28.7,35.6,18.6,327.0,0.0,0.0,United Arab Emirates
Abu Dhabi,AE,2020-06-10,12:00:00,1591765200,34.2,30.8,39.0,18.5,358.0,0.0,0.0,United Arab Emirates
Abu Dhabi,AE,2020-06-11,12:00:00,1591851600,34.6,31.2,41.7,25.9,340.0,0.0,0.0,United Arab Emirates
Abu Dhabi,AE,2020-06-12,12:00:00,1591938000,34.4,29.7,38.9,23.9,299.0,0.0,0.0,United Arab Emirates
Abu Dhabi,AE,2020-06-13,12:00:00,1592024400,33.8,30.7,37.1,26.1,296.0,0.0,0.0,United Arab Emirates
Abu Dhabi,AE,2020-06-14,12:00:00,1592110800,33.7,30.4,37.8,20.5,307.0,0.0,0.0,United Arab Emirates
Abu Dhabi,AE,2020-06-15,12:00:00,1592197200,33.7,30.5,37.2,25.8,292.0,0.0,0.0,United Arab Emirates
Abu Dhabi,AE,2020-06-16,12:00:00,1592283600,34.8,32.2,38.4,28.9,298.0,0.0,0.0,United Arab Emirates
Abu Dhabi,AE,2020-06-17,12:00:00,1592370000,34.2,31.3,38.5,20.0,284.0,0.0,0.0,United Arab Emirates
Abu Dhabi,AE,2020-06-18,12:00:00,1592456400,33.9,31.6,36.1,29.0,295.0,0.0,0.0,United Arab Emirates
Abu Dhabi,AE,2020-06-19,12:00:00,1592542800,32.4,30.2,35.3,19.7,286.0,0.0,0.0,United Arab Emirates
Abu Dhabi,AE,2020-06-20,12:00:00,1592629200,31.6,29.0,34.4,19.2,293.0,0.0,0.0,United Arab Emirates
Abu Dhabi,AE,2020-06-21,12:00:00,1592715600,31.9,29.1,35.3,19.4,302.0,0.0,0.0,United Arab Emirates
Abu Dhabi,AE,2020-06-22,12:00:00,1592802000,33.8,31.8,36.2,37.8,301.0,0.0,0.0,United Arab Emirates
Abu Dhabi,AE,2020-06-23,12:00:00,1592888400,32.6,30.4,35.1,28.3,292.0,0.0,0.0,United Arab Emirates
Abu Dhabi,AE,2020-06-24,12:00:00,1592974800,32.1,29.2,35.9,23.8,327.0,0.0,0.0,United Arab Emirates
Abu Dhabi,AE,2020-06-25,12:00:00,1593061200,34.1,31.0,39.4,26.7,0.0,0.0,0.0,United Arab Emirates
Abu Dhabi,AE,2020-06-26,12:00:00,1593147600,33.4,31.1,37.4,20.9,312.0,0.0,0.0,United Arab Emirates
Abu Dhabi,AE,2020-06-27,12:00:00,1593234000,34.1,30.5,40.9,23.5,302.0,0.0,0.0,United Arab Emirates
Abu Dhabi,AE,2020-06-28,12:00:00,1593320400,33.3,30.3,38.2,25.3,284.0,0.0,0.0,United Arab Emirates
Abu Dhabi,AE,2020-06-29,12:00:00,1593406800,32.9,29.6,36.7,22.9,304.0,0.0,0.0,United Arab Emirates
Abu Dhabi,AE,2020-06-30,12:00:00,1593493200,34.7,29.3,41.8,22.9,0.0,0.0,0.0,United Arab Emirates
Abu Dhabi,AE,2020-07-01,12:00:00,1593579600,33.8,29.3,37.8,25.8,10.0,0.0,0.0,United Arab Emirates
Abu Dhabi,AE,2020-07-02,12:00:00,1593666000,36.2,33.9,40.0,28.1,41.0,0.0,0.0,United Arab Emirates
Abu Dhabi,AE,2020-07-03,12:00:00,1593752400,35.8,33.6,39.8,20.9,352.0,0.0,0.0,United Arab Emirates
Abu Dhabi,AE,2020-07-04,12:00:00,1593838800,35.2,31.4,40.2,22.4,280.0,0.0,0.0,United Arab Emirates
Abu Dhabi,AE,2020-07-05,12:00:00,1593925200,35.3,31.2,39.3,19.6,305.0,0.0,0.0,United Arab Emirates
Abu Dhabi,AE,2020-07-06,12:00:00,1594011600,34.6,29.2,39.9,17.1,295.0,0.0,0.0,United Arab Emirates
Abu Dhabi,AE,2020-07-07,12:00:00,1594098000,34.5,30.8,38.4,22.4,338.0,0.0,0.0,United Arab Emirates
Abu Dhabi,AE,2020-07-08,12:00:00,1594184400,33.8,29.8,37.7,25.1,10.0,0.0,0.0,United Arab Emirates
Abu Dhabi,AE,2020-07-09,12:00:00,1594270800,35.4,31.7,40.4,26.6,335.0,0.0,0.0,United Arab Emirates
Abu Dhabi,AE,2020-07-10,12:00:00,1594357200,36.3,31.7,42.1,18.2,331.0,0.0,0.0,United Arab Emirates
Abu Dhabi,AE,2020-07-11,12:00:00,1594443600,37.2,32.8,44.4,22.7,19.0,0.0,0.0,United Arab Emirates
Abu Dhabi,AE,2020-07-12,12:00:00,1594530000,36.9,33.4,43.7,24.8,58.0,0.0,0.0,United Arab Emirates
Abu Dhabi,AE,2020-07-13,12:00:00,1594616400,37.2,32.7,42.9,26.7,47.0,0.0,0.0,United Arab Emirates
Abu Dhabi,AE,2020-07-14,12:00:00,1594702800,36.8,33.7,42.7,21.2,358.0,0.0,0.0,United Arab Emirates
Abu Dhabi,AE,2020-07-15,12:00:00,1594789200,34.6,30.6,39.6,23.6,336.0,0.0,0.0,United Arab Emirates
Abu Dhabi,AE,2020-07-16,12:00:00,1594875600,36.0,32.5,42.1,23.6,360.0,0.0,0.0,United Arab Emirates
Abu Dhabi,AE,2020-07-17,12:00:00,1594962000,37.1,33.6,42.6,23.8,358.0,0.0,0.0,United Arab Emirates
Abu Dhabi,AE,2020-07-18,12:00:00,1595048400,35.8,32.7,40.5,19.6,353.0,0.0,0.0,United Arab Emirates
Abu Dhabi,AE,2020-07-19,12:00:00,1595134800,37.4,33.7,43.1,30.7,33.0,0.0,0.0,United Arab Emirates
Abu Dhabi,AE,2020-07-20,12:00:00,1595221200,36.6,33.5,41.7,27.4,80.0,0.0,0.0,United Arab Emirates
Abu Dhabi,AE,2020-07-21,12:00:00,1595307600,36.4,32.5,41.7,25.8,37.0,0.0,0.0,United Arab Emirates
Abu Dhabi,AE,2020-07-22,12:00:00,1595394000,37.9,35.7,41.9,29.6,113.0,0.0,0.0,United Arab Emirates
Abu Dhabi,AE,2020-07-23,12:00:00,1595480400,34.4,30.8,39.1,33.8,121.0,0.0,0.0,United Arab Emirates
Abu Dhabi,AE,2020-07-24,12:00:00,1595566800,34.7,32.2,38.8,26.8,77.0,0.0,0.0,United Arab Emirates
Abu Dhabi,AE,2020-07-25,12:00:00,1595653200,35.5,32.6,40.4,28.5,106.0,0.0,0.0,United Arab Emirates
Abu Dhabi,AE,2020-07-26,12:00:00,1595739600,35.1,32.3,39.3,21.5,355.0,0.0,0.0,United Arab Emirates
Abu Dhabi,AE,2020-07-27,12:00:00,1595826000,35.7,32.5,41.3,23.6,4.0,0.0,0.0,United Arab Emirates
Abu Dhabi,AE,2020-07-28,12:00:00,1595912400,37.0,34.2,40.9,25.9,213.0,0.0,0.0,United Arab Emirates
Abu Dhabi,AE,2020-07-29,12:00:00,1595998800,36.5,33.3,41.3,22.1,289.0,0.0,0.0,United Arab Emirates
Abu Dhabi,AE,2020-07-30,12:00:00,1596085200,34.9,31.7,39.1,20.1,349.0,0.0,0.0,United Arab Emirates
Abu Dhabi,AE,2020-07-31,12:00:00,1596171600,35.6,31.2,41.9,28.3,13.0,0.0,0.0,United Arab Emirates
Abu Dhabi,AE,2020-08-01,12:00:00,1596258000,37.3,32.9,45.1,26.5,73.0,0.0,0.0,United Arab Emirates
Abu Dhabi,AE,2020-08-02,12:00:00,1596344400,37.6,33.4,45.2,31.2,60.0,0.0,0.0,United Arab Emirates
Abu Dhabi,AE,2020-08-03,12:00:00,1596430800,35.4,31.5,40.8,23.5,335.0,0.0,0.0,United Arab Emirates
Abu Dhabi,AE,2020-08-04,12:00:00,1596517200,35.0,32.0,38.3,26.1,292.0,0.0,0.0,United Arab Emirates
Abu Dhabi,AE,2020-08-05,12:00:00,1596603600,34.3,30.6,37.9,22.3,281.0,0.0,0.0,United Arab Emirates
Abu Dhabi,AE,2020-08-06,12:00:00,1596690000,34.7,31.4,37.8,23.9,316.0,0.0,0.0,United Arab Emirates
Abu Dhabi,AE,2020-08-07,12:00:00,1596776400,35.7,32.6,38.6,27.2,291.0,0.0,0.0,United Arab Emirates
Abu Dhabi,AE,2020-08-08,12:00:00,1596862800,35.6,32.2,39.5,26.1,251.0,0.0,0.0,United Arab Emirates
Abu Dhabi,AE,2020-08-09,12:00:00,1596949200,35.9,32.8,38.4,27.2,263.0,0.0,0.0,United Arab Emirates
Abu Dhabi,AE,2020-08-10,12:00:00,1597035600,35.6,33.5,38.0,19.6,317.0,0.0,0.0,United Arab Emirates
Abu Dhabi,AE,2020-08-11,12:00:00,1597122000,35.1,33.0,38.2,25.0,326.0,0.0,0.0,United Arab Emirates
Abu Dhabi,AE,2020-08-12,12:00:00,1597208400,34.8,33.3,37.1,23.6,320.0,0.0,0.0,United Arab Emirates
Abu Dhabi,AE,2020-08-13,12:00:00,1597294800,35.1,33.2,37.3,29.6,303.0,0.0,0.0,United Arab Emirates
Abu Dhabi,AE,2020-08-14,12:00:00,1597381200,35.0,32.9,37.8,25.8,297.0,0.0,0.0,United Arab Emirates
Abu Dhabi,AE,2020-08-15,12:00:00,1597467600,34.0,31.8,36.3,20.7,332.0,0.0,0.0,United Arab Emirates
Abu Dhabi,AE,2020-08-16,12:00:00,1597554000,34.5,32.5,37.0,23.4,323.0,0.0,0.0,United Arab Emirates
Abu Dhabi,AE,2020-08-17,12:00:00,1597640400,34.6,32.3,37.2,22.5,307.0,0.0,0.0,United Arab Emirates
Abu Dhabi,AE,2020-08-18,12:00:00,1597726800,34.5,31.9,37.1,19.9,310.0,0.0,0.0,United Arab Emirates
Abu Dhabi,AE,2020-08-19,12:00:00,1597813200,34.2,31.5,37.6,20.1,310.0,0.0,0.0,United Arab Emirates
Abu Dhabi,AE,2020-08-20,12:00:00,1597899600,34.5,32.2,37.3,23.8,323.0,0.0,0.0,United Arab Emirates
Abu Dhabi,AE,2020-08-21,12:00:00,1597986000,35.3,33.4,38.1,21.4,306.0,0.0,0.0,United Arab Emirates
Abu Dhabi,AE,2020-08-22,12:00:00,1598072400,34.7,32.9,36.6,23.1,328.0,0.0,0.0,United Arab Emirates
Abu Dhabi,AE,2020-08-23,12:00:00,1598158800,35.6,32.3,41.3,26.7,350.0,0.0,0.0,United Arab Emirates
Abu Dhabi,AE,2020-08-24,12:00:00,1598245200,35.8,33.6,40.7,26.0,325.0,0.0,0.0,United Arab Emirates
Abu Dhabi,AE,2020-08-25,12:00:00,1598331600,34.6,32.2,37.3,26.4,322.0,0.0,0.0,United Arab Emirates
Abu Dhabi,AE,2020-08-26,12:00:00,1598418000,34.0,31.7,35.9,21.0,331.0,0.0,0.0,United Arab Emirates
Abu Dhabi,AE,2020-08-27,12:00:00,1598504400,35.2,33.2,38.1,27.4,352.0,0.1,0.0,United Arab Emirates
Abu Dhabi,AE,2020-08-28,12:00:00,1598590800,36.6,33.5,41.2,27.6,16.0,0.0,0.0,United Arab Emirates
Abu Dhabi,AE,2020-08-29,12:00:00,1598677200,36.3,33.8,40.5,23.4,9.0,0.0,0.0,United Arab Emirates
Abu Dhabi,AE,2020-08-30,12:00:00,1598763600,35.8,32.9,41.1,22.3,1.0,0.0,0.0,United Arab Emirates
Abu Dhabi,AE,2020-08-31,12:00:00,1598850000,36.5,32.8,41.6,28.2,32.0,0.0,0.0,United Arab Emirates
Abu Dhabi,AE,2020-09-01,12:00:00,1598936400,35.9,31.9,42.2,23.6,93.0,0.0,0.0,United Arab Emirates
Abu Dhabi,AE,2020-09-02,12:00:00,1599022800,34.6,30.9,39.9,23.4,47.0,0.0,0.0,United Arab Emirates
Abu Dhabi,AE,2020-09-03,12:00:00,1599109200,34.8,30.0,40.8,25.2,46.0,0.0,0.0,United Arab Emirates
Abu Dhabi,AE,2020-09-04,12:00:00,1599195600,34.8,29.5,41.7,26.3,39.0,0.0,0.0,United Arab Emirates
Abu Dhabi,AE,2020-09-05,12:00:00,1599282000,35.1,30.4,41.4,21.4,54.0,0.0,0.0,United Arab Emirates
Abu Dhabi,AE,2020-09-06,12:00:00,1599368400,34.2,29.7,40.2,25.1,76.0,0.0,0.0,United Arab Emirates
Abu Dhabi,AE,2020-09-07,12:00:00,1599454800,33.5,29.5,39.0,24.1,354.0,0.0,0.0,United Arab Emirates
Abu Dhabi,AE,2020-09-08,12:00:00,1599541200,33.6,29.6,40.1,25.6,293.0,0.0,0.0,United Arab Emirates
Abu Dhabi,AE,2020-09-09,12:00:00,1599627600,33.3,28.9,37.8,15.8,353.0,0.0,0.0,United Arab Emirates
Abu Dhabi,AE,2020-09-10,12:00:00,1599714000,32.7,28.7,37.0,20.6,7.0,0.0,0.0,United Arab Emirates
Abu Dhabi,AE,2020-09-11,12:00:00,1599800400,33.0,28.1,38.6,26.1,356.0,0.0,0.0,United Arab Emirates
Abu Dhabi,AE,2020-09-12,12:00:00,1599886800,34.0,28.8,42.2,29.0,22.0,0.0,0.0,United Arab Emirates
Abu Dhabi,AE,2020-09-13,12:00:00,1599973200,34.7,30.3,42.0,24.7,14.0,0.0,0.0,United Arab Emirates
Abu Dhabi,AE,2020-09-14,12:00:00,1600059600,34.7,30.5,42.1,29.2,42.0,0.0,0.0,United Arab Emirates
Abu Dhabi,AE,2020-09-15,12:00:00,1600146000,34.6,29.8,41.5,24.6,43.0,0.0,0.0,United Arab Emirates
Abu Dhabi,AE,2020-09-16,12:00:00,1600232400,33.6,28.9,40.0,22.1,38.0,0.0,0.0,United Arab Emirates
Abu Dhabi,AE,2020-09-17,12:00:00,1600318800,33.6,28.8,40.2,22.7,19.0,0.0,0.0,United Arab Emirates
Abu Dhabi,AE,2020-09-18,12:00:00,1600405200,32.6,28.7,38.6,25.1,13.0,0.0,0.0,United Arab Emirates
Abu Dhabi,AE,2020-09-19,12:00:00,1600491600,32.0,27.8,37.3,25.4,346.0,0.0,0.0,United Arab Emirates
Abu Dhabi,AE,2020-09-20,12:00:00,1600578000,31.7,28.1,36.8,22.8,8.0,0.0,0.0,United Arab Emirates
Abu Dhabi,AE,2020-09-21,12:00:00,1600664400,31.4,27.5,34.8,21.4,359.0,0.0,0.0,United Arab Emirates
Abu Dhabi,AE,2020-09-22,12:00:00,1600750800,32.3,28.7,37.8,27.1,3.0,0.0,0.0,United Arab Emirates
Abu Dhabi,AE,2020-09-23,12:00:00,1600837200,32.2,27.8,36.7,24.1,351.0,0.0,0.0,United Arab Emirates
Abu Dhabi,AE,2020-09-24,12:00:00,1600923600,32.3,28.1,38.3,22.9,9.0,0.0,0.0,United Arab Emirates
Abu Dhabi,AE,2020-09-25,12:00:00,1601010000,32.7,27.6,38.2,27.1,1.0,0.0,0.0,United Arab Emirates
Abu Dhabi,AE,2020-09-26,12:00:00,1601096400,31.8,27.1,37.2,22.7,6.0,0.0,0.0,United Arab Emirates
Abu Dhabi,AE,2020-09-27,12:00:00,1601182800,32.3,27.5,38.1,23.1,354.0,0.0,0.0,United Arab Emirates
Abu Dhabi,AE,2020-09-28,12:00:00,1601269200,32.0,27.7,36.7,19.0,340.0,0.0,0.0,United Arab Emirates
Abu Dhabi,AE,2020-09-29,12:00:00,1601355600,32.0,27.8,37.6,18.8,39.0,0.0,0.0,United Arab Emirates
Abu Dhabi,AE,2020-09-30,12:00:00,1601442000,34.0,27.9,40.2,27.4,143.0,0.0,0.0,United Arab Emirates
Abu Dhabi,AE,2020-10-01,12:00:00,1601528400,33.3,29.4,38.7,25.5,158.0,0.0,0.0,United Arab Emirates
Abu Dhabi,AE,2020-10-02,12:00:00,1601614800,32.1,26.9,37.7,19.7,302.0,0.0,0.0,United Arab Emirates
Abu Dhabi,AE,2020-10-03,12:00:00,1601701200,30.9,27.3,34.5,20.1,325.0,0.0,0.0,United Arab Emirates
Abu Dhabi,AE,2020-10-04,12:00:00,1601787600,31.9,29.2,34.9,22.4,335.0,0.0,0.0,United Arab Emirates
Abu Dhabi,AE,2020-10-05,12:00:00,1601874000,32.2,28.2,36.3,22.3,1.0,0.0,0.0,United Arab Emirates
Abu Dhabi,AE,2020-10-06,12:00:00,1601960400,32.0,27.6,36.6,21.2,4.0,0.0,0.0,United Arab Emirates
Abu Dhabi,AE,2020-10-07,12:00:00,1602046800,32.3,27.8,38.3,26.7,16.0,0.0,0.0,United Arab Emirates
Abu Dhabi,AE,2020-10-08,12:00:00,1602133200,31.5,28.0,34.9,26.4,353.0,0.0,0.0,United Arab Emirates
Abu Dhabi,AE,2020-10-09,12:00:00,1602219600,32.0,29.6,34.7,24.0,334.0,0.0,0.0,United Arab Emirates
Abu Dhabi,AE,2020-10-10,12:00:00,1602306000,32.2,30.3,34.8,29.3,335.0,0.0,0.0,United Arab Emirates
Abu Dhabi,AE,2020-10-11,12:00:00,1602392400,31.5,29.7,33.5,24.6,349.0,0.0,0.0,United Arab Emirates
Abu Dhabi,AE,2020-10-12,12:00:00,1602478800,31.0,29.1,33.2,26.8,336.0,0.0,0.0,United Arab Emirates
Abu Dhabi,AE,2020-10-13,12:00:00,1602565200,30.8,28.2,33.3,23.7,338.0,0.0,0.0,United Arab Emirates
Abu Dhabi,AE,2020-10-14,12:00:00,1602651600,31.3,29.0,35.2,24.7,26.0,0.0,0.0,United Arab Emirates
Abu Dhabi,AE,2020-10-15,12:00:00,1602738000,29.9,25.5,34.5,28.5,40.0,0.0,0.0,United Arab Emirates
Abu Dhabi,AE,2020-10-16,12:00:00,1602824400,29.5,24.4,33.3,27.8,22.0,0.0,0.0,United Arab Emirates
Abu Dhabi,AE,2020-10-17,12:00:00,1602910800,29.6,25.1,33.7,27.0,19.0,0.0,0.0,United Arab Emirates
Abu Dhabi,AE,2020-10-18,12:00:00,1602997200,29.4,24.4,34.2,26.3,28.0,0.0,0.0,United Arab Emirates
Abu Dhabi,AE,2020-10-19,12:00:00,1603083600,28.6,23.4,33.2,26.8,17.0,0.0,0.0,United Arab Emirates
Abu Dhabi,AE,2020-10-20,12:00:00,1603170000,29.4,26.4,32.6,22.1,3.0,0.0,0.0,United Arab Emirates
Abu Dhabi,AE,2020-10-21,12:00:00,1603256400,29.4,25.6,33.6,20.7,17.0,0.0,0.0,United Arab Emirates
Abu Dhabi,AE,2020-10-22,12:00:00,1603342800,28.7,24.7,31.6,20.9,347.0,0.0,0.0,United Arab Emirates
Abu Dhabi,AE,2020-10-23,12:00:00,1603429200,28.8,25.9,31.4,21.8,352.0,0.0,0.0,United Arab Emirates
Abu Dhabi,AE,2020-10-24,12:00:00,1603515600,29.3,25.9,35.0,23.7,30.0,0.0,0.0,United Arab Emirates
Abu Dhabi,AE,2020-10-25,12:00:00,1603602000,29.2,24.4,35.0,21.6,54.0,0.0,0.0,United Arab Emirates
Abu Dhabi,AE,2020-10-26,12:00:00,1603688400,28.4,25.1,32.8,24.9,37.0,0.0,0.0,United Arab Emirates
Abu Dhabi,AE,2020-10-27,12:00:00,1603774800,27.6,24.4,31.7,17.7,26.0,0.0,0.0,United Arab Emirates
Abu Dhabi,AE,2020-10-28,12:00:00,1603861200,27.5,23.3,31.0,21.4,4.0,0.0,0.0,United Arab Emirates
Abu Dhabi,AE,2020-10-29,12:00:00,1603947600,27.7,24.0,31.0,23.4,353.0,0.0,0.0,United Arab Emirates
Abu Dhabi,AE,2020-10-30,12:00:00,1604034000,28.2,24.9,32.1,20.7,7.0,0.0,0.0,United Arab Emirates
Abu Dhabi,AE,2020-10-31,12:00:00,1604120400,27.2,23.1,30.9,22.1,357.0,0.0,0.0,United Arab Emirates
Abu Dhabi,AE,2020-11-01,12:00:00,1604206800,27.1,23.1,30.7,18.8,4.0,0.0,0.0,United Arab Emirates
Abu Dhabi,AE,2020-11-02,12:00:00,1604293200,28.2,25.2,30.8,19.7,346.0,0.0,0.0,United Arab Emirates
Abu Dhabi,AE,2020-11-03,12:00:00,1604379600,28.4,25.6,31.0,21.9,339.0,0.0,0.0,United Arab Emirates
Abu Dhabi,AE,2020-11-04,12:00:00,1604466000,27.5,24.8,30.2,18.7,332.0,0.0,0.0,United Arab Emirates
Abu Dhabi,AE,2020-11-05,12:00:00,1604552400,27.1,23.7,30.1,13.9,322.0,0.0,0.0,United Arab Emirates
Abu Dhabi,AE,2020-11-06,12:00:00,1604638800,27.6,23.3,33.0,18.3,83.0,0.0,0.0,United Arab Emirates
Abu Dhabi,AE,2020-11-07,12:00:00,1604725200,27.9,23.5,32.4,20.5,80.0,0.0,0.0,United Arab Emirates
Abu Dhabi,AE,2020-11-08,12:00:00,1604811600,28.3,25.9,31.3,26.8,124.0,0.0,0.0,United Arab Emirates
Abu Dhabi,AE,2020-11-09,12:00:00,1604898000,27.9,24.6,31.7,22.0,19.0,0.0,0.0,United Arab Emirates
Abu Dhabi,AE,2020-11-10,12:00:00,1604984400,27.2,24.1,30.0,20.9,5.0,0.0,0.0,United Arab Emirates
Abu Dhabi,AE,2020-11-11,12:00:00,1605070800,27.7,24.5,31.1,18.8,357.0,0.0,0.0,United Arab Emirates
Abu Dhabi,AE,2020-11-12,12:00:00,1605157200,28.7,24.6,33.6,17.1,54.0,0.0,0.0,United Arab Emirates
Abu Dhabi,AE,2020-11-13,12:00:00,1605243600,28.8,24.8,33.5,23.4,163.0,0.0,0.0,United Arab Emirates
Abu Dhabi,AE,2020-11-14,12:00:00,1605330000,27.1,24.5,29.6,25.2,285.0,0.0,0.0,United Arab Emirates
Abu Dhabi,AE,2020-11-15,12:00:00,1605416400,26.4,24.8,28.0,19.2,322.0,0.0,0.0,United Arab Emirates
Abu Dhabi,AE,2020-11-16,12:00:00,1605502800,26.1,21.7,28.7,17.7,1.0,0.0,0.0,United Arab Emirates
Abu Dhabi,AE,2020-11-17,12:00:00,1605589200,26.0,22.7,29.3,21.7,32.0,0.0,0.0,United Arab Emirates
Abu Dhabi,AE,2020-11-18,12:00:00,1605675600,26.4,23.1,29.2,20.3,308.0,0.0,0.0,United Arab Emirates
Abu Dhabi,AE,2020-11-19,12:00:00,1605762000,26.4,25.1,27.7,21.9,319.0,0.0,0.0,United Arab Emirates
Abu Dhabi,AE,2020-11-20,12:00:00,1605848400,25.7,21.0,29.9,25.3,44.0,0.0,0.0,United Arab Emirates
Abu Dhabi,AE,2020-11-21,12:00:00,1605934800,26.2,21.4,30.6,16.5,128.0,0.0,0.0,United Arab Emirates
Abu Dhabi,AE,2020-11-22,12:00:00,1606021200,25.9,22.3,30.2,18.5,216.0,0.0,0.0,United Arab Emirates
Abu Dhabi,AE,2020-11-23,12:00:00,1606107600,25.7,23.2,27.7,30.0,288.0,0.0,0.0,United Arab Emirates
Abu Dhabi,AE,2020-11-24,12:00:00,1606194000,25.3,24.2,26.7,36.3,307.0,0.1,0.0,United Arab Emirates
Abu Dhabi,AE,2020-11-25,12:00:00,1606280400,25.0,21.2,29.0,26.1,44.0,0.0,0.0,United Arab Emirates
Abu Dhabi,AE,2020-11-26,12:00:00,1606366800,24.9,20.2,29.6,22.9,116.0,0.0,0.0,United Arab Emirates
Abu Dhabi,AE,2020-11-27,12:00:00,1606453200,24.5,20.8,28.4,23.0,93.0,0.0,0.0,United Arab Emirates
Abu Dhabi,AE,2020-11-28,12:00:00,1606539600,24.4,20.3,28.2,23.6,115.0,0.0,0.0,United Arab Emirates
Abu Dhabi,AE,2020-11-29,12:00:00,1606626000,24.0,20.6,28.2,17.4,76.0,0.0,0.0,United Arab Emirates
Abu Dhabi,AE,2020-11-30,12:00:00,1606712400,23.7,19.7,26.7,14.6,351.0,0.0,0.0,United Arab Emirates
Abu Dhabi,AE,2020-12-01,12:00:00,1606798800,23.7,20.3,27.3,16.9,29.0,0.0,0.0,United Arab Emirates
Abu Dhabi,AE,2020-12-02,12:00:00,1606885200,23.8,20.4,27.4,14.1,32.0,0.0,0.0,United Arab Emirates
Abu Dhabi,AE,2020-12-03,12:00:00,1606971600,24.2,21.6,26.7,16.8,326.0,0.0,0.0,United Arab Emirates
Abu Dhabi,AE,2020-12-04,12:00:00,1607058000,25.1,22.5,27.5,22.9,299.0,0.0,0.0,United Arab Emirates
Abu Dhabi,AE,2020-12-05,12:00:00,1607144400,25.6,22.4,28.8,21.3,332.0,0.0,0.0,United Arab Emirates
Abu Dhabi,AE,2020-12-06,12:00:00,1607230800,24.9,22.0,28.6,14.3,107.0,0.0,0.0,United Arab Emirates
Abu Dhabi,AE,2020-12-07,12:00:00,1607317200,24.5,23.0,25.9,27.7,319.0,0.0,0.0,United Arab Emirates
Abu Dhabi,AE,2020-12-08,12:00:00,1607403600,23.8,22.4,25.7,30.1,308.0,0.0,0.0,United Arab Emirates
Abu Dhabi,AE,2020-12-09,12:00:00,1607490000,23.4,22.1,25.1,26.0,313.0,0.0,0.0,United Arab Emirates
Abu Dhabi,AE,2020-12-10,12:00:00,1607576400,23.6,21.7,25.7,28.5,320.0,0.0,0.0,United Arab Emirates
Abu Dhabi,AE,2020-12-11,12:00:00,1607662800,24.2,22.5,26.1,20.9,332.0,0.0,0.0,United Arab Emirates
Abu Dhabi,AE,2020-12-12,12:00:00,1607749200,23.0,21.3,24.5,22.6,309.0,0.1,0.0,United Arab Emirates
Abu Dhabi,AE,2020-12-13,12:00:00,1607835600,22.9,21.4,24.3,22.7,328.0,0.0,0.0,United Arab Emirates
Abu Dhabi,AE,2020-12-14,12:00:00,1607922000,22.0,19.3,24.5,20.1,342.0,0.0,0.0,United Arab Emirates
Abu Dhabi,AE,2020-12-15,12:00:00,1608008400,22.2,18.2,26.0,17.7,51.0,0.0,0.0,United Arab Emirates
Abu Dhabi,AE,2020-12-16,12:00:00,1608094800,21.7,16.7,26.3,15.3,60.0,0.0,0.0,United Arab Emirates
Abu Dhabi,AE,2020-12-17,12:00:00,1608181200,22.2,17.3,26.4,15.9,48.0,0.0,0.0,United Arab Emirates
Abu Dhabi,AE,2020-12-18,12:00:00,1608267600,22.2,18.0,25.9,14.3,43.0,0.0,0.0,United Arab Emirates
Abu Dhabi,AE,2020-12-19,12:00:00,1608354000,21.7,17.2,24.7,16.5,310.0,0.0,0.0,United Arab Emirates
Abu Dhabi,AE,2020-12-20,12:00:00,1608440400,23.2,21.5,25.3,27.4,325.0,0.0,0.0,United Arab Emirates
Abu Dhabi,AE,2020-12-21,12:00:00,1608526800,22.3,21.1,23.9,27.3,320.0,0.0,0.0,United Arab Emirates
Abu Dhabi,AE,2020-12-22,12:00:00,1608613200,22.3,20.9,24.0,23.7,325.0,0.0,0.0,United Arab Emirates
Abu Dhabi,AE,2020-12-23,12:00:00,1608699600,21.8,18.2,24.1,19.6,331.0,0.0,0.0,United Arab Emirates
Abu Dhabi,AE,2020-12-24,12:00:00,1608786000,21.0,17.6,23.6,14.8,297.0,0.0,0.0,United Arab Emirates
Abu Dhabi,AE,2020-12-25,12:00:00,1608872400,20.9,17.2,23.4,32.8,297.0,0.2,0.0,United Arab Emirates
Abu Dhabi,AE,2020-12-26,12:00:00,1608958800,21.0,18.5,22.5,34.4,322.0,0.0,0.0,United Arab Emirates
Abu Dhabi,AE,2020-12-27,12:00:00,1609045200,21.1,17.2,25.9,27.0,55.0,0.0,0.0,United Arab Emirates
Abu Dhabi,AE,2020-12-28,12:00:00,1609131600,20.0,16.3,23.3,20.1,33.0,0.0,0.0,United Arab Emirates
Abu Dhabi,AE,2020-12-29,12:00:00,1609218000,21.5,19.1,23.5,18.9,347.0,0.0,0.0,United Arab Emirates
Abu Dhabi,AE,2020-12-30,12:00:00,1609304400,20.8,17.1,23.7,17.9,359.0,0.0,0.0,United Arab Emirates
Abu Dhabi,AE,2020-12-31,12:00:00,1609390800,20.7,17.8,23.8,14.5,8.0,0.0,0.0,United Arab Emirates
Abu Dhabi,AE,2021-01-01,12:00:00,1609477200,21.2,19.0,24.3,17.3,23.0,0.0,0.0,United Arab Emirates
Abu Dhabi,AE,2021-01-02,12:00:00,1609563600,21.2,17.8,24.3,19.7,10.0,0.0,0.0,United Arab Emirates
Abu Dhabi,AE,2021-01-03,12:00:00,1609650000,20.4,18.0,22.5,16.8,335.0,0.1,0.0,United Arab Emirates
Abu Dhabi,AE,2021-01-04,12:00:00,1609736400,19.9,15.6,23.2,21.2,26.0,0.0,0.0,United Arab Emirates
Abu Dhabi,AE,2021-01-05,12:00:00,1609822800,19.6,15.0,23.3,20.4,33.0,0.0,0.0,United Arab Emirates
Abu Dhabi,AE,2021-01-06,12:00:00,1609909200,20.1,16.1,23.4,14.1,22.0,0.0,0.0,United Arab Emirates
Abu Dhabi,AE,2021-01-07,12:00:00,1609995600,20.7,18.4,24.0,34.9,41.0,0.0,0.0,United Arab Emirates
Abu Dhabi,AE,2021-01-08,12:00:00,1610082000,19.4,16.3,23.4,34.7,55.0,0.0,0.0,United Arab Emirates
Abu Dhabi,AE,2021-01-09,12:00:00,1610168400,18.7,13.9,22.9,29.8,45.0,0.0,0.0,United Arab Emirates
Abu Dhabi,AE,2021-01-10,12:00:00,1610254800,18.6,14.4,22.8,21.3,39.0,0.0,0.0,United Arab Emirates
Abu Dhabi,AE,2021-01-11,12:00:00,1610341200,19.3,14.4,22.8,16.8,10.0,0.0,0.0,United Arab Emirates
Abu Dhabi,AE,2021-01-12,12:00:00,1610427600,19.9,15.9,22.9,19.3,334.0,0.0,0.0,United Arab Emirates
Abu Dhabi,AE,2021-01-13,12:00:00,1610514000,19.8,17.0,22.5,22.4,301.0,0.0,0.0,United Arab Emirates
Abu Dhabi,AE,2021-01-14,12:00:00,1610600400,19.4,17.4,21.7,19.6,299.0,0.0,0.0,United Arab Emirates
Abu Dhabi,AE,2021-01-15,12:00:00,1610686800,18.6,16.0,21.0,15.1,291.0,0.0,0.0,United Arab Emirates
Abu Dhabi,AE,2021-01-16,12:00:00,1610773200,18.7,13.3,22.2,14.1,274.0,0.0,0.0,United Arab Emirates
Abu Dhabi,AE,2021-01-17,12:00:00,1610859600,19.8,14.2,24.9,12.0,237.0,0.0,0.0,United Arab Emirates
Abu Dhabi,AE,2021-01-18,12:00:00,1610946000,20.4,15.8,25.7,14.3,274.0,0.0,0.0,United Arab Emirates
Abu Dhabi,AE,2021-01-19,12:00:00,1611032400,20.8,17.7,23.9,21.5,318.0,0.0,0.0,United Arab Emirates
Abu Dhabi,AE,2021-01-20,12:00:00,1611118800,20.6,17.1,23.8,16.0,309.0,0.0,0.0,United Arab Emirates
Abu Dhabi,AE,2021-01-21,12:00:00,1611205200,19.9,15.7,23.8,38.7,295.0,0.0,0.0,United Arab Emirates
Abu Dhabi,AE,2021-01-22,12:00:00,1611291600,19.5,18.4,20.8,39.4,310.0,0.0,0.0,United Arab Emirates
Abu Dhabi,AE,2021-01-23,12:00:00,1611378000,20.4,17.8,23.4,29.3,16.0,0.0,0.0,United Arab Emirates
Abu Dhabi,AE,2021-01-24,12:00:00,1611464400,20.1,18.0,22.6,27.3,16.0,0.0,0.0,United Arab Emirates
Abu Dhabi,AE,2021-01-25,12:00:00,1611550800,20.1,17.9,22.3,17.3,329.0,0.0,0.0,United Arab Emirates
Abu Dhabi,AE,2021-01-26,12:00:00,1611637200,20.3,17.0,23.0,20.2,304.0,0.0,0.0,United Arab Emirates
Abu Dhabi,AE,2021-01-27,12:00:00,1611723600,20.8,18.5,23.2,27.0,308.0,0.0,0.0,United Arab Emirates
Abu Dhabi,AE,2021-01-28,12:00:00,1611810000,19.3,16.2,23.8,15.3,17.0,0.0,0.0,United Arab Emirates
Abu Dhabi,AE,2021-01-29,12:00:00,1611896400,21.2,15.8,27.5,18.3,118.0,0.0,0.0,United Arab Emirates
Abu Dhabi,AE,2021-01-30,12:00:00,1611982800,22.1,17.7,28.1,23.7,147.0,0.0,0.0,United Arab Emirates
Abu Dhabi,AE,2021-01-31,12:00:00,1612069200,20.7,18.4,23.4,26.8,311.0,0.0,0.0,United Arab Emirates
Abu Dhabi,AE,2021-02-01,12:00:00,1612155600,19.8,18.0,21.8,27.2,302.0,0.0,0.0,United Arab Emirates
Abu Dhabi,AE,2021-02-02,12:00:00,1612242000,20.4,18.1,22.9,22.4,308.0,0.0,0.0,United Arab Emirates
Abu Dhabi,AE,2021-02-03,12:00:00,1612328400,20.2,17.5,23.4,19.2,341.0,0.0,0.0,United Arab Emirates
Abu Dhabi,AE,2021-02-04,12:00:00,1612414800,20.1,17.1,23.7,16.1,359.0,0.0,0.0,United Arab Emirates
Abu Dhabi,AE,2021-02-05,12:00:00,1612501200,22.0,16.6,29.0,23.8,118.0,0.0,0.0,United Arab Emirates
Abu Dhabi,AE,2021-02-06,12:00:00,1612587600,22.3,18.3,27.9,28.3,134.0,0.0,0.0,United Arab Emirates
Abu Dhabi,AE,2021-02-07,12:00:00,1612674000,22.1,17.9,26.7,27.1,151.0,0.0,0.0,United Arab Emirates
Abu Dhabi,AE,2021-02-08,12:00:00,1612760400,21.0,18.3,23.8,24.6,353.0,0.0,0.0,United Arab Emirates
Abu Dhabi,AE,2021-02-09,12:00:00,1612846800,21.0,19.3,23.0,24.9,321.0,0.0,0.0,United Arab Emirates
Abu Dhabi,AE,2021-02-10,12:00:00,1612933200,21.5,19.0,24.0,21.8,329.0,0.0,0.0,United Arab Emirates
Abu Dhabi,AE,2021-02-11,12:00:00,1613019600,21.2,18.2,23.8,23.8,309.0,0.0,0.0,United Arab Emirates
Abu Dhabi,AE,2021-02-12,12:00:00,1613106000,20.4,17.2,23.1,16.9,288.0,0.0,0.0,United Arab Emirates
Abu Dhabi,AE,2021-02-13,12:00:00,1613192400,20.2,17.1,23.4,20.4,310.0,0.0,0.0,United Arab Emirates
Abu Dhabi,AE,2021-02-14,12:00:00,1613278800,20.8,17.9,23.6,21.0,306.0,0.0,0.0,United Arab Emirates
Abu Dhabi,AE,2021-02-15,12:00:00,1613365200,20.4,17.1,23.9,17.6,313.0,0.0,0.0,United Arab Emirates
Abu Dhabi,AE,2021-02-16,12:00:00,1613451600,20.5,17.7,23.9,15.3,301.0,0.0,0.0,United Arab Emirates
Abu Dhabi,AE,2021-02-17,12:00:00,1613538000,22.9,16.9,31.4,14.7,78.0,0.0,0.0,United Arab Emirates
Abu Dhabi,AE,2021-02-18,12:00:00,1613624400,24.4,20.4,31.2,26.3,149.0,0.0,0.0,United Arab Emirates
Abu Dhabi,AE,2021-02-19,12:00:00,1613710800,22.4,19.8,24.6,26.6,345.0,0.0,0.0,United Arab Emirates
Abu Dhabi,AE,2021-02-20,12:00:00,1613797200,22.6,20.8,24.9,33.8,342.0,0.0,0.0,United Arab Emirates
Abu Dhabi,AE,2021-02-21,12:00:00,1613883600,22.8,20.8,25.0,28.5,7.0,0.0,0.0,United Arab Emirates
Abu Dhabi,AE,2021-02-22,12:00:00,1613970000,23.4,21.3,26.7,21.4,360.0,0.0,0.0,United Arab Emirates
Abu Dhabi,AE,2021-02-23,12:00:00,1614056400,23.0,19.9,25.8,21.3,332.0,0.0,0.0,United Arab Emirates
Abu Dhabi,AE,2021-02-24,12:00:00,1614142800,22.9,20.4,25.3,21.7,314.0,0.0,0.0,United Arab Emirates
Abu Dhabi,AE,2021-02-25,12:00:00,1614229200,23.9,21.0,30.6,35.4,11.0,0.0,0.0,United Arab Emirates
Abu Dhabi,AE,2021-02-26,12:00:00,1614315600,21.3,19.5,22.6,32.0,317.0,0.0,0.0,United Arab Emirates
Abu Dhabi,AE,2021-02-27,12:00:00,1614402000,20.4,18.8,22.1,25.0,313.0,0.0,0.0,United Arab Emirates
Abu Dhabi,AE,2021-02-28,12:00:00,1614488400,20.7,19.0,22.8,22.9,322.0,0.0,0.0,United Arab Emirates
Abu Dhabi,AE,2021-03-01,12:00:00,1614574800,21.1,16.6,26.2,18.9,46.0,0.0,0.0,United Arab Emirates
Abu Dhabi,AE,2021-03-02,12:00:00,1614661200,25.2,19.6,32.7,26.8,91.0,0.0,0.0,United Arab Emirates
Abu Dhabi,AE,2021-03-03,12:00:00,1614747600,25.2,21.8,30.0,20.4,334.0,0.0,0.0,United Arab Emirates
Abu Dhabi,AE,2021-03-04,12:00:00,1614834000,24.6,20.7,29.2,16.3,4.0,0.0,0.0,United Arab Emirates
Abu Dhabi,AE,2021-03-05,12:00:00,1614920400,27.0,21.2,37.7,42.1,328.0,0.0,0.0,United Arab Emirates
Abu Dhabi,AE,2021-03-06,12:00:00,1615006800,22.6,21.0,24.5,32.1,302.0,0.0,0.0,United Arab Emirates
Abu Dhabi,AE,2021-03-07,12:00:00,1615093200,21.6,20.2,23.7,32.0,302.0,0.0,0.0,United Arab Emirates
Abu Dhabi,AE,2021-03-08,12:00:00,1615179600,21.2,19.1,23.5,19.0,300.0,0.0,0.0,United Arab Emirates
Abu Dhabi,AE,2021-03-09,12:00:00,1615266000,23.6,18.6,29.2,14.7,305.0,0.0,0.0,United Arab Emirates
Abu Dhabi,AE,2021-03-10,12:00:00,1615352400,23.9,20.0,28.1,22.9,320.0,0.0,0.0,United Arab Emirates
Abu Dhabi,AE,2021-03-11,12:00:00,1615438800,24.3,21.4,28.6,19.8,294.0,0.0,0.0,United Arab Emirates
Abu Dhabi,AE,2021-03-12,12:00:00,1615525200,28.8,20.4,37.4,26.6,182.0,0.0,0.0,United Arab Emirates
Abu Dhabi,AE,2021-03-13,12:00:00,1615611600,25.8,21.7,29.8,35.5,265.0,0.0,0.0,United Arab Emirates
Abu Dhabi,AE,2021-03-14,12:00:00,1615698000,21.8,19.8,23.8,21.9,321.0,0.0,0.0,United Arab Emirates
Abu Dhabi,AE,2021-03-15,12:00:00,1615784400,21.3,19.0,24.0,16.8,332.0,0.0,0.0,United Arab Emirates
Abu Dhabi,AE,2021-03-16,12:00:00,1615870800,23.4,18.0,30.4,18.8,41.0,0.0,0.0,United Arab Emirates
Abu Dhabi,AE,2021-03-17,12:00:00,1615957200,26.0,20.5,33.4,19.8,43.0,0.0,0.0,United Arab Emirates
Abu Dhabi,AE,2021-03-18,12:00:00,1616043600,27.8,21.2,36.4,18.2,152.0,0.0,0.0,United Arab Emirates
Abu Dhabi,AE,2021-03-19,12:00:00,1616130000,27.3,23.5,33.4,22.6,245.0,0.0,0.0,United Arab Emirates
Abu Dhabi,AE,2021-03-20,12:00:00,1616216400,24.7,21.5,28.0,27.3,289.0,0.0,0.0,United Arab Emirates
Abu Dhabi,AE,2021-03-21,12:00:00,1616302800,24.6,22.5,27.7,35.8,289.0,0.0,0.0,United Arab Emirates
Abu Dhabi,AE,2021-03-22,12:00:00,1616389200,25.5,23.3,28.5,30.4,287.0,0.0,0.0,United Arab Emirates
Abu Dhabi,AE,2021-03-23,12:00:00,1616475600,25.5,21.2,29.9,25.4,287.0,0.0,0.0,United Arab Emirates
Abu Dhabi,AE,2021-03-24,12:00:00,1616562000,25.7,20.4,31.3,17.3,22.0,0.0,0.0,United Arab Emirates
Abu Dhabi,AE,2021-03-25,12:00:00,1616648400,29.7,21.6,37.8,31.4,143.0,0.0,0.0,United Arab Emirates
Abu Dhabi,AE,2021-03-26,12:00:00,1616734800,29.4,25.0,37.6,26.1,130.0,0.0,0.0,United Arab Emirates
Abu Dhabi,AE,2021-03-27,12:00:00,1616821200,29.2,23.5,36.8,21.6,65.0,0.0,0.0,United Arab Emirates
Abu Dhabi,AE,2021-03-28,12:00:00,1616907600,25.1,22.2,27.4,31.8,309.0,0.0,0.0,United Arab Emirates
Abu Dhabi,AE,2021-03-29,12:00:00,1616994000,24.7,22.9,27.0,37.7,306.0,0.0,0.0,United Arab Emirates
Abu Dhabi,AE,2021-03-30,12:00:00,1617080400,24.9,22.7,27.7,24.3,307.0,0.0,0.0,United Arab Emirates
Abu Dhabi,AE,2021-03-31,12:00:00,1617166800,25.1,21.2,28.6,20.7,309.0,0.0,0.0,United Arab Emirates
Abu Dhabi,AE,2021-04-01,12:00:00,1617253200,25.6,20.9,30.7,16.9,327.0,0.0,0.0,United Arab Emirates
Abu Dhabi,AE,2021-04-02,12:00:00,1617339600,27.1,21.4,32.9,16.3,334.0,0.0,0.0,United Arab Emirates
Abu Dhabi,AE,2021-04-03,12:00:00,1617426000,28.3,22.2,36.7,32.9,299.0,0.0,0.0,United Arab Emirates
Abu Dhabi,AE,2021-04-04,12:00:00,1617512400,25.6,23.9,27.6,32.2,307.0,0.0,0.0,United Arab Emirates
Abu Dhabi,AE,2021-04-05,12:00:00,1617598800,25.0,23.2,27.7,40.3,302.0,0.0,0.0,United Arab Emirates
Abu Dhabi,AE,2021-04-06,12:00:00,1617685200,24.6,22.7,27.1,35.1,303.0,0.0,0.0,United Arab Emirates
Abu Dhabi,AE,2021-04-07,12:00:00,1617771600,24.0,20.5,27.3,21.8,313.0,0.0,0.0,United Arab Emirates
Abu Dhabi,AE,2021-04-08,12:00:00,1617858000,24.3,19.9,29.0,21.6,310.0,0.0,0.0,United Arab Emirates
Abu Dhabi,AE,2021-04-09,12:00:00,1617944400,25.4,20.5,30.6,25.0,339.0,0.0,0.0,United Arab Emirates
Abu Dhabi,AE,2021-04-10,12:00:00,1618030800,28.6,21.7,38.5,20.0,73.0,0.0,0.0,United Arab Emirates
Abu Dhabi,AE,2021-04-11,12:00:00,1618117200,31.1,24.4,38.5,30.5,127.0,0.0,0.0,United Arab Emirates
Abu Dhabi,AE,2021-04-12,12:00:00,1618203600,31.0,26.4,37.8,21.6,84.0,0.0,0.0,United Arab Emirates
Abu Dhabi,AE,2021-04-13,12:00:00,1618290000,30.8,25.7,37.3,25.6,20.0,0.0,0.0,United Arab Emirates
Abu Dhabi,AE,2021-04-14,12:00:00,1618376400,29.6,25.5,34.5,19.8,38.0,0.0,0.0,United Arab Emirates
Abu Dhabi,AE,2021-04-15,12:00:00,1618462800,28.4,24.8,32.6,24.7,336.0,0.0,0.0,United Arab Emirates
Abu Dhabi,AE,2021-04-16,12:00:00,1618549200,27.0,25.4,29.1,30.1,307.0,0.0,0.0,United Arab Emirates
Abu Dhabi,AE,2021-04-17,12:00:00,1618635600,26.6,23.9,29.5,25.0,294.0,0.0,0.0,United Arab Emirates
Abu Dhabi,AE,2021-04-18,12:00:00,1618722000,27.1,21.9,31.8,17.3,272.0,0.0,0.0,United Arab Emirates
Abu Dhabi,AE,2021-04-19,12:00:00,1618808400,26.9,22.9,30.7,19.3,301.0,0.0,0.0,United Arab Emirates
Abu Dhabi,AE,2021-04-20,12:00:00,1618894800,26.9,22.9,30.7,20.9,299.0,0.0,0.0,United Arab Emirates
Abu Dhabi,AE,2021-04-21,12:00:00,1618981200,29.1,23.2,35.7,19.3,3.0,0.0,0.0,United Arab Emirates
Abu Dhabi,AE,2021-04-22,12:00:00,1619067600,29.7,23.9,36.6,18.9,356.0,0.0,0.0,United Arab Emirates
Abu Dhabi,AE,2021-04-23,12:00:00,1619154000,30.5,24.8,37.9,19.5,355.0,0.0,0.0,United Arab Emirates
Abu Dhabi,AE,2021-04-24,12:00:00,1619240400,30.3,24.6,38.9,26.3,5.0,0.0,0.0,United Arab Emirates
Abu Dhabi,AE,2021-04-25,12:00:00,1619326800,30.4,25.2,37.6,28.9,21.0,0.0,0.0,United Arab Emirates
Abu Dhabi,AE,2021-04-26,12:00:00,1619413200,31.5,26.6,37.7,21.7,20.0,0.0,0.0,United Arab Emirates
Abu Dhabi,AE,2021-04-27,12:00:00,1619499600,32.6,27.4,39.5,25.2,131.0,0.0,0.0,United Arab Emirates
Abu Dhabi,AE,2021-04-28,12:00:00,1619586000,33.3,28.4,39.2,26.0,85.0,0.0,0.0,United Arab Emirates
Abu Dhabi,AE,2021-04-29,12:00:00,1619672400,31.5,28.6,35.2,22.1,258.0,0.0,0.0,United Arab Emirates
Abu Dhabi,AE,2021-04-30,12:00:00,1619758800,29.4,27.3,31.3,23.6,275.0,0.1,0.0,United Arab Emirates
Abu Dhabi,AE,2021-05-01,12:00:00,1619845200,28.5,25.8,31.5,20.7,314.0,0.0,0.0,United Arab Emirates
Abu Dhabi,AE,2021-05-02,12:00:00,1619931600,28.6,23.5,33.8,20.8,32.0,0.0,0.0,United Arab Emirates
Abu Dhabi,AE,2021-05-03,12:00:00,1620018000,29.3,25.2,34.9,33.1,31.0,0.0,0.0,United Arab Emirates
Abu Dhabi,AE,2021-05-04,12:00:00,1620104400,31.8,27.5,38.2,37.8,58.0,0.0,0.0,United Arab Emirates
Abu Dhabi,AE,2021-05-05,12:00:00,1620190800,29.9,27.2,34.0,29.5,329.0,0.0,0.0,United Arab Emirates
Abu Dhabi,AE,2021-05-06,12:00:00,1620277200,28.4,25.2,32.2,26.0,338.0,0.0,0.0,United Arab Emirates
Abu Dhabi,AE,2021-05-07,12:00:00,1620363600,29.2,25.7,33.3,23.6,357.0,0.0,0.0,United Arab Emirates
Abu Dhabi,AE,2021-05-08,12:00:00,1620450000,30.3,26.0,37.4,34.2,14.0,0.0,0.0,United Arab Emirates
Abu Dhabi,AE,2021-05-09,12:00:00,1620536400,30.6,25.6,36.0,24.3,291.0,0.0,0.0,United Arab Emirates
Abu Dhabi,AE,2021-05-10,12:00:00,1620622800,30.5,26.3,35.0,25.9,289.0,0.0,0.0,United Arab Emirates
Abu Dhabi,AE,2021-05-11,12:00:00,1620709200,29.8,24.8,34.9,21.6,281.0,0.0,0.0,United Arab Emirates
Abu Dhabi,AE,2021-05-12,12:00:00,1620795600,30.3,25.2,36.6,24.4,341.0,0.0,0.0,United Arab Emirates
Abu Dhabi,AE,2021-05-13,12:00:00,1620882000,30.5,26.1,35.4,25.0,305.0,0.0,0.0,United Arab Emirates
Abu Dhabi,AE,2021-05-14,12:00:00,1620968400,30.5,26.0,35.6,26.4,286.0,0.0,0.0,United Arab Emirates
Abu Dhabi,AE,2021-05-15,12:00:00,1621054800,31.3,27.6,36.9,26.0,300.0,0.0,0.0,United Arab Emirates
Abu Dhabi,AE,2021-05-16,12:00:00,1621141200,31.7,26.8,36.8,19.1,312.0,0.0,0.0,United Arab Emirates
Abu Dhabi,AE,2021-05-17,12:00:00,1621227600,30.8,25.9,35.2,21.2,335.0,0.0,0.0,United Arab Emirates
Abu Dhabi,AE,2021-05-18,12:00:00,1621314000,32.2,27.9,37.5,22.3,359.0,0.0,0.0,United Arab Emirates
Abu Dhabi,AE,2021-05-19,12:00:00,1621400400,33.0,28.0,38.5,20.9,319.0,0.0,0.0,United Arab Emirates
Abu Dhabi,AE,2021-05-20,12:00:00,1621486800,32.9,27.8,39.0,22.2,273.0,0.0,0.0,United Arab Emirates
Abu Dhabi,AE,2021-05-21,12:00:00,1621573200,32.5,27.6,38.2,20.9,293.0,0.0,0.0,United Arab Emirates
Abu Dhabi,AE,2021-05-22,12:00:00,1621659600,33.4,27.6,40.3,17.3,0.0,0.0,0.0,United Arab Emirates
Abu Dhabi,AE,2021-05-23,12:00:00,1621746000,35.0,27.8,44.6,27.4,349.0,0.0,0.0,United Arab Emirates
Abu Dhabi,AE,2021-05-24,12:00:00,1621832400,35.1,29.3,44.7,28.0,85.0,0.0,0.0,United Arab Emirates
Abu Dhabi,AE,2021-05-25,12:00:00,1621918800,36.3,29.1,45.1,25.0,147.0,0.0,0.0,United Arab Emirates
Abu Dhabi,AE,2021-05-26,12:00:00,1622005200,34.7,30.9,40.0,30.2,302.0,0.0,0.0,United Arab Emirates
Abu Dhabi,AE,2021-05-27,12:00:00,1622091600,33.5,30.8,36.7,33.5,295.0,0.0,0.0,United Arab Emirates
Abu Dhabi,AE,2021-05-28,12:00:00,1622178000,32.7,30.6,35.7,23.7,305.0,0.0,0.0,United Arab Emirates
Abu Dhabi,AE,2021-05-29,12:00:00,1622264400,32.1,27.9,36.1,23.0,329.0,0.0,0.0,United Arab Emirates
Abu Dhabi,AE,2021-05-30,12:00:00,1622350800,33.0,28.1,38.8,24.9,321.0,0.0,0.0,United Arab Emirates
Abu Dhabi,AE,2021-05-31,12:00:00,1622437200,33.5,28.2,39.6,18.4,294.0,0.0,0.0,United Arab Emirates
Abu Dhabi,AE,2021-06-01,12:00:00,1622523600,33.2,29.2,38.5,27.3,265.0,0.0,0.0,United Arab Emirates
Abu Dhabi,AE,2021-06-02,12:00:00,1622610000,33.4,30.1,38.0,18.3,278.0,0.0,0.0,United Arab Emirates
Abu Dhabi,AE,2021-06-03,12:00:00,1622696400,33.5,28.9,39.6,19.2,287.0,0.0,0.0,United Arab Emirates
Abu Dhabi,AE,2021-06-04,12:00:00,1622782800,33.1,28.7,38.6,22.1,278.0,0.0,0.0,United Arab Emirates
Abu Dhabi,AE,2021-06-05,12:00:00,1622869200,33.6,29.6,38.9,26.7,287.0,0.0,0.0,United Arab Emirates
Abu Dhabi,AE,2021-06-06,12:00:00,1622955600,33.6,29.1,41.1,25.0,342.0,0.0,0.0,United Arab Emirates
Abu Dhabi,AE,2021-06-07,12:00:00,1623042000,34.5,31.3,38.4,26.5,354.0,0.0,0.0,United Arab Emirates
Abu Dhabi,AE,2021-06-08,12:00:00,1623128400,33.6,30.6,37.6,25.3,307.0,0.0,0.0,United Arab Emirates
Abu Dhabi,AE,2021-06-09,12:00:00,1623214800,33.1,29.8,36.4,21.6,304.0,0.0,0.0,United Arab Emirates
Abu Dhabi,AE,2021-06-10,12:00:00,1623301200,33.8,30.7,37.1,34.8,313.0,0.0,0.0,United Arab Emirates
Abu Dhabi,AE,2021-06-11,12:00:00,1623387600,33.2,31.1,35.7,26.7,289.0,0.0,0.0,United Arab Emirates
Abu Dhabi,AE,2021-06-12,12:00:00,1623474000,32.4,29.2,35.7,22.0,294.0,0.0,0.0,United Arab Emirates
Abu Dhabi,AE,2021-06-13,12:00:00,1623560400,32.7,30.5,35.6,29.0,291.0,0.0,0.0,United Arab Emirates
Abu Dhabi,AE,2021-06-14,12:00:00,1623646800,33.0,30.7,35.9,21.1,293.0,0.0,0.0,United Arab Emirates
Abu Dhabi,AE,2021-06-15,12:00:00,1623733200,33.9,30.6,37.6,22.0,283.0,0.0,0.0,United Arab Emirates
Abu Dhabi,AE,2021-06-16,12:00:00,1623819600,33.5,30.0,37.1,27.9,278.0,0.0,0.0,United Arab Emirates
Abu Dhabi,AE,2021-06-17,12:00:00,1623906000,33.5,31.7,36.2,37.6,287.0,0.0,0.0,United Arab Emirates
Abu Dhabi,AE,2021-06-18,12:00:00,1623992400,32.6,30.5,34.8,29.0,304.0,0.0,0.0,United Arab Emirates
Abu Dhabi,AE,2021-06-19,12:00:00,1624078800,31.7,28.8,35.5,21.0,319.0,0.0,0.0,United Arab Emirates
Abu Dhabi,AE,2021-06-20,12:00:00,1624165200,33.0,30.0,35.2,22.7,354.0,0.0,0.0,United Arab Emirates
Abu Dhabi,AE,2021-06-21,12:00:00,1624251600,34.8,30.8,41.7,27.2,343.0,0.0,0.0,United Arab Emirates
Abu Dhabi,AE,2021-06-22,12:00:00,1624338000,34.7,30.3,42.7,28.3,14.0,0.0,0.0,United Arab Emirates
Abu Dhabi,AE,2021-06-23,12:00:00,1624424400,36.1,30.3,43.4,26.5,32.0,0.0,0.0,United Arab Emirates
Abu Dhabi,AE,2021-06-24,12:00:00,1624510800,35.1,31.7,42.2,25.1,3.0,0.0,0.0,United Arab Emirates
Abu Dhabi,AE,2021-06-25,12:00:00,1624597200,34.8,30.1,42.8,29.5,348.0,0.0,0.0,United Arab Emirates
Abu Dhabi,AE,2021-06-26,12:00:00,1624683600,35.3,29.6,42.5,19.7,101.0,0.0,0.0,United Arab Emirates
Abu Dhabi,AE,2021-06-27,12:00:00,1624770000,37.5,33.0,42.7,31.0,171.0,0.0,0.0,United Arab Emirates
Abu Dhabi,AE,2021-06-28,12:00:00,1624856400,36.3,33.3,41.1,28.3,166.0,0.0,0.0,United Arab Emirates
Abu Dhabi,AE,2021-06-29,12:00:00,1624942800,36.2,33.1,40.3,19.1,210.0,0.0,0.0,United Arab Emirates
Abu Dhabi,AE,2021-06-30,12:00:00,1625029200,35.5,32.6,39.2,20.5,251.0,0.0,0.0,United Arab Emirates
Abu Dhabi,AE,2021-07-01,12:00:00,1625115600,34.5,30.5,40.2,19.9,279.0,0.0,0.0,United Arab Emirates
Abu Dhabi,AE,2021-07-02,12:00:00,1625202000,34.3,29.7,39.7,21.6,283.0,0.0,0.0,United Arab Emirates
Abu Dhabi,AE,2021-07-03,12:00:00,1625288400,33.8,29.7,38.3,18.9,315.0,0.0,0.0,United Arab Emirates
Abu Dhabi,AE,2021-07-04,12:00:00,1625374800,36.3,30.6,42.5,16.9,232.0,0.0,0.0,United Arab Emirates
Abu Dhabi,AE,2021-07-05,12:00:00,1625461200,35.9,31.2,41.6,24.0,71.0,0.0,0.0,United Arab Emirates
Abu Dhabi,AE,2021-07-06,12:00:00,1625547600,36.9,32.2,43.2,29.1,146.0,0.0,0.0,United Arab Emirates
Abu Dhabi,AE,2021-07-07,12:00:00,1625634000,36.5,33.5,41.3,28.5,157.0,0.0,0.0,United Arab Emirates
Abu Dhabi,AE,2021-07-08,12:00:00,1625720400,36.4,33.1,41.1,25.7,188.0,0.0,0.0,United Arab Emirates
Abu Dhabi,AE,2021-07-09,12:00:00,1625806800,35.8,32.0,41.1,24.8,262.0,0.0,0.0,United Arab Emirates
Abu Dhabi,AE,2021-07-10,12:00:00,1625893200,36.1,30.5,43.5,27.3,226.0,0.0,0.0,United Arab Emirates
Abu Dhabi,AE,2021-07-11,12:00:00,1625979600,37.4,33.5,42.7,18.7,260.0,0.0,0.0,United Arab Emirates
Abu Dhabi,AE,2021-07-12,12:00:00,1626066000,33.9,30.8,37.4,20.1,330.0,0.0,0.0,United Arab Emirates
Abu Dhabi,AE,2021-07-13,12:00:00,1626152400,36.4,31.7,44.6,28.2,17.0,0.0,0.0,United Arab Emirates
Abu Dhabi,AE,2021-07-14,12:00:00,1626238800,37.6,34.1,42.1,28.2,119.0,0.0,0.0,United Arab Emirates
Abu Dhabi,AE,2021-07-15,12:00:00,1626325200,37.2,34.9,41.3,29.5,64.0,0.0,0.0,United Arab Emirates
Abu Dhabi,AE,2021-07-16,12:00:00,1626411600,36.7,34.6,40.2,35.3,71.0,0.0,0.0,United Arab Emirates
Abu Dhabi,AE,2021-07-17,12:00:00,1626498000,33.6,31.3,36.1,29.7,71.0,1.8,0.0,United Arab Emirates
Abu Dhabi,AE,2021-07-18,12:00:00,1626584400,34.4,31.9,37.6,25.3,111.0,0.0,0.0,United Arab Emirates
Abu Dhabi,AE,2021-07-19,12:00:00,1626670800,35.2,32.7,38.6,22.4,358.0,0.0,0.0,United Arab Emirates
Abu Dhabi,AE,2021-07-20,12:00:00,1626757200,35.5,32.3,39.1,26.3,342.0,0.0,0.0,United Arab Emirates
Abu Dhabi,AE,2021-07-21,12:00:00,1626843600,36.3,34.1,40.3,25.9,272.0,0.0,0.0,United Arab Emirates
Abu Dhabi,AE,2021-07-22,12:00:00,1626930000,36.7,34.1,39.2,22.6,255.0,0.0,0.0,United Arab Emirates
Abu Dhabi,AE,2021-07-23,12:00:00,1627016400,38.0,34.1,42.4,19.7,222.0,0.0,0.0,United Arab Emirates
Abu Dhabi,AE,2021-07-24,12:00:00,1627102800,38.0,34.7,43.9,23.7,143.0,0.0,0.0,United Arab Emirates
Abu Dhabi,AE,2021-07-25,12:00:00,1627189200,37.2,34.2,42.4,25.1,8.0,0.0,0.0,United Arab Emirates
Abu Dhabi,AE,2021-07-26,12:00:00,1627275600,35.6,32.0,40.3,22.4,321.0,0.0,0.0,United Arab Emirates
Abu Dhabi,AE,2021-07-27,12:00:00,1627362000,35.9,31.8,42.1,18.2,316.0,0.0,0.0,United Arab Emirates
Abu Dhabi,AE,2021-07-28,12:00:00,1627448400,36.3,30.9,44.4,22.4,270.0,0.0,0.0,United Arab Emirates
Abu Dhabi,AE,2021-07-29,12:00:00,1627534800,35.4,31.6,40.2,20.4,291.0,0.0,0.0,United Arab Emirates
Abu Dhabi,AE,2021-07-30,12:00:00,1627621200,34.9,32.3,38.9,26.8,268.0,0.0,0.0,United Arab Emirates
Abu Dhabi,AE,2021-07-31,12:00:00,1627707600,34.8,31.2,40.4,20.2,319.0,0.0,0.0,United Arab Emirates
Abu Dhabi,AE,2021-08-01,12:00:00,1627794000,35.4,30.6,42.4,21.3,273.0,0.0,0.0,United Arab Emirates
Abu Dhabi,AE,2021-08-02,12:00:00,1627880400,35.7,30.3,41.4,18.5,306.0,0.0,0.0,United Arab Emirates
Abu Dhabi,AE,2021-08-03,12:00:00,1627966800,35.7,30.7,41.9,20.4,343.0,0.0,0.0,United Arab Emirates
Abu Dhabi,AE,2021-08-04,12:00:00,1628053200,35.5,31.4,40.7,17.3,291.0,0.0,0.0,United Arab Emirates
Abu Dhabi,AE,2021-08-05,12:00:00,1628139600,34.5,31.2,38.5,19.7,280.0,0.0,0.0,United Arab Emirates
Abu Dhabi,AE,2021-08-06,12:00:00,1628226000,34.7,32.0,38.2,18.3,310.0,0.0,0.0,United Arab Emirates
Abu Dhabi,AE,2021-08-07,12:00:00,1628312400,34.9,31.7,38.8,19.6,354.0,0.0,0.0,United Arab Emirates
Abu Dhabi,AE,2021-08-08,12:00:00,1628398800,35.7,32.3,40.1,24.8,2.0,0.0,0.0,United Arab Emirates
Abu Dhabi,AE,2021-08-09,12:00:00,1628485200,37.5,33.4,45.4,24.3,35.0,0.0,0.0,United Arab Emirates
Abu Dhabi,AE,2021-08-10,12:00:00,1628571600,37.4,33.1,43.4,22.4,17.0,0.0,0.0,United Arab Emirates
Abu Dhabi,AE,2021-08-11,12:00:00,1628658000,36.5,31.8,42.8,19.0,5.0,0.0,0.0,United Arab Emirates
Abu Dhabi,AE,2021-08-12,12:00:00,1628744400,36.1,31.9,43.8,26.4,355.0,0.0,0.0,United Arab Emirates
Abu Dhabi,AE,2021-08-13,12:00:00,1628830800,35.3,31.2,40.6,24.7,7.0,0.0,0.0,United Arab Emirates
Abu Dhabi,AE,2021-08-14,12:00:00,1628917200,34.0,31.0,37.0,18.9,354.0,0.0,0.0,United Arab Emirates
Abu Dhabi,AE,2021-08-15,12:00:00,1629003600,34.7,31.6,38.6,18.5,299.0,0.0,0.0,United Arab Emirates
Abu Dhabi,AE,2021-08-16,12:00:00,1629090000,34.9,33.1,37.3,21.1,329.0,0.0,0.0,United Arab Emirates
Abu Dhabi,AE,2021-08-17,12:00:00,1629176400,35.0,32.9,37.5,25.0,332.0,0.0,0.0,United Arab Emirates
Abu Dhabi,AE,2021-08-18,12:00:00,1629262800,35.7,32.9,40.4,25.0,315.0,0.0,0.0,United Arab Emirates
Abu Dhabi,AE,2021-08-19,12:00:00,1629349200,36.0,33.4,41.0,29.4,16.0,0.0,0.0,United Arab Emirates
Abu Dhabi,AE,2021-08-20,12:00:00,1629435600,35.5,32.2,39.8,28.7,157.0,0.0,0.0,United Arab Emirates
Abu Dhabi,AE,2021-08-21,12:00:00,1629522000,35.6,33.4,39.6,25.6,188.0,0.0,0.0,United Arab Emirates
Abu Dhabi,AE,2021-08-22,12:00:00,1629608400,35.2,32.0,39.5,24.0,343.0,0.0,0.0,United Arab Emirates
Abu Dhabi,AE,2021-08-23,12:00:00,1629694800,34.4,31.0,39.3,24.9,14.0,0.0,0.0,United Arab Emirates
Abu Dhabi,AE,2021-08-24,12:00:00,1629781200,36.1,32.7,41.8,25.6,51.0,0.0,0.0,United Arab Emirates
Abu Dhabi,AE,2021-08-25,12:00:00,1629867600,35.4,32.2,40.6,27.8,239.0,0.0,0.0,United Arab Emirates
Abu Dhabi,AE,2021-08-26,12:00:00,1629954000,34.6,31.6,38.2,24.1,295.0,0.0,0.0,United Arab Emirates
Abu Dhabi,AE,2021-08-27,12:00:00,1630040400,34.6,30.1,38.6,27.8,7.0,0.0,0.0,United Arab Emirates
Abu Dhabi,AE,2021-08-28,12:00:00,1630126800,35.7,31.5,41.9,27.3,23.0,0.0,0.0,United Arab Emirates
Abu Dhabi,AE,2021-08-29,12:00:00,1630213200,36.5,31.1,43.5,24.0,66.0,0.0,0.0,United Arab Emirates
Abu Dhabi,AE,2021-08-30,12:00:00,1630299600,35.9,32.6,41.0,20.6,98.0,0.0,0.0,United Arab Emirates
Abu Dhabi,AE,2021-08-31,12:00:00,1630386000,35.2,32.1,41.0,26.3,74.0,0.0,0.0,United Arab Emirates
Abu Dhabi,AE,2021-09-01,12:00:00,1630472400,35.2,31.0,41.2,25.3,70.0,0.0,0.0,United Arab Emirates
Abu Dhabi,AE,2021-09-02,12:00:00,1630558800,35.0,31.6,40.3,27.0,122.0,0.0,0.0,United Arab Emirates
Abu Dhabi,AE,2021-09-03,12:00:00,1630645200,34.5,30.7,40.0,22.5,268.0,0.0,0.0,United Arab Emirates
Abu Dhabi,AE,2021-09-04,12:00:00,1630731600,34.2,28.5,39.8,20.0,305.0,0.0,0.0,United Arab Emirates
Abu Dhabi,AE,2021-09-05,12:00:00,1630818000,34.3,29.4,40.4,18.5,29.0,0.0,0.0,United Arab Emirates
Abu Dhabi,AE,2021-09-06,12:00:00,1630904400,33.7,28.9,40.6,21.8,333.0,0.0,0.0,United Arab Emirates
Abu Dhabi,AE,2021-09-07,12:00:00,1630990800,32.5,29.8,36.1,20.8,352.0,0.0,0.0,United Arab Emirates
Abu Dhabi,AE,2021-09-08,12:00:00,1631077200,32.6,29.9,35.5,19.8,6.0,0.0,0.0,United Arab Emirates
Abu Dhabi,AE,2021-09-09,12:00:00,1631163600,33.7,30.5,37.5,24.5,329.0,0.0,0.0,United Arab Emirates
Abu Dhabi,AE,2021-09-10,12:00:00,1631250000,33.7,31.3,36.3,20.6,286.0,0.0,0.0,United Arab Emirates
Abu Dhabi,AE,2021-09-11,12:00:00,1631336400,33.7,30.5,38.5,22.6,346.0,0.0,0.0,United Arab Emirates
Abu Dhabi,AE,2021-09-12,12:00:00,1631422800,35.2,31.8,39.8,22.0,12.0,0.0,0.0,United Arab Emirates
Abu Dhabi,AE,2021-09-13,12:00:00,1631509200,34.4,32.1,37.3,22.4,341.0,0.0,0.0,United Arab Emirates
Abu Dhabi,AE,2021-09-14,12:00:00,1631595600,34.1,31.8,37.1,21.4,328.0,0.0,0.0,United Arab Emirates
Abu Dhabi,AE,2021-09-15,12:00:00,1631682000,34.1,31.5,39.3,24.7,353.0,0.0,0.0,United Arab Emirates
Abu Dhabi,AE,2021-09-16,12:00:00,1631768400,34.0,30.2,39.3,22.1,344.0,0.0,0.0,United Arab Emirates
Abu Dhabi,AE,2021-09-17,12:00:00,1631854800,34.8,32.4,37.4,23.9,326.0,0.0,0.0,United Arab Emirates
Abu Dhabi,AE,2021-09-18,12:00:00,1631941200,34.2,29.8,39.1,17.6,19.0,0.0,0.0,United Arab Emirates
Abu Dhabi,AE,2021-09-19,12:00:00,1632027600,34.7,30.1,40.9,24.0,35.0,0.0,0.0,United Arab Emirates
Abu Dhabi,AE,2021-09-20,12:00:00,1632114000,33.5,30.0,38.7,23.2,320.0,0.0,0.0,United Arab Emirates
Abu Dhabi,AE,2021-09-21,12:00:00,1632200400,32.9,30.1,35.7,20.9,290.0,0.0,0.0,United Arab Emirates
Abu Dhabi,AE,2021-09-22,12:00:00,1632286800,33.3,31.2,35.3,20.0,294.0,0.0,0.0,United Arab Emirates
Abu Dhabi,AE,2021-09-23,12:00:00,1632373200,33.3,30.7,35.8,21.2,307.0,0.0,0.0,United Arab Emirates
Abu Dhabi,AE,2021-09-24,12:00:00,1632459600,32.3,28.3,34.8,20.9,344.0,0.0,0.0,United Arab Emirates
Abu Dhabi,AE,2021-09-25,12:00:00,1632546000,32.9,30.2,35.3,21.1,339.0,0.0,0.0,United Arab Emirates
Abu Dhabi,AE,2021-09-26,12:00:00,1632632400,33.8,31.4,37.0,31.3,303.0,0.0,0.0,United Arab Emirates
Abu Dhabi,AE,2021-09-27,12:00:00,1632718800,32.5,30.6,34.7,26.1,305.0,0.0,0.0,United Arab Emirates
Abu Dhabi,AE,2021-09-28,12:00:00,1632805200,32.6,30.5,35.8,26.1,343.0,0.0,0.0,United Arab Emirates
Abu Dhabi,AE,2021-09-29,12:00:00,1632891600,33.2,31.3,36.3,21.0,348.0,0.0,0.0,United Arab Emirates
Abu Dhabi,AE,2021-09-30,12:00:00,1632978000,32.5,29.5,36.2,23.7,345.0,0.0,0.0,United Arab Emirates
Abu Dhabi,AE,2021-10-01,12:00:00,1633064400,32.1,28.7,35.6,21.4,310.0,0.0,0.0,United Arab Emirates
Abu Dhabi,AE,2021-10-02,12:00:00,1633150800,32.5,29.2,35.9,20.3,331.0,0.0,0.0,United Arab Emirates
Abu Dhabi,AE,2021-10-03,12:00:00,1633237200,34.4,29.9,39.9,32.1,111.0,0.0,0.0,United Arab Emirates
Abu Dhabi,AE,2021-10-04,12:00:00,1633323600,32.6,29.6,36.8,24.4,54.0,0.0,0.0,United Arab Emirates
Abu Dhabi,AE,2021-10-05,12:00:00,1633410000,32.4,29.4,36.1,22.9,26.0,0.0,0.0,United Arab Emirates
Abu Dhabi,AE,2021-10-06,12:00:00,1633496400,31.8,29.0,35.0,21.7,30.0,0.0,0.0,United Arab Emirates
Abu Dhabi,AE,2021-10-07,12:00:00,1633582800,32.3,29.0,36.0,22.8,3.0,0.0,0.0,United Arab Emirates
Abu Dhabi,AE,2021-10-08,12:00:00,1633669200,31.9,28.8,34.7,21.9,336.0,0.0,0.0,United Arab Emirates
Abu Dhabi,AE,2021-10-09,12:00:00,1633755600,31.9,29.1,35.7,19.1,311.0,0.0,0.0,United Arab Emirates
Abu Dhabi,AE,2021-10-10,12:00:00,1633842000,32.6,29.2,35.8,25.5,320.0,0.0,0.0,United Arab Emirates
Abu Dhabi,AE,2021-10-11,12:00:00,1633928400,31.6,29.4,33.5,19.9,334.0,0.0,0.0,United Arab Emirates
Abu Dhabi,AE,2021-10-12,12:00:00,1634014800,32.7,29.7,37.6,23.6,31.0,0.0,0.0,United Arab Emirates
Abu Dhabi,AE,2021-10-13,12:00:00,1634101200,32.2,27.0,37.4,18.1,51.0,0.0,0.0,United Arab Emirates
Abu Dhabi,AE,2021-10-14,12:00:00,1634187600,31.6,28.9,34.8,23.7,357.0,0.0,0.0,United Arab Emirates
Abu Dhabi,AE,2021-10-15,12:00:00,1634274000,30.8,27.9,34.0,22.7,323.0,0.0,0.0,United Arab Emirates
Abu Dhabi,AE,2021-10-16,12:00:00,1634360400,30.5,27.9,34.1,19.9,337.0,0.0,0.0,United Arab Emirates
Abu Dhabi,AE,2021-10-17,12:00:00,1634446800,31.4,27.4,38.3,17.0,30.0,0.0,0.0,United Arab Emirates
Abu Dhabi,AE,2021-10-18,12:00:00,1634533200,30.6,27.5,34.9,20.0,314.0,0.0,0.0,United Arab Emirates
Abu Dhabi,AE,2021-10-19,12:00:00,1634619600,31.8,29.8,34.0,28.5,311.0,0.0,0.0,United Arab Emirates
Abu Dhabi,AE,2021-10-20,12:00:00,1634706000,30.7,28.3,33.3,17.9,335.0,0.0,0.0,United Arab Emirates
Abu Dhabi,AE,2021-10-21,12:00:00,1634792400,30.8,27.5,33.8,24.3,307.0,0.0,0.0,United Arab Emirates
Abu Dhabi,AE,2021-10-22,12:00:00,1634878800,31.1,29.5,33.1,24.2,317.0,0.0,0.0,United Arab Emirates
Abu Dhabi,AE,2021-10-23,12:00:00,1634965200,30.1,27.5,32.3,18.8,342.0,0.0,0.0,United Arab Emirates
Abu Dhabi,AE,2021-10-24,12:00:00,1635051600,29.3,27.2,31.5,20.4,300.0,0.0,0.0,United Arab Emirates
Abu Dhabi,AE,2021-10-25,12:00:00,1635138000,28.6,24.7,32.7,14.4,264.0,0.0,0.0,United Arab Emirates
Abu Dhabi,AE,2021-10-26,12:00:00,1635224400,29.9,27.1,32.8,23.2,313.0,0.0,0.0,United Arab Emirates
Abu Dhabi,AE,2021-10-27,12:00:00,1635310800,30.0,28.0,32.3,18.7,347.0,0.0,0.0,United Arab Emirates
Abu Dhabi,AE,2021-10-28,12:00:00,1635397200,29.0,25.5,33.2,22.6,69.0,0.0,0.0,United Arab Emirates
Abu Dhabi,AE,2021-10-29,12:00:00,1635483600,29.5,26.1,33.3,25.3,64.0,0.0,0.0,United Arab Emirates
Abu Dhabi,AE,2021-10-30,12:00:00,1635570000,29.1,24.9,33.1,19.1,1.0,0.0,0.0,United Arab Emirates
Abu Dhabi,AE,2021-10-31,12:00:00,1635656400,30.2,27.5,33.6,25.4,355.0,0.0,0.0,United Arab Emirates
Abu Dhabi,AE,2021-11-01,12:00:00,1635742800,29.6,27.2,32.5,21.4,334.0,0.0,0.0,United Arab Emirates
Abu Dhabi,AE,2021-11-02,12:00:00,1635829200,29.0,26.3,31.6,22.7,325.0,0.0,0.0,United Arab Emirates
Abu Dhabi,AE,2021-11-03,12:00:00,1635915600,28.8,26.0,31.8,21.5,342.0,0.0,0.0,United Arab Emirates
Abu Dhabi,AE,2021-11-04,12:00:00,1636002000,28.2,24.7,31.0,17.8,330.0,0.0,0.0,United Arab Emirates
Abu Dhabi,AE,2021-11-05,12:00:00,1636088400,27.9,24.6,30.5,18.7,321.0,0.0,0.0,United Arab Emirates
Abu Dhabi,AE,2021-11-06,12:00:00,1636174800,28.1,25.3,30.3,19.2,327.0,0.0,0.0,United Arab Emirates
Abu Dhabi,AE,2021-11-07,12:00:00,1636261200,28.4,24.3,31.5,17.4,35.0,0.0,0.0,United Arab Emirates
Abu Dhabi,AE,2021-11-08,12:00:00,1636347600,27.5,24.6,32.2,30.5,73.0,0.0,0.0,United Arab Emirates
Abu Dhabi,AE,2021-11-09,12:00:00,1636434000,27.5,23.9,30.0,17.1,5.0,0.0,0.0,United Arab Emirates
Abu Dhabi,AE,2021-11-10,12:00:00,1636520400,27.3,24.3,29.5,18.7,1.0,0.0,0.0,United Arab Emirates
Abu Dhabi,AE,2021-11-11,12:00:00,1636606800,27.2,22.5,30.6,16.9,24.0,0.0,0.0,United Arab Emirates
Abu Dhabi,AE,2021-11-12,12:00:00,1636693200,27.3,22.6,31.3,20.3,34.0,0.0,0.0,United Arab Emirates
Abu Dhabi,AE,2021-11-13,12:00:00,1636779600,26.6,22.0,30.0,21.9,343.0,0.0,0.0,United Arab Emirates
Abu Dhabi,AE,2021-11-14,12:00:00,1636866000,27.3,25.5,29.2,23.3,318.0,0.0,0.0,United Arab Emirates
Abu Dhabi,AE,2021-11-15,12:00:00,1636952400,26.9,23.2,29.8,16.7,341.0,0.0,0.0,United Arab Emirates
Abu Dhabi,AE,2021-11-16,12:00:00,1637038800,27.1,23.0,29.6,14.4,301.0,0.0,0.0,United Arab Emirates
Abu Dhabi,AE,2021-11-17,12:00:00,1637125200,26.5,22.9,29.2,16.6,4.0,0.0,0.0,United Arab Emirates
Abu Dhabi,AE,2021-11-18,12:00:00,1637211600,26.8,24.3,29.2,18.9,353.0,0.0,0.0,United Arab Emirates
Abu Dhabi,AE,2021-11-19,12:00:00,1637298000,26.4,24.3,27.9,19.8,334.0,0.1,0.0,United Arab Emirates
Abu Dhabi,AE,2021-11-20,12:00:00,1637384400,25.9,23.0,28.7,17.8,34.0,0.0,0.0,United Arab Emirates
Abu Dhabi,AE,2021-11-21,12:00:00,1637470800,25.8,21.5,30.3,15.0,51.0,0.0,0.0,United Arab Emirates
Abu Dhabi,AE,2021-11-22,12:00:00,1637557200,26.8,23.1,31.5,16.6,34.0,0.0,0.0,United Arab Emirates
Abu Dhabi,AE,2021-11-23,12:00:00,1637643600,26.5,22.4,30.1,21.7,342.0,0.0,0.0,United Arab Emirates
Abu Dhabi,AE,2021-11-24,12:00:00,1637730000,27.2,25.8,29.4,27.9,324.0,0.0,0.0,United Arab Emirates
Abu Dhabi,AE,2021-11-25,12:00:00,1637816400,26.5,24.8,28.3,24.7,318.0,0.0,0.0,United Arab Emirates
Abu Dhabi,AE,2021-11-26,12:00:00,1637902800,26.5,23.4,29.1,23.0,332.0,0.0,0.0,United Arab Emirates
Abu Dhabi,AE,2021-11-27,12:00:00,1637989200,26.6,23.5,30.0,22.1,311.0,0.0,0.0,United Arab Emirates
Abu Dhabi,AE,2021-11-28,12:00:00,1638075600,26.6,24.9,28.8,26.7,311.0,0.0,0.0,United Arab Emirates
Abu Dhabi,AE,2021-11-29,12:00:00,1638162000,25.1,23.5,27.0,24.6,304.0,0.0,0.0,United Arab Emirates
Abu Dhabi,AE,2021-11-30,12:00:00,1638248400,24.8,21.5,27.2,21.6,13.0,0.0,0.0,United Arab Emirates
Abu Dhabi,AE,2021-12-01,12:00:00,1638334800,24.6,21.2,28.0,18.6,44.0,0.0,0.0,United Arab Emirates
Abu Dhabi,AE,2021-12-02,12:00:00,1638421200,24.8,21.0,28.6,16.2,33.0,0.0,0.0,United Arab Emirates
Abu Dhabi,AE,2021-12-03,12:00:00,1638507600,24.8,20.7,28.5,22.9,273.0,0.0,0.0,United Arab Emirates
Abu Dhabi,AE,2021-12-04,12:00:00,1638594000,24.1,22.8,24.9,27.6,303.0,0.0,0.0,United Arab Emirates
Abu Dhabi,AE,2021-12-05,12:00:00,1638680400,24.3,22.4,26.2,18.7,334.0,0.0,0.0,United Arab Emirates
Abu Dhabi,AE,2021-12-06,12:00:00,1638766800,23.1,20.0,26.3,18.5,274.0,0.0,0.0,United Arab Emirates
Abu Dhabi,AE,2021-12-07,12:00:00,1638853200,22.5,18.9,25.1,15.9,331.0,0.0,0.0,United Arab Emirates
Abu Dhabi,AE,2021-12-08,12:00:00,1638939600,24.3,20.2,28.6,26.8,38.0,0.0,0.0,United Arab Emirates
Abu Dhabi,AE,2021-12-09,12:00:00,1639026000,22.4,16.7,26.9,13.8,48.0,0.0,0.0,United Arab Emirates
Abu Dhabi,AE,2021-12-10,12:00:00,1639112400,23.4,19.7,26.6,17.1,3.0,0.0,0.0,United Arab Emirates
Abu Dhabi,AE,2021-12-11,12:00:00,1639198800,24.4,21.1,26.7,18.6,327.0,0.0,0.0,United Arab Emirates
Abu Dhabi,AE,2021-12-12,12:00:00,1639285200,24.0,22.1,25.5,19.7,319.0,0.0,0.0,United Arab Emirates
Abu Dhabi,AE,2021-12-13,12:00:00,1639371600,23.3,20.4,26.2,17.3,360.0,0.0,0.0,United Arab Emirates
Abu Dhabi,AE,2021-12-14,12:00:00,1639458000,22.7,18.7,25.7,10.9,8.0,0.0,0.0,United Arab Emirates
Abu Dhabi,AE,2021-12-15,12:00:00,1639544400,23.0,19.0,26.7,17.2,10.0,0.0,0.0,United Arab Emirates
Abu Dhabi,AE,2021-12-16,12:00:00,1639630800,23.2,19.0,26.5,14.7,25.0,0.0,0.0,United Arab Emirates
Abu Dhabi,AE,2021-12-17,12:00:00,1639717200,22.9,18.7,26.5,15.6,45.0,0.0,0.0,United Arab Emirates
Abu Dhabi,AE,2021-12-18,12:00:00,1639803600,22.9,18.1,26.6,16.0,105.0,0.0,0.0,United Arab Emirates
Abu Dhabi,AE,2021-12-19,12:00:00,1639890000,23.0,18.7,26.5,17.4,68.0,0.0,0.0,United Arab Emirates
Abu Dhabi,AE,2021-12-20,12:00:00,1639976400,22.8,18.5,26.9,13.8,71.0,0.0,0.0,United Arab Emirates
Abu Dhabi,AE,2021-12-21,12:00:00,1640062800,22.7,17.6,27.4,12.3,162.0,0.0,0.0,United Arab Emirates
Abu Dhabi,AE,2021-12-22,12:00:00,1640149200,22.9,19.4,26.5,32.9,290.0,0.1,0.0,United Arab Emirates
Abu Dhabi,AE,2021-12-23,12:00:00,1640235600,23.2,21.6,25.2,28.0,302.0,0.0,0.0,United Arab Emirates
Abu Dhabi,AE,2021-12-24,12:00:00,1640322000,23.1,20.9,25.6,21.2,300.0,0.0,0.0,United Arab Emirates
Abu Dhabi,AE,2021-12-25,12:00:00,1640408400,22.9,19.6,25.1,23.4,303.0,0.0,0.0,United Arab Emirates
Abu Dhabi,AE,2021-12-26,12:00:00,1640494800,23.5,22.2,25.4,30.4,323.0,0.0,0.0,United Arab Emirates
Abu Dhabi,AE,2021-12-27,12:00:00,1640581200,22.5,21.1,24.2,30.6,317.0,0.0,0.0,United Arab Emirates
Abu Dhabi,AE,2021-12-28,12:00:00,1640667600,22.6,20.6,24.7,21.8,318.0,0.0,0.0,United Arab Emirates
Abu Dhabi,AE,2021-12-29,12:00:00,1640754000,21.9,18.7,24.5,16.9,358.0,0.0,0.0,United Arab Emirates
Abu Dhabi,AE,2021-12-30,12:00:00,1640840400,22.8,20.3,26.7,13.6,73.0,0.0,0.0,United Arab Emirates
Abu Dhabi,AE,2021-12-31,12:00:00,1640926800,22.7,19.5,26.8,18.1,99.0,0.0,0.0,United Arab Emirates
Abu Dhabi,AE,2022-01-01,12:00:00,1641013200,20.9,19.6,23.6,27.2,69.0,23.1,0.0,United Arab Emirates
Abu Dhabi,AE,2022-01-02,12:00:00,1641099600,22.7,19.4,25.8,44.1,163.0,0.0,0.0,United Arab Emirates
Abu Dhabi,AE,2022-01-03,12:00:00,1641186000,23.1,21.8,24.4,25.8,262.0,0.1,0.0,United Arab Emirates
Abu Dhabi,AE,2022-01-04,12:00:00,1641272400,20.8,19.6,22.0,33.1,301.0,3.4,0.0,United Arab Emirates
Abu Dhabi,AE,2022-01-05,12:00:00,1641358800,19.2,18.4,20.0,36.9,288.0,1.2,0.0,United Arab Emirates
Abu Dhabi,AE,2022-01-06,12:00:00,1641445200,19.9,18.2,21.8,39.3,310.0,0.0,0.0,United Arab Emirates
Abu Dhabi,AE,2022-01-07,12:00:00,1641531600,19.7,15.3,23.0,22.4,26.0,0.0,0.0,United Arab Emirates
Abu Dhabi,AE,2022-01-08,12:00:00,1641618000,19.1,15.4,22.1,16.8,89.0,0.0,0.0,United Arab Emirates
Abu Dhabi,AE,2022-01-09,12:00:00,1641704400,20.9,19.6,22.4,21.1,304.0,0.0,0.0,United Arab Emirates
Abu Dhabi,AE,2022-01-10,12:00:00,1641790800,20.9,18.6,23.4,17.1,354.0,0.0,0.0,United Arab Emirates
Abu Dhabi,AE,2022-01-11,12:00:00,1641877200,19.6,15.8,22.6,14.8,23.0,0.0,0.0,United Arab Emirates
Abu Dhabi,AE,2022-01-12,12:00:00,1641963600,20.9,18.2,23.3,12.0,318.0,0.0,0.0,United Arab Emirates
Abu Dhabi,AE,2022-01-13,12:00:00,1642050000,20.4,17.6,23.4,15.0,342.0,0.0,0.0,United Arab Emirates
Abu Dhabi,AE,2022-01-14,12:00:00,1642136400,20.5,16.2,25.8,18.7,153.0,0.0,0.0,United Arab Emirates
Abu Dhabi,AE,2022-01-15,12:00:00,1642222800,21.5,17.9,26.2,34.5,147.0,0.1,0.0,United Arab Emirates
Abu Dhabi,AE,2022-01-16,12:00:00,1642309200,22.0,19.5,25.3,35.1,157.0,2.7,0.0,United Arab Emirates
Abu Dhabi,AE,2022-01-17,12:00:00,1642395600,23.3,20.4,27.7,35.7,160.0,0.0,0.0,United Arab Emirates
Abu Dhabi,AE,2022-01-18,12:00:00,1642482000,22.8,20.3,27.5,31.0,206.0,0.0,0.0,United Arab Emirates
Abu Dhabi,AE,2022-01-19,12:00:00,1642568400,22.1,20.9,24.0,18.9,343.0,0.1,0.0,United Arab Emirates
Abu Dhabi,AE,2022-01-20,12:00:00,1642654800,21.9,20.4,24.2,29.0,319.0,0.0,0.0,United Arab Emirates
Abu Dhabi,AE,2022-01-21,12:00:00,1642741200,18.7,16.7,20.3,51.2,308.0,0.0,0.0,United Arab Emirates
Abu Dhabi,AE,2022-01-22,12:00:00,1642827600,18.5,16.8,20.8,44.5,316.0,0.0,0.0,United Arab Emirates
Abu Dhabi,AE,2022-01-23,12:00:00,1642914000,18.9,17.7,20.3,26.3,315.0,0.0,0.0,United Arab Emirates
Abu Dhabi,AE,2022-01-24,12:00:00,1643000400,19.7,17.6,22.0,24.5,324.0,0.0,0.0,United Arab Emirates
Abu Dhabi,AE,2022-01-25,12:00:00,1643086800,19.7,16.9,22.3,18.7,308.0,0.0,0.0,United Arab Emirates
Abu Dhabi,AE,2022-01-26,12:00:00,1643173200,19.9,16.8,23.3,13.6,339.0,0.0,0.0,United Arab Emirates
Abu Dhabi,AE,2022-01-27,12:00:00,1643259600,20.6,16.1,27.4,15.4,73.0,0.0,0.0,United Arab Emirates
Abu Dhabi,AE,2022-01-28,12:00:00,1643346000,19.9,16.5,23.3,30.7,323.0,0.0,0.0,United Arab Emirates
Abu Dhabi,AE,2022-01-29,12:00:00,1643432400,19.9,18.3,21.9,24.5,318.0,0.0,0.0,United Arab Emirates
Abu Dhabi,AE,2022-01-30,12:00:00,1643518800,19.9,17.9,22.2,22.1,309.0,0.0,0.0,United Arab Emirates
Abu Dhabi,AE,2022-01-31,12:00:00,1643605200,20.1,17.7,22.8,15.8,300.0,0.0,0.0,United Arab Emirates
Abu Dhabi,AE,2022-02-01,12:00:00,1643691600,20.5,17.4,25.4,12.6,285.0,0.0,0.0,United Arab Emirates
Abu Dhabi,AE,2022-02-02,12:00:00,1643778000,20.3,18.9,22.0,28.8,318.0,0.0,0.0,United Arab Emirates
Abu Dhabi,AE,2022-02-03,12:00:00,1643864400,20.5,17.0,23.6,22.9,357.0,0.0,0.0,United Arab Emirates
Abu Dhabi,AE,2022-02-04,12:00:00,1643950800,20.5,17.1,23.7,15.5,346.0,0.0,0.0,United Arab Emirates
Abu Dhabi,AE,2022-02-05,12:00:00,1644037200,20.8,16.7,26.7,26.8,258.0,0.0,0.0,United Arab Emirates
Abu Dhabi,AE,2022-02-06,12:00:00,1644123600,20.1,18.6,21.5,38.2,309.0,0.0,0.0,United Arab Emirates
Abu Dhabi,AE,2022-02-07,12:00:00,1644210000,19.1,17.9,20.8,36.3,302.0,0.0,0.0,United Arab Emirates
Abu Dhabi,AE,2022-02-08,12:00:00,1644296400,19.6,17.9,21.6,38.4,303.0,0.0,0.0,United Arab Emirates
Abu Dhabi,AE,2022-02-09,12:00:00,1644382800,19.9,18.0,22.0,25.0,318.0,0.0,0.0,United Arab Emirates
Abu Dhabi,AE,2022-02-10,12:00:00,1644469200,20.0,16.3,23.0,16.5,344.0,0.0,0.0,United Arab Emirates
Abu Dhabi,AE,2022-02-11,12:00:00,1644555600,21.2,16.6,26.7,16.1,66.0,0.0,0.0,United Arab Emirates
Abu Dhabi,AE,2022-02-12,12:00:00,1644642000,21.8,17.2,27.4,22.4,21.0,0.0,0.0,United Arab Emirates
Abu Dhabi,AE,2022-02-13,12:00:00,1644728400,19.5,18.1,20.7,32.6,299.0,0.0,0.0,United Arab Emirates
Abu Dhabi,AE,2022-02-14,12:00:00,1644814800,19.8,17.3,22.2,20.9,346.0,0.0,0.0,United Arab Emirates
Abu Dhabi,AE,2022-02-15,12:00:00,1644901200,21.5,19.0,24.6,22.9,354.0,0.0,0.0,United Arab Emirates
Abu Dhabi,AE,2022-02-16,12:00:00,1644987600,20.7,17.7,23.4,22.4,330.0,0.0,0.0,United Arab Emirates
Abu Dhabi,AE,2022-02-17,12:00:00,1645074000,19.9,16.7,22.3,22.2,304.0,0.0,0.0,United Arab Emirates
Abu Dhabi,AE,2022-02-18,12:00:00,1645160400,20.2,17.0,23.4,15.8,327.0,0.0,0.0,United Arab Emirates
Abu Dhabi,AE,2022-02-19,12:00:00,1645246800,20.5,15.6,25.9,18.4,41.0,0.0,0.0,United Arab Emirates
Abu Dhabi,AE,2022-02-20,12:00:00,1645333200,24.2,17.5,30.7,25.1,149.0,0.0,0.0,United Arab Emirates
Abu Dhabi,AE,2022-02-21,12:00:00,1645419600,21.6,19.2,24.1,32.2,299.0,0.0,0.0,United Arab Emirates
Abu Dhabi,AE,2022-02-22,12:00:00,1645506000,20.4,18.8,22.5,31.0,297.0,0.0,0.0,United Arab Emirates
Abu Dhabi,AE,2022-02-23,12:00:00,1645592400,20.5,18.4,22.8,19.6,317.0,0.0,0.0,United Arab Emirates
Abu Dhabi,AE,2022-02-24,12:00:00,1645678800,19.7,16.7,23.2,15.9,300.0,0.0,0.0,United Arab Emirates
Abu Dhabi,AE,2022-02-25,12:00:00,1645765200,19.9,15.9,24.8,15.5,26.0,0.0,0.0,United Arab Emirates
Abu Dhabi,AE,2022-02-26,12:00:00,1645851600,22.5,17.0,30.4,19.1,61.0,0.0,0.0,United Arab Emirates
Abu Dhabi,AE,2022-02-27,12:00:00,1645938000,24.4,20.9,31.9,28.3,83.0,0.0,0.0,United Arab Emirates
Abu Dhabi,AE,2022-02-28,12:00:00,1646024400,22.1,20.4,24.7,25.4,327.0,0.0,0.0,United Arab Emirates
Abu Dhabi,AE,2022-03-01,12:00:00,1646110800,21.1,19.3,23.1,23.8,308.0,0.0,0.0,United Arab Emirates
Abu Dhabi,AE,2022-03-02,12:00:00,1646197200,20.5,17.3,23.8,21.3,302.0,0.0,0.0,United Arab Emirates
Abu Dhabi,AE,2022-03-03,12:00:00,1646283600,20.5,16.7,24.5,11.6,341.0,0.0,0.0,United Arab Emirates
Abu Dhabi,AE,2022-03-04,12:00:00,1646370000,23.6,17.7,32.7,24.9,93.0,0.0,0.0,United Arab Emirates
Abu Dhabi,AE,2022-03-05,12:00:00,1646456400,24.1,20.5,27.9,16.3,88.0,0.0,0.0,United Arab Emirates
Abu Dhabi,AE,2022-03-06,12:00:00,1646542800,23.4,20.3,27.5,17.4,341.0,0.0,0.0,United Arab Emirates
Abu Dhabi,AE,2022-03-07,12:00:00,1646629200,25.8,20.3,34.9,24.0,111.0,0.0,0.0,United Arab Emirates
Abu Dhabi,AE,2022-03-08,12:00:00,1646715600,29.4,24.2,35.4,35.5,171.0,0.0,0.0,United Arab Emirates
Abu Dhabi,AE,2022-03-09,12:00:00,1646802000,27.7,24.3,32.4,28.9,173.0,0.0,0.0,United Arab Emirates
Abu Dhabi,AE,2022-03-10,12:00:00,1646888400,30.0,23.8,37.5,26.8,165.0,0.0,0.0,United Arab Emirates
Abu Dhabi,AE,2022-03-11,12:00:00,1646974800,30.2,25.3,38.6,29.8,166.0,0.0,0.0,United Arab Emirates
Abu Dhabi,AE,2022-03-12,12:00:00,1647061200,27.9,24.0,35.8,27.1,193.0,0.0,0.0,United Arab Emirates
Abu Dhabi,AE,2022-03-13,12:00:00,1647147600,26.3,22.2,31.1,19.4,8.0,0.0,0.0,United Arab Emirates
Abu Dhabi,AE,2022-03-14,12:00:00,1647234000,26.3,21.6,32.2,22.0,359.0,0.0,0.0,United Arab Emirates
Abu Dhabi,AE,2022-03-15,12:00:00,1647320400,27.4,21.1,35.2,18.8,33.0,0.0,0.0,United Arab Emirates
Abu Dhabi,AE,2022-03-16,12:00:00,1647406800,27.5,22.3,36.1,26.3,301.0,0.0,0.0,United Arab Emirates
Abu Dhabi,AE,2022-03-17,12:00:00,1647493200,22.6,20.5,24.4,42.3,309.0,0.0,0.0,United Arab Emirates
Abu Dhabi,AE,2022-03-18,12:00:00,1647579600,21.1,19.6,23.4,38.3,304.0,0.0,0.0,United Arab Emirates
Abu Dhabi,AE,2022-03-19,12:00:00,1647666000,21.4,19.2,23.9,37.9,298.0,0.0,0.0,United Arab Emirates
Abu Dhabi,AE,2022-03-20,12:00:00,1647752400,22.8,20.7,25.5,30.2,293.0,0.0,0.0,United Arab Emirates
Abu Dhabi,AE,2022-03-21,12:00:00,1647838800,22.9,19.1,26.6,21.4,287.0,0.0,0.0,United Arab Emirates
Abu Dhabi,AE,2022-03-22,12:00:00,1647925200,23.2,18.6,28.4,16.7,274.0,0.0,0.0,United Arab Emirates
Abu Dhabi,AE,2022-03-23,12:00:00,1648011600,25.0,19.2,32.5,17.1,10.0,0.0,0.0,United Arab Emirates
Abu Dhabi,AE,2022-03-24,12:00:00,1648098000,27.7,20.5,36.8,19.8,36.0,0.0,0.0,United Arab Emirates
Abu Dhabi,AE,2022-03-25,12:00:00,1648184400,27.7,23.5,37.0,28.1,345.0,0.0,0.0,United Arab Emirates
Abu Dhabi,AE,2022-03-26,12:00:00,1648270800,24.9,21.8,28.0,29.0,317.0,0.0,0.0,United Arab Emirates
Abu Dhabi,AE,2022-03-27,12:00:00,1648357200,23.4,21.6,25.5,36.2,315.0,0.0,0.0,United Arab Emirates
Abu Dhabi,AE,2022-03-28,12:00:00,1648443600,22.3,20.6,24.3,35.5,302.0,0.0,0.0,United Arab Emirates
Abu Dhabi,AE,2022-03-29,12:00:00,1648530000,22.2,20.5,24.7,31.5,308.0,0.0,0.0,United Arab Emirates
Abu Dhabi,AE,2022-03-30,12:00:00,1648616400,22.2,19.7,25.1,22.7,319.0,0.0,0.0,United Arab Emirates
Abu Dhabi,AE,2022-03-31,12:00:00,1648702800,23.6,20.0,28.0,21.8,306.0,0.0,0.0,United Arab Emirates
Abu Dhabi,AE,2022-04-01,12:00:00,1648789200,23.7,19.4,28.5,25.3,275.0,0.0,0.0,United Arab Emirates
Abu Dhabi,AE,2022-04-02,12:00:00,1648875600,24.9,20.5,29.6,25.9,296.0,0.0,0.0,United Arab Emirates
Abu Dhabi,AE,2022-04-03,12:00:00,1648962000,24.1,20.0,28.2,23.9,294.0,0.0,0.0,United Arab Emirates
Abu Dhabi,AE,2022-04-04,12:00:00,1649048400,24.0,20.0,29.2,23.1,294.0,0.0,0.0,United Arab Emirates
Abu Dhabi,AE,2022-04-05,12:00:00,1649134800,25.2,21.1,30.6,25.1,342.0,0.0,0.0,United Arab Emirates
Abu Dhabi,AE,2022-04-06,12:00:00,1649221200,27.8,22.6,36.5,27.8,357.0,0.0,0.0,United Arab Emirates
Abu Dhabi,AE,2022-04-07,12:00:00,1649307600,29.0,21.8,38.3,19.2,46.0,0.0,0.0,United Arab Emirates
Abu Dhabi,AE,2022-04-08,12:00:00,1649394000,29.6,23.7,38.2,17.6,38.0,0.0,0.0,United Arab Emirates
Abu Dhabi,AE,2022-04-09,12:00:00,1649480400,28.0,23.6,33.2,17.7,327.0,0.0,0.0,United Arab Emirates
Abu Dhabi,AE,2022-04-10,12:00:00,1649566800,29.2,23.8,38.6,26.3,345.0,0.0,0.0,United Arab Emirates
Abu Dhabi,AE,2022-04-11,12:00:00,1649653200,27.1,23.5,31.0,20.3,296.0,0.0,0.0,United Arab Emirates
Abu Dhabi,AE,2022-04-12,12:00:00,1649739600,28.6,24.7,33.2,20.4,294.0,0.0,0.0,United Arab Emirates
Abu Dhabi,AE,2022-04-13,12:00:00,1649826000,30.4,24.1,37.5,21.4,352.0,0.0,0.0,United Arab Emirates
Abu Dhabi,AE,2022-04-14,12:00:00,1649912400,30.7,25.5,36.8,24.1,14.0,0.0,0.0,United Arab Emirates
Abu Dhabi,AE,2022-04-15,12:00:00,1649998800,30.0,25.6,34.9,25.6,359.0,0.0,0.0,United Arab Emirates
Abu Dhabi,AE,2022-04-16,12:00:00,1650085200,30.7,26.1,36.3,26.1,327.0,0.0,0.0,United Arab Emirates
Abu Dhabi,AE,2022-04-17,12:00:00,1650171600,29.5,27.1,32.9,28.1,310.0,0.0,0.0,United Arab Emirates
Abu Dhabi,AE,2022-04-18,12:00:00,1650258000,27.7,25.7,29.6,33.9,304.0,0.0,0.0,United Arab Emirates
Abu Dhabi,AE,2022-04-19,12:00:00,1650344400,27.0,24.6,29.9,24.0,295.0,0.0,0.0,United Arab Emirates
Abu Dhabi,AE,2022-04-20,12:00:00,1650430800,25.6,22.4,29.8,19.1,322.0,0.0,0.0,United Arab Emirates
Abu Dhabi,AE,2022-04-21,12:00:00,1650517200,26.2,21.5,32.6,19.4,10.0,0.0,0.0,United Arab Emirates
Abu Dhabi,AE,2022-04-22,12:00:00,1650603600,27.6,21.8,34.8,26.3,347.0,0.0,0.0,United Arab Emirates
Abu Dhabi,AE,2022-04-23,12:00:00,1650690000,28.3,25.7,32.1,26.0,309.0,0.0,0.0,United Arab Emirates
Abu Dhabi,AE,2022-04-24,12:00:00,1650776400,29.1,23.7,34.9,24.3,360.0,0.0,0.0,United Arab Emirates
Abu Dhabi,AE,2022-04-25,12:00:00,1650862800,30.2,24.5,38.2,30.7,30.0,0.0,0.0,United Arab Emirates
Abu Dhabi,AE,2022-04-26,12:00:00,1650949200,30.0,25.8,37.2,37.1,348.0,0.0,0.0,United Arab Emirates
Abu Dhabi,AE,2022-04-27,12:00:00,1651035600,29.0,25.0,32.7,20.7,344.0,0.0,0.0,United Arab Emirates
Abu Dhabi,AE,2022-04-28,12:00:00,1651122000,30.6,26.0,36.9,27.8,14.0,0.0,0.0,United Arab Emirates
Abu Dhabi,AE,2022-04-29,12:00:00,1651208400,30.2,26.7,38.9,38.1,2.0,0.0,0.0,United Arab Emirates
Abu Dhabi,AE,2022-04-30,12:00:00,1651294800,28.3,26.6,30.6,27.7,311.0,0.0,0.0,United Arab Emirates
Abu Dhabi,AE,2022-05-01,12:00:00,1651381200,28.3,24.8,32.1,22.1,287.0,0.0,0.0,United Arab Emirates
Abu Dhabi,AE,2022-05-02,12:00:00,1651467600,29.7,25.1,36.6,25.0,314.0,0.0,0.0,United Arab Emirates
Abu Dhabi,AE,2022-05-03,12:00:00,1651554000,29.1,26.8,32.1,38.0,294.0,0.0,0.0,United Arab Emirates
Abu Dhabi,AE,2022-05-04,12:00:00,1651640400,28.8,26.2,32.0,29.8,295.0,0.0,0.0,United Arab Emirates
Abu Dhabi,AE,2022-05-05,12:00:00,1651726800,29.9,24.3,35.1,20.2,297.0,0.0,0.0,United Arab Emirates
Abu Dhabi,AE,2022-05-06,12:00:00,1651813200,31.9,25.1,41.6,28.0,109.0,0.0,0.0,United Arab Emirates
Abu Dhabi,AE,2022-05-07,12:00:00,1651899600,33.3,29.2,40.6,30.8,111.0,0.0,0.0,United Arab Emirates
Abu Dhabi,AE,2022-05-08,12:00:00,1651986000,32.2,28.0,38.4,28.0,324.0,0.0,0.0,United Arab Emirates
Abu Dhabi,AE,2022-05-09,12:00:00,1652072400,29.6,27.1,32.2,35.6,307.0,0.0,0.0,United Arab Emirates
Abu Dhabi,AE,2022-05-10,12:00:00,1652158800,29.1,27.2,31.6,42.1,300.0,0.0,0.0,United Arab Emirates
Abu Dhabi,AE,2022-05-11,12:00:00,1652245200,29.7,26.7,32.8,37.2,307.0,0.0,0.0,United Arab Emirates
Abu Dhabi,AE,2022-05-12,12:00:00,1652331600,31.0,28.3,34.3,35.7,324.0,0.0,0.0,United Arab Emirates
Abu Dhabi,AE,2022-05-13,12:00:00,1652418000,29.9,27.2,33.2,40.8,304.0,0.0,0.0,United Arab Emirates
Abu Dhabi,AE,2022-05-14,12:00:00,1652504400,28.4,26.5,30.6,37.6,288.0,0.0,0.0,United Arab Emirates
Abu Dhabi,AE,2022-05-15,12:00:00,1652590800,27.7,23.2,31.5,23.5,337.0,0.0,0.0,United Arab Emirates
Abu Dhabi,AE,2022-05-16,12:00:00,1652677200,30.0,26.7,34.9,23.0,353.0,0.0,0.0,United Arab Emirates
Abu Dhabi,AE,2022-05-17,12:00:00,1652763600,28.8,25.0,32.8,24.7,285.0,0.0,0.0,United Arab Emirates
Abu Dhabi,AE,2022-05-18,12:00:00,1652850000,29.5,25.9,34.4,20.0,271.0,0.0,0.0,United Arab Emirates
Abu Dhabi,AE,2022-05-19,12:00:00,1652936400,30.8,25.7,35.5,25.8,286.0,0.0,0.0,United Arab Emirates
Abu Dhabi,AE,2022-05-20,12:00:00,1653022800,31.2,28.2,34.6,23.8,291.0,0.0,0.0,United Arab Emirates
Abu Dhabi,AE,2022-05-21,12:00:00,1653109200,31.0,26.0,36.4,23.6,285.0,0.0,0.0,United Arab Emirates
Abu Dhabi,AE,2022-05-22,12:00:00,1653195600,31.5,28.8,35.3,27.5,290.0,0.0,0.0,United Arab Emirates
Abu Dhabi,AE,2022-05-23,12:00:00,1653282000,31.2,27.4,36.6,18.5,297.0,0.0,0.0,United Arab Emirates
Abu Dhabi,AE,2022-05-24,12:00:00,1653368400,30.5,27.3,34.4,22.9,304.0,0.0,0.0,United Arab Emirates
Abu Dhabi,AE,2022-05-25,12:00:00,1653454800,30.3,26.4,34.3,25.5,282.0,0.0,0.0,United Arab Emirates
Abu Dhabi,AE,2022-05-26,12:00:00,1653541200,30.8,27.8,34.3,30.8,289.0,0.0,0.0,United Arab Emirates
Abu Dhabi,AE,2022-05-27,12:00:00,1653627600,31.3,29.1,34.4,34.0,293.0,0.0,0.0,United Arab Emirates
Abu Dhabi,AE,2022-05-28,12:00:00,1653714000,30.9,27.9,34.1,36.1,303.0,0.0,0.0,United Arab Emirates
Abu Dhabi,AE,2022-05-29,12:00:00,1653800400,31.0,26.6,35.2,26.5,306.0,0.0,0.0,United Arab Emirates
Abu Dhabi,AE,2022-05-30,12:00:00,1653886800,31.0,28.4,34.6,32.3,286.0,0.0,0.0,United Arab Emirates
Abu Dhabi,AE,2022-05-31,12:00:00,1653973200,30.3,24.8,37.4,22.0,263.0,0.0,0.0,United Arab Emirates
Abu Dhabi,AE,2022-06-01,12:00:00,1654059600,31.5,25.2,40.0,21.2,22.0,0.0,0.0,United Arab Emirates
Abu Dhabi,AE,2022-06-02,12:00:00,1654146000,34.0,28.4,40.1,24.3,218.0,0.0,0.0,United Arab Emirates
Abu Dhabi,AE,2022-06-03,12:00:00,1654232400,31.9,28.2,38.4,23.8,351.0,0.0,0.0,United Arab Emirates
Abu Dhabi,AE,2022-06-04,12:00:00,1654318800,31.5,26.6,38.7,23.8,329.0,0.0,0.0,United Arab Emirates
Abu Dhabi,AE,2022-06-05,12:00:00,1654405200,31.7,26.5,38.3,23.0,350.0,0.0,0.0,United Arab Emirates
Abu Dhabi,AE,2022-06-06,12:00:00,1654491600,32.8,26.8,41.1,26.0,9.0,0.0,0.0,United Arab Emirates
Abu Dhabi,AE,2022-06-07,12:00:00,1654578000,33.7,27.6,41.8,26.3,24.0,0.0,0.0,United Arab Emirates
Abu Dhabi,AE,2022-06-08,12:00:00,1654664400,33.9,28.2,41.8,26.0,13.0,0.0,0.0,United Arab Emirates
Abu Dhabi,AE,2022-06-09,12:00:00,1654750800,33.1,27.8,39.1,21.2,276.0,0.0,0.0,United Arab Emirates
Abu Dhabi,AE,2022-06-10,12:00:00,1654837200,34.1,30.8,38.1,21.6,272.0,0.0,0.0,United Arab Emirates
Abu Dhabi,AE,2022-06-11,12:00:00,1654923600,34.0,31.0,36.4,38.7,295.0,0.0,0.0,United Arab Emirates
Abu Dhabi,AE,2022-06-12,12:00:00,1655010000,32.6,29.3,38.3,25.5,306.0,0.0,0.0,United Arab Emirates
Abu Dhabi,AE,2022-06-13,12:00:00,1655096400,33.3,29.9,37.7,32.3,19.0,0.0,0.0,United Arab Emirates
Abu Dhabi,AE,2022-06-14,12:00:00,1655182800,34.6,30.7,40.9,29.7,36.0,0.0,0.0,United Arab Emirates
Abu Dhabi,AE,2022-06-15,12:00:00,1655269200,33.8,30.4,38.8,22.4,351.0,0.0,0.0,United Arab Emirates
Abu Dhabi,AE,2022-06-16,12:00:00,1655355600,32.9,29.9,36.8,23.9,279.0,0.0,0.0,United Arab Emirates
Abu Dhabi,AE,2022-06-17,12:00:00,1655442000,32.5,30.3,35.4,25.5,297.0,0.0,0.0,United Arab Emirates
Abu Dhabi,AE,2022-06-18,12:00:00,1655528400,32.6,28.9,37.4,24.8,319.0,0.0,0.0,United Arab Emirates
Abu Dhabi,AE,2022-06-19,12:00:00,1655614800,34.7,29.4,42.2,21.7,354.0,0.0,0.0,United Arab Emirates
Abu Dhabi,AE,2022-06-20,12:00:00,1655701200,35.4,31.7,43.2,27.9,306.0,0.0,0.0,United Arab Emirates
Abu Dhabi,AE,2022-06-21,12:00:00,1655787600,34.8,28.9,41.7,18.6,284.0,0.0,0.0,United Arab Emirates
Abu Dhabi,AE,2022-06-22,12:00:00,1655874000,35.2,29.5,43.1,19.4,284.0,0.0,0.0,United Arab Emirates
Abu Dhabi,AE,2022-06-23,12:00:00,1655960400,35.6,29.6,43.0,35.8,82.0,0.0,0.0,United Arab Emirates
Abu Dhabi,AE,2022-06-24,12:00:00,1656046800,36.4,33.1,42.4,28.7,148.0,0.0,0.0,United Arab Emirates
Abu Dhabi,AE,2022-06-25,12:00:00,1656133200,33.4,30.2,37.7,23.2,298.0,0.0,0.0,United Arab Emirates
Abu Dhabi,AE,2022-06-26,12:00:00,1656219600,34.6,30.7,39.6,31.9,277.0,0.0,0.0,United Arab Emirates
Abu Dhabi,AE,2022-06-27,12:00:00,1656306000,34.2,31.6,37.4,37.9,320.0,0.0,0.0,United Arab Emirates
Abu Dhabi,AE,2022-06-28,12:00:00,1656392400,33.0,30.4,36.7,23.7,296.0,0.0,0.0,United Arab Emirates
Abu Dhabi,AE,2022-06-29,12:00:00,1656478800,32.5,29.9,36.5,22.5,288.0,0.0,0.0,United Arab Emirates
Abu Dhabi,AE,2022-06-30,12:00:00,1656565200,32.9,29.2,37.1,20.4,279.0,0.0,0.0,United Arab Emirates
Abu Dhabi,AE,2022-07-01,12:00:00,1656651600,33.0,29.5,37.5,19.4,295.0,0.0,0.0,United Arab Emirates
Abu Dhabi,AE,2022-07-02,12:00:00,1656738000,32.2,29.5,35.4,21.2,322.0,0.0,0.0,United Arab Emirates
Abu Dhabi,AE,2022-07-03,12:00:00,1656824400,33.0,30.3,36.5,21.9,297.0,0.0,0.0,United Arab Emirates
Abu Dhabi,AE,2022-07-04,12:00:00,1656910800,32.9,30.2,36.0,21.1,302.0,0.0,0.0,United Arab Emirates
Abu Dhabi,AE,2022-07-05,12:00:00,1656997200,32.9,30.6,35.1,20.7,327.0,0.0,0.0,United Arab Emirates
Abu Dhabi,AE,2022-07-06,12:00:00,1657083600,34.0,32.2,36.8,22.7,324.0,0.0,0.0,United Arab Emirates
Abu Dhabi,AE,2022-07-07,12:00:00,1657170000,35.2,32.9,38.6,22.9,21.0,0.0,0.0,United Arab Emirates
Abu Dhabi,AE,2022-07-08,12:00:00,1657256400,34.3,32.9,37.7,25.4,64.0,0.2,0.0,United Arab Emirates
Abu Dhabi,AE,2022-07-09,12:00:00,1657342800,34.3,31.9,37.2,23.7,91.0,0.0,0.0,United Arab Emirates
Abu Dhabi,AE,2022-07-10,12:00:00,1657429200,35.0,32.5,38.7,24.2,26.0,0.0,0.0,United Arab Emirates
Abu Dhabi,AE,2022-07-11,12:00:00,1657515600,33.0,29.4,38.2,26.9,139.0,0.0,0.0,United Arab Emirates
Abu Dhabi,AE,2022-07-12,12:00:00,1657602000,33.7,31.6,36.8,21.7,240.0,0.0,0.0,United Arab Emirates
Abu Dhabi,AE,2022-07-13,12:00:00,1657688400,34.8,32.1,37.8,23.7,267.0,0.0,0.0,United Arab Emirates
Abu Dhabi,AE,2022-07-14,12:00:00,1657774800,35.6,32.5,41.1,25.2,290.0,0.0,0.0,United Arab Emirates
Abu Dhabi,AE,2022-07-15,12:00:00,1657861200,35.3,31.4,39.3,21.5,359.0,0.0,0.0,United Arab Emirates
Abu Dhabi,AE,2022-07-16,12:00:00,1657947600,37.4,34.7,41.7,24.4,356.0,0.0,0.0,United Arab Emirates
Abu Dhabi,AE,2022-07-17,12:00:00,1658034000,35.8,32.0,41.3,18.3,349.0,0.0,0.0,United Arab Emirates
Abu Dhabi,AE,2022-07-18,12:00:00,1658120400,36.1,32.5,41.5,25.6,227.0,0.0,0.0,United Arab Emirates
Abu Dhabi,AE,2022-07-19,12:00:00,1658206800,35.4,33.1,39.1,21.4,243.0,0.0,0.0,United Arab Emirates
Abu Dhabi,AE,2022-07-20,12:00:00,1658293200,36.1,33.3,40.7,25.4,165.0,0.0,0.0,United Arab Emirates
Abu Dhabi,AE,2022-07-21,12:00:00,1658379600,36.2,32.8,41.3,21.6,32.0,0.0,0.0,United Arab Emirates
Abu Dhabi,AE,2022-07-22,12:00:00,1658466000,37.4,33.7,43.4,26.8,40.0,0.0,0.0,United Arab Emirates
Abu Dhabi,AE,2022-07-23,12:00:00,1658552400,37.4,34.1,42.3,26.9,269.0,0.0,0.0,United Arab Emirates
Abu Dhabi,AE,2022-07-24,12:00:00,1658638800,35.3,32.2,41.5,27.3,318.0,0.0,0.0,United Arab Emirates
Abu Dhabi,AE,2022-07-25,12:00:00,1658725200,34.2,31.4,37.5,27.8,331.0,0.0,0.0,United Arab Emirates
Abu Dhabi,AE,2022-07-26,12:00:00,1658811600,35.3,32.5,39.0,33.0,150.0,0.0,0.0,United Arab Emirates
Abu Dhabi,AE,2022-07-27,12:00:00,1658898000,32.4,29.3,35.7,40.0,98.0,0.7,0.0,United Arab Emirates
Abu Dhabi,AE,2022-07-28,12:00:00,1658984400,32.4,29.8,36.0,28.8,89.0,0.2,0.0,United Arab Emirates
Abu Dhabi,AE,2022-07-29,12:00:00,1659070800,33.8,31.2,38.7,30.9,88.0,0.1,0.0,United Arab Emirates
Abu Dhabi,AE,2022-07-30,12:00:00,1659157200,34.7,30.6,40.0,25.4,87.0,0.0,0.0,United Arab Emirates
Abu Dhabi,AE,2022-07-31,12:00:00,1659243600,36.2,32.5,41.8,25.7,64.0,0.0,0.0,United Arab Emirates
Abu Dhabi,AE,2022-08-01,12:00:00,1659330000,37.7,35.2,43.0,28.7,120.0,0.0,0.0,United Arab Emirates
Abu Dhabi,AE,2022-08-02,12:00:00,1659416400,37.3,34.3,42.2,21.9,51.0,0.0,0.0,United Arab Emirates
Abu Dhabi,AE,2022-08-03,12:00:00,1659502800,36.3,33.3,40.6,25.4,351.0,0.0,0.0,United Arab Emirates
Abu Dhabi,AE,2022-08-04,12:00:00,1659589200,35.6,32.5,42.1,26.4,12.0,0.0,0.0,United Arab Emirates
Abu Dhabi,AE,2022-08-05,12:00:00,1659675600,35.0,31.3,40.7,25.6,9.0,0.0,0.0,United Arab Emirates
Abu Dhabi,AE,2022-08-06,12:00:00,1659762000,35.6,30.8,40.9,19.9,353.0,0.0,0.0,United Arab Emirates
Abu Dhabi,AE,2022-08-07,12:00:00,1659848400,36.4,32.1,42.4,17.0,12.0,0.0,0.0,United Arab Emirates
Abu Dhabi,AE,2022-08-08,12:00:00,1659934800,37.0,33.2,42.5,22.3,19.0,0.0,0.0,United Arab Emirates
Abu Dhabi,AE,2022-08-09,12:00:00,1660021200,36.0,33.0,40.9,25.1,351.0,0.0,0.0,United Arab Emirates
Abu Dhabi,AE,2022-08-10,12:00:00,1660107600,35.4,31.5,41.8,26.8,353.0,0.0,0.0,United Arab Emirates
Abu Dhabi,AE,2022-08-11,12:00:00,1660194000,34.9,31.3,40.1,26.1,347.0,0.0,0.0,United Arab Emirates
Abu Dhabi,AE,2022-08-12,12:00:00,1660280400,34.9,31.9,38.5,22.4,3.0,0.0,0.0,United Arab Emirates
Abu Dhabi,AE,2022-08-13,12:00:00,1660366800,37.9,33.4,45.0,33.2,63.0,0.0,0.0,United Arab Emirates
Abu Dhabi,AE,2022-08-14,12:00:00,1660453200,36.5,32.4,41.6,19.8,156.0,0.0,0.0,United Arab Emirates
Abu Dhabi,AE,2022-08-15,12:00:00,1660539600,35.6,32.2,40.6,17.7,332.0,0.0,0.0,United Arab Emirates
Abu Dhabi,AE,2022-08-16,12:00:00,1660626000,34.7,31.5,39.4,23.3,338.0,0.0,0.0,United Arab Emirates
Abu Dhabi,AE,2022-08-17,12:00:00,1660712400,34.0,30.8,40.1,26.1,358.0,0.0,0.0,United Arab Emirates
Abu Dhabi,AE,2022-08-18,12:00:00,1660798800,33.9,29.9,40.8,24.9,19.0,0.0,0.0,United Arab Emirates
Abu Dhabi,AE,2022-08-19,12:00:00,1660885200,34.1,29.2,41.6,24.6,20.0,0.0,0.0,United Arab Emirates
Abu Dhabi,AE,2022-08-20,12:00:00,1660971600,35.2,29.9,42.6,26.3,16.0,0.0,0.0,United Arab Emirates
Abu Dhabi,AE,2022-08-21,12:00:00,1661058000,35.4,30.8,42.6,24.2,35.0,0.0,0.0,United Arab Emirates
Abu Dhabi,AE,2022-08-22,12:00:00,1661144400,34.5,30.4,39.1,22.8,333.0,0.0,0.0,United Arab Emirates
Abu Dhabi,AE,2022-08-23,12:00:00,1661230800,34.4,30.7,39.9,25.6,353.0,0.0,0.0,United Arab Emirates
Abu Dhabi,AE,2022-08-24,12:00:00,1661317200,34.9,31.0,40.8,25.9,1.0,0.0,0.0,United Arab Emirates
Abu Dhabi,AE,2022-08-25,12:00:00,1661403600,35.8,31.3,42.6,26.3,27.0,0.0,0.0,United Arab Emirates
Abu Dhabi,AE,2022-08-26,12:00:00,1661490000,35.7,30.0,42.1,24.5,63.0,0.0,0.0,United Arab Emirates
Abu Dhabi,AE,2022-08-27,12:00:00,1661576400,35.1,31.2,40.9,23.9,95.0,0.0,0.0,United Arab Emirates
Abu Dhabi,AE,2022-08-28,12:00:00,1661662800,34.1,30.1,39.6,20.2,87.0,0.0,0.0,United Arab Emirates
Abu Dhabi,AE,2022-08-29,12:00:00,1661749200,34.1,28.8,40.6,22.7,51.0,0.0,0.0,United Arab Emirates
Abu Dhabi,AE,2022-08-30,12:00:00,1661835600,33.8,29.1,39.1,27.9,91.0,0.0,0.0,United Arab Emirates
Abu Dhabi,AE,2022-08-31,12:00:00,1661922000,33.9,29.9,39.2,24.6,337.0,0.0,0.0,United Arab Emirates
Abu Dhabi,AE,2022-09-01,12:00:00,1662008400,32.7,29.2,37.5,21.4,7.0,0.0,0.0,United Arab Emirates
Abu Dhabi,AE,2022-09-02,12:00:00,1662094800,32.4,28.7,38.1,29.0,15.0,0.0,0.0,United Arab Emirates
Abu Dhabi,AE,2022-09-03,12:00:00,1662181200,33.7,28.7,41.5,21.7,37.0,0.0,0.0,United Arab Emirates
Abu Dhabi,AE,2022-09-04,12:00:00,1662267600,33.6,29.4,39.9,26.9,174.0,0.0,0.0,United Arab Emirates
Abu Dhabi,AE,2022-09-05,12:00:00,1662354000,34.0,29.7,40.7,22.4,183.0,0.0,0.0,United Arab Emirates
Abu Dhabi,AE,2022-09-06,12:00:00,1662440400,34.7,30.5,41.5,23.4,149.0,0.0,0.0,United Arab Emirates
Abu Dhabi,AE,2022-09-07,12:00:00,1662526800,34.4,30.2,40.4,23.0,108.0,0.0,0.0,United Arab Emirates
Abu Dhabi,AE,2022-09-08,12:00:00,1662613200,33.9,30.1,38.9,25.6,134.0,0.0,0.0,United Arab Emirates
Abu Dhabi,AE,2022-09-09,12:00:00,1662699600,33.7,30.8,38.5,25.2,358.0,0.0,0.0,United Arab Emirates
Abu Dhabi,AE,2022-09-10,12:00:00,1662786000,32.9,29.1,38.6,26.9,24.0,0.0,0.0,United Arab Emirates
Abu Dhabi,AE,2022-09-11,12:00:00,1662872400,32.1,28.0,36.4,19.5,342.0,0.0,0.0,United Arab Emirates
Abu Dhabi,AE,2022-09-12,12:00:00,1662958800,32.2,29.1,37.9,20.9,303.0,0.0,0.0,United Arab Emirates
Abu Dhabi,AE,2022-09-13,12:00:00,1663045200,32.2,28.5,37.4,24.0,16.0,0.0,0.0,United Arab Emirates
Abu Dhabi,AE,2022-09-14,12:00:00,1663131600,34.7,30.3,40.4,23.6,39.0,0.0,0.0,United Arab Emirates
Abu Dhabi,AE,2022-09-15,12:00:00,1663218000,34.4,29.6,39.7,21.9,317.0,0.0,0.0,United Arab Emirates
Abu Dhabi,AE,2022-09-16,12:00:00,1663304400,34.4,30.7,37.2,31.9,286.0,0.0,0.0,United Arab Emirates
Abu Dhabi,AE,2022-09-17,12:00:00,1663390800,34.3,31.2,37.4,26.0,282.0,0.0,0.0,United Arab Emirates
Abu Dhabi,AE,2022-09-18,12:00:00,1663477200,33.0,30.3,36.4,23.5,289.0,0.0,0.0,United Arab Emirates
Abu Dhabi,AE,2022-09-19,12:00:00,1663563600,33.2,28.8,39.3,26.4,57.0,0.0,0.0,United Arab Emirates
Abu Dhabi,AE,2022-09-20,12:00:00,1663650000,34.3,30.1,40.8,28.2,94.0,0.0,0.0,United Arab Emirates
Abu Dhabi,AE,2022-09-21,12:00:00,1663736400,34.5,31.3,39.4,21.3,53.0,0.0,0.0,United Arab Emirates
Abu Dhabi,AE,2022-09-22,12:00:00,1663822800,33.8,29.6,39.8,19.2,30.0,0.0,0.0,United Arab Emirates
Abu Dhabi,AE,2022-09-23,12:00:00,1663909200,33.5,29.1,38.9,19.3,339.0,0.0,0.0,United Arab Emirates
Abu Dhabi,AE,2022-09-24,12:00:00,1663995600,32.7,29.3,36.9,25.0,286.0,0.0,0.0,United Arab Emirates
Abu Dhabi,AE,2022-09-25,12:00:00,1664082000,32.3,29.5,35.3,18.7,295.0,0.0,0.0,United Arab Emirates
Abu Dhabi,AE,2022-09-26,12:00:00,1664168400,31.9,29.0,35.3,17.7,304.0,0.0,0.0,United Arab Emirates
Abu Dhabi,AE,2022-09-27,12:00:00,1664254800,31.7,29.6,35.3,22.5,317.0,0.0,0.0,United Arab Emirates
Abu Dhabi,AE,2022-09-28,12:00:00,1664341200,32.3,30.2,34.3,24.0,321.0,0.0,0.0,United Arab Emirates
Abu Dhabi,AE,2022-09-29,12:00:00,1664427600,31.9,29.2,34.3,20.4,328.0,0.0,0.0,United Arab Emirates
Abu Dhabi,AE,2022-09-30,12:00:00,1664514000,32.1,29.1,36.5,25.2,9.0,0.0,0.0,United Arab Emirates
Abu Dhabi,AE,2022-10-01,12:00:00,1664600400,31.9,29.5,35.4,18.2,350.0,0.0,0.0,United Arab Emirates
Abu Dhabi,AE,2022-10-02,12:00:00,1664686800,31.6,28.4,34.6,17.0,332.0,0.0,0.0,United Arab Emirates
Abu Dhabi,AE,2022-10-03,12:00:00,1664773200,31.9,27.9,36.8,24.4,35.0,0.0,0.0,United Arab Emirates
Abu Dhabi,AE,2022-10-04,12:00:00,1664859600,32.6,29.0,37.7,21.3,39.0,0.0,0.0,United Arab Emirates
Abu Dhabi,AE,2022-10-05,12:00:00,1664946000,31.7,28.3,36.9,22.2,333.0,0.0,0.0,United Arab Emirates
Abu Dhabi,AE,2022-10-06,12:00:00,1665032400,31.4,27.9,35.0,17.2,276.0,0.0,0.0,United Arab Emirates
Abu Dhabi,AE,2022-10-07,12:00:00,1665118800,32.4,28.3,38.6,29.8,11.0,0.0,0.0,United Arab Emirates
Abu Dhabi,AE,2022-10-08,12:00:00,1665205200,33.0,26.5,39.4,24.0,65.0,0.0,0.0,United Arab Emirates
Abu Dhabi,AE,2022-10-09,12:00:00,1665291600,31.6,26.8,37.3,22.5,95.0,0.0,0.0,United Arab Emirates
Abu Dhabi,AE,2022-10-10,12:00:00,1665378000,30.5,25.8,34.9,18.3,359.0,0.0,0.0,United Arab Emirates
Abu Dhabi,AE,2022-10-11,12:00:00,1665464400,30.4,27.4,33.3,19.4,326.0,0.0,0.0,United Arab Emirates
Abu Dhabi,AE,2022-10-12,12:00:00,1665550800,29.9,26.3,33.2,23.7,356.0,0.0,0.0,United Arab Emirates
Abu Dhabi,AE,2022-10-13,12:00:00,1665637200,30.7,25.1,37.5,21.7,45.0,0.0,0.0,United Arab Emirates
Abu Dhabi,AE,2022-10-14,12:00:00,1665723600,29.9,25.3,35.9,18.8,8.0,0.0,0.0,United Arab Emirates
Abu Dhabi,AE,2022-10-15,12:00:00,1665810000,29.3,24.5,34.4,17.0,355.0,0.0,0.0,United Arab Emirates
Abu Dhabi,AE,2022-10-16,12:00:00,1665896400,30.5,27.0,34.1,18.3,353.0,0.0,0.0,United Arab Emirates
Abu Dhabi,AE,2022-10-17,12:00:00,1665982800,30.7,28.1,34.3,20.3,345.0,0.0,0.0,United Arab Emirates
Abu Dhabi,AE,2022-10-18,12:00:00,1666069200,30.3,26.3,35.4,18.6,324.0,0.0,0.0,United Arab Emirates
Abu Dhabi,AE,2022-10-19,12:00:00,1666155600,31.0,27.2,34.1,20.8,332.0,0.0,0.0,United Arab Emirates
Abu Dhabi,AE,2022-10-20,12:00:00,1666242000,30.1,26.4,33.7,20.1,357.0,0.0,0.0,United Arab Emirates
Abu Dhabi,AE,2022-10-21,12:00:00,1666328400,30.3,26.1,34.8,16.8,6.0,0.0,0.0,United Arab Emirates
Abu Dhabi,AE,2022-10-22,12:00:00,1666414800,29.9,25.9,34.8,23.3,11.0,0.0,0.0,United Arab Emirates
Abu Dhabi,AE,2022-10-23,12:00:00,1666501200,29.4,25.3,34.0,22.2,17.0,0.0,0.0,United Arab Emirates
Abu Dhabi,AE,2022-10-24,12:00:00,1666587600,29.2,25.2,32.7,24.0,349.0,0.0,0.0,United Arab Emirates
Abu Dhabi,AE,2022-10-25,12:00:00,1666674000,29.3,25.2,32.7,21.3,342.0,0.0,0.0,United Arab Emirates
Abu Dhabi,AE,2022-10-26,12:00:00,1666760400,29.3,25.7,33.5,20.8,18.0,0.0,0.0,United Arab Emirates
Abu Dhabi,AE,2022-10-27,12:00:00,1666846800,28.8,24.9,32.7,14.6,18.0,0.0,0.0,United Arab Emirates
Abu Dhabi,AE,2022-10-28,12:00:00,1666933200,29.3,25.5,33.1,17.5,5.0,0.0,0.0,United Arab Emirates
Abu Dhabi,AE,2022-10-29,12:00:00,1667019600,28.8,25.5,32.5,16.6,15.0,0.0,0.0,United Arab Emirates
Abu Dhabi,AE,2022-10-30,12:00:00,1667106000,28.4,25.2,32.6,19.9,28.0,0.0,0.0,United Arab Emirates
Abu Dhabi,AE,2022-10-31,12:00:00,1667192400,27.9,24.5,31.6,16.7,16.0,0.0,0.0,United Arab Emirates
Abu Dhabi,AE,2022-11-01,12:00:00,1667278800,27.8,24.0,32.2,12.9,18.0,0.0,0.0,United Arab Emirates
Abu Dhabi,AE,2022-11-02,12:00:00,1667365200,28.4,23.4,34.0,12.3,63.0,0.0,0.0,United Arab Emirates
Abu Dhabi,AE,2022-11-03,12:00:00,1667451600,28.5,24.0,34.0,18.2,86.0,0.0,0.0,United Arab Emirates
Abu Dhabi,AE,2022-11-04,12:00:00,1667538000,29.2,25.1,34.1,20.4,197.0,0.0,0.0,United Arab Emirates
Abu Dhabi,AE,2022-11-05,12:00:00,1667624400,28.2,24.6,31.2,19.6,296.0,0.0,0.0,United Arab Emirates
Abu Dhabi,AE,2022-11-06,12:00:00,1667710800,28.7,26.2,30.7,17.2,303.0,0.0,0.0,United Arab Emirates
Abu Dhabi,AE,2022-11-07,12:00:00,1667797200,28.7,25.8,31.7,12.4,320.0,0.0,0.0,United Arab Emirates
Abu Dhabi,AE,2022-11-08,12:00:00,1667883600,29.2,25.1,35.3,22.6,146.0,0.0,0.0,United Arab Emirates
Abu Dhabi,AE,2022-11-09,12:00:00,1667970000,29.9,26.0,36.8,23.5,178.0,0.0,0.0,United Arab Emirates
Abu Dhabi,AE,2022-11-10,12:00:00,1668056400,28.8,24.3,34.1,18.7,35.0,0.0,0.0,United Arab Emirates
Abu Dhabi,AE,2022-11-11,12:00:00,1668142800,28.9,24.8,34.6,22.8,36.0,0.0,0.0,United Arab Emirates
Abu Dhabi,AE,2022-11-12,12:00:00,1668229200,28.5,24.3,34.0,18.0,35.0,0.0,0.0,United Arab Emirates
Abu Dhabi,AE,2022-11-13,12:00:00,1668315600,28.3,24.7,30.9,24.5,295.0,0.0,0.0,United Arab Emirates
Abu Dhabi,AE,2022-11-14,12:00:00,1668402000,29.2,27.5,31.2,23.8,316.0,0.0,0.0,United Arab Emirates
Abu Dhabi,AE,2022-11-15,12:00:00,1668488400,29.0,26.7,31.4,24.0,314.0,0.0,0.0,United Arab Emirates
Abu Dhabi,AE,2022-11-16,12:00:00,1668574800,28.6,25.5,31.2,22.9,315.0,0.0,0.0,United Arab Emirates
Abu Dhabi,AE,2022-11-17,12:00:00,1668661200,28.0,24.9,31.6,15.7,18.0,0.0,0.0,United Arab Emirates
Abu Dhabi,AE,2022-11-18,12:00:00,1668747600,27.1,22.8,31.8,12.7,36.0,0.0,0.0,United Arab Emirates
Abu Dhabi,AE,2022-11-19,12:00:00,1668834000,27.0,22.8,29.9,20.5,322.0,0.0,0.0,United Arab Emirates
Abu Dhabi,AE,2022-11-20,12:00:00,1668920400,28.0,26.4,30.2,28.4,321.0,0.0,0.0,United Arab Emirates
Abu Dhabi,AE,2022-11-21,12:00:00,1669006800,26.7,25.6,28.3,26.0,326.0,0.0,0.0,United Arab Emirates
Abu Dhabi,AE,2022-11-22,12:00:00,1669093200,26.6,24.9,28.9,22.6,353.0,0.0,0.0,United Arab Emirates
Abu Dhabi,AE,2022-11-23,12:00:00,1669179600,26.8,25.0,28.7,16.0,328.0,0.1,0.0,United Arab Emirates
Abu Dhabi,AE,2022-11-24,12:00:00,1669266000,26.2,24.3,28.6,16.3,334.0,0.0,0.0,United Arab Emirates
Abu Dhabi,AE,2022-11-25,12:00:00,1669352400,25.7,20.7,29.3,18.5,11.0,0.0,0.0,United Arab Emirates
Abu Dhabi,AE,2022-11-26,12:00:00,1669438800,27.3,23.3,30.1,20.2,342.0,0.0,0.0,United Arab Emirates
Abu Dhabi,AE,2022-11-27,12:00:00,1669525200,27.6,24.2,29.9,25.5,322.0,0.0,0.0,United Arab Emirates
Abu Dhabi,AE,2022-11-28,12:00:00,1669611600,27.6,25.1,29.5,18.0,322.0,0.0,0.0,United Arab Emirates
Abu Dhabi,AE,2022-11-29,12:00:00,1669698000,25.8,22.0,28.7,13.8,7.0,0.0,0.0,United Arab Emirates
Abu Dhabi,AE,2022-11-30,12:00:00,1669784400,26.0,22.1,30.0,20.5,27.0,0.0,0.0,United Arab Emirates
Abu Dhabi,AE,2022-12-01,12:00:00,1669870800,25.8,21.6,28.7,15.6,7.0,0.0,0.0,United Arab Emirates
Abu Dhabi,AE,2022-12-02,12:00:00,1669957200,26.6,23.3,28.6,20.0,314.0,0.0,0.0,United Arab Emirates
Abu Dhabi,AE,2022-12-03,12:00:00,1670043600,26.7,24.9,28.4,19.7,328.0,0.0,0.0,United Arab Emirates
Abu Dhabi,AE,2022-12-04,12:00:00,1670130000,25.5,21.4,28.3,15.3,328.0,0.0,0.0,United Arab Emirates
Abu Dhabi,AE,2022-12-05,12:00:00,1670216400,25.8,23.3,28.0,13.2,312.0,0.0,0.0,United Arab Emirates
Abu Dhabi,AE,2022-12-06,12:00:00,1670302800,25.8,21.1,30.7,18.1,76.0,0.0,0.0,United Arab Emirates
Abu Dhabi,AE,2022-12-07,12:00:00,1670389200,25.5,21.2,30.3,17.4,96.0,0.0,0.0,United Arab Emirates
Abu Dhabi,AE,2022-12-08,12:00:00,1670475600,24.7,21.2,27.3,19.5,352.0,0.1,0.0,United Arab Emirates
Abu Dhabi,AE,2022-12-09,12:00:00,1670562000,25.6,24.1,27.6,27.8,317.0,0.0,0.0,United Arab Emirates
Abu Dhabi,AE,2022-12-10,12:00:00,1670648400,23.8,20.9,26.8,32.4,305.0,1.0,0.0,United Arab Emirates
Abu Dhabi,AE,2022-12-11,12:00:00,1670734800,23.4,22.0,25.4,28.0,309.0,0.1,0.0,United Arab Emirates
Abu Dhabi,AE,2022-12-12,12:00:00,1670821200,23.4,21.7,25.6,21.4,321.0,0.0,0.0,United Arab Emirates
Abu Dhabi,AE,2022-12-13,12:00:00,1670907600,22.7,18.4,25.4,16.2,308.0,0.0,0.0,United Arab Emirates
Abu Dhabi,AE,2022-12-14,12:00:00,1670994000,24.1,20.8,26.5,18.5,336.0,0.0,0.0,United Arab Emirates
Abu Dhabi,AE,2022-12-15,12:00:00,1671080400,23.8,19.6,27.2,21.3,19.0,0.0,0.0,United Arab Emirates
Abu Dhabi,AE,2022-12-16,12:00:00,1671166800,23.5,19.9,26.7,15.9,356.0,0.0,0.0,United Arab Emirates
Abu Dhabi,AE,2022-12-17,12:00:00,1671253200,24.1,21.0,26.7,22.2,324.0,0.1,0.0,United Arab Emirates
Abu Dhabi,AE,2022-12-18,12:00:00,1671339600,24.0,22.1,26.1,23.0,313.0,0.0,0.0,United Arab Emirates
Abu Dhabi,AE,2022-12-19,12:00:00,1671426000,23.5,21.4,25.5,17.1,319.0,0.0,0.0,United Arab Emirates
Abu Dhabi,AE,2022-12-20,12:00:00,1671512400,23.7,20.2,27.1,25.8,20.0,0.0,0.0,United Arab Emirates
Abu Dhabi,AE,2022-12-21,12:00:00,1671598800,22.6,18.4,26.0,18.2,36.0,0.0,0.0,United Arab Emirates
Abu Dhabi,AE,2022-12-22,12:00:00,1671685200,23.1,19.4,26.5,19.2,267.0,0.0,0.0,United Arab Emirates
Abu Dhabi,AE,2022-12-23,12:00:00,1671771600,22.9,18.8,27.4,17.8,65.0,0.0,0.0,United Arab Emirates
Abu Dhabi,AE,2022-12-24,12:00:00,1671858000,23.5,19.7,28.6,23.1,136.0,0.0,0.0,United Arab Emirates
Abu Dhabi,AE,2022-12-25,12:00:00,1671944400,23.9,21.8,26.6,23.7,302.0,0.6,0.0,United Arab Emirates
Abu Dhabi,AE,2022-12-26,12:00:00,1672030800,21.5,20.2,24.2,24.6,360.0,3.0,0.0,United Arab Emirates
Abu Dhabi,AE,2022-12-27,12:00:00,1672117200,20.5,19.0,22.2,23.7,55.0,5.8,0.0,United Arab Emirates
Abu Dhabi,AE,2022-12-28,12:00:00,1672203600,20.7,18.8,23.0,35.0,297.0,0.7,0.0,United Arab Emirates
Abu Dhabi,AE,2022-12-29,12:00:00,1672290000,20.9,18.7,22.5,30.5,326.0,0.0,0.0,United Arab Emirates
Abu Dhabi,AE,2022-12-30,12:00:00,1672376400,20.5,16.6,23.5,22.3,22.0,0.0,0.0,United Arab Emirates
Abu Dhabi,AE,2022-12-31,12:00:00,1672462800,21.7,18.7,24.4,26.1,356.0,0.0,0.0,United Arab Emirates
Abu Dhabi,AE,2023-01-01,12:00:00,1672549200,22.0,20.6,24.2,25.3,337.0,0.0,0.0,United Arab Emirates
Abu Dhabi,AE,2023-01-02,12:00:00,1672635600,21.8,18.7,24.6,19.2,4.0,0.0,0.0,United Arab Emirates
Abu Dhabi,AE,2023-01-03,12:00:00,1672722000,21.5,18.6,23.2,31.4,20.0,0.0,0.0,United Arab Emirates
Abu Dhabi,AE,2023-01-04,12:00:00,1672808400,21.0,18.5,24.1,17.7,39.0,0.1,0.0,United Arab Emirates
Abu Dhabi,AE,2023-01-05,12:00:00,1672894800,22.6,18.6,27.4,26.4,161.0,0.6,0.0,United Arab Emirates
Abu Dhabi,AE,2023-01-06,12:00:00,1672981200,21.9,20.0,25.4,33.2,62.0,0.8,0.0,United Arab Emirates
Abu Dhabi,AE,2023-01-07,12:00:00,1673067600,20.5,19.1,22.3,27.7,42.0,0.6,0.0,United Arab Emirates
Abu Dhabi,AE,2023-01-08,12:00:00,1673154000,20.5,17.9,22.8,21.2,1.0,0.0,0.0,United Arab Emirates
Abu Dhabi,AE,2023-01-09,12:00:00,1673240400,20.7,18.1,22.8,15.5,15.0,0.0,0.0,United Arab Emirates
Abu Dhabi,AE,2023-01-10,12:00:00,1673326800,21.8,18.5,28.5,34.6,226.0,0.0,0.0,United Arab Emirates
Abu Dhabi,AE,2023-01-11,12:00:00,1673413200,21.2,20.1,22.6,29.0,315.0,0.0,0.0,United Arab Emirates
Abu Dhabi,AE,2023-01-12,12:00:00,1673499600,21.0,19.6,23.1,30.0,13.0,0.0,0.0,United Arab Emirates
Abu Dhabi,AE,2023-01-13,12:00:00,1673586000,19.8,17.4,23.4,28.2,43.0,0.0,0.0,United Arab Emirates
Abu Dhabi,AE,2023-01-14,12:00:00,1673672400,20.4,17.2,23.8,25.5,38.0,0.0,0.0,United Arab Emirates
Abu Dhabi,AE,2023-01-15,12:00:00,1673758800,20.9,17.4,25.3,19.7,40.0,0.0,0.0,United Arab Emirates
Abu Dhabi,AE,2023-01-16,12:00:00,1673845200,20.9,17.3,24.4,16.5,21.0,0.0,0.0,United Arab Emirates
Abu Dhabi,AE,2023-01-17,12:00:00,1673931600,22.5,18.2,28.9,19.0,74.0,0.0,0.0,United Arab Emirates
Abu Dhabi,AE,2023-01-18,12:00:00,1674018000,21.4,20.3,22.6,31.7,308.0,0.0,0.0,United Arab Emirates
Abu Dhabi,AE,2023-01-19,12:00:00,1674104400,20.7,19.4,22.0,31.7,313.0,0.0,0.0,United Arab Emirates
Abu Dhabi,AE,2023-01-20,12:00:00,1674190800,20.1,16.4,23.2,21.2,349.0,0.0,0.0,United Arab Emirates
Abu Dhabi,AE,2023-01-21,12:00:00,1674277200,19.8,16.4,22.9,18.8,31.0,0.0,0.0,United Arab Emirates
Abu Dhabi,AE,2023-01-22,12:00:00,1674363600,20.0,15.9,24.3,23.6,39.0,0.0,0.0,United Arab Emirates
Abu Dhabi,AE,2023-01-23,12:00:00,1674450000,19.1,16.4,21.3,16.8,72.0,0.0,0.0,United Arab Emirates
Abu Dhabi,AE,2023-01-24,12:00:00,1674536400,19.7,16.2,23.4,21.1,51.0,0.0,0.0,United Arab Emirates
Abu Dhabi,AE,2023-01-25,12:00:00,1674622800,19.1,17.1,23.4,31.8,124.0,8.9,0.0,United Arab Emirates
Abu Dhabi,AE,2023-01-26,12:00:00,1674709200,17.8,16.1,20.3,32.6,139.0,19.4,0.0,United Arab Emirates
Abu Dhabi,AE,2023-01-27,12:00:00,1674795600,18.1,16.0,20.4,27.1,175.0,2.2,0.0,United Arab Emirates
Abu Dhabi,AE,2023-01-28,12:00:00,1674882000,18.2,16.8,20.0,28.5,336.0,0.8,0.0,United Arab Emirates
Abu Dhabi,AE,2023-01-29,12:00:00,1674968400,18.5,15.9,20.5,24.7,316.0,0.0,0.0,United Arab Emirates
Abu Dhabi,AE,2023-01-30,12:00:00,1675054800,18.0,15.3,20.5,12.0,322.0,0.0,0.0,United Arab Emirates
Abu Dhabi,AE,2023-01-31,12:00:00,1675141200,18.8,15.1,24.6,24.2,143.0,0.0,0.0,United Arab Emirates
Abu Dhabi,AE,2023-02-01,12:00:00,1675227600,19.7,16.4,24.7,29.4,158.0,0.0,0.0,United Arab Emirates
Abu Dhabi,AE,2023-02-02,12:00:00,1675314000,20.9,16.9,26.3,23.5,147.0,0.0,0.0,United Arab Emirates
Abu Dhabi,AE,2023-02-03,12:00:00,1675400400,20.6,17.7,23.7,17.6,313.0,0.0,0.0,United Arab Emirates
Abu Dhabi,AE,2023-02-04,12:00:00,1675486800,20.1,18.5,21.6,21.4,317.0,0.0,0.0,United Arab Emirates
Abu Dhabi,AE,2023-02-05,12:00:00,1675573200,19.7,17.6,22.1,16.8,318.0,0.0,0.0,United Arab Emirates
Abu Dhabi,AE,2023-02-06,12:00:00,1675659600,20.5,17.8,24.6,13.4,49.0,0.0,0.0,United Arab Emirates
Abu Dhabi,AE,2023-02-07,12:00:00,1675746000,24.1,17.5,32.2,23.9,144.0,0.0,0.0,United Arab Emirates
Abu Dhabi,AE,2023-02-08,12:00:00,1675832400,22.4,19.8,25.0,25.9,293.0,0.0,0.0,United Arab Emirates
Abu Dhabi,AE,2023-02-09,12:00:00,1675918800,20.6,18.9,22.1,39.7,314.0,0.0,0.0,United Arab Emirates
Abu Dhabi,AE,2023-02-10,12:00:00,1676005200,18.9,17.9,20.5,44.1,311.0,0.0,0.0,United Arab Emirates
Abu Dhabi,AE,2023-02-11,12:00:00,1676091600,19.8,17.6,22.5,22.5,321.0,0.0,0.0,United Arab Emirates
Abu Dhabi,AE,2023-02-12,12:00:00,1676178000,20.4,15.8,26.2,19.5,38.0,0.0,0.0,United Arab Emirates
Abu Dhabi,AE,2023-02-13,12:00:00,1676264400,23.9,18.1,32.1,25.1,137.0,0.0,0.0,United Arab Emirates
Abu Dhabi,AE,2023-02-14,12:00:00,1676350800,24.5,18.5,33.3,23.9,133.0,0.0,0.0,United Arab Emirates
Abu Dhabi,AE,2023-02-15,12:00:00,1676437200,24.9,19.1,32.8,33.5,152.0,0.0,0.0,United Arab Emirates
Abu Dhabi,AE,2023-02-16,12:00:00,1676523600,23.3,20.3,27.5,24.3,228.0,0.0,0.0,United Arab Emirates
Abu Dhabi,AE,2023-02-17,12:00:00,1676610000,21.1,19.3,23.3,29.4,323.0,0.0,0.0,United Arab Emirates
Abu Dhabi,AE,2023-02-18,12:00:00,1676696400,20.1,18.8,22.2,31.7,309.0,0.0,0.0,United Arab Emirates
Abu Dhabi,AE,2023-02-19,12:00:00,1676782800,19.6,17.9,21.7,32.2,304.0,0.0,0.0,United Arab Emirates
Abu Dhabi,AE,2023-02-20,12:00:00,1676869200,19.8,18.4,21.8,31.7,297.0,0.0,0.0,United Arab Emirates
Abu Dhabi,AE,2023-02-21,12:00:00,1676955600,20.1,18.1,22.7,22.1,294.0,0.0,0.0,United Arab Emirates
Abu Dhabi,AE,2023-02-22,12:00:00,1677042000,20.9,17.0,24.7,19.5,290.0,0.0,0.0,United Arab Emirates
Abu Dhabi,AE,2023-02-23,12:00:00,1677128400,22.0,16.0,27.4,14.7,318.0,0.0,0.0,United Arab Emirates
Abu Dhabi,AE,2023-02-24,12:00:00,1677214800,24.2,17.5,32.5,20.0,117.0,0.0,0.0,United Arab Emirates
Abu Dhabi,AE,2023-02-25,12:00:00,1677301200,24.7,20.0,32.4,29.2,126.0,0.0,0.0,United Arab Emirates
Abu Dhabi,AE,2023-02-26,12:00:00,1677387600,26.3,21.4,33.3,26.6,131.0,0.0,0.0,United Arab Emirates
Abu Dhabi,AE,2023-02-27,12:00:00,1677474000,25.2,21.2,31.1,20.4,82.0,0.0,0.0,United Arab Emirates
Abu Dhabi,AE,2023-02-28,12:00:00,1677560400,25.2,22.2,32.5,25.2,42.0,0.0,0.0,United Arab Emirates
Abu Dhabi,AE,2023-03-01,12:00:00,1677646800,22.7,21.1,24.9,24.8,305.0,1.5,0.0,United Arab Emirates
Abu Dhabi,AE,2023-03-02,12:00:00,1677733200,22.5,20.1,25.1,20.4,343.0,0.0,0.0,United Arab Emirates
Abu Dhabi,AE,2023-03-03,12:00:00,1677819600,22.4,20.4,24.9,22.5,334.0,0.0,0.0,United Arab Emirates
Abu Dhabi,AE,2023-03-04,12:00:00,1677906000,22.2,19.2,25.6,19.1,325.0,0.0,0.0,United Arab Emirates
Abu Dhabi,AE,2023-03-05,12:00:00,1677992400,21.8,18.7,25.6,18.7,328.0,0.0,0.0,United Arab Emirates
Abu Dhabi,AE,2023-03-06,12:00:00,1678078800,24.0,19.7,28.6,15.3,289.0,0.0,0.0,United Arab Emirates
Abu Dhabi,AE,2023-03-07,12:00:00,1678165200,24.1,18.4,30.2,18.7,1.0,0.0,0.0,United Arab Emirates
Abu Dhabi,AE,2023-03-08,12:00:00,1678251600,23.9,18.5,31.9,23.1,49.0,0.0,0.0,United Arab Emirates
Abu Dhabi,AE,2023-03-09,12:00:00,1678338000,27.0,20.9,35.0,25.4,125.0,0.0,0.0,United Arab Emirates
Abu Dhabi,AE,2023-03-10,12:00:00,1678424400,27.1,24.3,33.2,29.4,125.0,0.0,0.0,United Arab Emirates
Abu Dhabi,AE,2023-03-11,12:00:00,1678510800,26.1,23.2,28.7,23.2,26.0,0.0,0.0,United Arab Emirates
Abu Dhabi,AE,2023-03-12,12:00:00,1678597200,26.9,22.5,33.7,23.1,40.0,0.0,0.0,United Arab Emirates
Abu Dhabi,AE,2023-03-13,12:00:00,1678683600,26.5,23.2,33.5,42.3,342.0,0.4,0.0,United Arab Emirates
Abu Dhabi,AE,2023-03-14,12:00:00,1678770000,25.0,22.5,28.3,22.1,5.0,0.0,0.0,United Arab Emirates
Abu Dhabi,AE,2023-03-15,12:00:00,1678856400,25.2,21.6,29.6,17.7,27.0,0.0,0.0,United Arab Emirates
Abu Dhabi,AE,2023-03-16,12:00:00,1678942800,25.6,23.2,29.2,21.0,353.0,0.0,0.0,United Arab Emirates
Abu Dhabi,AE,2023-03-17,12:00:00,1679029200,24.1,22.6,25.9,28.1,310.0,0.0,0.0,United Arab Emirates
Abu Dhabi,AE,2023-03-18,12:00:00,1679115600,23.2,21.3,25.7,23.9,295.0,0.0,0.0,United Arab Emirates
Abu Dhabi,AE,2023-03-19,12:00:00,1679202000,23.9,20.3,28.2,28.0,299.0,0.3,0.0,United Arab Emirates
Abu Dhabi,AE,2023-03-20,12:00:00,1679288400,25.6,21.8,30.3,18.4,13.0,0.0,0.0,United Arab Emirates
Abu Dhabi,AE,2023-03-21,12:00:00,1679374800,26.2,23.0,35.1,38.7,303.0,0.0,0.0,United Arab Emirates
Abu Dhabi,AE,2023-03-22,12:00:00,1679461200,23.6,22.3,25.7,35.1,316.0,0.0,0.0,United Arab Emirates
Abu Dhabi,AE,2023-03-23,12:00:00,1679547600,22.7,21.0,24.8,31.5,302.0,0.0,0.0,United Arab Emirates
Abu Dhabi,AE,2023-03-24,12:00:00,1679634000,22.5,20.9,24.5,26.8,307.0,0.0,0.0,United Arab Emirates
Abu Dhabi,AE,2023-03-25,12:00:00,1679720400,22.5,20.2,25.1,18.4,329.0,0.0,0.0,United Arab Emirates
Abu Dhabi,AE,2023-03-26,12:00:00,1679806800,24.2,18.9,30.3,22.9,50.0,0.0,0.0,United Arab Emirates
Abu Dhabi,AE,2023-03-27,12:00:00,1679893200,26.7,23.8,31.4,49.2,140.0,0.0,0.0,United Arab Emirates
Abu Dhabi,AE,2023-03-28,12:00:00,1679979600,25.0,23.3,27.9,27.0,330.0,0.2,0.0,United Arab Emirates
Abu Dhabi,AE,2023-03-29,12:00:00,1680066000,23.7,21.8,25.8,34.8,300.0,0.0,0.0,United Arab Emirates
Abu Dhabi,AE,2023-03-30,12:00:00,1680152400,23.1,20.4,25.6,21.6,293.0,0.0,0.0,United Arab Emirates
Abu Dhabi,AE,2023-03-31,12:00:00,1680238800,23.1,18.8,26.6,25.7,294.0,0.0,0.0,United Arab Emirates
Abu Dhabi,AE,2023-04-01,12:00:00,1680325200,23.7,21.0,27.1,28.3,323.0,0.0,0.0,United Arab Emirates
Abu Dhabi,AE,2023-04-02,12:00:00,1680411600,22.2,21.0,23.7,35.5,304.0,0.0,0.0,United Arab Emirates
Abu Dhabi,AE,2023-04-03,12:00:00,1680498000,22.0,20.4,24.2,37.5,299.0,0.0,0.0,United Arab Emirates
Abu Dhabi,AE,2023-04-04,12:00:00,1680584400,22.9,20.8,25.4,33.2,294.0,0.0,0.0,United Arab Emirates
Abu Dhabi,AE,2023-04-05,12:00:00,1680670800,23.2,20.7,25.8,26.2,299.0,0.0,0.0,United Arab Emirates
Abu Dhabi,AE,2023-04-06,12:00:00,1680757200,23.1,20.2,26.5,22.4,297.0,0.0,0.0,United Arab Emirates
Abu Dhabi,AE,2023-04-07,12:00:00,1680843600,22.7,18.1,26.5,20.8,345.0,0.0,0.0,United Arab Emirates
Abu Dhabi,AE,2023-04-08,12:00:00,1680930000,24.8,21.8,28.3,25.4,328.0,0.0,0.0,United Arab Emirates
Abu Dhabi,AE,2023-04-09,12:00:00,1681016400,24.8,21.9,27.7,22.6,295.0,0.0,0.0,United Arab Emirates
Abu Dhabi,AE,2023-04-10,12:00:00,1681102800,25.1,20.9,30.2,19.1,319.0,0.0,0.0,United Arab Emirates
Abu Dhabi,AE,2023-04-11,12:00:00,1681189200,26.7,21.4,33.6,26.3,16.0,0.0,0.0,United Arab Emirates
Abu Dhabi,AE,2023-04-12,12:00:00,1681275600,27.9,23.0,33.2,22.6,45.0,0.0,0.0,United Arab Emirates
Abu Dhabi,AE,2023-04-13,12:00:00,1681362000,29.5,27.2,35.2,35.7,76.0,0.0,0.0,United Arab Emirates
Abu Dhabi,AE,2023-04-14,12:00:00,1681448400,26.5,24.6,28.6,41.2,329.0,0.0,0.0,United Arab Emirates
Abu Dhabi,AE,2023-04-15,12:00:00,1681534800,25.3,24.0,27.4,39.0,297.0,0.0,0.0,United Arab Emirates
Abu Dhabi,AE,2023-04-16,12:00:00,1681621200,25.0,23.2,27.3,28.4,296.0,0.0,0.0,United Arab Emirates
Abu Dhabi,AE,2023-04-17,12:00:00,1681707600,25.3,23.3,27.6,27.4,292.0,0.0,0.0,United Arab Emirates
Abu Dhabi,AE,2023-04-18,12:00:00,1681794000,25.5,22.8,28.6,21.6,288.0,0.0,0.0,United Arab Emirates
Abu Dhabi,AE,2023-04-19,12:00:00,1681880400,25.2,22.8,28.2,22.5,316.0,0.0,0.0,United Arab Emirates
Abu Dhabi,AE,2023-04-20,12:00:00,1681966800,25.4,22.0,28.5,20.3,289.0,0.0,0.0,United Arab Emirates
Abu Dhabi,AE,2023-04-21,12:00:00,1682053200,26.5,21.7,31.3,17.5,315.0,0.0,0.0,United Arab Emirates
Abu Dhabi,AE,2023-04-22,12:00:00,1682139600,27.0,22.5,32.7,19.3,6.0,0.0,0.0,United Arab Emirates
Abu Dhabi,AE,2023-04-23,12:00:00,1682226000,26.8,22.4,31.3,22.4,294.0,0.0,0.0,United Arab Emirates
Abu Dhabi,AE,2023-04-24,12:00:00,1682312400,27.6,22.7,31.9,17.7,270.0,0.0,0.0,United Arab Emirates
Abu Dhabi,AE,2023-04-25,12:00:00,1682398800,28.7,24.7,34.8,26.4,10.0,0.0,0.0,United Arab Emirates
Abu Dhabi,AE,2023-04-26,12:00:00,1682485200,27.5,24.5,31.3,29.7,355.0,0.0,0.0,United Arab Emirates
Abu Dhabi,AE,2023-04-27,12:00:00,1682571600,27.2,24.3,30.9,21.3,282.0,0.0,0.0,United Arab Emirates
Abu Dhabi,AE,2023-04-28,12:00:00,1682658000,27.0,22.8,31.5,18.9,280.0,0.0,0.0,United Arab Emirates
Abu Dhabi,AE,2023-04-29,12:00:00,1682744400,27.5,22.0,33.2,18.7,276.0,0.0,0.0,United Arab Emirates
Abu Dhabi,AE,2023-04-30,12:00:00,1682830800,29.1,24.1,35.0,16.5,47.0,0.0,0.0,United Arab Emirates
Abu Dhabi,AE,2023-05-01,12:00:00,1682917200,29.9,24.4,35.7,17.3,281.0,0.0,0.0,United Arab Emirates
Abu Dhabi,AE,2023-05-02,12:00:00,1683003600,28.1,24.6,31.5,28.7,305.0,0.0,0.0,United Arab Emirates
Abu Dhabi,AE,2023-05-03,12:00:00,1683090000,27.7,25.3,30.4,37.4,291.0,0.0,0.0,United Arab Emirates
Abu Dhabi,AE,2023-05-04,12:00:00,1683176400,29.0,26.8,31.4,35.3,316.0,0.0,0.0,United Arab Emirates
Abu Dhabi,AE,2023-05-05,12:00:00,1683262800,27.1,24.6,29.9,30.6,311.0,0.0,0.0,United Arab Emirates
Abu Dhabi,AE,2023-05-06,12:00:00,1683349200,25.7,22.6,29.3,19.7,314.0,0.0,0.0,United Arab Emirates
Abu Dhabi,AE,2023-05-07,12:00:00,1683435600,26.0,21.0,32.0,19.5,329.0,0.0,0.0,United Arab Emirates
Abu Dhabi,AE,2023-05-08,12:00:00,1683522000,28.2,22.1,36.2,18.7,19.0,0.0,0.0,United Arab Emirates
Abu Dhabi,AE,2023-05-09,12:00:00,1683608400,31.1,25.2,39.0,27.2,9.0,0.0,0.0,United Arab Emirates
Abu Dhabi,AE,2023-05-10,12:00:00,1683694800,31.2,26.4,38.1,19.3,274.0,0.0,0.0,United Arab Emirates
Abu Dhabi,AE,2023-05-11,12:00:00,1683781200,31.1,25.6,38.4,25.5,280.0,0.0,0.0,United Arab Emirates
Abu Dhabi,AE,2023-05-12,12:00:00,1683867600,30.7,26.0,35.7,22.2,285.0,0.0,0.0,United Arab Emirates
Abu Dhabi,AE,2023-05-13,12:00:00,1683954000,31.6,27.6,37.0,25.1,264.0,0.0,0.0,United Arab Emirates
Abu Dhabi,AE,2023-05-14,12:00:00,1684040400,31.7,26.1,38.4,27.0,269.0,0.0,0.0,United Arab Emirates
Abu Dhabi,AE,2023-05-15,12:00:00,1684126800,30.1,27.6,33.2,28.6,295.0,0.0,0.0,United Arab Emirates
Abu Dhabi,AE,2023-05-16,12:00:00,1684213200,30.3,26.9,34.1,27.5,279.0,0.0,0.0,United Arab Emirates
Abu Dhabi,AE,2023-05-17,12:00:00,1684299600,31.9,27.7,37.2,17.7,289.0,0.0,0.0,United Arab Emirates
Abu Dhabi,AE,2023-05-18,12:00:00,1684386000,32.3,27.9,40.5,27.3,355.0,0.0,0.0,United Arab Emirates
Abu Dhabi,AE,2023-05-19,12:00:00,1684472400,32.6,27.9,38.1,26.0,357.0,0.0,0.0,United Arab Emirates
Abu Dhabi,AE,2023-05-20,12:00:00,1684558800,33.3,28.4,40.8,30.1,9.0,0.0,0.0,United Arab Emirates
Abu Dhabi,AE,2023-05-21,12:00:00,1684645200,33.2,29.6,38.5,19.5,40.0,0.0,0.0,United Arab Emirates
Abu Dhabi,AE,2023-05-22,12:00:00,1684731600,32.8,29.7,37.2,21.9,14.0,0.0,0.0,United Arab Emirates
Abu Dhabi,AE,2023-05-23,12:00:00,1684818000,32.3,29.7,37.0,18.5,356.0,0.0,0.0,United Arab Emirates
Abu Dhabi,AE,2023-05-24,12:00:00,1684904400,32.0,28.0,36.7,21.4,313.0,0.0,0.0,United Arab Emirates
Abu Dhabi,AE,2023-05-25,12:00:00,1684990800,32.4,28.0,38.6,26.5,300.0,0.0,0.0,United Arab Emirates
Abu Dhabi,AE,2023-05-26,12:00:00,1685077200,33.0,27.9,39.0,21.3,275.0,0.0,0.0,United Arab Emirates
Abu Dhabi,AE,2023-05-27,12:00:00,1685163600,33.0,29.0,37.5,23.0,291.0,0.0,0.0,United Arab Emirates
Abu Dhabi,AE,2023-05-28,12:00:00,1685250000,33.2,29.7,37.5,27.7,302.0,0.0,0.0,United Arab Emirates
Abu Dhabi,AE,2023-05-29,12:00:00,1685336400,31.5,27.6,35.6,16.3,282.0,0.0,0.0,United Arab Emirates
Abu Dhabi,AE,2023-05-30,12:00:00,1685422800,31.6,27.2,36.0,21.8,318.0,0.0,0.0,United Arab Emirates
Abu Dhabi,AE,2023-05-31,12:00:00,1685509200,32.1,28.5,35.3,30.6,291.0,0.0,0.0,United Arab Emirates
Abu Dhabi,AE,2023-06-01,12:00:00,1685595600,32.6,29.8,35.7,29.7,273.0,0.0,0.0,United Arab Emirates
Abu Dhabi,AE,2023-06-02,12:00:00,1685682000,32.9,30.8,35.8,34.7,273.0,0.0,0.0,United Arab Emirates
Abu Dhabi,AE,2023-06-03,12:00:00,1685768400,31.8,29.1,34.7,22.0,264.0,0.0,0.0,United Arab Emirates
Abu Dhabi,AE,2023-06-04,12:00:00,1685854800,31.5,28.1,35.8,22.7,289.0,0.0,0.0,United Arab Emirates
Abu Dhabi,AE,2023-06-05,12:00:00,1685941200,32.6,28.2,40.7,29.8,8.0,0.0,0.0,United Arab Emirates
Abu Dhabi,AE,2023-06-06,12:00:00,1686027600,34.6,29.5,42.2,29.3,309.0,0.0,0.0,United Arab Emirates
Abu Dhabi,AE,2023-06-07,12:00:00,1686114000,32.6,29.5,36.4,25.1,289.0,0.0,0.0,United Arab Emirates
Abu Dhabi,AE,2023-06-08,12:00:00,1686200400,33.3,29.4,37.9,21.9,268.0,0.0,0.0,United Arab Emirates
Abu Dhabi,AE,2023-06-09,12:00:00,1686286800,34.3,29.6,39.9,16.3,276.0,0.0,0.0,United Arab Emirates
Abu Dhabi,AE,2023-06-10,12:00:00,1686373200,33.5,30.7,37.1,23.3,291.0,0.0,0.0,United Arab Emirates
Abu Dhabi,AE,2023-06-11,12:00:00,1686459600,33.3,29.5,38.2,20.4,318.0,0.0,0.0,United Arab Emirates
Abu Dhabi,AE,2023-06-12,12:00:00,1686546000,34.0,29.8,38.7,23.3,325.0,0.0,0.0,United Arab Emirates
Abu Dhabi,AE,2023-06-13,12:00:00,1686632400,34.9,30.5,38.7,25.2,305.0,0.0,0.0,United Arab Emirates
Abu Dhabi,AE,2023-06-14,12:00:00,1686718800,35.2,32.6,38.4,35.7,290.0,0.0,0.0,United Arab Emirates
Abu Dhabi,AE,2023-06-15,12:00:00,1686805200,33.9,31.8,36.8,28.3,286.0,0.0,0.0,United Arab Emirates
Abu Dhabi,AE,2023-06-16,12:00:00,1686891600,34.9,32.9,38.1,34.2,303.0,0.0,0.0,United Arab Emirates
Abu Dhabi,AE,2023-06-17,12:00:00,1686978000,33.8,31.2,36.3,31.4,297.0,0.0,0.0,United Arab Emirates
Abu Dhabi,AE,2023-06-18,12:00:00,1687064400,32.4,29.9,35.5,22.1,288.0,0.0,0.0,United Arab Emirates
Abu Dhabi,AE,2023-06-19,12:00:00,1687150800,31.7,29.1,34.2,21.4,302.0,0.0,0.0,United Arab Emirates
Abu Dhabi,AE,2023-06-20,12:00:00,1687237200,33.9,30.4,39.5,20.9,318.0,0.0,0.0,United Arab Emirates
Abu Dhabi,AE,2023-06-21,12:00:00,1687323600,33.2,29.9,36.4,20.6,283.0,0.0,0.0,United Arab Emirates
Abu Dhabi,AE,2023-06-22,12:00:00,1687410000,33.3,30.7,36.3,23.6,288.0,0.0,0.0,United Arab Emirates
Abu Dhabi,AE,2023-06-23,12:00:00,1687496400,33.9,31.3,37.1,24.5,291.0,0.0,0.0,United Arab Emirates
Abu Dhabi,AE,2023-06-24,12:00:00,1687582800,35.2,32.4,38.4,32.1,315.0,0.0,0.0,United Arab Emirates
Abu Dhabi,AE,2023-06-25,12:00:00,1687669200,34.8,32.6,37.1,25.3,313.0,0.0,0.0,United Arab Emirates
Abu Dhabi,AE,2023-06-26,12:00:00,1687755600,33.3,29.9,36.9,23.7,294.0,0.0,0.0,United Arab Emirates
Abu Dhabi,AE,2023-06-27,12:00:00,1687842000,32.6,29.4,37.2,22.5,336.0,0.0,0.0,United Arab Emirates
Abu Dhabi,AE,2023-06-28,12:00:00,1687928400,34.6,31.6,41.8,27.2,317.0,0.0,0.0,United Arab Emirates
Abu Dhabi,AE,2023-06-29,12:00:00,1688014800,33.6,30.6,39.8,27.3,324.0,0.0,0.0,United Arab Emirates
Abu Dhabi,AE,2023-06-30,12:00:00,1688101200,33.5,29.9,37.4,22.5,288.0,0.0,0.0,United Arab Emirates
Abu Dhabi,AE,2023-07-01,12:00:00,1688187600,34.3,30.7,38.4,25.0,284.0,0.0,0.0,United Arab Emirates
Abu Dhabi,AE,2023-07-02,12:00:00,1688274000,33.8,30.1,37.6,32.4,298.0,0.0,0.0,United Arab Emirates
Abu Dhabi,AE,2023-07-03,12:00:00,1688360400,33.2,29.6,37.2,19.0,299.0,0.0,0.0,United Arab Emirates
Abu Dhabi,AE,2023-07-04,12:00:00,1688446800,32.9,29.9,37.1,23.8,309.0,0.0,0.0,United Arab Emirates
Abu Dhabi,AE,2023-07-05,12:00:00,1688533200,33.6,30.3,37.4,24.1,302.0,0.0,0.0,United Arab Emirates
Abu Dhabi,AE,2023-07-06,12:00:00,1688619600,33.6,29.7,38.1,22.2,318.0,0.0,0.0,United Arab Emirates
Abu Dhabi,AE,2023-07-07,12:00:00,1688706000,34.2,31.0,40.7,26.1,322.0,0.0,0.0,United Arab Emirates
Abu Dhabi,AE,2023-07-08,12:00:00,1688792400,34.6,31.2,41.3,26.9,321.0,0.0,0.0,United Arab Emirates
Abu Dhabi,AE,2023-07-09,12:00:00,1688878800,34.4,30.1,44.2,27.5,338.0,0.0,0.0,United Arab Emirates
Abu Dhabi,AE,2023-07-10,12:00:00,1688965200,35.3,30.4,43.8,26.3,354.0,0.0,0.0,United Arab Emirates
Abu Dhabi,AE,2023-07-11,12:00:00,1689051600,36.2,31.3,44.1,30.1,180.0,0.0,0.0,United Arab Emirates
Abu Dhabi,AE,2023-07-12,12:00:00,1689138000,34.7,30.7,39.9,23.4,276.0,0.0,0.0,United Arab Emirates
Abu Dhabi,AE,2023-07-13,12:00:00,1689224400,35.1,32.1,39.8,18.4,268.0,0.0,0.0,United Arab Emirates
Abu Dhabi,AE,2023-07-14,12:00:00,1689310800,35.5,32.1,42.7,23.0,360.0,0.0,0.0,United Arab Emirates
Abu Dhabi,AE,2023-07-15,12:00:00,1689397200,38.2,33.1,45.4,29.2,212.0,0.0,0.0,United Arab Emirates
Abu Dhabi,AE,2023-07-16,12:00:00,1689483600,37.1,33.0,44.9,28.9,331.0,0.0,0.0,United Arab Emirates
Abu Dhabi,AE,2023-07-17,12:00:00,1689570000,34.8,31.4,39.6,22.1,304.0,0.0,0.0,United Arab Emirates
Abu Dhabi,AE,2023-07-18,12:00:00,1689656400,34.0,30.8,38.2,23.6,301.0,0.0,0.0,United Arab Emirates
Abu Dhabi,AE,2023-07-19,12:00:00,1689742800,33.7,30.3,37.6,21.7,303.0,0.0,0.0,United Arab Emirates
Abu Dhabi,AE,2023-07-20,12:00:00,1689829200,35.0,30.7,39.8,20.7,272.0,0.0,0.0,United Arab Emirates
Abu Dhabi,AE,2023-07-21,12:00:00,1689915600,34.5,30.4,39.5,20.1,330.0,0.0,0.0,United Arab Emirates
Abu Dhabi,AE,2023-07-22,12:00:00,1690002000,36.4,33.0,44.4,27.4,345.0,0.0,0.0,United Arab Emirates
Abu Dhabi,AE,2023-07-23,12:00:00,1690088400,34.8,31.6,38.1,20.8,341.0,0.0,0.0,United Arab Emirates
Abu Dhabi,AE,2023-07-24,12:00:00,1690174800,36.7,33.7,43.8,29.6,325.0,0.0,0.0,United Arab Emirates
Abu Dhabi,AE,2023-07-25,12:00:00,1690261200,36.3,33.2,41.4,25.5,333.0,0.0,0.0,United Arab Emirates
Abu Dhabi,AE,2023-07-26,12:00:00,1690347600,37.6,34.7,43.4,27.3,72.0,0.0,0.0,United Arab Emirates
Abu Dhabi,AE,2023-07-27,12:00:00,1690434000,37.3,34.7,42.5,27.8,56.0,0.0,0.0,United Arab Emirates
Abu Dhabi,AE,2023-07-28,12:00:00,1690520400,36.4,33.8,41.2,25.4,351.0,0.0,0.0,United Arab Emirates
Abu Dhabi,AE,2023-07-29,12:00:00,1690606800,34.3,31.8,37.6,18.4,329.0,0.0,0.0,United Arab Emirates
Abu Dhabi,AE,2023-07-30,12:00:00,1690693200,34.4,30.2,37.8,19.2,328.0,0.0,0.0,United Arab Emirates
Abu Dhabi,AE,2023-07-31,12:00:00,1690779600,34.8,30.5,39.2,24.4,287.0,0.0,0.0,United Arab Emirates
Abu Dhabi,AE,2023-08-01,12:00:00,1690866000,34.8,29.7,41.1,20.4,273.0,0.0,0.0,United Arab Emirates
Abu Dhabi,AE,2023-08-02,12:00:00,1690952400,35.0,30.2,39.8,19.3,1.0,0.0,0.0,United Arab Emirates
Abu Dhabi,AE,2023-08-03,12:00:00,1691038800,35.7,32.5,42.2,30.4,3.0,0.0,0.0,United Arab Emirates
Abu Dhabi,AE,2023-08-04,12:00:00,1691125200,35.7,31.9,39.3,20.9,338.0,0.0,0.0,United Arab Emirates
Abu Dhabi,AE,2023-08-05,12:00:00,1691211600,36.3,32.7,42.2,28.4,338.0,0.0,0.0,United Arab Emirates
Abu Dhabi,AE,2023-08-06,12:00:00,1691298000,38.2,33.6,45.7,24.3,139.0,0.0,0.0,United Arab Emirates
Abu Dhabi,AE,2023-08-07,12:00:00,1691384400,36.7,33.0,43.6,26.3,307.0,0.0,0.0,United Arab Emirates
Abu Dhabi,AE,2023-08-08,12:00:00,1691470800,36.2,30.5,42.0,19.7,272.0,0.0,0.0,United Arab Emirates
Abu Dhabi,AE,2023-08-09,12:00:00,1691557200,35.1,32.3,38.4,26.5,298.0,0.0,0.0,United Arab Emirates
Abu Dhabi,AE,2023-08-10,12:00:00,1691643600,35.7,31.3,40.9,23.2,10.0,0.0,0.0,United Arab Emirates
Abu Dhabi,AE,2023-08-11,12:00:00,1691730000,38.1,33.8,44.1,22.7,36.0,0.0,0.0,United Arab Emirates
Abu Dhabi,AE,2023-08-12,12:00:00,1691816400,37.2,33.8,42.7,25.9,149.0,0.0,0.0,United Arab Emirates
Abu Dhabi,AE,2023-08-13,12:00:00,1691902800,36.4,32.8,42.1,24.2,277.0,0.0,0.0,United Arab Emirates
Abu Dhabi,AE,2023-08-14,12:00:00,1691989200,35.5,30.8,41.9,21.5,349.0,0.0,0.0,United Arab Emirates
Abu Dhabi,AE,2023-08-15,12:00:00,1692075600,35.0,30.1,41.3,25.0,17.0,0.0,0.0,United Arab Emirates
Abu Dhabi,AE,2023-08-16,12:00:00,1692162000,37.8,32.5,43.5,24.0,117.0,0.0,0.0,United Arab Emirates
Abu Dhabi,AE,2023-08-17,12:00:00,1692248400,35.8,31.3,40.7,30.2,141.0,0.0,0.0,United Arab Emirates
Abu Dhabi,AE,2023-08-18,12:00:00,1692334800,34.4,31.1,39.5,23.7,144.0,0.0,0.0,United Arab Emirates
Abu Dhabi,AE,2023-08-19,12:00:00,1692421200,34.5,30.9,39.7,24.2,4.0,0.0,0.0,United Arab Emirates
Abu Dhabi,AE,2023-08-20,12:00:00,1692507600,34.5,30.6,40.4,25.2,19.0,0.0,0.0,United Arab Emirates
Abu Dhabi,AE,2023-08-21,12:00:00,1692594000,34.6,29.8,41.1,24.8,30.0,0.0,0.0,United Arab Emirates
Abu Dhabi,AE,2023-08-22,12:00:00,1692680400,34.3,29.8,40.1,25.0,353.0,0.0,0.0,United Arab Emirates
Abu Dhabi,AE,2023-08-23,12:00:00,1692766800,34.7,30.9,39.4,22.3,274.0,0.0,0.0,United Arab Emirates
Abu Dhabi,AE,2023-08-24,12:00:00,1692853200,34.4,31.1,38.7,21.7,297.0,0.0,0.0,United Arab Emirates
Abu Dhabi,AE,2023-08-25,12:00:00,1692939600,35.4,31.2,46.1,31.8,358.0,0.0,0.0,United Arab Emirates
Abu Dhabi,AE,2023-08-26,12:00:00,1693026000,35.6,31.0,43.9,29.1,344.0,0.0,0.0,United Arab Emirates
Abu Dhabi,AE,2023-08-27,12:00:00,1693112400,35.0,30.7,40.9,23.6,330.0,0.0,0.0,United Arab Emirates
Abu Dhabi,AE,2023-08-28,12:00:00,1693198800,34.9,31.4,40.4,24.6,342.0,0.0,0.0,United Arab Emirates
Abu Dhabi,AE,2023-08-29,12:00:00,1693285200,34.9,30.3,41.9,24.2,31.0,0.0,0.0,United Arab Emirates
Abu Dhabi,AE,2023-08-30,12:00:00,1693371600,36.4,31.2,43.1,21.3,42.0,0.0,0.0,United Arab Emirates
Abu Dhabi,AE,2023-08-31,12:00:00,1693458000,35.0,30.9,40.8,26.6,349.0,0.0,0.0,United Arab Emirates
Abu Dhabi,AE,2023-09-01,12:00:00,1693544400,34.8,31.8,38.3,26.7,309.0,0.0,0.0,United Arab Emirates
Abu Dhabi,AE,2023-09-02,12:00:00,1693630800,34.4,32.7,36.8,21.1,336.0,0.0,0.0,United Arab Emirates
Abu Dhabi,AE,2023-09-03,12:00:00,1693717200,34.9,31.8,39.5,25.2,8.0,0.0,0.0,United Arab Emirates
Abu Dhabi,AE,2023-09-04,12:00:00,1693803600,35.4,31.6,41.6,25.8,21.0,0.0,0.0,United Arab Emirates
Abu Dhabi,AE,2023-09-05,12:00:00,1693890000,34.2,30.9,38.2,24.4,356.0,0.0,0.0,United Arab Emirates
Abu Dhabi,AE,2023-09-06,12:00:00,1693976400,35.0,31.1,42.4,29.0,15.0,0.0,0.0,United Arab Emirates
Abu Dhabi,AE,2023-09-07,12:00:00,1694062800,35.2,30.7,43.2,25.2,73.0,0.0,0.0,United Arab Emirates
Abu Dhabi,AE,2023-09-08,12:00:00,1694149200,34.8,29.2,43.0,27.9,108.0,0.0,0.0,United Arab Emirates
Abu Dhabi,AE,2023-09-09,12:00:00,1694235600,34.2,28.9,39.9,21.1,281.0,0.0,0.0,United Arab Emirates
Abu Dhabi,AE,2023-09-10,12:00:00,1694322000,34.4,30.6,39.6,22.5,260.0,0.0,0.0,United Arab Emirates
Abu Dhabi,AE,2023-09-11,12:00:00,1694408400,34.4,29.8,40.5,22.0,336.0,0.0,0.0,United Arab Emirates
Abu Dhabi,AE,2023-09-12,12:00:00,1694494800,35.2,30.5,43.1,25.1,43.0,0.0,0.0,United Arab Emirates
Abu Dhabi,AE,2023-09-13,12:00:00,1694581200,34.2,28.8,41.0,19.1,353.0,0.0,0.0,United Arab Emirates
Abu Dhabi,AE,2023-09-14,12:00:00,1694667600,33.3,30.5,38.6,20.6,343.0,0.0,0.0,United Arab Emirates
Abu Dhabi,AE,2023-09-15,12:00:00,1694754000,33.1,30.3,37.0,20.4,337.0,0.0,0.0,United Arab Emirates
Abu Dhabi,AE,2023-09-16,12:00:00,1694840400,33.6,31.1,37.6,19.5,302.0,0.0,0.0,United Arab Emirates
Abu Dhabi,AE,2023-09-17,12:00:00,1694926800,33.6,31.2,36.9,23.9,316.0,0.0,0.0,United Arab Emirates
Abu Dhabi,AE,2023-09-18,12:00:00,1695013200,33.6,30.9,36.7,25.8,328.0,0.0,0.0,United Arab Emirates
Abu Dhabi,AE,2023-09-19,12:00:00,1695099600,34.7,31.0,40.3,26.5,7.0,0.0,0.0,United Arab Emirates
Abu Dhabi,AE,2023-09-20,12:00:00,1695186000,35.4,32.1,41.3,24.7,13.0,0.0,0.0,United Arab Emirates
Abu Dhabi,AE,2023-09-21,12:00:00,1695272400,33.9,31.4,37.1,22.3,325.0,0.0,0.0,United Arab Emirates
Abu Dhabi,AE,2023-09-22,12:00:00,1695358800,33.5,29.4,38.3,22.0,337.0,0.0,0.0,United Arab Emirates
Abu Dhabi,AE,2023-09-23,12:00:00,1695445200,35.5,30.1,43.4,23.1,57.0,0.0,0.0,United Arab Emirates
Abu Dhabi,AE,2023-09-24,12:00:00,1695531600,35.4,30.7,42.5,30.6,106.0,0.0,0.0,United Arab Emirates
Abu Dhabi,AE,2023-09-25,12:00:00,1695618000,34.0,30.4,38.4,26.4,341.0,0.0,0.0,United Arab Emirates
Abu Dhabi,AE,2023-09-26,12:00:00,1695704400,33.4,28.4,38.6,23.8,13.0,0.0,0.0,United Arab Emirates
Abu Dhabi,AE,2023-09-27,12:00:00,1695790800,34.8,29.6,42.0,23.7,101.0,0.0,0.0,United Arab Emirates
Abu Dhabi,AE,2023-09-28,12:00:00,1695877200,33.5,28.8,40.5,24.1,328.0,0.0,0.0,United Arab Emirates
Abu Dhabi,AE,2023-09-29,12:00:00,1695963600,32.1,27.2,37.2,23.0,358.0,0.0,0.0,United Arab Emirates
Abu Dhabi,AE,2023-09-30,12:00:00,1696050000,32.1,28.2,35.4,27.4,356.0,0.0,0.0,United Arab Emirates
Abu Dhabi,AE,2023-10-01,12:00:00,1696136400,32.8,30.1,35.5,26.3,303.0,0.0,0.0,United Arab Emirates
Abu Dhabi,AE,2023-10-02,12:00:00,1696222800,33.0,29.7,35.4,17.9,297.0,0.0,0.0,United Arab Emirates
Abu Dhabi,AE,2023-10-03,12:00:00,1696309200,32.4,28.0,36.3,23.8,351.0,0.0,0.0,United Arab Emirates
Abu Dhabi,AE,2023-10-04,12:00:00,1696395600,32.5,28.0,38.5,20.9,356.0,0.0,0.0,United Arab Emirates
Abu Dhabi,AE,2023-10-05,12:00:00,1696482000,31.4,27.7,35.3,22.4,285.0,0.0,0.0,United Arab Emirates
Abu Dhabi,AE,2023-10-06,12:00:00,1696568400,33.9,30.7,38.4,32.6,299.0,0.0,0.0,United Arab Emirates
Abu Dhabi,AE,2023-10-07,12:00:00,1696654800,33.4,30.0,38.9,21.0,360.0,0.0,0.0,United Arab Emirates
Abu Dhabi,AE,2023-10-08,12:00:00,1696741200,34.3,31.3,39.9,27.0,11.0,0.0,0.0,United Arab Emirates
Abu Dhabi,AE,2023-10-09,12:00:00,1696827600,32.5,28.2,37.4,24.8,295.0,0.0,0.0,United Arab Emirates
Abu Dhabi,AE,2023-10-10,12:00:00,1696914000,32.3,29.5,36.1,20.6,316.0,0.0,0.0,United Arab Emirates
Abu Dhabi,AE,2023-10-11,12:00:00,1697000400,31.3,27.3,35.2,15.9,22.0,0.0,0.0,United Arab Emirates
Abu Dhabi,AE,2023-10-12,12:00:00,1697086800,31.6,27.0,36.4,19.5,356.0,0.0,0.0,United Arab Emirates
Abu Dhabi,AE,2023-10-13,12:00:00,1697173200,32.4,28.6,38.0,27.3,346.0,0.0,0.0,United Arab Emirates
Abu Dhabi,AE,2023-10-14,12:00:00,1697259600,31.2,26.7,35.5,21.0,339.0,0.0,0.0,United Arab Emirates
Abu Dhabi,AE,2023-10-15,12:00:00,1697346000,30.1,26.4,33.9,16.4,305.0,0.0,0.0,United Arab Emirates
Abu Dhabi,AE,2023-10-16,12:00:00,1697432400,31.0,26.5,35.2,17.9,12.0,0.0,0.0,United Arab Emirates
Abu Dhabi,AE,2023-10-17,12:00:00,1697518800,31.1,28.1,34.7,23.3,6.0,0.0,0.0,United Arab Emirates
Abu Dhabi,AE,2023-10-18,12:00:00,1697605200,30.5,26.0,35.5,22.7,32.0,0.0,0.0,United Arab Emirates
Abu Dhabi,AE,2023-10-19,12:00:00,1697691600,30.4,25.8,37.1,21.6,7.0,0.0,0.0,United Arab Emirates
Abu Dhabi,AE,2023-10-20,12:00:00,1697778000,30.3,26.5,33.7,21.8,348.0,0.0,0.0,United Arab Emirates
Abu Dhabi,AE,2023-10-21,12:00:00,1697864400,30.7,26.8,34.6,23.6,355.0,0.0,0.0,United Arab Emirates
Abu Dhabi,AE,2023-10-22,12:00:00,1697950800,30.6,26.9,35.0,24.1,3.0,0.0,0.0,United Arab Emirates
Abu Dhabi,AE,2023-10-23,12:00:00,1698037200,30.5,26.7,35.6,22.2,356.0,0.0,0.0,United Arab Emirates
Abu Dhabi,AE,2023-10-24,12:00:00,1698123600,30.1,26.4,33.5,19.0,4.0,0.0,0.0,United Arab Emirates
Abu Dhabi,AE,2023-10-25,12:00:00,1698210000,30.3,26.1,35.5,21.6,43.0,0.0,0.0,United Arab Emirates
Abu Dhabi,AE,2023-10-26,12:00:00,1698296400,28.5,25.9,31.4,24.5,258.0,6.5,0.0,United Arab Emirates
Abu Dhabi,AE,2023-10-27,12:00:00,1698382800,27.4,24.0,29.8,21.7,305.0,0.1,0.0,United Arab Emirates
Abu Dhabi,AE,2023-10-28,12:00:00,1698469200,27.9,25.0,30.7,12.9,285.0,0.0,0.0,United Arab Emirates
Abu Dhabi,AE,2023-10-29,12:00:00,1698555600,28.4,24.6,31.9,19.2,31.0,0.0,0.0,United Arab Emirates
Abu Dhabi,AE,2023-10-30,12:00:00,1698642000,29.5,25.7,34.3,21.7,44.0,0.0,0.0,United Arab Emirates
Abu Dhabi,AE,2023-10-31,12:00:00,1698728400,30.1,26.1,35.0,24.5,45.0,0.0,0.0,United Arab Emirates
Abu Dhabi,AE,2023-11-01,12:00:00,1698814800,29.9,24.9,35.5,21.8,33.0,0.0,0.0,United Arab Emirates
Abu Dhabi,AE,2023-11-02,12:00:00,1698901200,30.4,24.9,36.3,23.7,115.0,0.0,0.0,United Arab Emirates
Abu Dhabi,AE,2023-11-03,12:00:00,1698987600,29.2,24.9,33.8,20.6,314.0,0.0,0.0,United Arab Emirates
Abu Dhabi,AE,2023-11-04,12:00:00,1699074000,29.8,28.3,31.8,25.3,313.0,0.0,0.0,United Arab Emirates
Abu Dhabi,AE,2023-11-05,12:00:00,1699160400,29.8,27.8,32.1,24.8,298.0,0.0,0.0,United Arab Emirates
Abu Dhabi,AE,2023-11-06,12:00:00,1699246800,29.7,27.7,31.7,26.0,313.0,0.1,0.0,United Arab Emirates
Abu Dhabi,AE,2023-11-07,12:00:00,1699333200,28.6,26.1,30.9,21.2,297.0,0.0,0.0,United Arab Emirates
Abu Dhabi,AE,2023-11-08,12:00:00,1699419600,28.2,25.2,30.5,14.9,6.0,0.3,0.0,United Arab Emirates
Abu Dhabi,AE,2023-11-09,12:00:00,1699506000,28.5,24.8,33.2,31.4,48.0,0.0,0.0,United Arab Emirates
Abu Dhabi,AE,2023-11-10,12:00:00,1699592400,27.9,23.4,32.2,17.5,30.0,0.0,0.0,United Arab Emirates
Abu Dhabi,AE,2023-11-11,12:00:00,1699678800,28.3,23.9,33.1,22.2,28.0,0.0,0.0,United Arab Emirates
Abu Dhabi,AE,2023-11-12,12:00:00,1699765200,28.2,24.5,32.3,21.9,57.0,0.0,0.0,United Arab Emirates
Abu Dhabi,AE,2023-11-13,12:00:00,1699851600,26.4,19.8,31.9,18.5,45.0,0.0,0.0,United Arab Emirates
Abu Dhabi,AE,2023-11-14,12:00:00,1699938000,27.2,22.8,32.2,25.2,37.0,0.0,0.0,United Arab Emirates
Abu Dhabi,AE,2023-11-15,12:00:00,1700024400,28.4,23.2,33.9,27.0,145.0,0.0,0.0,United Arab Emirates
Abu Dhabi,AE,2023-11-16,12:00:00,1700110800,28.5,25.7,33.3,30.6,118.0,0.1,0.0,United Arab Emirates
Abu Dhabi,AE,2023-11-17,12:00:00,1700197200,25.8,23.8,28.9,33.7,15.0,3.7,0.0,United Arab Emirates
Abu Dhabi,AE,2023-11-18,12:00:00,1700283600,26.1,22.9,28.6,19.1,342.0,0.5,0.0,United Arab Emirates
Abu Dhabi,AE,2023-11-19,12:00:00,1700370000,26.1,21.4,29.1,22.1,14.0,0.0,0.0,United Arab Emirates
Abu Dhabi,AE,2023-11-20,12:00:00,1700456400,26.7,21.1,32.2,22.7,123.0,0.0,0.0,United Arab Emirates
Abu Dhabi,AE,2023-11-21,12:00:00,1700542800,27.7,23.8,32.3,29.0,143.0,0.0,0.0,United Arab Emirates
Abu Dhabi,AE,2023-11-22,12:00:00,1700629200,26.2,22.3,28.9,25.5,358.0,0.0,0.0,United Arab Emirates
Abu Dhabi,AE,2023-11-23,12:00:00,1700715600,26.0,24.2,27.5,24.8,311.0,0.0,0.0,United Arab Emirates
Abu Dhabi,AE,2023-11-24,12:00:00,1700802000,25.8,23.0,27.8,19.1,310.0,0.0,0.0,United Arab Emirates
Abu Dhabi,AE,2023-11-25,12:00:00,1700888400,26.0,24.3,28.0,23.4,330.0,0.3,0.0,United Arab Emirates
Abu Dhabi,AE,2023-11-26,12:00:00,1700974800,25.5,21.9,28.5,17.9,343.0,0.0,0.0,United Arab Emirates
Abu Dhabi,AE,2023-11-27,12:00:00,1701061200,24.8,20.6,28.1,16.3,288.0,0.0,0.0,United Arab Emirates
Abu Dhabi,AE,2023-11-28,12:00:00,1701147600,25.4,20.7,30.2,13.9,155.0,0.0,0.0,United Arab Emirates
Abu Dhabi,AE,2023-11-29,12:00:00,1701234000,26.0,23.0,28.8,27.8,319.0,0.0,0.0,United Arab Emirates
Abu Dhabi,AE,2023-11-30,12:00:00,1701320400,25.1,23.5,26.9,23.0,305.0,0.0,0.0,United Arab Emirates
Abu Dhabi,AE,2023-12-01,12:00:00,1701406800,24.8,21.1,27.5,18.1,314.0,0.0,0.0,United Arab Emirates
Abu Dhabi,AE,2023-12-02,12:00:00,1701493200,24.8,21.7,26.9,18.1,309.0,0.0,0.0,United Arab Emirates
Abu Dhabi,AE,2023-12-03,12:00:00,1701579600,24.6,20.6,27.5,18.0,357.0,0.0,0.0,United Arab Emirates
Abu Dhabi,AE,2023-12-04,12:00:00,1701666000,25.1,21.9,28.1,22.9,355.0,0.0,0.0,United Arab Emirates
Abu Dhabi,AE,2023-12-05,12:00:00,1701752400,25.8,23.7,28.2,18.6,327.0,0.0,0.0,United Arab Emirates
Abu Dhabi,AE,2023-12-06,12:00:00,1701838800,24.8,21.7,27.5,17.7,341.0,0.0,0.0,United Arab Emirates
Abu Dhabi,AE,2023-12-07,12:00:00,1701925200,24.4,21.3,26.8,18.6,317.0,0.0,0.0,United Arab Emirates
Abu Dhabi,AE,2023-12-08,12:00:00,1702011600,23.9,20.6,26.5,12.9,317.0,0.0,0.0,United Arab Emirates
Abu Dhabi,AE,2023-12-09,12:00:00,1702098000,23.6,19.9,27.2,18.3,16.0,0.0,0.0,United Arab Emirates
Abu Dhabi,AE,2023-12-10,12:00:00,1702184400,24.4,19.4,27.0,15.0,320.0,0.0,0.0,United Arab Emirates
Abu Dhabi,AE,2023-12-11,12:00:00,1702270800,23.9,21.2,26.5,15.2,304.0,0.0,0.0,United Arab Emirates
Abu Dhabi,AE,2023-12-12,12:00:00,1702357200,22.4,19.3,25.6,14.1,278.0,0.0,0.0,United Arab Emirates
Abu Dhabi,AE,2023-12-13,12:00:00,1702443600,22.5,17.1,27.6,20.0,119.0,0.0,0.0,United Arab Emirates
Abu Dhabi,AE,2023-12-14,12:00:00,1702530000,22.1,17.6,26.5,30.0,276.0,0.0,0.0,United Arab Emirates
Abu Dhabi,AE,2023-12-15,12:00:00,1702616400,23.4,22.3,25.5,33.1,312.0,0.1,0.0,United Arab Emirates
Abu Dhabi,AE,2023-12-16,12:00:00,1702702800,23.9,22.0,27.0,22.3,346.0,0.0,0.0,United Arab Emirates
Abu Dhabi,AE,2023-12-17,12:00:00,1702789200,23.0,18.4,27.8,28.8,42.0,0.0,0.0,United Arab Emirates
Abu Dhabi,AE,2023-12-18,12:00:00,1702875600,21.7,16.5,26.6,20.6,28.0,0.0,0.0,United Arab Emirates
Abu Dhabi,AE,2023-12-19,12:00:00,1702962000,22.3,16.8,26.0,15.8,277.0,0.0,0.0,United Arab Emirates
Abu Dhabi,AE,2023-12-20,12:00:00,1703048400,21.7,16.6,25.6,18.6,288.0,0.0,0.0,United Arab Emirates
Abu Dhabi,AE,2023-12-21,12:00:00,1703134800,21.7,17.5,24.3,19.8,290.0,1.7,0.0,United Arab Emirates
Abu Dhabi,AE,2023-12-22,12:00:00,1703221200,22.1,18.4,25.7,17.4,265.0,0.0,0.0,United Arab Emirates
Abu Dhabi,AE,2023-12-23,12:00:00,1703307600,21.7,16.5,25.4,18.5,5.0,0.0,0.0,United Arab Emirates
Abu Dhabi,AE,2023-12-24,12:00:00,1703394000,21.6,16.7,26.5,16.2,63.0,0.0,0.0,United Arab Emirates
Abu Dhabi,AE,2023-12-25,12:00:00,1703480400,22.3,17.9,26.3,17.2,7.0,0.0,0.0,United Arab Emirates
Abu Dhabi,AE,2023-12-26,12:00:00,1703566800,24.0,20.7,27.3,22.8,331.0,0.0,0.0,United Arab Emirates
Abu Dhabi,AE,2023-12-27,12:00:00,1703653200,24.1,22.3,26.4,21.4,311.0,0.0,0.0,United Arab Emirates
Abu Dhabi,AE,2023-12-28,12:00:00,1703739600,22.7,19.5,25.2,17.6,305.0,0.0,0.0,United Arab Emirates
Abu Dhabi,AE,2023-12-29,12:00:00,1703826000,22.1,18.5,25.2,18.4,297.0,0.0,0.0,United Arab Emirates
Abu Dhabi,AE,2023-12-30,12:00:00,1703912400,22.9,18.8,26.7,19.9,344.0,0.0,0.0,United Arab Emirates
Abu Dhabi,AE,2023-12-31,12:00:00,1703998800,22.6,19.0,26.0,29.6,349.0,0.1,0.0,United Arab Emirates
Abu Dhabi,AE,2024-01-01,12:00:00,1704085200,23.6,20.7,26.1,22.7,314.0,0.0,0.0,United Arab Emirates
Abu Dhabi,AE,2024-01-02,12:00:00,1704171600,23.3,21.7,25.2,26.0,313.0,0.0,0.0,United Arab Emirates
Abu Dhabi,AE,2024-01-03,12:00:00,1704258000,22.5,19.6,25.0,26.6,308.0,0.0,0.0,United Arab Emirates
Abu Dhabi,AE,2024-01-04,12:00:00,1704344400,22.7,21.6,24.3,31.1,301.0,0.3,0.0,United Arab Emirates
Abu Dhabi,AE,2024-01-05,12:00:00,1704430800,22.6,20.9,24.5,26.7,314.0,0.0,0.0,United Arab Emirates
Abu Dhabi,AE,2024-01-06,12:00:00,1704517200,21.9,19.6,24.0,23.1,306.0,0.0,0.0,United Arab Emirates
Abu Dhabi,AE,2024-01-07,12:00:00,1704603600,21.8,19.8,24.1,22.8,303.0,0.0,0.0,United Arab Emirates
Abu Dhabi,AE,2024-01-08,12:00:00,1704690000,21.2,16.5,24.9,22.5,26.0,0.0,0.0,United Arab Emirates
Abu Dhabi,AE,2024-01-09,12:00:00,1704776400,21.5,17.3,25.3,17.2,8.0,0.0,0.0,United Arab Emirates
Abu Dhabi,AE,2024-01-10,12:00:00,1704862800,20.2,17.2,22.9,15.1,341.0,0.0,0.0,United Arab Emirates
Abu Dhabi,AE,2024-01-11,12:00:00,1704949200,19.4,15.9,23.4,16.4,253.0,0.0,0.0,United Arab Emirates
Abu Dhabi,AE,2024-01-12,12:00:00,1705035600,19.8,14.7,24.7,16.2,310.0,0.0,0.0,United Arab Emirates
Abu Dhabi,AE,2024-01-13,12:00:00,1705122000,20.4,15.0,26.3,15.1,84.0,0.0,0.0,United Arab Emirates
Abu Dhabi,AE,2024-01-14,12:00:00,1705208400,21.3,15.3,27.6,14.7,73.0,0.0,0.0,United Arab Emirates
Abu Dhabi,AE,2024-01-15,12:00:00,1705294800,21.8,16.0,28.5,14.4,83.0,0.0,0.0,United Arab Emirates
Abu Dhabi,AE,2024-01-16,12:00:00,1705381200,22.5,17.9,26.8,23.4,294.0,0.0,0.0,United Arab Emirates
Abu Dhabi,AE,2024-01-17,12:00:00,1705467600,22.6,20.9,24.7,31.5,303.0,0.0,0.0,United Arab Emirates
Abu Dhabi,AE,2024-01-18,12:00:00,1705554000,21.4,19.7,23.0,27.8,306.0,0.0,0.0,United Arab Emirates
Abu Dhabi,AE,2024-01-19,12:00:00,1705640400,21.8,20.0,23.8,26.5,312.0,0.0,0.0,United Arab Emirates
Abu Dhabi,AE,2024-01-20,12:00:00,1705726800,20.4,17.2,22.6,19.0,315.0,0.0,0.0,United Arab Emirates
Abu Dhabi,AE,2024-01-21,12:00:00,1705813200,21.1,18.5,23.3,25.8,303.0,0.0,0.0,United Arab Emirates
Abu Dhabi,AE,2024-01-22,12:00:00,1705899600,21.4,19.0,23.5,22.2,313.0,0.0,0.0,United Arab Emirates
Abu Dhabi,AE,2024-01-23,12:00:00,1705986000,20.4,17.2,24.0,18.1,321.0,0.0,0.0,United Arab Emirates
Abu Dhabi,AE,2024-01-24,12:00:00,1706072400,19.7,15.9,24.7,17.1,252.0,0.0,0.0,United Arab Emirates
Abu Dhabi,AE,2024-01-25,12:00:00,1706158800,20.4,14.5,27.3,13.0,172.0,0.0,0.0,United Arab Emirates
Abu Dhabi,AE,2024-01-26,12:00:00,1706245200,22.2,15.6,29.2,24.9,153.0,0.0,0.0,United Arab Emirates
Abu Dhabi,AE,2024-01-27,12:00:00,1706331600,24.0,20.0,28.8,31.9,162.0,0.0,0.0,United Arab Emirates
Abu Dhabi,AE,2024-01-28,12:00:00,1706418000,22.4,21.0,24.1,27.8,326.0,0.0,0.0,United Arab Emirates
Abu Dhabi,AE,2024-01-29,12:00:00,1706504400,21.6,20.1,23.5,22.9,313.0,0.0,0.0,United Arab Emirates
Abu Dhabi,AE,2024-01-30,12:00:00,1706590800,22.1,18.9,24.7,16.4,348.0,0.0,0.0,United Arab Emirates
Abu Dhabi,AE,2024-01-31,12:00:00,1706677200,23.7,19.7,28.2,24.3,43.0,0.0,0.0,United Arab Emirates
Abu Dhabi,AE,2024-02-01,12:00:00,1706763600,25.0,21.7,31.0,29.1,50.0,0.6,0.0,United Arab Emirates
Abu Dhabi,AE,2024-02-02,12:00:00,1706850000,22.3,19.3,25.4,42.2,324.0,0.3,0.0,United Arab Emirates
Abu Dhabi,AE,2024-02-03,12:00:00,1706936400,19.3,18.1,21.1,34.2,309.0,0.1,0.0,United Arab Emirates
Abu Dhabi,AE,2024-02-04,12:00:00,1707022800,19.6,18.4,21.4,31.6,308.0,0.0,0.0,United Arab Emirates
Abu Dhabi,AE,2024-02-05,12:00:00,1707109200,20.3,18.5,22.5,27.1,312.0,0.0,0.0,United Arab Emirates
Abu Dhabi,AE,2024-02-06,12:00:00,1707195600,20.5,18.7,22.8,30.1,313.0,0.0,0.0,United Arab Emirates
Abu Dhabi,AE,2024-02-07,12:00:00,1707282000,20.5,18.9,22.5,31.9,306.0,0.0,0.0,United Arab Emirates
Abu Dhabi,AE,2024-02-08,12:00:00,1707368400,20.4,19.0,22.5,27.2,302.0,0.0,0.0,United Arab Emirates
Abu Dhabi,AE,2024-02-09,12:00:00,1707454800,19.8,18.1,21.8,21.4,307.0,0.0,0.0,United Arab Emirates
Abu Dhabi,AE,2024-02-10,12:00:00,1707541200,19.3,16.0,22.3,16.3,342.0,0.0,0.0,United Arab Emirates
Abu Dhabi,AE,2024-02-11,12:00:00,1707627600,20.1,18.0,22.9,28.6,54.0,1.6,0.0,United Arab Emirates
Abu Dhabi,AE,2024-02-12,12:00:00,1707714000,19.1,17.7,21.5,34.5,22.0,39.9,0.0,United Arab Emirates
Abu Dhabi,AE,2024-02-13,12:00:00,1707800400,20.1,17.4,22.7,23.1,30.0,0.3,0.0,United Arab Emirates
Abu Dhabi,AE,2024-02-14,12:00:00,1707886800,21.0,17.7,25.8,14.3,70.0,0.0,0.0,United Arab Emirates
Abu Dhabi,AE,2024-02-15,12:00:00,1707973200,22.5,17.9,28.1,24.8,122.0,0.0,0.0,United Arab Emirates
Abu Dhabi,AE,2024-02-16,12:00:00,1708059600,23.6,19.3,29.3,29.6,135.0,0.0,0.0,United Arab Emirates
Abu Dhabi,AE,2024-02-17,12:00:00,1708146000,24.2,19.8,30.3,26.5,150.0,0.0,0.0,United Arab Emirates
Abu Dhabi,AE,2024-02-18,12:00:00,1708232400,21.9,19.7,24.1,36.9,303.0,0.0,0.0,United Arab Emirates
Abu Dhabi,AE,2024-02-19,12:00:00,1708318800,20.5,18.9,22.7,34.4,300.0,0.0,0.0,United Arab Emirates
Abu Dhabi,AE,2024-02-20,12:00:00,1708405200,20.8,18.6,23.2,22.3,302.0,0.0,0.0,United Arab Emirates
Abu Dhabi,AE,2024-02-21,12:00:00,1708491600,21.1,19.5,23.3,34.4,305.0,0.0,0.0,United Arab Emirates
Abu Dhabi,AE,2024-02-22,12:00:00,1708578000,20.9,19.3,23.2,27.2,314.0,0.0,0.0,United Arab Emirates
Abu Dhabi,AE,2024-02-23,12:00:00,1708664400,20.3,17.0,22.9,18.1,308.0,0.0,0.0,United Arab Emirates
Abu Dhabi,AE,2024-02-24,12:00:00,1708750800,22.0,18.5,26.5,15.9,278.0,0.0,0.0,United Arab Emirates
Abu Dhabi,AE,2024-02-25,12:00:00,1708837200,24.3,18.9,33.3,28.2,148.0,0.0,0.0,United Arab Emirates
Abu Dhabi,AE,2024-02-26,12:00:00,1708923600,21.1,20.0,22.4,31.6,302.0,0.9,0.0,United Arab Emirates
Abu Dhabi,AE,2024-02-27,12:00:00,1709010000,20.6,18.4,23.0,22.3,322.0,0.0,0.0,United Arab Emirates
Abu Dhabi,AE,2024-02-28,12:00:00,1709096400,20.0,15.6,22.9,21.7,14.0,0.0,0.0,United Arab Emirates
Abu Dhabi,AE,2024-02-29,12:00:00,1709182800,21.0,18.2,23.3,38.1,324.0,0.0,0.0,United Arab Emirates
Abu Dhabi,AE,2024-03-01,12:00:00,1709269200,19.3,17.4,21.7,35.8,309.0,0.0,0.0,United Arab Emirates
Abu Dhabi,AE,2024-03-02,12:00:00,1709355600,19.6,15.5,22.5,18.2,3.0,0.0,0.0,United Arab Emirates
Abu Dhabi,AE,2024-03-03,12:00:00,1709442000,19.7,16.2,23.8,21.3,44.0,0.0,0.0,United Arab Emirates
Abu Dhabi,AE,2024-03-04,12:00:00,1709528400,22.1,16.0,29.3,27.2,110.0,0.1,0.0,United Arab Emirates
Abu Dhabi,AE,2024-03-05,12:00:00,1709614800,22.3,20.2,26.4,23.8,99.0,8.3,0.0,United Arab Emirates
Abu Dhabi,AE,2024-03-06,12:00:00,1709701200,20.7,18.6,22.7,22.2,324.0,0.0,0.0,United Arab Emirates
Abu Dhabi,AE,2024-03-07,12:00:00,1709787600,21.0,17.7,23.9,18.7,4.0,0.0,0.0,United Arab Emirates
Abu Dhabi,AE,2024-03-08,12:00:00,1709874000,24.3,17.5,33.1,28.8,120.0,0.0,0.0,United Arab Emirates
Abu Dhabi,AE,2024-03-09,12:00:00,1709960400,21.9,20.1,25.3,28.9,76.0,60.8,0.0,United Arab Emirates
Abu Dhabi,AE,2024-03-10,12:00:00,1710046800,21.0,19.4,23.4,17.4,21.0,0.3,0.0,United Arab Emirates
Abu Dhabi,AE,2024-03-11,12:00:00,1710133200,21.0,17.7,27.3,13.3,106.0,0.0,0.0,United Arab Emirates
Abu Dhabi,AE,2024-03-12,12:00:00,1710219600,21.7,19.5,23.8,30.2,295.0,0.0,0.0,United Arab Emirates
Abu Dhabi,AE,2024-03-13,12:00:00,1710306000,20.9,18.2,23.2,20.6,333.0,0.0,0.0,United Arab Emirates
Abu Dhabi,AE,2024-03-14,12:00:00,1710392400,21.6,18.9,26.0,19.2,33.0,0.0,0.0,United Arab Emirates
Abu Dhabi,AE,2024-03-15,12:00:00,1710478800,21.7,18.2,25.5,22.0,31.0,0.0,0.0,United Arab Emirates
Abu Dhabi,AE,2024-03-16,12:00:00,1710565200,24.1,19.1,32.1,21.5,80.0,0.0,0.0,United Arab Emirates
Abu Dhabi,AE,2024-03-17,12:00:00,1710651600,25.3,21.4,32.7,21.4,355.0,0.0,0.0,United Arab Emirates
Abu Dhabi,AE,2024-03-18,12:00:00,1710738000,24.1,21.3,28.3,23.9,336.0,0.0,0.0,United Arab Emirates
Abu Dhabi,AE,2024-03-19,12:00:00,1710824400,25.3,21.0,31.1,23.6,31.0,0.0,0.0,United Arab Emirates
Abu Dhabi,AE,2024-03-20,12:00:00,1710910800,26.3,23.5,31.3,29.9,17.0,0.0,0.0,United Arab Emirates
Abu Dhabi,AE,2024-03-21,12:00:00,1710997200,23.4,21.3,25.4,24.8,311.0,0.0,0.0,United Arab Emirates
Abu Dhabi,AE,2024-03-22,12:00:00,1711083600,23.0,19.9,25.9,19.9,330.0,0.0,0.0,United Arab Emirates
Abu Dhabi,AE,2024-03-23,12:00:00,1711170000,26.9,22.8,33.6,30.5,35.0,0.0,0.0,United Arab Emirates
Abu Dhabi,AE,2024-03-24,12:00:00,1711256400,28.4,23.6,34.7,30.1,93.0,0.3,0.0,United Arab Emirates
Abu Dhabi,AE,2024-03-25,12:00:00,1711342800,28.6,24.4,33.5,35.9,161.0,0.0,0.0,United Arab Emirates
Abu Dhabi,AE,2024-03-26,12:00:00,1711429200,23.0,21.3,24.5,38.5,309.0,0.0,0.0,United Arab Emirates
Abu Dhabi,AE,2024-03-27,12:00:00,1711515600,21.9,20.5,24.1,35.8,299.0,0.0,0.0,United Arab Emirates
Abu Dhabi,AE,2024-03-28,12:00:00,1711602000,23.4,21.0,26.4,36.8,289.0,0.0,0.0,United Arab Emirates
Abu Dhabi,AE,2024-03-29,12:00:00,1711688400,23.3,21.0,25.8,34.4,287.0,0.0,0.0,United Arab Emirates
Abu Dhabi,AE,2024-03-30,12:00:00,1711774800,22.5,19.0,25.9,20.5,324.0,0.0,0.0,United Arab Emirates
Abu Dhabi,AE,2024-03-31,12:00:00,1711861200,23.2,21.1,26.6,23.0,292.0,0.0,0.0,United Arab Emirates
Abu Dhabi,AE,2024-04-01,12:00:00,1711947600,23.0,19.8,26.7,24.3,274.0,0.0,0.0,United Arab Emirates
Abu Dhabi,AE,2024-04-02,12:00:00,1712034000,23.7,20.0,27.5,23.1,280.0,0.0,0.0,United Arab Emirates
Abu Dhabi,AE,2024-04-03,12:00:00,1712120400,24.7,20.2,29.9,18.4,292.0,0.0,0.0,United Arab Emirates
Abu Dhabi,AE,2024-04-04,12:00:00,1712206800,24.7,21.0,28.8,21.2,288.0,0.0,0.0,United Arab Emirates
Abu Dhabi,AE,2024-04-05,12:00:00,1712293200,24.4,20.9,28.8,22.7,292.0,0.0,0.0,United Arab Emirates
Abu Dhabi,AE,2024-04-06,12:00:00,1712379600,24.0,18.9,29.2,21.9,284.0,0.0,0.0,United Arab Emirates
Abu Dhabi,AE,2024-04-07,12:00:00,1712466000,24.3,18.6,30.8,17.4,7.0,0.0,0.0,United Arab Emirates
Abu Dhabi,AE,2024-04-08,12:00:00,1712552400,25.6,20.6,30.4,18.0,4.0,0.0,0.0,United Arab Emirates
Abu Dhabi,AE,2024-04-09,12:00:00,1712638800,26.6,24.6,29.4,16.5,326.0,0.0,0.0,United Arab Emirates
Abu Dhabi,AE,2024-04-10,12:00:00,1712725200,27.7,25.4,31.0,19.8,305.0,1.4,0.0,United Arab Emirates
Abu Dhabi,AE,2024-04-11,12:00:00,1712811600,27.5,24.2,32.4,27.4,319.0,0.6,0.0,United Arab Emirates
Abu Dhabi,AE,2024-04-12,12:00:00,1712898000,27.1,24.9,29.9,23.4,341.0,0.8,0.0,United Arab Emirates
Abu Dhabi,AE,2024-04-13,12:00:00,1712984400,26.9,25.1,29.9,31.4,328.0,0.0,0.0,United Arab Emirates
Abu Dhabi,AE,2024-04-14,12:00:00,1713070800,26.8,24.0,30.3,18.8,317.0,0.0,0.0,United Arab Emirates
Abu Dhabi,AE,2024-04-15,12:00:00,1713157200,28.3,21.9,34.6,31.9,136.0,0.0,0.0,United Arab Emirates
Abu Dhabi,AE,2024-04-16,12:00:00,1713243600,25.6,22.5,30.9,50.2,148.0,67.7,0.0,United Arab Emirates
Abu Dhabi,AE,2024-04-17,12:00:00,1713330000,23.9,22.3,25.4,38.2,290.0,0.1,0.0,United Arab Emirates
Abu Dhabi,AE,2024-04-18,12:00:00,1713416400,24.3,20.9,27.8,17.4,238.0,0.0,0.0,United Arab Emirates
Abu Dhabi,AE,2024-04-19,12:00:00,1713502800,23.5,19.6,27.9,18.1,351.0,0.0,0.0,United Arab Emirates
Abu Dhabi,AE,2024-04-20,12:00:00,1713589200,24.2,20.4,28.5,18.2,8.0,0.0,0.0,United Arab Emirates
Abu Dhabi,AE,2024-04-21,12:00:00,1713675600,24.8,20.2,29.7,18.0,45.0,0.0,0.0,United Arab Emirates
Abu Dhabi,AE,2024-04-22,12:00:00,1713762000,27.3,21.4,34.7,18.0,86.0,0.0,0.0,United Arab Emirates
Abu Dhabi,AE,2024-04-23,12:00:00,1713848400,27.8,23.7,34.9,34.0,326.0,0.0,0.0,United Arab Emirates
Abu Dhabi,AE,2024-04-24,12:00:00,1713934800,27.2,24.2,31.1,26.6,287.0,0.0,0.0,United Arab Emirates
Abu Dhabi,AE,2024-04-25,12:00:00,1714021200,27.5,21.3,34.9,24.8,50.0,0.0,0.0,United Arab Emirates
Abu Dhabi,AE,2024-04-26,12:00:00,1714107600,27.1,23.7,30.8,24.5,358.0,0.0,0.0,United Arab Emirates
Abu Dhabi,AE,2024-04-27,12:00:00,1714194000,27.7,23.7,32.0,24.2,350.0,0.0,0.0,United Arab Emirates
Abu Dhabi,AE,2024-04-28,12:00:00,1714280400,28.6,24.5,31.8,21.5,8.0,0.0,0.0,United Arab Emirates
Abu Dhabi,AE,2024-04-29,12:00:00,1714366800,29.5,25.5,34.1,23.4,15.0,0.0,0.0,United Arab Emirates
Abu Dhabi,AE,2024-04-30,12:00:00,1714453200,30.2,24.8,37.9,28.5,349.0,0.0,0.0,United Arab Emirates
Abu Dhabi,AE,2024-05-01,12:00:00,1714539600,29.7,27.2,36.1,40.1,12.0,0.0,0.0,United Arab Emirates
Abu Dhabi,AE,2024-05-02,12:00:00,1714626000,25.1,23.8,27.1,41.1,287.0,35.1,0.0,United Arab Emirates
Abu Dhabi,AE,2024-05-03,12:00:00,1714712400,26.8,23.8,31.0,16.3,175.0,0.0,0.0,United Arab Emirates
Abu Dhabi,AE,2024-05-04,12:00:00,1714798800,29.1,23.7,35.9,22.4,112.0,0.0,0.0,United Arab Emirates
Abu Dhabi,AE,2024-05-05,12:00:00,1714885200,29.3,24.4,33.8,21.0,4.0,0.0,0.0,United Arab Emirates
Abu Dhabi,AE,2024-05-06,12:00:00,1714971600,30.5,25.2,37.1,22.5,14.0,0.0,0.0,United Arab Emirates
Abu Dhabi,AE,2024-05-07,12:00:00,1715058000,32.1,26.4,41.0,28.8,21.0,0.0,0.0,United Arab Emirates
Abu Dhabi,AE,2024-05-08,12:00:00,1715144400,31.3,27.1,36.2,26.7,357.0,0.0,0.0,United Arab Emirates
Abu Dhabi,AE,2024-05-09,12:00:00,1715230800,30.2,27.7,34.0,30.9,321.0,0.0,0.0,United Arab Emirates
Abu Dhabi,AE,2024-05-10,12:00:00,1715317200,28.5,26.0,31.3,33.8,301.0,0.0,0.0,United Arab Emirates
Abu Dhabi,AE,2024-05-11,12:00:00,1715403600,28.2,24.5,32.2,24.6,319.0,0.0,0.0,United Arab Emirates
Abu Dhabi,AE,2024-05-12,12:00:00,1715490000,29.8,25.1,35.7,21.4,344.0,0.0,0.0,United Arab Emirates
Abu Dhabi,AE,2024-05-13,12:00:00,1715576400,32.8,26.0,41.9,29.4,124.0,0.0,0.0,United Arab Emirates
Abu Dhabi,AE,2024-05-14,12:00:00,1715662800,35.4,29.5,41.5,31.8,152.0,0.0,0.0,United Arab Emirates
Abu Dhabi,AE,2024-05-15,12:00:00,1715749200,35.0,29.2,41.7,26.7,143.0,0.0,0.0,United Arab Emirates
Abu Dhabi,AE,2024-05-16,12:00:00,1715835600,33.7,29.4,40.4,25.0,82.0,0.0,0.0,United Arab Emirates
Abu Dhabi,AE,2024-05-17,12:00:00,1715922000,33.4,28.9,39.3,24.0,357.0,0.0,0.0,United Arab Emirates
Abu Dhabi,AE,2024-05-18,12:00:00,1716008400,32.2,28.6,36.8,23.9,334.0,0.0,0.0,United Arab Emirates
Abu Dhabi,AE,2024-05-19,12:00:00,1716094800,30.4,28.3,33.0,27.5,299.0,0.0,0.0,United Arab Emirates
Abu Dhabi,AE,2024-05-20,12:00:00,1716181200,30.5,26.9,34.0,31.6,282.0,0.0,0.0,United Arab Emirates
Abu Dhabi,AE,2024-05-21,12:00:00,1716267600,30.1,26.4,34.2,25.7,282.0,0.0,0.0,United Arab Emirates
Abu Dhabi,AE,2024-05-22,12:00:00,1716354000,31.6,25.5,38.3,17.8,293.0,0.0,0.0,United Arab Emirates
Abu Dhabi,AE,2024-05-23,12:00:00,1716440400,32.8,27.5,39.1,26.7,325.0,0.0,0.0,United Arab Emirates
Abu Dhabi,AE,2024-05-24,12:00:00,1716526800,33.3,30.0,37.0,32.5,306.0,0.0,0.0,United Arab Emirates
Abu Dhabi,AE,2024-05-25,12:00:00,1716613200,32.6,30.0,35.7,31.1,311.0,0.0,0.0,United Arab Emirates
Abu Dhabi,AE,2024-05-26,12:00:00,1716699600,32.5,28.0,39.1,26.7,316.0,0.0,0.0,United Arab Emirates
Abu Dhabi,AE,2024-05-27,12:00:00,1716786000,32.9,28.6,38.0,19.9,324.0,0.0,0.0,United Arab Emirates
Abu Dhabi,AE,2024-05-28,12:00:00,1716872400,32.6,28.9,36.0,23.3,293.0,0.0,0.0,United Arab Emirates
Abu Dhabi,AE,2024-05-29,12:00:00,1716958800,32.2,28.5,36.6,19.1,288.0,0.0,0.0,United Arab Emirates
Abu Dhabi,AE,2024-05-30,12:00:00,1717045200,32.0,27.6,37.8,24.0,287.0,0.0,0.0,United Arab Emirates
Abu Dhabi,AE,2024-05-31,12:00:00,1717131600,31.8,27.5,35.7,20.6,312.0,0.0,0.0,United Arab Emirates
Abu Dhabi,AE,2024-06-01,12:00:00,1717218000,34.8,29.3,42.4,17.9,324.0,0.0,0.0,United Arab Emirates
Abu Dhabi,AE,2024-06-02,12:00:00,1717304400,33.7,30.1,37.4,27.8,300.0,0.0,0.0,United Arab Emirates
Abu Dhabi,AE,2024-06-03,12:00:00,1717390800,33.0,30.2,36.1,23.4,290.0,0.0,0.0,United Arab Emirates
Abu Dhabi,AE,2024-06-04,12:00:00,1717477200,32.0,28.1,36.7,20.1,268.0,0.0,0.0,United Arab Emirates
Abu Dhabi,AE,2024-06-05,12:00:00,1717563600,32.4,28.2,36.9,18.4,293.0,0.0,0.0,United Arab Emirates
Abu Dhabi,AE,2024-06-06,12:00:00,1717650000,32.8,27.3,38.8,20.3,316.0,0.0,0.0,United Arab Emirates
Abu Dhabi,AE,2024-06-07,12:00:00,1717736400,32.0,26.8,37.1,26.9,341.0,0.0,0.0,United Arab Emirates
Abu Dhabi,AE,2024-06-08,12:00:00,1717822800,32.9,27.5,39.0,24.0,352.0,0.0,0.0,United Arab Emirates
Abu Dhabi,AE,2024-06-09,12:00:00,1717909200,35.6,31.3,43.1,29.8,96.0,0.0,0.0,United Arab Emirates
Abu Dhabi,AE,2024-06-10,12:00:00,1717995600,35.8,31.9,42.5,24.5,44.0,0.0,0.0,United Arab Emirates
Abu Dhabi,AE,2024-06-11,12:00:00,1718082000,35.2,30.2,41.7,22.9,297.0,0.0,0.0,United Arab Emirates
Abu Dhabi,AE,2024-06-12,12:00:00,1718168400,34.9,29.0,41.6,26.4,268.0,0.0,0.0,United Arab Emirates
Abu Dhabi,AE,2024-06-13,12:00:00,1718254800,35.1,30.0,40.0,29.1,283.0,0.0,0.0,United Arab Emirates
Abu Dhabi,AE,2024-06-14,12:00:00,1718341200,35.3,31.5,39.5,25.2,293.0,0.0,0.0,United Arab Emirates
Abu Dhabi,AE,2024-06-15,12:00:00,1718427600,35.2,28.4,43.7,24.9,49.0,0.0,0.0,United Arab Emirates
Abu Dhabi,AE,2024-06-16,12:00:00,1718514000,35.5,30.3,42.3,30.0,18.0,0.0,0.0,United Arab Emirates
Abu Dhabi,AE,2024-06-17,12:00:00,1718600400,35.5,31.0,43.5,30.3,7.0,0.0,0.0,United Arab Emirates
Abu Dhabi,AE,2024-06-18,12:00:00,1718686800,34.7,29.9,40.9,24.9,323.0,0.0,0.0,United Arab Emirates
Abu Dhabi,AE,2024-06-19,12:00:00,1718773200,35.7,30.7,43.8,30.8,291.0,0.0,0.0,United Arab Emirates
Abu Dhabi,AE,2024-06-20,12:00:00,1718859600,35.7,31.3,41.0,22.1,279.0,0.0,0.0,United Arab Emirates
Abu Dhabi,AE,2024-06-21,12:00:00,1718946000,35.0,30.2,43.9,24.8,343.0,0.0,0.0,United Arab Emirates
Abu Dhabi,AE,2024-06-22,12:00:00,1719032400,35.0,29.4,45.1,27.4,16.0,0.0,0.0,United Arab Emirates
Abu Dhabi,AE,2024-06-23,12:00:00,1719118800,36.1,29.9,44.2,19.5,15.0,0.0,0.0,United Arab Emirates
Abu Dhabi,AE,2024-06-24,12:00:00,1719205200,36.8,31.3,45.7,24.3,354.0,0.0,0.0,United Arab Emirates
Abu Dhabi,AE,2024-06-25,12:00:00,1719291600,36.4,31.9,42.5,22.6,312.0,0.0,0.0,United Arab Emirates
Abu Dhabi,AE,2024-06-26,12:00:00,1719378000,36.0,32.6,40.2,33.7,297.0,0.0,0.0,United Arab Emirates
Abu Dhabi,AE,2024-06-27,12:00:00,1719464400,35.2,30.8,40.0,22.6,275.0,0.0,0.0,United Arab Emirates
Abu Dhabi,AE,2024-06-28,12:00:00,1719550800,33.4,30.7,36.3,19.0,320.0,0.0,0.0,United Arab Emirates
Abu Dhabi,AE,2024-06-29,12:00:00,1719637200,33.8,31.0,38.0,23.9,309.0,0.0,0.0,United Arab Emirates
Abu Dhabi,AE,2024-06-30,12:00:00,1719723600,34.2,30.1,38.0,20.7,282.0,0.0,0.0,United Arab Emirates
Abu Dhabi,AE,2024-07-01,12:00:00,1719810000,34.6,30.6,38.5,23.8,262.0,0.0,0.0,United Arab Emirates
Abu Dhabi,AE,2024-07-02,12:00:00,1719896400,35.4,30.9,41.3,21.4,273.0,0.0,0.0,United Arab Emirates
Abu Dhabi,AE,2024-07-03,12:00:00,1719982800,35.8,32.6,39.0,33.5,302.0,0.0,0.0,United Arab Emirates
Abu Dhabi,AE,2024-07-04,12:00:00,1720069200,36.0,34.0,38.7,39.4,286.0,0.0,0.0,United Arab Emirates
Abu Dhabi,AE,2024-07-05,12:00:00,1720155600,35.3,33.1,38.2,31.7,279.0,0.0,0.0,United Arab Emirates
Abu Dhabi,AE,2024-07-06,12:00:00,1720242000,35.1,31.3,39.2,15.5,275.0,0.0,0.0,United Arab Emirates
Abu Dhabi,AE,2024-07-07,12:00:00,1720328400,35.0,29.6,39.9,14.9,331.0,0.0,0.0,United Arab Emirates
Abu Dhabi,AE,2024-07-08,12:00:00,1720414800,34.5,31.1,38.5,22.3,349.0,0.0,0.0,United Arab Emirates
Abu Dhabi,AE,2024-07-09,12:00:00,1720501200,37.2,32.4,45.1,27.4,25.0,0.0,0.0,United Arab Emirates
Abu Dhabi,AE,2024-07-10,12:00:00,1720587600,37.9,34.3,44.5,22.9,63.0,0.0,0.0,United Arab Emirates
Abu Dhabi,AE,2024-07-11,12:00:00,1720674000,36.9,33.6,43.1,25.9,322.0,0.0,0.0,United Arab Emirates
Abu Dhabi,AE,2024-07-12,12:00:00,1720760400,36.0,32.5,41.8,27.5,265.0,0.0,0.0,United Arab Emirates
Abu Dhabi,AE,2024-07-13,12:00:00,1720846800,36.3,30.9,42.6,17.9,263.0,0.0,0.0,United Arab Emirates
Abu Dhabi,AE,2024-07-14,12:00:00,1720933200,34.7,31.9,39.2,20.6,294.0,0.0,0.0,United Arab Emirates
Abu Dhabi,AE,2024-07-15,12:00:00,1721019600,34.7,31.6,38.3,21.3,308.0,0.0,0.0,United Arab Emirates
Abu Dhabi,AE,2024-07-16,12:00:00,1721106000,35.0,31.8,39.0,24.2,339.0,0.0,0.0,United Arab Emirates
Abu Dhabi,AE,2024-07-17,12:00:00,1721192400,35.9,33.1,41.7,25.0,343.0,0.0,0.0,United Arab Emirates
Abu Dhabi,AE,2024-07-18,12:00:00,1721278800,36.0,33.2,40.0,25.3,264.0,0.0,0.0,United Arab Emirates
Abu Dhabi,AE,2024-07-19,12:00:00,1721365200,34.9,32.6,37.9,21.9,290.0,0.0,0.0,United Arab Emirates
Abu Dhabi,AE,2024-07-20,12:00:00,1721451600,33.9,31.7,36.7,19.6,326.0,0.0,0.0,United Arab Emirates
Abu Dhabi,AE,2024-07-21,12:00:00,1721538000,34.5,31.8,37.7,21.2,323.0,0.0,0.0,United Arab Emirates
Abu Dhabi,AE,2024-07-22,12:00:00,1721624400,35.0,31.8,39.1,24.5,294.0,0.0,0.0,United Arab Emirates
Abu Dhabi,AE,2024-07-23,12:00:00,1721710800,35.7,32.6,39.4,26.7,302.0,0.0,0.0,United Arab Emirates
Abu Dhabi,AE,2024-07-24,12:00:00,1721797200,35.6,31.4,40.0,25.1,273.0,0.0,0.0,United Arab Emirates
Abu Dhabi,AE,2024-07-25,12:00:00,1721883600,36.0,30.6,41.2,23.3,277.0,0.0,0.0,United Arab Emirates
Abu Dhabi,AE,2024-07-26,12:00:00,1721970000,36.2,31.0,42.0,19.0,296.0,0.0,0.0,United Arab Emirates
Abu Dhabi,AE,2024-07-27,12:00:00,1722056400,36.3,32.0,40.6,25.8,273.0,0.0,0.0,United Arab Emirates
Abu Dhabi,AE,2024-07-28,12:00:00,1722142800,36.7,34.5,39.4,37.0,280.0,0.0,0.0,United Arab Emirates
Abu Dhabi,AE,2024-07-29,12:00:00,1722229200,36.0,33.8,38.7,27.1,284.0,0.0,0.0,United Arab Emirates
Abu Dhabi,AE,2024-07-30,12:00:00,1722315600,34.3,31.3,37.3,22.2,320.0,0.0,0.0,United Arab Emirates
Abu Dhabi,AE,2024-07-31,12:00:00,1722402000,37.2,33.1,44.2,25.1,48.0,0.0,0.0,United Arab Emirates
Abu Dhabi,AE,2024-08-01,12:00:00,1722488400,36.1,34.0,40.2,24.6,337.0,0.0,0.0,United Arab Emirates
Abu Dhabi,AE,2024-08-02,12:00:00,1722574800,35.8,33.0,38.8,26.1,284.0,0.0,0.0,United Arab Emirates
Abu Dhabi,AE,2024-08-03,12:00:00,1722661200,35.7,33.5,38.5,30.3,294.0,0.0,0.0,United Arab Emirates
Abu Dhabi,AE,2024-08-04,12:00:00,1722747600,35.4,33.2,38.1,30.3,304.0,0.0,0.0,United Arab Emirates
Abu Dhabi,AE,2024-08-05,12:00:00,1722834000,35.2,32.5,37.9,20.7,324.0,0.0,0.0,United Arab Emirates
Abu Dhabi,AE,2024-08-06,12:00:00,1722920400,33.1,30.2,36.6,34.9,230.0,5.3,0.0,United Arab Emirates
Abu Dhabi,AE,2024-08-07,12:00:00,1723006800,35.3,32.3,39.4,24.0,329.0,0.0,0.0,United Arab Emirates
Abu Dhabi,AE,2024-08-08,12:00:00,1723093200,34.9,32.3,38.5,23.2,348.0,0.0,0.0,United Arab Emirates
Abu Dhabi,AE,2024-08-09,12:00:00,1723179600,37.7,32.9,44.7,30.9,69.0,0.0,0.0,United Arab Emirates
Abu Dhabi,AE,2024-08-10,12:00:00,1723266000,37.2,34.1,42.4,25.1,56.0,0.0,0.0,United Arab Emirates
Abu Dhabi,AE,2024-08-11,12:00:00,1723352400,36.8,32.9,43.0,27.6,28.0,0.0,0.0,United Arab Emirates
Abu Dhabi,AE,2024-08-12,12:00:00,1723438800,36.2,32.8,42.2,28.2,5.0,0.0,0.0,United Arab Emirates
Abu Dhabi,AE,2024-08-13,12:00:00,1723525200,37.0,32.2,44.0,22.9,17.0,0.0,0.0,United Arab Emirates
Abu Dhabi,AE,2024-08-14,12:00:00,1723611600,37.1,33.7,43.8,28.6,1.0,0.0,0.0,United Arab Emirates
Abu Dhabi,AE,2024-08-15,12:00:00,1723698000,36.4,32.9,42.0,24.8,335.0,0.0,0.0,United Arab Emirates
Abu Dhabi,AE,2024-08-16,12:00:00,1723784400,34.2,32.4,37.3,19.2,336.0,0.0,0.0,United Arab Emirates
Abu Dhabi,AE,2024-08-17,12:00:00,1723870800,35.8,31.5,39.6,24.5,12.0,0.0,0.0,United Arab Emirates
Abu Dhabi,AE,2024-08-18,12:00:00,1723957200,37.7,34.2,43.8,27.3,86.0,0.0,0.0,United Arab Emirates
Abu Dhabi,AE,2024-08-19,12:00:00,1724043600,37.7,34.6,42.2,32.7,142.0,0.0,0.0,United Arab Emirates
Abu Dhabi,AE,2024-08-20,12:00:00,1724130000,36.7,34.5,40.5,23.7,80.0,0.0,0.0,United Arab Emirates
Abu Dhabi,AE,2024-08-21,12:00:00,1724216400,35.0,30.8,39.6,41.7,111.0,0.0,0.0,United Arab Emirates
Abu Dhabi,AE,2024-08-22,12:00:00,1724302800,34.8,31.9,38.5,25.2,27.0,0.0,0.0,United Arab Emirates
Abu Dhabi,AE,2024-08-23,12:00:00,1724389200,35.4,32.9,40.3,25.3,2.0,0.0,0.0,United Arab Emirates
Abu Dhabi,AE,2024-08-24,12:00:00,1724475600,35.5,32.1,41.3,26.5,0.0,0.0,0.0,United Arab Emirates
Abu Dhabi,AE,2024-08-25,12:00:00,1724562000,35.4,32.2,41.4,24.9,343.0,0.0,0.0,United Arab Emirates
Abu Dhabi,AE,2024-08-26,12:00:00,1724648400,34.7,31.3,38.9,21.9,325.0,0.0,0.0,United Arab Emirates
Abu Dhabi,AE,2024-08-27,12:00:00,1724734800,34.0,31.4,38.2,24.1,345.0,0.0,0.0,United Arab Emirates
Abu Dhabi,AE,2024-08-28,12:00:00,1724821200,34.7,30.0,43.7,29.8,5.0,0.0,0.0,United Arab Emirates
Abu Dhabi,AE,2024-08-29,12:00:00,1724907600,34.6,30.5,40.7,21.2,335.0,0.0,0.0,United Arab Emirates
Abu Dhabi,AE,2024-08-30,12:00:00,1724994000,34.6,32.3,37.9,24.6,305.0,0.0,0.0,United Arab Emirates
Abu Dhabi,AE,2024-08-31,12:00:00,1725080400,35.6,32.7,39.4,26.9,336.0,0.0,0.0,United Arab Emirates
Abu Dhabi,AE,2024-09-01,12:00:00,1725166800,36.5,33.2,42.5,27.9,131.0,0.0,0.0,United Arab Emirates
Abu Dhabi,AE,2024-09-02,12:00:00,1725253200,35.2,31.5,40.0,28.6,15.0,0.0,0.0,United Arab Emirates
Abu Dhabi,AE,2024-09-03,12:00:00,1725339600,35.3,31.2,41.8,30.3,30.0,0.0,0.0,United Arab Emirates
Abu Dhabi,AE,2024-09-04,12:00:00,1725426000,35.3,30.6,41.8,29.2,74.0,0.0,0.0,United Arab Emirates
Abu Dhabi,AE,2024-09-05,12:00:00,1725512400,34.2,29.9,40.7,32.0,357.0,0.0,0.0,United Arab Emirates
Abu Dhabi,AE,2024-09-06,12:00:00,1725598800,32.9,28.8,37.4,20.4,336.0,0.0,0.0,United Arab Emirates
Abu Dhabi,AE,2024-09-07,12:00:00,1725685200,33.2,28.6,38.0,21.7,12.0,0.0,0.0,United Arab Emirates
Abu Dhabi,AE,2024-09-08,12:00:00,1725771600,34.1,30.5,39.4,24.4,8.0,0.0,0.0,United Arab Emirates
Abu Dhabi,AE,2024-09-09,12:00:00,1725858000,33.9,29.6,40.0,21.0,357.0,0.0,0.0,United Arab Emirates
Abu Dhabi,AE,2024-09-10,12:00:00,1725944400,33.7,30.4,37.7,20.4,299.0,0.0,0.0,United Arab Emirates
Abu Dhabi,AE,2024-09-11,12:00:00,1726030800,33.3,29.2,38.6,20.2,348.0,0.0,0.0,United Arab Emirates
Abu Dhabi,AE,2024-09-12,12:00:00,1726117200,34.6,29.0,43.6,24.2,46.0,0.0,0.0,United Arab Emirates
Abu Dhabi,AE,2024-09-13,12:00:00,1726203600,33.9,29.7,40.4,27.7,285.0,0.0,0.0,United Arab Emirates
Abu Dhabi,AE,2024-09-14,12:00:00,1726290000,33.1,28.7,37.4,23.2,336.0,0.0,0.0,United Arab Emirates
Abu Dhabi,AE,2024-09-15,12:00:00,1726376400,34.7,30.3,40.4,17.1,1.0,0.0,0.0,United Arab Emirates
Abu Dhabi,AE,2024-09-16,12:00:00,1726462800,34.4,29.8,40.3,25.9,12.0,0.0,0.0,United Arab Emirates
Abu Dhabi,AE,2024-09-17,12:00:00,1726549200,32.9,28.1,38.4,27.1,3.0,0.0,0.0,United Arab Emirates
Abu Dhabi,AE,2024-09-18,12:00:00,1726635600,33.1,29.4,37.8,24.9,340.0,0.0,0.0,United Arab Emirates
Abu Dhabi,AE,2024-09-19,12:00:00,1726722000,33.3,30.0,36.8,25.2,309.0,0.0,0.0,United Arab Emirates
Abu Dhabi,AE,2024-09-20,12:00:00,1726808400,33.2,31.5,35.2,24.7,317.0,0.0,0.0,United Arab Emirates
Abu Dhabi,AE,2024-09-21,12:00:00,1726894800,32.6,29.9,35.4,20.0,345.0,0.0,0.0,United Arab Emirates
Abu Dhabi,AE,2024-09-22,12:00:00,1726981200,33.3,29.6,37.2,23.1,14.0,0.0,0.0,United Arab Emirates
Abu Dhabi,AE,2024-09-23,12:00:00,1727067600,34.3,29.5,40.5,20.3,7.0,0.0,0.0,United Arab Emirates
Abu Dhabi,AE,2024-09-24,12:00:00,1727154000,33.7,29.9,37.9,29.0,323.0,0.0,0.0,United Arab Emirates
Abu Dhabi,AE,2024-09-25,12:00:00,1727240400,33.8,31.0,38.1,23.9,308.0,0.0,0.0,United Arab Emirates
Abu Dhabi,AE,2024-09-26,12:00:00,1727326800,32.7,29.1,37.5,24.6,301.0,0.0,0.0,United Arab Emirates
Abu Dhabi,AE,2024-09-27,12:00:00,1727413200,32.4,30.6,35.3,21.7,326.0,0.0,0.0,United Arab Emirates
Abu Dhabi,AE,2024-09-28,12:00:00,1727499600,32.4,29.7,35.8,20.5,334.0,0.0,0.0,United Arab Emirates
Abu Dhabi,AE,2024-09-29,12:00:00,1727586000,33.1,28.8,39.3,24.3,58.0,0.0,0.0,United Arab Emirates
Abu Dhabi,AE,2024-09-30,12:00:00,1727672400,34.3,30.7,38.3,29.8,140.0,0.0,0.0,United Arab Emirates
Abu Dhabi,AE,2024-10-01,12:00:00,1727758800,33.4,30.4,36.6,23.1,46.0,0.0,0.0,United Arab Emirates
Abu Dhabi,AE,2024-10-02,12:00:00,1727845200,33.7,30.6,37.8,24.0,17.0,0.0,0.0,United Arab Emirates
Abu Dhabi,AE,2024-10-03,12:00:00,1727931600,33.1,30.3,37.2,24.2,324.0,0.0,0.0,United Arab Emirates
Abu Dhabi,AE,2024-10-04,12:00:00,1728018000,32.9,29.9,36.4,28.6,282.0,0.0,0.0,United Arab Emirates
Abu Dhabi,AE,2024-10-05,12:00:00,1728104400,32.5,30.3,34.9,24.3,291.0,0.0,0.0,United Arab Emirates
Abu Dhabi,AE,2024-10-06,12:00:00,1728190800,31.1,28.7,33.8,21.5,308.0,0.0,0.0,United Arab Emirates
Abu Dhabi,AE,2024-10-07,12:00:00,1728277200,32.8,28.3,38.7,25.5,92.0,0.0,0.0,United Arab Emirates
Abu Dhabi,AE,2024-10-08,12:00:00,1728363600,32.5,28.8,36.6,27.3,11.0,0.0,0.0,United Arab Emirates
Abu Dhabi,AE,2024-10-09,12:00:00,1728450000,32.1,28.8,37.3,27.5,27.0,0.0,0.0,United Arab Emirates
Abu Dhabi,AE,2024-10-10,12:00:00,1728536400,31.6,27.7,35.0,22.8,356.0,0.0,0.0,United Arab Emirates
Abu Dhabi,AE,2024-10-11,12:00:00,1728622800,32.2,28.3,35.8,20.7,8.0,0.0,0.0,United Arab Emirates
Abu Dhabi,AE,2024-10-12,12:00:00,1728709200,31.5,27.8,35.6,18.9,10.0,0.0,0.0,United Arab Emirates
Abu Dhabi,AE,2024-10-13,12:00:00,1728795600,30.5,26.2,35.1,17.8,8.0,0.0,0.0,United Arab Emirates
Abu Dhabi,AE,2024-10-14,12:00:00,1728882000,31.4,26.4,36.0,22.9,25.0,0.0,0.0,United Arab Emirates
Abu Dhabi,AE,2024-10-15,12:00:00,1728968400,31.8,27.4,37.9,30.3,53.0,0.0,0.0,United Arab Emirates
Abu Dhabi,AE,2024-10-16,12:00:00,1729054800,30.9,27.4,36.0,32.4,39.0,0.0,0.0,United Arab Emirates
Abu Dhabi,AE,2024-10-17,12:00:00,1729141200,30.8,27.7,34.0,23.6,38.0,0.6,0.0,United Arab Emirates
Abu Dhabi,AE,2024-10-18,12:00:00,1729227600,31.3,28.8,33.7,16.9,350.0,0.0,0.0,United Arab Emirates
Abu Dhabi,AE,2024-10-19,12:00:00,1729314000,32.5,29.9,36.1,18.3,3.0,0.0,0.0,United Arab Emirates
Abu Dhabi,AE,2024-10-20,12:00:00,1729400400,32.3,30.4,35.3,18.1,334.0,0.0,0.0,United Arab Emirates
Abu Dhabi,AE,2024-10-21,12:00:00,1729486800,31.6,29.4,35.3,22.6,294.0,0.0,0.0,United Arab Emirates
Abu Dhabi,AE,2024-10-22,12:00:00,1729573200,31.6,29.0,35.6,24.7,315.0,0.0,0.0,United Arab Emirates
Abu Dhabi,AE,2024-10-23,12:00:00,1729659600,31.0,26.6,36.9,26.4,44.0,0.0,0.0,United Arab Emirates
Abu Dhabi,AE,2024-10-24,12:00:00,1729746000,32.0,28.3,37.9,26.4,47.0,0.1,0.0,United Arab Emirates
Abu Dhabi,AE,2024-10-25,12:00:00,1729832400,30.6,28.2,32.6,24.3,346.0,0.1,0.0,United Arab Emirates
Abu Dhabi,AE,2024-10-26,12:00:00,1729918800,31.2,29.6,33.5,24.5,342.0,0.0,0.0,United Arab Emirates
Abu Dhabi,AE,2024-10-27,12:00:00,1730005200,30.8,28.7,32.9,30.1,324.0,0.0,0.0,United Arab Emirates
Abu Dhabi,AE,2024-10-28,12:00:00,1730091600,30.0,28.8,31.8,32.4,309.0,0.0,0.0,United Arab Emirates
Abu Dhabi,AE,2024-10-29,12:00:00,1730178000,29.7,28.3,31.8,33.9,311.0,0.0,0.0,United Arab Emirates
Abu Dhabi,AE,2024-10-30,12:00:00,1730264400,29.4,27.9,31.4,26.5,311.0,0.0,0.0,United Arab Emirates
Abu Dhabi,AE,2024-10-31,12:00:00,1730350800,29.3,26.2,32.4,18.8,328.0,0.0,0.0,United Arab Emirates
Abu Dhabi,AE,2024-11-01,12:00:00,1730437200,28.6,25.2,31.9,18.0,333.0,0.0,0.0,United Arab Emirates
Abu Dhabi,AE,2024-11-02,12:00:00,1730523600,28.6,24.9,31.8,20.0,319.0,0.0,0.0,United Arab Emirates
Abu Dhabi,AE,2024-11-03,12:00:00,1730610000,28.5,25.1,31.9,19.7,312.0,0.0,0.0,United Arab Emirates
Abu Dhabi,AE,2024-11-04,12:00:00,1730696400,27.7,24.6,31.0,14.5,304.0,0.0,0.0,United Arab Emirates
Abu Dhabi,AE,2024-11-05,12:00:00,1730782800,28.3,24.5,32.9,19.3,3.0,0.0,0.0,United Arab Emirates
Abu Dhabi,AE,2024-11-06,12:00:00,1730869200,28.8,25.5,32.7,20.4,6.0,0.0,0.0,United Arab Emirates
Abu Dhabi,AE,2024-11-07,12:00:00,1730955600,28.5,26.1,31.4,18.5,343.0,0.0,0.0,United Arab Emirates
Abu Dhabi,AE,2024-11-08,12:00:00,1731042000,27.7,25.0,30.3,15.0,314.0,0.0,0.0,United Arab Emirates
Abu Dhabi,AE,2024-11-09,12:00:00,1731128400,27.3,24.3,30.6,16.1,314.0,0.0,0.0,United Arab Emirates
Abu Dhabi,AE,2024-11-10,12:00:00,1731214800,27.5,23.2,32.0,18.7,348.0,0.0,0.0,United Arab Emirates
Abu Dhabi,AE,2024-11-11,12:00:00,1731301200,27.8,24.3,31.7,15.2,350.0,0.0,0.0,United Arab Emirates
Abu Dhabi,AE,2024-11-12,12:00:00,1731387600,27.1,23.6,30.2,18.1,311.0,0.0,0.0,United Arab Emirates
Abu Dhabi,AE,2024-11-13,12:00:00,1731474000,27.4,24.4,30.1,13.4,294.0,0.0,0.0,United Arab Emirates
Abu Dhabi,AE,2024-11-14,12:00:00,1731560400,28.7,27.2,30.9,16.2,320.0,0.0,0.0,United Arab Emirates
Abu Dhabi,AE,2024-11-15,12:00:00,1731646800,27.9,26.5,30.0,17.2,324.0,0.0,0.0,United Arab Emirates
Abu Dhabi,AE,2024-11-16,12:00:00,1731733200,27.2,25.7,29.2,19.7,303.0,0.0,0.0,United Arab Emirates
Abu Dhabi,AE,2024-11-17,12:00:00,1731819600,28.2,26.5,30.5,23.4,317.0,0.0,0.0,United Arab Emirates
Abu Dhabi,AE,2024-11-18,12:00:00,1731906000,27.3,23.0,31.2,9.4,326.0,0.0,0.0,United Arab Emirates
Abu Dhabi,AE,2024-11-19,12:00:00,1731992400,26.6,23.3,30.8,12.2,5.0,0.0,0.0,United Arab Emirates
Abu Dhabi,AE,2024-11-20,12:00:00,1732078800,26.2,22.1,30.8,12.6,352.0,0.0,0.0,United Arab Emirates
Abu Dhabi,AE,2024-11-21,12:00:00,1732165200,25.5,21.0,29.5,10.9,349.0,0.0,0.0,United Arab Emirates
Abu Dhabi,AE,2024-11-22,12:00:00,1732251600,26.8,23.9,29.9,15.5,321.0,0.0,0.0,United Arab Emirates
Abu Dhabi,AE,2024-11-23,12:00:00,1732338000,27.5,24.9,30.8,18.8,326.0,0.0,0.0,United Arab Emirates
Abu Dhabi,AE,2024-11-24,12:00:00,1732424400,27.2,25.2,29.4,15.4,315.0,0.0,0.0,United Arab Emirates
Abu Dhabi,AE,2024-11-25,12:00:00,1732510800,25.5,21.5,30.0,13.0,5.0,0.0,0.0,United Arab Emirates
Abu Dhabi,AE,2024-11-26,12:00:00,1732597200,26.4,22.4,32.2,11.1,31.0,0.0,0.0,United Arab Emirates
Abu Dhabi,AE,2024-11-27,12:00:00,1732683600,26.6,22.3,32.1,11.9,7.0,0.0,0.0,United Arab Emirates
Abu Dhabi,AE,2024-11-28,12:00:00,1732770000,25.9,23.0,28.8,22.2,326.0,0.3,0.0,United Arab Emirates
Abu Dhabi,AE,2024-11-29,12:00:00,1732856400,24.8,23.1,26.2,24.2,312.0,0.0,0.0,United Arab Emirates
Abu Dhabi,AE,2024-11-30,12:00:00,1732942800,24.1,22.9,25.8,25.8,306.0,0.0,0.0,United Arab Emirates
Abu Dhabi,AE,2024-12-01,12:00:00,1733029200,23.9,22.8,25.7,26.1,308.0,0.0,0.0,United Arab Emirates
Abu Dhabi,AE,2024-12-02,12:00:00,1733115600,23.6,22.4,25.8,21.0,313.0,0.0,0.0,United Arab Emirates
Abu Dhabi,AE,2024-12-03,12:00:00,1733202000,24.0,20.6,27.6,15.6,354.0,0.0,0.0,United Arab Emirates
Abu Dhabi,AE,2024-12-04,12:00:00,1733288400,23.2,19.0,26.9,13.3,15.0,0.0,0.0,United Arab Emirates
Abu Dhabi,AE,2024-12-05,12:00:00,1733374800,23.3,19.8,26.0,13.3,353.0,0.0,0.0,United Arab Emirates
Abu Dhabi,AE,2024-12-06,12:00:00,1733461200,24.8,22.2,27.9,16.6,342.0,0.0,0.0,United Arab Emirates
Abu Dhabi,AE,2024-12-07,12:00:00,1733547600,25.4,23.9,27.5,20.2,322.0,0.0,0.0,United Arab Emirates
Abu Dhabi,AE,2024-12-08,12:00:00,1733634000,24.8,22.2,29.2,13.2,24.0,0.0,0.0,United Arab Emirates
Abu Dhabi,AE,2024-12-09,12:00:00,1733720400,22.7,19.0,27.0,12.4,34.0,0.0,0.0,United Arab Emirates
Abu Dhabi,AE,2024-12-10,12:00:00,1733806800,23.2,19.5,26.4,12.5,326.0,0.0,0.0,United Arab Emirates
Abu Dhabi,AE,2024-12-11,12:00:00,1733893200,23.6,20.8,26.9,13.1,10.0,0.0,0.0,United Arab Emirates
Abu Dhabi,AE,2024-12-12,12:00:00,1733979600,22.6,18.8,27.6,11.5,62.0,0.0,0.0,United Arab Emirates
Abu Dhabi,AE,2024-12-13,12:00:00,1734066000,22.4,19.2,25.6,12.0,270.0,0.0,0.0,United Arab Emirates
Abu Dhabi,AE,2024-12-14,12:00:00,1734152400,22.5,19.1,26.5,16.8,277.0,0.0,0.0,United Arab Emirates
Abu Dhabi,AE,2024-12-15,12:00:00,1734238800,22.4,21.0,24.2,21.9,309.0,0.1,0.0,United Arab Emirates
Abu Dhabi,AE,2024-12-16,12:00:00,1734325200,21.8,20.4,23.7,21.3,315.0,0.0,0.0,United Arab Emirates
Abu Dhabi,AE,2024-12-17,12:00:00,1734411600,21.9,18.6,25.2,19.4,311.0,0.0,0.0,United Arab Emirates
Abu Dhabi,AE,2024-12-18,12:00:00,1734498000,21.8,20.4,23.5,22.9,307.0,0.2,0.0,United Arab Emirates
Abu Dhabi,AE,2024-12-19,12:00:00,1734584400,22.0,20.9,23.9,20.8,310.0,0.0,0.0,United Arab Emirates
Abu Dhabi,AE,2024-12-20,12:00:00,1734670800,22.1,19.6,25.0,12.1,320.0,0.0,0.0,United Arab Emirates
Abu Dhabi,AE,2024-12-21,12:00:00,1734757200,20.7,17.9,23.5,13.0,276.0,0.0,0.0,United Arab Emirates
Abu Dhabi,AE,2024-12-22,12:00:00,1734843600,20.4,18.2,23.3,24.2,298.0,1.7,0.0,United Arab Emirates
Abu Dhabi,AE,2024-12-23,12:00:00,1734930000,20.6,18.9,22.7,20.1,298.0,0.0,0.0,United Arab Emirates
Abu Dhabi,AE,2024-12-24,12:00:00,1735016400,21.1,18.7,25.2,14.5,304.0,0.1,0.0,United Arab Emirates
Abu Dhabi,AE,2024-12-25,12:00:00,1735102800,21.1,17.8,24.4,11.9,310.0,0.0,0.0,United Arab Emirates
Abu Dhabi,AE,2024-12-26,12:00:00,1735189200,21.8,19.4,24.6,12.6,352.0,0.0,0.0,United Arab Emirates
Abu Dhabi,AE,2024-12-27,12:00:00,1735275600,21.3,17.7,26.0,14.6,26.0,0.0,0.0,United Arab Emirates
Abu Dhabi,AE,2024-12-28,12:00:00,1735362000,21.3,16.1,27.0,12.9,16.0,0.0,0.0,United Arab Emirates
Abu Dhabi,AE,2024-12-29,12:00:00,1735448400,21.3,17.2,26.4,10.4,325.0,0.0,0.0,United Arab Emirates
Abu Dhabi,AE,2024-12-30,12:00:00,1735534800,21.3,17.2,26.2,10.8,353.0,0.0,0.0,United Arab Emirates
Abu Dhabi,AE,2024-12-31,12:00:00,1735621200,21.4,17.6,27.4,9.2,101.0,0.0,0.0,United Arab Emirates
Abu Dhabi,AE,2025-01-01,12:00:00,1735707600,20.9,18.3,24.5,22.9,309.0,0.7,0.0,United Arab Emirates
Abu Dhabi,AE,2025-01-02,12:00:00,1735794000,20.5,19.7,22.4,27.7,307.0,0.0,0.0,United Arab Emirates
Abu Dhabi,AE,2025-01-03,12:00:00,1735880400,19.7,17.3,21.2,22.9,310.0,0.0,0.0,United Arab Emirates
Abu Dhabi,AE,2025-01-04,12:00:00,1735966800,19.1,15.1,22.9,21.3,319.0,0.0,0.0,United Arab Emirates
Abu Dhabi,AE,2025-01-05,12:00:00,1736053200,20.7,18.0,23.0,15.9,318.0,0.0,0.0,United Arab Emirates
Abu Dhabi,AE,2025-01-06,12:00:00,1736139600,18.9,15.0,22.7,13.1,25.0,0.0,0.0,United Arab Emirates
Abu Dhabi,AE,2025-01-07,12:00:00,1736226000,19.0,14.6,24.4,11.8,320.0,0.0,0.0,United Arab Emirates
Abu Dhabi,AE,2025-01-08,12:00:00,1736312400,20.0,17.0,23.7,13.6,316.0,0.0,0.0,United Arab Emirates
Abu Dhabi,AE,2025-01-09,12:00:00,1736398800,20.1,18.7,21.8,18.0,291.0,0.4,0.0,United Arab Emirates
Abu Dhabi,AE,2025-01-10,12:00:00,1736485200,20.6,17.8,24.6,13.0,357.0,0.0,0.0,United Arab Emirates
Abu Dhabi,AE,2025-01-11,12:00:00,1736571600,20.7,17.3,26.6,13.4,30.0,0.0,0.0,United Arab Emirates
Abu Dhabi,AE,2025-01-12,12:00:00,1736658000,19.7,15.5,24.4,12.6,339.0,0.0,0.0,United Arab Emirates
Abu Dhabi,AE,2025-01-13,12:00:00,1736744400,21.1,18.2,23.5,19.7,309.0,0.1,0.0,United Arab Emirates
Abu Dhabi,AE,2025-01-14,12:00:00,1736830800,20.4,19.1,21.9,17.1,305.0,0.2,0.0,United Arab Emirates
Abu Dhabi,AE,2025-01-15,12:00:00,1736917200,21.0,18.1,24.0,14.4,345.0,0.0,0.0,United Arab Emirates
Abu Dhabi,AE,2025-01-16,12:00:00,1737003600,20.2,16.9,23.9,15.7,312.0,0.0,0.0,United Arab Emirates
Abu Dhabi,AE,2025-01-17,12:00:00,1737090000,19.3,16.8,22.4,14.2,257.0,0.0,0.0,United Arab Emirates
Abu Dhabi,AE,2025-01-18,12:00:00,1737176400,20.0,17.8,22.4,23.8,287.0,0.0,0.0,United Arab Emirates
Abu Dhabi,AE,2025-01-19,12:00:00,1737262800,19.6,18.3,21.4,19.9,297.0,0.0,0.0,United Arab Emirates
Abu Dhabi,AE,2025-01-20,12:00:00,1737349200,19.4,17.7,21.6,16.6,307.0,0.0,0.0,United Arab Emirates
Abu Dhabi,AE,2025-01-21,12:00:00,1737435600,20.0,18.4,22.3,22.4,309.0,0.0,0.0,United Arab Emirates
Abu Dhabi,AE,2025-01-22,12:00:00,1737522000,21.1,19.0,24.5,22.4,5.0,0.0,0.0,United Arab Emirates
Abu Dhabi,AE,2025-01-23,12:00:00,1737608400,20.0,16.5,25.2,20.5,47.0,0.0,0.0,United Arab Emirates
Abu Dhabi,AE,2025-01-24,12:00:00,1737694800,18.7,15.4,22.5,12.8,14.0,0.0,0.0,United Arab Emirates
Abu Dhabi,AE,2025-01-25,12:00:00,1737781200,18.7,13.7,23.1,12.3,338.0,0.0,0.0,United Arab Emirates
Abu Dhabi,AE,2025-01-26,12:00:00,1737867600,19.7,15.5,23.3,12.8,357.0,0.0,0.0,United Arab Emirates
Abu Dhabi,AE,2025-01-27,12:00:00,1737954000,20.7,18.5,23.7,15.0,324.0,0.0,0.0,United Arab Emirates
Abu Dhabi,AE,2025-01-28,12:00:00,1738040400,20.9,19.2,22.9,19.1,317.0,0.0,0.0,United Arab Emirates
Abu Dhabi,AE,2025-01-29,12:00:00,1738126800,20.2,18.8,22.2,18.7,317.0,0.0,0.0,United Arab Emirates
Abu Dhabi,AE,2025-01-30,12:00:00,1738213200,20.4,18.6,22.8,21.3,320.0,0.0,0.0,United Arab Emirates
Abu Dhabi,AE,2025-01-31,12:00:00,1738299600,20.0,18.7,21.9,22.0,310.0,0.0,0.0,United Arab Emirates
Abu Dhabi,AE,2025-02-01,12:00:00,1738386000,19.7,15.5,24.0,16.9,357.0,0.0,0.0,United Arab Emirates
Abu Dhabi,AE,2025-02-02,12:00:00,1738472400,19.9,17.6,22.1,22.2,312.0,1.0,0.0,United Arab Emirates
Abu Dhabi,AE,2025-02-03,12:00:00,1738558800,19.8,17.9,22.3,20.2,307.0,0.0,0.0,United Arab Emirates
Abu Dhabi,AE,2025-02-04,12:00:00,1738645200,19.5,17.4,22.0,14.9,314.0,0.0,0.0,United Arab Emirates
Abu Dhabi,AE,2025-02-05,12:00:00,1738731600,17.9,14.3,22.7,9.7,26.0,0.0,0.0,United Arab Emirates
Abu Dhabi,AE,2025-02-06,12:00:00,1738818000,20.7,14.8,27.4,19.5,138.0,0.0,0.0,United Arab Emirates
Abu Dhabi,AE,2025-02-07,12:00:00,1738904400,22.7,19.0,27.8,24.6,155.0,0.0,0.0,United Arab Emirates
Abu Dhabi,AE,2025-02-08,12:00:00,1738990800,21.1,18.9,24.3,20.0,258.0,0.1,0.0,United Arab Emirates
Abu Dhabi,AE,2025-02-09,12:00:00,1739077200,19.8,18.4,21.8,19.9,329.0,0.0,0.0,United Arab Emirates
Abu Dhabi,AE,2025-02-10,12:00:00,1739163600,18.7,16.8,20.6,18.7,318.0,0.0,0.0,United Arab Emirates
Abu Dhabi,AE,2025-02-11,12:00:00,1739250000,19.4,16.1,23.4,15.0,11.0,0.0,0.0,United Arab Emirates
Abu Dhabi,AE,2025-02-12,12:00:00,1739336400,23.0,17.5,30.8,16.6,105.0,0.0,0.0,United Arab Emirates
Abu Dhabi,AE,2025-02-13,12:00:00,1739422800,24.7,20.8,31.0,14.6,119.0,0.0,0.0,United Arab Emirates
Abu Dhabi,AE,2025-02-14,12:00:00,1739509200,23.1,20.4,26.5,18.2,2.0,0.0,0.0,United Arab Emirates
Abu Dhabi,AE,2025-02-15,12:00:00,1739595600,21.4,19.6,23.7,16.4,336.0,0.0,0.0,United Arab Emirates
Abu Dhabi,AE,2025-02-16,12:00:00,1739682000,21.9,20.1,24.7,16.7,11.0,0.1,0.0,United Arab Emirates
Abu Dhabi,AE,2025-02-17,12:00:00,1739768400,23.8,20.4,29.4,22.1,41.0,1.5,0.0,United Arab Emirates
Abu Dhabi,AE,2025-02-18,12:00:00,1739854800,22.0,20.7,25.5,15.7,345.0,0.9,0.0,United Arab Emirates
Abu Dhabi,AE,2025-02-19,12:00:00,1739941200,21.2,19.1,23.4,16.9,324.0,0.1,0.0,United Arab Emirates
Abu Dhabi,AE,2025-02-20,12:00:00,1740027600,21.7,18.7,25.5,16.2,15.0,0.3,0.0,United Arab Emirates
Abu Dhabi,AE,2025-02-21,12:00:00,1740114000,23.7,20.6,30.1,17.2,15.0,0.1,0.0,United Arab Emirates
Abu Dhabi,AE,2025-02-22,12:00:00,1740200400,22.5,19.9,26.7,10.7,2.0,0.0,0.0,United Arab Emirates
Abu Dhabi,AE,2025-02-23,12:00:00,1740286800,26.3,20.4,35.3,16.6,106.0,0.0,0.0,United Arab Emirates
Abu Dhabi,AE,2025-02-24,12:00:00,1740373200,22.8,21.3,24.9,22.0,328.0,0.0,0.0,United Arab Emirates
Abu Dhabi,AE,2025-02-25,12:00:00,1740459600,20.6,18.2,22.4,32.8,325.0,0.2,0.0,United Arab Emirates
Abu Dhabi,AE,2025-02-26,12:00:00,1740546000,19.0,17.6,20.8,21.8,317.0,0.0,0.0,United Arab Emirates
Abu Dhabi,AE,2025-02-27,12:00:00,1740632400,19.6,18.4,21.3,22.6,322.0,0.0,0.0,United Arab Emirates
Abu Dhabi,AE,2025-02-28,12:00:00,1740718800,19.4,17.9,21.4,22.5,313.0,0.0,0.0,United Arab Emirates
Abu Dhabi,AE,2025-03-01,12:00:00,1740805200,19.4,17.8,21.7,14.3,310.0,0.0,0.0,United Arab Emirates
Abu Dhabi,AE,2025-03-02,12:00:00,1740891600,19.9,17.3,22.4,24.4,313.0,0.0,0.0,United Arab Emirates
Abu Dhabi,AE,2025-03-03,12:00:00,1740978000,19.5,17.6,21.8,24.9,323.0,0.0,0.0,United Arab Emirates
Abu Dhabi,AE,2025-03-04,12:00:00,1741064400,21.2,16.1,28.4,15.2,52.0,0.0,0.0,United Arab Emirates
Abu Dhabi,AE,2025-03-05,12:00:00,1741150800,23.8,19.7,30.6,23.9,108.0,0.0,0.0,United Arab Emirates
Abu Dhabi,AE,2025-03-06,12:00:00,1741237200,24.6,20.7,32.4,19.3,100.0,0.0,0.0,United Arab Emirates
Abu Dhabi,AE,2025-03-07,12:00:00,1741323600,26.8,22.2,35.4,16.8,96.0,0.0,0.0,United Arab Emirates
Abu Dhabi,AE,2025-03-08,12:00:00,1741410000,27.8,22.2,34.6,27.5,155.0,0.0,0.0,United Arab Emirates
Abu Dhabi,AE,2025-03-09,12:00:00,1741496400,25.5,22.6,29.7,28.5,39.0,0.0,0.0,United Arab Emirates
Abu Dhabi,AE,2025-03-10,12:00:00,1741582800,24.4,21.4,29.2,22.0,29.0,0.0,0.0,United Arab Emirates
Abu Dhabi,AE,2025-03-11,12:00:00,1741669200,25.6,21.8,32.4,15.9,31.0,0.0,0.0,United Arab Emirates
Abu Dhabi,AE,2025-03-12,12:00:00,1741755600,24.5,21.7,30.2,16.6,322.0,0.1,0.0,United Arab Emirates
Abu Dhabi,AE,2025-03-13,12:00:00,1741842000,22.6,21.0,24.6,21.0,306.0,0.3,0.0,United Arab Emirates
Abu Dhabi,AE,2025-03-14,12:00:00,1741928400,22.0,19.4,25.3,16.5,292.0,0.0,0.0,United Arab Emirates
Abu Dhabi,AE,2025-03-15,12:00:00,1742014800,22.2,18.4,27.4,16.1,322.0,0.0,0.0,United Arab Emirates
Abu Dhabi,AE,2025-03-16,12:00:00,1742101200,24.1,19.3,31.9,18.2,355.0,0.0,0.0,United Arab Emirates
Abu Dhabi,AE,2025-03-17,12:00:00,1742187600,23.0,20.9,26.5,14.0,313.0,0.6,0.0,United Arab Emirates
Abu Dhabi,AE,2025-03-18,12:00:00,1742274000,22.9,19.1,27.8,14.0,304.0,0.0,0.0,United Arab Emirates
Abu Dhabi,AE,2025-03-19,12:00:00,1742360400,23.2,18.4,29.1,12.6,304.0,0.0,0.0,United Arab Emirates
Abu Dhabi,AE,2025-03-20,12:00:00,1742446800,24.2,18.0,33.1,11.9,58.0,0.0,0.0,United Arab Emirates
Abu Dhabi,AE,2025-03-21,12:00:00,1742533200,28.4,21.1,36.9,21.6,137.0,0.0,0.0,United Arab Emirates
Abu Dhabi,AE,2025-03-22,12:00:00,1742619600,28.6,25.0,36.2,21.0,132.0,0.0,0.0,United Arab Emirates
Abu Dhabi,AE,2025-03-23,12:00:00,1742706000,26.4,23.1,33.0,22.0,9.0,0.0,0.0,United Arab Emirates
Abu Dhabi,AE,2025-03-24,12:00:00,1742792400,23.1,20.1,25.4,28.9,310.0,0.0,0.0,United Arab Emirates
Abu Dhabi,AE,2025-03-25,12:00:00,1742878800,21.0,19.7,23.2,29.3,299.0,0.0,0.0,United Arab Emirates
Abu Dhabi,AE,2025-03-26,12:00:00,1742965200,21.7,19.8,24.4,22.4,304.0,0.0,0.0,United Arab Emirates
Abu Dhabi,AE,2025-03-27,12:00:00,1743051600,22.1,19.4,25.9,18.6,335.0,0.0,0.0,United Arab Emirates
Abu Dhabi,AE,2025-03-28,12:00:00,1743138000,23.1,20.7,26.8,15.1,342.0,0.0,0.0,United Arab Emirates
Abu Dhabi,AE,2025-03-29,12:00:00,1743224400,23.9,19.8,30.7,17.7,4.0,0.0,0.0,United Arab Emirates
Abu Dhabi,AE,2025-03-30,12:00:00,1743310800,25.2,20.5,32.1,15.0,20.0,0.0,0.0,United Arab Emirates
Abu Dhabi,AE,2025-03-31,12:00:00,1743397200,26.9,20.8,35.0,14.4,12.0,0.0,0.0,United Arab Emirates
Abu Dhabi,AE,2025-04-01,12:00:00,1743483600,26.3,21.1,33.5,14.1,346.0,0.0,0.0,United Arab Emirates
Abu Dhabi,AE,2025-04-02,12:00:00,1743570000,25.6,20.1,33.0,13.8,299.0,0.0,0.0,United Arab Emirates
Abu Dhabi,AE,2025-04-03,12:00:00,1743656400,26.1,20.5,35.6,16.0,300.0,0.0,0.0,United Arab Emirates
Abu Dhabi,AE,2025-04-04,12:00:00,1743742800,30.6,21.9,40.3,15.6,157.0,0.0,0.0,United Arab Emirates
Abu Dhabi,AE,2025-04-05,12:00:00,1743829200,31.1,25.4,39.3,20.3,144.0,0.0,0.0,United Arab Emirates
Abu Dhabi,AE,2025-04-06,12:00:00,1743915600,30.4,24.8,39.0,14.4,105.0,0.0,0.0,United Arab Emirates
Abu Dhabi,AE,2025-04-07,12:00:00,1744002000,29.0,23.5,37.8,17.8,343.0,0.0,0.0,United Arab Emirates
Abu Dhabi,AE,2025-04-08,12:00:00,1744088400,28.2,23.3,33.7,17.5,292.0,0.0,0.0,United Arab Emirates
Abu Dhabi,AE,2025-04-09,12:00:00,1744174800,27.2,24.5,30.6,21.1,276.0,0.0,0.0,United Arab Emirates
Abu Dhabi,AE,2025-04-10,12:00:00,1744261200,25.7,21.6,32.4,15.8,281.0,0.0,0.0,United Arab Emirates
Abu Dhabi,AE,2025-04-11,12:00:00,1744347600,26.7,20.6,35.4,14.5,344.0,0.0,0.0,United Arab Emirates
Abu Dhabi,AE,2025-04-12,12:00:00,1744434000,30.2,24.9,37.4,16.7,31.0,0.0,0.0,United Arab Emirates
Abu Dhabi,AE,2025-04-13,12:00:00,1744520400,32.3,26.1,40.4,18.9,101.0,0.0,0.0,United Arab Emirates
Abu Dhabi,AE,2025-04-14,12:00:00,1744606800,31.7,25.0,41.9,19.4,345.0,0.0,0.0,United Arab Emirates
Abu Dhabi,AE,2025-04-15,12:00:00,1744693200,29.1,26.0,36.2,25.3,327.0,0.0,0.0,United Arab Emirates
Abu Dhabi,AE,2025-04-16,12:00:00,1744779600,27.9,25.2,31.3,24.8,313.0,0.0,0.0,United Arab Emirates
Abu Dhabi,AE,2025-04-17,12:00:00,1744866000,26.7,25.1,29.1,22.6,308.0,0.0,0.0,United Arab Emirates
Abu Dhabi,AE,2025-04-18,12:00:00,1744952400,25.7,24.1,27.9,23.8,303.0,0.0,0.0,United Arab Emirates
Abu Dhabi,AE,2025-04-19,12:00:00,1745038800,25.9,23.7,29.0,18.2,305.0,0.0,0.0,United Arab Emirates
Abu Dhabi,AE,2025-04-20,12:00:00,1745125200,26.4,24.1,29.5,19.1,311.0,0.0,0.0,United Arab Emirates
Abu Dhabi,AE,2025-04-21,12:00:00,1745211600,27.8,23.4,33.9,13.5,340.0,0.0,0.0,United Arab Emirates
Abu Dhabi,AE,2025-04-22,12:00:00,1745298000,29.5,22.5,36.7,12.0,15.0,0.0,0.0,United Arab Emirates
Abu Dhabi,AE,2025-04-23,12:00:00,1745384400,31.4,25.1,40.8,14.9,338.0,0.0,0.0,United Arab Emirates
Abu Dhabi,AE,2025-04-24,12:00:00,1745470800,28.5,25.0,32.7,16.8,287.0,0.0,0.0,United Arab Emirates
Abu Dhabi,AE,2025-04-25,12:00:00,1745557200,27.7,22.1,34.3,13.9,330.0,0.0,0.0,United Arab Emirates
Abu Dhabi,AE,2025-04-26,12:00:00,1745643600,31.3,23.9,41.5,13.6,47.0,0.0,0.0,United Arab Emirates
Abu Dhabi,AE,2025-04-27,12:00:00,1745730000,34.1,28.1,42.7,17.6,38.0,0.0,0.0,United Arab Emirates
Abu Dhabi,AE,2025-04-28,12:00:00,1745816400,34.0,28.1,42.2,20.0,344.0,0.0,0.0,United Arab Emirates
Abu Dhabi,AE,2025-04-29,12:00:00,1745902800,33.7,26.5,42.8,17.5,2.0,0.0,0.0,United Arab Emirates
Abu Dhabi,AE,2025-04-30,12:00:00,1745989200,32.6,26.7,40.2,19.8,1.0,0.0,0.0,United Arab Emirates
Abu Dhabi,AE,2025-05-01,12:00:00,1746075600,32.0,26.2,39.7,15.4,309.0,0.0,0.0,United Arab Emirates
Abu Dhabi,AE,2025-05-02,12:00:00,1746162000,32.1,26.3,39.0,12.9,308.0,0.0,0.0,United Arab Emirates
Abu Dhabi,AE,2025-05-03,12:00:00,1746248400,33.0,26.9,40.6,13.2,291.0,0.0,0.0,United Arab Emirates
Abu Dhabi,AE,2025-05-04,12:00:00,1746334800,33.8,27.3,42.9,16.5,267.0,0.0,0.0,United Arab Emirates
Abu Dhabi,AE,2025-05-05,12:00:00,1746421200,33.4,27.1,40.9,18.2,296.0,0.0,0.0,United Arab Emirates
Abu Dhabi,AE,2025-05-06,12:00:00,1746507600,32.1,29.0,35.5,29.0,304.0,0.0,0.0,United Arab Emirates
Abu Dhabi,AE,2025-05-07,12:00:00,1746594000,29.7,27.3,31.9,33.3,300.0,0.0,0.0,United Arab Emirates
Abu Dhabi,AE,2025-05-08,12:00:00,1746680400,29.2,27.2,31.9,27.9,298.0,0.0,0.0,United Arab Emirates
Abu Dhabi,AE,2025-05-09,12:00:00,1746766800,28.9,26.6,32.2,23.2,302.0,0.0,0.0,United Arab Emirates
Abu Dhabi,AE,2025-05-10,12:00:00,1746853200,28.3,24.8,32.8,16.0,324.0,0.0,0.0,United Arab Emirates
Abu Dhabi,AE,2025-05-11,12:00:00,1746939600,29.1,25.1,33.5,17.5,338.0,0.0,0.0,United Arab Emirates
Abu Dhabi,AE,2025-05-12,12:00:00,1747026000,31.6,26.6,37.2,17.6,8.0,0.0,0.0,United Arab Emirates
Abu Dhabi,AE,2025-05-13,12:00:00,1747112400,33.5,26.6,42.0,16.3,33.0,0.0,0.0,United Arab Emirates
Abu Dhabi,AE,2025-05-14,12:00:00,1747198800,34.0,27.5,42.9,19.4,149.0,0.0,0.0,United Arab Emirates
Abu Dhabi,AE,2025-05-15,12:00:00,1747285200,33.3,29.6,40.1,18.8,307.0,0.0,0.0,United Arab Emirates
Abu Dhabi,AE,2025-05-16,12:00:00,1747371600,32.0,27.3,38.1,20.6,287.0,0.0,0.0,United Arab Emirates
Abu Dhabi,AE,2025-05-17,12:00:00,1747458000,30.7,28.3,34.1,28.3,285.0,0.0,0.0,United Arab Emirates
Abu Dhabi,AE,2025-05-18,12:00:00,1747544400,30.4,27.2,34.7,16.3,288.0,0.0,0.0,United Arab Emirates
Abu Dhabi,AE,2025-05-19,12:00:00,1747630800,30.1,26.4,34.8,17.6,304.0,0.0,0.0,United Arab Emirates
Abu Dhabi,AE,2025-05-20,12:00:00,1747717200,31.1,26.4,37.4,16.9,298.0,0.0,0.0,United Arab Emirates
Abu Dhabi,AE,2025-05-21,12:00:00,1747803600,,26.8,28.0,4.0,,0.0,,United Arab Emirates
