city,country_code,date,time,timestamp,temp,temp_min,temp_max,wind_speed,wind_deg,precipitation,snow,country
Beijing,CN,2005-05-25,12:00:00,1116997200,21.7,14.3,30.2,17.9,209.0,1.6,0.0,China
Beijing,CN,2005-05-26,12:00:00,1117083600,22.1,13.6,29.1,13.5,87.0,0.0,0.0,China
Beijing,CN,2005-05-27,12:00:00,1117170000,19.6,14.1,25.4,10.9,138.0,0.2,0.0,China
Beijing,CN,2005-05-28,12:00:00,1117256400,23.9,14.9,32.1,20.4,148.0,0.0,0.0,China
Beijing,CN,2005-05-29,12:00:00,1117342800,22.6,16.1,30.6,27.9,187.0,3.3,0.0,China
Beijing,CN,2005-05-30,12:00:00,1117429200,25.0,16.0,33.7,15.1,199.0,0.0,0.0,China
Beijing,CN,2005-05-31,12:00:00,1117515600,25.5,19.7,33.1,16.9,150.0,4.6,0.0,China
Beijing,CN,2005-06-01,12:00:00,1117602000,23.3,16.9,29.3,21.3,311.0,0.0,0.0,China
Beijing,CN,2005-06-02,12:00:00,1117688400,24.7,16.3,32.3,13.9,335.0,0.0,0.0,China
Beijing,CN,2005-06-03,12:00:00,1117774800,25.8,15.3,34.1,10.5,61.0,0.0,0.0,China
Beijing,CN,2005-06-04,12:00:00,1117861200,25.5,16.3,33.1,15.3,147.0,0.0,0.0,China
Beijing,CN,2005-06-05,12:00:00,1117947600,22.4,16.8,29.9,24.0,323.0,4.1,0.0,China
Beijing,CN,2005-06-06,12:00:00,1118034000,22.8,13.5,30.9,18.0,170.0,0.0,0.0,China
Beijing,CN,2005-06-07,12:00:00,1118120400,25.8,17.4,33.1,25.9,172.0,1.7,0.0,China
Beijing,CN,2005-06-08,12:00:00,1118206800,21.0,18.4,24.5,11.4,46.0,22.9,0.0,China
Beijing,CN,2005-06-09,12:00:00,1118293200,22.0,19.3,25.4,11.5,101.0,0.3,0.0,China
Beijing,CN,2005-06-10,12:00:00,1118379600,24.3,19.1,30.1,14.2,193.0,0.0,0.0,China
Beijing,CN,2005-06-11,12:00:00,1118466000,26.1,16.9,34.6,12.0,93.0,0.0,0.0,China
Beijing,CN,2005-06-12,12:00:00,1118552400,26.5,18.0,35.7,12.4,87.0,1.5,0.0,China
Beijing,CN,2005-06-13,12:00:00,1118638800,24.5,19.3,30.7,12.5,54.0,9.6,0.0,China
Beijing,CN,2005-06-14,12:00:00,1118725200,24.9,17.5,32.5,8.1,238.0,0.8,0.0,China
Beijing,CN,2005-06-15,12:00:00,1118811600,25.9,17.5,33.3,19.1,342.0,0.0,0.0,China
Beijing,CN,2005-06-16,12:00:00,1118898000,25.8,17.4,33.5,12.1,109.0,0.0,0.0,China
Beijing,CN,2005-06-17,12:00:00,1118984400,25.1,19.4,30.9,15.7,76.0,0.0,0.0,China
Beijing,CN,2005-06-18,12:00:00,1119070800,26.0,18.8,33.0,15.8,132.0,0.0,0.0,China
Beijing,CN,2005-06-19,12:00:00,1119157200,26.9,19.3,34.6,11.5,137.0,0.3,0.0,China
Beijing,CN,2005-06-20,12:00:00,1119243600,29.5,19.7,37.2,9.0,157.0,0.0,0.0,China
Beijing,CN,2005-06-21,12:00:00,1119330000,31.4,21.5,39.8,12.9,100.0,0.0,0.0,China
Beijing,CN,2005-06-22,12:00:00,1119416400,31.2,22.3,38.9,10.7,91.0,0.0,0.0,China
Beijing,CN,2005-06-23,12:00:00,1119502800,32.4,23.6,40.7,14.0,111.0,0.0,0.0,China
Beijing,CN,2005-06-24,12:00:00,1119589200,30.3,25.3,38.0,11.4,78.0,1.4,0.0,China
Beijing,CN,2005-06-25,12:00:00,1119675600,27.9,24.5,33.4,11.6,78.0,4.4,0.0,China
Beijing,CN,2005-06-26,12:00:00,1119762000,24.3,22.2,26.9,10.9,39.0,14.0,0.0,China
Beijing,CN,2005-06-27,12:00:00,1119848400,25.1,21.2,28.9,6.5,277.0,0.4,0.0,China
Beijing,CN,2005-06-28,12:00:00,1119934800,25.4,20.1,31.9,8.6,164.0,7.4,0.0,China
Beijing,CN,2005-06-29,12:00:00,1120021200,27.2,20.6,34.0,16.3,217.0,25.2,0.0,China
Beijing,CN,2005-06-30,12:00:00,1120107600,28.3,20.1,35.1,9.0,175.0,0.0,0.0,China
Beijing,CN,2005-07-01,12:00:00,1120194000,29.4,21.2,36.3,15.8,294.0,0.0,0.0,China
Beijing,CN,2005-07-02,12:00:00,1120280400,27.4,22.0,32.0,9.1,331.0,0.0,0.0,China
Beijing,CN,2005-07-03,12:00:00,1120366800,28.4,21.3,35.2,11.3,195.0,0.0,0.0,China
Beijing,CN,2005-07-04,12:00:00,1120453200,29.7,21.8,36.9,9.6,308.0,0.0,0.0,China
Beijing,CN,2005-07-05,12:00:00,1120539600,30.4,20.5,38.5,10.9,335.0,0.0,0.0,China
Beijing,CN,2005-07-06,12:00:00,1120626000,30.4,20.4,38.3,16.1,88.0,0.0,0.0,China
Beijing,CN,2005-07-07,12:00:00,1120712400,30.2,24.0,37.5,12.7,113.0,0.0,0.0,China
Beijing,CN,2005-07-08,12:00:00,1120798800,29.0,24.8,34.1,10.0,118.0,2.3,0.0,China
Beijing,CN,2005-07-09,12:00:00,1120885200,29.0,22.8,35.5,12.9,94.0,0.7,0.0,China
Beijing,CN,2005-07-10,12:00:00,1120971600,28.1,21.1,34.0,7.9,94.0,0.0,0.0,China
Beijing,CN,2005-07-11,12:00:00,1121058000,27.4,22.5,32.7,8.0,97.0,0.3,0.0,China
Beijing,CN,2005-07-12,12:00:00,1121144400,26.7,22.4,31.5,11.8,131.0,1.0,0.0,China
Beijing,CN,2005-07-13,12:00:00,1121230800,26.1,23.0,29.9,16.3,145.0,1.9,0.0,China
Beijing,CN,2005-07-14,12:00:00,1121317200,28.1,23.5,34.3,11.0,136.0,1.2,0.0,China
Beijing,CN,2005-07-15,12:00:00,1121403600,28.3,23.9,33.6,12.6,157.0,2.8,0.0,China
Beijing,CN,2005-07-16,12:00:00,1121490000,28.2,23.0,33.8,11.7,124.0,2.6,0.0,China
Beijing,CN,2005-07-17,12:00:00,1121576400,27.7,24.4,32.3,10.4,105.0,1.9,0.0,China
Beijing,CN,2005-07-18,12:00:00,1121662800,28.0,24.4,32.2,8.8,129.0,1.5,0.0,China
Beijing,CN,2005-07-19,12:00:00,1121749200,30.1,24.8,35.7,17.4,181.0,0.0,0.0,China
Beijing,CN,2005-07-20,12:00:00,1121835600,31.5,26.2,38.8,12.2,187.0,0.5,0.0,China
Beijing,CN,2005-07-21,12:00:00,1121922000,31.5,26.8,38.5,9.3,195.0,1.6,0.0,China
Beijing,CN,2005-07-22,12:00:00,1122008400,29.7,26.8,34.7,14.4,6.0,0.0,0.0,China
Beijing,CN,2005-07-23,12:00:00,1122094800,24.2,23.1,27.0,11.7,0.0,74.6,0.0,China
Beijing,CN,2005-07-24,12:00:00,1122181200,25.7,21.9,29.3,9.7,53.0,9.1,0.0,China
Beijing,CN,2005-07-25,12:00:00,1122267600,26.5,20.5,31.8,7.9,213.0,0.0,0.0,China
Beijing,CN,2005-07-26,12:00:00,1122354000,27.6,22.7,32.7,8.3,177.0,0.0,0.0,China
Beijing,CN,2005-07-27,12:00:00,1122440400,25.5,23.1,27.6,7.3,135.0,5.0,0.0,China
Beijing,CN,2005-07-28,12:00:00,1122526800,26.2,19.7,32.5,9.4,285.0,0.0,0.0,China
Beijing,CN,2005-07-29,12:00:00,1122613200,27.0,20.5,33.2,8.4,323.0,0.0,0.0,China
Beijing,CN,2005-07-30,12:00:00,1122699600,26.5,21.5,31.8,11.2,135.0,10.3,0.0,China
Beijing,CN,2005-07-31,12:00:00,1122786000,24.8,23.1,28.2,8.8,85.0,16.4,0.0,China
Beijing,CN,2005-08-01,12:00:00,1122872400,26.5,22.8,31.5,11.2,201.0,0.8,0.0,China
Beijing,CN,2005-08-02,12:00:00,1122958800,26.4,21.2,30.8,9.3,50.0,0.0,0.0,China
Beijing,CN,2005-08-03,12:00:00,1123045200,23.7,21.8,25.8,5.9,351.0,13.4,0.0,China
Beijing,CN,2005-08-04,12:00:00,1123131600,24.8,20.2,29.8,7.0,104.0,2.1,0.0,China
Beijing,CN,2005-08-05,12:00:00,1123218000,25.0,21.4,29.3,6.6,22.0,4.3,0.0,China
Beijing,CN,2005-08-06,12:00:00,1123304400,25.5,21.3,29.6,8.7,93.0,1.5,0.0,China
Beijing,CN,2005-08-07,12:00:00,1123390800,25.8,22.9,29.7,8.1,80.0,1.0,0.0,China
Beijing,CN,2005-08-08,12:00:00,1123477200,26.9,22.6,30.7,11.0,358.0,1.3,0.0,China
Beijing,CN,2005-08-09,12:00:00,1123563600,24.5,22.2,26.8,8.9,267.0,8.1,0.0,China
Beijing,CN,2005-08-10,12:00:00,1123650000,25.9,21.3,31.3,8.7,148.0,0.0,0.0,China
Beijing,CN,2005-08-11,12:00:00,1123736400,28.4,23.0,33.6,7.6,125.0,0.1,0.0,China
Beijing,CN,2005-08-12,12:00:00,1123822800,26.3,25.1,28.3,14.0,114.0,41.9,0.0,China
Beijing,CN,2005-08-13,12:00:00,1123909200,27.4,24.7,32.1,9.2,118.0,6.9,0.0,China
Beijing,CN,2005-08-14,12:00:00,1123995600,28.6,25.4,32.9,12.9,148.0,0.1,0.0,China
Beijing,CN,2005-08-15,12:00:00,1124082000,29.2,25.3,33.5,11.5,210.0,3.1,0.0,China
Beijing,CN,2005-08-16,12:00:00,1124168400,23.4,19.0,26.8,18.7,2.0,18.6,0.0,China
Beijing,CN,2005-08-17,12:00:00,1124254800,21.6,17.9,25.5,9.4,34.0,0.5,0.0,China
Beijing,CN,2005-08-18,12:00:00,1124341200,21.9,15.2,27.9,8.9,327.0,0.0,0.0,China
Beijing,CN,2005-08-19,12:00:00,1124427600,22.1,15.0,29.0,10.9,240.0,0.0,0.0,China
Beijing,CN,2005-08-20,12:00:00,1124514000,22.2,16.0,27.9,6.9,109.0,0.0,0.0,China
Beijing,CN,2005-08-21,12:00:00,1124600400,22.9,17.1,28.7,7.4,85.0,0.0,0.0,China
Beijing,CN,2005-08-22,12:00:00,1124686800,23.9,18.2,28.5,8.9,179.0,0.0,0.0,China
Beijing,CN,2005-08-23,12:00:00,1124773200,23.1,18.5,27.4,10.5,149.0,0.4,0.0,China
Beijing,CN,2005-08-24,12:00:00,1124859600,23.3,18.0,27.7,7.6,78.0,0.0,0.0,China
Beijing,CN,2005-08-25,12:00:00,1124946000,23.0,17.1,28.3,9.8,223.0,0.0,0.0,China
Beijing,CN,2005-08-26,12:00:00,1125032400,24.0,19.0,29.1,11.0,164.0,0.0,0.0,China
Beijing,CN,2005-08-27,12:00:00,1125118800,25.3,19.3,31.0,8.3,171.0,0.0,0.0,China
Beijing,CN,2005-08-28,12:00:00,1125205200,26.6,20.7,32.6,12.9,178.0,0.0,0.0,China
Beijing,CN,2005-08-29,12:00:00,1125291600,26.7,20.9,32.8,7.6,180.0,0.0,0.0,China
Beijing,CN,2005-08-30,12:00:00,1125378000,26.5,21.1,31.8,11.0,129.0,0.2,0.0,China
Beijing,CN,2005-08-31,12:00:00,1125464400,26.3,21.4,31.5,16.3,179.0,0.0,0.0,China
Beijing,CN,2005-09-01,12:00:00,1125550800,26.3,22.1,32.1,19.0,346.0,0.0,0.0,China
Beijing,CN,2005-09-02,12:00:00,1125637200,23.0,18.2,27.5,9.6,22.0,0.0,0.0,China
Beijing,CN,2005-09-03,12:00:00,1125723600,22.5,14.1,30.1,10.2,277.0,0.0,0.0,China
Beijing,CN,2005-09-04,12:00:00,1125810000,22.9,15.5,30.6,11.0,202.0,0.0,0.0,China
Beijing,CN,2005-09-05,12:00:00,1125896400,23.1,16.8,30.5,12.0,181.0,0.0,0.0,China
Beijing,CN,2005-09-06,12:00:00,1125982800,23.0,13.9,30.3,8.2,218.0,0.0,0.0,China
Beijing,CN,2005-09-07,12:00:00,1126069200,23.4,14.0,31.4,6.5,291.0,0.0,0.0,China
Beijing,CN,2005-09-08,12:00:00,1126155600,24.3,16.2,32.1,9.7,193.0,0.0,0.0,China
Beijing,CN,2005-09-09,12:00:00,1126242000,25.3,18.7,32.4,15.5,175.0,0.0,0.0,China
Beijing,CN,2005-09-10,12:00:00,1126328400,25.7,20.3,32.4,9.6,116.0,1.2,0.0,China
Beijing,CN,2005-09-11,12:00:00,1126414800,26.2,20.8,31.8,13.8,164.0,0.0,0.0,China
Beijing,CN,2005-09-12,12:00:00,1126501200,25.7,21.0,30.4,15.6,26.0,0.0,0.0,China
Beijing,CN,2005-09-13,12:00:00,1126587600,21.9,17.0,23.6,15.2,344.0,0.0,0.0,China
Beijing,CN,2005-09-14,12:00:00,1126674000,21.6,12.3,30.2,9.5,246.0,0.0,0.0,China
Beijing,CN,2005-09-15,12:00:00,1126760400,20.1,17.8,25.4,6.8,126.0,4.5,0.0,China
Beijing,CN,2005-09-16,12:00:00,1126846800,21.6,16.5,27.7,12.7,205.0,2.9,0.0,China
Beijing,CN,2005-09-17,12:00:00,1126933200,20.8,14.8,26.5,19.9,308.0,0.0,0.0,China
Beijing,CN,2005-09-18,12:00:00,1127019600,19.9,11.1,27.7,10.5,104.0,0.0,0.0,China
Beijing,CN,2005-09-19,12:00:00,1127106000,19.7,16.8,23.2,10.7,23.0,3.0,0.0,China
Beijing,CN,2005-09-20,12:00:00,1127192400,18.3,16.6,19.8,7.2,330.0,3.4,0.0,China
Beijing,CN,2005-09-21,12:00:00,1127278800,18.3,13.5,23.5,11.3,12.0,0.0,0.0,China
Beijing,CN,2005-09-22,12:00:00,1127365200,17.4,10.2,23.9,10.9,136.0,0.0,0.0,China
Beijing,CN,2005-09-23,12:00:00,1127451600,18.9,13.7,24.5,12.7,130.0,0.0,0.0,China
Beijing,CN,2005-09-24,12:00:00,1127538000,19.7,12.4,26.6,8.0,306.0,0.0,0.0,China
Beijing,CN,2005-09-25,12:00:00,1127624400,21.2,13.7,27.9,10.5,125.0,0.2,0.0,China
Beijing,CN,2005-09-26,12:00:00,1127710800,21.2,15.9,27.5,14.5,182.0,0.0,0.0,China
Beijing,CN,2005-09-27,12:00:00,1127797200,21.2,16.3,26.6,13.4,182.0,0.0,0.0,China
Beijing,CN,2005-09-28,12:00:00,1127883600,21.3,16.8,25.3,8.8,140.0,0.0,0.0,China
Beijing,CN,2005-09-29,12:00:00,1127970000,18.6,16.9,19.7,6.9,65.0,10.4,0.0,China
Beijing,CN,2005-09-30,12:00:00,1128056400,20.2,15.9,25.9,8.4,125.0,0.0,0.0,China
Beijing,CN,2005-10-01,12:00:00,1128142800,20.8,17.1,26.2,13.4,201.0,0.0,0.0,China
Beijing,CN,2005-10-02,12:00:00,1128229200,17.7,13.6,21.6,14.8,342.0,0.0,0.0,China
Beijing,CN,2005-10-03,12:00:00,1128315600,16.8,10.6,23.5,9.9,269.0,0.0,0.0,China
Beijing,CN,2005-10-04,12:00:00,1128402000,16.9,8.6,25.6,11.4,217.0,0.0,0.0,China
Beijing,CN,2005-10-05,12:00:00,1128488400,17.9,11.6,24.9,13.6,180.0,0.0,0.0,China
Beijing,CN,2005-10-06,12:00:00,1128574800,17.4,14.6,22.2,6.8,181.0,0.6,0.0,China
Beijing,CN,2005-10-07,12:00:00,1128661200,17.2,11.1,24.0,21.1,327.0,1.0,0.0,China
Beijing,CN,2005-10-08,12:00:00,1128747600,15.5,7.8,23.1,10.8,275.0,0.0,0.0,China
Beijing,CN,2005-10-09,12:00:00,1128834000,16.4,9.9,24.6,13.2,170.0,0.0,0.0,China
Beijing,CN,2005-10-10,12:00:00,1128920400,17.4,11.5,24.7,15.3,166.0,0.0,0.0,China
Beijing,CN,2005-10-11,12:00:00,1129006800,17.7,12.9,24.0,12.7,170.0,0.0,0.0,China
Beijing,CN,2005-10-12,12:00:00,1129093200,16.9,13.7,21.0,8.0,147.0,1.9,0.0,China
Beijing,CN,2005-10-13,12:00:00,1129179600,15.5,7.9,19.9,22.3,327.0,0.5,0.0,China
Beijing,CN,2005-10-14,12:00:00,1129266000,12.1,3.7,20.2,16.9,236.0,0.0,0.0,China
Beijing,CN,2005-10-15,12:00:00,1129352400,14.0,5.1,22.4,13.5,247.0,0.0,0.0,China
Beijing,CN,2005-10-16,12:00:00,1129438800,16.1,6.8,25.5,14.4,301.0,0.0,0.0,China
Beijing,CN,2005-10-17,12:00:00,1129525200,13.7,8.0,18.3,13.7,17.0,0.0,0.0,China
Beijing,CN,2005-10-18,12:00:00,1129611600,12.8,7.1,19.7,10.2,160.0,0.0,0.0,China
Beijing,CN,2005-10-19,12:00:00,1129698000,13.9,5.5,21.8,9.8,163.0,0.0,0.0,China
Beijing,CN,2005-10-20,12:00:00,1129784400,14.4,9.2,20.9,7.7,352.0,0.0,0.0,China
Beijing,CN,2005-10-21,12:00:00,1129870800,11.2,7.1,15.6,12.2,76.0,0.0,0.0,China
Beijing,CN,2005-10-22,12:00:00,1129957200,10.0,4.4,16.8,10.1,146.0,0.0,0.0,China
Beijing,CN,2005-10-23,12:00:00,1130043600,12.9,3.6,22.9,12.6,240.0,0.0,0.0,China
Beijing,CN,2005-10-24,12:00:00,1130130000,13.6,4.7,23.7,10.8,52.0,0.0,0.0,China
Beijing,CN,2005-10-25,12:00:00,1130216400,13.2,6.6,20.0,8.7,82.0,0.0,0.0,China
Beijing,CN,2005-10-26,12:00:00,1130302800,14.0,7.7,21.2,10.2,95.0,0.0,0.0,China
Beijing,CN,2005-10-27,12:00:00,1130389200,14.2,10.4,19.6,15.6,329.0,2.4,0.0,China
Beijing,CN,2005-10-28,12:00:00,1130475600,10.4,4.8,16.5,18.6,309.0,0.0,0.0,China
Beijing,CN,2005-10-29,12:00:00,1130562000,8.9,1.4,16.3,8.1,333.0,0.0,0.0,China
Beijing,CN,2005-10-30,12:00:00,1130648400,9.4,2.4,17.6,10.5,287.0,0.0,0.0,China
Beijing,CN,2005-10-31,12:00:00,1130734800,10.7,3.4,19.8,11.8,215.0,0.0,0.0,China
Beijing,CN,2005-11-01,12:00:00,1130821200,11.5,5.3,19.3,9.2,148.0,0.0,0.0,China
Beijing,CN,2005-11-02,12:00:00,1130907600,11.8,3.2,20.0,8.6,84.0,0.0,0.0,China
Beijing,CN,2005-11-03,12:00:00,1130994000,13.4,4.9,22.1,10.5,56.0,0.0,0.0,China
Beijing,CN,2005-11-04,12:00:00,1131080400,13.6,5.1,22.6,9.8,360.0,0.0,0.0,China
Beijing,CN,2005-11-05,12:00:00,1131166800,13.2,8.1,20.3,21.3,346.0,0.9,0.0,China
Beijing,CN,2005-11-06,12:00:00,1131253200,9.5,4.6,15.5,15.9,235.0,0.0,0.0,China
Beijing,CN,2005-11-07,12:00:00,1131339600,8.0,0.6,16.3,23.5,317.0,0.0,0.0,China
Beijing,CN,2005-11-08,12:00:00,1131426000,7.0,0.5,14.5,9.6,250.0,0.0,0.0,China
Beijing,CN,2005-11-09,12:00:00,1131512400,8.0,-0.3,16.8,10.5,129.0,0.0,0.0,China
Beijing,CN,2005-11-10,12:00:00,1131598800,9.0,0.5,19.0,12.7,332.0,0.0,0.0,China
Beijing,CN,2005-11-11,12:00:00,1131685200,7.1,1.3,13.5,10.9,68.0,0.0,0.0,China
Beijing,CN,2005-11-12,12:00:00,1131771600,6.9,1.4,13.0,12.3,27.0,0.0,0.0,China
Beijing,CN,2005-11-13,12:00:00,1131858000,6.9,1.6,11.5,14.3,22.0,0.0,0.0,China
Beijing,CN,2005-11-14,12:00:00,1131944400,4.0,-3.6,11.8,13.5,312.0,0.0,0.0,China
Beijing,CN,2005-11-15,12:00:00,1132030800,3.2,-3.2,10.2,9.2,33.0,0.0,0.0,China
Beijing,CN,2005-11-16,12:00:00,1132117200,3.9,-2.5,10.2,7.8,66.0,0.0,0.0,China
Beijing,CN,2005-11-17,12:00:00,1132203600,3.7,-3.2,11.7,10.4,47.0,0.0,0.0,China
Beijing,CN,2005-11-18,12:00:00,1132290000,3.4,-2.5,9.6,7.3,35.0,0.0,0.0,China
Beijing,CN,2005-11-19,12:00:00,1132376400,4.0,1.6,7.5,5.5,22.0,0.0,0.0,China
Beijing,CN,2005-11-20,12:00:00,1132462800,3.4,-3.0,11.7,13.7,302.0,0.0,0.0,China
Beijing,CN,2005-11-21,12:00:00,1132549200,3.4,-2.4,11.8,13.6,288.0,0.0,0.0,China
Beijing,CN,2005-11-22,12:00:00,1132635600,3.4,-3.8,13.5,12.6,278.0,0.0,0.0,China
Beijing,CN,2005-11-23,12:00:00,1132722000,3.3,-3.7,12.9,12.4,289.0,0.0,0.0,China
Beijing,CN,2005-11-24,12:00:00,1132808400,3.3,-3.7,13.6,11.1,285.0,0.0,0.0,China
Beijing,CN,2005-11-25,12:00:00,1132894800,3.5,-3.8,13.6,11.3,285.0,0.0,0.0,China
Beijing,CN,2005-11-26,12:00:00,1132981200,3.8,-3.0,13.7,10.8,291.0,0.0,0.0,China
Beijing,CN,2005-11-27,12:00:00,1133067600,4.0,-1.8,11.4,8.0,75.0,0.0,0.0,China
Beijing,CN,2005-11-28,12:00:00,1133154000,4.2,-1.1,9.6,26.0,304.0,0.0,0.0,China
Beijing,CN,2005-11-29,12:00:00,1133240400,2.5,-3.9,10.6,11.2,245.0,0.0,0.0,China
Beijing,CN,2005-11-30,12:00:00,1133326800,2.7,-2.7,9.9,10.5,122.0,0.0,0.0,China
Beijing,CN,2005-12-01,12:00:00,1133413200,2.2,-2.5,6.7,17.0,350.0,0.0,0.0,China
Beijing,CN,2005-12-02,12:00:00,1133499600,-1.4,-5.3,4.0,7.7,65.0,0.1,0.14,China
Beijing,CN,2005-12-03,12:00:00,1133586000,-1.8,-5.9,2.2,23.7,326.0,0.6,0.49,China
Beijing,CN,2005-12-04,12:00:00,1133672400,-6.0,-8.6,-2.5,26.1,321.0,0.0,0.0,China
Beijing,CN,2005-12-05,12:00:00,1133758800,-4.3,-7.2,0.3,19.3,322.0,0.0,0.0,China
Beijing,CN,2005-12-06,12:00:00,1133845200,-4.9,-7.9,-0.5,16.9,323.0,0.0,0.0,China
Beijing,CN,2005-12-07,12:00:00,1133931600,-5.8,-9.2,-0.3,8.6,313.0,0.0,0.0,China
Beijing,CN,2005-12-08,12:00:00,1134018000,-5.1,-10.0,0.5,10.4,77.0,0.0,0.0,China
Beijing,CN,2005-12-09,12:00:00,1134104400,-4.2,-8.6,1.5,7.4,55.0,0.0,0.0,China
Beijing,CN,2005-12-10,12:00:00,1134190800,-4.1,-7.0,-0.1,16.5,0.0,0.0,0.0,China
Beijing,CN,2005-12-11,12:00:00,1134277200,-5.6,-8.6,-1.0,17.1,318.0,0.0,0.0,China
Beijing,CN,2005-12-12,12:00:00,1134363600,-5.6,-8.6,-1.4,20.2,318.0,0.0,0.0,China
Beijing,CN,2005-12-13,12:00:00,1134450000,-5.1,-8.0,-0.7,19.6,316.0,0.0,0.0,China
Beijing,CN,2005-12-14,12:00:00,1134536400,-5.2,-7.6,-1.1,17.6,317.0,0.0,0.0,China
Beijing,CN,2005-12-15,12:00:00,1134622800,-4.1,-7.8,2.0,16.9,300.0,0.0,0.0,China
Beijing,CN,2005-12-16,12:00:00,1134709200,-3.3,-6.9,2.0,17.9,324.0,0.0,0.0,China
Beijing,CN,2005-12-17,12:00:00,1134795600,-3.8,-6.6,1.4,15.8,299.0,0.0,0.0,China
Beijing,CN,2005-12-18,12:00:00,1134882000,-3.4,-7.6,3.4,9.4,252.0,0.0,0.0,China
Beijing,CN,2005-12-19,12:00:00,1134968400,-2.9,-6.9,2.4,8.1,54.0,0.0,0.0,China
Beijing,CN,2005-12-20,12:00:00,1135054800,-3.9,-7.1,-0.5,23.3,325.0,0.0,0.0,China
Beijing,CN,2005-12-21,12:00:00,1135141200,-6.3,-9.3,-2.0,21.4,303.0,0.0,0.0,China
Beijing,CN,2005-12-22,12:00:00,1135227600,-1.9,-7.8,8.5,14.8,234.0,0.0,0.0,China
Beijing,CN,2005-12-23,12:00:00,1135314000,0.2,-5.0,7.5,13.0,335.0,0.0,0.0,China
Beijing,CN,2005-12-24,12:00:00,1135400400,-1.1,-4.7,6.1,8.6,156.0,0.0,0.0,China
Beijing,CN,2005-12-25,12:00:00,1135486800,-1.3,-4.7,5.0,8.9,34.0,0.0,0.0,China
Beijing,CN,2005-12-26,12:00:00,1135573200,-2.8,-6.1,1.6,9.2,54.0,0.0,0.0,China
Beijing,CN,2005-12-27,12:00:00,1135659600,-3.5,-6.7,1.1,9.6,82.0,0.0,0.0,China
Beijing,CN,2005-12-28,12:00:00,1135746000,-2.6,-4.4,0.8,6.2,32.0,0.0,0.07,China
Beijing,CN,2005-12-29,12:00:00,1135832400,-2.1,-5.3,3.5,9.3,300.0,0.0,0.0,China
Beijing,CN,2005-12-30,12:00:00,1135918800,-2.9,-6.4,2.2,10.0,91.0,0.0,0.0,China
Beijing,CN,2005-12-31,12:00:00,1136005200,-3.0,-4.5,0.5,8.1,141.0,0.0,0.0,China
Beijing,CN,2006-01-01,12:00:00,1136091600,-1.7,-6.4,6.9,10.0,260.0,0.0,0.0,China
Beijing,CN,2006-01-02,12:00:00,1136178000,-2.0,-7.1,6.1,8.5,317.0,0.0,0.0,China
Beijing,CN,2006-01-03,12:00:00,1136264400,-3.1,-6.9,0.5,9.4,54.0,0.0,0.0,China
Beijing,CN,2006-01-04,12:00:00,1136350800,-5.5,-8.8,-2.4,19.3,353.0,0.0,0.0,China
Beijing,CN,2006-01-05,12:00:00,1136437200,-7.4,-11.3,-1.5,16.8,308.0,0.0,0.0,China
Beijing,CN,2006-01-06,12:00:00,1136523600,-5.8,-10.1,1.2,16.0,293.0,0.0,0.0,China
Beijing,CN,2006-01-07,12:00:00,1136610000,-4.5,-8.9,2.6,9.2,287.0,0.0,0.0,China
Beijing,CN,2006-01-08,12:00:00,1136696400,-3.4,-7.1,2.5,9.3,274.0,0.0,0.0,China
Beijing,CN,2006-01-09,12:00:00,1136782800,-2.9,-8.5,4.3,10.5,323.0,0.0,0.0,China
Beijing,CN,2006-01-10,12:00:00,1136869200,-1.7,-5.3,4.0,10.0,81.0,0.0,0.0,China
Beijing,CN,2006-01-11,12:00:00,1136955600,-2.7,-4.6,-1.0,7.9,78.0,0.0,0.14,China
Beijing,CN,2006-01-12,12:00:00,1137042000,-0.6,-2.7,2.3,5.4,355.0,0.4,0.35,China
Beijing,CN,2006-01-13,12:00:00,1137128400,-0.5,-5.7,7.9,8.7,310.0,0.0,0.0,China
Beijing,CN,2006-01-14,12:00:00,1137214800,-0.5,-5.1,5.7,11.9,123.0,0.0,0.0,China
Beijing,CN,2006-01-15,12:00:00,1137301200,-1.0,-6.1,5.6,10.1,37.0,0.0,0.0,China
Beijing,CN,2006-01-16,12:00:00,1137387600,-2.0,-5.9,1.8,9.3,102.0,0.0,0.0,China
Beijing,CN,2006-01-17,12:00:00,1137474000,-4.1,-6.4,-1.8,8.2,129.0,0.0,0.14,China
Beijing,CN,2006-01-18,12:00:00,1137560400,-4.2,-8.7,1.3,9.0,132.0,0.0,0.0,China
Beijing,CN,2006-01-19,12:00:00,1137646800,-3.4,-6.8,1.3,7.9,115.0,0.0,0.0,China
Beijing,CN,2006-01-20,12:00:00,1137733200,-1.1,-3.6,3.4,5.5,109.0,0.0,0.0,China
Beijing,CN,2006-01-21,12:00:00,1137819600,-1.1,-5.2,5.7,10.2,153.0,0.0,0.0,China
Beijing,CN,2006-01-22,12:00:00,1137906000,-1.8,-5.7,4.1,9.5,51.0,0.0,0.0,China
Beijing,CN,2006-01-23,12:00:00,1137992400,-2.6,-6.9,2.7,8.2,110.0,0.0,0.0,China
Beijing,CN,2006-01-24,12:00:00,1138078800,-3.0,-6.6,2.9,8.4,43.0,0.0,0.0,China
Beijing,CN,2006-01-25,12:00:00,1138165200,-2.7,-8.0,4.8,10.2,318.0,0.0,0.0,China
Beijing,CN,2006-01-26,12:00:00,1138251600,-1.0,-7.3,7.9,9.6,195.0,0.0,0.0,China
Beijing,CN,2006-01-27,12:00:00,1138338000,-1.3,-6.3,6.0,12.1,105.0,0.0,0.0,China
Beijing,CN,2006-01-28,12:00:00,1138424400,-1.3,-3.7,2.2,5.8,70.0,0.1,0.07,China
Beijing,CN,2006-01-29,12:00:00,1138510800,0.9,-2.3,6.3,19.1,20.0,0.0,0.0,China
Beijing,CN,2006-01-30,12:00:00,1138597200,-1.8,-4.4,2.0,12.6,141.0,0.0,0.0,China
Beijing,CN,2006-01-31,12:00:00,1138683600,-1.6,-5.1,3.4,8.8,158.0,0.0,0.0,China
Beijing,CN,2006-02-01,12:00:00,1138770000,-2.3,-5.3,1.6,13.7,96.0,0.0,0.0,China
Beijing,CN,2006-02-02,12:00:00,1138856400,-5.6,-10.0,-4.0,25.7,359.0,0.0,0.0,China
Beijing,CN,2006-02-03,12:00:00,1138942800,-8.9,-12.2,-4.3,18.0,50.0,0.0,0.0,China
Beijing,CN,2006-02-04,12:00:00,1139029200,-6.4,-10.8,-0.9,8.6,121.0,0.0,0.0,China
Beijing,CN,2006-02-05,12:00:00,1139115600,-4.0,-7.6,0.8,9.5,113.0,0.0,0.0,China
Beijing,CN,2006-02-06,12:00:00,1139202000,-2.7,-5.0,-0.3,21.3,359.0,4.3,3.22,China
Beijing,CN,2006-02-07,12:00:00,1139288400,-4.5,-7.8,0.7,18.3,340.0,0.0,0.0,China
Beijing,CN,2006-02-08,12:00:00,1139374800,-5.6,-9.4,0.7,14.3,300.0,0.0,0.0,China
Beijing,CN,2006-02-09,12:00:00,1139461200,-6.0,-13.7,2.8,13.0,248.0,0.0,0.0,China
Beijing,CN,2006-02-10,12:00:00,1139547600,-1.2,-7.9,8.4,11.9,309.0,0.0,0.0,China
Beijing,CN,2006-02-11,12:00:00,1139634000,-0.4,-4.4,5.1,11.7,116.0,0.0,0.0,China
Beijing,CN,2006-02-12,12:00:00,1139720400,0.2,-6.2,7.5,11.9,117.0,0.0,0.0,China
Beijing,CN,2006-02-13,12:00:00,1139806800,1.3,-3.5,7.2,8.0,34.0,0.0,0.0,China
Beijing,CN,2006-02-14,12:00:00,1139893200,3.5,-2.8,12.9,12.1,330.0,0.0,0.0,China
Beijing,CN,2006-02-15,12:00:00,1139979600,-0.4,-4.4,5.6,15.6,47.0,0.0,0.0,China
Beijing,CN,2006-02-16,12:00:00,1140066000,-1.0,-4.3,3.0,21.2,317.0,0.0,0.0,China
Beijing,CN,2006-02-17,12:00:00,1140152400,-0.6,-6.6,6.6,13.8,247.0,0.0,0.0,China
Beijing,CN,2006-02-18,12:00:00,1140238800,0.9,-5.5,10.2,11.3,250.0,0.0,0.0,China
Beijing,CN,2006-02-19,12:00:00,1140325200,2.2,-4.6,11.8,13.5,208.0,0.0,0.0,China
Beijing,CN,2006-02-20,12:00:00,1140411600,3.7,-3.1,11.1,11.2,124.0,0.0,0.0,China
Beijing,CN,2006-02-21,12:00:00,1140498000,2.7,-3.8,9.3,24.8,342.0,0.0,0.0,China
Beijing,CN,2006-02-22,12:00:00,1140584400,-0.5,-5.5,6.0,16.3,225.0,0.0,0.0,China
Beijing,CN,2006-02-23,12:00:00,1140670800,0.5,-5.1,7.4,14.3,90.0,0.0,0.0,China
Beijing,CN,2006-02-24,12:00:00,1140757200,-1.0,-5.4,4.1,9.5,72.0,1.5,0.84,China
Beijing,CN,2006-02-25,12:00:00,1140843600,1.4,-2.9,8.1,12.5,19.0,0.0,0.0,China
Beijing,CN,2006-02-26,12:00:00,1140930000,-1.7,-6.3,3.6,11.3,313.0,0.0,0.0,China
Beijing,CN,2006-02-27,12:00:00,1141016400,-0.5,-4.0,3.6,8.8,130.0,0.0,0.0,China
Beijing,CN,2006-02-28,12:00:00,1141102800,-0.5,-4.5,5.4,13.1,203.0,0.0,0.14,China
Beijing,CN,2006-03-01,12:00:00,1141189200,0.8,-4.9,8.8,18.7,302.0,0.0,0.0,China
Beijing,CN,2006-03-02,12:00:00,1141275600,1.1,-4.8,8.7,10.7,288.0,0.0,0.0,China
Beijing,CN,2006-03-03,12:00:00,1141362000,2.0,-4.3,9.1,8.6,107.0,0.0,0.0,China
Beijing,CN,2006-03-04,12:00:00,1141448400,6.4,-2.4,16.6,11.9,264.0,0.0,0.0,China
Beijing,CN,2006-03-05,12:00:00,1141534800,5.9,-2.3,15.0,11.5,58.0,0.0,0.0,China
Beijing,CN,2006-03-06,12:00:00,1141621200,2.9,-3.1,8.1,15.0,180.0,0.0,0.0,China
Beijing,CN,2006-03-07,12:00:00,1141707600,5.7,-3.5,16.3,12.8,92.0,0.0,0.0,China
Beijing,CN,2006-03-08,12:00:00,1141794000,4.3,-1.0,10.3,14.3,113.0,0.0,0.0,China
Beijing,CN,2006-03-09,12:00:00,1141880400,5.7,0.9,12.1,15.3,151.0,0.0,0.0,China
Beijing,CN,2006-03-10,12:00:00,1141966800,7.2,-0.0,14.2,15.2,332.0,0.6,0.0,China
Beijing,CN,2006-03-11,12:00:00,1142053200,2.2,-2.1,6.6,23.5,346.0,0.6,0.35,China
Beijing,CN,2006-03-12,12:00:00,1142139600,-0.9,-5.2,5.3,26.3,318.0,0.0,0.0,China
Beijing,CN,2006-03-13,12:00:00,1142226000,2.2,-5.0,10.6,22.0,287.0,0.0,0.0,China
Beijing,CN,2006-03-14,12:00:00,1142312400,6.5,-3.5,17.3,13.8,237.0,0.0,0.0,China
Beijing,CN,2006-03-15,12:00:00,1142398800,9.0,1.1,17.5,11.5,300.0,0.0,0.0,China
Beijing,CN,2006-03-16,12:00:00,1142485200,10.0,-0.9,21.3,13.9,243.0,0.0,0.0,China
Beijing,CN,2006-03-17,12:00:00,1142571600,11.6,6.5,18.6,25.8,214.0,0.0,0.0,China
Beijing,CN,2006-03-18,12:00:00,1142658000,9.0,2.5,14.6,24.6,320.0,0.0,0.0,China
Beijing,CN,2006-03-19,12:00:00,1142744400,7.5,0.1,15.5,12.8,141.0,0.0,0.0,China
Beijing,CN,2006-03-20,12:00:00,1142830800,9.8,0.3,19.4,12.8,206.0,0.0,0.0,China
Beijing,CN,2006-03-21,12:00:00,1142917200,10.1,0.4,18.6,13.4,168.0,0.0,0.0,China
Beijing,CN,2006-03-22,12:00:00,1143003600,11.4,6.2,18.0,24.3,322.0,0.0,0.0,China
Beijing,CN,2006-03-23,12:00:00,1143090000,7.7,-1.0,15.0,17.6,211.0,0.0,0.0,China
Beijing,CN,2006-03-24,12:00:00,1143176400,10.8,2.5,21.4,20.2,261.0,0.0,0.0,China
Beijing,CN,2006-03-25,12:00:00,1143262800,8.8,3.5,14.9,19.8,354.0,0.0,0.0,China
Beijing,CN,2006-03-26,12:00:00,1143349200,6.5,1.4,12.6,19.9,152.0,0.0,0.0,China
Beijing,CN,2006-03-27,12:00:00,1143435600,5.0,-1.1,10.0,29.3,327.0,0.0,0.0,China
Beijing,CN,2006-03-28,12:00:00,1143522000,6.1,-3.7,15.0,19.4,243.0,0.0,0.0,China
Beijing,CN,2006-03-29,12:00:00,1143608400,10.4,-0.6,20.7,16.5,63.0,0.0,0.0,China
Beijing,CN,2006-03-30,12:00:00,1143694800,8.0,0.3,16.5,15.9,145.0,0.0,0.0,China
Beijing,CN,2006-03-31,12:00:00,1143781200,10.2,1.0,19.3,7.9,47.0,0.0,0.0,China
Beijing,CN,2006-04-01,12:00:00,1143867600,13.3,8.4,19.7,15.7,25.0,0.9,0.0,China
Beijing,CN,2006-04-02,12:00:00,1143954000,14.3,4.4,26.7,14.8,205.0,0.0,0.0,China
Beijing,CN,2006-04-03,12:00:00,1144040400,15.7,5.2,25.0,8.1,49.0,0.0,0.0,China
Beijing,CN,2006-04-04,12:00:00,1144126800,15.9,10.1,22.3,12.8,22.0,0.0,0.0,China
Beijing,CN,2006-04-05,12:00:00,1144213200,10.0,4.8,15.4,20.4,155.0,0.0,0.0,China
Beijing,CN,2006-04-06,12:00:00,1144299600,7.1,2.6,12.6,9.0,102.0,1.1,0.07,China
Beijing,CN,2006-04-07,12:00:00,1144386000,12.2,1.1,22.0,22.2,319.0,0.0,0.0,China
Beijing,CN,2006-04-08,12:00:00,1144472400,9.6,4.1,15.5,17.6,105.0,0.0,0.0,China
Beijing,CN,2006-04-09,12:00:00,1144558800,11.6,4.2,19.1,9.0,132.0,0.0,0.0,China
Beijing,CN,2006-04-10,12:00:00,1144645200,13.5,5.9,21.7,13.6,117.0,0.0,0.0,China
Beijing,CN,2006-04-11,12:00:00,1144731600,13.1,6.0,20.7,28.5,3.0,0.0,0.0,China
Beijing,CN,2006-04-12,12:00:00,1144818000,8.9,4.6,14.0,18.7,335.0,0.0,0.0,China
Beijing,CN,2006-04-13,12:00:00,1144904400,10.1,-0.7,18.2,16.7,232.0,0.0,0.0,China
Beijing,CN,2006-04-14,12:00:00,1144990800,13.4,5.9,20.8,18.9,182.0,0.0,0.0,China
Beijing,CN,2006-04-15,12:00:00,1145077200,11.3,5.1,17.6,24.0,6.0,0.0,0.0,China
Beijing,CN,2006-04-16,12:00:00,1145163600,8.7,1.0,15.8,16.1,132.0,0.2,0.0,China
Beijing,CN,2006-04-17,12:00:00,1145250000,13.4,4.7,22.8,13.0,126.0,0.0,0.0,China
Beijing,CN,2006-04-18,12:00:00,1145336400,12.4,6.1,18.9,24.8,287.0,1.3,0.0,China
Beijing,CN,2006-04-19,12:00:00,1145422800,11.4,6.2,17.4,34.6,327.0,0.0,0.0,China
Beijing,CN,2006-04-20,12:00:00,1145509200,11.3,1.3,19.5,15.8,235.0,0.0,0.0,China
Beijing,CN,2006-04-21,12:00:00,1145595600,14.6,7.4,22.4,16.1,185.0,0.0,0.0,China
Beijing,CN,2006-04-22,12:00:00,1145682000,16.1,9.6,22.5,23.0,317.0,0.0,0.0,China
Beijing,CN,2006-04-23,12:00:00,1145768400,12.7,4.6,19.8,23.6,300.0,0.0,0.0,China
Beijing,CN,2006-04-24,12:00:00,1145854800,13.9,2.0,23.8,13.8,193.0,0.0,0.0,China
Beijing,CN,2006-04-25,12:00:00,1145941200,13.8,7.0,19.9,10.8,92.0,0.0,0.0,China
Beijing,CN,2006-04-26,12:00:00,1146027600,13.9,6.6,22.8,18.0,45.0,3.0,0.0,China
Beijing,CN,2006-04-27,12:00:00,1146114000,14.6,5.2,22.4,18.4,197.0,0.0,0.0,China
Beijing,CN,2006-04-28,12:00:00,1146200400,16.4,6.9,24.5,10.7,120.0,0.0,0.0,China
Beijing,CN,2006-04-29,12:00:00,1146286800,19.0,10.3,28.0,10.2,131.0,0.0,0.0,China
Beijing,CN,2006-04-30,12:00:00,1146373200,21.4,12.1,32.1,20.9,117.0,0.0,0.0,China
Beijing,CN,2006-05-01,12:00:00,1146459600,19.7,13.2,27.7,18.6,116.0,0.0,0.0,China
Beijing,CN,2006-05-02,12:00:00,1146546000,17.9,10.0,25.4,19.4,166.0,0.0,0.0,China
Beijing,CN,2006-05-03,12:00:00,1146632400,20.3,10.8,28.6,15.5,145.0,0.0,0.0,China
Beijing,CN,2006-05-04,12:00:00,1146718800,20.6,16.6,28.0,10.3,86.0,0.9,0.0,China
Beijing,CN,2006-05-05,12:00:00,1146805200,20.9,15.5,27.1,20.3,59.0,0.0,0.0,China
Beijing,CN,2006-05-06,12:00:00,1146891600,19.3,12.1,25.5,11.8,199.0,0.0,0.0,China
Beijing,CN,2006-05-07,12:00:00,1146978000,22.3,14.0,29.9,17.3,160.0,0.0,0.0,China
Beijing,CN,2006-05-08,12:00:00,1147064400,19.7,17.2,24.8,15.2,21.0,1.5,0.0,China
Beijing,CN,2006-05-09,12:00:00,1147150800,15.9,13.1,17.5,10.0,36.0,14.4,0.0,China
Beijing,CN,2006-05-10,12:00:00,1147237200,17.4,12.4,23.0,19.6,347.0,0.0,0.0,China
Beijing,CN,2006-05-11,12:00:00,1147323600,16.2,8.3,23.1,8.4,259.0,0.7,0.0,China
Beijing,CN,2006-05-12,12:00:00,1147410000,14.5,11.3,17.6,16.1,205.0,0.0,0.0,China
Beijing,CN,2006-05-13,12:00:00,1147496400,18.9,11.0,26.9,21.1,312.0,0.0,0.0,China
Beijing,CN,2006-05-14,12:00:00,1147582800,21.3,9.4,30.7,13.7,246.0,0.0,0.0,China
Beijing,CN,2006-05-15,12:00:00,1147669200,23.7,14.5,33.3,17.1,185.0,0.0,0.0,China
Beijing,CN,2006-05-16,12:00:00,1147755600,25.5,16.2,34.2,20.5,189.0,1.1,0.0,China
Beijing,CN,2006-05-17,12:00:00,1147842000,22.9,17.2,29.7,20.6,41.0,1.0,0.0,China
Beijing,CN,2006-05-18,12:00:00,1147928400,23.4,13.9,32.5,11.0,113.0,0.0,0.0,China
Beijing,CN,2006-05-19,12:00:00,1148014800,21.8,17.2,27.5,20.5,95.0,0.0,0.0,China
Beijing,CN,2006-05-20,12:00:00,1148101200,20.1,16.6,26.3,13.2,140.0,0.7,0.0,China
Beijing,CN,2006-05-21,12:00:00,1148187600,18.2,15.0,23.3,10.3,168.0,1.3,0.0,China
Beijing,CN,2006-05-22,12:00:00,1148274000,22.7,12.2,32.6,18.5,231.0,0.0,0.0,China
Beijing,CN,2006-05-23,12:00:00,1148360400,24.2,14.6,34.4,24.3,126.0,0.0,0.0,China
Beijing,CN,2006-05-24,12:00:00,1148446800,22.8,15.5,31.3,12.8,73.0,3.2,0.0,China
Beijing,CN,2006-05-25,12:00:00,1148533200,19.2,17.2,21.9,10.9,26.0,17.7,0.0,China
Beijing,CN,2006-05-26,12:00:00,1148619600,16.9,12.8,21.6,11.3,82.0,30.2,0.0,China
Beijing,CN,2006-05-27,12:00:00,1148706000,16.4,13.6,21.2,20.9,334.0,34.0,0.0,China
Beijing,CN,2006-05-28,12:00:00,1148792400,19.9,9.6,29.1,11.5,267.0,0.0,0.0,China
Beijing,CN,2006-05-29,12:00:00,1148878800,21.9,14.1,29.3,16.2,174.0,0.0,0.0,China
Beijing,CN,2006-05-30,12:00:00,1148965200,23.9,16.5,30.2,10.3,134.0,0.0,0.0,China
Beijing,CN,2006-05-31,12:00:00,1149051600,24.5,19.9,29.7,11.0,151.0,0.0,0.0,China
Beijing,CN,2006-06-01,12:00:00,1149138000,25.2,19.0,31.6,18.5,178.0,0.0,0.0,China
Beijing,CN,2006-06-02,12:00:00,1149224400,23.1,18.5,27.9,9.4,61.0,1.6,0.0,China
Beijing,CN,2006-06-03,12:00:00,1149310800,22.8,19.1,27.2,8.2,138.0,0.2,0.0,China
Beijing,CN,2006-06-04,12:00:00,1149397200,24.2,17.3,30.3,7.6,54.0,0.0,0.0,China
Beijing,CN,2006-06-05,12:00:00,1149483600,26.1,20.4,32.9,13.6,198.0,0.0,0.0,China
Beijing,CN,2006-06-06,12:00:00,1149570000,26.5,19.3,32.8,20.0,206.0,0.0,0.0,China
Beijing,CN,2006-06-07,12:00:00,1149656400,25.1,18.5,29.9,17.4,298.0,2.4,0.0,China
Beijing,CN,2006-06-08,12:00:00,1149742800,23.5,14.6,31.6,21.7,285.0,0.0,0.0,China
Beijing,CN,2006-06-09,12:00:00,1149829200,22.3,16.3,27.2,21.9,327.0,0.5,0.0,China
Beijing,CN,2006-06-10,12:00:00,1149915600,22.7,14.1,29.0,14.8,334.0,0.0,0.0,China
Beijing,CN,2006-06-11,12:00:00,1150002000,25.7,17.2,33.6,16.3,200.0,0.0,0.0,China
Beijing,CN,2006-06-12,12:00:00,1150088400,26.6,18.7,34.0,16.7,140.0,4.8,0.0,China
Beijing,CN,2006-06-13,12:00:00,1150174800,21.6,19.3,24.7,19.8,358.0,5.2,0.0,China
Beijing,CN,2006-06-14,12:00:00,1150261200,22.7,14.4,31.0,9.9,288.0,0.2,0.0,China
Beijing,CN,2006-06-15,12:00:00,1150347600,24.7,15.7,32.9,10.7,32.0,0.0,0.0,China
Beijing,CN,2006-06-16,12:00:00,1150434000,26.4,18.4,34.4,13.8,22.0,0.0,0.0,China
Beijing,CN,2006-06-17,12:00:00,1150520400,26.3,16.2,34.2,9.7,269.0,0.0,0.0,China
Beijing,CN,2006-06-18,12:00:00,1150606800,29.6,20.3,37.1,14.4,203.0,0.0,0.0,China
Beijing,CN,2006-06-19,12:00:00,1150693200,30.0,24.9,35.5,15.8,20.0,0.0,0.0,China
Beijing,CN,2006-06-20,12:00:00,1150779600,27.6,23.2,31.7,7.7,233.0,0.0,0.0,China
Beijing,CN,2006-06-21,12:00:00,1150866000,28.9,20.1,37.2,14.8,197.0,0.0,0.0,China
Beijing,CN,2006-06-22,12:00:00,1150952400,30.0,23.2,36.9,19.3,194.0,0.0,0.0,China
Beijing,CN,2006-06-23,12:00:00,1151038800,30.7,23.1,37.9,18.6,188.0,0.0,0.0,China
Beijing,CN,2006-06-24,12:00:00,1151125200,30.3,24.3,36.4,20.5,174.0,0.3,0.0,China
Beijing,CN,2006-06-25,12:00:00,1151211600,26.5,22.2,32.2,11.2,101.0,4.0,0.0,China
Beijing,CN,2006-06-26,12:00:00,1151298000,27.5,20.4,34.0,10.5,176.0,0.0,0.0,China
Beijing,CN,2006-06-27,12:00:00,1151384400,30.0,22.7,36.9,12.2,109.0,0.0,0.0,China
Beijing,CN,2006-06-28,12:00:00,1151470800,24.9,22.3,27.6,13.6,102.0,21.6,0.0,China
Beijing,CN,2006-06-29,12:00:00,1151557200,23.6,21.3,27.4,13.0,62.0,25.3,0.0,China
Beijing,CN,2006-06-30,12:00:00,1151643600,24.7,21.3,29.5,10.2,92.0,10.2,0.0,China
Beijing,CN,2006-07-01,12:00:00,1151730000,24.2,21.1,27.1,12.7,7.0,0.0,0.0,China
Beijing,CN,2006-07-02,12:00:00,1151816400,25.7,19.3,31.5,7.3,169.0,0.0,0.0,China
Beijing,CN,2006-07-03,12:00:00,1151902800,26.3,21.5,31.3,8.9,124.0,0.0,0.0,China
Beijing,CN,2006-07-04,12:00:00,1151989200,26.8,20.2,32.3,8.1,155.0,0.0,0.0,China
Beijing,CN,2006-07-05,12:00:00,1152075600,27.1,22.8,32.6,11.8,93.0,0.8,0.0,China
Beijing,CN,2006-07-06,12:00:00,1152162000,27.2,22.2,32.2,9.8,90.0,0.0,0.0,China
Beijing,CN,2006-07-07,12:00:00,1152248400,27.2,21.7,32.1,14.1,159.0,0.0,0.0,China
Beijing,CN,2006-07-08,12:00:00,1152334800,28.1,23.0,32.6,13.6,147.0,0.2,0.0,China
Beijing,CN,2006-07-09,12:00:00,1152421200,28.0,24.4,33.6,12.6,137.0,1.1,0.0,China
Beijing,CN,2006-07-10,12:00:00,1152507600,26.3,23.6,32.0,10.6,130.0,14.8,0.0,China
Beijing,CN,2006-07-11,12:00:00,1152594000,27.2,21.9,33.0,11.1,172.0,0.0,0.0,China
Beijing,CN,2006-07-12,12:00:00,1152680400,28.6,24.2,33.5,17.9,157.0,23.6,0.0,China
Beijing,CN,2006-07-13,12:00:00,1152766800,27.8,23.1,31.9,10.5,152.0,1.0,0.0,China
Beijing,CN,2006-07-14,12:00:00,1152853200,26.6,24.2,30.5,11.2,100.0,13.3,0.0,China
Beijing,CN,2006-07-15,12:00:00,1152939600,28.0,24.4,32.6,13.0,94.0,0.6,0.0,China
Beijing,CN,2006-07-16,12:00:00,1153026000,27.6,24.3,32.4,13.5,94.0,1.3,0.0,China
Beijing,CN,2006-07-17,12:00:00,1153112400,26.2,22.2,30.7,16.9,117.0,0.2,0.0,China
Beijing,CN,2006-07-18,12:00:00,1153198800,21.6,21.0,23.7,10.5,87.0,9.3,0.0,China
Beijing,CN,2006-07-19,12:00:00,1153285200,23.5,19.5,27.6,6.4,182.0,0.0,0.0,China
Beijing,CN,2006-07-20,12:00:00,1153371600,27.0,22.2,32.0,16.7,195.0,0.0,0.0,China
Beijing,CN,2006-07-21,12:00:00,1153458000,28.3,23.5,34.0,19.0,340.0,0.0,0.0,China
Beijing,CN,2006-07-22,12:00:00,1153544400,26.9,22.9,31.3,13.8,5.0,0.0,0.0,China
Beijing,CN,2006-07-23,12:00:00,1153630800,25.9,20.4,31.5,12.2,149.0,5.1,0.0,China
Beijing,CN,2006-07-24,12:00:00,1153717200,22.8,20.5,27.2,9.9,47.0,9.4,0.0,China
Beijing,CN,2006-07-25,12:00:00,1153803600,20.7,19.5,22.3,12.0,38.0,12.6,0.0,China
Beijing,CN,2006-07-26,12:00:00,1153890000,20.9,19.0,23.4,6.6,14.0,13.1,0.0,China
Beijing,CN,2006-07-27,12:00:00,1153976400,23.6,19.3,27.9,7.9,106.0,0.0,0.0,China
Beijing,CN,2006-07-28,12:00:00,1154062800,25.1,21.6,29.3,7.6,122.0,0.7,0.0,China
Beijing,CN,2006-07-29,12:00:00,1154149200,27.2,23.1,31.6,13.3,155.0,1.6,0.0,China
Beijing,CN,2006-07-30,12:00:00,1154235600,27.2,24.0,31.8,7.8,117.0,20.9,0.0,China
Beijing,CN,2006-07-31,12:00:00,1154322000,25.3,22.5,28.3,10.0,347.0,4.0,0.0,China
Beijing,CN,2006-08-01,12:00:00,1154408400,26.1,19.7,32.5,6.6,279.0,0.6,0.0,China
Beijing,CN,2006-08-02,12:00:00,1154494800,25.1,20.3,30.1,8.4,317.0,0.2,0.0,China
Beijing,CN,2006-08-03,12:00:00,1154581200,24.6,20.9,29.4,9.4,126.0,9.6,0.0,China
Beijing,CN,2006-08-04,12:00:00,1154667600,23.7,21.6,27.8,9.7,123.0,21.6,0.0,China
Beijing,CN,2006-08-05,12:00:00,1154754000,25.5,21.5,29.5,12.8,164.0,0.4,0.0,China
Beijing,CN,2006-08-06,12:00:00,1154840400,26.6,22.4,30.9,14.6,171.0,0.9,0.0,China
Beijing,CN,2006-08-07,12:00:00,1154926800,27.3,23.2,31.7,10.8,170.0,0.0,0.0,China
Beijing,CN,2006-08-08,12:00:00,1155013200,27.5,23.7,31.4,11.2,134.0,0.9,0.0,China
Beijing,CN,2006-08-09,12:00:00,1155099600,26.6,23.9,30.1,10.6,128.0,10.5,0.0,China
Beijing,CN,2006-08-10,12:00:00,1155186000,26.0,23.6,29.7,10.0,120.0,8.4,0.0,China
Beijing,CN,2006-08-11,12:00:00,1155272400,27.5,24.3,31.3,11.2,166.0,1.3,0.0,China
Beijing,CN,2006-08-12,12:00:00,1155358800,28.6,25.3,32.0,7.2,184.0,0.9,0.0,China
Beijing,CN,2006-08-13,12:00:00,1155445200,25.4,23.0,28.2,16.6,2.0,13.6,0.0,China
Beijing,CN,2006-08-14,12:00:00,1155531600,24.3,21.5,27.3,6.2,244.0,0.4,0.0,China
Beijing,CN,2006-08-15,12:00:00,1155618000,25.9,20.1,31.9,8.6,191.0,0.0,0.0,China
Beijing,CN,2006-08-16,12:00:00,1155704400,26.1,21.0,31.2,6.5,122.0,0.3,0.0,China
Beijing,CN,2006-08-17,12:00:00,1155790800,26.1,22.4,30.1,9.4,118.0,0.3,0.0,China
Beijing,CN,2006-08-18,12:00:00,1155877200,26.8,21.9,31.4,6.6,173.0,0.0,0.0,China
Beijing,CN,2006-08-19,12:00:00,1155963600,27.0,19.6,33.0,8.0,214.0,0.0,0.0,China
Beijing,CN,2006-08-20,12:00:00,1156050000,27.6,23.4,32.8,20.2,355.0,0.0,0.0,China
Beijing,CN,2006-08-21,12:00:00,1156136400,24.9,19.9,30.1,9.2,237.0,0.0,0.0,China
Beijing,CN,2006-08-22,12:00:00,1156222800,22.4,17.6,27.2,15.9,203.0,0.0,0.0,China
Beijing,CN,2006-08-23,12:00:00,1156309200,24.0,17.3,30.9,9.3,179.0,0.0,0.0,China
Beijing,CN,2006-08-24,12:00:00,1156395600,26.7,20.2,32.8,9.4,127.0,0.0,0.0,China
Beijing,CN,2006-08-25,12:00:00,1156482000,24.2,21.5,29.0,7.7,103.0,14.3,0.0,China
Beijing,CN,2006-08-26,12:00:00,1156568400,22.9,20.7,26.0,8.4,321.0,30.5,0.0,China
Beijing,CN,2006-08-27,12:00:00,1156654800,25.1,18.8,31.6,9.0,206.0,0.0,0.0,China
Beijing,CN,2006-08-28,12:00:00,1156741200,26.0,20.9,30.6,10.4,61.0,1.0,0.0,China
Beijing,CN,2006-08-29,12:00:00,1156827600,24.1,21.4,27.7,11.7,67.0,8.5,0.0,China
Beijing,CN,2006-08-30,12:00:00,1156914000,22.4,20.1,25.3,5.8,222.0,1.2,0.0,China
Beijing,CN,2006-08-31,12:00:00,1157000400,23.2,17.3,28.6,8.0,225.0,0.0,0.0,China
Beijing,CN,2006-09-01,12:00:00,1157086800,24.5,19.5,29.2,7.6,140.0,0.0,0.0,China
Beijing,CN,2006-09-02,12:00:00,1157173200,24.4,20.1,28.1,11.1,133.0,0.0,0.0,China
Beijing,CN,2006-09-03,12:00:00,1157259600,23.7,21.3,27.7,19.7,325.0,0.0,0.0,China
Beijing,CN,2006-09-04,12:00:00,1157346000,20.5,15.7,24.6,15.8,346.0,0.0,0.0,China
Beijing,CN,2006-09-05,12:00:00,1157432400,19.6,14.4,25.4,13.1,201.0,0.0,0.0,China
Beijing,CN,2006-09-06,12:00:00,1157518800,21.3,14.1,29.4,14.1,183.0,0.0,0.0,China
Beijing,CN,2006-09-07,12:00:00,1157605200,20.7,15.4,24.8,17.0,103.0,1.0,0.0,China
Beijing,CN,2006-09-08,12:00:00,1157691600,17.7,13.5,21.9,26.9,336.0,1.5,0.0,China
Beijing,CN,2006-09-09,12:00:00,1157778000,15.5,10.1,20.7,25.4,309.0,0.0,0.0,China
Beijing,CN,2006-09-10,12:00:00,1157864400,19.1,10.7,27.7,12.5,201.0,0.0,0.0,China
Beijing,CN,2006-09-11,12:00:00,1157950800,21.3,13.7,30.0,9.3,207.0,0.0,0.0,China
Beijing,CN,2006-09-12,12:00:00,1158037200,22.1,15.5,29.3,10.1,169.0,0.1,0.0,China
Beijing,CN,2006-09-13,12:00:00,1158123600,22.0,13.3,29.2,8.9,199.0,0.0,0.0,China
Beijing,CN,2006-09-14,12:00:00,1158210000,21.8,16.7,27.1,13.7,129.0,0.2,0.0,China
Beijing,CN,2006-09-15,12:00:00,1158296400,21.2,16.7,26.4,9.2,114.0,0.0,0.0,China
Beijing,CN,2006-09-16,12:00:00,1158382800,21.5,15.2,27.8,7.5,277.0,0.0,0.0,China
Beijing,CN,2006-09-17,12:00:00,1158469200,22.9,14.9,31.0,9.5,287.0,0.0,0.0,China
Beijing,CN,2006-09-18,12:00:00,1158555600,24.0,15.0,33.5,8.8,309.0,0.0,0.0,China
Beijing,CN,2006-09-19,12:00:00,1158642000,23.1,15.3,30.7,8.7,105.0,0.0,0.0,China
Beijing,CN,2006-09-20,12:00:00,1158728400,22.7,16.6,28.7,7.6,94.0,0.0,0.0,China
Beijing,CN,2006-09-21,12:00:00,1158814800,22.5,14.2,29.3,6.6,62.0,0.0,0.0,China
Beijing,CN,2006-09-22,12:00:00,1158901200,22.3,14.1,29.3,8.7,125.0,0.0,0.0,China
Beijing,CN,2006-09-23,12:00:00,1158987600,22.4,14.6,29.3,9.1,154.0,0.0,0.0,China
Beijing,CN,2006-09-24,12:00:00,1159074000,23.1,17.1,29.1,17.7,193.0,0.9,0.0,China
Beijing,CN,2006-09-25,12:00:00,1159160400,20.3,18.2,24.6,9.7,139.0,6.0,0.0,China
Beijing,CN,2006-09-26,12:00:00,1159246800,19.6,13.7,26.1,11.9,341.0,0.0,0.0,China
Beijing,CN,2006-09-27,12:00:00,1159333200,19.4,13.2,26.2,11.3,191.0,0.0,0.0,China
Beijing,CN,2006-09-28,12:00:00,1159419600,20.3,12.7,27.6,14.4,3.0,0.0,0.0,China
Beijing,CN,2006-09-29,12:00:00,1159506000,19.5,11.1,26.9,8.3,26.0,0.0,0.0,China
Beijing,CN,2006-09-30,12:00:00,1159592400,19.9,13.7,26.7,12.8,164.0,0.0,0.0,China
Beijing,CN,2006-10-01,12:00:00,1159678800,21.0,13.4,29.3,9.6,227.0,0.0,0.0,China
Beijing,CN,2006-10-02,12:00:00,1159765200,21.8,14.4,30.7,10.8,211.0,0.0,0.0,China
Beijing,CN,2006-10-03,12:00:00,1159851600,21.9,13.8,29.7,11.5,354.0,0.0,0.0,China
Beijing,CN,2006-10-04,12:00:00,1159938000,21.1,12.5,29.5,7.9,345.0,0.0,0.0,China
Beijing,CN,2006-10-05,12:00:00,1160024400,20.8,12.9,28.6,10.8,148.0,0.2,0.0,China
Beijing,CN,2006-10-06,12:00:00,1160110800,21.6,13.8,29.6,16.3,171.0,0.0,0.0,China
Beijing,CN,2006-10-07,12:00:00,1160197200,20.3,15.5,25.8,15.5,11.0,0.0,0.0,China
Beijing,CN,2006-10-08,12:00:00,1160283600,14.4,12.7,16.1,9.8,74.0,11.0,0.0,China
Beijing,CN,2006-10-09,12:00:00,1160370000,16.2,10.3,22.5,9.7,139.0,0.0,0.0,China
Beijing,CN,2006-10-10,12:00:00,1160456400,18.1,10.9,25.7,12.3,46.0,11.7,0.0,China
Beijing,CN,2006-10-11,12:00:00,1160542800,14.7,11.2,18.6,12.9,118.0,0.6,0.0,China
Beijing,CN,2006-10-12,12:00:00,1160629200,15.2,9.3,21.8,8.3,110.0,0.0,0.0,China
Beijing,CN,2006-10-13,12:00:00,1160715600,17.0,13.5,21.9,7.6,55.0,0.3,0.0,China
Beijing,CN,2006-10-14,12:00:00,1160802000,17.1,12.6,23.7,15.5,49.0,0.2,0.0,China
Beijing,CN,2006-10-15,12:00:00,1160888400,17.9,14.7,23.0,5.7,83.0,0.0,0.0,China
Beijing,CN,2006-10-16,12:00:00,1160974800,19.0,15.1,25.6,19.4,11.0,0.2,0.0,China
Beijing,CN,2006-10-17,12:00:00,1161061200,13.4,8.8,17.9,11.4,121.0,0.0,0.0,China
Beijing,CN,2006-10-18,12:00:00,1161147600,14.1,8.5,20.0,11.0,164.0,0.0,0.0,China
Beijing,CN,2006-10-19,12:00:00,1161234000,15.6,9.4,22.2,14.7,44.0,0.0,0.0,China
Beijing,CN,2006-10-20,12:00:00,1161320400,14.0,11.2,16.1,8.9,120.0,0.0,0.0,China
Beijing,CN,2006-10-21,12:00:00,1161406800,14.0,11.6,16.6,7.1,47.0,8.3,0.0,China
Beijing,CN,2006-10-22,12:00:00,1161493200,12.6,9.8,16.8,21.8,6.0,0.0,0.0,China
Beijing,CN,2006-10-23,12:00:00,1161579600,10.4,4.3,16.8,9.8,129.0,0.0,0.0,China
Beijing,CN,2006-10-24,12:00:00,1161666000,10.3,6.7,14.5,7.3,134.0,0.2,0.0,China
Beijing,CN,2006-10-25,12:00:00,1161752400,10.8,5.6,16.7,12.9,70.0,0.0,0.0,China
Beijing,CN,2006-10-26,12:00:00,1161838800,8.8,4.2,14.8,9.6,132.0,0.0,0.0,China
Beijing,CN,2006-10-27,12:00:00,1161925200,10.3,3.9,15.5,7.1,94.0,0.0,0.0,China
Beijing,CN,2006-10-28,12:00:00,1162011600,12.3,4.1,21.7,10.2,308.0,0.0,0.0,China
Beijing,CN,2006-10-29,12:00:00,1162098000,12.0,3.7,20.1,7.9,31.0,0.0,0.0,China
Beijing,CN,2006-10-30,12:00:00,1162184400,12.4,5.1,20.4,9.1,162.0,0.0,0.0,China
Beijing,CN,2006-10-31,12:00:00,1162270800,13.7,5.3,22.1,8.9,359.0,0.0,0.0,China
Beijing,CN,2006-11-01,12:00:00,1162357200,12.1,5.9,18.9,8.3,68.0,0.0,0.0,China
Beijing,CN,2006-11-02,12:00:00,1162443600,11.9,4.4,20.3,10.3,337.0,0.0,0.0,China
Beijing,CN,2006-11-03,12:00:00,1162530000,12.3,4.2,21.2,10.4,167.0,0.0,0.0,China
Beijing,CN,2006-11-04,12:00:00,1162616400,11.1,5.3,17.9,31.1,322.0,0.0,0.0,China
Beijing,CN,2006-11-05,12:00:00,1162702800,5.5,1.3,10.3,30.2,301.0,0.0,0.0,China
Beijing,CN,2006-11-06,12:00:00,1162789200,2.3,-3.3,8.1,22.4,315.0,0.0,0.0,China
Beijing,CN,2006-11-07,12:00:00,1162875600,6.7,-1.6,16.9,13.4,200.0,0.0,0.0,China
Beijing,CN,2006-11-08,12:00:00,1162962000,9.7,2.2,19.1,16.0,326.0,0.0,0.0,China
Beijing,CN,2006-11-09,12:00:00,1163048400,7.6,3.5,13.9,9.0,99.0,0.0,0.0,China
Beijing,CN,2006-11-10,12:00:00,1163134800,5.0,1.1,11.9,8.0,10.0,0.0,0.0,China
Beijing,CN,2006-11-11,12:00:00,1163221200,4.3,-3.5,12.4,9.7,61.0,0.0,0.0,China
Beijing,CN,2006-11-12,12:00:00,1163307600,6.1,0.0,13.7,9.0,45.0,0.0,0.0,China
Beijing,CN,2006-11-13,12:00:00,1163394000,7.9,3.2,13.7,16.1,337.0,0.0,0.0,China
Beijing,CN,2006-11-14,12:00:00,1163480400,6.0,-1.8,14.3,19.1,249.0,0.0,0.0,China
Beijing,CN,2006-11-15,12:00:00,1163566800,6.5,-1.1,15.0,9.3,261.0,0.0,0.0,China
Beijing,CN,2006-11-16,12:00:00,1163653200,4.8,-0.3,10.9,7.9,43.0,0.0,0.0,China
Beijing,CN,2006-11-17,12:00:00,1163739600,5.7,1.8,11.0,6.6,35.0,0.0,0.0,China
Beijing,CN,2006-11-18,12:00:00,1163826000,5.6,-0.5,12.1,9.0,30.0,0.0,0.0,China
Beijing,CN,2006-11-19,12:00:00,1163912400,5.3,-0.7,12.1,9.8,136.0,0.0,0.0,China
Beijing,CN,2006-11-20,12:00:00,1163998800,5.6,-0.3,12.4,9.4,103.0,0.0,0.0,China
Beijing,CN,2006-11-21,12:00:00,1164085200,5.6,-0.4,14.1,11.6,45.0,0.0,0.0,China
Beijing,CN,2006-11-22,12:00:00,1164171600,1.6,-0.9,3.5,10.5,128.0,0.0,0.0,China
Beijing,CN,2006-11-23,12:00:00,1164258000,0.9,-2.1,4.6,6.9,124.0,0.0,0.0,China
Beijing,CN,2006-11-24,12:00:00,1164344400,1.8,-1.8,5.9,6.9,137.0,0.0,0.0,China
Beijing,CN,2006-11-25,12:00:00,1164430800,1.9,-0.2,5.3,3.9,55.0,0.7,0.7,China
Beijing,CN,2006-11-26,12:00:00,1164517200,3.7,-2.8,10.3,16.2,0.0,0.0,0.0,China
Beijing,CN,2006-11-27,12:00:00,1164603600,1.0,-2.3,4.5,8.1,248.0,0.0,0.0,China
Beijing,CN,2006-11-28,12:00:00,1164690000,-0.1,-4.3,6.2,13.0,305.0,0.0,0.0,China
Beijing,CN,2006-11-29,12:00:00,1164776400,-0.1,-3.8,6.1,9.6,281.0,0.0,0.0,China
Beijing,CN,2006-11-30,12:00:00,1164862800,-0.5,-5.0,6.7,12.2,293.0,0.0,0.0,China
Beijing,CN,2006-12-01,12:00:00,1164949200,-1.5,-5.5,4.6,21.0,324.0,0.0,0.0,China
Beijing,CN,2006-12-02,12:00:00,1165035600,-3.0,-6.8,2.9,15.0,313.0,0.0,0.0,China
Beijing,CN,2006-12-03,12:00:00,1165122000,-1.6,-4.9,5.0,9.2,251.0,0.0,0.0,China
Beijing,CN,2006-12-04,12:00:00,1165208400,-1.4,-4.6,5.1,14.6,283.0,0.0,0.0,China
Beijing,CN,2006-12-05,12:00:00,1165294800,-2.0,-6.1,2.2,13.4,61.0,0.0,0.0,China
Beijing,CN,2006-12-06,12:00:00,1165381200,-0.5,-3.2,4.1,14.1,42.0,0.0,0.0,China
Beijing,CN,2006-12-07,12:00:00,1165467600,-1.0,-5.6,3.1,15.5,356.0,0.0,0.0,China
Beijing,CN,2006-12-08,12:00:00,1165554000,-1.9,-5.6,1.9,9.5,165.0,0.0,0.0,China
Beijing,CN,2006-12-09,12:00:00,1165640400,-2.2,-5.7,3.7,11.0,300.0,0.0,0.0,China
Beijing,CN,2006-12-10,12:00:00,1165726800,-1.7,-5.3,3.8,10.6,167.0,0.0,0.0,China
Beijing,CN,2006-12-11,12:00:00,1165813200,-1.2,-5.1,4.3,8.2,89.0,0.0,0.0,China
Beijing,CN,2006-12-12,12:00:00,1165899600,-0.9,-5.1,6.8,9.0,311.0,0.0,0.0,China
Beijing,CN,2006-12-13,12:00:00,1165986000,-1.3,-5.8,6.4,9.3,283.0,0.0,0.0,China
Beijing,CN,2006-12-14,12:00:00,1166072400,-1.0,-4.8,5.4,10.1,139.0,0.0,0.0,China
Beijing,CN,2006-12-15,12:00:00,1166158800,-1.2,-4.8,5.8,9.2,316.0,0.0,0.0,China
Beijing,CN,2006-12-16,12:00:00,1166245200,-4.4,-7.1,-2.6,28.6,328.0,0.0,0.0,China
Beijing,CN,2006-12-17,12:00:00,1166331600,-5.9,-9.0,-1.6,10.8,110.0,0.0,0.0,China
Beijing,CN,2006-12-18,12:00:00,1166418000,-4.1,-8.5,0.7,6.1,64.0,0.0,0.0,China
Beijing,CN,2006-12-19,12:00:00,1166504400,-2.0,-5.1,3.2,8.3,103.0,0.0,0.0,China
Beijing,CN,2006-12-20,12:00:00,1166590800,-1.4,-5.0,5.6,9.9,296.0,0.0,0.0,China
Beijing,CN,2006-12-21,12:00:00,1166677200,-1.2,-4.4,6.3,9.8,291.0,0.0,0.0,China
Beijing,CN,2006-12-22,12:00:00,1166763600,-1.0,-5.5,5.7,9.4,47.0,0.0,0.0,China
Beijing,CN,2006-12-23,12:00:00,1166850000,-0.8,-5.2,5.4,9.2,52.0,0.0,0.0,China
Beijing,CN,2006-12-24,12:00:00,1166936400,-1.2,-5.1,4.2,6.4,62.0,0.0,0.0,China
Beijing,CN,2006-12-25,12:00:00,1167022800,-1.4,-6.0,5.1,6.9,21.0,0.0,0.0,China
Beijing,CN,2006-12-26,12:00:00,1167109200,-0.7,-3.9,5.3,10.8,18.0,0.0,0.0,China
Beijing,CN,2006-12-27,12:00:00,1167195600,-3.1,-6.9,1.9,15.8,329.0,0.0,0.0,China
Beijing,CN,2006-12-28,12:00:00,1167282000,-5.0,-7.9,-0.3,9.7,8.0,0.0,0.0,China
Beijing,CN,2006-12-29,12:00:00,1167368400,-3.8,-7.3,0.5,5.5,83.0,0.0,0.0,China
Beijing,CN,2006-12-30,12:00:00,1167454800,-2.8,-3.8,-0.6,7.2,81.0,3.4,2.66,China
Beijing,CN,2006-12-31,12:00:00,1167541200,-3.5,-5.6,-0.3,6.2,111.0,0.0,0.0,China
Beijing,CN,2007-01-01,12:00:00,1167627600,-4.0,-8.7,3.8,9.9,305.0,0.0,0.0,China
Beijing,CN,2007-01-02,12:00:00,1167714000,-4.4,-9.7,2.7,9.0,336.0,0.0,0.0,China
Beijing,CN,2007-01-03,12:00:00,1167800400,-4.1,-9.5,3.1,9.0,318.0,0.0,0.0,China
Beijing,CN,2007-01-04,12:00:00,1167886800,-3.9,-9.8,2.9,8.7,161.0,0.0,0.0,China
Beijing,CN,2007-01-05,12:00:00,1167973200,-2.8,-7.9,3.9,23.0,295.0,0.0,0.0,China
Beijing,CN,2007-01-06,12:00:00,1168059600,-3.2,-6.3,1.2,24.6,315.0,0.0,0.0,China
Beijing,CN,2007-01-07,12:00:00,1168146000,-3.7,-7.6,3.6,10.9,310.0,0.0,0.0,China
Beijing,CN,2007-01-08,12:00:00,1168232400,-2.6,-6.2,3.3,10.7,282.0,0.0,0.0,China
Beijing,CN,2007-01-09,12:00:00,1168318800,-2.0,-5.4,3.1,7.9,71.0,0.0,0.0,China
Beijing,CN,2007-01-10,12:00:00,1168405200,-3.2,-5.8,1.3,9.8,133.0,0.0,0.0,China
Beijing,CN,2007-01-11,12:00:00,1168491600,-4.5,-8.6,1.7,10.4,322.0,0.0,0.0,China
Beijing,CN,2007-01-12,12:00:00,1168578000,-4.4,-9.5,2.8,9.3,325.0,0.0,0.0,China
Beijing,CN,2007-01-13,12:00:00,1168664400,-3.2,-8.8,4.1,10.5,339.0,0.0,0.0,China
Beijing,CN,2007-01-14,12:00:00,1168750800,-2.2,-7.7,4.0,8.8,48.0,0.0,0.0,China
Beijing,CN,2007-01-15,12:00:00,1168837200,-2.2,-7.7,5.6,6.8,355.0,0.0,0.0,China
Beijing,CN,2007-01-16,12:00:00,1168923600,-2.1,-7.2,5.6,10.3,301.0,0.0,0.0,China
Beijing,CN,2007-01-17,12:00:00,1169010000,-0.9,-6.3,8.1,12.2,302.0,0.0,0.0,China
Beijing,CN,2007-01-18,12:00:00,1169096400,-1.4,-5.2,4.7,10.8,24.0,0.0,0.0,China
Beijing,CN,2007-01-19,12:00:00,1169182800,-2.0,-6.0,3.6,7.9,76.0,0.0,0.0,China
Beijing,CN,2007-01-20,12:00:00,1169269200,-2.2,-7.2,5.0,8.0,353.0,0.0,0.0,China
Beijing,CN,2007-01-21,12:00:00,1169355600,-1.8,-6.3,4.9,13.9,351.0,0.0,0.0,China
Beijing,CN,2007-01-22,12:00:00,1169442000,-1.9,-5.1,3.0,7.1,52.0,0.0,0.0,China
Beijing,CN,2007-01-23,12:00:00,1169528400,-2.4,-8.1,5.1,10.6,335.0,0.0,0.0,China
Beijing,CN,2007-01-24,12:00:00,1169614800,-1.5,-5.1,3.9,9.6,85.0,0.0,0.0,China
Beijing,CN,2007-01-25,12:00:00,1169701200,-2.9,-7.2,2.9,11.4,350.0,0.0,0.0,China
Beijing,CN,2007-01-26,12:00:00,1169787600,-2.2,-6.2,3.2,12.4,320.0,0.0,0.0,China
Beijing,CN,2007-01-27,12:00:00,1169874000,-2.9,-7.9,4.4,15.6,336.0,0.0,0.0,China
Beijing,CN,2007-01-28,12:00:00,1169960400,-2.5,-7.7,4.6,11.9,221.0,0.0,0.0,China
Beijing,CN,2007-01-29,12:00:00,1170046800,-0.3,-5.1,7.8,26.8,329.0,0.0,0.0,China
Beijing,CN,2007-01-30,12:00:00,1170133200,-1.2,-6.3,5.4,12.1,253.0,0.0,0.0,China
Beijing,CN,2007-01-31,12:00:00,1170219600,-2.3,-5.9,1.5,21.3,353.0,0.0,0.0,China
Beijing,CN,2007-02-01,12:00:00,1170306000,-2.3,-5.9,3.4,10.1,171.0,0.0,0.0,China
Beijing,CN,2007-02-02,12:00:00,1170392400,0.5,-3.5,7.4,10.5,125.0,0.0,0.0,China
Beijing,CN,2007-02-03,12:00:00,1170478800,2.2,-4.7,11.8,16.0,314.0,0.0,0.0,China
Beijing,CN,2007-02-04,12:00:00,1170565200,1.4,-3.2,8.9,10.8,150.0,0.0,0.0,China
Beijing,CN,2007-02-05,12:00:00,1170651600,2.3,-4.2,13.2,10.9,341.0,0.0,0.0,China
Beijing,CN,2007-02-06,12:00:00,1170738000,2.6,-3.4,9.5,10.4,38.0,0.0,0.0,China
Beijing,CN,2007-02-07,12:00:00,1170824400,2.0,-1.8,7.6,6.2,32.0,0.1,0.0,China
Beijing,CN,2007-02-08,12:00:00,1170910800,2.7,-2.6,10.1,10.3,283.0,0.0,0.0,China
Beijing,CN,2007-02-09,12:00:00,1170997200,3.1,-4.9,13.4,19.6,296.0,0.0,0.0,China
Beijing,CN,2007-02-10,12:00:00,1171083600,1.9,-3.9,9.6,12.7,302.0,0.0,0.0,China
Beijing,CN,2007-02-11,12:00:00,1171170000,1.6,-4.1,9.6,11.7,229.0,0.0,0.0,China
Beijing,CN,2007-02-12,12:00:00,1171256400,3.9,-2.8,11.4,8.4,110.0,0.0,0.0,China
Beijing,CN,2007-02-13,12:00:00,1171342800,3.0,-3.0,9.7,31.7,322.0,0.0,0.0,China
Beijing,CN,2007-02-14,12:00:00,1171429200,0.2,-5.1,7.1,11.6,267.0,0.0,0.0,China
Beijing,CN,2007-02-15,12:00:00,1171515600,0.9,-3.4,7.5,10.1,131.0,0.0,0.0,China
Beijing,CN,2007-02-16,12:00:00,1171602000,1.9,-4.2,8.6,8.0,83.0,0.0,0.0,China
Beijing,CN,2007-02-17,12:00:00,1171688400,2.8,-4.0,10.4,15.9,14.0,0.0,0.0,China
Beijing,CN,2007-02-18,12:00:00,1171774800,2.3,-2.1,8.7,12.0,167.0,0.0,0.0,China
Beijing,CN,2007-02-19,12:00:00,1171861200,4.1,-2.5,11.7,8.7,92.0,0.0,0.0,China
Beijing,CN,2007-02-20,12:00:00,1171947600,5.1,-3.1,14.6,10.6,115.0,0.0,0.0,China
Beijing,CN,2007-02-21,12:00:00,1172034000,5.2,-1.7,13.6,11.2,89.0,0.0,0.0,China
Beijing,CN,2007-02-22,12:00:00,1172120400,4.8,-1.0,12.1,22.3,334.0,0.0,0.0,China
Beijing,CN,2007-02-23,12:00:00,1172206800,2.1,-4.6,9.0,9.5,107.0,0.0,0.0,China
Beijing,CN,2007-02-24,12:00:00,1172293200,2.2,-2.9,8.5,7.7,79.0,0.0,0.0,China
Beijing,CN,2007-02-25,12:00:00,1172379600,2.8,-1.9,8.7,10.0,96.0,0.0,0.0,China
Beijing,CN,2007-02-26,12:00:00,1172466000,5.4,1.3,9.6,7.0,31.0,0.0,0.0,China
Beijing,CN,2007-02-27,12:00:00,1172552400,6.4,4.0,9.7,6.5,66.0,0.0,0.0,China
Beijing,CN,2007-02-28,12:00:00,1172638800,6.2,-0.5,11.2,6.4,87.0,0.0,0.0,China
Beijing,CN,2007-03-01,12:00:00,1172725200,5.5,3.4,7.1,8.8,27.0,0.7,0.0,China
Beijing,CN,2007-03-02,12:00:00,1172811600,8.2,3.7,13.7,7.2,123.0,0.0,0.0,China
Beijing,CN,2007-03-03,12:00:00,1172898000,4.5,1.9,5.8,9.5,50.0,16.2,0.28,China
Beijing,CN,2007-03-04,12:00:00,1172984400,1.3,-1.9,3.6,28.0,347.0,16.2,9.17,China
Beijing,CN,2007-03-05,12:00:00,1173070800,-5.0,-9.7,0.0,24.3,333.0,0.0,0.0,China
Beijing,CN,2007-03-06,12:00:00,1173157200,-3.4,-8.8,2.4,17.6,252.0,0.0,0.0,China
Beijing,CN,2007-03-07,12:00:00,1173243600,0.3,-5.3,8.0,15.6,281.0,0.0,0.0,China
Beijing,CN,2007-03-08,12:00:00,1173330000,1.6,-5.1,10.1,12.4,204.0,0.0,0.0,China
Beijing,CN,2007-03-09,12:00:00,1173416400,4.0,-2.2,12.2,16.3,23.0,0.1,0.0,China
Beijing,CN,2007-03-10,12:00:00,1173502800,0.5,-4.5,5.1,24.0,306.0,0.0,0.0,China
Beijing,CN,2007-03-11,12:00:00,1173589200,1.3,-6.1,9.4,13.3,253.0,0.0,0.0,China
Beijing,CN,2007-03-12,12:00:00,1173675600,3.7,-3.3,10.9,9.1,99.0,0.0,0.0,China
Beijing,CN,2007-03-13,12:00:00,1173762000,4.4,-2.6,12.1,9.4,91.0,0.0,0.0,China
Beijing,CN,2007-03-14,12:00:00,1173848400,5.6,-1.4,13.0,8.0,78.0,0.0,0.0,China
Beijing,CN,2007-03-15,12:00:00,1173934800,4.0,-0.7,10.3,10.5,146.0,0.0,0.0,China
Beijing,CN,2007-03-16,12:00:00,1174021200,4.5,-0.5,10.2,9.5,208.0,0.0,0.0,China
Beijing,CN,2007-03-17,12:00:00,1174107600,5.3,-1.1,12.7,11.5,192.0,0.0,0.0,China
Beijing,CN,2007-03-18,12:00:00,1174194000,4.1,-0.9,8.3,6.7,64.0,3.2,0.0,China
Beijing,CN,2007-03-19,12:00:00,1174280400,4.8,3.2,7.7,9.2,95.0,1.7,0.0,China
Beijing,CN,2007-03-20,12:00:00,1174366800,5.8,0.9,11.6,11.5,170.0,0.0,0.0,China
Beijing,CN,2007-03-21,12:00:00,1174453200,7.1,-1.4,15.0,9.2,85.0,0.0,0.0,China
Beijing,CN,2007-03-22,12:00:00,1174539600,8.1,1.1,15.8,9.9,107.0,0.0,0.0,China
Beijing,CN,2007-03-23,12:00:00,1174626000,9.0,3.9,14.1,6.8,62.0,0.6,0.0,China
Beijing,CN,2007-03-24,12:00:00,1174712400,10.7,3.2,19.4,14.9,281.0,0.0,0.0,China
Beijing,CN,2007-03-25,12:00:00,1174798800,8.7,1.1,16.9,14.8,117.0,0.0,0.0,China
Beijing,CN,2007-03-26,12:00:00,1174885200,10.2,1.6,20.9,20.3,313.0,0.0,0.0,China
Beijing,CN,2007-03-27,12:00:00,1174971600,7.7,0.3,15.2,14.8,121.0,0.0,0.0,China
Beijing,CN,2007-03-28,12:00:00,1175058000,9.6,3.3,17.1,18.1,162.0,0.6,0.0,China
Beijing,CN,2007-03-29,12:00:00,1175144400,9.9,5.7,16.2,18.8,92.0,3.8,0.0,China
Beijing,CN,2007-03-30,12:00:00,1175230800,7.6,4.1,11.2,12.4,145.0,1.7,0.0,China
Beijing,CN,2007-03-31,12:00:00,1175317200,10.6,3.5,17.7,25.4,300.0,0.0,0.0,China
Beijing,CN,2007-04-01,12:00:00,1175403600,10.0,5.8,15.2,23.5,325.0,0.3,0.0,China
Beijing,CN,2007-04-02,12:00:00,1175490000,7.8,2.8,13.2,24.2,330.0,0.0,0.0,China
Beijing,CN,2007-04-03,12:00:00,1175576400,8.6,-1.5,18.8,16.8,284.0,0.0,0.0,China
Beijing,CN,2007-04-04,12:00:00,1175662800,7.6,-0.0,15.4,11.9,105.0,0.0,0.0,China
Beijing,CN,2007-04-05,12:00:00,1175749200,8.5,3.3,14.8,7.6,34.0,0.2,0.0,China
Beijing,CN,2007-04-06,12:00:00,1175835600,10.1,0.5,19.8,10.2,326.0,0.0,0.0,China
Beijing,CN,2007-04-07,12:00:00,1175922000,10.8,3.0,17.8,16.5,339.0,0.0,0.0,China
Beijing,CN,2007-04-08,12:00:00,1176008400,10.9,0.9,19.2,12.8,271.0,0.0,0.0,China
Beijing,CN,2007-04-09,12:00:00,1176094800,12.9,5.5,21.6,15.5,117.0,0.0,0.0,China
Beijing,CN,2007-04-10,12:00:00,1176181200,12.4,7.9,18.1,15.6,158.0,0.0,0.0,China
Beijing,CN,2007-04-11,12:00:00,1176267600,11.2,3.8,17.7,8.0,67.0,0.0,0.0,China
Beijing,CN,2007-04-12,12:00:00,1176354000,10.6,6.6,15.0,19.4,24.0,3.5,0.0,China
Beijing,CN,2007-04-13,12:00:00,1176440400,12.9,2.8,21.4,20.0,240.0,0.0,0.0,China
Beijing,CN,2007-04-14,12:00:00,1176526800,13.5,8.6,18.8,16.8,5.0,0.0,0.0,China
Beijing,CN,2007-04-15,12:00:00,1176613200,10.6,4.9,16.0,10.9,208.0,0.0,0.0,China
Beijing,CN,2007-04-16,12:00:00,1176699600,11.3,4.6,17.7,10.9,194.0,0.0,0.0,China
Beijing,CN,2007-04-17,12:00:00,1176786000,12.4,3.0,21.1,12.6,258.0,0.0,0.0,China
Beijing,CN,2007-04-18,12:00:00,1176872400,15.5,7.9,24.5,13.3,199.0,0.0,0.0,China
Beijing,CN,2007-04-19,12:00:00,1176958800,17.1,8.9,25.5,11.5,99.0,0.0,0.0,China
Beijing,CN,2007-04-20,12:00:00,1177045200,17.7,10.6,24.7,21.9,333.0,0.0,0.0,China
Beijing,CN,2007-04-21,12:00:00,1177131600,14.2,8.0,20.6,15.1,354.0,4.0,0.0,China
Beijing,CN,2007-04-22,12:00:00,1177218000,14.2,7.7,20.0,13.8,344.0,0.0,0.0,China
Beijing,CN,2007-04-23,12:00:00,1177304400,14.2,8.3,19.3,13.0,241.0,0.0,0.0,China
Beijing,CN,2007-04-24,12:00:00,1177390800,15.3,5.1,24.2,15.6,304.0,0.0,0.0,China
Beijing,CN,2007-04-25,12:00:00,1177477200,17.2,6.4,25.9,18.1,327.0,0.0,0.0,China
Beijing,CN,2007-04-26,12:00:00,1177563600,16.4,7.3,24.1,13.6,101.0,0.0,0.0,China
Beijing,CN,2007-04-27,12:00:00,1177650000,15.8,8.6,22.8,10.2,236.0,0.0,0.0,China
Beijing,CN,2007-04-28,12:00:00,1177736400,20.1,10.1,29.3,19.7,220.0,0.0,0.0,China
Beijing,CN,2007-04-29,12:00:00,1177822800,23.2,14.0,31.9,16.1,206.0,0.0,0.0,China
Beijing,CN,2007-04-30,12:00:00,1177909200,20.0,13.8,27.2,18.7,176.0,2.8,0.0,China
Beijing,CN,2007-05-01,12:00:00,1177995600,18.9,10.8,26.6,12.8,258.0,0.0,0.0,China
Beijing,CN,2007-05-02,12:00:00,1178082000,21.0,11.2,29.2,10.4,310.0,0.0,0.0,China
Beijing,CN,2007-05-03,12:00:00,1178168400,22.6,12.8,30.6,13.0,301.0,0.0,0.0,China
Beijing,CN,2007-05-04,12:00:00,1178254800,22.9,12.7,33.0,18.3,59.0,0.0,0.0,China
Beijing,CN,2007-05-05,12:00:00,1178341200,21.9,16.7,27.8,22.7,6.0,0.0,0.0,China
Beijing,CN,2007-05-06,12:00:00,1178427600,23.3,11.9,32.5,16.1,247.0,0.0,0.0,China
Beijing,CN,2007-05-07,12:00:00,1178514000,25.9,16.5,33.9,19.5,341.0,0.0,0.0,China
Beijing,CN,2007-05-08,12:00:00,1178600400,20.4,14.4,26.1,18.7,103.0,0.5,0.0,China
Beijing,CN,2007-05-09,12:00:00,1178686800,18.5,11.0,24.9,11.6,311.0,0.0,0.0,China
Beijing,CN,2007-05-10,12:00:00,1178773200,21.0,12.3,28.2,20.6,183.0,0.0,0.0,China
Beijing,CN,2007-05-11,12:00:00,1178859600,21.5,15.8,28.9,19.9,264.0,3.7,0.0,China
Beijing,CN,2007-05-12,12:00:00,1178946000,21.4,15.5,27.5,31.3,301.0,0.0,0.0,China
Beijing,CN,2007-05-13,12:00:00,1179032400,23.2,13.2,33.2,16.6,305.0,0.0,0.0,China
Beijing,CN,2007-05-14,12:00:00,1179118800,23.6,12.5,32.7,18.7,167.0,0.0,0.0,China
Beijing,CN,2007-05-15,12:00:00,1179205200,22.4,15.4,30.4,20.1,28.0,0.8,0.0,China
Beijing,CN,2007-05-16,12:00:00,1179291600,22.9,15.4,29.5,25.8,330.0,0.1,0.0,China
Beijing,CN,2007-05-17,12:00:00,1179378000,20.6,15.9,25.3,34.8,329.0,0.5,0.0,China
Beijing,CN,2007-05-18,12:00:00,1179464400,20.1,14.3,26.0,19.1,338.0,0.0,0.0,China
Beijing,CN,2007-05-19,12:00:00,1179550800,21.0,9.6,29.7,11.7,220.0,0.0,0.0,China
Beijing,CN,2007-05-20,12:00:00,1179637200,21.9,16.4,28.9,25.8,338.0,0.4,0.0,China
Beijing,CN,2007-05-21,12:00:00,1179723600,22.8,14.1,31.0,11.5,150.0,0.0,0.0,China
Beijing,CN,2007-05-22,12:00:00,1179810000,19.2,18.1,20.7,13.5,52.0,36.4,0.0,China
Beijing,CN,2007-05-23,12:00:00,1179896400,20.9,17.5,25.5,13.0,49.0,2.6,0.0,China
Beijing,CN,2007-05-24,12:00:00,1179982800,22.6,15.2,29.8,15.7,246.0,0.0,0.0,China
Beijing,CN,2007-05-25,12:00:00,1180069200,21.9,13.2,30.2,25.2,280.0,0.0,0.0,China
Beijing,CN,2007-05-26,12:00:00,1180155600,24.4,13.1,34.9,19.0,120.0,0.0,0.0,China
Beijing,CN,2007-05-27,12:00:00,1180242000,24.1,16.2,31.8,14.6,59.0,0.0,0.0,China
Beijing,CN,2007-05-28,12:00:00,1180328400,23.2,14.7,31.6,16.9,273.0,0.0,0.0,China
Beijing,CN,2007-05-29,12:00:00,1180414800,23.9,15.5,31.6,14.7,219.0,0.0,0.0,China
Beijing,CN,2007-05-30,12:00:00,1180501200,25.3,18.9,32.8,12.3,181.0,0.0,0.0,China
Beijing,CN,2007-05-31,12:00:00,1180587600,21.1,18.5,24.0,21.7,181.0,4.8,0.0,China
Beijing,CN,2007-06-01,12:00:00,1180674000,20.9,17.8,24.5,14.4,165.0,0.1,0.0,China
Beijing,CN,2007-06-02,12:00:00,1180760400,23.3,18.7,28.6,14.8,172.0,0.0,0.0,China
Beijing,CN,2007-06-03,12:00:00,1180846800,24.6,18.6,30.6,13.7,178.0,0.0,0.0,China
Beijing,CN,2007-06-04,12:00:00,1180933200,25.5,18.5,31.8,14.7,255.0,0.0,0.0,China
Beijing,CN,2007-06-05,12:00:00,1181019600,27.1,16.9,35.9,11.7,171.0,0.0,0.0,China
Beijing,CN,2007-06-06,12:00:00,1181106000,29.4,21.7,37.3,9.4,161.0,0.0,0.0,China
Beijing,CN,2007-06-07,12:00:00,1181192400,29.6,21.0,37.5,12.7,100.0,0.1,0.0,China
Beijing,CN,2007-06-08,12:00:00,1181278800,29.9,21.9,38.2,14.5,151.0,0.0,0.0,China
Beijing,CN,2007-06-09,12:00:00,1181365200,29.2,22.2,36.9,11.9,154.0,0.0,0.0,China
Beijing,CN,2007-06-10,12:00:00,1181451600,29.6,20.4,37.7,15.6,156.0,0.0,0.0,China
Beijing,CN,2007-06-11,12:00:00,1181538000,30.4,23.6,37.3,20.0,167.0,0.0,0.0,China
Beijing,CN,2007-06-12,12:00:00,1181624400,28.3,21.3,36.5,11.9,95.0,2.1,0.0,China
Beijing,CN,2007-06-13,12:00:00,1181710800,25.0,21.9,28.9,17.0,6.0,2.9,0.0,China
Beijing,CN,2007-06-14,12:00:00,1181797200,26.5,19.7,32.5,10.9,18.0,0.0,0.0,China
Beijing,CN,2007-06-15,12:00:00,1181883600,26.4,18.0,33.9,14.0,139.0,0.0,0.0,China
Beijing,CN,2007-06-16,12:00:00,1181970000,27.0,19.0,34.6,17.6,131.0,0.0,0.0,China
Beijing,CN,2007-06-17,12:00:00,1182056400,27.8,20.3,34.7,14.8,145.0,0.0,0.0,China
Beijing,CN,2007-06-18,12:00:00,1182142800,27.1,22.0,31.5,9.2,110.0,0.0,0.0,China
Beijing,CN,2007-06-19,12:00:00,1182229200,24.6,21.0,28.3,6.8,149.0,0.0,0.0,China
Beijing,CN,2007-06-20,12:00:00,1182315600,25.3,20.8,32.2,10.7,177.0,0.0,0.0,China
Beijing,CN,2007-06-21,12:00:00,1182402000,27.9,21.8,33.7,15.8,201.0,0.0,0.0,China
Beijing,CN,2007-06-22,12:00:00,1182488400,28.7,23.3,34.8,15.0,193.0,0.0,0.0,China
Beijing,CN,2007-06-23,12:00:00,1182574800,28.0,22.9,33.1,10.1,176.0,0.0,0.0,China
Beijing,CN,2007-06-24,12:00:00,1182661200,28.3,21.9,35.0,11.3,108.0,0.4,0.0,China
Beijing,CN,2007-06-25,12:00:00,1182747600,30.8,24.1,37.4,18.0,201.0,0.0,0.0,China
Beijing,CN,2007-06-26,12:00:00,1182834000,31.6,23.7,39.1,15.9,154.0,1.1,0.0,China
Beijing,CN,2007-06-27,12:00:00,1182920400,26.4,22.9,29.9,14.2,97.0,41.4,0.0,China
Beijing,CN,2007-06-28,12:00:00,1183006800,26.6,20.9,31.9,9.7,199.0,0.0,0.0,China
Beijing,CN,2007-06-29,12:00:00,1183093200,25.4,23.0,28.0,9.2,125.0,4.7,0.0,China
Beijing,CN,2007-06-30,12:00:00,1183179600,22.7,21.3,25.3,9.7,58.0,11.7,0.0,China
Beijing,CN,2007-07-01,12:00:00,1183266000,25.7,20.6,31.3,15.1,28.0,1.2,0.0,China
Beijing,CN,2007-07-02,12:00:00,1183352400,27.0,21.1,32.9,16.6,172.0,0.0,0.0,China
Beijing,CN,2007-07-03,12:00:00,1183438800,27.0,22.2,32.4,13.2,132.0,7.2,0.0,China
Beijing,CN,2007-07-04,12:00:00,1183525200,26.5,21.6,31.4,7.0,78.0,1.4,0.0,China
Beijing,CN,2007-07-05,12:00:00,1183611600,28.4,21.9,33.9,11.2,146.0,0.3,0.0,China
Beijing,CN,2007-07-06,12:00:00,1183698000,28.9,24.2,34.0,15.0,184.0,0.0,0.0,China
Beijing,CN,2007-07-07,12:00:00,1183784400,29.1,24.7,34.1,12.1,170.0,4.7,0.0,China
Beijing,CN,2007-07-08,12:00:00,1183870800,27.7,23.2,31.9,10.1,147.0,3.0,0.0,China
Beijing,CN,2007-07-09,12:00:00,1183957200,27.1,24.8,31.1,14.0,118.0,6.2,0.0,China
Beijing,CN,2007-07-10,12:00:00,1184043600,27.6,22.4,33.5,11.8,128.0,0.0,0.0,China
Beijing,CN,2007-07-11,12:00:00,1184130000,26.1,19.3,32.3,9.7,91.0,0.0,0.0,China
Beijing,CN,2007-07-12,12:00:00,1184216400,26.1,21.4,31.0,12.2,116.0,0.3,0.0,China
Beijing,CN,2007-07-13,12:00:00,1184302800,25.8,22.5,30.3,10.9,106.0,0.6,0.0,China
Beijing,CN,2007-07-14,12:00:00,1184389200,26.1,22.3,31.3,7.9,116.0,0.0,0.0,China
Beijing,CN,2007-07-15,12:00:00,1184475600,26.1,22.7,29.7,11.2,152.0,0.0,0.0,China
Beijing,CN,2007-07-16,12:00:00,1184562000,28.3,22.8,33.6,8.3,152.0,0.0,0.0,China
Beijing,CN,2007-07-17,12:00:00,1184648400,30.8,24.4,37.1,14.4,168.0,0.0,0.0,China
Beijing,CN,2007-07-18,12:00:00,1184734800,27.8,24.8,30.0,15.4,57.0,17.5,0.0,China
Beijing,CN,2007-07-19,12:00:00,1184821200,27.4,21.5,33.1,13.6,110.0,0.0,0.0,China
Beijing,CN,2007-07-20,12:00:00,1184907600,25.5,21.0,30.0,9.4,160.0,0.0,0.0,China
Beijing,CN,2007-07-21,12:00:00,1184994000,27.3,21.5,32.6,10.4,97.0,0.0,0.0,China
Beijing,CN,2007-07-22,12:00:00,1185080400,26.1,21.2,31.1,7.4,113.0,0.0,0.0,China
Beijing,CN,2007-07-23,12:00:00,1185166800,27.8,22.4,33.7,9.7,113.0,0.0,0.0,China
Beijing,CN,2007-07-24,12:00:00,1185253200,27.0,20.6,33.0,6.8,129.0,0.0,0.0,China
Beijing,CN,2007-07-25,12:00:00,1185339600,28.5,22.0,34.8,10.5,171.0,0.0,0.0,China
Beijing,CN,2007-07-26,12:00:00,1185426000,28.2,22.0,34.9,10.2,123.0,0.0,0.0,China
Beijing,CN,2007-07-27,12:00:00,1185512400,29.8,23.9,36.3,14.2,179.0,0.3,0.0,China
Beijing,CN,2007-07-28,12:00:00,1185598800,26.1,23.7,28.4,7.9,115.0,12.8,0.0,China
Beijing,CN,2007-07-29,12:00:00,1185685200,27.1,23.4,31.2,7.9,115.0,1.7,0.0,China
Beijing,CN,2007-07-30,12:00:00,1185771600,27.1,24.6,31.4,8.6,136.0,17.7,0.0,China
Beijing,CN,2007-07-31,12:00:00,1185858000,27.2,23.6,32.0,16.8,165.0,17.9,0.0,China
Beijing,CN,2007-08-01,12:00:00,1185944400,27.7,23.3,32.4,9.7,74.0,6.2,0.0,China
Beijing,CN,2007-08-02,12:00:00,1186030800,25.1,21.6,29.0,6.8,158.0,7.4,0.0,China
Beijing,CN,2007-08-03,12:00:00,1186117200,25.5,21.3,29.6,9.9,157.0,0.0,0.0,China
Beijing,CN,2007-08-04,12:00:00,1186203600,25.1,21.1,28.7,13.4,166.0,0.1,0.0,China
Beijing,CN,2007-08-05,12:00:00,1186290000,24.3,22.7,26.7,9.5,97.0,3.9,0.0,China
Beijing,CN,2007-08-06,12:00:00,1186376400,24.5,22.2,28.0,12.5,86.0,11.9,0.0,China
Beijing,CN,2007-08-07,12:00:00,1186462800,23.8,21.8,26.2,10.7,61.0,4.2,0.0,China
Beijing,CN,2007-08-08,12:00:00,1186549200,26.9,21.0,33.3,12.0,197.0,0.0,0.0,China
Beijing,CN,2007-08-09,12:00:00,1186635600,28.6,21.8,35.8,9.7,271.0,0.0,0.0,China
Beijing,CN,2007-08-10,12:00:00,1186722000,26.6,22.9,31.9,10.5,230.0,0.0,0.0,China
Beijing,CN,2007-08-11,12:00:00,1186808400,26.3,21.3,32.0,6.8,357.0,0.0,0.0,China
Beijing,CN,2007-08-12,12:00:00,1186894800,26.0,20.3,31.1,7.3,359.0,0.0,0.0,China
Beijing,CN,2007-08-13,12:00:00,1186981200,26.4,21.0,31.1,9.3,45.0,0.1,0.0,China
Beijing,CN,2007-08-14,12:00:00,1187067600,27.4,20.5,33.5,8.7,344.0,0.0,0.0,China
Beijing,CN,2007-08-15,12:00:00,1187154000,27.6,21.0,33.3,8.4,132.0,0.0,0.0,China
Beijing,CN,2007-08-16,12:00:00,1187240400,26.6,23.4,30.6,12.0,119.0,0.9,0.0,China
Beijing,CN,2007-08-17,12:00:00,1187326800,26.9,21.6,32.1,7.6,143.0,0.0,0.0,China
Beijing,CN,2007-08-18,12:00:00,1187413200,27.9,21.8,33.4,8.7,165.0,0.0,0.0,China
Beijing,CN,2007-08-19,12:00:00,1187499600,28.3,22.9,33.9,11.5,169.0,0.0,0.0,China
Beijing,CN,2007-08-20,12:00:00,1187586000,29.6,23.1,35.7,10.5,174.0,0.0,0.0,China
Beijing,CN,2007-08-21,12:00:00,1187672400,31.3,25.0,37.3,15.1,68.0,0.0,0.0,China
Beijing,CN,2007-08-22,12:00:00,1187758800,28.8,23.4,34.1,10.2,162.0,0.0,0.0,China
Beijing,CN,2007-08-23,12:00:00,1187845200,28.0,21.6,33.8,17.9,176.0,0.0,0.0,China
Beijing,CN,2007-08-24,12:00:00,1187931600,30.1,24.0,37.1,11.0,212.0,0.0,0.0,China
Beijing,CN,2007-08-25,12:00:00,1188018000,29.1,21.4,35.9,11.1,80.0,0.0,0.0,China
Beijing,CN,2007-08-26,12:00:00,1188104400,21.8,20.2,27.4,20.2,358.0,22.9,0.0,China
Beijing,CN,2007-08-27,12:00:00,1188190800,22.8,19.2,28.7,9.9,200.0,0.0,0.0,China
Beijing,CN,2007-08-28,12:00:00,1188277200,23.5,18.6,28.7,8.7,275.0,0.0,0.0,China
Beijing,CN,2007-08-29,12:00:00,1188363600,23.4,16.8,29.9,12.0,254.0,0.0,0.0,China
Beijing,CN,2007-08-30,12:00:00,1188450000,24.5,17.5,30.8,6.6,191.0,0.0,0.0,China
Beijing,CN,2007-08-31,12:00:00,1188536400,25.0,18.9,30.5,11.2,168.0,0.0,0.0,China
Beijing,CN,2007-09-01,12:00:00,1188622800,25.5,19.4,32.0,10.5,230.0,0.0,0.0,China
Beijing,CN,2007-09-02,12:00:00,1188709200,25.2,19.6,31.3,9.0,18.0,1.0,0.0,China
Beijing,CN,2007-09-03,12:00:00,1188795600,24.0,19.7,28.4,9.4,240.0,0.3,0.0,China
Beijing,CN,2007-09-04,12:00:00,1188882000,24.0,17.6,30.8,8.3,229.0,0.0,0.0,China
Beijing,CN,2007-09-05,12:00:00,1188968400,24.5,16.8,31.5,8.5,108.0,0.0,0.0,China
Beijing,CN,2007-09-06,12:00:00,1189054800,24.8,17.3,31.4,7.9,35.0,0.0,0.0,China
Beijing,CN,2007-09-07,12:00:00,1189141200,25.3,18.1,32.3,8.6,281.0,0.0,0.0,China
Beijing,CN,2007-09-08,12:00:00,1189227600,25.3,17.1,32.2,9.3,297.0,0.0,0.0,China
Beijing,CN,2007-09-09,12:00:00,1189314000,26.5,18.8,34.5,10.7,235.0,0.0,0.0,China
Beijing,CN,2007-09-10,12:00:00,1189400400,26.6,19.5,34.8,9.7,171.0,0.0,0.0,China
Beijing,CN,2007-09-11,12:00:00,1189486800,26.0,19.3,32.8,17.2,178.0,0.0,0.0,China
Beijing,CN,2007-09-12,12:00:00,1189573200,25.7,20.3,31.4,11.6,161.0,0.0,0.0,China
Beijing,CN,2007-09-13,12:00:00,1189659600,23.1,19.5,28.6,6.5,91.0,7.6,0.0,China
Beijing,CN,2007-09-14,12:00:00,1189746000,19.8,17.9,23.6,10.0,99.0,5.3,0.0,China
Beijing,CN,2007-09-15,12:00:00,1189832400,21.3,16.8,26.7,6.9,135.0,0.0,0.0,China
Beijing,CN,2007-09-16,12:00:00,1189918800,22.7,16.2,28.6,8.0,85.0,0.0,0.0,China
Beijing,CN,2007-09-17,12:00:00,1190005200,22.2,19.1,27.2,8.6,110.0,17.5,0.0,China
Beijing,CN,2007-09-18,12:00:00,1190091600,19.8,18.2,23.2,12.8,341.0,15.1,0.0,China
Beijing,CN,2007-09-19,12:00:00,1190178000,20.5,16.5,25.0,11.5,347.0,0.0,0.0,China
Beijing,CN,2007-09-20,12:00:00,1190264400,20.8,15.8,26.7,9.4,186.0,0.0,0.0,China
Beijing,CN,2007-09-21,12:00:00,1190350800,21.6,13.8,29.0,9.1,79.0,0.0,0.0,China
Beijing,CN,2007-09-22,12:00:00,1190437200,21.5,13.9,28.5,7.0,84.0,0.0,0.0,China
Beijing,CN,2007-09-23,12:00:00,1190523600,21.1,13.8,27.8,8.0,153.0,0.0,0.0,China
Beijing,CN,2007-09-24,12:00:00,1190610000,21.1,13.3,28.0,9.3,109.0,0.0,0.0,China
Beijing,CN,2007-09-25,12:00:00,1190696400,20.0,17.5,24.0,8.8,153.0,0.1,0.0,China
Beijing,CN,2007-09-26,12:00:00,1190782800,20.6,16.6,26.0,23.5,10.0,0.0,0.0,China
Beijing,CN,2007-09-27,12:00:00,1190869200,18.7,15.9,23.8,16.6,270.0,0.0,0.0,China
Beijing,CN,2007-09-28,12:00:00,1190955600,18.8,13.8,23.7,12.5,342.0,0.0,0.0,China
Beijing,CN,2007-09-29,12:00:00,1191042000,17.2,13.4,22.3,18.2,195.0,0.0,0.0,China
Beijing,CN,2007-09-30,12:00:00,1191128400,16.4,10.1,22.0,6.8,174.0,0.0,0.0,China
Beijing,CN,2007-10-01,12:00:00,1191214800,16.9,14.8,20.7,6.3,88.0,4.0,0.0,China
Beijing,CN,2007-10-02,12:00:00,1191301200,17.9,12.3,23.9,8.4,170.0,0.0,0.0,China
Beijing,CN,2007-10-03,12:00:00,1191387600,19.8,15.3,25.9,9.4,170.0,0.0,0.0,China
Beijing,CN,2007-10-04,12:00:00,1191474000,19.0,13.8,25.0,8.5,208.0,7.7,0.0,China
Beijing,CN,2007-10-05,12:00:00,1191560400,16.8,14.6,18.6,8.8,15.0,7.9,0.0,China
Beijing,CN,2007-10-06,12:00:00,1191646800,16.7,14.3,21.0,8.5,316.0,21.7,0.0,China
Beijing,CN,2007-10-07,12:00:00,1191733200,15.0,9.7,17.9,21.9,335.0,0.0,0.0,China
Beijing,CN,2007-10-08,12:00:00,1191819600,12.2,7.5,18.0,15.5,314.0,0.0,0.0,China
Beijing,CN,2007-10-09,12:00:00,1191906000,12.5,7.1,18.8,10.0,312.0,0.0,0.0,China
Beijing,CN,2007-10-10,12:00:00,1191992400,13.2,9.0,18.8,8.7,180.0,0.0,0.0,China
Beijing,CN,2007-10-11,12:00:00,1192078800,13.4,8.5,19.4,7.3,179.0,0.0,0.0,China
Beijing,CN,2007-10-12,12:00:00,1192165200,12.9,6.7,19.2,9.4,91.0,0.0,0.0,China
Beijing,CN,2007-10-13,12:00:00,1192251600,12.3,9.4,16.8,17.0,287.0,3.2,0.0,China
Beijing,CN,2007-10-14,12:00:00,1192338000,11.9,5.2,19.3,13.7,306.0,0.0,0.0,China
Beijing,CN,2007-10-15,12:00:00,1192424400,12.0,4.0,20.5,10.2,294.0,0.0,0.0,China
Beijing,CN,2007-10-16,12:00:00,1192510800,12.1,4.0,20.1,9.1,61.0,0.0,0.0,China
Beijing,CN,2007-10-17,12:00:00,1192597200,12.4,6.2,19.5,10.2,67.0,0.0,0.0,China
Beijing,CN,2007-10-18,12:00:00,1192683600,11.6,4.8,15.6,16.2,346.0,0.0,0.0,China
Beijing,CN,2007-10-19,12:00:00,1192770000,8.6,1.2,17.2,20.4,333.0,0.0,0.0,China
Beijing,CN,2007-10-20,12:00:00,1192856400,9.0,1.5,16.8,13.8,198.0,0.0,0.0,China
Beijing,CN,2007-10-21,12:00:00,1192942800,11.9,5.2,20.2,9.8,139.0,0.0,0.0,China
Beijing,CN,2007-10-22,12:00:00,1193029200,11.7,6.0,18.5,10.1,99.0,0.0,0.0,China
Beijing,CN,2007-10-23,12:00:00,1193115600,11.8,5.5,18.1,11.2,155.0,0.0,0.0,China
Beijing,CN,2007-10-24,12:00:00,1193202000,13.3,9.6,19.0,8.5,112.0,0.0,0.0,China
Beijing,CN,2007-10-25,12:00:00,1193288400,12.8,6.1,20.2,10.1,117.0,0.0,0.0,China
Beijing,CN,2007-10-26,12:00:00,1193374800,13.7,6.8,20.3,11.3,110.0,0.0,0.0,China
Beijing,CN,2007-10-27,12:00:00,1193461200,12.9,9.1,18.3,11.0,69.0,14.6,0.0,China
Beijing,CN,2007-10-28,12:00:00,1193547600,7.4,1.7,11.6,18.2,346.0,5.9,0.0,China
Beijing,CN,2007-10-29,12:00:00,1193634000,6.2,0.1,13.3,14.7,189.0,0.0,0.0,China
Beijing,CN,2007-10-30,12:00:00,1193720400,7.7,2.9,14.4,8.7,96.0,0.0,0.0,China
Beijing,CN,2007-10-31,12:00:00,1193806800,6.9,1.5,12.2,20.8,324.0,0.0,0.0,China
Beijing,CN,2007-11-01,12:00:00,1193893200,4.2,-1.9,11.0,19.1,271.0,0.0,0.0,China
Beijing,CN,2007-11-02,12:00:00,1193979600,6.2,-1.6,14.9,12.1,273.0,0.0,0.0,China
Beijing,CN,2007-11-03,12:00:00,1194066000,6.9,0.8,13.4,10.9,288.0,0.0,0.0,China
Beijing,CN,2007-11-04,12:00:00,1194152400,7.6,1.4,13.8,9.4,117.0,0.0,0.0,China
Beijing,CN,2007-11-05,12:00:00,1194238800,7.8,1.0,14.6,6.9,23.0,0.0,0.0,China
Beijing,CN,2007-11-06,12:00:00,1194325200,8.4,2.4,14.8,6.9,8.0,0.0,0.0,China
Beijing,CN,2007-11-07,12:00:00,1194411600,9.0,2.7,15.8,6.9,4.0,0.2,0.0,China
Beijing,CN,2007-11-08,12:00:00,1194498000,8.3,2.0,15.6,11.4,344.0,0.0,0.0,China
Beijing,CN,2007-11-09,12:00:00,1194584400,6.1,-0.7,13.3,8.4,355.0,0.0,0.0,China
Beijing,CN,2007-11-10,12:00:00,1194670800,5.3,-1.3,12.2,9.8,322.0,0.0,0.0,China
Beijing,CN,2007-11-11,12:00:00,1194757200,5.9,-1.2,12.3,8.0,122.0,0.0,0.0,China
Beijing,CN,2007-11-12,12:00:00,1194843600,6.4,1.7,12.7,7.2,92.0,0.1,0.0,China
Beijing,CN,2007-11-13,12:00:00,1194930000,6.4,2.2,10.6,10.7,26.0,0.0,0.0,China
Beijing,CN,2007-11-14,12:00:00,1195016400,5.0,1.4,7.1,13.9,43.0,2.5,0.0,China
Beijing,CN,2007-11-15,12:00:00,1195102800,-0.1,-3.3,3.5,9.4,90.0,0.0,0.0,China
Beijing,CN,2007-11-16,12:00:00,1195189200,0.1,-4.8,7.0,10.6,183.0,0.0,0.0,China
Beijing,CN,2007-11-17,12:00:00,1195275600,1.1,-4.7,9.3,18.5,339.0,0.0,0.0,China
Beijing,CN,2007-11-18,12:00:00,1195362000,0.3,-4.1,5.4,12.6,175.0,0.0,0.0,China
Beijing,CN,2007-11-19,12:00:00,1195448400,2.4,-1.8,9.3,27.2,296.0,0.0,0.0,China
Beijing,CN,2007-11-20,12:00:00,1195534800,1.9,-4.2,10.5,9.2,200.0,0.0,0.0,China
Beijing,CN,2007-11-21,12:00:00,1195621200,2.5,-3.2,10.4,9.9,75.0,0.0,0.0,China
Beijing,CN,2007-11-22,12:00:00,1195707600,3.2,-2.2,9.3,7.7,25.0,0.0,0.0,China
Beijing,CN,2007-11-23,12:00:00,1195794000,3.3,-3.3,11.4,10.8,354.0,0.0,0.0,China
Beijing,CN,2007-11-24,12:00:00,1195880400,2.5,-3.4,9.4,10.5,103.0,0.0,0.0,China
Beijing,CN,2007-11-25,12:00:00,1195966800,3.0,-2.5,11.5,22.8,332.0,0.0,0.0,China
Beijing,CN,2007-11-26,12:00:00,1196053200,0.6,-4.3,7.8,10.6,281.0,0.0,0.0,China
Beijing,CN,2007-11-27,12:00:00,1196139600,0.8,-5.5,9.0,10.2,267.0,0.0,0.0,China
Beijing,CN,2007-11-28,12:00:00,1196226000,0.8,-3.6,7.7,9.0,18.0,0.0,0.0,China
Beijing,CN,2007-11-29,12:00:00,1196312400,0.2,-3.5,6.5,10.6,332.0,0.0,0.0,China
Beijing,CN,2007-11-30,12:00:00,1196398800,0.1,-3.4,6.7,8.7,170.0,0.0,0.0,China
Beijing,CN,2007-12-01,12:00:00,1196485200,-0.1,-4.9,7.2,7.3,357.0,0.0,0.0,China
Beijing,CN,2007-12-02,12:00:00,1196571600,-0.1,-5.1,8.0,11.9,285.0,0.0,0.0,China
Beijing,CN,2007-12-03,12:00:00,1196658000,-0.4,-3.7,5.8,14.5,355.0,0.0,0.0,China
Beijing,CN,2007-12-04,12:00:00,1196744400,-0.5,-4.1,5.3,10.2,234.0,0.0,0.0,China
Beijing,CN,2007-12-05,12:00:00,1196830800,-0.2,-4.0,5.7,8.0,105.0,0.0,0.0,China
Beijing,CN,2007-12-06,12:00:00,1196917200,-0.5,-4.6,5.6,24.0,332.0,0.0,0.0,China
Beijing,CN,2007-12-07,12:00:00,1197003600,-0.7,-4.5,5.4,10.0,319.0,0.0,0.0,China
Beijing,CN,2007-12-08,12:00:00,1197090000,0.1,-4.3,5.2,7.2,34.0,0.0,0.0,China
Beijing,CN,2007-12-09,12:00:00,1197176400,-0.4,-4.3,5.4,7.4,50.0,0.0,0.0,China
Beijing,CN,2007-12-10,12:00:00,1197262800,-0.1,-2.3,2.6,5.7,35.0,2.2,1.54,China
Beijing,CN,2007-12-11,12:00:00,1197349200,-0.9,-5.2,5.1,15.4,337.0,0.0,0.0,China
Beijing,CN,2007-12-12,12:00:00,1197435600,-2.8,-6.2,3.2,9.7,301.0,0.0,0.0,China
Beijing,CN,2007-12-13,12:00:00,1197522000,-2.0,-5.7,4.8,11.9,289.0,0.0,0.0,China
Beijing,CN,2007-12-14,12:00:00,1197608400,-1.5,-6.4,6.2,13.5,309.0,0.0,0.0,China
Beijing,CN,2007-12-15,12:00:00,1197694800,-1.2,-4.6,4.8,10.1,284.0,0.0,0.0,China
Beijing,CN,2007-12-16,12:00:00,1197781200,0.4,-3.8,6.9,6.5,16.0,0.0,0.0,China
Beijing,CN,2007-12-17,12:00:00,1197867600,-1.3,-4.8,4.5,8.0,59.0,0.0,0.0,China
Beijing,CN,2007-12-18,12:00:00,1197954000,-1.6,-5.7,4.3,12.6,165.0,0.0,0.0,China
Beijing,CN,2007-12-19,12:00:00,1198040400,-0.3,-5.0,7.0,10.5,276.0,0.0,0.0,China
Beijing,CN,2007-12-20,12:00:00,1198126800,-0.1,-5.9,6.7,7.6,52.0,0.0,0.0,China
Beijing,CN,2007-12-21,12:00:00,1198213200,-1.5,-4.9,3.7,8.4,100.0,0.0,0.0,China
Beijing,CN,2007-12-22,12:00:00,1198299600,-1.0,-5.3,4.4,8.9,36.0,0.0,0.0,China
Beijing,CN,2007-12-23,12:00:00,1198386000,-0.9,-5.2,5.8,9.1,328.0,0.0,0.0,China
Beijing,CN,2007-12-24,12:00:00,1198472400,-0.0,-2.4,3.9,6.4,105.0,0.0,0.0,China
Beijing,CN,2007-12-25,12:00:00,1198558800,-0.1,-4.5,5.2,6.2,26.0,0.0,0.0,China
Beijing,CN,2007-12-26,12:00:00,1198645200,-0.6,-5.1,5.4,7.1,38.0,0.0,0.0,China
Beijing,CN,2007-12-27,12:00:00,1198731600,-0.6,-3.5,2.9,5.4,53.0,0.1,0.14,China
Beijing,CN,2007-12-28,12:00:00,1198818000,-0.7,-5.6,2.5,24.9,298.0,1.0,0.84,China
Beijing,CN,2007-12-29,12:00:00,1198904400,-3.7,-6.1,-0.0,25.2,308.0,0.0,0.0,China
Beijing,CN,2007-12-30,12:00:00,1198990800,-2.7,-5.6,2.5,20.9,308.0,0.0,0.0,China
Beijing,CN,2007-12-31,12:00:00,1199077200,-2.6,-4.6,1.3,27.6,316.0,0.0,0.0,China
Beijing,CN,2008-01-01,12:00:00,1199163600,-2.7,-5.9,3.0,17.1,303.0,0.0,0.0,China
Beijing,CN,2008-01-02,12:00:00,1199250000,-2.3,-6.9,5.2,8.4,276.0,0.0,0.0,China
Beijing,CN,2008-01-03,12:00:00,1199336400,-1.4,-6.1,5.8,11.5,313.0,0.0,0.0,China
Beijing,CN,2008-01-04,12:00:00,1199422800,-1.5,-4.6,4.8,10.9,171.0,0.0,0.0,China
Beijing,CN,2008-01-05,12:00:00,1199509200,-1.7,-6.2,5.4,10.1,81.0,0.0,0.0,China
Beijing,CN,2008-01-06,12:00:00,1199595600,-0.5,-6.3,6.9,9.9,38.0,0.0,0.0,China
Beijing,CN,2008-01-07,12:00:00,1199682000,-1.2,-5.7,7.0,9.3,209.0,0.0,0.0,China
Beijing,CN,2008-01-08,12:00:00,1199768400,-0.5,-5.7,6.4,10.7,21.0,0.0,0.0,China
Beijing,CN,2008-01-09,12:00:00,1199854800,-2.5,-5.9,2.0,9.7,110.0,0.0,0.0,China
Beijing,CN,2008-01-10,12:00:00,1199941200,-4.3,-6.7,-0.5,7.3,132.0,0.0,0.0,China
Beijing,CN,2008-01-11,12:00:00,1200027600,-2.3,-6.9,4.0,16.1,23.0,0.0,0.0,China
Beijing,CN,2008-01-12,12:00:00,1200114000,-3.9,-6.5,-0.7,15.5,33.0,0.0,0.0,China
Beijing,CN,2008-01-13,12:00:00,1200200400,-5.6,-8.4,-2.9,8.5,98.0,0.0,0.0,China
Beijing,CN,2008-01-14,12:00:00,1200286800,-5.4,-8.3,-1.3,7.6,130.0,0.0,0.0,China
Beijing,CN,2008-01-15,12:00:00,1200373200,-5.8,-9.8,-0.7,8.5,29.0,0.0,0.0,China
Beijing,CN,2008-01-16,12:00:00,1200459600,-6.4,-10.4,-1.2,9.8,12.0,0.0,0.0,China
Beijing,CN,2008-01-17,12:00:00,1200546000,-5.2,-6.8,-1.8,9.4,133.0,0.0,0.0,China
Beijing,CN,2008-01-18,12:00:00,1200632400,-5.6,-10.1,0.2,7.9,120.0,0.0,0.0,China
Beijing,CN,2008-01-19,12:00:00,1200718800,-4.9,-9.1,-0.7,6.6,32.0,0.0,0.0,China
Beijing,CN,2008-01-20,12:00:00,1200805200,-4.1,-7.9,-0.3,6.0,28.0,0.0,0.0,China
Beijing,CN,2008-01-21,12:00:00,1200891600,-4.5,-7.1,-1.3,8.6,161.0,0.0,0.0,China
Beijing,CN,2008-01-22,12:00:00,1200978000,-4.3,-8.4,1.1,18.6,315.0,0.0,0.0,China
Beijing,CN,2008-01-23,12:00:00,1201064400,-6.6,-10.1,-2.0,19.6,319.0,0.0,0.0,China
Beijing,CN,2008-01-24,12:00:00,1201150800,-6.5,-11.9,0.4,16.3,318.0,0.0,0.0,China
Beijing,CN,2008-01-25,12:00:00,1201237200,-5.8,-10.5,-0.1,9.0,342.0,0.0,0.0,China
Beijing,CN,2008-01-26,12:00:00,1201323600,-5.0,-10.0,1.4,10.8,310.0,0.0,0.0,China
Beijing,CN,2008-01-27,12:00:00,1201410000,-4.1,-9.4,2.4,9.8,257.0,0.0,0.0,China
Beijing,CN,2008-01-28,12:00:00,1201496400,-3.5,-7.0,1.3,15.6,340.0,0.0,0.0,China
Beijing,CN,2008-01-29,12:00:00,1201582800,-5.0,-7.5,-1.0,21.9,330.0,0.0,0.0,China
Beijing,CN,2008-01-30,12:00:00,1201669200,-5.2,-9.7,1.4,13.1,306.0,0.0,0.0,China
Beijing,CN,2008-01-31,12:00:00,1201755600,-5.0,-10.6,2.5,10.7,306.0,0.0,0.0,China
Beijing,CN,2008-02-01,12:00:00,1201842000,-4.4,-9.7,3.0,10.0,296.0,0.0,0.0,China
Beijing,CN,2008-02-02,12:00:00,1201928400,-4.2,-9.7,3.0,12.2,313.0,0.0,0.0,China
Beijing,CN,2008-02-03,12:00:00,1202014800,-4.2,-8.9,1.7,10.2,336.0,0.0,0.0,China
Beijing,CN,2008-02-04,12:00:00,1202101200,-3.6,-9.1,1.8,8.4,46.0,0.0,0.0,China
Beijing,CN,2008-02-05,12:00:00,1202187600,-3.0,-6.1,1.7,19.6,331.0,0.0,0.0,China
Beijing,CN,2008-02-06,12:00:00,1202274000,-4.4,-9.7,2.9,11.5,313.0,0.0,0.0,China
Beijing,CN,2008-02-07,12:00:00,1202360400,-4.3,-9.6,2.0,12.7,338.0,0.0,0.0,China
Beijing,CN,2008-02-08,12:00:00,1202446800,-3.5,-6.7,1.3,18.2,324.0,0.0,0.0,China
Beijing,CN,2008-02-09,12:00:00,1202533200,-3.5,-9.0,3.8,11.0,272.0,0.0,0.0,China
Beijing,CN,2008-02-10,12:00:00,1202619600,-2.2,-8.5,5.7,14.7,306.0,0.0,0.0,China
Beijing,CN,2008-02-11,12:00:00,1202706000,-4.1,-7.3,-0.2,23.6,323.0,0.0,0.0,China
Beijing,CN,2008-02-12,12:00:00,1202792400,-4.9,-9.6,1.9,15.1,290.0,0.0,0.0,China
Beijing,CN,2008-02-13,12:00:00,1202878800,-3.3,-9.5,5.0,12.5,275.0,0.0,0.0,China
Beijing,CN,2008-02-14,12:00:00,1202965200,-1.9,-7.7,5.6,10.2,333.0,0.0,0.0,China
Beijing,CN,2008-02-15,12:00:00,1203051600,-1.8,-5.8,4.1,10.9,98.0,0.0,0.0,China
Beijing,CN,2008-02-16,12:00:00,1203138000,-0.9,-6.4,6.4,12.2,341.0,0.0,0.0,China
Beijing,CN,2008-02-17,12:00:00,1203224400,-1.1,-6.2,4.7,8.2,86.0,0.0,0.0,China
Beijing,CN,2008-02-18,12:00:00,1203310800,-0.4,-5.3,5.7,9.7,116.0,0.0,0.0,China
Beijing,CN,2008-02-19,12:00:00,1203397200,1.9,-4.9,11.5,10.4,282.0,0.0,0.0,China
Beijing,CN,2008-02-20,12:00:00,1203483600,2.0,-4.7,11.1,13.5,190.0,0.0,0.0,China
Beijing,CN,2008-02-21,12:00:00,1203570000,3.0,-4.1,11.6,11.5,93.0,0.0,0.0,China
Beijing,CN,2008-02-22,12:00:00,1203656400,3.9,-2.8,9.8,14.1,331.0,0.1,0.21,China
Beijing,CN,2008-02-23,12:00:00,1203742800,-1.6,-4.9,2.0,20.1,54.0,0.0,0.0,China
Beijing,CN,2008-02-24,12:00:00,1203829200,-2.1,-5.8,2.2,15.0,172.0,0.0,0.0,China
Beijing,CN,2008-02-25,12:00:00,1203915600,-0.3,-4.6,6.7,12.3,203.0,0.0,0.0,China
Beijing,CN,2008-02-26,12:00:00,1204002000,1.5,-5.0,10.2,17.3,293.0,0.0,0.0,China
Beijing,CN,2008-02-27,12:00:00,1204088400,3.9,-4.6,14.4,11.8,254.0,0.0,0.0,China
Beijing,CN,2008-02-28,12:00:00,1204174800,4.8,-4.3,14.7,18.6,290.0,0.0,0.0,China
Beijing,CN,2008-02-29,12:00:00,1204261200,5.2,-2.1,12.6,16.0,289.0,0.0,0.0,China
Beijing,CN,2008-03-01,12:00:00,1204347600,5.9,-1.3,14.0,11.7,294.0,0.0,0.0,China
Beijing,CN,2008-03-02,12:00:00,1204434000,5.9,1.0,10.8,19.6,338.0,0.0,0.0,China
Beijing,CN,2008-03-03,12:00:00,1204520400,4.9,-2.0,12.3,15.0,315.0,0.0,0.0,China
Beijing,CN,2008-03-04,12:00:00,1204606800,4.4,-3.7,13.1,10.7,105.0,0.0,0.0,China
Beijing,CN,2008-03-05,12:00:00,1204693200,5.5,-2.8,15.3,14.1,44.0,0.0,0.0,China
Beijing,CN,2008-03-06,12:00:00,1204779600,5.0,-2.6,12.5,11.3,338.0,0.0,0.0,China
Beijing,CN,2008-03-07,12:00:00,1204866000,5.7,-2.0,14.8,11.9,210.0,0.0,0.0,China
Beijing,CN,2008-03-08,12:00:00,1204952400,6.4,1.5,12.7,8.6,140.0,0.0,0.0,China
Beijing,CN,2008-03-09,12:00:00,1205038800,8.9,0.3,18.3,13.6,216.0,0.0,0.0,China
Beijing,CN,2008-03-10,12:00:00,1205125200,11.0,0.9,22.0,15.2,174.0,0.0,0.0,China
Beijing,CN,2008-03-11,12:00:00,1205211600,9.8,3.4,16.1,15.8,110.0,0.0,0.0,China
Beijing,CN,2008-03-12,12:00:00,1205298000,7.6,2.2,13.9,12.3,223.0,0.0,0.0,China
Beijing,CN,2008-03-13,12:00:00,1205384400,8.0,1.7,13.2,14.8,305.0,0.0,0.0,China
Beijing,CN,2008-03-14,12:00:00,1205470800,7.1,-0.9,14.6,19.5,178.0,0.0,0.0,China
Beijing,CN,2008-03-15,12:00:00,1205557200,8.8,1.6,17.1,18.4,317.0,0.0,0.0,China
Beijing,CN,2008-03-16,12:00:00,1205643600,8.1,-1.4,16.9,19.1,139.0,0.4,0.0,China
Beijing,CN,2008-03-17,12:00:00,1205730000,9.2,0.7,17.4,10.5,81.0,0.0,0.0,China
Beijing,CN,2008-03-18,12:00:00,1205816400,8.1,1.1,14.3,21.6,26.0,1.1,0.0,China
Beijing,CN,2008-03-19,12:00:00,1205902800,5.7,-0.3,12.9,15.7,178.0,0.0,0.0,China
Beijing,CN,2008-03-20,12:00:00,1205989200,7.9,2.1,14.6,11.6,146.0,0.0,0.0,China
Beijing,CN,2008-03-21,12:00:00,1206075600,8.4,3.4,14.9,13.1,139.0,4.0,0.0,China
Beijing,CN,2008-03-22,12:00:00,1206162000,8.5,0.3,15.6,8.7,47.0,0.6,0.0,China
Beijing,CN,2008-03-23,12:00:00,1206248400,11.6,2.3,20.4,26.5,287.0,0.0,0.0,China
Beijing,CN,2008-03-24,12:00:00,1206334800,8.2,2.2,14.2,28.8,327.0,0.0,0.0,China
Beijing,CN,2008-03-25,12:00:00,1206421200,6.9,-0.5,14.4,20.0,328.0,0.0,0.0,China
Beijing,CN,2008-03-26,12:00:00,1206507600,7.3,-2.7,16.2,17.1,323.0,0.0,0.0,China
Beijing,CN,2008-03-27,12:00:00,1206594000,7.8,0.3,14.7,12.2,32.0,0.0,0.0,China
Beijing,CN,2008-03-28,12:00:00,1206680400,4.8,2.1,7.4,12.7,112.0,3.8,0.0,China
Beijing,CN,2008-03-29,12:00:00,1206766800,6.0,3.1,10.2,8.2,137.0,0.5,0.0,China
Beijing,CN,2008-03-30,12:00:00,1206853200,8.0,-1.4,17.0,15.1,320.0,0.0,0.0,China
Beijing,CN,2008-03-31,12:00:00,1206939600,8.8,-1.5,16.8,8.9,282.0,0.0,0.0,China
Beijing,CN,2008-04-01,12:00:00,1207026000,11.5,7.8,17.7,17.9,208.0,0.5,0.0,China
Beijing,CN,2008-04-02,12:00:00,1207112400,11.0,3.6,17.7,26.0,309.0,0.0,0.0,China
Beijing,CN,2008-04-03,12:00:00,1207198800,10.0,-0.6,20.1,15.4,247.0,0.0,0.0,China
Beijing,CN,2008-04-04,12:00:00,1207285200,12.8,2.0,22.6,13.0,175.0,0.0,0.0,China
Beijing,CN,2008-04-05,12:00:00,1207371600,15.5,7.9,23.0,13.5,168.0,0.0,0.0,China
Beijing,CN,2008-04-06,12:00:00,1207458000,15.1,10.5,20.8,10.7,122.0,0.0,0.0,China
Beijing,CN,2008-04-07,12:00:00,1207544400,14.7,7.3,22.9,10.1,127.0,0.0,0.0,China
Beijing,CN,2008-04-08,12:00:00,1207630800,13.0,9.0,17.4,10.4,68.0,1.9,0.0,China
Beijing,CN,2008-04-09,12:00:00,1207717200,15.2,9.7,21.5,9.8,148.0,1.4,0.0,China
Beijing,CN,2008-04-10,12:00:00,1207803600,13.0,8.4,18.4,16.8,137.0,1.8,0.0,China
Beijing,CN,2008-04-11,12:00:00,1207890000,12.1,8.2,16.8,8.4,170.0,2.9,0.0,China
Beijing,CN,2008-04-12,12:00:00,1207976400,10.7,7.2,15.0,15.5,218.0,0.3,0.0,China
Beijing,CN,2008-04-13,12:00:00,1208062800,14.0,4.6,24.4,12.9,219.0,0.0,0.0,China
Beijing,CN,2008-04-14,12:00:00,1208149200,16.8,7.7,26.5,14.3,203.0,0.0,0.0,China
Beijing,CN,2008-04-15,12:00:00,1208235600,17.9,11.2,25.4,11.9,161.0,0.0,0.0,China
Beijing,CN,2008-04-16,12:00:00,1208322000,18.9,11.0,27.0,14.4,164.0,0.0,0.0,China
Beijing,CN,2008-04-17,12:00:00,1208408400,19.8,10.4,28.7,16.0,187.0,0.0,0.0,China
Beijing,CN,2008-04-18,12:00:00,1208494800,20.0,13.0,27.3,17.9,199.0,0.0,0.0,China
Beijing,CN,2008-04-19,12:00:00,1208581200,19.1,14.1,24.2,14.6,97.0,0.0,0.0,China
Beijing,CN,2008-04-20,12:00:00,1208667600,12.7,11.4,15.3,15.4,68.0,23.8,0.0,China
Beijing,CN,2008-04-21,12:00:00,1208754000,12.5,10.9,15.0,10.1,50.0,11.5,0.0,China
Beijing,CN,2008-04-22,12:00:00,1208840400,12.1,7.9,17.0,27.2,312.0,1.3,0.0,China
Beijing,CN,2008-04-23,12:00:00,1208926800,12.3,4.7,20.1,19.0,294.0,0.0,0.0,China
Beijing,CN,2008-04-24,12:00:00,1209013200,11.6,4.3,18.9,11.2,112.0,0.0,0.0,China
Beijing,CN,2008-04-25,12:00:00,1209099600,13.4,7.3,19.8,27.8,332.0,0.1,0.0,China
Beijing,CN,2008-04-26,12:00:00,1209186000,13.5,3.8,21.4,18.7,226.0,0.0,0.0,China
Beijing,CN,2008-04-27,12:00:00,1209272400,13.7,5.5,20.0,15.6,227.0,0.0,0.0,China
Beijing,CN,2008-04-28,12:00:00,1209358800,16.6,9.6,23.6,12.4,156.0,0.0,0.0,China
Beijing,CN,2008-04-29,12:00:00,1209445200,19.3,9.9,27.9,13.1,133.0,0.0,0.0,China
Beijing,CN,2008-04-30,12:00:00,1209531600,22.0,14.8,30.6,14.7,354.0,0.0,0.0,China
Beijing,CN,2008-05-01,12:00:00,1209618000,20.8,11.8,29.4,15.0,115.0,0.0,0.0,China
Beijing,CN,2008-05-02,12:00:00,1209704400,22.7,16.5,30.5,9.0,107.0,1.1,0.0,China
Beijing,CN,2008-05-03,12:00:00,1209790800,17.7,13.6,23.3,26.6,359.0,27.5,0.0,China
Beijing,CN,2008-05-04,12:00:00,1209877200,15.8,6.5,24.2,15.8,303.0,0.0,0.0,China
Beijing,CN,2008-05-05,12:00:00,1209963600,17.2,6.6,26.2,17.9,213.0,0.0,0.0,China
Beijing,CN,2008-05-06,12:00:00,1210050000,21.0,12.0,28.7,14.7,101.0,0.0,0.0,China
Beijing,CN,2008-05-07,12:00:00,1210136400,18.6,14.9,22.1,10.1,200.0,0.0,0.0,China
Beijing,CN,2008-05-08,12:00:00,1210222800,18.0,10.6,24.8,9.7,322.0,0.0,0.0,China
Beijing,CN,2008-05-09,12:00:00,1210309200,14.1,11.4,18.9,11.0,248.0,4.4,0.0,China
Beijing,CN,2008-05-10,12:00:00,1210395600,15.6,8.4,21.9,15.2,291.0,0.0,0.0,China
Beijing,CN,2008-05-11,12:00:00,1210482000,11.4,8.1,13.8,16.8,60.0,9.6,0.0,China
Beijing,CN,2008-05-12,12:00:00,1210568400,12.6,7.7,17.5,24.3,354.0,0.9,0.0,China
Beijing,CN,2008-05-13,12:00:00,1210654800,14.9,7.3,22.4,10.1,238.0,0.0,0.0,China
Beijing,CN,2008-05-14,12:00:00,1210741200,16.5,11.1,22.5,9.7,122.0,0.0,0.0,China
Beijing,CN,2008-05-15,12:00:00,1210827600,18.1,9.0,25.4,12.5,188.0,0.0,0.0,China
Beijing,CN,2008-05-16,12:00:00,1210914000,19.9,12.9,27.0,11.5,173.0,0.0,0.0,China
Beijing,CN,2008-05-17,12:00:00,1211000400,16.5,12.7,19.8,14.1,140.0,1.4,0.0,China
Beijing,CN,2008-05-18,12:00:00,1211086800,18.2,9.3,25.7,26.3,334.0,0.0,0.0,China
Beijing,CN,2008-05-19,12:00:00,1211173200,20.3,9.5,28.9,22.8,225.0,0.0,0.0,China
Beijing,CN,2008-05-20,12:00:00,1211259600,20.4,10.7,28.6,22.0,335.0,0.0,0.0,China
Beijing,CN,2008-05-21,12:00:00,1211346000,21.9,9.1,32.3,15.9,248.0,0.0,0.0,China
Beijing,CN,2008-05-22,12:00:00,1211432400,23.4,13.4,31.7,12.7,105.0,0.0,0.0,China
Beijing,CN,2008-05-23,12:00:00,1211518800,26.0,16.9,34.8,16.0,142.0,0.0,0.0,China
Beijing,CN,2008-05-24,12:00:00,1211605200,26.9,18.1,34.4,11.8,65.0,0.0,0.0,China
Beijing,CN,2008-05-25,12:00:00,1211691600,26.7,17.7,34.6,12.7,154.0,0.0,0.0,China
Beijing,CN,2008-05-26,12:00:00,1211778000,27.6,19.2,35.9,22.4,168.0,0.0,0.0,China
Beijing,CN,2008-05-27,12:00:00,1211864400,25.9,19.4,30.4,22.5,318.0,0.1,0.0,China
Beijing,CN,2008-05-28,12:00:00,1211950800,23.5,13.3,31.2,21.7,188.0,0.0,0.0,China
Beijing,CN,2008-05-29,12:00:00,1212037200,20.2,15.7,25.4,31.5,319.0,0.0,0.0,China
Beijing,CN,2008-05-30,12:00:00,1212123600,21.6,12.0,29.3,19.2,270.0,0.0,0.0,China
Beijing,CN,2008-05-31,12:00:00,1212210000,22.9,15.7,29.3,10.5,101.0,0.0,0.0,China
Beijing,CN,2008-06-01,12:00:00,1212296400,21.9,17.4,27.0,24.3,347.0,0.1,0.0,China
Beijing,CN,2008-06-02,12:00:00,1212382800,20.9,15.0,27.8,12.6,191.0,1.0,0.0,China
Beijing,CN,2008-06-03,12:00:00,1212469200,18.3,15.0,23.2,10.8,37.0,1.9,0.0,China
Beijing,CN,2008-06-04,12:00:00,1212555600,20.4,13.1,27.9,14.5,58.0,0.2,0.0,China
Beijing,CN,2008-06-05,12:00:00,1212642000,22.3,14.4,29.0,12.0,213.0,0.0,0.0,China
Beijing,CN,2008-06-06,12:00:00,1212728400,22.9,18.4,28.5,18.8,194.0,0.0,0.0,China
Beijing,CN,2008-06-07,12:00:00,1212814800,23.5,16.0,30.8,13.8,110.0,0.0,0.0,China
Beijing,CN,2008-06-08,12:00:00,1212901200,25.8,17.1,33.7,13.4,128.0,0.0,0.0,China
Beijing,CN,2008-06-09,12:00:00,1212987600,25.6,17.2,33.4,13.1,162.0,0.0,0.0,China
Beijing,CN,2008-06-10,12:00:00,1213074000,25.9,19.1,33.5,14.2,127.0,0.1,0.0,China
Beijing,CN,2008-06-11,12:00:00,1213160400,26.5,19.8,33.0,15.5,186.0,0.0,0.0,China
Beijing,CN,2008-06-12,12:00:00,1213246800,26.7,20.1,32.2,10.1,142.0,0.1,0.0,China
Beijing,CN,2008-06-13,12:00:00,1213333200,26.1,20.7,34.3,17.2,135.0,17.5,0.0,China
Beijing,CN,2008-06-14,12:00:00,1213419600,21.0,19.6,22.0,9.4,30.0,14.1,0.0,China
Beijing,CN,2008-06-15,12:00:00,1213506000,23.0,19.2,28.0,8.2,108.0,0.0,0.0,China
Beijing,CN,2008-06-16,12:00:00,1213592400,22.8,16.7,27.4,8.2,81.0,0.0,0.0,China
Beijing,CN,2008-06-17,12:00:00,1213678800,21.2,18.1,24.7,10.8,97.0,1.0,0.0,China
Beijing,CN,2008-06-18,12:00:00,1213765200,22.1,17.9,27.4,16.1,187.0,0.0,0.0,China
Beijing,CN,2008-06-19,12:00:00,1213851600,25.5,18.9,32.0,9.1,177.0,0.0,0.0,China
Beijing,CN,2008-06-20,12:00:00,1213938000,27.0,21.7,33.3,11.6,165.0,2.0,0.0,China
Beijing,CN,2008-06-21,12:00:00,1214024400,27.6,20.6,34.8,13.2,199.0,0.7,0.0,China
Beijing,CN,2008-06-22,12:00:00,1214110800,28.3,21.0,35.5,11.7,129.0,0.0,0.0,China
Beijing,CN,2008-06-23,12:00:00,1214197200,25.0,20.3,33.5,17.3,112.0,13.6,0.0,China
Beijing,CN,2008-06-24,12:00:00,1214283600,24.9,19.6,31.1,12.3,142.0,5.0,0.0,China
Beijing,CN,2008-06-25,12:00:00,1214370000,24.1,21.0,29.0,19.8,118.0,0.4,0.0,China
Beijing,CN,2008-06-26,12:00:00,1214456400,22.7,19.8,25.4,11.8,105.0,3.1,0.0,China
Beijing,CN,2008-06-27,12:00:00,1214542800,22.0,19.8,25.0,13.2,110.0,28.8,0.0,China
Beijing,CN,2008-06-28,12:00:00,1214629200,21.6,19.6,24.2,9.7,95.0,26.0,0.0,China
Beijing,CN,2008-06-29,12:00:00,1214715600,22.1,19.8,24.4,7.6,77.0,18.3,0.0,China
Beijing,CN,2008-06-30,12:00:00,1214802000,22.6,20.2,27.2,11.7,101.0,8.9,0.0,China
Beijing,CN,2008-07-01,12:00:00,1214888400,22.7,20.5,26.2,8.0,75.0,9.9,0.0,China
Beijing,CN,2008-07-02,12:00:00,1214974800,25.1,21.1,29.8,9.4,165.0,0.0,0.0,China
Beijing,CN,2008-07-03,12:00:00,1215061200,27.3,20.7,34.1,9.7,202.0,0.0,0.0,China
Beijing,CN,2008-07-04,12:00:00,1215147600,28.0,22.9,33.9,11.8,120.0,6.4,0.0,China
Beijing,CN,2008-07-05,12:00:00,1215234000,23.8,22.8,25.5,11.0,348.0,16.1,0.0,China
Beijing,CN,2008-07-06,12:00:00,1215320400,26.4,20.5,33.0,9.8,181.0,0.0,0.0,China
Beijing,CN,2008-07-07,12:00:00,1215406800,26.5,20.5,31.7,9.2,105.0,0.2,0.0,China
Beijing,CN,2008-07-08,12:00:00,1215493200,23.5,21.8,25.0,11.4,122.0,7.5,0.0,China
Beijing,CN,2008-07-09,12:00:00,1215579600,24.7,20.5,28.8,8.4,152.0,0.0,0.0,China
Beijing,CN,2008-07-10,12:00:00,1215666000,26.5,21.5,31.1,7.2,148.0,0.0,0.0,China
Beijing,CN,2008-07-11,12:00:00,1215752400,26.6,23.1,30.6,9.5,129.0,1.7,0.0,China
Beijing,CN,2008-07-12,12:00:00,1215838800,27.5,21.2,33.5,10.5,216.0,0.7,0.0,China
Beijing,CN,2008-07-13,12:00:00,1215925200,26.9,20.4,33.1,9.7,183.0,0.0,0.0,China
Beijing,CN,2008-07-14,12:00:00,1216011600,24.3,19.6,27.6,17.5,52.0,3.7,0.0,China
Beijing,CN,2008-07-15,12:00:00,1216098000,23.3,18.5,29.4,18.7,322.0,30.2,0.0,China
Beijing,CN,2008-07-16,12:00:00,1216184400,25.8,20.5,32.2,10.3,198.0,0.0,0.0,China
Beijing,CN,2008-07-17,12:00:00,1216270800,26.7,20.9,32.5,7.6,32.0,0.0,0.0,China
Beijing,CN,2008-07-18,12:00:00,1216357200,25.3,21.5,28.8,7.1,71.0,4.0,0.0,China
Beijing,CN,2008-07-19,12:00:00,1216443600,25.3,19.6,29.8,7.3,66.0,0.9,0.0,China
Beijing,CN,2008-07-20,12:00:00,1216530000,25.8,20.7,30.4,7.5,53.0,0.0,0.0,China
Beijing,CN,2008-07-21,12:00:00,1216616400,26.3,20.7,31.5,8.0,176.0,0.0,0.0,China
Beijing,CN,2008-07-22,12:00:00,1216702800,27.4,21.1,33.2,10.2,182.0,0.0,0.0,China
Beijing,CN,2008-07-23,12:00:00,1216789200,27.4,22.0,33.0,10.6,170.0,0.0,0.0,China
Beijing,CN,2008-07-24,12:00:00,1216875600,27.6,21.6,33.3,10.5,159.0,0.0,0.0,China
Beijing,CN,2008-07-25,12:00:00,1216962000,29.0,24.1,33.9,10.6,178.0,0.0,0.0,China
Beijing,CN,2008-07-26,12:00:00,1217048400,29.9,25.0,34.8,11.6,174.0,0.0,0.0,China
Beijing,CN,2008-07-27,12:00:00,1217134800,29.5,24.1,35.1,12.3,139.0,0.0,0.0,China
Beijing,CN,2008-07-28,12:00:00,1217221200,29.4,23.8,34.8,12.7,154.0,0.0,0.0,China
Beijing,CN,2008-07-29,12:00:00,1217307600,27.3,23.9,31.3,17.3,41.0,1.6,0.0,China
Beijing,CN,2008-07-30,12:00:00,1217394000,26.3,22.1,31.0,11.4,95.0,2.1,0.0,China
Beijing,CN,2008-07-31,12:00:00,1217480400,24.9,22.8,28.9,12.4,83.0,10.0,0.0,China
Beijing,CN,2008-08-01,12:00:00,1217566800,26.9,21.9,31.5,16.8,356.0,0.0,0.0,China
Beijing,CN,2008-08-02,12:00:00,1217653200,27.6,21.1,34.0,7.9,118.0,0.0,0.0,China
Beijing,CN,2008-08-03,12:00:00,1217739600,29.2,22.3,36.1,14.7,182.0,0.0,0.0,China
Beijing,CN,2008-08-04,12:00:00,1217826000,29.7,23.8,35.6,13.7,174.0,0.0,0.0,China
Beijing,CN,2008-08-05,12:00:00,1217912400,29.5,24.1,34.8,11.2,164.0,0.0,0.0,China
Beijing,CN,2008-08-06,12:00:00,1217998800,28.9,22.9,34.8,12.4,126.0,0.0,0.0,China
Beijing,CN,2008-08-07,12:00:00,1218085200,29.1,24.6,34.6,14.1,148.0,3.9,0.0,China
Beijing,CN,2008-08-08,12:00:00,1218171600,29.7,25.2,35.2,12.5,169.0,0.0,0.0,China
Beijing,CN,2008-08-09,12:00:00,1218258000,29.5,25.7,34.9,13.7,146.0,4.7,0.0,China
Beijing,CN,2008-08-10,12:00:00,1218344400,27.3,24.9,30.7,10.7,102.0,4.2,0.0,China
Beijing,CN,2008-08-11,12:00:00,1218430800,23.6,22.3,25.8,8.8,21.0,35.4,0.0,China
Beijing,CN,2008-08-12,12:00:00,1218517200,25.2,22.2,28.3,6.8,75.0,2.0,0.0,China
Beijing,CN,2008-08-13,12:00:00,1218603600,25.3,22.6,29.7,6.3,155.0,4.6,0.0,China
Beijing,CN,2008-08-14,12:00:00,1218690000,24.8,22.6,28.1,10.7,346.0,3.3,0.0,China
Beijing,CN,2008-08-15,12:00:00,1218776400,24.7,19.6,29.2,11.6,349.0,0.1,0.0,China
Beijing,CN,2008-08-16,12:00:00,1218862800,23.7,16.6,29.6,8.3,56.0,0.0,0.0,China
Beijing,CN,2008-08-17,12:00:00,1218949200,22.5,18.9,26.5,9.4,68.0,2.0,0.0,China
Beijing,CN,2008-08-18,12:00:00,1219035600,23.8,18.0,28.5,6.4,3.0,0.0,0.0,China
Beijing,CN,2008-08-19,12:00:00,1219122000,24.9,20.1,29.7,7.9,72.0,0.3,0.0,China
Beijing,CN,2008-08-20,12:00:00,1219208400,26.1,21.6,30.9,12.8,137.0,0.0,0.0,China
Beijing,CN,2008-08-21,12:00:00,1219294800,22.4,20.8,23.8,11.3,128.0,12.3,0.0,China
Beijing,CN,2008-08-22,12:00:00,1219381200,24.3,17.9,31.7,8.7,238.0,0.0,0.0,China
Beijing,CN,2008-08-23,12:00:00,1219467600,26.0,17.5,33.4,6.8,116.0,0.0,0.0,China
Beijing,CN,2008-08-24,12:00:00,1219554000,26.7,21.3,32.7,16.0,156.0,0.3,0.0,China
Beijing,CN,2008-08-25,12:00:00,1219640400,25.4,21.9,29.8,11.4,141.0,0.2,0.0,China
Beijing,CN,2008-08-26,12:00:00,1219726800,23.4,19.3,28.4,12.2,135.0,7.8,0.0,China
Beijing,CN,2008-08-27,12:00:00,1219813200,23.5,19.1,28.1,9.4,129.0,0.1,0.0,China
Beijing,CN,2008-08-28,12:00:00,1219899600,24.4,18.7,30.0,9.5,100.0,0.0,0.0,China
Beijing,CN,2008-08-29,12:00:00,1219986000,25.5,20.7,30.6,14.1,126.0,0.4,0.0,China
Beijing,CN,2008-08-30,12:00:00,1220072400,22.1,19.4,24.5,11.0,174.0,7.4,0.0,China
Beijing,CN,2008-08-31,12:00:00,1220158800,22.2,16.6,26.7,14.1,346.0,0.0,0.0,China
Beijing,CN,2008-09-01,12:00:00,1220245200,22.4,13.6,30.1,9.4,290.0,0.0,0.0,China
Beijing,CN,2008-09-02,12:00:00,1220331600,24.7,16.2,32.7,10.1,224.0,0.0,0.0,China
Beijing,CN,2008-09-03,12:00:00,1220418000,24.9,19.9,30.7,14.8,176.0,0.0,0.0,China
Beijing,CN,2008-09-04,12:00:00,1220504400,24.4,19.4,30.0,15.9,176.0,1.5,0.0,China
Beijing,CN,2008-09-05,12:00:00,1220590800,24.1,17.6,30.2,9.3,113.0,0.0,0.0,China
Beijing,CN,2008-09-06,12:00:00,1220677200,25.0,17.2,31.2,7.9,86.0,0.0,0.0,China
Beijing,CN,2008-09-07,12:00:00,1220763600,22.5,20.1,24.3,12.3,67.0,8.9,0.0,China
Beijing,CN,2008-09-08,12:00:00,1220850000,22.9,18.1,27.5,11.9,153.0,0.0,0.0,China
Beijing,CN,2008-09-09,12:00:00,1220936400,21.7,20.3,24.8,10.7,151.0,8.4,0.0,China
Beijing,CN,2008-09-10,12:00:00,1221022800,22.4,18.3,27.8,14.1,212.0,5.2,0.0,China
Beijing,CN,2008-09-11,12:00:00,1221109200,22.1,13.3,30.3,14.2,216.0,0.0,0.0,China
Beijing,CN,2008-09-12,12:00:00,1221195600,23.4,15.0,31.4,13.0,70.0,0.0,0.0,China
Beijing,CN,2008-09-13,12:00:00,1221282000,22.5,16.6,28.3,10.8,103.0,0.0,0.0,China
Beijing,CN,2008-09-14,12:00:00,1221368400,22.7,15.7,29.3,11.9,161.0,0.0,0.0,China
Beijing,CN,2008-09-15,12:00:00,1221454800,24.3,18.2,31.5,8.8,215.0,0.0,0.0,China
Beijing,CN,2008-09-16,12:00:00,1221541200,24.3,17.2,30.8,13.5,117.0,0.0,0.0,China
Beijing,CN,2008-09-17,12:00:00,1221627600,24.2,19.0,30.5,13.2,168.0,0.0,0.0,China
Beijing,CN,2008-09-18,12:00:00,1221714000,24.3,17.2,30.3,8.4,40.0,0.4,0.0,China
Beijing,CN,2008-09-19,12:00:00,1221800400,22.3,19.0,27.2,10.5,105.0,1.0,0.0,China
Beijing,CN,2008-09-20,12:00:00,1221886800,22.8,16.6,30.3,8.7,174.0,0.0,0.0,China
Beijing,CN,2008-09-21,12:00:00,1221973200,22.3,17.8,28.6,12.6,129.0,15.9,0.0,China
Beijing,CN,2008-09-22,12:00:00,1222059600,23.4,18.9,29.7,22.3,4.0,4.1,0.0,China
Beijing,CN,2008-09-23,12:00:00,1222146000,18.1,13.9,20.2,17.3,7.0,0.1,0.0,China
Beijing,CN,2008-09-24,12:00:00,1222232400,12.8,11.1,15.0,9.0,219.0,11.3,0.0,China
Beijing,CN,2008-09-25,12:00:00,1222318800,16.6,9.8,23.1,18.4,343.0,0.0,0.0,China
Beijing,CN,2008-09-26,12:00:00,1222405200,14.3,7.0,19.5,10.6,289.0,0.0,0.0,China
Beijing,CN,2008-09-27,12:00:00,1222491600,15.3,9.8,20.8,9.5,180.0,0.0,0.0,China
Beijing,CN,2008-09-28,12:00:00,1222578000,14.7,9.8,20.6,11.2,180.0,0.0,0.0,China
Beijing,CN,2008-09-29,12:00:00,1222664400,15.6,9.2,22.6,11.2,166.0,0.0,0.0,China
Beijing,CN,2008-09-30,12:00:00,1222750800,17.9,11.3,24.6,9.3,103.0,0.0,0.0,China
Beijing,CN,2008-10-01,12:00:00,1222837200,18.7,13.5,24.9,9.4,147.0,0.0,0.0,China
Beijing,CN,2008-10-02,12:00:00,1222923600,19.6,12.9,26.9,10.2,122.0,0.0,0.0,China
Beijing,CN,2008-10-03,12:00:00,1223010000,18.7,14.8,23.3,16.3,51.0,0.0,0.0,China
Beijing,CN,2008-10-04,12:00:00,1223096400,15.4,13.0,18.1,8.0,73.0,0.7,0.0,China
Beijing,CN,2008-10-05,12:00:00,1223182800,10.9,7.8,14.1,15.5,10.0,9.4,0.0,China
Beijing,CN,2008-10-06,12:00:00,1223269200,11.4,5.2,17.8,9.9,186.0,0.0,0.0,China
Beijing,CN,2008-10-07,12:00:00,1223355600,13.4,7.8,19.9,14.5,169.0,0.2,0.0,China
Beijing,CN,2008-10-08,12:00:00,1223442000,14.9,8.3,21.4,15.5,295.0,0.0,0.0,China
Beijing,CN,2008-10-09,12:00:00,1223528400,12.7,6.2,20.8,8.3,305.0,2.4,0.0,China
Beijing,CN,2008-10-10,12:00:00,1223614800,13.0,6.3,20.8,11.2,312.0,0.0,0.0,China
Beijing,CN,2008-10-11,12:00:00,1223701200,12.8,4.9,21.4,9.6,270.0,0.0,0.0,China
Beijing,CN,2008-10-12,12:00:00,1223787600,14.6,7.4,23.6,11.5,191.0,0.0,0.0,China
Beijing,CN,2008-10-13,12:00:00,1223874000,16.0,10.3,23.5,7.6,129.0,0.0,0.0,China
Beijing,CN,2008-10-14,12:00:00,1223960400,16.3,7.1,25.2,9.5,31.0,0.0,0.0,China
Beijing,CN,2008-10-15,12:00:00,1224046800,17.0,8.5,26.3,13.2,317.0,0.0,0.0,China
Beijing,CN,2008-10-16,12:00:00,1224133200,17.9,11.1,25.6,7.5,53.0,0.0,0.0,China
Beijing,CN,2008-10-17,12:00:00,1224219600,17.4,10.1,25.9,11.9,138.0,0.0,0.0,China
Beijing,CN,2008-10-18,12:00:00,1224306000,16.3,12.3,22.9,8.7,99.0,0.0,0.0,China
Beijing,CN,2008-10-19,12:00:00,1224392400,15.5,7.2,24.3,10.5,226.0,0.0,0.0,China
Beijing,CN,2008-10-20,12:00:00,1224478800,15.5,8.0,22.3,7.5,98.0,0.1,0.0,China
Beijing,CN,2008-10-21,12:00:00,1224565200,15.7,11.1,21.8,8.9,63.0,0.9,0.0,China
Beijing,CN,2008-10-22,12:00:00,1224651600,16.3,12.8,19.5,28.8,347.0,6.9,0.0,China
Beijing,CN,2008-10-23,12:00:00,1224738000,11.1,6.7,14.6,24.8,320.0,0.3,0.0,China
Beijing,CN,2008-10-24,12:00:00,1224824400,8.1,0.4,14.9,20.5,241.0,0.0,0.0,China
Beijing,CN,2008-10-25,12:00:00,1224910800,9.1,1.9,15.9,20.4,300.0,0.0,0.0,China
Beijing,CN,2008-10-26,12:00:00,1224997200,8.9,0.8,17.1,18.1,310.0,0.0,0.0,China
Beijing,CN,2008-10-27,12:00:00,1225083600,9.2,1.5,17.7,11.0,270.0,0.0,0.0,China
Beijing,CN,2008-10-28,12:00:00,1225170000,11.2,3.4,18.7,8.8,74.0,0.0,0.0,China
Beijing,CN,2008-10-29,12:00:00,1225256400,8.7,6.1,11.2,18.7,79.0,0.3,0.0,China
Beijing,CN,2008-10-30,12:00:00,1225342800,8.9,4.8,14.7,10.5,155.0,0.0,0.0,China
Beijing,CN,2008-10-31,12:00:00,1225429200,9.6,3.5,17.0,10.7,276.0,0.0,0.0,China
Beijing,CN,2008-11-01,12:00:00,1225515600,9.7,4.0,18.3,30.3,288.0,0.0,0.0,China
Beijing,CN,2008-11-02,12:00:00,1225602000,9.0,1.2,17.9,16.1,225.0,0.0,0.0,China
Beijing,CN,2008-11-03,12:00:00,1225688400,8.6,1.7,15.9,10.7,268.0,0.0,0.0,China
Beijing,CN,2008-11-04,12:00:00,1225774800,9.0,3.7,15.9,8.2,99.0,0.0,0.0,China
Beijing,CN,2008-11-05,12:00:00,1225861200,9.9,1.9,20.8,10.5,273.0,0.0,0.0,China
Beijing,CN,2008-11-06,12:00:00,1225947600,10.8,2.3,20.6,13.0,308.0,0.0,0.0,China
Beijing,CN,2008-11-07,12:00:00,1226034000,7.4,3.5,12.3,10.8,105.0,0.0,0.0,China
Beijing,CN,2008-11-08,12:00:00,1226120400,4.5,1.2,7.9,8.4,98.0,0.0,0.0,China
Beijing,CN,2008-11-09,12:00:00,1226206800,5.1,-1.5,12.7,9.2,155.0,0.0,0.0,China
Beijing,CN,2008-11-10,12:00:00,1226293200,5.4,-1.1,12.8,9.8,143.0,0.0,0.0,China
Beijing,CN,2008-11-11,12:00:00,1226379600,6.1,0.6,12.0,6.8,111.0,0.0,0.0,China
Beijing,CN,2008-11-12,12:00:00,1226466000,6.4,-0.1,12.3,6.2,33.0,0.0,0.0,China
Beijing,CN,2008-11-13,12:00:00,1226552400,8.1,1.8,14.7,13.3,323.0,0.1,0.0,China
Beijing,CN,2008-11-14,12:00:00,1226638800,5.5,-1.2,13.3,10.0,114.0,0.0,0.0,China
Beijing,CN,2008-11-15,12:00:00,1226725200,5.4,-0.8,11.8,19.9,343.0,0.0,0.0,China
Beijing,CN,2008-11-16,12:00:00,1226811600,4.2,-1.8,11.4,14.8,312.0,0.0,0.0,China
Beijing,CN,2008-11-17,12:00:00,1226898000,1.2,-3.1,7.5,20.5,319.0,0.0,0.0,China
Beijing,CN,2008-11-18,12:00:00,1226984400,-1.2,-4.7,4.5,23.9,356.0,0.0,0.0,China
Beijing,CN,2008-11-19,12:00:00,1227070800,-1.4,-6.4,4.4,12.1,176.0,0.0,0.0,China
Beijing,CN,2008-11-20,12:00:00,1227157200,2.0,-4.5,12.3,9.4,290.0,0.0,0.0,China
Beijing,CN,2008-11-21,12:00:00,1227243600,2.1,-4.1,10.7,10.5,243.0,0.0,0.0,China
Beijing,CN,2008-11-22,12:00:00,1227330000,3.3,-3.8,12.2,7.1,2.0,0.0,0.0,China
Beijing,CN,2008-11-23,12:00:00,1227416400,1.7,-3.7,7.9,7.4,20.0,0.0,0.0,China
Beijing,CN,2008-11-24,12:00:00,1227502800,3.8,-0.8,10.8,9.4,304.0,0.0,0.0,China
Beijing,CN,2008-11-25,12:00:00,1227589200,2.7,-3.3,10.2,9.9,251.0,0.0,0.0,China
Beijing,CN,2008-11-26,12:00:00,1227675600,2.8,-3.2,9.2,24.1,336.0,0.0,0.0,China
Beijing,CN,2008-11-27,12:00:00,1227762000,1.3,-3.1,7.6,14.6,294.0,0.0,0.0,China
Beijing,CN,2008-11-28,12:00:00,1227848400,2.9,-2.9,11.9,20.6,295.0,0.0,0.0,China
Beijing,CN,2008-11-29,12:00:00,1227934800,3.0,-3.0,12.2,11.1,252.0,0.0,0.0,China
Beijing,CN,2008-11-30,12:00:00,1228021200,2.9,-2.9,11.1,10.4,167.0,0.0,0.0,China
Beijing,CN,2008-12-01,12:00:00,1228107600,3.4,-3.3,12.4,21.5,313.0,0.0,0.0,China
Beijing,CN,2008-12-02,12:00:00,1228194000,2.2,-3.8,9.4,7.5,54.0,0.0,0.0,China
Beijing,CN,2008-12-03,12:00:00,1228280400,2.1,-2.5,8.8,12.6,347.0,0.0,0.0,China
Beijing,CN,2008-12-04,12:00:00,1228366800,-3.9,-8.2,-1.2,25.5,319.0,0.0,0.0,China
Beijing,CN,2008-12-05,12:00:00,1228453200,-6.4,-9.4,-1.6,16.9,304.0,0.0,0.0,China
Beijing,CN,2008-12-06,12:00:00,1228539600,-4.2,-8.9,2.2,12.1,172.0,0.0,0.0,China
Beijing,CN,2008-12-07,12:00:00,1228626000,-1.3,-5.2,5.4,10.2,178.0,0.0,0.0,China
Beijing,CN,2008-12-08,12:00:00,1228712400,-0.2,-5.5,6.8,10.5,97.0,0.0,0.0,China
Beijing,CN,2008-12-09,12:00:00,1228798800,1.1,-4.4,9.4,9.6,19.0,0.0,0.0,China
Beijing,CN,2008-12-10,12:00:00,1228885200,-1.1,-5.3,1.1,8.4,162.0,0.6,0.56,China
Beijing,CN,2008-12-11,12:00:00,1228971600,-2.6,-6.2,4.0,8.6,146.0,0.0,0.0,China
Beijing,CN,2008-12-12,12:00:00,1229058000,-1.6,-5.5,4.1,8.2,46.0,0.0,0.0,China
Beijing,CN,2008-12-13,12:00:00,1229144400,-2.6,-6.4,3.3,12.1,300.0,0.0,0.0,China
Beijing,CN,2008-12-14,12:00:00,1229230800,-2.0,-6.9,6.3,10.0,243.0,0.0,0.0,China
Beijing,CN,2008-12-15,12:00:00,1229317200,-0.7,-5.4,7.8,9.9,268.0,0.0,0.0,China
Beijing,CN,2008-12-16,12:00:00,1229403600,-0.6,-3.9,5.7,14.3,180.0,0.0,0.0,China
Beijing,CN,2008-12-17,12:00:00,1229490000,-0.7,-5.5,3.9,20.3,322.0,0.0,0.0,China
Beijing,CN,2008-12-18,12:00:00,1229576400,-2.4,-5.8,3.7,10.5,137.0,0.0,0.0,China
Beijing,CN,2008-12-19,12:00:00,1229662800,-2.1,-6.6,4.8,18.3,338.0,0.0,0.0,China
Beijing,CN,2008-12-20,12:00:00,1229749200,-3.8,-7.0,0.6,11.0,59.0,0.0,0.0,China
Beijing,CN,2008-12-21,12:00:00,1229835600,-8.7,-11.2,-4.3,31.0,332.0,0.2,0.21,China
Beijing,CN,2008-12-22,12:00:00,1229922000,-7.4,-13.1,0.4,12.9,213.0,0.0,0.0,China
Beijing,CN,2008-12-23,12:00:00,1230008400,-4.8,-9.9,2.8,9.3,260.0,0.0,0.0,China
Beijing,CN,2008-12-24,12:00:00,1230094800,-2.7,-8.2,4.3,17.6,320.0,0.0,0.0,China
Beijing,CN,2008-12-25,12:00:00,1230181200,-2.5,-6.5,3.2,14.7,304.0,0.0,0.0,China
Beijing,CN,2008-12-26,12:00:00,1230267600,-2.9,-5.9,2.9,11.6,133.0,0.0,0.0,China
Beijing,CN,2008-12-27,12:00:00,1230354000,-1.6,-4.2,2.8,6.5,41.0,0.0,0.0,China
Beijing,CN,2008-12-28,12:00:00,1230440400,-1.9,-5.7,2.3,8.7,51.0,0.0,0.0,China
Beijing,CN,2008-12-29,12:00:00,1230526800,-3.8,-7.2,1.7,22.0,302.0,0.0,0.0,China
Beijing,CN,2008-12-30,12:00:00,1230613200,-4.0,-6.8,1.0,18.5,312.0,0.0,0.0,China
Beijing,CN,2008-12-31,12:00:00,1230699600,-4.9,-7.8,0.6,16.1,331.0,0.0,0.0,China
Beijing,CN,2009-01-01,12:00:00,1230786000,-5.3,-9.9,0.6,10.1,293.0,0.0,0.0,China
Beijing,CN,2009-01-02,12:00:00,1230872400,-3.6,-8.5,2.2,8.9,122.0,0.0,0.0,China
Beijing,CN,2009-01-03,12:00:00,1230958800,-3.2,-8.3,2.7,7.7,2.0,0.0,0.0,China
Beijing,CN,2009-01-04,12:00:00,1231045200,-4.5,-8.5,0.8,9.2,22.0,0.0,0.0,China
Beijing,CN,2009-01-05,12:00:00,1231131600,-5.3,-10.2,1.0,10.3,335.0,0.0,0.0,China
Beijing,CN,2009-01-06,12:00:00,1231218000,-3.1,-7.5,3.4,11.7,318.0,0.0,0.0,China
Beijing,CN,2009-01-07,12:00:00,1231304400,-3.6,-9.1,3.2,11.4,28.0,0.0,0.0,China
Beijing,CN,2009-01-08,12:00:00,1231390800,-3.2,-6.2,0.7,18.1,341.0,0.0,0.0,China
Beijing,CN,2009-01-09,12:00:00,1231477200,-5.2,-8.5,0.1,17.1,322.0,0.0,0.0,China
Beijing,CN,2009-01-10,12:00:00,1231563600,-4.4,-10.3,2.7,16.2,313.0,0.0,0.0,China
Beijing,CN,2009-01-11,12:00:00,1231650000,-4.7,-7.3,-0.8,18.3,335.0,0.0,0.0,China
Beijing,CN,2009-01-12,12:00:00,1231736400,-5.2,-9.1,1.1,17.6,310.0,0.0,0.0,China
Beijing,CN,2009-01-13,12:00:00,1231822800,-3.6,-9.9,5.0,18.8,334.0,0.0,0.0,China
Beijing,CN,2009-01-14,12:00:00,1231909200,-5.3,-9.4,-0.4,16.2,340.0,0.0,0.0,China
Beijing,CN,2009-01-15,12:00:00,1231995600,-4.3,-8.4,1.8,9.6,160.0,0.0,0.0,China
Beijing,CN,2009-01-16,12:00:00,1232082000,-4.2,-9.1,2.2,8.9,63.0,0.0,0.0,China
Beijing,CN,2009-01-17,12:00:00,1232168400,-4.1,-6.8,0.4,6.6,67.0,0.0,0.0,China
Beijing,CN,2009-01-18,12:00:00,1232254800,-2.3,-8.0,6.7,13.4,285.0,0.0,0.0,China
Beijing,CN,2009-01-19,12:00:00,1232341200,-0.6,-5.5,6.0,8.4,94.0,0.0,0.0,China
Beijing,CN,2009-01-20,12:00:00,1232427600,0.4,-4.8,9.2,15.5,305.0,0.0,0.0,China
Beijing,CN,2009-01-21,12:00:00,1232514000,-1.1,-6.2,6.0,15.5,70.0,0.0,0.0,China
Beijing,CN,2009-01-22,12:00:00,1232600400,-6.2,-11.6,-0.2,30.3,329.0,0.0,0.0,China
Beijing,CN,2009-01-23,12:00:00,1232686800,-9.9,-12.6,-5.9,23.9,305.0,0.0,0.0,China
Beijing,CN,2009-01-24,12:00:00,1232773200,-6.8,-12.5,-0.1,20.0,260.0,0.0,0.0,China
Beijing,CN,2009-01-25,12:00:00,1232859600,-4.3,-9.1,1.3,19.3,294.0,0.0,0.0,China
Beijing,CN,2009-01-26,12:00:00,1232946000,-3.4,-8.8,3.9,10.4,223.0,0.0,0.0,China
Beijing,CN,2009-01-27,12:00:00,1233032400,-1.9,-7.2,4.6,8.7,86.0,0.0,0.0,China
Beijing,CN,2009-01-28,12:00:00,1233118800,-0.6,-7.3,7.2,6.9,14.0,0.0,0.0,China
Beijing,CN,2009-01-29,12:00:00,1233205200,0.0,-6.0,8.0,11.6,60.0,0.0,0.0,China
Beijing,CN,2009-01-30,12:00:00,1233291600,-0.5,-5.2,5.5,9.2,181.0,0.0,0.0,China
Beijing,CN,2009-01-31,12:00:00,1233378000,-0.5,-4.9,4.3,6.2,77.0,0.0,0.0,China
Beijing,CN,2009-02-01,12:00:00,1233464400,-1.1,-5.4,4.4,8.0,117.0,0.0,0.0,China
Beijing,CN,2009-02-02,12:00:00,1233550800,0.1,-5.1,8.3,12.9,58.0,0.0,0.0,China
Beijing,CN,2009-02-03,12:00:00,1233637200,-1.7,-5.6,3.9,12.3,167.0,0.0,0.0,China
Beijing,CN,2009-02-04,12:00:00,1233723600,-1.6,-6.3,4.8,7.6,68.0,0.1,0.0,China
Beijing,CN,2009-02-05,12:00:00,1233810000,0.4,-5.4,8.8,11.9,120.0,0.0,0.0,China
Beijing,CN,2009-02-06,12:00:00,1233896400,0.5,-4.5,7.6,8.0,95.0,0.0,0.0,China
Beijing,CN,2009-02-07,12:00:00,1233982800,2.5,-4.2,10.8,13.6,338.0,0.0,0.0,China
Beijing,CN,2009-02-08,12:00:00,1234069200,1.2,-4.0,7.9,9.8,143.0,0.0,0.0,China
Beijing,CN,2009-02-09,12:00:00,1234155600,3.0,-5.0,13.2,10.0,210.0,0.0,0.0,China
Beijing,CN,2009-02-10,12:00:00,1234242000,4.6,-2.3,16.3,14.1,295.0,0.0,0.0,China
Beijing,CN,2009-02-11,12:00:00,1234328400,3.1,-4.3,12.8,13.2,110.0,0.0,0.0,China
Beijing,CN,2009-02-12,12:00:00,1234414800,2.5,-1.7,6.5,14.1,357.0,10.6,0.0,China
Beijing,CN,2009-02-13,12:00:00,1234501200,4.8,0.5,9.5,18.0,93.0,0.2,0.0,China
Beijing,CN,2009-02-14,12:00:00,1234587600,1.6,-3.6,8.1,15.8,25.0,0.0,0.0,China
Beijing,CN,2009-02-15,12:00:00,1234674000,-2.8,-6.7,2.7,16.6,325.0,0.0,0.0,China
Beijing,CN,2009-02-16,12:00:00,1234760400,-3.3,-7.0,1.6,12.5,93.0,0.0,0.0,China
Beijing,CN,2009-02-17,12:00:00,1234846800,-3.4,-7.0,0.6,9.8,123.0,0.0,0.49,China
Beijing,CN,2009-02-18,12:00:00,1234933200,-2.3,-3.8,0.1,9.4,107.0,2.5,1.96,China
Beijing,CN,2009-02-19,12:00:00,1235019600,-1.4,-4.7,4.7,20.0,214.0,2.3,1.68,China
Beijing,CN,2009-02-20,12:00:00,1235106000,-2.6,-6.8,2.8,19.9,257.0,0.0,0.0,China
Beijing,CN,2009-02-21,12:00:00,1235192400,-1.6,-7.1,5.5,13.8,83.0,0.0,0.0,China
Beijing,CN,2009-02-22,12:00:00,1235278800,0.3,-4.4,4.1,19.1,65.0,0.0,0.0,China
Beijing,CN,2009-02-23,12:00:00,1235365200,-1.8,-6.6,3.7,7.6,110.0,0.0,0.0,China
Beijing,CN,2009-02-24,12:00:00,1235451600,0.8,-4.4,7.7,14.4,17.0,0.0,0.0,China
Beijing,CN,2009-02-25,12:00:00,1235538000,-0.6,-5.2,5.3,10.2,286.0,0.0,0.0,China
Beijing,CN,2009-02-26,12:00:00,1235624400,0.4,-5.4,7.8,10.1,233.0,0.0,0.0,China
Beijing,CN,2009-02-27,12:00:00,1235710800,1.9,-4.7,9.9,13.8,114.0,0.0,0.0,China
Beijing,CN,2009-02-28,12:00:00,1235797200,0.6,-5.5,9.2,13.0,113.0,0.0,0.0,China
Beijing,CN,2009-03-01,12:00:00,1235883600,1.1,-3.9,7.7,12.6,71.0,0.0,0.0,China
Beijing,CN,2009-03-02,12:00:00,1235970000,-0.9,-5.7,4.5,12.1,152.0,0.0,0.0,China
Beijing,CN,2009-03-03,12:00:00,1236056400,2.7,-2.7,9.2,10.9,160.0,0.0,0.0,China
Beijing,CN,2009-03-04,12:00:00,1236142800,3.2,-2.3,8.4,12.0,137.0,0.5,0.28,China
Beijing,CN,2009-03-05,12:00:00,1236229200,4.8,-1.7,11.4,29.9,302.0,1.7,0.07,China
Beijing,CN,2009-03-06,12:00:00,1236315600,3.2,-4.0,10.4,16.4,236.0,0.0,0.0,China
Beijing,CN,2009-03-07,12:00:00,1236402000,4.7,-1.7,12.0,10.3,155.0,0.0,0.0,China
Beijing,CN,2009-03-08,12:00:00,1236488400,6.9,-3.6,17.8,15.9,285.0,0.0,0.0,China
Beijing,CN,2009-03-09,12:00:00,1236574800,5.0,-0.5,10.1,14.1,25.0,0.0,0.0,China
Beijing,CN,2009-03-10,12:00:00,1236661200,3.5,-2.6,10.2,9.8,162.0,0.0,0.0,China
Beijing,CN,2009-03-11,12:00:00,1236747600,5.1,-2.2,11.7,10.7,151.0,0.0,0.0,China
Beijing,CN,2009-03-12,12:00:00,1236834000,6.6,3.2,13.6,23.2,318.0,2.7,0.0,China
Beijing,CN,2009-03-13,12:00:00,1236920400,0.6,-4.3,5.6,23.6,316.0,0.0,0.0,China
Beijing,CN,2009-03-14,12:00:00,1237006800,3.6,-5.2,13.0,15.0,200.0,0.0,0.0,China
Beijing,CN,2009-03-15,12:00:00,1237093200,8.6,-2.5,19.7,18.8,303.0,0.0,0.0,China
Beijing,CN,2009-03-16,12:00:00,1237179600,9.1,-0.3,19.7,15.6,161.0,0.0,0.0,China
Beijing,CN,2009-03-17,12:00:00,1237266000,11.2,1.2,22.7,11.2,53.0,0.0,0.0,China
Beijing,CN,2009-03-18,12:00:00,1237352400,14.8,3.1,26.3,15.4,353.0,0.0,0.0,China
Beijing,CN,2009-03-19,12:00:00,1237438800,11.4,5.3,16.3,15.3,138.0,0.0,0.0,China
Beijing,CN,2009-03-20,12:00:00,1237525200,8.6,1.2,16.1,14.6,141.0,0.0,0.0,China
Beijing,CN,2009-03-21,12:00:00,1237611600,11.0,5.3,16.6,24.1,10.0,0.2,0.0,China
Beijing,CN,2009-03-22,12:00:00,1237698000,7.7,2.6,12.1,23.8,360.0,0.0,0.0,China
Beijing,CN,2009-03-23,12:00:00,1237784400,5.7,-1.2,11.6,11.9,110.0,0.0,0.0,China
Beijing,CN,2009-03-24,12:00:00,1237870800,4.5,-1.1,9.0,18.5,349.0,0.9,0.7,China
Beijing,CN,2009-03-25,12:00:00,1237957200,6.6,-3.7,17.2,20.6,269.0,0.0,0.0,China
Beijing,CN,2009-03-26,12:00:00,1238043600,6.9,-2.6,15.7,15.1,207.0,0.0,0.0,China
Beijing,CN,2009-03-27,12:00:00,1238130000,6.2,-1.0,12.9,14.8,114.0,0.0,0.0,China
Beijing,CN,2009-03-28,12:00:00,1238216400,5.4,-2.3,14.5,17.1,108.0,0.0,0.0,China
Beijing,CN,2009-03-29,12:00:00,1238302800,2.5,-1.7,6.6,9.7,97.0,0.6,0.35,China
Beijing,CN,2009-03-30,12:00:00,1238389200,4.0,-1.8,8.9,8.0,33.0,0.0,0.0,China
Beijing,CN,2009-03-31,12:00:00,1238475600,4.0,-4.1,10.6,13.4,331.0,0.0,0.0,China
Beijing,CN,2009-04-01,12:00:00,1238562000,6.4,-2.7,14.6,12.3,280.0,0.0,0.0,China
Beijing,CN,2009-04-02,12:00:00,1238648400,8.6,0.9,16.5,14.5,187.0,0.0,0.0,China
Beijing,CN,2009-04-03,12:00:00,1238734800,10.2,5.3,15.6,10.9,189.0,0.0,0.0,China
Beijing,CN,2009-04-04,12:00:00,1238821200,11.6,2.4,19.6,11.5,333.0,0.0,0.0,China
Beijing,CN,2009-04-05,12:00:00,1238907600,12.6,2.3,21.6,13.5,313.0,0.0,0.0,China
Beijing,CN,2009-04-06,12:00:00,1238994000,15.5,3.5,26.7,13.7,258.0,0.0,0.0,China
Beijing,CN,2009-04-07,12:00:00,1239080400,16.7,7.0,26.6,10.7,159.0,0.0,0.0,China
Beijing,CN,2009-04-08,12:00:00,1239166800,17.8,8.9,27.0,12.6,194.0,0.0,0.0,China
Beijing,CN,2009-04-09,12:00:00,1239253200,18.5,10.2,26.6,18.9,191.0,0.0,0.0,China
Beijing,CN,2009-04-10,12:00:00,1239339600,17.6,9.7,24.7,18.6,194.0,0.0,0.0,China
Beijing,CN,2009-04-11,12:00:00,1239426000,17.6,13.7,22.5,9.6,129.0,0.0,0.0,China
Beijing,CN,2009-04-12,12:00:00,1239512400,18.1,9.6,26.3,9.4,112.0,0.0,0.0,China
Beijing,CN,2009-04-13,12:00:00,1239598800,19.3,12.3,27.2,16.8,50.0,0.1,0.0,China
Beijing,CN,2009-04-14,12:00:00,1239685200,16.3,10.4,23.3,17.5,184.0,0.0,0.0,China
Beijing,CN,2009-04-15,12:00:00,1239771600,12.1,6.8,16.5,24.1,55.0,5.0,0.0,China
Beijing,CN,2009-04-16,12:00:00,1239858000,12.2,5.3,19.2,14.6,188.0,0.0,0.0,China
Beijing,CN,2009-04-17,12:00:00,1239944400,15.2,7.8,22.9,15.9,171.0,0.0,0.0,China
Beijing,CN,2009-04-18,12:00:00,1240030800,16.9,11.2,24.8,12.8,77.0,0.0,0.0,China
Beijing,CN,2009-04-19,12:00:00,1240117200,13.4,12.1,15.0,5.8,94.0,4.0,0.0,China
Beijing,CN,2009-04-20,12:00:00,1240203600,14.9,11.2,21.6,31.0,316.0,0.2,0.0,China
Beijing,CN,2009-04-21,12:00:00,1240290000,16.1,10.2,23.0,21.7,316.0,0.0,0.0,China
Beijing,CN,2009-04-22,12:00:00,1240376400,13.3,4.8,22.0,20.9,127.0,0.0,0.0,China
Beijing,CN,2009-04-23,12:00:00,1240462800,11.1,8.2,15.4,15.8,108.0,10.5,0.0,China
Beijing,CN,2009-04-24,12:00:00,1240549200,13.4,7.4,20.2,29.0,335.0,5.3,0.0,China
Beijing,CN,2009-04-25,12:00:00,1240635600,12.9,5.5,19.7,27.7,334.0,0.0,0.0,China
Beijing,CN,2009-04-26,12:00:00,1240722000,14.2,4.6,21.6,11.6,287.0,0.0,0.0,China
Beijing,CN,2009-04-27,12:00:00,1240808400,16.2,5.7,24.9,14.1,208.0,0.0,0.0,China
Beijing,CN,2009-04-28,12:00:00,1240894800,16.2,9.3,22.7,11.2,108.0,0.0,0.0,China
Beijing,CN,2009-04-29,12:00:00,1240981200,16.6,8.2,23.6,15.2,144.0,0.6,0.0,China
Beijing,CN,2009-04-30,12:00:00,1241067600,20.5,10.2,28.8,9.9,113.0,0.0,0.0,China
Beijing,CN,2009-05-01,12:00:00,1241154000,18.7,12.8,22.8,20.0,291.0,0.3,0.0,China
Beijing,CN,2009-05-02,12:00:00,1241240400,19.3,9.0,29.4,11.0,239.0,0.0,0.0,China
Beijing,CN,2009-05-03,12:00:00,1241326800,21.3,9.3,31.9,12.0,227.0,0.0,0.0,China
Beijing,CN,2009-05-04,12:00:00,1241413200,22.9,14.7,30.9,14.1,176.0,0.0,0.0,China
Beijing,CN,2009-05-05,12:00:00,1241499600,23.7,16.6,30.4,18.8,178.0,0.0,0.0,China
Beijing,CN,2009-05-06,12:00:00,1241586000,24.3,15.4,31.6,20.3,189.0,0.0,0.0,China
Beijing,CN,2009-05-07,12:00:00,1241672400,25.9,17.5,34.0,12.7,163.0,0.0,0.0,China
Beijing,CN,2009-05-08,12:00:00,1241758800,26.4,17.4,33.4,25.2,172.0,0.1,0.0,China
Beijing,CN,2009-05-09,12:00:00,1241845200,23.0,17.8,29.9,26.9,44.0,2.2,0.0,China
Beijing,CN,2009-05-10,12:00:00,1241931600,18.9,15.6,24.4,12.6,160.0,0.0,0.0,China
Beijing,CN,2009-05-11,12:00:00,1242018000,21.2,13.5,29.2,13.6,225.0,0.0,0.0,China
Beijing,CN,2009-05-12,12:00:00,1242104400,23.0,15.5,29.5,17.8,322.0,0.0,0.0,China
Beijing,CN,2009-05-13,12:00:00,1242190800,22.3,11.7,30.2,10.4,239.0,0.0,0.0,China
Beijing,CN,2009-05-14,12:00:00,1242277200,21.4,14.2,27.3,20.5,208.0,1.0,0.0,China
Beijing,CN,2009-05-15,12:00:00,1242363600,17.9,14.0,22.8,13.0,165.0,0.0,0.0,China
Beijing,CN,2009-05-16,12:00:00,1242450000,20.4,12.6,27.8,24.7,299.0,0.1,0.0,China
Beijing,CN,2009-05-17,12:00:00,1242536400,22.3,11.4,31.0,20.9,271.0,0.0,0.0,China
Beijing,CN,2009-05-18,12:00:00,1242622800,25.9,12.9,35.8,16.6,250.0,0.0,0.0,China
Beijing,CN,2009-05-19,12:00:00,1242709200,26.9,15.0,36.7,14.5,204.0,0.0,0.0,China
Beijing,CN,2009-05-20,12:00:00,1242795600,26.8,18.4,33.9,19.5,174.0,0.0,0.0,China
Beijing,CN,2009-05-21,12:00:00,1242882000,21.4,14.7,27.5,17.7,182.0,8.2,0.0,China
Beijing,CN,2009-05-22,12:00:00,1242968400,21.8,14.6,29.2,13.7,320.0,0.0,0.0,China
Beijing,CN,2009-05-23,12:00:00,1243054800,25.1,13.2,34.8,15.2,239.0,0.0,0.0,China
Beijing,CN,2009-05-24,12:00:00,1243141200,25.9,16.5,33.9,11.6,119.0,0.0,0.0,China
Beijing,CN,2009-05-25,12:00:00,1243227600,25.6,17.8,32.4,11.3,144.0,0.0,0.0,China
Beijing,CN,2009-05-26,12:00:00,1243314000,26.1,18.1,33.4,17.8,192.0,0.0,0.0,China
Beijing,CN,2009-05-27,12:00:00,1243400400,26.0,18.5,32.1,19.2,191.0,0.0,0.0,China
Beijing,CN,2009-05-28,12:00:00,1243486800,22.7,18.7,24.9,19.0,214.0,0.1,0.0,China
Beijing,CN,2009-05-29,12:00:00,1243573200,22.2,16.1,27.8,26.4,318.0,0.0,0.0,China
Beijing,CN,2009-05-30,12:00:00,1243659600,22.4,12.1,30.5,25.5,310.0,0.0,0.0,China
Beijing,CN,2009-05-31,12:00:00,1243746000,25.2,11.8,34.4,19.8,252.0,0.0,0.0,China
Beijing,CN,2009-06-01,12:00:00,1243832400,29.0,17.3,39.1,16.3,281.0,0.0,0.0,China
Beijing,CN,2009-06-02,12:00:00,1243918800,27.0,19.8,32.7,18.6,63.0,0.0,0.0,China
Beijing,CN,2009-06-03,12:00:00,1244005200,26.0,16.4,32.5,13.7,261.0,0.0,0.0,China
Beijing,CN,2009-06-04,12:00:00,1244091600,27.8,17.9,36.6,20.5,276.0,0.0,0.0,China
Beijing,CN,2009-06-05,12:00:00,1244178000,25.9,19.2,32.1,19.0,91.0,0.0,0.0,China
Beijing,CN,2009-06-06,12:00:00,1244264400,19.3,17.9,21.6,9.2,130.0,5.1,0.0,China
Beijing,CN,2009-06-07,12:00:00,1244350800,22.8,17.1,29.3,12.3,160.0,0.0,0.0,China
Beijing,CN,2009-06-08,12:00:00,1244437200,19.6,18.3,21.5,15.0,75.0,35.8,0.0,China
Beijing,CN,2009-06-09,12:00:00,1244523600,23.0,16.6,29.3,13.2,309.0,2.7,0.0,China
Beijing,CN,2009-06-10,12:00:00,1244610000,25.5,20.0,32.3,26.9,316.0,0.0,0.0,China
Beijing,CN,2009-06-11,12:00:00,1244696400,24.4,16.0,33.1,14.8,65.0,0.0,0.0,China
Beijing,CN,2009-06-12,12:00:00,1244782800,23.8,15.1,30.6,10.8,276.0,0.0,0.0,China
Beijing,CN,2009-06-13,12:00:00,1244869200,23.9,17.5,30.6,11.2,51.0,0.3,0.0,China
Beijing,CN,2009-06-14,12:00:00,1244955600,25.3,18.1,31.8,10.5,69.0,0.0,0.0,China
Beijing,CN,2009-06-15,12:00:00,1245042000,25.9,18.2,33.1,15.6,114.0,0.8,0.0,China
Beijing,CN,2009-06-16,12:00:00,1245128400,21.7,19.0,25.4,9.7,69.0,17.8,0.0,China
Beijing,CN,2009-06-17,12:00:00,1245214800,23.6,19.2,28.1,9.8,155.0,0.1,0.0,China
Beijing,CN,2009-06-18,12:00:00,1245301200,24.1,20.7,30.7,11.0,106.0,17.1,0.0,China
Beijing,CN,2009-06-19,12:00:00,1245387600,25.4,19.4,30.7,16.8,231.0,2.2,0.0,China
Beijing,CN,2009-06-20,12:00:00,1245474000,25.4,15.6,34.2,17.0,202.0,0.0,0.0,China
Beijing,CN,2009-06-21,12:00:00,1245560400,25.5,17.0,32.5,22.3,335.0,0.0,0.0,China
Beijing,CN,2009-06-22,12:00:00,1245646800,26.1,19.6,33.0,14.7,287.0,0.0,0.0,China
Beijing,CN,2009-06-23,12:00:00,1245733200,26.5,18.7,34.2,10.2,199.0,0.0,0.0,China
Beijing,CN,2009-06-24,12:00:00,1245819600,29.2,18.4,38.9,17.3,202.0,0.0,0.0,China
Beijing,CN,2009-06-25,12:00:00,1245906000,29.4,19.4,37.4,15.6,84.0,0.0,0.0,China
Beijing,CN,2009-06-26,12:00:00,1245992400,30.6,23.3,38.1,17.7,171.0,0.0,0.0,China
Beijing,CN,2009-06-27,12:00:00,1246078800,30.7,23.2,36.5,16.6,155.0,0.2,0.0,China
Beijing,CN,2009-06-28,12:00:00,1246165200,30.5,22.0,37.3,19.6,210.0,0.0,0.0,China
Beijing,CN,2009-06-29,12:00:00,1246251600,28.9,18.6,36.5,19.7,318.0,0.0,0.0,China
Beijing,CN,2009-06-30,12:00:00,1246338000,28.5,22.6,34.3,15.5,346.0,0.0,0.0,China
Beijing,CN,2009-07-01,12:00:00,1246424400,28.1,21.3,33.4,15.5,360.0,0.0,0.0,China
Beijing,CN,2009-07-02,12:00:00,1246510800,29.5,20.3,36.7,10.4,7.0,0.0,0.0,China
Beijing,CN,2009-07-03,12:00:00,1246597200,31.2,23.5,39.0,12.8,138.0,0.0,0.0,China
Beijing,CN,2009-07-04,12:00:00,1246683600,31.6,24.6,39.2,16.2,97.0,0.0,0.0,China
Beijing,CN,2009-07-05,12:00:00,1246770000,29.0,25.1,37.2,10.4,100.0,2.5,0.0,China
Beijing,CN,2009-07-06,12:00:00,1246856400,27.8,23.7,33.7,14.0,104.0,1.5,0.0,China
Beijing,CN,2009-07-07,12:00:00,1246942800,29.2,23.0,35.2,9.2,150.0,0.0,0.0,China
Beijing,CN,2009-07-08,12:00:00,1247029200,24.7,19.8,28.3,14.0,232.0,2.0,0.0,China
Beijing,CN,2009-07-09,12:00:00,1247115600,26.5,18.4,34.5,12.6,216.0,0.0,0.0,China
Beijing,CN,2009-07-10,12:00:00,1247202000,29.6,22.6,36.3,16.0,182.0,0.0,0.0,China
Beijing,CN,2009-07-11,12:00:00,1247288400,29.3,25.1,35.0,13.6,150.0,0.2,0.0,China
Beijing,CN,2009-07-12,12:00:00,1247374800,29.5,23.9,34.9,16.3,175.0,0.0,0.0,China
Beijing,CN,2009-07-13,12:00:00,1247461200,27.7,23.4,34.3,7.9,132.0,16.4,0.0,China
Beijing,CN,2009-07-14,12:00:00,1247547600,27.5,22.8,33.6,13.0,167.0,0.6,0.0,China
Beijing,CN,2009-07-15,12:00:00,1247634000,29.2,21.7,35.4,10.0,142.0,0.0,0.0,China
Beijing,CN,2009-07-16,12:00:00,1247720400,28.2,24.2,33.1,19.6,193.0,0.0,0.0,China
Beijing,CN,2009-07-17,12:00:00,1247806800,23.9,22.8,25.8,9.4,12.0,46.4,0.0,China
Beijing,CN,2009-07-18,12:00:00,1247893200,26.6,21.6,31.5,10.5,248.0,0.0,0.0,China
Beijing,CN,2009-07-19,12:00:00,1247979600,27.2,22.3,31.4,11.0,166.0,0.0,0.0,China
Beijing,CN,2009-07-20,12:00:00,1248066000,28.4,24.3,33.7,10.1,143.0,6.7,0.0,China
Beijing,CN,2009-07-21,12:00:00,1248152400,27.6,23.0,32.8,12.6,90.0,2.1,0.0,China
Beijing,CN,2009-07-22,12:00:00,1248238800,27.5,23.9,33.2,14.2,122.0,1.9,0.0,China
Beijing,CN,2009-07-23,12:00:00,1248325200,24.6,21.0,28.9,12.0,123.0,16.1,0.0,China
Beijing,CN,2009-07-24,12:00:00,1248411600,22.8,20.6,26.5,11.9,18.0,20.7,0.0,China
Beijing,CN,2009-07-25,12:00:00,1248498000,23.7,18.9,28.5,8.6,349.0,0.0,0.0,China
Beijing,CN,2009-07-26,12:00:00,1248584400,24.8,19.4,30.1,8.7,171.0,0.0,0.0,China
Beijing,CN,2009-07-27,12:00:00,1248670800,24.5,20.7,28.0,9.7,146.0,0.0,0.0,China
Beijing,CN,2009-07-28,12:00:00,1248757200,24.6,19.7,29.0,9.2,132.0,0.1,0.0,China
Beijing,CN,2009-07-29,12:00:00,1248843600,24.9,20.8,29.9,10.9,128.0,3.4,0.0,China
Beijing,CN,2009-07-30,12:00:00,1248930000,25.0,21.8,30.1,8.9,122.0,6.2,0.0,China
Beijing,CN,2009-07-31,12:00:00,1249016400,25.7,21.4,30.8,9.0,136.0,1.2,0.0,China
Beijing,CN,2009-08-01,12:00:00,1249102800,26.2,22.9,30.5,10.1,164.0,5.9,0.0,China
Beijing,CN,2009-08-02,12:00:00,1249189200,26.1,22.0,30.9,10.1,100.0,0.0,0.0,China
Beijing,CN,2009-08-03,12:00:00,1249275600,26.2,21.5,31.0,9.0,134.0,0.4,0.0,China
Beijing,CN,2009-08-04,12:00:00,1249362000,25.0,22.1,29.3,9.6,121.0,2.2,0.0,China
Beijing,CN,2009-08-05,12:00:00,1249448400,23.4,20.7,27.6,8.7,107.0,17.9,0.0,China
Beijing,CN,2009-08-06,12:00:00,1249534800,23.2,20.4,27.5,6.0,91.0,27.4,0.0,China
Beijing,CN,2009-08-07,12:00:00,1249621200,24.2,21.3,28.7,7.4,90.0,7.5,0.0,China
Beijing,CN,2009-08-08,12:00:00,1249707600,25.5,21.4,29.9,8.5,132.0,0.1,0.0,China
Beijing,CN,2009-08-09,12:00:00,1249794000,25.4,21.7,29.7,9.0,150.0,6.1,0.0,China
Beijing,CN,2009-08-10,12:00:00,1249880400,26.6,22.8,31.3,8.9,193.0,0.0,0.0,China
Beijing,CN,2009-08-11,12:00:00,1249966800,26.7,20.0,34.3,10.7,294.0,0.0,0.0,China
Beijing,CN,2009-08-12,12:00:00,1250053200,26.5,19.7,34.0,7.9,21.0,0.0,0.0,China
Beijing,CN,2009-08-13,12:00:00,1250139600,27.3,20.0,34.3,9.5,119.0,0.0,0.0,China
Beijing,CN,2009-08-14,12:00:00,1250226000,28.0,22.3,34.7,14.2,173.0,0.0,0.0,China
Beijing,CN,2009-08-15,12:00:00,1250312400,27.9,22.5,33.1,8.0,137.0,0.0,0.0,China
Beijing,CN,2009-08-16,12:00:00,1250398800,25.6,22.7,29.6,10.1,52.0,21.2,0.0,China
Beijing,CN,2009-08-17,12:00:00,1250485200,22.8,21.9,24.8,11.9,96.0,20.6,0.0,China
Beijing,CN,2009-08-18,12:00:00,1250571600,24.3,20.7,27.8,5.2,94.0,0.0,0.0,China
Beijing,CN,2009-08-19,12:00:00,1250658000,24.1,21.4,28.3,7.9,319.0,5.6,0.0,China
Beijing,CN,2009-08-20,12:00:00,1250744400,24.9,16.8,32.3,13.6,254.0,0.0,0.0,China
Beijing,CN,2009-08-21,12:00:00,1250830800,25.1,21.3,30.1,9.5,286.0,0.0,0.0,China
Beijing,CN,2009-08-22,12:00:00,1250917200,23.0,18.4,28.8,11.6,199.0,0.0,0.0,China
Beijing,CN,2009-08-23,12:00:00,1251003600,23.6,17.2,31.4,12.5,178.0,0.0,0.0,China
Beijing,CN,2009-08-24,12:00:00,1251090000,23.4,18.7,27.4,6.7,111.0,0.0,0.0,China
Beijing,CN,2009-08-25,12:00:00,1251176400,23.0,22.0,25.4,5.4,143.0,11.3,0.0,China
Beijing,CN,2009-08-26,12:00:00,1251262800,24.9,21.0,29.8,12.5,185.0,1.7,0.0,China
Beijing,CN,2009-08-27,12:00:00,1251349200,24.1,19.6,29.4,16.3,334.0,0.3,0.0,China
Beijing,CN,2009-08-28,12:00:00,1251435600,21.4,17.3,26.1,17.1,23.0,0.0,0.0,China
Beijing,CN,2009-08-29,12:00:00,1251522000,20.2,16.3,25.0,9.3,189.0,0.0,0.0,China
Beijing,CN,2009-08-30,12:00:00,1251608400,19.9,14.1,25.9,14.2,171.0,0.0,0.0,China
Beijing,CN,2009-08-31,12:00:00,1251694800,21.7,16.0,27.4,14.5,163.0,0.0,0.0,China
Beijing,CN,2009-09-01,12:00:00,1251781200,22.3,17.1,27.4,13.0,162.0,0.0,0.0,China
Beijing,CN,2009-09-02,12:00:00,1251867600,22.5,18.9,26.3,7.7,124.0,0.0,0.0,China
Beijing,CN,2009-09-03,12:00:00,1251954000,23.0,18.4,27.5,6.6,67.0,0.2,0.0,China
Beijing,CN,2009-09-04,12:00:00,1252040400,22.6,20.8,25.7,9.7,112.0,2.8,0.0,China
Beijing,CN,2009-09-05,12:00:00,1252126800,23.5,21.2,28.0,10.0,48.0,1.4,0.0,China
Beijing,CN,2009-09-06,12:00:00,1252213200,17.2,15.4,21.5,14.4,353.0,2.7,0.0,China
Beijing,CN,2009-09-07,12:00:00,1252299600,17.3,14.6,20.4,9.7,286.0,2.0,0.0,China
Beijing,CN,2009-09-08,12:00:00,1252386000,18.3,14.3,23.9,8.6,253.0,0.0,0.0,China
Beijing,CN,2009-09-09,12:00:00,1252472400,19.6,9.9,28.8,9.1,266.0,0.0,0.0,China
Beijing,CN,2009-09-10,12:00:00,1252558800,20.6,16.3,26.4,10.2,208.0,0.0,0.0,China
Beijing,CN,2009-09-11,12:00:00,1252645200,20.8,15.1,28.0,24.2,303.0,0.0,0.0,China
Beijing,CN,2009-09-12,12:00:00,1252731600,21.0,14.6,28.6,12.3,280.0,0.0,0.0,China
Beijing,CN,2009-09-13,12:00:00,1252818000,20.9,14.4,28.4,13.6,190.0,0.0,0.0,China
Beijing,CN,2009-09-14,12:00:00,1252904400,22.2,15.8,31.0,8.4,228.0,0.0,0.0,China
Beijing,CN,2009-09-15,12:00:00,1252990800,21.7,11.8,30.0,12.6,226.0,0.0,0.0,China
Beijing,CN,2009-09-16,12:00:00,1253077200,23.4,17.5,29.5,18.4,169.0,0.0,0.0,China
Beijing,CN,2009-09-17,12:00:00,1253163600,23.8,18.7,29.3,7.7,137.0,0.0,0.0,China
Beijing,CN,2009-09-18,12:00:00,1253250000,22.3,18.0,26.6,16.3,109.0,0.0,0.0,China
Beijing,CN,2009-09-19,12:00:00,1253336400,22.3,18.4,28.0,16.4,162.0,0.0,0.0,China
Beijing,CN,2009-09-20,12:00:00,1253422800,18.5,14.3,23.8,25.1,287.0,3.2,0.0,China
Beijing,CN,2009-09-21,12:00:00,1253509200,18.3,9.5,26.2,13.4,262.0,0.0,0.0,China
Beijing,CN,2009-09-22,12:00:00,1253595600,19.2,12.1,27.2,17.7,170.0,0.0,0.0,China
Beijing,CN,2009-09-23,12:00:00,1253682000,20.2,13.1,26.5,11.5,57.0,0.0,0.0,China
Beijing,CN,2009-09-24,12:00:00,1253768400,21.3,14.3,27.2,8.0,82.0,0.0,0.0,China
Beijing,CN,2009-09-25,12:00:00,1253854800,22.7,16.2,28.2,8.0,51.0,5.3,0.0,China
Beijing,CN,2009-09-26,12:00:00,1253941200,21.0,18.6,24.6,9.0,103.0,7.2,0.0,China
Beijing,CN,2009-09-27,12:00:00,1254027600,20.4,17.9,25.0,9.7,117.0,0.4,0.0,China
Beijing,CN,2009-09-28,12:00:00,1254114000,20.1,13.1,26.2,9.7,101.0,0.0,0.0,China
Beijing,CN,2009-09-29,12:00:00,1254200400,20.1,16.7,25.1,11.5,132.0,0.1,0.0,China
Beijing,CN,2009-09-30,12:00:00,1254286800,21.4,16.7,27.0,8.9,114.0,1.1,0.0,China
Beijing,CN,2009-10-01,12:00:00,1254373200,21.3,15.2,27.8,14.2,336.0,3.9,0.0,China
Beijing,CN,2009-10-02,12:00:00,1254459600,18.7,9.5,27.0,12.2,291.0,0.0,0.0,China
Beijing,CN,2009-10-03,12:00:00,1254546000,17.0,10.2,23.7,12.9,326.0,0.0,0.0,China
Beijing,CN,2009-10-04,12:00:00,1254632400,16.1,9.9,23.3,11.6,295.0,0.0,0.0,China
Beijing,CN,2009-10-05,12:00:00,1254718800,17.4,8.8,26.7,13.3,182.0,0.0,0.0,China
Beijing,CN,2009-10-06,12:00:00,1254805200,16.6,10.9,22.6,14.9,49.0,0.0,0.0,China
Beijing,CN,2009-10-07,12:00:00,1254891600,15.1,11.6,19.8,9.7,141.0,0.0,0.0,China
Beijing,CN,2009-10-08,12:00:00,1254978000,13.6,10.9,18.1,8.7,103.0,1.8,0.0,China
Beijing,CN,2009-10-09,12:00:00,1255064400,14.6,9.8,19.6,6.9,3.0,0.0,0.0,China
Beijing,CN,2009-10-10,12:00:00,1255150800,14.4,7.5,20.3,7.6,293.0,0.0,0.0,China
Beijing,CN,2009-10-11,12:00:00,1255237200,15.6,12.2,20.5,10.0,153.0,0.2,0.0,China
Beijing,CN,2009-10-12,12:00:00,1255323600,15.7,9.9,23.4,11.6,295.0,0.4,0.0,China
Beijing,CN,2009-10-13,12:00:00,1255410000,15.9,10.8,23.1,18.7,312.0,0.0,0.0,China
Beijing,CN,2009-10-14,12:00:00,1255496400,15.4,6.3,24.6,10.5,273.0,0.0,0.0,China
Beijing,CN,2009-10-15,12:00:00,1255582800,16.4,7.4,25.6,10.3,163.0,0.0,0.0,China
Beijing,CN,2009-10-16,12:00:00,1255669200,14.4,8.5,20.4,28.6,305.0,0.0,0.0,China
Beijing,CN,2009-10-17,12:00:00,1255755600,14.5,6.0,22.3,10.4,233.0,0.0,0.0,China
Beijing,CN,2009-10-18,12:00:00,1255842000,12.9,8.3,21.4,34.9,324.0,0.2,0.0,China
Beijing,CN,2009-10-19,12:00:00,1255928400,9.7,3.7,15.8,18.8,290.0,0.0,0.0,China
Beijing,CN,2009-10-20,12:00:00,1256014800,11.1,3.1,21.5,21.3,332.0,0.0,0.0,China
Beijing,CN,2009-10-21,12:00:00,1256101200,11.5,3.2,20.2,17.0,160.0,0.0,0.0,China
Beijing,CN,2009-10-22,12:00:00,1256187600,13.9,4.8,23.5,9.9,254.0,0.0,0.0,China
Beijing,CN,2009-10-23,12:00:00,1256274000,14.4,7.1,22.4,8.2,97.0,0.0,0.0,China
Beijing,CN,2009-10-24,12:00:00,1256360400,15.0,6.8,23.1,8.6,42.0,0.0,0.0,China
Beijing,CN,2009-10-25,12:00:00,1256446800,14.8,8.1,22.0,8.7,343.0,0.0,0.0,China
Beijing,CN,2009-10-26,12:00:00,1256533200,13.5,7.7,20.7,15.5,343.0,0.0,0.0,China
Beijing,CN,2009-10-27,12:00:00,1256619600,12.0,6.4,18.7,10.4,126.0,0.0,0.0,China
Beijing,CN,2009-10-28,12:00:00,1256706000,13.5,5.9,21.1,8.3,57.0,0.0,0.0,China
Beijing,CN,2009-10-29,12:00:00,1256792400,14.9,6.3,24.1,8.8,8.0,0.0,0.0,China
Beijing,CN,2009-10-30,12:00:00,1256878800,10.8,8.4,12.1,12.7,78.0,0.0,0.0,China
Beijing,CN,2009-10-31,12:00:00,1256965200,8.8,4.6,14.1,16.6,98.0,0.0,0.0,China
Beijing,CN,2009-11-01,12:00:00,1257051600,1.5,-1.7,5.0,22.7,13.0,6.5,4.06,China
Beijing,CN,2009-11-02,12:00:00,1257138000,0.3,-4.9,6.2,16.5,274.0,0.0,0.0,China
Beijing,CN,2009-11-03,12:00:00,1257224400,2.4,-3.1,9.7,10.1,174.0,0.0,0.0,China
Beijing,CN,2009-11-04,12:00:00,1257310800,5.0,-3.1,15.1,10.4,271.0,0.0,0.0,China
Beijing,CN,2009-11-05,12:00:00,1257397200,7.2,-1.2,17.0,9.4,335.0,0.0,0.0,China
Beijing,CN,2009-11-06,12:00:00,1257483600,8.7,0.8,16.6,7.0,40.0,0.0,0.0,China
Beijing,CN,2009-11-07,12:00:00,1257570000,9.5,2.0,18.1,7.9,22.0,0.0,0.0,China
Beijing,CN,2009-11-08,12:00:00,1257656400,9.5,4.4,12.9,7.3,30.0,0.0,0.0,China
Beijing,CN,2009-11-09,12:00:00,1257742800,4.9,2.2,9.0,9.8,68.0,0.0,0.0,China
Beijing,CN,2009-11-10,12:00:00,1257829200,2.4,0.7,4.7,11.6,22.0,0.0,0.0,China
Beijing,CN,2009-11-11,12:00:00,1257915600,2.5,0.8,4.5,7.9,26.0,0.0,0.0,China
Beijing,CN,2009-11-12,12:00:00,1258002000,0.9,-1.5,2.2,6.5,184.0,1.7,1.26,China
Beijing,CN,2009-11-13,12:00:00,1258088400,1.0,-3.3,7.9,10.1,258.0,0.0,0.0,China
Beijing,CN,2009-11-14,12:00:00,1258174800,-0.3,-3.2,5.1,18.7,319.0,0.0,0.0,China
Beijing,CN,2009-11-15,12:00:00,1258261200,-2.4,-5.1,2.1,17.6,323.0,0.0,0.0,China
Beijing,CN,2009-11-16,12:00:00,1258347600,-3.2,-6.1,1.5,16.9,311.0,0.0,0.0,China
Beijing,CN,2009-11-17,12:00:00,1258434000,-2.9,-6.9,3.7,13.3,268.0,0.0,0.0,China
Beijing,CN,2009-11-18,12:00:00,1258520400,-2.6,-7.7,4.9,10.9,281.0,0.0,0.0,China
Beijing,CN,2009-11-19,12:00:00,1258606800,-2.6,-6.5,2.9,12.4,220.0,0.0,0.0,China
Beijing,CN,2009-11-20,12:00:00,1258693200,-1.9,-6.4,4.7,17.4,301.0,0.0,0.0,China
Beijing,CN,2009-11-21,12:00:00,1258779600,-1.6,-5.7,4.8,10.9,197.0,0.0,0.0,China
Beijing,CN,2009-11-22,12:00:00,1258866000,-0.3,-4.7,7.1,10.3,216.0,0.0,0.0,China
Beijing,CN,2009-11-23,12:00:00,1258952400,0.7,-4.6,8.1,7.2,17.0,0.0,0.0,China
Beijing,CN,2009-11-24,12:00:00,1259038800,3.0,-2.1,10.1,11.0,326.0,0.0,0.0,China
Beijing,CN,2009-11-25,12:00:00,1259125200,1.1,-3.9,6.0,10.5,130.0,0.0,0.0,China
Beijing,CN,2009-11-26,12:00:00,1259211600,2.8,-1.2,6.6,8.1,137.0,0.0,0.0,China
Beijing,CN,2009-11-27,12:00:00,1259298000,0.5,-2.9,5.2,9.4,183.0,0.0,0.0,China
Beijing,CN,2009-11-28,12:00:00,1259384400,-0.4,-3.6,4.1,8.8,153.0,0.0,0.0,China
Beijing,CN,2009-11-29,12:00:00,1259470800,0.7,-3.3,7.7,10.2,253.0,0.0,0.0,China
Beijing,CN,2009-11-30,12:00:00,1259557200,0.9,-4.2,9.9,8.8,293.0,0.0,0.0,China
Beijing,CN,2009-12-01,12:00:00,1259643600,1.1,-4.7,8.2,9.2,11.0,0.0,0.0,China
Beijing,CN,2009-12-02,12:00:00,1259730000,1.4,-2.9,7.6,18.0,327.0,0.0,0.0,China
Beijing,CN,2009-12-03,12:00:00,1259816400,-0.7,-5.0,4.6,12.6,159.0,0.0,0.0,China
Beijing,CN,2009-12-04,12:00:00,1259902800,-1.2,-4.5,4.7,25.5,329.0,0.0,0.0,China
Beijing,CN,2009-12-05,12:00:00,1259989200,-2.3,-7.2,4.2,10.3,190.0,0.0,0.0,China
Beijing,CN,2009-12-06,12:00:00,1260075600,-1.4,-5.4,4.0,7.2,53.0,0.0,0.0,China
Beijing,CN,2009-12-07,12:00:00,1260162000,-1.1,-5.4,4.9,7.2,40.0,0.0,0.0,China
Beijing,CN,2009-12-08,12:00:00,1260248400,-0.4,-6.2,7.1,6.9,335.0,0.0,0.0,China
Beijing,CN,2009-12-09,12:00:00,1260334800,-0.7,-4.5,4.7,7.2,57.0,0.0,0.0,China
Beijing,CN,2009-12-10,12:00:00,1260421200,-0.1,-2.9,2.8,5.8,28.0,0.0,0.0,China
Beijing,CN,2009-12-11,12:00:00,1260507600,-0.4,-5.2,5.0,19.8,338.0,0.0,0.0,China
Beijing,CN,2009-12-12,12:00:00,1260594000,-2.5,-6.5,1.9,8.0,31.0,0.0,0.0,China
Beijing,CN,2009-12-13,12:00:00,1260680400,-0.6,-4.9,4.0,8.2,88.0,0.0,0.0,China
Beijing,CN,2009-12-14,12:00:00,1260766800,-2.7,-5.8,2.2,12.0,22.0,0.0,0.0,China
Beijing,CN,2009-12-15,12:00:00,1260853200,-4.5,-7.5,-0.1,9.9,343.0,0.0,0.0,China
Beijing,CN,2009-12-16,12:00:00,1260939600,-4.8,-8.0,0.3,9.1,325.0,0.0,0.0,China
Beijing,CN,2009-12-17,12:00:00,1261026000,-6.2,-8.3,-2.7,17.6,327.0,0.0,0.0,China
Beijing,CN,2009-12-18,12:00:00,1261112400,-6.6,-9.3,-2.5,17.4,329.0,0.0,0.0,China
Beijing,CN,2009-12-19,12:00:00,1261198800,-6.3,-10.3,-1.5,19.1,324.0,0.0,0.0,China
Beijing,CN,2009-12-20,12:00:00,1261285200,-3.7,-7.2,2.9,16.1,306.0,0.0,0.0,China
Beijing,CN,2009-12-21,12:00:00,1261371600,-3.9,-8.3,3.4,9.9,258.0,0.0,0.0,China
Beijing,CN,2009-12-22,12:00:00,1261458000,-1.8,-7.0,5.9,9.0,335.0,0.0,0.0,China
Beijing,CN,2009-12-23,12:00:00,1261544400,-2.2,-6.1,2.9,7.4,71.0,0.0,0.0,China
Beijing,CN,2009-12-24,12:00:00,1261630800,-1.4,-5.3,3.1,25.7,332.0,0.0,0.0,China
Beijing,CN,2009-12-25,12:00:00,1261717200,-8.0,-10.5,-4.4,28.9,324.0,0.0,0.0,China
Beijing,CN,2009-12-26,12:00:00,1261803600,-8.0,-11.4,-4.2,7.4,90.0,0.0,0.0,China
Beijing,CN,2009-12-27,12:00:00,1261890000,-7.1,-10.4,-2.7,15.8,311.0,0.0,0.0,China
Beijing,CN,2009-12-28,12:00:00,1261976400,-6.6,-11.2,-1.4,9.7,93.0,0.0,0.0,China
Beijing,CN,2009-12-29,12:00:00,1262062800,-5.1,-10.0,1.1,20.7,326.0,0.0,0.0,China
Beijing,CN,2009-12-30,12:00:00,1262149200,-6.3,-9.5,-1.8,23.5,318.0,0.0,0.0,China
Beijing,CN,2009-12-31,12:00:00,1262235600,-7.8,-11.8,-2.8,13.7,144.0,0.0,0.0,China
Beijing,CN,2010-01-01,12:00:00,1262322000,-6.0,-11.1,-0.3,7.2,26.0,0.0,0.0,China
Beijing,CN,2010-01-02,12:00:00,1262408400,-4.4,-6.2,-1.6,11.6,136.0,0.0,0.35,China
Beijing,CN,2010-01-03,12:00:00,1262494800,-7.8,-11.1,-6.1,15.1,96.0,12.8,9.03,China
Beijing,CN,2010-01-04,12:00:00,1262581200,-13.6,-17.9,-9.0,24.6,329.0,0.0,0.0,China
Beijing,CN,2010-01-05,12:00:00,1262667600,-13.2,-18.5,-8.0,12.0,4.0,0.0,0.0,China
Beijing,CN,2010-01-06,12:00:00,1262754000,-11.7,-15.4,-7.4,8.7,16.0,0.0,0.0,China
Beijing,CN,2010-01-07,12:00:00,1262840400,-10.3,-14.7,-5.9,7.9,9.0,0.0,0.0,China
Beijing,CN,2010-01-08,12:00:00,1262926800,-9.1,-11.6,-5.4,7.9,59.0,0.0,0.0,China
Beijing,CN,2010-01-09,12:00:00,1263013200,-8.0,-13.1,-1.8,11.6,8.0,0.0,0.0,China
Beijing,CN,2010-01-10,12:00:00,1263099600,-8.0,-12.5,-2.6,13.7,352.0,0.0,0.0,China
Beijing,CN,2010-01-11,12:00:00,1263186000,-10.0,-13.2,-3.9,17.4,336.0,0.0,0.0,China
Beijing,CN,2010-01-12,12:00:00,1263272400,-13.9,-18.1,-9.7,25.0,325.0,0.0,0.0,China
Beijing,CN,2010-01-13,12:00:00,1263358800,-10.5,-17.7,-3.7,10.2,287.0,0.0,0.0,China
Beijing,CN,2010-01-14,12:00:00,1263445200,-8.5,-13.6,-0.3,11.6,11.0,0.0,0.0,China
Beijing,CN,2010-01-15,12:00:00,1263531600,-8.3,-13.5,-2.1,10.9,40.0,0.0,0.0,China
Beijing,CN,2010-01-16,12:00:00,1263618000,-5.5,-9.7,-0.6,7.4,79.0,0.0,0.0,China
Beijing,CN,2010-01-17,12:00:00,1263704400,-4.4,-9.6,1.3,7.0,53.0,0.0,0.0,China
Beijing,CN,2010-01-18,12:00:00,1263790800,-2.4,-8.1,3.4,10.2,76.0,0.0,0.0,China
Beijing,CN,2010-01-19,12:00:00,1263877200,0.0,-3.9,4.6,6.1,1.0,0.0,0.0,China
Beijing,CN,2010-01-20,12:00:00,1263963600,-1.0,-4.8,2.7,24.1,1.0,0.0,0.0,China
Beijing,CN,2010-01-21,12:00:00,1264050000,-5.1,-8.5,0.2,13.0,318.0,0.0,0.0,China
Beijing,CN,2010-01-22,12:00:00,1264136400,-4.9,-9.4,0.5,20.2,306.0,0.0,0.0,China
Beijing,CN,2010-01-23,12:00:00,1264222800,-3.9,-10.0,3.6,11.4,268.0,0.0,0.0,China
Beijing,CN,2010-01-24,12:00:00,1264309200,-3.1,-9.3,6.1,20.9,314.0,0.0,0.0,China
Beijing,CN,2010-01-25,12:00:00,1264395600,-3.9,-8.0,2.0,16.5,267.0,0.0,0.0,China
Beijing,CN,2010-01-26,12:00:00,1264482000,-3.5,-9.1,2.7,9.3,105.0,0.0,0.0,China
Beijing,CN,2010-01-27,12:00:00,1264568400,0.1,-4.4,8.5,15.0,327.0,0.0,0.0,China
Beijing,CN,2010-01-28,12:00:00,1264654800,-2.2,-5.9,2.6,20.7,332.0,0.0,0.0,China
Beijing,CN,2010-01-29,12:00:00,1264741200,-1.9,-7.3,6.5,13.0,253.0,0.0,0.0,China
Beijing,CN,2010-01-30,12:00:00,1264827600,-1.7,-7.4,7.0,11.3,296.0,0.0,0.0,China
Beijing,CN,2010-01-31,12:00:00,1264914000,-1.2,-6.1,6.1,12.3,9.0,0.0,0.0,China
Beijing,CN,2010-02-01,12:00:00,1265000400,-3.0,-6.1,1.1,9.2,145.0,0.0,0.0,China
Beijing,CN,2010-02-02,12:00:00,1265086800,-3.9,-6.6,1.0,9.7,92.0,0.0,0.0,China
Beijing,CN,2010-02-03,12:00:00,1265173200,-3.5,-7.2,2.0,9.9,284.0,0.0,0.0,China
Beijing,CN,2010-02-04,12:00:00,1265259600,-3.6,-7.5,1.8,9.2,41.0,0.0,0.0,China
Beijing,CN,2010-02-05,12:00:00,1265346000,-3.6,-6.1,0.2,9.8,106.0,0.0,0.0,China
Beijing,CN,2010-02-06,12:00:00,1265432400,-4.6,-7.4,-2.2,12.5,127.0,1.3,1.05,China
Beijing,CN,2010-02-07,12:00:00,1265518800,-2.3,-5.7,2.7,8.5,119.0,1.1,0.84,China
Beijing,CN,2010-02-08,12:00:00,1265605200,-0.9,-5.5,5.8,8.4,56.0,0.0,0.0,China
Beijing,CN,2010-02-09,12:00:00,1265691600,-0.6,-4.4,4.7,12.1,27.0,0.0,0.0,China
Beijing,CN,2010-02-10,12:00:00,1265778000,-1.3,-3.3,1.8,18.6,24.0,0.0,0.0,China
Beijing,CN,2010-02-11,12:00:00,1265864400,-2.8,-5.4,0.6,17.0,2.0,0.0,0.0,China
Beijing,CN,2010-02-12,12:00:00,1265950800,-4.1,-8.1,0.7,9.7,345.0,0.0,0.0,China
Beijing,CN,2010-02-13,12:00:00,1266037200,-3.1,-7.7,3.3,10.9,174.0,0.0,0.0,China
Beijing,CN,2010-02-14,12:00:00,1266123600,-3.0,-6.8,0.4,19.1,1.0,0.0,0.0,China
Beijing,CN,2010-02-15,12:00:00,1266210000,-4.8,-8.9,1.1,10.2,353.0,0.0,0.0,China
Beijing,CN,2010-02-16,12:00:00,1266296400,-2.7,-7.0,3.6,11.7,163.0,0.0,0.0,China
Beijing,CN,2010-02-17,12:00:00,1266382800,-2.4,-6.3,2.6,28.4,324.0,0.0,0.0,China
Beijing,CN,2010-02-18,12:00:00,1266469200,-1.3,-5.9,5.7,10.1,254.0,0.0,0.0,China
Beijing,CN,2010-02-19,12:00:00,1266555600,1.0,-5.3,9.8,12.1,198.0,0.0,0.0,China
Beijing,CN,2010-02-20,12:00:00,1266642000,2.1,-4.2,9.2,8.2,87.0,0.0,0.0,China
Beijing,CN,2010-02-21,12:00:00,1266728400,3.6,-4.4,13.3,14.0,352.0,0.0,0.0,China
Beijing,CN,2010-02-22,12:00:00,1266814800,0.1,-3.9,6.4,12.6,138.0,0.0,0.0,China
Beijing,CN,2010-02-23,12:00:00,1266901200,1.3,-4.7,8.9,8.1,83.0,0.0,0.0,China
Beijing,CN,2010-02-24,12:00:00,1266987600,5.1,-2.6,12.3,8.1,19.0,0.0,0.0,China
Beijing,CN,2010-02-25,12:00:00,1267074000,5.3,1.5,8.7,13.7,171.0,0.0,0.0,China
Beijing,CN,2010-02-26,12:00:00,1267160400,1.0,-2.9,5.5,9.5,142.0,0.0,0.0,China
Beijing,CN,2010-02-27,12:00:00,1267246800,-0.1,-3.2,3.7,8.1,128.0,0.9,0.7,China
Beijing,CN,2010-02-28,12:00:00,1267333200,0.5,-2.9,4.1,17.7,23.0,1.1,0.91,China
Beijing,CN,2010-03-01,12:00:00,1267419600,-1.1,-3.6,2.3,14.1,180.0,0.3,0.28,China
Beijing,CN,2010-03-02,12:00:00,1267506000,1.6,-4.8,9.9,17.6,291.0,0.0,0.0,China
Beijing,CN,2010-03-03,12:00:00,1267592400,0.9,-4.1,7.4,11.3,144.0,0.0,0.0,China
Beijing,CN,2010-03-04,12:00:00,1267678800,2.4,-2.9,8.0,16.8,151.0,0.1,0.0,China
Beijing,CN,2010-03-05,12:00:00,1267765200,0.1,-4.4,3.8,25.1,354.0,0.0,0.0,China
Beijing,CN,2010-03-06,12:00:00,1267851600,-2.3,-5.8,2.2,11.6,72.0,0.0,0.0,China
Beijing,CN,2010-03-07,12:00:00,1267938000,-2.8,-6.7,1.0,10.8,139.0,0.9,0.77,China
Beijing,CN,2010-03-08,12:00:00,1268024400,-2.2,-3.8,0.4,19.6,153.0,2.5,1.96,China
Beijing,CN,2010-03-09,12:00:00,1268110800,-3.1,-7.1,2.1,20.3,319.0,0.0,0.0,China
Beijing,CN,2010-03-10,12:00:00,1268197200,-0.6,-7.5,8.3,14.4,224.0,0.0,0.0,China
Beijing,CN,2010-03-11,12:00:00,1268283600,3.1,-4.2,11.7,14.8,149.0,0.0,0.0,China
Beijing,CN,2010-03-12,12:00:00,1268370000,4.3,-1.4,9.8,25.8,350.0,0.0,0.0,China
Beijing,CN,2010-03-13,12:00:00,1268456400,1.9,-3.8,8.5,12.7,122.0,0.0,0.0,China
Beijing,CN,2010-03-14,12:00:00,1268542800,0.2,-3.0,1.1,7.6,20.0,10.1,6.79,China
Beijing,CN,2010-03-15,12:00:00,1268629200,-0.6,-5.7,6.0,27.6,304.0,0.0,0.0,China
Beijing,CN,2010-03-16,12:00:00,1268715600,1.3,-5.0,8.1,9.7,75.0,0.0,0.0,China
Beijing,CN,2010-03-17,12:00:00,1268802000,1.5,-3.7,7.4,13.8,45.0,0.0,0.0,China
Beijing,CN,2010-03-18,12:00:00,1268888400,1.7,-5.2,7.9,16.9,166.0,0.0,0.0,China
Beijing,CN,2010-03-19,12:00:00,1268974800,5.3,2.4,9.5,8.2,137.0,0.2,0.0,China
Beijing,CN,2010-03-20,12:00:00,1269061200,5.5,-1.2,10.9,38.2,321.0,0.0,0.0,China
Beijing,CN,2010-03-21,12:00:00,1269147600,5.2,-2.8,13.5,16.4,183.0,0.0,0.0,China
Beijing,CN,2010-03-22,12:00:00,1269234000,7.2,0.3,15.4,25.7,327.0,0.0,0.0,China
Beijing,CN,2010-03-23,12:00:00,1269320400,5.8,-0.6,12.5,18.0,193.0,0.0,0.0,China
Beijing,CN,2010-03-24,12:00:00,1269406800,6.0,1.9,11.3,17.6,72.0,0.0,0.0,China
Beijing,CN,2010-03-25,12:00:00,1269493200,3.7,-2.0,9.7,21.3,299.0,0.4,0.07,China
Beijing,CN,2010-03-26,12:00:00,1269579600,4.7,-4.1,14.6,14.5,202.0,0.0,0.0,China
Beijing,CN,2010-03-27,12:00:00,1269666000,3.4,-2.0,9.7,13.2,153.0,0.0,0.0,China
Beijing,CN,2010-03-28,12:00:00,1269752400,5.4,-2.1,14.6,15.7,173.0,0.0,0.0,China
Beijing,CN,2010-03-29,12:00:00,1269838800,7.8,1.1,14.3,12.5,142.0,0.4,0.0,China
Beijing,CN,2010-03-30,12:00:00,1269925200,9.8,6.8,14.2,10.8,151.0,3.2,0.0,China
Beijing,CN,2010-03-31,12:00:00,1270011600,10.6,4.2,18.2,18.7,327.0,0.0,0.0,China
Beijing,CN,2010-04-01,12:00:00,1270098000,7.4,1.2,13.0,26.4,307.0,0.0,0.0,China
Beijing,CN,2010-04-02,12:00:00,1270184400,5.0,-1.9,11.6,23.0,318.0,0.0,0.0,China
Beijing,CN,2010-04-03,12:00:00,1270270800,6.5,-2.2,13.9,13.4,148.0,0.0,0.0,China
Beijing,CN,2010-04-04,12:00:00,1270357200,10.4,-0.4,19.9,11.4,174.0,0.0,0.0,China
Beijing,CN,2010-04-05,12:00:00,1270443600,9.3,3.3,17.4,18.7,67.0,5.2,0.0,China
Beijing,CN,2010-04-06,12:00:00,1270530000,7.5,-1.8,15.7,14.4,305.0,0.0,0.0,China
Beijing,CN,2010-04-07,12:00:00,1270616400,10.4,0.9,19.5,23.8,193.0,0.0,0.0,China
Beijing,CN,2010-04-08,12:00:00,1270702800,13.7,6.0,21.9,18.8,169.0,0.0,0.0,China
Beijing,CN,2010-04-09,12:00:00,1270789200,10.5,7.9,14.3,21.7,67.0,0.2,0.0,China
Beijing,CN,2010-04-10,12:00:00,1270875600,9.7,4.1,15.1,15.2,138.0,0.0,0.0,China
Beijing,CN,2010-04-11,12:00:00,1270962000,6.9,3.7,10.2,10.1,149.0,0.0,0.0,China
Beijing,CN,2010-04-12,12:00:00,1271048400,7.0,2.3,11.6,33.1,319.0,1.4,0.0,China
Beijing,CN,2010-04-13,12:00:00,1271134800,4.9,-3.1,12.1,25.2,315.0,0.0,0.0,China
Beijing,CN,2010-04-14,12:00:00,1271221200,5.9,-1.2,13.1,13.0,164.0,0.0,0.0,China
Beijing,CN,2010-04-15,12:00:00,1271307600,7.7,1.7,13.8,13.6,171.0,0.0,0.0,China
Beijing,CN,2010-04-16,12:00:00,1271394000,8.9,2.0,15.8,12.1,93.0,0.0,0.0,China
Beijing,CN,2010-04-17,12:00:00,1271480400,8.0,3.3,13.4,9.3,113.0,1.3,0.0,China
Beijing,CN,2010-04-18,12:00:00,1271566800,13.0,4.2,20.9,10.1,95.0,0.5,0.0,China
Beijing,CN,2010-04-19,12:00:00,1271653200,13.5,9.6,19.7,16.3,75.0,2.8,0.0,China
Beijing,CN,2010-04-20,12:00:00,1271739600,12.9,6.9,18.6,9.4,159.0,0.0,0.0,China
Beijing,CN,2010-04-21,12:00:00,1271826000,11.3,8.8,14.5,15.0,346.0,0.1,0.0,China
Beijing,CN,2010-04-22,12:00:00,1271912400,8.8,3.8,11.8,11.8,337.0,2.6,0.0,China
Beijing,CN,2010-04-23,12:00:00,1271998800,10.7,-0.2,19.8,10.3,275.0,0.0,0.0,China
Beijing,CN,2010-04-24,12:00:00,1272085200,14.1,4.5,22.6,19.3,192.0,0.0,0.0,China
Beijing,CN,2010-04-25,12:00:00,1272171600,14.3,8.4,22.2,23.1,191.0,8.2,0.0,China
Beijing,CN,2010-04-26,12:00:00,1272258000,8.7,3.2,14.3,18.2,298.0,0.4,0.0,China
Beijing,CN,2010-04-27,12:00:00,1272344400,7.9,-0.7,14.2,20.2,303.0,0.0,0.0,China
Beijing,CN,2010-04-28,12:00:00,1272430800,9.9,4.4,16.4,26.0,314.0,0.0,0.0,China
Beijing,CN,2010-04-29,12:00:00,1272517200,11.2,2.4,19.9,27.5,313.0,0.0,0.0,China
Beijing,CN,2010-04-30,12:00:00,1272603600,14.7,3.7,24.4,17.2,260.0,0.0,0.0,China
Beijing,CN,2010-05-01,12:00:00,1272690000,18.9,6.4,30.3,15.0,219.0,0.0,0.0,China
Beijing,CN,2010-05-02,12:00:00,1272776400,22.2,13.6,31.3,15.0,323.0,0.0,0.0,China
Beijing,CN,2010-05-03,12:00:00,1272862800,19.5,10.6,27.1,12.3,65.0,0.0,0.0,China
Beijing,CN,2010-05-04,12:00:00,1272949200,19.7,12.7,25.7,14.6,138.0,9.0,0.0,China
Beijing,CN,2010-05-05,12:00:00,1273035600,20.3,14.0,26.5,24.9,293.0,1.9,0.0,China
Beijing,CN,2010-05-06,12:00:00,1273122000,19.2,10.7,27.5,23.0,282.0,0.0,0.0,China
Beijing,CN,2010-05-07,12:00:00,1273208400,20.2,12.7,28.0,18.7,293.0,0.0,0.0,China
Beijing,CN,2010-05-08,12:00:00,1273294800,19.1,11.0,26.6,14.5,109.0,0.0,0.0,China
Beijing,CN,2010-05-09,12:00:00,1273381200,16.9,11.3,22.3,23.5,316.0,0.0,0.0,China
Beijing,CN,2010-05-10,12:00:00,1273467600,16.4,8.1,24.2,31.7,302.0,0.0,0.0,China
Beijing,CN,2010-05-11,12:00:00,1273554000,17.5,10.0,24.8,14.7,6.0,0.0,0.0,China
Beijing,CN,2010-05-12,12:00:00,1273640400,16.9,8.9,23.7,12.0,156.0,0.0,0.0,China
Beijing,CN,2010-05-13,12:00:00,1273726800,18.6,9.4,26.0,12.2,144.0,0.0,0.0,China
Beijing,CN,2010-05-14,12:00:00,1273813200,18.8,12.2,26.0,14.8,173.0,0.1,0.0,China
Beijing,CN,2010-05-15,12:00:00,1273899600,21.5,13.1,29.3,10.7,193.0,0.0,0.0,China
Beijing,CN,2010-05-16,12:00:00,1273986000,18.2,15.4,21.4,14.2,118.0,1.3,0.0,China
Beijing,CN,2010-05-17,12:00:00,1274072400,16.9,14.3,20.9,11.9,114.0,0.8,0.0,China
Beijing,CN,2010-05-18,12:00:00,1274158800,18.9,12.6,25.7,21.1,282.0,4.4,0.0,China
Beijing,CN,2010-05-19,12:00:00,1274245200,22.4,9.7,33.2,21.6,266.0,0.0,0.0,China
Beijing,CN,2010-05-20,12:00:00,1274331600,25.2,13.4,35.4,14.1,226.0,0.0,0.0,China
Beijing,CN,2010-05-21,12:00:00,1274418000,24.6,19.1,29.8,13.2,182.0,0.0,0.0,China
Beijing,CN,2010-05-22,12:00:00,1274504400,24.0,15.0,31.5,14.8,135.0,0.0,0.0,China
Beijing,CN,2010-05-23,12:00:00,1274590800,25.6,16.1,35.0,17.1,192.0,0.0,0.0,China
Beijing,CN,2010-05-24,12:00:00,1274677200,23.5,16.0,29.5,24.1,355.0,0.0,0.0,China
Beijing,CN,2010-05-25,12:00:00,1274763600,25.0,15.7,31.9,12.6,325.0,0.0,0.0,China
Beijing,CN,2010-05-26,12:00:00,1274850000,26.4,20.2,33.8,14.9,145.0,0.0,0.0,China
Beijing,CN,2010-05-27,12:00:00,1274936400,22.0,17.3,25.7,8.5,66.0,1.5,0.0,China
Beijing,CN,2010-05-28,12:00:00,1275022800,21.3,16.8,27.0,8.3,142.0,4.6,0.0,China
Beijing,CN,2010-05-29,12:00:00,1275109200,24.4,14.9,33.4,17.7,322.0,0.0,0.0,China
Beijing,CN,2010-05-30,12:00:00,1275195600,23.5,19.2,29.1,16.6,7.0,0.3,0.0,China
Beijing,CN,2010-05-31,12:00:00,1275282000,21.4,15.7,27.0,14.5,146.0,0.6,0.0,China
Beijing,CN,2010-06-01,12:00:00,1275368400,22.3,15.9,28.5,11.4,155.0,0.0,0.0,China
Beijing,CN,2010-06-02,12:00:00,1275454800,19.6,16.4,24.3,10.6,110.0,12.3,0.0,China
Beijing,CN,2010-06-03,12:00:00,1275541200,21.2,13.6,27.7,9.1,159.0,0.0,0.0,China
Beijing,CN,2010-06-04,12:00:00,1275627600,22.3,14.1,29.4,10.2,163.0,0.0,0.0,China
Beijing,CN,2010-06-05,12:00:00,1275714000,23.6,15.0,30.9,12.0,162.0,0.0,0.0,China
Beijing,CN,2010-06-06,12:00:00,1275800400,25.0,16.7,31.7,12.2,160.0,0.0,0.0,China
Beijing,CN,2010-06-07,12:00:00,1275886800,26.1,19.0,32.3,16.2,161.0,0.0,0.0,China
Beijing,CN,2010-06-08,12:00:00,1275973200,26.2,18.5,32.5,11.5,143.0,0.0,0.0,China
Beijing,CN,2010-06-09,12:00:00,1276059600,26.0,19.4,31.4,12.3,118.0,0.0,0.0,China
Beijing,CN,2010-06-10,12:00:00,1276146000,23.3,19.5,26.6,14.5,113.0,0.0,0.0,China
Beijing,CN,2010-06-11,12:00:00,1276232400,22.4,17.5,28.3,9.0,154.0,0.0,0.0,China
Beijing,CN,2010-06-12,12:00:00,1276318800,25.3,17.3,32.6,11.9,177.0,0.0,0.0,China
Beijing,CN,2010-06-13,12:00:00,1276405200,25.6,20.1,34.3,14.7,142.0,26.9,0.0,China
Beijing,CN,2010-06-14,12:00:00,1276491600,24.6,19.0,30.5,10.1,147.0,2.0,0.0,China
Beijing,CN,2010-06-15,12:00:00,1276578000,26.3,19.2,32.5,7.4,62.0,0.0,0.0,China
Beijing,CN,2010-06-16,12:00:00,1276664400,27.5,20.9,33.6,16.1,79.0,1.2,0.0,China
Beijing,CN,2010-06-17,12:00:00,1276750800,22.7,20.0,25.2,10.1,48.0,26.2,0.0,China
Beijing,CN,2010-06-18,12:00:00,1276837200,22.1,18.8,26.8,12.0,18.0,0.9,0.0,China
Beijing,CN,2010-06-19,12:00:00,1276923600,24.6,17.5,31.4,9.5,152.0,0.0,0.0,China
Beijing,CN,2010-06-20,12:00:00,1277010000,26.3,19.4,32.2,12.0,125.0,0.0,0.0,China
Beijing,CN,2010-06-21,12:00:00,1277096400,25.8,18.7,32.5,12.2,140.0,0.0,0.0,China
Beijing,CN,2010-06-22,12:00:00,1277182800,25.8,20.7,30.8,17.9,125.0,0.0,0.0,China
Beijing,CN,2010-06-23,12:00:00,1277269200,24.5,18.5,30.3,11.5,158.0,0.0,0.0,China
Beijing,CN,2010-06-24,12:00:00,1277355600,25.0,17.0,32.2,10.6,143.0,0.0,0.0,China
Beijing,CN,2010-06-25,12:00:00,1277442000,26.8,19.3,33.4,11.9,135.0,0.0,0.0,China
Beijing,CN,2010-06-26,12:00:00,1277528400,27.2,20.3,33.6,10.9,144.0,0.0,0.0,China
Beijing,CN,2010-06-27,12:00:00,1277614800,28.6,20.5,35.9,13.8,128.0,0.0,0.0,China
Beijing,CN,2010-06-28,12:00:00,1277701200,28.4,22.1,34.0,11.9,94.0,0.0,0.0,China
Beijing,CN,2010-06-29,12:00:00,1277787600,29.1,22.8,34.8,10.1,115.0,0.0,0.0,China
Beijing,CN,2010-06-30,12:00:00,1277874000,29.0,24.4,35.8,10.9,140.0,0.0,0.0,China
Beijing,CN,2010-07-01,12:00:00,1277960400,25.9,23.6,27.3,12.5,39.0,5.0,0.0,China
Beijing,CN,2010-07-02,12:00:00,1278046800,28.3,20.2,35.6,8.8,250.0,0.0,0.0,China
Beijing,CN,2010-07-03,12:00:00,1278133200,30.1,21.8,37.8,9.5,150.0,0.0,0.0,China
Beijing,CN,2010-07-04,12:00:00,1278219600,31.4,25.0,38.1,12.0,152.0,0.0,0.0,China
Beijing,CN,2010-07-05,12:00:00,1278306000,32.5,22.7,40.4,11.4,330.0,0.0,0.0,China
Beijing,CN,2010-07-06,12:00:00,1278392400,32.5,23.4,40.6,15.1,134.0,0.0,0.0,China
Beijing,CN,2010-07-07,12:00:00,1278478800,28.9,23.7,33.5,14.8,93.0,0.0,0.0,China
Beijing,CN,2010-07-08,12:00:00,1278565200,30.6,23.9,36.6,12.7,143.0,0.0,0.0,China
Beijing,CN,2010-07-09,12:00:00,1278651600,26.4,22.7,32.8,11.8,117.0,9.2,0.0,China
Beijing,CN,2010-07-10,12:00:00,1278738000,23.1,21.2,26.1,10.7,121.0,7.3,0.0,China
Beijing,CN,2010-07-11,12:00:00,1278824400,24.3,21.7,27.1,8.2,102.0,0.8,0.0,China
Beijing,CN,2010-07-12,12:00:00,1278910800,22.6,21.5,25.4,11.9,79.0,22.6,0.0,China
Beijing,CN,2010-07-13,12:00:00,1278997200,23.7,21.1,27.1,10.3,51.0,2.8,0.0,China
Beijing,CN,2010-07-14,12:00:00,1279083600,24.9,22.5,26.9,10.9,138.0,5.6,0.0,China
Beijing,CN,2010-07-15,12:00:00,1279170000,24.8,23.1,27.9,8.6,114.0,3.6,0.0,China
Beijing,CN,2010-07-16,12:00:00,1279256400,27.1,22.2,32.0,12.7,174.0,0.1,0.0,China
Beijing,CN,2010-07-17,12:00:00,1279342800,27.7,23.8,32.4,13.1,164.0,0.0,0.0,China
Beijing,CN,2010-07-18,12:00:00,1279429200,28.0,22.4,33.7,12.6,186.0,0.0,0.0,China
Beijing,CN,2010-07-19,12:00:00,1279515600,25.1,21.5,28.0,12.8,149.0,39.2,0.0,China
Beijing,CN,2010-07-20,12:00:00,1279602000,26.1,20.3,32.0,8.4,7.0,15.5,0.0,China
Beijing,CN,2010-07-21,12:00:00,1279688400,26.6,21.5,31.6,9.2,131.0,0.0,0.0,China
Beijing,CN,2010-07-22,12:00:00,1279774800,27.6,22.0,33.2,8.0,135.0,0.0,0.0,China
Beijing,CN,2010-07-23,12:00:00,1279861200,29.3,24.4,34.7,13.6,171.0,0.0,0.0,China
Beijing,CN,2010-07-24,12:00:00,1279947600,29.2,24.9,34.2,12.6,169.0,0.0,0.0,China
Beijing,CN,2010-07-25,12:00:00,1280034000,29.7,24.9,35.1,13.6,171.0,0.0,0.0,China
Beijing,CN,2010-07-26,12:00:00,1280120400,29.9,25.7,35.0,9.7,158.0,0.0,0.0,China
Beijing,CN,2010-07-27,12:00:00,1280206800,30.0,25.6,34.6,14.7,181.0,0.0,0.0,China
Beijing,CN,2010-07-28,12:00:00,1280293200,31.0,25.3,36.2,13.4,185.0,0.0,0.0,China
Beijing,CN,2010-07-29,12:00:00,1280379600,32.2,26.6,37.6,9.7,145.0,0.0,0.0,China
Beijing,CN,2010-07-30,12:00:00,1280466000,32.2,28.2,36.3,12.2,123.0,0.0,0.0,China
Beijing,CN,2010-07-31,12:00:00,1280552400,29.7,25.3,33.7,22.2,30.0,16.9,0.0,China
Beijing,CN,2010-08-01,12:00:00,1280638800,25.6,23.5,29.7,12.2,197.0,0.0,0.0,China
Beijing,CN,2010-08-02,12:00:00,1280725200,26.0,21.6,30.7,9.0,183.0,0.0,0.0,China
Beijing,CN,2010-08-03,12:00:00,1280811600,26.8,22.6,31.9,8.3,113.0,0.8,0.0,China
Beijing,CN,2010-08-04,12:00:00,1280898000,25.6,22.9,30.0,15.8,4.0,10.0,0.0,China
Beijing,CN,2010-08-05,12:00:00,1280984400,25.2,20.3,30.8,17.9,335.0,0.0,0.0,China
Beijing,CN,2010-08-06,12:00:00,1281070800,24.1,16.1,29.9,9.4,358.0,0.0,0.0,China
Beijing,CN,2010-08-07,12:00:00,1281157200,24.4,19.7,29.6,14.5,129.0,7.3,0.0,China
Beijing,CN,2010-08-08,12:00:00,1281243600,25.4,20.3,31.0,7.6,85.0,13.4,0.0,China
Beijing,CN,2010-08-09,12:00:00,1281330000,26.5,23.0,30.6,6.9,74.0,2.5,0.0,China
Beijing,CN,2010-08-10,12:00:00,1281416400,26.9,21.9,31.7,7.4,89.0,0.0,0.0,China
Beijing,CN,2010-08-11,12:00:00,1281502800,24.6,21.7,26.4,14.2,176.0,1.8,0.0,China
Beijing,CN,2010-08-12,12:00:00,1281589200,26.5,20.6,32.6,9.4,193.0,0.0,0.0,China
Beijing,CN,2010-08-13,12:00:00,1281675600,27.7,24.2,31.7,10.1,187.0,0.0,0.0,China
Beijing,CN,2010-08-14,12:00:00,1281762000,28.5,23.8,34.4,16.4,305.0,0.0,0.0,China
Beijing,CN,2010-08-15,12:00:00,1281848400,26.7,19.0,33.5,12.0,278.0,0.0,0.0,China
Beijing,CN,2010-08-16,12:00:00,1281934800,27.2,19.9,33.8,11.6,163.0,0.0,0.0,China
Beijing,CN,2010-08-17,12:00:00,1282021200,27.7,22.0,34.1,17.3,169.0,0.0,0.0,China
Beijing,CN,2010-08-18,12:00:00,1282107600,26.7,23.3,30.6,9.1,145.0,9.7,0.0,China
Beijing,CN,2010-08-19,12:00:00,1282194000,24.6,22.3,27.8,7.6,0.0,27.6,0.0,China
Beijing,CN,2010-08-20,12:00:00,1282280400,25.1,20.7,29.2,11.3,105.0,0.4,0.0,China
Beijing,CN,2010-08-21,12:00:00,1282366800,21.6,18.8,23.2,17.2,358.0,23.6,0.0,China
Beijing,CN,2010-08-22,12:00:00,1282453200,23.0,18.1,28.3,10.6,29.0,0.2,0.0,China
Beijing,CN,2010-08-23,12:00:00,1282539600,23.7,19.2,29.4,10.3,205.0,0.0,0.0,China
Beijing,CN,2010-08-24,12:00:00,1282626000,23.3,19.4,28.2,15.9,186.0,0.0,0.0,China
Beijing,CN,2010-08-25,12:00:00,1282712400,23.1,17.9,28.8,5.0,158.0,0.0,0.0,China
Beijing,CN,2010-08-26,12:00:00,1282798800,24.4,17.1,30.4,9.4,27.0,0.0,0.0,China
Beijing,CN,2010-08-27,12:00:00,1282885200,24.4,18.9,29.4,12.1,3.0,0.0,0.0,China
Beijing,CN,2010-08-28,12:00:00,1282971600,24.2,16.6,30.5,7.1,9.0,0.0,0.0,China
Beijing,CN,2010-08-29,12:00:00,1283058000,25.1,19.0,31.4,12.6,191.0,0.0,0.0,China
Beijing,CN,2010-08-30,12:00:00,1283144400,25.6,20.3,30.9,9.7,139.0,0.0,0.0,China
Beijing,CN,2010-08-31,12:00:00,1283230800,24.5,21.1,29.5,9.6,132.0,2.4,0.0,China
Beijing,CN,2010-09-01,12:00:00,1283317200,23.2,19.5,27.7,7.4,9.0,10.4,0.0,China
Beijing,CN,2010-09-02,12:00:00,1283403600,24.1,19.4,29.4,5.8,349.0,0.2,0.0,China
Beijing,CN,2010-09-03,12:00:00,1283490000,22.9,20.3,27.8,11.7,5.0,5.8,0.0,China
Beijing,CN,2010-09-04,12:00:00,1283576400,23.4,18.4,28.2,8.7,157.0,0.0,0.0,China
Beijing,CN,2010-09-05,12:00:00,1283662800,24.2,18.6,29.4,9.4,183.0,0.0,0.0,China
Beijing,CN,2010-09-06,12:00:00,1283749200,25.2,18.9,30.9,6.0,92.0,0.0,0.0,China
Beijing,CN,2010-09-07,12:00:00,1283835600,23.2,19.4,27.4,13.1,31.0,5.0,0.0,China
Beijing,CN,2010-09-08,12:00:00,1283922000,21.9,17.1,27.3,8.0,186.0,0.0,0.0,China
Beijing,CN,2010-09-09,12:00:00,1284008400,21.8,17.3,27.2,11.9,171.0,0.0,0.0,China
Beijing,CN,2010-09-10,12:00:00,1284094800,22.9,15.2,29.9,13.9,300.0,0.0,0.0,China
Beijing,CN,2010-09-11,12:00:00,1284181200,23.6,14.9,31.7,9.8,312.0,0.0,0.0,China
Beijing,CN,2010-09-12,12:00:00,1284267600,24.8,17.0,32.0,7.9,161.0,0.0,0.0,China
Beijing,CN,2010-09-13,12:00:00,1284354000,25.5,18.4,32.9,8.3,180.0,0.0,0.0,China
Beijing,CN,2010-09-14,12:00:00,1284440400,25.5,18.0,32.8,10.7,189.0,0.0,0.0,China
Beijing,CN,2010-09-15,12:00:00,1284526800,25.7,20.4,30.3,18.9,179.0,0.0,0.0,China
Beijing,CN,2010-09-16,12:00:00,1284613200,23.7,20.1,27.0,18.9,120.0,3.1,0.0,China
Beijing,CN,2010-09-17,12:00:00,1284699600,17.3,15.5,19.6,12.8,44.0,13.5,0.0,China
Beijing,CN,2010-09-18,12:00:00,1284786000,15.9,14.5,18.9,7.9,15.0,20.7,0.0,China
Beijing,CN,2010-09-19,12:00:00,1284872400,18.8,15.2,23.7,7.2,201.0,1.1,0.0,China
Beijing,CN,2010-09-20,12:00:00,1284958800,18.3,16.4,20.1,9.7,15.0,5.6,0.0,China
Beijing,CN,2010-09-21,12:00:00,1285045200,14.4,11.3,17.6,18.2,13.0,18.2,0.0,China
Beijing,CN,2010-09-22,12:00:00,1285131600,14.4,7.4,21.4,12.3,284.0,0.0,0.0,China
Beijing,CN,2010-09-23,12:00:00,1285218000,16.4,8.0,24.5,9.3,129.0,0.0,0.0,China
Beijing,CN,2010-09-24,12:00:00,1285304400,16.3,10.3,23.2,14.9,171.0,0.0,0.0,China
Beijing,CN,2010-09-25,12:00:00,1285390800,16.6,11.7,22.4,17.3,179.0,0.3,0.0,China
Beijing,CN,2010-09-26,12:00:00,1285477200,16.9,10.3,23.3,10.9,256.0,0.0,0.0,China
Beijing,CN,2010-09-27,12:00:00,1285563600,15.8,9.9,21.7,18.9,310.0,0.0,0.0,China
Beijing,CN,2010-09-28,12:00:00,1285650000,12.9,7.3,18.3,14.2,16.0,0.0,0.0,China
Beijing,CN,2010-09-29,12:00:00,1285736400,14.1,8.3,20.3,9.8,160.0,0.0,0.0,China
Beijing,CN,2010-09-30,12:00:00,1285822800,16.2,8.0,24.1,11.2,149.0,0.0,0.0,China
Beijing,CN,2010-10-01,12:00:00,1285909200,17.8,10.6,24.4,9.0,102.0,8.1,0.0,China
Beijing,CN,2010-10-02,12:00:00,1285995600,17.9,15.3,21.7,18.2,332.0,8.3,0.0,China
Beijing,CN,2010-10-03,12:00:00,1286082000,16.2,10.8,22.5,21.6,331.0,0.0,0.0,China
Beijing,CN,2010-10-04,12:00:00,1286168400,14.9,7.4,23.2,10.8,246.0,0.0,0.0,China
Beijing,CN,2010-10-05,12:00:00,1286254800,17.0,10.5,24.9,10.5,153.0,0.0,0.0,China
Beijing,CN,2010-10-06,12:00:00,1286341200,18.0,11.4,25.3,10.0,116.0,0.0,0.0,China
Beijing,CN,2010-10-07,12:00:00,1286427600,18.2,13.2,24.7,12.3,140.0,0.0,0.0,China
Beijing,CN,2010-10-08,12:00:00,1286514000,17.6,12.6,24.3,13.7,156.0,0.0,0.0,China
Beijing,CN,2010-10-09,12:00:00,1286600400,17.8,12.6,24.5,12.8,154.0,0.0,0.0,China
Beijing,CN,2010-10-10,12:00:00,1286686800,17.4,12.6,22.0,11.0,116.0,8.9,0.0,China
Beijing,CN,2010-10-11,12:00:00,1286773200,14.7,10.0,19.6,18.8,354.0,5.5,0.0,China
Beijing,CN,2010-10-12,12:00:00,1286859600,13.0,8.1,18.6,7.6,168.0,0.0,0.0,China
Beijing,CN,2010-10-13,12:00:00,1286946000,14.8,8.7,22.5,10.5,244.0,0.0,0.0,China
Beijing,CN,2010-10-14,12:00:00,1287032400,13.8,8.7,20.2,13.9,321.0,0.0,0.0,China
Beijing,CN,2010-10-15,12:00:00,1287118800,12.6,4.3,21.0,18.6,250.0,0.0,0.0,China
Beijing,CN,2010-10-16,12:00:00,1287205200,11.6,5.1,17.9,13.9,81.0,0.0,0.0,China
Beijing,CN,2010-10-17,12:00:00,1287291600,8.5,7.2,9.7,10.6,126.0,0.0,0.0,China
Beijing,CN,2010-10-18,12:00:00,1287378000,7.8,6.8,8.7,8.6,35.0,7.8,0.0,China
Beijing,CN,2010-10-19,12:00:00,1287464400,9.1,7.1,12.8,7.7,104.0,0.0,0.0,China
Beijing,CN,2010-10-20,12:00:00,1287550800,9.2,6.4,11.8,7.6,124.0,0.0,0.0,China
Beijing,CN,2010-10-21,12:00:00,1287637200,11.4,9.3,13.6,7.6,112.0,0.0,0.0,China
Beijing,CN,2010-10-22,12:00:00,1287723600,12.6,10.0,16.1,5.9,67.0,0.0,0.0,China
Beijing,CN,2010-10-23,12:00:00,1287810000,13.9,10.4,18.2,6.1,9.0,0.5,0.0,China
Beijing,CN,2010-10-24,12:00:00,1287896400,11.0,7.1,13.5,23.4,8.0,11.6,0.0,China
Beijing,CN,2010-10-25,12:00:00,1287982800,7.3,1.4,13.6,23.2,326.0,0.0,0.0,China
Beijing,CN,2010-10-26,12:00:00,1288069200,3.4,-0.6,7.4,11.9,342.0,0.0,0.0,China
Beijing,CN,2010-10-27,12:00:00,1288155600,4.8,-0.3,11.6,11.5,173.0,0.0,0.0,China
Beijing,CN,2010-10-28,12:00:00,1288242000,6.9,-1.2,16.3,9.6,284.0,0.0,0.0,China
Beijing,CN,2010-10-29,12:00:00,1288328400,8.3,0.2,17.8,10.9,286.0,0.0,0.0,China
Beijing,CN,2010-10-30,12:00:00,1288414800,8.9,1.0,18.2,9.7,306.0,0.0,0.0,China
Beijing,CN,2010-10-31,12:00:00,1288501200,8.9,1.5,18.4,9.0,301.0,0.0,0.0,China
Beijing,CN,2010-11-01,12:00:00,1288587600,7.5,2.0,14.5,16.1,11.0,0.0,0.0,China
Beijing,CN,2010-11-02,12:00:00,1288674000,5.7,-0.7,13.0,12.1,255.0,0.0,0.0,China
Beijing,CN,2010-11-03,12:00:00,1288760400,7.9,-0.1,17.7,9.4,281.0,0.0,0.0,China
Beijing,CN,2010-11-04,12:00:00,1288846800,8.8,0.7,18.5,10.7,311.0,0.0,0.0,China
Beijing,CN,2010-11-05,12:00:00,1288933200,9.7,2.1,19.4,10.8,275.0,0.0,0.0,China
Beijing,CN,2010-11-06,12:00:00,1289019600,10.3,3.7,17.9,9.2,95.0,0.0,0.0,China
Beijing,CN,2010-11-07,12:00:00,1289106000,9.2,3.8,14.0,27.4,326.0,0.0,0.0,China
Beijing,CN,2010-11-08,12:00:00,1289192400,5.1,-0.4,11.0,20.9,325.0,0.0,0.0,China
Beijing,CN,2010-11-09,12:00:00,1289278800,3.2,-1.0,9.3,7.5,35.0,0.0,0.0,China
Beijing,CN,2010-11-10,12:00:00,1289365200,4.5,-2.1,11.4,8.5,70.0,0.0,0.0,China
Beijing,CN,2010-11-11,12:00:00,1289451600,4.7,-1.4,12.2,31.5,311.0,0.0,0.0,China
Beijing,CN,2010-11-12,12:00:00,1289538000,4.5,-0.5,11.9,12.4,213.0,0.0,0.0,China
Beijing,CN,2010-11-13,12:00:00,1289624400,4.2,-1.9,8.6,20.7,330.0,0.0,0.0,China
Beijing,CN,2010-11-14,12:00:00,1289710800,1.4,-3.3,7.6,11.0,342.0,0.0,0.0,China
Beijing,CN,2010-11-15,12:00:00,1289797200,0.3,-4.9,6.3,14.7,217.0,0.0,0.0,China
Beijing,CN,2010-11-16,12:00:00,1289883600,2.8,-4.1,11.5,10.1,227.0,0.0,0.0,China
Beijing,CN,2010-11-17,12:00:00,1289970000,4.2,-1.7,11.2,8.1,90.0,0.0,0.0,China
Beijing,CN,2010-11-18,12:00:00,1290056400,4.0,-2.3,10.9,8.0,59.0,0.0,0.0,China
Beijing,CN,2010-11-19,12:00:00,1290142800,4.7,-2.7,13.6,14.0,216.0,0.0,0.0,China
Beijing,CN,2010-11-20,12:00:00,1290229200,5.6,-1.4,13.4,6.8,54.0,0.0,0.0,China
Beijing,CN,2010-11-21,12:00:00,1290315600,3.8,-2.0,10.0,25.5,326.0,0.0,0.0,China
Beijing,CN,2010-11-22,12:00:00,1290402000,1.5,-4.9,9.6,9.9,218.0,0.0,0.0,China
Beijing,CN,2010-11-23,12:00:00,1290488400,2.1,-3.6,8.3,7.9,82.0,0.0,0.0,China
Beijing,CN,2010-11-24,12:00:00,1290574800,0.0,-4.3,6.3,20.8,326.0,0.0,0.0,China
Beijing,CN,2010-11-25,12:00:00,1290661200,-0.6,-5.6,6.6,10.0,197.0,0.0,0.0,China
Beijing,CN,2010-11-26,12:00:00,1290747600,-0.3,-4.2,5.5,7.6,24.0,0.0,0.0,China
Beijing,CN,2010-11-27,12:00:00,1290834000,-1.0,-5.3,4.7,18.2,322.0,0.0,0.0,China
Beijing,CN,2010-11-28,12:00:00,1290920400,-1.2,-5.7,5.8,8.7,120.0,0.0,0.0,China
Beijing,CN,2010-11-29,12:00:00,1291006800,0.3,-4.2,5.8,8.0,42.0,0.0,0.0,China
Beijing,CN,2010-11-30,12:00:00,1291093200,1.1,-2.1,7.2,9.4,124.0,0.0,0.0,China
Beijing,CN,2010-12-01,12:00:00,1291179600,0.4,-3.5,6.2,6.7,80.0,0.0,0.0,China
Beijing,CN,2010-12-02,12:00:00,1291266000,-0.1,-3.7,6.3,27.6,332.0,0.0,0.0,China
Beijing,CN,2010-12-03,12:00:00,1291352400,-1.6,-6.1,4.6,12.0,152.0,0.0,0.0,China
Beijing,CN,2010-12-04,12:00:00,1291438800,-0.1,-5.0,6.8,8.2,44.0,0.0,0.0,China
Beijing,CN,2010-12-05,12:00:00,1291525200,2.5,-3.7,10.4,19.0,346.0,0.0,0.0,China
Beijing,CN,2010-12-06,12:00:00,1291611600,-0.9,-5.2,4.7,18.7,308.0,0.0,0.0,China
Beijing,CN,2010-12-07,12:00:00,1291698000,-0.9,-5.2,6.7,12.1,237.0,0.0,0.0,China
Beijing,CN,2010-12-08,12:00:00,1291784400,0.3,-4.8,7.6,15.9,327.0,0.0,0.0,China
Beijing,CN,2010-12-09,12:00:00,1291870800,-0.7,-4.8,5.5,8.8,122.0,0.0,0.0,China
Beijing,CN,2010-12-10,12:00:00,1291957200,-0.9,-4.9,5.4,31.8,316.0,0.0,0.0,China
Beijing,CN,2010-12-11,12:00:00,1292043600,-3.2,-7.3,2.0,15.4,170.0,0.0,0.0,China
Beijing,CN,2010-12-12,12:00:00,1292130000,-1.8,-6.2,3.2,9.7,36.0,0.3,0.28,China
Beijing,CN,2010-12-13,12:00:00,1292216400,-3.6,-7.5,-0.8,15.9,42.0,0.0,0.0,China
Beijing,CN,2010-12-14,12:00:00,1292302800,-6.7,-9.6,-2.2,20.7,322.0,0.0,0.0,China
Beijing,CN,2010-12-15,12:00:00,1292389200,-8.1,-11.5,-3.4,20.1,304.0,0.0,0.0,China
Beijing,CN,2010-12-16,12:00:00,1292475600,-5.1,-10.1,2.5,12.3,226.0,0.0,0.0,China
Beijing,CN,2010-12-17,12:00:00,1292562000,-1.5,-7.3,7.1,10.6,218.0,0.0,0.0,China
Beijing,CN,2010-12-18,12:00:00,1292648400,-1.0,-4.8,6.3,10.0,177.0,0.0,0.0,China
Beijing,CN,2010-12-19,12:00:00,1292734800,0.0,-5.3,9.7,16.3,280.0,0.0,0.0,China
Beijing,CN,2010-12-20,12:00:00,1292821200,0.6,-4.9,9.0,10.8,287.0,0.0,0.0,China
Beijing,CN,2010-12-21,12:00:00,1292907600,0.5,-3.5,7.5,11.2,82.0,0.0,0.0,China
Beijing,CN,2010-12-22,12:00:00,1292994000,0.3,-4.6,6.1,12.6,359.0,0.0,0.0,China
Beijing,CN,2010-12-23,12:00:00,1293080400,-5.0,-9.2,-1.5,20.2,7.0,0.0,0.0,China
Beijing,CN,2010-12-24,12:00:00,1293166800,-7.9,-11.0,-2.9,9.4,318.0,0.0,0.0,China
Beijing,CN,2010-12-25,12:00:00,1293253200,-6.9,-10.6,-1.5,9.7,301.0,0.0,0.0,China
Beijing,CN,2010-12-26,12:00:00,1293339600,-4.7,-8.7,2.4,12.0,272.0,0.0,0.0,China
Beijing,CN,2010-12-27,12:00:00,1293426000,-2.0,-6.6,5.8,20.2,316.0,0.0,0.0,China
Beijing,CN,2010-12-28,12:00:00,1293512400,-3.2,-6.2,1.7,19.0,330.0,0.0,0.0,China
Beijing,CN,2010-12-29,12:00:00,1293598800,-3.7,-6.1,1.5,32.1,326.0,0.0,0.0,China
Beijing,CN,2010-12-30,12:00:00,1293685200,-6.5,-8.4,-3.1,26.6,320.0,0.0,0.0,China
Beijing,CN,2010-12-31,12:00:00,1293771600,-6.7,-10.0,-2.3,25.0,326.0,0.0,0.0,China
Beijing,CN,2011-01-01,12:00:00,1293858000,-6.5,-10.2,-0.9,11.7,338.0,0.0,0.0,China
Beijing,CN,2011-01-02,12:00:00,1293944400,-5.8,-9.8,-1.1,9.0,14.0,0.0,0.0,China
Beijing,CN,2011-01-03,12:00:00,1294030800,-3.7,-6.0,-0.1,7.8,119.0,0.0,0.0,China
Beijing,CN,2011-01-04,12:00:00,1294117200,-4.2,-9.2,2.6,13.0,329.0,0.0,0.0,China
Beijing,CN,2011-01-05,12:00:00,1294203600,-5.3,-8.2,-1.5,20.2,328.0,0.0,0.0,China
Beijing,CN,2011-01-06,12:00:00,1294290000,-5.4,-8.7,-0.1,16.6,326.0,0.0,0.0,China
Beijing,CN,2011-01-07,12:00:00,1294376400,-5.7,-10.9,0.6,8.3,269.0,0.0,0.0,China
Beijing,CN,2011-01-08,12:00:00,1294462800,-3.6,-7.4,0.8,22.1,329.0,0.0,0.0,China
Beijing,CN,2011-01-09,12:00:00,1294549200,-6.1,-9.4,-1.4,22.5,314.0,0.0,0.0,China
Beijing,CN,2011-01-10,12:00:00,1294635600,-6.7,-12.3,0.4,12.2,259.0,0.0,0.0,China
Beijing,CN,2011-01-11,12:00:00,1294722000,-5.3,-9.1,-0.2,20.8,315.0,0.0,0.0,China
Beijing,CN,2011-01-12,12:00:00,1294808400,-6.2,-11.6,0.5,10.1,188.0,0.0,0.0,China
Beijing,CN,2011-01-13,12:00:00,1294894800,-4.9,-11.5,3.1,9.5,291.0,0.0,0.0,China
Beijing,CN,2011-01-14,12:00:00,1294981200,-5.0,-8.2,0.3,21.3,336.0,0.0,0.0,China
Beijing,CN,2011-01-15,12:00:00,1295067600,-7.5,-11.7,-2.7,14.3,333.0,0.0,0.0,China
Beijing,CN,2011-01-16,12:00:00,1295154000,-7.7,-13.1,-2.3,9.7,60.0,0.0,0.0,China
Beijing,CN,2011-01-17,12:00:00,1295240400,-7.2,-12.2,-1.3,14.4,330.0,0.0,0.0,China
Beijing,CN,2011-01-18,12:00:00,1295326800,-7.9,-13.1,-1.7,12.5,320.0,0.0,0.0,China
Beijing,CN,2011-01-19,12:00:00,1295413200,-7.7,-13.3,-0.2,12.3,327.0,0.0,0.0,China
Beijing,CN,2011-01-20,12:00:00,1295499600,-7.3,-13.2,-0.4,9.1,317.0,0.0,0.0,China
Beijing,CN,2011-01-21,12:00:00,1295586000,-6.1,-12.3,1.5,9.2,307.0,0.0,0.0,China
Beijing,CN,2011-01-22,12:00:00,1295672400,-5.5,-11.2,1.3,14.7,341.0,0.0,0.0,China
Beijing,CN,2011-01-23,12:00:00,1295758800,-6.1,-9.7,-0.8,17.8,321.0,0.0,0.0,China
Beijing,CN,2011-01-24,12:00:00,1295845200,-6.5,-12.5,-0.3,10.5,360.0,0.0,0.0,China
Beijing,CN,2011-01-25,12:00:00,1295931600,-5.6,-9.9,-0.3,19.0,357.0,0.0,0.0,China
Beijing,CN,2011-01-26,12:00:00,1296018000,-6.0,-12.0,0.7,9.2,124.0,0.0,0.0,China
Beijing,CN,2011-01-27,12:00:00,1296104400,-6.2,-9.9,-1.4,10.6,18.0,0.0,0.0,China
Beijing,CN,2011-01-28,12:00:00,1296190800,-5.7,-11.6,-0.0,19.1,323.0,0.0,0.0,China
Beijing,CN,2011-01-29,12:00:00,1296277200,-6.6,-10.7,-0.8,16.6,317.0,0.0,0.0,China
Beijing,CN,2011-01-30,12:00:00,1296363600,-5.2,-11.7,3.2,15.1,293.0,0.0,0.0,China
Beijing,CN,2011-01-31,12:00:00,1296450000,-2.8,-9.1,7.4,10.2,296.0,0.0,0.0,China
Beijing,CN,2011-02-01,12:00:00,1296536400,-1.7,-7.4,8.0,11.5,303.0,0.0,0.0,China
Beijing,CN,2011-02-02,12:00:00,1296622800,-0.8,-6.2,6.7,15.6,318.0,0.0,0.0,China
Beijing,CN,2011-02-03,12:00:00,1296709200,-1.6,-6.8,6.0,11.8,289.0,0.0,0.0,China
Beijing,CN,2011-02-04,12:00:00,1296795600,-0.3,-5.5,7.4,10.8,63.0,0.0,0.0,China
Beijing,CN,2011-02-05,12:00:00,1296882000,-2.4,-6.5,4.6,9.0,122.0,0.0,0.0,China
Beijing,CN,2011-02-06,12:00:00,1296968400,0.2,-5.5,9.0,11.3,321.0,0.0,0.0,China
Beijing,CN,2011-02-07,12:00:00,1297054800,-1.0,-4.0,4.0,8.7,88.0,0.0,0.0,China
Beijing,CN,2011-02-08,12:00:00,1297141200,0.4,-5.7,7.5,14.7,35.0,0.0,0.0,China
Beijing,CN,2011-02-09,12:00:00,1297227600,-1.3,-6.0,2.9,13.8,141.0,0.0,0.07,China
Beijing,CN,2011-02-10,12:00:00,1297314000,-2.7,-4.3,-0.3,8.6,130.0,3.4,2.45,China
Beijing,CN,2011-02-11,12:00:00,1297400400,-3.8,-7.3,1.0,25.5,344.0,0.0,0.0,China
Beijing,CN,2011-02-12,12:00:00,1297486800,-5.8,-9.5,-2.0,9.8,100.0,0.0,0.0,China
Beijing,CN,2011-02-13,12:00:00,1297573200,-5.0,-7.5,-1.4,9.4,71.0,1.2,1.26,China
Beijing,CN,2011-02-14,12:00:00,1297659600,-5.7,-10.7,0.4,10.9,293.0,0.0,0.0,China
Beijing,CN,2011-02-15,12:00:00,1297746000,-3.6,-8.7,3.5,13.1,165.0,0.0,0.0,China
Beijing,CN,2011-02-16,12:00:00,1297832400,-1.8,-6.1,3.0,7.0,95.0,0.0,0.0,China
Beijing,CN,2011-02-17,12:00:00,1297918800,-0.4,-5.7,7.0,10.9,347.0,0.0,0.0,China
Beijing,CN,2011-02-18,12:00:00,1298005200,0.6,-4.5,7.8,11.0,187.0,0.0,0.0,China
Beijing,CN,2011-02-19,12:00:00,1298091600,2.2,-4.5,10.6,10.7,222.0,0.0,0.0,China
Beijing,CN,2011-02-20,12:00:00,1298178000,2.8,-2.8,9.2,5.8,79.0,0.0,0.0,China
Beijing,CN,2011-02-21,12:00:00,1298264400,2.7,-3.8,10.0,10.1,105.0,0.0,0.0,China
Beijing,CN,2011-02-22,12:00:00,1298350800,3.0,-3.4,11.0,11.9,97.0,0.0,0.0,China
Beijing,CN,2011-02-23,12:00:00,1298437200,3.3,-3.8,11.1,8.6,49.0,0.0,0.0,China
Beijing,CN,2011-02-24,12:00:00,1298523600,3.0,-3.1,11.0,13.6,40.0,0.0,0.0,China
Beijing,CN,2011-02-25,12:00:00,1298610000,0.4,-5.0,6.1,13.4,137.0,0.0,0.0,China
Beijing,CN,2011-02-26,12:00:00,1298696400,0.1,-2.0,4.1,8.9,112.0,1.5,1.19,China
Beijing,CN,2011-02-27,12:00:00,1298782800,-0.0,-2.9,3.0,10.9,14.0,2.1,1.61,China
Beijing,CN,2011-02-28,12:00:00,1298869200,0.7,-4.1,7.6,16.3,342.0,0.0,0.0,China
Beijing,CN,2011-03-01,12:00:00,1298955600,-0.0,-5.3,6.9,13.9,312.0,0.0,0.0,China
Beijing,CN,2011-03-02,12:00:00,1299042000,1.1,-4.8,8.1,16.3,306.0,0.0,0.0,China
Beijing,CN,2011-03-03,12:00:00,1299128400,1.5,-4.7,9.2,10.5,286.0,0.0,0.0,China
Beijing,CN,2011-03-04,12:00:00,1299214800,2.7,-4.3,11.4,14.2,207.0,0.0,0.0,China
Beijing,CN,2011-03-05,12:00:00,1299301200,5.6,0.4,14.0,11.2,206.0,0.0,0.0,China
Beijing,CN,2011-03-06,12:00:00,1299387600,4.9,-0.7,11.5,20.2,339.0,0.0,0.0,China
Beijing,CN,2011-03-07,12:00:00,1299474000,2.7,-4.2,10.5,16.8,299.0,0.0,0.0,China
Beijing,CN,2011-03-08,12:00:00,1299560400,2.7,-3.8,10.2,15.3,318.0,0.0,0.0,China
Beijing,CN,2011-03-09,12:00:00,1299646800,3.5,-4.1,12.2,12.6,273.0,0.0,0.0,China
Beijing,CN,2011-03-10,12:00:00,1299733200,5.2,-3.7,15.7,15.6,314.0,0.0,0.0,China
Beijing,CN,2011-03-11,12:00:00,1299819600,6.2,-1.9,13.7,8.7,98.0,0.0,0.0,China
Beijing,CN,2011-03-12,12:00:00,1299906000,7.2,-2.2,17.5,10.0,91.0,0.0,0.0,China
Beijing,CN,2011-03-13,12:00:00,1299992400,8.9,-0.7,19.2,25.8,2.0,0.0,0.0,China
Beijing,CN,2011-03-14,12:00:00,1300078800,6.4,2.6,11.0,20.9,327.0,0.0,0.0,China
Beijing,CN,2011-03-15,12:00:00,1300165200,3.2,-3.8,10.0,24.2,312.0,0.0,0.0,China
Beijing,CN,2011-03-16,12:00:00,1300251600,3.2,-4.2,11.2,17.7,154.0,0.0,0.0,China
Beijing,CN,2011-03-17,12:00:00,1300338000,5.6,-4.0,15.9,15.5,152.0,0.0,0.0,China
Beijing,CN,2011-03-18,12:00:00,1300424400,7.4,-0.6,15.2,25.0,314.0,0.0,0.0,China
Beijing,CN,2011-03-19,12:00:00,1300510800,6.1,-2.4,14.5,12.5,186.0,0.0,0.0,China
Beijing,CN,2011-03-20,12:00:00,1300597200,7.8,2.3,14.2,14.0,122.0,0.0,0.0,China
Beijing,CN,2011-03-21,12:00:00,1300683600,4.1,-1.4,10.0,23.7,329.0,0.0,0.0,China
Beijing,CN,2011-03-22,12:00:00,1300770000,3.2,-4.9,11.3,15.9,294.0,0.0,0.0,China
Beijing,CN,2011-03-23,12:00:00,1300856400,4.1,-4.1,11.2,15.0,293.0,0.0,0.0,China
Beijing,CN,2011-03-24,12:00:00,1300942800,5.5,-1.4,12.4,22.7,331.0,0.0,0.0,China
Beijing,CN,2011-03-25,12:00:00,1301029200,5.2,-4.3,13.6,11.0,273.0,0.0,0.0,China
Beijing,CN,2011-03-26,12:00:00,1301115600,6.2,-2.3,13.5,11.7,1.0,0.0,0.0,China
Beijing,CN,2011-03-27,12:00:00,1301202000,8.3,-0.9,17.3,15.5,323.0,0.0,0.0,China
Beijing,CN,2011-03-28,12:00:00,1301288400,6.9,-1.1,13.8,14.3,130.0,0.0,0.0,China
Beijing,CN,2011-03-29,12:00:00,1301374800,9.5,0.6,20.0,12.6,165.0,0.0,0.0,China
Beijing,CN,2011-03-30,12:00:00,1301461200,11.9,3.3,21.7,15.9,190.0,0.0,0.0,China
Beijing,CN,2011-03-31,12:00:00,1301547600,14.1,6.1,22.7,10.5,166.0,0.0,0.0,China
Beijing,CN,2011-04-01,12:00:00,1301634000,8.8,4.0,12.4,20.8,15.0,1.3,0.0,China
Beijing,CN,2011-04-02,12:00:00,1301720400,7.5,1.7,13.1,9.7,268.0,0.0,0.0,China
Beijing,CN,2011-04-03,12:00:00,1301806800,8.2,-1.6,17.2,9.8,290.0,0.0,0.0,China
Beijing,CN,2011-04-04,12:00:00,1301893200,9.8,-0.9,20.0,13.0,228.0,0.0,0.0,China
Beijing,CN,2011-04-05,12:00:00,1301979600,11.6,4.1,18.6,20.5,196.0,0.0,0.0,China
Beijing,CN,2011-04-06,12:00:00,1302066000,13.5,9.2,19.2,18.8,197.0,0.0,0.0,China
Beijing,CN,2011-04-07,12:00:00,1302152400,12.2,5.4,19.2,22.7,318.0,0.0,0.0,China
Beijing,CN,2011-04-08,12:00:00,1302238800,11.2,0.6,20.1,20.2,222.0,0.0,0.0,China
Beijing,CN,2011-04-09,12:00:00,1302325200,15.6,5.3,25.9,30.2,259.0,0.0,0.0,China
Beijing,CN,2011-04-10,12:00:00,1302411600,13.1,6.8,18.4,24.5,347.0,0.0,0.0,China
Beijing,CN,2011-04-11,12:00:00,1302498000,12.1,0.5,21.1,14.4,256.0,0.0,0.0,China
Beijing,CN,2011-04-12,12:00:00,1302584400,15.4,5.1,25.6,14.3,204.0,0.0,0.0,China
Beijing,CN,2011-04-13,12:00:00,1302670800,17.5,8.9,24.9,7.6,97.0,0.0,0.0,China
Beijing,CN,2011-04-14,12:00:00,1302757200,19.7,7.9,29.9,15.5,287.0,0.0,0.0,China
Beijing,CN,2011-04-15,12:00:00,1302843600,18.0,11.5,24.4,21.8,9.0,0.0,0.0,China
Beijing,CN,2011-04-16,12:00:00,1302930000,15.5,7.0,23.7,24.0,192.0,0.0,0.0,China
Beijing,CN,2011-04-17,12:00:00,1303016400,15.4,10.6,19.0,34.1,338.0,0.0,0.0,China
Beijing,CN,2011-04-18,12:00:00,1303102800,13.8,8.1,20.2,22.4,347.0,0.0,0.0,China
Beijing,CN,2011-04-19,12:00:00,1303189200,14.7,6.5,22.4,15.6,180.0,0.0,0.0,China
Beijing,CN,2011-04-20,12:00:00,1303275600,17.8,10.2,26.0,12.3,158.0,0.0,0.0,China
Beijing,CN,2011-04-21,12:00:00,1303362000,12.8,7.2,16.5,19.5,30.0,5.3,0.0,China
Beijing,CN,2011-04-22,12:00:00,1303448400,12.1,5.6,18.7,12.8,248.0,0.6,0.0,China
Beijing,CN,2011-04-23,12:00:00,1303534800,13.1,6.6,18.5,15.9,332.0,0.0,0.0,China
Beijing,CN,2011-04-24,12:00:00,1303621200,13.8,4.6,21.3,16.6,305.0,0.0,0.0,China
Beijing,CN,2011-04-25,12:00:00,1303707600,12.5,5.6,18.8,9.2,110.0,0.0,0.0,China
Beijing,CN,2011-04-26,12:00:00,1303794000,13.2,7.6,21.6,27.4,3.0,1.3,0.0,China
Beijing,CN,2011-04-27,12:00:00,1303880400,13.4,3.4,22.9,11.3,8.0,0.0,0.0,China
Beijing,CN,2011-04-28,12:00:00,1303966800,15.4,6.7,23.1,9.3,114.0,0.0,0.0,China
Beijing,CN,2011-04-29,12:00:00,1304053200,16.7,12.4,22.5,12.4,87.0,0.7,0.0,China
Beijing,CN,2011-04-30,12:00:00,1304139600,16.2,10.0,21.7,32.8,302.0,0.0,0.0,China
Beijing,CN,2011-05-01,12:00:00,1304226000,19.7,13.0,26.8,21.7,288.0,0.0,0.0,China
Beijing,CN,2011-05-02,12:00:00,1304312400,18.1,8.1,26.6,24.1,320.0,0.0,0.0,China
Beijing,CN,2011-05-03,12:00:00,1304398800,17.7,8.1,24.7,11.9,328.0,0.0,0.0,China
Beijing,CN,2011-05-04,12:00:00,1304485200,16.1,12.6,22.1,12.9,127.0,5.8,0.0,China
Beijing,CN,2011-05-05,12:00:00,1304571600,16.9,9.7,24.8,12.9,358.0,2.1,0.0,China
Beijing,CN,2011-05-06,12:00:00,1304658000,17.3,7.2,26.4,20.8,320.0,0.0,0.0,China
Beijing,CN,2011-05-07,12:00:00,1304744400,18.8,9.7,25.9,11.4,14.0,0.0,0.0,China
Beijing,CN,2011-05-08,12:00:00,1304830800,15.1,11.6,19.7,11.9,125.0,14.1,0.0,China
Beijing,CN,2011-05-09,12:00:00,1304917200,17.5,10.2,25.3,10.4,315.0,0.0,0.0,China
Beijing,CN,2011-05-10,12:00:00,1305003600,18.6,12.1,25.5,14.4,228.0,0.0,0.0,China
Beijing,CN,2011-05-11,12:00:00,1305090000,20.1,12.0,29.2,20.3,311.0,0.0,0.0,China
Beijing,CN,2011-05-12,12:00:00,1305176400,17.6,9.7,24.1,29.3,310.0,0.0,0.0,China
Beijing,CN,2011-05-13,12:00:00,1305262800,18.7,10.0,26.2,29.4,306.0,0.0,0.0,China
Beijing,CN,2011-05-14,12:00:00,1305349200,21.4,9.3,30.6,20.4,252.0,0.0,0.0,China
Beijing,CN,2011-05-15,12:00:00,1305435600,20.3,11.8,27.4,15.6,78.0,0.0,0.0,China
Beijing,CN,2011-05-16,12:00:00,1305522000,21.3,10.8,30.0,18.4,206.0,0.0,0.0,China
Beijing,CN,2011-05-17,12:00:00,1305608400,22.6,15.5,29.3,13.4,125.0,0.0,0.0,China
Beijing,CN,2011-05-18,12:00:00,1305694800,24.4,16.6,32.3,26.1,337.0,0.0,0.0,China
Beijing,CN,2011-05-19,12:00:00,1305781200,21.2,15.6,26.4,22.8,339.0,0.0,0.0,China
Beijing,CN,2011-05-20,12:00:00,1305867600,18.2,15.6,22.1,23.0,340.0,0.0,0.0,China
Beijing,CN,2011-05-21,12:00:00,1305954000,18.4,8.7,25.6,22.1,283.0,0.0,0.0,China
Beijing,CN,2011-05-22,12:00:00,1306040400,21.9,10.3,31.2,24.3,215.0,0.0,0.0,China
Beijing,CN,2011-05-23,12:00:00,1306126800,22.6,13.0,31.0,22.4,193.0,0.0,0.0,China
Beijing,CN,2011-05-24,12:00:00,1306213200,22.9,16.5,28.8,22.1,190.0,0.0,0.0,China
Beijing,CN,2011-05-25,12:00:00,1306299600,23.4,17.3,29.2,22.3,192.0,0.0,0.0,China
Beijing,CN,2011-05-26,12:00:00,1306386000,22.3,16.9,29.9,25.1,187.0,1.8,0.0,China
Beijing,CN,2011-05-27,12:00:00,1306472400,22.1,13.2,30.0,15.3,210.0,0.2,0.0,China
Beijing,CN,2011-05-28,12:00:00,1306558800,25.8,16.6,33.9,24.3,190.0,0.0,0.0,China
Beijing,CN,2011-05-29,12:00:00,1306645200,26.0,20.4,31.5,12.6,173.0,0.0,0.0,China
Beijing,CN,2011-05-30,12:00:00,1306731600,25.4,17.9,33.5,15.5,277.0,0.3,0.0,China
Beijing,CN,2011-05-31,12:00:00,1306818000,22.6,16.9,29.4,24.6,325.0,0.7,0.0,China
Beijing,CN,2011-06-01,12:00:00,1306904400,24.4,14.4,31.8,12.2,297.0,0.0,0.0,China
Beijing,CN,2011-06-02,12:00:00,1306990800,27.5,17.8,36.2,24.2,201.0,0.0,0.0,China
Beijing,CN,2011-06-03,12:00:00,1307077200,26.3,20.7,32.5,21.0,355.0,0.0,0.0,China
Beijing,CN,2011-06-04,12:00:00,1307163600,25.9,19.0,32.9,12.7,213.0,0.0,0.0,China
Beijing,CN,2011-06-05,12:00:00,1307250000,26.9,18.9,33.9,20.4,193.0,0.0,0.0,China
Beijing,CN,2011-06-06,12:00:00,1307336400,28.1,21.2,34.2,13.7,213.0,0.0,0.0,China
Beijing,CN,2011-06-07,12:00:00,1307422800,27.8,19.7,36.4,18.9,198.0,1.5,0.0,China
Beijing,CN,2011-06-08,12:00:00,1307509200,27.8,19.9,34.4,18.4,343.0,0.0,0.0,China
Beijing,CN,2011-06-09,12:00:00,1307595600,27.8,18.8,35.1,14.8,166.0,0.0,0.0,China
Beijing,CN,2011-06-10,12:00:00,1307682000,28.2,22.7,35.7,18.7,209.0,0.7,0.0,China
Beijing,CN,2011-06-11,12:00:00,1307768400,24.2,18.4,30.9,15.7,357.0,3.1,0.0,China
Beijing,CN,2011-06-12,12:00:00,1307854800,26.4,17.0,33.6,10.9,309.0,0.0,0.0,China
Beijing,CN,2011-06-13,12:00:00,1307941200,27.6,18.1,35.6,11.5,156.0,0.0,0.0,China
Beijing,CN,2011-06-14,12:00:00,1308027600,28.9,21.1,35.8,20.8,184.0,1.0,0.0,China
Beijing,CN,2011-06-15,12:00:00,1308114000,27.3,23.7,32.0,19.9,168.0,0.6,0.0,China
Beijing,CN,2011-06-16,12:00:00,1308200400,23.2,19.9,26.1,12.3,76.0,1.1,0.0,China
Beijing,CN,2011-06-17,12:00:00,1308286800,25.0,20.4,30.2,8.7,128.0,0.0,0.0,China
Beijing,CN,2011-06-18,12:00:00,1308373200,27.4,19.7,34.9,12.6,143.0,0.0,0.0,China
Beijing,CN,2011-06-19,12:00:00,1308459600,27.1,19.5,34.1,13.7,153.0,0.0,0.0,China
Beijing,CN,2011-06-20,12:00:00,1308546000,28.7,21.2,36.3,16.6,178.0,0.0,0.0,China
Beijing,CN,2011-06-21,12:00:00,1308632400,30.2,22.6,36.7,17.2,183.0,0.0,0.0,China
Beijing,CN,2011-06-22,12:00:00,1308718800,29.0,24.7,37.1,10.2,134.0,0.9,0.0,China
Beijing,CN,2011-06-23,12:00:00,1308805200,24.9,19.3,30.5,17.3,124.0,69.3,0.0,China
Beijing,CN,2011-06-24,12:00:00,1308891600,21.2,18.3,25.7,13.2,355.0,26.7,0.0,China
Beijing,CN,2011-06-25,12:00:00,1308978000,23.0,16.6,28.5,6.9,35.0,0.0,0.0,China
Beijing,CN,2011-06-26,12:00:00,1309064400,24.3,17.3,30.2,16.0,355.0,0.0,0.0,China
Beijing,CN,2011-06-27,12:00:00,1309150800,23.8,18.5,28.8,9.6,166.0,0.0,0.0,China
Beijing,CN,2011-06-28,12:00:00,1309237200,25.5,19.9,31.1,11.7,123.0,0.0,0.0,China
Beijing,CN,2011-06-29,12:00:00,1309323600,26.5,20.7,31.9,12.2,126.0,0.0,0.0,China
Beijing,CN,2011-06-30,12:00:00,1309410000,26.6,22.7,30.7,10.8,95.0,3.3,0.0,China
Beijing,CN,2011-07-01,12:00:00,1309496400,26.0,24.2,28.2,7.2,110.0,3.7,0.0,China
Beijing,CN,2011-07-02,12:00:00,1309582800,25.6,23.3,27.9,7.8,118.0,0.2,0.0,China
Beijing,CN,2011-07-03,12:00:00,1309669200,27.0,21.6,32.5,10.2,327.0,0.0,0.0,China
Beijing,CN,2011-07-04,12:00:00,1309755600,27.8,21.6,33.7,11.4,209.0,0.0,0.0,China
Beijing,CN,2011-07-05,12:00:00,1309842000,27.2,22.8,31.5,11.4,182.0,0.0,0.0,China
Beijing,CN,2011-07-06,12:00:00,1309928400,28.3,23.5,34.1,14.1,182.0,0.0,0.0,China
Beijing,CN,2011-07-07,12:00:00,1310014800,25.3,20.7,30.4,15.9,24.0,14.0,0.0,China
Beijing,CN,2011-07-08,12:00:00,1310101200,25.8,17.0,33.0,17.2,313.0,0.0,0.0,China
Beijing,CN,2011-07-09,12:00:00,1310187600,26.8,17.1,34.3,10.3,208.0,0.0,0.0,China
Beijing,CN,2011-07-10,12:00:00,1310274000,27.5,21.5,34.0,11.2,141.0,0.0,0.0,China
Beijing,CN,2011-07-11,12:00:00,1310360400,27.5,21.1,33.8,12.8,151.0,4.4,0.0,China
Beijing,CN,2011-07-12,12:00:00,1310446800,26.4,22.2,30.4,11.0,132.0,0.6,0.0,China
Beijing,CN,2011-07-13,12:00:00,1310533200,27.5,21.8,33.0,9.7,147.0,0.0,0.0,China
Beijing,CN,2011-07-14,12:00:00,1310619600,27.4,22.5,31.5,9.4,117.0,9.2,0.0,China
Beijing,CN,2011-07-15,12:00:00,1310706000,26.1,22.1,31.0,10.1,159.0,4.3,0.0,China
Beijing,CN,2011-07-16,12:00:00,1310792400,26.0,22.3,30.8,11.2,141.0,6.9,0.0,China
Beijing,CN,2011-07-17,12:00:00,1310878800,24.3,21.6,28.4,11.7,77.0,18.5,0.0,China
Beijing,CN,2011-07-18,12:00:00,1310965200,24.4,20.8,28.3,6.6,344.0,6.0,0.0,China
Beijing,CN,2011-07-19,12:00:00,1311051600,24.2,20.7,28.4,7.8,40.0,7.4,0.0,China
Beijing,CN,2011-07-20,12:00:00,1311138000,23.9,21.4,27.9,7.4,73.0,7.6,0.0,China
Beijing,CN,2011-07-21,12:00:00,1311224400,24.4,21.3,29.1,7.6,103.0,6.7,0.0,China
Beijing,CN,2011-07-22,12:00:00,1311310800,26.1,22.3,30.2,8.3,128.0,0.4,0.0,China
Beijing,CN,2011-07-23,12:00:00,1311397200,28.3,23.7,33.5,7.9,119.0,0.0,0.0,China
Beijing,CN,2011-07-24,12:00:00,1311483600,27.9,24.1,32.6,10.2,101.0,32.8,0.0,China
Beijing,CN,2011-07-25,12:00:00,1311570000,25.9,23.6,28.9,7.1,261.0,22.0,0.0,China
Beijing,CN,2011-07-26,12:00:00,1311656400,27.5,21.6,33.1,11.7,168.0,0.0,0.0,China
Beijing,CN,2011-07-27,12:00:00,1311742800,26.6,23.2,31.1,12.8,129.0,11.4,0.0,China
Beijing,CN,2011-07-28,12:00:00,1311829200,27.5,23.2,31.6,8.1,141.0,0.0,0.0,China
Beijing,CN,2011-07-29,12:00:00,1311915600,24.7,22.4,25.8,12.4,15.0,19.3,0.0,China
Beijing,CN,2011-07-30,12:00:00,1312002000,25.9,21.0,30.9,13.6,351.0,26.9,0.0,China
Beijing,CN,2011-07-31,12:00:00,1312088400,27.3,20.7,34.0,8.7,194.0,0.0,0.0,China
Beijing,CN,2011-08-01,12:00:00,1312174800,27.6,21.9,32.9,7.9,144.0,0.0,0.0,China
Beijing,CN,2011-08-02,12:00:00,1312261200,25.6,22.2,30.2,18.0,197.0,0.0,0.0,China
Beijing,CN,2011-08-03,12:00:00,1312347600,24.9,20.3,29.9,16.2,189.0,0.0,0.0,China
Beijing,CN,2011-08-04,12:00:00,1312434000,25.9,21.2,30.7,11.2,180.0,0.0,0.0,China
Beijing,CN,2011-08-05,12:00:00,1312520400,26.4,22.6,30.6,10.7,141.0,0.0,0.0,China
Beijing,CN,2011-08-06,12:00:00,1312606800,24.8,21.0,29.0,14.6,112.0,1.8,0.0,China
Beijing,CN,2011-08-07,12:00:00,1312693200,25.2,22.0,29.2,10.2,104.0,2.1,0.0,China
Beijing,CN,2011-08-08,12:00:00,1312779600,27.2,21.1,33.1,8.6,235.0,0.0,0.0,China
Beijing,CN,2011-08-09,12:00:00,1312866000,28.9,24.2,33.7,6.6,138.0,0.0,0.0,China
Beijing,CN,2011-08-10,12:00:00,1312952400,28.5,23.4,33.8,6.9,196.0,0.0,0.0,China
Beijing,CN,2011-08-11,12:00:00,1313038800,28.5,23.8,33.4,10.0,140.0,0.4,0.0,China
Beijing,CN,2011-08-12,12:00:00,1313125200,27.8,23.2,32.4,11.2,128.0,1.0,0.0,China
Beijing,CN,2011-08-13,12:00:00,1313211600,27.6,23.6,31.8,10.9,157.0,0.2,0.0,China
Beijing,CN,2011-08-14,12:00:00,1313298000,27.0,25.0,29.3,9.7,101.0,22.9,0.0,China
Beijing,CN,2011-08-15,12:00:00,1313384400,24.8,23.5,26.6,11.7,57.0,45.5,0.0,China
Beijing,CN,2011-08-16,12:00:00,1313470800,25.8,22.1,30.8,12.3,38.0,3.0,0.0,China
Beijing,CN,2011-08-17,12:00:00,1313557200,24.1,20.8,28.7,10.4,277.0,0.6,0.0,China
Beijing,CN,2011-08-18,12:00:00,1313643600,23.5,19.6,28.8,13.6,214.0,0.0,0.0,China
Beijing,CN,2011-08-19,12:00:00,1313730000,23.7,19.6,28.8,10.1,200.0,0.0,0.0,China
Beijing,CN,2011-08-20,12:00:00,1313816400,23.8,18.0,30.2,12.4,193.0,0.0,0.0,China
Beijing,CN,2011-08-21,12:00:00,1313902800,24.1,19.3,30.4,14.1,183.0,0.0,0.0,China
Beijing,CN,2011-08-22,12:00:00,1313989200,24.1,18.2,29.8,9.4,134.0,0.0,0.0,China
Beijing,CN,2011-08-23,12:00:00,1314075600,23.9,19.5,28.7,8.4,115.0,0.1,0.0,China
Beijing,CN,2011-08-24,12:00:00,1314162000,24.1,19.5,28.8,11.9,159.0,0.0,0.0,China
Beijing,CN,2011-08-25,12:00:00,1314248400,23.0,19.2,26.6,8.2,95.0,0.0,0.0,China
Beijing,CN,2011-08-26,12:00:00,1314334800,22.4,19.5,27.3,6.6,30.0,8.8,0.0,China
Beijing,CN,2011-08-27,12:00:00,1314421200,22.2,18.2,27.0,12.4,88.0,0.0,0.0,China
Beijing,CN,2011-08-28,12:00:00,1314507600,22.9,17.2,28.6,6.8,237.0,0.0,0.0,China
Beijing,CN,2011-08-29,12:00:00,1314594000,24.6,19.9,29.4,9.0,158.0,0.0,0.0,China
Beijing,CN,2011-08-30,12:00:00,1314680400,25.4,20.4,30.0,7.5,168.0,0.0,0.0,China
Beijing,CN,2011-08-31,12:00:00,1314766800,26.9,21.7,32.0,7.5,185.0,2.9,0.0,China
Beijing,CN,2011-09-01,12:00:00,1314853200,23.3,19.8,26.6,19.5,170.0,1.2,0.0,China
Beijing,CN,2011-09-02,12:00:00,1314939600,23.2,17.9,28.8,9.0,199.0,0.0,0.0,China
Beijing,CN,2011-09-03,12:00:00,1315026000,23.1,18.9,28.2,14.2,149.0,0.3,0.0,China
Beijing,CN,2011-09-04,12:00:00,1315112400,23.1,16.2,29.2,8.4,229.0,0.0,0.0,China
Beijing,CN,2011-09-05,12:00:00,1315198800,23.4,17.7,28.8,10.9,128.0,0.0,0.0,China
Beijing,CN,2011-09-06,12:00:00,1315285200,23.7,18.1,29.6,12.3,163.0,0.0,0.0,China
Beijing,CN,2011-09-07,12:00:00,1315371600,23.9,20.3,29.0,22.0,204.0,0.0,0.0,China
Beijing,CN,2011-09-08,12:00:00,1315458000,19.9,16.8,23.3,14.3,17.0,4.4,0.0,China
Beijing,CN,2011-09-09,12:00:00,1315544400,19.6,14.2,24.3,17.2,351.0,0.4,0.0,China
Beijing,CN,2011-09-10,12:00:00,1315630800,15.5,14.2,17.6,12.8,340.0,10.7,0.0,China
Beijing,CN,2011-09-11,12:00:00,1315717200,17.2,10.8,23.3,7.9,232.0,0.0,0.0,China
Beijing,CN,2011-09-12,12:00:00,1315803600,19.0,13.5,24.1,11.4,178.0,0.0,0.0,China
Beijing,CN,2011-09-13,12:00:00,1315890000,20.4,17.5,23.9,9.3,175.0,0.0,0.0,China
Beijing,CN,2011-09-14,12:00:00,1315976400,20.6,16.2,25.2,6.9,113.0,0.0,0.0,China
Beijing,CN,2011-09-15,12:00:00,1316062800,21.9,16.6,26.8,6.9,64.0,0.2,0.0,China
Beijing,CN,2011-09-16,12:00:00,1316149200,20.5,18.3,23.9,20.9,354.0,9.5,0.0,China
Beijing,CN,2011-09-17,12:00:00,1316235600,17.2,12.0,20.8,10.1,332.0,0.0,0.0,China
Beijing,CN,2011-09-18,12:00:00,1316322000,14.5,9.6,19.0,15.1,338.0,0.0,0.0,China
Beijing,CN,2011-09-19,12:00:00,1316408400,14.8,7.0,21.8,9.9,328.0,0.0,0.0,China
Beijing,CN,2011-09-20,12:00:00,1316494800,16.3,7.9,24.4,10.7,294.0,0.0,0.0,China
Beijing,CN,2011-09-21,12:00:00,1316581200,17.2,7.5,26.3,9.5,313.0,0.0,0.0,China
Beijing,CN,2011-09-22,12:00:00,1316667600,18.4,8.8,27.9,12.0,343.0,0.0,0.0,China
Beijing,CN,2011-09-23,12:00:00,1316754000,18.2,10.8,26.0,9.5,130.0,0.0,0.0,China
Beijing,CN,2011-09-24,12:00:00,1316840400,19.6,11.9,27.8,10.4,175.0,0.0,0.0,China
Beijing,CN,2011-09-25,12:00:00,1316926800,20.5,14.1,28.2,12.4,167.0,0.0,0.0,China
Beijing,CN,2011-09-26,12:00:00,1317013200,20.8,15.8,27.5,15.7,168.0,0.0,0.0,China
Beijing,CN,2011-09-27,12:00:00,1317099600,19.8,12.6,26.3,12.6,154.0,0.0,0.0,China
Beijing,CN,2011-09-28,12:00:00,1317186000,19.8,14.6,25.9,10.0,227.0,0.0,0.0,China
Beijing,CN,2011-09-29,12:00:00,1317272400,18.2,13.3,24.1,17.3,333.0,0.0,0.0,China
Beijing,CN,2011-09-30,12:00:00,1317358800,14.9,11.0,19.6,14.8,40.0,0.0,0.0,China
Beijing,CN,2011-10-01,12:00:00,1317445200,14.9,7.6,21.5,11.5,327.0,0.0,0.0,China
Beijing,CN,2011-10-02,12:00:00,1317531600,13.8,7.0,19.6,12.3,344.0,0.0,0.0,China
Beijing,CN,2011-10-03,12:00:00,1317618000,13.4,4.7,21.1,10.0,266.0,0.0,0.0,China
Beijing,CN,2011-10-04,12:00:00,1317704400,15.7,9.1,22.1,10.9,160.0,0.0,0.0,China
Beijing,CN,2011-10-05,12:00:00,1317790800,18.6,11.9,27.4,15.4,267.0,0.0,0.0,China
Beijing,CN,2011-10-06,12:00:00,1317877200,15.9,8.1,23.1,10.0,53.0,0.0,0.0,China
Beijing,CN,2011-10-07,12:00:00,1317963600,16.1,8.6,23.7,10.5,123.0,0.0,0.0,China
Beijing,CN,2011-10-08,12:00:00,1318050000,17.9,10.7,25.0,13.2,140.0,0.0,0.0,China
Beijing,CN,2011-10-09,12:00:00,1318136400,19.8,14.8,25.9,10.8,67.0,0.9,0.0,China
Beijing,CN,2011-10-10,12:00:00,1318222800,17.0,13.0,20.1,6.8,113.0,0.8,0.0,China
Beijing,CN,2011-10-11,12:00:00,1318309200,17.0,10.9,23.1,7.0,146.0,0.0,0.0,China
Beijing,CN,2011-10-12,12:00:00,1318395600,17.2,13.1,22.6,11.0,174.0,0.4,0.0,China
Beijing,CN,2011-10-13,12:00:00,1318482000,16.4,13.3,21.7,9.7,191.0,11.2,0.0,China
Beijing,CN,2011-10-14,12:00:00,1318568400,13.5,8.8,19.5,16.9,308.0,0.0,0.0,China
Beijing,CN,2011-10-15,12:00:00,1318654800,13.6,8.4,19.8,24.0,308.0,0.0,0.0,China
Beijing,CN,2011-10-16,12:00:00,1318741200,13.7,7.2,21.9,20.1,323.0,0.0,0.0,China
Beijing,CN,2011-10-17,12:00:00,1318827600,12.2,6.2,18.7,9.4,105.0,0.0,0.0,China
Beijing,CN,2011-10-18,12:00:00,1318914000,13.0,5.6,19.8,6.6,68.0,0.0,0.0,China
Beijing,CN,2011-10-19,12:00:00,1319000400,14.5,8.4,21.2,10.5,84.0,0.0,0.0,China
Beijing,CN,2011-10-20,12:00:00,1319086800,15.1,9.8,20.8,6.9,71.0,0.1,0.0,China
Beijing,CN,2011-10-21,12:00:00,1319173200,14.8,8.7,21.3,7.9,70.0,0.0,0.0,China
Beijing,CN,2011-10-22,12:00:00,1319259600,15.3,8.3,21.8,9.4,178.0,0.0,0.0,China
Beijing,CN,2011-10-23,12:00:00,1319346000,12.3,8.1,16.4,25.7,4.0,0.7,0.0,China
Beijing,CN,2011-10-24,12:00:00,1319432400,8.6,2.8,15.4,15.5,336.0,0.0,0.0,China
Beijing,CN,2011-10-25,12:00:00,1319518800,8.4,-0.0,15.0,9.9,217.0,0.0,0.0,China
Beijing,CN,2011-10-26,12:00:00,1319605200,9.4,6.7,13.8,8.3,169.0,0.0,0.0,China
Beijing,CN,2011-10-27,12:00:00,1319691600,10.3,4.7,17.8,9.7,204.0,0.0,0.0,China
Beijing,CN,2011-10-28,12:00:00,1319778000,10.1,2.6,17.4,7.1,39.0,0.0,0.0,China
Beijing,CN,2011-10-29,12:00:00,1319864400,10.6,3.9,18.2,12.0,140.0,0.0,0.0,China
Beijing,CN,2011-10-30,12:00:00,1319950800,11.1,4.8,17.4,11.8,164.0,0.0,0.0,China
Beijing,CN,2011-10-31,12:00:00,1320037200,12.9,9.0,16.8,14.8,159.0,0.0,0.0,China
Beijing,CN,2011-11-01,12:00:00,1320123600,14.0,10.8,17.3,9.0,14.0,1.1,0.0,China
Beijing,CN,2011-11-02,12:00:00,1320210000,11.7,7.9,15.6,10.4,359.0,0.0,0.0,China
Beijing,CN,2011-11-03,12:00:00,1320296400,13.1,10.7,16.5,5.5,70.0,0.0,0.0,China
Beijing,CN,2011-11-04,12:00:00,1320382800,12.9,9.7,16.3,7.7,358.0,0.3,0.0,China
Beijing,CN,2011-11-05,12:00:00,1320469200,12.1,10.5,13.2,12.1,11.0,0.2,0.0,China
Beijing,CN,2011-11-06,12:00:00,1320555600,10.6,9.2,13.4,6.1,153.0,0.0,0.0,China
Beijing,CN,2011-11-07,12:00:00,1320642000,10.4,6.1,15.2,7.8,6.0,0.0,0.0,China
Beijing,CN,2011-11-08,12:00:00,1320728400,10.3,5.1,15.1,8.0,320.0,0.0,0.0,China
Beijing,CN,2011-11-09,12:00:00,1320814800,6.9,0.8,14.2,7.9,335.0,0.0,0.0,China
Beijing,CN,2011-11-10,12:00:00,1320901200,6.6,-0.4,14.5,10.5,260.0,0.0,0.0,China
Beijing,CN,2011-11-11,12:00:00,1320987600,7.3,1.0,14.4,9.7,208.0,0.0,0.0,China
Beijing,CN,2011-11-12,12:00:00,1321074000,8.7,2.2,15.8,13.4,290.0,0.0,0.0,China
Beijing,CN,2011-11-13,12:00:00,1321160400,4.7,-0.5,10.1,14.7,1.0,0.0,0.0,China
Beijing,CN,2011-11-14,12:00:00,1321246800,4.8,-2.0,11.2,8.9,82.0,0.0,0.0,China
Beijing,CN,2011-11-15,12:00:00,1321333200,4.5,-0.4,11.3,7.4,28.0,0.0,0.0,China
Beijing,CN,2011-11-16,12:00:00,1321419600,6.5,-0.7,13.0,11.6,63.0,1.1,0.0,China
Beijing,CN,2011-11-17,12:00:00,1321506000,7.3,4.7,9.7,8.0,358.0,11.6,0.0,China
Beijing,CN,2011-11-18,12:00:00,1321592400,8.0,4.1,14.3,12.9,81.0,0.7,0.0,China
Beijing,CN,2011-11-19,12:00:00,1321678800,3.8,-2.7,7.6,19.2,325.0,0.7,0.0,China
Beijing,CN,2011-11-20,12:00:00,1321765200,0.8,-4.3,6.9,9.7,130.0,0.0,0.0,China
Beijing,CN,2011-11-21,12:00:00,1321851600,1.8,-4.0,8.2,9.6,72.0,0.0,0.0,China
Beijing,CN,2011-11-22,12:00:00,1321938000,3.7,-0.9,11.4,26.1,325.0,0.0,0.0,China
Beijing,CN,2011-11-23,12:00:00,1322024400,-0.0,-3.8,5.0,17.9,322.0,0.0,0.0,China
Beijing,CN,2011-11-24,12:00:00,1322110800,-1.6,-4.3,2.8,7.6,113.0,0.0,0.0,China
Beijing,CN,2011-11-25,12:00:00,1322197200,-0.4,-4.4,5.3,6.9,35.0,0.0,0.0,China
Beijing,CN,2011-11-26,12:00:00,1322283600,1.2,-3.8,6.5,6.2,334.0,0.1,0.0,China
Beijing,CN,2011-11-27,12:00:00,1322370000,2.9,-3.2,10.2,7.9,23.0,0.0,0.0,China
Beijing,CN,2011-11-28,12:00:00,1322456400,3.2,-1.8,10.1,13.6,56.0,0.0,0.0,China
Beijing,CN,2011-11-29,12:00:00,1322542800,1.0,-2.0,4.0,7.8,202.0,0.0,0.0,China
Beijing,CN,2011-11-30,12:00:00,1322629200,-0.1,-3.5,4.1,9.7,325.0,0.0,0.0,China
Beijing,CN,2011-12-01,12:00:00,1322715600,-1.4,-5.1,3.7,8.0,117.0,0.0,0.0,China
Beijing,CN,2011-12-02,12:00:00,1322802000,-1.3,-3.5,1.8,4.3,112.0,0.1,0.35,China
Beijing,CN,2011-12-03,12:00:00,1322888400,-1.5,-5.6,4.0,10.1,342.0,0.0,0.0,China
Beijing,CN,2011-12-04,12:00:00,1322974800,-0.4,-3.7,4.0,6.2,70.0,0.0,0.0,China
Beijing,CN,2011-12-05,12:00:00,1323061200,-0.9,-2.4,1.4,5.6,46.0,0.0,0.0,China
Beijing,CN,2011-12-06,12:00:00,1323147600,0.4,-2.6,5.0,7.3,28.0,0.2,0.21,China
Beijing,CN,2011-12-07,12:00:00,1323234000,0.4,-3.3,5.3,19.0,338.0,0.2,0.28,China
Beijing,CN,2011-12-08,12:00:00,1323320400,-3.8,-6.5,0.4,17.1,340.0,0.0,0.0,China
Beijing,CN,2011-12-09,12:00:00,1323406800,-4.7,-8.1,0.9,12.3,326.0,0.0,0.0,China
Beijing,CN,2011-12-10,12:00:00,1323493200,-2.6,-6.6,4.8,13.6,271.0,0.0,0.0,China
Beijing,CN,2011-12-11,12:00:00,1323579600,-0.7,-5.3,8.0,10.2,272.0,0.0,0.0,China
Beijing,CN,2011-12-12,12:00:00,1323666000,-0.5,-4.8,5.4,8.0,64.0,0.0,0.0,China
Beijing,CN,2011-12-13,12:00:00,1323752400,-0.6,-3.9,4.1,13.1,77.0,0.0,0.0,China
Beijing,CN,2011-12-14,12:00:00,1323838800,-2.5,-6.5,1.5,22.2,335.0,0.0,0.0,China
Beijing,CN,2011-12-15,12:00:00,1323925200,-4.7,-8.2,1.2,21.9,322.0,0.0,0.0,China
Beijing,CN,2011-12-16,12:00:00,1324011600,-6.2,-9.2,-1.4,12.6,297.0,0.0,0.0,China
Beijing,CN,2011-12-17,12:00:00,1324098000,-5.2,-10.0,2.0,8.6,272.0,0.0,0.0,China
Beijing,CN,2011-12-18,12:00:00,1324184400,-4.1,-8.6,1.5,9.2,2.0,0.0,0.0,China
Beijing,CN,2011-12-19,12:00:00,1324270800,-2.4,-6.6,2.0,6.6,22.0,0.0,0.0,China
Beijing,CN,2011-12-20,12:00:00,1324357200,-2.6,-6.2,3.7,8.8,303.0,0.0,0.0,China
Beijing,CN,2011-12-21,12:00:00,1324443600,-3.0,-7.2,2.7,20.7,312.0,0.0,0.0,China
Beijing,CN,2011-12-22,12:00:00,1324530000,-3.2,-6.4,2.2,9.8,268.0,0.0,0.0,China
Beijing,CN,2011-12-23,12:00:00,1324616400,-2.7,-6.7,4.0,16.1,302.0,0.0,0.0,China
Beijing,CN,2011-12-24,12:00:00,1324702800,-3.0,-6.7,3.6,12.2,285.0,0.0,0.0,China
Beijing,CN,2011-12-25,12:00:00,1324789200,-2.3,-5.9,3.5,9.7,44.0,0.0,0.0,China
Beijing,CN,2011-12-26,12:00:00,1324875600,-2.4,-6.2,2.1,7.9,75.0,0.0,0.0,China
Beijing,CN,2011-12-27,12:00:00,1324962000,-2.5,-6.8,2.8,7.1,51.0,0.0,0.0,China
Beijing,CN,2011-12-28,12:00:00,1325048400,-2.4,-7.2,4.4,10.5,58.0,0.0,0.0,China
Beijing,CN,2011-12-29,12:00:00,1325134800,-4.4,-6.3,-2.8,7.6,114.0,0.0,0.0,China
Beijing,CN,2011-12-30,12:00:00,1325221200,-3.4,-6.1,0.2,7.8,116.0,0.0,0.0,China
Beijing,CN,2011-12-31,12:00:00,1325307600,-3.2,-7.2,4.5,9.4,344.0,0.0,0.0,China
Beijing,CN,2012-01-01,12:00:00,1325394000,-4.0,-7.2,1.3,11.2,65.0,0.0,0.0,China
Beijing,CN,2012-01-02,12:00:00,1325480400,-3.1,-5.8,2.1,21.5,324.0,0.0,0.0,China
Beijing,CN,2012-01-03,12:00:00,1325566800,-4.5,-7.9,0.7,26.1,326.0,0.0,0.0,China
Beijing,CN,2012-01-04,12:00:00,1325653200,-5.5,-9.0,0.0,10.6,283.0,0.0,0.0,China
Beijing,CN,2012-01-05,12:00:00,1325739600,-4.6,-9.6,1.3,8.5,304.0,0.0,0.0,China
Beijing,CN,2012-01-06,12:00:00,1325826000,-4.9,-8.4,-2.0,8.9,72.0,0.0,0.0,China
Beijing,CN,2012-01-07,12:00:00,1325912400,-3.7,-5.9,-0.5,6.4,100.0,0.0,0.56,China
Beijing,CN,2012-01-08,12:00:00,1325998800,-4.1,-7.4,1.9,8.6,314.0,0.0,0.0,China
Beijing,CN,2012-01-09,12:00:00,1326085200,-3.9,-9.2,3.0,9.8,90.0,0.0,0.0,China
Beijing,CN,2012-01-10,12:00:00,1326171600,-3.9,-9.4,3.7,18.9,346.0,0.0,0.0,China
Beijing,CN,2012-01-11,12:00:00,1326258000,-5.8,-10.4,-0.4,14.0,183.0,0.0,0.0,China
Beijing,CN,2012-01-12,12:00:00,1326344400,-4.4,-10.5,3.8,9.0,247.0,0.0,0.0,China
Beijing,CN,2012-01-13,12:00:00,1326430800,-3.3,-8.3,3.7,10.3,340.0,0.0,0.0,China
Beijing,CN,2012-01-14,12:00:00,1326517200,-2.6,-7.6,3.8,9.2,10.0,0.0,0.0,China
Beijing,CN,2012-01-15,12:00:00,1326603600,-2.0,-6.1,2.6,6.9,71.0,0.0,0.0,China
Beijing,CN,2012-01-16,12:00:00,1326690000,-3.2,-7.6,1.9,7.4,36.0,0.0,0.0,China
Beijing,CN,2012-01-17,12:00:00,1326776400,-2.1,-6.8,3.4,10.0,33.0,0.0,0.0,China
Beijing,CN,2012-01-18,12:00:00,1326862800,-2.8,-5.9,1.3,7.9,132.0,0.0,0.0,China
Beijing,CN,2012-01-19,12:00:00,1326949200,-1.8,-4.7,2.1,7.2,42.0,0.0,0.0,China
Beijing,CN,2012-01-20,12:00:00,1327035600,-3.4,-7.0,0.4,15.5,25.0,0.0,0.0,China
Beijing,CN,2012-01-21,12:00:00,1327122000,-8.0,-11.3,-3.3,13.5,10.0,0.0,0.0,China
Beijing,CN,2012-01-22,12:00:00,1327208400,-8.7,-13.5,-3.1,11.7,310.0,0.0,0.0,China
Beijing,CN,2012-01-23,12:00:00,1327294800,-8.0,-14.1,-1.0,11.9,285.0,0.0,0.0,China
Beijing,CN,2012-01-24,12:00:00,1327381200,-6.2,-11.4,-0.3,20.2,320.0,0.0,0.0,China
Beijing,CN,2012-01-25,12:00:00,1327467600,-6.1,-13.1,2.2,10.1,243.0,0.0,0.0,China
Beijing,CN,2012-01-26,12:00:00,1327554000,-4.6,-10.6,2.6,10.5,48.0,0.0,0.0,China
Beijing,CN,2012-01-27,12:00:00,1327640400,-4.5,-8.2,0.5,12.4,79.0,0.0,0.0,China
Beijing,CN,2012-01-28,12:00:00,1327726800,-4.5,-7.2,-0.2,9.4,81.0,0.0,0.0,China
Beijing,CN,2012-01-29,12:00:00,1327813200,-5.8,-9.6,-0.8,9.0,67.0,0.0,0.0,China
Beijing,CN,2012-01-30,12:00:00,1327899600,-5.6,-8.5,-2.0,9.7,105.0,0.5,0.63,China
Beijing,CN,2012-01-31,12:00:00,1327986000,-4.6,-7.9,0.7,18.0,17.0,0.0,0.0,China
Beijing,CN,2012-02-01,12:00:00,1328072400,-7.8,-12.3,-2.6,14.5,8.0,0.0,0.0,China
Beijing,CN,2012-02-02,12:00:00,1328158800,-7.5,-12.7,-1.1,11.9,321.0,0.0,0.0,China
Beijing,CN,2012-02-03,12:00:00,1328245200,-5.5,-12.0,3.2,11.4,312.0,0.0,0.0,China
Beijing,CN,2012-02-04,12:00:00,1328331600,-4.8,-10.1,1.4,11.5,99.0,0.0,0.0,China
Beijing,CN,2012-02-05,12:00:00,1328418000,-2.1,-6.0,4.6,11.2,101.0,0.0,0.0,China
Beijing,CN,2012-02-06,12:00:00,1328504400,-4.8,-9.0,-2.2,27.6,337.0,0.0,0.0,China
Beijing,CN,2012-02-07,12:00:00,1328590800,-6.8,-11.2,-1.1,21.3,323.0,0.0,0.0,China
Beijing,CN,2012-02-08,12:00:00,1328677200,-4.9,-10.4,2.1,17.7,287.0,0.0,0.0,China
Beijing,CN,2012-02-09,12:00:00,1328763600,-3.7,-9.6,4.0,13.8,268.0,0.0,0.0,China
Beijing,CN,2012-02-10,12:00:00,1328850000,-3.2,-7.7,3.1,13.4,241.0,0.0,0.0,China
Beijing,CN,2012-02-11,12:00:00,1328936400,-1.8,-7.3,5.2,11.0,78.0,0.0,0.0,China
Beijing,CN,2012-02-12,12:00:00,1329022800,-2.3,-7.2,2.8,10.4,83.0,0.0,0.0,China
Beijing,CN,2012-02-13,12:00:00,1329109200,-0.8,-6.4,6.3,11.2,156.0,0.0,0.0,China
Beijing,CN,2012-02-14,12:00:00,1329195600,-0.7,-5.7,5.3,20.5,14.0,0.0,0.0,China
Beijing,CN,2012-02-15,12:00:00,1329282000,-2.9,-7.8,3.6,11.5,151.0,0.0,0.0,China
Beijing,CN,2012-02-16,12:00:00,1329368400,-2.8,-6.5,3.4,22.8,314.0,0.0,0.0,China
Beijing,CN,2012-02-17,12:00:00,1329454800,-4.3,-7.3,1.0,20.7,323.0,0.0,0.0,China
Beijing,CN,2012-02-18,12:00:00,1329541200,-3.2,-7.7,3.6,12.3,291.0,0.0,0.0,China
Beijing,CN,2012-02-19,12:00:00,1329627600,-1.8,-7.7,6.7,10.9,244.0,0.0,0.0,China
Beijing,CN,2012-02-20,12:00:00,1329714000,0.2,-6.0,7.9,11.2,94.0,0.0,0.0,China
Beijing,CN,2012-02-21,12:00:00,1329800400,-0.4,-5.0,5.9,10.3,99.0,0.0,0.0,China
Beijing,CN,2012-02-22,12:00:00,1329886800,0.5,-4.2,7.0,18.1,25.0,0.0,0.0,China
Beijing,CN,2012-02-23,12:00:00,1329973200,-0.7,-5.1,5.2,12.6,52.0,0.0,0.0,China
Beijing,CN,2012-02-24,12:00:00,1330059600,-1.1,-4.5,5.2,12.7,103.0,0.0,0.0,China
Beijing,CN,2012-02-25,12:00:00,1330146000,-0.9,-5.0,4.1,17.7,346.0,0.0,0.0,China
Beijing,CN,2012-02-26,12:00:00,1330232400,-0.3,-5.1,5.5,10.7,104.0,0.0,0.0,China
Beijing,CN,2012-02-27,12:00:00,1330318800,0.1,-6.2,7.3,12.3,141.0,0.0,0.0,China
Beijing,CN,2012-02-28,12:00:00,1330405200,1.8,-2.4,8.5,16.2,159.0,0.0,0.0,China
Beijing,CN,2012-02-29,12:00:00,1330491600,3.0,-3.9,10.0,8.5,98.0,0.0,0.0,China
Beijing,CN,2012-03-01,12:00:00,1330578000,1.3,-3.1,5.6,9.4,33.0,0.4,0.0,China
Beijing,CN,2012-03-02,12:00:00,1330664400,1.0,-2.5,4.8,11.2,165.0,0.0,0.35,China
Beijing,CN,2012-03-03,12:00:00,1330750800,-0.2,-3.6,3.6,11.6,154.0,0.0,0.0,China
Beijing,CN,2012-03-04,12:00:00,1330837200,1.0,-3.3,5.9,6.8,116.0,0.0,0.0,China
Beijing,CN,2012-03-05,12:00:00,1330923600,0.5,-3.5,6.1,15.5,216.0,0.1,0.14,China
Beijing,CN,2012-03-06,12:00:00,1331010000,3.3,-2.2,10.2,18.1,302.0,0.0,0.0,China
Beijing,CN,2012-03-07,12:00:00,1331096400,2.6,-4.3,10.2,17.5,324.0,0.0,0.0,China
Beijing,CN,2012-03-08,12:00:00,1331182800,0.1,-3.1,4.6,18.1,4.0,0.0,0.0,China
Beijing,CN,2012-03-09,12:00:00,1331269200,-0.2,-6.0,5.8,13.7,159.0,0.0,0.0,China
Beijing,CN,2012-03-10,12:00:00,1331355600,0.0,-4.8,7.0,27.4,345.0,0.0,0.0,China
Beijing,CN,2012-03-11,12:00:00,1331442000,-1.1,-7.2,5.8,14.6,294.0,0.0,0.0,China
Beijing,CN,2012-03-12,12:00:00,1331528400,1.4,-4.2,8.7,12.2,175.0,0.0,0.0,China
Beijing,CN,2012-03-13,12:00:00,1331614800,4.5,-2.7,14.6,11.2,227.0,0.0,0.0,China
Beijing,CN,2012-03-14,12:00:00,1331701200,4.2,-2.4,11.7,13.6,138.0,0.0,0.0,China
Beijing,CN,2012-03-15,12:00:00,1331787600,3.5,-4.3,10.8,10.9,130.0,0.2,0.0,China
Beijing,CN,2012-03-16,12:00:00,1331874000,7.7,2.1,14.6,13.1,142.0,0.2,0.0,China
Beijing,CN,2012-03-17,12:00:00,1331960400,5.9,-0.2,15.0,11.4,92.0,5.8,0.56,China
Beijing,CN,2012-03-18,12:00:00,1332046800,2.2,-0.2,5.9,12.9,127.0,4.9,2.59,China
Beijing,CN,2012-03-19,12:00:00,1332133200,2.6,-1.3,7.5,9.5,200.0,0.0,0.0,China
Beijing,CN,2012-03-20,12:00:00,1332219600,4.2,-2.0,11.1,10.9,195.0,0.0,0.0,China
Beijing,CN,2012-03-21,12:00:00,1332306000,6.1,-0.3,14.2,15.1,192.0,0.0,0.0,China
Beijing,CN,2012-03-22,12:00:00,1332392400,6.7,1.9,11.3,12.0,160.0,0.0,0.0,China
Beijing,CN,2012-03-23,12:00:00,1332478800,6.4,0.1,12.7,38.7,322.0,1.3,0.14,China
Beijing,CN,2012-03-24,12:00:00,1332565200,5.7,-3.7,15.5,27.6,337.0,0.0,0.0,China
Beijing,CN,2012-03-25,12:00:00,1332651600,6.4,-1.0,14.4,16.6,193.0,0.0,0.0,China
Beijing,CN,2012-03-26,12:00:00,1332738000,8.4,0.3,17.7,11.6,134.0,0.0,0.0,China
Beijing,CN,2012-03-27,12:00:00,1332824400,11.0,-0.5,22.5,12.2,293.0,0.0,0.0,China
Beijing,CN,2012-03-28,12:00:00,1332910800,11.0,1.7,20.1,16.8,114.0,0.0,0.0,China
Beijing,CN,2012-03-29,12:00:00,1332997200,13.4,6.2,22.4,21.4,331.0,0.8,0.0,China
Beijing,CN,2012-03-30,12:00:00,1333083600,8.7,4.4,12.9,31.3,310.0,0.0,0.0,China
Beijing,CN,2012-03-31,12:00:00,1333170000,7.2,-0.3,15.3,17.7,44.0,0.0,0.0,China
Beijing,CN,2012-04-01,12:00:00,1333256400,6.1,-0.6,12.5,16.9,84.0,0.0,0.0,China
Beijing,CN,2012-04-02,12:00:00,1333342800,6.7,2.4,12.9,12.5,356.0,1.9,0.0,China
Beijing,CN,2012-04-03,12:00:00,1333429200,9.3,-1.9,19.7,23.7,281.0,0.0,0.0,China
Beijing,CN,2012-04-04,12:00:00,1333515600,9.8,0.4,19.0,18.5,329.0,0.0,0.0,China
Beijing,CN,2012-04-05,12:00:00,1333602000,9.7,-0.9,18.4,28.7,321.0,0.0,0.0,China
Beijing,CN,2012-04-06,12:00:00,1333688400,11.4,1.9,22.4,16.9,15.0,0.0,0.0,China
Beijing,CN,2012-04-07,12:00:00,1333774800,11.2,0.4,22.9,17.7,161.0,0.0,0.0,China
Beijing,CN,2012-04-08,12:00:00,1333861200,15.7,6.9,24.2,13.9,293.0,0.0,0.0,China
Beijing,CN,2012-04-09,12:00:00,1333947600,17.8,9.1,27.3,20.3,181.0,0.0,0.0,China
Beijing,CN,2012-04-10,12:00:00,1334034000,18.2,14.3,22.7,28.7,205.0,0.0,0.0,China
Beijing,CN,2012-04-11,12:00:00,1334120400,14.3,9.4,20.0,21.6,327.0,0.0,0.0,China
Beijing,CN,2012-04-12,12:00:00,1334206800,15.7,5.7,24.1,14.0,270.0,0.0,0.0,China
Beijing,CN,2012-04-13,12:00:00,1334293200,17.2,7.3,26.8,13.4,230.0,0.0,0.0,China
Beijing,CN,2012-04-14,12:00:00,1334379600,19.0,7.1,29.4,16.9,218.0,0.0,0.0,China
Beijing,CN,2012-04-15,12:00:00,1334466000,17.5,8.7,24.9,15.3,89.0,0.1,0.0,China
Beijing,CN,2012-04-16,12:00:00,1334552400,14.3,4.5,21.7,16.6,228.0,0.0,0.0,China
Beijing,CN,2012-04-17,12:00:00,1334638800,18.9,8.7,27.5,21.6,197.0,0.0,0.0,China
Beijing,CN,2012-04-18,12:00:00,1334725200,19.8,14.4,26.2,18.1,156.0,2.3,0.0,China
Beijing,CN,2012-04-19,12:00:00,1334811600,17.1,12.4,25.6,14.3,117.0,1.9,0.0,China
Beijing,CN,2012-04-20,12:00:00,1334898000,15.8,12.7,21.0,16.4,101.0,4.4,0.0,China
Beijing,CN,2012-04-21,12:00:00,1334984400,13.7,11.1,16.8,8.1,105.0,0.0,0.0,China
Beijing,CN,2012-04-22,12:00:00,1335070800,17.0,10.0,24.6,11.5,164.0,0.0,0.0,China
Beijing,CN,2012-04-23,12:00:00,1335157200,20.3,13.5,27.7,10.8,84.0,0.0,0.0,China
Beijing,CN,2012-04-24,12:00:00,1335243600,15.4,13.1,18.1,19.8,351.0,18.1,0.0,China
Beijing,CN,2012-04-25,12:00:00,1335330000,14.5,7.0,20.3,26.3,318.0,0.0,0.0,China
Beijing,CN,2012-04-26,12:00:00,1335416400,14.4,6.0,23.1,11.1,184.0,0.0,0.0,China
Beijing,CN,2012-04-27,12:00:00,1335502800,16.3,7.4,23.3,28.6,320.0,0.0,0.0,China
Beijing,CN,2012-04-28,12:00:00,1335589200,13.9,8.2,20.4,11.9,118.0,0.0,0.0,China
Beijing,CN,2012-04-29,12:00:00,1335675600,14.9,6.0,22.8,13.1,138.0,0.0,0.0,China
Beijing,CN,2012-04-30,12:00:00,1335762000,17.6,10.1,24.9,10.9,145.0,0.0,0.0,China
Beijing,CN,2012-05-01,12:00:00,1335848400,19.8,12.7,27.1,12.3,97.0,0.0,0.0,China
Beijing,CN,2012-05-02,12:00:00,1335934800,22.5,14.1,31.7,13.6,245.0,0.0,0.0,China
Beijing,CN,2012-05-03,12:00:00,1336021200,24.1,12.8,33.8,11.2,238.0,0.0,0.0,China
Beijing,CN,2012-05-04,12:00:00,1336107600,25.9,16.3,35.5,13.1,168.0,0.1,0.0,China
Beijing,CN,2012-05-05,12:00:00,1336194000,23.7,14.4,31.5,15.2,359.0,0.0,0.0,China
Beijing,CN,2012-05-06,12:00:00,1336280400,24.1,14.1,32.9,14.4,118.0,0.0,0.0,China
Beijing,CN,2012-05-07,12:00:00,1336366800,23.3,15.2,30.9,13.2,70.0,0.0,0.0,China
Beijing,CN,2012-05-08,12:00:00,1336453200,24.2,16.0,32.6,12.4,141.0,0.0,0.0,China
Beijing,CN,2012-05-09,12:00:00,1336539600,22.9,14.8,31.0,20.1,184.0,0.0,0.0,China
Beijing,CN,2012-05-10,12:00:00,1336626000,25.9,17.9,34.1,11.1,137.0,1.0,0.0,China
Beijing,CN,2012-05-11,12:00:00,1336712400,20.5,18.8,23.7,12.2,70.0,9.4,0.0,China
Beijing,CN,2012-05-12,12:00:00,1336798800,18.9,15.4,24.9,13.0,142.0,5.3,0.0,China
Beijing,CN,2012-05-13,12:00:00,1336885200,18.8,11.5,26.6,24.1,168.0,0.2,0.0,China
Beijing,CN,2012-05-14,12:00:00,1336971600,18.9,11.7,26.1,20.3,309.0,0.0,0.0,China
Beijing,CN,2012-05-15,12:00:00,1337058000,19.0,9.7,25.9,22.2,303.0,0.0,0.0,China
Beijing,CN,2012-05-16,12:00:00,1337144400,19.6,10.5,27.0,25.8,322.0,0.0,0.0,China
Beijing,CN,2012-05-17,12:00:00,1337230800,21.9,12.3,30.5,19.1,161.0,0.0,0.0,China
Beijing,CN,2012-05-18,12:00:00,1337317200,23.6,12.8,33.6,20.2,172.0,0.0,0.0,China
Beijing,CN,2012-05-19,12:00:00,1337403600,26.2,19.7,33.7,13.5,146.0,0.7,0.0,China
Beijing,CN,2012-05-20,12:00:00,1337490000,23.1,18.0,30.8,19.2,103.0,0.0,0.0,China
Beijing,CN,2012-05-21,12:00:00,1337576400,23.0,17.0,29.0,17.7,169.0,0.2,0.0,China
Beijing,CN,2012-05-22,12:00:00,1337662800,24.2,20.1,28.9,14.7,215.0,0.0,0.0,China
Beijing,CN,2012-05-23,12:00:00,1337749200,23.0,16.1,28.2,11.8,341.0,0.0,0.0,China
Beijing,CN,2012-05-24,12:00:00,1337835600,23.3,16.5,29.0,19.8,348.0,0.0,0.0,China
Beijing,CN,2012-05-25,12:00:00,1337922000,22.4,14.9,28.1,13.2,245.0,0.0,0.0,China
Beijing,CN,2012-05-26,12:00:00,1338008400,25.0,13.0,34.5,16.5,233.0,0.0,0.0,China
Beijing,CN,2012-05-27,12:00:00,1338094800,27.0,17.6,35.3,14.3,116.0,0.0,0.0,China
Beijing,CN,2012-05-28,12:00:00,1338181200,26.9,18.0,35.7,21.9,190.0,0.0,0.0,China
Beijing,CN,2012-05-29,12:00:00,1338267600,23.8,17.6,28.2,17.4,228.0,1.2,0.0,China
Beijing,CN,2012-05-30,12:00:00,1338354000,21.3,13.6,27.8,19.1,354.0,0.0,0.0,China
Beijing,CN,2012-05-31,12:00:00,1338440400,21.6,13.2,29.5,20.9,177.0,0.2,0.0,China
Beijing,CN,2012-06-01,12:00:00,1338526800,19.4,14.5,24.9,13.6,98.0,2.5,0.0,China
Beijing,CN,2012-06-02,12:00:00,1338613200,23.2,15.6,30.3,16.2,202.0,0.0,0.0,China
Beijing,CN,2012-06-03,12:00:00,1338699600,21.3,19.0,26.0,10.5,141.0,18.7,0.0,China
Beijing,CN,2012-06-04,12:00:00,1338786000,24.0,16.8,32.7,14.5,185.0,0.0,0.0,China
Beijing,CN,2012-06-05,12:00:00,1338872400,26.1,16.5,33.3,10.0,77.0,0.0,0.0,China
Beijing,CN,2012-06-06,12:00:00,1338958800,25.8,19.1,32.9,11.3,68.0,0.0,0.0,China
Beijing,CN,2012-06-07,12:00:00,1339045200,26.7,20.6,33.1,10.1,199.0,0.0,0.0,China
Beijing,CN,2012-06-08,12:00:00,1339131600,27.5,20.0,34.4,12.1,176.0,0.0,0.0,China
Beijing,CN,2012-06-09,12:00:00,1339218000,27.6,20.7,36.8,22.6,153.0,1.0,0.0,China
Beijing,CN,2012-06-10,12:00:00,1339304400,23.8,18.1,30.3,24.0,305.0,0.6,0.0,China
Beijing,CN,2012-06-11,12:00:00,1339390800,24.5,14.4,32.6,16.5,283.0,0.0,0.0,China
Beijing,CN,2012-06-12,12:00:00,1339477200,24.8,15.7,31.4,15.3,355.0,0.0,0.0,China
Beijing,CN,2012-06-13,12:00:00,1339563600,22.9,17.5,30.8,25.4,86.0,3.9,0.0,China
Beijing,CN,2012-06-14,12:00:00,1339650000,22.9,18.6,28.2,17.1,337.0,0.0,0.0,China
Beijing,CN,2012-06-15,12:00:00,1339736400,23.2,16.7,29.1,19.6,336.0,0.0,0.0,China
Beijing,CN,2012-06-16,12:00:00,1339822800,27.1,16.3,35.4,10.6,305.0,0.0,0.0,China
Beijing,CN,2012-06-17,12:00:00,1339909200,31.1,21.6,40.0,17.3,198.0,0.0,0.0,China
Beijing,CN,2012-06-18,12:00:00,1339995600,31.0,24.6,38.4,16.7,129.0,0.0,0.0,China
Beijing,CN,2012-06-19,12:00:00,1340082000,28.2,21.4,35.6,11.7,95.0,0.0,0.0,China
Beijing,CN,2012-06-20,12:00:00,1340168400,28.2,21.9,34.5,10.0,137.0,0.0,0.0,China
Beijing,CN,2012-06-21,12:00:00,1340254800,28.8,22.2,35.4,17.9,135.0,0.0,0.0,China
Beijing,CN,2012-06-22,12:00:00,1340341200,26.4,21.9,33.4,14.3,118.0,1.9,0.0,China
Beijing,CN,2012-06-23,12:00:00,1340427600,25.3,21.3,32.1,11.9,107.0,3.3,0.0,China
Beijing,CN,2012-06-24,12:00:00,1340514000,23.9,22.1,27.6,11.2,132.0,12.1,0.0,China
Beijing,CN,2012-06-25,12:00:00,1340600400,23.9,20.4,28.2,10.4,87.0,4.3,0.0,China
Beijing,CN,2012-06-26,12:00:00,1340686800,23.4,20.9,27.1,10.6,85.0,5.5,0.0,China
Beijing,CN,2012-06-27,12:00:00,1340773200,24.3,19.8,29.1,14.5,115.0,0.2,0.0,China
Beijing,CN,2012-06-28,12:00:00,1340859600,21.9,19.9,24.1,9.5,97.0,4.3,0.0,China
Beijing,CN,2012-06-29,12:00:00,1340946000,22.5,20.6,25.5,8.4,118.0,9.8,0.0,China
Beijing,CN,2012-06-30,12:00:00,1341032400,26.2,19.4,33.1,12.0,212.0,0.0,0.0,China
Beijing,CN,2012-07-01,12:00:00,1341118800,28.3,21.0,36.1,14.5,195.0,0.0,0.0,China
Beijing,CN,2012-07-02,12:00:00,1341205200,28.8,21.2,35.5,11.9,297.0,0.0,0.0,China
Beijing,CN,2012-07-03,12:00:00,1341291600,29.0,20.3,36.0,10.7,81.0,0.0,0.0,China
Beijing,CN,2012-07-04,12:00:00,1341378000,27.1,23.0,32.3,16.5,109.0,1.6,0.0,China
Beijing,CN,2012-07-05,12:00:00,1341464400,25.5,21.9,30.0,9.0,100.0,0.3,0.0,China
Beijing,CN,2012-07-06,12:00:00,1341550800,24.5,22.5,29.1,9.6,118.0,7.8,0.0,China
Beijing,CN,2012-07-07,12:00:00,1341637200,26.8,22.4,31.9,11.2,124.0,0.5,0.0,China
Beijing,CN,2012-07-08,12:00:00,1341723600,26.9,23.0,31.2,12.3,85.0,0.2,0.0,China
Beijing,CN,2012-07-09,12:00:00,1341810000,24.8,23.5,26.7,14.5,84.0,3.2,0.0,China
Beijing,CN,2012-07-10,12:00:00,1341896400,27.9,23.1,33.9,8.2,141.0,1.3,0.0,China
Beijing,CN,2012-07-11,12:00:00,1341982800,28.6,22.3,34.9,11.4,135.0,0.0,0.0,China
Beijing,CN,2012-07-12,12:00:00,1342069200,27.1,23.1,32.3,11.7,37.0,5.2,0.0,China
Beijing,CN,2012-07-13,12:00:00,1342155600,26.6,22.7,30.1,12.1,45.0,0.0,0.0,China
Beijing,CN,2012-07-14,12:00:00,1342242000,26.5,21.5,31.2,10.4,104.0,0.0,0.0,China
Beijing,CN,2012-07-15,12:00:00,1342328400,27.6,20.9,33.8,9.2,122.0,0.0,0.0,China
Beijing,CN,2012-07-16,12:00:00,1342414800,29.0,22.1,35.5,12.2,152.0,0.0,0.0,China
Beijing,CN,2012-07-17,12:00:00,1342501200,28.5,21.7,34.7,13.6,136.0,0.0,0.0,China
Beijing,CN,2012-07-18,12:00:00,1342587600,28.2,21.8,34.5,10.1,140.0,0.0,0.0,China
Beijing,CN,2012-07-19,12:00:00,1342674000,29.6,23.8,35.4,10.9,150.0,0.0,0.0,China
Beijing,CN,2012-07-20,12:00:00,1342760400,30.9,25.5,36.9,10.8,154.0,0.0,0.0,China
Beijing,CN,2012-07-21,12:00:00,1342846800,27.2,25.1,29.3,12.3,107.0,18.3,0.0,China
Beijing,CN,2012-07-22,12:00:00,1342933200,28.0,23.4,33.6,19.5,322.0,36.2,0.0,China
Beijing,CN,2012-07-23,12:00:00,1343019600,26.2,19.5,32.1,9.4,72.0,0.0,0.0,China
Beijing,CN,2012-07-24,12:00:00,1343106000,27.0,23.2,32.0,9.1,135.0,0.0,0.0,China
Beijing,CN,2012-07-25,12:00:00,1343192400,25.9,23.3,28.4,13.3,142.0,23.9,0.0,China
Beijing,CN,2012-07-26,12:00:00,1343278800,26.8,24.4,29.8,13.1,151.0,1.0,0.0,China
Beijing,CN,2012-07-27,12:00:00,1343365200,25.9,24.6,28.2,9.2,120.0,11.3,0.0,China
Beijing,CN,2012-07-28,12:00:00,1343451600,26.4,23.7,31.3,17.0,157.0,18.0,0.0,China
Beijing,CN,2012-07-29,12:00:00,1343538000,28.2,23.6,33.9,9.7,344.0,0.0,0.0,China
Beijing,CN,2012-07-30,12:00:00,1343624400,25.8,22.9,28.6,10.5,44.0,2.4,0.0,China
Beijing,CN,2012-07-31,12:00:00,1343710800,21.9,21.0,23.6,9.8,32.0,38.4,0.0,China
Beijing,CN,2012-08-01,12:00:00,1343797200,21.8,20.7,23.6,13.3,355.0,38.6,0.0,China
Beijing,CN,2012-08-02,12:00:00,1343883600,24.4,18.3,29.5,7.6,52.0,0.0,0.0,China
Beijing,CN,2012-08-03,12:00:00,1343970000,25.6,22.3,29.6,11.4,77.0,0.0,0.0,China
Beijing,CN,2012-08-04,12:00:00,1344056400,27.1,22.4,31.2,10.0,52.0,0.0,0.0,China
Beijing,CN,2012-08-05,12:00:00,1344142800,26.3,22.6,29.7,7.9,83.0,0.0,0.0,China
Beijing,CN,2012-08-06,12:00:00,1344229200,27.2,23.6,31.1,7.4,189.0,0.4,0.0,China
Beijing,CN,2012-08-07,12:00:00,1344315600,27.6,23.3,31.7,11.9,179.0,0.0,0.0,China
Beijing,CN,2012-08-08,12:00:00,1344402000,27.6,23.8,31.8,13.0,313.0,0.7,0.0,China
Beijing,CN,2012-08-09,12:00:00,1344488400,26.5,20.4,32.2,10.0,154.0,0.0,0.0,China
Beijing,CN,2012-08-10,12:00:00,1344574800,26.6,21.7,31.9,9.5,164.0,0.0,0.0,China
Beijing,CN,2012-08-11,12:00:00,1344661200,25.6,21.8,29.2,8.0,112.0,0.1,0.0,China
Beijing,CN,2012-08-12,12:00:00,1344747600,25.0,22.2,28.8,8.6,62.0,16.1,0.0,China
Beijing,CN,2012-08-13,12:00:00,1344834000,24.5,20.8,28.8,8.9,246.0,1.1,0.0,China
Beijing,CN,2012-08-14,12:00:00,1344920400,21.5,17.6,26.3,18.4,185.0,0.1,0.0,China
Beijing,CN,2012-08-15,12:00:00,1345006800,22.8,16.1,29.9,8.6,169.0,0.0,0.0,China
Beijing,CN,2012-08-16,12:00:00,1345093200,24.8,18.6,30.3,14.4,159.0,0.0,0.0,China
Beijing,CN,2012-08-17,12:00:00,1345179600,24.5,21.0,28.8,14.9,178.0,0.0,0.0,China
Beijing,CN,2012-08-18,12:00:00,1345266000,24.8,22.1,27.5,8.8,182.0,0.0,0.0,China
Beijing,CN,2012-08-19,12:00:00,1345352400,25.5,19.9,31.0,10.4,153.0,0.0,0.0,China
Beijing,CN,2012-08-20,12:00:00,1345438800,25.7,20.9,31.4,16.3,356.0,2.2,0.0,China
Beijing,CN,2012-08-21,12:00:00,1345525200,24.2,19.1,28.3,15.1,356.0,0.0,0.0,China
Beijing,CN,2012-08-22,12:00:00,1345611600,21.4,13.9,28.0,13.8,140.0,0.0,0.0,China
Beijing,CN,2012-08-23,12:00:00,1345698000,22.1,14.9,28.9,15.5,163.0,0.0,0.0,China
Beijing,CN,2012-08-24,12:00:00,1345784400,23.2,17.4,30.0,14.8,171.0,0.0,0.0,China
Beijing,CN,2012-08-25,12:00:00,1345870800,23.4,15.5,30.5,13.9,166.0,0.0,0.0,China
Beijing,CN,2012-08-26,12:00:00,1345957200,25.6,19.5,32.0,14.4,141.0,0.2,0.0,China
Beijing,CN,2012-08-27,12:00:00,1346043600,24.5,21.4,28.4,12.0,128.0,6.7,0.0,China
Beijing,CN,2012-08-28,12:00:00,1346130000,27.3,21.2,34.4,8.9,32.0,0.0,0.0,China
Beijing,CN,2012-08-29,12:00:00,1346216400,28.5,21.0,35.6,11.3,57.0,0.0,0.0,China
Beijing,CN,2012-08-30,12:00:00,1346302800,28.3,22.5,34.7,12.0,154.0,0.3,0.0,China
Beijing,CN,2012-08-31,12:00:00,1346389200,28.3,23.8,33.7,16.5,184.0,0.0,0.0,China
Beijing,CN,2012-09-01,12:00:00,1346475600,25.5,23.0,28.9,11.9,134.0,2.3,0.0,China
Beijing,CN,2012-09-02,12:00:00,1346562000,22.7,18.9,25.8,18.0,342.0,35.2,0.0,China
Beijing,CN,2012-09-03,12:00:00,1346648400,20.5,15.4,26.0,19.2,346.0,0.0,0.0,China
Beijing,CN,2012-09-04,12:00:00,1346734800,19.6,12.1,26.2,10.0,286.0,0.0,0.0,China
Beijing,CN,2012-09-05,12:00:00,1346821200,19.8,13.9,26.9,17.9,200.0,0.0,0.0,China
Beijing,CN,2012-09-06,12:00:00,1346907600,19.0,15.0,23.6,11.2,145.0,3.4,0.0,China
Beijing,CN,2012-09-07,12:00:00,1346994000,20.8,18.3,25.2,11.2,60.0,1.4,0.0,China
Beijing,CN,2012-09-08,12:00:00,1347080400,21.8,18.9,26.5,8.7,116.0,0.0,0.0,China
Beijing,CN,2012-09-09,12:00:00,1347166800,22.0,15.2,28.1,9.4,157.0,0.0,0.0,China
Beijing,CN,2012-09-10,12:00:00,1347253200,22.9,18.8,27.6,11.5,168.0,0.0,0.0,China
Beijing,CN,2012-09-11,12:00:00,1347339600,22.6,19.7,27.3,16.6,174.0,2.9,0.0,China
Beijing,CN,2012-09-12,12:00:00,1347426000,19.9,14.7,24.6,24.1,345.0,2.0,0.0,China
Beijing,CN,2012-09-13,12:00:00,1347512400,18.0,10.2,24.9,11.2,317.0,0.0,0.0,China
Beijing,CN,2012-09-14,12:00:00,1347598800,18.2,10.3,25.2,12.0,332.0,0.0,0.0,China
Beijing,CN,2012-09-15,12:00:00,1347685200,18.9,10.2,26.1,8.8,139.0,0.0,0.0,China
Beijing,CN,2012-09-16,12:00:00,1347771600,19.3,11.4,26.4,9.8,240.0,0.0,0.0,China
Beijing,CN,2012-09-17,12:00:00,1347858000,19.6,10.9,27.4,9.9,344.0,0.0,0.0,China
Beijing,CN,2012-09-18,12:00:00,1347944400,20.6,11.5,28.6,11.5,321.0,0.0,0.0,China
Beijing,CN,2012-09-19,12:00:00,1348030800,21.6,14.8,29.2,9.4,217.0,0.0,0.0,China
Beijing,CN,2012-09-20,12:00:00,1348117200,21.9,14.1,28.7,13.5,162.0,0.0,0.0,China
Beijing,CN,2012-09-21,12:00:00,1348203600,22.1,18.0,28.5,17.4,187.0,0.1,0.0,China
Beijing,CN,2012-09-22,12:00:00,1348290000,21.4,16.2,26.6,6.9,165.0,0.3,0.0,China
Beijing,CN,2012-09-23,12:00:00,1348376400,22.5,16.7,28.8,8.3,123.0,0.1,0.0,China
Beijing,CN,2012-09-24,12:00:00,1348462800,20.8,16.8,25.1,12.1,132.0,0.3,0.0,China
Beijing,CN,2012-09-25,12:00:00,1348549200,19.8,16.9,23.9,10.7,133.0,2.9,0.0,China
Beijing,CN,2012-09-26,12:00:00,1348635600,19.4,11.6,27.1,9.0,315.0,0.0,0.0,China
Beijing,CN,2012-09-27,12:00:00,1348722000,18.2,13.8,24.6,21.0,313.0,2.8,0.0,China
Beijing,CN,2012-09-28,12:00:00,1348808400,17.3,13.3,22.8,25.6,322.0,0.0,0.0,China
Beijing,CN,2012-09-29,12:00:00,1348894800,16.1,7.6,24.1,15.4,331.0,0.0,0.0,China
Beijing,CN,2012-09-30,12:00:00,1348981200,16.6,7.7,25.3,9.4,326.0,0.0,0.0,China
Beijing,CN,2012-10-01,12:00:00,1349067600,18.3,11.2,26.7,9.8,179.0,0.0,0.0,China
Beijing,CN,2012-10-02,12:00:00,1349154000,19.5,12.5,27.5,15.2,149.0,0.0,0.0,China
Beijing,CN,2012-10-03,12:00:00,1349240400,19.2,13.0,25.8,18.9,343.0,0.0,0.0,China
Beijing,CN,2012-10-04,12:00:00,1349326800,18.2,9.7,25.5,13.9,297.0,0.0,0.0,China
Beijing,CN,2012-10-05,12:00:00,1349413200,18.2,10.7,25.4,8.4,55.0,0.0,0.0,China
Beijing,CN,2012-10-06,12:00:00,1349499600,17.7,10.5,25.0,8.6,49.0,0.0,0.0,China
Beijing,CN,2012-10-07,12:00:00,1349586000,18.4,11.3,25.4,11.8,171.0,0.0,0.0,China
Beijing,CN,2012-10-08,12:00:00,1349672400,19.2,12.2,26.2,15.0,166.0,0.0,0.0,China
Beijing,CN,2012-10-09,12:00:00,1349758800,18.5,13.0,23.8,26.0,314.0,3.7,0.0,China
Beijing,CN,2012-10-10,12:00:00,1349845200,14.7,6.8,21.4,11.1,281.0,0.0,0.0,China
Beijing,CN,2012-10-11,12:00:00,1349931600,15.4,9.0,22.6,21.3,179.0,0.0,0.0,China
Beijing,CN,2012-10-12,12:00:00,1350018000,16.2,8.2,25.0,11.6,110.0,0.0,0.0,China
Beijing,CN,2012-10-13,12:00:00,1350104400,14.9,8.6,20.2,22.2,339.0,0.0,0.0,China
Beijing,CN,2012-10-14,12:00:00,1350190800,12.5,5.3,19.6,7.9,140.0,0.1,0.0,China
Beijing,CN,2012-10-15,12:00:00,1350277200,14.2,9.0,19.6,6.6,35.0,0.3,0.0,China
Beijing,CN,2012-10-16,12:00:00,1350363600,13.3,8.8,17.5,21.2,321.0,6.2,0.0,China
Beijing,CN,2012-10-17,12:00:00,1350450000,10.1,2.2,17.8,16.6,242.0,0.0,0.0,China
Beijing,CN,2012-10-18,12:00:00,1350536400,11.9,4.4,20.3,9.0,236.0,0.0,0.0,China
Beijing,CN,2012-10-19,12:00:00,1350622800,12.8,4.4,20.4,9.0,136.0,0.0,0.0,China
Beijing,CN,2012-10-20,12:00:00,1350709200,14.1,5.1,23.0,15.3,76.0,0.0,0.0,China
Beijing,CN,2012-10-21,12:00:00,1350795600,10.7,7.7,12.5,13.9,25.0,11.1,0.0,China
Beijing,CN,2012-10-22,12:00:00,1350882000,10.3,3.4,18.5,22.3,295.0,0.0,0.0,China
Beijing,CN,2012-10-23,12:00:00,1350968400,11.2,3.3,20.6,9.2,212.0,0.0,0.0,China
Beijing,CN,2012-10-24,12:00:00,1351054800,13.3,4.2,23.1,9.5,277.0,0.0,0.0,China
Beijing,CN,2012-10-25,12:00:00,1351141200,13.1,5.3,21.2,7.8,52.0,0.0,0.0,China
Beijing,CN,2012-10-26,12:00:00,1351227600,13.5,7.6,19.5,7.5,43.0,0.2,0.0,China
Beijing,CN,2012-10-27,12:00:00,1351314000,14.6,7.9,22.4,19.8,312.0,0.1,0.0,China
Beijing,CN,2012-10-28,12:00:00,1351400400,10.3,4.7,15.6,12.6,114.0,0.0,0.0,China
Beijing,CN,2012-10-29,12:00:00,1351486800,10.6,6.2,17.0,19.4,8.0,0.0,0.0,China
Beijing,CN,2012-10-30,12:00:00,1351573200,7.3,0.4,13.6,15.1,237.0,0.0,0.0,China
Beijing,CN,2012-10-31,12:00:00,1351659600,7.9,0.7,15.1,16.4,304.0,0.0,0.0,China
Beijing,CN,2012-11-01,12:00:00,1351746000,7.8,1.8,15.4,10.8,100.0,0.0,0.0,China
Beijing,CN,2012-11-02,12:00:00,1351832400,8.4,2.7,14.9,8.5,65.0,0.0,0.0,China
Beijing,CN,2012-11-03,12:00:00,1351918800,8.9,3.8,12.0,21.1,356.0,34.9,0.0,China
Beijing,CN,2012-11-04,12:00:00,1352005200,3.7,2.3,5.6,21.6,330.0,44.3,0.98,China
Beijing,CN,2012-11-05,12:00:00,1352091600,4.0,0.4,8.6,20.1,316.0,0.0,0.0,China
Beijing,CN,2012-11-06,12:00:00,1352178000,3.4,-2.7,11.2,8.8,304.0,0.0,0.0,China
Beijing,CN,2012-11-07,12:00:00,1352264400,4.2,-2.4,12.5,14.2,312.0,0.0,0.0,China
Beijing,CN,2012-11-08,12:00:00,1352350800,4.7,-2.6,12.0,8.7,25.0,0.0,0.0,China
Beijing,CN,2012-11-09,12:00:00,1352437200,6.2,1.2,12.0,8.9,79.0,0.0,0.0,China
Beijing,CN,2012-11-10,12:00:00,1352523600,4.7,3.6,6.1,19.6,346.0,9.9,0.0,China
Beijing,CN,2012-11-11,12:00:00,1352610000,2.4,-1.4,6.3,31.0,304.0,0.0,0.0,China
Beijing,CN,2012-11-12,12:00:00,1352696400,1.3,-3.4,8.3,13.7,297.0,0.0,0.0,China
Beijing,CN,2012-11-13,12:00:00,1352782800,0.3,-3.0,5.3,19.2,316.0,0.0,0.0,China
Beijing,CN,2012-11-14,12:00:00,1352869200,0.3,-5.0,6.7,9.9,320.0,0.0,0.0,China
Beijing,CN,2012-11-15,12:00:00,1352955600,1.9,-2.2,6.8,8.6,123.0,0.9,0.42,China
Beijing,CN,2012-11-16,12:00:00,1353042000,2.1,-3.4,9.5,17.4,295.0,0.8,0.49,China
Beijing,CN,2012-11-17,12:00:00,1353128400,1.7,-4.2,8.8,8.4,343.0,0.0,0.0,China
Beijing,CN,2012-11-18,12:00:00,1353214800,2.5,-3.4,8.7,18.1,342.0,0.0,0.0,China
Beijing,CN,2012-11-19,12:00:00,1353301200,1.7,-3.4,8.0,9.7,278.0,0.0,0.0,China
Beijing,CN,2012-11-20,12:00:00,1353387600,2.4,-3.7,8.5,10.3,98.0,0.0,0.0,China
Beijing,CN,2012-11-21,12:00:00,1353474000,3.0,-2.7,9.2,6.9,44.0,0.0,0.0,China
Beijing,CN,2012-11-22,12:00:00,1353560400,2.3,-3.2,7.4,21.8,351.0,0.0,0.0,China
Beijing,CN,2012-11-23,12:00:00,1353646800,-0.6,-4.5,5.5,9.8,257.0,0.0,0.0,China
Beijing,CN,2012-11-24,12:00:00,1353733200,-0.4,-3.7,5.2,8.8,155.0,0.0,0.0,China
Beijing,CN,2012-11-25,12:00:00,1353819600,0.1,-4.4,7.4,13.9,329.0,0.0,0.0,China
Beijing,CN,2012-11-26,12:00:00,1353906000,-0.6,-4.3,6.0,11.2,242.0,0.0,0.0,China
Beijing,CN,2012-11-27,12:00:00,1353992400,-0.9,-4.4,5.3,8.7,142.0,0.0,0.0,China
Beijing,CN,2012-11-28,12:00:00,1354078800,0.1,-3.9,4.6,18.6,304.0,0.0,0.0,China
Beijing,CN,2012-11-29,12:00:00,1354165200,-1.1,-4.6,3.8,7.9,23.0,0.0,0.0,China
Beijing,CN,2012-11-30,12:00:00,1354251600,-3.2,-5.4,0.7,17.1,34.0,0.0,0.0,China
Beijing,CN,2012-12-01,12:00:00,1354338000,-4.2,-7.2,-0.6,17.1,154.0,0.2,0.28,China
Beijing,CN,2012-12-02,12:00:00,1354424400,-4.6,-8.2,-1.9,7.1,122.0,0.0,0.0,China
Beijing,CN,2012-12-03,12:00:00,1354510800,-2.8,-6.8,3.2,20.1,301.0,0.0,0.0,China
Beijing,CN,2012-12-04,12:00:00,1354597200,-3.5,-6.9,2.6,9.8,60.0,0.0,0.0,China
Beijing,CN,2012-12-05,12:00:00,1354683600,-4.6,-8.7,-1.4,26.6,317.0,0.0,0.0,China
Beijing,CN,2012-12-06,12:00:00,1354770000,-6.3,-9.3,-2.3,7.9,146.0,0.0,0.0,China
Beijing,CN,2012-12-07,12:00:00,1354856400,-5.2,-9.6,0.3,17.6,306.0,0.0,0.0,China
Beijing,CN,2012-12-08,12:00:00,1354942800,-7.1,-9.8,-3.6,20.6,320.0,0.0,0.0,China
Beijing,CN,2012-12-09,12:00:00,1355029200,-4.8,-9.3,1.4,12.3,322.0,0.0,0.0,China
Beijing,CN,2012-12-10,12:00:00,1355115600,-4.2,-6.8,-0.2,7.8,69.0,0.0,0.0,China
Beijing,CN,2012-12-11,12:00:00,1355202000,-3.7,-5.6,-0.3,7.2,163.0,0.0,0.0,China
Beijing,CN,2012-12-12,12:00:00,1355288400,-3.0,-5.1,0.4,9.4,153.0,0.0,0.0,China
Beijing,CN,2012-12-13,12:00:00,1355374800,-3.1,-6.7,0.6,6.0,20.0,1.3,0.98,China
Beijing,CN,2012-12-14,12:00:00,1355461200,-0.9,-2.4,0.8,8.6,333.0,6.2,4.41,China
Beijing,CN,2012-12-15,12:00:00,1355547600,-1.0,-3.7,1.7,8.0,159.0,0.0,0.0,China
Beijing,CN,2012-12-16,12:00:00,1355634000,-3.1,-5.3,-1.8,11.1,95.0,1.9,1.54,China
Beijing,CN,2012-12-17,12:00:00,1355720400,-7.8,-12.5,-1.7,15.1,332.0,0.0,0.0,China
Beijing,CN,2012-12-18,12:00:00,1355806800,-7.7,-11.1,-3.9,13.7,334.0,0.0,0.0,China
Beijing,CN,2012-12-19,12:00:00,1355893200,-6.0,-8.2,-2.9,7.8,86.0,0.0,0.0,China
Beijing,CN,2012-12-20,12:00:00,1355979600,-5.5,-9.5,-1.5,6.2,45.0,0.8,0.7,China
Beijing,CN,2012-12-21,12:00:00,1356066000,-5.3,-9.3,0.3,15.9,352.0,0.0,0.0,China
Beijing,CN,2012-12-22,12:00:00,1356152400,-7.7,-11.3,-2.5,18.8,335.0,0.0,0.0,China
Beijing,CN,2012-12-23,12:00:00,1356238800,-12.1,-16.1,-7.2,14.1,298.0,0.0,0.0,China
Beijing,CN,2012-12-24,12:00:00,1356325200,-10.8,-14.6,-4.9,12.9,227.0,0.0,0.0,China
Beijing,CN,2012-12-25,12:00:00,1356411600,-10.8,-15.2,-6.6,10.7,47.0,0.0,0.0,China
Beijing,CN,2012-12-26,12:00:00,1356498000,-9.6,-14.3,-4.9,8.7,92.0,0.0,0.0,China
Beijing,CN,2012-12-27,12:00:00,1356584400,-7.9,-12.5,-3.0,6.4,41.0,0.0,0.0,China
Beijing,CN,2012-12-28,12:00:00,1356670800,-6.3,-10.6,-2.3,6.4,354.0,0.3,0.49,China
Beijing,CN,2012-12-29,12:00:00,1356757200,-7.5,-11.6,-3.7,23.9,314.0,0.0,0.0,China
Beijing,CN,2012-12-30,12:00:00,1356843600,-7.1,-12.4,-1.6,20.6,292.0,0.0,0.0,China
Beijing,CN,2012-12-31,12:00:00,1356930000,-7.9,-12.7,-1.0,9.7,279.0,0.0,0.0,China
Beijing,CN,2013-01-01,12:00:00,1357016400,-10.0,-14.2,-4.5,21.9,325.0,0.0,0.0,China
Beijing,CN,2013-01-02,12:00:00,1357102800,-12.7,-18.1,-6.6,18.6,324.0,0.0,0.0,China
Beijing,CN,2013-01-03,12:00:00,1357189200,-10.3,-13.9,-4.4,10.2,324.0,0.0,0.0,China
Beijing,CN,2013-01-04,12:00:00,1357275600,-10.5,-16.3,-3.3,9.6,274.0,0.0,0.0,China
Beijing,CN,2013-01-05,12:00:00,1357362000,-9.2,-15.8,-0.7,9.5,340.0,0.0,0.0,China
Beijing,CN,2013-01-06,12:00:00,1357448400,-8.5,-14.8,-0.6,10.1,112.0,0.0,0.0,China
Beijing,CN,2013-01-07,12:00:00,1357534800,-6.5,-13.6,1.0,10.0,72.0,0.0,0.0,China
Beijing,CN,2013-01-08,12:00:00,1357621200,-7.2,-11.8,-1.7,15.3,352.0,0.0,0.0,China
Beijing,CN,2013-01-09,12:00:00,1357707600,-7.7,-13.8,-0.2,10.2,245.0,0.0,0.0,China
Beijing,CN,2013-01-10,12:00:00,1357794000,-6.7,-12.5,-0.3,9.2,99.0,0.0,0.0,China
Beijing,CN,2013-01-11,12:00:00,1357880400,-5.2,-9.9,3.3,9.7,309.0,0.0,0.0,China
Beijing,CN,2013-01-12,12:00:00,1357966800,-5.6,-10.8,1.9,8.9,83.0,0.0,0.0,China
Beijing,CN,2013-01-13,12:00:00,1358053200,-4.5,-7.5,0.7,9.1,111.0,0.0,0.0,China
Beijing,CN,2013-01-14,12:00:00,1358139600,-4.3,-10.2,2.3,11.8,129.0,0.0,0.07,China
Beijing,CN,2013-01-15,12:00:00,1358226000,-3.9,-7.3,0.2,9.5,125.0,0.8,0.84,China
Beijing,CN,2013-01-16,12:00:00,1358312400,-5.3,-8.7,0.7,8.4,20.0,0.0,0.0,China
Beijing,CN,2013-01-17,12:00:00,1358398800,-5.6,-11.1,1.6,9.8,133.0,0.0,0.0,China
Beijing,CN,2013-01-18,12:00:00,1358485200,-3.8,-9.5,3.2,9.2,142.0,0.0,0.0,China
Beijing,CN,2013-01-19,12:00:00,1358571600,-3.3,-8.2,2.2,8.0,68.0,0.0,0.0,China
Beijing,CN,2013-01-20,12:00:00,1358658000,-3.1,-4.8,-0.3,6.0,95.0,1.8,1.4,China
Beijing,CN,2013-01-21,12:00:00,1358744400,-2.0,-6.2,4.2,9.0,349.0,0.0,0.0,China
Beijing,CN,2013-01-22,12:00:00,1358830800,-4.2,-9.4,1.4,8.3,66.0,0.0,0.0,China
Beijing,CN,2013-01-23,12:00:00,1358917200,-3.5,-6.7,2.1,10.5,156.0,0.0,0.0,China
Beijing,CN,2013-01-24,12:00:00,1359003600,-2.9,-8.3,4.8,19.7,328.0,0.0,0.0,China
Beijing,CN,2013-01-25,12:00:00,1359090000,-6.0,-10.2,-1.1,7.3,85.0,0.0,0.0,China
Beijing,CN,2013-01-26,12:00:00,1359176400,-4.8,-9.8,1.7,9.8,122.0,0.0,0.0,China
Beijing,CN,2013-01-27,12:00:00,1359262800,-4.0,-8.6,2.0,9.2,118.0,0.0,0.0,China
Beijing,CN,2013-01-28,12:00:00,1359349200,-2.6,-8.0,5.0,9.4,111.0,0.0,0.0,China
Beijing,CN,2013-01-29,12:00:00,1359435600,-3.1,-7.1,3.6,9.0,147.0,0.0,0.0,China
Beijing,CN,2013-01-30,12:00:00,1359522000,-4.1,-6.4,-0.3,6.7,118.0,0.0,0.0,China
Beijing,CN,2013-01-31,12:00:00,1359608400,-2.4,-5.3,-0.5,5.8,3.0,0.6,0.84,China
Beijing,CN,2013-02-01,12:00:00,1359694800,-1.7,-5.8,4.4,21.0,355.0,0.0,0.0,China
Beijing,CN,2013-02-02,12:00:00,1359781200,-3.4,-8.3,3.6,12.3,134.0,0.0,0.0,China
Beijing,CN,2013-02-03,12:00:00,1359867600,-2.1,-5.3,1.1,7.3,131.0,3.3,2.38,China
Beijing,CN,2013-02-04,12:00:00,1359954000,-2.8,-5.8,1.5,14.2,39.0,0.0,0.0,China
Beijing,CN,2013-02-05,12:00:00,1360040400,-3.0,-4.9,0.9,7.5,149.0,0.5,0.56,China
Beijing,CN,2013-02-06,12:00:00,1360126800,-3.7,-9.3,4.5,24.6,336.0,0.0,0.0,China
Beijing,CN,2013-02-07,12:00:00,1360213200,-7.8,-10.8,-2.7,17.9,357.0,0.0,0.0,China
Beijing,CN,2013-02-08,12:00:00,1360299600,-7.8,-11.8,-2.5,10.2,124.0,0.0,0.0,China
Beijing,CN,2013-02-09,12:00:00,1360386000,-4.9,-10.4,3.1,9.8,104.0,0.0,0.0,China
Beijing,CN,2013-02-10,12:00:00,1360472400,-3.5,-6.6,0.5,9.2,46.0,0.0,0.0,China
Beijing,CN,2013-02-11,12:00:00,1360558800,-4.1,-7.7,0.7,10.1,125.0,0.0,0.0,China
Beijing,CN,2013-02-12,12:00:00,1360645200,-2.0,-8.5,5.9,13.3,214.0,0.0,0.07,China
Beijing,CN,2013-02-13,12:00:00,1360731600,-0.9,-7.3,7.8,10.6,137.0,0.0,0.0,China
Beijing,CN,2013-02-14,12:00:00,1360818000,-1.2,-5.2,4.0,12.0,31.0,0.0,0.0,China
Beijing,CN,2013-02-15,12:00:00,1360904400,-2.1,-6.2,3.6,16.3,186.0,0.0,0.0,China
Beijing,CN,2013-02-16,12:00:00,1360990800,-1.7,-5.8,3.2,9.8,123.0,0.0,0.0,China
Beijing,CN,2013-02-17,12:00:00,1361077200,1.0,-2.5,7.8,19.3,349.0,0.0,0.0,China
Beijing,CN,2013-02-18,12:00:00,1361163600,-1.3,-4.5,3.8,10.8,285.0,0.0,0.0,China
Beijing,CN,2013-02-19,12:00:00,1361250000,-3.2,-6.2,1.8,14.8,131.0,0.0,0.0,China
Beijing,CN,2013-02-20,12:00:00,1361336400,-1.5,-6.8,5.8,7.6,92.0,0.0,0.0,China
Beijing,CN,2013-02-21,12:00:00,1361422800,-0.8,-6.1,6.5,11.3,125.0,0.0,0.0,China
Beijing,CN,2013-02-22,12:00:00,1361509200,-0.2,-4.8,6.9,12.8,299.0,0.0,0.0,China
Beijing,CN,2013-02-23,12:00:00,1361595600,2.0,-4.6,10.1,10.2,140.0,0.0,0.0,China
Beijing,CN,2013-02-24,12:00:00,1361682000,0.6,-4.0,5.3,8.1,84.0,0.0,0.0,China
Beijing,CN,2013-02-25,12:00:00,1361768400,0.1,-1.2,0.9,6.7,81.0,2.0,1.4,China
Beijing,CN,2013-02-26,12:00:00,1361854800,2.4,-3.3,10.9,13.8,173.0,0.0,0.0,China
Beijing,CN,2013-02-27,12:00:00,1361941200,3.6,-4.4,13.4,10.5,103.0,0.0,0.0,China
Beijing,CN,2013-02-28,12:00:00,1362027600,3.8,-0.7,10.0,29.5,337.0,1.1,0.0,China
Beijing,CN,2013-03-01,12:00:00,1362114000,0.2,-5.0,5.8,18.4,352.0,0.0,0.0,China
Beijing,CN,2013-03-02,12:00:00,1362200400,-0.1,-4.2,4.8,11.6,155.0,0.0,0.0,China
Beijing,CN,2013-03-03,12:00:00,1362286800,3.6,-3.5,15.0,12.0,281.0,0.0,0.0,China
Beijing,CN,2013-03-04,12:00:00,1362373200,4.2,-3.3,13.5,12.1,271.0,0.0,0.0,China
Beijing,CN,2013-03-05,12:00:00,1362459600,6.1,-0.3,14.7,9.8,126.0,0.0,0.0,China
Beijing,CN,2013-03-06,12:00:00,1362546000,6.0,-0.6,14.7,9.5,354.0,0.0,0.0,China
Beijing,CN,2013-03-07,12:00:00,1362632400,7.6,-1.3,18.5,14.4,210.0,0.0,0.0,China
Beijing,CN,2013-03-08,12:00:00,1362718800,8.0,-0.1,20.9,21.4,106.0,0.0,0.0,China
Beijing,CN,2013-03-09,12:00:00,1362805200,5.7,-0.9,16.9,37.7,341.0,0.0,0.0,China
Beijing,CN,2013-03-10,12:00:00,1362891600,3.3,-4.7,10.8,15.7,213.0,0.0,0.0,China
Beijing,CN,2013-03-11,12:00:00,1362978000,4.6,-1.8,12.2,15.7,165.0,0.0,0.0,China
Beijing,CN,2013-03-12,12:00:00,1363064400,4.8,2.5,7.6,10.4,38.0,1.2,0.0,China
Beijing,CN,2013-03-13,12:00:00,1363150800,2.2,-2.8,8.0,11.9,62.0,0.0,0.0,China
Beijing,CN,2013-03-14,12:00:00,1363237200,2.3,-4.4,10.3,13.7,165.0,0.0,0.0,China
Beijing,CN,2013-03-15,12:00:00,1363323600,5.9,-0.5,13.5,10.4,142.0,0.0,0.0,China
Beijing,CN,2013-03-16,12:00:00,1363410000,7.4,0.4,14.7,11.8,132.0,0.0,0.0,China
Beijing,CN,2013-03-17,12:00:00,1363496400,9.4,1.9,18.5,12.3,139.0,0.0,0.0,China
Beijing,CN,2013-03-18,12:00:00,1363582800,6.7,0.9,11.6,23.1,32.0,0.0,0.0,China
Beijing,CN,2013-03-19,12:00:00,1363669200,2.5,-1.6,9.2,14.3,77.0,1.7,0.56,China
Beijing,CN,2013-03-20,12:00:00,1363755600,2.0,-2.9,7.2,14.8,199.0,1.6,1.12,China
Beijing,CN,2013-03-21,12:00:00,1363842000,4.7,-2.4,12.0,11.3,160.0,0.0,0.0,China
Beijing,CN,2013-03-22,12:00:00,1363928400,4.6,-0.9,10.4,20.2,159.0,0.0,0.0,China
Beijing,CN,2013-03-23,12:00:00,1364014800,3.8,-2.5,13.1,28.2,25.0,0.0,0.0,China
Beijing,CN,2013-03-24,12:00:00,1364101200,2.5,-4.4,9.1,12.4,14.0,0.0,0.0,China
Beijing,CN,2013-03-25,12:00:00,1364187600,3.2,-4.6,10.8,12.0,162.0,0.0,0.0,China
Beijing,CN,2013-03-26,12:00:00,1364274000,7.1,0.4,14.6,17.1,175.0,0.0,0.0,China
Beijing,CN,2013-03-27,12:00:00,1364360400,9.8,2.9,18.5,16.6,9.0,0.0,0.0,China
Beijing,CN,2013-03-28,12:00:00,1364446800,6.2,0.5,12.8,11.9,297.0,0.0,0.0,China
Beijing,CN,2013-03-29,12:00:00,1364533200,4.5,-2.1,10.6,12.6,97.0,0.0,0.0,China
Beijing,CN,2013-03-30,12:00:00,1364619600,5.1,1.4,10.5,17.6,102.0,0.0,0.0,China
Beijing,CN,2013-03-31,12:00:00,1364706000,6.0,-0.3,13.6,12.0,82.0,0.0,0.0,China
Beijing,CN,2013-04-01,12:00:00,1364792400,8.8,1.9,15.3,25.8,6.0,0.1,0.0,China
Beijing,CN,2013-04-02,12:00:00,1364878800,8.0,-1.7,17.6,18.0,199.0,0.0,0.0,China
Beijing,CN,2013-04-03,12:00:00,1364965200,9.9,1.1,18.6,20.6,107.0,0.0,0.0,China
Beijing,CN,2013-04-04,12:00:00,1365051600,7.7,3.3,13.6,10.8,12.0,2.2,0.0,China
Beijing,CN,2013-04-05,12:00:00,1365138000,9.2,5.2,15.2,21.3,334.0,2.0,0.0,China
Beijing,CN,2013-04-06,12:00:00,1365224400,6.8,-2.0,14.3,14.7,300.0,0.0,0.0,China
Beijing,CN,2013-04-07,12:00:00,1365310800,7.1,-2.0,15.8,11.6,111.0,0.2,0.0,China
Beijing,CN,2013-04-08,12:00:00,1365397200,7.2,1.5,12.4,29.3,302.0,0.0,0.0,China
Beijing,CN,2013-04-09,12:00:00,1365483600,7.2,3.4,11.5,24.7,315.0,0.0,0.0,China
Beijing,CN,2013-04-10,12:00:00,1365570000,6.8,0.3,13.0,22.8,313.0,0.0,0.0,China
Beijing,CN,2013-04-11,12:00:00,1365656400,7.7,-0.6,16.0,15.9,321.0,0.0,0.0,China
Beijing,CN,2013-04-12,12:00:00,1365742800,11.5,0.7,22.1,18.1,203.0,0.0,0.0,China
Beijing,CN,2013-04-13,12:00:00,1365829200,14.7,5.4,24.5,22.6,345.0,0.0,0.0,China
Beijing,CN,2013-04-14,12:00:00,1365915600,10.2,2.1,16.1,15.6,167.0,0.0,0.0,China
Beijing,CN,2013-04-15,12:00:00,1366002000,11.0,3.1,19.4,17.7,99.0,0.0,0.0,China
Beijing,CN,2013-04-16,12:00:00,1366088400,12.0,5.2,19.9,20.0,83.0,0.0,0.0,China
Beijing,CN,2013-04-17,12:00:00,1366174800,10.3,4.6,16.4,13.7,128.0,0.0,0.0,China
Beijing,CN,2013-04-18,12:00:00,1366261200,9.5,5.2,13.6,20.8,21.0,0.0,0.0,China
Beijing,CN,2013-04-19,12:00:00,1366347600,5.8,3.0,8.2,12.8,199.0,0.0,0.0,China
Beijing,CN,2013-04-20,12:00:00,1366434000,8.2,0.1,16.3,19.3,206.0,0.0,0.0,China
Beijing,CN,2013-04-21,12:00:00,1366520400,11.0,3.3,19.2,19.0,192.0,0.0,0.0,China
Beijing,CN,2013-04-22,12:00:00,1366606800,12.2,5.6,18.6,17.4,178.0,0.0,0.0,China
Beijing,CN,2013-04-23,12:00:00,1366693200,12.0,5.8,19.6,10.9,172.0,1.7,0.0,China
Beijing,CN,2013-04-24,12:00:00,1366779600,14.1,5.1,23.7,26.5,318.0,0.0,0.0,China
Beijing,CN,2013-04-25,12:00:00,1366866000,14.1,6.8,21.6,26.9,325.0,0.0,0.0,China
Beijing,CN,2013-04-26,12:00:00,1366952400,14.5,4.7,23.2,13.0,104.0,0.0,0.0,China
Beijing,CN,2013-04-27,12:00:00,1367038800,16.5,8.7,24.0,15.3,86.0,0.0,0.0,China
Beijing,CN,2013-04-28,12:00:00,1367125200,15.4,10.0,22.5,18.4,37.0,1.0,0.0,China
Beijing,CN,2013-04-29,12:00:00,1367211600,17.1,5.5,28.0,22.2,302.0,0.0,0.0,China
Beijing,CN,2013-04-30,12:00:00,1367298000,18.1,7.3,28.1,13.8,11.0,0.0,0.0,China
Beijing,CN,2013-05-01,12:00:00,1367384400,16.8,9.6,23.8,11.4,175.0,0.0,0.0,China
Beijing,CN,2013-05-02,12:00:00,1367470800,17.6,10.4,24.5,14.2,141.0,0.0,0.0,China
Beijing,CN,2013-05-03,12:00:00,1367557200,16.7,11.5,22.4,13.9,99.0,1.7,0.0,China
Beijing,CN,2013-05-04,12:00:00,1367643600,18.4,9.9,26.0,18.0,183.0,0.0,0.0,China
Beijing,CN,2013-05-05,12:00:00,1367730000,21.4,12.4,29.4,13.1,169.0,0.0,0.0,China
Beijing,CN,2013-05-06,12:00:00,1367816400,23.5,14.0,32.1,15.3,197.0,0.0,0.0,China
Beijing,CN,2013-05-07,12:00:00,1367902800,23.4,17.4,29.2,10.8,166.0,0.0,0.0,China
Beijing,CN,2013-05-08,12:00:00,1367989200,20.1,14.9,25.3,14.9,168.0,0.2,0.0,China
Beijing,CN,2013-05-09,12:00:00,1368075600,17.9,14.9,21.1,6.3,164.0,0.0,0.0,China
Beijing,CN,2013-05-10,12:00:00,1368162000,20.3,8.9,30.4,20.1,281.0,0.0,0.0,China
Beijing,CN,2013-05-11,12:00:00,1368248400,22.9,11.2,33.6,22.7,316.0,0.0,0.0,China
Beijing,CN,2013-05-12,12:00:00,1368334800,22.2,11.4,30.8,13.3,78.0,0.0,0.0,China
Beijing,CN,2013-05-13,12:00:00,1368421200,20.4,12.4,27.8,15.1,119.0,0.0,0.0,China
Beijing,CN,2013-05-14,12:00:00,1368507600,22.1,13.0,30.0,20.9,342.0,0.0,0.0,China
Beijing,CN,2013-05-15,12:00:00,1368594000,21.5,14.8,28.5,12.1,125.0,0.0,0.0,China
Beijing,CN,2013-05-16,12:00:00,1368680400,20.8,13.8,27.4,15.0,148.0,0.0,0.0,China
Beijing,CN,2013-05-17,12:00:00,1368766800,20.3,15.1,25.6,14.6,164.0,0.0,0.0,China
Beijing,CN,2013-05-18,12:00:00,1368853200,22.3,17.5,29.3,19.9,174.0,0.0,0.0,China
Beijing,CN,2013-05-19,12:00:00,1368939600,20.9,13.8,27.8,33.9,312.0,0.0,0.0,China
Beijing,CN,2013-05-20,12:00:00,1369026000,22.0,9.8,30.2,21.4,218.0,0.0,0.0,China
Beijing,CN,2013-05-21,12:00:00,1369112400,24.2,15.5,31.4,14.9,94.0,0.0,0.0,China
Beijing,CN,2013-05-22,12:00:00,1369198800,23.9,16.8,30.9,17.9,140.0,0.0,0.0,China
Beijing,CN,2013-05-23,12:00:00,1369285200,24.5,18.0,30.5,14.4,166.0,0.0,0.0,China
Beijing,CN,2013-05-24,12:00:00,1369371600,23.8,18.5,29.2,15.7,31.0,0.5,0.0,China
Beijing,CN,2013-05-25,12:00:00,1369458000,24.7,16.4,31.7,14.8,162.0,0.0,0.0,China
Beijing,CN,2013-05-26,12:00:00,1369544400,21.0,18.4,24.0,17.6,111.0,1.6,0.0,China
Beijing,CN,2013-05-27,12:00:00,1369630800,21.1,17.1,26.7,8.9,104.0,0.0,0.0,China
Beijing,CN,2013-05-28,12:00:00,1369717200,21.1,16.4,25.5,16.6,233.0,0.0,0.0,China
Beijing,CN,2013-05-29,12:00:00,1369803600,23.9,17.3,30.8,22.3,290.0,0.0,0.0,China
Beijing,CN,2013-05-30,12:00:00,1369890000,25.7,14.7,36.0,24.6,213.0,0.0,0.0,China
Beijing,CN,2013-05-31,12:00:00,1369976400,25.7,18.6,32.6,21.7,183.0,0.0,0.0,China
Beijing,CN,2013-06-01,12:00:00,1370062800,25.6,17.4,32.1,10.8,17.0,0.0,0.0,China
Beijing,CN,2013-06-02,12:00:00,1370149200,23.8,17.1,30.3,18.0,148.0,0.0,0.0,China
Beijing,CN,2013-06-03,12:00:00,1370235600,26.5,18.3,34.8,12.2,73.0,0.0,0.0,China
Beijing,CN,2013-06-04,12:00:00,1370322000,23.1,19.2,27.7,14.0,97.0,2.1,0.0,China
Beijing,CN,2013-06-05,12:00:00,1370408400,22.2,18.1,27.9,10.1,62.0,0.0,0.0,China
Beijing,CN,2013-06-06,12:00:00,1370494800,23.3,18.3,30.1,9.8,63.0,0.0,0.0,China
Beijing,CN,2013-06-07,12:00:00,1370581200,22.2,20.2,25.2,11.9,61.0,5.2,0.0,China
Beijing,CN,2013-06-08,12:00:00,1370667600,22.3,18.8,27.9,8.0,51.0,3.3,0.0,China
Beijing,CN,2013-06-09,12:00:00,1370754000,18.3,15.9,20.8,18.0,360.0,19.3,0.0,China
Beijing,CN,2013-06-10,12:00:00,1370840400,19.7,15.3,25.1,6.9,198.0,0.0,0.0,China
Beijing,CN,2013-06-11,12:00:00,1370926800,20.6,16.5,26.0,10.5,128.0,0.3,0.0,China
Beijing,CN,2013-06-12,12:00:00,1371013200,21.2,14.4,28.0,12.4,128.0,0.0,0.0,China
Beijing,CN,2013-06-13,12:00:00,1371099600,23.8,15.3,32.0,19.6,167.0,0.0,0.0,China
Beijing,CN,2013-06-14,12:00:00,1371186000,25.9,18.7,32.0,20.9,181.0,0.0,0.0,China
Beijing,CN,2013-06-15,12:00:00,1371272400,26.9,18.0,34.1,13.7,143.0,0.0,0.0,China
Beijing,CN,2013-06-16,12:00:00,1371358800,25.2,22.5,29.3,10.4,47.0,0.6,0.0,China
Beijing,CN,2013-06-17,12:00:00,1371445200,26.1,20.3,31.7,12.1,61.0,1.3,0.0,China
Beijing,CN,2013-06-18,12:00:00,1371531600,28.2,21.1,34.4,13.0,197.0,0.0,0.0,China
Beijing,CN,2013-06-19,12:00:00,1371618000,29.7,22.5,36.1,8.0,354.0,0.0,0.0,China
Beijing,CN,2013-06-20,12:00:00,1371704400,28.2,23.8,32.1,10.5,92.0,0.0,0.0,China
Beijing,CN,2013-06-21,12:00:00,1371790800,26.8,22.5,32.1,18.8,219.0,0.0,0.0,China
Beijing,CN,2013-06-22,12:00:00,1371877200,21.2,19.5,22.3,8.0,97.0,3.4,0.0,China
Beijing,CN,2013-06-23,12:00:00,1371963600,25.4,18.6,32.2,11.5,193.0,0.0,0.0,China
Beijing,CN,2013-06-24,12:00:00,1372050000,25.9,20.4,32.1,16.7,158.0,18.2,0.0,China
Beijing,CN,2013-06-25,12:00:00,1372136400,23.7,20.5,28.4,11.5,95.0,3.6,0.0,China
Beijing,CN,2013-06-26,12:00:00,1372222800,26.4,21.0,31.7,12.4,130.0,0.4,0.0,China
Beijing,CN,2013-06-27,12:00:00,1372309200,27.8,20.6,34.4,13.0,95.0,0.0,0.0,China
Beijing,CN,2013-06-28,12:00:00,1372395600,25.1,21.2,33.7,20.4,76.0,20.5,0.0,China
Beijing,CN,2013-06-29,12:00:00,1372482000,25.0,22.0,29.2,10.1,84.0,0.7,0.0,China
Beijing,CN,2013-06-30,12:00:00,1372568400,26.1,21.7,32.3,15.9,150.0,9.2,0.0,China
Beijing,CN,2013-07-01,12:00:00,1372654800,25.3,22.8,29.3,14.4,63.0,27.7,0.0,China
Beijing,CN,2013-07-02,12:00:00,1372741200,27.1,19.7,34.3,24.2,296.0,23.2,0.0,China
Beijing,CN,2013-07-03,12:00:00,1372827600,27.9,20.3,35.3,8.6,279.0,0.0,0.0,China
Beijing,CN,2013-07-04,12:00:00,1372914000,28.5,21.9,34.9,7.8,347.0,0.0,0.0,China
Beijing,CN,2013-07-05,12:00:00,1373000400,27.9,21.2,33.6,12.6,328.0,0.0,0.0,China
Beijing,CN,2013-07-06,12:00:00,1373086800,28.0,21.8,34.0,14.4,150.0,0.0,0.0,China
Beijing,CN,2013-07-07,12:00:00,1373173200,28.6,22.4,34.4,16.6,157.0,0.0,0.0,China
Beijing,CN,2013-07-08,12:00:00,1373259600,27.8,24.2,31.3,9.0,73.0,3.0,0.0,China
Beijing,CN,2013-07-09,12:00:00,1373346000,24.1,22.3,25.7,12.4,23.0,39.0,0.0,China
Beijing,CN,2013-07-10,12:00:00,1373432400,23.3,21.2,27.5,7.6,344.0,6.6,0.0,China
Beijing,CN,2013-07-11,12:00:00,1373518800,24.3,20.9,27.9,7.6,285.0,0.0,0.0,China
Beijing,CN,2013-07-12,12:00:00,1373605200,25.3,20.2,30.4,13.4,191.0,0.0,0.0,China
Beijing,CN,2013-07-13,12:00:00,1373691600,25.8,21.0,30.2,11.7,177.0,0.0,0.0,China
Beijing,CN,2013-07-14,12:00:00,1373778000,25.6,22.9,29.6,9.1,133.0,5.1,0.0,China
Beijing,CN,2013-07-15,12:00:00,1373864400,23.8,22.5,25.6,8.7,147.0,48.0,0.0,China
Beijing,CN,2013-07-16,12:00:00,1373950800,26.0,21.4,31.9,20.0,326.0,0.0,0.0,China
Beijing,CN,2013-07-17,12:00:00,1374037200,25.4,19.4,31.5,11.3,144.0,0.0,0.0,China
Beijing,CN,2013-07-18,12:00:00,1374123600,24.0,20.8,27.3,10.6,156.0,0.0,0.0,China
Beijing,CN,2013-07-19,12:00:00,1374210000,25.4,21.2,29.7,8.1,209.0,0.5,0.0,China
Beijing,CN,2013-07-20,12:00:00,1374296400,26.5,20.4,31.4,8.5,78.0,0.0,0.0,China
Beijing,CN,2013-07-21,12:00:00,1374382800,26.4,21.6,31.6,12.3,160.0,0.0,0.0,China
Beijing,CN,2013-07-22,12:00:00,1374469200,25.5,21.4,29.6,7.1,162.0,0.0,0.0,China
Beijing,CN,2013-07-23,12:00:00,1374555600,25.8,21.4,31.1,16.2,200.0,0.0,0.0,China
Beijing,CN,2013-07-24,12:00:00,1374642000,28.4,20.4,36.7,9.5,290.0,0.0,0.0,China
Beijing,CN,2013-07-25,12:00:00,1374728400,28.7,22.3,35.3,10.7,122.0,0.0,0.0,China
Beijing,CN,2013-07-26,12:00:00,1374814800,26.2,24.1,31.4,6.1,358.0,0.2,0.0,China
Beijing,CN,2013-07-27,12:00:00,1374901200,25.3,23.7,27.5,5.9,330.0,4.8,0.0,China
Beijing,CN,2013-07-28,12:00:00,1374987600,29.1,21.5,36.7,10.4,261.0,0.0,0.0,China
Beijing,CN,2013-07-29,12:00:00,1375074000,28.1,25.0,32.6,9.4,197.0,0.0,0.0,China
Beijing,CN,2013-07-30,12:00:00,1375160400,29.1,22.7,35.6,10.8,161.0,0.0,0.0,China
Beijing,CN,2013-07-31,12:00:00,1375246800,28.7,23.0,35.3,14.8,172.0,11.4,0.0,China
Beijing,CN,2013-08-01,12:00:00,1375333200,25.8,22.9,30.2,7.4,150.0,8.9,0.0,China
Beijing,CN,2013-08-02,12:00:00,1375419600,27.0,23.2,31.5,12.3,180.0,0.5,0.0,China
Beijing,CN,2013-08-03,12:00:00,1375506000,27.7,22.7,32.9,11.4,190.0,0.0,0.0,China
Beijing,CN,2013-08-04,12:00:00,1375592400,28.6,22.8,34.1,12.8,193.0,0.0,0.0,China
Beijing,CN,2013-08-05,12:00:00,1375678800,28.5,22.1,34.2,8.7,186.0,0.0,0.0,China
Beijing,CN,2013-08-06,12:00:00,1375765200,28.8,23.4,32.7,11.2,152.0,3.0,0.0,China
Beijing,CN,2013-08-07,12:00:00,1375851600,26.6,22.3,31.9,22.5,352.0,32.4,0.0,China
Beijing,CN,2013-08-08,12:00:00,1375938000,27.8,22.1,34.7,13.2,219.0,0.0,0.0,China
Beijing,CN,2013-08-09,12:00:00,1376024400,28.6,22.0,35.2,12.1,214.0,0.0,0.0,China
Beijing,CN,2013-08-10,12:00:00,1376110800,29.4,24.1,35.1,13.1,164.0,0.0,0.0,China
Beijing,CN,2013-08-11,12:00:00,1376197200,27.5,24.2,30.2,11.5,159.0,10.7,0.0,China
Beijing,CN,2013-08-12,12:00:00,1376283600,27.2,24.2,31.0,10.9,178.0,12.7,0.0,China
Beijing,CN,2013-08-13,12:00:00,1376370000,27.7,23.4,32.2,11.8,158.0,0.6,0.0,China
Beijing,CN,2013-08-14,12:00:00,1376456400,28.3,23.8,33.8,12.1,172.0,1.0,0.0,China
Beijing,CN,2013-08-15,12:00:00,1376542800,28.1,25.0,32.8,12.1,148.0,12.0,0.0,China
Beijing,CN,2013-08-16,12:00:00,1376629200,28.9,24.7,34.0,5.9,80.0,0.0,0.0,China
Beijing,CN,2013-08-17,12:00:00,1376715600,30.2,25.6,35.7,14.5,317.0,0.0,0.0,China
Beijing,CN,2013-08-18,12:00:00,1376802000,27.0,21.5,32.9,11.5,328.0,0.0,0.0,China
Beijing,CN,2013-08-19,12:00:00,1376888400,26.4,19.3,32.9,7.8,58.0,0.0,0.0,China
Beijing,CN,2013-08-20,12:00:00,1376974800,26.5,21.7,31.6,13.0,152.0,1.1,0.0,China
Beijing,CN,2013-08-21,12:00:00,1377061200,25.8,22.8,31.1,7.6,194.0,0.0,0.0,China
Beijing,CN,2013-08-22,12:00:00,1377147600,24.3,20.0,28.5,8.3,355.0,0.0,0.0,China
Beijing,CN,2013-08-23,12:00:00,1377234000,26.7,20.3,34.2,6.7,335.0,0.0,0.0,China
Beijing,CN,2013-08-24,12:00:00,1377320400,26.6,20.2,34.1,8.2,28.0,0.0,0.0,China
Beijing,CN,2013-08-25,12:00:00,1377406800,27.6,21.3,35.1,14.4,204.0,0.0,0.0,China
Beijing,CN,2013-08-26,12:00:00,1377493200,27.7,20.2,33.8,14.3,92.0,0.0,0.0,China
Beijing,CN,2013-08-27,12:00:00,1377579600,24.7,22.0,28.9,10.3,104.0,1.4,0.0,China
Beijing,CN,2013-08-28,12:00:00,1377666000,24.6,22.5,27.9,10.5,92.0,29.5,0.0,China
Beijing,CN,2013-08-29,12:00:00,1377752400,23.9,20.3,28.6,24.5,321.0,0.0,0.0,China
Beijing,CN,2013-08-30,12:00:00,1377838800,22.0,18.3,26.6,13.7,356.0,0.0,0.0,China
Beijing,CN,2013-08-31,12:00:00,1377925200,21.8,13.6,28.9,10.2,298.0,0.0,0.0,China
Beijing,CN,2013-09-01,12:00:00,1378011600,22.1,14.0,29.2,7.9,68.0,0.0,0.0,China
Beijing,CN,2013-09-02,12:00:00,1378098000,22.0,16.9,27.3,9.4,82.0,0.0,0.0,China
Beijing,CN,2013-09-03,12:00:00,1378184400,22.4,16.3,27.8,6.8,102.0,0.0,0.0,China
Beijing,CN,2013-09-04,12:00:00,1378270800,20.2,18.6,23.8,5.8,51.0,17.9,0.0,China
Beijing,CN,2013-09-05,12:00:00,1378357200,20.7,17.2,25.0,10.6,64.0,10.4,0.0,China
Beijing,CN,2013-09-06,12:00:00,1378443600,19.6,15.7,24.6,8.1,130.0,2.4,0.0,China
Beijing,CN,2013-09-07,12:00:00,1378530000,21.4,15.8,27.0,5.9,37.0,0.0,0.0,China
Beijing,CN,2013-09-08,12:00:00,1378616400,21.3,17.6,26.4,8.7,89.0,1.9,0.0,China
Beijing,CN,2013-09-09,12:00:00,1378702800,21.8,18.3,25.9,13.5,177.0,0.0,0.0,China
Beijing,CN,2013-09-10,12:00:00,1378789200,22.2,16.4,28.5,10.2,345.0,0.0,0.0,China
Beijing,CN,2013-09-11,12:00:00,1378875600,21.1,13.8,29.0,13.9,173.0,0.0,0.0,China
Beijing,CN,2013-09-12,12:00:00,1378962000,21.7,16.6,27.6,16.7,157.0,11.4,0.0,China
Beijing,CN,2013-09-13,12:00:00,1379048400,22.8,18.8,27.8,10.8,154.0,0.0,0.0,China
Beijing,CN,2013-09-14,12:00:00,1379134800,23.0,16.3,30.5,13.3,343.0,0.0,0.0,China
Beijing,CN,2013-09-15,12:00:00,1379221200,19.9,13.6,26.1,7.7,76.0,0.0,0.0,China
Beijing,CN,2013-09-16,12:00:00,1379307600,21.0,14.3,27.0,9.4,131.0,0.0,0.0,China
Beijing,CN,2013-09-17,12:00:00,1379394000,21.4,19.0,24.4,7.9,38.0,1.7,0.0,China
Beijing,CN,2013-09-18,12:00:00,1379480400,22.7,19.1,27.5,18.1,101.0,2.2,0.0,China
Beijing,CN,2013-09-19,12:00:00,1379566800,20.9,17.2,26.2,11.2,190.0,5.4,0.0,China
Beijing,CN,2013-09-20,12:00:00,1379653200,21.9,15.3,28.2,11.5,3.0,0.0,0.0,China
Beijing,CN,2013-09-21,12:00:00,1379739600,22.3,17.7,28.4,11.2,182.0,0.0,0.0,China
Beijing,CN,2013-09-22,12:00:00,1379826000,20.6,17.6,24.0,5.4,131.0,0.0,0.0,China
Beijing,CN,2013-09-23,12:00:00,1379912400,18.0,12.4,20.2,23.1,346.0,4.3,0.0,China
Beijing,CN,2013-09-24,12:00:00,1379998800,14.5,9.2,21.2,14.1,335.0,0.0,0.0,China
Beijing,CN,2013-09-25,12:00:00,1380085200,15.3,6.2,24.1,17.2,270.0,0.0,0.0,China
Beijing,CN,2013-09-26,12:00:00,1380171600,16.3,8.6,24.7,11.5,137.0,0.0,0.0,China
Beijing,CN,2013-09-27,12:00:00,1380258000,18.1,11.9,25.7,13.0,163.0,0.0,0.0,China
Beijing,CN,2013-09-28,12:00:00,1380344400,17.9,12.9,23.6,9.5,126.0,0.0,0.0,China
Beijing,CN,2013-09-29,12:00:00,1380430800,18.3,12.8,23.8,9.7,31.0,0.2,0.0,China
Beijing,CN,2013-09-30,12:00:00,1380517200,20.0,16.1,25.0,11.9,147.0,0.0,0.0,China
Beijing,CN,2013-10-01,12:00:00,1380603600,17.7,12.0,22.3,10.9,21.0,19.7,0.0,China
Beijing,CN,2013-10-02,12:00:00,1380690000,15.5,8.8,22.4,13.5,258.0,0.0,0.0,China
Beijing,CN,2013-10-03,12:00:00,1380776400,15.3,8.1,22.4,10.7,93.0,0.0,0.0,China
Beijing,CN,2013-10-04,12:00:00,1380862800,17.0,10.0,24.4,10.5,122.0,0.0,0.0,China
Beijing,CN,2013-10-05,12:00:00,1380949200,18.6,12.0,25.2,9.7,91.0,0.0,0.0,China
Beijing,CN,2013-10-06,12:00:00,1381035600,17.8,11.7,24.3,9.1,78.0,0.0,0.0,China
Beijing,CN,2013-10-07,12:00:00,1381122000,18.4,11.9,24.9,15.5,19.0,0.0,0.0,China
Beijing,CN,2013-10-08,12:00:00,1381208400,17.4,13.8,21.8,11.8,184.0,0.0,0.0,China
Beijing,CN,2013-10-09,12:00:00,1381294800,17.6,11.5,24.2,9.7,135.0,0.0,0.0,China
Beijing,CN,2013-10-10,12:00:00,1381381200,16.8,11.3,22.2,27.3,325.0,0.0,0.0,China
Beijing,CN,2013-10-11,12:00:00,1381467600,14.7,7.1,22.9,11.8,222.0,0.0,0.0,China
Beijing,CN,2013-10-12,12:00:00,1381554000,15.6,8.0,22.8,11.3,43.0,0.4,0.0,China
Beijing,CN,2013-10-13,12:00:00,1381640400,14.5,12.1,16.0,10.1,75.0,1.8,0.0,China
Beijing,CN,2013-10-14,12:00:00,1381726800,13.0,8.0,15.5,19.2,20.0,0.9,0.0,China
Beijing,CN,2013-10-15,12:00:00,1381813200,9.0,2.0,15.8,9.4,298.0,0.0,0.0,China
Beijing,CN,2013-10-16,12:00:00,1381899600,11.0,2.7,19.8,11.4,222.0,0.0,0.0,China
Beijing,CN,2013-10-17,12:00:00,1381986000,12.0,6.7,18.6,11.2,151.0,0.0,0.0,China
Beijing,CN,2013-10-18,12:00:00,1382072400,13.0,7.0,19.7,12.6,147.0,0.0,0.0,China
Beijing,CN,2013-10-19,12:00:00,1382158800,13.1,9.0,18.6,21.3,328.0,0.1,0.0,China
Beijing,CN,2013-10-20,12:00:00,1382245200,11.4,5.2,18.0,14.1,324.0,0.0,0.0,China
Beijing,CN,2013-10-21,12:00:00,1382331600,12.4,8.2,18.9,11.2,154.0,0.0,0.0,China
Beijing,CN,2013-10-22,12:00:00,1382418000,12.1,6.8,19.7,20.9,144.0,1.3,0.0,China
Beijing,CN,2013-10-23,12:00:00,1382504400,8.8,1.6,15.6,16.1,326.0,0.0,0.0,China
Beijing,CN,2013-10-24,12:00:00,1382590800,8.7,1.6,16.3,15.9,314.0,0.0,0.0,China
Beijing,CN,2013-10-25,12:00:00,1382677200,9.2,2.0,17.0,11.4,319.0,0.0,0.0,China
Beijing,CN,2013-10-26,12:00:00,1382763600,9.5,2.4,18.0,10.2,214.0,0.0,0.0,China
Beijing,CN,2013-10-27,12:00:00,1382850000,10.7,4.8,17.3,7.9,100.0,0.0,0.0,China
Beijing,CN,2013-10-28,12:00:00,1382936400,10.9,4.1,18.2,8.4,32.0,3.4,0.0,China
Beijing,CN,2013-10-29,12:00:00,1383022800,9.4,4.1,15.4,13.3,337.0,0.4,0.0,China
Beijing,CN,2013-10-30,12:00:00,1383109200,9.0,3.1,15.9,9.8,188.0,0.0,0.0,China
Beijing,CN,2013-10-31,12:00:00,1383195600,9.1,2.7,14.4,5.5,351.0,0.0,0.0,China
Beijing,CN,2013-11-01,12:00:00,1383282000,8.5,4.1,12.3,10.2,192.0,0.0,0.0,China
Beijing,CN,2013-11-02,12:00:00,1383368400,10.0,5.7,16.7,10.8,190.0,0.2,0.0,China
Beijing,CN,2013-11-03,12:00:00,1383454800,10.2,4.6,17.7,23.3,323.0,0.0,0.0,China
Beijing,CN,2013-11-04,12:00:00,1383541200,8.5,0.7,17.0,10.9,230.0,0.0,0.0,China
Beijing,CN,2013-11-05,12:00:00,1383627600,10.7,7.1,15.9,7.4,101.0,0.0,0.0,China
Beijing,CN,2013-11-06,12:00:00,1383714000,9.4,2.8,18.0,23.4,314.0,0.0,0.0,China
Beijing,CN,2013-11-07,12:00:00,1383800400,7.4,1.2,14.3,14.0,223.0,0.0,0.0,China
Beijing,CN,2013-11-08,12:00:00,1383886800,7.2,0.7,14.8,8.7,51.0,0.0,0.0,China
Beijing,CN,2013-11-09,12:00:00,1383973200,8.7,2.7,16.3,16.9,343.0,0.0,0.0,China
Beijing,CN,2013-11-10,12:00:00,1384059600,4.4,-2.0,11.0,18.8,305.0,0.0,0.0,China
Beijing,CN,2013-11-11,12:00:00,1384146000,5.0,-1.1,12.4,11.8,278.0,0.0,0.0,China
Beijing,CN,2013-11-12,12:00:00,1384232400,5.6,-1.6,13.7,10.4,22.0,0.0,0.0,China
Beijing,CN,2013-11-13,12:00:00,1384318800,6.2,1.2,12.3,9.7,122.0,0.0,0.0,China
Beijing,CN,2013-11-14,12:00:00,1384405200,5.4,-1.3,13.6,16.6,282.0,0.0,0.0,China
Beijing,CN,2013-11-15,12:00:00,1384491600,5.5,-2.3,15.1,10.0,254.0,0.0,0.0,China
Beijing,CN,2013-11-16,12:00:00,1384578000,6.5,0.2,12.1,27.1,322.0,0.0,0.0,China
Beijing,CN,2013-11-17,12:00:00,1384664400,2.8,-3.0,10.1,24.4,311.0,0.0,0.0,China
Beijing,CN,2013-11-18,12:00:00,1384750800,1.5,-3.8,8.4,17.7,327.0,0.0,0.0,China
Beijing,CN,2013-11-19,12:00:00,1384837200,1.2,-3.5,7.2,10.5,8.0,0.0,0.0,China
Beijing,CN,2013-11-20,12:00:00,1384923600,3.2,-2.7,10.0,8.2,9.0,0.0,0.0,China
Beijing,CN,2013-11-21,12:00:00,1385010000,2.6,-3.0,10.0,7.6,27.0,0.0,0.0,China
Beijing,CN,2013-11-22,12:00:00,1385096400,3.2,-3.2,12.0,9.1,227.0,0.0,0.0,China
Beijing,CN,2013-11-23,12:00:00,1385182800,3.9,-3.1,13.6,8.9,318.0,0.0,0.0,China
Beijing,CN,2013-11-24,12:00:00,1385269200,4.2,-0.1,10.4,14.5,326.0,0.0,0.0,China
Beijing,CN,2013-11-25,12:00:00,1385355600,2.2,-2.7,7.5,17.5,295.0,0.0,0.0,China
Beijing,CN,2013-11-26,12:00:00,1385442000,0.4,-4.5,7.3,20.6,319.0,0.0,0.0,China
Beijing,CN,2013-11-27,12:00:00,1385528400,-3.1,-4.7,-0.4,25.2,314.0,0.0,0.0,China
Beijing,CN,2013-11-28,12:00:00,1385614800,-1.6,-6.1,5.9,20.7,295.0,0.0,0.0,China
Beijing,CN,2013-11-29,12:00:00,1385701200,1.1,-4.5,11.1,9.5,260.0,0.0,0.0,China
Beijing,CN,2013-11-30,12:00:00,1385787600,2.0,-3.8,9.4,13.2,334.0,0.0,0.0,China
Beijing,CN,2013-12-01,12:00:00,1385874000,0.4,-4.9,9.4,10.7,272.0,0.0,0.0,China
Beijing,CN,2013-12-02,12:00:00,1385960400,1.5,-4.0,10.0,7.4,316.0,0.0,0.0,China
Beijing,CN,2013-12-03,12:00:00,1386046800,2.1,-4.1,12.0,9.7,315.0,0.0,0.0,China
Beijing,CN,2013-12-04,12:00:00,1386133200,2.4,-3.8,12.0,8.7,346.0,0.0,0.0,China
Beijing,CN,2013-12-05,12:00:00,1386219600,2.2,-2.2,9.3,10.8,340.0,0.0,0.0,China
Beijing,CN,2013-12-06,12:00:00,1386306000,2.1,-2.5,9.2,10.1,152.0,0.0,0.0,China
Beijing,CN,2013-12-07,12:00:00,1386392400,1.3,-3.1,7.9,7.4,48.0,0.0,0.0,China
Beijing,CN,2013-12-08,12:00:00,1386478800,2.2,-2.1,8.9,20.0,334.0,0.0,0.0,China
Beijing,CN,2013-12-09,12:00:00,1386565200,0.6,-3.6,5.8,18.2,325.0,0.0,0.0,China
Beijing,CN,2013-12-10,12:00:00,1386651600,0.0,-3.5,6.2,27.1,313.0,0.0,0.0,China
Beijing,CN,2013-12-11,12:00:00,1386738000,-0.3,-5.2,6.4,15.1,259.0,0.0,0.0,China
Beijing,CN,2013-12-12,12:00:00,1386824400,-3.1,-5.9,0.3,20.5,348.0,0.0,0.0,China
Beijing,CN,2013-12-13,12:00:00,1386910800,-3.3,-7.7,2.8,10.0,204.0,0.0,0.0,China
Beijing,CN,2013-12-14,12:00:00,1386997200,-2.3,-6.9,4.7,9.3,344.0,0.0,0.0,China
Beijing,CN,2013-12-15,12:00:00,1387083600,-1.2,-5.5,4.0,10.9,63.0,0.0,0.0,China
Beijing,CN,2013-12-16,12:00:00,1387170000,-1.5,-5.4,4.0,7.6,49.0,0.0,0.0,China
Beijing,CN,2013-12-17,12:00:00,1387256400,-2.7,-6.3,1.4,11.2,38.0,0.0,0.28,China
Beijing,CN,2013-12-18,12:00:00,1387342800,-4.7,-7.6,0.6,11.6,56.0,0.0,0.0,China
Beijing,CN,2013-12-19,12:00:00,1387429200,-4.9,-9.0,1.0,8.8,12.0,0.0,0.0,China
Beijing,CN,2013-12-20,12:00:00,1387515600,-3.5,-8.1,2.3,10.5,9.0,0.0,0.0,China
Beijing,CN,2013-12-21,12:00:00,1387602000,-3.1,-7.0,1.7,8.7,11.0,0.0,0.0,China
Beijing,CN,2013-12-22,12:00:00,1387688400,-2.7,-5.9,2.0,7.4,90.0,0.0,0.0,China
Beijing,CN,2013-12-23,12:00:00,1387774800,-2.3,-8.1,4.0,7.0,8.0,0.0,0.0,China
Beijing,CN,2013-12-24,12:00:00,1387861200,-2.3,-6.4,2.9,9.7,138.0,0.0,0.0,China
Beijing,CN,2013-12-25,12:00:00,1387947600,-1.7,-7.1,5.4,22.5,329.0,0.0,0.0,China
Beijing,CN,2013-12-26,12:00:00,1388034000,-3.5,-6.4,1.5,19.9,327.0,0.0,0.0,China
Beijing,CN,2013-12-27,12:00:00,1388120400,-4.5,-8.7,1.6,9.7,296.0,0.0,0.0,China
Beijing,CN,2013-12-28,12:00:00,1388206800,-4.1,-7.4,1.8,12.8,295.0,0.0,0.0,China
Beijing,CN,2013-12-29,12:00:00,1388293200,-2.8,-7.6,5.8,10.8,253.0,0.0,0.0,China
Beijing,CN,2013-12-30,12:00:00,1388379600,-1.5,-6.2,7.2,14.5,274.0,0.0,0.0,China
Beijing,CN,2013-12-31,12:00:00,1388466000,0.0,-5.3,8.8,20.5,277.0,0.0,0.0,China
Beijing,CN,2014-01-01,12:00:00,1388552400,0.8,-4.9,10.4,14.2,256.0,0.0,0.0,China
Beijing,CN,2014-01-02,12:00:00,1388638800,0.2,-4.5,6.9,9.3,74.0,0.0,0.0,China
Beijing,CN,2014-01-03,12:00:00,1388725200,0.6,-3.9,7.8,12.0,348.0,0.0,0.0,China
Beijing,CN,2014-01-04,12:00:00,1388811600,-2.3,-5.6,3.3,8.1,91.0,0.0,0.0,China
Beijing,CN,2014-01-05,12:00:00,1388898000,-1.7,-6.4,5.5,11.5,40.0,0.0,0.0,China
Beijing,CN,2014-01-06,12:00:00,1388984400,-1.8,-5.0,2.6,8.6,124.0,0.0,0.0,China
Beijing,CN,2014-01-07,12:00:00,1389070800,-0.7,-4.9,6.4,18.2,3.0,0.0,0.0,China
Beijing,CN,2014-01-08,12:00:00,1389157200,-3.5,-6.1,0.2,15.3,347.0,0.0,0.0,China
Beijing,CN,2014-01-09,12:00:00,1389243600,-4.6,-7.7,0.5,10.4,280.0,0.0,0.0,China
Beijing,CN,2014-01-10,12:00:00,1389330000,-4.0,-8.8,2.9,9.8,234.0,0.0,0.0,China
Beijing,CN,2014-01-11,12:00:00,1389416400,-2.8,-7.2,4.0,13.0,291.0,0.0,0.0,China
Beijing,CN,2014-01-12,12:00:00,1389502800,-3.3,-7.1,2.2,12.1,286.0,0.0,0.0,China
Beijing,CN,2014-01-13,12:00:00,1389589200,-2.9,-6.1,2.3,10.7,148.0,0.0,0.0,China
Beijing,CN,2014-01-14,12:00:00,1389675600,-3.6,-7.5,2.4,9.4,324.0,0.0,0.0,China
Beijing,CN,2014-01-15,12:00:00,1389762000,-2.3,-7.1,3.8,8.3,82.0,0.0,0.0,China
Beijing,CN,2014-01-16,12:00:00,1389848400,-1.3,-5.8,6.1,10.0,46.0,0.0,0.0,China
Beijing,CN,2014-01-17,12:00:00,1389934800,-2.0,-6.0,4.7,11.1,271.0,0.0,0.35,China
Beijing,CN,2014-01-18,12:00:00,1390021200,-2.1,-6.8,5.3,10.8,145.0,0.0,0.0,China
Beijing,CN,2014-01-19,12:00:00,1390107600,-1.1,-5.5,5.7,19.5,306.0,0.0,0.0,China
Beijing,CN,2014-01-20,12:00:00,1390194000,-1.4,-5.0,3.6,28.5,325.0,0.0,0.0,China
Beijing,CN,2014-01-21,12:00:00,1390280400,-2.9,-6.6,3.2,11.9,244.0,0.0,0.0,China
Beijing,CN,2014-01-22,12:00:00,1390366800,-1.5,-5.8,5.0,10.5,119.0,0.0,0.0,China
Beijing,CN,2014-01-23,12:00:00,1390453200,-1.7,-6.5,4.5,7.4,47.0,0.0,0.0,China
Beijing,CN,2014-01-24,12:00:00,1390539600,0.4,-4.8,8.4,13.6,354.0,0.0,0.0,China
Beijing,CN,2014-01-25,12:00:00,1390626000,-0.0,-5.1,6.8,13.3,29.0,0.0,0.0,China
Beijing,CN,2014-01-26,12:00:00,1390712400,-2.3,-6.3,3.8,13.4,154.0,0.0,0.0,China
Beijing,CN,2014-01-27,12:00:00,1390798800,-0.1,-6.3,9.6,12.7,346.0,0.0,0.0,China
Beijing,CN,2014-01-28,12:00:00,1390885200,-1.7,-6.7,4.9,16.8,172.0,0.0,0.0,China
Beijing,CN,2014-01-29,12:00:00,1390971600,-1.7,-6.2,5.0,7.8,69.0,0.0,0.0,China
Beijing,CN,2014-01-30,12:00:00,1391058000,-0.6,-5.5,7.2,11.4,54.0,0.0,0.0,China
Beijing,CN,2014-01-31,12:00:00,1391144400,-0.8,-5.7,5.0,8.0,49.0,0.1,0.07,China
Beijing,CN,2014-02-01,12:00:00,1391230800,1.2,-0.6,3.8,7.4,121.0,0.1,0.21,China
Beijing,CN,2014-02-02,12:00:00,1391317200,2.2,-1.5,8.8,21.4,4.0,0.0,0.0,China
Beijing,CN,2014-02-03,12:00:00,1391403600,-2.4,-6.9,1.0,20.9,331.0,0.0,0.0,China
Beijing,CN,2014-02-04,12:00:00,1391490000,-4.0,-7.9,1.3,10.8,287.0,0.0,0.0,China
Beijing,CN,2014-02-05,12:00:00,1391576400,-2.4,-5.5,2.2,8.3,141.0,0.0,0.0,China
Beijing,CN,2014-02-06,12:00:00,1391662800,-2.1,-5.9,2.1,7.9,98.0,0.0,0.0,China
Beijing,CN,2014-02-07,12:00:00,1391749200,-3.0,-5.2,-0.8,10.2,125.0,4.9,3.85,China
Beijing,CN,2014-02-08,12:00:00,1391835600,-3.9,-9.7,1.0,18.0,353.0,0.0,0.21,China
Beijing,CN,2014-02-09,12:00:00,1391922000,-7.8,-11.3,-2.0,14.3,338.0,0.0,0.0,China
Beijing,CN,2014-02-10,12:00:00,1392008400,-7.4,-12.1,-2.2,10.1,304.0,0.0,0.0,China
Beijing,CN,2014-02-11,12:00:00,1392094800,-5.4,-10.8,0.9,11.5,161.0,0.0,0.0,China
Beijing,CN,2014-02-12,12:00:00,1392181200,-3.4,-9.2,3.3,11.5,58.0,0.0,0.0,China
Beijing,CN,2014-02-13,12:00:00,1392267600,-3.3,-7.3,1.9,11.1,125.0,0.0,0.0,China
Beijing,CN,2014-02-14,12:00:00,1392354000,-1.9,-7.7,4.9,11.5,102.0,0.0,0.0,China
Beijing,CN,2014-02-15,12:00:00,1392440400,-0.6,-6.7,6.1,8.9,53.0,0.0,0.0,China
Beijing,CN,2014-02-16,12:00:00,1392526800,0.0,-5.3,6.7,8.4,75.0,0.0,0.0,China
Beijing,CN,2014-02-17,12:00:00,1392613200,0.2,-3.0,5.0,11.4,146.0,0.0,0.0,China
Beijing,CN,2014-02-18,12:00:00,1392699600,-1.7,-6.1,3.9,13.8,155.0,0.0,0.0,China
Beijing,CN,2014-02-19,12:00:00,1392786000,-1.0,-5.6,5.1,10.8,59.0,0.0,0.0,China
Beijing,CN,2014-02-20,12:00:00,1392872400,-1.6,-6.5,4.8,9.0,118.0,0.0,0.0,China
Beijing,CN,2014-02-21,12:00:00,1392958800,0.2,-4.9,6.8,7.7,44.0,0.0,0.0,China
Beijing,CN,2014-02-22,12:00:00,1393045200,1.6,-3.0,7.4,9.1,50.0,0.0,0.0,China
Beijing,CN,2014-02-23,12:00:00,1393131600,1.3,-0.9,4.6,6.9,45.0,0.0,0.0,China
Beijing,CN,2014-02-24,12:00:00,1393218000,3.6,-0.4,9.6,8.3,83.0,0.0,0.0,China
Beijing,CN,2014-02-25,12:00:00,1393304400,4.5,-2.7,12.5,10.5,44.0,0.0,0.0,China
Beijing,CN,2014-02-26,12:00:00,1393390800,4.9,-1.9,11.8,11.9,347.0,1.5,0.0,China
Beijing,CN,2014-02-27,12:00:00,1393477200,2.8,-2.9,7.6,14.8,340.0,0.0,0.0,China
Beijing,CN,2014-02-28,12:00:00,1393563600,0.7,-4.8,6.7,10.3,133.0,0.0,0.0,China
Beijing,CN,2014-03-01,12:00:00,1393650000,2.8,-3.6,10.5,11.9,282.0,0.0,0.0,China
Beijing,CN,2014-03-02,12:00:00,1393736400,2.5,-4.8,11.0,12.0,107.0,0.0,0.0,China
Beijing,CN,2014-03-03,12:00:00,1393822800,2.0,-3.0,7.8,7.9,47.0,0.2,0.0,China
Beijing,CN,2014-03-04,12:00:00,1393909200,3.3,-2.2,8.8,19.5,327.0,0.0,0.0,China
Beijing,CN,2014-03-05,12:00:00,1393995600,1.4,-4.4,8.3,16.3,227.0,0.0,0.0,China
Beijing,CN,2014-03-06,12:00:00,1394082000,0.6,-5.3,7.3,12.7,326.0,0.0,0.0,China
Beijing,CN,2014-03-07,12:00:00,1394168400,1.6,-5.4,7.6,11.1,82.0,0.0,0.0,China
Beijing,CN,2014-03-08,12:00:00,1394254800,3.2,-1.8,11.5,8.6,131.0,0.0,0.21,China
Beijing,CN,2014-03-09,12:00:00,1394341200,2.2,-3.6,9.8,13.6,125.0,0.0,0.0,China
Beijing,CN,2014-03-10,12:00:00,1394427600,2.3,-4.8,10.0,10.0,104.0,0.0,0.0,China
Beijing,CN,2014-03-11,12:00:00,1394514000,6.1,-2.5,14.2,22.0,24.0,0.0,0.0,China
Beijing,CN,2014-03-12,12:00:00,1394600400,5.9,-0.4,10.0,19.1,352.0,0.0,0.0,China
Beijing,CN,2014-03-13,12:00:00,1394686800,4.4,-5.2,13.2,16.8,263.0,0.0,0.0,China
Beijing,CN,2014-03-14,12:00:00,1394773200,7.7,-0.4,16.0,18.0,247.0,0.0,0.0,China
Beijing,CN,2014-03-15,12:00:00,1394859600,9.9,-0.8,21.0,11.0,140.0,0.0,0.0,China
Beijing,CN,2014-03-16,12:00:00,1394946000,9.6,2.5,16.7,12.6,97.0,0.0,0.0,China
Beijing,CN,2014-03-17,12:00:00,1395032400,11.0,1.1,20.1,23.9,313.0,0.0,0.0,China
Beijing,CN,2014-03-18,12:00:00,1395118800,9.0,2.0,15.2,14.8,170.0,0.0,0.0,China
Beijing,CN,2014-03-19,12:00:00,1395205200,6.2,1.8,11.8,15.1,18.0,0.7,0.0,China
Beijing,CN,2014-03-20,12:00:00,1395291600,7.8,-1.3,17.2,13.7,310.0,0.0,0.0,China
Beijing,CN,2014-03-21,12:00:00,1395378000,10.5,0.6,21.2,14.2,248.0,0.0,0.0,China
Beijing,CN,2014-03-22,12:00:00,1395464400,12.2,1.5,22.2,16.0,8.0,0.0,0.0,China
Beijing,CN,2014-03-23,12:00:00,1395550800,12.4,6.0,20.0,14.5,174.0,0.0,0.0,China
Beijing,CN,2014-03-24,12:00:00,1395637200,13.4,4.6,22.8,12.3,172.0,0.0,0.0,China
Beijing,CN,2014-03-25,12:00:00,1395723600,14.8,4.6,23.7,10.9,177.0,0.0,0.0,China
Beijing,CN,2014-03-26,12:00:00,1395810000,16.4,7.4,25.1,11.7,159.0,0.0,0.0,China
Beijing,CN,2014-03-27,12:00:00,1395896400,16.0,7.8,24.6,14.2,95.0,0.0,0.0,China
Beijing,CN,2014-03-28,12:00:00,1395982800,15.2,11.0,22.1,10.6,68.0,2.1,0.0,China
Beijing,CN,2014-03-29,12:00:00,1396069200,14.2,6.8,21.5,11.0,342.0,0.0,0.0,China
Beijing,CN,2014-03-30,12:00:00,1396155600,15.6,5.0,24.7,11.9,227.0,0.0,0.0,China
Beijing,CN,2014-03-31,12:00:00,1396242000,15.5,10.5,22.1,12.9,54.0,0.0,0.0,China
Beijing,CN,2014-04-01,12:00:00,1396328400,15.5,5.6,24.4,13.0,200.0,0.0,0.0,China
Beijing,CN,2014-04-02,12:00:00,1396414800,16.1,10.1,22.9,18.4,97.0,0.0,0.0,China
Beijing,CN,2014-04-03,12:00:00,1396501200,12.6,5.2,19.1,23.7,346.0,0.0,0.0,China
Beijing,CN,2014-04-04,12:00:00,1396587600,14.0,4.0,25.5,23.9,358.0,0.0,0.0,China
Beijing,CN,2014-04-05,12:00:00,1396674000,12.0,4.0,19.3,16.0,276.0,0.0,0.0,China
Beijing,CN,2014-04-06,12:00:00,1396760400,14.9,4.3,25.3,18.2,229.0,0.0,0.0,China
Beijing,CN,2014-04-07,12:00:00,1396846800,17.0,9.9,25.5,11.6,174.0,0.0,0.0,China
Beijing,CN,2014-04-08,12:00:00,1396933200,17.7,7.3,26.6,15.3,175.0,0.0,0.0,China
Beijing,CN,2014-04-09,12:00:00,1397019600,20.2,11.7,29.4,22.3,67.0,0.0,0.0,China
Beijing,CN,2014-04-10,12:00:00,1397106000,14.9,11.9,17.9,9.5,155.0,0.3,0.0,China
Beijing,CN,2014-04-11,12:00:00,1397192400,15.1,11.2,19.7,8.4,155.0,0.0,0.0,China
Beijing,CN,2014-04-12,12:00:00,1397278800,15.2,8.5,22.2,11.3,175.0,0.0,0.0,China
Beijing,CN,2014-04-13,12:00:00,1397365200,16.6,7.9,25.0,12.3,163.0,0.0,0.0,China
Beijing,CN,2014-04-14,12:00:00,1397451600,20.0,10.3,28.9,15.0,185.0,0.0,0.0,China
Beijing,CN,2014-04-15,12:00:00,1397538000,18.0,13.4,22.2,18.9,160.0,0.0,0.0,China
Beijing,CN,2014-04-16,12:00:00,1397624400,17.1,12.8,22.2,8.1,148.0,0.0,0.0,China
Beijing,CN,2014-04-17,12:00:00,1397710800,15.0,11.0,19.2,8.0,115.0,1.2,0.0,China
Beijing,CN,2014-04-18,12:00:00,1397797200,15.7,9.6,22.3,14.4,143.0,0.0,0.0,China
Beijing,CN,2014-04-19,12:00:00,1397883600,12.6,9.6,16.2,10.9,170.0,1.9,0.0,China
Beijing,CN,2014-04-20,12:00:00,1397970000,14.9,5.2,23.1,13.0,287.0,0.0,0.0,China
Beijing,CN,2014-04-21,12:00:00,1398056400,16.8,6.6,24.7,13.8,298.0,0.0,0.0,China
Beijing,CN,2014-04-22,12:00:00,1398142800,18.7,8.7,27.2,17.5,230.0,0.0,0.0,China
Beijing,CN,2014-04-23,12:00:00,1398229200,20.0,12.4,27.3,22.1,183.0,0.0,0.0,China
Beijing,CN,2014-04-24,12:00:00,1398315600,20.9,13.3,27.4,19.5,179.0,0.0,0.0,China
Beijing,CN,2014-04-25,12:00:00,1398402000,19.5,12.6,27.8,22.7,272.0,1.3,0.0,China
Beijing,CN,2014-04-26,12:00:00,1398488400,16.2,10.8,22.5,18.7,57.0,3.8,0.0,China
Beijing,CN,2014-04-27,12:00:00,1398574800,17.9,9.4,25.6,13.8,80.0,0.0,0.0,China
Beijing,CN,2014-04-28,12:00:00,1398661200,18.3,10.4,25.4,9.0,128.0,0.0,0.0,China
Beijing,CN,2014-04-29,12:00:00,1398747600,19.2,10.1,27.4,9.8,179.0,0.0,0.0,China
Beijing,CN,2014-04-30,12:00:00,1398834000,21.4,13.9,29.2,15.6,193.0,0.0,0.0,China
Beijing,CN,2014-05-01,12:00:00,1398920400,21.5,14.8,30.4,27.7,236.0,0.9,0.0,China
Beijing,CN,2014-05-02,12:00:00,1399006800,17.1,11.1,23.8,27.9,320.0,0.0,0.0,China
Beijing,CN,2014-05-03,12:00:00,1399093200,16.8,8.8,26.0,30.2,270.0,0.2,0.0,China
Beijing,CN,2014-05-04,12:00:00,1399179600,13.4,7.9,18.4,34.9,316.0,0.0,0.0,China
Beijing,CN,2014-05-05,12:00:00,1399266000,13.6,3.9,21.7,17.2,302.0,0.0,0.0,China
Beijing,CN,2014-05-06,12:00:00,1399352400,15.2,7.0,21.9,9.0,71.0,0.7,0.0,China
Beijing,CN,2014-05-07,12:00:00,1399438800,17.7,9.4,25.4,19.7,7.0,2.0,0.0,China
Beijing,CN,2014-05-08,12:00:00,1399525200,17.8,11.0,24.6,15.7,147.0,0.0,0.0,China
Beijing,CN,2014-05-09,12:00:00,1399611600,17.8,15.0,23.2,18.9,93.0,0.0,0.0,China
Beijing,CN,2014-05-10,12:00:00,1399698000,16.9,13.2,20.9,12.8,74.0,0.9,0.0,China
Beijing,CN,2014-05-11,12:00:00,1399784400,11.6,10.7,13.4,17.7,351.0,19.1,0.0,China
Beijing,CN,2014-05-12,12:00:00,1399870800,19.8,7.9,30.7,18.2,248.0,0.0,0.0,China
Beijing,CN,2014-05-13,12:00:00,1399957200,22.0,12.6,30.3,19.6,306.0,0.0,0.0,China
Beijing,CN,2014-05-14,12:00:00,1400043600,18.8,13.6,24.0,24.6,322.0,0.0,0.0,China
Beijing,CN,2014-05-15,12:00:00,1400130000,20.6,9.1,30.4,11.5,203.0,0.0,0.0,China
Beijing,CN,2014-05-16,12:00:00,1400216400,22.3,13.0,29.8,15.2,38.0,0.0,0.0,China
Beijing,CN,2014-05-17,12:00:00,1400302800,21.8,14.2,29.2,18.6,179.0,0.0,0.0,China
Beijing,CN,2014-05-18,12:00:00,1400389200,24.3,15.6,32.0,20.0,185.0,0.0,0.0,China
Beijing,CN,2014-05-19,12:00:00,1400475600,25.5,18.8,32.5,10.3,180.0,0.1,0.0,China
Beijing,CN,2014-05-20,12:00:00,1400562000,25.1,15.6,33.6,17.9,77.0,0.0,0.0,China
Beijing,CN,2014-05-21,12:00:00,1400648400,25.1,15.9,34.1,15.5,140.0,0.0,0.0,China
Beijing,CN,2014-05-22,12:00:00,1400734800,28.5,20.3,36.6,23.6,183.0,0.0,0.0,China
Beijing,CN,2014-05-23,12:00:00,1400821200,28.9,20.5,35.2,25.5,193.0,0.0,0.0,China
Beijing,CN,2014-05-24,12:00:00,1400907600,22.6,18.8,26.7,10.9,114.0,11.6,0.0,China
Beijing,CN,2014-05-25,12:00:00,1400994000,23.2,17.6,28.8,29.7,295.0,0.0,0.0,China
Beijing,CN,2014-05-26,12:00:00,1401080400,25.4,13.6,35.9,19.9,250.0,0.0,0.0,China
Beijing,CN,2014-05-27,12:00:00,1401166800,25.4,16.6,32.4,32.6,314.0,0.0,0.0,China
Beijing,CN,2014-05-28,12:00:00,1401253200,28.3,15.6,38.6,24.8,223.0,0.0,0.0,China
Beijing,CN,2014-05-29,12:00:00,1401339600,31.6,21.0,41.2,16.4,290.0,0.0,0.0,China
Beijing,CN,2014-05-30,12:00:00,1401426000,30.0,20.7,39.1,19.7,122.0,0.0,0.0,China
Beijing,CN,2014-05-31,12:00:00,1401512400,28.9,21.6,37.0,19.1,189.0,0.2,0.0,China
Beijing,CN,2014-06-01,12:00:00,1401598800,26.4,23.3,30.4,15.5,7.0,0.0,0.0,China
Beijing,CN,2014-06-02,12:00:00,1401685200,23.4,19.2,27.0,14.9,108.0,0.0,0.0,China
Beijing,CN,2014-06-03,12:00:00,1401771600,25.6,16.2,33.4,15.5,120.0,0.0,0.0,China
Beijing,CN,2014-06-04,12:00:00,1401858000,26.6,21.5,32.1,12.1,198.0,0.0,0.0,China
Beijing,CN,2014-06-05,12:00:00,1401944400,28.4,21.4,34.8,9.0,210.0,0.0,0.0,China
Beijing,CN,2014-06-06,12:00:00,1402030800,24.7,19.4,31.5,19.0,354.0,7.7,0.0,China
Beijing,CN,2014-06-07,12:00:00,1402117200,23.8,15.7,31.0,18.8,358.0,0.0,0.0,China
Beijing,CN,2014-06-08,12:00:00,1402203600,22.8,16.1,31.9,18.3,116.0,0.9,0.0,China
Beijing,CN,2014-06-09,12:00:00,1402290000,23.5,14.8,31.6,11.4,128.0,0.2,0.0,China
Beijing,CN,2014-06-10,12:00:00,1402376400,22.5,16.6,29.0,14.8,108.0,0.9,0.0,China
Beijing,CN,2014-06-11,12:00:00,1402462800,23.9,17.1,29.8,11.9,47.0,0.0,0.0,China
Beijing,CN,2014-06-12,12:00:00,1402549200,27.3,17.6,35.7,15.1,41.0,0.0,0.0,China
Beijing,CN,2014-06-13,12:00:00,1402635600,27.1,21.2,33.1,11.3,130.0,1.7,0.0,China
Beijing,CN,2014-06-14,12:00:00,1402722000,27.9,20.2,34.5,8.9,142.0,0.1,0.0,China
Beijing,CN,2014-06-15,12:00:00,1402808400,28.8,22.0,36.2,15.8,159.0,0.0,0.0,China
Beijing,CN,2014-06-16,12:00:00,1402894800,26.3,21.0,32.7,13.9,175.0,9.4,0.0,China
Beijing,CN,2014-06-17,12:00:00,1402981200,23.4,20.6,28.6,11.5,163.0,5.0,0.0,China
Beijing,CN,2014-06-18,12:00:00,1403067600,24.8,19.5,30.3,15.6,236.0,0.0,0.0,China
Beijing,CN,2014-06-19,12:00:00,1403154000,23.8,19.8,28.1,13.0,112.0,2.8,0.0,China
Beijing,CN,2014-06-20,12:00:00,1403240400,22.8,19.1,27.5,11.5,69.0,5.0,0.0,China
Beijing,CN,2014-06-21,12:00:00,1403326800,23.1,17.6,28.0,11.6,133.0,0.0,0.0,China
Beijing,CN,2014-06-22,12:00:00,1403413200,22.6,19.3,27.6,8.7,27.0,8.9,0.0,China
Beijing,CN,2014-06-23,12:00:00,1403499600,24.5,17.2,30.4,7.9,329.0,0.0,0.0,China
Beijing,CN,2014-06-24,12:00:00,1403586000,26.6,20.2,32.0,14.2,182.0,0.0,0.0,China
Beijing,CN,2014-06-25,12:00:00,1403672400,23.7,22.1,25.8,10.8,157.0,4.3,0.0,China
Beijing,CN,2014-06-26,12:00:00,1403758800,27.2,21.3,33.9,7.8,214.0,0.0,0.0,China
Beijing,CN,2014-06-27,12:00:00,1403845200,28.3,20.8,34.5,16.4,346.0,0.0,0.0,China
Beijing,CN,2014-06-28,12:00:00,1403931600,29.0,18.6,36.7,14.6,352.0,0.0,0.0,China
Beijing,CN,2014-06-29,12:00:00,1404018000,29.2,21.1,35.7,10.7,138.0,0.0,0.0,China
Beijing,CN,2014-06-30,12:00:00,1404104400,29.9,22.2,36.7,15.2,188.0,0.0,0.0,China
Beijing,CN,2014-07-01,12:00:00,1404190800,27.7,22.3,33.3,12.0,135.0,12.5,0.0,China
Beijing,CN,2014-07-02,12:00:00,1404277200,22.3,21.3,24.4,12.0,109.0,14.2,0.0,China
Beijing,CN,2014-07-03,12:00:00,1404363600,25.7,21.6,30.2,9.7,159.0,0.0,0.0,China
Beijing,CN,2014-07-04,12:00:00,1404450000,25.9,22.1,30.0,13.0,129.0,3.9,0.0,China
Beijing,CN,2014-07-05,12:00:00,1404536400,26.7,22.4,31.8,12.3,146.0,2.7,0.0,China
Beijing,CN,2014-07-06,12:00:00,1404622800,27.6,22.7,32.5,10.4,146.0,0.2,0.0,China
Beijing,CN,2014-07-07,12:00:00,1404709200,27.6,23.8,31.5,17.6,165.0,0.0,0.0,China
Beijing,CN,2014-07-08,12:00:00,1404795600,29.4,24.6,35.0,14.2,0.0,0.0,0.0,China
Beijing,CN,2014-07-09,12:00:00,1404882000,28.1,23.1,32.7,10.2,309.0,0.0,0.0,China
Beijing,CN,2014-07-10,12:00:00,1404968400,29.4,20.8,36.9,17.6,242.0,0.0,0.0,China
Beijing,CN,2014-07-11,12:00:00,1405054800,29.8,20.8,36.7,15.0,360.0,0.0,0.0,China
Beijing,CN,2014-07-12,12:00:00,1405141200,29.1,23.3,34.7,15.9,20.0,0.0,0.0,China
Beijing,CN,2014-07-13,12:00:00,1405227600,29.6,21.3,36.1,14.1,349.0,0.4,0.0,China
Beijing,CN,2014-07-14,12:00:00,1405314000,30.0,23.0,37.8,11.3,134.0,1.0,0.0,China
Beijing,CN,2014-07-15,12:00:00,1405400400,28.9,22.5,36.0,17.7,168.0,0.5,0.0,China
Beijing,CN,2014-07-16,12:00:00,1405486800,26.9,23.3,32.2,13.2,116.0,3.4,0.0,China
Beijing,CN,2014-07-17,12:00:00,1405573200,24.7,22.3,29.2,12.7,93.0,9.8,0.0,China
Beijing,CN,2014-07-18,12:00:00,1405659600,27.8,22.9,33.9,8.1,150.0,0.0,0.0,China
Beijing,CN,2014-07-19,12:00:00,1405746000,30.3,25.0,35.4,14.0,172.0,0.1,0.0,China
Beijing,CN,2014-07-20,12:00:00,1405832400,31.0,25.9,35.9,20.5,183.0,0.2,0.0,China
Beijing,CN,2014-07-21,12:00:00,1405918800,30.9,27.5,34.8,18.5,34.0,0.5,0.0,China
Beijing,CN,2014-07-22,12:00:00,1406005200,27.7,25.6,29.6,7.6,316.0,0.0,0.0,China
Beijing,CN,2014-07-23,12:00:00,1406091600,27.6,23.1,32.5,10.4,239.0,0.0,0.0,China
Beijing,CN,2014-07-24,12:00:00,1406178000,26.5,23.5,30.0,8.6,96.0,0.0,0.0,China
Beijing,CN,2014-07-25,12:00:00,1406264400,27.6,20.7,34.2,11.8,87.0,0.0,0.0,China
Beijing,CN,2014-07-26,12:00:00,1406350800,29.4,22.8,36.4,13.9,174.0,0.0,0.0,China
Beijing,CN,2014-07-27,12:00:00,1406437200,29.9,23.1,36.5,18.1,179.0,0.0,0.0,China
Beijing,CN,2014-07-28,12:00:00,1406523600,30.4,23.6,36.9,20.7,184.0,0.0,0.0,China
Beijing,CN,2014-07-29,12:00:00,1406610000,29.7,24.6,35.0,20.5,175.0,0.5,0.0,China
Beijing,CN,2014-07-30,12:00:00,1406696400,25.9,22.5,30.4,8.4,89.0,9.5,0.0,China
Beijing,CN,2014-07-31,12:00:00,1406782800,27.7,23.9,32.1,9.0,153.0,0.4,0.0,China
Beijing,CN,2014-08-01,12:00:00,1406869200,28.5,23.5,33.7,9.6,137.0,0.0,0.0,China
Beijing,CN,2014-08-02,12:00:00,1406955600,30.2,24.4,35.8,9.4,122.0,0.1,0.0,China
Beijing,CN,2014-08-03,12:00:00,1407042000,30.6,26.6,36.1,12.2,75.0,9.2,0.0,China
Beijing,CN,2014-08-04,12:00:00,1407128400,23.7,20.0,26.3,16.6,4.0,19.2,0.0,China
Beijing,CN,2014-08-05,12:00:00,1407214800,24.4,19.0,30.5,10.9,219.0,0.0,0.0,China
Beijing,CN,2014-08-06,12:00:00,1407301200,26.8,21.0,32.4,11.0,35.0,0.0,0.0,China
Beijing,CN,2014-08-07,12:00:00,1407387600,25.8,18.8,31.9,9.1,132.0,0.0,0.0,China
Beijing,CN,2014-08-08,12:00:00,1407474000,26.1,19.8,31.5,13.7,168.0,0.0,0.0,China
Beijing,CN,2014-08-09,12:00:00,1407560400,26.5,19.7,32.3,15.2,159.0,0.0,0.0,China
Beijing,CN,2014-08-10,12:00:00,1407646800,27.9,21.1,34.0,8.4,265.0,0.0,0.0,China
Beijing,CN,2014-08-11,12:00:00,1407733200,28.7,21.9,34.4,16.6,355.0,0.0,0.0,China
Beijing,CN,2014-08-12,12:00:00,1407819600,27.5,19.4,34.0,13.5,8.0,0.0,0.0,China
Beijing,CN,2014-08-13,12:00:00,1407906000,21.7,19.2,25.0,14.6,10.0,9.1,0.0,China
Beijing,CN,2014-08-14,12:00:00,1407992400,23.6,16.3,30.4,14.4,195.0,0.0,0.0,China
Beijing,CN,2014-08-15,12:00:00,1408078800,25.7,19.8,32.4,7.9,170.0,0.0,0.0,China
Beijing,CN,2014-08-16,12:00:00,1408165200,26.2,19.2,32.7,9.4,137.0,0.0,0.0,China
Beijing,CN,2014-08-17,12:00:00,1408251600,25.3,21.5,30.3,10.5,124.0,6.4,0.0,China
Beijing,CN,2014-08-18,12:00:00,1408338000,24.9,20.3,30.4,8.2,150.0,1.3,0.0,China
Beijing,CN,2014-08-19,12:00:00,1408424400,26.7,20.1,33.0,11.4,181.0,0.0,0.0,China
Beijing,CN,2014-08-20,12:00:00,1408510800,27.9,21.2,34.6,13.7,178.0,0.0,0.0,China
Beijing,CN,2014-08-21,12:00:00,1408597200,28.7,23.6,34.8,10.1,136.0,0.3,0.0,China
Beijing,CN,2014-08-22,12:00:00,1408683600,26.8,23.1,31.3,9.3,148.0,0.2,0.0,China
Beijing,CN,2014-08-23,12:00:00,1408770000,27.1,22.1,32.7,11.0,159.0,4.8,0.0,China
Beijing,CN,2014-08-24,12:00:00,1408856400,26.0,22.0,31.9,16.2,14.0,0.0,0.0,China
Beijing,CN,2014-08-25,12:00:00,1408942800,26.2,19.3,32.2,14.0,359.0,0.0,0.0,China
Beijing,CN,2014-08-26,12:00:00,1409029200,26.2,17.0,34.4,9.4,238.0,0.0,0.0,China
Beijing,CN,2014-08-27,12:00:00,1409115600,26.4,17.5,33.9,11.6,187.0,0.0,0.0,China
Beijing,CN,2014-08-28,12:00:00,1409202000,24.2,20.8,27.9,8.0,111.0,3.7,0.0,China
Beijing,CN,2014-08-29,12:00:00,1409288400,22.2,19.2,25.9,6.9,26.0,15.8,0.0,China
Beijing,CN,2014-08-30,12:00:00,1409374800,22.5,20.3,26.3,9.1,85.0,12.6,0.0,China
Beijing,CN,2014-08-31,12:00:00,1409461200,21.8,19.7,25.5,9.9,64.0,7.1,0.0,China
Beijing,CN,2014-09-01,12:00:00,1409547600,22.4,20.0,26.4,6.8,96.0,8.2,0.0,China
Beijing,CN,2014-09-02,12:00:00,1409634000,19.8,17.3,21.2,12.2,43.0,69.0,0.0,China
Beijing,CN,2014-09-03,12:00:00,1409720400,20.8,13.2,28.5,11.7,255.0,0.0,0.0,China
Beijing,CN,2014-09-04,12:00:00,1409806800,22.5,14.2,31.4,12.0,219.0,0.0,0.0,China
Beijing,CN,2014-09-05,12:00:00,1409893200,22.5,15.7,28.3,7.9,102.0,0.0,0.0,China
Beijing,CN,2014-09-06,12:00:00,1409979600,23.1,19.4,27.7,10.9,139.0,0.0,0.0,China
Beijing,CN,2014-09-07,12:00:00,1410066000,23.6,20.4,28.3,7.9,182.0,0.9,0.0,China
Beijing,CN,2014-09-08,12:00:00,1410152400,22.0,16.5,27.4,13.1,318.0,0.0,0.0,China
Beijing,CN,2014-09-09,12:00:00,1410238800,21.4,14.5,27.7,7.6,120.0,0.0,0.0,China
Beijing,CN,2014-09-10,12:00:00,1410325200,21.8,15.2,27.5,9.7,123.0,0.0,0.0,China
Beijing,CN,2014-09-11,12:00:00,1410411600,21.6,17.5,26.4,8.2,110.0,1.7,0.0,China
Beijing,CN,2014-09-12,12:00:00,1410498000,20.1,15.9,23.0,6.3,197.0,0.0,0.0,China
Beijing,CN,2014-09-13,12:00:00,1410584400,21.1,14.8,26.5,13.0,198.0,0.0,0.0,China
Beijing,CN,2014-09-14,12:00:00,1410670800,19.9,14.4,22.8,18.6,351.0,0.0,0.0,China
Beijing,CN,2014-09-15,12:00:00,1410757200,18.6,11.5,25.9,11.1,268.0,0.0,0.0,China
Beijing,CN,2014-09-16,12:00:00,1410843600,18.0,12.3,23.6,8.7,175.0,0.0,0.0,China
Beijing,CN,2014-09-17,12:00:00,1410930000,17.5,14.2,22.0,9.4,193.0,0.0,0.0,China
Beijing,CN,2014-09-18,12:00:00,1411016400,18.4,9.7,26.6,10.1,222.0,0.0,0.0,China
Beijing,CN,2014-09-19,12:00:00,1411102800,19.0,13.6,25.0,12.6,158.0,0.6,0.0,China
Beijing,CN,2014-09-20,12:00:00,1411189200,21.0,16.5,26.6,8.4,94.0,0.0,0.0,China
Beijing,CN,2014-09-21,12:00:00,1411275600,20.5,17.7,24.8,9.0,103.0,0.2,0.0,China
Beijing,CN,2014-09-22,12:00:00,1411362000,20.4,19.0,23.0,9.2,88.0,2.9,0.0,China
Beijing,CN,2014-09-23,12:00:00,1411448400,18.5,16.8,19.6,7.9,20.0,15.6,0.0,China
Beijing,CN,2014-09-24,12:00:00,1411534800,18.9,15.6,23.4,6.7,39.0,2.1,0.0,China
Beijing,CN,2014-09-25,12:00:00,1411621200,18.5,13.9,23.6,10.9,150.0,0.0,0.0,China
Beijing,CN,2014-09-26,12:00:00,1411707600,18.8,15.1,24.5,11.2,128.0,5.7,0.0,China
Beijing,CN,2014-09-27,12:00:00,1411794000,18.2,11.6,23.8,9.7,24.0,0.0,0.0,China
Beijing,CN,2014-09-28,12:00:00,1411880400,18.3,14.1,22.3,6.9,134.0,0.0,0.0,China
Beijing,CN,2014-09-29,12:00:00,1411966800,17.1,11.3,22.3,21.4,53.0,0.0,0.0,China
Beijing,CN,2014-09-30,12:00:00,1412053200,12.2,9.6,15.9,7.9,166.0,0.0,0.0,China
Beijing,CN,2014-10-01,12:00:00,1412139600,11.9,10.0,13.8,5.9,41.0,8.4,0.0,China
Beijing,CN,2014-10-02,12:00:00,1412226000,14.5,7.6,20.9,7.0,286.0,1.7,0.0,China
Beijing,CN,2014-10-03,12:00:00,1412312400,14.3,10.3,18.3,7.4,75.0,4.4,0.0,China
Beijing,CN,2014-10-04,12:00:00,1412398800,15.1,12.0,17.5,12.3,114.0,4.1,0.0,China
Beijing,CN,2014-10-05,12:00:00,1412485200,14.4,9.0,20.1,17.4,357.0,0.0,0.0,China
Beijing,CN,2014-10-06,12:00:00,1412571600,13.1,4.9,20.1,10.9,163.0,0.0,0.0,China
Beijing,CN,2014-10-07,12:00:00,1412658000,15.1,9.8,20.9,7.1,104.0,0.0,0.0,China
Beijing,CN,2014-10-08,12:00:00,1412744400,16.5,11.0,22.6,9.4,95.0,0.0,0.0,China
Beijing,CN,2014-10-09,12:00:00,1412830800,17.8,11.0,24.1,5.9,74.0,0.0,0.0,China
Beijing,CN,2014-10-10,12:00:00,1412917200,17.8,13.2,23.2,8.3,106.0,0.0,0.0,China
Beijing,CN,2014-10-11,12:00:00,1413003600,16.5,11.5,22.2,19.4,3.0,0.8,0.0,China
Beijing,CN,2014-10-12,12:00:00,1413090000,15.3,11.8,17.3,19.8,354.0,0.0,0.0,China
Beijing,CN,2014-10-13,12:00:00,1413176400,10.8,4.5,16.2,13.1,335.0,0.0,0.0,China
Beijing,CN,2014-10-14,12:00:00,1413262800,11.9,4.8,20.6,12.8,199.0,0.0,0.0,China
Beijing,CN,2014-10-15,12:00:00,1413349200,13.3,6.1,20.8,23.8,309.0,0.0,0.0,China
Beijing,CN,2014-10-16,12:00:00,1413435600,12.1,3.4,20.6,19.2,212.0,0.0,0.0,China
Beijing,CN,2014-10-17,12:00:00,1413522000,14.3,6.5,23.0,9.9,114.0,0.0,0.0,China
Beijing,CN,2014-10-18,12:00:00,1413608400,15.3,7.4,23.7,9.7,88.0,0.0,0.0,China
Beijing,CN,2014-10-19,12:00:00,1413694800,17.2,13.4,22.8,10.2,165.0,0.0,0.0,China
Beijing,CN,2014-10-20,12:00:00,1413781200,15.6,10.7,20.0,10.8,108.0,0.1,0.0,China
Beijing,CN,2014-10-21,12:00:00,1413867600,12.5,9.2,15.5,11.1,155.0,0.0,0.0,China
Beijing,CN,2014-10-22,12:00:00,1413954000,11.6,7.8,16.7,10.8,141.0,0.0,0.0,China
Beijing,CN,2014-10-23,12:00:00,1414040400,12.5,6.3,19.1,7.9,51.0,0.0,0.0,China
Beijing,CN,2014-10-24,12:00:00,1414126800,13.7,7.9,20.8,8.1,54.0,0.0,0.0,China
Beijing,CN,2014-10-25,12:00:00,1414213200,14.7,8.9,21.5,8.3,49.0,0.0,0.0,China
Beijing,CN,2014-10-26,12:00:00,1414299600,12.9,6.5,17.4,20.0,26.0,0.0,0.0,China
Beijing,CN,2014-10-27,12:00:00,1414386000,8.7,4.7,14.5,9.9,126.0,0.0,0.0,China
Beijing,CN,2014-10-28,12:00:00,1414472400,9.4,3.7,15.1,9.4,129.0,0.0,0.0,China
Beijing,CN,2014-10-29,12:00:00,1414558800,11.3,4.5,17.2,6.6,65.0,0.0,0.0,China
Beijing,CN,2014-10-30,12:00:00,1414645200,12.5,9.2,16.2,6.2,9.0,0.0,0.0,China
Beijing,CN,2014-10-31,12:00:00,1414731600,11.7,10.1,13.3,8.9,97.0,4.2,0.0,China
Beijing,CN,2014-11-01,12:00:00,1414818000,10.7,5.7,15.8,15.0,295.0,0.0,0.0,China
Beijing,CN,2014-11-02,12:00:00,1414904400,8.6,2.3,14.2,17.9,299.0,0.0,0.0,China
Beijing,CN,2014-11-03,12:00:00,1414990800,8.1,0.1,17.9,11.8,240.0,0.0,0.0,China
Beijing,CN,2014-11-04,12:00:00,1415077200,9.0,4.3,15.3,8.1,150.0,0.0,0.0,China
Beijing,CN,2014-11-05,12:00:00,1415163600,9.7,1.3,18.7,20.4,314.0,0.0,0.0,China
Beijing,CN,2014-11-06,12:00:00,1415250000,6.9,2.0,11.5,14.7,39.0,0.0,0.0,China
Beijing,CN,2014-11-07,12:00:00,1415336400,4.1,0.4,8.4,9.5,154.0,0.0,0.0,China
Beijing,CN,2014-11-08,12:00:00,1415422800,5.2,-0.9,12.3,10.1,231.0,0.0,0.0,China
Beijing,CN,2014-11-09,12:00:00,1415509200,5.9,-2.0,15.1,9.0,284.0,0.0,0.0,China
Beijing,CN,2014-11-10,12:00:00,1415595600,6.3,-1.3,14.9,9.0,254.0,0.0,0.0,China
Beijing,CN,2014-11-11,12:00:00,1415682000,6.4,1.8,13.2,21.1,323.0,0.0,0.0,China
Beijing,CN,2014-11-12,12:00:00,1415768400,2.6,-2.2,7.5,20.7,311.0,0.0,0.0,China
Beijing,CN,2014-11-13,12:00:00,1415854800,2.4,-4.3,11.1,13.1,257.0,0.0,0.0,China
Beijing,CN,2014-11-14,12:00:00,1415941200,3.0,-4.3,11.4,9.0,333.0,0.0,0.0,China
Beijing,CN,2014-11-15,12:00:00,1416027600,4.6,-1.0,11.0,5.6,72.0,0.6,0.0,China
Beijing,CN,2014-11-16,12:00:00,1416114000,4.8,-2.1,12.2,13.5,310.0,1.0,0.0,China
Beijing,CN,2014-11-17,12:00:00,1416200400,3.7,-3.3,11.4,9.7,277.0,0.0,0.0,China
Beijing,CN,2014-11-18,12:00:00,1416286800,4.4,-2.6,12.2,8.4,96.0,0.0,0.0,China
Beijing,CN,2014-11-19,12:00:00,1416373200,3.2,-0.7,9.2,7.1,43.0,0.5,0.0,China
Beijing,CN,2014-11-20,12:00:00,1416459600,3.4,-1.9,12.0,9.1,130.0,0.0,0.0,China
Beijing,CN,2014-11-21,12:00:00,1416546000,4.0,-2.3,13.4,12.0,321.0,0.0,0.0,China
Beijing,CN,2014-11-22,12:00:00,1416632400,3.3,-3.7,10.7,11.3,63.0,0.0,0.0,China
Beijing,CN,2014-11-23,12:00:00,1416718800,3.4,-0.8,8.4,6.1,17.0,0.0,0.0,China
Beijing,CN,2014-11-24,12:00:00,1416805200,2.5,-4.2,10.0,9.2,46.0,0.0,0.0,China
Beijing,CN,2014-11-25,12:00:00,1416891600,2.4,-3.6,8.3,8.6,117.0,0.0,0.0,China
Beijing,CN,2014-11-26,12:00:00,1416978000,2.9,-2.2,9.1,6.9,72.0,0.0,0.0,China
Beijing,CN,2014-11-27,12:00:00,1417064400,2.9,-0.8,7.3,11.1,360.0,0.0,0.0,China
Beijing,CN,2014-11-28,12:00:00,1417150800,3.2,-1.6,9.4,10.1,197.0,0.0,0.0,China
Beijing,CN,2014-11-29,12:00:00,1417237200,2.3,-1.5,7.0,5.7,72.0,0.0,0.0,China
Beijing,CN,2014-11-30,12:00:00,1417323600,2.1,-5.0,7.8,27.7,317.0,0.0,0.0,China
Beijing,CN,2014-12-01,12:00:00,1417410000,-4.2,-7.0,-0.2,24.1,319.0,0.0,0.0,China
Beijing,CN,2014-12-02,12:00:00,1417496400,-4.7,-8.7,1.1,10.9,221.0,0.0,0.0,China
Beijing,CN,2014-12-03,12:00:00,1417582800,-4.2,-7.1,0.1,21.7,312.0,0.0,0.0,China
Beijing,CN,2014-12-04,12:00:00,1417669200,-4.1,-7.4,1.1,20.7,306.0,0.0,0.0,China
Beijing,CN,2014-12-05,12:00:00,1417755600,-3.0,-7.0,3.8,13.9,314.0,0.0,0.0,China
Beijing,CN,2014-12-06,12:00:00,1417842000,-1.8,-6.0,2.9,8.5,68.0,0.0,0.0,China
Beijing,CN,2014-12-07,12:00:00,1417928400,-1.2,-4.7,4.2,14.0,340.0,0.1,0.21,China
Beijing,CN,2014-12-08,12:00:00,1418014800,-1.6,-4.9,3.5,9.1,93.0,0.0,0.0,China
Beijing,CN,2014-12-09,12:00:00,1418101200,-1.7,-5.8,2.9,10.7,122.0,0.6,0.42,China
Beijing,CN,2014-12-10,12:00:00,1418187600,-1.4,-6.4,4.7,20.8,304.0,0.4,0.28,China
Beijing,CN,2014-12-11,12:00:00,1418274000,-2.9,-6.3,2.8,12.4,288.0,0.0,0.0,China
Beijing,CN,2014-12-12,12:00:00,1418360400,-3.0,-6.2,2.5,17.8,280.0,0.0,0.0,China
Beijing,CN,2014-12-13,12:00:00,1418446800,-2.1,-6.1,4.4,9.3,249.0,0.0,0.0,China
Beijing,CN,2014-12-14,12:00:00,1418533200,-1.5,-6.4,4.5,12.0,67.0,0.0,0.0,China
Beijing,CN,2014-12-15,12:00:00,1418619600,-2.0,-5.1,2.1,25.5,328.0,0.0,0.0,China
Beijing,CN,2014-12-16,12:00:00,1418706000,-4.5,-7.9,0.3,27.6,306.0,0.0,0.0,China
Beijing,CN,2014-12-17,12:00:00,1418792400,-2.1,-7.3,5.4,9.0,189.0,0.0,0.0,China
Beijing,CN,2014-12-18,12:00:00,1418878800,-2.0,-5.2,3.1,7.7,74.0,0.0,0.0,China
Beijing,CN,2014-12-19,12:00:00,1418965200,-2.0,-6.4,3.8,20.6,328.0,0.0,0.0,China
Beijing,CN,2014-12-20,12:00:00,1419051600,-3.5,-6.8,1.5,14.3,303.0,0.0,0.0,China
Beijing,CN,2014-12-21,12:00:00,1419138000,-3.7,-7.7,2.5,14.8,265.0,0.0,0.0,China
Beijing,CN,2014-12-22,12:00:00,1419224400,-0.7,-5.6,7.8,10.1,236.0,0.0,0.0,China
Beijing,CN,2014-12-23,12:00:00,1419310800,-0.2,-3.8,7.5,12.7,314.0,0.0,0.0,China
Beijing,CN,2014-12-24,12:00:00,1419397200,-1.4,-5.0,4.9,13.7,326.0,0.0,0.0,China
Beijing,CN,2014-12-25,12:00:00,1419483600,-1.2,-5.4,5.1,9.8,315.0,0.0,0.0,China
Beijing,CN,2014-12-26,12:00:00,1419570000,-1.5,-5.1,3.6,6.8,94.0,0.0,0.0,China
Beijing,CN,2014-12-27,12:00:00,1419656400,-1.6,-6.1,5.9,9.4,201.0,0.0,0.0,China
Beijing,CN,2014-12-28,12:00:00,1419742800,-0.6,-5.2,7.6,11.3,286.0,0.0,0.0,China
Beijing,CN,2014-12-29,12:00:00,1419829200,0.2,-4.8,10.1,11.0,277.0,0.0,0.0,China
Beijing,CN,2014-12-30,12:00:00,1419915600,0.1,-3.8,5.2,23.5,9.0,0.0,0.0,China
Beijing,CN,2014-12-31,12:00:00,1420002000,-3.1,-6.4,-0.2,23.2,322.0,0.0,0.0,China
Beijing,CN,2015-01-01,12:00:00,1420088400,-3.4,-6.8,2.1,11.7,255.0,0.0,0.0,China
Beijing,CN,2015-01-02,12:00:00,1420174800,-2.9,-6.5,3.5,9.0,76.0,0.0,0.0,China
Beijing,CN,2015-01-03,12:00:00,1420261200,-2.0,-5.7,4.2,9.3,133.0,0.0,0.0,China
Beijing,CN,2015-01-04,12:00:00,1420347600,-0.4,-6.0,7.6,8.9,44.0,0.0,0.0,China
Beijing,CN,2015-01-05,12:00:00,1420434000,1.9,-2.7,9.3,23.2,344.0,0.0,0.0,China
Beijing,CN,2015-01-06,12:00:00,1420520400,-1.3,-5.2,4.4,13.5,295.0,0.0,0.0,China
Beijing,CN,2015-01-07,12:00:00,1420606800,-1.7,-5.3,2.7,8.2,71.0,0.0,0.0,China
Beijing,CN,2015-01-08,12:00:00,1420693200,-2.4,-7.1,4.8,10.6,128.0,0.0,0.0,China
Beijing,CN,2015-01-09,12:00:00,1420779600,-1.9,-6.2,6.1,11.0,302.0,0.0,0.0,China
Beijing,CN,2015-01-10,12:00:00,1420866000,-0.0,-4.9,9.3,12.2,261.0,0.0,0.0,China
Beijing,CN,2015-01-11,12:00:00,1420952400,-0.4,-4.5,4.6,12.0,126.0,0.0,0.0,China
Beijing,CN,2015-01-12,12:00:00,1421038800,-2.3,-6.2,3.1,9.4,128.0,0.0,0.0,China
Beijing,CN,2015-01-13,12:00:00,1421125200,-1.5,-5.2,3.9,6.3,64.0,0.0,0.0,China
Beijing,CN,2015-01-14,12:00:00,1421211600,-2.1,-6.0,3.2,5.9,348.0,0.0,0.0,China
Beijing,CN,2015-01-15,12:00:00,1421298000,-1.8,-5.2,3.2,9.4,176.0,0.0,0.0,China
Beijing,CN,2015-01-16,12:00:00,1421384400,-2.6,-6.2,2.5,24.0,328.0,0.0,0.0,China
Beijing,CN,2015-01-17,12:00:00,1421470800,-3.9,-8.8,1.5,10.1,326.0,0.0,0.0,China
Beijing,CN,2015-01-18,12:00:00,1421557200,-0.0,-4.1,6.9,25.8,302.0,0.0,0.14,China
Beijing,CN,2015-01-19,12:00:00,1421643600,-0.6,-4.8,5.5,10.7,128.0,0.0,0.0,China
Beijing,CN,2015-01-20,12:00:00,1421730000,-1.6,-5.9,4.9,12.6,17.0,0.0,0.0,China
Beijing,CN,2015-01-21,12:00:00,1421816400,-0.5,-5.1,5.0,15.3,329.0,0.0,0.0,China
Beijing,CN,2015-01-22,12:00:00,1421902800,-1.4,-5.1,5.3,11.0,177.0,0.0,0.0,China
Beijing,CN,2015-01-23,12:00:00,1421989200,-0.6,-4.6,6.7,10.7,133.0,0.0,0.0,China
Beijing,CN,2015-01-24,12:00:00,1422075600,-0.8,-4.5,3.1,9.4,35.0,0.4,0.42,China
Beijing,CN,2015-01-25,12:00:00,1422162000,-0.8,-4.5,4.6,8.3,167.0,0.0,0.0,China
Beijing,CN,2015-01-26,12:00:00,1422248400,-1.0,-4.8,3.9,22.6,350.0,0.0,0.0,China
Beijing,CN,2015-01-27,12:00:00,1422334800,-4.6,-8.8,1.1,10.1,337.0,0.0,0.0,China
Beijing,CN,2015-01-28,12:00:00,1422421200,-3.7,-7.3,0.7,7.5,87.0,0.0,0.0,China
Beijing,CN,2015-01-29,12:00:00,1422507600,-1.5,-4.6,4.7,17.5,316.0,0.0,0.0,China
Beijing,CN,2015-01-30,12:00:00,1422594000,-3.3,-7.6,2.2,14.2,327.0,0.0,0.0,China
Beijing,CN,2015-01-31,12:00:00,1422680400,-3.8,-8.5,2.4,9.8,346.0,0.0,0.0,China
Beijing,CN,2015-02-01,12:00:00,1422766800,-2.0,-7.0,3.2,6.5,60.0,0.0,0.0,China
Beijing,CN,2015-02-02,12:00:00,1422853200,-1.8,-7.5,3.5,6.5,291.0,0.0,0.0,China
Beijing,CN,2015-02-03,12:00:00,1422939600,0.7,-3.8,8.2,14.8,313.0,0.0,0.0,China
Beijing,CN,2015-02-04,12:00:00,1423026000,0.5,-4.1,6.8,18.0,332.0,0.0,0.0,China
Beijing,CN,2015-02-05,12:00:00,1423112400,0.2,-4.4,7.4,11.6,275.0,0.0,0.0,China
Beijing,CN,2015-02-06,12:00:00,1423198800,0.9,-4.1,9.4,10.7,271.0,0.0,0.0,China
Beijing,CN,2015-02-07,12:00:00,1423285200,-0.5,-5.0,3.4,22.7,350.0,0.0,0.0,China
Beijing,CN,2015-02-08,12:00:00,1423371600,-4.0,-8.5,1.4,12.2,298.0,0.0,0.0,China
Beijing,CN,2015-02-09,12:00:00,1423458000,-1.7,-6.5,6.5,12.6,185.0,0.0,0.0,China
Beijing,CN,2015-02-10,12:00:00,1423544400,1.4,-5.1,11.3,11.4,316.0,0.0,0.0,China
Beijing,CN,2015-02-11,12:00:00,1423630800,1.2,-4.4,8.7,11.2,5.0,0.0,0.0,China
Beijing,CN,2015-02-12,12:00:00,1423717200,-0.2,-4.5,5.7,10.9,121.0,0.0,0.0,China
Beijing,CN,2015-02-13,12:00:00,1423803600,0.6,-4.9,8.0,11.2,140.0,0.0,0.0,China
Beijing,CN,2015-02-14,12:00:00,1423890000,2.7,-3.1,10.8,9.4,61.0,0.0,0.0,China
Beijing,CN,2015-02-15,12:00:00,1423976400,3.6,-1.1,10.0,8.7,147.0,0.0,0.0,China
Beijing,CN,2015-02-16,12:00:00,1424062800,3.1,-4.6,12.1,23.7,322.0,0.0,0.0,China
Beijing,CN,2015-02-17,12:00:00,1424149200,2.1,-4.0,9.8,12.2,6.0,0.0,0.0,China
Beijing,CN,2015-02-18,12:00:00,1424235600,1.5,-4.2,8.6,8.8,59.0,0.0,0.0,China
Beijing,CN,2015-02-19,12:00:00,1424322000,0.0,-5.1,6.5,13.7,152.0,0.3,0.0,China
Beijing,CN,2015-02-20,12:00:00,1424408400,1.0,-1.3,4.2,9.4,142.0,5.0,2.94,China
Beijing,CN,2015-02-21,12:00:00,1424494800,1.5,-2.6,8.1,28.9,282.0,0.3,0.21,China
Beijing,CN,2015-02-22,12:00:00,1424581200,-1.3,-5.2,5.1,23.2,303.0,0.0,0.0,China
Beijing,CN,2015-02-23,12:00:00,1424667600,-0.7,-6.2,6.1,11.5,200.0,0.0,0.0,China
Beijing,CN,2015-02-24,12:00:00,1424754000,0.6,-5.7,7.3,8.7,76.0,0.0,0.0,China
Beijing,CN,2015-02-25,12:00:00,1424840400,0.5,-4.0,6.2,20.8,335.0,0.0,0.0,China
Beijing,CN,2015-02-26,12:00:00,1424926800,-0.7,-5.1,5.7,16.8,342.0,0.0,0.0,China
Beijing,CN,2015-02-27,12:00:00,1425013200,-1.1,-5.4,3.5,10.8,125.0,0.0,0.0,China
Beijing,CN,2015-02-28,12:00:00,1425099600,-0.1,-3.9,5.4,15.9,194.0,0.4,0.63,China
Beijing,CN,2015-03-01,12:00:00,1425186000,2.2,-5.7,11.6,16.7,233.0,0.0,0.0,China
Beijing,CN,2015-03-02,12:00:00,1425272400,4.5,-3.7,13.6,18.5,323.0,0.0,0.0,China
Beijing,CN,2015-03-03,12:00:00,1425358800,1.1,-4.4,4.4,28.1,335.0,0.0,0.0,China
Beijing,CN,2015-03-04,12:00:00,1425445200,-0.7,-5.8,5.4,10.9,247.0,0.0,0.0,China
Beijing,CN,2015-03-05,12:00:00,1425531600,0.8,-4.1,7.8,17.1,172.0,0.0,0.0,China
Beijing,CN,2015-03-06,12:00:00,1425618000,3.0,-2.8,10.8,14.2,155.0,0.0,0.0,China
Beijing,CN,2015-03-07,12:00:00,1425704400,5.2,-3.1,12.9,8.0,107.0,0.0,0.0,China
Beijing,CN,2015-03-08,12:00:00,1425790800,5.0,-1.9,12.8,17.0,2.0,0.0,0.0,China
Beijing,CN,2015-03-09,12:00:00,1425877200,-0.4,-5.7,4.2,19.5,351.0,0.0,0.0,China
Beijing,CN,2015-03-10,12:00:00,1425963600,0.7,-6.6,8.9,13.9,235.0,0.0,0.0,China
Beijing,CN,2015-03-11,12:00:00,1426050000,2.5,-5.0,10.9,11.9,281.0,0.0,0.0,China
Beijing,CN,2015-03-12,12:00:00,1426136400,4.2,-4.2,11.7,9.7,90.0,0.0,0.0,China
Beijing,CN,2015-03-13,12:00:00,1426222800,4.5,-3.5,12.8,12.6,69.0,0.0,0.0,China
Beijing,CN,2015-03-14,12:00:00,1426309200,3.7,-3.1,12.3,10.2,114.0,0.0,0.0,China
Beijing,CN,2015-03-15,12:00:00,1426395600,6.6,-3.6,17.0,18.7,210.0,0.0,0.0,China
Beijing,CN,2015-03-16,12:00:00,1426482000,9.3,0.8,17.9,8.6,72.0,0.0,0.0,China
Beijing,CN,2015-03-17,12:00:00,1426568400,8.8,1.3,15.8,14.6,110.0,0.0,0.0,China
Beijing,CN,2015-03-18,12:00:00,1426654800,8.8,3.4,15.2,11.3,171.0,0.0,0.0,China
Beijing,CN,2015-03-19,12:00:00,1426741200,10.0,0.3,19.3,13.4,247.0,0.0,0.0,China
Beijing,CN,2015-03-20,12:00:00,1426827600,10.6,0.8,19.8,13.3,286.0,0.0,0.0,China
Beijing,CN,2015-03-21,12:00:00,1426914000,10.2,2.4,18.6,16.9,305.0,0.0,0.0,China
Beijing,CN,2015-03-22,12:00:00,1427000400,8.0,2.9,13.6,16.3,70.0,0.0,0.0,China
Beijing,CN,2015-03-23,12:00:00,1427086800,8.6,-2.8,18.1,12.8,245.0,0.0,0.0,China
Beijing,CN,2015-03-24,12:00:00,1427173200,7.9,-0.6,16.2,9.8,107.0,0.0,0.0,China
Beijing,CN,2015-03-25,12:00:00,1427259600,9.5,1.0,18.7,14.3,177.0,0.0,0.0,China
Beijing,CN,2015-03-26,12:00:00,1427346000,12.3,3.6,20.8,16.6,202.0,0.0,0.0,China
Beijing,CN,2015-03-27,12:00:00,1427432400,13.3,5.9,21.2,17.7,193.0,0.0,0.0,China
Beijing,CN,2015-03-28,12:00:00,1427518800,15.5,7.6,23.7,25.4,326.0,0.0,0.0,China
Beijing,CN,2015-03-29,12:00:00,1427605200,15.2,6.2,24.3,21.0,172.0,0.0,0.0,China
Beijing,CN,2015-03-30,12:00:00,1427691600,17.1,11.7,23.6,11.5,136.0,0.0,0.0,China
Beijing,CN,2015-03-31,12:00:00,1427778000,13.3,7.2,15.8,11.8,79.0,3.4,0.0,China
Beijing,CN,2015-04-01,12:00:00,1427864400,9.8,4.5,15.6,10.0,120.0,1.6,0.0,China
Beijing,CN,2015-04-02,12:00:00,1427950800,9.4,4.1,17.8,13.5,326.0,8.4,0.0,China
Beijing,CN,2015-04-03,12:00:00,1428037200,10.6,4.0,16.7,14.4,121.0,0.0,0.0,China
Beijing,CN,2015-04-04,12:00:00,1428123600,11.0,4.9,17.4,9.0,166.0,0.0,0.0,China
Beijing,CN,2015-04-05,12:00:00,1428210000,12.1,5.9,17.2,22.7,334.0,0.0,0.0,China
Beijing,CN,2015-04-06,12:00:00,1428296400,7.1,2.1,11.3,15.8,17.0,0.0,0.0,China
Beijing,CN,2015-04-07,12:00:00,1428382800,6.6,-1.1,13.1,15.1,225.0,0.0,0.0,China
Beijing,CN,2015-04-08,12:00:00,1428469200,8.1,2.6,14.5,16.9,179.0,0.0,0.0,China
Beijing,CN,2015-04-09,12:00:00,1428555600,10.4,1.9,18.3,17.2,195.0,0.0,0.0,China
Beijing,CN,2015-04-10,12:00:00,1428642000,12.8,3.7,21.6,14.7,176.0,0.0,0.0,China
Beijing,CN,2015-04-11,12:00:00,1428728400,13.7,7.3,20.8,14.9,81.0,3.1,0.0,China
Beijing,CN,2015-04-12,12:00:00,1428814800,7.8,4.8,12.1,27.8,359.0,5.7,0.0,China
Beijing,CN,2015-04-13,12:00:00,1428901200,10.8,4.0,17.8,18.8,338.0,1.3,0.0,China
Beijing,CN,2015-04-14,12:00:00,1428987600,14.1,2.8,25.4,12.3,233.0,0.0,0.0,China
Beijing,CN,2015-04-15,12:00:00,1429074000,17.6,9.5,27.6,35.1,331.0,0.0,0.0,China
Beijing,CN,2015-04-16,12:00:00,1429160400,15.2,9.7,21.0,21.9,285.0,0.0,0.0,China
Beijing,CN,2015-04-17,12:00:00,1429246800,16.6,6.7,26.5,13.3,202.0,0.0,0.0,China
Beijing,CN,2015-04-18,12:00:00,1429333200,16.2,11.7,20.8,8.7,67.0,0.2,0.0,China
Beijing,CN,2015-04-19,12:00:00,1429419600,15.5,10.3,21.1,21.1,15.0,0.0,0.0,China
Beijing,CN,2015-04-20,12:00:00,1429506000,14.8,4.4,23.0,16.9,227.0,0.0,0.0,China
Beijing,CN,2015-04-21,12:00:00,1429592400,17.8,8.3,28.0,23.7,306.0,0.0,0.0,China
Beijing,CN,2015-04-22,12:00:00,1429678800,17.9,7.4,27.1,22.7,211.0,0.0,0.0,China
Beijing,CN,2015-04-23,12:00:00,1429765200,20.7,12.6,30.0,18.1,352.0,0.0,0.0,China
Beijing,CN,2015-04-24,12:00:00,1429851600,19.6,8.4,28.0,17.7,224.0,0.0,0.0,China
Beijing,CN,2015-04-25,12:00:00,1429938000,22.8,10.7,33.3,15.7,228.0,0.0,0.0,China
Beijing,CN,2015-04-26,12:00:00,1430024400,24.4,15.0,33.8,17.8,203.0,0.0,0.0,China
Beijing,CN,2015-04-27,12:00:00,1430110800,23.2,16.9,31.4,18.3,167.0,0.3,0.0,China
Beijing,CN,2015-04-28,12:00:00,1430197200,21.2,14.6,27.8,11.8,93.0,0.0,0.0,China
Beijing,CN,2015-04-29,12:00:00,1430283600,21.5,13.4,29.5,15.1,172.0,0.0,0.0,China
Beijing,CN,2015-04-30,12:00:00,1430370000,23.7,16.3,31.2,17.1,161.0,0.0,0.0,China
Beijing,CN,2015-05-01,12:00:00,1430456400,19.0,14.6,28.0,25.0,349.0,6.3,0.0,China
Beijing,CN,2015-05-02,12:00:00,1430542800,19.4,12.4,26.0,14.4,165.0,0.1,0.0,China
Beijing,CN,2015-05-03,12:00:00,1430629200,18.3,12.8,24.1,25.7,331.0,0.0,0.0,China
Beijing,CN,2015-05-04,12:00:00,1430715600,17.1,7.5,24.8,21.7,231.0,0.0,0.0,China
Beijing,CN,2015-05-05,12:00:00,1430802000,20.0,10.0,27.6,15.8,330.0,0.0,0.0,China
Beijing,CN,2015-05-06,12:00:00,1430888400,17.9,10.9,24.8,21.8,127.0,0.1,0.0,China
Beijing,CN,2015-05-07,12:00:00,1430974800,18.5,11.0,26.0,18.0,198.0,0.7,0.0,China
Beijing,CN,2015-05-08,12:00:00,1431061200,18.0,11.5,24.9,19.3,81.0,3.8,0.0,China
Beijing,CN,2015-05-09,12:00:00,1431147600,12.5,11.2,13.8,13.2,156.0,1.9,0.0,China
Beijing,CN,2015-05-10,12:00:00,1431234000,10.5,9.6,11.6,11.0,30.0,17.2,0.0,China
Beijing,CN,2015-05-11,12:00:00,1431320400,13.8,7.4,20.8,15.1,279.0,0.0,0.0,China
Beijing,CN,2015-05-12,12:00:00,1431406800,18.3,9.3,28.9,22.6,296.0,0.1,0.0,China
Beijing,CN,2015-05-13,12:00:00,1431493200,21.6,10.1,31.6,22.4,302.0,0.0,0.0,China
Beijing,CN,2015-05-14,12:00:00,1431579600,21.2,15.5,27.3,20.4,339.0,0.0,0.0,China
Beijing,CN,2015-05-15,12:00:00,1431666000,20.2,14.7,26.0,19.8,298.0,0.0,0.0,China
Beijing,CN,2015-05-16,12:00:00,1431752400,21.3,10.3,29.9,17.3,222.0,0.0,0.0,China
Beijing,CN,2015-05-17,12:00:00,1431838800,23.5,16.7,31.9,18.1,191.0,2.8,0.0,China
Beijing,CN,2015-05-18,12:00:00,1431925200,21.8,14.7,28.7,21.9,330.0,0.6,0.0,China
Beijing,CN,2015-05-19,12:00:00,1432011600,20.5,13.5,26.9,27.5,324.0,0.0,0.0,China
Beijing,CN,2015-05-20,12:00:00,1432098000,22.2,13.5,29.2,15.8,302.0,0.0,0.0,China
Beijing,CN,2015-05-21,12:00:00,1432184400,23.1,15.5,30.2,23.4,214.0,0.0,0.0,China
Beijing,CN,2015-05-22,12:00:00,1432270800,23.0,15.2,31.1,13.3,172.0,0.0,0.0,China
Beijing,CN,2015-05-23,12:00:00,1432357200,25.0,17.0,33.0,16.4,173.0,0.0,0.0,China
Beijing,CN,2015-05-24,12:00:00,1432443600,26.5,18.5,34.7,19.4,192.0,0.0,0.0,China
Beijing,CN,2015-05-25,12:00:00,1432530000,28.0,19.5,36.1,20.1,192.0,0.0,0.0,China
Beijing,CN,2015-05-26,12:00:00,1432616400,28.9,21.0,36.5,22.2,192.0,0.0,0.0,China
Beijing,CN,2015-05-27,12:00:00,1432702800,26.9,20.3,32.8,15.2,164.0,0.0,0.0,China
Beijing,CN,2015-05-28,12:00:00,1432789200,26.8,20.4,34.2,17.6,181.0,0.4,0.0,China
Beijing,CN,2015-05-29,12:00:00,1432875600,24.2,19.9,31.8,16.5,152.0,2.7,0.0,China
Beijing,CN,2015-05-30,12:00:00,1432962000,24.7,15.8,31.7,19.8,177.0,0.0,0.0,China
Beijing,CN,2015-05-31,12:00:00,1433048400,27.6,19.1,35.6,25.2,193.0,0.0,0.0,China
Beijing,CN,2015-06-01,12:00:00,1433134800,29.0,21.0,35.1,12.2,121.0,0.2,0.0,China
Beijing,CN,2015-06-02,12:00:00,1433221200,26.9,20.7,32.9,25.5,9.0,0.0,0.0,China
Beijing,CN,2015-06-03,12:00:00,1433307600,26.1,17.7,33.2,18.1,216.0,0.0,0.0,China
Beijing,CN,2015-06-04,12:00:00,1433394000,21.3,17.2,25.0,16.4,216.0,5.1,0.0,China
Beijing,CN,2015-06-05,12:00:00,1433480400,23.9,14.3,33.4,12.7,253.0,0.7,0.0,China
Beijing,CN,2015-06-06,12:00:00,1433566800,24.1,18.7,31.5,19.0,15.0,0.0,0.0,China
Beijing,CN,2015-06-07,12:00:00,1433653200,22.5,15.3,29.7,15.3,297.0,0.0,0.0,China
Beijing,CN,2015-06-08,12:00:00,1433739600,24.0,14.0,31.6,11.9,294.0,0.0,0.0,China
Beijing,CN,2015-06-09,12:00:00,1433826000,25.7,17.7,32.5,16.2,66.0,0.2,0.0,China
Beijing,CN,2015-06-10,12:00:00,1433912400,23.9,18.7,30.9,9.2,42.0,0.7,0.0,China
Beijing,CN,2015-06-11,12:00:00,1433998800,23.8,16.8,29.2,22.3,310.0,0.6,0.0,China
Beijing,CN,2015-06-12,12:00:00,1434085200,24.0,18.7,28.3,22.7,297.0,0.0,0.0,China
Beijing,CN,2015-06-13,12:00:00,1434171600,24.3,20.3,29.2,19.1,8.0,0.0,0.0,China
Beijing,CN,2015-06-14,12:00:00,1434258000,26.1,18.6,32.2,10.2,64.0,0.0,0.0,China
Beijing,CN,2015-06-15,12:00:00,1434344400,26.8,20.4,33.5,17.9,181.0,0.4,0.0,China
Beijing,CN,2015-06-16,12:00:00,1434430800,28.5,21.4,35.1,14.8,233.0,0.0,0.0,China
Beijing,CN,2015-06-17,12:00:00,1434517200,27.6,21.4,34.0,18.5,354.0,2.3,0.0,China
Beijing,CN,2015-06-18,12:00:00,1434603600,27.2,20.2,32.8,14.5,335.0,0.0,0.0,China
Beijing,CN,2015-06-19,12:00:00,1434690000,21.5,18.1,25.0,19.3,35.0,2.2,0.0,China
Beijing,CN,2015-06-20,12:00:00,1434776400,24.8,15.3,31.8,11.5,26.0,0.0,0.0,China
Beijing,CN,2015-06-21,12:00:00,1434862800,27.0,20.5,33.2,11.5,179.0,0.0,0.0,China
Beijing,CN,2015-06-22,12:00:00,1434949200,26.7,19.4,32.6,13.2,170.0,0.0,0.0,China
Beijing,CN,2015-06-23,12:00:00,1435035600,27.2,21.7,34.2,19.2,167.0,2.2,0.0,China
Beijing,CN,2015-06-24,12:00:00,1435122000,26.0,23.9,28.4,12.0,197.0,0.2,0.0,China
Beijing,CN,2015-06-25,12:00:00,1435208400,26.3,22.6,30.0,9.9,163.0,0.0,0.0,China
Beijing,CN,2015-06-26,12:00:00,1435294800,26.2,21.6,31.8,9.2,119.0,1.1,0.0,China
Beijing,CN,2015-06-27,12:00:00,1435381200,26.8,21.4,31.9,9.0,118.0,0.0,0.0,China
Beijing,CN,2015-06-28,12:00:00,1435467600,28.8,24.2,33.7,14.0,145.0,0.0,0.0,China
Beijing,CN,2015-06-29,12:00:00,1435554000,26.0,21.7,32.6,20.5,47.0,0.0,0.0,China
Beijing,CN,2015-06-30,12:00:00,1435640400,22.8,17.9,28.9,18.7,237.0,1.0,0.0,China
Beijing,CN,2015-07-01,12:00:00,1435726800,26.0,16.0,34.0,21.8,352.0,0.0,0.0,China
Beijing,CN,2015-07-02,12:00:00,1435813200,26.7,16.9,33.6,19.0,342.0,0.0,0.0,China
Beijing,CN,2015-07-03,12:00:00,1435899600,26.1,19.5,32.3,16.9,112.0,0.0,0.0,China
Beijing,CN,2015-07-04,12:00:00,1435986000,22.9,18.8,27.2,11.0,144.0,0.4,0.0,China
Beijing,CN,2015-07-05,12:00:00,1436072400,25.1,19.1,31.7,11.2,136.0,0.0,0.0,China
Beijing,CN,2015-07-06,12:00:00,1436158800,26.4,19.7,32.8,11.9,138.0,0.0,0.0,China
Beijing,CN,2015-07-07,12:00:00,1436245200,27.6,20.4,34.3,13.0,151.0,0.0,0.0,China
Beijing,CN,2015-07-08,12:00:00,1436331600,28.9,20.7,36.1,14.4,154.0,0.0,0.0,China
Beijing,CN,2015-07-09,12:00:00,1436418000,29.2,22.4,36.0,14.5,139.0,0.0,0.0,China
Beijing,CN,2015-07-10,12:00:00,1436504400,28.8,22.2,35.0,13.0,152.0,0.0,0.0,China
Beijing,CN,2015-07-11,12:00:00,1436590800,30.7,23.3,37.5,12.9,172.0,0.0,0.0,China
Beijing,CN,2015-07-12,12:00:00,1436677200,32.9,24.7,40.6,8.9,82.0,0.0,0.0,China
Beijing,CN,2015-07-13,12:00:00,1436763600,33.9,25.3,40.5,7.2,66.0,0.0,0.0,China
Beijing,CN,2015-07-14,12:00:00,1436850000,32.9,26.5,40.3,12.6,177.0,0.2,0.0,China
Beijing,CN,2015-07-15,12:00:00,1436936400,27.3,23.6,31.7,9.9,298.0,2.3,0.0,China
Beijing,CN,2015-07-16,12:00:00,1437022800,25.4,21.6,28.1,15.3,3.0,4.9,0.0,China
Beijing,CN,2015-07-17,12:00:00,1437109200,22.1,20.3,25.9,9.0,357.0,28.5,0.0,China
Beijing,CN,2015-07-18,12:00:00,1437195600,22.8,20.2,26.7,9.5,99.0,27.1,0.0,China
Beijing,CN,2015-07-19,12:00:00,1437282000,22.5,20.5,27.3,10.0,70.0,38.0,0.0,China
Beijing,CN,2015-07-20,12:00:00,1437368400,23.7,20.6,28.1,7.6,101.0,5.8,0.0,China
Beijing,CN,2015-07-21,12:00:00,1437454800,24.8,21.4,29.1,10.8,144.0,0.2,0.0,China
Beijing,CN,2015-07-22,12:00:00,1437541200,24.7,21.9,29.4,8.3,149.0,8.7,0.0,China
Beijing,CN,2015-07-23,12:00:00,1437627600,25.6,21.9,30.2,7.7,143.0,2.4,0.0,China
Beijing,CN,2015-07-24,12:00:00,1437714000,25.8,21.5,30.2,9.4,151.0,0.3,0.0,China
Beijing,CN,2015-07-25,12:00:00,1437800400,26.6,21.6,31.7,11.3,179.0,0.0,0.0,China
Beijing,CN,2015-07-26,12:00:00,1437886800,27.9,23.1,32.7,10.0,125.0,0.0,0.0,China
Beijing,CN,2015-07-27,12:00:00,1437973200,27.3,23.4,32.2,12.3,124.0,10.7,0.0,China
Beijing,CN,2015-07-28,12:00:00,1438059600,27.0,23.7,31.0,6.6,50.0,0.2,0.0,China
Beijing,CN,2015-07-29,12:00:00,1438146000,27.5,23.8,32.3,13.0,80.0,10.5,0.0,China
Beijing,CN,2015-07-30,12:00:00,1438232400,25.0,23.0,28.8,11.5,40.0,22.4,0.0,China
Beijing,CN,2015-07-31,12:00:00,1438318800,24.8,22.6,28.5,8.0,18.0,12.0,0.0,China
Beijing,CN,2015-08-01,12:00:00,1438405200,25.4,22.3,28.7,8.4,119.0,0.7,0.0,China
Beijing,CN,2015-08-02,12:00:00,1438491600,26.7,23.5,31.4,12.6,136.0,17.2,0.0,China
Beijing,CN,2015-08-03,12:00:00,1438578000,25.4,20.4,28.6,15.5,335.0,2.7,0.0,China
Beijing,CN,2015-08-04,12:00:00,1438664400,24.4,16.4,31.6,13.5,212.0,0.0,0.0,China
Beijing,CN,2015-08-05,12:00:00,1438750800,26.0,21.0,31.1,12.1,152.0,3.3,0.0,China
Beijing,CN,2015-08-06,12:00:00,1438837200,25.3,21.6,29.7,8.6,244.0,0.7,0.0,China
Beijing,CN,2015-08-07,12:00:00,1438923600,25.0,21.3,29.8,8.0,133.0,2.7,0.0,China
Beijing,CN,2015-08-08,12:00:00,1439010000,25.2,20.1,30.6,7.3,223.0,0.0,0.0,China
Beijing,CN,2015-08-09,12:00:00,1439096400,26.7,20.5,32.7,5.9,238.0,0.0,0.0,China
Beijing,CN,2015-08-10,12:00:00,1439182800,27.3,21.4,33.3,7.4,42.0,0.0,0.0,China
Beijing,CN,2015-08-11,12:00:00,1439269200,27.1,21.6,32.8,7.9,177.0,0.0,0.0,China
Beijing,CN,2015-08-12,12:00:00,1439355600,27.5,20.7,34.8,15.0,201.0,0.0,0.0,China
Beijing,CN,2015-08-13,12:00:00,1439442000,28.0,22.6,33.8,13.7,179.0,0.0,0.0,China
Beijing,CN,2015-08-14,12:00:00,1439528400,27.5,22.8,32.5,14.6,277.0,0.0,0.0,China
Beijing,CN,2015-08-15,12:00:00,1439614800,26.5,19.0,33.4,10.4,333.0,0.0,0.0,China
Beijing,CN,2015-08-16,12:00:00,1439701200,27.3,20.7,33.9,10.5,203.0,0.0,0.0,China
Beijing,CN,2015-08-17,12:00:00,1439787600,27.1,21.9,32.7,10.2,196.0,0.3,0.0,China
Beijing,CN,2015-08-18,12:00:00,1439874000,25.1,20.7,31.1,12.9,116.0,5.9,0.0,China
Beijing,CN,2015-08-19,12:00:00,1439960400,23.7,20.4,27.5,9.0,120.0,15.5,0.0,China
Beijing,CN,2015-08-20,12:00:00,1440046800,24.2,19.1,30.4,11.5,301.0,1.0,0.0,China
Beijing,CN,2015-08-21,12:00:00,1440133200,24.7,17.3,31.4,10.2,260.0,0.0,0.0,China
Beijing,CN,2015-08-22,12:00:00,1440219600,24.9,20.0,30.5,11.3,8.0,0.1,0.0,China
Beijing,CN,2015-08-23,12:00:00,1440306000,23.0,19.9,27.6,9.9,32.0,1.2,0.0,China
Beijing,CN,2015-08-24,12:00:00,1440392400,23.7,18.3,28.5,8.7,12.0,0.0,0.0,China
Beijing,CN,2015-08-25,12:00:00,1440478800,24.7,19.8,29.4,10.4,18.0,0.5,0.0,China
Beijing,CN,2015-08-26,12:00:00,1440565200,25.0,18.7,30.5,7.9,6.0,0.0,0.0,China
Beijing,CN,2015-08-27,12:00:00,1440651600,24.8,19.4,30.0,6.0,333.0,0.2,0.0,China
Beijing,CN,2015-08-28,12:00:00,1440738000,25.4,19.0,32.2,8.2,272.0,0.3,0.0,China
Beijing,CN,2015-08-29,12:00:00,1440824400,24.0,19.3,29.6,9.3,102.0,4.8,0.0,China
Beijing,CN,2015-08-30,12:00:00,1440910800,21.2,19.1,24.0,7.0,87.0,13.8,0.0,China
Beijing,CN,2015-08-31,12:00:00,1440997200,20.5,18.5,23.9,5.7,355.0,29.2,0.0,China
Beijing,CN,2015-09-01,12:00:00,1441083600,20.1,18.0,22.7,13.1,352.0,16.6,0.0,China
Beijing,CN,2015-09-02,12:00:00,1441170000,23.0,17.3,28.7,10.9,328.0,0.3,0.0,China
Beijing,CN,2015-09-03,12:00:00,1441256400,23.7,17.0,29.5,7.9,97.0,0.0,0.0,China
Beijing,CN,2015-09-04,12:00:00,1441342800,20.8,19.3,22.4,7.9,102.0,26.8,0.0,China
Beijing,CN,2015-09-05,12:00:00,1441429200,19.1,17.3,20.6,12.5,67.0,13.5,0.0,China
Beijing,CN,2015-09-06,12:00:00,1441515600,20.5,15.1,25.8,8.1,301.0,0.0,0.0,China
Beijing,CN,2015-09-07,12:00:00,1441602000,21.2,15.7,27.5,10.2,200.0,0.0,0.0,China
Beijing,CN,2015-09-08,12:00:00,1441688400,21.4,16.7,26.5,9.1,152.0,0.0,0.0,China
Beijing,CN,2015-09-09,12:00:00,1441774800,20.9,16.8,25.8,15.6,13.0,0.0,0.0,China
Beijing,CN,2015-09-10,12:00:00,1441861200,17.2,13.6,19.3,13.8,332.0,3.6,0.0,China
Beijing,CN,2015-09-11,12:00:00,1441947600,17.3,13.5,22.2,12.0,325.0,2.0,0.0,China
Beijing,CN,2015-09-12,12:00:00,1442034000,18.5,13.4,25.2,17.2,299.0,0.0,0.0,China
Beijing,CN,2015-09-13,12:00:00,1442120400,19.2,10.7,28.1,10.7,247.0,0.0,0.0,China
Beijing,CN,2015-09-14,12:00:00,1442206800,19.7,15.0,25.6,11.3,152.0,0.0,0.0,China
Beijing,CN,2015-09-15,12:00:00,1442293200,19.6,12.9,25.5,7.6,91.0,0.0,0.0,China
Beijing,CN,2015-09-16,12:00:00,1442379600,20.3,12.8,26.4,9.5,178.0,0.0,0.0,China
Beijing,CN,2015-09-17,12:00:00,1442466000,21.6,15.6,27.5,9.6,177.0,0.0,0.0,China
Beijing,CN,2015-09-18,12:00:00,1442552400,22.2,17.0,28.7,7.9,335.0,2.6,0.0,China
Beijing,CN,2015-09-19,12:00:00,1442638800,20.4,13.1,27.3,7.3,64.0,0.0,0.0,China
Beijing,CN,2015-09-20,12:00:00,1442725200,21.2,16.2,27.4,15.0,176.0,0.0,0.0,China
Beijing,CN,2015-09-21,12:00:00,1442811600,21.4,16.1,28.1,14.0,151.0,0.0,0.0,China
Beijing,CN,2015-09-22,12:00:00,1442898000,20.8,16.1,26.4,20.1,185.0,2.7,0.0,China
Beijing,CN,2015-09-23,12:00:00,1442984400,19.4,13.2,26.0,6.2,312.0,0.0,0.0,China
Beijing,CN,2015-09-24,12:00:00,1443070800,20.8,16.0,26.2,9.0,87.0,4.4,0.0,China
Beijing,CN,2015-09-25,12:00:00,1443157200,19.7,15.0,26.0,12.0,318.0,0.0,0.0,China
Beijing,CN,2015-09-26,12:00:00,1443243600,19.4,13.0,26.7,15.3,187.0,0.0,0.0,China
Beijing,CN,2015-09-27,12:00:00,1443330000,20.4,13.4,27.4,10.7,53.0,0.0,0.0,China
Beijing,CN,2015-09-28,12:00:00,1443416400,16.6,14.2,18.5,15.0,27.0,4.5,0.0,China
Beijing,CN,2015-09-29,12:00:00,1443502800,14.6,13.1,15.4,9.6,17.0,8.0,0.0,China
Beijing,CN,2015-09-30,12:00:00,1443589200,15.6,12.7,19.2,9.4,194.0,7.6,0.0,China
Beijing,CN,2015-10-01,12:00:00,1443675600,16.3,11.0,21.6,28.6,307.0,0.6,0.0,China
Beijing,CN,2015-10-02,12:00:00,1443762000,16.1,7.4,25.4,12.4,262.0,0.0,0.0,China
Beijing,CN,2015-10-03,12:00:00,1443848400,16.6,10.7,23.9,12.9,202.0,0.0,0.0,China
Beijing,CN,2015-10-04,12:00:00,1443934800,17.7,10.4,24.3,7.6,106.0,0.0,0.0,China
Beijing,CN,2015-10-05,12:00:00,1444021200,18.4,11.6,25.4,10.8,157.0,0.0,0.0,China
Beijing,CN,2015-10-06,12:00:00,1444107600,19.2,13.0,25.9,10.4,155.0,0.0,0.0,China
Beijing,CN,2015-10-07,12:00:00,1444194000,20.4,16.4,26.5,23.4,238.0,0.0,0.0,China
Beijing,CN,2015-10-08,12:00:00,1444280400,14.9,8.8,18.9,19.1,312.0,0.0,0.0,China
Beijing,CN,2015-10-09,12:00:00,1444366800,12.2,5.4,19.3,23.4,316.0,0.0,0.0,China
Beijing,CN,2015-10-10,12:00:00,1444453200,11.4,7.6,16.2,26.8,318.0,0.0,0.0,China
Beijing,CN,2015-10-11,12:00:00,1444539600,15.5,10.8,21.5,24.2,320.0,0.0,0.0,China
Beijing,CN,2015-10-12,12:00:00,1444626000,14.5,6.0,24.1,10.4,282.0,0.0,0.0,China
Beijing,CN,2015-10-13,12:00:00,1444712400,16.1,7.0,25.6,11.3,306.0,0.0,0.0,China
Beijing,CN,2015-10-14,12:00:00,1444798800,16.5,11.3,23.5,7.6,33.0,0.1,0.0,China
Beijing,CN,2015-10-15,12:00:00,1444885200,16.7,9.0,25.4,9.7,227.0,0.0,0.0,China
Beijing,CN,2015-10-16,12:00:00,1444971600,17.7,10.1,25.3,9.4,126.0,0.0,0.0,China
Beijing,CN,2015-10-17,12:00:00,1445058000,17.5,10.9,24.6,8.9,48.0,0.0,0.0,China
Beijing,CN,2015-10-18,12:00:00,1445144400,15.0,11.1,18.4,13.6,126.0,0.0,0.0,China
Beijing,CN,2015-10-19,12:00:00,1445230800,15.2,10.5,20.8,8.5,153.0,0.0,0.0,China
Beijing,CN,2015-10-20,12:00:00,1445317200,11.5,9.5,13.6,11.3,34.0,3.2,0.0,China
Beijing,CN,2015-10-21,12:00:00,1445403600,10.4,10.0,10.9,7.3,21.0,5.8,0.0,China
Beijing,CN,2015-10-22,12:00:00,1445490000,9.9,9.2,10.9,6.1,307.0,6.9,0.0,China
Beijing,CN,2015-10-23,12:00:00,1445576400,12.6,8.5,19.0,9.5,189.0,0.0,0.0,China
Beijing,CN,2015-10-24,12:00:00,1445662800,11.8,5.9,17.7,9.4,178.0,0.0,0.0,China
Beijing,CN,2015-10-25,12:00:00,1445749200,11.0,7.7,15.1,7.8,144.0,0.9,0.0,China
Beijing,CN,2015-10-26,12:00:00,1445835600,10.3,5.9,15.6,14.3,263.0,0.7,0.0,China
Beijing,CN,2015-10-27,12:00:00,1445922000,8.7,2.2,16.5,16.5,287.0,0.0,0.0,China
Beijing,CN,2015-10-28,12:00:00,1446008400,7.7,1.9,14.9,14.3,320.0,0.0,0.0,China
Beijing,CN,2015-10-29,12:00:00,1446094800,6.4,2.1,12.5,18.1,317.0,0.0,0.0,China
Beijing,CN,2015-10-30,12:00:00,1446181200,6.5,0.2,14.3,10.0,280.0,0.0,0.0,China
Beijing,CN,2015-10-31,12:00:00,1446267600,6.8,-0.6,15.2,10.5,284.0,0.0,0.0,China
Beijing,CN,2015-11-01,12:00:00,1446354000,8.2,1.1,17.0,9.8,270.0,0.0,0.0,China
Beijing,CN,2015-11-02,12:00:00,1446440400,9.0,0.4,18.4,10.8,259.0,0.0,0.0,China
Beijing,CN,2015-11-03,12:00:00,1446526800,10.3,5.1,17.4,14.5,159.0,0.0,0.0,China
Beijing,CN,2015-11-04,12:00:00,1446613200,10.8,6.2,15.5,7.3,57.0,0.0,0.0,China
Beijing,CN,2015-11-05,12:00:00,1446699600,8.3,5.5,11.1,15.1,20.0,2.1,0.0,China
Beijing,CN,2015-11-06,12:00:00,1446786000,2.8,1.7,5.4,12.0,3.0,11.7,5.04,China
Beijing,CN,2015-11-07,12:00:00,1446872400,3.0,0.6,5.7,10.2,7.0,4.7,2.59,China
Beijing,CN,2015-11-08,12:00:00,1446958800,5.2,2.7,9.4,7.6,192.0,0.0,0.0,China
Beijing,CN,2015-11-09,12:00:00,1447045200,5.2,0.7,11.6,9.8,154.0,0.0,0.0,China
Beijing,CN,2015-11-10,12:00:00,1447131600,5.8,3.4,7.9,6.7,126.0,0.0,0.0,China
Beijing,CN,2015-11-11,12:00:00,1447218000,6.5,4.7,8.1,5.1,101.0,0.0,0.0,China
Beijing,CN,2015-11-12,12:00:00,1447304400,7.3,6.0,8.9,5.2,108.0,0.0,0.0,China
Beijing,CN,2015-11-13,12:00:00,1447390800,8.1,6.6,9.8,5.8,120.0,0.0,0.0,China
Beijing,CN,2015-11-14,12:00:00,1447477200,8.4,5.5,11.8,8.3,173.0,0.0,0.0,China
Beijing,CN,2015-11-15,12:00:00,1447563600,9.2,4.1,13.7,11.8,86.0,0.1,0.0,China
Beijing,CN,2015-11-16,12:00:00,1447650000,6.6,4.2,9.4,8.3,142.0,0.6,0.0,China
Beijing,CN,2015-11-17,12:00:00,1447736400,5.4,0.2,10.4,11.5,94.0,0.0,0.0,China
Beijing,CN,2015-11-18,12:00:00,1447822800,4.0,1.8,5.9,10.9,160.0,0.0,0.14,China
Beijing,CN,2015-11-19,12:00:00,1447909200,3.8,1.0,5.4,12.5,94.0,5.4,0.56,China
Beijing,CN,2015-11-20,12:00:00,1447995600,1.1,0.1,2.3,6.6,70.0,6.6,4.13,China
Beijing,CN,2015-11-21,12:00:00,1448082000,0.2,-0.3,1.0,6.5,106.0,8.6,5.88,China
Beijing,CN,2015-11-22,12:00:00,1448168400,-2.1,-3.4,-0.2,10.4,139.0,8.2,6.02,China
Beijing,CN,2015-11-23,12:00:00,1448254800,-4.0,-8.7,-0.2,13.8,28.0,0.4,0.42,China
Beijing,CN,2015-11-24,12:00:00,1448341200,-5.6,-8.5,-4.2,10.0,38.0,0.3,0.42,China
Beijing,CN,2015-11-25,12:00:00,1448427600,-6.8,-13.2,-1.3,23.4,334.0,0.0,0.0,China
Beijing,CN,2015-11-26,12:00:00,1448514000,-9.1,-13.9,-3.2,12.3,323.0,0.0,0.0,China
Beijing,CN,2015-11-27,12:00:00,1448600400,-5.4,-8.0,-2.1,7.4,125.0,0.0,0.0,China
Beijing,CN,2015-11-28,12:00:00,1448686800,-2.8,-4.9,1.4,6.9,56.0,0.0,0.0,China
Beijing,CN,2015-11-29,12:00:00,1448773200,-0.9,-4.4,4.4,9.2,338.0,0.0,0.0,China
Beijing,CN,2015-11-30,12:00:00,1448859600,-1.2,-4.1,2.3,7.6,63.0,0.0,0.0,China
Beijing,CN,2015-12-01,12:00:00,1448946000,-0.9,-6.5,1.2,12.0,274.0,0.1,0.0,China
Beijing,CN,2015-12-02,12:00:00,1449032400,-2.5,-7.3,2.8,22.2,287.0,0.0,0.0,China
Beijing,CN,2015-12-03,12:00:00,1449118800,-4.6,-7.9,0.6,25.7,305.0,0.0,0.0,China
Beijing,CN,2015-12-04,12:00:00,1449205200,-1.8,-7.9,3.9,13.1,281.0,0.0,0.0,China
Beijing,CN,2015-12-05,12:00:00,1449291600,-0.3,-5.8,4.3,10.8,353.0,0.0,0.0,China
Beijing,CN,2015-12-06,12:00:00,1449378000,-0.3,-3.3,2.9,6.1,79.0,0.0,0.0,China
Beijing,CN,2015-12-07,12:00:00,1449464400,0.4,-2.6,4.3,6.5,27.0,0.0,0.0,China
Beijing,CN,2015-12-08,12:00:00,1449550800,-0.1,-2.8,3.8,5.8,56.0,0.5,0.14,China
Beijing,CN,2015-12-09,12:00:00,1449637200,1.8,-0.8,5.6,4.9,6.0,0.6,0.14,China
Beijing,CN,2015-12-10,12:00:00,1449723600,0.6,-3.8,7.6,17.8,351.0,0.0,0.0,China
Beijing,CN,2015-12-11,12:00:00,1449810000,-0.5,-4.3,5.1,7.6,296.0,0.0,0.0,China
Beijing,CN,2015-12-12,12:00:00,1449896400,0.3,-2.3,4.5,5.7,129.0,0.0,0.0,China
Beijing,CN,2015-12-13,12:00:00,1449982800,-0.2,-3.4,4.8,7.4,102.0,0.0,0.0,China
Beijing,CN,2015-12-14,12:00:00,1450069200,0.4,-4.2,6.3,13.7,277.0,0.8,0.7,China
Beijing,CN,2015-12-15,12:00:00,1450155600,-1.6,-4.5,2.9,27.3,311.0,0.0,0.0,China
Beijing,CN,2015-12-16,12:00:00,1450242000,-2.7,-6.3,0.9,24.2,327.0,0.0,0.0,China
Beijing,CN,2015-12-17,12:00:00,1450328400,-2.8,-6.5,2.9,8.7,242.0,0.0,0.0,China
Beijing,CN,2015-12-18,12:00:00,1450414800,-0.9,-6.0,4.8,11.1,359.0,0.0,0.0,China
Beijing,CN,2015-12-19,12:00:00,1450501200,-0.8,-4.2,3.0,5.5,116.0,0.0,0.0,China
Beijing,CN,2015-12-20,12:00:00,1450587600,-1.2,-4.3,3.6,8.4,79.0,0.0,0.0,China
Beijing,CN,2015-12-21,12:00:00,1450674000,-1.7,-6.5,5.3,10.1,348.0,0.0,0.0,China
Beijing,CN,2015-12-22,12:00:00,1450760400,-1.3,-5.3,5.1,7.9,24.0,0.0,0.0,China
Beijing,CN,2015-12-23,12:00:00,1450846800,-1.3,-5.7,6.0,7.2,342.0,0.0,0.0,China
Beijing,CN,2015-12-24,12:00:00,1450933200,-0.7,-4.5,5.1,8.2,337.0,0.0,0.0,China
Beijing,CN,2015-12-25,12:00:00,1451019600,-1.7,-5.2,5.3,9.0,192.0,0.0,0.0,China
Beijing,CN,2015-12-26,12:00:00,1451106000,-2.7,-5.9,3.1,11.9,68.0,0.0,0.0,China
Beijing,CN,2015-12-27,12:00:00,1451192400,-5.0,-7.4,-1.6,9.7,161.0,0.0,0.0,China
Beijing,CN,2015-12-28,12:00:00,1451278800,-3.1,-6.1,2.4,9.0,134.0,0.0,0.0,China
Beijing,CN,2015-12-29,12:00:00,1451365200,-1.6,-4.4,3.6,9.7,117.0,0.0,0.0,China
Beijing,CN,2015-12-30,12:00:00,1451451600,-1.2,-5.2,5.1,15.0,331.0,0.0,0.0,China
Beijing,CN,2015-12-31,12:00:00,1451538000,-1.0,-4.3,4.4,8.7,69.0,0.0,0.0,China
Beijing,CN,2016-01-01,12:00:00,1451624400,-0.9,-5.5,5.1,9.8,83.0,0.0,0.0,China
Beijing,CN,2016-01-02,12:00:00,1451710800,0.4,-5.1,7.6,6.6,26.0,0.0,0.0,China
Beijing,CN,2016-01-03,12:00:00,1451797200,-1.3,-4.5,3.7,9.9,121.0,0.0,0.0,China
Beijing,CN,2016-01-04,12:00:00,1451883600,-2.2,-5.5,2.1,12.4,9.0,0.0,0.0,China
Beijing,CN,2016-01-05,12:00:00,1451970000,-4.1,-7.2,1.2,8.7,321.0,0.0,0.0,China
Beijing,CN,2016-01-06,12:00:00,1452056400,-3.5,-8.1,2.8,15.0,337.0,0.0,0.0,China
Beijing,CN,2016-01-07,12:00:00,1452142800,-4.2,-7.6,1.1,13.0,324.0,0.0,0.0,China
Beijing,CN,2016-01-08,12:00:00,1452229200,-4.3,-7.6,1.2,11.3,338.0,0.0,0.0,China
Beijing,CN,2016-01-09,12:00:00,1452315600,-2.9,-7.5,3.3,10.2,301.0,0.0,0.0,China
Beijing,CN,2016-01-10,12:00:00,1452402000,-3.2,-6.6,0.9,12.8,42.0,0.0,0.0,China
Beijing,CN,2016-01-11,12:00:00,1452488400,-5.5,-8.3,-1.6,14.4,0.0,0.0,0.0,China
Beijing,CN,2016-01-12,12:00:00,1452574800,-6.4,-10.8,-0.6,13.0,330.0,0.0,0.0,China
Beijing,CN,2016-01-13,12:00:00,1452661200,-4.3,-9.4,2.4,11.8,307.0,0.0,0.0,China
Beijing,CN,2016-01-14,12:00:00,1452747600,-3.1,-7.6,3.9,9.4,274.0,0.0,0.0,China
Beijing,CN,2016-01-15,12:00:00,1452834000,-2.3,-6.9,3.6,9.5,67.0,0.0,0.0,China
Beijing,CN,2016-01-16,12:00:00,1452920400,-3.1,-6.2,0.7,8.7,94.0,0.0,0.07,China
Beijing,CN,2016-01-17,12:00:00,1453006800,-5.7,-8.4,-3.3,18.4,354.0,0.7,0.49,China
Beijing,CN,2016-01-18,12:00:00,1453093200,-8.1,-11.9,-4.0,20.1,324.0,0.0,0.0,China
Beijing,CN,2016-01-19,12:00:00,1453179600,-7.2,-11.3,-1.3,9.4,150.0,0.0,0.0,China
Beijing,CN,2016-01-20,12:00:00,1453266000,-5.4,-7.8,-1.8,6.9,72.0,0.0,0.0,China
Beijing,CN,2016-01-21,12:00:00,1453352400,-5.3,-7.8,-0.8,7.4,58.0,0.1,0.07,China
Beijing,CN,2016-01-22,12:00:00,1453438800,-9.3,-12.8,-6.2,21.9,333.0,0.4,0.28,China
Beijing,CN,2016-01-23,12:00:00,1453525200,-14.5,-16.4,-12.3,23.9,334.0,0.0,0.0,China
Beijing,CN,2016-01-24,12:00:00,1453611600,-9.6,-16.0,-2.5,23.1,313.0,0.0,0.0,China
Beijing,CN,2016-01-25,12:00:00,1453698000,-5.6,-12.5,2.8,11.0,292.0,0.0,0.0,China
Beijing,CN,2016-01-26,12:00:00,1453784400,-4.9,-10.1,2.0,11.3,306.0,0.0,0.0,China
Beijing,CN,2016-01-27,12:00:00,1453870800,-4.1,-10.0,2.4,8.4,107.0,0.0,0.0,China
Beijing,CN,2016-01-28,12:00:00,1453957200,-2.4,-7.2,4.1,7.6,26.0,0.0,0.0,China
Beijing,CN,2016-01-29,12:00:00,1454043600,-4.9,-8.0,-0.8,9.2,137.0,0.0,0.0,China
Beijing,CN,2016-01-30,12:00:00,1454130000,-6.3,-8.7,-2.5,8.1,161.0,0.0,0.21,China
Beijing,CN,2016-01-31,12:00:00,1454216400,-6.1,-12.2,1.6,12.0,317.0,0.0,0.0,China
Beijing,CN,2016-02-01,12:00:00,1454302800,-4.3,-9.7,4.0,11.2,313.0,0.0,0.0,China
Beijing,CN,2016-02-02,12:00:00,1454389200,-4.0,-9.5,3.9,9.8,303.0,0.0,0.0,China
Beijing,CN,2016-02-03,12:00:00,1454475600,-2.4,-8.8,6.7,11.0,304.0,0.0,0.0,China
Beijing,CN,2016-02-04,12:00:00,1454562000,-1.7,-6.0,4.9,11.6,340.0,0.0,0.0,China
Beijing,CN,2016-02-05,12:00:00,1454648400,-1.8,-5.4,3.8,18.3,327.0,0.0,0.0,China
Beijing,CN,2016-02-06,12:00:00,1454734800,-0.8,-5.4,5.9,10.4,286.0,0.0,0.0,China
Beijing,CN,2016-02-07,12:00:00,1454821200,-1.0,-7.2,7.9,14.6,280.0,0.0,0.0,China
Beijing,CN,2016-02-08,12:00:00,1454907600,2.1,-4.8,11.0,21.5,318.0,0.0,0.0,China
Beijing,CN,2016-02-09,12:00:00,1454994000,1.6,-3.8,9.4,11.9,125.0,0.0,0.0,China
Beijing,CN,2016-02-10,12:00:00,1455080400,1.5,-4.2,9.2,8.1,52.0,0.0,0.0,China
Beijing,CN,2016-02-11,12:00:00,1455166800,3.5,-0.1,8.1,6.5,0.0,0.0,0.0,China
Beijing,CN,2016-02-12,12:00:00,1455253200,3.5,-2.5,10.3,6.5,344.0,4.4,0.0,China
Beijing,CN,2016-02-13,12:00:00,1455339600,0.8,-3.6,3.5,28.1,343.0,6.6,0.14,China
Beijing,CN,2016-02-14,12:00:00,1455426000,-3.6,-7.4,1.6,19.8,329.0,0.0,0.0,China
Beijing,CN,2016-02-15,12:00:00,1455512400,-2.4,-7.6,4.3,21.0,289.0,0.0,0.0,China
Beijing,CN,2016-02-16,12:00:00,1455598800,0.5,-5.2,8.4,20.0,305.0,0.0,0.0,China
Beijing,CN,2016-02-17,12:00:00,1455685200,1.2,-4.5,9.7,12.5,238.0,0.0,0.0,China
Beijing,CN,2016-02-18,12:00:00,1455771600,1.3,-5.5,8.4,19.4,313.0,0.0,0.0,China
Beijing,CN,2016-02-19,12:00:00,1455858000,1.2,-4.4,7.6,21.5,345.0,0.0,0.0,China
Beijing,CN,2016-02-20,12:00:00,1455944400,-1.8,-5.9,3.8,16.0,286.0,0.0,0.0,China
Beijing,CN,2016-02-21,12:00:00,1456030800,-0.9,-5.8,6.3,18.0,163.0,0.0,0.0,China
Beijing,CN,2016-02-22,12:00:00,1456117200,0.4,-5.6,7.9,17.4,334.0,0.0,0.0,China
Beijing,CN,2016-02-23,12:00:00,1456203600,-2.0,-5.3,3.6,19.3,341.0,0.0,0.0,China
Beijing,CN,2016-02-24,12:00:00,1456290000,-0.9,-7.2,7.0,18.6,261.0,0.0,0.0,China
Beijing,CN,2016-02-25,12:00:00,1456376400,-0.6,-5.7,5.9,10.5,348.0,0.0,0.0,China
Beijing,CN,2016-02-26,12:00:00,1456462800,1.0,-4.7,7.2,17.0,223.0,0.0,0.0,China
Beijing,CN,2016-02-27,12:00:00,1456549200,1.4,-3.9,7.4,9.4,52.0,0.0,0.0,China
Beijing,CN,2016-02-28,12:00:00,1456635600,0.4,-4.5,6.8,24.1,339.0,0.0,0.07,China
Beijing,CN,2016-02-29,12:00:00,1456722000,-1.1,-4.7,3.4,14.5,137.0,0.0,0.0,China
Beijing,CN,2016-03-01,12:00:00,1456808400,1.6,-5.2,9.8,12.3,152.0,0.0,0.0,China
Beijing,CN,2016-03-02,12:00:00,1456894800,7.0,-2.2,17.9,10.9,187.0,0.0,0.0,China
Beijing,CN,2016-03-03,12:00:00,1456981200,7.5,-1.1,15.9,8.9,81.0,0.0,0.0,China
Beijing,CN,2016-03-04,12:00:00,1457067600,7.2,2.3,12.2,10.0,18.0,0.0,0.0,China
Beijing,CN,2016-03-05,12:00:00,1457154000,6.3,-0.9,12.7,18.7,300.0,0.0,0.0,China
Beijing,CN,2016-03-06,12:00:00,1457240400,2.8,-3.7,10.4,8.0,37.0,0.0,0.0,China
Beijing,CN,2016-03-07,12:00:00,1457326800,3.6,-3.2,10.7,20.6,333.0,0.0,0.0,China
Beijing,CN,2016-03-08,12:00:00,1457413200,0.5,-4.5,5.7,11.3,19.0,0.0,0.0,China
Beijing,CN,2016-03-09,12:00:00,1457499600,-0.8,-5.7,5.3,16.5,327.0,0.0,0.0,China
Beijing,CN,2016-03-10,12:00:00,1457586000,-0.1,-5.7,7.2,15.1,301.0,0.0,0.0,China
Beijing,CN,2016-03-11,12:00:00,1457672400,0.6,-5.4,7.8,11.6,276.0,0.0,0.0,China
Beijing,CN,2016-03-12,12:00:00,1457758800,1.9,-4.5,9.8,9.1,169.0,0.0,0.0,China
Beijing,CN,2016-03-13,12:00:00,1457845200,4.5,-2.3,11.7,16.6,306.0,0.0,0.0,China
Beijing,CN,2016-03-14,12:00:00,1457931600,5.7,-3.3,15.1,13.0,187.0,0.0,0.0,China
Beijing,CN,2016-03-15,12:00:00,1458018000,7.3,3.0,13.7,12.0,180.0,0.0,0.0,China
Beijing,CN,2016-03-16,12:00:00,1458104400,8.5,0.5,17.3,13.8,173.0,0.0,0.0,China
Beijing,CN,2016-03-17,12:00:00,1458190800,10.9,4.5,18.6,12.0,166.0,0.0,0.0,China
Beijing,CN,2016-03-18,12:00:00,1458277200,11.3,2.0,20.6,11.7,22.0,0.0,0.0,China
Beijing,CN,2016-03-19,12:00:00,1458363600,9.3,3.7,15.1,9.4,147.0,0.0,0.0,China
Beijing,CN,2016-03-20,12:00:00,1458450000,9.3,2.8,17.4,10.2,193.0,0.0,0.0,China
Beijing,CN,2016-03-21,12:00:00,1458536400,11.0,2.7,19.5,14.2,191.0,0.0,0.0,China
Beijing,CN,2016-03-22,12:00:00,1458622800,10.8,5.2,14.7,12.3,25.0,0.0,0.0,China
Beijing,CN,2016-03-23,12:00:00,1458709200,8.2,2.8,13.6,17.1,4.0,0.0,0.0,China
Beijing,CN,2016-03-24,12:00:00,1458795600,6.2,-2.2,13.7,11.2,334.0,0.0,0.0,China
Beijing,CN,2016-03-25,12:00:00,1458882000,6.0,-2.7,13.9,10.5,342.0,0.0,0.0,China
Beijing,CN,2016-03-26,12:00:00,1458968400,8.7,-0.5,17.9,14.8,311.0,0.0,0.0,China
Beijing,CN,2016-03-27,12:00:00,1459054800,10.7,0.5,20.2,12.1,272.0,0.0,0.0,China
Beijing,CN,2016-03-28,12:00:00,1459141200,13.1,5.3,22.8,19.9,246.0,0.0,0.0,China
Beijing,CN,2016-03-29,12:00:00,1459227600,13.8,3.4,23.0,18.9,287.0,0.0,0.0,China
Beijing,CN,2016-03-30,12:00:00,1459314000,12.6,4.0,21.3,14.6,158.0,0.0,0.0,China
Beijing,CN,2016-03-31,12:00:00,1459400400,15.3,4.6,25.2,20.1,168.0,0.0,0.0,China
Beijing,CN,2016-04-01,12:00:00,1459486800,16.6,10.1,22.4,23.2,338.0,0.0,0.0,China
Beijing,CN,2016-04-02,12:00:00,1459573200,13.4,9.2,18.7,15.3,344.0,0.4,0.0,China
Beijing,CN,2016-04-03,12:00:00,1459659600,12.5,6.4,18.5,10.9,236.0,0.0,0.0,China
Beijing,CN,2016-04-04,12:00:00,1459746000,13.6,5.8,21.8,15.3,205.0,0.0,0.0,China
Beijing,CN,2016-04-05,12:00:00,1459832400,15.0,7.0,23.7,18.1,125.0,0.0,0.0,China
Beijing,CN,2016-04-06,12:00:00,1459918800,15.1,8.0,23.0,18.3,172.0,0.0,0.0,China
Beijing,CN,2016-04-07,12:00:00,1460005200,15.7,6.4,23.8,14.5,319.0,0.0,0.0,China
Beijing,CN,2016-04-08,12:00:00,1460091600,15.5,3.8,25.2,21.9,248.0,0.0,0.0,China
Beijing,CN,2016-04-09,12:00:00,1460178000,15.8,5.8,27.3,22.3,144.0,0.0,0.0,China
Beijing,CN,2016-04-10,12:00:00,1460264400,12.1,4.9,19.5,21.7,156.0,0.0,0.0,China
Beijing,CN,2016-04-11,12:00:00,1460350800,10.7,3.2,17.4,17.5,144.0,0.0,0.0,China
Beijing,CN,2016-04-12,12:00:00,1460437200,12.0,5.4,19.8,10.8,134.0,4.2,0.0,China
Beijing,CN,2016-04-13,12:00:00,1460523600,16.4,8.4,26.4,16.6,288.0,0.0,0.0,China
Beijing,CN,2016-04-14,12:00:00,1460610000,15.1,8.0,23.2,18.2,118.0,0.0,0.0,China
Beijing,CN,2016-04-15,12:00:00,1460696400,15.5,6.6,23.9,17.9,351.0,0.4,0.0,China
Beijing,CN,2016-04-16,12:00:00,1460782800,15.3,11.6,20.2,23.2,335.0,2.9,0.0,China
Beijing,CN,2016-04-17,12:00:00,1460869200,13.2,5.1,19.0,23.0,288.0,0.0,0.0,China
Beijing,CN,2016-04-18,12:00:00,1460955600,13.3,5.0,19.7,20.0,291.0,0.0,0.0,China
Beijing,CN,2016-04-19,12:00:00,1461042000,12.0,6.2,16.9,10.4,126.0,0.8,0.0,China
Beijing,CN,2016-04-20,12:00:00,1461128400,16.5,6.7,26.0,15.2,267.0,0.0,0.0,China
Beijing,CN,2016-04-21,12:00:00,1461214800,19.9,8.9,31.0,22.7,314.0,0.0,0.0,China
Beijing,CN,2016-04-22,12:00:00,1461301200,17.9,10.2,25.2,19.7,328.0,0.0,0.0,China
Beijing,CN,2016-04-23,12:00:00,1461387600,15.3,7.2,22.2,12.5,90.0,0.0,0.0,China
Beijing,CN,2016-04-24,12:00:00,1461474000,17.8,6.5,26.9,21.4,185.0,0.0,0.0,China
Beijing,CN,2016-04-25,12:00:00,1461560400,21.9,14.2,29.5,21.3,162.0,0.0,0.0,China
Beijing,CN,2016-04-26,12:00:00,1461646800,18.1,12.8,24.6,16.3,113.0,0.0,0.0,China
Beijing,CN,2016-04-27,12:00:00,1461733200,15.7,12.1,20.0,6.2,316.0,0.6,0.0,China
Beijing,CN,2016-04-28,12:00:00,1461819600,19.1,10.5,26.7,14.9,147.0,0.0,0.0,China
Beijing,CN,2016-04-29,12:00:00,1461906000,20.0,10.8,28.6,15.2,119.0,0.0,0.0,China
Beijing,CN,2016-04-30,12:00:00,1461992400,22.7,11.9,32.0,17.5,131.0,0.0,0.0,China
Beijing,CN,2016-05-01,12:00:00,1462078800,24.3,14.5,33.4,20.5,178.0,0.3,0.0,China
Beijing,CN,2016-05-02,12:00:00,1462165200,15.8,10.1,22.6,25.8,352.0,10.1,0.0,China
Beijing,CN,2016-05-03,12:00:00,1462251600,16.5,6.8,25.8,29.2,318.0,0.0,0.0,China
Beijing,CN,2016-05-04,12:00:00,1462338000,18.5,6.2,29.0,15.1,142.0,0.0,0.0,China
Beijing,CN,2016-05-05,12:00:00,1462424400,19.6,13.5,26.2,17.9,58.0,1.6,0.0,China
Beijing,CN,2016-05-06,12:00:00,1462510800,18.3,12.2,24.7,20.5,320.0,0.0,0.0,China
Beijing,CN,2016-05-07,12:00:00,1462597200,18.3,8.5,26.3,14.6,221.0,0.0,0.0,China
Beijing,CN,2016-05-08,12:00:00,1462683600,19.8,12.3,27.3,19.8,188.0,0.0,0.0,China
Beijing,CN,2016-05-09,12:00:00,1462770000,18.0,13.7,23.1,19.9,7.0,0.1,0.0,China
Beijing,CN,2016-05-10,12:00:00,1462856400,20.0,9.9,28.0,14.1,220.0,0.0,0.0,China
Beijing,CN,2016-05-11,12:00:00,1462942800,22.8,16.9,28.2,16.5,186.0,0.2,0.0,China
Beijing,CN,2016-05-12,12:00:00,1463029200,17.9,10.2,22.2,27.2,335.0,8.3,0.0,China
Beijing,CN,2016-05-13,12:00:00,1463115600,16.8,6.6,24.6,22.6,195.0,0.0,0.0,China
Beijing,CN,2016-05-14,12:00:00,1463202000,13.0,11.8,16.3,15.7,187.0,18.4,0.0,China
Beijing,CN,2016-05-15,12:00:00,1463288400,17.0,10.7,23.4,21.4,323.0,0.0,0.0,China
Beijing,CN,2016-05-16,12:00:00,1463374800,20.2,8.9,30.4,15.8,237.0,0.0,0.0,China
Beijing,CN,2016-05-17,12:00:00,1463461200,22.8,14.2,31.7,17.7,188.0,0.0,0.0,China
Beijing,CN,2016-05-18,12:00:00,1463547600,22.7,15.2,29.4,16.3,183.0,0.0,0.0,China
Beijing,CN,2016-05-19,12:00:00,1463634000,22.6,16.4,29.2,16.6,166.0,0.0,0.0,China
Beijing,CN,2016-05-20,12:00:00,1463720400,21.6,13.7,29.1,13.6,134.0,0.0,0.0,China
Beijing,CN,2016-05-21,12:00:00,1463806800,22.4,13.8,30.1,12.7,111.0,0.0,0.0,China
Beijing,CN,2016-05-22,12:00:00,1463893200,23.5,16.2,29.9,10.5,135.0,0.0,0.0,China
Beijing,CN,2016-05-23,12:00:00,1463979600,19.9,14.9,22.9,15.5,182.0,1.4,0.0,China
Beijing,CN,2016-05-24,12:00:00,1464066000,21.1,9.8,29.9,23.9,262.0,0.0,0.0,China
Beijing,CN,2016-05-25,12:00:00,1464152400,21.6,15.5,27.7,16.9,271.0,0.2,0.0,China
Beijing,CN,2016-05-26,12:00:00,1464238800,22.6,13.5,29.6,20.3,297.0,0.0,0.0,China
Beijing,CN,2016-05-27,12:00:00,1464325200,23.7,16.8,31.3,22.3,199.0,0.0,0.0,China
Beijing,CN,2016-05-28,12:00:00,1464411600,23.4,14.0,30.7,19.2,196.0,0.0,0.0,China
Beijing,CN,2016-05-29,12:00:00,1464498000,23.9,16.3,30.7,22.1,34.0,0.0,0.0,China
Beijing,CN,2016-05-30,12:00:00,1464584400,26.8,17.3,35.6,14.6,166.0,0.0,0.0,China
Beijing,CN,2016-05-31,12:00:00,1464670800,24.8,20.5,27.9,23.8,119.0,0.0,0.0,China
Beijing,CN,2016-06-01,12:00:00,1464757200,24.7,17.1,30.8,11.4,191.0,0.0,0.0,China
Beijing,CN,2016-06-02,12:00:00,1464843600,25.5,17.9,32.6,15.7,183.0,0.0,0.0,China
Beijing,CN,2016-06-03,12:00:00,1464930000,23.8,17.4,29.2,14.6,175.0,0.0,0.0,China
Beijing,CN,2016-06-04,12:00:00,1465016400,25.2,18.8,30.8,10.9,188.0,0.0,0.0,China
Beijing,CN,2016-06-05,12:00:00,1465102800,25.0,17.2,31.5,13.6,134.0,0.0,0.0,China
Beijing,CN,2016-06-06,12:00:00,1465189200,25.6,18.1,32.3,12.9,134.0,0.2,0.0,China
Beijing,CN,2016-06-07,12:00:00,1465275600,21.7,18.5,26.7,13.3,106.0,6.8,0.0,China
Beijing,CN,2016-06-08,12:00:00,1465362000,24.2,16.7,31.4,10.0,170.0,0.1,0.0,China
Beijing,CN,2016-06-09,12:00:00,1465448400,27.2,19.2,34.4,24.8,181.0,0.3,0.0,China
Beijing,CN,2016-06-10,12:00:00,1465534800,26.5,19.4,34.4,22.9,294.0,0.2,0.0,China
Beijing,CN,2016-06-11,12:00:00,1465621200,25.8,20.3,31.3,21.1,347.0,0.0,0.0,China
Beijing,CN,2016-06-12,12:00:00,1465707600,25.3,17.2,32.2,12.8,158.0,0.0,0.0,China
Beijing,CN,2016-06-13,12:00:00,1465794000,23.1,19.8,30.0,8.3,59.0,3.2,0.0,China
Beijing,CN,2016-06-14,12:00:00,1465880400,20.5,18.3,25.3,18.6,43.0,10.1,0.0,China
Beijing,CN,2016-06-15,12:00:00,1465966800,23.6,14.9,31.5,11.4,354.0,0.0,0.0,China
Beijing,CN,2016-06-16,12:00:00,1466053200,26.7,16.6,35.1,12.0,243.0,0.0,0.0,China
Beijing,CN,2016-06-17,12:00:00,1466139600,26.3,20.8,32.7,15.9,355.0,0.8,0.0,China
Beijing,CN,2016-06-18,12:00:00,1466226000,26.2,19.0,33.5,17.0,191.0,0.0,0.0,China
Beijing,CN,2016-06-19,12:00:00,1466312400,28.8,20.4,36.8,15.6,183.0,0.0,0.0,China
Beijing,CN,2016-06-20,12:00:00,1466398800,29.4,23.7,35.8,14.0,170.0,8.4,0.0,China
Beijing,CN,2016-06-21,12:00:00,1466485200,28.4,22.9,33.2,11.8,138.0,10.8,0.0,China
Beijing,CN,2016-06-22,12:00:00,1466571600,28.2,22.4,34.8,14.3,150.0,0.2,0.0,China
Beijing,CN,2016-06-23,12:00:00,1466658000,26.7,22.2,31.5,11.4,0.0,0.0,0.0,China
Beijing,CN,2016-06-24,12:00:00,1466744400,26.7,19.3,33.3,18.6,330.0,0.0,0.0,China
Beijing,CN,2016-06-25,12:00:00,1466830800,28.9,19.5,36.8,13.8,319.0,0.0,0.0,China
Beijing,CN,2016-06-26,12:00:00,1466917200,29.9,22.4,37.3,19.7,193.0,0.0,0.0,China
Beijing,CN,2016-06-27,12:00:00,1467003600,27.9,23.2,33.6,16.8,143.0,0.4,0.0,China
Beijing,CN,2016-06-28,12:00:00,1467090000,21.8,20.3,24.6,15.1,140.0,39.2,0.0,China
Beijing,CN,2016-06-29,12:00:00,1467176400,24.8,20.2,30.3,10.7,130.0,3.9,0.0,China
Beijing,CN,2016-06-30,12:00:00,1467262800,26.2,20.7,32.4,9.0,82.0,1.4,0.0,China
Beijing,CN,2016-07-01,12:00:00,1467349200,25.9,20.7,30.5,11.2,5.0,0.0,0.0,China
Beijing,CN,2016-07-02,12:00:00,1467435600,26.1,20.0,32.3,9.6,175.0,0.0,0.0,China
Beijing,CN,2016-07-03,12:00:00,1467522000,25.2,20.5,31.0,14.9,139.0,3.9,0.0,China
Beijing,CN,2016-07-04,12:00:00,1467608400,25.2,21.2,29.7,13.9,117.0,0.7,0.0,China
Beijing,CN,2016-07-05,12:00:00,1467694800,26.0,20.6,31.6,8.9,155.0,0.0,0.0,China
Beijing,CN,2016-07-06,12:00:00,1467781200,26.8,20.8,32.8,10.5,164.0,0.0,0.0,China
Beijing,CN,2016-07-07,12:00:00,1467867600,27.6,20.4,33.6,11.8,135.0,0.0,0.0,China
Beijing,CN,2016-07-08,12:00:00,1467954000,28.5,23.2,33.6,11.9,138.0,0.0,0.0,China
Beijing,CN,2016-07-09,12:00:00,1468040400,30.0,24.4,35.5,10.8,158.0,0.0,0.0,China
Beijing,CN,2016-07-10,12:00:00,1468126800,31.2,24.3,37.4,15.1,180.0,0.0,0.0,China
Beijing,CN,2016-07-11,12:00:00,1468213200,32.0,25.2,37.8,19.0,188.0,0.0,0.0,China
Beijing,CN,2016-07-12,12:00:00,1468299600,28.0,25.1,30.0,13.0,329.0,1.2,0.0,China
Beijing,CN,2016-07-13,12:00:00,1468386000,29.5,22.1,35.6,9.7,64.0,0.0,0.0,China
Beijing,CN,2016-07-14,12:00:00,1468472400,27.3,22.8,31.6,10.9,164.0,1.2,0.0,China
Beijing,CN,2016-07-15,12:00:00,1468558800,23.8,21.5,27.4,10.0,73.0,5.3,0.0,China
Beijing,CN,2016-07-16,12:00:00,1468645200,24.3,19.6,29.3,9.0,358.0,0.0,0.0,China
Beijing,CN,2016-07-17,12:00:00,1468731600,26.2,20.6,31.0,9.0,131.0,0.0,0.0,China
Beijing,CN,2016-07-18,12:00:00,1468818000,27.1,22.5,31.2,11.8,136.0,0.2,0.0,China
Beijing,CN,2016-07-19,12:00:00,1468904400,22.9,22.1,25.2,11.5,32.0,18.4,0.0,China
Beijing,CN,2016-07-20,12:00:00,1468990800,22.6,21.9,23.1,28.4,43.0,180.2,0.0,China
Beijing,CN,2016-07-21,12:00:00,1469077200,24.6,22.4,27.2,13.0,24.0,9.4,0.0,China
Beijing,CN,2016-07-22,12:00:00,1469163600,26.4,23.3,29.6,10.5,170.0,0.4,0.0,China
Beijing,CN,2016-07-23,12:00:00,1469250000,28.5,23.7,33.0,10.8,149.0,0.3,0.0,China
Beijing,CN,2016-07-24,12:00:00,1469336400,28.9,25.6,33.7,7.6,105.0,13.3,0.0,China
Beijing,CN,2016-07-25,12:00:00,1469422800,26.9,24.7,30.9,16.6,116.0,20.5,0.0,China
Beijing,CN,2016-07-26,12:00:00,1469509200,26.8,22.0,31.3,10.8,131.0,0.0,0.0,China
Beijing,CN,2016-07-27,12:00:00,1469595600,28.0,23.0,33.4,11.7,169.0,0.0,0.0,China
Beijing,CN,2016-07-28,12:00:00,1469682000,28.4,24.8,32.7,10.1,154.0,12.2,0.0,China
Beijing,CN,2016-07-29,12:00:00,1469768400,27.6,23.7,32.4,9.4,110.0,10.0,0.0,China
Beijing,CN,2016-07-30,12:00:00,1469854800,26.3,24.1,30.6,14.5,60.0,8.7,0.0,China
Beijing,CN,2016-07-31,12:00:00,1469941200,26.4,23.6,30.8,7.4,72.0,4.6,0.0,China
Beijing,CN,2016-08-01,12:00:00,1470027600,26.0,23.8,30.0,7.2,67.0,10.0,0.0,China
Beijing,CN,2016-08-02,12:00:00,1470114000,27.2,22.9,31.2,7.8,89.0,0.0,0.0,China
Beijing,CN,2016-08-03,12:00:00,1470200400,27.8,22.5,32.7,7.1,166.0,0.0,0.0,China
Beijing,CN,2016-08-04,12:00:00,1470286800,27.8,23.8,31.6,9.4,139.0,0.0,0.0,China
Beijing,CN,2016-08-05,12:00:00,1470373200,27.5,23.6,31.2,8.5,127.0,0.0,0.0,China
Beijing,CN,2016-08-06,12:00:00,1470459600,28.3,24.4,32.4,10.5,171.0,0.0,0.0,China
Beijing,CN,2016-08-07,12:00:00,1470546000,25.5,23.7,29.0,14.5,24.0,10.5,0.0,China
Beijing,CN,2016-08-08,12:00:00,1470632400,25.6,19.8,30.5,9.9,79.0,0.0,0.0,China
Beijing,CN,2016-08-09,12:00:00,1470718800,25.4,20.9,30.2,6.4,115.0,0.0,0.0,China
Beijing,CN,2016-08-10,12:00:00,1470805200,28.1,23.5,32.4,13.8,189.0,0.0,0.0,China
Beijing,CN,2016-08-11,12:00:00,1470891600,29.4,25.7,33.2,11.3,187.0,0.2,0.0,China
Beijing,CN,2016-08-12,12:00:00,1470978000,27.6,25.7,31.1,8.3,89.0,10.1,0.0,China
Beijing,CN,2016-08-13,12:00:00,1471064400,27.1,22.7,32.9,14.2,322.0,0.1,0.0,China
Beijing,CN,2016-08-14,12:00:00,1471150800,26.8,21.4,33.3,8.7,266.0,0.0,0.0,China
Beijing,CN,2016-08-15,12:00:00,1471237200,24.4,20.5,27.9,10.4,253.0,0.9,0.0,China
Beijing,CN,2016-08-16,12:00:00,1471323600,24.5,17.9,30.1,8.0,212.0,0.0,0.0,China
Beijing,CN,2016-08-17,12:00:00,1471410000,24.3,22.3,26.3,4.7,16.0,0.5,0.0,China
Beijing,CN,2016-08-18,12:00:00,1471496400,23.4,22.6,24.2,11.5,54.0,42.3,0.0,China
Beijing,CN,2016-08-19,12:00:00,1471582800,25.6,22.4,29.4,15.8,38.0,0.0,0.0,China
Beijing,CN,2016-08-20,12:00:00,1471669200,25.4,20.8,30.2,7.6,188.0,0.0,0.0,China
Beijing,CN,2016-08-21,12:00:00,1471755600,26.7,22.4,31.7,8.9,148.0,0.4,0.0,China
Beijing,CN,2016-08-22,12:00:00,1471842000,26.7,23.0,31.1,11.4,169.0,0.0,0.0,China
Beijing,CN,2016-08-23,12:00:00,1471928400,25.3,22.3,29.5,8.7,108.0,5.1,0.0,China
Beijing,CN,2016-08-24,12:00:00,1472014800,27.1,22.7,31.3,7.0,43.0,0.0,0.0,China
Beijing,CN,2016-08-25,12:00:00,1472101200,25.2,18.2,27.7,25.1,5.0,0.4,0.0,China
Beijing,CN,2016-08-26,12:00:00,1472187600,21.2,14.6,27.6,9.9,321.0,0.0,0.0,China
Beijing,CN,2016-08-27,12:00:00,1472274000,21.8,14.1,30.4,12.5,303.0,1.0,0.0,China
Beijing,CN,2016-08-28,12:00:00,1472360400,22.6,14.5,30.2,10.7,309.0,0.0,0.0,China
Beijing,CN,2016-08-29,12:00:00,1472446800,22.9,14.9,29.4,10.5,87.0,0.0,0.0,China
Beijing,CN,2016-08-30,12:00:00,1472533200,24.0,18.5,30.7,5.9,222.0,0.0,0.0,China
Beijing,CN,2016-08-31,12:00:00,1472619600,23.9,15.8,32.5,16.8,326.0,0.0,0.0,China
Beijing,CN,2016-09-01,12:00:00,1472706000,20.9,18.3,23.5,9.7,4.0,0.2,0.0,China
Beijing,CN,2016-09-02,12:00:00,1472792400,22.7,17.9,27.7,7.9,10.0,0.0,0.0,China
Beijing,CN,2016-09-03,12:00:00,1472878800,23.4,17.2,29.7,8.5,192.0,0.0,0.0,China
Beijing,CN,2016-09-04,12:00:00,1472965200,22.7,18.9,29.7,11.0,105.0,13.5,0.0,China
Beijing,CN,2016-09-05,12:00:00,1473051600,22.9,16.4,29.7,10.2,287.0,0.0,0.0,China
Beijing,CN,2016-09-06,12:00:00,1473138000,24.5,16.8,30.8,11.0,292.0,0.0,0.0,China
Beijing,CN,2016-09-07,12:00:00,1473224400,24.7,19.9,30.0,9.7,223.0,0.0,0.0,China
Beijing,CN,2016-09-08,12:00:00,1473310800,22.9,15.2,29.9,10.9,296.0,0.0,0.0,China
Beijing,CN,2016-09-09,12:00:00,1473397200,23.7,15.3,30.2,11.3,340.0,0.0,0.0,China
Beijing,CN,2016-09-10,12:00:00,1473483600,23.2,16.2,29.5,8.9,27.0,0.0,0.0,China
Beijing,CN,2016-09-11,12:00:00,1473570000,19.8,17.8,24.4,11.3,57.0,26.0,0.0,China
Beijing,CN,2016-09-12,12:00:00,1473656400,21.0,16.1,25.5,8.0,16.0,0.0,0.0,China
Beijing,CN,2016-09-13,12:00:00,1473742800,21.5,17.0,26.5,8.3,144.0,0.7,0.0,China
Beijing,CN,2016-09-14,12:00:00,1473829200,22.8,16.6,29.3,10.4,176.0,0.0,0.0,China
Beijing,CN,2016-09-15,12:00:00,1473915600,23.7,18.8,29.0,8.0,109.0,0.0,0.0,China
Beijing,CN,2016-09-16,12:00:00,1474002000,24.4,18.5,30.5,15.5,86.0,0.3,0.0,China
Beijing,CN,2016-09-17,12:00:00,1474088400,21.3,19.5,23.5,8.4,22.0,4.8,0.0,China
Beijing,CN,2016-09-18,12:00:00,1474174800,18.4,15.3,20.9,9.2,360.0,2.0,0.0,China
Beijing,CN,2016-09-19,12:00:00,1474261200,17.8,12.3,23.7,11.7,336.0,0.0,0.0,China
Beijing,CN,2016-09-20,12:00:00,1474347600,18.0,9.9,25.5,7.2,30.0,0.0,0.0,China
Beijing,CN,2016-09-21,12:00:00,1474434000,18.2,14.9,21.9,7.4,84.0,2.0,0.0,China
Beijing,CN,2016-09-22,12:00:00,1474520400,19.4,13.5,25.1,7.1,32.0,0.0,0.0,China
Beijing,CN,2016-09-23,12:00:00,1474606800,21.1,15.1,26.5,10.6,57.0,0.0,0.0,China
Beijing,CN,2016-09-24,12:00:00,1474693200,22.7,16.2,28.7,10.1,140.0,0.0,0.0,China
Beijing,CN,2016-09-25,12:00:00,1474779600,22.2,17.1,27.0,11.9,67.0,4.4,0.0,China
Beijing,CN,2016-09-26,12:00:00,1474866000,20.2,18.4,22.9,7.8,49.0,9.1,0.0,China
Beijing,CN,2016-09-27,12:00:00,1474952400,17.8,14.2,21.7,28.3,350.0,0.0,0.0,China
Beijing,CN,2016-09-28,12:00:00,1475038800,14.2,8.8,19.1,10.4,4.0,0.0,0.0,China
Beijing,CN,2016-09-29,12:00:00,1475125200,15.4,9.1,21.3,11.9,169.0,0.0,0.0,China
Beijing,CN,2016-09-30,12:00:00,1475211600,17.6,10.7,24.2,9.4,141.0,0.0,0.0,China
Beijing,CN,2016-10-01,12:00:00,1475298000,19.4,14.3,25.6,10.1,145.0,0.0,0.0,China
Beijing,CN,2016-10-02,12:00:00,1475384400,19.9,13.0,26.2,10.5,126.0,0.0,0.0,China
Beijing,CN,2016-10-03,12:00:00,1475470800,21.6,16.0,28.0,18.6,80.0,0.2,0.0,China
Beijing,CN,2016-10-04,12:00:00,1475557200,16.0,14.8,18.8,17.8,41.0,13.1,0.0,China
Beijing,CN,2016-10-05,12:00:00,1475643600,16.3,10.6,21.7,9.9,152.0,0.0,0.0,China
Beijing,CN,2016-10-06,12:00:00,1475730000,14.4,11.5,16.9,10.3,81.0,6.9,0.0,China
Beijing,CN,2016-10-07,12:00:00,1475816400,13.5,10.9,15.2,10.3,99.0,21.9,0.0,China
Beijing,CN,2016-10-08,12:00:00,1475902800,11.9,7.8,18.1,20.0,326.0,0.0,0.0,China
Beijing,CN,2016-10-09,12:00:00,1475989200,10.9,6.3,16.8,14.0,169.0,0.0,0.0,China
Beijing,CN,2016-10-10,12:00:00,1476075600,12.2,5.0,18.5,9.0,113.0,0.0,0.0,China
Beijing,CN,2016-10-11,12:00:00,1476162000,12.3,6.3,18.7,11.0,94.0,0.0,0.0,China
Beijing,CN,2016-10-12,12:00:00,1476248400,12.9,8.2,17.9,7.9,108.0,0.0,0.0,China
Beijing,CN,2016-10-13,12:00:00,1476334800,14.9,7.7,21.8,8.3,123.0,0.0,0.0,China
Beijing,CN,2016-10-14,12:00:00,1476421200,16.4,10.6,23.1,10.1,166.0,0.0,0.0,China
Beijing,CN,2016-10-15,12:00:00,1476507600,14.8,11.0,18.2,6.9,108.0,1.3,0.0,China
Beijing,CN,2016-10-16,12:00:00,1476594000,15.7,11.8,20.9,12.6,166.0,0.0,0.0,China
Beijing,CN,2016-10-17,12:00:00,1476680400,13.7,7.7,20.3,10.2,62.0,0.0,0.0,China
Beijing,CN,2016-10-18,12:00:00,1476766800,14.9,9.3,20.9,7.9,99.0,0.0,0.0,China
Beijing,CN,2016-10-19,12:00:00,1476853200,17.1,13.2,22.7,6.6,86.0,0.0,0.0,China
Beijing,CN,2016-10-20,12:00:00,1476939600,13.3,10.5,15.4,21.3,74.0,6.6,0.0,China
Beijing,CN,2016-10-21,12:00:00,1477026000,11.1,10.3,12.1,6.0,339.0,10.0,0.0,China
Beijing,CN,2016-10-22,12:00:00,1477112400,11.6,7.6,13.6,12.4,40.0,0.2,0.0,China
Beijing,CN,2016-10-23,12:00:00,1477198800,10.0,5.8,14.2,5.4,186.0,0.0,0.0,China
Beijing,CN,2016-10-24,12:00:00,1477285200,9.3,5.8,13.2,5.9,149.0,0.0,0.0,China
Beijing,CN,2016-10-25,12:00:00,1477371600,10.8,4.4,18.0,11.5,196.0,0.0,0.0,China
Beijing,CN,2016-10-26,12:00:00,1477458000,10.9,8.0,14.1,11.4,78.0,0.0,0.0,China
Beijing,CN,2016-10-27,12:00:00,1477544400,9.2,7.8,10.7,10.5,39.0,11.6,0.0,China
Beijing,CN,2016-10-28,12:00:00,1477630800,7.2,2.6,11.9,17.2,327.0,0.0,0.0,China
Beijing,CN,2016-10-29,12:00:00,1477717200,5.3,-0.8,11.7,16.6,200.0,0.0,0.0,China
Beijing,CN,2016-10-30,12:00:00,1477803600,6.9,0.8,13.2,20.6,359.0,0.0,0.0,China
Beijing,CN,2016-10-31,12:00:00,1477890000,1.9,-3.3,6.1,19.2,332.0,0.0,0.0,China
Beijing,CN,2016-11-01,12:00:00,1477976400,1.2,-4.5,7.6,10.6,205.0,0.0,0.0,China
Beijing,CN,2016-11-02,12:00:00,1478062800,4.2,-1.7,12.7,9.8,210.0,0.0,0.0,China
Beijing,CN,2016-11-03,12:00:00,1478149200,5.9,0.5,13.5,8.2,111.0,0.0,0.0,China
Beijing,CN,2016-11-04,12:00:00,1478235600,7.6,0.8,15.2,9.3,62.0,0.0,0.0,China
Beijing,CN,2016-11-05,12:00:00,1478322000,8.3,2.0,16.9,12.0,98.0,0.0,0.0,China
Beijing,CN,2016-11-06,12:00:00,1478408400,5.5,0.9,9.3,9.3,171.0,0.2,0.0,China
Beijing,CN,2016-11-07,12:00:00,1478494800,5.7,-0.1,10.8,19.3,344.0,1.3,0.0,China
Beijing,CN,2016-11-08,12:00:00,1478581200,3.5,-3.4,10.6,10.7,202.0,0.0,0.0,China
Beijing,CN,2016-11-09,12:00:00,1478667600,4.2,-2.0,9.7,12.3,139.0,0.0,0.0,China
Beijing,CN,2016-11-10,12:00:00,1478754000,5.2,0.1,10.9,8.5,197.0,0.0,0.0,China
Beijing,CN,2016-11-11,12:00:00,1478840400,3.3,-2.1,10.1,9.0,21.0,0.0,0.0,China
Beijing,CN,2016-11-12,12:00:00,1478926800,4.6,-1.8,12.1,8.6,96.0,0.0,0.0,China
Beijing,CN,2016-11-13,12:00:00,1479013200,6.5,2.8,10.7,6.5,78.0,0.0,0.0,China
Beijing,CN,2016-11-14,12:00:00,1479099600,5.2,-0.3,11.9,13.8,347.0,0.0,0.0,China
Beijing,CN,2016-11-15,12:00:00,1479186000,4.0,-0.2,9.6,9.9,90.0,0.0,0.0,China
Beijing,CN,2016-11-16,12:00:00,1479272400,4.4,-1.5,11.6,6.8,18.0,0.0,0.0,China
Beijing,CN,2016-11-17,12:00:00,1479358800,4.9,1.7,7.0,8.4,69.0,0.0,0.0,China
Beijing,CN,2016-11-18,12:00:00,1479445200,7.0,4.0,9.7,5.8,32.0,0.0,0.0,China
Beijing,CN,2016-11-19,12:00:00,1479531600,8.1,4.2,13.0,11.2,70.0,0.0,0.0,China
Beijing,CN,2016-11-20,12:00:00,1479618000,2.7,0.9,5.7,11.0,67.0,12.8,3.43,China
Beijing,CN,2016-11-21,12:00:00,1479704400,-1.8,-6.1,0.9,18.8,359.0,5.4,3.5,China
Beijing,CN,2016-11-22,12:00:00,1479790800,-6.6,-12.0,0.2,18.3,323.0,0.0,0.0,China
Beijing,CN,2016-11-23,12:00:00,1479877200,-5.4,-8.2,-0.5,11.3,267.0,0.0,0.0,China
Beijing,CN,2016-11-24,12:00:00,1479963600,-3.9,-8.1,1.2,11.0,172.0,0.0,0.0,China
Beijing,CN,2016-11-25,12:00:00,1480050000,-2.1,-5.7,2.0,9.3,127.0,0.0,0.0,China
Beijing,CN,2016-11-26,12:00:00,1480136400,-0.1,-3.7,4.7,10.8,229.0,0.0,0.0,China
Beijing,CN,2016-11-27,12:00:00,1480222800,-1.0,-5.6,4.0,17.1,344.0,0.0,0.0,China
Beijing,CN,2016-11-28,12:00:00,1480309200,0.2,-3.3,6.3,8.3,135.0,0.0,0.0,China
Beijing,CN,2016-11-29,12:00:00,1480395600,-0.4,-3.8,4.0,6.5,31.0,0.0,0.0,China
Beijing,CN,2016-11-30,12:00:00,1480482000,1.3,-3.2,9.4,11.2,278.0,0.0,0.0,China
Beijing,CN,2016-12-01,12:00:00,1480568400,0.3,-4.1,7.6,11.8,290.0,0.0,0.0,China
Beijing,CN,2016-12-02,12:00:00,1480654800,1.3,-3.4,7.5,8.0,153.0,0.0,0.0,China
Beijing,CN,2016-12-03,12:00:00,1480741200,1.2,-3.3,7.1,7.2,49.0,0.0,0.0,China
Beijing,CN,2016-12-04,12:00:00,1480827600,1.4,-4.4,8.9,10.0,27.0,0.0,0.0,China
Beijing,CN,2016-12-05,12:00:00,1480914000,0.6,-4.7,4.8,20.1,327.0,0.0,0.0,China
Beijing,CN,2016-12-06,12:00:00,1481000400,-1.1,-4.4,4.6,8.8,138.0,0.0,0.0,China
Beijing,CN,2016-12-07,12:00:00,1481086800,0.4,-4.8,8.5,9.8,153.0,0.0,0.0,China
Beijing,CN,2016-12-08,12:00:00,1481173200,1.0,-3.6,7.1,24.5,334.0,0.1,0.0,China
Beijing,CN,2016-12-09,12:00:00,1481259600,-1.1,-4.6,4.0,9.2,8.0,0.0,0.0,China
Beijing,CN,2016-12-10,12:00:00,1481346000,-0.9,-4.6,3.9,6.0,71.0,0.0,0.0,China
Beijing,CN,2016-12-11,12:00:00,1481432400,-1.1,-5.8,4.6,8.5,102.0,0.0,0.0,China
Beijing,CN,2016-12-12,12:00:00,1481518800,1.1,-1.4,5.6,7.7,47.0,0.0,0.0,China
Beijing,CN,2016-12-13,12:00:00,1481605200,-0.7,-5.1,3.1,11.8,7.0,0.0,0.0,China
Beijing,CN,2016-12-14,12:00:00,1481691600,-3.5,-6.5,1.2,11.6,70.0,0.0,0.0,China
Beijing,CN,2016-12-15,12:00:00,1481778000,-1.7,-5.7,4.0,16.4,329.0,0.0,0.0,China
Beijing,CN,2016-12-16,12:00:00,1481864400,-1.4,-5.3,4.6,10.5,172.0,0.0,0.0,China
Beijing,CN,2016-12-17,12:00:00,1481950800,-0.2,-4.3,5.9,6.9,34.0,0.0,0.0,China
Beijing,CN,2016-12-18,12:00:00,1482037200,0.3,-5.2,6.9,6.2,330.0,0.0,0.0,China
Beijing,CN,2016-12-19,12:00:00,1482123600,-0.3,-5.3,7.3,9.0,262.0,0.0,0.0,China
Beijing,CN,2016-12-20,12:00:00,1482210000,-1.3,-5.1,3.2,5.9,154.0,0.0,0.0,China
Beijing,CN,2016-12-21,12:00:00,1482296400,-0.1,-3.4,4.3,7.1,120.0,0.0,0.0,China
Beijing,CN,2016-12-22,12:00:00,1482382800,0.1,-4.2,5.1,18.2,323.0,0.0,0.0,China
Beijing,CN,2016-12-23,12:00:00,1482469200,-2.5,-5.7,2.3,9.4,71.0,0.0,0.0,China
Beijing,CN,2016-12-24,12:00:00,1482555600,-1.9,-5.4,2.9,7.7,99.0,0.0,0.0,China
Beijing,CN,2016-12-25,12:00:00,1482642000,-1.6,-5.2,3.5,6.0,43.0,0.0,0.0,China
Beijing,CN,2016-12-26,12:00:00,1482728400,-0.6,-4.6,3.3,9.3,19.0,0.1,0.28,China
Beijing,CN,2016-12-27,12:00:00,1482814800,-3.3,-6.2,1.5,9.7,306.0,0.0,0.0,China
Beijing,CN,2016-12-28,12:00:00,1482901200,-3.9,-8.2,2.4,15.0,325.0,0.0,0.0,China
Beijing,CN,2016-12-29,12:00:00,1482987600,-5.2,-9.8,1.3,10.5,247.0,0.0,0.0,China
Beijing,CN,2016-12-30,12:00:00,1483074000,-4.1,-8.4,1.3,9.3,122.0,0.0,0.0,China
Beijing,CN,2016-12-31,12:00:00,1483160400,-2.9,-7.6,3.9,10.3,123.0,0.0,0.0,China
Beijing,CN,2017-01-01,12:00:00,1483246800,-1.9,-7.4,5.2,11.2,275.0,0.0,0.0,China
Beijing,CN,2017-01-02,12:00:00,1483333200,-0.1,-4.4,6.2,17.5,279.0,0.0,0.0,China
Beijing,CN,2017-01-03,12:00:00,1483419600,-1.3,-6.3,6.2,14.3,251.0,0.0,0.0,China
Beijing,CN,2017-01-04,12:00:00,1483506000,-0.6,-4.8,6.1,10.4,31.0,0.0,0.0,China
Beijing,CN,2017-01-05,12:00:00,1483592400,-1.7,-5.0,1.2,7.9,356.0,0.8,0.56,China
Beijing,CN,2017-01-06,12:00:00,1483678800,-0.3,-3.8,4.6,9.0,240.0,0.0,0.0,China
Beijing,CN,2017-01-07,12:00:00,1483765200,0.4,-2.4,3.6,8.8,25.0,0.7,0.0,China
Beijing,CN,2017-01-08,12:00:00,1483851600,0.2,-3.9,7.2,15.0,331.0,0.0,0.0,China
Beijing,CN,2017-01-09,12:00:00,1483938000,-1.2,-4.6,2.4,21.5,307.0,0.0,0.0,China
Beijing,CN,2017-01-10,12:00:00,1484024400,-1.5,-5.1,4.2,21.4,303.0,0.0,0.0,China
Beijing,CN,2017-01-11,12:00:00,1484110800,-2.2,-6.1,5.2,13.0,220.0,0.0,0.0,China
Beijing,CN,2017-01-12,12:00:00,1484197200,-1.0,-4.3,4.1,15.5,299.0,0.0,0.0,China
Beijing,CN,2017-01-13,12:00:00,1484283600,-2.5,-5.4,1.9,21.0,349.0,0.0,0.0,China
Beijing,CN,2017-01-14,12:00:00,1484370000,-3.3,-6.2,0.9,17.0,54.0,0.0,0.0,China
Beijing,CN,2017-01-15,12:00:00,1484456400,-3.7,-6.5,0.3,10.5,182.0,0.0,0.0,China
Beijing,CN,2017-01-16,12:00:00,1484542800,-3.3,-5.6,0.6,10.2,34.0,0.0,0.0,China
Beijing,CN,2017-01-17,12:00:00,1484629200,-2.2,-5.3,3.1,13.0,354.0,0.0,0.0,China
Beijing,CN,2017-01-18,12:00:00,1484715600,-3.5,-6.7,1.5,14.9,67.0,0.0,0.0,China
Beijing,CN,2017-01-19,12:00:00,1484802000,-3.7,-7.7,-1.2,34.9,343.0,0.2,0.14,China
Beijing,CN,2017-01-20,12:00:00,1484888400,-5.9,-8.7,-0.7,14.6,224.0,0.0,0.0,China
Beijing,CN,2017-01-21,12:00:00,1484974800,-4.8,-8.6,-0.9,30.9,320.0,0.0,0.0,China
Beijing,CN,2017-01-22,12:00:00,1485061200,-5.6,-8.3,-0.7,14.0,28.0,0.0,0.0,China
Beijing,CN,2017-01-23,12:00:00,1485147600,-5.3,-8.5,-0.3,12.8,37.0,0.0,0.0,China
Beijing,CN,2017-01-24,12:00:00,1485234000,-4.1,-8.3,1.8,10.5,102.0,0.0,0.0,China
Beijing,CN,2017-01-25,12:00:00,1485320400,-3.0,-7.3,4.0,11.2,175.0,0.0,0.0,China
Beijing,CN,2017-01-26,12:00:00,1485406800,-0.8,-6.1,9.1,23.9,3.0,0.0,0.0,China
Beijing,CN,2017-01-27,12:00:00,1485493200,-1.5,-6.1,4.1,25.8,211.0,0.0,0.0,China
Beijing,CN,2017-01-28,12:00:00,1485579600,-1.7,-4.4,2.9,8.0,22.0,0.0,0.0,China
Beijing,CN,2017-01-29,12:00:00,1485666000,-2.2,-5.6,0.5,31.2,348.0,0.0,0.0,China
Beijing,CN,2017-01-30,12:00:00,1485752400,-4.7,-8.6,-0.0,20.2,282.0,0.0,0.0,China
Beijing,CN,2017-01-31,12:00:00,1485838800,-1.7,-5.2,3.7,17.9,216.0,0.0,0.0,China
Beijing,CN,2017-02-01,12:00:00,1485925200,-2.3,-5.7,2.3,20.3,9.0,0.0,0.0,China
Beijing,CN,2017-02-02,12:00:00,1486011600,-2.6,-7.7,4.6,12.2,257.0,0.0,0.0,China
Beijing,CN,2017-02-03,12:00:00,1486098000,-1.1,-5.5,7.0,12.3,204.0,0.0,0.0,China
Beijing,CN,2017-02-04,12:00:00,1486184400,1.4,-3.6,7.9,14.4,316.0,0.0,0.0,China
Beijing,CN,2017-02-05,12:00:00,1486270800,1.9,-3.1,8.2,20.6,354.0,0.0,0.0,China
Beijing,CN,2017-02-06,12:00:00,1486357200,-0.7,-4.7,4.1,15.4,75.0,0.0,0.0,China
Beijing,CN,2017-02-07,12:00:00,1486443600,-1.7,-5.3,2.8,7.6,172.0,0.7,0.49,China
Beijing,CN,2017-02-08,12:00:00,1486530000,-1.1,-4.4,3.4,27.8,354.0,0.0,0.0,China
Beijing,CN,2017-02-09,12:00:00,1486616400,-2.4,-5.5,2.4,26.3,336.0,0.0,0.0,China
Beijing,CN,2017-02-10,12:00:00,1486702800,-1.6,-5.5,4.6,26.5,333.0,0.0,0.0,China
Beijing,CN,2017-02-11,12:00:00,1486789200,-0.0,-5.3,7.4,15.1,323.0,0.0,0.0,China
Beijing,CN,2017-02-12,12:00:00,1486875600,1.0,-4.7,8.5,12.7,4.0,0.0,0.0,China
Beijing,CN,2017-02-13,12:00:00,1486962000,2.3,-2.3,9.7,16.7,44.0,0.0,0.0,China
Beijing,CN,2017-02-14,12:00:00,1487048400,-0.3,-5.3,7.7,11.6,90.0,0.0,0.0,China
Beijing,CN,2017-02-15,12:00:00,1487134800,2.1,-3.6,10.4,13.4,33.0,0.0,0.0,China
Beijing,CN,2017-02-16,12:00:00,1487221200,3.3,0.2,7.7,33.6,28.0,0.0,0.0,China
Beijing,CN,2017-02-17,12:00:00,1487307600,0.1,-4.6,5.3,21.9,294.0,0.0,0.0,China
Beijing,CN,2017-02-18,12:00:00,1487394000,1.2,-5.0,8.4,18.7,168.0,0.0,0.0,China
Beijing,CN,2017-02-19,12:00:00,1487480400,4.3,-2.4,13.6,39.4,14.0,0.0,0.0,China
Beijing,CN,2017-02-20,12:00:00,1487566800,0.4,-3.4,5.5,30.5,3.0,0.0,0.0,China
Beijing,CN,2017-02-21,12:00:00,1487653200,-1.4,-3.8,1.8,16.1,189.0,1.5,1.05,China
Beijing,CN,2017-02-22,12:00:00,1487739600,0.1,-5.9,9.8,29.8,265.0,0.0,0.0,China
Beijing,CN,2017-02-23,12:00:00,1487826000,1.2,-3.7,7.6,24.3,266.0,0.0,0.0,China
Beijing,CN,2017-02-24,12:00:00,1487912400,2.2,-5.6,11.1,16.3,305.0,0.0,0.0,China
Beijing,CN,2017-02-25,12:00:00,1487998800,4.4,-3.0,13.5,14.5,331.0,0.0,0.0,China
Beijing,CN,2017-02-26,12:00:00,1488085200,5.2,-1.7,12.3,18.0,293.0,0.0,0.0,China
Beijing,CN,2017-02-27,12:00:00,1488171600,5.9,-1.6,15.2,10.8,242.0,0.0,0.0,China
Beijing,CN,2017-02-28,12:00:00,1488258000,7.8,2.7,14.4,17.7,356.0,0.0,0.0,China
Beijing,CN,2017-03-01,12:00:00,1488344400,3.9,-1.6,7.2,35.0,350.0,0.2,0.07,China
Beijing,CN,2017-03-02,12:00:00,1488430800,4.5,-3.2,13.7,21.2,213.0,0.0,0.0,China
Beijing,CN,2017-03-03,12:00:00,1488517200,6.1,-1.4,14.2,16.8,70.0,0.0,0.0,China
Beijing,CN,2017-03-04,12:00:00,1488603600,4.9,-2.0,12.2,20.7,13.0,0.0,0.0,China
Beijing,CN,2017-03-05,12:00:00,1488690000,4.6,0.0,10.2,36.2,351.0,0.0,0.0,China
Beijing,CN,2017-03-06,12:00:00,1488776400,3.1,-3.0,9.6,25.7,346.0,0.0,0.0,China
Beijing,CN,2017-03-07,12:00:00,1488862800,2.2,-4.2,9.5,28.1,348.0,0.0,0.0,China
Beijing,CN,2017-03-08,12:00:00,1488949200,4.7,-3.3,12.4,23.6,302.0,0.0,0.0,China
Beijing,CN,2017-03-09,12:00:00,1489035600,7.2,-1.2,15.9,16.3,299.0,0.0,0.0,China
Beijing,CN,2017-03-10,12:00:00,1489122000,8.7,0.4,17.7,15.0,280.0,0.0,0.0,China
Beijing,CN,2017-03-11,12:00:00,1489208400,11.9,4.3,19.5,32.9,333.0,0.0,0.0,China
Beijing,CN,2017-03-12,12:00:00,1489294800,8.0,3.7,12.4,29.6,359.0,0.0,0.0,China
Beijing,CN,2017-03-13,12:00:00,1489381200,7.2,-1.1,14.1,16.3,338.0,0.0,0.0,China
Beijing,CN,2017-03-14,12:00:00,1489467600,8.5,1.6,15.3,16.3,22.0,0.0,0.0,China
Beijing,CN,2017-03-15,12:00:00,1489554000,7.1,-0.8,15.6,16.6,172.0,0.0,0.0,China
Beijing,CN,2017-03-16,12:00:00,1489640400,8.8,0.6,16.7,16.9,213.0,0.0,0.0,China
Beijing,CN,2017-03-17,12:00:00,1489726800,9.8,3.5,16.4,16.3,207.0,0.0,0.0,China
Beijing,CN,2017-03-18,12:00:00,1489813200,10.8,3.3,18.6,18.0,73.0,0.0,0.0,China
Beijing,CN,2017-03-19,12:00:00,1489899600,11.3,3.5,18.9,16.5,158.0,0.0,0.0,China
Beijing,CN,2017-03-20,12:00:00,1489986000,9.7,5.7,14.0,22.8,68.0,0.2,0.0,China
Beijing,CN,2017-03-21,12:00:00,1490072400,8.6,3.6,14.5,16.8,211.0,0.0,0.0,China
Beijing,CN,2017-03-22,12:00:00,1490158800,9.3,2.5,15.6,18.7,202.0,0.0,0.0,China
Beijing,CN,2017-03-23,12:00:00,1490245200,7.4,5.2,9.1,13.6,52.0,7.9,0.0,China
Beijing,CN,2017-03-24,12:00:00,1490331600,3.6,1.4,5.9,11.4,70.0,9.3,0.42,China
Beijing,CN,2017-03-25,12:00:00,1490418000,7.5,0.2,13.8,18.8,325.0,0.2,0.0,China
Beijing,CN,2017-03-26,12:00:00,1490504400,8.8,3.9,14.1,24.3,327.0,0.0,0.0,China
Beijing,CN,2017-03-27,12:00:00,1490590800,8.0,1.1,13.9,19.2,336.0,0.0,0.0,China
Beijing,CN,2017-03-28,12:00:00,1490677200,9.6,3.2,15.9,21.9,208.0,0.0,0.0,China
Beijing,CN,2017-03-29,12:00:00,1490763600,11.3,3.1,19.0,16.1,215.0,0.0,0.0,China
Beijing,CN,2017-03-30,12:00:00,1490850000,11.1,7.1,15.4,23.7,56.0,0.2,0.0,China
Beijing,CN,2017-03-31,12:00:00,1490936400,10.6,3.9,18.4,23.2,331.0,0.0,0.0,China
Beijing,CN,2017-04-01,12:00:00,1491022800,12.7,4.8,21.3,22.1,45.0,0.0,0.0,China
Beijing,CN,2017-04-02,12:00:00,1491109200,13.3,3.8,22.2,12.5,29.0,0.0,0.0,China
Beijing,CN,2017-04-03,12:00:00,1491195600,16.0,5.8,25.5,23.4,199.0,0.0,0.0,China
Beijing,CN,2017-04-04,12:00:00,1491282000,16.3,12.4,20.0,22.0,206.0,0.0,0.0,China
Beijing,CN,2017-04-05,12:00:00,1491368400,15.2,11.1,20.6,20.5,177.0,0.0,0.0,China
Beijing,CN,2017-04-06,12:00:00,1491454800,15.4,6.0,24.5,20.3,98.0,0.0,0.0,China
Beijing,CN,2017-04-07,12:00:00,1491541200,15.7,11.1,22.0,18.7,148.0,0.0,0.0,China
Beijing,CN,2017-04-08,12:00:00,1491627600,15.2,9.3,19.6,20.4,73.0,0.0,0.0,China
Beijing,CN,2017-04-09,12:00:00,1491714000,12.5,6.5,18.2,13.8,201.0,0.0,0.0,China
Beijing,CN,2017-04-10,12:00:00,1491800400,13.9,6.9,20.4,23.3,216.0,0.0,0.0,China
Beijing,CN,2017-04-11,12:00:00,1491886800,15.0,9.3,20.7,33.4,350.0,0.0,0.0,China
Beijing,CN,2017-04-12,12:00:00,1491973200,15.1,5.5,24.2,20.6,349.0,0.0,0.0,China
Beijing,CN,2017-04-13,12:00:00,1492059600,13.7,5.6,21.1,21.1,211.0,0.0,0.0,China
Beijing,CN,2017-04-14,12:00:00,1492146000,18.0,7.6,27.8,24.7,238.0,0.0,0.0,China
Beijing,CN,2017-04-15,12:00:00,1492232400,20.8,10.8,30.1,17.1,246.0,0.0,0.0,China
Beijing,CN,2017-04-16,12:00:00,1492318800,20.6,13.9,27.1,20.7,152.0,0.0,0.0,China
Beijing,CN,2017-04-17,12:00:00,1492405200,18.4,9.6,26.8,21.3,331.0,0.1,0.0,China
Beijing,CN,2017-04-18,12:00:00,1492491600,16.4,10.2,22.0,30.2,336.0,0.0,0.0,China
Beijing,CN,2017-04-19,12:00:00,1492578000,13.3,7.9,17.6,18.5,330.0,0.3,0.0,China
Beijing,CN,2017-04-20,12:00:00,1492664400,14.6,5.5,21.8,18.3,329.0,0.0,0.0,China
Beijing,CN,2017-04-21,12:00:00,1492750800,15.6,9.2,20.9,21.9,334.0,0.0,0.0,China
Beijing,CN,2017-04-22,12:00:00,1492837200,18.5,8.6,26.5,34.6,212.0,0.0,0.0,China
Beijing,CN,2017-04-23,12:00:00,1492923600,17.7,11.8,24.9,28.1,28.0,0.0,0.0,China
Beijing,CN,2017-04-24,12:00:00,1493010000,16.6,9.7,22.2,33.4,344.0,0.0,0.0,China
Beijing,CN,2017-04-25,12:00:00,1493096400,14.6,9.8,19.6,24.9,339.0,0.0,0.0,China
Beijing,CN,2017-04-26,12:00:00,1493182800,16.3,8.3,23.4,25.7,338.0,0.0,0.0,China
Beijing,CN,2017-04-27,12:00:00,1493269200,18.7,9.2,27.9,24.3,315.0,0.0,0.0,China
Beijing,CN,2017-04-28,12:00:00,1493355600,22.9,13.2,31.3,27.3,337.0,0.0,0.0,China
Beijing,CN,2017-04-29,12:00:00,1493442000,25.1,13.8,34.5,24.3,265.0,0.0,0.0,China
Beijing,CN,2017-04-30,12:00:00,1493528400,23.0,16.2,30.0,23.1,170.0,0.0,0.0,China
Beijing,CN,2017-05-01,12:00:00,1493614800,20.3,11.7,28.3,17.3,121.0,0.0,0.0,China
Beijing,CN,2017-05-02,12:00:00,1493701200,21.8,13.9,30.1,25.8,170.0,0.0,0.0,China
Beijing,CN,2017-05-03,12:00:00,1493787600,21.3,16.7,26.4,25.4,216.0,0.1,0.0,China
Beijing,CN,2017-05-04,12:00:00,1493874000,19.5,14.0,25.5,24.6,275.0,0.0,0.0,China
Beijing,CN,2017-05-05,12:00:00,1493960400,16.7,14.3,19.4,46.8,276.0,0.0,0.0,China
Beijing,CN,2017-05-06,12:00:00,1494046800,20.4,9.9,28.6,29.1,277.0,0.0,0.0,China
Beijing,CN,2017-05-07,12:00:00,1494133200,22.4,13.3,30.2,21.5,223.0,0.0,0.0,China
Beijing,CN,2017-05-08,12:00:00,1494219600,23.3,15.6,29.8,27.0,215.0,0.0,0.0,China
Beijing,CN,2017-05-09,12:00:00,1494306000,21.9,15.5,28.6,27.5,188.0,0.0,0.0,China
Beijing,CN,2017-05-10,12:00:00,1494392400,22.1,12.9,30.8,21.9,278.0,0.0,0.0,China
Beijing,CN,2017-05-11,12:00:00,1494478800,22.0,14.4,29.5,35.8,338.0,0.0,0.0,China
Beijing,CN,2017-05-12,12:00:00,1494565200,21.2,11.4,29.8,31.4,224.0,0.0,0.0,China
Beijing,CN,2017-05-13,12:00:00,1494651600,20.6,13.0,27.5,38.2,335.0,0.0,0.0,China
Beijing,CN,2017-05-14,12:00:00,1494738000,21.9,14.4,28.1,21.4,11.0,0.0,0.0,China
Beijing,CN,2017-05-15,12:00:00,1494824400,21.0,14.0,27.3,17.0,111.0,0.0,0.0,China
Beijing,CN,2017-05-16,12:00:00,1494910800,23.8,15.7,31.5,28.7,207.0,0.0,0.0,China
Beijing,CN,2017-05-17,12:00:00,1494997200,25.0,16.1,32.8,15.2,188.0,0.0,0.0,China
Beijing,CN,2017-05-18,12:00:00,1495083600,27.0,18.0,35.0,21.9,203.0,0.0,0.0,China
Beijing,CN,2017-05-19,12:00:00,1495170000,28.5,20.1,35.9,20.6,210.0,0.0,0.0,China
Beijing,CN,2017-05-20,12:00:00,1495256400,27.8,19.4,34.7,20.6,198.0,0.0,0.0,China
Beijing,CN,2017-05-21,12:00:00,1495342800,24.8,19.5,31.5,22.5,112.0,0.6,0.0,China
Beijing,CN,2017-05-22,12:00:00,1495429200,17.8,15.7,20.3,22.0,30.0,14.4,0.0,China
Beijing,CN,2017-05-23,12:00:00,1495515600,20.4,12.1,27.7,23.4,241.0,0.0,0.0,China
Beijing,CN,2017-05-24,12:00:00,1495602000,23.8,12.8,32.8,23.1,247.0,0.0,0.0,China
Beijing,CN,2017-05-25,12:00:00,1495688400,23.6,18.5,28.6,23.4,152.0,0.0,0.0,China
Beijing,CN,2017-05-26,12:00:00,1495774800,21.3,13.4,29.2,15.0,165.0,0.0,0.0,China
Beijing,CN,2017-05-27,12:00:00,1495861200,24.1,16.0,32.3,14.0,86.0,0.0,0.0,China
Beijing,CN,2017-05-28,12:00:00,1495947600,27.2,17.9,35.9,24.0,62.0,0.0,0.0,China
Beijing,CN,2017-05-29,12:00:00,1496034000,23.1,20.6,24.6,19.7,93.0,1.8,0.0,China
Beijing,CN,2017-05-30,12:00:00,1496120400,22.4,18.0,27.2,13.3,185.0,1.7,0.0,China
Beijing,CN,2017-05-31,12:00:00,1496206800,24.7,15.6,33.8,26.7,223.0,0.4,0.0,China
Beijing,CN,2017-06-01,12:00:00,1496293200,24.4,17.1,30.7,21.7,142.0,0.0,0.0,China
Beijing,CN,2017-06-02,12:00:00,1496379600,19.3,15.0,21.7,27.4,89.0,0.5,0.0,China
Beijing,CN,2017-06-03,12:00:00,1496466000,20.9,12.7,27.9,19.1,204.0,0.0,0.0,China
Beijing,CN,2017-06-04,12:00:00,1496552400,24.1,15.2,31.8,16.8,213.0,0.0,0.0,China
Beijing,CN,2017-06-05,12:00:00,1496638800,25.0,19.1,30.5,20.6,184.0,0.0,0.0,China
Beijing,CN,2017-06-06,12:00:00,1496725200,18.9,16.2,22.0,18.8,202.0,2.6,0.0,China
Beijing,CN,2017-06-07,12:00:00,1496811600,22.1,13.5,31.4,18.4,236.0,0.0,0.0,China
Beijing,CN,2017-06-08,12:00:00,1496898000,25.5,15.6,34.0,18.1,250.0,0.0,0.0,China
Beijing,CN,2017-06-09,12:00:00,1496984400,27.7,16.6,37.9,34.4,207.0,0.0,0.0,China
Beijing,CN,2017-06-10,12:00:00,1497070800,24.5,19.1,30.0,19.6,128.0,0.0,0.0,China
Beijing,CN,2017-06-11,12:00:00,1497157200,24.0,16.6,31.4,11.8,129.0,0.0,0.0,China
Beijing,CN,2017-06-12,12:00:00,1497243600,23.7,17.8,28.9,23.4,89.0,0.1,0.0,China
Beijing,CN,2017-06-13,12:00:00,1497330000,22.9,18.7,28.0,13.1,194.0,0.5,0.0,China
Beijing,CN,2017-06-14,12:00:00,1497416400,26.8,16.4,35.5,21.1,231.0,0.0,0.0,China
Beijing,CN,2017-06-15,12:00:00,1497502800,29.9,20.4,38.2,23.3,218.0,0.0,0.0,China
Beijing,CN,2017-06-16,12:00:00,1497589200,31.1,23.5,38.0,26.6,210.0,0.0,0.0,China
Beijing,CN,2017-06-17,12:00:00,1497675600,29.8,24.3,34.5,32.5,210.0,2.3,0.0,China
Beijing,CN,2017-06-18,12:00:00,1497762000,29.2,24.6,35.7,22.7,205.0,1.0,0.0,China
Beijing,CN,2017-06-19,12:00:00,1497848400,27.7,21.3,33.7,14.9,95.0,2.4,0.0,China
Beijing,CN,2017-06-20,12:00:00,1497934800,27.2,20.7,33.4,18.2,55.0,1.2,0.0,China
Beijing,CN,2017-06-21,12:00:00,1498021200,25.9,22.2,32.5,20.2,155.0,5.9,0.0,China
Beijing,CN,2017-06-22,12:00:00,1498107600,21.2,19.8,22.5,12.3,101.0,34.6,0.0,China
Beijing,CN,2017-06-23,12:00:00,1498194000,20.5,19.3,23.0,18.7,29.0,34.8,0.0,China
Beijing,CN,2017-06-24,12:00:00,1498280400,22.1,18.5,25.8,20.0,15.0,8.0,0.0,China
Beijing,CN,2017-06-25,12:00:00,1498366800,23.9,17.3,29.8,9.0,7.0,1.8,0.0,China
Beijing,CN,2017-06-26,12:00:00,1498453200,26.6,19.7,32.7,14.1,217.0,0.0,0.0,China
Beijing,CN,2017-06-27,12:00:00,1498539600,27.7,20.7,35.0,16.3,190.0,0.0,0.0,China
Beijing,CN,2017-06-28,12:00:00,1498626000,28.3,21.5,35.9,21.7,194.0,0.0,0.0,China
Beijing,CN,2017-06-29,12:00:00,1498712400,28.4,23.2,34.7,17.3,174.0,0.4,0.0,China
Beijing,CN,2017-06-30,12:00:00,1498798800,30.0,24.3,36.7,14.5,205.0,0.0,0.0,China
Beijing,CN,2017-07-01,12:00:00,1498885200,30.5,24.9,36.5,19.0,199.0,2.2,0.0,China
Beijing,CN,2017-07-02,12:00:00,1498971600,29.4,24.4,35.1,21.7,135.0,0.4,0.0,China
Beijing,CN,2017-07-03,12:00:00,1499058000,29.1,23.6,35.1,20.5,129.0,1.5,0.0,China
Beijing,CN,2017-07-04,12:00:00,1499144400,26.9,23.7,31.7,15.8,135.0,19.9,0.0,China
Beijing,CN,2017-07-05,12:00:00,1499230800,26.8,22.8,31.4,13.8,104.0,3.4,0.0,China
Beijing,CN,2017-07-06,12:00:00,1499317200,24.2,22.8,26.3,19.3,106.0,64.4,0.0,China
Beijing,CN,2017-07-07,12:00:00,1499403600,27.4,22.5,32.6,23.4,224.0,34.9,0.0,China
Beijing,CN,2017-07-08,12:00:00,1499490000,27.8,22.9,32.9,14.5,74.0,0.0,0.0,China
Beijing,CN,2017-07-09,12:00:00,1499576400,29.5,25.9,34.5,15.8,332.0,0.0,0.0,China
Beijing,CN,2017-07-10,12:00:00,1499662800,29.0,22.8,35.6,12.8,240.0,0.0,0.0,China
Beijing,CN,2017-07-11,12:00:00,1499749200,29.0,21.6,35.8,16.1,257.0,0.0,0.0,China
Beijing,CN,2017-07-12,12:00:00,1499835600,30.2,24.1,36.6,16.2,192.0,0.0,0.0,China
Beijing,CN,2017-07-13,12:00:00,1499922000,32.1,26.6,37.2,18.4,193.0,1.5,0.0,China
Beijing,CN,2017-07-14,12:00:00,1500008400,28.8,24.0,35.2,12.8,35.0,44.7,0.0,China
Beijing,CN,2017-07-15,12:00:00,1500094800,26.3,23.5,29.8,18.7,345.0,32.6,0.0,China
Beijing,CN,2017-07-16,12:00:00,1500181200,28.7,24.0,33.2,11.4,95.0,0.2,0.0,China
Beijing,CN,2017-07-17,12:00:00,1500267600,27.9,23.9,31.8,10.7,162.0,0.3,0.0,China
Beijing,CN,2017-07-18,12:00:00,1500354000,27.9,25.5,31.4,13.1,194.0,1.8,0.0,China
Beijing,CN,2017-07-19,12:00:00,1500440400,28.4,25.0,32.0,11.9,189.0,0.3,0.0,China
Beijing,CN,2017-07-20,12:00:00,1500526800,29.4,25.4,33.7,19.9,195.0,4.1,0.0,China
Beijing,CN,2017-07-21,12:00:00,1500613200,23.7,22.1,26.7,20.2,68.0,70.2,0.0,China
Beijing,CN,2017-07-22,12:00:00,1500699600,24.6,22.8,26.6,8.3,8.0,0.8,0.0,China
Beijing,CN,2017-07-23,12:00:00,1500786000,25.7,23.5,28.4,11.2,200.0,5.3,0.0,China
Beijing,CN,2017-07-24,12:00:00,1500872400,26.2,23.5,29.4,15.8,6.0,0.4,0.0,China
Beijing,CN,2017-07-25,12:00:00,1500958800,26.5,23.3,29.7,12.2,189.0,0.8,0.0,China
Beijing,CN,2017-07-26,12:00:00,1501045200,21.6,19.2,23.1,13.8,2.0,11.5,0.0,China
Beijing,CN,2017-07-27,12:00:00,1501131600,22.4,18.8,25.8,10.2,220.0,0.0,0.0,China
Beijing,CN,2017-07-28,12:00:00,1501218000,25.5,21.7,29.5,10.8,204.0,0.0,0.0,China
Beijing,CN,2017-07-29,12:00:00,1501304400,23.6,19.6,27.6,24.6,214.0,0.0,0.0,China
Beijing,CN,2017-07-30,12:00:00,1501390800,23.8,18.2,29.1,11.2,199.0,0.0,0.0,China
Beijing,CN,2017-07-31,12:00:00,1501477200,25.6,20.1,30.8,9.3,149.0,0.0,0.0,China
Beijing,CN,2017-08-01,12:00:00,1501563600,26.6,22.1,30.4,12.8,151.0,1.1,0.0,China
Beijing,CN,2017-08-02,12:00:00,1501650000,26.0,24.0,29.8,13.9,53.0,35.9,0.0,China
Beijing,CN,2017-08-03,12:00:00,1501736400,28.6,24.5,32.9,17.3,251.0,4.3,0.0,China
Beijing,CN,2017-08-04,12:00:00,1501822800,28.7,23.6,34.9,13.7,339.0,0.0,0.0,China
Beijing,CN,2017-08-05,12:00:00,1501909200,27.4,22.5,33.1,13.0,10.0,4.0,0.0,China
Beijing,CN,2017-08-06,12:00:00,1501995600,27.6,23.2,32.3,18.5,281.0,0.1,0.0,China
Beijing,CN,2017-08-07,12:00:00,1502082000,27.7,22.5,33.3,15.2,324.0,0.0,0.0,China
Beijing,CN,2017-08-08,12:00:00,1502168400,27.1,22.3,32.2,15.1,13.0,1.6,0.0,China
Beijing,CN,2017-08-09,12:00:00,1502254800,24.9,22.4,27.6,12.4,48.0,8.6,0.0,China
Beijing,CN,2017-08-10,12:00:00,1502341200,26.4,21.5,32.0,13.8,206.0,0.1,0.0,China
Beijing,CN,2017-08-11,12:00:00,1502427600,27.6,23.3,33.0,18.5,176.0,3.9,0.0,China
Beijing,CN,2017-08-12,12:00:00,1502514000,24.4,22.2,28.5,16.2,34.0,23.5,0.0,China
Beijing,CN,2017-08-13,12:00:00,1502600400,24.2,21.8,28.0,11.6,13.0,9.7,0.0,China
Beijing,CN,2017-08-14,12:00:00,1502686800,25.4,22.2,29.4,11.2,84.0,2.1,0.0,China
Beijing,CN,2017-08-15,12:00:00,1502773200,25.6,21.5,29.3,10.9,213.0,0.0,0.0,China
Beijing,CN,2017-08-16,12:00:00,1502859600,24.0,21.7,27.4,19.6,60.0,8.9,0.0,China
Beijing,CN,2017-08-17,12:00:00,1502946000,24.9,20.8,28.8,12.0,49.0,0.1,0.0,China
Beijing,CN,2017-08-18,12:00:00,1503032400,24.0,21.0,27.5,9.2,34.0,14.8,0.0,China
Beijing,CN,2017-08-19,12:00:00,1503118800,24.1,21.4,27.6,11.7,48.0,6.9,0.0,China
Beijing,CN,2017-08-20,12:00:00,1503205200,25.0,21.3,28.8,9.0,214.0,1.2,0.0,China
Beijing,CN,2017-08-21,12:00:00,1503291600,26.9,23.1,31.3,11.3,207.0,0.1,0.0,China
Beijing,CN,2017-08-22,12:00:00,1503378000,25.4,23.5,28.6,14.8,18.0,13.1,0.0,China
Beijing,CN,2017-08-23,12:00:00,1503464400,26.7,23.6,32.0,20.0,272.0,21.1,0.0,China
Beijing,CN,2017-08-24,12:00:00,1503550800,25.5,19.5,30.5,27.7,324.0,0.0,0.0,China
Beijing,CN,2017-08-25,12:00:00,1503637200,23.3,16.5,30.4,15.4,320.0,0.0,0.0,China
Beijing,CN,2017-08-26,12:00:00,1503723600,22.3,17.9,26.3,19.3,284.0,0.0,0.0,China
Beijing,CN,2017-08-27,12:00:00,1503810000,18.5,16.9,22.8,29.2,205.0,18.2,0.0,China
Beijing,CN,2017-08-28,12:00:00,1503896400,20.7,15.3,26.5,20.1,15.0,0.6,0.0,China
Beijing,CN,2017-08-29,12:00:00,1503982800,20.2,14.6,25.0,23.0,213.0,0.0,0.0,China
Beijing,CN,2017-08-30,12:00:00,1504069200,20.7,15.1,25.9,15.0,209.0,0.0,0.0,China
Beijing,CN,2017-08-31,12:00:00,1504155600,22.0,17.9,26.2,12.2,210.0,0.2,0.0,China
Beijing,CN,2017-09-01,12:00:00,1504242000,22.0,17.8,26.8,14.0,224.0,0.0,0.0,China
Beijing,CN,2017-09-02,12:00:00,1504328400,22.7,18.6,26.5,20.6,203.0,0.2,0.0,China
Beijing,CN,2017-09-03,12:00:00,1504414800,22.0,17.0,26.9,20.6,204.0,0.0,0.0,China
Beijing,CN,2017-09-04,12:00:00,1504501200,22.7,18.1,27.0,16.4,199.0,0.0,0.0,China
Beijing,CN,2017-09-05,12:00:00,1504587600,23.9,19.6,29.3,15.0,277.0,0.0,0.0,China
Beijing,CN,2017-09-06,12:00:00,1504674000,22.7,17.2,28.8,11.9,301.0,0.0,0.0,China
Beijing,CN,2017-09-07,12:00:00,1504760400,23.3,16.8,29.5,10.0,228.0,0.0,0.0,China
Beijing,CN,2017-09-08,12:00:00,1504846800,24.5,19.1,30.7,10.7,65.0,0.0,0.0,China
Beijing,CN,2017-09-09,12:00:00,1504933200,24.8,21.2,29.6,12.4,102.0,0.0,0.0,China
Beijing,CN,2017-09-10,12:00:00,1505019600,23.1,20.0,26.3,9.5,287.0,1.4,0.0,China
Beijing,CN,2017-09-11,12:00:00,1505106000,22.1,17.9,27.3,20.8,348.0,0.0,0.0,China
Beijing,CN,2017-09-12,12:00:00,1505192400,22.2,14.7,27.9,12.6,3.0,0.0,0.0,China
Beijing,CN,2017-09-13,12:00:00,1505278800,23.6,18.4,29.5,11.4,7.0,0.0,0.0,China
Beijing,CN,2017-09-14,12:00:00,1505365200,23.8,18.5,28.4,16.8,200.0,0.0,0.0,China
Beijing,CN,2017-09-15,12:00:00,1505451600,22.3,18.3,27.9,9.6,224.0,0.0,0.0,China
Beijing,CN,2017-09-16,12:00:00,1505538000,22.0,16.9,28.2,17.0,296.0,0.3,0.0,China
Beijing,CN,2017-09-17,12:00:00,1505624400,21.6,16.0,27.1,17.1,329.0,0.0,0.0,China
Beijing,CN,2017-09-18,12:00:00,1505710800,21.4,14.1,29.0,14.7,276.0,0.0,0.0,China
Beijing,CN,2017-09-19,12:00:00,1505797200,22.3,16.0,29.0,15.7,342.0,0.0,0.0,China
Beijing,CN,2017-09-20,12:00:00,1505883600,19.7,13.8,26.9,12.0,23.0,0.0,0.0,China
Beijing,CN,2017-09-21,12:00:00,1505970000,20.9,13.0,28.7,18.0,217.0,0.0,0.0,China
Beijing,CN,2017-09-22,12:00:00,1506056400,20.8,16.6,26.7,21.6,301.0,0.0,0.0,China
Beijing,CN,2017-09-23,12:00:00,1506142800,19.8,11.6,26.7,16.5,201.0,0.0,0.0,China
Beijing,CN,2017-09-24,12:00:00,1506229200,22.6,17.0,28.7,17.8,23.0,0.0,0.0,China
Beijing,CN,2017-09-25,12:00:00,1506315600,22.1,18.4,26.5,14.8,39.0,0.4,0.0,China
Beijing,CN,2017-09-26,12:00:00,1506402000,19.1,13.3,22.7,26.2,11.0,2.0,0.0,China
Beijing,CN,2017-09-27,12:00:00,1506488400,16.2,12.4,21.5,18.6,205.0,0.0,0.0,China
Beijing,CN,2017-09-28,12:00:00,1506574800,15.3,8.8,21.4,21.4,255.0,0.0,0.0,China
Beijing,CN,2017-09-29,12:00:00,1506661200,16.5,8.9,23.6,21.9,225.0,0.0,0.0,China
Beijing,CN,2017-09-30,12:00:00,1506747600,19.0,12.6,27.0,18.4,191.0,0.0,0.0,China
Beijing,CN,2017-10-01,12:00:00,1506834000,20.4,15.7,24.7,21.3,21.0,0.0,0.0,China
Beijing,CN,2017-10-02,12:00:00,1506920400,14.4,11.4,17.1,13.8,69.0,0.8,0.0,China
Beijing,CN,2017-10-03,12:00:00,1507006800,14.8,10.8,19.2,16.1,275.0,0.0,0.0,China
Beijing,CN,2017-10-04,12:00:00,1507093200,14.5,9.2,21.2,21.3,208.0,0.0,0.0,China
Beijing,CN,2017-10-05,12:00:00,1507179600,14.5,9.4,19.9,17.9,202.0,0.0,0.0,China
Beijing,CN,2017-10-06,12:00:00,1507266000,16.1,10.5,22.0,14.4,202.0,0.0,0.0,China
Beijing,CN,2017-10-07,12:00:00,1507352400,15.4,12.3,18.5,9.1,206.0,1.6,0.0,China
Beijing,CN,2017-10-08,12:00:00,1507438800,15.4,13.1,17.7,9.2,349.0,11.5,0.0,China
Beijing,CN,2017-10-09,12:00:00,1507525200,12.7,10.5,14.4,23.0,7.0,34.7,0.0,China
Beijing,CN,2017-10-10,12:00:00,1507611600,9.9,8.0,11.3,17.3,0.0,9.5,0.0,China
Beijing,CN,2017-10-11,12:00:00,1507698000,10.3,5.8,15.2,12.9,294.0,0.0,0.0,China
Beijing,CN,2017-10-12,12:00:00,1507784400,9.6,5.8,14.4,9.1,12.0,0.4,0.0,China
Beijing,CN,2017-10-13,12:00:00,1507870800,10.4,4.5,17.4,10.0,354.0,0.0,0.0,China
Beijing,CN,2017-10-14,12:00:00,1507957200,9.8,7.8,12.9,14.2,15.0,3.5,0.0,China
Beijing,CN,2017-10-15,12:00:00,1508043600,11.9,8.5,17.4,10.8,344.0,0.4,0.0,China
Beijing,CN,2017-10-16,12:00:00,1508130000,11.6,6.7,16.3,14.2,5.0,0.0,0.0,China
Beijing,CN,2017-10-17,12:00:00,1508216400,12.2,8.0,16.2,9.8,327.0,1.9,0.0,China
Beijing,CN,2017-10-18,12:00:00,1508302800,12.3,9.8,15.3,11.2,206.0,6.3,0.0,China
Beijing,CN,2017-10-19,12:00:00,1508389200,12.4,8.2,18.3,11.1,227.0,0.0,0.0,China
Beijing,CN,2017-10-20,12:00:00,1508475600,13.2,8.1,19.1,12.3,241.0,0.0,0.0,China
Beijing,CN,2017-10-21,12:00:00,1508562000,13.9,10.6,17.4,16.2,61.0,0.3,0.0,China
Beijing,CN,2017-10-22,12:00:00,1508648400,11.6,9.9,14.2,8.3,129.0,0.9,0.0,China
Beijing,CN,2017-10-23,12:00:00,1508734800,10.8,6.8,15.1,13.5,204.0,0.0,0.0,China
Beijing,CN,2017-10-24,12:00:00,1508821200,10.7,5.4,17.1,15.6,225.0,0.0,0.0,China
Beijing,CN,2017-10-25,12:00:00,1508907600,10.6,7.2,13.8,10.2,351.0,0.0,0.0,China
Beijing,CN,2017-10-26,12:00:00,1508994000,11.0,7.4,15.8,7.4,334.0,0.0,0.0,China
Beijing,CN,2017-10-27,12:00:00,1509080400,12.2,7.7,18.6,9.7,289.0,0.0,0.0,China
Beijing,CN,2017-10-28,12:00:00,1509166800,10.6,6.6,13.5,33.4,354.0,0.0,0.0,China
Beijing,CN,2017-10-29,12:00:00,1509253200,6.7,2.1,12.5,23.6,315.0,0.0,0.0,China
Beijing,CN,2017-10-30,12:00:00,1509339600,6.6,0.9,13.2,12.2,250.0,0.0,0.0,China
Beijing,CN,2017-10-31,12:00:00,1509426000,7.0,1.9,13.0,10.4,251.0,0.0,0.0,China
Beijing,CN,2017-11-01,12:00:00,1509512400,9.7,4.8,16.9,15.9,1.0,0.0,0.0,China
Beijing,CN,2017-11-02,12:00:00,1509598800,10.4,4.8,18.5,21.7,355.0,0.0,0.0,China
Beijing,CN,2017-11-03,12:00:00,1509685200,6.0,1.8,10.7,19.3,17.0,0.0,0.0,China
Beijing,CN,2017-11-04,12:00:00,1509771600,5.1,-0.9,12.3,17.8,233.0,0.0,0.0,China
Beijing,CN,2017-11-05,12:00:00,1509858000,6.1,0.8,12.7,9.0,345.0,0.0,0.0,China
Beijing,CN,2017-11-06,12:00:00,1509944400,8.0,3.8,14.0,11.8,2.0,0.0,0.0,China
Beijing,CN,2017-11-07,12:00:00,1510030800,9.9,3.6,17.1,27.4,336.0,0.0,0.0,China
Beijing,CN,2017-11-08,12:00:00,1510117200,7.4,1.8,12.9,10.9,98.0,0.0,0.0,China
Beijing,CN,2017-11-09,12:00:00,1510203600,7.8,3.2,12.4,10.9,360.0,0.0,0.0,China
Beijing,CN,2017-11-10,12:00:00,1510290000,7.8,2.4,11.2,34.2,329.0,0.0,0.0,China
Beijing,CN,2017-11-11,12:00:00,1510376400,2.7,-2.7,7.6,14.2,218.0,0.0,0.0,China
Beijing,CN,2017-11-12,12:00:00,1510462800,2.7,-1.8,8.8,13.4,296.0,0.0,0.0,China
Beijing,CN,2017-11-13,12:00:00,1510549200,5.3,-0.1,10.7,30.4,330.0,0.0,0.0,China
Beijing,CN,2017-11-14,12:00:00,1510635600,1.6,-2.7,6.6,27.7,311.0,0.0,0.0,China
Beijing,CN,2017-11-15,12:00:00,1510722000,-1.0,-5.8,4.1,13.2,42.0,0.0,0.0,China
Beijing,CN,2017-11-16,12:00:00,1510808400,-0.2,-5.1,5.8,9.4,75.0,0.0,0.0,China
Beijing,CN,2017-11-17,12:00:00,1510894800,0.6,-3.7,4.0,31.8,6.0,0.0,0.0,China
Beijing,CN,2017-11-18,12:00:00,1510981200,-2.1,-6.1,2.2,24.5,220.0,0.0,0.0,China
Beijing,CN,2017-11-19,12:00:00,1511067600,-1.6,-5.9,4.9,13.9,306.0,0.0,0.0,China
Beijing,CN,2017-11-20,12:00:00,1511154000,0.1,-4.7,7.9,13.2,232.0,0.0,0.0,China
Beijing,CN,2017-11-21,12:00:00,1511240400,0.4,-5.4,6.0,22.5,301.0,0.0,0.0,China
Beijing,CN,2017-11-22,12:00:00,1511326800,1.5,-2.9,7.4,32.7,318.0,0.0,0.0,China
Beijing,CN,2017-11-23,12:00:00,1511413200,-0.4,-6.1,6.2,19.7,282.0,0.0,0.0,China
Beijing,CN,2017-11-24,12:00:00,1511499600,-0.2,-5.1,5.4,26.4,216.0,0.0,0.0,China
Beijing,CN,2017-11-25,12:00:00,1511586000,0.0,-4.6,6.4,11.5,351.0,0.0,0.0,China
Beijing,CN,2017-11-26,12:00:00,1511672400,-0.7,-3.2,2.5,28.8,32.0,0.0,0.0,China
Beijing,CN,2017-11-27,12:00:00,1511758800,-1.9,-5.5,4.2,9.0,8.0,0.0,0.0,China
Beijing,CN,2017-11-28,12:00:00,1511845200,-0.6,-4.4,5.4,34.4,336.0,0.0,0.0,China
Beijing,CN,2017-11-29,12:00:00,1511931600,-4.1,-6.5,-0.6,18.8,55.0,0.0,0.0,China
Beijing,CN,2017-11-30,12:00:00,1512018000,-3.0,-6.4,2.5,20.4,277.0,0.0,0.0,China
Beijing,CN,2017-12-01,12:00:00,1512104400,-2.2,-6.0,3.7,13.5,220.0,0.0,0.0,China
Beijing,CN,2017-12-02,12:00:00,1512190800,-2.2,-6.5,4.9,10.0,296.0,0.0,0.0,China
Beijing,CN,2017-12-03,12:00:00,1512277200,-0.6,-3.9,3.8,18.6,3.0,0.0,0.0,China
Beijing,CN,2017-12-04,12:00:00,1512363600,-2.9,-5.9,1.9,23.7,313.0,0.0,0.0,China
Beijing,CN,2017-12-05,12:00:00,1512450000,-1.3,-6.1,6.4,17.6,229.0,0.0,0.0,China
Beijing,CN,2017-12-06,12:00:00,1512536400,1.7,-3.3,8.1,20.4,335.0,0.0,0.0,China
Beijing,CN,2017-12-07,12:00:00,1512622800,-0.4,-4.6,4.0,28.3,355.0,0.0,0.0,China
Beijing,CN,2017-12-08,12:00:00,1512709200,-0.7,-4.6,5.5,14.1,220.0,0.0,0.0,China
Beijing,CN,2017-12-09,12:00:00,1512795600,0.8,-3.5,6.3,16.6,291.0,0.0,0.0,China
Beijing,CN,2017-12-10,12:00:00,1512882000,0.2,-4.1,2.9,28.1,336.0,0.0,0.0,China
Beijing,CN,2017-12-11,12:00:00,1512968400,-3.3,-6.5,0.2,21.0,14.0,0.0,0.0,China
Beijing,CN,2017-12-12,12:00:00,1513054800,-6.2,-7.9,-3.2,9.6,101.0,0.0,0.0,China
Beijing,CN,2017-12-13,12:00:00,1513141200,-5.2,-8.5,-1.5,7.1,86.0,0.0,0.0,China
Beijing,CN,2017-12-14,12:00:00,1513227600,-3.9,-5.8,0.1,11.4,187.0,0.0,0.0,China
Beijing,CN,2017-12-15,12:00:00,1513314000,-1.9,-5.2,2.2,20.9,347.0,0.0,0.0,China
Beijing,CN,2017-12-16,12:00:00,1513400400,-3.8,-5.8,-0.5,26.7,311.0,0.0,0.0,China
Beijing,CN,2017-12-17,12:00:00,1513486800,-2.8,-7.0,3.2,15.5,221.0,0.0,0.0,China
Beijing,CN,2017-12-18,12:00:00,1513573200,-0.2,-4.8,4.7,26.0,321.0,0.0,0.0,China
Beijing,CN,2017-12-19,12:00:00,1513659600,-1.7,-5.6,3.9,20.1,217.0,0.0,0.0,China
Beijing,CN,2017-12-20,12:00:00,1513746000,1.0,-3.7,6.6,17.6,308.0,0.0,0.0,China
Beijing,CN,2017-12-21,12:00:00,1513832400,-0.9,-4.6,5.7,12.1,212.0,0.0,0.0,China
Beijing,CN,2017-12-22,12:00:00,1513918800,0.4,-4.4,8.5,21.7,355.0,0.0,0.0,China
Beijing,CN,2017-12-23,12:00:00,1514005200,-0.7,-5.1,5.3,9.6,340.0,0.0,0.0,China
Beijing,CN,2017-12-24,12:00:00,1514091600,0.1,-3.9,4.4,32.6,339.0,0.0,0.0,China
Beijing,CN,2017-12-25,12:00:00,1514178000,-2.1,-5.2,3.4,18.2,208.0,0.0,0.0,China
Beijing,CN,2017-12-26,12:00:00,1514264400,-2.6,-5.0,1.5,15.6,94.0,0.0,0.0,China
Beijing,CN,2017-12-27,12:00:00,1514350800,-3.5,-6.2,1.2,9.7,19.0,0.0,0.0,China
Beijing,CN,2017-12-28,12:00:00,1514437200,-1.9,-5.7,3.1,10.9,10.0,0.0,0.0,China
Beijing,CN,2017-12-29,12:00:00,1514523600,-2.2,-6.1,3.8,9.0,15.0,0.0,0.0,China
Beijing,CN,2017-12-30,12:00:00,1514610000,-1.2,-6.3,5.8,27.5,315.0,0.0,0.0,China
Beijing,CN,2017-12-31,12:00:00,1514696400,-2.3,-6.0,3.5,9.9,258.0,0.0,0.0,China
Beijing,CN,2018-01-01,12:00:00,1514782800,-2.7,-5.7,2.5,14.7,41.0,0.0,0.0,China
Beijing,CN,2018-01-02,12:00:00,1514869200,-3.2,-7.5,1.3,20.2,38.0,0.0,0.0,China
Beijing,CN,2018-01-03,12:00:00,1514955600,-3.3,-6.3,1.2,20.4,10.0,0.0,0.0,China
Beijing,CN,2018-01-04,12:00:00,1515042000,-4.3,-6.3,-1.1,17.1,39.0,0.0,0.0,China
Beijing,CN,2018-01-05,12:00:00,1515128400,-3.7,-8.0,2.7,17.1,333.0,0.0,0.0,China
Beijing,CN,2018-01-06,12:00:00,1515214800,-2.4,-6.5,2.1,16.0,21.0,0.0,0.0,China
Beijing,CN,2018-01-07,12:00:00,1515301200,-1.1,-3.4,2.4,18.6,289.0,0.0,0.0,China
Beijing,CN,2018-01-08,12:00:00,1515387600,-2.8,-5.3,0.6,32.4,321.0,0.0,0.0,China
Beijing,CN,2018-01-09,12:00:00,1515474000,-3.8,-7.0,0.5,32.6,311.0,0.0,0.0,China
Beijing,CN,2018-01-10,12:00:00,1515560400,-5.7,-8.5,-1.6,26.9,345.0,0.0,0.0,China
Beijing,CN,2018-01-11,12:00:00,1515646800,-7.0,-10.2,-2.4,22.5,328.0,0.0,0.0,China
Beijing,CN,2018-01-12,12:00:00,1515733200,-4.8,-10.4,1.7,13.9,216.0,0.0,0.0,China
Beijing,CN,2018-01-13,12:00:00,1515819600,-3.5,-7.5,2.7,11.5,66.0,0.0,0.0,China
Beijing,CN,2018-01-14,12:00:00,1515906000,-1.1,-6.5,7.3,26.1,344.0,0.0,0.0,China
Beijing,CN,2018-01-15,12:00:00,1515992400,-2.4,-5.0,1.1,11.9,62.0,0.0,0.0,China
Beijing,CN,2018-01-16,12:00:00,1516078800,-1.2,-3.9,3.4,19.5,24.0,0.0,0.0,China
Beijing,CN,2018-01-17,12:00:00,1516165200,-1.3,-5.4,6.4,22.5,331.0,0.0,0.0,China
Beijing,CN,2018-01-18,12:00:00,1516251600,-2.8,-7.5,3.7,12.3,173.0,0.0,0.0,China
Beijing,CN,2018-01-19,12:00:00,1516338000,-1.3,-5.6,6.9,12.9,289.0,0.0,0.0,China
Beijing,CN,2018-01-20,12:00:00,1516424400,-1.4,-4.6,3.7,15.0,63.0,0.0,0.0,China
Beijing,CN,2018-01-21,12:00:00,1516510800,-3.4,-4.5,-1.0,9.7,70.0,0.0,0.0,China
Beijing,CN,2018-01-22,12:00:00,1516597200,-5.4,-10.4,-1.7,27.7,6.0,0.9,0.63,China
Beijing,CN,2018-01-23,12:00:00,1516683600,-10.4,-14.5,-5.1,17.7,315.0,0.0,0.0,China
Beijing,CN,2018-01-24,12:00:00,1516770000,-8.9,-13.0,-2.9,19.8,73.0,0.0,0.0,China
Beijing,CN,2018-01-25,12:00:00,1516856400,-8.3,-11.7,-4.7,20.4,57.0,0.0,0.0,China
Beijing,CN,2018-01-26,12:00:00,1516942800,-8.7,-13.0,-4.9,13.8,87.0,0.0,0.0,China
Beijing,CN,2018-01-27,12:00:00,1517029200,-6.8,-11.7,-2.7,9.2,176.0,0.0,0.0,China
Beijing,CN,2018-01-28,12:00:00,1517115600,-7.2,-11.9,-1.5,24.1,336.0,0.0,0.0,China
Beijing,CN,2018-01-29,12:00:00,1517202000,-4.8,-9.4,0.9,21.6,301.0,0.0,0.0,China
Beijing,CN,2018-01-30,12:00:00,1517288400,-2.1,-7.1,4.0,20.6,317.0,0.0,0.0,China
Beijing,CN,2018-01-31,12:00:00,1517374800,-2.6,-6.0,2.5,13.4,300.0,0.0,0.0,China
Beijing,CN,2018-02-01,12:00:00,1517461200,-2.0,-6.7,4.1,22.8,345.0,0.0,0.0,China
Beijing,CN,2018-02-02,12:00:00,1517547600,-4.9,-7.6,-1.6,26.3,345.0,0.0,0.0,China
Beijing,CN,2018-02-03,12:00:00,1517634000,-4.8,-8.9,0.5,22.0,346.0,0.0,0.0,China
Beijing,CN,2018-02-04,12:00:00,1517720400,-4.3,-9.9,3.4,21.4,327.0,0.0,0.0,China
Beijing,CN,2018-02-05,12:00:00,1517806800,-4.6,-8.1,-0.5,23.2,3.0,0.0,0.0,China
Beijing,CN,2018-02-06,12:00:00,1517893200,-5.0,-10.3,1.1,17.3,200.0,0.0,0.0,China
Beijing,CN,2018-02-07,12:00:00,1517979600,-4.0,-6.8,0.4,34.0,351.0,0.0,0.0,China
Beijing,CN,2018-02-08,12:00:00,1518066000,-4.3,-9.3,1.5,22.1,196.0,0.0,0.0,China
Beijing,CN,2018-02-09,12:00:00,1518152400,-3.0,-7.4,2.2,35.4,325.0,0.0,0.0,China
Beijing,CN,2018-02-10,12:00:00,1518238800,-5.4,-8.6,-1.2,32.6,314.0,0.0,0.0,China
Beijing,CN,2018-02-11,12:00:00,1518325200,-5.1,-8.4,-1.2,33.4,314.0,0.0,0.0,China
Beijing,CN,2018-02-12,12:00:00,1518411600,-2.2,-7.6,5.2,25.4,255.0,0.0,0.0,China
Beijing,CN,2018-02-13,12:00:00,1518498000,-0.6,-5.8,6.3,11.7,6.0,0.0,0.0,China
Beijing,CN,2018-02-14,12:00:00,1518584400,1.1,-2.6,5.3,22.5,20.0,0.0,0.0,China
Beijing,CN,2018-02-15,12:00:00,1518670800,-1.6,-6.6,4.6,17.6,192.0,0.0,0.0,China
Beijing,CN,2018-02-16,12:00:00,1518757200,-0.4,-4.9,6.4,22.7,349.0,0.0,0.0,China
Beijing,CN,2018-02-17,12:00:00,1518843600,-2.0,-6.7,4.3,9.5,39.0,0.0,0.0,China
Beijing,CN,2018-02-18,12:00:00,1518930000,-0.1,-5.2,7.6,14.0,83.0,0.0,0.0,China
Beijing,CN,2018-02-19,12:00:00,1519016400,-0.0,-4.5,6.5,12.3,54.0,0.0,0.0,China
Beijing,CN,2018-02-20,12:00:00,1519102800,0.6,-3.8,5.2,17.3,28.0,0.0,0.0,China
Beijing,CN,2018-02-21,12:00:00,1519189200,0.0,-5.6,7.4,12.0,324.0,0.0,0.0,China
Beijing,CN,2018-02-22,12:00:00,1519275600,1.0,-5.5,8.2,12.6,311.0,0.0,0.0,China
Beijing,CN,2018-02-23,12:00:00,1519362000,2.0,-4.6,10.6,18.9,24.0,0.0,0.0,China
Beijing,CN,2018-02-24,12:00:00,1519448400,-1.6,-4.9,2.6,15.9,162.0,0.0,0.0,China
Beijing,CN,2018-02-25,12:00:00,1519534800,-1.7,-6.8,5.8,11.9,182.0,0.0,0.0,China
Beijing,CN,2018-02-26,12:00:00,1519621200,2.1,-3.6,10.1,13.0,19.0,0.0,0.0,China
Beijing,CN,2018-02-27,12:00:00,1519707600,2.0,-1.4,5.8,15.6,88.0,0.0,0.0,China
Beijing,CN,2018-02-28,12:00:00,1519794000,2.6,-2.4,7.9,29.8,308.0,0.8,0.49,China
Beijing,CN,2018-03-01,12:00:00,1519880400,1.1,-5.0,7.5,21.5,243.0,0.0,0.0,China
Beijing,CN,2018-03-02,12:00:00,1519966800,2.0,-4.3,9.4,13.0,170.0,0.0,0.0,China
Beijing,CN,2018-03-03,12:00:00,1520053200,4.2,-2.0,11.5,11.0,26.0,0.0,0.0,China
Beijing,CN,2018-03-04,12:00:00,1520139600,5.1,-0.5,8.1,22.8,123.0,0.0,0.0,China
Beijing,CN,2018-03-05,12:00:00,1520226000,0.4,-5.1,7.2,24.2,170.0,0.0,0.0,China
Beijing,CN,2018-03-06,12:00:00,1520312400,-0.7,-5.3,5.7,24.3,129.0,0.0,0.0,China
Beijing,CN,2018-03-07,12:00:00,1520398800,-1.5,-4.7,3.5,14.1,82.0,0.4,0.28,China
Beijing,CN,2018-03-08,12:00:00,1520485200,0.1,-5.3,6.0,16.9,179.0,0.0,0.0,China
Beijing,CN,2018-03-09,12:00:00,1520571600,1.8,-4.5,9.3,14.8,207.0,0.0,0.0,China
Beijing,CN,2018-03-10,12:00:00,1520658000,4.4,-1.6,12.8,18.5,108.0,0.0,0.0,China
Beijing,CN,2018-03-11,12:00:00,1520744400,2.2,-4.3,9.4,11.0,111.0,0.0,0.0,China
Beijing,CN,2018-03-12,12:00:00,1520830800,5.0,-2.5,13.7,10.3,10.0,0.0,0.0,China
Beijing,CN,2018-03-13,12:00:00,1520917200,10.2,1.6,20.0,10.5,357.0,0.0,0.0,China
Beijing,CN,2018-03-14,12:00:00,1521003600,11.8,6.5,19.2,16.3,26.0,0.0,0.0,China
Beijing,CN,2018-03-15,12:00:00,1521090000,8.3,2.0,12.1,29.3,32.0,0.2,0.0,China
Beijing,CN,2018-03-16,12:00:00,1521176400,3.3,-2.4,9.0,19.4,192.0,0.0,0.0,China
Beijing,CN,2018-03-17,12:00:00,1521262800,1.6,-0.2,4.4,11.2,148.0,2.2,1.54,China
Beijing,CN,2018-03-18,12:00:00,1521349200,4.7,-1.2,12.2,8.8,141.0,0.0,0.0,China
Beijing,CN,2018-03-19,12:00:00,1521435600,7.4,0.9,14.2,16.8,63.0,0.0,0.0,China
Beijing,CN,2018-03-20,12:00:00,1521522000,5.2,1.1,9.4,13.5,174.0,0.0,0.0,China
Beijing,CN,2018-03-21,12:00:00,1521608400,4.3,-3.9,12.0,16.9,201.0,0.0,0.0,China
Beijing,CN,2018-03-22,12:00:00,1521694800,8.1,-0.9,17.4,16.2,206.0,0.0,0.0,China
Beijing,CN,2018-03-23,12:00:00,1521781200,10.8,3.3,19.4,15.5,1.0,0.1,0.0,China
Beijing,CN,2018-03-24,12:00:00,1521867600,12.9,4.0,21.4,19.1,251.0,0.0,0.0,China
Beijing,CN,2018-03-25,12:00:00,1521954000,14.9,4.4,24.9,17.8,228.0,0.0,0.0,China
Beijing,CN,2018-03-26,12:00:00,1522040400,16.3,8.3,24.6,17.8,221.0,0.0,0.0,China
Beijing,CN,2018-03-27,12:00:00,1522126800,16.9,7.2,28.2,15.8,350.0,0.0,0.0,China
Beijing,CN,2018-03-28,12:00:00,1522213200,17.7,11.8,24.3,18.1,93.0,0.0,0.0,China
Beijing,CN,2018-03-29,12:00:00,1522299600,13.3,6.4,20.3,21.5,148.0,0.0,0.0,China
Beijing,CN,2018-03-30,12:00:00,1522386000,11.6,5.5,18.2,19.1,166.0,0.0,0.0,China
Beijing,CN,2018-03-31,12:00:00,1522472400,15.3,6.3,24.5,14.1,61.0,0.0,0.0,China
Beijing,CN,2018-04-01,12:00:00,1522558800,17.7,8.0,27.5,24.1,202.0,0.0,0.0,China
Beijing,CN,2018-04-02,12:00:00,1522645200,19.1,9.6,27.7,25.9,24.0,0.0,0.0,China
Beijing,CN,2018-04-03,12:00:00,1522731600,9.2,3.3,16.4,31.0,35.0,0.5,0.0,China
Beijing,CN,2018-04-04,12:00:00,1522818000,3.7,0.0,9.8,14.7,174.0,7.8,4.97,China
Beijing,CN,2018-04-05,12:00:00,1522904400,4.1,-0.4,9.7,21.2,220.0,0.6,0.28,China
Beijing,CN,2018-04-06,12:00:00,1522990800,6.2,3.2,10.3,40.0,325.0,0.0,0.0,China
Beijing,CN,2018-04-07,12:00:00,1523077200,5.8,-0.4,12.6,17.4,276.0,0.0,0.0,China
Beijing,CN,2018-04-08,12:00:00,1523163600,10.0,0.8,18.9,16.9,199.0,0.0,0.0,China
Beijing,CN,2018-04-09,12:00:00,1523250000,11.9,3.1,20.0,14.3,123.0,0.0,0.0,China
Beijing,CN,2018-04-10,12:00:00,1523336400,15.1,6.0,23.4,40.2,320.0,0.0,0.0,China
Beijing,CN,2018-04-11,12:00:00,1523422800,15.8,6.3,25.3,19.8,247.0,0.0,0.0,China
Beijing,CN,2018-04-12,12:00:00,1523509200,15.4,9.4,22.8,24.2,87.0,0.0,0.0,China
Beijing,CN,2018-04-13,12:00:00,1523595600,10.8,9.3,12.0,21.6,176.0,4.4,0.0,China
Beijing,CN,2018-04-14,12:00:00,1523682000,12.5,5.0,18.2,36.2,324.0,0.0,0.0,China
Beijing,CN,2018-04-15,12:00:00,1523768400,13.5,4.5,20.8,22.7,226.0,0.0,0.0,China
Beijing,CN,2018-04-16,12:00:00,1523854800,15.0,5.8,23.4,25.4,203.0,0.0,0.0,China
Beijing,CN,2018-04-17,12:00:00,1523941200,17.2,9.9,24.3,20.4,198.0,0.0,0.0,China
Beijing,CN,2018-04-18,12:00:00,1524027600,18.9,11.5,26.8,18.7,208.0,0.0,0.0,China
Beijing,CN,2018-04-19,12:00:00,1524114000,21.2,14.5,29.6,25.8,108.0,0.0,0.0,China
Beijing,CN,2018-04-20,12:00:00,1524200400,21.1,12.7,29.3,23.1,169.0,0.0,0.0,China
Beijing,CN,2018-04-21,12:00:00,1524286800,15.4,11.6,19.9,25.5,27.0,34.6,0.0,China
Beijing,CN,2018-04-22,12:00:00,1524373200,12.4,10.8,14.0,19.4,8.0,1.6,0.0,China
Beijing,CN,2018-04-23,12:00:00,1524459600,14.3,11.1,17.8,15.6,19.0,0.0,0.0,China
Beijing,CN,2018-04-24,12:00:00,1524546000,16.2,9.5,22.6,17.6,356.0,0.0,0.0,China
Beijing,CN,2018-04-25,12:00:00,1524632400,17.0,8.3,24.6,18.9,216.0,0.0,0.0,China
Beijing,CN,2018-04-26,12:00:00,1524718800,18.3,9.9,26.6,17.7,277.0,0.0,0.0,China
Beijing,CN,2018-04-27,12:00:00,1524805200,19.1,12.5,24.5,26.3,205.0,0.0,0.0,China
Beijing,CN,2018-04-28,12:00:00,1524891600,20.0,11.7,28.1,18.1,207.0,0.0,0.0,China
Beijing,CN,2018-04-29,12:00:00,1524978000,22.3,15.3,29.4,17.2,218.0,0.8,0.0,China
Beijing,CN,2018-04-30,12:00:00,1525064400,19.9,15.6,24.4,20.9,138.0,0.0,0.0,China
Beijing,CN,2018-05-01,12:00:00,1525150800,18.2,13.0,23.6,23.5,26.0,0.0,0.0,China
Beijing,CN,2018-05-02,12:00:00,1525237200,17.8,11.2,23.4,19.8,331.0,0.5,0.0,China
Beijing,CN,2018-05-03,12:00:00,1525323600,17.4,10.9,23.8,24.6,343.0,0.0,0.0,China
Beijing,CN,2018-05-04,12:00:00,1525410000,18.6,9.8,26.7,18.4,210.0,0.0,0.0,China
Beijing,CN,2018-05-05,12:00:00,1525496400,21.1,16.5,26.8,25.2,26.0,0.5,0.0,China
Beijing,CN,2018-05-06,12:00:00,1525582800,20.5,11.8,27.6,22.9,201.0,0.0,0.0,China
Beijing,CN,2018-05-07,12:00:00,1525669200,20.5,14.8,26.6,21.7,145.0,0.0,0.0,China
Beijing,CN,2018-05-08,12:00:00,1525755600,19.0,11.8,25.7,18.8,174.0,0.0,0.0,China
Beijing,CN,2018-05-09,12:00:00,1525842000,20.2,11.6,27.9,23.7,188.0,0.0,0.0,China
Beijing,CN,2018-05-10,12:00:00,1525928400,21.1,14.6,27.0,18.3,196.0,0.0,0.0,China
Beijing,CN,2018-05-11,12:00:00,1526014800,21.2,18.1,24.7,15.1,176.0,0.0,0.0,China
Beijing,CN,2018-05-12,12:00:00,1526101200,19.8,14.5,28.0,20.3,220.0,4.0,0.0,China
Beijing,CN,2018-05-13,12:00:00,1526187600,21.4,14.1,29.3,18.6,184.0,0.0,0.0,China
Beijing,CN,2018-05-14,12:00:00,1526274000,25.2,17.2,33.3,21.0,176.0,0.0,0.0,China
Beijing,CN,2018-05-15,12:00:00,1526360400,24.9,19.5,29.8,20.2,178.0,1.8,0.0,China
Beijing,CN,2018-05-16,12:00:00,1526446800,24.4,21.0,29.1,11.2,93.0,0.6,0.0,China
Beijing,CN,2018-05-17,12:00:00,1526533200,21.4,18.5,23.4,12.9,73.0,3.2,0.0,China
Beijing,CN,2018-05-18,12:00:00,1526619600,22.3,18.0,27.6,14.8,157.0,0.0,0.0,China
Beijing,CN,2018-05-19,12:00:00,1526706000,21.2,15.1,28.0,18.5,212.0,0.4,0.0,China
Beijing,CN,2018-05-20,12:00:00,1526792400,18.3,17.2,19.8,12.1,157.0,0.4,0.0,China
Beijing,CN,2018-05-21,12:00:00,1526878800,16.1,14.9,17.5,14.2,128.0,3.2,0.0,China
Beijing,CN,2018-05-22,12:00:00,1526965200,19.0,13.9,25.8,28.6,316.0,0.6,0.0,China
Beijing,CN,2018-05-23,12:00:00,1527051600,20.2,9.5,29.4,34.6,218.0,0.0,0.0,China
Beijing,CN,2018-05-24,12:00:00,1527138000,23.9,15.8,31.3,22.5,205.0,0.0,0.0,China
Beijing,CN,2018-05-25,12:00:00,1527224400,24.3,17.1,31.4,22.7,205.0,0.0,0.0,China
Beijing,CN,2018-05-26,12:00:00,1527310800,25.1,19.2,32.2,27.5,254.0,0.0,0.0,China
Beijing,CN,2018-05-27,12:00:00,1527397200,25.3,15.9,32.7,30.6,222.0,0.0,0.0,China
Beijing,CN,2018-05-28,12:00:00,1527483600,24.0,18.3,28.7,35.2,349.0,0.0,0.0,China
Beijing,CN,2018-05-29,12:00:00,1527570000,23.8,15.2,31.2,23.5,325.0,0.0,0.0,China
Beijing,CN,2018-05-30,12:00:00,1527656400,25.3,16.3,32.2,14.0,2.0,0.0,0.0,China
Beijing,CN,2018-05-31,12:00:00,1527742800,26.6,16.7,35.3,19.8,199.0,0.0,0.0,China
Beijing,CN,2018-06-01,12:00:00,1527829200,28.6,19.2,36.1,24.5,217.0,0.0,0.0,China
Beijing,CN,2018-06-02,12:00:00,1527915600,28.4,20.5,35.5,25.6,196.0,0.0,0.0,China
Beijing,CN,2018-06-03,12:00:00,1528002000,25.2,22.3,28.3,20.5,220.0,0.6,0.0,China
Beijing,CN,2018-06-04,12:00:00,1528088400,27.4,16.7,35.3,32.6,208.0,0.0,0.0,China
Beijing,CN,2018-06-05,12:00:00,1528174800,30.5,19.2,40.0,38.6,214.0,0.0,0.0,China
Beijing,CN,2018-06-06,12:00:00,1528261200,28.5,20.9,33.4,25.5,356.0,0.0,0.0,China
Beijing,CN,2018-06-07,12:00:00,1528347600,27.2,23.0,32.5,16.2,103.0,0.0,0.0,China
Beijing,CN,2018-06-08,12:00:00,1528434000,26.4,19.8,32.0,18.1,292.0,0.0,0.0,China
Beijing,CN,2018-06-09,12:00:00,1528520400,21.2,17.9,24.1,18.6,242.0,7.0,0.0,China
Beijing,CN,2018-06-10,12:00:00,1528606800,21.2,15.1,28.2,22.1,146.0,0.3,0.0,China
Beijing,CN,2018-06-11,12:00:00,1528693200,22.5,16.1,29.3,16.6,190.0,0.0,0.0,China
Beijing,CN,2018-06-12,12:00:00,1528779600,24.5,17.4,31.2,12.4,169.0,0.1,0.0,China
Beijing,CN,2018-06-13,12:00:00,1528866000,21.2,18.2,25.4,18.7,44.0,8.9,0.0,China
Beijing,CN,2018-06-14,12:00:00,1528952400,23.3,16.2,30.3,14.8,171.0,0.0,0.0,China
Beijing,CN,2018-06-15,12:00:00,1529038800,24.0,18.3,30.2,26.0,141.0,0.0,0.0,China
Beijing,CN,2018-06-16,12:00:00,1529125200,24.9,18.7,31.5,19.2,150.0,0.4,0.0,China
Beijing,CN,2018-06-17,12:00:00,1529211600,25.4,21.9,30.4,17.0,190.0,0.5,0.0,China
Beijing,CN,2018-06-18,12:00:00,1529298000,26.5,21.0,31.9,18.3,200.0,0.6,0.0,China
Beijing,CN,2018-06-19,12:00:00,1529384400,26.5,21.4,32.0,16.1,75.0,0.2,0.0,China
Beijing,CN,2018-06-20,12:00:00,1529470800,28.0,20.5,35.3,20.4,221.0,0.0,0.0,China
Beijing,CN,2018-06-21,12:00:00,1529557200,28.5,21.6,35.4,19.7,93.0,0.0,0.0,China
Beijing,CN,2018-06-22,12:00:00,1529643600,27.5,21.6,33.9,26.6,222.0,0.0,0.0,China
Beijing,CN,2018-06-23,12:00:00,1529730000,30.0,21.4,37.5,18.2,193.0,0.0,0.0,China
Beijing,CN,2018-06-24,12:00:00,1529816400,31.8,26.1,37.4,22.7,187.0,0.0,0.0,China
Beijing,CN,2018-06-25,12:00:00,1529902800,29.6,23.6,36.8,17.8,158.0,3.2,0.0,China
Beijing,CN,2018-06-26,12:00:00,1529989200,29.0,23.2,35.5,26.3,205.0,0.3,0.0,China
Beijing,CN,2018-06-27,12:00:00,1530075600,31.9,22.9,38.6,27.7,333.0,0.0,0.0,China
Beijing,CN,2018-06-28,12:00:00,1530162000,30.8,25.4,35.3,24.5,357.0,0.0,0.0,China
Beijing,CN,2018-06-29,12:00:00,1530248400,31.7,22.5,39.4,17.5,163.0,0.0,0.0,China
Beijing,CN,2018-06-30,12:00:00,1530334800,29.5,22.4,37.4,21.9,134.0,0.2,0.0,China
Beijing,CN,2018-07-01,12:00:00,1530421200,28.1,22.7,34.4,18.9,132.0,0.0,0.0,China
Beijing,CN,2018-07-02,12:00:00,1530507600,27.6,23.2,33.1,19.5,163.0,0.8,0.0,China
Beijing,CN,2018-07-03,12:00:00,1530594000,26.8,23.1,30.8,12.5,129.0,3.1,0.0,China
Beijing,CN,2018-07-04,12:00:00,1530680400,29.5,23.3,35.4,10.0,198.0,0.0,0.0,China
Beijing,CN,2018-07-05,12:00:00,1530766800,30.0,24.9,35.8,17.8,51.0,0.4,0.0,China
Beijing,CN,2018-07-06,12:00:00,1530853200,29.4,24.3,35.3,21.2,140.0,0.0,0.0,China
Beijing,CN,2018-07-07,12:00:00,1530939600,26.7,23.1,31.5,19.8,151.0,5.1,0.0,China
Beijing,CN,2018-07-08,12:00:00,1531026000,26.5,23.0,30.6,13.0,153.0,21.5,0.0,China
Beijing,CN,2018-07-09,12:00:00,1531112400,24.9,22.8,27.2,14.7,132.0,3.7,0.0,China
Beijing,CN,2018-07-10,12:00:00,1531198800,25.1,21.8,29.4,11.6,148.0,1.1,0.0,China
Beijing,CN,2018-07-11,12:00:00,1531285200,22.9,21.1,24.0,12.8,150.0,22.5,0.0,China
Beijing,CN,2018-07-12,12:00:00,1531371600,23.1,20.5,27.1,9.1,343.0,6.2,0.0,China
Beijing,CN,2018-07-13,12:00:00,1531458000,25.4,22.5,29.2,8.4,79.0,5.1,0.0,China
Beijing,CN,2018-07-14,12:00:00,1531544400,27.3,24.0,31.0,9.9,167.0,0.8,0.0,China
Beijing,CN,2018-07-15,12:00:00,1531630800,28.3,23.7,33.1,12.6,167.0,2.2,0.0,China
Beijing,CN,2018-07-16,12:00:00,1531717200,26.7,24.8,30.8,15.6,160.0,27.9,0.0,China
Beijing,CN,2018-07-17,12:00:00,1531803600,25.4,23.6,28.0,16.3,130.0,38.0,0.0,China
Beijing,CN,2018-07-18,12:00:00,1531890000,27.1,23.4,32.2,17.8,159.0,3.6,0.0,China
Beijing,CN,2018-07-19,12:00:00,1531976400,27.9,24.2,32.6,15.1,140.0,11.9,0.0,China
Beijing,CN,2018-07-20,12:00:00,1532062800,29.5,25.3,33.3,21.9,188.0,0.3,0.0,China
Beijing,CN,2018-07-21,12:00:00,1532149200,30.6,26.9,34.4,19.1,193.0,3.5,0.0,China
Beijing,CN,2018-07-22,12:00:00,1532235600,28.4,24.6,32.9,10.5,34.0,10.8,0.0,China
Beijing,CN,2018-07-23,12:00:00,1532322000,28.3,24.5,32.7,14.0,67.0,3.9,0.0,China
Beijing,CN,2018-07-24,12:00:00,1532408400,27.4,24.7,31.1,23.9,331.0,40.8,0.0,China
Beijing,CN,2018-07-25,12:00:00,1532494800,28.2,23.3,32.6,18.8,3.0,20.3,0.0,China
Beijing,CN,2018-07-26,12:00:00,1532581200,28.3,23.9,32.7,14.3,63.0,0.0,0.0,China
Beijing,CN,2018-07-27,12:00:00,1532667600,27.3,24.6,30.2,15.1,139.0,1.2,0.0,China
Beijing,CN,2018-07-28,12:00:00,1532754000,28.3,24.4,32.0,9.3,171.0,0.4,0.0,China
Beijing,CN,2018-07-29,12:00:00,1532840400,29.0,24.8,32.9,8.3,145.0,0.1,0.0,China
Beijing,CN,2018-07-30,12:00:00,1532926800,29.9,25.6,34.0,12.0,153.0,0.4,0.0,China
Beijing,CN,2018-07-31,12:00:00,1533013200,30.0,25.5,34.9,12.2,205.0,0.0,0.0,China
Beijing,CN,2018-08-01,12:00:00,1533099600,30.8,25.7,35.4,9.1,212.0,0.0,0.0,China
Beijing,CN,2018-08-02,12:00:00,1533186000,30.9,26.8,35.1,10.2,176.0,0.5,0.0,China
Beijing,CN,2018-08-03,12:00:00,1533272400,31.1,26.3,35.8,14.8,197.0,0.0,0.0,China
Beijing,CN,2018-08-04,12:00:00,1533358800,30.7,26.2,35.5,12.2,183.0,0.0,0.0,China
Beijing,CN,2018-08-05,12:00:00,1533445200,29.4,25.4,33.4,15.6,88.0,11.3,0.0,China
Beijing,CN,2018-08-06,12:00:00,1533531600,26.2,24.4,29.4,14.0,17.0,15.3,0.0,China
Beijing,CN,2018-08-07,12:00:00,1533618000,27.6,25.2,30.8,7.9,54.0,5.5,0.0,China
Beijing,CN,2018-08-08,12:00:00,1533704400,26.3,24.3,28.2,12.6,26.0,18.1,0.0,China
Beijing,CN,2018-08-09,12:00:00,1533790800,26.8,22.8,31.1,10.1,212.0,0.0,0.0,China
Beijing,CN,2018-08-10,12:00:00,1533877200,28.0,23.4,32.7,10.6,203.0,0.0,0.0,China
Beijing,CN,2018-08-11,12:00:00,1533963600,26.8,25.0,29.4,12.1,125.0,9.7,0.0,China
Beijing,CN,2018-08-12,12:00:00,1534050000,26.1,23.4,29.9,13.8,108.0,90.2,0.0,China
Beijing,CN,2018-08-13,12:00:00,1534136400,26.6,23.5,31.4,11.5,29.0,33.2,0.0,China
Beijing,CN,2018-08-14,12:00:00,1534222800,26.2,23.9,30.6,16.6,34.0,4.6,0.0,China
Beijing,CN,2018-08-15,12:00:00,1534309200,27.8,24.4,32.0,25.3,12.0,0.0,0.0,China
Beijing,CN,2018-08-16,12:00:00,1534395600,26.1,22.5,30.2,14.8,13.0,0.0,0.0,China
Beijing,CN,2018-08-17,12:00:00,1534482000,25.7,21.6,29.8,8.1,194.0,0.0,0.0,China
Beijing,CN,2018-08-18,12:00:00,1534568400,24.3,22.7,26.6,18.7,9.0,0.5,0.0,China
Beijing,CN,2018-08-19,12:00:00,1534654800,24.0,21.5,26.7,14.5,57.0,1.4,0.0,China
Beijing,CN,2018-08-20,12:00:00,1534741200,25.7,20.9,30.3,14.7,271.0,0.0,0.0,China
Beijing,CN,2018-08-21,12:00:00,1534827600,27.0,23.6,31.1,23.5,348.0,0.0,0.0,China
Beijing,CN,2018-08-22,12:00:00,1534914000,24.8,21.9,27.7,14.5,225.0,0.0,0.0,China
Beijing,CN,2018-08-23,12:00:00,1535000400,25.0,19.8,30.4,11.5,6.0,0.0,0.0,China
Beijing,CN,2018-08-24,12:00:00,1535086800,25.1,20.0,30.0,11.7,15.0,0.0,0.0,China
Beijing,CN,2018-08-25,12:00:00,1535173200,25.5,19.4,31.0,20.3,206.0,0.0,0.0,China
Beijing,CN,2018-08-26,12:00:00,1535259600,26.9,22.1,30.7,17.0,191.0,0.2,0.0,China
Beijing,CN,2018-08-27,12:00:00,1535346000,26.7,22.3,31.5,16.3,142.0,0.3,0.0,China
Beijing,CN,2018-08-28,12:00:00,1535432400,26.0,21.3,30.6,10.2,30.0,0.0,0.0,China
Beijing,CN,2018-08-29,12:00:00,1535518800,25.8,21.6,30.3,19.4,16.0,0.0,0.0,China
Beijing,CN,2018-08-30,12:00:00,1535605200,22.3,19.8,25.5,9.4,224.0,8.0,0.0,China
Beijing,CN,2018-08-31,12:00:00,1535691600,23.7,18.6,29.1,12.5,76.0,0.0,0.0,China
Beijing,CN,2018-09-01,12:00:00,1535778000,23.8,19.2,28.3,16.0,171.0,1.1,0.0,China
Beijing,CN,2018-09-02,12:00:00,1535864400,23.8,19.9,28.4,15.8,190.0,10.4,0.0,China
Beijing,CN,2018-09-03,12:00:00,1535950800,24.4,19.1,29.4,28.7,339.0,0.0,0.0,China
Beijing,CN,2018-09-04,12:00:00,1536037200,24.4,17.8,30.8,18.7,295.0,0.0,0.0,China
Beijing,CN,2018-09-05,12:00:00,1536123600,24.7,18.0,31.0,19.6,242.0,0.0,0.0,China
Beijing,CN,2018-09-06,12:00:00,1536210000,22.6,18.6,25.8,35.3,325.0,0.0,0.0,China
Beijing,CN,2018-09-07,12:00:00,1536296400,22.1,17.7,27.4,21.1,330.0,0.0,0.0,China
Beijing,CN,2018-09-08,12:00:00,1536382800,20.1,14.1,25.9,15.2,19.0,0.0,0.0,China
Beijing,CN,2018-09-09,12:00:00,1536469200,20.3,13.6,27.4,16.3,211.0,0.0,0.0,China
Beijing,CN,2018-09-10,12:00:00,1536555600,21.6,14.4,28.1,18.4,221.0,0.0,0.0,China
Beijing,CN,2018-09-11,12:00:00,1536642000,22.1,17.7,27.4,21.2,190.0,0.1,0.0,China
Beijing,CN,2018-09-12,12:00:00,1536728400,21.7,16.0,28.2,17.5,189.0,0.0,0.0,China
Beijing,CN,2018-09-13,12:00:00,1536814800,22.6,16.5,28.2,13.5,210.0,0.0,0.0,China
Beijing,CN,2018-09-14,12:00:00,1536901200,23.5,19.3,28.9,14.5,233.0,0.0,0.0,China
Beijing,CN,2018-09-15,12:00:00,1536987600,21.6,18.0,24.7,28.8,357.0,0.0,0.0,China
Beijing,CN,2018-09-16,12:00:00,1537074000,20.0,15.9,25.6,18.0,340.0,0.0,0.0,China
Beijing,CN,2018-09-17,12:00:00,1537160400,19.1,12.4,25.3,12.6,354.0,0.2,0.0,China
Beijing,CN,2018-09-18,12:00:00,1537246800,19.7,15.9,23.7,12.3,233.0,0.0,0.0,China
Beijing,CN,2018-09-19,12:00:00,1537333200,18.2,14.2,21.9,9.0,357.0,0.0,0.0,China
Beijing,CN,2018-09-20,12:00:00,1537419600,19.3,13.5,25.7,16.9,217.0,0.0,0.0,China
Beijing,CN,2018-09-21,12:00:00,1537506000,19.3,14.2,25.1,24.6,342.0,0.0,0.0,China
Beijing,CN,2018-09-22,12:00:00,1537592400,18.1,12.2,23.4,23.7,319.0,0.0,0.0,China
Beijing,CN,2018-09-23,12:00:00,1537678800,17.5,9.2,23.6,31.4,328.0,0.0,0.0,China
Beijing,CN,2018-09-24,12:00:00,1537765200,16.6,10.2,22.7,12.8,39.0,0.0,0.0,China
Beijing,CN,2018-09-25,12:00:00,1537851600,16.7,9.5,23.2,15.5,191.0,0.0,0.0,China
Beijing,CN,2018-09-26,12:00:00,1537938000,18.2,14.3,23.6,10.5,201.0,0.0,0.0,China
Beijing,CN,2018-09-27,12:00:00,1538024400,17.0,11.9,21.5,16.4,198.0,6.9,0.0,China
Beijing,CN,2018-09-28,12:00:00,1538110800,17.0,10.2,24.3,23.4,257.0,0.2,0.0,China
Beijing,CN,2018-09-29,12:00:00,1538197200,14.7,10.4,20.3,31.8,335.0,0.0,0.0,China
Beijing,CN,2018-09-30,12:00:00,1538283600,14.2,6.6,19.2,33.2,321.0,0.5,0.0,China
Beijing,CN,2018-10-01,12:00:00,1538370000,18.9,12.2,24.9,32.8,332.0,0.0,0.0,China
Beijing,CN,2018-10-02,12:00:00,1538456400,17.4,11.5,24.4,15.8,338.0,0.0,0.0,China
Beijing,CN,2018-10-03,12:00:00,1538542800,17.4,10.8,25.0,12.7,3.0,0.0,0.0,China
Beijing,CN,2018-10-04,12:00:00,1538629200,17.1,10.1,25.5,11.3,74.0,0.0,0.0,China
Beijing,CN,2018-10-05,12:00:00,1538715600,17.4,11.1,24.9,21.4,4.0,0.0,0.0,China
Beijing,CN,2018-10-06,12:00:00,1538802000,16.1,11.4,19.8,30.6,345.0,0.0,0.0,China
Beijing,CN,2018-10-07,12:00:00,1538888400,13.9,6.5,21.2,16.2,268.0,0.0,0.0,China
Beijing,CN,2018-10-08,12:00:00,1538974800,14.4,8.3,20.8,21.7,1.0,0.0,0.0,China
Beijing,CN,2018-10-09,12:00:00,1539061200,11.8,7.3,15.5,29.0,349.0,0.0,0.0,China
Beijing,CN,2018-10-10,12:00:00,1539147600,9.2,3.0,16.2,18.1,357.0,0.0,0.0,China
Beijing,CN,2018-10-11,12:00:00,1539234000,10.5,3.5,16.8,16.6,328.0,0.0,0.0,China
Beijing,CN,2018-10-12,12:00:00,1539320400,11.4,5.5,19.1,12.4,230.0,0.0,0.0,China
Beijing,CN,2018-10-13,12:00:00,1539406800,12.6,5.6,19.9,11.9,354.0,0.0,0.0,China
Beijing,CN,2018-10-14,12:00:00,1539493200,13.7,7.5,20.6,10.9,359.0,0.0,0.0,China
Beijing,CN,2018-10-15,12:00:00,1539579600,13.4,11.1,17.3,15.5,13.0,4.8,0.0,China
Beijing,CN,2018-10-16,12:00:00,1539666000,13.0,9.1,18.6,17.8,15.0,3.4,0.0,China
Beijing,CN,2018-10-17,12:00:00,1539752400,10.5,5.9,16.5,14.7,14.0,0.0,0.0,China
Beijing,CN,2018-10-18,12:00:00,1539838800,10.0,4.0,16.9,11.4,357.0,0.0,0.0,China
Beijing,CN,2018-10-19,12:00:00,1539925200,10.5,4.8,18.1,11.2,276.0,0.0,0.0,China
Beijing,CN,2018-10-20,12:00:00,1540011600,10.5,4.1,18.2,13.7,210.0,0.0,0.0,China
Beijing,CN,2018-10-21,12:00:00,1540098000,11.4,5.6,17.6,9.0,40.0,0.0,0.0,China
Beijing,CN,2018-10-22,12:00:00,1540184400,11.3,5.6,19.0,11.8,322.0,0.1,0.0,China
Beijing,CN,2018-10-23,12:00:00,1540270800,11.6,4.8,19.2,17.5,225.0,0.0,0.0,China
Beijing,CN,2018-10-24,12:00:00,1540357200,11.9,5.5,20.3,11.3,54.0,0.0,0.0,China
Beijing,CN,2018-10-25,12:00:00,1540443600,11.0,6.3,17.0,35.6,346.0,0.7,0.0,China
Beijing,CN,2018-10-26,12:00:00,1540530000,9.0,5.4,12.1,36.8,313.0,0.0,0.0,China
Beijing,CN,2018-10-27,12:00:00,1540616400,9.8,1.3,18.4,24.3,278.0,0.0,0.0,China
Beijing,CN,2018-10-28,12:00:00,1540702800,11.1,5.2,17.4,33.9,322.0,0.0,0.0,China
Beijing,CN,2018-10-29,12:00:00,1540789200,8.7,2.8,14.9,21.3,345.0,0.0,0.0,China
Beijing,CN,2018-10-30,12:00:00,1540875600,8.7,3.8,16.0,15.2,8.0,0.0,0.0,China
Beijing,CN,2018-10-31,12:00:00,1540962000,8.0,1.5,15.1,13.4,18.0,0.0,0.0,China
Beijing,CN,2018-11-01,12:00:00,1541048400,8.7,3.0,16.6,11.1,218.0,0.0,0.0,China
Beijing,CN,2018-11-02,12:00:00,1541134800,9.4,2.6,17.3,11.7,103.0,0.0,0.0,China
Beijing,CN,2018-11-03,12:00:00,1541221200,9.6,3.5,17.4,15.2,215.0,0.0,0.0,China
Beijing,CN,2018-11-04,12:00:00,1541307600,7.7,5.6,10.4,24.8,12.0,5.5,0.0,China
Beijing,CN,2018-11-05,12:00:00,1541394000,5.3,0.5,9.5,10.4,38.0,0.0,0.0,China
Beijing,CN,2018-11-06,12:00:00,1541480400,5.7,2.0,9.9,17.1,9.0,0.0,0.0,China
Beijing,CN,2018-11-07,12:00:00,1541566800,5.2,-0.6,11.3,11.2,247.0,0.0,0.0,China
Beijing,CN,2018-11-08,12:00:00,1541653200,6.8,3.0,12.7,14.3,250.0,0.0,0.0,China
Beijing,CN,2018-11-09,12:00:00,1541739600,7.9,1.6,14.3,22.4,338.0,0.0,0.0,China
Beijing,CN,2018-11-10,12:00:00,1541826000,6.0,-0.9,10.8,11.4,26.0,0.0,0.0,China
Beijing,CN,2018-11-11,12:00:00,1541912400,7.8,2.4,14.0,12.0,264.0,0.0,0.0,China
Beijing,CN,2018-11-12,12:00:00,1541998800,6.8,1.3,13.8,11.0,282.0,0.0,0.0,China
Beijing,CN,2018-11-13,12:00:00,1542085200,6.5,1.6,13.4,11.3,49.0,0.0,0.0,China
Beijing,CN,2018-11-14,12:00:00,1542171600,7.7,3.4,13.9,9.7,44.0,0.0,0.0,China
Beijing,CN,2018-11-15,12:00:00,1542258000,7.2,3.3,9.4,25.6,6.0,0.9,0.0,China
Beijing,CN,2018-11-16,12:00:00,1542344400,2.7,-1.1,7.8,20.0,351.0,0.0,0.0,China
Beijing,CN,2018-11-17,12:00:00,1542430800,3.5,-0.3,9.7,9.9,211.0,0.0,0.0,China
Beijing,CN,2018-11-18,12:00:00,1542517200,3.5,-2.5,10.2,28.8,321.0,0.0,0.0,China
Beijing,CN,2018-11-19,12:00:00,1542603600,2.1,-2.8,8.5,10.7,11.0,0.0,0.0,China
Beijing,CN,2018-11-20,12:00:00,1542690000,3.9,-0.7,9.8,18.3,18.0,0.0,0.0,China
Beijing,CN,2018-11-21,12:00:00,1542776400,3.2,-0.8,7.3,15.9,21.0,0.0,0.0,China
Beijing,CN,2018-11-22,12:00:00,1542862800,1.2,-4.6,7.7,11.5,30.0,0.0,0.0,China
Beijing,CN,2018-11-23,12:00:00,1542949200,1.3,-2.9,7.3,13.3,10.0,0.0,0.0,China
Beijing,CN,2018-11-24,12:00:00,1543035600,2.5,-2.8,9.3,14.2,251.0,0.0,0.0,China
Beijing,CN,2018-11-25,12:00:00,1543122000,3.0,-2.5,10.6,11.6,311.0,0.0,0.0,China
Beijing,CN,2018-11-26,12:00:00,1543208400,1.8,-3.2,8.3,13.8,315.0,0.0,0.0,China
Beijing,CN,2018-11-27,12:00:00,1543294800,4.8,-0.9,9.1,26.8,329.0,0.0,0.0,China
Beijing,CN,2018-11-28,12:00:00,1543381200,-0.0,-4.6,6.7,11.1,25.0,0.0,0.0,China
Beijing,CN,2018-11-29,12:00:00,1543467600,0.1,-3.6,6.3,12.2,77.0,0.0,0.0,China
Beijing,CN,2018-11-30,12:00:00,1543554000,0.2,-4.3,6.7,10.5,334.0,0.0,0.0,China
Beijing,CN,2018-12-01,12:00:00,1543640400,1.2,-3.8,6.9,11.9,51.0,0.3,0.0,China
Beijing,CN,2018-12-02,12:00:00,1543726800,4.3,2.1,9.0,8.0,4.0,1.0,0.0,China
Beijing,CN,2018-12-03,12:00:00,1543813200,3.7,-0.8,7.0,25.9,11.0,0.0,0.0,China
Beijing,CN,2018-12-04,12:00:00,1543899600,-1.2,-5.5,3.1,24.3,339.0,0.0,0.0,China
Beijing,CN,2018-12-05,12:00:00,1543986000,-2.6,-6.6,2.1,11.2,77.0,0.0,0.0,China
Beijing,CN,2018-12-06,12:00:00,1544072400,-4.7,-8.4,-1.7,23.3,357.0,0.0,0.0,China
Beijing,CN,2018-12-07,12:00:00,1544158800,-7.6,-9.8,-5.4,26.0,318.0,0.0,0.0,China
Beijing,CN,2018-12-08,12:00:00,1544245200,-7.3,-10.4,-1.7,17.1,292.0,0.0,0.0,China
Beijing,CN,2018-12-09,12:00:00,1544331600,-6.4,-9.7,-1.5,10.7,188.0,0.0,0.0,China
Beijing,CN,2018-12-10,12:00:00,1544418000,-5.7,-10.4,-0.6,8.4,6.0,0.0,0.0,China
Beijing,CN,2018-12-11,12:00:00,1544504400,-5.3,-7.2,-2.0,28.6,341.0,0.0,0.0,China
Beijing,CN,2018-12-12,12:00:00,1544590800,-4.8,-8.3,0.1,16.4,226.0,0.0,0.0,China
Beijing,CN,2018-12-13,12:00:00,1544677200,-2.4,-5.9,3.3,17.1,347.0,0.0,0.0,China
Beijing,CN,2018-12-14,12:00:00,1544763600,-4.3,-8.9,2.6,13.0,188.0,0.0,0.0,China
Beijing,CN,2018-12-15,12:00:00,1544850000,-4.0,-8.6,1.3,10.2,261.0,0.0,0.0,China
Beijing,CN,2018-12-16,12:00:00,1544936400,-0.8,-6.5,7.1,13.0,289.0,0.0,0.0,China
Beijing,CN,2018-12-17,12:00:00,1545022800,0.5,-3.1,7.0,12.2,242.0,0.0,0.0,China
Beijing,CN,2018-12-18,12:00:00,1545109200,0.9,-4.0,7.4,26.6,337.0,0.0,0.0,China
Beijing,CN,2018-12-19,12:00:00,1545195600,0.4,-4.0,7.6,17.4,9.0,0.0,0.0,China
Beijing,CN,2018-12-20,12:00:00,1545282000,-0.6,-4.9,5.7,9.7,95.0,0.0,0.0,China
Beijing,CN,2018-12-21,12:00:00,1545368400,0.6,-4.5,7.9,12.4,285.0,0.0,0.0,China
Beijing,CN,2018-12-22,12:00:00,1545454800,2.5,-2.2,7.1,19.7,349.0,0.0,0.0,China
Beijing,CN,2018-12-23,12:00:00,1545541200,-4.0,-7.0,-0.7,25.9,334.0,0.0,0.0,China
Beijing,CN,2018-12-24,12:00:00,1545627600,-5.2,-8.6,0.4,10.0,205.0,0.0,0.0,China
Beijing,CN,2018-12-25,12:00:00,1545714000,-2.3,-7.3,2.5,22.0,5.0,0.0,0.0,China
Beijing,CN,2018-12-26,12:00:00,1545800400,-5.8,-8.1,-3.2,25.3,44.0,0.0,0.0,China
Beijing,CN,2018-12-27,12:00:00,1545886800,-9.7,-11.8,-7.1,27.4,351.0,0.0,0.0,China
Beijing,CN,2018-12-28,12:00:00,1545973200,-9.8,-13.7,-3.8,17.8,347.0,0.0,0.0,China
Beijing,CN,2018-12-29,12:00:00,1546059600,-7.3,-11.6,-2.1,16.0,350.0,0.0,0.0,China
Beijing,CN,2018-12-30,12:00:00,1546146000,-7.3,-11.2,-3.5,12.1,25.0,0.0,0.0,China
Beijing,CN,2018-12-31,12:00:00,1546232400,-6.8,-10.7,-2.5,9.1,30.0,0.0,0.0,China
Beijing,CN,2019-01-01,12:00:00,1546318800,-5.9,-10.8,0.2,15.4,347.0,0.0,0.0,China
Beijing,CN,2019-01-02,12:00:00,1546405200,-5.4,-10.2,-0.4,10.8,18.0,0.0,0.0,China
Beijing,CN,2019-01-03,12:00:00,1546491600,-4.7,-9.2,0.6,11.2,4.0,0.0,0.0,China
Beijing,CN,2019-01-04,12:00:00,1546578000,-3.3,-6.2,1.8,26.8,360.0,0.0,0.0,China
Beijing,CN,2019-01-05,12:00:00,1546664400,-4.0,-8.2,-0.4,18.1,16.0,0.0,0.0,China
Beijing,CN,2019-01-06,12:00:00,1546750800,-4.8,-9.8,0.8,11.3,213.0,0.0,0.0,China
Beijing,CN,2019-01-07,12:00:00,1546837200,-3.7,-7.8,1.8,18.2,5.0,0.0,0.0,China
Beijing,CN,2019-01-08,12:00:00,1546923600,-4.2,-7.0,0.9,19.5,3.0,0.0,0.0,China
Beijing,CN,2019-01-09,12:00:00,1547010000,-4.7,-10.2,1.7,15.9,219.0,0.0,0.0,China
Beijing,CN,2019-01-10,12:00:00,1547096400,-3.3,-9.1,4.5,13.8,233.0,0.0,0.0,China
Beijing,CN,2019-01-11,12:00:00,1547182800,-1.3,-4.5,4.6,9.7,6.0,0.0,0.0,China
Beijing,CN,2019-01-12,12:00:00,1547269200,-2.8,-7.3,4.9,14.6,291.0,0.0,0.0,China
Beijing,CN,2019-01-13,12:00:00,1547355600,-0.9,-5.2,5.6,18.8,359.0,0.0,0.0,China
Beijing,CN,2019-01-14,12:00:00,1547442000,-1.7,-8.4,4.8,31.3,322.0,0.0,0.0,China
Beijing,CN,2019-01-15,12:00:00,1547528400,-5.8,-8.2,-1.7,37.4,341.0,0.0,0.0,China
Beijing,CN,2019-01-16,12:00:00,1547614800,-4.8,-10.7,1.1,15.3,217.0,0.0,0.0,China
Beijing,CN,2019-01-17,12:00:00,1547701200,-1.7,-6.4,4.7,14.2,247.0,0.0,0.0,China
Beijing,CN,2019-01-18,12:00:00,1547787600,-1.2,-6.0,6.8,15.6,344.0,0.0,0.0,China
Beijing,CN,2019-01-19,12:00:00,1547874000,-0.1,-3.0,4.6,22.8,17.0,0.0,0.0,China
Beijing,CN,2019-01-20,12:00:00,1547960400,-0.9,-4.6,4.5,24.1,331.0,0.0,0.0,China
Beijing,CN,2019-01-21,12:00:00,1548046800,0.4,-5.4,8.0,17.6,304.0,0.0,0.0,China
Beijing,CN,2019-01-22,12:00:00,1548133200,2.4,-2.0,10.2,19.0,338.0,0.0,0.0,China
Beijing,CN,2019-01-23,12:00:00,1548219600,1.6,-3.1,8.8,14.9,45.0,0.0,0.0,China
Beijing,CN,2019-01-24,12:00:00,1548306000,-1.2,-4.9,5.3,14.1,25.0,0.0,0.0,China
Beijing,CN,2019-01-25,12:00:00,1548392400,-0.3,-3.3,4.7,25.6,355.0,0.0,0.0,China
Beijing,CN,2019-01-26,12:00:00,1548478800,-1.9,-6.0,3.4,17.8,46.0,0.0,0.0,China
Beijing,CN,2019-01-27,12:00:00,1548565200,0.4,-4.5,8.4,27.8,316.0,0.0,0.0,China
Beijing,CN,2019-01-28,12:00:00,1548651600,-0.4,-3.7,5.7,15.5,301.0,0.0,0.0,China
Beijing,CN,2019-01-29,12:00:00,1548738000,-1.1,-5.1,5.0,11.1,221.0,0.0,0.0,China
Beijing,CN,2019-01-30,12:00:00,1548824400,0.2,-3.3,2.9,27.0,11.0,0.0,0.0,China
Beijing,CN,2019-01-31,12:00:00,1548910800,-3.7,-7.5,1.4,19.1,308.0,0.0,0.0,China
Beijing,CN,2019-02-01,12:00:00,1548997200,-3.0,-7.6,4.3,12.4,197.0,0.0,0.0,China
Beijing,CN,2019-02-02,12:00:00,1549083600,-1.9,-5.6,1.8,10.4,77.0,0.1,0.07,China
Beijing,CN,2019-02-03,12:00:00,1549170000,1.2,-4.6,8.5,25.8,338.0,0.0,0.0,China
Beijing,CN,2019-02-04,12:00:00,1549256400,-2.4,-6.5,3.6,12.2,45.0,0.0,0.0,China
Beijing,CN,2019-02-05,12:00:00,1549342800,-1.6,-5.4,3.9,12.5,66.0,0.0,0.0,China
Beijing,CN,2019-02-06,12:00:00,1549429200,-3.7,-6.0,-0.6,23.8,58.0,0.0,0.0,China
Beijing,CN,2019-02-07,12:00:00,1549515600,-7.1,-11.0,-2.9,26.9,12.0,0.0,0.0,China
Beijing,CN,2019-02-08,12:00:00,1549602000,-5.3,-8.0,-1.6,27.4,110.0,0.0,0.0,China
Beijing,CN,2019-02-09,12:00:00,1549688400,-5.3,-8.6,-1.8,28.5,15.0,0.0,0.0,China
Beijing,CN,2019-02-10,12:00:00,1549774800,-5.5,-8.8,-1.1,15.0,141.0,0.0,0.0,China
Beijing,CN,2019-02-11,12:00:00,1549861200,-3.7,-10.0,2.6,20.9,19.0,0.0,0.0,China
Beijing,CN,2019-02-12,12:00:00,1549947600,-4.1,-7.2,-2.2,16.5,71.0,0.6,0.49,China
Beijing,CN,2019-02-13,12:00:00,1550034000,-4.9,-8.5,-0.3,16.6,38.0,0.0,0.0,China
Beijing,CN,2019-02-14,12:00:00,1550120400,-4.1,-6.2,-1.7,17.0,176.0,0.9,0.63,China
Beijing,CN,2019-02-15,12:00:00,1550206800,-3.6,-7.7,1.2,29.5,324.0,0.0,0.0,China
Beijing,CN,2019-02-16,12:00:00,1550293200,-3.4,-8.1,3.0,19.9,350.0,0.0,0.0,China
Beijing,CN,2019-02-17,12:00:00,1550379600,-2.2,-7.2,4.6,17.3,321.0,0.0,0.0,China
Beijing,CN,2019-02-18,12:00:00,1550466000,-0.5,-4.6,4.0,8.6,27.0,0.0,0.0,China
Beijing,CN,2019-02-19,12:00:00,1550552400,1.0,-2.9,7.2,15.3,241.0,0.2,0.14,China
Beijing,CN,2019-02-20,12:00:00,1550638800,0.4,-4.3,7.5,16.1,328.0,0.0,0.0,China
Beijing,CN,2019-02-21,12:00:00,1550725200,1.1,-4.5,10.0,12.9,254.0,0.0,0.0,China
Beijing,CN,2019-02-22,12:00:00,1550811600,3.1,-3.0,10.7,10.6,349.0,0.0,0.0,China
Beijing,CN,2019-02-23,12:00:00,1550898000,4.0,-3.4,12.0,14.1,222.0,0.0,0.0,China
Beijing,CN,2019-02-24,12:00:00,1550984400,4.4,-2.3,12.3,17.2,23.0,0.0,0.0,China
Beijing,CN,2019-02-25,12:00:00,1551070800,3.5,-1.5,10.8,12.2,67.0,0.0,0.0,China
Beijing,CN,2019-02-26,12:00:00,1551157200,3.5,-2.6,10.3,12.7,127.0,0.0,0.0,China
Beijing,CN,2019-02-27,12:00:00,1551243600,4.2,-4.1,11.9,14.5,257.0,0.0,0.0,China
Beijing,CN,2019-02-28,12:00:00,1551330000,5.5,-2.4,13.8,13.2,311.0,0.0,0.0,China
Beijing,CN,2019-03-01,12:00:00,1551416400,6.7,-0.1,14.7,13.9,354.0,0.0,0.0,China
Beijing,CN,2019-03-02,12:00:00,1551502800,7.7,0.5,16.4,21.6,221.0,0.0,0.0,China
Beijing,CN,2019-03-03,12:00:00,1551589200,7.7,-0.4,15.8,17.4,219.0,0.0,0.0,China
Beijing,CN,2019-03-04,12:00:00,1551675600,8.5,0.4,16.8,13.4,23.0,0.0,0.0,China
Beijing,CN,2019-03-05,12:00:00,1551762000,9.5,0.9,17.0,27.7,347.0,0.0,0.0,China
Beijing,CN,2019-03-06,12:00:00,1551848400,6.3,0.6,10.5,32.9,345.0,0.0,0.0,China
Beijing,CN,2019-03-07,12:00:00,1551934800,4.7,-3.7,12.9,15.5,245.0,0.0,0.0,China
Beijing,CN,2019-03-08,12:00:00,1552021200,6.0,-1.0,13.8,19.5,205.0,0.0,0.0,China
Beijing,CN,2019-03-09,12:00:00,1552107600,8.0,2.4,13.8,12.7,332.0,0.0,0.0,China
Beijing,CN,2019-03-10,12:00:00,1552194000,7.1,1.4,12.9,17.2,18.0,2.3,0.0,China
Beijing,CN,2019-03-11,12:00:00,1552280400,8.0,-1.8,16.0,35.1,322.0,0.0,0.0,China
Beijing,CN,2019-03-12,12:00:00,1552366800,5.6,-2.1,11.0,28.1,318.0,0.0,0.0,China
Beijing,CN,2019-03-13,12:00:00,1552453200,7.8,-0.8,16.6,25.6,308.0,0.0,0.0,China
Beijing,CN,2019-03-14,12:00:00,1552539600,8.0,-0.4,15.7,29.0,326.0,0.2,0.0,China
Beijing,CN,2019-03-15,12:00:00,1552626000,8.0,2.4,14.7,26.8,7.0,0.0,0.0,China
Beijing,CN,2019-03-16,12:00:00,1552712400,9.4,-0.1,20.0,29.0,2.0,0.0,0.0,China
Beijing,CN,2019-03-17,12:00:00,1552798800,11.2,1.3,20.4,26.1,204.0,0.0,0.0,China
Beijing,CN,2019-03-18,12:00:00,1552885200,12.6,4.7,21.6,14.0,220.0,0.0,0.0,China
Beijing,CN,2019-03-19,12:00:00,1552971600,14.8,3.9,25.1,21.8,212.0,0.0,0.0,China
Beijing,CN,2019-03-20,12:00:00,1553058000,15.6,10.8,20.9,29.1,238.0,3.0,0.0,China
Beijing,CN,2019-03-21,12:00:00,1553144400,7.8,3.9,12.5,29.5,346.0,0.0,0.0,China
Beijing,CN,2019-03-22,12:00:00,1553230800,6.9,-2.7,14.6,29.3,321.0,0.0,0.0,China
Beijing,CN,2019-03-23,12:00:00,1553317200,6.5,0.6,12.6,25.8,297.0,0.0,0.0,China
Beijing,CN,2019-03-24,12:00:00,1553403600,9.9,-0.5,20.7,22.6,221.0,0.0,0.0,China
Beijing,CN,2019-03-25,12:00:00,1553490000,12.3,2.3,21.3,27.2,333.0,0.0,0.0,China
Beijing,CN,2019-03-26,12:00:00,1553576400,11.3,4.5,18.8,14.5,48.0,0.0,0.0,China
Beijing,CN,2019-03-27,12:00:00,1553662800,11.6,3.5,21.1,25.9,84.0,0.1,0.0,China
Beijing,CN,2019-03-28,12:00:00,1553749200,6.6,2.5,10.2,16.6,194.0,0.2,0.07,China
Beijing,CN,2019-03-29,12:00:00,1553835600,6.5,0.5,14.2,32.3,275.0,0.9,0.49,China
Beijing,CN,2019-03-30,12:00:00,1553922000,6.6,2.3,11.6,30.8,329.0,0.0,0.0,China
Beijing,CN,2019-03-31,12:00:00,1554008400,7.9,-1.3,15.9,26.8,294.0,0.0,0.0,China
Beijing,CN,2019-04-01,12:00:00,1554094800,9.1,1.0,15.8,14.5,129.0,0.0,0.0,China
Beijing,CN,2019-04-02,12:00:00,1554181200,10.3,1.6,18.1,19.5,85.0,0.0,0.0,China
Beijing,CN,2019-04-03,12:00:00,1554267600,11.1,1.0,20.3,21.1,216.0,0.0,0.0,China
Beijing,CN,2019-04-04,12:00:00,1554354000,17.5,5.2,30.4,30.4,258.0,0.0,0.0,China
Beijing,CN,2019-04-05,12:00:00,1554440400,14.7,8.1,22.2,30.5,119.0,0.0,0.0,China
Beijing,CN,2019-04-06,12:00:00,1554526800,13.1,6.2,20.2,19.9,60.0,0.0,0.0,China
Beijing,CN,2019-04-07,12:00:00,1554613200,11.9,4.8,19.7,18.4,144.0,0.0,0.0,China
Beijing,CN,2019-04-08,12:00:00,1554699600,11.0,4.2,17.1,19.8,129.0,0.0,0.0,China
Beijing,CN,2019-04-09,12:00:00,1554786000,8.6,5.5,11.0,16.2,15.0,2.0,0.0,China
Beijing,CN,2019-04-10,12:00:00,1554872400,10.9,2.1,17.7,17.9,323.0,0.0,0.0,China
Beijing,CN,2019-04-11,12:00:00,1554958800,13.2,8.5,18.0,21.6,221.0,0.0,0.0,China
Beijing,CN,2019-04-12,12:00:00,1555045200,14.3,6.0,22.4,30.5,212.0,0.0,0.0,China
Beijing,CN,2019-04-13,12:00:00,1555131600,14.7,7.1,21.5,20.5,359.0,0.6,0.0,China
Beijing,CN,2019-04-14,12:00:00,1555218000,16.1,5.1,23.5,31.0,247.0,0.0,0.0,China
Beijing,CN,2019-04-15,12:00:00,1555304400,17.8,7.3,26.5,29.1,206.0,0.0,0.0,China
Beijing,CN,2019-04-16,12:00:00,1555390800,19.2,11.6,26.5,20.4,187.0,0.0,0.0,China
Beijing,CN,2019-04-17,12:00:00,1555477200,21.1,14.0,29.1,21.5,205.0,0.0,0.0,China
Beijing,CN,2019-04-18,12:00:00,1555563600,18.6,12.1,23.6,32.2,47.0,0.0,0.0,China
Beijing,CN,2019-04-19,12:00:00,1555650000,14.8,10.8,20.1,18.8,175.0,1.1,0.0,China
Beijing,CN,2019-04-20,12:00:00,1555736400,10.7,9.4,12.2,8.6,162.0,1.8,0.0,China
Beijing,CN,2019-04-21,12:00:00,1555822800,14.9,7.6,22.9,23.7,147.0,0.0,0.0,China
Beijing,CN,2019-04-22,12:00:00,1555909200,17.3,7.5,26.7,26.9,190.0,0.0,0.0,China
Beijing,CN,2019-04-23,12:00:00,1555995600,21.6,14.5,28.8,20.1,195.0,0.0,0.0,China
Beijing,CN,2019-04-24,12:00:00,1556082000,15.0,6.4,19.0,27.0,52.0,13.8,0.0,China
Beijing,CN,2019-04-25,12:00:00,1556168400,11.3,5.4,16.8,19.6,335.0,4.6,0.0,China
Beijing,CN,2019-04-26,12:00:00,1556254800,13.5,8.7,18.9,21.0,249.0,1.9,0.0,China
Beijing,CN,2019-04-27,12:00:00,1556341200,10.3,6.5,12.9,26.6,202.0,5.3,0.0,China
Beijing,CN,2019-04-28,12:00:00,1556427600,11.4,5.3,17.6,19.9,203.0,0.0,0.0,China
Beijing,CN,2019-04-29,12:00:00,1556514000,15.3,9.5,22.6,20.6,213.0,0.0,0.0,China
Beijing,CN,2019-04-30,12:00:00,1556600400,17.9,10.7,24.2,38.6,340.0,0.0,0.0,China
Beijing,CN,2019-05-01,12:00:00,1556686800,20.1,11.4,28.0,22.5,309.0,0.0,0.0,China
Beijing,CN,2019-05-02,12:00:00,1556773200,20.7,9.4,29.8,21.2,244.0,0.0,0.0,China
Beijing,CN,2019-05-03,12:00:00,1556859600,21.2,13.3,29.0,24.7,212.0,0.0,0.0,China
Beijing,CN,2019-05-04,12:00:00,1556946000,22.4,16.6,28.3,23.2,202.0,0.0,0.0,China
Beijing,CN,2019-05-05,12:00:00,1557032400,18.6,15.3,22.5,36.0,9.0,0.0,0.0,China
Beijing,CN,2019-05-06,12:00:00,1557118800,17.7,8.0,24.8,27.1,284.0,0.0,0.0,China
Beijing,CN,2019-05-07,12:00:00,1557205200,20.3,9.8,28.2,25.2,236.0,0.0,0.0,China
Beijing,CN,2019-05-08,12:00:00,1557291600,19.7,14.5,25.7,26.9,250.0,0.0,0.0,China
Beijing,CN,2019-05-09,12:00:00,1557378000,22.4,13.4,30.3,17.8,355.0,0.0,0.0,China
Beijing,CN,2019-05-10,12:00:00,1557464400,22.5,14.7,29.9,22.3,194.0,0.0,0.0,China
Beijing,CN,2019-05-11,12:00:00,1557550800,22.1,15.5,28.6,19.5,191.0,0.0,0.0,China
Beijing,CN,2019-05-12,12:00:00,1557637200,18.7,14.8,24.7,29.3,347.0,0.9,0.0,China
Beijing,CN,2019-05-13,12:00:00,1557723600,17.6,8.4,24.6,30.6,220.0,0.0,0.0,China
Beijing,CN,2019-05-14,12:00:00,1557810000,19.8,10.1,28.2,17.7,197.0,0.0,0.0,China
Beijing,CN,2019-05-15,12:00:00,1557896400,22.9,15.6,30.2,25.4,212.0,0.0,0.0,China
Beijing,CN,2019-05-16,12:00:00,1557982800,25.2,16.1,33.3,26.3,208.0,0.0,0.0,China
Beijing,CN,2019-05-17,12:00:00,1558069200,24.2,18.5,32.5,25.2,198.0,1.4,0.0,China
Beijing,CN,2019-05-18,12:00:00,1558155600,21.9,18.2,26.5,18.6,141.0,1.1,0.0,China
Beijing,CN,2019-05-19,12:00:00,1558242000,19.0,13.8,24.4,37.7,317.0,7.7,0.0,China
Beijing,CN,2019-05-20,12:00:00,1558328400,18.8,11.4,25.8,37.3,299.0,0.0,0.0,China
Beijing,CN,2019-05-21,12:00:00,1558414800,21.7,11.1,30.8,23.4,320.0,0.0,0.0,China
Beijing,CN,2019-05-22,12:00:00,1558501200,24.1,13.3,34.6,20.4,274.0,0.0,0.0,China
Beijing,CN,2019-05-23,12:00:00,1558587600,27.2,18.1,37.0,17.1,191.0,0.0,0.0,China
Beijing,CN,2019-05-24,12:00:00,1558674000,26.6,17.6,34.8,27.7,199.0,0.0,0.0,China
Beijing,CN,2019-05-25,12:00:00,1558760400,27.1,19.6,34.6,19.5,190.0,0.0,0.0,China
Beijing,CN,2019-05-26,12:00:00,1558846800,22.6,19.6,25.0,35.0,8.0,11.1,0.0,China
Beijing,CN,2019-05-27,12:00:00,1558933200,22.0,16.9,27.7,28.9,349.0,0.0,0.0,China
Beijing,CN,2019-05-28,12:00:00,1559019600,23.1,11.8,31.7,27.3,235.0,0.0,0.0,China
Beijing,CN,2019-05-29,12:00:00,1559106000,25.4,17.7,32.6,27.5,217.0,0.0,0.0,China
Beijing,CN,2019-05-30,12:00:00,1559192400,25.3,20.8,30.9,28.8,2.0,0.0,0.0,China
Beijing,CN,2019-05-31,12:00:00,1559278800,23.7,15.4,30.7,25.2,285.0,0.0,0.0,China
Beijing,CN,2019-06-01,12:00:00,1559365200,23.7,18.7,28.5,31.4,211.0,0.0,0.0,China
Beijing,CN,2019-06-02,12:00:00,1559451600,24.9,16.4,33.1,14.2,76.0,0.0,0.0,China
Beijing,CN,2019-06-03,12:00:00,1559538000,25.8,18.9,32.7,23.1,90.0,0.0,0.0,China
Beijing,CN,2019-06-04,12:00:00,1559624400,23.2,18.7,28.5,17.7,117.0,0.6,0.0,China
Beijing,CN,2019-06-05,12:00:00,1559710800,24.1,18.4,30.0,23.0,275.0,0.0,0.0,China
Beijing,CN,2019-06-06,12:00:00,1559797200,21.6,19.1,25.0,14.5,163.0,12.0,0.0,China
Beijing,CN,2019-06-07,12:00:00,1559883600,23.7,17.3,29.9,20.4,195.0,0.0,0.0,China
Beijing,CN,2019-06-08,12:00:00,1559970000,25.7,17.7,33.0,31.3,209.0,0.1,0.0,China
Beijing,CN,2019-06-09,12:00:00,1560056400,26.0,21.3,31.9,27.3,13.0,0.0,0.0,China
Beijing,CN,2019-06-10,12:00:00,1560142800,26.1,17.7,33.4,17.8,67.0,0.0,0.0,China
Beijing,CN,2019-06-11,12:00:00,1560229200,25.2,17.7,32.8,19.6,134.0,0.0,0.0,China
Beijing,CN,2019-06-12,12:00:00,1560315600,27.0,20.1,33.7,13.6,55.0,0.0,0.0,China
Beijing,CN,2019-06-13,12:00:00,1560402000,26.8,22.9,31.3,18.4,291.0,3.1,0.0,China
Beijing,CN,2019-06-14,12:00:00,1560488400,28.0,20.2,35.5,19.2,59.0,0.0,0.0,China
Beijing,CN,2019-06-15,12:00:00,1560574800,25.8,19.7,31.9,23.0,131.0,0.0,0.0,China
Beijing,CN,2019-06-16,12:00:00,1560661200,20.8,18.1,23.3,14.9,129.0,9.3,0.0,China
Beijing,CN,2019-06-17,12:00:00,1560747600,23.0,18.1,28.1,13.6,184.0,0.0,0.0,China
Beijing,CN,2019-06-18,12:00:00,1560834000,25.8,18.3,32.2,11.4,36.0,0.0,0.0,China
Beijing,CN,2019-06-19,12:00:00,1560920400,26.5,21.6,32.3,17.0,116.0,0.1,0.0,China
Beijing,CN,2019-06-20,12:00:00,1561006800,28.3,22.3,35.2,9.9,163.0,0.0,0.0,China
Beijing,CN,2019-06-21,12:00:00,1561093200,26.5,23.6,30.0,13.5,149.0,0.1,0.0,China
Beijing,CN,2019-06-22,12:00:00,1561179600,28.4,20.8,35.0,18.6,212.0,0.0,0.0,China
Beijing,CN,2019-06-23,12:00:00,1561266000,28.9,23.2,35.3,18.2,165.0,0.0,0.0,China
Beijing,CN,2019-06-24,12:00:00,1561352400,30.1,21.7,37.8,27.1,179.0,0.0,0.0,China
Beijing,CN,2019-06-25,12:00:00,1561438800,30.4,24.5,35.6,23.8,171.0,0.0,0.0,China
Beijing,CN,2019-06-26,12:00:00,1561525200,29.3,23.5,35.4,23.2,157.0,0.0,0.0,China
Beijing,CN,2019-06-27,12:00:00,1561611600,29.3,22.9,36.1,13.0,100.0,0.0,0.0,China
Beijing,CN,2019-06-28,12:00:00,1561698000,27.9,23.9,33.0,20.7,230.0,8.7,0.0,China
Beijing,CN,2019-06-29,12:00:00,1561784400,28.2,22.2,34.3,30.1,316.0,0.0,0.0,China
Beijing,CN,2019-06-30,12:00:00,1561870800,27.8,23.2,33.9,29.3,347.0,0.0,0.0,China
Beijing,CN,2019-07-01,12:00:00,1561957200,27.7,20.3,34.3,15.4,42.0,0.0,0.0,China
Beijing,CN,2019-07-02,12:00:00,1562043600,28.0,22.4,34.5,13.8,48.0,0.1,0.0,China
Beijing,CN,2019-07-03,12:00:00,1562130000,29.6,20.8,37.0,19.1,225.0,0.0,0.0,China
Beijing,CN,2019-07-04,12:00:00,1562216400,32.3,24.5,38.8,23.3,206.0,0.0,0.0,China
Beijing,CN,2019-07-05,12:00:00,1562302800,28.0,22.9,32.9,18.0,189.0,22.0,0.0,China
Beijing,CN,2019-07-06,12:00:00,1562389200,23.2,20.5,27.2,26.0,5.0,8.1,0.0,China
Beijing,CN,2019-07-07,12:00:00,1562475600,22.7,19.0,27.7,19.0,33.0,7.1,0.0,China
Beijing,CN,2019-07-08,12:00:00,1562562000,24.5,19.1,29.2,8.0,276.0,0.0,0.0,China
Beijing,CN,2019-07-09,12:00:00,1562648400,23.5,21.1,25.7,15.0,44.0,1.1,0.0,China
Beijing,CN,2019-07-10,12:00:00,1562734800,22.9,19.9,27.4,10.1,62.0,7.6,0.0,China
Beijing,CN,2019-07-11,12:00:00,1562821200,24.4,18.9,29.6,8.9,173.0,0.2,0.0,China
Beijing,CN,2019-07-12,12:00:00,1562907600,26.7,20.0,33.0,8.7,200.0,0.0,0.0,China
Beijing,CN,2019-07-13,12:00:00,1562994000,27.3,22.0,32.4,13.0,45.0,1.3,0.0,China
Beijing,CN,2019-07-14,12:00:00,1563080400,27.3,22.8,32.1,15.3,85.0,0.0,0.0,China
Beijing,CN,2019-07-15,12:00:00,1563166800,28.3,22.4,33.3,17.1,133.0,0.0,0.0,China
Beijing,CN,2019-07-16,12:00:00,1563253200,28.4,23.6,33.1,14.4,132.0,0.4,0.0,China
Beijing,CN,2019-07-17,12:00:00,1563339600,25.5,22.9,27.9,9.9,52.0,23.8,0.0,China
Beijing,CN,2019-07-18,12:00:00,1563426000,27.0,22.7,31.5,13.4,63.0,0.4,0.0,China
Beijing,CN,2019-07-19,12:00:00,1563512400,27.8,23.9,31.7,12.7,155.0,0.1,0.0,China
Beijing,CN,2019-07-20,12:00:00,1563598800,26.5,24.2,29.5,12.2,186.0,2.5,0.0,China
Beijing,CN,2019-07-21,12:00:00,1563685200,29.8,24.1,36.1,14.9,221.0,0.0,0.0,China
Beijing,CN,2019-07-22,12:00:00,1563771600,28.6,26.3,31.5,8.6,244.0,14.5,0.0,China
Beijing,CN,2019-07-23,12:00:00,1563858000,28.8,24.5,33.2,15.5,246.0,47.9,0.0,China
Beijing,CN,2019-07-24,12:00:00,1563944400,29.7,24.2,34.7,12.2,221.0,0.0,0.0,China
Beijing,CN,2019-07-25,12:00:00,1564030800,30.6,25.8,34.3,20.4,204.0,0.0,0.0,China
Beijing,CN,2019-07-26,12:00:00,1564117200,29.2,24.3,34.7,14.7,213.0,0.0,0.0,China
Beijing,CN,2019-07-27,12:00:00,1564203600,30.7,25.3,35.8,18.0,152.0,0.0,0.0,China
Beijing,CN,2019-07-28,12:00:00,1564290000,29.9,25.8,34.9,12.8,152.0,1.9,0.0,China
Beijing,CN,2019-07-29,12:00:00,1564376400,25.7,21.8,28.9,28.7,358.0,48.2,0.0,China
Beijing,CN,2019-07-30,12:00:00,1564462800,26.4,20.0,31.6,15.4,211.0,0.0,0.0,China
Beijing,CN,2019-07-31,12:00:00,1564549200,28.7,22.9,33.7,10.0,281.0,0.0,0.0,China
Beijing,CN,2019-08-01,12:00:00,1564635600,27.8,24.7,30.9,12.6,18.0,14.1,0.0,China
Beijing,CN,2019-08-02,12:00:00,1564722000,25.2,22.8,27.0,15.5,35.0,3.5,0.0,China
Beijing,CN,2019-08-03,12:00:00,1564808400,25.6,21.1,29.5,8.6,172.0,0.5,0.0,China
Beijing,CN,2019-08-04,12:00:00,1564894800,25.9,23.7,29.2,10.7,93.0,10.9,0.0,China
Beijing,CN,2019-08-05,12:00:00,1564981200,24.9,22.3,29.1,10.9,13.0,13.2,0.0,China
Beijing,CN,2019-08-06,12:00:00,1565067600,25.3,22.3,29.5,11.2,74.0,6.2,0.0,China
Beijing,CN,2019-08-07,12:00:00,1565154000,25.6,22.8,29.0,10.2,42.0,3.3,0.0,China
Beijing,CN,2019-08-08,12:00:00,1565240400,26.7,22.6,30.6,8.9,169.0,0.2,0.0,China
Beijing,CN,2019-08-09,12:00:00,1565326800,26.6,24.0,30.2,11.2,166.0,11.6,0.0,China
Beijing,CN,2019-08-10,12:00:00,1565413200,24.1,22.6,26.3,12.3,61.0,19.8,0.0,China
Beijing,CN,2019-08-11,12:00:00,1565499600,23.8,22.5,25.3,17.3,12.0,7.1,0.0,China
Beijing,CN,2019-08-12,12:00:00,1565586000,24.9,22.8,28.6,26.7,4.0,11.7,0.0,China
Beijing,CN,2019-08-13,12:00:00,1565672400,26.0,22.0,30.8,22.7,354.0,1.0,0.0,China
Beijing,CN,2019-08-14,12:00:00,1565758800,25.9,21.6,31.2,9.8,272.0,0.0,0.0,China
Beijing,CN,2019-08-15,12:00:00,1565845200,25.9,20.6,31.5,13.9,191.0,5.5,0.0,China
Beijing,CN,2019-08-16,12:00:00,1565931600,25.0,21.2,29.4,29.6,335.0,1.6,0.0,China
Beijing,CN,2019-08-17,12:00:00,1566018000,24.7,19.8,30.8,19.1,316.0,0.0,0.0,China
Beijing,CN,2019-08-18,12:00:00,1566104400,23.8,17.6,30.2,12.1,15.0,0.0,0.0,China
Beijing,CN,2019-08-19,12:00:00,1566190800,25.4,19.7,30.3,16.7,193.0,0.0,0.0,China
Beijing,CN,2019-08-20,12:00:00,1566277200,22.9,20.2,25.0,19.5,178.0,6.7,0.0,China
Beijing,CN,2019-08-21,12:00:00,1566363600,24.2,17.2,30.7,24.1,317.0,0.0,0.0,China
Beijing,CN,2019-08-22,12:00:00,1566450000,23.8,18.1,30.6,17.5,315.0,0.0,0.0,China
Beijing,CN,2019-08-23,12:00:00,1566536400,24.1,18.1,30.5,14.5,14.0,0.0,0.0,China
Beijing,CN,2019-08-24,12:00:00,1566622800,25.1,19.0,31.2,18.3,216.0,0.0,0.0,China
Beijing,CN,2019-08-25,12:00:00,1566709200,24.3,17.6,30.4,19.0,211.0,0.0,0.0,China
Beijing,CN,2019-08-26,12:00:00,1566795600,23.6,19.9,27.7,12.8,215.0,0.0,0.0,China
Beijing,CN,2019-08-27,12:00:00,1566882000,25.6,17.4,33.3,22.7,313.0,0.0,0.0,China
Beijing,CN,2019-08-28,12:00:00,1566968400,25.6,18.3,30.9,33.6,320.0,0.0,0.0,China
Beijing,CN,2019-08-29,12:00:00,1567054800,24.6,18.4,30.4,29.0,340.0,0.0,0.0,China
Beijing,CN,2019-08-30,12:00:00,1567141200,25.4,19.7,30.4,22.3,5.0,0.0,0.0,China
Beijing,CN,2019-08-31,12:00:00,1567227600,25.0,17.5,31.9,14.5,212.0,0.0,0.0,China
Beijing,CN,2019-09-01,12:00:00,1567314000,26.1,19.1,32.9,16.8,209.0,0.0,0.0,China
Beijing,CN,2019-09-02,12:00:00,1567400400,26.2,18.0,34.1,17.2,204.0,0.0,0.0,China
Beijing,CN,2019-09-03,12:00:00,1567486800,26.5,19.1,33.8,13.3,189.0,0.0,0.0,China
Beijing,CN,2019-09-04,12:00:00,1567573200,26.1,19.6,32.2,12.1,165.0,0.0,0.0,China
Beijing,CN,2019-09-05,12:00:00,1567659600,26.3,19.0,33.2,13.6,212.0,0.0,0.0,China
Beijing,CN,2019-09-06,12:00:00,1567746000,26.7,19.8,33.8,9.7,188.0,0.0,0.0,China
Beijing,CN,2019-09-07,12:00:00,1567832400,27.8,19.9,35.2,18.5,231.0,0.0,0.0,China
Beijing,CN,2019-09-08,12:00:00,1567918800,29.0,22.1,36.0,13.0,51.0,0.0,0.0,China
Beijing,CN,2019-09-09,12:00:00,1568005200,26.8,20.7,34.0,29.6,45.0,3.4,0.0,China
Beijing,CN,2019-09-10,12:00:00,1568091600,20.8,19.3,22.9,17.3,9.0,29.3,0.0,China
Beijing,CN,2019-09-11,12:00:00,1568178000,21.3,18.9,24.9,9.8,16.0,0.0,0.0,China
Beijing,CN,2019-09-12,12:00:00,1568264400,21.4,18.7,24.9,10.8,176.0,2.9,0.0,China
Beijing,CN,2019-09-13,12:00:00,1568350800,22.1,19.1,27.4,21.4,284.0,12.1,0.0,China
Beijing,CN,2019-09-14,12:00:00,1568437200,22.4,17.5,28.5,11.9,18.0,0.0,0.0,China
Beijing,CN,2019-09-15,12:00:00,1568523600,21.2,15.0,27.1,12.7,255.0,0.0,0.0,China
Beijing,CN,2019-09-16,12:00:00,1568610000,20.7,14.6,26.3,14.4,60.0,0.0,0.0,China
Beijing,CN,2019-09-17,12:00:00,1568696400,21.3,15.4,27.9,24.2,266.0,0.0,0.0,China
Beijing,CN,2019-09-18,12:00:00,1568782800,19.7,13.3,25.1,26.5,344.0,0.0,0.0,China
Beijing,CN,2019-09-19,12:00:00,1568869200,18.9,12.8,26.9,23.7,217.0,0.0,0.0,China
Beijing,CN,2019-09-20,12:00:00,1568955600,20.8,14.3,28.0,9.7,339.0,0.0,0.0,China
Beijing,CN,2019-09-21,12:00:00,1569042000,21.4,15.4,27.3,12.0,46.0,0.0,0.0,China
Beijing,CN,2019-09-22,12:00:00,1569128400,21.5,16.2,27.3,8.7,42.0,0.0,0.0,China
Beijing,CN,2019-09-23,12:00:00,1569214800,23.1,16.5,30.8,13.0,338.0,0.0,0.0,China
Beijing,CN,2019-09-24,12:00:00,1569301200,24.4,19.1,31.1,18.4,26.0,0.0,0.0,China
Beijing,CN,2019-09-25,12:00:00,1569387600,22.6,14.4,31.0,11.5,200.0,0.0,0.0,China
Beijing,CN,2019-09-26,12:00:00,1569474000,22.8,15.7,30.5,10.9,280.0,0.0,0.0,China
Beijing,CN,2019-09-27,12:00:00,1569560400,21.4,14.1,29.3,14.2,195.0,0.0,0.0,China
Beijing,CN,2019-09-28,12:00:00,1569646800,22.2,14.8,29.9,10.3,240.0,0.0,0.0,China
Beijing,CN,2019-09-29,12:00:00,1569733200,23.2,16.4,31.2,10.2,64.0,0.0,0.0,China
Beijing,CN,2019-09-30,12:00:00,1569819600,23.3,16.0,31.0,14.9,215.0,0.0,0.0,China
Beijing,CN,2019-10-01,12:00:00,1569906000,24.4,18.3,30.9,19.5,197.0,0.0,0.0,China
Beijing,CN,2019-10-02,12:00:00,1569992400,23.1,16.3,30.5,10.5,174.0,0.0,0.0,China
Beijing,CN,2019-10-03,12:00:00,1570078800,23.8,18.2,31.4,21.8,75.0,0.0,0.0,China
Beijing,CN,2019-10-04,12:00:00,1570165200,13.9,11.6,20.8,24.7,57.0,12.7,0.0,China
Beijing,CN,2019-10-05,12:00:00,1570251600,12.9,8.5,17.9,12.2,353.0,0.0,0.0,China
Beijing,CN,2019-10-06,12:00:00,1570338000,13.1,8.5,17.6,14.8,229.0,0.0,0.0,China
Beijing,CN,2019-10-07,12:00:00,1570424400,15.4,8.2,22.8,27.8,232.0,0.0,0.0,China
Beijing,CN,2019-10-08,12:00:00,1570510800,15.2,9.9,20.3,24.9,222.0,0.0,0.0,China
Beijing,CN,2019-10-09,12:00:00,1570597200,15.2,9.0,22.5,23.2,221.0,0.0,0.0,China
Beijing,CN,2019-10-10,12:00:00,1570683600,16.1,12.3,20.9,18.8,211.0,0.0,0.0,China
Beijing,CN,2019-10-11,12:00:00,1570770000,15.7,12.1,19.9,10.5,110.0,0.0,0.0,China
Beijing,CN,2019-10-12,12:00:00,1570856400,15.6,13.6,18.0,10.3,31.0,0.1,0.0,China
Beijing,CN,2019-10-13,12:00:00,1570942800,11.4,6.5,14.5,14.0,57.0,4.7,0.0,China
Beijing,CN,2019-10-14,12:00:00,1571029200,8.7,3.4,14.2,18.2,334.0,0.0,0.0,China
Beijing,CN,2019-10-15,12:00:00,1571115600,9.7,3.7,15.9,13.3,292.0,0.0,0.0,China
Beijing,CN,2019-10-16,12:00:00,1571202000,11.1,6.9,15.1,15.2,246.0,0.0,0.0,China
Beijing,CN,2019-10-17,12:00:00,1571288400,10.9,7.8,13.9,7.4,278.0,2.1,0.0,China
Beijing,CN,2019-10-18,12:00:00,1571374800,12.0,6.0,17.9,9.7,214.0,0.0,0.0,China
Beijing,CN,2019-10-19,12:00:00,1571461200,12.7,6.9,19.4,12.6,7.0,0.0,0.0,China
Beijing,CN,2019-10-20,12:00:00,1571547600,14.8,9.1,21.3,20.9,341.0,0.0,0.0,China
Beijing,CN,2019-10-21,12:00:00,1571634000,12.0,5.9,18.5,11.9,6.0,0.0,0.0,China
Beijing,CN,2019-10-22,12:00:00,1571720400,12.1,5.8,19.6,9.6,1.0,0.0,0.0,China
Beijing,CN,2019-10-23,12:00:00,1571806800,14.1,8.4,20.9,10.5,6.0,0.0,0.0,China
Beijing,CN,2019-10-24,12:00:00,1571893200,12.2,7.8,15.3,25.3,343.0,3.0,0.0,China
Beijing,CN,2019-10-25,12:00:00,1571979600,7.9,3.6,13.2,21.6,339.0,0.0,0.0,China
Beijing,CN,2019-10-26,12:00:00,1572066000,7.8,2.1,15.4,20.0,227.0,0.0,0.0,China
Beijing,CN,2019-10-27,12:00:00,1572152400,9.2,2.9,17.0,12.5,229.0,0.0,0.0,China
Beijing,CN,2019-10-28,12:00:00,1572238800,10.1,4.4,14.0,36.8,313.0,0.0,0.0,China
Beijing,CN,2019-10-29,12:00:00,1572325200,8.1,1.9,15.6,12.9,210.0,0.0,0.0,China
Beijing,CN,2019-10-30,12:00:00,1572411600,10.4,3.2,19.3,14.7,258.0,0.0,0.0,China
Beijing,CN,2019-10-31,12:00:00,1572498000,14.1,6.3,23.3,14.8,360.0,0.0,0.0,China
Beijing,CN,2019-11-01,12:00:00,1572584400,11.7,6.3,17.6,11.3,28.0,0.0,0.0,China
Beijing,CN,2019-11-02,12:00:00,1572670800,11.9,9.1,15.0,13.7,17.0,0.8,0.0,China
Beijing,CN,2019-11-03,12:00:00,1572757200,10.6,6.2,13.6,16.1,71.0,1.2,0.0,China
Beijing,CN,2019-11-04,12:00:00,1572843600,9.4,3.2,15.8,9.6,235.0,0.0,0.0,China
Beijing,CN,2019-11-05,12:00:00,1572930000,9.9,5.3,16.0,16.9,78.0,0.0,0.0,China
Beijing,CN,2019-11-06,12:00:00,1573016400,10.1,7.8,14.5,9.7,47.0,0.0,0.0,China
Beijing,CN,2019-11-07,12:00:00,1573102800,7.3,3.5,11.2,17.4,94.0,0.0,0.0,China
Beijing,CN,2019-11-08,12:00:00,1573189200,6.5,0.3,14.3,10.5,300.0,0.0,0.0,China
Beijing,CN,2019-11-09,12:00:00,1573275600,8.3,2.7,13.9,9.6,4.0,2.1,0.0,China
Beijing,CN,2019-11-10,12:00:00,1573362000,11.0,7.8,16.5,30.3,327.0,14.0,0.0,China
Beijing,CN,2019-11-11,12:00:00,1573448400,9.9,3.6,16.4,12.0,335.0,0.0,0.0,China
Beijing,CN,2019-11-12,12:00:00,1573534800,10.6,6.8,15.5,15.0,287.0,0.0,0.0,China
Beijing,CN,2019-11-13,12:00:00,1573621200,5.7,-0.8,14.8,35.5,331.0,0.0,0.0,China
Beijing,CN,2019-11-14,12:00:00,1573707600,0.8,-2.9,5.4,9.2,35.0,0.0,0.0,China
Beijing,CN,2019-11-15,12:00:00,1573794000,3.5,-2.2,8.4,12.4,41.0,0.0,0.0,China
Beijing,CN,2019-11-16,12:00:00,1573880400,6.8,4.5,9.5,9.1,50.0,0.0,0.0,China
Beijing,CN,2019-11-17,12:00:00,1573966800,6.0,-1.4,10.0,48.2,331.0,0.0,0.0,China
Beijing,CN,2019-11-18,12:00:00,1574053200,-1.2,-4.7,3.8,29.5,304.0,0.0,0.0,China
Beijing,CN,2019-11-19,12:00:00,1574139600,0.5,-4.3,6.3,18.7,277.0,0.0,0.0,China
Beijing,CN,2019-11-20,12:00:00,1574226000,0.2,-5.0,5.8,11.7,14.0,0.0,0.0,China
Beijing,CN,2019-11-21,12:00:00,1574312400,1.6,-1.4,6.0,8.2,26.0,0.2,0.07,China
Beijing,CN,2019-11-22,12:00:00,1574398800,4.2,-1.5,10.3,8.9,9.0,0.0,0.0,China
Beijing,CN,2019-11-23,12:00:00,1574485200,8.7,4.6,13.3,24.4,356.0,0.0,0.0,China
Beijing,CN,2019-11-24,12:00:00,1574571600,3.3,-3.2,9.0,26.3,349.0,0.0,0.0,China
Beijing,CN,2019-11-25,12:00:00,1574658000,-2.6,-5.7,1.6,17.7,220.0,0.0,0.0,China
Beijing,CN,2019-11-26,12:00:00,1574744400,-1.7,-6.0,4.1,14.8,295.0,0.0,0.0,China
Beijing,CN,2019-11-27,12:00:00,1574830800,-0.3,-5.7,3.2,19.9,34.0,0.0,0.0,China
Beijing,CN,2019-11-28,12:00:00,1574917200,-3.4,-6.9,1.3,9.0,40.0,0.0,0.0,China
Beijing,CN,2019-11-29,12:00:00,1575003600,-1.4,-5.0,3.5,10.5,67.0,0.6,0.42,China
Beijing,CN,2019-11-30,12:00:00,1575090000,-0.0,-4.6,6.3,24.6,325.0,0.9,0.63,China
Beijing,CN,2019-12-01,12:00:00,1575176400,-0.7,-3.6,3.2,21.7,329.0,0.0,0.0,China
Beijing,CN,2019-12-02,12:00:00,1575262800,-1.2,-6.1,4.7,20.6,237.0,0.0,0.0,China
Beijing,CN,2019-12-03,12:00:00,1575349200,0.7,-5.5,8.8,11.0,257.0,0.0,0.0,China
Beijing,CN,2019-12-04,12:00:00,1575435600,1.5,-3.3,9.2,16.0,318.0,0.0,0.0,China
Beijing,CN,2019-12-05,12:00:00,1575522000,-2.8,-5.8,1.7,17.1,73.0,0.0,0.0,China
Beijing,CN,2019-12-06,12:00:00,1575608400,-3.5,-7.6,2.1,17.7,238.0,0.0,0.0,China
Beijing,CN,2019-12-07,12:00:00,1575694800,-1.7,-5.3,4.3,15.1,14.0,0.0,0.0,China
Beijing,CN,2019-12-08,12:00:00,1575781200,-3.1,-6.3,2.9,9.9,246.0,0.0,0.0,China
Beijing,CN,2019-12-09,12:00:00,1575867600,-2.1,-7.5,6.3,9.5,224.0,0.0,0.0,China
Beijing,CN,2019-12-10,12:00:00,1575954000,0.0,-5.8,8.8,32.7,329.0,0.0,0.0,China
Beijing,CN,2019-12-11,12:00:00,1576040400,-1.1,-5.9,2.6,28.0,330.0,0.0,0.0,China
Beijing,CN,2019-12-12,12:00:00,1576126800,-3.3,-6.8,3.4,14.5,208.0,0.0,0.0,China
Beijing,CN,2019-12-13,12:00:00,1576213200,-0.2,-5.1,9.1,21.5,348.0,0.0,0.0,China
Beijing,CN,2019-12-14,12:00:00,1576299600,-1.5,-4.9,4.1,11.2,102.0,0.0,0.0,China
Beijing,CN,2019-12-15,12:00:00,1576386000,-0.6,-5.1,3.6,8.1,2.0,0.1,0.07,China
Beijing,CN,2019-12-16,12:00:00,1576472400,-0.1,-2.1,2.2,17.1,337.0,4.9,3.43,China
Beijing,CN,2019-12-17,12:00:00,1576558800,0.8,-3.5,4.2,27.7,353.0,0.0,0.0,China
Beijing,CN,2019-12-18,12:00:00,1576645200,-3.8,-6.9,0.3,14.1,221.0,0.0,0.0,China
Beijing,CN,2019-12-19,12:00:00,1576731600,-3.0,-5.9,0.4,25.0,341.0,0.0,0.0,China
Beijing,CN,2019-12-20,12:00:00,1576818000,-4.8,-7.6,0.8,13.5,212.0,0.0,0.0,China
Beijing,CN,2019-12-21,12:00:00,1576904400,-3.6,-8.8,2.7,9.0,299.0,0.0,0.0,China
Beijing,CN,2019-12-22,12:00:00,1576990800,-2.4,-6.2,3.7,17.0,358.0,0.0,0.0,China
Beijing,CN,2019-12-23,12:00:00,1577077200,-1.7,-5.1,0.8,15.9,39.0,0.0,0.0,China
Beijing,CN,2019-12-24,12:00:00,1577163600,-1.1,-4.1,1.7,18.1,188.0,0.0,0.0,China
Beijing,CN,2019-12-25,12:00:00,1577250000,-1.1,-5.1,4.7,18.8,12.0,0.0,0.0,China
Beijing,CN,2019-12-26,12:00:00,1577336400,-1.8,-5.4,3.2,16.1,303.0,0.0,0.0,China
Beijing,CN,2019-12-27,12:00:00,1577422800,-3.1,-6.6,2.8,11.6,126.0,0.0,0.0,China
Beijing,CN,2019-12-28,12:00:00,1577509200,-2.2,-5.6,3.3,11.1,22.0,0.0,0.0,China
Beijing,CN,2019-12-29,12:00:00,1577595600,-0.5,-5.5,6.4,28.5,357.0,0.0,0.0,China
Beijing,CN,2019-12-30,12:00:00,1577682000,-7.4,-9.7,-4.0,37.9,338.0,0.0,0.0,China
Beijing,CN,2019-12-31,12:00:00,1577768400,-8.1,-12.3,-3.6,17.6,222.0,0.0,0.0,China
Beijing,CN,2020-01-01,12:00:00,1577854800,-6.1,-10.7,-0.8,7.9,21.0,0.0,0.0,China
Beijing,CN,2020-01-02,12:00:00,1577941200,-4.3,-9.9,2.3,10.6,262.0,0.0,0.0,China
Beijing,CN,2020-01-03,12:00:00,1578027600,-1.5,-6.8,5.9,10.8,302.0,0.0,0.0,China
Beijing,CN,2020-01-04,12:00:00,1578114000,-0.0,-4.8,6.9,16.0,40.0,0.0,0.0,China
Beijing,CN,2020-01-05,12:00:00,1578200400,-1.2,-5.5,3.0,7.6,20.0,1.8,1.26,China
Beijing,CN,2020-01-06,12:00:00,1578286800,-0.0,-3.4,4.6,19.2,359.0,1.3,0.91,China
Beijing,CN,2020-01-07,12:00:00,1578373200,0.6,-1.4,4.5,25.0,4.0,0.0,0.0,China
Beijing,CN,2020-01-08,12:00:00,1578459600,-1.6,-4.8,3.6,23.9,355.0,0.0,0.0,China
Beijing,CN,2020-01-09,12:00:00,1578546000,-3.0,-6.5,1.8,10.6,349.0,0.0,0.0,China
Beijing,CN,2020-01-10,12:00:00,1578632400,-1.4,-5.4,5.7,17.5,346.0,0.0,0.0,China
Beijing,CN,2020-01-11,12:00:00,1578718800,-2.5,-4.8,-0.0,24.9,22.0,0.0,0.0,China
Beijing,CN,2020-01-12,12:00:00,1578805200,-3.0,-6.0,2.0,18.5,0.0,0.0,0.0,China
Beijing,CN,2020-01-13,12:00:00,1578891600,-3.9,-6.8,1.0,17.8,350.0,0.0,0.0,China
Beijing,CN,2020-01-14,12:00:00,1578978000,-4.5,-7.3,-0.3,16.3,32.0,0.0,0.0,China
Beijing,CN,2020-01-15,12:00:00,1579064400,-4.4,-9.7,1.3,11.0,247.0,0.0,0.0,China
Beijing,CN,2020-01-16,12:00:00,1579150800,-3.2,-7.4,1.7,14.0,39.0,0.0,0.0,China
Beijing,CN,2020-01-17,12:00:00,1579237200,-2.9,-6.6,2.9,11.3,286.0,0.0,0.0,China
Beijing,CN,2020-01-18,12:00:00,1579323600,-2.1,-6.3,2.4,20.2,252.0,0.0,0.0,China
Beijing,CN,2020-01-19,12:00:00,1579410000,-1.0,-6.2,4.4,20.2,287.0,0.0,0.0,China
Beijing,CN,2020-01-20,12:00:00,1579496400,-0.7,-3.5,4.0,17.7,316.0,0.0,0.0,China
Beijing,CN,2020-01-21,12:00:00,1579582800,-2.2,-5.5,3.7,10.7,199.0,0.0,0.0,China
Beijing,CN,2020-01-22,12:00:00,1579669200,-1.3,-5.1,4.9,10.8,331.0,0.0,0.0,China
Beijing,CN,2020-01-23,12:00:00,1579755600,-0.7,-5.5,6.9,19.2,24.0,0.0,0.0,China
Beijing,CN,2020-01-24,12:00:00,1579842000,-1.9,-5.8,4.0,14.4,173.0,0.0,0.0,China
Beijing,CN,2020-01-25,12:00:00,1579928400,-2.2,-6.2,4.5,11.4,313.0,0.0,0.0,China
Beijing,CN,2020-01-26,12:00:00,1580014800,-2.0,-6.2,3.5,10.3,14.0,0.0,0.0,China
Beijing,CN,2020-01-27,12:00:00,1580101200,-0.2,-3.4,4.3,7.3,4.0,0.0,0.0,China
Beijing,CN,2020-01-28,12:00:00,1580187600,0.4,-3.0,5.7,8.1,38.0,0.0,0.0,China
Beijing,CN,2020-01-29,12:00:00,1580274000,0.8,-2.5,7.2,10.5,8.0,0.0,0.0,China
Beijing,CN,2020-01-30,12:00:00,1580360400,-0.6,-5.2,5.3,15.7,206.0,0.0,0.0,China
Beijing,CN,2020-01-31,12:00:00,1580446800,0.0,-5.7,9.1,15.2,339.0,0.0,0.0,China
Beijing,CN,2020-02-01,12:00:00,1580533200,0.2,-4.2,4.5,21.6,36.0,0.1,0.07,China
Beijing,CN,2020-02-02,12:00:00,1580619600,0.1,-2.7,4.7,24.0,280.0,1.4,1.05,China
Beijing,CN,2020-02-03,12:00:00,1580706000,-2.9,-6.4,2.5,21.9,202.0,0.0,0.0,China
Beijing,CN,2020-02-04,12:00:00,1580792400,-2.9,-5.4,1.3,22.7,46.0,0.0,0.0,China
Beijing,CN,2020-02-05,12:00:00,1580878800,-6.0,-8.4,-4.7,20.2,68.0,0.3,0.28,China
Beijing,CN,2020-02-06,12:00:00,1580965200,-5.4,-8.0,-2.7,11.6,79.0,1.6,1.19,China
Beijing,CN,2020-02-07,12:00:00,1581051600,-4.0,-8.3,3.1,10.4,271.0,0.0,0.0,China
Beijing,CN,2020-02-08,12:00:00,1581138000,-0.7,-5.2,6.8,13.1,2.0,0.0,0.0,China
Beijing,CN,2020-02-09,12:00:00,1581224400,0.4,-5.6,9.9,14.7,247.0,0.0,0.0,China
Beijing,CN,2020-02-10,12:00:00,1581310800,2.2,-3.4,11.2,11.9,13.0,0.0,0.0,China
Beijing,CN,2020-02-11,12:00:00,1581397200,2.5,-3.4,10.5,9.7,36.0,0.0,0.0,China
Beijing,CN,2020-02-12,12:00:00,1581483600,3.2,-2.3,11.3,13.3,337.0,0.0,0.0,China
Beijing,CN,2020-02-13,12:00:00,1581570000,4.0,-1.6,10.5,12.9,30.0,1.9,0.0,China
Beijing,CN,2020-02-14,12:00:00,1581656400,0.5,-3.6,6.7,27.6,49.0,15.8,7.35,China
Beijing,CN,2020-02-15,12:00:00,1581742800,-2.8,-6.1,1.4,30.9,339.0,0.0,0.0,China
Beijing,CN,2020-02-16,12:00:00,1581829200,-0.8,-4.0,4.3,32.4,342.0,0.0,0.0,China
Beijing,CN,2020-02-17,12:00:00,1581915600,1.2,-4.6,9.4,19.8,287.0,0.0,0.0,China
Beijing,CN,2020-02-18,12:00:00,1582002000,3.0,-3.5,11.0,11.6,338.0,0.0,0.0,China
Beijing,CN,2020-02-19,12:00:00,1582088400,2.1,-3.4,9.6,12.5,53.0,0.0,0.0,China
Beijing,CN,2020-02-20,12:00:00,1582174800,1.7,-3.5,7.7,9.4,78.0,0.0,0.0,China
Beijing,CN,2020-02-21,12:00:00,1582261200,3.0,-3.6,10.3,18.9,307.0,0.2,0.0,China
Beijing,CN,2020-02-22,12:00:00,1582347600,3.1,-2.5,9.7,18.2,273.0,0.0,0.0,China
Beijing,CN,2020-02-23,12:00:00,1582434000,2.4,-3.3,9.4,13.0,257.0,0.0,0.0,China
Beijing,CN,2020-02-24,12:00:00,1582520400,5.2,-0.7,11.5,15.5,49.0,0.2,0.0,China
Beijing,CN,2020-02-25,12:00:00,1582606800,5.8,0.8,9.7,10.6,180.0,0.0,0.0,China
Beijing,CN,2020-02-26,12:00:00,1582693200,3.2,-2.7,8.9,14.1,182.0,0.0,0.0,China
Beijing,CN,2020-02-27,12:00:00,1582779600,2.8,-0.8,7.1,22.6,184.0,0.0,0.0,China
Beijing,CN,2020-02-28,12:00:00,1582866000,2.6,-3.4,9.5,9.0,207.0,0.0,0.0,China
Beijing,CN,2020-02-29,12:00:00,1582952400,2.4,-0.7,4.6,10.1,38.0,0.4,0.0,China
Beijing,CN,2020-03-01,12:00:00,1583038800,4.4,-2.0,10.7,29.0,338.0,0.0,0.0,China
Beijing,CN,2020-03-02,12:00:00,1583125200,3.0,-4.6,11.3,31.4,161.0,3.1,0.35,China
Beijing,CN,2020-03-03,12:00:00,1583211600,3.0,-2.7,8.3,31.5,339.0,0.0,0.0,China
Beijing,CN,2020-03-04,12:00:00,1583298000,1.1,-4.3,7.1,24.5,339.0,0.0,0.0,China
Beijing,CN,2020-03-05,12:00:00,1583384400,2.2,-3.6,8.9,22.1,199.0,0.0,0.0,China
Beijing,CN,2020-03-06,12:00:00,1583470800,4.0,-2.6,11.0,14.0,360.0,1.2,0.0,China
Beijing,CN,2020-03-07,12:00:00,1583557200,6.9,0.7,14.3,16.0,57.0,0.0,0.0,China
Beijing,CN,2020-03-08,12:00:00,1583643600,4.5,-0.0,9.2,12.2,35.0,2.0,0.0,China
Beijing,CN,2020-03-09,12:00:00,1583730000,7.5,3.5,12.8,18.4,48.0,3.8,0.0,China
Beijing,CN,2020-03-10,12:00:00,1583816400,4.8,-3.4,11.1,24.7,324.0,0.0,0.0,China
Beijing,CN,2020-03-11,12:00:00,1583902800,4.6,-4.6,14.5,12.6,348.0,0.0,0.0,China
Beijing,CN,2020-03-12,12:00:00,1583989200,7.6,2.2,14.3,24.1,25.0,0.0,0.0,China
Beijing,CN,2020-03-13,12:00:00,1584075600,5.1,-3.0,11.4,23.2,285.0,0.0,0.0,China
Beijing,CN,2020-03-14,12:00:00,1584162000,7.3,-3.1,15.0,29.0,304.0,0.0,0.0,China
Beijing,CN,2020-03-15,12:00:00,1584248400,8.9,2.2,17.1,20.1,35.0,0.0,0.0,China
Beijing,CN,2020-03-16,12:00:00,1584334800,5.2,-2.1,13.9,21.7,187.0,0.0,0.0,China
Beijing,CN,2020-03-17,12:00:00,1584421200,10.8,0.5,20.2,21.3,222.0,0.0,0.0,China
Beijing,CN,2020-03-18,12:00:00,1584507600,12.5,3.6,24.4,54.3,326.0,0.0,0.0,China
Beijing,CN,2020-03-19,12:00:00,1584594000,10.4,4.1,17.3,33.5,289.0,0.0,0.0,China
Beijing,CN,2020-03-20,12:00:00,1584680400,12.9,2.8,24.5,23.4,324.0,0.0,0.0,China
Beijing,CN,2020-03-21,12:00:00,1584766800,12.3,6.7,18.2,16.6,68.0,0.0,0.0,China
Beijing,CN,2020-03-22,12:00:00,1584853200,11.9,2.7,21.1,27.2,223.0,0.0,0.0,China
Beijing,CN,2020-03-23,12:00:00,1584939600,13.3,5.7,22.6,24.9,76.0,0.0,0.0,China
Beijing,CN,2020-03-24,12:00:00,1585026000,11.5,4.3,19.0,16.3,140.0,0.0,0.0,China
Beijing,CN,2020-03-25,12:00:00,1585112400,15.6,8.3,22.9,18.8,139.0,0.3,0.0,China
Beijing,CN,2020-03-26,12:00:00,1585198800,8.9,4.3,15.3,37.9,359.0,4.7,0.0,China
Beijing,CN,2020-03-27,12:00:00,1585285200,6.9,-1.2,13.8,29.3,340.0,0.0,0.0,China
Beijing,CN,2020-03-28,12:00:00,1585371600,6.8,-2.5,13.6,19.0,221.0,0.0,0.0,China
Beijing,CN,2020-03-29,12:00:00,1585458000,9.2,0.0,17.2,17.9,211.0,0.0,0.0,China
Beijing,CN,2020-03-30,12:00:00,1585544400,11.8,3.4,19.5,23.6,206.0,0.0,0.0,China
Beijing,CN,2020-03-31,12:00:00,1585630800,13.5,7.4,20.4,24.0,53.0,0.2,0.0,China
Beijing,CN,2020-04-01,12:00:00,1585717200,10.7,5.5,14.8,25.6,325.0,0.0,0.0,China
Beijing,CN,2020-04-02,12:00:00,1585803600,11.7,2.6,20.2,21.8,291.0,0.0,0.0,China
Beijing,CN,2020-04-03,12:00:00,1585890000,15.0,5.7,24.0,23.5,318.0,0.0,0.0,China
Beijing,CN,2020-04-04,12:00:00,1585976400,12.7,7.9,17.1,25.1,111.0,0.0,0.0,China
Beijing,CN,2020-04-05,12:00:00,1586062800,11.0,3.3,18.4,13.5,188.0,0.0,0.0,China
Beijing,CN,2020-04-06,12:00:00,1586149200,15.2,5.8,23.8,16.1,249.0,0.0,0.0,China
Beijing,CN,2020-04-07,12:00:00,1586235600,13.5,8.4,18.0,18.9,94.0,0.0,0.0,China
Beijing,CN,2020-04-08,12:00:00,1586322000,10.7,3.4,17.3,20.9,120.0,0.4,0.0,China
Beijing,CN,2020-04-09,12:00:00,1586408400,9.5,6.5,13.3,11.7,137.0,0.0,0.0,China
Beijing,CN,2020-04-10,12:00:00,1586494800,11.2,4.7,16.8,15.0,284.0,0.0,0.0,China
Beijing,CN,2020-04-11,12:00:00,1586581200,14.2,5.1,22.5,25.7,345.0,0.0,0.0,China
Beijing,CN,2020-04-12,12:00:00,1586667600,16.8,9.9,23.8,25.3,19.0,0.0,0.0,China
Beijing,CN,2020-04-13,12:00:00,1586754000,16.5,5.8,26.5,14.7,227.0,0.0,0.0,China
Beijing,CN,2020-04-14,12:00:00,1586840400,18.1,9.5,26.1,17.2,202.0,0.0,0.0,China
Beijing,CN,2020-04-15,12:00:00,1586926800,18.8,11.6,25.1,17.3,199.0,0.4,0.0,China
Beijing,CN,2020-04-16,12:00:00,1587013200,15.0,10.9,20.2,30.0,335.0,7.1,0.0,China
Beijing,CN,2020-04-17,12:00:00,1587099600,16.4,11.3,22.4,32.8,349.0,0.0,0.0,China
Beijing,CN,2020-04-18,12:00:00,1587186000,15.5,8.1,21.5,13.7,357.0,0.0,0.0,China
Beijing,CN,2020-04-19,12:00:00,1587272400,16.5,11.5,22.6,28.9,242.0,1.1,0.0,China
Beijing,CN,2020-04-20,12:00:00,1587358800,11.5,6.8,15.6,36.4,325.0,0.0,0.0,China
Beijing,CN,2020-04-21,12:00:00,1587445200,8.3,4.0,12.6,37.8,318.0,0.0,0.0,China
Beijing,CN,2020-04-22,12:00:00,1587531600,9.0,1.4,15.6,29.6,326.0,0.0,0.0,China
Beijing,CN,2020-04-23,12:00:00,1587618000,11.8,5.3,18.7,25.5,311.0,0.0,0.0,China
Beijing,CN,2020-04-24,12:00:00,1587704400,18.2,5.4,29.6,28.3,269.0,0.0,0.0,China
Beijing,CN,2020-04-25,12:00:00,1587790800,16.8,11.9,22.4,29.8,359.0,0.0,0.0,China
Beijing,CN,2020-04-26,12:00:00,1587877200,15.4,7.8,21.6,15.3,28.0,0.0,0.0,China
Beijing,CN,2020-04-27,12:00:00,1587963600,16.1,6.6,24.1,18.5,246.0,0.0,0.0,China
Beijing,CN,2020-04-28,12:00:00,1588050000,20.0,10.7,29.2,27.2,211.0,0.0,0.0,China
Beijing,CN,2020-04-29,12:00:00,1588136400,22.2,16.2,29.6,28.8,185.0,0.0,0.0,China
Beijing,CN,2020-04-30,12:00:00,1588222800,24.1,14.6,33.5,20.7,195.0,0.0,0.0,China
Beijing,CN,2020-05-01,12:00:00,1588309200,26.0,17.1,34.7,18.9,193.0,0.0,0.0,China
Beijing,CN,2020-05-02,12:00:00,1588395600,26.6,20.4,33.1,23.3,181.0,0.0,0.0,China
Beijing,CN,2020-05-03,12:00:00,1588482000,22.4,18.0,27.8,17.4,84.0,0.0,0.0,China
Beijing,CN,2020-05-04,12:00:00,1588568400,16.2,11.9,19.7,21.3,193.0,0.2,0.0,China
Beijing,CN,2020-05-05,12:00:00,1588654800,17.5,9.2,26.6,23.8,200.0,0.0,0.0,China
Beijing,CN,2020-05-06,12:00:00,1588741200,19.6,13.1,26.8,22.6,136.0,0.0,0.0,China
Beijing,CN,2020-05-07,12:00:00,1588827600,17.9,13.8,23.2,21.2,107.0,3.8,0.0,China
Beijing,CN,2020-05-08,12:00:00,1588914000,15.0,12.2,18.0,16.6,88.0,10.8,0.0,China
Beijing,CN,2020-05-09,12:00:00,1589000400,15.5,9.8,20.6,19.9,222.0,0.0,0.0,China
Beijing,CN,2020-05-10,12:00:00,1589086800,18.5,10.3,24.2,41.8,316.0,0.0,0.0,China
Beijing,CN,2020-05-11,12:00:00,1589173200,20.5,13.4,28.0,25.9,278.0,0.0,0.0,China
Beijing,CN,2020-05-12,12:00:00,1589259600,20.1,10.9,26.9,28.7,251.0,0.0,0.0,China
Beijing,CN,2020-05-13,12:00:00,1589346000,21.3,12.0,29.7,27.1,206.0,0.0,0.0,China
Beijing,CN,2020-05-14,12:00:00,1589432400,23.7,17.1,30.3,25.7,175.0,0.0,0.0,China
Beijing,CN,2020-05-15,12:00:00,1589518800,19.3,15.5,23.3,16.1,142.0,0.0,0.0,China
Beijing,CN,2020-05-16,12:00:00,1589605200,19.3,14.8,26.1,19.6,54.0,0.3,0.0,China
Beijing,CN,2020-05-17,12:00:00,1589691600,17.1,11.4,21.9,21.7,303.0,0.0,0.0,China
Beijing,CN,2020-05-18,12:00:00,1589778000,20.3,13.8,27.3,30.3,343.0,0.0,0.0,China
Beijing,CN,2020-05-19,12:00:00,1589864400,22.6,15.1,30.0,24.2,309.0,0.0,0.0,China
Beijing,CN,2020-05-20,12:00:00,1589950800,22.7,14.6,28.5,14.2,63.0,0.0,0.0,China
Beijing,CN,2020-05-21,12:00:00,1590037200,19.4,14.9,24.3,17.9,71.0,6.1,0.0,China
Beijing,CN,2020-05-22,12:00:00,1590123600,22.0,14.4,30.8,17.6,251.0,0.0,0.0,China
Beijing,CN,2020-05-23,12:00:00,1590210000,21.7,16.5,27.7,29.8,360.0,1.4,0.0,China
Beijing,CN,2020-05-24,12:00:00,1590296400,23.6,17.4,29.3,22.4,314.0,0.0,0.0,China
Beijing,CN,2020-05-25,12:00:00,1590382800,20.5,16.4,24.1,19.5,13.0,0.5,0.0,China
Beijing,CN,2020-05-26,12:00:00,1590469200,22.0,15.6,27.7,22.4,286.0,0.0,0.0,China
Beijing,CN,2020-05-27,12:00:00,1590555600,22.5,14.8,29.8,23.2,5.0,0.0,0.0,China
Beijing,CN,2020-05-28,12:00:00,1590642000,23.8,13.5,32.7,17.2,199.0,0.0,0.0,China
Beijing,CN,2020-05-29,12:00:00,1590728400,24.1,16.7,32.1,12.6,82.0,0.0,0.0,China
Beijing,CN,2020-05-30,12:00:00,1590814800,24.7,17.3,31.4,26.5,188.0,0.0,0.0,China
Beijing,CN,2020-05-31,12:00:00,1590901200,21.4,17.1,27.8,28.0,298.0,4.9,0.0,China
Beijing,CN,2020-06-01,12:00:00,1590987600,21.8,13.2,30.2,30.4,216.0,0.1,0.0,China
Beijing,CN,2020-06-02,12:00:00,1591074000,23.9,14.0,32.9,21.4,205.0,0.0,0.0,China
Beijing,CN,2020-06-03,12:00:00,1591160400,26.9,19.0,34.4,27.0,330.0,0.0,0.0,China
Beijing,CN,2020-06-04,12:00:00,1591246800,24.6,19.4,31.4,20.4,79.0,0.0,0.0,China
Beijing,CN,2020-06-05,12:00:00,1591333200,23.9,16.9,30.5,22.1,134.0,0.0,0.0,China
Beijing,CN,2020-06-06,12:00:00,1591419600,24.3,16.1,31.4,17.9,140.0,0.0,0.0,China
Beijing,CN,2020-06-07,12:00:00,1591506000,27.5,18.1,36.5,24.2,182.0,0.0,0.0,China
Beijing,CN,2020-06-08,12:00:00,1591592400,31.4,24.5,37.8,29.8,211.0,0.0,0.0,China
Beijing,CN,2020-06-09,12:00:00,1591678800,27.2,21.7,30.9,20.2,59.0,0.1,0.0,China
Beijing,CN,2020-06-10,12:00:00,1591765200,26.9,20.0,34.7,15.9,204.0,1.5,0.0,China
Beijing,CN,2020-06-11,12:00:00,1591851600,26.1,21.5,32.5,21.1,13.0,0.0,0.0,China
Beijing,CN,2020-06-12,12:00:00,1591938000,27.6,21.4,34.2,14.0,186.0,0.0,0.0,China
Beijing,CN,2020-06-13,12:00:00,1592024400,28.1,22.1,33.4,19.9,327.0,0.0,0.0,China
Beijing,CN,2020-06-14,12:00:00,1592110800,28.7,21.9,35.4,28.3,318.0,0.0,0.0,China
Beijing,CN,2020-06-15,12:00:00,1592197200,30.2,21.1,37.6,21.1,235.0,0.0,0.0,China
Beijing,CN,2020-06-16,12:00:00,1592283600,28.6,21.6,36.5,29.7,200.0,0.0,0.0,China
Beijing,CN,2020-06-17,12:00:00,1592370000,26.7,24.3,29.7,30.4,215.0,0.0,0.0,China
Beijing,CN,2020-06-18,12:00:00,1592456400,25.9,21.4,33.2,26.2,210.0,0.9,0.0,China
Beijing,CN,2020-06-19,12:00:00,1592542800,27.2,20.4,33.6,24.2,206.0,0.0,0.0,China
Beijing,CN,2020-06-20,12:00:00,1592629200,28.3,23.1,33.3,19.6,198.0,0.0,0.0,China
Beijing,CN,2020-06-21,12:00:00,1592715600,30.6,25.3,36.0,25.9,200.0,0.0,0.0,China
Beijing,CN,2020-06-22,12:00:00,1592802000,29.7,25.9,33.9,25.7,191.0,0.0,0.0,China
Beijing,CN,2020-06-23,12:00:00,1592888400,27.0,23.5,32.7,22.0,132.0,0.0,0.0,China
Beijing,CN,2020-06-24,12:00:00,1592974800,26.1,21.1,33.6,20.8,159.0,3.2,0.0,China
Beijing,CN,2020-06-25,12:00:00,1593061200,22.2,19.3,26.1,18.1,150.0,22.8,0.0,China
Beijing,CN,2020-06-26,12:00:00,1593147600,22.8,17.7,27.1,9.0,7.0,0.0,0.0,China
Beijing,CN,2020-06-27,12:00:00,1593234000,25.7,20.6,31.0,10.9,86.0,0.0,0.0,China
Beijing,CN,2020-06-28,12:00:00,1593320400,25.9,21.2,30.6,11.1,226.0,0.9,0.0,China
Beijing,CN,2020-06-29,12:00:00,1593406800,25.3,21.8,29.6,7.4,56.0,0.6,0.0,China
Beijing,CN,2020-06-30,12:00:00,1593493200,27.0,20.7,32.9,18.2,271.0,0.0,0.0,China
Beijing,CN,2020-07-01,12:00:00,1593579600,27.3,21.7,32.4,24.9,73.0,1.5,0.0,China
Beijing,CN,2020-07-02,12:00:00,1593666000,24.9,21.8,28.9,14.3,40.0,2.8,0.0,China
Beijing,CN,2020-07-03,12:00:00,1593752400,22.7,20.5,25.6,11.5,44.0,16.4,0.0,China
Beijing,CN,2020-07-04,12:00:00,1593838800,24.6,19.5,29.4,17.7,205.0,0.0,0.0,China
Beijing,CN,2020-07-05,12:00:00,1593925200,25.6,21.5,29.9,12.5,200.0,0.1,0.0,China
Beijing,CN,2020-07-06,12:00:00,1594011600,25.5,20.2,31.4,8.9,80.0,0.0,0.0,China
Beijing,CN,2020-07-07,12:00:00,1594098000,26.8,21.7,32.0,18.9,36.0,0.0,0.0,China
Beijing,CN,2020-07-08,12:00:00,1594184400,26.2,19.3,32.7,16.2,168.0,0.0,0.0,China
Beijing,CN,2020-07-09,12:00:00,1594270800,21.6,18.6,24.8,16.2,144.0,12.4,0.0,China
Beijing,CN,2020-07-10,12:00:00,1594357200,22.2,17.9,26.1,8.1,340.0,0.2,0.0,China
Beijing,CN,2020-07-11,12:00:00,1594443600,24.4,20.4,28.3,8.6,10.0,0.6,0.0,China
Beijing,CN,2020-07-12,12:00:00,1594530000,24.0,21.8,26.9,10.8,11.0,9.7,0.0,China
Beijing,CN,2020-07-13,12:00:00,1594616400,24.2,20.2,28.6,8.2,289.0,1.0,0.0,China
Beijing,CN,2020-07-14,12:00:00,1594702800,25.5,20.2,30.7,13.0,245.0,0.0,0.0,China
Beijing,CN,2020-07-15,12:00:00,1594789200,26.8,20.5,32.7,16.4,222.0,0.0,0.0,China
Beijing,CN,2020-07-16,12:00:00,1594875600,27.7,22.2,32.5,21.8,207.0,0.0,0.0,China
Beijing,CN,2020-07-17,12:00:00,1594962000,26.4,21.3,30.4,19.2,215.0,6.5,0.0,China
Beijing,CN,2020-07-18,12:00:00,1595048400,24.2,20.7,28.3,11.2,75.0,1.4,0.0,China
Beijing,CN,2020-07-19,12:00:00,1595134800,26.0,20.6,31.6,13.0,344.0,0.1,0.0,China
Beijing,CN,2020-07-20,12:00:00,1595221200,27.0,19.9,33.6,15.3,242.0,0.0,0.0,China
Beijing,CN,2020-07-21,12:00:00,1595307600,29.0,24.1,34.3,21.6,195.0,0.0,0.0,China
Beijing,CN,2020-07-22,12:00:00,1595394000,27.9,22.0,33.9,17.0,127.0,0.1,0.0,China
Beijing,CN,2020-07-23,12:00:00,1595480400,27.9,20.4,34.3,8.6,32.0,0.0,0.0,China
Beijing,CN,2020-07-24,12:00:00,1595566800,30.1,21.9,37.1,16.4,240.0,0.0,0.0,China
Beijing,CN,2020-07-25,12:00:00,1595653200,29.8,23.0,35.9,22.0,219.0,0.0,0.0,China
Beijing,CN,2020-07-26,12:00:00,1595739600,24.4,21.5,28.8,20.2,172.0,4.6,0.0,China
Beijing,CN,2020-07-27,12:00:00,1595826000,24.1,21.4,28.7,16.8,177.0,30.1,0.0,China
Beijing,CN,2020-07-28,12:00:00,1595912400,25.1,20.9,30.0,18.3,193.0,1.8,0.0,China
Beijing,CN,2020-07-29,12:00:00,1595998800,26.3,21.7,32.2,13.8,171.0,0.1,0.0,China
Beijing,CN,2020-07-30,12:00:00,1596085200,29.2,23.3,34.5,19.2,213.0,0.0,0.0,China
Beijing,CN,2020-07-31,12:00:00,1596171600,28.8,25.5,33.4,13.5,183.0,5.5,0.0,China
Beijing,CN,2020-08-01,12:00:00,1596258000,27.6,24.6,32.6,13.0,208.0,0.3,0.0,China
Beijing,CN,2020-08-02,12:00:00,1596344400,28.5,23.9,34.1,19.6,211.0,0.0,0.0,China
Beijing,CN,2020-08-03,12:00:00,1596430800,30.1,24.0,36.0,11.3,266.0,0.3,0.0,China
Beijing,CN,2020-08-04,12:00:00,1596517200,30.5,24.1,36.4,12.8,44.0,0.0,0.0,China
Beijing,CN,2020-08-05,12:00:00,1596603600,26.5,24.3,30.9,13.4,22.0,14.4,0.0,China
Beijing,CN,2020-08-06,12:00:00,1596690000,27.0,22.2,30.9,11.0,104.0,0.2,0.0,China
Beijing,CN,2020-08-07,12:00:00,1596776400,27.2,23.2,31.7,10.7,93.0,0.1,0.0,China
Beijing,CN,2020-08-08,12:00:00,1596862800,26.6,21.3,31.7,13.4,189.0,0.0,0.0,China
Beijing,CN,2020-08-09,12:00:00,1596949200,28.0,22.8,33.1,18.4,194.0,0.0,0.0,China
Beijing,CN,2020-08-10,12:00:00,1597035600,27.4,22.2,32.9,15.0,216.0,2.3,0.0,China
Beijing,CN,2020-08-11,12:00:00,1597122000,29.5,23.0,36.1,16.9,225.0,0.0,0.0,China
Beijing,CN,2020-08-12,12:00:00,1597208400,26.3,23.0,30.4,25.5,86.0,68.0,0.0,China
Beijing,CN,2020-08-13,12:00:00,1597294800,26.1,23.3,30.3,20.0,219.0,63.2,0.0,China
Beijing,CN,2020-08-14,12:00:00,1597381200,27.6,22.6,32.1,14.3,221.0,0.0,0.0,China
Beijing,CN,2020-08-15,12:00:00,1597467600,26.8,22.6,30.2,15.9,199.0,0.1,0.0,China
Beijing,CN,2020-08-16,12:00:00,1597554000,23.4,21.6,25.8,10.1,201.0,6.0,0.0,China
Beijing,CN,2020-08-17,12:00:00,1597640400,25.0,22.0,28.6,13.0,191.0,2.6,0.0,China
Beijing,CN,2020-08-18,12:00:00,1597726800,24.1,22.5,26.4,23.2,348.0,9.6,0.0,China
Beijing,CN,2020-08-19,12:00:00,1597813200,21.9,20.4,23.7,9.4,23.0,0.6,0.0,China
Beijing,CN,2020-08-20,12:00:00,1597899600,21.3,18.6,24.8,9.3,187.0,0.5,0.0,China
Beijing,CN,2020-08-21,12:00:00,1597986000,21.8,16.7,26.5,12.4,206.0,0.0,0.0,China
Beijing,CN,2020-08-22,12:00:00,1598072400,22.4,17.2,27.1,19.7,203.0,0.0,0.0,China
Beijing,CN,2020-08-23,12:00:00,1598158800,23.8,19.2,28.2,14.5,201.0,11.2,0.0,China
Beijing,CN,2020-08-24,12:00:00,1598245200,24.9,20.5,32.3,25.7,321.0,39.8,0.0,China
Beijing,CN,2020-08-25,12:00:00,1598331600,25.7,19.8,31.9,8.9,328.0,0.0,0.0,China
Beijing,CN,2020-08-26,12:00:00,1598418000,24.9,22.0,28.7,12.1,77.0,0.0,0.0,China
Beijing,CN,2020-08-27,12:00:00,1598504400,25.2,20.7,30.0,9.8,30.0,0.1,0.0,China
Beijing,CN,2020-08-28,12:00:00,1598590800,24.4,19.4,29.3,12.7,196.0,0.0,0.0,China
Beijing,CN,2020-08-29,12:00:00,1598677200,25.3,20.9,29.8,10.3,118.0,0.5,0.0,China
Beijing,CN,2020-08-30,12:00:00,1598763600,25.8,22.8,30.1,16.3,158.0,1.0,0.0,China
Beijing,CN,2020-08-31,12:00:00,1598850000,23.0,19.6,25.2,19.5,345.0,4.5,0.0,China
Beijing,CN,2020-09-01,12:00:00,1598936400,24.1,16.8,31.2,8.7,297.0,0.7,0.0,China
Beijing,CN,2020-09-02,12:00:00,1599022800,23.3,19.4,28.5,20.9,340.0,0.0,0.0,China
Beijing,CN,2020-09-03,12:00:00,1599109200,22.1,18.1,27.1,25.0,334.0,0.0,0.0,China
Beijing,CN,2020-09-04,12:00:00,1599195600,21.8,13.7,29.1,17.4,229.0,0.0,0.0,China
Beijing,CN,2020-09-05,12:00:00,1599282000,23.7,16.9,29.6,16.9,73.0,0.0,0.0,China
Beijing,CN,2020-09-06,12:00:00,1599368400,24.1,18.8,30.1,10.4,85.0,0.0,0.0,China
Beijing,CN,2020-09-07,12:00:00,1599454800,24.9,19.0,30.9,16.2,12.0,0.3,0.0,China
Beijing,CN,2020-09-08,12:00:00,1599541200,25.2,19.7,30.3,22.2,342.0,0.0,0.0,China
Beijing,CN,2020-09-09,12:00:00,1599627600,24.3,18.2,30.8,20.2,335.0,0.0,0.0,China
Beijing,CN,2020-09-10,12:00:00,1599714000,21.5,18.0,26.0,26.6,7.0,0.2,0.0,China
Beijing,CN,2020-09-11,12:00:00,1599800400,22.5,19.2,26.0,25.6,24.0,0.1,0.0,China
Beijing,CN,2020-09-12,12:00:00,1599886800,21.6,18.4,26.5,14.4,15.0,1.0,0.0,China
Beijing,CN,2020-09-13,12:00:00,1599973200,21.8,17.4,26.2,14.8,189.0,1.6,0.0,China
Beijing,CN,2020-09-14,12:00:00,1600059600,21.5,19.5,24.7,10.6,171.0,6.6,0.0,China
Beijing,CN,2020-09-15,12:00:00,1600146000,19.5,16.7,22.8,11.6,141.0,17.5,0.0,China
Beijing,CN,2020-09-16,12:00:00,1600232400,20.2,16.4,25.3,33.6,293.0,0.0,0.0,China
Beijing,CN,2020-09-17,12:00:00,1600318800,19.9,15.4,26.5,22.8,296.0,0.0,0.0,China
Beijing,CN,2020-09-18,12:00:00,1600405200,19.2,12.9,26.4,22.3,326.0,0.0,0.0,China
Beijing,CN,2020-09-19,12:00:00,1600491600,19.4,12.5,26.9,11.7,7.0,0.0,0.0,China
Beijing,CN,2020-09-20,12:00:00,1600578000,20.1,13.7,25.8,15.3,56.0,0.0,0.0,China
Beijing,CN,2020-09-21,12:00:00,1600664400,20.8,15.1,26.9,12.1,184.0,0.0,0.0,China
Beijing,CN,2020-09-22,12:00:00,1600750800,20.8,16.2,25.7,18.7,44.0,1.3,0.0,China
Beijing,CN,2020-09-23,12:00:00,1600837200,17.4,15.6,18.4,11.0,37.0,13.5,0.0,China
Beijing,CN,2020-09-24,12:00:00,1600923600,17.5,14.7,21.9,8.0,77.0,0.1,0.0,China
Beijing,CN,2020-09-25,12:00:00,1601010000,18.5,13.4,24.7,9.4,152.0,0.0,0.0,China
Beijing,CN,2020-09-26,12:00:00,1601096400,18.9,12.8,25.3,12.6,200.0,0.0,0.0,China
Beijing,CN,2020-09-27,12:00:00,1601182800,19.2,13.0,25.7,16.3,208.0,0.0,0.0,China
Beijing,CN,2020-09-28,12:00:00,1601269200,20.0,13.9,25.8,15.7,219.0,1.5,0.0,China
Beijing,CN,2020-09-29,12:00:00,1601355600,15.9,11.7,18.5,23.2,19.0,16.2,0.0,China
Beijing,CN,2020-09-30,12:00:00,1601442000,15.0,8.8,20.5,16.0,212.0,0.1,0.0,China
Beijing,CN,2020-10-01,12:00:00,1601528400,16.1,13.2,21.1,16.5,177.0,4.9,0.0,China
Beijing,CN,2020-10-02,12:00:00,1601614800,15.3,9.5,20.4,26.9,312.0,0.0,0.0,China
Beijing,CN,2020-10-03,12:00:00,1601701200,14.5,7.8,21.3,28.1,266.0,0.0,0.0,China
Beijing,CN,2020-10-04,12:00:00,1601787600,12.0,8.3,17.5,32.7,323.0,0.0,0.0,China
Beijing,CN,2020-10-05,12:00:00,1601874000,12.0,6.2,18.1,18.6,281.0,0.0,0.0,China
Beijing,CN,2020-10-06,12:00:00,1601960400,12.9,6.2,19.7,13.0,248.0,0.0,0.0,China
Beijing,CN,2020-10-07,12:00:00,1602046800,14.7,9.8,21.4,11.5,211.0,0.0,0.0,China
Beijing,CN,2020-10-08,12:00:00,1602133200,14.0,7.8,19.9,14.2,185.0,0.0,0.0,China
Beijing,CN,2020-10-09,12:00:00,1602219600,15.6,10.9,21.6,11.5,206.0,0.0,0.0,China
Beijing,CN,2020-10-10,12:00:00,1602306000,16.3,10.3,22.6,15.1,213.0,0.0,0.0,China
Beijing,CN,2020-10-11,12:00:00,1602392400,15.7,11.5,18.9,26.3,346.0,0.0,0.0,China
Beijing,CN,2020-10-12,12:00:00,1602478800,11.9,5.6,17.4,19.2,219.0,0.0,0.0,China
Beijing,CN,2020-10-13,12:00:00,1602565200,13.2,6.2,20.3,24.1,349.0,0.0,0.0,China
Beijing,CN,2020-10-14,12:00:00,1602651600,11.4,8.6,15.2,21.7,99.0,0.0,0.0,China
Beijing,CN,2020-10-15,12:00:00,1602738000,11.4,5.6,17.8,12.3,295.0,0.3,0.0,China
Beijing,CN,2020-10-16,12:00:00,1602824400,13.4,9.3,18.5,20.9,322.0,0.0,0.0,China
Beijing,CN,2020-10-17,12:00:00,1602910800,12.2,4.8,20.8,14.5,221.0,0.0,0.0,China
Beijing,CN,2020-10-18,12:00:00,1602997200,13.1,7.2,20.8,14.6,12.0,0.0,0.0,China
Beijing,CN,2020-10-19,12:00:00,1603083600,13.1,7.6,20.8,11.5,320.0,0.0,0.0,China
Beijing,CN,2020-10-20,12:00:00,1603170000,12.7,7.2,18.1,13.1,217.0,0.0,0.0,China
Beijing,CN,2020-10-21,12:00:00,1603256400,11.4,6.6,15.8,30.2,332.0,0.1,0.0,China
Beijing,CN,2020-10-22,12:00:00,1603342800,8.9,3.4,14.8,23.9,344.0,0.0,0.0,China
Beijing,CN,2020-10-23,12:00:00,1603429200,9.2,2.5,16.2,21.6,270.0,0.0,0.0,China
Beijing,CN,2020-10-24,12:00:00,1603515600,10.2,2.9,17.9,13.2,236.0,0.0,0.0,China
Beijing,CN,2020-10-25,12:00:00,1603602000,11.4,5.8,18.1,10.7,313.0,0.0,0.0,China
Beijing,CN,2020-10-26,12:00:00,1603688400,14.2,7.4,23.2,20.3,346.0,0.0,0.0,China
Beijing,CN,2020-10-27,12:00:00,1603774800,11.4,6.5,16.8,24.1,359.0,0.0,0.0,China
Beijing,CN,2020-10-28,12:00:00,1603861200,10.9,5.4,17.3,14.7,342.0,0.0,0.0,China
Beijing,CN,2020-10-29,12:00:00,1603947600,9.8,5.4,16.6,10.2,283.0,0.0,0.0,China
Beijing,CN,2020-10-30,12:00:00,1604034000,10.2,4.0,17.2,16.2,217.0,0.0,0.0,China
Beijing,CN,2020-10-31,12:00:00,1604120400,12.7,8.4,18.7,25.7,297.0,0.1,0.0,China
Beijing,CN,2020-11-01,12:00:00,1604206800,11.8,6.5,16.6,26.4,327.0,0.0,0.0,China
Beijing,CN,2020-11-02,12:00:00,1604293200,7.9,2.7,11.6,28.7,326.0,0.0,0.0,China
Beijing,CN,2020-11-03,12:00:00,1604379600,6.2,0.6,12.5,16.8,274.0,0.0,0.0,China
Beijing,CN,2020-11-04,12:00:00,1604466000,5.7,-0.9,12.5,10.2,305.0,0.0,0.0,China
Beijing,CN,2020-11-05,12:00:00,1604552400,8.0,1.7,15.6,9.4,36.0,0.0,0.0,China
Beijing,CN,2020-11-06,12:00:00,1604638800,10.3,3.4,17.9,19.6,263.0,0.0,0.0,China
Beijing,CN,2020-11-07,12:00:00,1604725200,11.5,5.7,18.2,29.3,318.0,0.0,0.0,China
Beijing,CN,2020-11-08,12:00:00,1604811600,7.4,1.0,12.8,22.0,232.0,0.0,0.0,China
Beijing,CN,2020-11-09,12:00:00,1604898000,7.7,2.0,14.3,16.9,271.0,0.0,0.0,China
Beijing,CN,2020-11-10,12:00:00,1604984400,7.6,2.0,14.9,11.9,318.0,0.0,0.0,China
Beijing,CN,2020-11-11,12:00:00,1605070800,7.7,2.1,15.0,10.7,340.0,0.0,0.0,China
Beijing,CN,2020-11-12,12:00:00,1605157200,10.5,4.5,19.0,23.0,352.0,0.0,0.0,China
Beijing,CN,2020-11-13,12:00:00,1605243600,8.1,2.6,14.5,12.0,48.0,0.0,0.0,China
Beijing,CN,2020-11-14,12:00:00,1605330000,8.3,4.7,13.9,9.0,98.0,0.1,0.0,China
Beijing,CN,2020-11-15,12:00:00,1605416400,8.0,2.5,14.5,10.0,330.0,0.0,0.0,China
Beijing,CN,2020-11-16,12:00:00,1605502800,8.7,4.5,12.3,12.2,9.0,0.2,0.0,China
Beijing,CN,2020-11-17,12:00:00,1605589200,9.2,7.5,11.1,11.9,3.0,1.5,0.0,China
Beijing,CN,2020-11-18,12:00:00,1605675600,9.4,6.7,11.0,21.3,19.0,21.4,0.0,China
Beijing,CN,2020-11-19,12:00:00,1605762000,5.2,3.2,7.5,21.0,35.0,0.0,0.0,China
Beijing,CN,2020-11-20,12:00:00,1605848400,2.8,0.1,6.8,18.2,4.0,0.0,0.0,China
Beijing,CN,2020-11-21,12:00:00,1605934800,1.0,-0.4,2.7,12.9,26.0,5.3,3.5,China
Beijing,CN,2020-11-22,12:00:00,1606021200,-0.4,-3.6,4.0,18.0,338.0,0.0,0.0,China
Beijing,CN,2020-11-23,12:00:00,1606107600,-0.3,-4.5,5.1,12.2,267.0,0.0,0.0,China
Beijing,CN,2020-11-24,12:00:00,1606194000,0.4,-2.6,5.4,10.2,315.0,0.0,0.0,China
Beijing,CN,2020-11-25,12:00:00,1606280400,1.1,-4.2,7.4,16.8,11.0,0.0,0.0,China
Beijing,CN,2020-11-26,12:00:00,1606366800,0.7,-3.4,5.1,9.2,145.0,0.0,0.0,China
Beijing,CN,2020-11-27,12:00:00,1606453200,0.3,-3.2,5.4,18.6,345.0,0.0,0.0,China
Beijing,CN,2020-11-28,12:00:00,1606539600,-1.8,-5.1,2.2,14.2,9.0,0.0,0.0,China
Beijing,CN,2020-11-29,12:00:00,1606626000,-1.8,-6.0,5.2,14.0,324.0,0.0,0.0,China
Beijing,CN,2020-11-30,12:00:00,1606712400,-1.9,-4.0,2.1,15.1,3.0,0.0,0.0,China
Beijing,CN,2020-12-01,12:00:00,1606798800,-2.5,-5.8,2.5,10.2,335.0,0.0,0.0,China
Beijing,CN,2020-12-02,12:00:00,1606885200,-1.6,-4.6,3.3,17.5,354.0,0.0,0.0,China
Beijing,CN,2020-12-03,12:00:00,1606971600,-2.2,-5.6,3.7,17.0,327.0,0.0,0.0,China
Beijing,CN,2020-12-04,12:00:00,1607058000,-2.5,-5.8,3.3,20.2,312.0,0.0,0.0,China
Beijing,CN,2020-12-05,12:00:00,1607144400,-2.3,-6.1,3.3,12.5,281.0,0.0,0.0,China
Beijing,CN,2020-12-06,12:00:00,1607230800,-0.3,-4.8,6.0,20.1,345.0,0.0,0.0,China
Beijing,CN,2020-12-07,12:00:00,1607317200,-4.0,-6.3,0.4,17.9,351.0,0.0,0.0,China
Beijing,CN,2020-12-08,12:00:00,1607403600,-4.1,-7.8,0.8,13.0,201.0,0.0,0.0,China
Beijing,CN,2020-12-09,12:00:00,1607490000,-2.4,-6.6,3.3,10.7,225.0,0.0,0.0,China
Beijing,CN,2020-12-10,12:00:00,1607576400,-1.2,-5.8,5.0,14.5,260.0,0.0,0.0,China
Beijing,CN,2020-12-11,12:00:00,1607662800,-0.8,-3.4,4.4,15.3,20.0,0.0,0.0,China
Beijing,CN,2020-12-12,12:00:00,1607749200,-2.1,-6.1,3.4,21.6,27.0,0.8,0.56,China
Beijing,CN,2020-12-13,12:00:00,1607835600,-4.6,-8.1,-1.3,26.3,340.0,0.0,0.0,China
Beijing,CN,2020-12-14,12:00:00,1607922000,-6.3,-9.2,-1.9,12.0,242.0,0.0,0.0,China
Beijing,CN,2020-12-15,12:00:00,1608008400,-6.4,-10.6,-1.9,14.8,230.0,0.0,0.0,China
Beijing,CN,2020-12-16,12:00:00,1608094800,-4.7,-7.7,0.0,14.8,284.0,0.0,0.0,China
Beijing,CN,2020-12-17,12:00:00,1608181200,-3.1,-7.7,3.7,14.8,270.0,0.0,0.0,China
Beijing,CN,2020-12-18,12:00:00,1608267600,-3.8,-7.6,0.1,21.6,10.0,0.0,0.0,China
Beijing,CN,2020-12-19,12:00:00,1608354000,-5.0,-10.1,0.8,13.6,237.0,0.0,0.0,China
Beijing,CN,2020-12-20,12:00:00,1608440400,-3.0,-5.8,3.8,14.3,340.0,0.0,0.0,China
Beijing,CN,2020-12-21,12:00:00,1608526800,-2.6,-6.6,3.4,11.9,271.0,0.0,0.0,China
Beijing,CN,2020-12-22,12:00:00,1608613200,-2.5,-6.0,4.2,11.2,229.0,0.0,0.0,China
Beijing,CN,2020-12-23,12:00:00,1608699600,0.2,-5.0,5.8,28.8,332.0,0.0,0.0,China
Beijing,CN,2020-12-24,12:00:00,1608786000,-1.7,-5.3,3.2,25.9,304.0,0.0,0.0,China
Beijing,CN,2020-12-25,12:00:00,1608872400,-1.8,-6.3,4.8,10.7,339.0,0.0,0.0,China
Beijing,CN,2020-12-26,12:00:00,1608958800,-3.0,-6.0,2.2,9.4,15.0,0.0,0.0,China
Beijing,CN,2020-12-27,12:00:00,1609045200,-1.2,-5.4,4.7,10.5,22.0,0.0,0.0,China
Beijing,CN,2020-12-28,12:00:00,1609131600,-2.3,-4.7,0.7,31.7,25.0,0.0,0.0,China
Beijing,CN,2020-12-29,12:00:00,1609218000,-9.9,-13.1,-5.3,30.8,347.0,0.0,0.0,China
Beijing,CN,2020-12-30,12:00:00,1609304400,-10.6,-13.7,-6.1,15.7,328.0,0.0,0.0,China
Beijing,CN,2020-12-31,12:00:00,1609390800,-6.8,-12.6,0.3,12.9,216.0,0.0,0.0,China
Beijing,CN,2021-01-01,12:00:00,1609477200,-5.3,-8.9,-0.3,12.6,53.0,0.0,0.0,China
Beijing,CN,2021-01-02,12:00:00,1609563600,-5.3,-8.9,-0.2,17.5,43.0,0.0,0.0,China
Beijing,CN,2021-01-03,12:00:00,1609650000,-6.1,-10.4,-2.3,14.0,85.0,0.0,0.0,China
Beijing,CN,2021-01-04,12:00:00,1609736400,-4.9,-7.8,-1.3,20.1,350.0,0.0,0.0,China
Beijing,CN,2021-01-05,12:00:00,1609822800,-7.0,-10.1,-3.6,18.3,263.0,0.0,0.0,China
Beijing,CN,2021-01-06,12:00:00,1609909200,-12.5,-19.8,-6.9,35.9,323.0,0.0,0.0,China
Beijing,CN,2021-01-07,12:00:00,1609995600,-13.6,-20.0,-7.6,28.8,294.0,0.0,0.0,China
Beijing,CN,2021-01-08,12:00:00,1610082000,-8.6,-13.6,-3.5,21.9,306.0,0.0,0.0,China
Beijing,CN,2021-01-09,12:00:00,1610168400,-5.7,-12.0,0.7,14.3,295.0,0.0,0.0,China
Beijing,CN,2021-01-10,12:00:00,1610254800,-3.3,-6.4,1.6,15.4,316.0,0.0,0.0,China
Beijing,CN,2021-01-11,12:00:00,1610341200,-2.7,-4.8,1.5,20.2,294.0,0.0,0.0,China
Beijing,CN,2021-01-12,12:00:00,1610427600,-2.7,-8.1,5.7,20.0,212.0,0.0,0.0,China
Beijing,CN,2021-01-13,12:00:00,1610514000,0.2,-5.0,6.6,14.8,7.0,0.0,0.0,China
Beijing,CN,2021-01-14,12:00:00,1610600400,-1.8,-5.0,2.3,15.2,24.0,0.0,0.0,China
Beijing,CN,2021-01-15,12:00:00,1610686800,-1.8,-5.2,2.8,23.9,4.0,0.0,0.0,China
Beijing,CN,2021-01-16,12:00:00,1610773200,-4.6,-9.0,-0.3,27.5,327.0,0.0,0.0,China
Beijing,CN,2021-01-17,12:00:00,1610859600,-4.2,-8.1,2.3,12.3,233.0,0.0,0.0,China
Beijing,CN,2021-01-18,12:00:00,1610946000,-2.3,-5.8,3.4,21.7,64.0,0.0,0.0,China
Beijing,CN,2021-01-19,12:00:00,1611032400,-6.4,-8.3,-4.0,12.5,56.0,0.0,0.0,China
Beijing,CN,2021-01-20,12:00:00,1611118800,-4.8,-8.3,0.6,9.5,320.0,0.0,0.0,China
Beijing,CN,2021-01-21,12:00:00,1611205200,-2.4,-7.1,4.9,11.8,264.0,0.0,0.0,China
Beijing,CN,2021-01-22,12:00:00,1611291600,-1.9,-5.5,3.8,12.7,65.0,0.0,0.0,China
Beijing,CN,2021-01-23,12:00:00,1611378000,-3.2,-6.9,3.0,11.3,208.0,0.2,0.14,China
Beijing,CN,2021-01-24,12:00:00,1611464400,-1.6,-6.0,5.0,11.9,319.0,0.0,0.0,China
Beijing,CN,2021-01-25,12:00:00,1611550800,-2.2,-4.6,0.8,10.1,341.0,1.8,1.26,China
Beijing,CN,2021-01-26,12:00:00,1611637200,-0.5,-6.1,7.1,15.8,300.0,0.0,0.0,China
Beijing,CN,2021-01-27,12:00:00,1611723600,-1.4,-5.5,3.2,26.9,8.0,0.1,0.07,China
Beijing,CN,2021-01-28,12:00:00,1611810000,-4.5,-7.6,-1.7,29.0,321.0,0.0,0.0,China
Beijing,CN,2021-01-29,12:00:00,1611896400,-5.8,-11.1,-0.6,15.4,181.0,0.0,0.0,China
Beijing,CN,2021-01-30,12:00:00,1611982800,-2.5,-8.8,6.3,18.1,126.0,0.0,0.0,China
Beijing,CN,2021-01-31,12:00:00,1612069200,-3.7,-6.6,2.5,10.3,14.0,0.0,0.0,China
Beijing,CN,2021-02-01,12:00:00,1612155600,-1.3,-6.0,3.0,26.0,332.0,0.0,0.0,China
Beijing,CN,2021-02-02,12:00:00,1612242000,-4.6,-8.4,1.2,20.5,224.0,0.0,0.0,China
Beijing,CN,2021-02-03,12:00:00,1612328400,-2.0,-8.8,6.3,29.6,343.0,0.0,0.0,China
Beijing,CN,2021-02-04,12:00:00,1612414800,0.2,-4.7,7.9,17.6,220.0,0.0,0.0,China
Beijing,CN,2021-02-05,12:00:00,1612501200,3.8,-3.9,12.6,9.4,217.0,0.0,0.0,China
Beijing,CN,2021-02-06,12:00:00,1612587600,5.0,-1.2,13.7,21.1,28.0,0.0,0.0,China
Beijing,CN,2021-02-07,12:00:00,1612674000,0.4,-3.0,6.2,16.6,34.0,0.0,0.0,China
Beijing,CN,2021-02-08,12:00:00,1612760400,-0.6,-6.2,6.4,12.2,208.0,0.0,0.0,China
Beijing,CN,2021-02-09,12:00:00,1612846800,-0.2,-5.6,7.2,12.0,240.0,0.0,0.0,China
Beijing,CN,2021-02-10,12:00:00,1612933200,2.3,-4.1,11.9,12.9,260.0,0.0,0.0,China
Beijing,CN,2021-02-11,12:00:00,1613019600,2.3,-4.2,10.5,10.9,2.0,0.0,0.0,China
Beijing,CN,2021-02-12,12:00:00,1613106000,5.5,-0.5,13.3,15.6,11.0,0.0,0.0,China
Beijing,CN,2021-02-13,12:00:00,1613192400,3.5,-1.0,7.8,8.6,47.0,0.0,0.0,China
Beijing,CN,2021-02-14,12:00:00,1613278800,2.2,-1.0,3.7,24.7,34.0,1.5,0.14,China
Beijing,CN,2021-02-15,12:00:00,1613365200,-0.7,-6.1,4.6,25.9,218.0,0.0,0.0,China
Beijing,CN,2021-02-16,12:00:00,1613451600,-2.4,-5.7,0.4,30.1,343.0,0.0,0.0,China
Beijing,CN,2021-02-17,12:00:00,1613538000,-3.4,-7.4,3.1,24.3,340.0,0.0,0.0,China
Beijing,CN,2021-02-18,12:00:00,1613624400,-1.9,-7.1,6.1,13.1,205.0,0.0,0.0,China
Beijing,CN,2021-02-19,12:00:00,1613710800,3.1,-4.5,13.8,16.3,278.0,0.0,0.0,China
Beijing,CN,2021-02-20,12:00:00,1613797200,8.4,-0.1,17.2,11.7,62.0,0.0,0.0,China
Beijing,CN,2021-02-21,12:00:00,1613883600,11.2,0.5,23.3,19.5,334.0,0.0,0.0,China
Beijing,CN,2021-02-22,12:00:00,1613970000,6.1,1.1,11.3,19.7,65.0,0.0,0.0,China
Beijing,CN,2021-02-23,12:00:00,1614056400,0.6,-2.7,4.1,18.2,121.0,0.8,0.56,China
Beijing,CN,2021-02-24,12:00:00,1614142800,-0.7,-5.3,5.0,9.3,114.0,0.0,0.0,China
Beijing,CN,2021-02-25,12:00:00,1614229200,1.4,-3.8,8.1,9.4,76.0,0.0,0.0,China
Beijing,CN,2021-02-26,12:00:00,1614315600,1.7,-4.9,9.6,12.0,191.0,0.0,0.0,China
Beijing,CN,2021-02-27,12:00:00,1614402000,3.7,-3.1,11.7,18.6,187.0,0.0,0.0,China
Beijing,CN,2021-02-28,12:00:00,1614488400,3.8,1.2,7.0,17.0,58.0,9.6,2.03,China
Beijing,CN,2021-03-01,12:00:00,1614574800,1.2,-2.1,4.9,15.1,131.0,5.0,3.01,China
Beijing,CN,2021-03-02,12:00:00,1614661200,0.5,-3.5,5.8,12.7,185.0,0.0,0.0,China
Beijing,CN,2021-03-03,12:00:00,1614747600,3.4,-2.5,10.1,9.4,98.0,0.0,0.0,China
Beijing,CN,2021-03-04,12:00:00,1614834000,5.6,0.3,13.8,10.8,194.0,0.0,0.0,China
Beijing,CN,2021-03-05,12:00:00,1614920400,3.5,1.1,8.9,24.0,68.0,0.0,0.0,China
Beijing,CN,2021-03-06,12:00:00,1615006800,0.2,-2.1,2.8,15.5,165.0,0.0,0.0,China
Beijing,CN,2021-03-07,12:00:00,1615093200,0.9,-5.5,7.8,16.3,209.0,0.0,0.0,China
Beijing,CN,2021-03-08,12:00:00,1615179600,3.2,-4.0,10.4,13.4,205.0,0.0,0.0,China
Beijing,CN,2021-03-09,12:00:00,1615266000,6.4,-1.0,15.4,10.7,252.0,0.0,0.0,China
Beijing,CN,2021-03-10,12:00:00,1615352400,8.6,0.9,16.3,20.5,193.0,0.0,0.0,China
Beijing,CN,2021-03-11,12:00:00,1615438800,10.7,5.8,16.5,15.6,212.0,0.0,0.0,China
Beijing,CN,2021-03-12,12:00:00,1615525200,8.6,4.6,12.0,15.5,171.0,2.9,0.0,China
Beijing,CN,2021-03-13,12:00:00,1615611600,9.4,5.1,15.3,11.3,200.0,0.0,0.0,China
Beijing,CN,2021-03-14,12:00:00,1615698000,9.7,5.3,14.2,21.1,196.0,0.1,0.0,China
Beijing,CN,2021-03-15,12:00:00,1615784400,9.6,6.1,13.7,31.2,339.0,0.0,0.0,China
Beijing,CN,2021-03-16,12:00:00,1615870800,7.6,0.8,14.1,29.0,18.0,0.0,0.0,China
Beijing,CN,2021-03-17,12:00:00,1615957200,8.1,2.8,12.0,11.0,82.0,0.0,0.0,China
Beijing,CN,2021-03-18,12:00:00,1616043600,7.4,4.9,10.6,10.7,10.0,0.7,0.0,China
Beijing,CN,2021-03-19,12:00:00,1616130000,5.8,1.4,11.6,15.5,225.0,9.8,0.0,China
Beijing,CN,2021-03-20,12:00:00,1616216400,7.0,1.7,13.5,34.4,300.0,0.1,0.0,China
Beijing,CN,2021-03-21,12:00:00,1616302800,6.0,0.1,12.6,28.0,299.0,0.0,0.0,China
Beijing,CN,2021-03-22,12:00:00,1616389200,9.1,-2.0,18.3,31.4,229.0,0.0,0.0,China
Beijing,CN,2021-03-23,12:00:00,1616475600,12.2,2.1,20.7,16.1,208.0,0.0,0.0,China
Beijing,CN,2021-03-24,12:00:00,1616562000,13.2,7.5,20.0,20.9,357.0,0.0,0.0,China
Beijing,CN,2021-03-25,12:00:00,1616648400,12.8,3.4,21.9,20.9,202.0,0.0,0.0,China
Beijing,CN,2021-03-26,12:00:00,1616734800,12.3,10.3,13.8,10.1,11.0,1.8,0.0,China
Beijing,CN,2021-03-27,12:00:00,1616821200,13.9,9.6,19.9,18.8,201.0,0.0,0.0,China
Beijing,CN,2021-03-28,12:00:00,1616907600,13.4,8.5,17.8,35.0,318.0,0.0,0.0,China
Beijing,CN,2021-03-29,12:00:00,1616994000,12.9,4.8,18.7,16.5,275.0,0.0,0.0,China
Beijing,CN,2021-03-30,12:00:00,1617080400,12.9,4.2,20.9,26.3,214.0,0.0,0.0,China
Beijing,CN,2021-03-31,12:00:00,1617166800,15.7,7.3,24.4,14.5,27.0,0.0,0.0,China
Beijing,CN,2021-04-01,12:00:00,1617253200,14.2,8.5,18.2,14.0,47.0,0.0,0.0,China
Beijing,CN,2021-04-02,12:00:00,1617339600,13.6,11.8,16.0,13.1,353.0,0.4,0.0,China
Beijing,CN,2021-04-03,12:00:00,1617426000,13.3,9.1,18.1,28.6,21.0,0.7,0.0,China
Beijing,CN,2021-04-04,12:00:00,1617512400,12.9,6.8,19.4,16.9,292.0,0.0,0.0,China
Beijing,CN,2021-04-05,12:00:00,1617598800,12.8,6.3,18.5,27.9,219.0,0.0,0.0,China
Beijing,CN,2021-04-06,12:00:00,1617685200,14.2,5.3,20.8,18.2,237.0,0.0,0.0,China
Beijing,CN,2021-04-07,12:00:00,1617771600,13.6,8.2,20.1,22.7,105.0,0.0,0.0,China
Beijing,CN,2021-04-08,12:00:00,1617858000,11.7,3.5,19.3,15.2,169.0,0.0,0.0,China
Beijing,CN,2021-04-09,12:00:00,1617944400,13.3,7.7,20.0,18.9,91.0,0.2,0.0,China
Beijing,CN,2021-04-10,12:00:00,1618030800,14.0,6.7,21.1,26.1,182.0,0.0,0.0,China
Beijing,CN,2021-04-11,12:00:00,1618117200,15.6,11.6,19.5,17.7,188.0,0.0,0.0,China
Beijing,CN,2021-04-12,12:00:00,1618203600,13.1,8.6,17.9,36.0,350.0,0.1,0.0,China
Beijing,CN,2021-04-13,12:00:00,1618290000,10.7,3.4,16.5,25.8,303.0,0.0,0.0,China
Beijing,CN,2021-04-14,12:00:00,1618376400,13.8,2.9,21.9,26.8,216.0,0.0,0.0,China
Beijing,CN,2021-04-15,12:00:00,1618462800,15.1,9.5,23.2,29.5,246.0,0.6,0.0,China
Beijing,CN,2021-04-16,12:00:00,1618549200,11.3,4.0,17.5,32.8,309.0,0.0,0.0,China
Beijing,CN,2021-04-17,12:00:00,1618635600,13.1,6.5,20.2,25.9,298.0,0.0,0.0,China
Beijing,CN,2021-04-18,12:00:00,1618722000,15.5,5.1,24.5,26.1,218.0,0.0,0.0,China
Beijing,CN,2021-04-19,12:00:00,1618808400,18.5,8.5,27.9,21.3,216.0,0.0,0.0,China
Beijing,CN,2021-04-20,12:00:00,1618894800,20.4,13.2,27.0,22.9,197.0,0.0,0.0,China
Beijing,CN,2021-04-21,12:00:00,1618981200,17.4,12.2,22.6,23.5,186.0,0.0,0.0,China
Beijing,CN,2021-04-22,12:00:00,1619067600,12.8,10.5,16.7,13.0,84.0,2.9,0.0,China
Beijing,CN,2021-04-23,12:00:00,1619154000,15.3,8.6,22.4,21.8,74.0,0.0,0.0,China
Beijing,CN,2021-04-24,12:00:00,1619240400,16.3,10.9,21.4,14.1,58.0,0.0,0.0,China
Beijing,CN,2021-04-25,12:00:00,1619326800,16.2,11.5,21.3,18.3,164.0,0.0,0.0,China
Beijing,CN,2021-04-26,12:00:00,1619413200,16.1,11.5,21.5,23.0,195.0,0.1,0.0,China
Beijing,CN,2021-04-27,12:00:00,1619499600,16.4,7.4,22.0,31.9,310.0,0.0,0.0,China
Beijing,CN,2021-04-28,12:00:00,1619586000,16.7,9.4,23.1,24.4,225.0,0.0,0.0,China
Beijing,CN,2021-04-29,12:00:00,1619672400,15.0,8.1,20.9,35.2,338.0,0.0,0.0,China
Beijing,CN,2021-04-30,12:00:00,1619758800,11.2,8.5,13.8,19.4,275.0,0.6,0.0,China
Beijing,CN,2021-05-01,12:00:00,1619845200,13.5,4.3,20.5,33.8,349.0,0.0,0.0,China
Beijing,CN,2021-05-02,12:00:00,1619931600,14.4,5.7,20.8,26.3,207.0,0.0,0.0,China
Beijing,CN,2021-05-03,12:00:00,1620018000,17.1,10.2,23.2,20.5,203.0,0.0,0.0,China
Beijing,CN,2021-05-04,12:00:00,1620104400,17.5,11.5,23.0,37.7,311.0,0.0,0.0,China
Beijing,CN,2021-05-05,12:00:00,1620190800,18.9,9.6,27.8,36.5,218.0,0.0,0.0,China
Beijing,CN,2021-05-06,12:00:00,1620277200,19.8,13.8,29.0,38.8,274.0,0.0,0.0,China
Beijing,CN,2021-05-07,12:00:00,1620363600,20.1,12.9,26.9,38.0,266.0,0.0,0.0,China
Beijing,CN,2021-05-08,12:00:00,1620450000,20.8,16.2,26.1,34.4,341.0,0.0,0.0,China
Beijing,CN,2021-05-09,12:00:00,1620536400,19.4,11.5,26.9,16.6,122.0,0.1,0.0,China
Beijing,CN,2021-05-10,12:00:00,1620622800,18.8,12.1,25.3,21.1,148.0,0.0,0.0,China
Beijing,CN,2021-05-11,12:00:00,1620709200,17.6,9.7,24.9,21.3,160.0,0.0,0.0,China
Beijing,CN,2021-05-12,12:00:00,1620795600,20.1,12.1,27.0,11.8,80.0,0.0,0.0,China
Beijing,CN,2021-05-13,12:00:00,1620882000,20.3,15.0,25.7,12.5,126.0,0.0,0.0,China
Beijing,CN,2021-05-14,12:00:00,1620968400,20.2,15.5,26.4,19.4,119.0,0.2,0.0,China
Beijing,CN,2021-05-15,12:00:00,1621054800,18.3,17.1,21.0,32.8,9.0,0.7,0.0,China
Beijing,CN,2021-05-16,12:00:00,1621141200,20.0,15.7,25.7,28.2,310.0,0.7,0.0,China
Beijing,CN,2021-05-17,12:00:00,1621227600,21.6,10.5,30.5,19.5,233.0,0.0,0.0,China
Beijing,CN,2021-05-18,12:00:00,1621314000,23.8,14.8,32.1,21.2,216.0,0.0,0.0,China
Beijing,CN,2021-05-19,12:00:00,1621400400,23.9,15.5,30.6,23.1,208.0,0.0,0.0,China
Beijing,CN,2021-05-20,12:00:00,1621486800,22.9,18.8,27.1,18.2,203.0,0.0,0.0,China
Beijing,CN,2021-05-21,12:00:00,1621573200,23.6,15.9,30.5,22.6,209.0,0.0,0.0,China
Beijing,CN,2021-05-22,12:00:00,1621659600,25.5,18.0,32.6,31.8,218.0,9.9,0.0,China
Beijing,CN,2021-05-23,12:00:00,1621746000,20.3,14.8,27.0,29.3,320.0,12.1,0.0,China
Beijing,CN,2021-05-24,12:00:00,1621832400,18.5,12.1,22.9,22.2,271.0,0.0,0.0,China
Beijing,CN,2021-05-25,12:00:00,1621918800,19.3,9.4,27.7,23.2,209.0,0.0,0.0,China
Beijing,CN,2021-05-26,12:00:00,1622005200,20.6,13.7,28.1,23.1,359.0,0.0,0.0,China
Beijing,CN,2021-05-27,12:00:00,1622091600,20.3,12.6,26.9,26.3,318.0,0.0,0.0,China
Beijing,CN,2021-05-28,12:00:00,1622178000,22.4,17.6,29.1,33.3,328.0,0.0,0.0,China
Beijing,CN,2021-05-29,12:00:00,1622264400,20.9,15.6,26.6,25.9,76.0,0.0,0.0,China
Beijing,CN,2021-05-30,12:00:00,1622350800,20.7,14.5,27.1,19.5,159.0,0.2,0.0,China
Beijing,CN,2021-05-31,12:00:00,1622437200,17.5,13.3,22.5,10.1,70.0,2.2,0.0,China
Beijing,CN,2021-06-01,12:00:00,1622523600,20.6,12.8,27.7,20.0,129.0,0.0,0.0,China
Beijing,CN,2021-06-02,12:00:00,1622610000,21.8,17.5,27.0,29.4,356.0,0.1,0.0,China
Beijing,CN,2021-06-03,12:00:00,1622696400,22.0,16.8,28.8,24.2,322.0,0.0,0.0,China
Beijing,CN,2021-06-04,12:00:00,1622782800,24.1,14.6,30.2,31.3,322.0,0.0,0.0,China
Beijing,CN,2021-06-05,12:00:00,1622869200,25.4,15.4,33.3,18.9,319.0,0.0,0.0,China
Beijing,CN,2021-06-06,12:00:00,1622955600,25.4,17.9,33.1,19.0,70.0,0.2,0.0,China
Beijing,CN,2021-06-07,12:00:00,1623042000,23.9,19.8,28.7,18.0,78.0,0.1,0.0,China
Beijing,CN,2021-06-08,12:00:00,1623128400,24.2,17.4,30.7,10.5,98.0,0.3,0.0,China
Beijing,CN,2021-06-09,12:00:00,1623214800,22.0,19.5,25.5,14.1,24.0,16.1,0.0,China
Beijing,CN,2021-06-10,12:00:00,1623301200,24.0,18.4,30.5,19.6,304.0,2.1,0.0,China
Beijing,CN,2021-06-11,12:00:00,1623387600,26.4,17.3,34.6,20.0,215.0,0.0,0.0,China
Beijing,CN,2021-06-12,12:00:00,1623474000,28.8,20.3,35.9,19.4,207.0,0.0,0.0,China
Beijing,CN,2021-06-13,12:00:00,1623560400,27.8,22.7,34.0,19.5,174.0,4.6,0.0,China
Beijing,CN,2021-06-14,12:00:00,1623646800,25.3,23.0,28.3,13.5,115.0,1.1,0.0,China
Beijing,CN,2021-06-15,12:00:00,1623733200,25.7,22.2,31.4,20.1,122.0,0.1,0.0,China
Beijing,CN,2021-06-16,12:00:00,1623819600,21.8,19.8,23.6,14.4,163.0,5.1,0.0,China
Beijing,CN,2021-06-17,12:00:00,1623906000,25.6,19.6,32.6,26.6,303.0,0.0,0.0,China
Beijing,CN,2021-06-18,12:00:00,1623992400,26.8,19.5,33.6,25.8,293.0,0.0,0.0,China
Beijing,CN,2021-06-19,12:00:00,1624078800,28.3,18.9,36.6,28.9,310.0,0.0,0.0,China
Beijing,CN,2021-06-20,12:00:00,1624165200,29.2,19.4,37.0,19.8,310.0,0.0,0.0,China
Beijing,CN,2021-06-21,12:00:00,1624251600,28.7,21.1,35.7,21.1,65.0,0.0,0.0,China
Beijing,CN,2021-06-22,12:00:00,1624338000,27.6,21.5,33.1,21.1,168.0,0.0,0.0,China
Beijing,CN,2021-06-23,12:00:00,1624424400,24.3,21.2,28.9,15.6,139.0,0.8,0.0,China
Beijing,CN,2021-06-24,12:00:00,1624510800,24.4,21.2,29.3,18.8,209.0,0.0,0.0,China
Beijing,CN,2021-06-25,12:00:00,1624597200,24.9,21.1,30.4,19.7,176.0,4.0,0.0,China
Beijing,CN,2021-06-26,12:00:00,1624683600,24.7,19.6,30.8,28.8,53.0,2.8,0.0,China
Beijing,CN,2021-06-27,12:00:00,1624770000,27.0,21.1,32.2,13.7,90.0,0.0,0.0,China
Beijing,CN,2021-06-28,12:00:00,1624856400,27.4,22.8,33.0,16.8,132.0,0.3,0.0,China
Beijing,CN,2021-06-29,12:00:00,1624942800,24.9,21.3,28.6,18.2,136.0,6.4,0.0,China
Beijing,CN,2021-06-30,12:00:00,1625029200,26.2,19.0,32.6,24.5,65.0,4.0,0.0,China
Beijing,CN,2021-07-01,12:00:00,1625115600,23.9,19.1,32.1,13.8,143.0,14.9,0.0,China
Beijing,CN,2021-07-02,12:00:00,1625202000,24.8,17.8,32.4,18.4,179.0,2.6,0.0,China
Beijing,CN,2021-07-03,12:00:00,1625288400,23.2,19.9,26.7,16.6,43.0,41.8,0.0,China
Beijing,CN,2021-07-04,12:00:00,1625374800,25.4,19.6,31.0,17.4,191.0,0.1,0.0,China
Beijing,CN,2021-07-05,12:00:00,1625461200,25.6,22.1,30.8,10.2,351.0,9.6,0.0,China
Beijing,CN,2021-07-06,12:00:00,1625547600,24.5,20.7,28.8,10.7,23.0,16.7,0.0,China
Beijing,CN,2021-07-07,12:00:00,1625634000,26.2,21.3,31.3,13.5,263.0,0.0,0.0,China
Beijing,CN,2021-07-08,12:00:00,1625720400,26.5,21.7,31.6,9.2,191.0,0.0,0.0,China
Beijing,CN,2021-07-09,12:00:00,1625806800,26.7,21.4,31.6,10.6,50.0,0.0,0.0,China
Beijing,CN,2021-07-10,12:00:00,1625893200,28.1,23.1,32.9,8.8,65.0,0.0,0.0,China
Beijing,CN,2021-07-11,12:00:00,1625979600,27.4,23.8,32.7,21.8,79.0,2.6,0.0,China
Beijing,CN,2021-07-12,12:00:00,1626066000,24.4,22.8,27.5,29.2,36.0,72.7,0.0,China
Beijing,CN,2021-07-13,12:00:00,1626152400,26.0,23.0,30.0,7.6,57.0,2.6,0.0,China
Beijing,CN,2021-07-14,12:00:00,1626238800,26.8,24.2,30.3,10.6,105.0,2.6,0.0,China
Beijing,CN,2021-07-15,12:00:00,1626325200,27.6,24.2,31.5,11.4,105.0,0.2,0.0,China
Beijing,CN,2021-07-16,12:00:00,1626411600,26.7,23.9,29.9,14.5,82.0,0.3,0.0,China
Beijing,CN,2021-07-17,12:00:00,1626498000,25.9,23.6,28.5,15.9,103.0,12.6,0.0,China
Beijing,CN,2021-07-18,12:00:00,1626584400,24.5,22.9,26.6,8.6,66.0,26.4,0.0,China
Beijing,CN,2021-07-19,12:00:00,1626670800,25.4,22.6,29.4,12.3,90.0,24.1,0.0,China
Beijing,CN,2021-07-20,12:00:00,1626757200,26.3,22.8,29.7,9.8,128.0,5.4,0.0,China
Beijing,CN,2021-07-21,12:00:00,1626843600,24.9,22.1,27.0,10.8,39.0,10.6,0.0,China
Beijing,CN,2021-07-22,12:00:00,1626930000,24.4,21.8,27.0,12.6,22.0,21.1,0.0,China
Beijing,CN,2021-07-23,12:00:00,1627016400,25.8,21.1,30.5,14.8,180.0,0.0,0.0,China
Beijing,CN,2021-07-24,12:00:00,1627102800,27.2,22.4,31.4,15.7,202.0,0.3,0.0,China
Beijing,CN,2021-07-25,12:00:00,1627189200,28.3,24.7,31.7,16.7,187.0,0.5,0.0,China
Beijing,CN,2021-07-26,12:00:00,1627275600,27.4,24.9,29.8,14.2,191.0,3.1,0.0,China
Beijing,CN,2021-07-27,12:00:00,1627362000,24.7,23.3,26.8,12.3,12.0,14.1,0.0,China
Beijing,CN,2021-07-28,12:00:00,1627448400,24.3,23.1,25.7,9.9,23.0,41.4,0.0,China
Beijing,CN,2021-07-29,12:00:00,1627534800,23.4,21.8,24.8,18.1,356.0,21.7,0.0,China
Beijing,CN,2021-07-30,12:00:00,1627621200,24.2,21.7,27.9,21.3,358.0,7.9,0.0,China
Beijing,CN,2021-07-31,12:00:00,1627707600,26.4,20.7,31.6,14.1,234.0,0.0,0.0,China
Beijing,CN,2021-08-01,12:00:00,1627794000,26.6,23.2,31.4,27.4,350.0,0.0,0.0,China
Beijing,CN,2021-08-02,12:00:00,1627880400,25.9,22.2,30.2,14.1,26.0,0.0,0.0,China
Beijing,CN,2021-08-03,12:00:00,1627966800,25.6,22.0,29.7,15.9,183.0,0.9,0.0,China
Beijing,CN,2021-08-04,12:00:00,1628053200,26.6,23.1,30.8,12.2,185.0,8.9,0.0,China
Beijing,CN,2021-08-05,12:00:00,1628139600,25.6,21.4,29.6,13.1,117.0,0.6,0.0,China
Beijing,CN,2021-08-06,12:00:00,1628226000,25.6,20.6,30.3,10.7,224.0,0.0,0.0,China
Beijing,CN,2021-08-07,12:00:00,1628312400,26.3,21.4,31.4,10.6,281.0,0.0,0.0,China
Beijing,CN,2021-08-08,12:00:00,1628398800,26.5,21.9,30.9,15.1,219.0,0.0,0.0,China
Beijing,CN,2021-08-09,12:00:00,1628485200,25.5,22.0,29.3,13.2,206.0,5.3,0.0,China
Beijing,CN,2021-08-10,12:00:00,1628571600,25.8,20.9,31.0,13.8,243.0,0.0,0.0,China
Beijing,CN,2021-08-11,12:00:00,1628658000,25.2,21.2,29.3,13.2,56.0,0.0,0.0,China
Beijing,CN,2021-08-12,12:00:00,1628744400,24.6,22.4,27.7,10.2,123.0,5.5,0.0,China
Beijing,CN,2021-08-13,12:00:00,1628830800,24.2,20.8,28.4,11.2,165.0,1.8,0.0,China
Beijing,CN,2021-08-14,12:00:00,1628917200,23.5,20.8,26.6,13.6,152.0,4.4,0.0,China
Beijing,CN,2021-08-15,12:00:00,1629003600,23.4,20.4,26.5,14.1,149.0,7.1,0.0,China
Beijing,CN,2021-08-16,12:00:00,1629090000,23.5,20.5,27.6,10.2,93.0,5.0,0.0,China
Beijing,CN,2021-08-17,12:00:00,1629176400,24.1,21.1,28.3,10.1,24.0,15.2,0.0,China
Beijing,CN,2021-08-18,12:00:00,1629262800,23.7,18.7,28.0,11.4,209.0,0.4,0.0,China
Beijing,CN,2021-08-19,12:00:00,1629349200,21.5,19.5,22.8,9.9,161.0,23.9,0.0,China
Beijing,CN,2021-08-20,12:00:00,1629435600,22.8,18.1,27.1,10.6,43.0,0.0,0.0,China
Beijing,CN,2021-08-21,12:00:00,1629522000,24.2,19.1,29.2,13.4,251.0,0.0,0.0,China
Beijing,CN,2021-08-22,12:00:00,1629608400,25.8,21.7,30.1,18.8,205.0,0.4,0.0,China
Beijing,CN,2021-08-23,12:00:00,1629694800,25.0,21.6,28.7,18.6,214.0,12.8,0.0,China
Beijing,CN,2021-08-24,12:00:00,1629781200,22.2,18.9,26.2,11.8,266.0,12.7,0.0,China
Beijing,CN,2021-08-25,12:00:00,1629867600,21.2,16.7,26.5,14.7,287.0,0.0,0.0,China
Beijing,CN,2021-08-26,12:00:00,1629954000,22.1,17.0,27.8,17.4,284.0,0.0,0.0,China
Beijing,CN,2021-08-27,12:00:00,1630040400,22.1,16.6,28.4,19.6,303.0,0.0,0.0,China
Beijing,CN,2021-08-28,12:00:00,1630126800,21.1,16.9,25.5,12.6,335.0,0.0,0.0,China
Beijing,CN,2021-08-29,12:00:00,1630213200,22.4,17.4,27.2,10.4,255.0,0.0,0.0,China
Beijing,CN,2021-08-30,12:00:00,1630299600,22.8,17.9,27.2,7.9,156.0,0.0,0.0,China
Beijing,CN,2021-08-31,12:00:00,1630386000,22.4,18.5,26.4,13.5,213.0,0.3,0.0,China
Beijing,CN,2021-09-01,12:00:00,1630472400,22.1,16.4,27.9,14.2,216.0,0.0,0.0,China
Beijing,CN,2021-09-02,12:00:00,1630558800,23.0,17.0,28.8,15.9,213.0,0.0,0.0,China
Beijing,CN,2021-09-03,12:00:00,1630645200,24.2,19.2,29.9,9.0,240.0,0.0,0.0,China
Beijing,CN,2021-09-04,12:00:00,1630731600,21.9,20.6,24.3,11.9,92.0,17.5,0.0,China
Beijing,CN,2021-09-05,12:00:00,1630818000,21.8,19.8,24.4,9.2,33.0,1.0,0.0,China
Beijing,CN,2021-09-06,12:00:00,1630904400,19.5,15.2,21.4,21.3,4.0,52.1,0.0,China
Beijing,CN,2021-09-07,12:00:00,1630990800,19.7,13.5,26.2,15.6,198.0,0.0,0.0,China
Beijing,CN,2021-09-08,12:00:00,1631077200,21.9,16.3,27.1,10.6,199.0,0.0,0.0,China
Beijing,CN,2021-09-09,12:00:00,1631163600,21.4,18.2,25.8,13.6,64.0,0.3,0.0,China
Beijing,CN,2021-09-10,12:00:00,1631250000,22.0,16.7,27.7,15.1,18.0,0.0,0.0,China
Beijing,CN,2021-09-11,12:00:00,1631336400,24.2,19.5,29.1,12.7,13.0,0.0,0.0,China
Beijing,CN,2021-09-12,12:00:00,1631422800,22.6,20.7,25.3,11.6,61.0,20.6,0.0,China
Beijing,CN,2021-09-13,12:00:00,1631509200,22.9,19.5,27.3,10.4,33.0,1.7,0.0,China
Beijing,CN,2021-09-14,12:00:00,1631595600,21.7,18.6,23.9,8.8,60.0,1.1,0.0,China
Beijing,CN,2021-09-15,12:00:00,1631682000,20.6,17.2,23.8,9.7,169.0,0.0,0.0,China
Beijing,CN,2021-09-16,12:00:00,1631768400,20.4,18.3,23.3,10.4,16.0,2.5,0.0,China
Beijing,CN,2021-09-17,12:00:00,1631854800,20.1,15.9,24.9,11.2,314.0,0.0,0.0,China
Beijing,CN,2021-09-18,12:00:00,1631941200,19.8,15.6,23.3,9.5,9.0,0.0,0.0,China
Beijing,CN,2021-09-19,12:00:00,1632027600,17.5,15.6,19.0,13.0,136.0,16.7,0.0,China
Beijing,CN,2021-09-20,12:00:00,1632114000,17.9,15.6,21.9,30.2,350.0,14.6,0.0,China
Beijing,CN,2021-09-21,12:00:00,1632200400,18.9,12.2,25.7,16.4,326.0,0.0,0.0,China
Beijing,CN,2021-09-22,12:00:00,1632286800,19.1,12.1,26.2,10.5,256.0,0.0,0.0,China
Beijing,CN,2021-09-23,12:00:00,1632373200,20.6,15.1,26.1,13.0,112.0,0.1,0.0,China
Beijing,CN,2021-09-24,12:00:00,1632459600,19.3,18.1,20.9,17.4,72.0,32.8,0.0,China
Beijing,CN,2021-09-25,12:00:00,1632546000,20.2,17.5,23.7,13.8,104.0,5.1,0.0,China
Beijing,CN,2021-09-26,12:00:00,1632632400,19.6,18.4,21.4,10.4,23.0,2.7,0.0,China
Beijing,CN,2021-09-27,12:00:00,1632718800,20.5,16.2,25.5,11.7,334.0,0.2,0.0,China
Beijing,CN,2021-09-28,12:00:00,1632805200,20.1,17.0,24.2,21.4,196.0,0.0,0.0,China
Beijing,CN,2021-09-29,12:00:00,1632891600,20.1,16.5,24.6,17.4,53.0,0.0,0.0,China
Beijing,CN,2021-09-30,12:00:00,1632978000,19.2,16.8,22.7,15.0,42.0,0.7,0.0,China
Beijing,CN,2021-10-01,12:00:00,1633064400,17.1,13.9,20.9,16.4,52.0,0.0,0.0,China
Beijing,CN,2021-10-02,12:00:00,1633150800,18.1,16.3,20.1,11.5,143.0,2.4,0.0,China
Beijing,CN,2021-10-03,12:00:00,1633237200,19.8,17.9,22.5,22.6,20.0,13.0,0.0,China
Beijing,CN,2021-10-04,12:00:00,1633323600,15.5,12.2,18.6,22.0,355.0,16.1,0.0,China
Beijing,CN,2021-10-05,12:00:00,1633410000,13.2,11.9,15.0,11.1,328.0,11.3,0.0,China
Beijing,CN,2021-10-06,12:00:00,1633496400,11.2,8.2,12.8,14.5,347.0,13.6,0.0,China
Beijing,CN,2021-10-07,12:00:00,1633582800,11.4,6.1,17.6,9.2,248.0,0.0,0.0,China
Beijing,CN,2021-10-08,12:00:00,1633669200,13.1,7.2,18.6,8.7,224.0,0.0,0.0,China
Beijing,CN,2021-10-09,12:00:00,1633755600,14.2,13.5,15.0,15.8,212.0,4.0,0.0,China
Beijing,CN,2021-10-10,12:00:00,1633842000,13.5,8.5,16.6,23.7,325.0,0.0,0.0,China
Beijing,CN,2021-10-11,12:00:00,1633928400,10.4,5.5,17.2,13.8,340.0,0.0,0.0,China
Beijing,CN,2021-10-12,12:00:00,1634014800,11.0,5.1,17.7,11.2,323.0,0.0,0.0,China
Beijing,CN,2021-10-13,12:00:00,1634101200,13.5,9.5,18.0,9.9,217.0,0.0,0.0,China
Beijing,CN,2021-10-14,12:00:00,1634187600,15.6,12.8,20.3,15.3,299.0,0.0,0.0,China
Beijing,CN,2021-10-15,12:00:00,1634274000,14.1,10.1,18.6,33.8,358.0,0.0,0.0,China
Beijing,CN,2021-10-16,12:00:00,1634360400,7.2,2.0,10.6,29.3,352.0,0.0,0.0,China
Beijing,CN,2021-10-17,12:00:00,1634446800,6.5,0.1,12.6,19.9,217.0,0.0,0.0,China
Beijing,CN,2021-10-18,12:00:00,1634533200,8.3,1.9,15.6,18.2,26.0,0.0,0.0,China
Beijing,CN,2021-10-19,12:00:00,1634619600,7.0,2.6,11.2,17.3,11.0,0.0,0.0,China
Beijing,CN,2021-10-20,12:00:00,1634706000,6.1,0.8,12.5,16.4,260.0,0.0,0.0,China
Beijing,CN,2021-10-21,12:00:00,1634792400,9.5,1.5,17.4,23.8,337.0,0.0,0.0,China
Beijing,CN,2021-10-22,12:00:00,1634878800,9.5,4.1,15.7,14.9,353.0,0.0,0.0,China
Beijing,CN,2021-10-23,12:00:00,1634965200,8.1,3.0,15.4,13.4,241.0,0.0,0.0,China
Beijing,CN,2021-10-24,12:00:00,1635051600,9.0,2.9,16.2,10.7,321.0,0.0,0.0,China
Beijing,CN,2021-10-25,12:00:00,1635138000,10.3,4.9,16.7,10.7,322.0,0.0,0.0,China
Beijing,CN,2021-10-26,12:00:00,1635224400,13.0,7.3,20.1,22.1,354.0,0.0,0.0,China
Beijing,CN,2021-10-27,12:00:00,1635310800,11.3,5.5,18.1,16.7,303.0,0.0,0.0,China
Beijing,CN,2021-10-28,12:00:00,1635397200,11.1,7.2,16.3,11.9,6.0,0.0,0.0,China
Beijing,CN,2021-10-29,12:00:00,1635483600,10.5,5.9,17.1,10.9,360.0,0.5,0.0,China
Beijing,CN,2021-10-30,12:00:00,1635570000,11.5,6.0,18.1,13.4,316.0,0.0,0.0,China
Beijing,CN,2021-10-31,12:00:00,1635656400,11.5,7.9,15.8,23.0,6.0,0.7,0.0,China
Beijing,CN,2021-11-01,12:00:00,1635742800,8.5,4.9,13.2,10.0,151.0,0.7,0.0,China
Beijing,CN,2021-11-02,12:00:00,1635829200,7.2,3.6,12.4,7.9,13.0,0.4,0.0,China
Beijing,CN,2021-11-03,12:00:00,1635915600,8.3,4.2,14.4,10.1,125.0,0.0,0.0,China
Beijing,CN,2021-11-04,12:00:00,1636002000,8.9,5.2,15.1,9.5,53.0,0.0,0.0,China
Beijing,CN,2021-11-05,12:00:00,1636088400,10.1,5.4,16.4,10.2,35.0,1.7,0.0,China
Beijing,CN,2021-11-06,12:00:00,1636174800,7.9,-1.2,13.8,32.9,358.0,8.2,2.38,China
Beijing,CN,2021-11-07,12:00:00,1636261200,-1.5,-3.7,0.9,29.2,350.0,12.0,8.4,China
Beijing,CN,2021-11-08,12:00:00,1636347600,0.5,-2.9,4.9,20.9,310.0,0.0,0.0,China
Beijing,CN,2021-11-09,12:00:00,1636434000,4.7,-1.4,9.5,29.3,307.0,0.0,0.0,China
Beijing,CN,2021-11-10,12:00:00,1636520400,7.2,2.9,13.0,27.1,319.0,0.0,0.0,China
Beijing,CN,2021-11-11,12:00:00,1636606800,5.7,0.9,11.0,25.3,325.0,0.0,0.0,China
Beijing,CN,2021-11-12,12:00:00,1636693200,5.3,-1.0,13.2,11.5,230.0,0.0,0.0,China
Beijing,CN,2021-11-13,12:00:00,1636779600,6.2,-0.8,13.7,14.4,311.0,0.0,0.0,China
Beijing,CN,2021-11-14,12:00:00,1636866000,6.3,0.3,13.0,13.8,352.0,0.0,0.0,China
Beijing,CN,2021-11-15,12:00:00,1636952400,4.3,0.5,8.8,13.3,8.0,0.0,0.0,China
Beijing,CN,2021-11-16,12:00:00,1637038800,4.2,-1.3,10.8,12.8,258.0,0.0,0.0,China
Beijing,CN,2021-11-17,12:00:00,1637125200,4.5,-0.0,11.0,10.7,260.0,0.0,0.0,China
Beijing,CN,2021-11-18,12:00:00,1637211600,4.7,0.8,9.6,19.1,11.0,0.0,0.0,China
Beijing,CN,2021-11-19,12:00:00,1637298000,5.0,-0.4,8.5,16.7,43.0,0.1,0.0,China
Beijing,CN,2021-11-20,12:00:00,1637384400,4.7,1.3,8.3,10.2,30.0,0.0,0.0,China
Beijing,CN,2021-11-21,12:00:00,1637470800,3.1,-0.3,7.2,36.7,315.0,0.0,0.0,China
Beijing,CN,2021-11-22,12:00:00,1637557200,-1.0,-3.5,2.7,25.5,314.0,0.0,0.0,China
Beijing,CN,2021-11-23,12:00:00,1637643600,-0.8,-5.4,5.9,13.0,226.0,0.0,0.0,China
Beijing,CN,2021-11-24,12:00:00,1637730000,1.4,-4.4,8.2,9.9,260.0,0.0,0.0,China
Beijing,CN,2021-11-25,12:00:00,1637816400,3.3,-0.9,9.8,18.1,332.0,0.0,0.0,China
Beijing,CN,2021-11-26,12:00:00,1637902800,3.5,-0.5,9.6,21.1,32.0,0.0,0.0,China
Beijing,CN,2021-11-27,12:00:00,1637989200,0.7,-3.9,5.8,8.4,17.0,0.0,0.0,China
Beijing,CN,2021-11-28,12:00:00,1638075600,4.0,-0.5,9.4,10.5,11.0,0.0,0.0,China
Beijing,CN,2021-11-29,12:00:00,1638162000,2.5,-2.1,5.9,18.1,10.0,1.2,0.0,China
Beijing,CN,2021-11-30,12:00:00,1638248400,1.1,-2.0,5.1,31.3,320.0,0.0,0.0,China
Beijing,CN,2021-12-01,12:00:00,1638334800,0.5,-4.5,6.8,15.5,234.0,0.0,0.0,China
Beijing,CN,2021-12-02,12:00:00,1638421200,3.1,-4.0,11.1,17.6,279.0,0.0,0.0,China
Beijing,CN,2021-12-03,12:00:00,1638507600,3.8,-1.8,11.0,16.5,274.0,0.0,0.0,China
Beijing,CN,2021-12-04,12:00:00,1638594000,3.8,-1.3,9.8,12.6,34.0,0.0,0.0,China
Beijing,CN,2021-12-05,12:00:00,1638680400,1.2,-3.4,8.4,10.5,316.0,0.0,0.0,China
Beijing,CN,2021-12-06,12:00:00,1638766800,4.4,0.6,10.4,26.6,357.0,0.0,0.0,China
Beijing,CN,2021-12-07,12:00:00,1638853200,1.1,-3.6,7.1,9.8,347.0,0.0,0.0,China
Beijing,CN,2021-12-08,12:00:00,1638939600,0.8,-3.4,6.1,9.4,30.0,0.4,0.0,China
Beijing,CN,2021-12-09,12:00:00,1639026000,1.9,-2.2,4.9,8.8,344.0,3.0,0.07,China
Beijing,CN,2021-12-10,12:00:00,1639112400,2.2,-2.2,8.8,15.5,9.0,0.0,0.0,China
Beijing,CN,2021-12-11,12:00:00,1639198800,3.2,-2.7,9.3,26.6,325.0,0.0,0.0,China
Beijing,CN,2021-12-12,12:00:00,1639285200,-1.8,-4.8,2.6,18.0,330.0,0.0,0.0,China
Beijing,CN,2021-12-13,12:00:00,1639371600,-3.1,-6.7,2.6,11.2,211.0,0.0,0.0,China
Beijing,CN,2021-12-14,12:00:00,1639458000,-2.2,-6.5,4.6,13.3,275.0,0.0,0.0,China
Beijing,CN,2021-12-15,12:00:00,1639544400,-1.1,-4.1,3.9,10.0,16.0,0.0,0.0,China
Beijing,CN,2021-12-16,12:00:00,1639630800,-0.6,-4.6,3.6,25.9,335.0,0.0,0.0,China
Beijing,CN,2021-12-17,12:00:00,1639717200,-5.1,-8.1,-1.0,19.5,289.0,0.0,0.0,China
Beijing,CN,2021-12-18,12:00:00,1639803600,-2.9,-6.9,4.7,20.6,236.0,0.0,0.0,China
Beijing,CN,2021-12-19,12:00:00,1639890000,-1.2,-4.6,5.8,11.6,221.0,0.0,0.0,China
Beijing,CN,2021-12-20,12:00:00,1639976400,1.1,-4.0,9.8,11.0,272.0,0.0,0.0,China
Beijing,CN,2021-12-21,12:00:00,1640062800,0.8,-3.0,5.8,12.3,56.0,0.0,0.0,China
Beijing,CN,2021-12-22,12:00:00,1640149200,0.0,-3.1,4.0,11.4,66.0,0.0,0.0,China
Beijing,CN,2021-12-23,12:00:00,1640235600,-2.4,-4.1,-0.9,9.7,47.0,0.1,0.07,China
Beijing,CN,2021-12-24,12:00:00,1640322000,-6.5,-9.1,-2.5,26.3,38.0,0.0,0.0,China
Beijing,CN,2021-12-25,12:00:00,1640408400,-8.7,-11.2,-5.0,26.0,349.0,0.0,0.0,China
Beijing,CN,2021-12-26,12:00:00,1640494800,-7.2,-11.5,-1.5,15.8,239.0,0.0,0.0,China
Beijing,CN,2021-12-27,12:00:00,1640581200,-2.9,-7.1,3.5,11.3,221.0,0.0,0.0,China
Beijing,CN,2021-12-28,12:00:00,1640667600,-2.4,-5.6,3.3,17.4,241.0,0.0,0.0,China
Beijing,CN,2021-12-29,12:00:00,1640754000,-0.6,-4.1,4.5,24.5,333.0,0.0,0.0,China
Beijing,CN,2021-12-30,12:00:00,1640840400,0.0,-4.7,4.7,24.0,338.0,0.0,0.0,China
Beijing,CN,2021-12-31,12:00:00,1640926800,-2.9,-6.7,2.2,8.2,86.0,0.0,0.0,China
Beijing,CN,2022-01-01,12:00:00,1641013200,-1.9,-6.3,6.4,31.1,339.0,0.0,0.0,China
Beijing,CN,2022-01-02,12:00:00,1641099600,-3.7,-7.0,0.9,17.1,167.0,0.0,0.0,China
Beijing,CN,2022-01-03,12:00:00,1641186000,-2.5,-6.6,4.5,10.5,352.0,0.0,0.0,China
Beijing,CN,2022-01-04,12:00:00,1641272400,-2.9,-6.6,1.9,12.3,35.0,0.0,0.0,China
Beijing,CN,2022-01-05,12:00:00,1641358800,-2.9,-5.9,2.3,10.3,4.0,0.0,0.0,China
Beijing,CN,2022-01-06,12:00:00,1641445200,-2.7,-6.6,3.5,13.4,22.0,0.0,0.0,China
Beijing,CN,2022-01-07,12:00:00,1641531600,-2.5,-5.8,4.1,12.3,246.0,0.0,0.0,China
Beijing,CN,2022-01-08,12:00:00,1641618000,-0.0,-6.5,7.6,13.4,10.0,0.0,0.0,China
Beijing,CN,2022-01-09,12:00:00,1641704400,-2.2,-5.1,0.8,11.9,23.0,0.0,0.0,China
Beijing,CN,2022-01-10,12:00:00,1641790800,-2.4,-6.0,1.6,24.7,7.0,0.0,0.0,China
Beijing,CN,2022-01-11,12:00:00,1641877200,-5.4,-8.1,-0.8,11.2,114.0,0.0,0.0,China
Beijing,CN,2022-01-12,12:00:00,1641963600,-4.0,-7.3,2.2,23.7,2.0,0.0,0.0,China
Beijing,CN,2022-01-13,12:00:00,1642050000,-2.8,-6.2,2.4,15.8,238.0,0.0,0.0,China
Beijing,CN,2022-01-14,12:00:00,1642136400,-3.6,-7.3,1.4,11.1,233.0,0.0,0.0,China
Beijing,CN,2022-01-15,12:00:00,1642222800,-2.2,-6.1,2.5,32.5,353.0,0.0,0.0,China
Beijing,CN,2022-01-16,12:00:00,1642309200,-4.7,-7.6,-0.9,16.9,288.0,0.0,0.0,China
Beijing,CN,2022-01-17,12:00:00,1642395600,-2.8,-6.6,3.4,16.3,285.0,0.0,0.0,China
Beijing,CN,2022-01-18,12:00:00,1642482000,-3.1,-7.2,2.7,9.1,20.0,0.0,0.0,China
Beijing,CN,2022-01-19,12:00:00,1642568400,-3.7,-5.6,-0.4,15.5,140.0,0.0,0.0,China
Beijing,CN,2022-01-20,12:00:00,1642654800,-4.0,-5.6,-1.8,14.8,179.0,0.2,0.14,China
Beijing,CN,2022-01-21,12:00:00,1642741200,-3.4,-6.3,-0.9,10.5,165.0,0.2,0.14,China
Beijing,CN,2022-01-22,12:00:00,1642827600,-3.0,-5.3,-0.4,9.0,50.0,1.6,1.05,China
Beijing,CN,2022-01-23,12:00:00,1642914000,-2.6,-5.0,0.7,8.4,16.0,0.0,0.0,China
Beijing,CN,2022-01-24,12:00:00,1643000400,-2.5,-5.1,1.8,11.2,226.0,0.0,0.0,China
Beijing,CN,2022-01-25,12:00:00,1643086800,-0.8,-5.4,5.2,21.2,338.0,0.0,0.0,China
Beijing,CN,2022-01-26,12:00:00,1643173200,-2.6,-4.6,1.3,19.1,17.0,0.0,0.0,China
Beijing,CN,2022-01-27,12:00:00,1643259600,-3.4,-6.2,1.9,20.0,26.0,0.0,0.0,China
Beijing,CN,2022-01-28,12:00:00,1643346000,-3.7,-7.2,1.7,13.8,14.0,0.0,0.0,China
Beijing,CN,2022-01-29,12:00:00,1643432400,-3.2,-6.8,2.9,11.4,77.0,0.0,0.0,China
Beijing,CN,2022-01-30,12:00:00,1643518800,-2.4,-7.4,4.5,18.9,185.0,0.9,0.63,China
Beijing,CN,2022-01-31,12:00:00,1643605200,-2.6,-6.1,1.0,28.5,332.0,0.0,0.0,China
Beijing,CN,2022-02-01,12:00:00,1643691600,-4.6,-7.5,0.5,18.6,349.0,0.0,0.0,China
Beijing,CN,2022-02-02,12:00:00,1643778000,-3.9,-8.4,2.5,15.6,349.0,0.0,0.0,China
Beijing,CN,2022-02-03,12:00:00,1643864400,-3.2,-6.1,2.8,23.3,11.0,0.0,0.0,China
Beijing,CN,2022-02-04,12:00:00,1643950800,-4.5,-7.5,0.6,19.9,348.0,0.0,0.0,China
Beijing,CN,2022-02-05,12:00:00,1644037200,-2.8,-7.3,4.8,19.4,312.0,0.0,0.0,China
Beijing,CN,2022-02-06,12:00:00,1644123600,-0.9,-5.1,6.1,16.8,324.0,0.0,0.0,China
Beijing,CN,2022-02-07,12:00:00,1644210000,-1.6,-4.8,3.8,15.7,14.0,0.0,0.0,China
Beijing,CN,2022-02-08,12:00:00,1644296400,-0.9,-5.1,6.7,12.2,331.0,0.0,0.0,China
Beijing,CN,2022-02-09,12:00:00,1644382800,-0.7,-5.5,6.8,12.4,20.0,0.0,0.0,China
Beijing,CN,2022-02-10,12:00:00,1644469200,0.3,-5.5,8.4,17.3,223.0,0.0,0.0,China
Beijing,CN,2022-02-11,12:00:00,1644555600,1.3,-3.3,7.2,17.4,57.0,0.0,0.0,China
Beijing,CN,2022-02-12,12:00:00,1644642000,-2.0,-4.5,1.0,9.5,52.0,0.0,0.0,China
Beijing,CN,2022-02-13,12:00:00,1644728400,-4.5,-5.7,-3.7,11.3,86.0,3.1,2.17,China
Beijing,CN,2022-02-14,12:00:00,1644814800,-5.6,-8.7,-0.9,23.8,356.0,0.0,0.0,China
Beijing,CN,2022-02-15,12:00:00,1644901200,-7.6,-11.7,-2.9,15.3,50.0,0.0,0.0,China
Beijing,CN,2022-02-16,12:00:00,1644987600,-7.2,-11.8,-2.0,11.9,67.0,0.0,0.0,China
Beijing,CN,2022-02-17,12:00:00,1645074000,-5.3,-9.9,-0.6,17.9,161.0,0.0,0.0,China
Beijing,CN,2022-02-18,12:00:00,1645160400,-2.5,-6.1,4.6,25.8,323.0,0.0,0.0,China
Beijing,CN,2022-02-19,12:00:00,1645246800,-4.2,-7.9,0.8,26.0,330.0,0.0,0.0,China
Beijing,CN,2022-02-20,12:00:00,1645333200,-2.6,-8.1,5.2,20.2,332.0,0.0,0.0,China
Beijing,CN,2022-02-21,12:00:00,1645419600,-2.4,-7.5,4.2,20.5,332.0,0.0,0.0,China
Beijing,CN,2022-02-22,12:00:00,1645506000,-2.8,-7.3,3.9,14.4,345.0,0.0,0.0,China
Beijing,CN,2022-02-23,12:00:00,1645592400,-1.9,-7.1,5.5,11.6,305.0,0.0,0.0,China
Beijing,CN,2022-02-24,12:00:00,1645678800,0.1,-5.6,8.9,12.6,215.0,0.0,0.0,China
Beijing,CN,2022-02-25,12:00:00,1645765200,2.3,-3.9,11.5,14.3,266.0,0.0,0.0,China
Beijing,CN,2022-02-26,12:00:00,1645851600,4.2,-1.2,10.8,25.5,322.0,0.0,0.0,China
Beijing,CN,2022-02-27,12:00:00,1645938000,4.3,-2.9,13.7,13.8,171.0,0.0,0.0,China
Beijing,CN,2022-02-28,12:00:00,1646024400,4.9,-0.8,12.1,39.4,359.0,0.0,0.0,China
Beijing,CN,2022-03-01,12:00:00,1646110800,4.2,-2.3,10.5,26.1,268.0,0.0,0.0,China
Beijing,CN,2022-03-02,12:00:00,1646197200,5.3,-3.9,15.6,15.5,292.0,0.0,0.0,China
Beijing,CN,2022-03-03,12:00:00,1646283600,3.4,-2.7,10.6,12.9,28.0,0.0,0.0,China
Beijing,CN,2022-03-04,12:00:00,1646370000,3.3,-3.3,9.9,41.2,327.0,0.0,0.0,China
Beijing,CN,2022-03-05,12:00:00,1646456400,3.4,-3.8,9.8,19.3,328.0,0.0,0.0,China
Beijing,CN,2022-03-06,12:00:00,1646542800,2.2,-5.3,11.5,18.7,142.0,0.0,0.0,China
Beijing,CN,2022-03-07,12:00:00,1646629200,6.3,-2.8,15.6,12.7,244.0,0.0,0.0,China
Beijing,CN,2022-03-08,12:00:00,1646715600,7.1,-1.9,15.5,11.9,44.0,0.0,0.0,China
Beijing,CN,2022-03-09,12:00:00,1646802000,8.8,1.1,17.5,12.3,83.0,0.0,0.0,China
Beijing,CN,2022-03-10,12:00:00,1646888400,10.3,2.5,20.0,10.0,39.0,0.0,0.0,China
Beijing,CN,2022-03-11,12:00:00,1646974800,9.7,4.5,14.0,17.0,72.0,0.0,0.0,China
Beijing,CN,2022-03-12,12:00:00,1647061200,8.6,4.6,14.5,12.9,159.0,2.1,0.0,China
Beijing,CN,2022-03-13,12:00:00,1647147600,7.4,2.9,12.7,17.8,148.0,0.5,0.0,China
Beijing,CN,2022-03-14,12:00:00,1647234000,10.0,1.6,18.5,17.6,197.0,1.1,0.07,China
Beijing,CN,2022-03-15,12:00:00,1647320400,8.9,1.7,17.8,16.9,84.0,0.0,0.0,China
Beijing,CN,2022-03-16,12:00:00,1647406800,9.0,4.9,14.1,19.0,101.0,0.0,0.0,China
Beijing,CN,2022-03-17,12:00:00,1647493200,1.8,-1.1,4.3,13.4,141.0,1.1,0.77,China
Beijing,CN,2022-03-18,12:00:00,1647579600,-0.1,-3.5,3.2,13.9,138.0,2.6,1.82,China
Beijing,CN,2022-03-19,12:00:00,1647666000,1.7,-2.7,7.1,17.6,58.0,0.0,0.0,China
Beijing,CN,2022-03-20,12:00:00,1647752400,3.9,-1.9,11.1,18.1,205.0,0.0,0.0,China
Beijing,CN,2022-03-21,12:00:00,1647838800,5.9,0.6,13.1,17.8,11.0,0.0,0.0,China
Beijing,CN,2022-03-22,12:00:00,1647925200,3.6,-2.4,10.3,20.4,221.0,0.2,0.0,China
Beijing,CN,2022-03-23,12:00:00,1648011600,3.8,-3.1,10.3,9.8,40.0,2.1,0.0,China
Beijing,CN,2022-03-24,12:00:00,1648098000,6.5,0.2,13.3,13.2,353.0,0.3,0.0,China
Beijing,CN,2022-03-25,12:00:00,1648184400,9.7,4.1,16.4,23.4,5.0,0.0,0.0,China
Beijing,CN,2022-03-26,12:00:00,1648270800,9.9,-0.4,20.3,39.0,314.0,0.0,0.0,China
Beijing,CN,2022-03-27,12:00:00,1648357200,8.4,-0.2,15.1,22.9,272.0,0.0,0.0,China
Beijing,CN,2022-03-28,12:00:00,1648443600,10.5,3.1,17.2,25.8,198.0,0.0,0.0,China
Beijing,CN,2022-03-29,12:00:00,1648530000,9.9,7.1,13.0,17.2,214.0,2.5,0.0,China
Beijing,CN,2022-03-30,12:00:00,1648616400,7.9,3.2,10.7,13.4,95.0,2.6,0.0,China
Beijing,CN,2022-03-31,12:00:00,1648702800,7.4,-0.1,13.8,35.7,339.0,0.0,0.0,China
Beijing,CN,2022-04-01,12:00:00,1648789200,7.3,-0.6,14.9,17.7,266.0,0.2,0.0,China
Beijing,CN,2022-04-02,12:00:00,1648875600,10.6,2.8,18.2,17.3,352.0,0.0,0.0,China
Beijing,CN,2022-04-03,12:00:00,1648962000,12.4,2.1,21.3,30.3,217.0,0.0,0.0,China
Beijing,CN,2022-04-04,12:00:00,1649048400,14.1,4.7,22.3,19.7,207.0,0.0,0.0,China
Beijing,CN,2022-04-05,12:00:00,1649134800,15.7,8.3,24.4,26.9,30.0,0.0,0.0,China
Beijing,CN,2022-04-06,12:00:00,1649221200,9.2,5.3,14.4,20.5,161.0,0.1,0.0,China
Beijing,CN,2022-04-07,12:00:00,1649307600,12.4,1.1,24.4,18.7,175.0,0.0,0.0,China
Beijing,CN,2022-04-08,12:00:00,1649394000,15.3,5.8,25.3,13.2,128.0,0.0,0.0,China
Beijing,CN,2022-04-09,12:00:00,1649480400,18.7,11.4,26.5,17.3,63.0,0.0,0.0,China
Beijing,CN,2022-04-10,12:00:00,1649566800,18.6,9.9,27.7,11.9,68.0,0.0,0.0,China
Beijing,CN,2022-04-11,12:00:00,1649653200,20.1,13.5,27.2,32.6,342.0,0.5,0.0,China
Beijing,CN,2022-04-12,12:00:00,1649739600,16.4,12.3,20.4,25.6,16.0,0.0,0.0,China
Beijing,CN,2022-04-13,12:00:00,1649826000,13.5,8.0,19.3,25.2,188.0,0.0,0.0,China
Beijing,CN,2022-04-14,12:00:00,1649912400,13.0,5.6,20.0,29.4,352.0,0.0,0.0,China
Beijing,CN,2022-04-15,12:00:00,1649998800,13.6,6.8,20.6,23.6,334.0,0.0,0.0,China
Beijing,CN,2022-04-16,12:00:00,1650085200,14.7,4.5,24.5,25.2,266.0,0.0,0.0,China
Beijing,CN,2022-04-17,12:00:00,1650171600,14.9,7.3,20.0,14.5,230.0,0.0,0.0,China
Beijing,CN,2022-04-18,12:00:00,1650258000,17.0,10.8,23.1,17.3,80.0,0.0,0.0,China
Beijing,CN,2022-04-19,12:00:00,1650344400,18.2,8.2,27.4,28.6,226.0,0.0,0.0,China
Beijing,CN,2022-04-20,12:00:00,1650430800,20.7,10.9,29.1,33.3,203.0,0.0,0.0,China
Beijing,CN,2022-04-21,12:00:00,1650517200,21.0,14.7,28.5,31.6,318.0,0.0,0.0,China
Beijing,CN,2022-04-22,12:00:00,1650603600,16.7,10.8,22.5,29.2,263.0,0.0,0.0,China
Beijing,CN,2022-04-23,12:00:00,1650690000,19.4,10.9,28.7,28.3,203.0,0.0,0.0,China
Beijing,CN,2022-04-24,12:00:00,1650776400,20.8,14.0,27.9,18.7,88.0,0.0,0.0,China
Beijing,CN,2022-04-25,12:00:00,1650862800,21.4,13.6,28.9,18.2,159.0,0.1,0.0,China
Beijing,CN,2022-04-26,12:00:00,1650949200,18.5,14.5,22.5,37.6,354.0,0.0,0.0,China
Beijing,CN,2022-04-27,12:00:00,1651035600,11.7,9.5,14.7,14.4,11.0,1.3,0.0,China
Beijing,CN,2022-04-28,12:00:00,1651122000,11.3,8.1,16.2,14.7,147.0,6.4,0.0,China
Beijing,CN,2022-04-29,12:00:00,1651208400,13.3,5.4,20.3,28.0,224.0,0.0,0.0,China
Beijing,CN,2022-04-30,12:00:00,1651294800,16.6,10.8,22.6,27.1,329.0,0.0,0.0,China
Beijing,CN,2022-05-01,12:00:00,1651381200,17.0,8.2,25.5,29.6,340.0,0.0,0.0,China
Beijing,CN,2022-05-02,12:00:00,1651467600,18.1,10.1,26.5,20.6,169.0,0.0,0.0,China
Beijing,CN,2022-05-03,12:00:00,1651554000,21.6,10.9,32.8,33.2,219.0,0.0,0.0,China
Beijing,CN,2022-05-04,12:00:00,1651640400,24.9,14.8,34.0,33.0,204.0,0.0,0.0,China
Beijing,CN,2022-05-05,12:00:00,1651726800,24.3,18.0,30.2,22.5,202.0,0.0,0.0,China
Beijing,CN,2022-05-06,12:00:00,1651813200,15.4,9.7,21.5,27.4,45.0,10.0,0.0,China
Beijing,CN,2022-05-07,12:00:00,1651899600,13.1,8.3,18.7,26.6,246.0,1.3,0.0,China
Beijing,CN,2022-05-08,12:00:00,1651986000,11.6,9.0,15.3,11.0,158.0,3.3,0.0,China
Beijing,CN,2022-05-09,12:00:00,1652072400,13.4,7.3,19.7,17.6,222.0,0.0,0.0,China
Beijing,CN,2022-05-10,12:00:00,1652158800,13.1,7.2,19.6,17.7,208.0,2.7,0.0,China
Beijing,CN,2022-05-11,12:00:00,1652245200,15.6,8.7,22.4,22.4,273.0,0.0,0.0,China
Beijing,CN,2022-05-12,12:00:00,1652331600,15.6,12.4,20.1,24.8,228.0,1.1,0.0,China
Beijing,CN,2022-05-13,12:00:00,1652418000,16.5,9.2,23.7,23.9,328.0,0.0,0.0,China
Beijing,CN,2022-05-14,12:00:00,1652504400,16.9,8.1,24.0,21.7,340.0,0.0,0.0,China
Beijing,CN,2022-05-15,12:00:00,1652590800,18.3,8.4,26.3,17.6,252.0,0.0,0.0,China
Beijing,CN,2022-05-16,12:00:00,1652677200,20.2,9.8,29.3,23.4,58.0,0.0,0.0,China
Beijing,CN,2022-05-17,12:00:00,1652763600,21.6,12.0,29.9,20.4,90.0,0.0,0.0,China
Beijing,CN,2022-05-18,12:00:00,1652850000,23.1,16.1,30.0,16.6,36.0,0.0,0.0,China
Beijing,CN,2022-05-19,12:00:00,1652936400,23.3,15.4,30.6,15.3,209.0,0.0,0.0,China
Beijing,CN,2022-05-20,12:00:00,1653022800,24.4,16.6,31.3,19.9,239.0,0.0,0.0,China
Beijing,CN,2022-05-21,12:00:00,1653109200,25.6,17.3,34.3,20.9,213.0,0.0,0.0,China
Beijing,CN,2022-05-22,12:00:00,1653195600,26.2,17.9,34.0,16.3,170.0,0.2,0.0,China
Beijing,CN,2022-05-23,12:00:00,1653282000,25.7,18.5,32.4,22.7,207.0,0.0,0.0,China
Beijing,CN,2022-05-24,12:00:00,1653368400,25.9,18.3,32.5,25.5,213.0,0.0,0.0,China
Beijing,CN,2022-05-25,12:00:00,1653454800,23.8,18.2,29.8,24.2,360.0,0.0,0.0,China
Beijing,CN,2022-05-26,12:00:00,1653541200,24.8,14.1,32.7,25.3,317.0,0.0,0.0,China
Beijing,CN,2022-05-27,12:00:00,1653627600,26.3,15.7,34.6,31.4,210.0,0.0,0.0,China
Beijing,CN,2022-05-28,12:00:00,1653714000,28.7,19.8,35.9,31.9,199.0,0.0,0.0,China
Beijing,CN,2022-05-29,12:00:00,1653800400,25.1,21.3,28.2,35.4,328.0,0.3,0.0,China
Beijing,CN,2022-05-30,12:00:00,1653886800,23.8,14.8,30.7,28.2,308.0,0.0,0.0,China
Beijing,CN,2022-05-31,12:00:00,1653973200,23.3,14.8,31.1,14.1,111.0,0.0,0.0,China
Beijing,CN,2022-06-01,12:00:00,1654059600,25.0,15.6,33.6,21.4,199.0,0.0,0.0,China
Beijing,CN,2022-06-02,12:00:00,1654146000,27.2,18.0,35.6,23.8,193.0,0.0,0.0,China
Beijing,CN,2022-06-03,12:00:00,1654232400,27.7,19.4,36.4,21.2,177.0,0.6,0.0,China
Beijing,CN,2022-06-04,12:00:00,1654318800,26.1,22.2,32.2,18.4,45.0,6.7,0.0,China
Beijing,CN,2022-06-05,12:00:00,1654405200,26.8,18.3,34.1,41.4,330.0,0.1,0.0,China
Beijing,CN,2022-06-06,12:00:00,1654491600,23.8,20.0,28.1,29.1,7.0,0.0,0.0,China
Beijing,CN,2022-06-07,12:00:00,1654578000,21.6,15.5,26.7,22.7,178.0,0.9,0.0,China
Beijing,CN,2022-06-08,12:00:00,1654664400,21.4,17.0,25.8,22.1,99.0,0.0,0.0,China
Beijing,CN,2022-06-09,12:00:00,1654750800,21.5,14.9,28.0,20.1,154.0,0.0,0.0,China
Beijing,CN,2022-06-10,12:00:00,1654837200,23.2,17.8,29.4,13.8,104.0,0.2,0.0,China
Beijing,CN,2022-06-11,12:00:00,1654923600,20.9,18.8,23.5,21.7,121.0,30.3,0.0,China
Beijing,CN,2022-06-12,12:00:00,1655010000,21.8,18.5,27.5,18.2,157.0,4.4,0.0,China
Beijing,CN,2022-06-13,12:00:00,1655096400,20.4,17.6,24.5,13.0,45.0,0.9,0.0,China
Beijing,CN,2022-06-14,12:00:00,1655182800,20.9,16.4,25.2,9.8,83.0,0.2,0.0,China
Beijing,CN,2022-06-15,12:00:00,1655269200,21.9,17.0,27.6,12.9,143.0,0.0,0.0,China
Beijing,CN,2022-06-16,12:00:00,1655355600,23.7,18.0,28.8,13.4,131.0,0.3,0.0,China
Beijing,CN,2022-06-17,12:00:00,1655442000,25.8,19.5,32.4,17.2,91.0,0.0,0.0,China
Beijing,CN,2022-06-18,12:00:00,1655528400,26.8,20.8,32.5,16.0,89.0,0.0,0.0,China
Beijing,CN,2022-06-19,12:00:00,1655614800,27.2,20.9,34.2,18.9,134.0,0.0,0.0,China
Beijing,CN,2022-06-20,12:00:00,1655701200,29.1,21.4,36.7,14.4,164.0,0.0,0.0,China
Beijing,CN,2022-06-21,12:00:00,1655787600,29.7,24.2,35.1,33.6,29.0,0.0,0.0,China
Beijing,CN,2022-06-22,12:00:00,1655874000,25.1,22.6,27.3,12.9,28.0,20.2,0.0,China
Beijing,CN,2022-06-23,12:00:00,1655960400,28.1,22.1,36.1,19.4,318.0,0.0,0.0,China
Beijing,CN,2022-06-24,12:00:00,1656046800,29.6,22.3,37.5,18.5,299.0,0.0,0.0,China
Beijing,CN,2022-06-25,12:00:00,1656133200,31.1,21.0,41.1,13.1,279.0,0.0,0.0,China
Beijing,CN,2022-06-26,12:00:00,1656219600,28.0,23.7,33.4,23.3,40.0,21.2,0.0,China
Beijing,CN,2022-06-27,12:00:00,1656306000,24.2,22.0,26.9,21.0,356.0,45.7,0.0,China
Beijing,CN,2022-06-28,12:00:00,1656392400,23.7,21.3,27.0,17.2,352.0,43.0,0.0,China
Beijing,CN,2022-06-29,12:00:00,1656478800,23.5,20.8,28.3,19.2,353.0,20.4,0.0,China
Beijing,CN,2022-06-30,12:00:00,1656565200,24.0,20.6,28.8,13.1,349.0,5.7,0.0,China
Beijing,CN,2022-07-01,12:00:00,1656651600,24.5,21.1,28.5,11.7,36.0,3.4,0.0,China
Beijing,CN,2022-07-02,12:00:00,1656738000,25.9,21.2,30.8,12.6,145.0,1.4,0.0,China
Beijing,CN,2022-07-03,12:00:00,1656824400,23.9,22.2,26.9,11.7,93.0,41.7,0.0,China
Beijing,CN,2022-07-04,12:00:00,1656910800,25.6,21.3,30.2,9.8,160.0,11.9,0.0,China
Beijing,CN,2022-07-05,12:00:00,1656997200,25.6,23.0,30.4,13.2,83.0,18.7,0.0,China
Beijing,CN,2022-07-06,12:00:00,1657083600,24.7,22.4,28.4,16.8,43.0,7.2,0.0,China
Beijing,CN,2022-07-07,12:00:00,1657170000,27.1,19.2,33.9,12.1,215.0,0.0,0.0,China
Beijing,CN,2022-07-08,12:00:00,1657256400,28.6,23.7,32.6,14.7,356.0,0.0,0.0,China
Beijing,CN,2022-07-09,12:00:00,1657342800,28.2,23.5,33.9,15.8,349.0,0.0,0.0,China
Beijing,CN,2022-07-10,12:00:00,1657429200,24.5,20.5,28.3,13.3,253.0,19.0,0.0,China
Beijing,CN,2022-07-11,12:00:00,1657515600,24.2,19.8,27.9,8.8,335.0,0.5,0.0,China
Beijing,CN,2022-07-12,12:00:00,1657602000,24.1,22.4,27.8,19.5,8.0,6.7,0.0,China
Beijing,CN,2022-07-13,12:00:00,1657688400,26.8,20.4,32.5,21.8,232.0,0.0,0.0,China
Beijing,CN,2022-07-14,12:00:00,1657774800,27.7,23.1,33.6,15.9,9.0,0.0,0.0,China
Beijing,CN,2022-07-15,12:00:00,1657861200,28.4,21.8,35.4,16.0,285.0,0.0,0.0,China
Beijing,CN,2022-07-16,12:00:00,1657947600,28.3,23.0,33.6,20.7,94.0,0.0,0.0,China
Beijing,CN,2022-07-17,12:00:00,1658034000,28.9,22.5,36.3,14.8,289.0,0.0,0.0,China
Beijing,CN,2022-07-18,12:00:00,1658120400,28.8,23.5,35.0,20.8,321.0,0.0,0.0,China
Beijing,CN,2022-07-19,12:00:00,1658206800,27.3,21.7,32.6,15.5,218.0,0.0,0.0,China
Beijing,CN,2022-07-20,12:00:00,1658293200,27.3,22.4,32.3,21.7,203.0,0.0,0.0,China
Beijing,CN,2022-07-21,12:00:00,1658379600,27.0,21.4,32.6,8.0,184.0,0.0,0.0,China
Beijing,CN,2022-07-22,12:00:00,1658466000,27.0,22.9,32.2,17.7,239.0,5.0,0.0,China
Beijing,CN,2022-07-23,12:00:00,1658552400,27.4,21.8,33.1,14.8,295.0,3.7,0.0,China
Beijing,CN,2022-07-24,12:00:00,1658638800,28.8,22.6,34.9,17.9,200.0,0.0,0.0,China
Beijing,CN,2022-07-25,12:00:00,1658725200,29.2,24.8,32.7,16.9,198.0,0.0,0.0,China
Beijing,CN,2022-07-26,12:00:00,1658811600,29.0,23.9,34.6,17.8,166.0,0.5,0.0,China
Beijing,CN,2022-07-27,12:00:00,1658898000,24.0,22.4,26.9,13.2,17.0,30.2,0.0,China
Beijing,CN,2022-07-28,12:00:00,1658984400,23.7,21.8,26.7,12.7,12.0,15.1,0.0,China
Beijing,CN,2022-07-29,12:00:00,1659070800,25.7,20.4,31.5,9.9,201.0,0.0,0.0,China
Beijing,CN,2022-07-30,12:00:00,1659157200,26.2,21.0,31.2,13.8,148.0,0.6,0.0,China
Beijing,CN,2022-07-31,12:00:00,1659243600,27.2,23.0,32.1,10.5,134.0,0.2,0.0,China
Beijing,CN,2022-08-01,12:00:00,1659330000,28.3,23.0,33.6,11.4,204.0,0.0,0.0,China
Beijing,CN,2022-08-02,12:00:00,1659416400,29.1,24.8,33.1,16.4,194.0,0.3,0.0,China
Beijing,CN,2022-08-03,12:00:00,1659502800,30.2,26.0,34.8,17.1,194.0,0.0,0.0,China
Beijing,CN,2022-08-04,12:00:00,1659589200,30.0,26.7,34.8,17.8,190.0,0.1,0.0,China
Beijing,CN,2022-08-05,12:00:00,1659675600,30.5,25.9,36.5,10.2,29.0,0.0,0.0,China
Beijing,CN,2022-08-06,12:00:00,1659762000,28.2,26.1,32.9,13.7,30.0,27.0,0.0,China
Beijing,CN,2022-08-07,12:00:00,1659848400,28.1,24.5,32.3,8.7,72.0,22.3,0.0,China
Beijing,CN,2022-08-08,12:00:00,1659934800,26.3,23.0,27.9,18.3,33.0,0.6,0.0,China
Beijing,CN,2022-08-09,12:00:00,1660021200,21.6,18.4,24.5,12.7,220.0,17.9,0.0,China
Beijing,CN,2022-08-10,12:00:00,1660107600,22.6,16.4,28.6,13.9,209.0,0.0,0.0,China
Beijing,CN,2022-08-11,12:00:00,1660194000,24.4,18.3,30.1,13.9,196.0,0.0,0.0,China
Beijing,CN,2022-08-12,12:00:00,1660280400,26.4,22.0,31.0,8.6,162.0,0.2,0.0,China
Beijing,CN,2022-08-13,12:00:00,1660366800,27.6,24.2,31.6,12.8,107.0,0.1,0.0,China
Beijing,CN,2022-08-14,12:00:00,1660453200,25.5,23.7,28.0,16.9,119.0,12.2,0.0,China
Beijing,CN,2022-08-15,12:00:00,1660539600,27.7,23.0,33.6,23.7,326.0,0.0,0.0,China
Beijing,CN,2022-08-16,12:00:00,1660626000,24.9,19.7,29.3,13.0,47.0,0.0,0.0,China
Beijing,CN,2022-08-17,12:00:00,1660712400,25.6,21.1,29.7,18.2,195.0,0.2,0.0,China
Beijing,CN,2022-08-18,12:00:00,1660798800,24.7,22.8,26.1,17.2,162.0,24.4,0.0,China
Beijing,CN,2022-08-19,12:00:00,1660885200,26.1,22.3,31.3,25.4,342.0,0.0,0.0,China
Beijing,CN,2022-08-20,12:00:00,1660971600,24.5,20.0,29.0,21.1,204.0,4.4,0.0,China
Beijing,CN,2022-08-21,12:00:00,1661058000,25.9,22.8,30.5,17.2,193.0,9.9,0.0,China
Beijing,CN,2022-08-22,12:00:00,1661144400,25.9,20.9,31.0,29.7,356.0,35.4,0.0,China
Beijing,CN,2022-08-23,12:00:00,1661230800,22.4,17.9,26.4,14.4,349.0,0.4,0.0,China
Beijing,CN,2022-08-24,12:00:00,1661317200,21.9,17.7,26.7,15.0,221.0,0.0,0.0,China
Beijing,CN,2022-08-25,12:00:00,1661403600,23.5,17.1,30.0,21.1,287.0,0.0,0.0,China
Beijing,CN,2022-08-26,12:00:00,1661490000,21.6,15.8,26.2,25.6,330.0,0.0,0.0,China
Beijing,CN,2022-08-27,12:00:00,1661576400,19.8,13.6,25.4,17.4,338.0,0.0,0.0,China
Beijing,CN,2022-08-28,12:00:00,1661662800,17.9,15.1,21.8,16.0,206.0,0.4,0.0,China
Beijing,CN,2022-08-29,12:00:00,1661749200,18.8,14.7,24.0,12.9,211.0,0.0,0.0,China
Beijing,CN,2022-08-30,12:00:00,1661835600,20.8,15.2,26.6,15.1,251.0,0.0,0.0,China
Beijing,CN,2022-08-31,12:00:00,1661922000,22.8,15.7,29.8,16.3,316.0,0.0,0.0,China
Beijing,CN,2022-09-01,12:00:00,1662008400,21.5,17.3,26.5,14.5,89.0,0.0,0.0,China
Beijing,CN,2022-09-02,12:00:00,1662094800,20.7,14.3,27.0,10.0,191.0,0.0,0.0,China
Beijing,CN,2022-09-03,12:00:00,1662181200,21.5,16.8,26.6,14.6,195.0,1.0,0.0,China
Beijing,CN,2022-09-04,12:00:00,1662267600,22.3,18.4,27.6,15.0,198.0,0.0,0.0,China
Beijing,CN,2022-09-05,12:00:00,1662354000,22.0,18.1,26.9,26.6,350.0,0.0,0.0,China
Beijing,CN,2022-09-06,12:00:00,1662440400,21.7,15.1,28.1,23.4,297.0,0.0,0.0,China
Beijing,CN,2022-09-07,12:00:00,1662526800,21.7,14.0,30.0,15.3,301.0,0.0,0.0,China
Beijing,CN,2022-09-08,12:00:00,1662613200,23.3,15.9,31.3,15.3,245.0,0.0,0.0,China
Beijing,CN,2022-09-09,12:00:00,1662699600,24.0,17.9,30.4,10.2,327.0,0.0,0.0,China
Beijing,CN,2022-09-10,12:00:00,1662786000,24.2,18.7,30.5,11.4,38.0,0.0,0.0,China
Beijing,CN,2022-09-11,12:00:00,1662872400,23.0,18.6,28.3,10.5,178.0,0.0,0.0,China
Beijing,CN,2022-09-12,12:00:00,1662958800,23.7,17.7,30.2,10.5,191.0,0.0,0.0,China
Beijing,CN,2022-09-13,12:00:00,1663045200,24.1,18.5,30.3,12.3,57.0,0.0,0.0,China
Beijing,CN,2022-09-14,12:00:00,1663131600,24.1,18.9,29.8,12.5,48.0,0.0,0.0,China
Beijing,CN,2022-09-15,12:00:00,1663218000,23.0,17.8,28.6,12.7,119.0,0.0,0.0,China
Beijing,CN,2022-09-16,12:00:00,1663304400,23.5,17.4,29.6,14.6,202.0,0.0,0.0,China
Beijing,CN,2022-09-17,12:00:00,1663390800,24.3,18.8,30.6,12.2,226.0,0.0,0.0,China
Beijing,CN,2022-09-18,12:00:00,1663477200,23.1,19.0,28.3,20.7,11.0,0.0,0.0,China
Beijing,CN,2022-09-19,12:00:00,1663563600,20.1,15.4,24.4,20.5,11.0,0.0,0.0,China
Beijing,CN,2022-09-20,12:00:00,1663650000,19.0,14.0,24.0,18.0,330.0,0.0,0.0,China
Beijing,CN,2022-09-21,12:00:00,1663736400,18.8,10.5,26.1,23.0,208.0,0.0,0.0,China
Beijing,CN,2022-09-22,12:00:00,1663822800,19.7,13.0,25.5,40.8,315.0,0.0,0.0,China
Beijing,CN,2022-09-23,12:00:00,1663909200,17.9,12.4,24.5,27.5,296.0,0.0,0.0,China
Beijing,CN,2022-09-24,12:00:00,1663995600,17.6,9.9,25.7,17.1,209.0,0.0,0.0,China
Beijing,CN,2022-09-25,12:00:00,1664082000,17.9,11.0,25.5,12.3,208.0,0.0,0.0,China
Beijing,CN,2022-09-26,12:00:00,1664168400,19.5,13.4,27.6,12.9,197.0,0.0,0.0,China
Beijing,CN,2022-09-27,12:00:00,1664254800,20.5,13.6,28.1,15.3,205.0,0.0,0.0,China
Beijing,CN,2022-09-28,12:00:00,1664341200,20.8,14.0,27.9,14.1,209.0,0.0,0.0,China
Beijing,CN,2022-09-29,12:00:00,1664427600,21.2,14.8,28.7,13.6,194.0,0.0,0.0,China
Beijing,CN,2022-09-30,12:00:00,1664514000,22.3,16.4,29.4,13.3,206.0,0.0,0.0,China
Beijing,CN,2022-10-01,12:00:00,1664600400,21.5,17.7,25.0,12.8,176.0,0.2,0.0,China
Beijing,CN,2022-10-02,12:00:00,1664686800,20.0,18.8,22.0,13.2,32.0,0.9,0.0,China
Beijing,CN,2022-10-03,12:00:00,1664773200,15.7,10.3,19.0,28.8,6.0,8.3,0.0,China
Beijing,CN,2022-10-04,12:00:00,1664859600,10.5,7.5,15.0,24.5,356.0,0.0,0.0,China
Beijing,CN,2022-10-05,12:00:00,1664946000,9.1,3.9,14.4,11.9,327.0,0.0,0.0,China
Beijing,CN,2022-10-06,12:00:00,1665032400,10.7,5.4,16.3,13.7,226.0,0.0,0.0,China
Beijing,CN,2022-10-07,12:00:00,1665118800,11.8,5.2,18.8,13.6,199.0,0.0,0.0,China
Beijing,CN,2022-10-08,12:00:00,1665205200,12.7,9.5,16.1,25.7,240.0,0.0,0.0,China
Beijing,CN,2022-10-09,12:00:00,1665291600,11.3,8.9,14.7,40.1,333.0,0.0,0.0,China
Beijing,CN,2022-10-10,12:00:00,1665378000,10.7,6.0,17.4,20.2,312.0,0.0,0.0,China
Beijing,CN,2022-10-11,12:00:00,1665464400,10.1,3.8,18.0,12.0,339.0,0.0,0.0,China
Beijing,CN,2022-10-12,12:00:00,1665550800,11.4,4.3,18.1,10.4,232.0,0.0,0.0,China
Beijing,CN,2022-10-13,12:00:00,1665637200,13.1,8.1,19.1,8.7,241.0,0.0,0.0,China
Beijing,CN,2022-10-14,12:00:00,1665723600,15.1,10.6,21.5,13.7,201.0,0.0,0.0,China
Beijing,CN,2022-10-15,12:00:00,1665810000,15.8,9.5,23.2,18.7,302.0,0.0,0.0,China
Beijing,CN,2022-10-16,12:00:00,1665896400,14.0,9.1,17.8,24.5,1.0,0.0,0.0,China
Beijing,CN,2022-10-17,12:00:00,1665982800,9.7,3.8,16.0,24.6,320.0,0.0,0.0,China
Beijing,CN,2022-10-18,12:00:00,1666069200,9.1,2.0,17.0,11.3,263.0,0.0,0.0,China
Beijing,CN,2022-10-19,12:00:00,1666155600,10.5,3.0,19.0,12.8,212.0,0.0,0.0,China
Beijing,CN,2022-10-20,12:00:00,1666242000,12.3,6.4,17.2,10.8,282.0,0.0,0.0,China
Beijing,CN,2022-10-21,12:00:00,1666328400,13.7,7.0,21.0,11.8,238.0,0.0,0.0,China
Beijing,CN,2022-10-22,12:00:00,1666414800,13.9,8.8,20.1,25.8,350.0,0.0,0.0,China
Beijing,CN,2022-10-23,12:00:00,1666501200,12.1,5.4,20.0,18.8,338.0,0.0,0.0,China
Beijing,CN,2022-10-24,12:00:00,1666587600,11.2,4.5,18.1,11.9,45.0,0.0,0.0,China
Beijing,CN,2022-10-25,12:00:00,1666674000,11.8,6.1,19.1,12.6,54.0,0.0,0.0,China
Beijing,CN,2022-10-26,12:00:00,1666760400,13.5,8.4,18.7,20.2,12.0,0.0,0.0,China
Beijing,CN,2022-10-27,12:00:00,1666846800,10.5,9.4,11.3,13.0,41.0,0.0,0.0,China
Beijing,CN,2022-10-28,12:00:00,1666933200,10.8,9.2,13.3,8.5,117.0,0.0,0.0,China
Beijing,CN,2022-10-29,12:00:00,1667019600,11.1,9.3,14.0,13.6,212.0,0.0,0.0,China
Beijing,CN,2022-10-30,12:00:00,1667106000,11.6,8.7,15.7,9.0,198.0,2.6,0.0,China
Beijing,CN,2022-10-31,12:00:00,1667192400,11.4,7.0,15.9,24.1,327.0,0.0,0.0,China
Beijing,CN,2022-11-01,12:00:00,1667278800,7.7,2.0,14.0,13.7,114.0,0.0,0.0,China
Beijing,CN,2022-11-02,12:00:00,1667365200,9.4,4.5,14.1,15.0,19.0,0.0,0.0,China
Beijing,CN,2022-11-03,12:00:00,1667451600,7.9,3.2,11.5,17.4,143.0,0.0,0.0,China
Beijing,CN,2022-11-04,12:00:00,1667538000,6.5,1.6,12.0,18.9,259.0,0.0,0.0,China
Beijing,CN,2022-11-05,12:00:00,1667624400,5.9,-0.4,13.7,11.5,287.0,0.0,0.0,China
Beijing,CN,2022-11-06,12:00:00,1667710800,7.0,3.1,11.5,10.7,14.0,0.1,0.0,China
Beijing,CN,2022-11-07,12:00:00,1667797200,8.5,4.3,15.0,22.4,350.0,0.0,0.0,China
Beijing,CN,2022-11-08,12:00:00,1667883600,6.7,0.5,14.9,11.7,249.0,0.0,0.0,China
Beijing,CN,2022-11-09,12:00:00,1667970000,7.4,2.3,12.3,10.8,20.0,0.9,0.0,China
Beijing,CN,2022-11-10,12:00:00,1668056400,10.6,5.1,16.7,14.1,30.0,0.3,0.0,China
Beijing,CN,2022-11-11,12:00:00,1668142800,11.6,10.4,12.6,7.4,14.0,14.7,0.0,China
Beijing,CN,2022-11-12,12:00:00,1668229200,9.6,4.1,12.7,34.7,347.0,5.8,0.0,China
Beijing,CN,2022-11-13,12:00:00,1668315600,3.4,0.5,7.4,18.9,329.0,0.0,0.0,China
Beijing,CN,2022-11-14,12:00:00,1668402000,3.7,-0.9,10.7,9.7,238.0,0.0,0.0,China
Beijing,CN,2022-11-15,12:00:00,1668488400,5.7,-1.0,15.1,13.3,320.0,0.0,0.0,China
Beijing,CN,2022-11-16,12:00:00,1668574800,5.1,0.8,11.5,11.0,15.0,0.0,0.0,China
Beijing,CN,2022-11-17,12:00:00,1668661200,6.1,0.4,13.4,10.6,356.0,0.0,0.0,China
Beijing,CN,2022-11-18,12:00:00,1668747600,6.9,3.2,10.8,12.5,16.0,0.1,0.0,China
Beijing,CN,2022-11-19,12:00:00,1668834000,8.4,4.8,13.5,10.0,276.0,0.0,0.0,China
Beijing,CN,2022-11-20,12:00:00,1668920400,6.4,3.6,8.2,13.0,6.0,0.5,0.0,China
Beijing,CN,2022-11-21,12:00:00,1669006800,6.8,3.1,10.2,19.4,26.0,0.0,0.0,China
Beijing,CN,2022-11-22,12:00:00,1669093200,4.8,-0.1,10.6,12.2,202.0,0.0,0.0,China
Beijing,CN,2022-11-23,12:00:00,1669179600,4.3,0.3,10.5,9.2,338.0,0.0,0.0,China
Beijing,CN,2022-11-24,12:00:00,1669266000,4.5,1.6,8.0,8.6,25.0,0.0,0.0,China
Beijing,CN,2022-11-25,12:00:00,1669352400,6.6,2.0,12.2,36.4,337.0,0.7,0.0,China
Beijing,CN,2022-11-26,12:00:00,1669438800,-0.9,-4.5,2.9,15.9,106.0,0.0,0.0,China
Beijing,CN,2022-11-27,12:00:00,1669525200,1.7,-2.9,5.9,12.6,7.0,2.1,0.98,China
Beijing,CN,2022-11-28,12:00:00,1669611600,4.5,-1.9,11.8,46.4,339.0,0.0,0.0,China
Beijing,CN,2022-11-29,12:00:00,1669698000,-6.7,-9.2,-3.5,40.5,323.0,0.0,0.0,China
Beijing,CN,2022-11-30,12:00:00,1669784400,-6.5,-9.3,-1.5,20.2,245.0,0.0,0.0,China
Beijing,CN,2022-12-01,12:00:00,1669870800,-5.2,-8.1,-1.3,19.6,228.0,0.0,0.0,China
Beijing,CN,2022-12-02,12:00:00,1669957200,-5.5,-9.2,-2.4,12.7,205.0,0.0,0.0,China
Beijing,CN,2022-12-03,12:00:00,1670043600,-3.1,-7.8,1.6,24.1,351.0,0.0,0.0,China
Beijing,CN,2022-12-04,12:00:00,1670130000,-4.5,-7.8,0.2,16.6,202.0,0.0,0.0,China
Beijing,CN,2022-12-05,12:00:00,1670216400,-3.7,-7.2,3.3,16.6,324.0,0.0,0.0,China
Beijing,CN,2022-12-06,12:00:00,1670302800,-2.9,-8.3,3.8,11.5,235.0,0.0,0.0,China
Beijing,CN,2022-12-07,12:00:00,1670389200,-0.3,-4.0,5.2,16.1,280.0,0.0,0.0,China
Beijing,CN,2022-12-08,12:00:00,1670475600,-0.1,-3.9,6.3,17.2,4.0,0.0,0.0,China
Beijing,CN,2022-12-09,12:00:00,1670562000,-0.2,-3.5,5.5,11.6,355.0,0.0,0.0,China
Beijing,CN,2022-12-10,12:00:00,1670648400,-0.9,-3.4,2.9,28.8,347.0,0.0,0.0,China
Beijing,CN,2022-12-11,12:00:00,1670734800,-1.9,-5.4,2.1,15.2,45.0,0.0,0.0,China
Beijing,CN,2022-12-12,12:00:00,1670821200,-1.2,-5.0,3.9,16.8,274.0,0.0,0.0,China
Beijing,CN,2022-12-13,12:00:00,1670907600,-4.7,-6.3,-2.0,23.7,326.0,0.0,0.0,China
Beijing,CN,2022-12-14,12:00:00,1670994000,-5.2,-8.7,-1.5,13.7,182.0,0.0,0.0,China
Beijing,CN,2022-12-15,12:00:00,1671080400,-5.1,-8.6,-2.3,31.0,4.0,0.0,0.0,China
Beijing,CN,2022-12-16,12:00:00,1671166800,-7.1,-10.7,-2.4,37.1,329.0,0.0,0.0,China
Beijing,CN,2022-12-17,12:00:00,1671253200,-7.9,-12.7,-3.2,30.1,319.0,0.0,0.0,China
Beijing,CN,2022-12-18,12:00:00,1671339600,-6.0,-9.0,-1.4,9.2,162.0,0.0,0.0,China
Beijing,CN,2022-12-19,12:00:00,1671426000,-5.3,-8.9,0.8,13.2,96.0,0.0,0.0,China
Beijing,CN,2022-12-20,12:00:00,1671512400,-3.5,-7.8,1.8,28.9,314.0,0.0,0.0,China
Beijing,CN,2022-12-21,12:00:00,1671598800,-4.2,-7.6,-0.8,18.6,358.0,0.0,0.0,China
Beijing,CN,2022-12-22,12:00:00,1671685200,-5.4,-7.7,-1.9,24.0,343.0,0.0,0.0,China
Beijing,CN,2022-12-23,12:00:00,1671771600,-5.1,-9.9,1.0,22.8,354.0,0.0,0.0,China
Beijing,CN,2022-12-24,12:00:00,1671858000,-4.3,-7.1,1.0,21.0,1.0,0.0,0.0,China
Beijing,CN,2022-12-25,12:00:00,1671944400,-4.0,-7.0,0.1,11.5,15.0,0.0,0.0,China
Beijing,CN,2022-12-26,12:00:00,1672030800,-3.6,-6.7,1.5,15.3,344.0,0.0,0.0,China
Beijing,CN,2022-12-27,12:00:00,1672117200,-4.0,-6.5,0.1,32.0,322.0,0.0,0.0,China
Beijing,CN,2022-12-28,12:00:00,1672203600,-3.7,-7.5,0.5,13.3,301.0,0.0,0.0,China
Beijing,CN,2022-12-29,12:00:00,1672290000,-3.6,-6.2,2.5,13.9,342.0,0.0,0.0,China
Beijing,CN,2022-12-30,12:00:00,1672376400,-4.4,-9.3,1.8,11.4,273.0,0.0,0.0,China
Beijing,CN,2022-12-31,12:00:00,1672462800,-2.6,-8.1,5.8,16.7,334.0,0.0,0.0,China
Beijing,CN,2023-01-01,12:00:00,1672549200,-2.4,-5.9,3.3,14.1,25.0,0.0,0.0,China
Beijing,CN,2023-01-02,12:00:00,1672635600,-3.3,-6.1,2.5,17.3,15.0,0.0,0.0,China
Beijing,CN,2023-01-03,12:00:00,1672722000,-4.1,-8.5,1.2,11.2,31.0,0.0,0.0,China
Beijing,CN,2023-01-04,12:00:00,1672808400,-3.7,-8.1,3.2,10.8,280.0,0.0,0.0,China
Beijing,CN,2023-01-05,12:00:00,1672894800,-2.9,-7.9,3.3,10.4,241.0,0.0,0.0,China
Beijing,CN,2023-01-06,12:00:00,1672981200,-0.7,-7.5,8.0,18.6,312.0,0.0,0.0,China
Beijing,CN,2023-01-07,12:00:00,1673067600,-0.3,-4.7,5.2,13.0,1.0,0.0,0.0,China
Beijing,CN,2023-01-08,12:00:00,1673154000,1.7,-4.4,10.4,22.3,24.0,0.0,0.0,China
Beijing,CN,2023-01-09,12:00:00,1673240400,0.4,-3.6,5.8,15.8,97.0,0.0,0.0,China
Beijing,CN,2023-01-10,12:00:00,1673326800,-1.5,-4.9,4.8,12.5,211.0,0.0,0.0,China
Beijing,CN,2023-01-11,12:00:00,1673413200,-1.6,-5.7,4.1,9.3,47.0,0.0,0.0,China
Beijing,CN,2023-01-12,12:00:00,1673499600,0.6,-2.0,2.3,14.3,359.0,2.9,0.91,China
Beijing,CN,2023-01-13,12:00:00,1673586000,2.0,-2.2,6.6,28.6,11.0,0.0,0.0,China
Beijing,CN,2023-01-14,12:00:00,1673672400,-4.9,-7.9,-2.0,30.4,355.0,0.0,0.0,China
Beijing,CN,2023-01-15,12:00:00,1673758800,-6.4,-10.5,-0.7,15.0,301.0,0.0,0.0,China
Beijing,CN,2023-01-16,12:00:00,1673845200,-5.5,-10.8,-0.6,13.0,180.0,0.0,0.0,China
Beijing,CN,2023-01-17,12:00:00,1673931600,-2.9,-6.9,2.6,17.6,323.0,0.0,0.0,China
Beijing,CN,2023-01-18,12:00:00,1674018000,-3.8,-7.6,2.7,12.6,217.0,0.0,0.0,China
Beijing,CN,2023-01-19,12:00:00,1674104400,-2.7,-6.7,4.0,34.4,318.0,0.0,0.0,China
Beijing,CN,2023-01-20,12:00:00,1674190800,-5.9,-9.1,-2.2,19.3,211.0,0.0,0.0,China
Beijing,CN,2023-01-21,12:00:00,1674277200,-5.1,-10.2,0.5,11.3,292.0,0.0,0.0,China
Beijing,CN,2023-01-22,12:00:00,1674363600,-3.6,-7.9,3.2,13.4,75.0,0.0,0.0,China
Beijing,CN,2023-01-23,12:00:00,1674450000,-6.8,-14.3,-3.5,30.7,353.0,0.8,0.56,China
Beijing,CN,2023-01-24,12:00:00,1674536400,-11.3,-14.9,-5.4,26.3,284.0,0.0,0.0,China
Beijing,CN,2023-01-25,12:00:00,1674622800,-9.4,-13.0,-4.8,12.5,195.0,0.0,0.0,China
Beijing,CN,2023-01-26,12:00:00,1674709200,-6.0,-12.0,0.9,18.6,5.0,0.0,0.0,China
Beijing,CN,2023-01-27,12:00:00,1674795600,-4.0,-8.0,1.1,20.9,298.0,0.0,0.0,China
Beijing,CN,2023-01-28,12:00:00,1674882000,-1.5,-6.0,5.3,18.6,233.0,0.0,0.0,China
Beijing,CN,2023-01-29,12:00:00,1674968400,1.0,-5.5,8.2,18.6,298.0,0.0,0.0,China
Beijing,CN,2023-01-30,12:00:00,1675054800,-1.2,-5.6,5.7,10.9,12.0,0.0,0.0,China
Beijing,CN,2023-01-31,12:00:00,1675141200,2.8,-4.3,11.7,28.5,333.0,0.0,0.0,China
Beijing,CN,2023-02-01,12:00:00,1675227600,-1.4,-5.2,2.6,30.4,357.0,0.0,0.0,China
Beijing,CN,2023-02-02,12:00:00,1675314000,-2.7,-5.6,1.2,10.9,99.0,0.0,0.0,China
Beijing,CN,2023-02-03,12:00:00,1675400400,-2.2,-6.5,4.6,12.5,321.0,0.0,0.0,China
Beijing,CN,2023-02-04,12:00:00,1675486800,-0.6,-5.2,7.1,17.8,203.0,0.0,0.0,China
Beijing,CN,2023-02-05,12:00:00,1675573200,-1.0,-5.5,5.8,11.3,7.0,0.0,0.0,China
Beijing,CN,2023-02-06,12:00:00,1675659600,0.2,-3.8,6.6,11.3,69.0,0.0,0.0,China
Beijing,CN,2023-02-07,12:00:00,1675746000,-1.8,-6.3,4.7,9.2,81.0,0.0,0.0,China
Beijing,CN,2023-02-08,12:00:00,1675832400,-0.2,-4.0,5.7,12.5,71.0,0.0,0.0,China
Beijing,CN,2023-02-09,12:00:00,1675918800,-0.8,-2.8,0.8,10.5,106.0,1.3,0.91,China
Beijing,CN,2023-02-10,12:00:00,1676005200,-1.0,-5.2,4.7,13.0,198.0,0.0,0.0,China
Beijing,CN,2023-02-11,12:00:00,1676091600,1.7,-0.8,6.3,10.2,350.0,0.0,0.0,China
Beijing,CN,2023-02-12,12:00:00,1676178000,1.1,-0.9,2.2,14.7,16.0,3.4,1.4,China
Beijing,CN,2023-02-13,12:00:00,1676264400,0.1,-4.6,6.2,22.1,349.0,0.0,0.0,China
Beijing,CN,2023-02-14,12:00:00,1676350800,-0.3,-3.6,4.1,18.8,30.0,0.0,0.0,China
Beijing,CN,2023-02-15,12:00:00,1676437200,-1.5,-5.7,3.7,15.7,188.0,0.0,0.0,China
Beijing,CN,2023-02-16,12:00:00,1676523600,-0.4,-6.1,6.5,9.8,188.0,0.0,0.0,China
Beijing,CN,2023-02-17,12:00:00,1676610000,0.5,-3.8,6.0,11.7,19.0,0.1,0.0,China
Beijing,CN,2023-02-18,12:00:00,1676696400,0.3,-2.5,3.5,16.0,8.0,1.1,0.42,China
Beijing,CN,2023-02-19,12:00:00,1676782800,2.2,-5.1,10.9,17.3,275.0,0.0,0.0,China
Beijing,CN,2023-02-20,12:00:00,1676869200,-0.2,-4.4,5.6,14.7,67.0,0.0,0.0,China
Beijing,CN,2023-02-21,12:00:00,1676955600,-0.9,-6.1,4.8,14.4,156.0,0.0,0.0,China
Beijing,CN,2023-02-22,12:00:00,1677042000,1.1,-5.1,8.4,15.5,218.0,0.0,0.0,China
Beijing,CN,2023-02-23,12:00:00,1677128400,3.0,-2.5,10.3,12.0,12.0,0.0,0.0,China
Beijing,CN,2023-02-24,12:00:00,1677214800,1.7,-1.4,5.9,17.0,36.0,0.0,0.0,China
Beijing,CN,2023-02-25,12:00:00,1677301200,1.1,-5.8,8.3,14.3,287.0,0.0,0.0,China
Beijing,CN,2023-02-26,12:00:00,1677387600,2.6,-4.7,10.8,18.0,209.0,0.0,0.0,China
Beijing,CN,2023-02-27,12:00:00,1677474000,3.8,-2.9,11.3,14.5,208.0,0.0,0.0,China
Beijing,CN,2023-02-28,12:00:00,1677560400,6.6,0.2,13.3,28.6,352.0,0.0,0.0,China
Beijing,CN,2023-03-01,12:00:00,1677646800,3.5,-2.5,9.2,24.3,338.0,0.0,0.0,China
Beijing,CN,2023-03-02,12:00:00,1677733200,4.9,-3.3,13.7,22.0,215.0,0.0,0.0,China
Beijing,CN,2023-03-03,12:00:00,1677819600,7.8,-2.0,17.7,18.2,284.0,0.0,0.0,China
Beijing,CN,2023-03-04,12:00:00,1677906000,6.9,-1.3,16.0,12.3,56.0,0.0,0.0,China
Beijing,CN,2023-03-05,12:00:00,1677992400,6.5,-1.0,15.7,10.2,67.0,0.0,0.0,China
Beijing,CN,2023-03-06,12:00:00,1678078800,9.8,0.5,19.9,15.0,301.0,0.0,0.0,China
Beijing,CN,2023-03-07,12:00:00,1678165200,10.7,1.7,20.2,18.7,15.0,0.0,0.0,China
Beijing,CN,2023-03-08,12:00:00,1678251600,12.3,5.2,18.8,22.6,166.0,0.0,0.0,China
Beijing,CN,2023-03-09,12:00:00,1678338000,10.5,1.1,22.2,10.6,97.0,0.0,0.0,China
Beijing,CN,2023-03-10,12:00:00,1678424400,14.7,4.2,25.7,29.1,340.0,0.0,0.0,China
Beijing,CN,2023-03-11,12:00:00,1678510800,10.3,5.5,13.9,40.0,14.0,0.9,0.0,China
Beijing,CN,2023-03-12,12:00:00,1678597200,5.4,-1.8,12.0,28.8,299.0,0.0,0.0,China
Beijing,CN,2023-03-13,12:00:00,1678683600,4.2,-2.2,12.5,11.0,358.0,0.0,0.0,China
Beijing,CN,2023-03-14,12:00:00,1678770000,9.5,2.5,20.0,41.4,342.0,0.0,0.0,China
Beijing,CN,2023-03-15,12:00:00,1678856400,4.9,-2.1,10.5,27.6,335.0,0.0,0.0,China
Beijing,CN,2023-03-16,12:00:00,1678942800,3.7,-3.2,11.0,19.2,117.0,0.0,0.0,China
Beijing,CN,2023-03-17,12:00:00,1679029200,4.6,-2.3,10.9,12.1,202.0,0.3,0.21,China
Beijing,CN,2023-03-18,12:00:00,1679115600,7.4,-1.4,15.8,17.4,283.0,0.0,0.0,China
Beijing,CN,2023-03-19,12:00:00,1679202000,8.5,-0.1,16.3,23.5,207.0,0.0,0.0,China
Beijing,CN,2023-03-20,12:00:00,1679288400,9.3,2.7,16.2,9.1,205.0,0.0,0.0,China
Beijing,CN,2023-03-21,12:00:00,1679374800,11.9,4.2,20.1,21.5,204.0,1.2,0.0,China
Beijing,CN,2023-03-22,12:00:00,1679461200,11.3,7.4,15.9,29.6,339.0,0.0,0.0,China
Beijing,CN,2023-03-23,12:00:00,1679547600,8.3,3.5,13.4,24.0,9.0,0.0,0.0,China
Beijing,CN,2023-03-24,12:00:00,1679634000,6.4,0.2,12.4,19.1,78.0,0.0,0.0,China
Beijing,CN,2023-03-25,12:00:00,1679720400,7.2,2.7,13.4,22.0,28.0,0.0,0.0,China
Beijing,CN,2023-03-26,12:00:00,1679806800,7.4,-1.1,14.8,23.4,211.0,0.0,0.0,China
Beijing,CN,2023-03-27,12:00:00,1679893200,11.3,2.2,19.6,19.9,319.0,0.0,0.0,China
Beijing,CN,2023-03-28,12:00:00,1679979600,11.6,2.1,20.5,11.3,150.0,0.0,0.0,China
Beijing,CN,2023-03-29,12:00:00,1680066000,16.0,6.7,25.2,20.2,254.0,0.0,0.0,China
Beijing,CN,2023-03-30,12:00:00,1680152400,16.5,7.3,24.7,23.4,219.0,0.0,0.0,China
Beijing,CN,2023-03-31,12:00:00,1680238800,16.5,7.3,23.5,25.0,203.0,0.0,0.0,China
Beijing,CN,2023-04-01,12:00:00,1680325200,16.3,8.9,23.0,20.6,199.0,0.0,0.0,China
Beijing,CN,2023-04-02,12:00:00,1680411600,15.3,11.8,18.9,15.1,71.0,0.0,0.0,China
Beijing,CN,2023-04-03,12:00:00,1680498000,14.3,11.0,18.3,17.6,42.0,0.0,0.0,China
Beijing,CN,2023-04-04,12:00:00,1680584400,9.8,7.2,13.8,25.8,20.0,12.3,0.0,China
Beijing,CN,2023-04-05,12:00:00,1680670800,10.8,7.0,15.6,21.1,324.0,0.7,0.0,China
Beijing,CN,2023-04-06,12:00:00,1680757200,12.4,7.6,17.9,26.1,332.0,0.1,0.0,China
Beijing,CN,2023-04-07,12:00:00,1680843600,9.9,2.1,15.5,30.4,313.0,0.0,0.0,China
Beijing,CN,2023-04-08,12:00:00,1680930000,12.5,1.3,21.4,31.8,219.0,0.0,0.0,China
Beijing,CN,2023-04-09,12:00:00,1681016400,14.7,5.5,23.5,19.3,215.0,0.0,0.0,China
Beijing,CN,2023-04-10,12:00:00,1681102800,18.3,7.1,27.6,34.7,266.0,0.0,0.0,China
Beijing,CN,2023-04-11,12:00:00,1681189200,13.3,9.5,17.2,28.9,322.0,0.0,0.0,China
Beijing,CN,2023-04-12,12:00:00,1681275600,13.9,4.2,22.7,24.5,205.0,0.0,0.0,China
Beijing,CN,2023-04-13,12:00:00,1681362000,17.0,7.9,25.8,14.0,220.0,0.0,0.0,China
Beijing,CN,2023-04-14,12:00:00,1681448400,16.9,11.3,21.6,26.1,336.0,0.0,0.0,China
Beijing,CN,2023-04-15,12:00:00,1681534800,13.7,5.9,20.3,19.2,358.0,0.0,0.0,China
Beijing,CN,2023-04-16,12:00:00,1681621200,14.5,6.2,21.3,24.1,197.0,0.0,0.0,China
Beijing,CN,2023-04-17,12:00:00,1681707600,15.7,8.8,22.6,12.9,85.0,1.9,0.0,China
Beijing,CN,2023-04-18,12:00:00,1681794000,18.1,8.6,27.3,22.3,129.0,0.0,0.0,China
Beijing,CN,2023-04-19,12:00:00,1681880400,18.5,8.8,27.6,27.9,180.0,0.0,0.0,China
Beijing,CN,2023-04-20,12:00:00,1681966800,17.5,14.5,20.2,40.1,7.0,0.1,0.0,China
Beijing,CN,2023-04-21,12:00:00,1682053200,11.5,7.3,14.7,24.9,247.0,0.9,0.0,China
Beijing,CN,2023-04-22,12:00:00,1682139600,9.4,5.9,15.0,17.9,200.0,0.3,0.0,China
Beijing,CN,2023-04-23,12:00:00,1682226000,11.4,6.1,16.2,14.8,218.0,0.0,0.0,China
Beijing,CN,2023-04-24,12:00:00,1682312400,11.8,6.0,18.0,27.6,208.0,0.0,0.0,China
Beijing,CN,2023-04-25,12:00:00,1682398800,13.7,7.6,20.2,37.1,321.0,0.5,0.0,China
Beijing,CN,2023-04-26,12:00:00,1682485200,13.3,4.3,19.9,26.5,207.0,0.3,0.0,China
Beijing,CN,2023-04-27,12:00:00,1682571600,15.4,9.1,22.1,12.9,1.0,3.3,0.0,China
Beijing,CN,2023-04-28,12:00:00,1682658000,16.1,10.8,23.2,29.1,267.0,9.2,0.0,China
Beijing,CN,2023-04-29,12:00:00,1682744400,16.5,8.1,24.7,25.0,302.0,0.0,0.0,China
Beijing,CN,2023-04-30,12:00:00,1682830800,16.0,7.6,23.3,26.8,208.0,0.0,0.0,China
Beijing,CN,2023-05-01,12:00:00,1682917200,18.2,9.8,26.9,21.6,120.0,0.0,0.0,China
Beijing,CN,2023-05-02,12:00:00,1683003600,21.2,12.7,28.8,22.5,182.0,0.8,0.0,China
Beijing,CN,2023-05-03,12:00:00,1683090000,21.0,13.7,29.0,21.6,134.0,0.0,0.0,China
Beijing,CN,2023-05-04,12:00:00,1683176400,17.0,15.7,19.5,15.6,59.0,5.6,0.0,China
Beijing,CN,2023-05-05,12:00:00,1683262800,17.6,15.9,20.2,25.6,22.0,1.4,0.0,China
Beijing,CN,2023-05-06,12:00:00,1683349200,18.3,12.8,24.2,22.1,5.0,0.0,0.0,China
Beijing,CN,2023-05-07,12:00:00,1683435600,19.0,12.4,25.5,19.8,15.0,0.0,0.0,China
Beijing,CN,2023-05-08,12:00:00,1683522000,20.1,11.0,27.9,19.4,241.0,0.0,0.0,China
Beijing,CN,2023-05-09,12:00:00,1683608400,20.3,13.5,27.4,20.6,184.0,0.0,0.0,China
Beijing,CN,2023-05-10,12:00:00,1683694800,21.5,14.4,29.0,19.3,204.0,0.0,0.0,China
Beijing,CN,2023-05-11,12:00:00,1683781200,21.7,14.7,27.9,22.9,207.0,0.0,0.0,China
Beijing,CN,2023-05-12,12:00:00,1683867600,19.9,12.9,27.2,18.0,230.0,1.3,0.0,China
Beijing,CN,2023-05-13,12:00:00,1683954000,22.3,15.0,28.8,17.5,304.0,0.0,0.0,China
Beijing,CN,2023-05-14,12:00:00,1684040400,23.1,15.4,30.2,15.1,180.0,0.0,0.0,China
Beijing,CN,2023-05-15,12:00:00,1684126800,25.2,15.6,34.8,21.8,182.0,0.0,0.0,China
Beijing,CN,2023-05-16,12:00:00,1684213200,27.5,19.4,34.5,21.4,218.0,0.0,0.0,China
Beijing,CN,2023-05-17,12:00:00,1684299600,22.5,18.2,27.0,22.1,78.0,0.0,0.0,China
Beijing,CN,2023-05-18,12:00:00,1684386000,20.8,13.7,27.3,21.6,170.0,0.4,0.0,China
Beijing,CN,2023-05-19,12:00:00,1684472400,19.1,13.7,25.0,16.2,178.0,11.3,0.0,China
Beijing,CN,2023-05-20,12:00:00,1684558800,20.1,15.7,23.8,29.0,326.0,0.0,0.0,China
Beijing,CN,2023-05-21,12:00:00,1684645200,20.6,16.2,25.7,25.0,316.0,0.0,0.0,China
Beijing,CN,2023-05-22,12:00:00,1684731600,22.1,16.4,28.3,21.7,324.0,0.0,0.0,China
Beijing,CN,2023-05-23,12:00:00,1684818000,22.7,13.3,30.1,20.3,226.0,0.0,0.0,China
Beijing,CN,2023-05-24,12:00:00,1684904400,23.2,17.8,29.1,35.1,200.0,0.0,0.0,China
Beijing,CN,2023-05-25,12:00:00,1684990800,22.1,18.0,27.2,21.9,203.0,0.2,0.0,China
Beijing,CN,2023-05-26,12:00:00,1685077200,22.6,15.1,29.8,19.1,175.0,0.0,0.0,China
Beijing,CN,2023-05-27,12:00:00,1685163600,19.4,17.5,21.6,15.6,159.0,10.1,0.0,China
Beijing,CN,2023-05-28,12:00:00,1685250000,22.1,16.0,28.3,15.3,212.0,0.0,0.0,China
Beijing,CN,2023-05-29,12:00:00,1685336400,24.9,18.4,31.5,18.8,146.0,0.0,0.0,China
Beijing,CN,2023-05-30,12:00:00,1685422800,22.0,19.2,25.1,15.1,68.0,0.8,0.0,China
Beijing,CN,2023-05-31,12:00:00,1685509200,20.8,14.8,25.0,20.9,208.0,0.0,0.0,China
Beijing,CN,2023-06-01,12:00:00,1685595600,24.2,14.5,32.6,28.2,320.0,0.0,0.0,China
Beijing,CN,2023-06-02,12:00:00,1685682000,24.9,19.1,31.0,24.9,315.0,0.0,0.0,China
Beijing,CN,2023-06-03,12:00:00,1685768400,25.3,17.1,32.0,15.4,293.0,0.0,0.0,China
Beijing,CN,2023-06-04,12:00:00,1685854800,26.5,19.4,33.8,26.5,291.0,0.0,0.0,China
Beijing,CN,2023-06-05,12:00:00,1685941200,27.8,18.8,36.2,20.9,243.0,0.0,0.0,China
Beijing,CN,2023-06-06,12:00:00,1686027600,29.1,21.2,36.1,27.8,305.0,0.0,0.0,China
Beijing,CN,2023-06-07,12:00:00,1686114000,30.3,21.8,38.0,28.3,290.0,0.0,0.0,China
Beijing,CN,2023-06-08,12:00:00,1686200400,28.1,20.2,34.8,28.3,331.0,0.0,0.0,China
Beijing,CN,2023-06-09,12:00:00,1686286800,27.2,19.4,33.0,25.9,337.0,0.0,0.0,China
Beijing,CN,2023-06-10,12:00:00,1686373200,25.1,18.6,30.0,20.0,12.0,0.0,0.0,China
Beijing,CN,2023-06-11,12:00:00,1686459600,24.5,18.4,30.1,14.9,56.0,0.2,0.0,China
Beijing,CN,2023-06-12,12:00:00,1686546000,24.3,17.7,31.5,23.3,25.0,0.0,0.0,China
Beijing,CN,2023-06-13,12:00:00,1686632400,26.6,19.7,33.0,11.7,84.0,0.0,0.0,China
Beijing,CN,2023-06-14,12:00:00,1686718800,27.8,18.8,36.0,20.6,166.0,0.0,0.0,China
Beijing,CN,2023-06-15,12:00:00,1686805200,29.4,21.2,38.1,17.1,128.0,0.0,0.0,China
Beijing,CN,2023-06-16,12:00:00,1686891600,31.4,23.0,39.3,23.7,202.0,0.0,0.0,China
Beijing,CN,2023-06-17,12:00:00,1686978000,31.3,25.4,38.1,23.4,130.0,0.0,0.0,China
Beijing,CN,2023-06-18,12:00:00,1687064400,28.8,21.8,35.4,17.7,121.0,0.0,0.0,China
Beijing,CN,2023-06-19,12:00:00,1687150800,24.3,20.8,27.5,19.9,174.0,4.9,0.0,China
Beijing,CN,2023-06-20,12:00:00,1687237200,26.1,18.7,34.4,15.1,282.0,0.1,0.0,China
Beijing,CN,2023-06-21,12:00:00,1687323600,30.0,20.0,39.1,27.2,312.0,0.0,0.0,China
Beijing,CN,2023-06-22,12:00:00,1687410000,32.0,22.0,40.6,20.4,229.0,0.0,0.0,China
Beijing,CN,2023-06-23,12:00:00,1687496400,33.5,25.3,40.6,20.8,187.0,0.0,0.0,China
Beijing,CN,2023-06-24,12:00:00,1687582800,33.2,25.9,40.4,29.3,195.0,0.0,0.0,China
Beijing,CN,2023-06-25,12:00:00,1687669200,30.0,24.8,35.9,21.9,126.0,0.0,0.0,China
Beijing,CN,2023-06-26,12:00:00,1687755600,26.4,22.8,34.7,26.4,197.0,4.4,0.0,China
Beijing,CN,2023-06-27,12:00:00,1687842000,30.3,22.5,38.1,20.7,212.0,0.0,0.0,China
Beijing,CN,2023-06-28,12:00:00,1687928400,27.8,24.0,30.4,15.3,53.0,1.6,0.0,China
Beijing,CN,2023-06-29,12:00:00,1688014800,28.5,19.9,36.9,21.0,243.0,0.0,0.0,China
Beijing,CN,2023-06-30,12:00:00,1688101200,31.2,23.0,39.9,21.3,196.0,0.0,0.0,China
Beijing,CN,2023-07-01,12:00:00,1688187600,32.9,24.7,41.1,28.2,203.0,0.0,0.0,China
Beijing,CN,2023-07-02,12:00:00,1688274000,32.6,24.6,39.2,20.1,176.0,0.0,0.0,China
Beijing,CN,2023-07-03,12:00:00,1688360400,29.6,25.1,35.4,18.6,129.0,2.3,0.0,China
Beijing,CN,2023-07-04,12:00:00,1688446800,26.1,22.7,30.8,20.3,340.0,19.4,0.0,China
Beijing,CN,2023-07-05,12:00:00,1688533200,30.1,19.7,39.9,24.5,260.0,0.0,0.0,China
Beijing,CN,2023-07-06,12:00:00,1688619600,32.3,22.4,41.5,27.7,212.0,0.0,0.0,China
Beijing,CN,2023-07-07,12:00:00,1688706000,31.1,24.0,38.0,17.1,345.0,0.0,0.0,China
Beijing,CN,2023-07-08,12:00:00,1688792400,31.7,23.3,37.2,23.3,311.0,0.0,0.0,China
Beijing,CN,2023-07-09,12:00:00,1688878800,31.9,24.6,37.6,18.0,333.0,0.0,0.0,China
Beijing,CN,2023-07-10,12:00:00,1688965200,32.3,25.6,40.2,29.9,122.0,0.3,0.0,China
Beijing,CN,2023-07-11,12:00:00,1689051600,29.9,25.0,36.4,23.4,136.0,10.3,0.0,China
Beijing,CN,2023-07-12,12:00:00,1689138000,24.3,23.7,24.8,16.3,100.0,27.9,0.0,China
Beijing,CN,2023-07-13,12:00:00,1689224400,24.5,23.2,26.6,10.7,24.0,5.4,0.0,China
Beijing,CN,2023-07-14,12:00:00,1689310800,27.5,21.4,34.2,28.8,298.0,0.0,0.0,China
Beijing,CN,2023-07-15,12:00:00,1689397200,27.7,25.0,31.9,29.7,342.0,0.0,0.0,China
Beijing,CN,2023-07-16,12:00:00,1689483600,27.9,21.2,34.4,14.5,334.0,0.0,0.0,China
Beijing,CN,2023-07-17,12:00:00,1689570000,28.2,22.0,34.9,18.5,191.0,0.0,0.0,China
Beijing,CN,2023-07-18,12:00:00,1689656400,29.3,23.3,35.8,18.9,200.0,0.0,0.0,China
Beijing,CN,2023-07-19,12:00:00,1689742800,30.1,23.6,37.0,19.9,210.0,0.0,0.0,China
Beijing,CN,2023-07-20,12:00:00,1689829200,29.2,23.9,35.7,17.6,199.0,0.4,0.0,China
Beijing,CN,2023-07-21,12:00:00,1689915600,24.3,22.0,27.6,22.0,55.0,59.9,0.0,China
Beijing,CN,2023-07-22,12:00:00,1690002000,23.2,21.5,26.1,15.3,351.0,14.6,0.0,China
Beijing,CN,2023-07-23,12:00:00,1690088400,26.5,21.0,31.8,10.5,231.0,0.0,0.0,China
Beijing,CN,2023-07-24,12:00:00,1690174800,27.9,22.5,33.5,18.1,221.0,0.0,0.0,China
Beijing,CN,2023-07-25,12:00:00,1690261200,27.7,23.5,32.0,15.6,112.0,0.0,0.0,China
Beijing,CN,2023-07-26,12:00:00,1690347600,28.2,24.2,32.8,11.9,155.0,1.6,0.0,China
Beijing,CN,2023-07-27,12:00:00,1690434000,27.4,23.8,32.8,16.1,170.0,10.0,0.0,China
Beijing,CN,2023-07-28,12:00:00,1690520400,25.7,23.1,28.4,11.9,355.0,4.5,0.0,China
Beijing,CN,2023-07-29,12:00:00,1690606800,25.2,23.3,29.0,15.0,52.0,26.2,0.0,China
Beijing,CN,2023-07-30,12:00:00,1690693200,24.3,22.8,25.8,38.5,49.0,55.8,0.0,China
Beijing,CN,2023-07-31,12:00:00,1690779600,25.1,23.6,28.5,27.2,89.0,76.6,0.0,China
Beijing,CN,2023-08-01,12:00:00,1690866000,26.1,24.1,29.6,20.6,159.0,43.2,0.0,China
Beijing,CN,2023-08-02,12:00:00,1690952400,28.3,24.8,32.0,23.9,198.0,0.1,0.0,China
Beijing,CN,2023-08-03,12:00:00,1691038800,29.6,26.5,33.1,14.9,204.0,0.0,0.0,China
Beijing,CN,2023-08-04,12:00:00,1691125200,28.9,26.7,31.5,16.4,213.0,14.5,0.0,China
Beijing,CN,2023-08-05,12:00:00,1691211600,28.1,24.1,33.1,20.3,52.0,3.2,0.0,China
Beijing,CN,2023-08-06,12:00:00,1691298000,26.0,23.6,29.0,13.8,175.0,0.7,0.0,China
Beijing,CN,2023-08-07,12:00:00,1691384400,25.7,23.2,28.7,18.9,176.0,0.2,0.0,China
Beijing,CN,2023-08-08,12:00:00,1691470800,26.9,23.1,31.0,12.2,212.0,0.0,0.0,China
Beijing,CN,2023-08-09,12:00:00,1691557200,28.1,24.0,32.0,11.7,138.0,0.6,0.0,China
Beijing,CN,2023-08-10,12:00:00,1691643600,26.9,23.7,31.3,19.5,129.0,1.8,0.0,China
Beijing,CN,2023-08-11,12:00:00,1691730000,26.3,23.3,29.2,13.2,194.0,13.3,0.0,China
Beijing,CN,2023-08-12,12:00:00,1691816400,26.6,23.9,30.7,12.4,64.0,5.0,0.0,China
Beijing,CN,2023-08-13,12:00:00,1691902800,27.4,22.4,32.3,13.1,252.0,0.0,0.0,China
Beijing,CN,2023-08-14,12:00:00,1691989200,27.6,22.5,32.8,14.0,242.0,0.0,0.0,China
Beijing,CN,2023-08-15,12:00:00,1692075600,27.9,23.4,32.3,19.3,215.0,0.0,0.0,China
Beijing,CN,2023-08-16,12:00:00,1692162000,28.8,24.5,34.0,14.8,177.0,4.2,0.0,China
Beijing,CN,2023-08-17,12:00:00,1692248400,27.8,24.0,31.5,11.3,357.0,0.1,0.0,China
Beijing,CN,2023-08-18,12:00:00,1692334800,29.0,24.6,35.6,12.8,308.0,0.0,0.0,China
Beijing,CN,2023-08-19,12:00:00,1692421200,27.6,21.4,33.5,10.9,326.0,0.0,0.0,China
Beijing,CN,2023-08-20,12:00:00,1692507600,25.7,23.0,30.5,13.0,115.0,17.0,0.0,China
Beijing,CN,2023-08-21,12:00:00,1692594000,25.0,22.0,29.5,15.7,239.0,15.6,0.0,China
Beijing,CN,2023-08-22,12:00:00,1692680400,24.3,18.9,30.0,15.7,350.0,0.0,0.0,China
Beijing,CN,2023-08-23,12:00:00,1692766800,24.1,19.1,29.5,20.0,243.0,3.5,0.0,China
Beijing,CN,2023-08-24,12:00:00,1692853200,21.4,18.3,23.7,13.3,347.0,5.1,0.0,China
Beijing,CN,2023-08-25,12:00:00,1692939600,22.0,17.2,26.7,12.1,233.0,0.0,0.0,China
Beijing,CN,2023-08-26,12:00:00,1693026000,23.2,19.6,26.8,15.9,264.0,0.0,0.0,China
Beijing,CN,2023-08-27,12:00:00,1693112400,22.2,20.4,25.1,13.3,329.0,3.3,0.0,China
Beijing,CN,2023-08-28,12:00:00,1693198800,23.3,18.3,28.4,15.5,10.0,0.2,0.0,China
Beijing,CN,2023-08-29,12:00:00,1693285200,22.6,17.8,28.0,16.1,341.0,0.0,0.0,China
Beijing,CN,2023-08-30,12:00:00,1693371600,23.0,17.0,29.5,13.4,233.0,0.0,0.0,China
Beijing,CN,2023-08-31,12:00:00,1693458000,22.8,19.6,26.8,14.8,72.0,1.3,0.0,China
Beijing,CN,2023-09-01,12:00:00,1693544400,23.4,17.5,29.3,11.4,234.0,0.0,0.0,China
Beijing,CN,2023-09-02,12:00:00,1693630800,23.1,19.3,28.3,17.2,218.0,3.0,0.0,China
Beijing,CN,2023-09-03,12:00:00,1693717200,23.9,19.2,28.7,9.7,45.0,0.0,0.0,China
Beijing,CN,2023-09-04,12:00:00,1693803600,25.3,20.5,30.7,8.0,137.0,0.0,0.0,China
Beijing,CN,2023-09-05,12:00:00,1693890000,25.8,21.8,30.3,8.6,92.0,1.1,0.0,China
Beijing,CN,2023-09-06,12:00:00,1693976400,25.9,21.3,31.0,11.9,217.0,0.0,0.0,China
Beijing,CN,2023-09-07,12:00:00,1694062800,26.1,21.5,31.1,18.0,206.0,0.0,0.0,China
Beijing,CN,2023-09-08,12:00:00,1694149200,24.3,22.4,28.1,13.3,14.0,2.4,0.0,China
Beijing,CN,2023-09-09,12:00:00,1694235600,21.5,20.4,22.9,14.1,39.0,64.5,0.0,China
Beijing,CN,2023-09-10,12:00:00,1694322000,21.9,19.6,25.5,9.7,180.0,0.0,0.0,China
Beijing,CN,2023-09-11,12:00:00,1694408400,23.0,18.6,28.4,12.6,9.0,0.0,0.0,China
Beijing,CN,2023-09-12,12:00:00,1694494800,21.5,17.7,25.7,15.5,58.0,0.0,0.0,China
Beijing,CN,2023-09-13,12:00:00,1694581200,20.7,15.6,26.2,13.6,199.0,0.0,0.0,China
Beijing,CN,2023-09-14,12:00:00,1694667600,21.5,15.8,27.7,16.6,197.0,0.0,0.0,China
Beijing,CN,2023-09-15,12:00:00,1694754000,21.4,14.9,27.8,16.9,194.0,0.0,0.0,China
Beijing,CN,2023-09-16,12:00:00,1694840400,22.6,16.9,28.4,10.3,182.0,0.0,0.0,China
Beijing,CN,2023-09-17,12:00:00,1694926800,22.7,18.3,28.0,16.9,163.0,3.3,0.0,China
Beijing,CN,2023-09-18,12:00:00,1695013200,22.5,17.7,27.9,10.1,14.0,0.0,0.0,China
Beijing,CN,2023-09-19,12:00:00,1695099600,20.8,16.1,24.6,17.1,6.0,0.0,0.0,China
Beijing,CN,2023-09-20,12:00:00,1695186000,19.5,13.5,25.6,10.5,342.0,0.0,0.0,China
Beijing,CN,2023-09-21,12:00:00,1695272400,19.6,13.5,25.6,15.9,234.0,0.0,0.0,China
Beijing,CN,2023-09-22,12:00:00,1695358800,20.9,15.4,26.4,22.3,359.0,0.0,0.0,China
Beijing,CN,2023-09-23,12:00:00,1695445200,19.8,15.7,24.6,9.5,132.0,0.0,0.0,China
Beijing,CN,2023-09-24,12:00:00,1695531600,16.5,13.9,19.3,8.8,155.0,0.5,0.0,China
Beijing,CN,2023-09-25,12:00:00,1695618000,17.1,13.2,22.2,9.7,222.0,0.0,0.0,China
Beijing,CN,2023-09-26,12:00:00,1695704400,18.7,14.8,24.4,13.8,221.0,0.0,0.0,China
Beijing,CN,2023-09-27,12:00:00,1695790800,20.0,13.9,26.6,17.3,336.0,0.0,0.0,China
Beijing,CN,2023-09-28,12:00:00,1695877200,17.2,11.7,23.8,14.1,302.0,0.0,0.0,China
Beijing,CN,2023-09-29,12:00:00,1695963600,18.6,12.7,26.0,16.3,301.0,0.0,0.0,China
Beijing,CN,2023-09-30,12:00:00,1696050000,17.7,12.8,23.8,19.7,328.0,0.0,0.0,China
Beijing,CN,2023-10-01,12:00:00,1696136400,16.1,9.6,23.6,11.5,296.0,0.0,0.0,China
Beijing,CN,2023-10-02,12:00:00,1696222800,16.4,10.0,22.5,18.0,223.0,0.0,0.0,China
Beijing,CN,2023-10-03,12:00:00,1696309200,17.8,11.0,24.4,16.6,228.0,0.0,0.0,China
Beijing,CN,2023-10-04,12:00:00,1696395600,18.6,13.1,23.7,27.1,351.0,0.0,0.0,China
Beijing,CN,2023-10-05,12:00:00,1696482000,14.1,7.8,20.1,13.3,291.0,0.0,0.0,China
Beijing,CN,2023-10-06,12:00:00,1696568400,15.2,9.6,21.9,9.8,345.0,0.0,0.0,China
Beijing,CN,2023-10-07,12:00:00,1696654800,14.6,9.0,21.5,16.6,167.0,0.0,0.0,China
Beijing,CN,2023-10-08,12:00:00,1696741200,15.7,12.2,22.8,15.6,292.0,2.8,0.0,China
Beijing,CN,2023-10-09,12:00:00,1696827600,15.9,10.6,22.8,26.9,335.0,0.0,0.0,China
Beijing,CN,2023-10-10,12:00:00,1696914000,15.1,9.8,21.5,10.2,330.0,0.0,0.0,China
Beijing,CN,2023-10-11,12:00:00,1697000400,15.2,9.3,22.2,12.2,213.0,0.0,0.0,China
Beijing,CN,2023-10-12,12:00:00,1697086800,15.3,11.3,20.3,9.2,15.0,2.7,0.0,China
Beijing,CN,2023-10-13,12:00:00,1697173200,15.3,11.3,21.8,16.7,333.0,0.0,0.0,China
Beijing,CN,2023-10-14,12:00:00,1697259600,14.7,8.7,21.6,15.1,310.0,0.0,0.0,China
Beijing,CN,2023-10-15,12:00:00,1697346000,14.4,9.0,21.6,16.3,28.0,0.0,0.0,China
Beijing,CN,2023-10-16,12:00:00,1697432400,13.3,7.9,19.1,14.5,38.0,0.0,0.0,China
Beijing,CN,2023-10-17,12:00:00,1697518800,14.1,7.6,20.8,9.9,345.0,1.1,0.0,China
Beijing,CN,2023-10-18,12:00:00,1697605200,16.4,12.4,21.5,21.0,321.0,4.1,0.0,China
Beijing,CN,2023-10-19,12:00:00,1697691600,13.7,9.6,18.5,24.5,345.0,0.0,0.0,China
Beijing,CN,2023-10-20,12:00:00,1697778000,11.3,5.5,17.3,25.2,281.0,0.0,0.0,China
Beijing,CN,2023-10-21,12:00:00,1697864400,12.0,6.1,19.5,16.4,252.0,0.0,0.0,China
Beijing,CN,2023-10-22,12:00:00,1697950800,12.1,5.9,20.5,10.7,273.0,0.0,0.0,China
Beijing,CN,2023-10-23,12:00:00,1698037200,12.7,6.6,19.3,8.6,1.0,0.0,0.0,China
Beijing,CN,2023-10-24,12:00:00,1698123600,14.2,8.1,21.7,12.0,287.0,0.0,0.0,China
Beijing,CN,2023-10-25,12:00:00,1698210000,15.2,8.4,23.9,13.1,326.0,0.0,0.0,China
Beijing,CN,2023-10-26,12:00:00,1698296400,13.8,8.3,19.4,14.7,175.0,0.0,0.0,China
Beijing,CN,2023-10-27,12:00:00,1698382800,12.0,5.7,20.0,11.0,268.0,0.0,0.0,China
Beijing,CN,2023-10-28,12:00:00,1698469200,13.4,8.0,20.2,11.4,25.0,0.0,0.0,China
Beijing,CN,2023-10-29,12:00:00,1698555600,13.8,9.1,20.4,9.4,0.0,0.0,0.0,China
Beijing,CN,2023-10-30,12:00:00,1698642000,15.0,9.9,21.4,14.9,49.0,0.0,0.0,China
Beijing,CN,2023-10-31,12:00:00,1698728400,15.7,13.1,20.4,11.2,178.0,0.0,0.0,China
Beijing,CN,2023-11-01,12:00:00,1698814800,15.0,10.7,21.8,14.1,106.0,0.0,0.0,China
Beijing,CN,2023-11-02,12:00:00,1698901200,15.6,12.4,20.1,19.7,338.0,0.0,0.0,China
Beijing,CN,2023-11-03,12:00:00,1698987600,12.2,8.4,16.0,23.3,103.0,0.0,0.0,China
Beijing,CN,2023-11-04,12:00:00,1699074000,11.6,8.2,15.5,7.6,67.0,0.0,0.0,China
Beijing,CN,2023-11-05,12:00:00,1699160400,10.3,7.3,11.3,31.6,355.0,7.2,0.0,China
Beijing,CN,2023-11-06,12:00:00,1699246800,5.2,2.0,8.3,31.6,318.0,0.0,0.0,China
Beijing,CN,2023-11-07,12:00:00,1699333200,5.1,0.9,9.8,9.1,137.0,0.0,0.0,China
Beijing,CN,2023-11-08,12:00:00,1699419600,6.3,1.3,12.4,17.0,355.0,0.0,0.0,China
Beijing,CN,2023-11-09,12:00:00,1699506000,3.6,-0.7,6.6,36.1,345.0,0.0,0.0,China
Beijing,CN,2023-11-10,12:00:00,1699592400,-0.0,-3.5,3.8,18.3,19.0,0.0,0.0,China
Beijing,CN,2023-11-11,12:00:00,1699678800,-0.2,-3.6,5.7,16.3,359.0,0.0,0.0,China
Beijing,CN,2023-11-12,12:00:00,1699765200,0.5,-3.7,6.1,21.9,345.0,0.0,0.0,China
Beijing,CN,2023-11-13,12:00:00,1699851600,0.6,-4.1,6.0,11.7,239.0,0.0,0.0,China
Beijing,CN,2023-11-14,12:00:00,1699938000,2.1,-4.0,9.4,11.9,270.0,0.0,0.0,China
Beijing,CN,2023-11-15,12:00:00,1700024400,2.3,-2.9,7.7,11.3,290.0,0.0,0.0,China
Beijing,CN,2023-11-16,12:00:00,1700110800,5.6,1.4,10.0,33.1,308.0,0.0,0.0,China
Beijing,CN,2023-11-17,12:00:00,1700197200,2.8,-1.6,8.1,27.6,332.0,0.0,0.0,China
Beijing,CN,2023-11-18,12:00:00,1700283600,1.5,-3.9,8.1,12.1,236.0,0.0,0.0,China
Beijing,CN,2023-11-19,12:00:00,1700370000,6.8,-0.3,14.8,23.0,357.0,0.0,0.0,China
Beijing,CN,2023-11-20,12:00:00,1700456400,4.7,-1.5,11.8,10.8,10.0,0.0,0.0,China
Beijing,CN,2023-11-21,12:00:00,1700542800,5.4,0.3,12.3,11.6,9.0,0.0,0.0,China
Beijing,CN,2023-11-22,12:00:00,1700629200,7.9,1.4,14.9,29.6,326.0,0.0,0.0,China
Beijing,CN,2023-11-23,12:00:00,1700715600,0.1,-5.2,6.5,35.3,325.0,0.0,0.0,China
Beijing,CN,2023-11-24,12:00:00,1700802000,-4.7,-7.2,-1.0,20.9,49.0,0.0,0.0,China
Beijing,CN,2023-11-25,12:00:00,1700888400,-3.9,-6.7,0.9,10.4,157.0,0.0,0.0,China
Beijing,CN,2023-11-26,12:00:00,1700974800,-3.2,-6.7,1.9,7.4,31.0,0.0,0.0,China
Beijing,CN,2023-11-27,12:00:00,1701061200,-0.0,-5.9,9.3,24.7,340.0,0.0,0.0,China
Beijing,CN,2023-11-28,12:00:00,1701147600,-2.0,-5.8,2.0,19.1,181.0,0.0,0.0,China
Beijing,CN,2023-11-29,12:00:00,1701234000,-2.7,-5.7,0.8,29.3,337.0,0.0,0.0,China
Beijing,CN,2023-11-30,12:00:00,1701320400,-2.8,-5.5,2.5,22.4,340.0,0.0,0.0,China
Beijing,CN,2023-12-01,12:00:00,1701406800,-2.8,-6.4,2.1,16.3,223.0,0.0,0.0,China
Beijing,CN,2023-12-02,12:00:00,1701493200,0.1,-4.8,7.6,15.9,319.0,0.0,0.0,China
Beijing,CN,2023-12-03,12:00:00,1701579600,-0.8,-5.0,5.7,9.7,321.0,0.0,0.0,China
Beijing,CN,2023-12-04,12:00:00,1701666000,0.0,-4.3,7.1,12.4,330.0,0.0,0.0,China
Beijing,CN,2023-12-05,12:00:00,1701752400,0.7,-3.9,8.3,34.9,357.0,0.0,0.0,China
Beijing,CN,2023-12-06,12:00:00,1701838800,4.5,-1.1,8.8,38.8,285.0,0.0,0.0,China
Beijing,CN,2023-12-07,12:00:00,1701925200,1.1,-4.1,7.4,9.5,5.0,0.0,0.0,China
Beijing,CN,2023-12-08,12:00:00,1702011600,3.8,-1.5,10.2,14.5,352.0,0.0,0.0,China
Beijing,CN,2023-12-09,12:00:00,1702098000,2.3,-2.3,6.7,13.5,94.0,0.0,0.0,China
Beijing,CN,2023-12-10,12:00:00,1702184400,-0.7,-1.9,0.7,6.7,144.0,0.3,0.21,China
Beijing,CN,2023-12-11,12:00:00,1702270800,-3.0,-4.5,-0.4,8.1,217.0,4.1,2.87,China
Beijing,CN,2023-12-12,12:00:00,1702357200,-3.9,-6.8,-1.7,12.4,162.0,0.0,0.0,China
Beijing,CN,2023-12-13,12:00:00,1702443600,-2.8,-3.4,-2.3,10.5,93.0,3.1,2.17,China
Beijing,CN,2023-12-14,12:00:00,1702530000,-4.2,-6.0,-3.4,15.6,38.0,7.4,5.11,China
Beijing,CN,2023-12-15,12:00:00,1702616400,-7.2,-10.5,-5.7,24.7,343.0,0.0,0.0,China
Beijing,CN,2023-12-16,12:00:00,1702702800,-10.7,-13.6,-7.6,24.7,331.0,0.0,0.0,China
Beijing,CN,2023-12-17,12:00:00,1702789200,-10.9,-14.0,-6.5,13.6,214.0,0.0,0.0,China
Beijing,CN,2023-12-18,12:00:00,1702875600,-10.6,-14.6,-5.4,8.8,171.0,0.0,0.0,China
Beijing,CN,2023-12-19,12:00:00,1702962000,-9.1,-12.8,-5.6,42.6,343.0,0.0,0.0,China
Beijing,CN,2023-12-20,12:00:00,1703048400,-11.4,-13.9,-7.8,28.3,339.0,0.0,0.0,China
Beijing,CN,2023-12-21,12:00:00,1703134800,-11.0,-15.4,-5.5,22.3,330.0,0.0,0.0,China
Beijing,CN,2023-12-22,12:00:00,1703221200,-9.0,-12.0,-3.9,14.4,269.0,0.0,0.0,China
Beijing,CN,2023-12-23,12:00:00,1703307600,-7.8,-12.2,-1.6,13.8,338.0,0.0,0.0,China
Beijing,CN,2023-12-24,12:00:00,1703394000,-7.0,-10.7,-1.7,13.9,257.0,0.0,0.0,China
Beijing,CN,2023-12-25,12:00:00,1703480400,-6.5,-11.2,0.4,12.9,248.0,0.0,0.0,China
Beijing,CN,2023-12-26,12:00:00,1703566800,-3.8,-9.8,3.3,14.7,9.0,0.0,0.0,China
Beijing,CN,2023-12-27,12:00:00,1703653200,-4.3,-7.3,1.2,10.1,210.0,0.0,0.0,China
Beijing,CN,2023-12-28,12:00:00,1703739600,-4.1,-9.0,3.2,9.7,255.0,0.0,0.0,China
Beijing,CN,2023-12-29,12:00:00,1703826000,-3.5,-6.9,1.6,8.6,210.0,0.0,0.0,China
Beijing,CN,2023-12-30,12:00:00,1703912400,-2.5,-5.0,1.4,14.8,325.0,0.2,0.14,China
Beijing,CN,2023-12-31,12:00:00,1703998800,-1.5,-4.7,3.4,18.8,16.0,0.0,0.0,China
Beijing,CN,2024-01-01,12:00:00,1704085200,-4.3,-6.7,0.7,13.3,214.0,0.0,0.0,China
Beijing,CN,2024-01-02,12:00:00,1704171600,-3.6,-7.9,2.8,12.6,279.0,0.0,0.0,China
Beijing,CN,2024-01-03,12:00:00,1704258000,-3.4,-8.2,2.8,17.3,189.0,0.0,0.0,China
Beijing,CN,2024-01-04,12:00:00,1704344400,-2.4,-7.6,3.9,17.4,315.0,0.0,0.0,China
Beijing,CN,2024-01-05,12:00:00,1704430800,-0.8,-4.7,4.7,18.8,290.0,0.0,0.0,China
Beijing,CN,2024-01-06,12:00:00,1704517200,-1.7,-4.9,2.0,24.3,330.0,0.0,0.0,China
Beijing,CN,2024-01-07,12:00:00,1704603600,-4.9,-7.1,-0.8,17.3,55.0,0.0,0.0,China
Beijing,CN,2024-01-08,12:00:00,1704690000,-4.1,-7.4,0.1,8.6,32.0,0.0,0.0,China
Beijing,CN,2024-01-09,12:00:00,1704776400,-1.6,-5.5,3.6,13.8,18.0,0.0,0.0,China
Beijing,CN,2024-01-10,12:00:00,1704862800,-3.2,-6.6,2.4,15.3,210.0,0.0,0.0,China
Beijing,CN,2024-01-11,12:00:00,1704949200,-0.5,-5.6,9.0,13.4,330.0,0.0,0.0,China
Beijing,CN,2024-01-12,12:00:00,1705035600,-2.0,-5.6,4.9,10.0,27.0,0.0,0.0,China
Beijing,CN,2024-01-13,12:00:00,1705122000,-3.0,-5.2,0.4,14.3,15.0,0.0,0.0,China
Beijing,CN,2024-01-14,12:00:00,1705208400,-1.5,-5.3,2.4,25.8,8.0,0.0,0.0,China
Beijing,CN,2024-01-15,12:00:00,1705294800,-4.2,-7.9,2.3,12.1,139.0,0.0,0.0,China
Beijing,CN,2024-01-16,12:00:00,1705381200,-4.1,-8.4,0.8,10.1,82.0,0.0,0.0,China
Beijing,CN,2024-01-17,12:00:00,1705467600,-1.2,-4.3,1.6,8.6,357.0,0.0,0.0,China
Beijing,CN,2024-01-18,12:00:00,1705554000,-1.4,-5.0,3.4,9.8,163.0,0.0,0.0,China
Beijing,CN,2024-01-19,12:00:00,1705640400,-2.3,-3.2,-1.0,10.2,75.0,0.0,0.0,China
Beijing,CN,2024-01-20,12:00:00,1705726800,-3.3,-5.5,-0.2,28.2,206.0,0.0,0.0,China
Beijing,CN,2024-01-21,12:00:00,1705813200,-7.9,-10.3,-5.0,28.5,352.0,0.0,0.0,China
Beijing,CN,2024-01-22,12:00:00,1705899600,-8.0,-11.0,-3.8,24.3,340.0,0.0,0.0,China
Beijing,CN,2024-01-23,12:00:00,1705986000,-6.5,-11.8,0.1,18.9,324.0,0.0,0.0,China
Beijing,CN,2024-01-24,12:00:00,1706072400,-3.5,-6.8,1.9,18.4,356.0,0.0,0.0,China
Beijing,CN,2024-01-25,12:00:00,1706158800,-1.2,-5.5,4.9,17.9,331.0,0.0,0.0,China
Beijing,CN,2024-01-26,12:00:00,1706245200,-1.3,-4.3,4.9,16.7,360.0,0.0,0.0,China
Beijing,CN,2024-01-27,12:00:00,1706331600,-2.6,-5.4,3.2,17.2,16.0,0.0,0.0,China
Beijing,CN,2024-01-28,12:00:00,1706418000,-2.4,-6.5,4.7,11.5,237.0,0.0,0.0,China
Beijing,CN,2024-01-29,12:00:00,1706504400,-2.4,-5.7,3.3,13.0,76.0,0.0,0.0,China
Beijing,CN,2024-01-30,12:00:00,1706590800,-3.3,-6.0,1.0,9.4,23.0,0.0,0.0,China
Beijing,CN,2024-01-31,12:00:00,1706677200,-3.1,-5.9,1.3,24.5,53.0,0.0,0.0,China
Beijing,CN,2024-02-01,12:00:00,1706763600,-4.9,-7.3,-2.6,13.6,90.0,0.0,0.0,China
Beijing,CN,2024-02-02,12:00:00,1706850000,-4.8,-8.5,-0.7,10.6,195.0,0.0,0.0,China
Beijing,CN,2024-02-03,12:00:00,1706936400,-3.0,-7.1,2.1,9.2,340.0,0.0,0.0,China
Beijing,CN,2024-02-04,12:00:00,1707022800,-3.3,-7.1,0.4,8.4,111.0,0.0,0.0,China
Beijing,CN,2024-02-05,12:00:00,1707109200,-1.5,-4.4,3.6,10.9,219.0,0.0,0.0,China
Beijing,CN,2024-02-06,12:00:00,1707195600,-1.1,-5.2,4.6,22.3,343.0,0.0,0.0,China
Beijing,CN,2024-02-07,12:00:00,1707282000,-1.7,-5.4,4.4,17.7,355.0,0.0,0.0,China
Beijing,CN,2024-02-08,12:00:00,1707368400,-1.4,-5.6,4.9,14.1,342.0,0.0,0.0,China
Beijing,CN,2024-02-09,12:00:00,1707454800,0.1,-5.1,8.2,20.5,338.0,0.0,0.0,China
Beijing,CN,2024-02-10,12:00:00,1707541200,-0.6,-5.6,5.3,18.2,339.0,0.0,0.0,China
Beijing,CN,2024-02-11,12:00:00,1707627600,1.2,-4.3,10.0,12.1,207.0,0.0,0.0,China
Beijing,CN,2024-02-12,12:00:00,1707714000,2.2,-4.1,9.4,8.3,19.0,0.0,0.0,China
Beijing,CN,2024-02-13,12:00:00,1707800400,4.3,-2.4,12.4,8.1,2.0,0.0,0.0,China
Beijing,CN,2024-02-14,12:00:00,1707886800,4.8,-0.8,11.1,26.6,14.0,0.0,0.0,China
Beijing,CN,2024-02-15,12:00:00,1707973200,1.6,-5.0,7.7,18.4,234.0,0.0,0.0,China
Beijing,CN,2024-02-16,12:00:00,1708059600,1.3,-4.9,8.1,12.1,214.0,0.0,0.0,China
Beijing,CN,2024-02-17,12:00:00,1708146000,2.4,-3.0,9.6,10.3,13.0,0.0,0.0,China
Beijing,CN,2024-02-18,12:00:00,1708232400,5.3,3.4,8.5,34.6,5.0,1.3,0.0,China
Beijing,CN,2024-02-19,12:00:00,1708318800,1.2,-3.5,4.3,31.6,21.0,0.3,0.21,China
Beijing,CN,2024-02-20,12:00:00,1708405200,-3.7,-5.5,-2.7,20.6,72.0,2.9,2.03,China
Beijing,CN,2024-02-21,12:00:00,1708491600,-2.8,-5.4,0.7,16.6,19.0,1.7,1.19,China
Beijing,CN,2024-02-22,12:00:00,1708578000,-1.9,-5.2,2.7,19.4,355.0,0.0,0.0,China
Beijing,CN,2024-02-23,12:00:00,1708664400,-2.7,-6.5,2.9,10.8,164.0,0.0,0.0,China
Beijing,CN,2024-02-24,12:00:00,1708750800,-0.7,-4.8,5.4,11.7,224.0,0.0,0.0,China
Beijing,CN,2024-02-25,12:00:00,1708837200,0.9,-4.2,8.9,15.3,19.0,0.0,0.0,China
Beijing,CN,2024-02-26,12:00:00,1708923600,0.0,-4.6,4.6,15.9,147.0,0.0,0.0,China
Beijing,CN,2024-02-27,12:00:00,1709010000,0.8,-4.0,6.6,11.2,184.0,0.0,0.0,China
Beijing,CN,2024-02-28,12:00:00,1709096400,2.0,-1.6,7.0,18.8,45.0,0.0,0.0,China
Beijing,CN,2024-02-29,12:00:00,1709182800,-0.5,-4.8,3.7,25.5,353.0,0.0,0.0,China
Beijing,CN,2024-03-01,12:00:00,1709269200,-1.7,-7.9,4.8,30.2,205.0,0.0,0.0,China
Beijing,CN,2024-03-02,12:00:00,1709355600,3.2,-4.3,11.7,21.9,283.0,0.0,0.0,China
Beijing,CN,2024-03-03,12:00:00,1709442000,2.1,-3.3,8.6,17.9,89.0,0.0,0.0,China
Beijing,CN,2024-03-04,12:00:00,1709528400,1.0,-5.0,7.7,10.1,38.0,0.0,0.0,China
Beijing,CN,2024-03-05,12:00:00,1709614800,1.9,-0.5,4.0,9.1,346.0,0.9,0.35,China
Beijing,CN,2024-03-06,12:00:00,1709701200,2.6,-2.8,8.3,18.2,26.0,0.0,0.0,China
Beijing,CN,2024-03-07,12:00:00,1709787600,2.4,-4.3,10.4,35.2,337.0,0.0,0.0,China
Beijing,CN,2024-03-08,12:00:00,1709874000,3.4,-1.8,10.4,14.0,263.0,0.0,0.0,China
Beijing,CN,2024-03-09,12:00:00,1709960400,4.1,-3.9,12.6,15.6,228.0,0.0,0.0,China
Beijing,CN,2024-03-10,12:00:00,1710046800,5.0,-1.9,12.4,10.9,321.0,0.0,0.0,China
Beijing,CN,2024-03-11,12:00:00,1710133200,7.5,-0.6,15.1,20.3,8.0,0.0,0.0,China
Beijing,CN,2024-03-12,12:00:00,1710219600,7.1,-1.6,13.7,18.6,238.0,0.0,0.0,China
Beijing,CN,2024-03-13,12:00:00,1710306000,8.6,-0.9,18.4,13.1,261.0,0.0,0.0,China
Beijing,CN,2024-03-14,12:00:00,1710392400,10.7,1.2,20.3,20.6,237.0,0.0,0.0,China
Beijing,CN,2024-03-15,12:00:00,1710478800,12.7,2.7,21.8,19.9,203.0,0.0,0.0,China
Beijing,CN,2024-03-16,12:00:00,1710565200,12.2,7.2,19.9,32.5,329.0,0.2,0.0,China
Beijing,CN,2024-03-17,12:00:00,1710651600,8.6,3.1,13.6,28.5,150.0,0.0,0.0,China
Beijing,CN,2024-03-18,12:00:00,1710738000,8.3,0.2,15.9,33.8,326.0,0.0,0.0,China
Beijing,CN,2024-03-19,12:00:00,1710824400,8.4,0.8,15.4,38.6,329.0,0.0,0.0,China
Beijing,CN,2024-03-20,12:00:00,1710910800,7.4,-2.0,14.6,23.8,207.0,0.0,0.0,China
Beijing,CN,2024-03-21,12:00:00,1710997200,7.5,0.1,13.3,10.3,50.0,1.1,0.0,China
Beijing,CN,2024-03-22,12:00:00,1711083600,11.5,1.0,22.4,25.5,307.0,0.0,0.0,China
Beijing,CN,2024-03-23,12:00:00,1711170000,13.4,5.8,22.0,13.8,39.0,0.0,0.0,China
Beijing,CN,2024-03-24,12:00:00,1711256400,9.4,7.2,12.1,10.1,74.0,3.8,0.0,China
Beijing,CN,2024-03-25,12:00:00,1711342800,10.4,4.6,17.9,13.5,160.0,0.3,0.0,China
Beijing,CN,2024-03-26,12:00:00,1711429200,10.5,3.3,18.5,21.5,191.0,0.0,0.0,China
Beijing,CN,2024-03-27,12:00:00,1711515600,10.1,4.4,18.6,16.6,11.0,1.0,0.0,China
Beijing,CN,2024-03-28,12:00:00,1711602000,10.8,5.0,16.1,30.8,342.0,0.0,0.0,China
Beijing,CN,2024-03-29,12:00:00,1711688400,12.1,3.7,19.7,26.5,314.0,0.0,0.0,China
Beijing,CN,2024-03-30,12:00:00,1711774800,13.6,4.2,21.7,25.3,336.0,0.0,0.0,China
Beijing,CN,2024-03-31,12:00:00,1711861200,12.3,5.0,20.5,13.0,93.0,0.0,0.0,China
Beijing,CN,2024-04-01,12:00:00,1711947600,11.0,5.0,15.7,14.5,95.0,0.0,0.0,China
Beijing,CN,2024-04-02,12:00:00,1712034000,14.1,7.3,20.5,15.2,42.0,0.0,0.0,China
Beijing,CN,2024-04-03,12:00:00,1712120400,14.8,10.4,20.2,26.2,224.0,0.4,0.0,China
Beijing,CN,2024-04-04,12:00:00,1712206800,12.5,7.3,19.2,23.3,159.0,0.1,0.0,China
Beijing,CN,2024-04-05,12:00:00,1712293200,13.0,4.6,21.1,21.6,201.0,0.4,0.0,China
Beijing,CN,2024-04-06,12:00:00,1712379600,17.6,8.1,27.3,22.5,250.0,0.0,0.0,China
Beijing,CN,2024-04-07,12:00:00,1712466000,19.6,10.5,28.1,23.0,301.0,0.0,0.0,China
Beijing,CN,2024-04-08,12:00:00,1712552400,16.7,11.2,22.0,24.3,136.0,0.0,0.0,China
Beijing,CN,2024-04-09,12:00:00,1712638800,12.1,7.3,16.9,21.0,179.0,4.5,0.14,China
Beijing,CN,2024-04-10,12:00:00,1712725200,9.5,6.9,12.8,10.3,102.0,2.7,0.0,China
Beijing,CN,2024-04-11,12:00:00,1712811600,13.8,5.2,23.4,15.6,176.0,0.0,0.0,China
Beijing,CN,2024-04-12,12:00:00,1712898000,19.1,11.5,27.1,16.9,216.0,0.1,0.0,China
Beijing,CN,2024-04-13,12:00:00,1712984400,20.9,13.6,27.9,25.2,181.0,0.0,0.0,China
Beijing,CN,2024-04-14,12:00:00,1713070800,18.1,13.4,21.9,20.4,161.0,0.5,0.0,China
Beijing,CN,2024-04-15,12:00:00,1713157200,17.0,9.2,23.3,33.7,320.0,0.6,0.0,China
Beijing,CN,2024-04-16,12:00:00,1713243600,18.0,8.6,26.0,16.4,283.0,0.0,0.0,China
Beijing,CN,2024-04-17,12:00:00,1713330000,19.1,9.6,27.7,22.9,211.0,0.0,0.0,China
Beijing,CN,2024-04-18,12:00:00,1713416400,20.8,12.3,29.9,24.0,91.0,0.0,0.0,China
Beijing,CN,2024-04-19,12:00:00,1713502800,17.0,14.4,19.7,19.6,56.0,0.0,0.0,China
Beijing,CN,2024-04-20,12:00:00,1713589200,17.1,12.5,23.1,12.8,38.0,0.0,0.0,China
Beijing,CN,2024-04-21,12:00:00,1713675600,17.3,9.1,25.0,18.9,173.0,0.0,0.0,China
Beijing,CN,2024-04-22,12:00:00,1713762000,18.0,10.3,26.1,19.2,87.0,8.0,0.0,China
Beijing,CN,2024-04-23,12:00:00,1713848400,15.0,10.8,19.5,29.3,14.0,9.6,0.0,China
Beijing,CN,2024-04-24,12:00:00,1713934800,16.4,8.1,25.6,20.7,198.0,0.0,0.0,China
Beijing,CN,2024-04-25,12:00:00,1714021200,19.4,10.7,27.9,17.9,173.0,0.0,0.0,China
Beijing,CN,2024-04-26,12:00:00,1714107600,20.8,13.6,27.9,12.9,15.0,0.0,0.0,China
Beijing,CN,2024-04-27,12:00:00,1714194000,19.1,14.7,23.0,28.3,80.0,0.1,0.0,China
Beijing,CN,2024-04-28,12:00:00,1714280400,14.5,11.4,17.0,16.6,52.0,1.4,0.0,China
Beijing,CN,2024-04-29,12:00:00,1714366800,11.3,9.4,14.2,10.0,114.0,4.4,0.0,China
Beijing,CN,2024-04-30,12:00:00,1714453200,15.4,6.4,24.9,20.6,245.0,0.0,0.0,China
Beijing,CN,2024-05-01,12:00:00,1714539600,18.0,8.0,26.6,22.7,220.0,0.0,0.0,China
Beijing,CN,2024-05-02,12:00:00,1714626000,19.3,11.1,27.0,21.4,216.0,0.0,0.0,China
Beijing,CN,2024-05-03,12:00:00,1714712400,19.8,11.9,27.0,24.3,209.0,0.0,0.0,China
Beijing,CN,2024-05-04,12:00:00,1714798800,18.4,13.2,23.5,15.3,168.0,0.0,0.0,China
Beijing,CN,2024-05-05,12:00:00,1714885200,17.4,13.1,21.9,18.2,232.0,1.6,0.0,China
Beijing,CN,2024-05-06,12:00:00,1714971600,20.0,14.4,26.5,20.3,14.0,1.9,0.0,China
Beijing,CN,2024-05-07,12:00:00,1715058000,20.9,14.3,27.7,18.0,297.0,2.7,0.0,China
Beijing,CN,2024-05-08,12:00:00,1715144400,22.2,15.1,29.8,26.7,216.0,0.0,0.0,China
Beijing,CN,2024-05-09,12:00:00,1715230800,23.3,15.1,29.7,22.2,191.0,0.0,0.0,China
Beijing,CN,2024-05-10,12:00:00,1715317200,22.7,17.1,29.4,29.9,244.0,2.9,0.0,China
Beijing,CN,2024-05-11,12:00:00,1715403600,20.4,14.4,26.0,34.2,310.0,0.0,0.0,China
Beijing,CN,2024-05-12,12:00:00,1715490000,21.2,12.7,29.2,23.1,318.0,0.0,0.0,China
Beijing,CN,2024-05-13,12:00:00,1715576400,23.1,12.0,31.9,31.3,215.0,0.0,0.0,China
Beijing,CN,2024-05-14,12:00:00,1715662800,24.4,16.2,32.9,39.6,353.0,0.0,0.0,China
Beijing,CN,2024-05-15,12:00:00,1715749200,21.1,14.3,26.9,30.9,259.0,0.0,0.0,China
Beijing,CN,2024-05-16,12:00:00,1715835600,21.3,12.0,29.6,23.4,210.0,0.0,0.0,China
Beijing,CN,2024-05-17,12:00:00,1715922000,24.6,15.8,33.3,15.4,117.0,0.0,0.0,China
Beijing,CN,2024-05-18,12:00:00,1716008400,25.4,17.6,33.4,21.9,133.0,0.0,0.0,China
Beijing,CN,2024-05-19,12:00:00,1716094800,21.4,19.3,25.4,26.1,75.0,23.7,0.0,China
Beijing,CN,2024-05-20,12:00:00,1716181200,21.2,15.8,26.3,18.5,175.0,0.0,0.0,China
Beijing,CN,2024-05-21,12:00:00,1716267600,21.6,15.7,27.2,13.8,162.0,0.0,0.0,China
Beijing,CN,2024-05-22,12:00:00,1716354000,24.2,16.1,31.4,23.6,186.0,0.0,0.0,China
Beijing,CN,2024-05-23,12:00:00,1716440400,25.3,19.4,31.8,30.3,103.0,0.0,0.0,China
Beijing,CN,2024-05-24,12:00:00,1716526800,18.2,13.9,21.4,12.3,98.0,2.5,0.0,China
Beijing,CN,2024-05-25,12:00:00,1716613200,13.9,12.1,16.0,9.4,1.0,15.1,0.0,China
Beijing,CN,2024-05-26,12:00:00,1716699600,20.5,10.6,28.3,32.3,338.0,0.0,0.0,China
Beijing,CN,2024-05-27,12:00:00,1716786000,22.1,13.3,29.8,21.5,292.0,0.0,0.0,China
Beijing,CN,2024-05-28,12:00:00,1716872400,23.3,14.0,30.7,17.4,210.0,0.0,0.0,China
Beijing,CN,2024-05-29,12:00:00,1716958800,25.8,20.0,32.7,28.8,207.0,0.0,0.0,China
Beijing,CN,2024-05-30,12:00:00,1717045200,25.9,19.9,33.3,28.8,237.0,0.3,0.0,China
Beijing,CN,2024-05-31,12:00:00,1717131600,24.6,19.7,29.6,28.6,356.0,0.0,0.0,China
Beijing,CN,2024-06-01,12:00:00,1717218000,24.7,15.9,32.1,20.1,224.0,0.0,0.0,China
Beijing,CN,2024-06-02,12:00:00,1717304400,26.0,19.3,32.6,20.4,33.0,0.0,0.0,China
Beijing,CN,2024-06-03,12:00:00,1717390800,26.2,18.2,33.0,16.3,227.0,0.0,0.0,China
Beijing,CN,2024-06-04,12:00:00,1717477200,26.5,18.6,33.1,21.7,194.0,0.0,0.0,China
Beijing,CN,2024-06-05,12:00:00,1717563600,25.1,19.5,30.3,27.2,217.0,0.0,0.0,China
Beijing,CN,2024-06-06,12:00:00,1717650000,26.0,19.9,31.4,23.7,206.0,0.0,0.0,China
Beijing,CN,2024-06-07,12:00:00,1717736400,21.0,17.6,23.6,15.9,220.0,5.1,0.0,China
Beijing,CN,2024-06-08,12:00:00,1717822800,23.4,14.4,31.9,18.5,214.0,0.0,0.0,China
Beijing,CN,2024-06-09,12:00:00,1717909200,27.0,18.3,34.9,15.8,33.0,0.0,0.0,China
Beijing,CN,2024-06-10,12:00:00,1717995600,27.5,19.1,36.0,21.3,180.0,0.5,0.0,China
Beijing,CN,2024-06-11,12:00:00,1718082000,28.5,20.6,36.5,12.8,249.0,0.0,0.0,China
Beijing,CN,2024-06-12,12:00:00,1718168400,29.3,21.2,37.0,15.1,114.0,0.0,0.0,China
Beijing,CN,2024-06-13,12:00:00,1718254800,28.5,22.3,35.4,14.6,19.0,8.9,0.0,China
Beijing,CN,2024-06-14,12:00:00,1718341200,28.0,21.6,35.8,30.7,359.0,0.8,0.0,China
Beijing,CN,2024-06-15,12:00:00,1718427600,27.0,20.2,33.0,19.0,353.0,0.0,0.0,China
Beijing,CN,2024-06-16,12:00:00,1718514000,27.5,18.7,34.7,25.9,220.0,0.0,0.0,China
Beijing,CN,2024-06-17,12:00:00,1718600400,30.1,20.6,37.5,22.0,217.0,0.0,0.0,China
Beijing,CN,2024-06-18,12:00:00,1718686800,31.3,23.8,38.4,21.9,203.0,0.0,0.0,China
Beijing,CN,2024-06-19,12:00:00,1718773200,30.9,25.8,36.2,21.7,190.0,0.0,0.0,China
Beijing,CN,2024-06-20,12:00:00,1718859600,29.2,23.5,36.4,24.6,108.0,0.0,0.0,China
Beijing,CN,2024-06-21,12:00:00,1718946000,24.0,22.8,25.4,10.2,55.0,5.9,0.0,China
Beijing,CN,2024-06-22,12:00:00,1719032400,27.5,20.3,36.2,25.5,286.0,0.0,0.0,China
Beijing,CN,2024-06-23,12:00:00,1719118800,25.7,20.1,30.9,31.3,355.0,0.6,0.0,China
Beijing,CN,2024-06-24,12:00:00,1719205200,27.3,19.5,33.4,19.6,335.0,0.0,0.0,China
Beijing,CN,2024-06-25,12:00:00,1719291600,28.2,19.6,35.0,14.4,71.0,0.0,0.0,China
Beijing,CN,2024-06-26,12:00:00,1719378000,29.1,20.7,36.6,23.2,203.0,0.0,0.0,China
Beijing,CN,2024-06-27,12:00:00,1719464400,30.9,26.6,36.3,28.7,208.0,0.0,0.0,China
Beijing,CN,2024-06-28,12:00:00,1719550800,30.7,23.0,37.3,23.8,199.0,0.0,0.0,China
Beijing,CN,2024-06-29,12:00:00,1719637200,28.6,24.1,34.1,16.9,144.0,3.7,0.0,China
Beijing,CN,2024-06-30,12:00:00,1719723600,27.1,22.0,32.9,11.4,152.0,0.2,0.0,China
Beijing,CN,2024-07-01,12:00:00,1719810000,25.0,21.7,28.2,17.1,65.0,16.4,0.0,China
Beijing,CN,2024-07-02,12:00:00,1719896400,21.3,19.1,22.6,17.7,344.0,6.5,0.0,China
Beijing,CN,2024-07-03,12:00:00,1719982800,22.6,16.7,28.0,13.8,221.0,0.0,0.0,China
Beijing,CN,2024-07-04,12:00:00,1720069200,24.8,20.0,29.4,9.7,181.0,0.1,0.0,China
Beijing,CN,2024-07-05,12:00:00,1720155600,26.4,21.2,31.8,11.6,202.0,1.1,0.0,China
Beijing,CN,2024-07-06,12:00:00,1720242000,27.3,22.3,32.5,17.8,223.0,1.0,0.0,China
Beijing,CN,2024-07-07,12:00:00,1720328400,26.6,22.0,31.1,29.9,69.0,0.3,0.0,China
Beijing,CN,2024-07-08,12:00:00,1720414800,27.0,21.6,31.6,12.3,32.0,0.0,0.0,China
Beijing,CN,2024-07-09,12:00:00,1720501200,27.0,23.1,31.8,11.7,157.0,0.5,0.0,China
Beijing,CN,2024-07-10,12:00:00,1720587600,27.8,22.3,33.5,8.9,218.0,0.0,0.0,China
Beijing,CN,2024-07-11,12:00:00,1720674000,29.1,23.1,35.3,13.5,210.0,0.0,0.0,China
Beijing,CN,2024-07-12,12:00:00,1720760400,26.0,23.6,28.6,22.5,50.0,17.2,0.0,China
Beijing,CN,2024-07-13,12:00:00,1720846800,23.4,22.0,25.8,13.1,50.0,17.1,0.0,China
Beijing,CN,2024-07-14,12:00:00,1720933200,26.1,22.1,30.7,12.7,116.0,1.4,0.0,China
Beijing,CN,2024-07-15,12:00:00,1721019600,26.4,21.5,31.0,15.1,149.0,0.5,0.0,China
Beijing,CN,2024-07-16,12:00:00,1721106000,26.4,22.9,30.9,12.0,191.0,3.3,0.0,China
Beijing,CN,2024-07-17,12:00:00,1721192400,27.7,21.1,34.3,19.6,243.0,0.0,0.0,China
Beijing,CN,2024-07-18,12:00:00,1721278800,29.7,21.2,36.8,19.0,280.0,0.0,0.0,China
Beijing,CN,2024-07-19,12:00:00,1721365200,30.1,22.9,36.6,21.7,221.0,5.9,0.0,China
Beijing,CN,2024-07-20,12:00:00,1721451600,30.0,24.4,35.4,19.3,216.0,2.2,0.0,China
Beijing,CN,2024-07-21,12:00:00,1721538000,31.4,27.0,36.4,21.5,199.0,2.8,0.0,China
Beijing,CN,2024-07-22,12:00:00,1721624400,29.6,23.9,36.3,21.4,221.0,9.9,0.0,China
Beijing,CN,2024-07-23,12:00:00,1721710800,32.0,26.5,37.8,18.9,227.0,0.2,0.0,China
Beijing,CN,2024-07-24,12:00:00,1721797200,29.6,25.9,36.7,21.9,81.0,32.0,0.0,China
Beijing,CN,2024-07-25,12:00:00,1721883600,25.5,22.9,28.0,16.2,29.0,34.0,0.0,China
Beijing,CN,2024-07-26,12:00:00,1721970000,27.5,23.3,32.1,11.0,142.0,0.3,0.0,China
Beijing,CN,2024-07-27,12:00:00,1722056400,28.5,24.7,32.8,12.6,114.0,0.3,0.0,China
Beijing,CN,2024-07-28,12:00:00,1722142800,29.5,24.7,34.2,13.6,226.0,0.0,0.0,China
Beijing,CN,2024-07-29,12:00:00,1722229200,29.6,26.9,34.3,19.5,190.0,2.7,0.0,China
Beijing,CN,2024-07-30,12:00:00,1722315600,26.1,24.4,29.0,18.6,159.0,54.5,0.0,China
Beijing,CN,2024-07-31,12:00:00,1722402000,27.4,25.2,31.6,17.0,190.0,3.1,0.0,China
Beijing,CN,2024-08-01,12:00:00,1722488400,28.1,23.8,32.2,8.4,19.0,0.0,0.0,China
Beijing,CN,2024-08-02,12:00:00,1722574800,26.8,23.5,31.9,28.2,76.0,13.5,0.0,China
Beijing,CN,2024-08-03,12:00:00,1722661200,26.5,24.3,30.5,16.3,35.0,12.6,0.0,China
Beijing,CN,2024-08-04,12:00:00,1722747600,27.2,23.8,31.4,12.0,126.0,26.8,0.0,China
Beijing,CN,2024-08-05,12:00:00,1722834000,27.8,23.9,32.4,13.2,220.0,0.0,0.0,China
Beijing,CN,2024-08-06,12:00:00,1722920400,28.0,23.9,32.3,9.5,149.0,0.0,0.0,China
Beijing,CN,2024-08-07,12:00:00,1723006800,26.9,24.2,29.6,12.3,192.0,0.0,0.0,China
Beijing,CN,2024-08-08,12:00:00,1723093200,27.5,22.9,32.7,10.0,220.0,0.0,0.0,China
Beijing,CN,2024-08-09,12:00:00,1723179600,25.8,24.4,28.8,20.8,138.0,87.7,0.0,China
Beijing,CN,2024-08-10,12:00:00,1723266000,27.0,23.9,31.4,10.1,220.0,2.2,0.0,China
Beijing,CN,2024-08-11,12:00:00,1723352400,26.9,22.0,31.7,17.4,249.0,1.2,0.0,China
Beijing,CN,2024-08-12,12:00:00,1723438800,26.1,22.9,29.1,25.9,22.0,0.3,0.0,China
Beijing,CN,2024-08-13,12:00:00,1723525200,25.2,22.5,29.1,15.7,25.0,3.6,0.0,China
Beijing,CN,2024-08-14,12:00:00,1723611600,25.9,21.1,30.0,15.1,12.0,4.8,0.0,China
Beijing,CN,2024-08-15,12:00:00,1723698000,26.3,23.2,30.4,11.2,76.0,2.0,0.0,China
Beijing,CN,2024-08-16,12:00:00,1723784400,26.2,23.9,30.3,8.4,50.0,9.3,0.0,China
Beijing,CN,2024-08-17,12:00:00,1723870800,25.9,23.2,30.4,14.5,188.0,5.5,0.0,China
Beijing,CN,2024-08-18,12:00:00,1723957200,26.0,22.5,30.1,12.7,58.0,11.1,0.0,China
Beijing,CN,2024-08-19,12:00:00,1724043600,24.4,22.0,28.0,14.8,27.0,5.4,0.0,China
Beijing,CN,2024-08-20,12:00:00,1724130000,24.1,21.5,27.1,18.2,14.0,18.2,0.0,China
Beijing,CN,2024-08-21,12:00:00,1724216400,25.5,21.4,29.5,12.5,261.0,0.0,0.0,China
Beijing,CN,2024-08-22,12:00:00,1724302800,27.5,22.6,33.5,15.6,304.0,0.0,0.0,China
Beijing,CN,2024-08-23,12:00:00,1724389200,25.8,22.2,31.4,20.8,73.0,6.1,0.0,China
Beijing,CN,2024-08-24,12:00:00,1724475600,25.8,21.3,30.8,10.2,260.0,0.0,0.0,China
Beijing,CN,2024-08-25,12:00:00,1724562000,25.6,22.1,29.0,14.5,7.0,13.4,0.0,China
Beijing,CN,2024-08-26,12:00:00,1724648400,22.1,20.3,23.9,28.3,14.0,68.1,0.0,China
Beijing,CN,2024-08-27,12:00:00,1724734800,23.2,18.1,29.2,12.6,0.0,0.0,0.0,China
Beijing,CN,2024-08-28,12:00:00,1724821200,23.0,17.2,29.0,8.8,273.0,0.0,0.0,China
Beijing,CN,2024-08-29,12:00:00,1724907600,23.6,17.6,28.6,13.4,213.0,0.0,0.0,China
Beijing,CN,2024-08-30,12:00:00,1724994000,25.8,20.0,31.7,8.6,3.0,0.0,0.0,China
Beijing,CN,2024-08-31,12:00:00,1725080400,26.2,22.9,29.9,20.5,159.0,8.5,0.0,China
Beijing,CN,2024-09-01,12:00:00,1725166800,25.7,21.6,30.7,20.7,3.0,0.1,0.0,China
Beijing,CN,2024-09-02,12:00:00,1725253200,22.2,17.4,26.7,12.3,324.0,0.0,0.0,China
Beijing,CN,2024-09-03,12:00:00,1725339600,22.3,17.7,26.7,18.0,203.0,0.0,0.0,China
Beijing,CN,2024-09-04,12:00:00,1725426000,22.2,19.2,24.9,9.0,56.0,4.5,0.0,China
Beijing,CN,2024-09-05,12:00:00,1725512400,24.0,18.6,28.4,21.3,359.0,0.0,0.0,China
Beijing,CN,2024-09-06,12:00:00,1725598800,22.8,17.4,28.0,10.0,353.0,0.0,0.0,China
Beijing,CN,2024-09-07,12:00:00,1725685200,20.8,18.6,22.7,10.7,49.0,10.1,0.0,China
Beijing,CN,2024-09-08,12:00:00,1725771600,21.9,17.9,26.0,12.8,97.0,0.0,0.0,China
Beijing,CN,2024-09-09,12:00:00,1725858000,23.2,20.8,26.3,9.8,20.0,4.7,0.0,China
Beijing,CN,2024-09-10,12:00:00,1725944400,21.9,16.9,25.1,23.8,2.0,0.1,0.0,China
Beijing,CN,2024-09-11,12:00:00,1726030800,20.8,16.2,26.8,12.0,10.0,0.0,0.0,China
Beijing,CN,2024-09-12,12:00:00,1726117200,21.7,16.4,27.0,9.3,329.0,0.0,0.0,China
Beijing,CN,2024-09-13,12:00:00,1726203600,22.3,17.0,27.2,16.3,92.0,0.0,0.0,China
Beijing,CN,2024-09-14,12:00:00,1726290000,20.5,16.9,23.4,21.3,25.0,0.0,0.0,China
Beijing,CN,2024-09-15,12:00:00,1726376400,19.5,16.1,23.6,7.6,187.0,0.0,0.0,China
Beijing,CN,2024-09-16,12:00:00,1726462800,21.3,16.4,26.2,7.6,246.0,0.0,0.0,China
Beijing,CN,2024-09-17,12:00:00,1726549200,23.6,18.7,28.4,10.0,36.0,0.0,0.0,China
Beijing,CN,2024-09-18,12:00:00,1726635600,23.7,19.7,28.2,10.1,143.0,0.0,0.0,China
Beijing,CN,2024-09-19,12:00:00,1726722000,24.2,19.3,28.7,7.9,156.0,0.0,0.0,China
Beijing,CN,2024-09-20,12:00:00,1726808400,17.9,14.3,23.7,34.0,48.0,13.0,0.0,China
Beijing,CN,2024-09-21,12:00:00,1726894800,17.0,11.4,22.4,26.7,346.0,0.0,0.0,China
Beijing,CN,2024-09-22,12:00:00,1726981200,16.4,12.4,21.5,21.3,335.0,0.0,0.0,China
Beijing,CN,2024-09-23,12:00:00,1727067600,16.0,9.2,22.4,15.7,218.0,0.0,0.0,China
Beijing,CN,2024-09-24,12:00:00,1727154000,17.6,10.9,24.0,16.9,199.0,3.2,0.0,China
Beijing,CN,2024-09-25,12:00:00,1727240400,18.9,14.6,24.0,19.8,26.0,0.0,0.0,China
Beijing,CN,2024-09-26,12:00:00,1727326800,18.9,13.6,24.1,12.9,226.0,0.3,0.0,China
Beijing,CN,2024-09-27,12:00:00,1727413200,20.9,17.0,25.3,15.8,159.0,0.0,0.0,China
Beijing,CN,2024-09-28,12:00:00,1727499600,21.6,18.8,25.5,10.6,104.0,0.2,0.0,China
Beijing,CN,2024-09-29,12:00:00,1727586000,21.3,15.2,26.4,25.0,303.0,11.1,0.0,China
Beijing,CN,2024-09-30,12:00:00,1727672400,15.6,12.9,20.3,27.9,352.0,3.1,0.0,China
Beijing,CN,2024-10-01,12:00:00,1727758800,13.8,10.2,16.9,30.7,314.0,0.0,0.0,China
Beijing,CN,2024-10-02,12:00:00,1727845200,12.3,6.7,17.9,16.1,237.0,0.0,0.0,China
Beijing,CN,2024-10-03,12:00:00,1727931600,13.6,6.8,21.1,17.5,218.0,0.0,0.0,China
Beijing,CN,2024-10-04,12:00:00,1728018000,14.2,9.2,20.6,14.5,203.0,0.0,0.0,China
Beijing,CN,2024-10-05,12:00:00,1728104400,15.5,9.2,21.9,10.1,232.0,0.0,0.0,China
Beijing,CN,2024-10-06,12:00:00,1728190800,15.7,12.9,19.1,15.5,16.0,1.3,0.0,China
Beijing,CN,2024-10-07,12:00:00,1728277200,14.5,10.2,19.9,18.4,329.0,0.0,0.0,China
Beijing,CN,2024-10-08,12:00:00,1728363600,14.1,8.3,21.3,13.2,261.0,0.0,0.0,China
Beijing,CN,2024-10-09,12:00:00,1728450000,15.0,9.8,20.7,9.6,306.0,0.0,0.0,China
Beijing,CN,2024-10-10,12:00:00,1728536400,14.3,10.2,19.8,18.6,319.0,0.0,0.0,China
Beijing,CN,2024-10-11,12:00:00,1728622800,13.7,6.8,21.1,9.4,325.0,0.0,0.0,China
Beijing,CN,2024-10-12,12:00:00,1728709200,16.1,10.3,23.3,10.2,51.0,0.0,0.0,China
Beijing,CN,2024-10-13,12:00:00,1728795600,15.8,12.8,20.4,12.5,26.0,2.8,0.0,China
Beijing,CN,2024-10-14,12:00:00,1728882000,17.2,13.3,22.1,10.6,225.0,0.1,0.0,China
Beijing,CN,2024-10-15,12:00:00,1728968400,15.4,11.7,19.5,21.5,59.0,0.0,0.0,China
Beijing,CN,2024-10-16,12:00:00,1729054800,14.1,9.5,18.8,12.9,155.0,0.0,0.0,China
Beijing,CN,2024-10-17,12:00:00,1729141200,15.3,12.6,18.3,11.4,4.0,7.5,0.0,China
Beijing,CN,2024-10-18,12:00:00,1729227600,14.9,10.8,17.5,28.4,20.0,6.9,0.0,China
Beijing,CN,2024-10-19,12:00:00,1729314000,7.2,3.2,10.8,26.3,42.0,0.0,0.0,China
Beijing,CN,2024-10-20,12:00:00,1729400400,5.7,1.5,10.3,15.5,177.0,0.1,0.0,China
Beijing,CN,2024-10-21,12:00:00,1729486800,6.6,1.1,12.0,11.3,236.0,0.0,0.0,China
Beijing,CN,2024-10-22,12:00:00,1729573200,10.2,5.2,16.0,23.3,336.0,3.5,0.0,China
Beijing,CN,2024-10-23,12:00:00,1729659600,8.9,2.6,15.8,11.4,280.0,0.0,0.0,China
Beijing,CN,2024-10-24,12:00:00,1729746000,11.6,5.6,18.7,10.3,2.0,0.0,0.0,China
Beijing,CN,2024-10-25,12:00:00,1729832400,12.5,6.9,19.0,9.2,47.0,0.0,0.0,China
Beijing,CN,2024-10-26,12:00:00,1729918800,11.7,8.5,16.5,11.1,8.0,0.0,0.0,China
Beijing,CN,2024-10-27,12:00:00,1730005200,12.1,7.8,17.3,19.8,5.0,0.0,0.0,China
Beijing,CN,2024-10-28,12:00:00,1730091600,9.7,3.7,16.5,11.2,235.0,0.0,0.0,China
Beijing,CN,2024-10-29,12:00:00,1730178000,10.9,5.4,18.3,10.2,261.0,0.0,0.0,China
Beijing,CN,2024-10-30,12:00:00,1730264400,11.5,7.4,15.3,11.3,1.0,0.3,0.0,China
Beijing,CN,2024-10-31,12:00:00,1730350800,11.5,8.5,14.3,7.6,333.0,0.7,0.0,China
Beijing,CN,2024-11-01,12:00:00,1730437200,12.7,8.6,18.7,12.3,288.0,0.0,0.0,China
Beijing,CN,2024-11-02,12:00:00,1730523600,12.2,9.3,17.7,9.2,211.0,0.0,0.0,China
Beijing,CN,2024-11-03,12:00:00,1730610000,12.8,7.8,19.1,30.2,324.0,0.0,0.0,China
Beijing,CN,2024-11-04,12:00:00,1730696400,6.8,2.5,11.2,25.6,339.0,0.0,0.0,China
Beijing,CN,2024-11-05,12:00:00,1730782800,6.2,1.7,13.4,12.7,246.0,0.0,0.0,China
Beijing,CN,2024-11-06,12:00:00,1730869200,6.7,1.3,12.7,11.3,6.0,0.0,0.0,China
Beijing,CN,2024-11-07,12:00:00,1730955600,7.5,2.7,13.5,10.1,17.0,0.0,0.0,China
Beijing,CN,2024-11-08,12:00:00,1731042000,8.6,4.5,14.4,10.0,24.0,0.0,0.0,China
Beijing,CN,2024-11-09,12:00:00,1731128400,9.3,4.6,16.2,14.0,191.0,0.0,0.0,China
Beijing,CN,2024-11-10,12:00:00,1731214800,11.5,6.8,18.4,12.6,33.0,0.0,0.0,China
Beijing,CN,2024-11-11,12:00:00,1731301200,9.0,5.3,13.8,8.9,15.0,0.4,0.0,China
Beijing,CN,2024-11-12,12:00:00,1731387600,10.2,6.4,15.9,9.8,25.0,0.0,0.0,China
Beijing,CN,2024-11-13,12:00:00,1731474000,9.9,9.1,11.0,6.7,3.0,8.3,0.0,China
Beijing,CN,2024-11-14,12:00:00,1731560400,12.0,7.7,16.8,5.9,319.0,3.7,0.0,China
Beijing,CN,2024-11-15,12:00:00,1731646800,10.4,6.5,14.3,6.5,33.0,0.0,0.0,China
Beijing,CN,2024-11-16,12:00:00,1731733200,10.5,6.4,13.5,16.3,0.0,0.0,0.0,China
Beijing,CN,2024-11-17,12:00:00,1731819600,5.5,2.7,9.7,11.8,16.0,0.0,0.0,China
Beijing,CN,2024-11-18,12:00:00,1731906000,3.0,0.0,6.4,6.7,33.0,0.0,0.0,China
Beijing,CN,2024-11-19,12:00:00,1731992400,3.5,-0.5,7.7,8.4,274.0,0.0,0.0,China
Beijing,CN,2024-11-20,12:00:00,1732078800,6.2,1.3,11.3,10.8,273.0,0.0,0.0,China
Beijing,CN,2024-11-21,12:00:00,1732165200,8.9,4.0,14.1,12.1,343.0,0.0,0.0,China
Beijing,CN,2024-11-22,12:00:00,1732251600,6.5,1.7,10.9,6.9,57.0,0.0,0.0,China
Beijing,CN,2024-11-23,12:00:00,1732338000,5.6,1.9,9.6,6.7,36.0,0.0,0.0,China
Beijing,CN,2024-11-24,12:00:00,1732424400,6.1,2.1,9.5,6.5,25.0,0.0,0.0,China
Beijing,CN,2024-11-25,12:00:00,1732510800,4.8,-1.1,7.1,18.5,317.0,4.0,0.0,China
Beijing,CN,2024-11-26,12:00:00,1732597200,-0.6,-2.6,2.5,21.0,311.0,0.2,0.14,China
Beijing,CN,2024-11-27,12:00:00,1732683600,-0.7,-4.5,4.0,20.1,307.0,0.0,0.0,China
Beijing,CN,2024-11-28,12:00:00,1732770000,3.0,0.3,6.6,19.2,307.0,0.0,0.0,China
Beijing,CN,2024-11-29,12:00:00,1732856400,7.6,3.1,13.4,14.7,251.0,0.0,0.0,China
Beijing,CN,2024-11-30,12:00:00,1732942800,7.8,2.6,13.0,7.1,273.0,0.0,0.0,China
Beijing,CN,2024-12-01,12:00:00,1733029200,6.9,2.3,11.3,21.2,349.0,0.0,0.0,China
Beijing,CN,2024-12-02,12:00:00,1733115600,1.0,-2.1,5.2,22.8,12.0,0.0,0.0,China
Beijing,CN,2024-12-03,12:00:00,1733202000,1.3,-2.4,6.7,12.4,215.0,0.0,0.0,China
Beijing,CN,2024-12-04,12:00:00,1733288400,1.2,-1.9,5.3,10.2,229.0,0.0,0.0,China
Beijing,CN,2024-12-05,12:00:00,1733374800,4.1,0.7,7.4,18.9,323.0,0.0,0.0,China
Beijing,CN,2024-12-06,12:00:00,1733461200,2.1,0.1,5.1,15.1,342.0,0.0,0.0,China
Beijing,CN,2024-12-07,12:00:00,1733547600,-0.2,-2.2,2.7,13.3,340.0,0.0,0.0,China
Beijing,CN,2024-12-08,12:00:00,1733634000,-0.8,-3.6,2.2,7.5,335.0,0.0,0.0,China
Beijing,CN,2024-12-09,12:00:00,1733720400,-1.5,-6.5,2.9,8.9,256.0,0.0,0.0,China
Beijing,CN,2024-12-10,12:00:00,1733806800,0.4,-2.7,4.2,8.9,22.0,0.0,0.0,China
Beijing,CN,2024-12-11,12:00:00,1733893200,1.2,-0.7,3.8,8.9,75.0,0.0,0.0,China
Beijing,CN,2024-12-12,12:00:00,1733979600,-0.6,-3.5,1.9,10.6,216.0,0.0,0.0,China
Beijing,CN,2024-12-13,12:00:00,1734066000,-0.0,-2.3,2.6,15.0,346.0,0.0,0.0,China
Beijing,CN,2024-12-14,12:00:00,1734152400,-0.3,-3.2,3.9,13.5,271.0,0.0,0.0,China
Beijing,CN,2024-12-15,12:00:00,1734238800,1.4,-1.2,4.8,9.8,294.0,0.0,0.0,China
Beijing,CN,2024-12-16,12:00:00,1734325200,1.9,-0.3,5.3,11.0,2.0,0.0,0.0,China
Beijing,CN,2024-12-17,12:00:00,1734411600,0.6,-1.8,3.7,16.0,9.0,0.0,0.0,China
Beijing,CN,2024-12-18,12:00:00,1734498000,-1.1,-3.4,2.9,15.4,353.0,0.0,0.0,China
Beijing,CN,2024-12-19,12:00:00,1734584400,-2.7,-6.8,1.3,9.0,172.0,0.0,0.0,China
Beijing,CN,2024-12-20,12:00:00,1734670800,-2.6,-7.0,1.7,18.5,339.0,0.0,0.0,China
Beijing,CN,2024-12-21,12:00:00,1734757200,-2.3,-5.1,1.1,14.6,349.0,0.0,0.0,China
Beijing,CN,2024-12-22,12:00:00,1734843600,-2.0,-5.7,1.6,8.3,325.0,0.0,0.0,China
Beijing,CN,2024-12-23,12:00:00,1734930000,-1.5,-4.9,3.2,8.8,4.0,0.0,0.0,China
Beijing,CN,2024-12-24,12:00:00,1735016400,-2.1,-6.5,2.4,7.4,307.0,0.0,0.0,China
Beijing,CN,2024-12-25,12:00:00,1735102800,-1.3,-6.4,4.9,20.6,339.0,0.0,0.0,China
Beijing,CN,2024-12-26,12:00:00,1735189200,-1.7,-3.9,1.5,17.9,325.0,0.0,0.0,China
Beijing,CN,2024-12-27,12:00:00,1735275600,-2.1,-5.5,0.5,17.6,323.0,0.0,0.0,China
Beijing,CN,2024-12-28,12:00:00,1735362000,-0.7,-4.5,3.4,9.8,245.0,0.0,0.0,China
Beijing,CN,2024-12-29,12:00:00,1735448400,-2.0,-6.1,2.2,7.7,226.0,0.0,0.0,China
Beijing,CN,2024-12-30,12:00:00,1735534800,2.7,-0.6,5.3,19.0,320.0,0.0,0.0,China
Beijing,CN,2024-12-31,12:00:00,1735621200,0.1,-3.9,3.7,8.9,197.0,0.0,0.0,China
Beijing,CN,2025-01-01,12:00:00,1735707600,0.2,-2.0,3.1,11.0,17.0,0.0,0.0,China
Beijing,CN,2025-01-02,12:00:00,1735794000,-0.3,-3.3,3.6,14.2,354.0,0.0,0.0,China
Beijing,CN,2025-01-03,12:00:00,1735880400,-0.6,-5.3,3.2,9.6,231.0,0.0,0.0,China
Beijing,CN,2025-01-04,12:00:00,1735966800,-0.6,-5.2,3.6,9.8,258.0,0.0,0.0,China
Beijing,CN,2025-01-05,12:00:00,1736053200,2.7,-0.7,6.6,19.3,336.0,0.0,0.0,China
Beijing,CN,2025-01-06,12:00:00,1736139600,1.3,-1.7,5.0,13.2,313.0,0.0,0.0,China
Beijing,CN,2025-01-07,12:00:00,1736226000,2.1,-0.4,5.2,18.2,328.0,0.1,0.07,China
Beijing,CN,2025-01-08,12:00:00,1736312400,-2.3,-4.8,0.0,17.6,347.0,0.0,0.0,China
Beijing,CN,2025-01-09,12:00:00,1736398800,-2.9,-6.5,1.1,9.7,348.0,0.0,0.0,China
Beijing,CN,2025-01-10,12:00:00,1736485200,-3.5,-7.6,0.2,8.3,342.0,0.0,0.0,China
Beijing,CN,2025-01-11,12:00:00,1736571600,-2.6,-6.7,0.9,9.0,353.0,0.0,0.0,China
Beijing,CN,2025-01-12,12:00:00,1736658000,-1.3,-4.8,1.3,13.3,344.0,0.0,0.0,China
Beijing,CN,2025-01-13,12:00:00,1736744400,0.1,-4.8,5.6,7.2,221.0,0.0,0.0,China
Beijing,CN,2025-01-14,12:00:00,1736830800,-0.7,-4.0,1.8,22.6,327.0,0.3,0.21,China
Beijing,CN,2025-01-15,12:00:00,1736917200,-3.0,-7.5,0.8,11.1,242.0,0.0,0.0,China
Beijing,CN,2025-01-16,12:00:00,1737003600,0.9,-2.4,6.0,11.5,338.0,0.0,0.0,China
Beijing,CN,2025-01-17,12:00:00,1737090000,0.0,-4.6,4.8,7.5,224.0,0.0,0.0,China
Beijing,CN,2025-01-18,12:00:00,1737176400,-0.2,-5.2,4.5,9.7,282.0,0.0,0.0,China
Beijing,CN,2025-01-19,12:00:00,1737262800,2.5,0.2,7.0,12.8,8.0,0.0,0.0,China
Beijing,CN,2025-01-20,12:00:00,1737349200,0.6,-4.4,5.4,7.6,311.0,0.0,0.0,China
Beijing,CN,2025-01-21,12:00:00,1737435600,2.0,-0.7,6.5,10.6,36.0,0.0,0.0,China
Beijing,CN,2025-01-22,12:00:00,1737522000,-0.0,-4.0,3.6,8.4,28.0,0.0,0.0,China
Beijing,CN,2025-01-23,12:00:00,1737608400,-0.8,-5.5,3.4,5.8,82.0,0.0,0.0,China
Beijing,CN,2025-01-24,12:00:00,1737694800,-0.0,-4.2,4.7,6.7,15.0,0.0,0.0,China
Beijing,CN,2025-01-25,12:00:00,1737781200,-0.5,-4.5,2.8,6.8,198.0,0.1,0.07,China
Beijing,CN,2025-01-26,12:00:00,1737867600,-0.9,-4.5,0.8,21.0,324.0,0.9,0.63,China
Beijing,CN,2025-01-27,12:00:00,1737954000,-5.4,-8.1,-2.6,18.5,333.0,0.0,0.0,China
Beijing,CN,2025-01-28,12:00:00,1738040400,-5.4,-10.0,-0.3,11.8,311.0,0.0,0.0,China
Beijing,CN,2025-01-29,12:00:00,1738126800,-4.3,-9.2,0.4,8.0,51.0,0.0,0.0,China
Beijing,CN,2025-01-30,12:00:00,1738213200,-5.4,-7.8,-3.5,8.1,7.0,0.0,0.0,China
Beijing,CN,2025-01-31,12:00:00,1738299600,-3.3,-5.4,-0.2,7.1,135.0,0.0,0.0,China
Beijing,CN,2025-02-01,12:00:00,1738386000,-2.5,-4.3,0.2,10.8,194.0,0.0,0.0,China
Beijing,CN,2025-02-02,12:00:00,1738472400,-1.1,-5.4,3.0,18.6,330.0,0.0,0.0,China
Beijing,CN,2025-02-03,12:00:00,1738558800,-2.5,-5.1,0.9,18.2,328.0,0.0,0.0,China
Beijing,CN,2025-02-04,12:00:00,1738645200,-3.6,-8.1,2.0,20.3,332.0,0.0,0.0,China
Beijing,CN,2025-02-05,12:00:00,1738731600,-3.6,-7.7,0.6,13.1,291.0,0.0,0.0,China
Beijing,CN,2025-02-06,12:00:00,1738818000,-3.9,-10.6,0.8,24.4,342.0,0.0,0.0,China
Beijing,CN,2025-02-07,12:00:00,1738904400,-9.1,-12.8,-4.8,19.9,335.0,0.0,0.0,China
Beijing,CN,2025-02-08,12:00:00,1738990800,-6.6,-11.7,-0.8,12.2,344.0,0.0,0.0,China
Beijing,CN,2025-02-09,12:00:00,1739077200,-5.4,-11.1,-0.2,7.2,239.0,0.0,0.0,China
Beijing,CN,2025-02-10,12:00:00,1739163600,-3.3,-9.4,2.6,7.1,55.0,0.0,0.0,China
Beijing,CN,2025-02-11,12:00:00,1739250000,-0.9,-6.4,3.7,18.0,11.0,0.0,0.0,China
Beijing,CN,2025-02-12,12:00:00,1739336400,1.5,-2.6,5.4,20.0,329.0,0.0,0.0,China
Beijing,CN,2025-02-13,12:00:00,1739422800,2.1,-3.0,8.3,8.4,219.0,0.0,0.0,China
Beijing,CN,2025-02-14,12:00:00,1739509200,3.4,-1.4,9.7,9.0,243.0,0.0,0.0,China
Beijing,CN,2025-02-15,12:00:00,1739595600,5.6,-1.4,12.8,16.4,323.0,0.0,0.0,China
Beijing,CN,2025-02-16,12:00:00,1739682000,4.5,0.1,7.7,18.9,344.0,0.0,0.0,China
Beijing,CN,2025-02-17,12:00:00,1739768400,1.0,-2.2,4.1,17.2,24.0,0.0,0.0,China
Beijing,CN,2025-02-18,12:00:00,1739854800,0.7,-3.2,5.3,13.8,20.0,0.0,0.0,China
Beijing,CN,2025-02-19,12:00:00,1739941200,0.5,-3.1,4.6,9.4,39.0,0.0,0.0,China
Beijing,CN,2025-02-20,12:00:00,1740027600,0.3,-2.8,4.6,11.7,30.0,0.0,0.0,China
Beijing,CN,2025-02-21,12:00:00,1740114000,-1.0,-3.4,2.1,10.0,40.0,0.0,0.0,China
Beijing,CN,2025-02-22,12:00:00,1740200400,-1.2,-4.8,3.1,19.5,357.0,0.0,0.0,China
Beijing,CN,2025-02-23,12:00:00,1740286800,-1.1,-5.3,4.0,19.0,327.0,0.0,0.0,China
Beijing,CN,2025-02-24,12:00:00,1740373200,1.4,-4.6,7.5,11.2,199.0,0.0,0.0,China
Beijing,CN,2025-02-25,12:00:00,1740459600,4.8,-1.0,9.1,18.2,324.0,0.0,0.0,China
Beijing,CN,2025-02-26,12:00:00,1740546000,3.8,-1.9,9.8,5.9,52.0,0.0,0.0,China
Beijing,CN,2025-02-27,12:00:00,1740632400,5.9,-0.5,12.5,7.3,9.0,0.0,0.0,China
Beijing,CN,2025-02-28,12:00:00,1740718800,8.6,0.7,16.4,7.1,55.0,0.0,0.0,China
Beijing,CN,2025-03-01,12:00:00,1740805200,10.2,4.3,16.7,11.1,59.0,0.2,0.0,China
Beijing,CN,2025-03-02,12:00:00,1740891600,5.6,2.4,9.1,11.6,58.0,3.3,0.98,China
Beijing,CN,2025-03-03,12:00:00,1740978000,4.2,-0.3,7.5,7.7,123.0,0.0,0.0,China
Beijing,CN,2025-03-04,12:00:00,1741064400,4.8,0.6,8.8,9.9,190.0,0.0,0.0,China
Beijing,CN,2025-03-05,12:00:00,1741150800,5.4,-1.3,11.4,9.0,73.0,0.0,0.0,China
Beijing,CN,2025-03-06,12:00:00,1741237200,7.3,0.9,12.1,11.0,344.0,0.0,0.0,China
Beijing,CN,2025-03-07,12:00:00,1741323600,6.6,2.8,10.4,9.5,192.0,0.1,0.0,China
Beijing,CN,2025-03-08,12:00:00,1741410000,7.4,0.3,14.1,9.6,204.0,0.0,0.0,China
Beijing,CN,2025-03-09,12:00:00,1741496400,10.2,2.9,16.6,18.2,195.0,0.0,0.0,China
Beijing,CN,2025-03-10,12:00:00,1741582800,11.9,6.4,17.3,14.9,195.0,0.0,0.0,China
Beijing,CN,2025-03-11,12:00:00,1741669200,10.5,5.7,14.0,8.7,237.0,3.8,0.0,China
Beijing,CN,2025-03-12,12:00:00,1741755600,12.8,5.2,18.7,19.2,311.0,0.0,0.0,China
Beijing,CN,2025-03-13,12:00:00,1741842000,11.9,5.0,18.8,17.7,83.0,0.2,0.0,China
Beijing,CN,2025-03-14,12:00:00,1741928400,8.5,6.6,10.6,12.2,65.0,0.0,0.0,China
Beijing,CN,2025-03-15,12:00:00,1742014800,4.1,0.0,6.7,16.2,61.0,4.7,2.45,China
Beijing,CN,2025-03-16,12:00:00,1742101200,2.1,-6.2,8.3,17.7,332.0,0.0,0.0,China
Beijing,CN,2025-03-17,12:00:00,1742187600,4.3,0.5,7.4,28.0,350.0,0.0,0.0,China
Beijing,CN,2025-03-18,12:00:00,1742274000,6.8,-1.1,14.7,20.7,315.0,0.0,0.0,China
Beijing,CN,2025-03-19,12:00:00,1742360400,12.5,3.0,21.0,12.9,306.0,0.0,0.0,China
Beijing,CN,2025-03-20,12:00:00,1742446800,15.8,6.2,23.2,18.1,325.0,0.0,0.0,China
Beijing,CN,2025-03-21,12:00:00,1742533200,19.6,10.7,26.4,16.0,288.0,0.0,0.0,China
Beijing,CN,2025-03-22,12:00:00,1742619600,21.2,12.3,28.2,14.2,293.0,0.0,0.0,China
Beijing,CN,2025-03-23,12:00:00,1742706000,21.3,15.0,25.9,15.9,271.0,0.0,0.0,China
Beijing,CN,2025-03-24,12:00:00,1742792400,16.9,11.7,20.7,23.5,32.0,0.0,0.0,China
Beijing,CN,2025-03-25,12:00:00,1742878800,15.0,8.2,20.6,28.2,334.0,1.2,0.0,China
Beijing,CN,2025-03-26,12:00:00,1742965200,12.4,6.2,18.5,19.4,23.0,0.0,0.0,China
Beijing,CN,2025-03-27,12:00:00,1743051600,11.0,7.5,13.3,20.8,346.0,0.0,0.0,China
Beijing,CN,2025-03-28,12:00:00,1743138000,6.0,3.2,9.8,20.6,342.0,0.0,0.0,China
Beijing,CN,2025-03-29,12:00:00,1743224400,5.9,0.5,11.2,21.8,301.0,0.0,0.0,China
Beijing,CN,2025-03-30,12:00:00,1743310800,8.2,1.0,14.1,15.5,203.0,0.0,0.0,China
Beijing,CN,2025-03-31,12:00:00,1743397200,12.3,3.8,20.3,13.2,248.0,0.0,0.0,China
Beijing,CN,2025-04-01,12:00:00,1743483600,14.5,7.1,21.0,22.0,323.0,0.0,0.0,China
Beijing,CN,2025-04-02,12:00:00,1743570000,13.3,7.2,19.0,13.5,324.0,0.0,0.0,China
Beijing,CN,2025-04-03,12:00:00,1743656400,14.3,8.0,19.5,15.7,198.0,0.0,0.0,China
Beijing,CN,2025-04-04,12:00:00,1743742800,14.6,7.6,21.1,27.0,342.0,0.0,0.0,China
Beijing,CN,2025-04-05,12:00:00,1743829200,15.3,9.0,21.3,16.7,290.0,0.0,0.0,China
Beijing,CN,2025-04-06,12:00:00,1743915600,16.1,8.5,23.1,12.3,106.0,0.0,0.0,China
Beijing,CN,2025-04-07,12:00:00,1744002000,17.8,10.0,24.9,20.8,5.0,0.0,0.0,China
Beijing,CN,2025-04-08,12:00:00,1744088400,16.8,11.2,22.7,16.5,140.0,1.7,0.0,China
Beijing,CN,2025-04-09,12:00:00,1744174800,17.1,12.1,22.8,10.7,194.0,0.0,0.0,China
Beijing,CN,2025-04-10,12:00:00,1744261200,18.8,11.7,25.7,14.2,200.0,0.0,0.0,China
Beijing,CN,2025-04-11,12:00:00,1744347600,20.2,13.6,27.2,25.2,232.0,0.0,0.0,China
Beijing,CN,2025-04-12,12:00:00,1744434000,9.7,6.9,12.6,35.6,321.0,0.0,0.0,China
Beijing,CN,2025-04-13,12:00:00,1744520400,9.9,6.8,13.1,33.2,331.0,0.0,0.0,China
Beijing,CN,2025-04-14,12:00:00,1744606800,17.3,10.4,24.1,26.3,341.0,0.0,0.0,China
Beijing,CN,2025-04-15,12:00:00,1744693200,22.2,12.2,31.5,20.8,210.0,0.0,0.0,China
Beijing,CN,2025-04-16,12:00:00,1744779600,22.2,16.5,28.4,13.0,137.0,0.0,0.0,China
Beijing,CN,2025-04-17,12:00:00,1744866000,21.5,13.8,29.0,17.9,13.0,0.0,0.0,China
Beijing,CN,2025-04-18,12:00:00,1744952400,14.1,9.6,20.1,14.8,91.0,11.2,0.0,China
Beijing,CN,2025-04-19,12:00:00,1745038800,14.7,8.7,21.4,9.6,204.0,0.0,0.0,China
Beijing,CN,2025-04-20,12:00:00,1745125200,18.5,12.7,24.6,13.2,173.0,0.0,0.0,China
Beijing,CN,2025-04-21,12:00:00,1745211600,16.3,12.7,19.4,10.4,12.0,2.0,0.0,China
Beijing,CN,2025-04-22,12:00:00,1745298000,17.7,10.9,24.0,16.9,239.0,0.0,0.0,China
Beijing,CN,2025-04-23,12:00:00,1745384400,19.3,11.9,26.9,22.6,324.0,0.0,0.0,China
Beijing,CN,2025-04-24,12:00:00,1745470800,16.7,10.7,21.9,20.9,340.0,0.0,0.0,China
Beijing,CN,2025-04-25,12:00:00,1745557200,17.7,10.6,23.8,11.8,190.0,0.0,0.0,China
Beijing,CN,2025-04-26,12:00:00,1745643600,20.0,12.0,26.4,18.5,340.0,0.0,0.0,China
Beijing,CN,2025-04-27,12:00:00,1745730000,20.1,14.6,26.0,20.8,349.0,0.0,0.0,China
Beijing,CN,2025-04-28,12:00:00,1745816400,19.7,13.7,25.8,16.6,148.0,0.0,0.0,China
Beijing,CN,2025-04-29,12:00:00,1745902800,21.6,11.5,32.8,17.0,225.0,0.0,0.0,China
Beijing,CN,2025-04-30,12:00:00,1745989200,21.0,17.7,27.3,27.7,360.0,0.3,0.0,China
Beijing,CN,2025-05-01,12:00:00,1746075600,20.6,15.4,25.8,16.4,344.0,0.0,0.0,China
Beijing,CN,2025-05-02,12:00:00,1746162000,16.9,14.0,19.5,20.0,23.0,0.0,0.0,China
Beijing,CN,2025-05-03,12:00:00,1746248400,19.0,13.6,24.1,19.6,308.0,0.0,0.0,China
Beijing,CN,2025-05-04,12:00:00,1746334800,20.2,13.9,25.6,18.8,211.0,0.4,0.0,China
Beijing,CN,2025-05-05,12:00:00,1746421200,16.3,13.1,20.6,12.7,156.0,5.1,0.0,China
Beijing,CN,2025-05-06,12:00:00,1746507600,16.1,11.1,21.3,14.5,30.0,0.0,0.0,China
Beijing,CN,2025-05-07,12:00:00,1746594000,18.3,11.8,24.7,18.1,190.0,0.0,0.0,China
Beijing,CN,2025-05-08,12:00:00,1746680400,19.6,15.0,26.4,17.8,159.0,8.8,0.0,China
Beijing,CN,2025-05-09,12:00:00,1746766800,12.9,11.1,17.1,18.9,12.0,36.7,0.0,China
Beijing,CN,2025-05-10,12:00:00,1746853200,17.2,11.3,23.8,14.4,316.0,0.0,0.0,China
Beijing,CN,2025-05-11,12:00:00,1746939600,18.6,11.0,25.7,12.4,212.0,0.0,0.0,China
Beijing,CN,2025-05-12,12:00:00,1747026000,21.4,15.4,27.2,6.9,40.0,0.0,0.0,China
Beijing,CN,2025-05-13,12:00:00,1747112400,23.4,17.6,29.8,15.1,21.0,0.2,0.0,China
Beijing,CN,2025-05-14,12:00:00,1747198800,20.8,17.5,25.0,18.0,46.0,9.1,0.0,China
Beijing,CN,2025-05-15,12:00:00,1747285200,21.1,15.0,27.1,18.8,199.0,0.0,0.0,China
Beijing,CN,2025-05-16,12:00:00,1747371600,22.3,16.3,28.6,18.3,190.0,0.4,0.0,China
Beijing,CN,2025-05-17,12:00:00,1747458000,18.9,13.9,23.5,27.6,327.0,0.0,0.0,China
Beijing,CN,2025-05-18,12:00:00,1747544400,18.9,12.8,24.5,10.8,214.0,0.0,0.0,China
Beijing,CN,2025-05-19,12:00:00,1747630800,23.6,16.4,31.4,7.6,142.0,0.0,0.0,China
Beijing,CN,2025-05-20,12:00:00,1747717200,,19.6,24.1,8.0,,0.0,,China
