city,country_code,date,time,timestamp,temp,temp_min,temp_max,wind_speed,wind_deg,precipitation,snow,country
London,GB,2005-05-25,12:00:00,1116997200,14.7,9.7,20.0,20.1,202.0,0.0,0.0,United Kingdom
London,GB,2005-05-26,12:00:00,1117083600,18.2,14.0,22.3,17.4,212.0,0.0,0.0,United Kingdom
London,GB,2005-05-27,12:00:00,1117170000,20.7,12.7,27.9,17.4,164.0,0.0,0.0,United Kingdom
London,GB,2005-05-28,12:00:00,1117256400,16.6,12.7,20.0,29.8,230.0,0.0,0.0,United Kingdom
London,GB,2005-05-29,12:00:00,1117342800,13.0,8.2,16.7,11.9,252.0,0.0,0.0,United Kingdom
London,GB,2005-05-30,12:00:00,1117429200,13.2,8.8,16.9,14.0,299.0,3.2,0.0,United Kingdom
London,GB,2005-05-31,12:00:00,1117515600,13.6,7.8,18.2,9.7,276.0,0.1,0.0,United Kingdom
London,GB,2005-06-01,12:00:00,1117602000,13.4,8.5,16.1,21.4,201.0,2.6,0.0,United Kingdom
London,GB,2005-06-02,12:00:00,1117688400,15.5,13.5,18.7,18.2,221.0,0.0,0.0,United Kingdom
London,GB,2005-06-03,12:00:00,1117774800,14.7,11.6,19.9,26.1,231.0,5.2,0.0,United Kingdom
London,GB,2005-06-04,12:00:00,1117861200,14.4,11.1,17.7,27.0,251.0,0.2,0.0,United Kingdom
London,GB,2005-06-05,12:00:00,1117947600,14.1,10.7,16.7,20.5,255.0,1.1,0.0,United Kingdom
London,GB,2005-06-06,12:00:00,1118034000,13.3,10.4,15.3,18.5,40.0,0.3,0.0,United Kingdom
London,GB,2005-06-07,12:00:00,1118120400,11.6,6.5,15.7,12.0,42.0,0.0,0.0,United Kingdom
London,GB,2005-06-08,12:00:00,1118206800,13.1,7.7,18.2,9.2,105.0,0.0,0.0,United Kingdom
London,GB,2005-06-09,12:00:00,1118293200,14.8,8.5,20.3,7.9,164.0,0.0,0.0,United Kingdom
London,GB,2005-06-10,12:00:00,1118379600,15.0,11.5,18.7,17.6,20.0,0.0,0.0,United Kingdom
London,GB,2005-06-11,12:00:00,1118466000,11.4,6.7,14.8,11.2,33.0,0.1,0.0,United Kingdom
London,GB,2005-06-12,12:00:00,1118552400,13.7,10.8,17.4,19.9,273.0,1.0,0.0,United Kingdom
London,GB,2005-06-13,12:00:00,1118638800,12.8,6.5,17.7,19.4,275.0,0.0,0.0,United Kingdom
London,GB,2005-06-14,12:00:00,1118725200,14.3,8.7,19.1,20.5,234.0,0.0,0.0,United Kingdom
London,GB,2005-06-15,12:00:00,1118811600,14.4,10.8,19.2,27.5,197.0,5.8,0.0,United Kingdom
London,GB,2005-06-16,12:00:00,1118898000,16.8,13.0,20.9,26.1,217.0,0.0,0.0,United Kingdom
London,GB,2005-06-17,12:00:00,1118984400,20.6,17.0,24.3,19.1,260.0,0.0,0.0,United Kingdom
London,GB,2005-06-18,12:00:00,1119070800,22.1,16.6,26.7,14.8,126.0,0.0,0.0,United Kingdom
London,GB,2005-06-19,12:00:00,1119157200,23.6,17.3,29.4,16.3,155.0,0.0,0.0,United Kingdom
London,GB,2005-06-20,12:00:00,1119243600,21.7,17.2,25.1,12.0,326.0,0.1,0.0,United Kingdom
London,GB,2005-06-21,12:00:00,1119330000,20.4,16.8,24.6,13.2,301.0,0.0,0.0,United Kingdom
London,GB,2005-06-22,12:00:00,1119416400,21.0,14.1,26.4,10.1,215.0,0.0,0.0,United Kingdom
London,GB,2005-06-23,12:00:00,1119502800,22.8,15.0,29.2,8.8,198.0,0.0,0.0,United Kingdom
London,GB,2005-06-24,12:00:00,1119589200,22.9,18.4,29.8,15.8,13.0,14.1,0.0,United Kingdom
London,GB,2005-06-25,12:00:00,1119675600,17.6,14.9,19.4,18.3,37.0,11.1,0.0,United Kingdom
London,GB,2005-06-26,12:00:00,1119762000,15.6,12.7,19.9,17.1,58.0,0.0,0.0,United Kingdom
London,GB,2005-06-27,12:00:00,1119848400,16.7,10.7,22.2,13.5,58.0,0.0,0.0,United Kingdom
London,GB,2005-06-28,12:00:00,1119934800,17.3,13.0,22.0,24.1,75.0,5.2,0.0,United Kingdom
London,GB,2005-06-29,12:00:00,1120021200,19.0,16.1,23.1,12.2,218.0,5.2,0.0,United Kingdom
London,GB,2005-06-30,12:00:00,1120107600,16.8,13.8,19.9,19.9,222.0,7.1,0.0,United Kingdom
London,GB,2005-07-01,12:00:00,1120194000,16.9,12.5,21.0,18.4,237.0,0.0,0.0,United Kingdom
London,GB,2005-07-02,12:00:00,1120280400,18.4,15.4,21.7,18.6,228.0,0.2,0.0,United Kingdom
London,GB,2005-07-03,12:00:00,1120366800,17.0,13.7,20.5,16.6,220.0,0.5,0.0,United Kingdom
London,GB,2005-07-04,12:00:00,1120453200,14.7,12.3,16.7,21.6,287.0,3.9,0.0,United Kingdom
London,GB,2005-07-05,12:00:00,1120539600,14.1,9.8,17.6,26.1,212.0,4.8,0.0,United Kingdom
London,GB,2005-07-06,12:00:00,1120626000,15.5,12.3,18.9,27.0,287.0,0.2,0.0,United Kingdom
London,GB,2005-07-07,12:00:00,1120712400,15.6,12.6,19.4,28.1,323.0,2.4,0.0,United Kingdom
London,GB,2005-07-08,12:00:00,1120798800,15.5,12.7,19.0,17.8,349.0,0.8,0.0,United Kingdom
London,GB,2005-07-09,12:00:00,1120885200,17.0,13.5,21.3,20.6,19.0,0.3,0.0,United Kingdom
London,GB,2005-07-10,12:00:00,1120971600,19.8,13.2,25.8,14.3,27.0,0.0,0.0,United Kingdom
London,GB,2005-07-11,12:00:00,1121058000,19.7,13.7,24.7,15.6,31.0,0.0,0.0,United Kingdom
London,GB,2005-07-12,12:00:00,1121144400,17.8,13.7,22.6,13.0,51.0,0.0,0.0,United Kingdom
London,GB,2005-07-13,12:00:00,1121230800,20.3,13.2,26.3,7.2,183.0,0.2,0.0,United Kingdom
London,GB,2005-07-14,12:00:00,1121317200,22.0,16.2,27.5,17.3,204.0,0.0,0.0,United Kingdom
London,GB,2005-07-15,12:00:00,1121403600,20.7,15.9,25.1,17.3,272.0,0.1,0.0,United Kingdom
London,GB,2005-07-16,12:00:00,1121490000,18.6,13.7,22.6,13.3,334.0,0.0,0.0,United Kingdom
London,GB,2005-07-17,12:00:00,1121576400,19.7,12.5,25.9,12.2,230.0,0.0,0.0,United Kingdom
London,GB,2005-07-18,12:00:00,1121662800,18.9,13.1,24.2,24.6,240.0,0.1,0.0,United Kingdom
London,GB,2005-07-19,12:00:00,1121749200,17.8,13.9,21.6,27.5,261.0,0.0,0.0,United Kingdom
London,GB,2005-07-20,12:00:00,1121835600,18.2,15.1,21.3,29.2,286.0,0.0,0.0,United Kingdom
London,GB,2005-07-21,12:00:00,1121922000,17.5,12.8,22.2,19.6,314.0,0.0,0.0,United Kingdom
London,GB,2005-07-22,12:00:00,1122008400,17.1,14.4,19.6,12.3,338.0,0.1,0.0,United Kingdom
London,GB,2005-07-23,12:00:00,1122094800,18.0,15.8,21.1,6.8,158.0,0.5,0.0,United Kingdom
London,GB,2005-07-24,12:00:00,1122181200,16.6,14.4,20.1,20.1,146.0,11.0,0.0,United Kingdom
London,GB,2005-07-25,12:00:00,1122267600,16.4,14.1,18.3,21.3,342.0,14.7,0.0,United Kingdom
London,GB,2005-07-26,12:00:00,1122354000,15.8,13.4,18.8,13.7,91.0,1.2,0.0,United Kingdom
London,GB,2005-07-27,12:00:00,1122440400,15.4,13.0,18.4,19.9,63.0,9.4,0.0,United Kingdom
London,GB,2005-07-28,12:00:00,1122526800,19.1,15.2,23.7,23.0,145.0,8.2,0.0,United Kingdom
London,GB,2005-07-29,12:00:00,1122613200,17.6,14.4,20.9,18.1,216.0,0.0,0.0,United Kingdom
London,GB,2005-07-30,12:00:00,1122699600,15.9,12.7,19.2,15.6,227.0,4.8,0.0,United Kingdom
London,GB,2005-07-31,12:00:00,1122786000,16.1,13.5,18.5,12.7,325.0,0.2,0.0,United Kingdom
London,GB,2005-08-01,12:00:00,1122872400,16.1,14.1,19.3,10.9,82.0,3.7,0.0,United Kingdom
London,GB,2005-08-02,12:00:00,1122958800,16.9,11.8,21.2,13.5,198.0,1.1,0.0,United Kingdom
London,GB,2005-08-03,12:00:00,1123045200,17.2,13.4,20.7,22.2,285.0,0.1,0.0,United Kingdom
London,GB,2005-08-04,12:00:00,1123131600,16.7,12.0,20.5,15.3,268.0,0.1,0.0,United Kingdom
London,GB,2005-08-05,12:00:00,1123218000,17.0,14.1,20.9,21.4,282.0,4.3,0.0,United Kingdom
London,GB,2005-08-06,12:00:00,1123304400,15.3,12.0,18.3,18.7,300.0,0.0,0.0,United Kingdom
London,GB,2005-08-07,12:00:00,1123390800,14.9,10.1,18.9,15.6,342.0,0.1,0.0,United Kingdom
London,GB,2005-08-08,12:00:00,1123477200,14.6,8.9,19.0,15.0,341.0,0.0,0.0,United Kingdom
London,GB,2005-08-09,12:00:00,1123563600,16.6,9.9,22.2,10.9,318.0,0.0,0.0,United Kingdom
London,GB,2005-08-10,12:00:00,1123650000,17.3,11.9,21.5,13.3,327.0,0.0,0.0,United Kingdom
London,GB,2005-08-11,12:00:00,1123736400,18.4,12.1,23.5,14.4,276.0,0.0,0.0,United Kingdom
London,GB,2005-08-12,12:00:00,1123822800,16.7,13.9,19.5,19.6,309.0,0.1,0.0,United Kingdom
London,GB,2005-08-13,12:00:00,1123909200,15.6,10.6,19.8,25.9,239.0,10.7,0.0,United Kingdom
London,GB,2005-08-14,12:00:00,1123995600,15.8,11.7,19.8,26.6,318.0,1.1,0.0,United Kingdom
London,GB,2005-08-15,12:00:00,1124082000,16.1,10.4,20.3,11.4,337.0,0.0,0.0,United Kingdom
London,GB,2005-08-16,12:00:00,1124168400,17.5,11.5,21.5,8.1,48.0,0.0,0.0,United Kingdom
London,GB,2005-08-17,12:00:00,1124254800,17.8,11.3,23.9,9.9,107.0,0.0,0.0,United Kingdom
London,GB,2005-08-18,12:00:00,1124341200,19.7,13.2,25.4,8.7,95.0,0.0,0.0,United Kingdom
London,GB,2005-08-19,12:00:00,1124427600,16.3,14.2,18.8,18.8,325.0,15.1,0.0,United Kingdom
London,GB,2005-08-20,12:00:00,1124514000,15.8,12.0,19.2,18.0,337.0,0.0,0.0,United Kingdom
London,GB,2005-08-21,12:00:00,1124600400,17.0,13.6,21.7,11.2,313.0,0.0,0.0,United Kingdom
London,GB,2005-08-22,12:00:00,1124686800,15.2,11.1,17.8,15.7,287.0,8.3,0.0,United Kingdom
London,GB,2005-08-23,12:00:00,1124773200,16.3,11.6,21.0,15.3,303.0,0.0,0.0,United Kingdom
London,GB,2005-08-24,12:00:00,1124859600,14.8,12.7,16.8,33.5,211.0,8.7,0.0,United Kingdom
London,GB,2005-08-25,12:00:00,1124946000,14.2,11.2,17.9,23.8,258.0,1.2,0.0,United Kingdom
London,GB,2005-08-26,12:00:00,1125032400,14.2,10.4,17.8,21.9,251.0,0.0,0.0,United Kingdom
London,GB,2005-08-27,12:00:00,1125118800,15.1,10.2,19.5,13.4,227.0,0.0,0.0,United Kingdom
London,GB,2005-08-28,12:00:00,1125205200,16.7,10.8,22.0,17.3,227.0,0.0,0.0,United Kingdom
London,GB,2005-08-29,12:00:00,1125291600,17.5,11.9,23.4,14.2,242.0,0.0,0.0,United Kingdom
London,GB,2005-08-30,12:00:00,1125378000,18.8,13.1,24.6,13.0,95.0,0.0,0.0,United Kingdom
London,GB,2005-08-31,12:00:00,1125464400,21.7,15.4,28.4,18.1,143.0,4.8,0.0,United Kingdom
London,GB,2005-09-01,12:00:00,1125550800,18.9,15.9,22.2,18.4,242.0,0.5,0.0,United Kingdom
London,GB,2005-09-02,12:00:00,1125637200,16.8,13.4,20.8,10.9,25.0,0.0,0.0,United Kingdom
London,GB,2005-09-03,12:00:00,1125723600,18.2,14.2,23.0,15.5,88.0,0.0,0.0,United Kingdom
London,GB,2005-09-04,12:00:00,1125810000,20.2,15.2,25.7,18.6,96.0,0.0,0.0,United Kingdom
London,GB,2005-09-05,12:00:00,1125896400,19.7,16.7,23.5,13.2,205.0,8.4,0.0,United Kingdom
London,GB,2005-09-06,12:00:00,1125982800,18.0,14.5,21.2,9.2,165.0,2.8,0.0,United Kingdom
London,GB,2005-09-07,12:00:00,1126069200,18.4,13.3,23.9,18.2,220.0,0.0,0.0,United Kingdom
London,GB,2005-09-08,12:00:00,1126155600,17.9,13.6,22.7,18.4,214.0,0.0,0.0,United Kingdom
London,GB,2005-09-09,12:00:00,1126242000,18.8,13.6,24.9,8.6,120.0,1.9,0.0,United Kingdom
London,GB,2005-09-10,12:00:00,1126328400,17.5,14.8,20.6,11.3,77.0,6.2,0.0,United Kingdom
London,GB,2005-09-11,12:00:00,1126414800,17.1,16.0,18.6,18.0,359.0,0.0,0.0,United Kingdom
London,GB,2005-09-12,12:00:00,1126501200,16.8,13.4,20.5,15.3,24.0,0.0,0.0,United Kingdom
London,GB,2005-09-13,12:00:00,1126587600,16.0,11.3,20.9,17.4,208.0,0.0,0.0,United Kingdom
London,GB,2005-09-14,12:00:00,1126674000,18.0,14.8,22.2,21.5,249.0,0.0,0.0,United Kingdom
London,GB,2005-09-15,12:00:00,1126760400,16.6,13.6,19.0,25.3,241.0,5.1,0.0,United Kingdom
London,GB,2005-09-16,12:00:00,1126846800,12.4,9.7,14.8,28.2,8.0,2.2,0.0,United Kingdom
London,GB,2005-09-17,12:00:00,1126933200,10.7,6.2,14.9,13.1,329.0,0.0,0.0,United Kingdom
London,GB,2005-09-18,12:00:00,1127019600,13.3,9.6,16.8,8.0,278.0,0.0,0.0,United Kingdom
London,GB,2005-09-19,12:00:00,1127106000,15.4,13.3,18.0,11.7,210.0,0.0,0.0,United Kingdom
London,GB,2005-09-20,12:00:00,1127192400,15.5,11.0,19.8,9.7,230.0,0.0,0.0,United Kingdom
London,GB,2005-09-21,12:00:00,1127278800,15.3,10.8,20.3,9.1,211.0,0.0,0.0,United Kingdom
London,GB,2005-09-22,12:00:00,1127365200,15.0,10.8,20.3,11.5,176.0,0.0,0.0,United Kingdom
London,GB,2005-09-23,12:00:00,1127451600,14.6,11.1,18.7,22.2,214.0,5.0,0.0,United Kingdom
London,GB,2005-09-24,12:00:00,1127538000,12.8,7.6,16.9,15.6,46.0,0.0,0.0,United Kingdom
London,GB,2005-09-25,12:00:00,1127624400,15.4,12.2,19.6,20.8,221.0,0.0,0.0,United Kingdom
London,GB,2005-09-26,12:00:00,1127710800,14.2,10.5,17.2,26.6,223.0,0.0,0.0,United Kingdom
London,GB,2005-09-27,12:00:00,1127797200,16.2,12.1,18.8,25.9,237.0,2.4,0.0,United Kingdom
London,GB,2005-09-28,12:00:00,1127883600,12.5,8.6,16.0,27.2,230.0,4.2,0.0,United Kingdom
London,GB,2005-09-29,12:00:00,1127970000,12.1,8.3,15.1,21.7,281.0,1.0,0.0,United Kingdom
London,GB,2005-09-30,12:00:00,1128056400,15.8,11.1,19.5,21.4,218.0,3.8,0.0,United Kingdom
London,GB,2005-10-01,12:00:00,1128142800,13.2,10.4,16.8,23.1,273.0,0.4,0.0,United Kingdom
London,GB,2005-10-02,12:00:00,1128229200,11.1,8.6,13.8,19.9,329.0,0.0,0.0,United Kingdom
London,GB,2005-10-03,12:00:00,1128315600,12.0,8.5,15.2,8.4,347.0,0.1,0.0,United Kingdom
London,GB,2005-10-04,12:00:00,1128402000,12.3,8.7,16.1,13.2,35.0,0.0,0.0,United Kingdom
London,GB,2005-10-05,12:00:00,1128488400,14.1,10.3,17.5,18.2,25.0,0.0,0.0,United Kingdom
London,GB,2005-10-06,12:00:00,1128574800,15.9,14.0,18.8,11.1,67.0,0.0,0.0,United Kingdom
London,GB,2005-10-07,12:00:00,1128661200,15.4,12.2,18.2,9.0,125.0,0.1,0.0,United Kingdom
London,GB,2005-10-08,12:00:00,1128747600,15.0,11.5,18.7,22.7,206.0,1.1,0.0,United Kingdom
London,GB,2005-10-09,12:00:00,1128834000,10.9,5.8,15.2,12.3,215.0,0.0,0.0,United Kingdom
London,GB,2005-10-10,12:00:00,1128920400,15.5,10.5,20.8,18.9,159.0,0.0,0.0,United Kingdom
London,GB,2005-10-11,12:00:00,1129006800,17.4,14.5,20.5,18.7,166.0,2.3,0.0,United Kingdom
London,GB,2005-10-12,12:00:00,1129093200,17.2,15.7,19.3,19.8,170.0,7.4,0.0,United Kingdom
London,GB,2005-10-13,12:00:00,1129179600,14.5,13.0,16.3,18.0,9.0,4.7,0.0,United Kingdom
London,GB,2005-10-14,12:00:00,1129266000,14.2,11.5,17.3,15.3,58.0,0.0,0.0,United Kingdom
London,GB,2005-10-15,12:00:00,1129352400,15.4,12.8,19.0,18.4,85.0,0.0,0.0,United Kingdom
London,GB,2005-10-16,12:00:00,1129438800,13.6,10.4,17.5,19.4,94.0,0.9,0.0,United Kingdom
London,GB,2005-10-17,12:00:00,1129525200,13.4,9.7,17.9,13.8,97.0,0.0,0.0,United Kingdom
London,GB,2005-10-18,12:00:00,1129611600,11.5,9.5,13.3,19.1,100.0,3.5,0.0,United Kingdom
London,GB,2005-10-19,12:00:00,1129698000,12.8,10.9,15.2,23.3,180.0,8.0,0.0,United Kingdom
London,GB,2005-10-20,12:00:00,1129784400,11.8,9.8,15.2,22.9,219.0,0.3,0.0,United Kingdom
London,GB,2005-10-21,12:00:00,1129870800,13.2,10.6,15.7,28.0,198.0,4.4,0.0,United Kingdom
London,GB,2005-10-22,12:00:00,1129957200,12.7,10.3,15.1,26.4,243.0,0.7,0.0,United Kingdom
London,GB,2005-10-23,12:00:00,1130043600,10.8,6.9,15.2,14.0,244.0,0.0,0.0,United Kingdom
London,GB,2005-10-24,12:00:00,1130130000,14.9,10.7,16.5,32.9,207.0,14.1,0.0,United Kingdom
London,GB,2005-10-25,12:00:00,1130216400,14.8,12.9,16.6,34.5,228.0,3.7,0.0,United Kingdom
London,GB,2005-10-26,12:00:00,1130302800,15.2,12.2,18.2,24.9,205.0,0.0,0.0,United Kingdom
London,GB,2005-10-27,12:00:00,1130389200,16.6,14.0,19.4,23.0,163.0,0.0,0.0,United Kingdom
London,GB,2005-10-28,12:00:00,1130475600,16.2,14.6,18.1,24.7,188.0,0.5,0.0,United Kingdom
London,GB,2005-10-29,12:00:00,1130562000,14.8,10.7,17.9,23.2,160.0,0.0,0.0,United Kingdom
London,GB,2005-10-30,12:00:00,1130648400,16.5,14.3,18.6,28.8,184.0,2.2,0.0,United Kingdom
London,GB,2005-10-31,12:00:00,1130734800,13.4,12.2,15.0,22.6,182.0,0.4,0.0,United Kingdom
London,GB,2005-11-01,12:00:00,1130821200,11.4,9.8,13.0,21.9,207.0,0.3,0.0,United Kingdom
London,GB,2005-11-02,12:00:00,1130907600,15.1,11.3,17.4,28.5,191.0,10.9,0.0,United Kingdom
London,GB,2005-11-03,12:00:00,1130994000,14.2,12.2,15.6,40.4,210.0,3.9,0.0,United Kingdom
London,GB,2005-11-04,12:00:00,1131080400,10.5,7.8,12.7,24.6,239.0,0.0,0.0,United Kingdom
London,GB,2005-11-05,12:00:00,1131166800,9.3,4.3,14.1,24.2,228.0,0.0,0.0,United Kingdom
London,GB,2005-11-06,12:00:00,1131253200,13.0,10.4,14.0,31.7,204.0,7.8,0.0,United Kingdom
London,GB,2005-11-07,12:00:00,1131339600,10.9,8.7,13.5,26.1,210.0,0.0,0.0,United Kingdom
London,GB,2005-11-08,12:00:00,1131426000,13.8,12.2,15.7,28.2,187.0,2.3,0.0,United Kingdom
London,GB,2005-11-09,12:00:00,1131512400,8.1,4.3,11.5,17.5,281.0,1.1,0.0,United Kingdom
London,GB,2005-11-10,12:00:00,1131598800,11.1,4.1,14.4,24.2,225.0,0.4,0.0,United Kingdom
London,GB,2005-11-11,12:00:00,1131685200,13.2,10.3,14.2,31.5,222.0,1.1,0.0,United Kingdom
London,GB,2005-11-12,12:00:00,1131771600,8.0,4.3,10.6,19.0,239.0,0.0,0.0,United Kingdom
London,GB,2005-11-13,12:00:00,1131858000,5.4,1.5,10.1,20.1,4.0,0.0,0.0,United Kingdom
London,GB,2005-11-14,12:00:00,1131944400,3.6,-0.6,7.4,15.0,281.0,0.0,0.0,United Kingdom
London,GB,2005-11-15,12:00:00,1132030800,7.8,4.5,11.5,16.1,284.0,0.3,0.0,United Kingdom
London,GB,2005-11-16,12:00:00,1132117200,5.7,2.2,7.2,21.1,319.0,0.0,0.0,United Kingdom
London,GB,2005-11-17,12:00:00,1132203600,1.3,-1.6,5.5,11.6,310.0,0.0,0.0,United Kingdom
London,GB,2005-11-18,12:00:00,1132290000,0.4,-3.2,6.2,8.8,357.0,0.0,0.0,United Kingdom
London,GB,2005-11-19,12:00:00,1132376400,1.2,-2.4,7.4,9.1,9.0,0.0,0.0,United Kingdom
London,GB,2005-11-20,12:00:00,1132462800,-0.7,-2.2,1.2,7.7,309.0,0.0,0.0,United Kingdom
London,GB,2005-11-21,12:00:00,1132549200,0.4,-2.1,2.7,8.4,357.0,0.0,0.0,United Kingdom
London,GB,2005-11-22,12:00:00,1132635600,4.6,1.8,8.5,10.7,31.0,0.0,0.0,United Kingdom
London,GB,2005-11-23,12:00:00,1132722000,3.1,0.6,6.3,10.9,340.0,0.0,0.0,United Kingdom
London,GB,2005-11-24,12:00:00,1132808400,3.3,-0.6,8.3,28.5,288.0,0.8,0.0,United Kingdom
London,GB,2005-11-25,12:00:00,1132894800,0.6,-1.3,2.4,25.3,292.0,0.0,0.0,United Kingdom
London,GB,2005-11-26,12:00:00,1132981200,3.6,1.0,6.0,28.1,328.0,0.0,0.0,United Kingdom
London,GB,2005-11-27,12:00:00,1133067600,2.9,0.9,4.6,20.4,323.0,0.0,0.0,United Kingdom
London,GB,2005-11-28,12:00:00,1133154000,2.1,-0.6,4.3,13.5,310.0,0.0,0.0,United Kingdom
London,GB,2005-11-29,12:00:00,1133240400,1.1,-2.0,4.0,15.2,311.0,0.0,0.0,United Kingdom
London,GB,2005-11-30,12:00:00,1133326800,2.4,-2.6,6.8,19.5,196.0,1.4,0.0,United Kingdom
London,GB,2005-12-01,12:00:00,1133413200,7.8,7.0,8.7,29.9,165.0,0.4,0.0,United Kingdom
London,GB,2005-12-02,12:00:00,1133499600,8.1,6.8,9.3,36.6,153.0,12.7,0.0,United Kingdom
London,GB,2005-12-03,12:00:00,1133586000,7.3,5.6,9.7,28.4,214.0,0.0,0.0,United Kingdom
London,GB,2005-12-04,12:00:00,1133672400,5.6,3.3,7.9,16.7,244.0,0.0,0.0,United Kingdom
London,GB,2005-12-05,12:00:00,1133758800,4.8,2.9,7.4,17.7,268.0,0.0,0.0,United Kingdom
London,GB,2005-12-06,12:00:00,1133845200,4.5,2.4,6.8,12.8,310.0,0.0,0.0,United Kingdom
London,GB,2005-12-07,12:00:00,1133931600,2.8,-0.8,6.2,22.6,230.0,2.1,0.0,United Kingdom
London,GB,2005-12-08,12:00:00,1134018000,5.6,1.2,7.7,24.1,39.0,3.6,0.0,United Kingdom
London,GB,2005-12-09,12:00:00,1134104400,2.3,-1.3,5.8,9.9,139.0,0.0,0.0,United Kingdom
London,GB,2005-12-10,12:00:00,1134190800,3.6,0.2,6.8,9.8,196.0,0.0,0.0,United Kingdom
London,GB,2005-12-11,12:00:00,1134277200,1.3,-1.6,6.1,10.7,265.0,0.0,0.0,United Kingdom
London,GB,2005-12-12,12:00:00,1134363600,5.1,0.9,7.9,21.4,14.0,0.0,0.0,United Kingdom
London,GB,2005-12-13,12:00:00,1134450000,3.6,1.4,5.7,14.4,337.0,0.0,0.0,United Kingdom
London,GB,2005-12-14,12:00:00,1134536400,5.7,2.3,8.1,18.1,335.0,0.0,0.0,United Kingdom
London,GB,2005-12-15,12:00:00,1134622800,6.4,2.3,9.2,20.2,295.0,0.0,0.0,United Kingdom
London,GB,2005-12-16,12:00:00,1134709200,8.2,3.8,10.9,31.2,303.0,0.0,0.0,United Kingdom
London,GB,2005-12-17,12:00:00,1134795600,1.2,-1.3,3.0,22.5,320.0,0.0,0.0,United Kingdom
London,GB,2005-12-18,12:00:00,1134882000,-0.6,-4.2,5.1,22.0,252.0,0.8,0.0,United Kingdom
London,GB,2005-12-19,12:00:00,1134968400,4.6,-0.8,7.1,21.1,280.0,2.0,0.0,United Kingdom
London,GB,2005-12-20,12:00:00,1135054800,1.0,-2.9,5.0,10.8,238.0,0.0,0.0,United Kingdom
London,GB,2005-12-21,12:00:00,1135141200,6.9,5.3,9.1,14.5,238.0,0.0,0.0,United Kingdom
London,GB,2005-12-22,12:00:00,1135227600,6.9,5.7,8.4,16.6,248.0,0.0,0.0,United Kingdom
London,GB,2005-12-23,12:00:00,1135314000,6.9,4.9,9.0,16.9,246.0,0.0,0.0,United Kingdom
London,GB,2005-12-24,12:00:00,1135400400,6.4,4.2,8.7,13.0,288.0,0.0,0.0,United Kingdom
London,GB,2005-12-25,12:00:00,1135486800,3.4,0.8,6.0,13.7,12.0,0.0,0.0,United Kingdom
London,GB,2005-12-26,12:00:00,1135573200,2.4,0.5,5.1,17.3,357.0,0.2,0.0,United Kingdom
London,GB,2005-12-27,12:00:00,1135659600,0.4,-1.0,2.7,22.1,10.0,0.1,0.0,United Kingdom
London,GB,2005-12-28,12:00:00,1135746000,-1.2,-3.5,1.8,18.5,359.0,0.0,0.0,United Kingdom
London,GB,2005-12-29,12:00:00,1135832400,-2.0,-4.1,0.5,10.4,281.0,0.0,0.0,United Kingdom
London,GB,2005-12-30,12:00:00,1135918800,3.6,-0.4,9.2,29.0,188.0,9.5,1.75,United Kingdom
London,GB,2005-12-31,12:00:00,1136005200,5.8,3.2,7.5,23.3,238.0,0.8,0.0,United Kingdom
London,GB,2006-01-01,12:00:00,1136091600,5.3,3.2,6.4,20.9,309.0,1.3,0.0,United Kingdom
London,GB,2006-01-02,12:00:00,1136178000,4.5,2.0,5.9,13.9,323.0,0.0,0.0,United Kingdom
London,GB,2006-01-03,12:00:00,1136264400,5.6,2.4,7.7,13.5,228.0,3.1,0.0,United Kingdom
London,GB,2006-01-04,12:00:00,1136350800,5.2,2.5,7.3,17.4,44.0,0.0,0.0,United Kingdom
London,GB,2006-01-05,12:00:00,1136437200,2.0,1.3,2.7,15.3,72.0,0.0,0.0,United Kingdom
London,GB,2006-01-06,12:00:00,1136523600,2.4,1.0,4.7,13.0,50.0,0.0,0.0,United Kingdom
London,GB,2006-01-07,12:00:00,1136610000,1.6,0.2,3.8,9.4,48.0,0.5,0.0,United Kingdom
London,GB,2006-01-08,12:00:00,1136696400,3.3,1.6,4.2,17.4,62.0,4.4,0.0,United Kingdom
London,GB,2006-01-09,12:00:00,1136782800,4.7,2.7,6.7,16.4,130.0,0.7,0.0,United Kingdom
London,GB,2006-01-10,12:00:00,1136869200,6.2,3.8,7.9,28.5,206.0,0.0,0.0,United Kingdom
London,GB,2006-01-11,12:00:00,1136955600,7.2,0.4,9.9,32.3,229.0,0.6,0.0,United Kingdom
London,GB,2006-01-12,12:00:00,1137042000,1.9,-2.3,5.2,16.9,174.0,0.0,0.0,United Kingdom
London,GB,2006-01-13,12:00:00,1137128400,6.0,4.5,7.6,20.2,167.0,0.0,0.0,United Kingdom
London,GB,2006-01-14,12:00:00,1137214800,7.0,5.8,8.6,22.4,178.0,0.0,0.0,United Kingdom
London,GB,2006-01-15,12:00:00,1137301200,7.1,5.3,8.6,20.3,162.0,0.0,0.0,United Kingdom
London,GB,2006-01-16,12:00:00,1137387600,6.8,5.3,8.9,25.8,192.0,0.2,0.0,United Kingdom
London,GB,2006-01-17,12:00:00,1137474000,7.1,5.4,9.1,23.5,267.0,2.8,0.0,United Kingdom
London,GB,2006-01-18,12:00:00,1137560400,8.5,4.8,10.2,15.5,279.0,1.4,0.0,United Kingdom
London,GB,2006-01-19,12:00:00,1137646800,9.0,6.9,10.8,18.8,234.0,0.0,0.0,United Kingdom
London,GB,2006-01-20,12:00:00,1137733200,8.2,4.7,10.1,31.6,247.0,0.2,0.0,United Kingdom
London,GB,2006-01-21,12:00:00,1137819600,5.0,1.8,8.4,18.8,306.0,0.0,0.0,United Kingdom
London,GB,2006-01-22,12:00:00,1137906000,2.6,0.1,5.0,7.8,55.0,0.0,0.0,United Kingdom
London,GB,2006-01-23,12:00:00,1137992400,2.0,-0.5,2.9,10.9,106.0,0.0,0.0,United Kingdom
London,GB,2006-01-24,12:00:00,1138078800,-1.0,-3.3,3.1,7.2,72.0,0.0,0.0,United Kingdom
London,GB,2006-01-25,12:00:00,1138165200,1.0,-3.4,5.6,17.0,13.0,0.0,0.0,United Kingdom
London,GB,2006-01-26,12:00:00,1138251600,2.7,1.0,5.0,30.0,30.0,0.0,0.0,United Kingdom
London,GB,2006-01-27,12:00:00,1138338000,1.9,0.9,3.8,22.3,33.0,0.0,0.0,United Kingdom
London,GB,2006-01-28,12:00:00,1138424400,1.7,-0.7,5.6,26.3,42.0,0.0,0.0,United Kingdom
London,GB,2006-01-29,12:00:00,1138510800,2.5,0.5,5.9,23.7,45.0,0.0,0.0,United Kingdom
London,GB,2006-01-30,12:00:00,1138597200,4.3,2.8,6.5,20.3,56.0,0.0,0.0,United Kingdom
London,GB,2006-01-31,12:00:00,1138683600,3.5,1.9,4.9,12.8,70.0,0.0,0.0,United Kingdom
London,GB,2006-02-01,12:00:00,1138770000,1.1,-0.2,2.5,6.0,315.0,0.0,0.0,United Kingdom
London,GB,2006-02-02,12:00:00,1138856400,-0.4,-1.4,0.8,7.8,9.0,0.0,0.0,United Kingdom
London,GB,2006-02-03,12:00:00,1138942800,0.1,-1.7,2.2,10.5,12.0,0.0,0.0,United Kingdom
London,GB,2006-02-04,12:00:00,1139029200,2.9,0.4,6.1,11.8,1.0,0.0,0.0,United Kingdom
London,GB,2006-02-05,12:00:00,1139115600,5.4,3.7,7.8,12.7,323.0,0.0,0.0,United Kingdom
London,GB,2006-02-06,12:00:00,1139202000,5.0,2.8,7.1,16.2,284.0,0.0,0.0,United Kingdom
London,GB,2006-02-07,12:00:00,1139288400,6.3,3.2,9.7,30.6,258.0,0.0,0.0,United Kingdom
London,GB,2006-02-08,12:00:00,1139374800,5.9,2.9,8.2,31.3,290.0,2.6,0.0,United Kingdom
London,GB,2006-02-09,12:00:00,1139461200,2.5,0.4,4.7,20.6,326.0,0.0,0.0,United Kingdom
London,GB,2006-02-10,12:00:00,1139547600,1.2,-2.2,5.8,13.6,340.0,0.0,0.0,United Kingdom
London,GB,2006-02-11,12:00:00,1139634000,1.9,-0.7,5.7,12.6,201.0,0.0,0.0,United Kingdom
London,GB,2006-02-12,12:00:00,1139720400,5.5,0.5,8.5,21.7,238.0,12.8,0.0,United Kingdom
London,GB,2006-02-13,12:00:00,1139806800,8.2,6.7,9.8,15.7,249.0,0.0,0.0,United Kingdom
London,GB,2006-02-14,12:00:00,1139893200,7.3,5.2,10.6,24.8,210.0,1.8,0.0,United Kingdom
London,GB,2006-02-15,12:00:00,1139979600,8.8,7.0,11.5,39.6,227.0,10.4,0.0,United Kingdom
London,GB,2006-02-16,12:00:00,1140066000,6.1,4.2,8.7,24.5,225.0,1.3,0.0,United Kingdom
London,GB,2006-02-17,12:00:00,1140152400,5.8,1.9,8.4,22.4,237.0,0.0,0.0,United Kingdom
London,GB,2006-02-18,12:00:00,1140238800,2.6,-1.4,7.2,10.4,142.0,0.0,0.0,United Kingdom
London,GB,2006-02-19,12:00:00,1140325200,4.2,1.8,6.2,26.6,63.0,5.2,0.0,United Kingdom
London,GB,2006-02-20,12:00:00,1140411600,4.5,2.5,6.7,32.2,33.0,4.1,0.0,United Kingdom
London,GB,2006-02-21,12:00:00,1140498000,2.9,0.9,6.0,25.8,23.0,1.0,0.0,United Kingdom
London,GB,2006-02-22,12:00:00,1140584400,2.8,1.6,3.8,26.9,52.0,1.1,0.0,United Kingdom
London,GB,2006-02-23,12:00:00,1140670800,1.7,0.6,3.1,18.8,16.0,3.5,0.56,United Kingdom
London,GB,2006-02-24,12:00:00,1140757200,1.7,-0.9,4.3,27.9,62.0,0.3,0.14,United Kingdom
London,GB,2006-02-25,12:00:00,1140843600,2.5,1.2,4.1,36.3,44.0,0.0,0.0,United Kingdom
London,GB,2006-02-26,12:00:00,1140930000,2.8,0.9,5.5,29.2,41.0,0.0,0.0,United Kingdom
London,GB,2006-02-27,12:00:00,1141016400,3.1,0.1,5.8,18.5,310.0,0.0,0.0,United Kingdom
London,GB,2006-02-28,12:00:00,1141102800,1.9,-1.1,4.6,23.9,311.0,2.8,0.42,United Kingdom
London,GB,2006-03-01,12:00:00,1141189200,0.1,-2.5,4.4,18.9,286.0,0.0,0.0,United Kingdom
London,GB,2006-03-02,12:00:00,1141275600,-0.1,-3.9,4.9,16.6,259.0,0.0,0.0,United Kingdom
London,GB,2006-03-03,12:00:00,1141362000,-0.1,-3.1,3.7,8.8,8.0,0.1,0.07,United Kingdom
London,GB,2006-03-04,12:00:00,1141448400,-0.9,-5.0,4.3,16.8,311.0,0.0,0.0,United Kingdom
London,GB,2006-03-05,12:00:00,1141534800,1.8,-2.8,6.7,23.7,296.0,0.0,0.0,United Kingdom
London,GB,2006-03-06,12:00:00,1141621200,2.5,-1.1,7.1,17.6,302.0,1.0,0.0,United Kingdom
London,GB,2006-03-07,12:00:00,1141707600,2.6,-1.1,5.7,20.8,168.0,10.1,0.14,United Kingdom
London,GB,2006-03-08,12:00:00,1141794000,9.2,4.8,10.8,24.5,237.0,2.6,0.0,United Kingdom
London,GB,2006-03-09,12:00:00,1141880400,8.3,5.4,10.2,25.4,253.0,2.0,0.0,United Kingdom
London,GB,2006-03-10,12:00:00,1141966800,4.8,2.6,7.6,31.9,275.0,2.0,0.0,United Kingdom
London,GB,2006-03-11,12:00:00,1142053200,3.7,-0.2,5.9,23.1,360.0,0.0,0.0,United Kingdom
London,GB,2006-03-12,12:00:00,1142139600,0.7,-2.2,3.2,15.2,131.0,0.0,0.07,United Kingdom
London,GB,2006-03-13,12:00:00,1142226000,0.8,-1.9,4.0,21.4,150.0,0.0,0.0,United Kingdom
London,GB,2006-03-14,12:00:00,1142312400,2.6,0.1,4.7,14.4,167.0,1.1,0.07,United Kingdom
London,GB,2006-03-15,12:00:00,1142398800,3.6,0.2,7.5,18.6,64.0,0.0,0.0,United Kingdom
London,GB,2006-03-16,12:00:00,1142485200,2.0,0.1,4.3,23.4,49.0,0.2,0.0,United Kingdom
London,GB,2006-03-17,12:00:00,1142571600,2.4,0.6,5.0,27.9,58.0,0.0,0.0,United Kingdom
London,GB,2006-03-18,12:00:00,1142658000,2.4,0.7,4.7,30.3,59.0,0.0,0.0,United Kingdom
London,GB,2006-03-19,12:00:00,1142744400,3.7,1.2,7.3,22.7,55.0,0.0,0.0,United Kingdom
London,GB,2006-03-20,12:00:00,1142830800,4.1,2.4,6.2,21.3,58.0,0.0,0.0,United Kingdom
London,GB,2006-03-21,12:00:00,1142917200,3.2,0.9,5.1,23.0,53.0,0.0,0.0,United Kingdom
London,GB,2006-03-22,12:00:00,1143003600,2.0,-1.1,5.1,19.7,58.0,0.0,0.0,United Kingdom
London,GB,2006-03-23,12:00:00,1143090000,3.6,-2.1,8.6,19.4,110.0,0.0,0.0,United Kingdom
London,GB,2006-03-24,12:00:00,1143176400,9.2,5.9,13.1,24.6,162.0,4.9,0.0,United Kingdom
London,GB,2006-03-25,12:00:00,1143262800,10.6,9.2,12.3,29.3,216.0,2.3,0.0,United Kingdom
London,GB,2006-03-26,12:00:00,1143349200,12.2,11.0,13.8,29.9,209.0,4.3,0.0,United Kingdom
London,GB,2006-03-27,12:00:00,1143435600,11.4,9.3,12.5,38.9,211.0,0.6,0.0,United Kingdom
London,GB,2006-03-28,12:00:00,1143522000,9.4,7.2,12.0,36.9,235.0,2.0,0.0,United Kingdom
London,GB,2006-03-29,12:00:00,1143608400,9.2,6.4,12.9,25.5,217.0,1.6,0.0,United Kingdom
London,GB,2006-03-30,12:00:00,1143694800,11.7,9.3,14.5,36.0,222.0,4.5,0.0,United Kingdom
London,GB,2006-03-31,12:00:00,1143781200,11.6,10.2,14.3,28.5,231.0,1.3,0.0,United Kingdom
London,GB,2006-04-01,12:00:00,1143867600,10.6,7.5,13.7,26.4,228.0,1.1,0.0,United Kingdom
London,GB,2006-04-02,12:00:00,1143954000,9.6,6.8,13.5,34.5,238.0,5.9,0.0,United Kingdom
London,GB,2006-04-03,12:00:00,1144040400,8.3,4.9,11.3,21.7,287.0,0.1,0.0,United Kingdom
London,GB,2006-04-04,12:00:00,1144126800,4.5,-0.1,8.1,18.7,3.0,0.1,0.0,United Kingdom
London,GB,2006-04-05,12:00:00,1144213200,4.4,-0.8,9.7,15.7,354.0,0.0,0.0,United Kingdom
London,GB,2006-04-06,12:00:00,1144299600,5.4,-0.9,11.3,23.4,258.0,0.0,0.0,United Kingdom
London,GB,2006-04-07,12:00:00,1144386000,6.9,1.0,11.8,22.4,244.0,0.0,0.0,United Kingdom
London,GB,2006-04-08,12:00:00,1144472400,7.8,5.4,11.1,24.6,258.0,1.2,0.0,United Kingdom
London,GB,2006-04-09,12:00:00,1144558800,5.3,1.5,10.0,18.7,321.0,6.6,0.14,United Kingdom
London,GB,2006-04-10,12:00:00,1144645200,5.1,1.2,9.2,19.9,6.0,2.5,0.14,United Kingdom
London,GB,2006-04-11,12:00:00,1144731600,5.0,0.1,8.3,31.1,228.0,2.6,0.0,United Kingdom
London,GB,2006-04-12,12:00:00,1144818000,8.2,3.4,12.1,20.7,275.0,0.0,0.0,United Kingdom
London,GB,2006-04-13,12:00:00,1144904400,11.2,8.5,13.6,33.8,256.0,0.8,0.0,United Kingdom
London,GB,2006-04-14,12:00:00,1144990800,9.4,6.5,12.7,16.3,256.0,1.0,0.0,United Kingdom
London,GB,2006-04-15,12:00:00,1145077200,9.2,5.4,13.2,17.7,87.0,1.4,0.0,United Kingdom
London,GB,2006-04-16,12:00:00,1145163600,10.7,6.8,14.7,13.4,277.0,2.4,0.0,United Kingdom
London,GB,2006-04-17,12:00:00,1145250000,9.7,4.3,13.9,21.4,274.0,0.0,0.0,United Kingdom
London,GB,2006-04-18,12:00:00,1145336400,9.5,4.6,13.7,19.1,255.0,0.0,0.0,United Kingdom
London,GB,2006-04-19,12:00:00,1145422800,9.7,5.9,12.6,25.3,227.0,1.0,0.0,United Kingdom
London,GB,2006-04-20,12:00:00,1145509200,10.8,8.4,13.5,22.1,202.0,0.1,0.0,United Kingdom
London,GB,2006-04-21,12:00:00,1145595600,12.0,7.2,16.9,15.2,65.0,0.1,0.0,United Kingdom
London,GB,2006-04-22,12:00:00,1145682000,10.2,5.3,15.6,13.7,82.0,0.0,0.0,United Kingdom
London,GB,2006-04-23,12:00:00,1145768400,10.4,8.0,13.0,12.0,219.0,3.4,0.0,United Kingdom
London,GB,2006-04-24,12:00:00,1145854800,10.9,8.0,14.6,14.5,76.0,0.0,0.0,United Kingdom
London,GB,2006-04-25,12:00:00,1145941200,11.2,8.1,14.4,20.4,221.0,0.0,0.0,United Kingdom
London,GB,2006-04-26,12:00:00,1146027600,11.9,6.5,16.2,13.4,297.0,0.0,0.0,United Kingdom
London,GB,2006-04-27,12:00:00,1146114000,12.0,7.3,15.3,13.4,354.0,0.4,0.0,United Kingdom
London,GB,2006-04-28,12:00:00,1146200400,9.7,6.4,13.7,19.6,7.0,0.0,0.0,United Kingdom
London,GB,2006-04-29,12:00:00,1146286800,8.5,5.1,11.9,17.7,352.0,0.4,0.0,United Kingdom
London,GB,2006-04-30,12:00:00,1146373200,8.3,5.1,11.6,16.2,246.0,2.3,0.0,United Kingdom
London,GB,2006-05-01,12:00:00,1146459600,10.5,7.4,14.0,22.5,239.0,8.2,0.0,United Kingdom
London,GB,2006-05-02,12:00:00,1146546000,10.4,3.2,15.3,27.5,187.0,0.0,0.0,United Kingdom
London,GB,2006-05-03,12:00:00,1146632400,13.0,7.0,17.8,16.3,191.0,0.4,0.0,United Kingdom
London,GB,2006-05-04,12:00:00,1146718800,17.3,10.2,24.0,21.0,118.0,0.9,0.0,United Kingdom
London,GB,2006-05-05,12:00:00,1146805200,15.0,11.0,18.9,12.9,238.0,0.0,0.0,United Kingdom
London,GB,2006-05-06,12:00:00,1146891600,11.9,7.0,16.7,8.2,260.0,2.0,0.0,United Kingdom
London,GB,2006-05-07,12:00:00,1146978000,12.6,8.0,16.5,11.7,34.0,0.1,0.0,United Kingdom
London,GB,2006-05-08,12:00:00,1147064400,12.3,9.3,15.4,14.3,130.0,13.7,0.0,United Kingdom
London,GB,2006-05-09,12:00:00,1147150800,12.5,6.7,18.8,11.4,332.0,1.9,0.0,United Kingdom
London,GB,2006-05-10,12:00:00,1147237200,14.7,8.4,20.9,14.0,36.0,0.3,0.0,United Kingdom
London,GB,2006-05-11,12:00:00,1147323600,14.3,5.8,21.2,7.8,29.0,0.0,0.0,United Kingdom
London,GB,2006-05-12,12:00:00,1147410000,16.2,10.1,22.0,8.5,164.0,0.0,0.0,United Kingdom
London,GB,2006-05-13,12:00:00,1147496400,14.3,10.2,17.9,16.9,277.0,1.1,0.0,United Kingdom
London,GB,2006-05-14,12:00:00,1147582800,12.8,10.6,15.1,10.9,119.0,0.3,0.0,United Kingdom
London,GB,2006-05-15,12:00:00,1147669200,13.9,9.8,17.6,24.5,188.0,0.0,0.0,United Kingdom
London,GB,2006-05-16,12:00:00,1147755600,13.9,10.9,17.3,16.7,246.0,0.0,0.0,United Kingdom
London,GB,2006-05-17,12:00:00,1147842000,13.0,7.9,16.8,24.9,182.0,4.1,0.0,United Kingdom
London,GB,2006-05-18,12:00:00,1147928400,14.3,11.5,17.1,32.6,221.0,0.9,0.0,United Kingdom
London,GB,2006-05-19,12:00:00,1148014800,13.2,10.8,16.1,34.8,231.0,3.1,0.0,United Kingdom
London,GB,2006-05-20,12:00:00,1148101200,12.7,10.5,15.7,33.2,238.0,11.7,0.0,United Kingdom
London,GB,2006-05-21,12:00:00,1148187600,12.1,10.3,14.4,29.2,197.0,7.7,0.0,United Kingdom
London,GB,2006-05-22,12:00:00,1148274000,12.4,8.8,15.6,32.4,210.0,7.8,0.0,United Kingdom
London,GB,2006-05-23,12:00:00,1148360400,10.2,6.2,14.2,27.8,250.0,2.8,0.0,United Kingdom
London,GB,2006-05-24,12:00:00,1148446800,11.2,8.7,14.8,32.8,237.0,11.6,0.0,United Kingdom
London,GB,2006-05-25,12:00:00,1148533200,13.5,10.0,16.8,19.1,264.0,3.0,0.0,United Kingdom
London,GB,2006-05-26,12:00:00,1148619600,14.6,12.3,17.4,30.9,248.0,2.2,0.0,United Kingdom
London,GB,2006-05-27,12:00:00,1148706000,14.7,13.4,17.2,21.5,253.0,2.6,0.0,United Kingdom
London,GB,2006-05-28,12:00:00,1148792400,13.6,9.9,16.6,18.8,285.0,0.0,0.0,United Kingdom
London,GB,2006-05-29,12:00:00,1148878800,11.1,7.5,14.0,20.9,322.0,4.2,0.0,United Kingdom
London,GB,2006-05-30,12:00:00,1148965200,9.2,5.4,12.1,21.4,335.0,0.5,0.0,United Kingdom
London,GB,2006-05-31,12:00:00,1149051600,10.1,6.8,13.1,22.9,348.0,0.0,0.0,United Kingdom
London,GB,2006-06-01,12:00:00,1149138000,10.6,4.3,15.0,17.7,325.0,0.0,0.0,United Kingdom
London,GB,2006-06-02,12:00:00,1149224400,13.8,9.7,18.2,10.0,258.0,0.0,0.0,United Kingdom
London,GB,2006-06-03,12:00:00,1149310800,15.1,8.2,20.9,13.0,332.0,0.0,0.0,United Kingdom
London,GB,2006-06-04,12:00:00,1149397200,15.6,9.0,21.4,10.0,261.0,0.3,0.0,United Kingdom
London,GB,2006-06-05,12:00:00,1149483600,14.7,11.5,17.3,16.8,30.0,0.0,0.0,United Kingdom
London,GB,2006-06-06,12:00:00,1149570000,12.9,7.3,18.0,8.8,67.0,0.0,0.0,United Kingdom
London,GB,2006-06-07,12:00:00,1149656400,16.9,10.1,23.1,10.0,265.0,0.2,0.0,United Kingdom
London,GB,2006-06-08,12:00:00,1149742800,18.3,11.6,23.3,9.1,155.0,0.2,0.0,United Kingdom
London,GB,2006-06-09,12:00:00,1149829200,18.2,11.4,23.7,18.6,103.0,0.0,0.0,United Kingdom
London,GB,2006-06-10,12:00:00,1149915600,20.3,13.8,26.0,20.9,118.0,0.0,0.0,United Kingdom
London,GB,2006-06-11,12:00:00,1150002000,21.0,14.8,26.1,12.2,188.0,0.0,0.0,United Kingdom
London,GB,2006-06-12,12:00:00,1150088400,22.5,16.2,27.9,15.5,168.0,0.1,0.0,United Kingdom
London,GB,2006-06-13,12:00:00,1150174800,19.7,16.6,23.8,12.1,343.0,18.4,0.0,United Kingdom
London,GB,2006-06-14,12:00:00,1150261200,16.2,13.4,18.3,17.6,42.0,1.2,0.0,United Kingdom
London,GB,2006-06-15,12:00:00,1150347600,14.8,11.6,17.9,16.4,25.0,0.0,0.0,United Kingdom
London,GB,2006-06-16,12:00:00,1150434000,17.4,11.3,22.3,9.6,286.0,0.0,0.0,United Kingdom
London,GB,2006-06-17,12:00:00,1150520400,20.1,14.3,24.5,12.0,196.0,0.0,0.0,United Kingdom
London,GB,2006-06-18,12:00:00,1150606800,19.3,13.4,24.8,18.6,211.0,0.0,0.0,United Kingdom
London,GB,2006-06-19,12:00:00,1150693200,17.2,13.4,20.1,21.8,226.0,0.3,0.0,United Kingdom
London,GB,2006-06-20,12:00:00,1150779600,17.2,14.8,20.3,27.7,225.0,0.2,0.0,United Kingdom
London,GB,2006-06-21,12:00:00,1150866000,16.0,13.6,18.5,28.1,245.0,0.2,0.0,United Kingdom
London,GB,2006-06-22,12:00:00,1150952400,14.8,11.0,18.0,26.3,267.0,0.0,0.0,United Kingdom
London,GB,2006-06-23,12:00:00,1151038800,15.8,11.2,19.9,11.6,219.0,0.0,0.0,United Kingdom
London,GB,2006-06-24,12:00:00,1151125200,17.8,12.4,23.0,9.2,195.0,0.0,0.0,United Kingdom
London,GB,2006-06-25,12:00:00,1151211600,17.5,11.4,21.6,15.2,98.0,0.0,0.0,United Kingdom
London,GB,2006-06-26,12:00:00,1151298000,13.9,12.3,15.5,14.3,25.0,9.1,0.0,United Kingdom
London,GB,2006-06-27,12:00:00,1151384400,14.4,10.4,17.8,10.0,49.0,0.2,0.0,United Kingdom
London,GB,2006-06-28,12:00:00,1151470800,15.8,10.5,20.4,11.3,111.0,0.0,0.0,United Kingdom
London,GB,2006-06-29,12:00:00,1151557200,16.7,9.6,22.3,11.1,115.0,0.0,0.0,United Kingdom
London,GB,2006-06-30,12:00:00,1151643600,19.0,10.9,25.3,9.3,134.0,0.0,0.0,United Kingdom
London,GB,2006-07-01,12:00:00,1151730000,20.4,12.4,26.4,13.7,91.0,0.0,0.0,United Kingdom
London,GB,2006-07-02,12:00:00,1151816400,23.2,17.4,28.8,14.5,100.0,0.0,0.0,United Kingdom
London,GB,2006-07-03,12:00:00,1151902800,22.6,15.7,28.4,16.9,66.0,0.0,0.0,United Kingdom
London,GB,2006-07-04,12:00:00,1151989200,22.7,16.7,28.2,11.8,72.0,0.9,0.0,United Kingdom
London,GB,2006-07-05,12:00:00,1152075600,20.4,17.0,24.7,18.3,183.0,13.2,0.0,United Kingdom
London,GB,2006-07-06,12:00:00,1152162000,19.5,16.4,22.7,17.1,228.0,0.7,0.0,United Kingdom
London,GB,2006-07-07,12:00:00,1152248400,19.0,16.4,21.3,15.8,255.0,0.5,0.0,United Kingdom
London,GB,2006-07-08,12:00:00,1152334800,17.1,12.4,21.0,21.7,224.0,0.0,0.0,United Kingdom
London,GB,2006-07-09,12:00:00,1152421200,17.9,15.0,22.3,31.6,223.0,1.4,0.0,United Kingdom
London,GB,2006-07-10,12:00:00,1152507600,17.6,12.8,20.6,21.3,214.0,1.1,0.0,United Kingdom
London,GB,2006-07-11,12:00:00,1152594000,19.4,17.0,22.8,16.1,274.0,1.2,0.0,United Kingdom
London,GB,2006-07-12,12:00:00,1152680400,19.5,12.7,25.3,10.0,268.0,0.0,0.0,United Kingdom
London,GB,2006-07-13,12:00:00,1152766800,17.9,14.2,20.7,18.9,13.0,0.0,0.0,United Kingdom
London,GB,2006-07-14,12:00:00,1152853200,15.9,12.3,19.8,24.3,57.0,0.0,0.0,United Kingdom
London,GB,2006-07-15,12:00:00,1152939600,16.8,12.1,21.8,19.4,59.0,0.0,0.0,United Kingdom
London,GB,2006-07-16,12:00:00,1153026000,20.0,13.4,26.5,14.9,61.0,0.0,0.0,United Kingdom
London,GB,2006-07-17,12:00:00,1153112400,22.1,13.6,29.2,10.9,64.0,0.0,0.0,United Kingdom
London,GB,2006-07-18,12:00:00,1153198800,22.4,14.0,29.5,14.8,81.0,0.0,0.0,United Kingdom
London,GB,2006-07-19,12:00:00,1153285200,24.7,17.5,31.5,17.1,95.0,0.0,0.0,United Kingdom
London,GB,2006-07-20,12:00:00,1153371600,24.5,19.7,29.8,21.1,229.0,0.0,0.0,United Kingdom
London,GB,2006-07-21,12:00:00,1153458000,23.8,16.9,28.3,11.8,202.0,0.0,0.0,United Kingdom
London,GB,2006-07-22,12:00:00,1153544400,21.7,18.8,25.8,16.6,184.0,14.2,0.0,United Kingdom
London,GB,2006-07-23,12:00:00,1153630800,20.6,16.5,23.4,12.7,241.0,0.8,0.0,United Kingdom
London,GB,2006-07-24,12:00:00,1153717200,21.2,14.6,26.6,10.4,66.0,0.0,0.0,United Kingdom
London,GB,2006-07-25,12:00:00,1153803600,22.8,15.7,29.1,11.9,111.0,0.0,0.0,United Kingdom
London,GB,2006-07-26,12:00:00,1153890000,24.3,18.4,29.5,11.2,173.0,3.9,0.0,United Kingdom
London,GB,2006-07-27,12:00:00,1153976400,22.3,18.6,26.3,11.2,211.0,22.5,0.0,United Kingdom
London,GB,2006-07-28,12:00:00,1154062800,21.4,16.5,25.6,9.0,297.0,0.2,0.0,United Kingdom
London,GB,2006-07-29,12:00:00,1154149200,20.3,15.6,24.1,22.9,218.0,0.0,0.0,United Kingdom
London,GB,2006-07-30,12:00:00,1154235600,20.1,17.7,23.4,18.1,229.0,4.6,0.0,United Kingdom
London,GB,2006-07-31,12:00:00,1154322000,18.8,16.4,21.5,28.2,218.0,1.1,0.0,United Kingdom
London,GB,2006-08-01,12:00:00,1154408400,18.6,16.0,21.0,27.3,264.0,0.6,0.0,United Kingdom
London,GB,2006-08-02,12:00:00,1154494800,17.2,14.1,20.2,25.3,288.0,0.6,0.0,United Kingdom
London,GB,2006-08-03,12:00:00,1154581200,17.2,14.7,21.6,30.0,340.0,1.2,0.0,United Kingdom
London,GB,2006-08-04,12:00:00,1154667600,16.6,12.2,20.0,14.6,353.0,0.0,0.0,United Kingdom
London,GB,2006-08-05,12:00:00,1154754000,19.1,13.1,24.0,7.1,354.0,0.0,0.0,United Kingdom
London,GB,2006-08-06,12:00:00,1154840400,21.2,15.7,25.9,9.9,329.0,0.0,0.0,United Kingdom
London,GB,2006-08-07,12:00:00,1154926800,19.7,16.2,22.0,18.1,6.0,1.1,0.0,United Kingdom
London,GB,2006-08-08,12:00:00,1155013200,17.9,11.5,22.7,12.3,346.0,0.0,0.0,United Kingdom
London,GB,2006-08-09,12:00:00,1155099600,17.9,15.9,21.6,21.1,318.0,1.0,0.0,United Kingdom
London,GB,2006-08-10,12:00:00,1155186000,16.5,13.1,19.7,24.4,300.0,0.4,0.0,United Kingdom
London,GB,2006-08-11,12:00:00,1155272400,15.5,12.1,18.8,22.1,314.0,0.0,0.0,United Kingdom
London,GB,2006-08-12,12:00:00,1155358800,15.8,13.9,19.4,30.6,340.0,1.5,0.0,United Kingdom
London,GB,2006-08-13,12:00:00,1155445200,15.1,12.3,19.7,27.3,335.0,13.3,0.0,United Kingdom
London,GB,2006-08-14,12:00:00,1155531600,15.8,12.8,19.4,21.7,326.0,1.3,0.0,United Kingdom
London,GB,2006-08-15,12:00:00,1155618000,16.7,14.0,20.5,16.1,245.0,0.1,0.0,United Kingdom
London,GB,2006-08-16,12:00:00,1155704400,16.0,10.7,19.6,12.6,159.0,0.7,0.0,United Kingdom
London,GB,2006-08-17,12:00:00,1155790800,17.0,13.4,20.5,14.3,140.0,4.7,0.0,United Kingdom
London,GB,2006-08-18,12:00:00,1155877200,16.4,13.8,19.0,18.9,185.0,11.1,0.0,United Kingdom
London,GB,2006-08-19,12:00:00,1155963600,16.8,14.2,19.5,21.3,207.0,2.7,0.0,United Kingdom
London,GB,2006-08-20,12:00:00,1156050000,17.1,14.3,20.3,23.2,256.0,4.6,0.0,United Kingdom
London,GB,2006-08-21,12:00:00,1156136400,16.5,13.2,19.7,19.0,275.0,2.1,0.0,United Kingdom
London,GB,2006-08-22,12:00:00,1156222800,16.1,11.9,19.8,11.4,279.0,0.0,0.0,United Kingdom
London,GB,2006-08-23,12:00:00,1156309200,16.1,14.2,18.8,18.7,210.0,8.5,0.0,United Kingdom
London,GB,2006-08-24,12:00:00,1156395600,16.1,13.6,19.7,18.6,311.0,7.4,0.0,United Kingdom
London,GB,2006-08-25,12:00:00,1156482000,15.2,9.6,20.1,12.2,241.0,0.7,0.0,United Kingdom
London,GB,2006-08-26,12:00:00,1156568400,16.3,13.0,19.9,13.8,290.0,2.1,0.0,United Kingdom
London,GB,2006-08-27,12:00:00,1156654800,16.7,12.6,20.5,19.8,280.0,0.0,0.0,United Kingdom
London,GB,2006-08-28,12:00:00,1156741200,15.6,13.4,18.3,25.9,284.0,4.5,0.0,United Kingdom
London,GB,2006-08-29,12:00:00,1156827600,14.6,11.6,18.3,21.7,286.0,0.3,0.0,United Kingdom
London,GB,2006-08-30,12:00:00,1156914000,14.9,10.6,18.6,16.8,276.0,0.0,0.0,United Kingdom
London,GB,2006-08-31,12:00:00,1157000400,17.8,15.1,21.7,23.5,226.0,0.4,0.0,United Kingdom
London,GB,2006-09-01,12:00:00,1157086800,17.3,13.7,22.1,21.5,221.0,0.0,0.0,United Kingdom
London,GB,2006-09-02,12:00:00,1157173200,16.9,13.4,19.4,38.4,215.0,0.8,0.0,United Kingdom
London,GB,2006-09-03,12:00:00,1157259600,20.2,17.8,23.5,33.0,243.0,1.7,0.0,United Kingdom
London,GB,2006-09-04,12:00:00,1157346000,18.4,14.0,22.0,18.4,260.0,0.0,0.0,United Kingdom
London,GB,2006-09-05,12:00:00,1157432400,20.0,17.3,23.6,18.0,234.0,0.0,0.0,United Kingdom
London,GB,2006-09-06,12:00:00,1157518800,19.9,14.9,24.8,13.7,243.0,0.0,0.0,United Kingdom
London,GB,2006-09-07,12:00:00,1157605200,16.9,12.9,19.9,19.7,355.0,0.0,0.0,United Kingdom
London,GB,2006-09-08,12:00:00,1157691600,14.0,9.2,18.6,15.5,65.0,0.0,0.0,United Kingdom
London,GB,2006-09-09,12:00:00,1157778000,15.3,11.5,19.6,17.5,92.0,0.0,0.0,United Kingdom
London,GB,2006-09-10,12:00:00,1157864400,16.5,9.9,23.5,9.2,127.0,0.0,0.0,United Kingdom
London,GB,2006-09-11,12:00:00,1157950800,19.3,13.3,26.1,15.0,149.0,0.0,0.0,United Kingdom
London,GB,2006-09-12,12:00:00,1158037200,19.4,15.6,24.0,9.2,232.0,1.7,0.0,United Kingdom
London,GB,2006-09-13,12:00:00,1158123600,19.1,16.2,22.8,19.1,175.0,5.7,0.0,United Kingdom
London,GB,2006-09-14,12:00:00,1158210000,18.6,16.1,20.7,20.1,179.0,3.1,0.0,United Kingdom
London,GB,2006-09-15,12:00:00,1158296400,17.4,14.5,22.4,24.3,4.0,0.0,0.0,United Kingdom
London,GB,2006-09-16,12:00:00,1158382800,18.7,15.4,22.9,19.1,352.0,0.0,0.0,United Kingdom
London,GB,2006-09-17,12:00:00,1158469200,19.0,16.8,22.2,10.6,259.0,0.4,0.0,United Kingdom
London,GB,2006-09-18,12:00:00,1158555600,17.0,14.7,19.2,24.0,236.0,0.0,0.0,United Kingdom
London,GB,2006-09-19,12:00:00,1158642000,16.1,12.2,19.5,24.4,247.0,0.2,0.0,United Kingdom
London,GB,2006-09-20,12:00:00,1158728400,16.5,11.8,20.3,27.5,185.0,0.0,0.0,United Kingdom
London,GB,2006-09-21,12:00:00,1158814800,20.9,16.0,25.9,26.0,154.0,0.0,0.0,United Kingdom
London,GB,2006-09-22,12:00:00,1158901200,16.8,15.1,20.0,17.6,183.0,17.8,0.0,United Kingdom
London,GB,2006-09-23,12:00:00,1158987600,17.1,11.8,21.9,13.6,121.0,0.0,0.0,United Kingdom
London,GB,2006-09-24,12:00:00,1159074000,17.6,15.0,20.7,16.3,152.0,0.6,0.0,United Kingdom
London,GB,2006-09-25,12:00:00,1159160400,15.7,13.5,17.6,11.2,274.0,5.6,0.0,United Kingdom
London,GB,2006-09-26,12:00:00,1159246800,14.9,11.6,18.4,14.7,278.0,0.0,0.0,United Kingdom
London,GB,2006-09-27,12:00:00,1159333200,15.1,10.6,18.9,22.2,197.0,0.0,0.0,United Kingdom
London,GB,2006-09-28,12:00:00,1159419600,17.8,16.1,20.5,20.7,207.0,0.0,0.0,United Kingdom
London,GB,2006-09-29,12:00:00,1159506000,16.6,13.2,19.0,19.7,196.0,8.0,0.0,United Kingdom
London,GB,2006-09-30,12:00:00,1159592400,14.7,11.9,18.0,20.7,184.0,2.1,0.0,United Kingdom
London,GB,2006-10-01,12:00:00,1159678800,14.8,13.8,16.0,31.1,197.0,5.2,0.0,United Kingdom
London,GB,2006-10-02,12:00:00,1159765200,14.7,12.6,16.7,25.3,232.0,1.0,0.0,United Kingdom
London,GB,2006-10-03,12:00:00,1159851600,12.4,8.5,15.8,19.6,281.0,0.0,0.0,United Kingdom
London,GB,2006-10-04,12:00:00,1159938000,11.7,8.5,15.4,18.2,274.0,0.0,0.0,United Kingdom
London,GB,2006-10-05,12:00:00,1160024400,12.0,7.6,15.4,27.2,226.0,1.1,0.0,United Kingdom
London,GB,2006-10-06,12:00:00,1160110800,15.1,13.5,16.3,33.0,228.0,5.5,0.0,United Kingdom
London,GB,2006-10-07,12:00:00,1160197200,12.8,9.8,16.0,24.3,267.0,0.0,0.0,United Kingdom
London,GB,2006-10-08,12:00:00,1160283600,12.8,9.6,16.1,19.9,187.0,0.1,0.0,United Kingdom
London,GB,2006-10-09,12:00:00,1160370000,16.5,13.6,20.1,19.4,201.0,0.5,0.0,United Kingdom
London,GB,2006-10-10,12:00:00,1160456400,16.7,14.7,19.8,16.2,142.0,1.4,0.0,United Kingdom
London,GB,2006-10-11,12:00:00,1160542800,16.0,14.6,18.3,17.5,155.0,4.8,0.0,United Kingdom
London,GB,2006-10-12,12:00:00,1160629200,13.4,8.5,17.6,15.4,262.0,0.3,0.0,United Kingdom
London,GB,2006-10-13,12:00:00,1160715600,13.2,10.0,17.8,11.2,100.0,0.0,0.0,United Kingdom
London,GB,2006-10-14,12:00:00,1160802000,14.3,11.0,17.8,17.6,77.0,0.0,0.0,United Kingdom
London,GB,2006-10-15,12:00:00,1160888400,14.3,12.1,16.3,23.1,73.0,0.0,0.0,United Kingdom
London,GB,2006-10-16,12:00:00,1160974800,14.3,11.2,18.2,15.5,100.0,0.0,0.0,United Kingdom
London,GB,2006-10-17,12:00:00,1161061200,14.3,11.4,17.3,18.8,152.0,0.2,0.0,United Kingdom
London,GB,2006-10-18,12:00:00,1161147600,15.1,13.2,17.8,14.3,136.0,0.9,0.0,United Kingdom
London,GB,2006-10-19,12:00:00,1161234000,14.9,12.9,16.7,28.2,165.0,5.2,0.0,United Kingdom
London,GB,2006-10-20,12:00:00,1161320400,14.1,12.3,16.7,25.7,200.0,4.2,0.0,United Kingdom
London,GB,2006-10-21,12:00:00,1161406800,13.8,12.5,16.2,25.9,209.0,1.7,0.0,United Kingdom
London,GB,2006-10-22,12:00:00,1161493200,14.1,12.7,16.0,28.1,200.0,6.1,0.0,United Kingdom
London,GB,2006-10-23,12:00:00,1161579600,13.2,10.3,15.3,24.7,202.0,6.2,0.0,United Kingdom
London,GB,2006-10-24,12:00:00,1161666000,11.7,7.8,14.1,20.0,284.0,5.0,0.0,United Kingdom
London,GB,2006-10-25,12:00:00,1161752400,12.0,7.1,16.9,25.2,136.0,4.4,0.0,United Kingdom
London,GB,2006-10-26,12:00:00,1161838800,15.4,10.2,18.0,28.2,225.0,0.3,0.0,United Kingdom
London,GB,2006-10-27,12:00:00,1161925200,10.1,5.8,13.8,17.2,240.0,0.2,0.0,United Kingdom
London,GB,2006-10-28,12:00:00,1162011600,13.8,8.8,16.2,24.6,233.0,1.4,0.0,United Kingdom
London,GB,2006-10-29,12:00:00,1162098000,13.4,10.0,15.8,16.3,314.0,0.0,0.0,United Kingdom
London,GB,2006-10-30,12:00:00,1162184400,12.9,9.1,16.0,19.9,209.0,0.0,0.0,United Kingdom
London,GB,2006-10-31,12:00:00,1162270800,12.5,7.9,14.4,31.1,278.0,0.0,0.0,United Kingdom
London,GB,2006-11-01,12:00:00,1162357200,6.2,3.9,8.9,19.8,338.0,0.0,0.0,United Kingdom
London,GB,2006-11-02,12:00:00,1162443600,4.3,1.1,8.2,14.8,345.0,0.0,0.0,United Kingdom
London,GB,2006-11-03,12:00:00,1162530000,4.2,0.4,9.8,10.7,339.0,0.0,0.0,United Kingdom
London,GB,2006-11-04,12:00:00,1162616400,3.9,-1.0,10.0,10.5,290.0,0.0,0.0,United Kingdom
London,GB,2006-11-05,12:00:00,1162702800,6.0,1.8,11.7,15.5,271.0,0.0,0.0,United Kingdom
London,GB,2006-11-06,12:00:00,1162789200,4.5,1.1,7.9,10.2,248.0,0.0,0.0,United Kingdom
London,GB,2006-11-07,12:00:00,1162875600,6.7,2.4,9.6,8.9,189.0,0.0,0.0,United Kingdom
London,GB,2006-11-08,12:00:00,1162962000,10.6,7.5,14.7,24.4,242.0,0.0,0.0,United Kingdom
London,GB,2006-11-09,12:00:00,1163048400,8.5,5.9,11.6,17.1,312.0,0.4,0.0,United Kingdom
London,GB,2006-11-10,12:00:00,1163134800,7.2,2.6,10.2,22.7,190.0,1.4,0.0,United Kingdom
London,GB,2006-11-11,12:00:00,1163221200,10.6,9.2,12.0,27.7,263.0,4.2,0.0,United Kingdom
London,GB,2006-11-12,12:00:00,1163307600,9.6,7.1,11.4,24.6,279.0,0.7,0.0,United Kingdom
London,GB,2006-11-13,12:00:00,1163394000,12.3,9.5,14.6,26.9,250.0,0.0,0.0,United Kingdom
London,GB,2006-11-14,12:00:00,1163480400,12.1,10.5,14.3,23.9,232.0,0.4,0.0,United Kingdom
London,GB,2006-11-15,12:00:00,1163566800,12.5,11.1,14.1,28.1,193.0,0.0,0.0,United Kingdom
London,GB,2006-11-16,12:00:00,1163653200,10.7,6.0,13.9,29.6,215.0,13.7,0.0,United Kingdom
London,GB,2006-11-17,12:00:00,1163739600,8.7,5.7,12.1,34.8,196.0,10.8,0.0,United Kingdom
London,GB,2006-11-18,12:00:00,1163826000,5.7,3.4,9.5,17.6,229.0,0.0,0.0,United Kingdom
London,GB,2006-11-19,12:00:00,1163912400,5.5,0.0,9.8,33.8,217.0,0.0,0.0,United Kingdom
London,GB,2006-11-20,12:00:00,1163998800,10.4,8.2,11.9,36.1,221.0,5.2,0.0,United Kingdom
London,GB,2006-11-21,12:00:00,1164085200,6.0,4.5,8.1,21.6,256.0,0.0,0.0,United Kingdom
London,GB,2006-11-22,12:00:00,1164171600,6.7,3.5,10.5,21.5,235.0,5.0,0.0,United Kingdom
London,GB,2006-11-23,12:00:00,1164258000,10.8,8.2,13.3,30.5,221.0,7.8,0.0,United Kingdom
London,GB,2006-11-24,12:00:00,1164344400,10.2,7.1,13.1,27.7,180.0,1.7,0.0,United Kingdom
London,GB,2006-11-25,12:00:00,1164430800,11.5,8.7,14.1,35.6,205.0,9.1,0.0,United Kingdom
London,GB,2006-11-26,12:00:00,1164517200,10.7,8.6,12.7,27.8,192.0,0.5,0.0,United Kingdom
London,GB,2006-11-27,12:00:00,1164603600,11.8,10.8,13.6,29.0,188.0,3.2,0.0,United Kingdom
London,GB,2006-11-28,12:00:00,1164690000,10.9,8.0,12.0,24.1,198.0,6.6,0.0,United Kingdom
London,GB,2006-11-29,12:00:00,1164776400,8.4,4.8,12.6,18.8,216.0,0.0,0.0,United Kingdom
London,GB,2006-11-30,12:00:00,1164862800,8.7,7.3,9.8,26.7,180.0,0.0,0.0,United Kingdom
London,GB,2006-12-01,12:00:00,1164949200,10.8,8.5,12.7,28.1,192.0,2.5,0.0,United Kingdom
London,GB,2006-12-02,12:00:00,1165035600,10.2,8.4,12.5,27.1,214.0,4.5,0.0,United Kingdom
London,GB,2006-12-03,12:00:00,1165122000,9.3,7.7,10.3,46.8,210.0,6.5,0.0,United Kingdom
London,GB,2006-12-04,12:00:00,1165208400,9.9,7.5,13.3,34.8,230.0,1.2,0.0,United Kingdom
London,GB,2006-12-05,12:00:00,1165294800,11.9,9.8,13.4,41.1,222.0,2.9,0.0,United Kingdom
London,GB,2006-12-06,12:00:00,1165381200,8.2,6.2,9.9,28.8,238.0,0.0,0.0,United Kingdom
London,GB,2006-12-07,12:00:00,1165467600,9.7,7.9,10.8,37.8,220.0,8.7,0.0,United Kingdom
London,GB,2006-12-08,12:00:00,1165554000,6.9,3.4,8.8,29.3,250.0,3.2,0.0,United Kingdom
London,GB,2006-12-09,12:00:00,1165640400,3.9,1.8,7.2,16.2,287.0,0.0,0.0,United Kingdom
London,GB,2006-12-10,12:00:00,1165726800,4.3,-1.1,9.8,34.5,214.0,1.8,0.0,United Kingdom
London,GB,2006-12-11,12:00:00,1165813200,9.9,5.3,12.0,35.3,227.0,5.7,0.0,United Kingdom
London,GB,2006-12-12,12:00:00,1165899600,7.2,4.0,10.8,30.1,233.0,0.4,0.0,United Kingdom
London,GB,2006-12-13,12:00:00,1165986000,11.1,10.3,12.3,32.3,231.0,0.0,0.0,United Kingdom
London,GB,2006-12-14,12:00:00,1166072400,11.4,10.5,12.5,30.8,227.0,0.0,0.0,United Kingdom
London,GB,2006-12-15,12:00:00,1166158800,10.7,9.9,11.6,25.3,214.0,0.0,0.0,United Kingdom
London,GB,2006-12-16,12:00:00,1166245200,6.2,2.9,11.2,26.5,274.0,7.3,0.0,United Kingdom
London,GB,2006-12-17,12:00:00,1166331600,4.0,1.9,7.7,14.7,258.0,0.0,0.0,United Kingdom
London,GB,2006-12-18,12:00:00,1166418000,3.8,0.7,6.5,9.5,119.0,0.4,0.0,United Kingdom
London,GB,2006-12-19,12:00:00,1166504400,2.7,0.7,4.4,6.5,26.0,0.0,0.0,United Kingdom
London,GB,2006-12-20,12:00:00,1166590800,1.9,0.6,3.1,8.8,332.0,0.0,0.0,United Kingdom
London,GB,2006-12-21,12:00:00,1166677200,2.3,0.8,3.8,7.1,2.0,0.0,0.0,United Kingdom
London,GB,2006-12-22,12:00:00,1166763600,0.1,-1.1,1.6,8.4,13.0,0.0,0.0,United Kingdom
London,GB,2006-12-23,12:00:00,1166850000,3.4,0.8,6.1,13.3,27.0,0.0,0.0,United Kingdom
London,GB,2006-12-24,12:00:00,1166936400,5.7,5.1,6.5,15.1,52.0,0.0,0.0,United Kingdom
London,GB,2006-12-25,12:00:00,1167022800,5.4,4.8,6.1,11.2,75.0,0.0,0.0,United Kingdom
London,GB,2006-12-26,12:00:00,1167109200,5.3,4.5,6.5,7.2,85.0,0.0,0.0,United Kingdom
London,GB,2006-12-27,12:00:00,1167195600,4.4,2.6,7.5,20.3,202.0,0.0,0.0,United Kingdom
London,GB,2006-12-28,12:00:00,1167282000,9.0,7.7,10.0,21.8,223.0,0.0,0.0,United Kingdom
London,GB,2006-12-29,12:00:00,1167368400,7.8,4.5,11.1,39.6,183.0,2.0,0.0,United Kingdom
London,GB,2006-12-30,12:00:00,1167454800,10.8,8.2,12.4,50.3,218.0,7.6,0.0,United Kingdom
London,GB,2006-12-31,12:00:00,1167541200,9.8,7.9,12.3,37.7,225.0,2.7,0.0,United Kingdom
London,GB,2007-01-01,12:00:00,1167627600,7.2,4.9,8.9,31.6,253.0,1.3,0.0,United Kingdom
London,GB,2007-01-02,12:00:00,1167714000,6.1,3.8,8.5,29.7,279.0,0.0,0.0,United Kingdom
London,GB,2007-01-03,12:00:00,1167800400,8.3,4.5,10.7,36.2,222.0,1.1,0.0,United Kingdom
London,GB,2007-01-04,12:00:00,1167886800,9.0,7.2,10.8,32.7,260.0,0.3,0.0,United Kingdom
London,GB,2007-01-05,12:00:00,1167973200,8.8,5.6,11.4,21.8,239.0,0.1,0.0,United Kingdom
London,GB,2007-01-06,12:00:00,1168059600,7.1,5.4,9.7,17.3,239.0,11.5,0.0,United Kingdom
London,GB,2007-01-07,12:00:00,1168146000,8.8,5.3,10.9,34.6,215.0,1.9,0.0,United Kingdom
London,GB,2007-01-08,12:00:00,1168232400,9.3,5.1,12.8,36.1,227.0,3.5,0.0,United Kingdom
London,GB,2007-01-09,12:00:00,1168318800,12.4,11.7,13.2,40.7,226.0,0.0,0.0,United Kingdom
London,GB,2007-01-10,12:00:00,1168405200,9.4,4.8,12.8,38.5,238.0,8.8,0.0,United Kingdom
London,GB,2007-01-11,12:00:00,1168491600,9.5,4.8,12.8,47.1,244.0,2.0,0.0,United Kingdom
London,GB,2007-01-12,12:00:00,1168578000,9.7,5.9,12.2,33.6,244.0,0.1,0.0,United Kingdom
London,GB,2007-01-13,12:00:00,1168664400,11.1,10.3,11.7,35.7,234.0,0.1,0.0,United Kingdom
London,GB,2007-01-14,12:00:00,1168750800,6.2,3.7,9.0,25.5,245.0,0.0,0.0,United Kingdom
London,GB,2007-01-15,12:00:00,1168837200,7.2,4.6,10.1,25.3,209.0,0.0,0.0,United Kingdom
London,GB,2007-01-16,12:00:00,1168923600,10.1,9.4,10.4,24.7,212.0,2.5,0.0,United Kingdom
London,GB,2007-01-17,12:00:00,1169010000,9.4,7.2,10.8,34.0,225.0,7.7,0.0,United Kingdom
London,GB,2007-01-18,12:00:00,1169096400,11.0,7.9,14.1,55.5,245.0,6.7,0.0,United Kingdom
London,GB,2007-01-19,12:00:00,1169182800,11.7,10.1,12.8,33.1,252.0,0.2,0.0,United Kingdom
London,GB,2007-01-20,12:00:00,1169269200,9.7,6.5,12.3,37.1,238.0,2.1,0.0,United Kingdom
London,GB,2007-01-21,12:00:00,1169355600,6.0,3.5,7.9,41.1,252.0,0.0,0.0,United Kingdom
London,GB,2007-01-22,12:00:00,1169442000,3.0,0.9,5.5,30.1,33.0,0.8,0.0,United Kingdom
London,GB,2007-01-23,12:00:00,1169528400,1.0,-1.1,3.3,27.8,360.0,0.0,0.0,United Kingdom
London,GB,2007-01-24,12:00:00,1169614800,0.3,-2.9,3.9,19.6,349.0,1.9,1.4,United Kingdom
London,GB,2007-01-25,12:00:00,1169701200,0.4,-3.0,3.7,17.9,22.0,0.0,0.0,United Kingdom
London,GB,2007-01-26,12:00:00,1169787600,2.5,-3.4,7.0,15.6,285.0,0.0,0.0,United Kingdom
London,GB,2007-01-27,12:00:00,1169874000,5.5,1.8,8.2,13.7,296.0,0.0,0.0,United Kingdom
London,GB,2007-01-28,12:00:00,1169960400,6.2,3.8,8.5,25.2,276.0,0.0,0.0,United Kingdom
London,GB,2007-01-29,12:00:00,1170046800,7.6,6.2,9.4,15.2,315.0,0.0,0.0,United Kingdom
London,GB,2007-01-30,12:00:00,1170133200,6.1,4.3,8.1,11.5,287.0,0.0,0.0,United Kingdom
London,GB,2007-01-31,12:00:00,1170219600,5.5,1.0,10.1,17.3,264.0,0.0,0.0,United Kingdom
London,GB,2007-02-01,12:00:00,1170306000,8.1,5.5,11.5,10.3,270.0,0.0,0.0,United Kingdom
London,GB,2007-02-02,12:00:00,1170392400,7.5,4.5,10.9,14.9,337.0,0.0,0.0,United Kingdom
London,GB,2007-02-03,12:00:00,1170478800,3.2,-1.0,8.7,10.5,33.0,0.0,0.0,United Kingdom
London,GB,2007-02-04,12:00:00,1170565200,2.7,-2.1,8.9,13.1,57.0,0.0,0.0,United Kingdom
London,GB,2007-02-05,12:00:00,1170651600,2.9,0.9,5.0,10.5,355.0,0.0,0.0,United Kingdom
London,GB,2007-02-06,12:00:00,1170738000,0.1,-3.7,4.0,7.6,15.0,0.0,0.0,United Kingdom
London,GB,2007-02-07,12:00:00,1170824400,-1.8,-4.0,1.6,10.8,23.0,0.0,0.0,United Kingdom
London,GB,2007-02-08,12:00:00,1170910800,1.9,-1.3,5.7,23.1,115.0,7.0,3.85,United Kingdom
London,GB,2007-02-09,12:00:00,1170997200,2.1,-1.1,5.2,24.5,94.0,1.8,0.0,United Kingdom
London,GB,2007-02-10,12:00:00,1171083600,6.9,5.1,9.3,23.7,158.0,6.4,0.0,United Kingdom
London,GB,2007-02-11,12:00:00,1171170000,8.6,6.4,10.5,29.5,222.0,4.5,0.0,United Kingdom
London,GB,2007-02-12,12:00:00,1171256400,8.0,6.1,10.1,28.7,235.0,6.0,0.0,United Kingdom
London,GB,2007-02-13,12:00:00,1171342800,7.5,6.1,9.2,24.1,247.0,2.5,0.0,United Kingdom
London,GB,2007-02-14,12:00:00,1171429200,7.1,2.4,8.3,24.2,265.0,11.7,0.0,United Kingdom
London,GB,2007-02-15,12:00:00,1171515600,5.4,-0.0,9.9,27.7,180.0,0.0,0.0,United Kingdom
London,GB,2007-02-16,12:00:00,1171602000,7.8,5.7,11.0,22.2,155.0,0.0,0.0,United Kingdom
London,GB,2007-02-17,12:00:00,1171688400,6.6,2.2,10.6,12.2,23.0,0.0,0.0,United Kingdom
London,GB,2007-02-18,12:00:00,1171774800,6.9,5.2,9.1,14.8,55.0,0.0,0.0,United Kingdom
London,GB,2007-02-19,12:00:00,1171861200,7.9,6.0,10.2,19.4,168.0,0.1,0.0,United Kingdom
London,GB,2007-02-20,12:00:00,1171947600,9.1,8.4,10.4,17.4,180.0,1.8,0.0,United Kingdom
London,GB,2007-02-21,12:00:00,1172034000,8.7,6.9,11.1,21.3,216.0,4.9,0.0,United Kingdom
London,GB,2007-02-22,12:00:00,1172120400,8.1,6.8,9.1,23.4,183.0,3.7,0.0,United Kingdom
London,GB,2007-02-23,12:00:00,1172206800,9.1,7.5,11.3,27.5,185.0,5.4,0.0,United Kingdom
London,GB,2007-02-24,12:00:00,1172293200,8.9,7.2,10.9,23.7,224.0,3.0,0.0,United Kingdom
London,GB,2007-02-25,12:00:00,1172379600,7.4,4.6,10.3,20.9,275.0,6.4,0.0,United Kingdom
London,GB,2007-02-26,12:00:00,1172466000,7.2,2.9,9.3,29.4,301.0,0.0,0.0,United Kingdom
London,GB,2007-02-27,12:00:00,1172552400,7.9,2.4,11.9,29.5,224.0,7.5,0.0,United Kingdom
London,GB,2007-02-28,12:00:00,1172638800,9.7,8.4,11.7,37.8,241.0,0.4,0.0,United Kingdom
London,GB,2007-03-01,12:00:00,1172725200,7.5,4.9,10.1,34.0,265.0,1.1,0.0,United Kingdom
London,GB,2007-03-02,12:00:00,1172811600,5.8,0.4,10.7,25.9,199.0,6.4,0.0,United Kingdom
London,GB,2007-03-03,12:00:00,1172898000,7.5,3.2,11.5,34.9,267.0,2.7,0.0,United Kingdom
London,GB,2007-03-04,12:00:00,1172984400,7.4,1.8,11.6,29.8,170.0,7.2,0.0,United Kingdom
London,GB,2007-03-05,12:00:00,1173070800,8.5,5.3,12.0,39.4,217.0,2.5,0.0,United Kingdom
London,GB,2007-03-06,12:00:00,1173157200,10.3,7.2,13.4,42.1,209.0,9.3,0.0,United Kingdom
London,GB,2007-03-07,12:00:00,1173243600,7.4,4.0,10.9,15.9,271.0,0.0,0.0,United Kingdom
London,GB,2007-03-08,12:00:00,1173330000,6.9,1.3,12.5,18.3,251.0,0.0,0.0,United Kingdom
London,GB,2007-03-09,12:00:00,1173416400,8.7,5.4,10.9,22.9,273.0,2.7,0.0,United Kingdom
London,GB,2007-03-10,12:00:00,1173502800,6.9,2.3,12.3,19.6,244.0,0.0,0.0,United Kingdom
London,GB,2007-03-11,12:00:00,1173589200,8.4,4.1,13.9,23.1,202.0,0.0,0.0,United Kingdom
London,GB,2007-03-12,12:00:00,1173675600,10.1,5.9,15.4,17.5,217.0,0.0,0.0,United Kingdom
London,GB,2007-03-13,12:00:00,1173762000,8.5,4.8,13.0,11.4,306.0,0.0,0.0,United Kingdom
London,GB,2007-03-14,12:00:00,1173848400,7.8,2.3,12.8,8.0,270.0,0.0,0.0,United Kingdom
London,GB,2007-03-15,12:00:00,1173934800,8.5,3.7,11.9,17.9,249.0,0.0,0.0,United Kingdom
London,GB,2007-03-16,12:00:00,1174021200,9.0,7.0,12.0,19.5,274.0,0.0,0.0,United Kingdom
London,GB,2007-03-17,12:00:00,1174107600,10.0,7.1,13.1,28.2,260.0,0.0,0.0,United Kingdom
London,GB,2007-03-18,12:00:00,1174194000,7.5,2.8,10.5,38.4,265.0,0.6,0.0,United Kingdom
London,GB,2007-03-19,12:00:00,1174280400,3.6,1.1,7.4,25.6,316.0,0.4,0.0,United Kingdom
London,GB,2007-03-20,12:00:00,1174366800,3.5,1.1,6.6,37.2,350.0,0.2,0.07,United Kingdom
London,GB,2007-03-21,12:00:00,1174453200,2.8,-0.6,7.0,24.5,346.0,0.0,0.0,United Kingdom
London,GB,2007-03-22,12:00:00,1174539600,2.2,-3.0,6.2,10.2,330.0,0.9,0.28,United Kingdom
London,GB,2007-03-23,12:00:00,1174626000,5.9,3.2,7.9,25.1,10.0,0.0,0.0,United Kingdom
London,GB,2007-03-24,12:00:00,1174712400,5.7,2.7,8.1,28.1,9.0,0.0,0.0,United Kingdom
London,GB,2007-03-25,12:00:00,1174798800,8.7,6.6,11.5,23.8,52.0,0.5,0.0,United Kingdom
London,GB,2007-03-26,12:00:00,1174885200,8.6,4.3,13.4,17.8,57.0,0.0,0.0,United Kingdom
London,GB,2007-03-27,12:00:00,1174971600,8.8,2.3,16.0,11.5,58.0,0.0,0.0,United Kingdom
London,GB,2007-03-28,12:00:00,1175058000,8.6,3.1,14.8,8.7,358.0,0.0,0.0,United Kingdom
London,GB,2007-03-29,12:00:00,1175144400,6.9,3.5,9.4,12.3,299.0,4.3,0.0,United Kingdom
London,GB,2007-03-30,12:00:00,1175230800,5.6,-0.2,9.7,21.7,33.0,6.0,0.0,United Kingdom
London,GB,2007-03-31,12:00:00,1175317200,9.2,5.9,13.4,30.5,34.0,0.0,0.0,United Kingdom
London,GB,2007-04-01,12:00:00,1175403600,9.8,6.3,14.3,27.9,42.0,0.0,0.0,United Kingdom
London,GB,2007-04-02,12:00:00,1175490000,10.5,6.1,16.0,20.9,43.0,0.0,0.0,United Kingdom
London,GB,2007-04-03,12:00:00,1175576400,6.7,3.9,9.7,25.8,26.0,0.1,0.0,United Kingdom
London,GB,2007-04-04,12:00:00,1175662800,6.6,3.4,9.9,20.3,29.0,0.0,0.0,United Kingdom
London,GB,2007-04-05,12:00:00,1175749200,8.6,0.8,15.7,7.9,322.0,0.0,0.0,United Kingdom
London,GB,2007-04-06,12:00:00,1175835600,9.6,2.8,15.8,11.9,350.0,0.0,0.0,United Kingdom
London,GB,2007-04-07,12:00:00,1175922000,9.2,4.0,13.6,11.2,54.0,0.0,0.0,United Kingdom
London,GB,2007-04-08,12:00:00,1176008400,9.9,2.5,16.5,11.6,245.0,0.0,0.0,United Kingdom
London,GB,2007-04-09,12:00:00,1176094800,11.1,4.4,16.3,11.2,294.0,0.0,0.0,United Kingdom
London,GB,2007-04-10,12:00:00,1176181200,12.5,8.1,16.3,9.7,289.0,0.0,0.0,United Kingdom
London,GB,2007-04-11,12:00:00,1176267600,13.1,10.1,16.3,8.4,61.0,0.0,0.0,United Kingdom
London,GB,2007-04-12,12:00:00,1176354000,11.3,6.3,16.0,14.3,67.0,0.0,0.0,United Kingdom
London,GB,2007-04-13,12:00:00,1176440400,12.5,6.9,19.2,13.5,41.0,0.0,0.0,United Kingdom
London,GB,2007-04-14,12:00:00,1176526800,14.0,7.8,21.4,12.0,26.0,0.0,0.0,United Kingdom
London,GB,2007-04-15,12:00:00,1176613200,15.0,6.8,22.6,8.4,8.0,0.0,0.0,United Kingdom
London,GB,2007-04-16,12:00:00,1176699600,15.6,9.0,21.6,12.6,4.0,1.0,0.0,United Kingdom
London,GB,2007-04-17,12:00:00,1176786000,12.6,9.5,15.6,13.1,357.0,0.0,0.0,United Kingdom
London,GB,2007-04-18,12:00:00,1176872400,10.6,6.2,14.4,12.1,332.0,0.0,0.0,United Kingdom
London,GB,2007-04-19,12:00:00,1176958800,11.9,4.0,18.2,14.2,279.0,0.0,0.0,United Kingdom
London,GB,2007-04-20,12:00:00,1177045200,10.7,7.7,14.3,15.1,92.0,0.0,0.0,United Kingdom
London,GB,2007-04-21,12:00:00,1177131600,12.1,7.8,17.2,10.9,156.0,0.0,0.0,United Kingdom
London,GB,2007-04-22,12:00:00,1177218000,13.4,4.8,20.7,16.3,207.0,0.0,0.0,United Kingdom
London,GB,2007-04-23,12:00:00,1177304400,13.6,8.0,18.3,18.8,219.0,0.5,0.0,United Kingdom
London,GB,2007-04-24,12:00:00,1177390800,15.0,11.4,19.3,17.6,206.0,0.2,0.0,United Kingdom
London,GB,2007-04-25,12:00:00,1177477200,15.0,11.4,17.5,17.8,209.0,3.2,0.0,United Kingdom
London,GB,2007-04-26,12:00:00,1177563600,13.4,9.6,18.4,21.2,23.0,1.0,0.0,United Kingdom
London,GB,2007-04-27,12:00:00,1177650000,14.1,9.1,20.6,21.8,33.0,0.0,0.0,United Kingdom
London,GB,2007-04-28,12:00:00,1177736400,13.9,8.9,19.8,20.6,42.0,0.0,0.0,United Kingdom
London,GB,2007-04-29,12:00:00,1177822800,14.2,9.1,20.5,17.9,45.0,0.1,0.0,United Kingdom
London,GB,2007-04-30,12:00:00,1177909200,13.0,9.6,16.6,24.9,59.0,0.0,0.0,United Kingdom
London,GB,2007-05-01,12:00:00,1177995600,14.0,10.1,18.3,24.9,67.0,0.0,0.0,United Kingdom
London,GB,2007-05-02,12:00:00,1178082000,14.0,9.6,18.7,25.8,52.0,0.0,0.0,United Kingdom
London,GB,2007-05-03,12:00:00,1178168400,10.9,6.6,16.6,17.7,31.0,0.0,0.0,United Kingdom
London,GB,2007-05-04,12:00:00,1178254800,11.6,7.9,17.0,20.4,23.0,0.0,0.0,United Kingdom
London,GB,2007-05-05,12:00:00,1178341200,11.1,8.0,15.5,16.1,18.0,0.0,0.0,United Kingdom
London,GB,2007-05-06,12:00:00,1178427600,13.0,7.6,18.1,26.0,239.0,0.1,0.0,United Kingdom
London,GB,2007-05-07,12:00:00,1178514000,14.4,12.0,16.3,27.9,246.0,6.0,0.0,United Kingdom
London,GB,2007-05-08,12:00:00,1178600400,13.2,9.6,17.3,36.5,256.0,0.1,0.0,United Kingdom
London,GB,2007-05-09,12:00:00,1178686800,12.4,10.4,14.1,29.0,233.0,1.3,0.0,United Kingdom
London,GB,2007-05-10,12:00:00,1178773200,12.4,11.1,13.8,30.8,227.0,7.6,0.0,United Kingdom
London,GB,2007-05-11,12:00:00,1178859600,12.3,8.9,15.6,28.5,233.0,6.0,0.0,United Kingdom
London,GB,2007-05-12,12:00:00,1178946000,13.1,10.1,16.1,30.3,230.0,2.5,0.0,United Kingdom
London,GB,2007-05-13,12:00:00,1179032400,12.4,9.8,14.7,23.9,166.0,11.2,0.0,United Kingdom
London,GB,2007-05-14,12:00:00,1179118800,11.2,7.6,14.0,24.9,289.0,3.4,0.0,United Kingdom
London,GB,2007-05-15,12:00:00,1179205200,10.7,5.6,16.0,21.4,216.0,6.5,0.0,United Kingdom
London,GB,2007-05-16,12:00:00,1179291600,12.1,9.2,14.7,19.1,287.0,2.6,0.0,United Kingdom
London,GB,2007-05-17,12:00:00,1179378000,14.8,13.0,17.2,19.3,296.0,2.2,0.0,United Kingdom
London,GB,2007-05-18,12:00:00,1179464400,15.2,12.2,19.0,28.3,231.0,0.1,0.0,United Kingdom
London,GB,2007-05-19,12:00:00,1179550800,12.7,9.1,15.9,26.6,239.0,0.0,0.0,United Kingdom
London,GB,2007-05-20,12:00:00,1179637200,12.0,5.8,16.4,9.7,45.0,0.0,0.0,United Kingdom
London,GB,2007-05-21,12:00:00,1179723600,12.5,9.5,15.5,17.1,33.0,4.0,0.0,United Kingdom
London,GB,2007-05-22,12:00:00,1179810000,15.1,10.4,19.6,10.1,322.0,0.0,0.0,United Kingdom
London,GB,2007-05-23,12:00:00,1179896400,16.7,9.7,22.1,7.3,307.0,0.0,0.0,United Kingdom
London,GB,2007-05-24,12:00:00,1179982800,18.4,12.5,22.8,8.4,246.0,0.0,0.0,United Kingdom
London,GB,2007-05-25,12:00:00,1180069200,17.1,13.2,21.4,16.3,336.0,0.1,0.0,United Kingdom
London,GB,2007-05-26,12:00:00,1180155600,11.6,10.3,14.0,13.8,25.0,5.6,0.0,United Kingdom
London,GB,2007-05-27,12:00:00,1180242000,10.4,8.6,11.7,28.5,63.0,19.0,0.0,United Kingdom
London,GB,2007-05-28,12:00:00,1180328400,7.9,6.9,8.9,33.1,350.0,20.2,0.0,United Kingdom
London,GB,2007-05-29,12:00:00,1180414800,9.7,5.2,14.0,18.7,280.0,0.1,0.0,United Kingdom
London,GB,2007-05-30,12:00:00,1180501200,11.1,4.7,16.6,24.6,183.0,6.5,0.0,United Kingdom
London,GB,2007-05-31,12:00:00,1180587600,13.4,8.9,17.2,17.2,168.0,1.6,0.0,United Kingdom
London,GB,2007-06-01,12:00:00,1180674000,15.0,9.2,19.5,12.7,76.0,0.8,0.0,United Kingdom
London,GB,2007-06-02,12:00:00,1180760400,16.2,9.7,22.1,7.4,149.0,0.0,0.0,United Kingdom
London,GB,2007-06-03,12:00:00,1180846800,16.8,10.8,21.9,7.9,125.0,0.0,0.0,United Kingdom
London,GB,2007-06-04,12:00:00,1180933200,15.4,11.3,19.0,17.4,36.0,0.3,0.0,United Kingdom
London,GB,2007-06-05,12:00:00,1181019600,15.1,11.1,19.1,20.7,25.0,0.0,0.0,United Kingdom
London,GB,2007-06-06,12:00:00,1181106000,14.0,10.5,18.5,18.5,30.0,0.0,0.0,United Kingdom
London,GB,2007-06-07,12:00:00,1181192400,15.5,12.5,19.7,17.7,30.0,0.0,0.0,United Kingdom
London,GB,2007-06-08,12:00:00,1181278800,15.3,12.6,19.2,14.2,13.0,9.2,0.0,United Kingdom
London,GB,2007-06-09,12:00:00,1181365200,17.8,13.2,22.0,6.4,15.0,1.1,0.0,United Kingdom
London,GB,2007-06-10,12:00:00,1181451600,17.5,12.8,21.9,12.7,66.0,0.4,0.0,United Kingdom
London,GB,2007-06-11,12:00:00,1181538000,16.9,13.8,19.6,10.5,57.0,0.0,0.0,United Kingdom
London,GB,2007-06-12,12:00:00,1181624400,19.0,16.3,22.3,16.4,256.0,0.1,0.0,United Kingdom
London,GB,2007-06-13,12:00:00,1181710800,17.3,12.4,21.7,12.8,248.0,0.8,0.0,United Kingdom
London,GB,2007-06-14,12:00:00,1181797200,17.3,13.7,21.7,9.2,136.0,7.4,0.0,United Kingdom
London,GB,2007-06-15,12:00:00,1181883600,16.2,13.8,18.3,21.6,191.0,4.3,0.0,United Kingdom
London,GB,2007-06-16,12:00:00,1181970000,15.4,12.4,18.8,20.9,208.0,1.8,0.0,United Kingdom
London,GB,2007-06-17,12:00:00,1182056400,15.8,12.8,19.2,13.2,225.0,1.8,0.0,United Kingdom
London,GB,2007-06-18,12:00:00,1182142800,15.8,12.5,19.1,23.5,202.0,4.8,0.0,United Kingdom
London,GB,2007-06-19,12:00:00,1182229200,17.3,10.8,22.0,24.3,113.0,14.4,0.0,United Kingdom
London,GB,2007-06-20,12:00:00,1182315600,16.9,12.2,19.7,26.5,203.0,0.6,0.0,United Kingdom
London,GB,2007-06-21,12:00:00,1182402000,16.0,12.7,18.6,23.5,185.0,1.3,0.0,United Kingdom
London,GB,2007-06-22,12:00:00,1182488400,15.6,13.2,18.8,17.9,197.0,11.2,0.0,United Kingdom
London,GB,2007-06-23,12:00:00,1182574800,15.9,13.4,19.6,17.2,260.0,7.6,0.0,United Kingdom
London,GB,2007-06-24,12:00:00,1182661200,13.6,11.9,15.3,15.5,184.0,11.0,0.0,United Kingdom
London,GB,2007-06-25,12:00:00,1182747600,13.6,12.3,14.7,27.0,180.0,6.4,0.0,United Kingdom
London,GB,2007-06-26,12:00:00,1182834000,12.7,10.5,14.8,30.3,320.0,0.5,0.0,United Kingdom
London,GB,2007-06-27,12:00:00,1182920400,12.7,8.2,16.4,22.4,253.0,0.6,0.0,United Kingdom
London,GB,2007-06-28,12:00:00,1183006800,13.5,6.8,17.6,23.5,235.0,0.3,0.0,United Kingdom
London,GB,2007-06-29,12:00:00,1183093200,16.1,13.4,19.8,25.9,238.0,8.0,0.0,United Kingdom
London,GB,2007-06-30,12:00:00,1183179600,15.4,11.9,17.3,19.7,206.0,9.6,0.0,United Kingdom
London,GB,2007-07-01,12:00:00,1183266000,16.4,14.3,18.9,31.1,201.0,5.1,0.0,United Kingdom
London,GB,2007-07-02,12:00:00,1183352400,15.8,13.6,19.5,25.8,225.0,6.3,0.0,United Kingdom
London,GB,2007-07-03,12:00:00,1183438800,14.9,12.1,18.9,20.6,243.0,4.9,0.0,United Kingdom
London,GB,2007-07-04,12:00:00,1183525200,14.9,11.7,18.3,27.8,258.0,4.2,0.0,United Kingdom
London,GB,2007-07-05,12:00:00,1183611600,15.6,13.1,18.8,28.4,247.0,4.2,0.0,United Kingdom
London,GB,2007-07-06,12:00:00,1183698000,15.6,12.8,18.2,35.0,259.0,0.4,0.0,United Kingdom
London,GB,2007-07-07,12:00:00,1183784400,15.3,11.0,19.0,19.8,263.0,0.0,0.0,United Kingdom
London,GB,2007-07-08,12:00:00,1183870800,14.8,9.1,19.0,13.2,253.0,0.2,0.0,United Kingdom
London,GB,2007-07-09,12:00:00,1183957200,14.6,10.2,18.7,15.2,263.0,2.9,0.0,United Kingdom
London,GB,2007-07-10,12:00:00,1184043600,14.5,10.5,18.2,13.4,275.0,0.2,0.0,United Kingdom
London,GB,2007-07-11,12:00:00,1184130000,15.8,12.5,18.5,20.5,291.0,0.6,0.0,United Kingdom
London,GB,2007-07-12,12:00:00,1184216400,16.4,12.2,20.4,22.7,245.0,0.9,0.0,United Kingdom
London,GB,2007-07-13,12:00:00,1184302800,17.7,13.8,21.5,25.1,202.0,0.2,0.0,United Kingdom
London,GB,2007-07-14,12:00:00,1184389200,17.7,15.2,20.6,22.7,227.0,1.8,0.0,United Kingdom
London,GB,2007-07-15,12:00:00,1184475600,18.5,13.3,24.3,14.8,117.0,1.4,0.0,United Kingdom
London,GB,2007-07-16,12:00:00,1184562000,18.4,15.8,21.5,16.1,214.0,0.9,0.0,United Kingdom
London,GB,2007-07-17,12:00:00,1184648400,16.6,14.0,19.1,28.3,209.0,2.1,0.0,United Kingdom
London,GB,2007-07-18,12:00:00,1184734800,17.1,13.4,20.7,19.1,226.0,0.4,0.0,United Kingdom
London,GB,2007-07-19,12:00:00,1184821200,16.9,11.1,21.8,10.7,66.0,0.9,0.0,United Kingdom
London,GB,2007-07-20,12:00:00,1184907600,15.9,13.3,18.4,25.2,148.0,32.2,0.0,United Kingdom
London,GB,2007-07-21,12:00:00,1184994000,15.0,11.9,18.7,21.4,224.0,6.2,0.0,United Kingdom
London,GB,2007-07-22,12:00:00,1185080400,15.2,11.8,19.0,15.1,226.0,0.0,0.0,United Kingdom
London,GB,2007-07-23,12:00:00,1185166800,15.4,13.1,17.4,19.5,66.0,6.5,0.0,United Kingdom
London,GB,2007-07-24,12:00:00,1185253200,16.2,11.9,20.1,21.3,291.0,0.3,0.0,United Kingdom
London,GB,2007-07-25,12:00:00,1185339600,15.6,10.8,19.1,27.7,214.0,0.0,0.0,United Kingdom
London,GB,2007-07-26,12:00:00,1185426000,16.3,14.6,18.5,38.0,218.0,3.9,0.0,United Kingdom
London,GB,2007-07-27,12:00:00,1185512400,16.6,13.0,20.1,25.4,237.0,0.8,0.0,United Kingdom
London,GB,2007-07-28,12:00:00,1185598800,16.9,12.9,20.4,22.4,264.0,0.7,0.0,United Kingdom
London,GB,2007-07-29,12:00:00,1185685200,15.1,12.3,17.7,19.4,324.0,11.2,0.0,United Kingdom
London,GB,2007-07-30,12:00:00,1185771600,14.0,9.4,17.5,14.8,311.0,0.0,0.0,United Kingdom
London,GB,2007-07-31,12:00:00,1185858000,15.3,9.1,19.7,10.6,294.0,0.0,0.0,United Kingdom
London,GB,2007-08-01,12:00:00,1185944400,16.8,11.3,21.0,7.4,199.0,0.0,0.0,United Kingdom
London,GB,2007-08-02,12:00:00,1186030800,16.4,12.7,19.1,14.2,305.0,0.2,0.0,United Kingdom
London,GB,2007-08-03,12:00:00,1186117200,17.0,10.9,22.0,17.4,227.0,0.0,0.0,United Kingdom
London,GB,2007-08-04,12:00:00,1186203600,18.3,13.5,23.4,20.1,213.0,0.0,0.0,United Kingdom
London,GB,2007-08-05,12:00:00,1186290000,20.2,13.4,26.4,17.2,169.0,0.0,0.0,United Kingdom
London,GB,2007-08-06,12:00:00,1186376400,17.4,14.4,20.8,16.2,255.0,0.0,0.0,United Kingdom
London,GB,2007-08-07,12:00:00,1186462800,15.6,10.4,19.9,12.4,322.0,0.8,0.0,United Kingdom
London,GB,2007-08-08,12:00:00,1186549200,15.4,11.1,19.0,15.0,357.0,0.0,0.0,United Kingdom
London,GB,2007-08-09,12:00:00,1186635600,15.1,10.5,18.9,14.4,4.0,0.0,0.0,United Kingdom
London,GB,2007-08-10,12:00:00,1186722000,15.8,8.9,21.3,9.3,9.0,0.0,0.0,United Kingdom
London,GB,2007-08-11,12:00:00,1186808400,17.2,11.8,22.4,11.6,189.0,0.0,0.0,United Kingdom
London,GB,2007-08-12,12:00:00,1186894800,16.5,11.2,20.5,19.1,231.0,0.8,0.0,United Kingdom
London,GB,2007-08-13,12:00:00,1186981200,15.7,11.5,19.5,21.1,229.0,0.5,0.0,United Kingdom
London,GB,2007-08-14,12:00:00,1187067600,16.4,13.5,19.0,30.0,183.0,4.9,0.0,United Kingdom
London,GB,2007-08-15,12:00:00,1187154000,17.8,15.7,21.1,30.4,223.0,1.6,0.0,United Kingdom
London,GB,2007-08-16,12:00:00,1187240400,14.8,11.7,17.4,20.5,272.0,0.8,0.0,United Kingdom
London,GB,2007-08-17,12:00:00,1187326800,14.6,9.8,18.4,17.2,253.0,0.2,0.0,United Kingdom
London,GB,2007-08-18,12:00:00,1187413200,15.6,12.7,18.3,29.3,188.0,3.6,0.0,United Kingdom
London,GB,2007-08-19,12:00:00,1187499600,15.7,14.4,17.7,21.0,274.0,2.4,0.0,United Kingdom
London,GB,2007-08-20,12:00:00,1187586000,14.0,12.0,16.2,22.7,346.0,0.8,0.0,United Kingdom
London,GB,2007-08-21,12:00:00,1187672400,15.7,12.2,19.2,26.6,356.0,5.3,0.0,United Kingdom
London,GB,2007-08-22,12:00:00,1187758800,16.0,15.0,17.6,37.8,359.0,2.2,0.0,United Kingdom
London,GB,2007-08-23,12:00:00,1187845200,16.2,14.7,18.4,26.6,2.0,0.3,0.0,United Kingdom
London,GB,2007-08-24,12:00:00,1187931600,17.4,15.2,20.1,14.6,7.0,0.1,0.0,United Kingdom
London,GB,2007-08-25,12:00:00,1188018000,18.1,11.5,24.3,9.4,271.0,0.0,0.0,United Kingdom
London,GB,2007-08-26,12:00:00,1188104400,17.5,13.9,20.9,11.9,348.0,0.0,0.0,United Kingdom
London,GB,2007-08-27,12:00:00,1188190800,15.6,11.9,19.1,13.6,339.0,0.0,0.0,United Kingdom
London,GB,2007-08-28,12:00:00,1188277200,15.6,12.9,18.2,10.7,49.0,0.0,0.0,United Kingdom
London,GB,2007-08-29,12:00:00,1188363600,15.3,11.7,19.0,13.0,345.0,0.8,0.0,United Kingdom
London,GB,2007-08-30,12:00:00,1188450000,15.5,10.9,19.1,18.9,310.0,0.3,0.0,United Kingdom
London,GB,2007-08-31,12:00:00,1188536400,15.9,12.1,18.8,21.6,293.0,0.0,0.0,United Kingdom
London,GB,2007-09-01,12:00:00,1188622800,17.4,15.0,20.0,18.0,284.0,0.0,0.0,United Kingdom
London,GB,2007-09-02,12:00:00,1188709200,17.2,13.4,20.4,22.3,263.0,0.0,0.0,United Kingdom
London,GB,2007-09-03,12:00:00,1188795600,15.3,12.1,17.3,19.6,331.0,0.9,0.0,United Kingdom
London,GB,2007-09-04,12:00:00,1188882000,13.2,10.4,16.7,13.1,352.0,0.0,0.0,United Kingdom
London,GB,2007-09-05,12:00:00,1188968400,16.3,10.0,21.9,13.8,302.0,0.0,0.0,United Kingdom
London,GB,2007-09-06,12:00:00,1189054800,17.9,13.6,22.1,11.7,353.0,0.1,0.0,United Kingdom
London,GB,2007-09-07,12:00:00,1189141200,17.7,14.4,21.2,10.0,8.0,0.6,0.0,United Kingdom
London,GB,2007-09-08,12:00:00,1189227600,15.6,11.0,19.7,12.0,336.0,0.0,0.0,United Kingdom
London,GB,2007-09-09,12:00:00,1189314000,16.9,14.6,19.7,10.8,324.0,0.0,0.0,United Kingdom
London,GB,2007-09-10,12:00:00,1189400400,15.5,12.6,17.8,26.6,308.0,0.0,0.0,United Kingdom
London,GB,2007-09-11,12:00:00,1189486800,13.6,8.4,17.9,11.6,346.0,0.0,0.0,United Kingdom
London,GB,2007-09-12,12:00:00,1189573200,15.2,10.6,19.8,8.3,14.0,0.0,0.0,United Kingdom
London,GB,2007-09-13,12:00:00,1189659600,15.7,11.9,20.5,10.5,167.0,0.0,0.0,United Kingdom
London,GB,2007-09-14,12:00:00,1189746000,15.8,12.4,20.1,20.2,279.0,0.1,0.0,United Kingdom
London,GB,2007-09-15,12:00:00,1189832400,13.8,8.0,18.6,10.2,254.0,0.0,0.0,United Kingdom
London,GB,2007-09-16,12:00:00,1189918800,14.4,9.6,18.6,27.5,229.0,0.0,0.0,United Kingdom
London,GB,2007-09-17,12:00:00,1190005200,13.9,9.9,15.8,19.3,309.0,0.0,0.0,United Kingdom
London,GB,2007-09-18,12:00:00,1190091600,10.3,6.9,13.7,21.2,316.0,0.0,0.0,United Kingdom
London,GB,2007-09-19,12:00:00,1190178000,13.2,8.4,17.7,24.0,235.0,0.0,0.0,United Kingdom
London,GB,2007-09-20,12:00:00,1190264400,16.1,13.9,19.1,28.8,229.0,1.2,0.0,United Kingdom
London,GB,2007-09-21,12:00:00,1190350800,16.4,14.7,18.9,28.0,221.0,0.4,0.0,United Kingdom
London,GB,2007-09-22,12:00:00,1190437200,16.2,12.8,20.1,11.9,221.0,0.0,0.0,United Kingdom
London,GB,2007-09-23,12:00:00,1190523600,15.8,11.6,19.4,25.4,201.0,0.0,0.0,United Kingdom
London,GB,2007-09-24,12:00:00,1190610000,14.9,11.5,16.8,35.6,230.0,8.1,0.0,United Kingdom
London,GB,2007-09-25,12:00:00,1190696400,12.1,9.5,15.5,21.1,277.0,0.7,0.0,United Kingdom
London,GB,2007-09-26,12:00:00,1190782800,9.9,7.7,12.1,28.4,349.0,0.0,0.0,United Kingdom
London,GB,2007-09-27,12:00:00,1190869200,11.1,8.7,14.6,28.6,359.0,0.1,0.0,United Kingdom
London,GB,2007-09-28,12:00:00,1190955600,12.1,9.6,14.7,25.2,359.0,2.5,0.0,United Kingdom
London,GB,2007-09-29,12:00:00,1191042000,13.6,9.7,16.5,16.9,20.0,2.6,0.0,United Kingdom
London,GB,2007-09-30,12:00:00,1191128400,11.3,6.9,16.2,14.8,80.0,0.0,0.0,United Kingdom
London,GB,2007-10-01,12:00:00,1191214800,13.3,12.2,14.9,24.2,74.0,4.1,0.0,United Kingdom
London,GB,2007-10-02,12:00:00,1191301200,14.2,13.1,16.6,14.8,59.0,0.1,0.0,United Kingdom
London,GB,2007-10-03,12:00:00,1191387600,14.3,11.1,17.1,9.4,65.0,1.0,0.0,United Kingdom
London,GB,2007-10-04,12:00:00,1191474000,13.1,9.3,16.7,12.2,282.0,0.0,0.0,United Kingdom
London,GB,2007-10-05,12:00:00,1191560400,11.2,5.7,16.4,11.2,53.0,0.0,0.0,United Kingdom
London,GB,2007-10-06,12:00:00,1191646800,12.6,9.6,16.1,14.0,58.0,0.0,0.0,United Kingdom
London,GB,2007-10-07,12:00:00,1191733200,11.8,8.2,15.2,9.5,35.0,0.0,0.0,United Kingdom
London,GB,2007-10-08,12:00:00,1191819600,12.9,10.9,15.4,4.8,347.0,0.0,0.0,United Kingdom
London,GB,2007-10-09,12:00:00,1191906000,11.6,8.3,14.4,18.1,241.0,14.1,0.0,United Kingdom
London,GB,2007-10-10,12:00:00,1191992400,13.0,10.1,16.3,18.9,13.0,4.0,0.0,United Kingdom
London,GB,2007-10-11,12:00:00,1192078800,10.5,7.1,14.8,10.1,281.0,0.0,0.0,United Kingdom
London,GB,2007-10-12,12:00:00,1192165200,14.3,10.9,17.4,9.1,317.0,0.0,0.0,United Kingdom
London,GB,2007-10-13,12:00:00,1192251600,14.6,12.1,17.0,10.5,111.0,0.0,0.0,United Kingdom
London,GB,2007-10-14,12:00:00,1192338000,13.0,10.3,17.2,7.9,149.0,0.0,0.0,United Kingdom
London,GB,2007-10-15,12:00:00,1192424400,12.6,8.7,16.0,18.9,220.0,0.0,0.0,United Kingdom
London,GB,2007-10-16,12:00:00,1192510800,14.2,12.5,15.5,22.7,207.0,6.5,0.0,United Kingdom
London,GB,2007-10-17,12:00:00,1192597200,12.1,8.3,14.2,24.9,320.0,7.5,0.0,United Kingdom
London,GB,2007-10-18,12:00:00,1192683600,8.3,3.8,12.3,12.5,338.0,0.0,0.0,United Kingdom
London,GB,2007-10-19,12:00:00,1192770000,8.4,3.7,11.9,7.3,7.0,0.0,0.0,United Kingdom
London,GB,2007-10-20,12:00:00,1192856400,8.4,4.7,12.4,8.2,87.0,0.0,0.0,United Kingdom
London,GB,2007-10-21,12:00:00,1192942800,7.4,4.5,11.9,8.0,153.0,0.0,0.0,United Kingdom
London,GB,2007-10-22,12:00:00,1193029200,7.8,2.6,12.8,12.3,137.0,0.0,0.0,United Kingdom
London,GB,2007-10-23,12:00:00,1193115600,6.6,2.4,10.5,16.9,71.0,0.0,0.0,United Kingdom
London,GB,2007-10-24,12:00:00,1193202000,9.3,6.8,11.4,22.9,51.0,0.0,0.0,United Kingdom
London,GB,2007-10-25,12:00:00,1193288400,10.2,9.0,11.8,15.5,53.0,0.1,0.0,United Kingdom
London,GB,2007-10-26,12:00:00,1193374800,10.1,8.2,12.6,8.1,100.0,0.0,0.0,United Kingdom
London,GB,2007-10-27,12:00:00,1193461200,11.4,8.5,13.9,21.9,212.0,0.0,0.0,United Kingdom
London,GB,2007-10-28,12:00:00,1193547600,13.5,12.6,14.6,28.2,211.0,2.4,0.0,United Kingdom
London,GB,2007-10-29,12:00:00,1193634000,10.0,6.4,12.5,16.2,289.0,0.0,0.0,United Kingdom
London,GB,2007-10-30,12:00:00,1193720400,8.3,5.4,12.4,16.1,303.0,0.0,0.0,United Kingdom
London,GB,2007-10-31,12:00:00,1193806800,9.3,4.5,14.3,15.8,248.0,0.0,0.0,United Kingdom
London,GB,2007-11-01,12:00:00,1193893200,10.4,7.1,14.3,17.1,274.0,0.0,0.0,United Kingdom
London,GB,2007-11-02,12:00:00,1193979600,10.9,8.1,13.9,10.5,307.0,0.0,0.0,United Kingdom
London,GB,2007-11-03,12:00:00,1194066000,10.0,5.3,13.4,11.5,320.0,0.0,0.0,United Kingdom
London,GB,2007-11-04,12:00:00,1194152400,9.7,7.4,11.6,9.9,15.0,0.0,0.0,United Kingdom
London,GB,2007-11-05,12:00:00,1194238800,8.8,5.5,11.8,21.2,269.0,0.0,0.0,United Kingdom
London,GB,2007-11-06,12:00:00,1194325200,7.6,5.4,10.8,18.3,309.0,0.0,0.0,United Kingdom
London,GB,2007-11-07,12:00:00,1194411600,9.4,6.0,13.0,25.2,272.0,0.0,0.0,United Kingdom
London,GB,2007-11-08,12:00:00,1194498000,9.9,6.5,13.7,29.8,275.0,2.9,0.0,United Kingdom
London,GB,2007-11-09,12:00:00,1194584400,6.9,5.3,8.4,28.0,310.0,0.0,0.0,United Kingdom
London,GB,2007-11-10,12:00:00,1194670800,10.2,7.7,12.5,26.8,282.0,0.0,0.0,United Kingdom
London,GB,2007-11-11,12:00:00,1194757200,9.1,4.0,11.4,26.3,306.0,0.5,0.0,United Kingdom
London,GB,2007-11-12,12:00:00,1194843600,2.8,0.3,6.6,13.5,323.0,0.0,0.0,United Kingdom
London,GB,2007-11-13,12:00:00,1194930000,5.6,0.8,9.5,25.4,286.0,1.1,0.0,United Kingdom
London,GB,2007-11-14,12:00:00,1195016400,5.5,1.3,8.1,22.9,348.0,0.2,0.0,United Kingdom
London,GB,2007-11-15,12:00:00,1195102800,2.8,-0.7,7.5,9.4,2.0,0.0,0.0,United Kingdom
London,GB,2007-11-16,12:00:00,1195189200,2.5,-0.1,6.4,8.2,257.0,0.0,0.0,United Kingdom
London,GB,2007-11-17,12:00:00,1195275600,3.7,-1.4,8.6,20.3,201.0,0.0,0.0,United Kingdom
London,GB,2007-11-18,12:00:00,1195362000,4.7,1.8,6.6,28.2,151.0,6.3,0.63,United Kingdom
London,GB,2007-11-19,12:00:00,1195448400,7.4,4.0,9.5,27.9,140.0,6.0,0.0,United Kingdom
London,GB,2007-11-20,12:00:00,1195534800,7.9,6.0,9.7,17.7,107.0,4.0,0.0,United Kingdom
London,GB,2007-11-21,12:00:00,1195621200,9.2,7.8,10.4,18.2,191.0,3.7,0.0,United Kingdom
London,GB,2007-11-22,12:00:00,1195707600,8.1,6.4,9.5,16.6,254.0,0.7,0.0,United Kingdom
London,GB,2007-11-23,12:00:00,1195794000,4.1,0.8,6.3,25.7,355.0,0.0,0.0,United Kingdom
London,GB,2007-11-24,12:00:00,1195880400,2.2,-3.2,7.7,23.3,248.0,0.0,0.0,United Kingdom
London,GB,2007-11-25,12:00:00,1195966800,7.8,5.7,9.5,20.9,296.0,0.0,0.0,United Kingdom
London,GB,2007-11-26,12:00:00,1196053200,5.2,3.5,6.6,10.4,315.0,0.0,0.0,United Kingdom
London,GB,2007-11-27,12:00:00,1196139600,7.2,4.8,8.9,10.3,207.0,0.8,0.0,United Kingdom
London,GB,2007-11-28,12:00:00,1196226000,9.0,7.4,10.7,21.9,215.0,0.2,0.0,United Kingdom
London,GB,2007-11-29,12:00:00,1196312400,7.8,4.1,9.8,18.7,257.0,1.8,0.0,United Kingdom
London,GB,2007-11-30,12:00:00,1196398800,9.6,3.7,12.6,30.7,224.0,8.3,0.0,United Kingdom
London,GB,2007-12-01,12:00:00,1196485200,8.0,5.9,11.9,37.2,239.0,2.1,0.0,United Kingdom
London,GB,2007-12-02,12:00:00,1196571600,8.7,6.7,11.6,39.0,243.0,5.1,0.0,United Kingdom
London,GB,2007-12-03,12:00:00,1196658000,7.0,5.5,8.8,33.0,282.0,0.1,0.0,United Kingdom
London,GB,2007-12-04,12:00:00,1196744400,8.5,3.0,12.6,28.8,237.0,0.0,0.0,United Kingdom
London,GB,2007-12-05,12:00:00,1196830800,11.7,9.3,12.8,35.3,226.0,4.5,0.0,United Kingdom
London,GB,2007-12-06,12:00:00,1196917200,11.6,8.4,13.9,36.7,236.0,7.4,0.0,United Kingdom
London,GB,2007-12-07,12:00:00,1197003600,8.9,4.8,13.4,39.6,269.0,0.7,0.0,United Kingdom
London,GB,2007-12-08,12:00:00,1197090000,6.3,3.4,11.0,34.2,227.0,7.7,0.0,United Kingdom
London,GB,2007-12-09,12:00:00,1197176400,6.6,4.5,8.9,27.0,253.0,0.9,0.0,United Kingdom
London,GB,2007-12-10,12:00:00,1197262800,5.4,2.7,6.2,30.3,324.0,0.7,0.0,United Kingdom
London,GB,2007-12-11,12:00:00,1197349200,1.3,-1.2,5.0,17.3,319.0,0.0,0.0,United Kingdom
London,GB,2007-12-12,12:00:00,1197435600,0.4,-2.3,2.9,8.4,126.0,0.0,0.0,United Kingdom
London,GB,2007-12-13,12:00:00,1197522000,1.4,-1.8,5.2,9.0,116.0,0.0,0.0,United Kingdom
London,GB,2007-12-14,12:00:00,1197608400,2.8,1.1,4.1,8.6,85.0,0.0,0.0,United Kingdom
London,GB,2007-12-15,12:00:00,1197694800,2.4,0.3,3.4,15.7,89.0,0.0,0.0,United Kingdom
London,GB,2007-12-16,12:00:00,1197781200,0.7,-0.5,3.2,13.8,83.0,0.0,0.0,United Kingdom
London,GB,2007-12-17,12:00:00,1197867600,2.4,-0.1,4.1,27.7,61.0,0.0,0.0,United Kingdom
London,GB,2007-12-18,12:00:00,1197954000,2.6,1.3,4.6,17.2,61.0,0.0,0.0,United Kingdom
London,GB,2007-12-19,12:00:00,1198040400,1.8,-2.5,4.7,14.8,78.0,0.0,0.0,United Kingdom
London,GB,2007-12-20,12:00:00,1198126800,-0.4,-3.4,4.2,13.0,82.0,0.0,0.0,United Kingdom
London,GB,2007-12-21,12:00:00,1198213200,0.8,-0.8,2.9,11.9,97.0,0.0,0.0,United Kingdom
London,GB,2007-12-22,12:00:00,1198299600,2.5,-1.2,7.0,12.2,198.0,0.0,0.0,United Kingdom
London,GB,2007-12-23,12:00:00,1198386000,1.9,-1.7,5.2,10.2,258.0,0.0,0.0,United Kingdom
London,GB,2007-12-24,12:00:00,1198472400,6.5,2.3,8.3,20.6,201.0,0.0,0.0,United Kingdom
London,GB,2007-12-25,12:00:00,1198558800,7.1,2.6,9.0,23.9,218.0,7.0,0.0,United Kingdom
London,GB,2007-12-26,12:00:00,1198645200,5.0,1.1,8.2,18.2,229.0,0.0,0.0,United Kingdom
London,GB,2007-12-27,12:00:00,1198731600,9.7,7.1,11.4,25.9,221.0,0.0,0.0,United Kingdom
London,GB,2007-12-28,12:00:00,1198818000,9.4,8.4,10.0,34.8,209.0,1.4,0.0,United Kingdom
London,GB,2007-12-29,12:00:00,1198904400,7.2,4.9,10.1,35.4,242.0,2.9,0.0,United Kingdom
London,GB,2007-12-30,12:00:00,1198990800,5.3,2.5,7.1,21.7,281.0,0.0,0.0,United Kingdom
London,GB,2007-12-31,12:00:00,1199077200,4.7,2.3,8.4,7.6,219.0,0.0,0.0,United Kingdom
London,GB,2008-01-01,12:00:00,1199163600,5.9,4.4,8.0,8.0,195.0,0.3,0.0,United Kingdom
London,GB,2008-01-02,12:00:00,1199250000,3.6,1.0,6.2,23.0,98.0,0.0,0.0,United Kingdom
London,GB,2008-01-03,12:00:00,1199336400,1.7,0.5,3.1,22.3,84.0,0.0,0.0,United Kingdom
London,GB,2008-01-04,12:00:00,1199422800,5.4,1.6,8.3,29.2,162.0,7.5,0.0,United Kingdom
London,GB,2008-01-05,12:00:00,1199509200,6.4,3.7,8.6,29.1,234.0,1.0,0.0,United Kingdom
London,GB,2008-01-06,12:00:00,1199595600,4.1,0.7,7.8,25.3,218.0,0.0,0.0,United Kingdom
London,GB,2008-01-07,12:00:00,1199682000,7.2,4.7,9.5,37.8,248.0,0.3,0.0,United Kingdom
London,GB,2008-01-08,12:00:00,1199768400,7.4,4.8,10.1,35.6,206.0,0.0,0.0,United Kingdom
London,GB,2008-01-09,12:00:00,1199854800,6.2,4.1,9.0,34.8,227.0,2.3,0.0,United Kingdom
London,GB,2008-01-10,12:00:00,1199941200,9.4,7.7,10.9,38.7,209.0,2.4,0.0,United Kingdom
London,GB,2008-01-11,12:00:00,1200027600,7.0,5.1,9.2,26.3,173.0,15.8,0.0,United Kingdom
London,GB,2008-01-12,12:00:00,1200114000,4.4,1.1,7.2,31.8,260.0,2.9,0.0,United Kingdom
London,GB,2008-01-13,12:00:00,1200200400,8.8,7.2,9.6,32.1,182.0,2.3,0.0,United Kingdom
London,GB,2008-01-14,12:00:00,1200286800,8.0,7.1,9.8,32.8,208.0,1.8,0.0,United Kingdom
London,GB,2008-01-15,12:00:00,1200373200,9.2,6.2,11.4,40.9,205.0,20.7,0.0,United Kingdom
London,GB,2008-01-16,12:00:00,1200459600,4.9,0.9,7.6,27.2,237.0,0.3,0.0,United Kingdom
London,GB,2008-01-17,12:00:00,1200546000,5.7,0.2,10.5,31.7,224.0,2.2,0.0,United Kingdom
London,GB,2008-01-18,12:00:00,1200632400,9.7,5.9,12.9,32.1,237.0,3.2,0.0,United Kingdom
London,GB,2008-01-19,12:00:00,1200718800,12.9,12.5,13.1,31.8,239.0,0.7,0.0,United Kingdom
London,GB,2008-01-20,12:00:00,1200805200,12.2,11.6,12.5,28.8,238.0,0.2,0.0,United Kingdom
London,GB,2008-01-21,12:00:00,1200891600,10.5,9.2,11.5,35.5,240.0,0.6,0.0,United Kingdom
London,GB,2008-01-22,12:00:00,1200978000,5.5,2.6,7.9,31.6,275.0,0.5,0.0,United Kingdom
London,GB,2008-01-23,12:00:00,1201064400,9.8,7.2,11.4,27.3,224.0,0.5,0.0,United Kingdom
London,GB,2008-01-24,12:00:00,1201150800,8.5,3.7,10.7,25.5,253.0,0.1,0.0,United Kingdom
London,GB,2008-01-25,12:00:00,1201237200,6.4,3.6,10.0,31.9,243.0,0.0,0.0,United Kingdom
London,GB,2008-01-26,12:00:00,1201323600,7.1,5.5,9.8,26.4,249.0,0.0,0.0,United Kingdom
London,GB,2008-01-27,12:00:00,1201410000,6.1,3.2,10.3,20.4,260.0,0.0,0.0,United Kingdom
London,GB,2008-01-28,12:00:00,1201496400,3.5,0.2,5.7,12.7,244.0,0.0,0.0,United Kingdom
London,GB,2008-01-29,12:00:00,1201582800,6.6,3.1,10.4,16.9,221.0,0.0,0.0,United Kingdom
London,GB,2008-01-30,12:00:00,1201669200,5.3,2.7,8.4,19.8,289.0,2.5,0.0,United Kingdom
London,GB,2008-01-31,12:00:00,1201755600,6.1,3.0,8.6,45.0,229.0,4.0,0.0,United Kingdom
London,GB,2008-02-01,12:00:00,1201842000,4.2,1.7,6.6,29.0,268.0,0.0,0.0,United Kingdom
London,GB,2008-02-02,12:00:00,1201928400,2.2,-1.6,6.3,24.7,244.0,0.0,0.0,United Kingdom
London,GB,2008-02-03,12:00:00,1202014800,5.5,3.8,6.9,29.8,176.0,0.0,0.0,United Kingdom
London,GB,2008-02-04,12:00:00,1202101200,5.9,1.9,8.6,26.3,217.0,3.4,0.0,United Kingdom
London,GB,2008-02-05,12:00:00,1202187600,9.4,5.7,11.7,38.2,215.0,9.7,0.0,United Kingdom
London,GB,2008-02-06,12:00:00,1202274000,7.0,1.2,8.8,28.3,270.0,0.0,0.0,United Kingdom
London,GB,2008-02-07,12:00:00,1202360400,5.8,-0.0,10.4,19.5,197.0,0.0,0.0,United Kingdom
London,GB,2008-02-08,12:00:00,1202446800,6.2,3.6,10.6,15.9,174.0,0.0,0.0,United Kingdom
London,GB,2008-02-09,12:00:00,1202533200,5.6,1.5,11.9,13.1,166.0,0.0,0.0,United Kingdom
London,GB,2008-02-10,12:00:00,1202619600,4.4,-0.5,11.6,10.0,106.0,0.0,0.0,United Kingdom
London,GB,2008-02-11,12:00:00,1202706000,3.7,-1.2,10.7,10.1,101.0,0.0,0.0,United Kingdom
London,GB,2008-02-12,12:00:00,1202792400,4.5,-0.1,11.6,8.4,74.0,0.0,0.0,United Kingdom
London,GB,2008-02-13,12:00:00,1202878800,2.7,-0.7,6.6,13.7,45.0,0.0,0.0,United Kingdom
London,GB,2008-02-14,12:00:00,1202965200,3.4,2.7,4.5,16.2,56.0,0.0,0.0,United Kingdom
London,GB,2008-02-15,12:00:00,1203051600,4.0,2.4,5.1,21.1,64.0,0.0,0.0,United Kingdom
London,GB,2008-02-16,12:00:00,1203138000,1.2,-2.1,4.3,16.6,80.0,0.0,0.0,United Kingdom
London,GB,2008-02-17,12:00:00,1203224400,0.6,-3.6,6.8,9.0,79.0,0.0,0.0,United Kingdom
London,GB,2008-02-18,12:00:00,1203310800,0.5,-3.1,6.1,10.5,78.0,0.0,0.0,United Kingdom
London,GB,2008-02-19,12:00:00,1203397200,1.2,-3.2,7.3,13.9,78.0,0.0,0.0,United Kingdom
London,GB,2008-02-20,12:00:00,1203483600,2.4,-1.8,7.9,11.3,259.0,0.0,0.0,United Kingdom
London,GB,2008-02-21,12:00:00,1203570000,7.4,3.5,10.7,26.1,241.0,0.0,0.0,United Kingdom
London,GB,2008-02-22,12:00:00,1203656400,10.3,8.9,12.5,37.0,247.0,0.0,0.0,United Kingdom
London,GB,2008-02-23,12:00:00,1203742800,8.6,5.9,11.1,24.5,225.0,0.0,0.0,United Kingdom
London,GB,2008-02-24,12:00:00,1203829200,9.3,7.0,13.0,20.3,219.0,0.1,0.0,United Kingdom
London,GB,2008-02-25,12:00:00,1203915600,5.5,-0.7,9.6,28.6,208.0,0.0,0.0,United Kingdom
London,GB,2008-02-26,12:00:00,1204002000,9.8,5.7,11.7,35.1,239.0,3.4,0.0,United Kingdom
London,GB,2008-02-27,12:00:00,1204088400,6.8,3.3,10.6,16.5,251.0,0.0,0.0,United Kingdom
London,GB,2008-02-28,12:00:00,1204174800,6.5,3.7,9.1,7.0,50.0,0.0,0.0,United Kingdom
London,GB,2008-02-29,12:00:00,1204261200,6.0,0.6,10.4,37.9,236.0,2.1,0.0,United Kingdom
London,GB,2008-03-01,12:00:00,1204347600,9.6,7.3,11.4,42.4,273.0,0.4,0.0,United Kingdom
London,GB,2008-03-02,12:00:00,1204434000,10.1,7.1,11.2,36.6,266.0,0.0,0.0,United Kingdom
London,GB,2008-03-03,12:00:00,1204520400,5.1,0.8,8.3,24.8,262.0,0.9,0.0,United Kingdom
London,GB,2008-03-04,12:00:00,1204606800,3.1,-0.1,7.9,25.1,346.0,0.3,0.0,United Kingdom
London,GB,2008-03-05,12:00:00,1204693200,3.1,-2.8,8.3,16.9,285.0,0.0,0.0,United Kingdom
London,GB,2008-03-06,12:00:00,1204779600,7.3,3.2,11.5,21.1,261.0,0.0,0.0,United Kingdom
London,GB,2008-03-07,12:00:00,1204866000,7.4,4.6,10.6,25.7,240.0,0.9,0.0,United Kingdom
London,GB,2008-03-08,12:00:00,1204952400,6.9,2.9,10.0,33.5,216.0,1.6,0.0,United Kingdom
London,GB,2008-03-09,12:00:00,1205038800,7.4,4.1,10.1,24.5,232.0,3.0,0.0,United Kingdom
London,GB,2008-03-10,12:00:00,1205125200,6.5,3.9,8.9,47.8,201.0,14.7,0.0,United Kingdom
London,GB,2008-03-11,12:00:00,1205211600,8.1,4.6,12.0,37.6,249.0,2.0,0.0,United Kingdom
London,GB,2008-03-12,12:00:00,1205298000,7.6,5.4,10.1,42.1,262.0,0.2,0.0,United Kingdom
London,GB,2008-03-13,12:00:00,1205384400,7.1,4.6,10.3,24.0,237.0,2.7,0.0,United Kingdom
London,GB,2008-03-14,12:00:00,1205470800,8.3,5.8,11.7,13.4,246.0,0.2,0.0,United Kingdom
London,GB,2008-03-15,12:00:00,1205557200,10.3,8.6,13.6,18.4,124.0,4.8,0.0,United Kingdom
London,GB,2008-03-16,12:00:00,1205643600,7.7,5.3,9.3,31.9,21.0,17.9,0.0,United Kingdom
London,GB,2008-03-17,12:00:00,1205730000,5.2,1.8,7.6,18.3,18.0,0.0,0.0,United Kingdom
London,GB,2008-03-18,12:00:00,1205816400,3.3,-0.7,7.3,17.8,355.0,0.0,0.0,United Kingdom
London,GB,2008-03-19,12:00:00,1205902800,3.7,0.6,7.7,24.3,344.0,0.2,0.0,United Kingdom
London,GB,2008-03-20,12:00:00,1205989200,4.8,-0.5,8.8,31.3,266.0,2.2,0.0,United Kingdom
London,GB,2008-03-21,12:00:00,1206075600,6.3,3.2,9.1,34.4,307.0,2.6,0.0,United Kingdom
London,GB,2008-03-22,12:00:00,1206162000,3.2,0.4,6.4,41.8,350.0,1.9,0.42,United Kingdom
London,GB,2008-03-23,12:00:00,1206248400,1.3,-1.6,5.2,25.6,310.0,4.5,1.47,United Kingdom
London,GB,2008-03-24,12:00:00,1206334800,2.1,-2.1,6.9,15.9,309.0,1.6,0.0,United Kingdom
London,GB,2008-03-25,12:00:00,1206421200,2.9,-2.2,6.8,22.7,293.0,0.0,0.0,United Kingdom
London,GB,2008-03-26,12:00:00,1206507600,5.7,1.1,10.5,9.7,248.0,6.4,0.0,United Kingdom
London,GB,2008-03-27,12:00:00,1206594000,6.2,2.5,9.9,11.7,295.0,3.2,0.0,United Kingdom
London,GB,2008-03-28,12:00:00,1206680400,6.5,1.6,9.6,32.6,211.0,3.5,0.0,United Kingdom
London,GB,2008-03-29,12:00:00,1206766800,7.9,4.4,11.3,33.7,209.0,5.0,0.0,United Kingdom
London,GB,2008-03-30,12:00:00,1206853200,9.5,6.2,12.8,34.3,215.0,2.6,0.0,United Kingdom
London,GB,2008-03-31,12:00:00,1206939600,7.6,2.4,12.3,13.2,168.0,0.0,0.0,United Kingdom
London,GB,2008-04-01,12:00:00,1207026000,9.9,5.0,14.6,31.3,243.0,0.8,0.0,United Kingdom
London,GB,2008-04-02,12:00:00,1207112400,9.6,6.3,12.0,19.1,289.0,0.1,0.0,United Kingdom
London,GB,2008-04-03,12:00:00,1207198800,11.2,6.1,14.8,13.9,343.0,0.0,0.0,United Kingdom
London,GB,2008-04-04,12:00:00,1207285200,11.9,8.9,15.9,16.1,260.0,0.1,0.0,United Kingdom
London,GB,2008-04-05,12:00:00,1207371600,7.7,3.8,10.4,24.1,333.0,3.1,0.0,United Kingdom
London,GB,2008-04-06,12:00:00,1207458000,2.4,0.2,5.1,18.6,344.0,2.8,1.89,United Kingdom
London,GB,2008-04-07,12:00:00,1207544400,3.4,-0.0,8.2,17.4,275.0,1.3,0.14,United Kingdom
London,GB,2008-04-08,12:00:00,1207630800,3.8,-2.5,9.4,10.7,218.0,0.7,0.0,United Kingdom
London,GB,2008-04-09,12:00:00,1207717200,4.9,-1.4,10.4,9.2,266.0,0.0,0.0,United Kingdom
London,GB,2008-04-10,12:00:00,1207803600,5.6,-0.8,11.2,15.3,223.0,0.1,0.0,United Kingdom
London,GB,2008-04-11,12:00:00,1207890000,7.0,2.7,11.1,29.3,217.0,1.4,0.0,United Kingdom
London,GB,2008-04-12,12:00:00,1207976400,7.8,4.1,11.9,26.5,233.0,2.2,0.0,United Kingdom
London,GB,2008-04-13,12:00:00,1208062800,6.9,1.7,11.6,14.7,228.0,4.2,0.0,United Kingdom
London,GB,2008-04-14,12:00:00,1208149200,6.5,2.7,11.1,16.3,326.0,2.6,0.0,United Kingdom
London,GB,2008-04-15,12:00:00,1208235600,5.8,-0.7,11.1,11.4,280.0,0.1,0.0,United Kingdom
London,GB,2008-04-16,12:00:00,1208322000,6.4,2.1,10.4,16.2,107.0,0.5,0.0,United Kingdom
London,GB,2008-04-17,12:00:00,1208408400,5.9,3.3,8.9,28.1,73.0,0.0,0.0,United Kingdom
London,GB,2008-04-18,12:00:00,1208494800,7.5,4.6,9.5,33.6,68.0,0.0,0.0,United Kingdom
London,GB,2008-04-19,12:00:00,1208581200,7.6,6.5,9.1,26.3,64.0,3.0,0.0,United Kingdom
London,GB,2008-04-20,12:00:00,1208667600,10.3,7.1,14.9,22.4,57.0,2.6,0.0,United Kingdom
London,GB,2008-04-21,12:00:00,1208754000,10.5,7.8,14.1,27.1,43.0,5.7,0.0,United Kingdom
London,GB,2008-04-22,12:00:00,1208840400,10.5,6.0,15.7,15.1,54.0,0.0,0.0,United Kingdom
London,GB,2008-04-23,12:00:00,1208926800,10.0,5.0,15.7,14.6,235.0,2.1,0.0,United Kingdom
London,GB,2008-04-24,12:00:00,1209013200,10.1,5.8,14.6,25.4,224.0,3.1,0.0,United Kingdom
London,GB,2008-04-25,12:00:00,1209099600,10.7,6.5,14.4,16.9,237.0,0.0,0.0,United Kingdom
London,GB,2008-04-26,12:00:00,1209186000,13.5,8.0,18.4,19.6,195.0,0.0,0.0,United Kingdom
London,GB,2008-04-27,12:00:00,1209272400,13.9,11.1,18.6,22.6,189.0,0.0,0.0,United Kingdom
London,GB,2008-04-28,12:00:00,1209358800,10.8,7.5,13.7,23.1,224.0,0.8,0.0,United Kingdom
London,GB,2008-04-29,12:00:00,1209445200,8.8,4.6,12.4,21.7,159.0,8.4,0.0,United Kingdom
London,GB,2008-04-30,12:00:00,1209531600,8.3,6.2,11.1,23.5,199.0,8.4,0.0,United Kingdom
London,GB,2008-05-01,12:00:00,1209618000,9.8,6.2,13.3,21.6,219.0,2.6,0.0,United Kingdom
London,GB,2008-05-02,12:00:00,1209704400,10.2,3.9,15.2,14.2,203.0,1.4,0.0,United Kingdom
London,GB,2008-05-03,12:00:00,1209790800,12.7,5.1,18.7,17.5,127.0,0.0,0.0,United Kingdom
London,GB,2008-05-04,12:00:00,1209877200,16.0,11.6,20.7,15.5,119.0,0.0,0.0,United Kingdom
London,GB,2008-05-05,12:00:00,1209963600,15.6,11.7,20.1,14.5,61.0,0.0,0.0,United Kingdom
London,GB,2008-05-06,12:00:00,1210050000,15.0,9.3,20.1,20.9,81.0,0.0,0.0,United Kingdom
London,GB,2008-05-07,12:00:00,1210136400,16.4,10.9,22.0,18.1,84.0,0.0,0.0,United Kingdom
London,GB,2008-05-08,12:00:00,1210222800,17.4,12.3,22.3,20.9,94.0,0.0,0.0,United Kingdom
London,GB,2008-05-09,12:00:00,1210309200,17.7,11.3,23.6,13.7,108.0,0.2,0.0,United Kingdom
London,GB,2008-05-10,12:00:00,1210395600,18.4,12.6,24.3,7.7,351.0,0.1,0.0,United Kingdom
London,GB,2008-05-11,12:00:00,1210482000,17.6,10.8,23.9,15.4,61.0,0.0,0.0,United Kingdom
London,GB,2008-05-12,12:00:00,1210568400,16.7,10.3,22.6,19.1,49.0,0.0,0.0,United Kingdom
London,GB,2008-05-13,12:00:00,1210654800,15.2,10.8,20.1,22.6,40.0,0.0,0.0,United Kingdom
London,GB,2008-05-14,12:00:00,1210741200,14.5,9.8,20.0,23.9,43.0,0.0,0.0,United Kingdom
London,GB,2008-05-15,12:00:00,1210827600,12.7,9.7,16.6,17.0,43.0,7.8,0.0,United Kingdom
London,GB,2008-05-16,12:00:00,1210914000,12.1,10.2,14.3,12.7,53.0,0.5,0.0,United Kingdom
London,GB,2008-05-17,12:00:00,1211000400,10.9,9.1,12.2,16.0,53.0,4.7,0.0,United Kingdom
London,GB,2008-05-18,12:00:00,1211086800,10.7,8.0,13.8,21.2,44.0,0.0,0.0,United Kingdom
London,GB,2008-05-19,12:00:00,1211173200,9.2,4.3,12.9,18.2,44.0,0.0,0.0,United Kingdom
London,GB,2008-05-20,12:00:00,1211259600,9.8,5.0,13.1,16.3,67.0,0.0,0.0,United Kingdom
London,GB,2008-05-21,12:00:00,1211346000,11.9,6.2,16.7,15.8,86.0,0.0,0.0,United Kingdom
London,GB,2008-05-22,12:00:00,1211432400,14.5,9.2,19.2,13.8,105.0,0.0,0.0,United Kingdom
London,GB,2008-05-23,12:00:00,1211518800,15.2,10.4,19.3,17.1,89.0,0.4,0.0,United Kingdom
London,GB,2008-05-24,12:00:00,1211605200,15.6,12.0,19.2,29.7,51.0,0.3,0.0,United Kingdom
London,GB,2008-05-25,12:00:00,1211691600,13.9,12.2,17.7,28.0,48.0,20.2,0.0,United Kingdom
London,GB,2008-05-26,12:00:00,1211778000,12.3,11.1,13.8,33.8,53.0,26.7,0.0,United Kingdom
London,GB,2008-05-27,12:00:00,1211864400,14.2,10.4,18.7,19.8,44.0,3.4,0.0,United Kingdom
London,GB,2008-05-28,12:00:00,1211950800,14.9,12.7,16.8,25.5,146.0,7.1,0.0,United Kingdom
London,GB,2008-05-29,12:00:00,1212037200,14.7,10.2,20.0,14.9,77.0,3.4,0.0,United Kingdom
London,GB,2008-05-30,12:00:00,1212123600,15.2,11.8,18.3,13.8,347.0,0.0,0.0,United Kingdom
London,GB,2008-05-31,12:00:00,1212210000,16.6,12.3,20.5,11.4,7.0,0.4,0.0,United Kingdom
London,GB,2008-06-01,12:00:00,1212296400,15.0,11.4,18.1,10.8,26.0,0.0,0.0,United Kingdom
London,GB,2008-06-02,12:00:00,1212382800,15.7,12.2,20.1,15.1,80.0,3.5,0.0,United Kingdom
London,GB,2008-06-03,12:00:00,1212469200,14.2,12.7,15.7,16.1,309.0,8.4,0.0,United Kingdom
London,GB,2008-06-04,12:00:00,1212555600,14.8,11.6,18.3,12.4,258.0,1.2,0.0,United Kingdom
London,GB,2008-06-05,12:00:00,1212642000,14.7,8.8,19.7,12.0,244.0,0.0,0.0,United Kingdom
London,GB,2008-06-06,12:00:00,1212728400,13.7,9.9,16.6,12.9,305.0,0.6,0.0,United Kingdom
London,GB,2008-06-07,12:00:00,1212814800,14.8,10.7,18.3,16.4,329.0,0.3,0.0,United Kingdom
London,GB,2008-06-08,12:00:00,1212901200,17.6,12.3,22.4,15.8,9.0,0.0,0.0,United Kingdom
London,GB,2008-06-09,12:00:00,1212987600,18.2,10.6,23.5,9.0,353.0,0.0,0.0,United Kingdom
London,GB,2008-06-10,12:00:00,1213074000,17.6,13.0,21.3,15.6,331.0,0.0,0.0,United Kingdom
London,GB,2008-06-11,12:00:00,1213160400,14.9,10.8,17.8,20.0,315.0,0.0,0.0,United Kingdom
London,GB,2008-06-12,12:00:00,1213246800,12.8,10.6,14.9,18.1,352.0,12.8,0.0,United Kingdom
London,GB,2008-06-13,12:00:00,1213333200,12.7,9.5,15.9,15.7,286.0,0.0,0.0,United Kingdom
London,GB,2008-06-14,12:00:00,1213419600,13.2,8.9,16.7,14.6,282.0,0.1,0.0,United Kingdom
London,GB,2008-06-15,12:00:00,1213506000,12.9,8.4,16.3,13.0,323.0,0.4,0.0,United Kingdom
London,GB,2008-06-16,12:00:00,1213592400,12.8,7.3,16.2,10.0,77.0,0.1,0.0,United Kingdom
London,GB,2008-06-17,12:00:00,1213678800,14.1,9.1,18.1,20.5,215.0,0.5,0.0,United Kingdom
London,GB,2008-06-18,12:00:00,1213765200,14.4,11.2,17.0,29.1,214.0,0.8,0.0,United Kingdom
London,GB,2008-06-19,12:00:00,1213851600,15.9,13.1,18.8,31.0,241.0,0.2,0.0,United Kingdom
London,GB,2008-06-20,12:00:00,1213938000,14.8,10.3,19.0,20.1,241.0,0.9,0.0,United Kingdom
London,GB,2008-06-21,12:00:00,1214024400,16.1,12.5,20.0,23.1,188.0,0.4,0.0,United Kingdom
London,GB,2008-06-22,12:00:00,1214110800,17.2,12.9,19.7,31.3,231.0,1.5,0.0,United Kingdom
London,GB,2008-06-23,12:00:00,1214197200,15.3,10.9,19.5,23.8,270.0,0.0,0.0,United Kingdom
London,GB,2008-06-24,12:00:00,1214283600,16.1,10.7,20.3,16.9,110.0,0.0,0.0,United Kingdom
London,GB,2008-06-25,12:00:00,1214370000,16.8,12.4,21.0,27.6,243.0,0.2,0.0,United Kingdom
London,GB,2008-06-26,12:00:00,1214456400,15.6,10.6,20.2,29.6,236.0,0.6,0.0,United Kingdom
London,GB,2008-06-27,12:00:00,1214542800,16.7,13.7,19.4,29.5,246.0,2.0,0.0,United Kingdom
London,GB,2008-06-28,12:00:00,1214629200,18.1,14.9,21.2,21.9,252.0,0.2,0.0,United Kingdom
London,GB,2008-06-29,12:00:00,1214715600,16.2,11.6,20.0,23.5,247.0,0.1,0.0,United Kingdom
London,GB,2008-06-30,12:00:00,1214802000,15.7,10.0,19.7,14.4,242.0,0.0,0.0,United Kingdom
London,GB,2008-07-01,12:00:00,1214888400,18.3,9.3,24.9,21.0,168.0,0.1,0.0,United Kingdom
London,GB,2008-07-02,12:00:00,1214974800,16.3,13.6,18.7,13.9,213.0,2.5,0.0,United Kingdom
London,GB,2008-07-03,12:00:00,1215061200,15.3,10.0,19.3,19.9,218.0,2.5,0.0,United Kingdom
London,GB,2008-07-04,12:00:00,1215147600,15.4,8.5,20.1,16.9,174.0,0.7,0.0,United Kingdom
London,GB,2008-07-05,12:00:00,1215234000,17.3,15.5,20.1,27.9,181.0,1.6,0.0,United Kingdom
London,GB,2008-07-06,12:00:00,1215320400,15.7,14.1,18.3,32.4,199.0,3.7,0.0,United Kingdom
London,GB,2008-07-07,12:00:00,1215406800,15.3,12.7,19.0,26.4,228.0,9.0,0.0,United Kingdom
London,GB,2008-07-08,12:00:00,1215493200,15.4,12.3,18.0,26.3,252.0,0.3,0.0,United Kingdom
London,GB,2008-07-09,12:00:00,1215579600,14.3,12.0,16.2,25.8,208.0,21.9,0.0,United Kingdom
London,GB,2008-07-10,12:00:00,1215666000,16.8,13.8,19.5,27.7,224.0,0.3,0.0,United Kingdom
London,GB,2008-07-11,12:00:00,1215752400,15.5,13.1,19.3,24.8,232.0,5.0,0.0,United Kingdom
London,GB,2008-07-12,12:00:00,1215838800,13.7,9.9,17.0,21.0,279.0,0.1,0.0,United Kingdom
London,GB,2008-07-13,12:00:00,1215925200,14.6,9.2,18.5,12.5,269.0,0.1,0.0,United Kingdom
London,GB,2008-07-14,12:00:00,1216011600,17.0,11.4,21.3,18.1,246.0,0.0,0.0,United Kingdom
London,GB,2008-07-15,12:00:00,1216098000,19.4,16.2,23.5,21.2,251.0,0.3,0.0,United Kingdom
London,GB,2008-07-16,12:00:00,1216184400,17.3,14.6,20.0,18.5,294.0,0.0,0.0,United Kingdom
London,GB,2008-07-17,12:00:00,1216270800,15.6,13.2,18.1,21.2,263.0,1.0,0.0,United Kingdom
London,GB,2008-07-18,12:00:00,1216357200,16.3,12.9,19.4,21.5,244.0,1.4,0.0,United Kingdom
London,GB,2008-07-19,12:00:00,1216443600,17.1,14.4,19.3,26.4,265.0,0.3,0.0,United Kingdom
London,GB,2008-07-20,12:00:00,1216530000,14.3,10.7,17.3,24.8,306.0,0.1,0.0,United Kingdom
London,GB,2008-07-21,12:00:00,1216616400,14.9,10.6,19.5,19.6,310.0,0.0,0.0,United Kingdom
London,GB,2008-07-22,12:00:00,1216702800,16.6,9.3,21.2,12.0,302.0,0.0,0.0,United Kingdom
London,GB,2008-07-23,12:00:00,1216789200,19.4,15.0,24.0,15.6,86.0,0.0,0.0,United Kingdom
London,GB,2008-07-24,12:00:00,1216875600,19.6,14.8,24.7,20.9,92.0,0.0,0.0,United Kingdom
London,GB,2008-07-25,12:00:00,1216962000,20.1,16.1,23.9,16.9,159.0,0.0,0.0,United Kingdom
London,GB,2008-07-26,12:00:00,1217048400,20.2,15.4,24.0,9.6,274.0,0.0,0.0,United Kingdom
London,GB,2008-07-27,12:00:00,1217134800,21.5,15.6,26.4,8.2,245.0,0.3,0.0,United Kingdom
London,GB,2008-07-28,12:00:00,1217221200,21.1,15.6,26.4,15.7,96.0,3.4,0.0,United Kingdom
London,GB,2008-07-29,12:00:00,1217307600,18.6,15.1,21.6,25.8,198.0,8.0,0.0,United Kingdom
London,GB,2008-07-30,12:00:00,1217394000,19.3,13.8,24.4,16.6,169.0,0.0,0.0,United Kingdom
London,GB,2008-07-31,12:00:00,1217480400,20.4,15.4,26.6,15.7,142.0,7.4,0.0,United Kingdom
London,GB,2008-08-01,12:00:00,1217566800,18.1,14.7,20.6,27.9,217.0,2.0,0.0,United Kingdom
London,GB,2008-08-02,12:00:00,1217653200,17.9,16.1,21.4,18.9,218.0,0.3,0.0,United Kingdom
London,GB,2008-08-03,12:00:00,1217739600,17.2,14.2,20.5,20.7,231.0,9.8,0.0,United Kingdom
London,GB,2008-08-04,12:00:00,1217826000,16.3,11.7,20.2,22.8,257.0,1.6,0.0,United Kingdom
London,GB,2008-08-05,12:00:00,1217912400,15.9,12.6,18.4,23.9,208.0,5.5,0.0,United Kingdom
London,GB,2008-08-06,12:00:00,1217998800,19.4,16.0,23.2,17.3,205.0,1.9,0.0,United Kingdom
London,GB,2008-08-07,12:00:00,1218085200,18.4,15.4,22.1,15.8,236.0,1.7,0.0,United Kingdom
London,GB,2008-08-08,12:00:00,1218171600,17.0,14.9,19.4,18.6,321.0,1.2,0.0,United Kingdom
London,GB,2008-08-09,12:00:00,1218258000,15.7,13.3,17.5,28.4,214.0,4.1,0.0,United Kingdom
London,GB,2008-08-10,12:00:00,1218344400,17.6,15.8,19.9,31.0,232.0,0.2,0.0,United Kingdom
London,GB,2008-08-11,12:00:00,1218430800,16.3,14.2,19.2,20.5,221.0,0.0,0.0,United Kingdom
London,GB,2008-08-12,12:00:00,1218517200,15.9,13.2,19.5,33.7,210.0,8.1,0.0,United Kingdom
London,GB,2008-08-13,12:00:00,1218603600,14.7,11.8,17.5,40.0,227.0,5.2,0.0,United Kingdom
London,GB,2008-08-14,12:00:00,1218690000,14.7,10.8,18.6,21.7,232.0,0.9,0.0,United Kingdom
London,GB,2008-08-15,12:00:00,1218776400,14.8,9.0,19.7,14.6,243.0,0.0,0.0,United Kingdom
London,GB,2008-08-16,12:00:00,1218862800,15.9,11.9,19.3,22.7,167.0,0.4,0.0,United Kingdom
London,GB,2008-08-17,12:00:00,1218949200,16.6,14.4,19.2,21.3,210.0,5.2,0.0,United Kingdom
London,GB,2008-08-18,12:00:00,1219035600,16.4,13.8,19.6,29.2,195.0,3.7,0.0,United Kingdom
London,GB,2008-08-19,12:00:00,1219122000,16.5,14.3,19.3,31.8,225.0,2.3,0.0,United Kingdom
London,GB,2008-08-20,12:00:00,1219208400,16.7,13.7,20.1,24.7,235.0,0.0,0.0,United Kingdom
London,GB,2008-08-21,12:00:00,1219294800,17.1,14.3,20.4,18.4,234.0,0.0,0.0,United Kingdom
London,GB,2008-08-22,12:00:00,1219381200,15.3,12.4,18.7,18.1,312.0,1.0,0.0,United Kingdom
London,GB,2008-08-23,12:00:00,1219467600,14.6,10.1,18.9,14.9,266.0,0.9,0.0,United Kingdom
London,GB,2008-08-24,12:00:00,1219554000,16.2,13.3,20.6,20.9,221.0,1.4,0.0,United Kingdom
London,GB,2008-08-25,12:00:00,1219640400,16.9,12.6,20.7,25.4,229.0,0.0,0.0,United Kingdom
London,GB,2008-08-26,12:00:00,1219726800,17.7,15.8,20.4,20.0,241.0,0.0,0.0,United Kingdom
London,GB,2008-08-27,12:00:00,1219813200,17.3,14.3,20.5,21.3,257.0,0.0,0.0,United Kingdom
London,GB,2008-08-28,12:00:00,1219899600,18.3,15.6,21.4,13.4,262.0,0.0,0.0,United Kingdom
London,GB,2008-08-29,12:00:00,1219986000,19.0,15.7,22.0,7.9,166.0,0.1,0.0,United Kingdom
London,GB,2008-08-30,12:00:00,1220072400,19.3,16.4,23.3,18.2,109.0,0.0,0.0,United Kingdom
London,GB,2008-08-31,12:00:00,1220158800,17.2,14.1,21.4,18.0,229.0,7.9,0.0,United Kingdom
London,GB,2008-09-01,12:00:00,1220245200,15.7,11.5,19.5,28.6,223.0,1.0,0.0,United Kingdom
London,GB,2008-09-02,12:00:00,1220331600,15.6,13.8,17.7,26.6,216.0,7.3,0.0,United Kingdom
London,GB,2008-09-03,12:00:00,1220418000,14.3,11.1,17.2,29.8,229.0,0.0,0.0,United Kingdom
London,GB,2008-09-04,12:00:00,1220504400,14.3,12.8,16.5,25.7,216.0,5.0,0.0,United Kingdom
London,GB,2008-09-05,12:00:00,1220590800,14.7,13.1,16.2,26.3,159.0,19.2,0.0,United Kingdom
London,GB,2008-09-06,12:00:00,1220677200,14.7,13.4,16.8,29.9,203.0,5.3,0.0,United Kingdom
London,GB,2008-09-07,12:00:00,1220763600,14.6,13.2,17.3,20.9,267.0,0.5,0.0,United Kingdom
London,GB,2008-09-08,12:00:00,1220850000,14.1,11.7,16.4,14.3,228.0,0.0,0.0,United Kingdom
London,GB,2008-09-09,12:00:00,1220936400,15.8,11.7,20.6,20.8,172.0,3.9,0.0,United Kingdom
London,GB,2008-09-10,12:00:00,1221022800,15.9,12.4,18.6,28.3,205.0,0.9,0.0,United Kingdom
London,GB,2008-09-11,12:00:00,1221109200,16.6,12.9,17.5,24.0,197.0,3.3,0.0,United Kingdom
London,GB,2008-09-12,12:00:00,1221195600,13.0,10.3,16.4,10.0,266.0,3.2,0.0,United Kingdom
London,GB,2008-09-13,12:00:00,1221282000,12.9,8.5,17.1,7.3,348.0,0.0,0.0,United Kingdom
London,GB,2008-09-14,12:00:00,1221368400,13.2,10.7,16.0,13.5,62.0,0.0,0.0,United Kingdom
London,GB,2008-09-15,12:00:00,1221454800,13.0,9.7,16.4,12.6,78.0,0.0,0.0,United Kingdom
London,GB,2008-09-16,12:00:00,1221541200,13.1,10.7,15.4,10.6,89.0,0.0,0.0,United Kingdom
London,GB,2008-09-17,12:00:00,1221627600,13.4,10.8,16.5,12.0,70.0,0.0,0.0,United Kingdom
London,GB,2008-09-18,12:00:00,1221714000,12.8,9.3,16.8,13.6,67.0,0.0,0.0,United Kingdom
London,GB,2008-09-19,12:00:00,1221800400,12.1,7.4,17.7,8.2,34.0,0.2,0.0,United Kingdom
London,GB,2008-09-20,12:00:00,1221886800,12.9,9.1,18.0,11.9,98.0,0.0,0.0,United Kingdom
London,GB,2008-09-21,12:00:00,1221973200,12.3,7.3,17.1,13.7,80.0,0.0,0.0,United Kingdom
London,GB,2008-09-22,12:00:00,1222059600,12.5,8.2,17.8,19.8,13.0,0.6,0.0,United Kingdom
London,GB,2008-09-23,12:00:00,1222146000,12.9,10.5,15.9,24.5,13.0,0.0,0.0,United Kingdom
London,GB,2008-09-24,12:00:00,1222232400,14.3,12.8,16.4,24.3,29.0,0.0,0.0,United Kingdom
London,GB,2008-09-25,12:00:00,1222318800,14.5,11.7,17.9,15.9,43.0,0.0,0.0,United Kingdom
London,GB,2008-09-26,12:00:00,1222405200,13.6,9.8,17.5,17.3,71.0,0.0,0.0,United Kingdom
London,GB,2008-09-27,12:00:00,1222491600,12.1,8.4,17.1,7.9,29.0,0.0,0.0,United Kingdom
London,GB,2008-09-28,12:00:00,1222578000,11.8,6.3,17.0,9.0,323.0,0.0,0.0,United Kingdom
London,GB,2008-09-29,12:00:00,1222664400,12.1,8.9,15.2,19.8,283.0,0.0,0.0,United Kingdom
London,GB,2008-09-30,12:00:00,1222750800,12.8,11.2,14.1,27.2,251.0,1.4,0.0,United Kingdom
London,GB,2008-10-01,12:00:00,1222837200,12.5,9.1,14.2,31.7,264.0,0.3,0.0,United Kingdom
London,GB,2008-10-02,12:00:00,1222923600,9.2,6.5,12.6,21.6,271.0,0.2,0.0,United Kingdom
London,GB,2008-10-03,12:00:00,1223010000,8.1,5.6,11.4,27.4,320.0,0.4,0.0,United Kingdom
London,GB,2008-10-04,12:00:00,1223096400,8.8,2.7,13.1,34.3,220.0,2.2,0.0,United Kingdom
London,GB,2008-10-05,12:00:00,1223182800,12.7,8.4,14.9,31.3,231.0,11.4,0.0,United Kingdom
London,GB,2008-10-06,12:00:00,1223269200,10.5,6.1,14.7,14.1,168.0,0.0,0.0,United Kingdom
London,GB,2008-10-07,12:00:00,1223355600,14.4,11.1,17.4,32.4,190.0,5.5,0.0,United Kingdom
London,GB,2008-10-08,12:00:00,1223442000,11.3,6.9,15.6,17.0,286.0,0.0,0.0,United Kingdom
London,GB,2008-10-09,12:00:00,1223528400,11.3,5.8,16.2,13.5,220.0,0.0,0.0,United Kingdom
London,GB,2008-10-10,12:00:00,1223614800,12.8,10.1,16.8,21.9,207.0,0.0,0.0,United Kingdom
London,GB,2008-10-11,12:00:00,1223701200,12.5,8.5,17.7,16.3,210.0,0.0,0.0,United Kingdom
London,GB,2008-10-12,12:00:00,1223787600,13.2,8.6,19.3,12.4,170.0,0.0,0.0,United Kingdom
London,GB,2008-10-13,12:00:00,1223874000,14.9,12.4,17.2,16.2,234.0,0.0,0.0,United Kingdom
London,GB,2008-10-14,12:00:00,1223960400,13.0,10.3,15.7,16.5,224.0,0.2,0.0,United Kingdom
London,GB,2008-10-15,12:00:00,1224046800,13.8,10.5,16.3,19.8,237.0,1.5,0.0,United Kingdom
London,GB,2008-10-16,12:00:00,1224133200,10.1,7.1,12.8,19.7,281.0,0.0,0.0,United Kingdom
London,GB,2008-10-17,12:00:00,1224219600,8.6,4.0,12.9,12.6,263.0,0.0,0.0,United Kingdom
London,GB,2008-10-18,12:00:00,1224306000,10.1,6.3,14.2,20.1,243.0,0.0,0.0,United Kingdom
London,GB,2008-10-19,12:00:00,1224392400,11.0,7.3,14.4,25.6,217.0,0.0,0.0,United Kingdom
London,GB,2008-10-20,12:00:00,1224478800,13.0,9.5,15.9,33.0,218.0,8.1,0.0,United Kingdom
London,GB,2008-10-21,12:00:00,1224565200,9.3,5.3,12.1,19.1,252.0,0.4,0.0,United Kingdom
London,GB,2008-10-22,12:00:00,1224651600,7.5,3.9,12.6,15.5,241.0,0.1,0.0,United Kingdom
London,GB,2008-10-23,12:00:00,1224738000,10.9,5.1,13.9,33.1,211.0,1.4,0.0,United Kingdom
London,GB,2008-10-24,12:00:00,1224824400,11.1,4.7,13.2,27.7,248.0,0.4,0.0,United Kingdom
London,GB,2008-10-25,12:00:00,1224910800,8.6,1.9,13.8,28.4,212.0,0.0,0.0,United Kingdom
London,GB,2008-10-26,12:00:00,1224997200,12.8,8.2,14.3,28.4,235.0,5.2,0.0,United Kingdom
London,GB,2008-10-27,12:00:00,1225083600,6.8,3.2,9.7,16.6,277.0,0.0,0.0,United Kingdom
London,GB,2008-10-28,12:00:00,1225170000,4.0,0.4,8.1,17.5,302.0,2.6,0.0,United Kingdom
London,GB,2008-10-29,12:00:00,1225256400,2.5,-1.5,6.5,19.8,357.0,1.4,0.14,United Kingdom
London,GB,2008-10-30,12:00:00,1225342800,4.1,0.9,7.3,20.2,69.0,0.0,0.0,United Kingdom
London,GB,2008-10-31,12:00:00,1225429200,4.4,2.0,8.0,17.7,12.0,0.0,0.0,United Kingdom
London,GB,2008-11-01,12:00:00,1225515600,6.0,2.1,9.1,28.5,27.0,14.0,0.0,United Kingdom
London,GB,2008-11-02,12:00:00,1225602000,8.6,4.9,11.2,10.9,29.0,0.1,0.0,United Kingdom
London,GB,2008-11-03,12:00:00,1225688400,9.3,6.7,11.1,23.7,29.0,0.0,0.0,United Kingdom
London,GB,2008-11-04,12:00:00,1225774800,10.1,7.9,12.8,12.6,63.0,0.0,0.0,United Kingdom
London,GB,2008-11-05,12:00:00,1225861200,9.7,8.4,11.3,19.1,11.0,0.1,0.0,United Kingdom
London,GB,2008-11-06,12:00:00,1225947600,9.7,9.0,11.0,10.2,276.0,0.0,0.0,United Kingdom
London,GB,2008-11-07,12:00:00,1226034000,9.6,8.0,11.9,21.0,196.0,1.1,0.0,United Kingdom
London,GB,2008-11-08,12:00:00,1226120400,10.2,7.8,11.9,36.3,189.0,5.4,0.0,United Kingdom
London,GB,2008-11-09,12:00:00,1226206800,9.3,5.9,11.4,44.3,219.0,3.4,0.0,United Kingdom
London,GB,2008-11-10,12:00:00,1226293200,9.7,7.5,12.0,38.2,228.0,16.9,0.0,United Kingdom
London,GB,2008-11-11,12:00:00,1226379600,8.0,6.2,10.1,27.9,244.0,1.1,0.0,United Kingdom
London,GB,2008-11-12,12:00:00,1226466000,6.7,4.1,10.2,17.6,270.0,0.0,0.0,United Kingdom
London,GB,2008-11-13,12:00:00,1226552400,6.5,1.7,10.4,18.4,232.0,1.7,0.0,United Kingdom
London,GB,2008-11-14,12:00:00,1226638800,10.7,9.6,12.5,15.2,252.0,0.0,0.0,United Kingdom
London,GB,2008-11-15,12:00:00,1226725200,11.2,8.5,13.1,24.3,257.0,0.0,0.0,United Kingdom
London,GB,2008-11-16,12:00:00,1226811600,10.9,6.9,12.3,16.9,290.0,0.0,0.0,United Kingdom
London,GB,2008-11-17,12:00:00,1226898000,6.2,2.3,8.9,16.8,186.0,1.4,0.0,United Kingdom
London,GB,2008-11-18,12:00:00,1226984400,8.5,5.1,10.3,19.4,310.0,0.9,0.0,United Kingdom
London,GB,2008-11-19,12:00:00,1227070800,8.3,5.1,10.4,18.0,288.0,0.0,0.0,United Kingdom
London,GB,2008-11-20,12:00:00,1227157200,9.8,7.2,11.9,22.5,289.0,0.0,0.0,United Kingdom
London,GB,2008-11-21,12:00:00,1227243600,7.9,3.5,10.6,30.6,307.0,0.2,0.0,United Kingdom
London,GB,2008-11-22,12:00:00,1227330000,2.3,-0.6,4.3,22.1,324.0,0.0,0.0,United Kingdom
London,GB,2008-11-23,12:00:00,1227416400,1.8,-3.6,6.5,25.4,272.0,6.3,1.54,United Kingdom
London,GB,2008-11-24,12:00:00,1227502800,3.7,2.1,6.1,29.5,346.0,0.0,0.0,United Kingdom
London,GB,2008-11-25,12:00:00,1227589200,3.3,0.8,5.9,27.8,343.0,0.0,0.0,United Kingdom
London,GB,2008-11-26,12:00:00,1227675600,4.3,-1.0,8.0,12.3,268.0,0.0,0.0,United Kingdom
London,GB,2008-11-27,12:00:00,1227762000,8.2,6.6,10.5,24.2,219.0,1.5,0.0,United Kingdom
London,GB,2008-11-28,12:00:00,1227848400,4.9,3.1,8.7,13.9,356.0,6.9,0.0,United Kingdom
London,GB,2008-11-29,12:00:00,1227934800,3.4,1.7,4.5,16.5,24.0,2.8,0.0,United Kingdom
London,GB,2008-11-30,12:00:00,1228021200,4.6,3.6,5.8,23.6,10.0,8.4,0.0,United Kingdom
London,GB,2008-12-01,12:00:00,1228107600,2.9,1.8,4.0,23.3,334.0,0.4,0.0,United Kingdom
London,GB,2008-12-02,12:00:00,1228194000,1.9,-1.3,4.3,18.7,267.0,1.2,0.07,United Kingdom
London,GB,2008-12-03,12:00:00,1228280400,-0.3,-2.6,3.6,17.5,315.0,0.0,0.0,United Kingdom
London,GB,2008-12-04,12:00:00,1228366800,4.3,-0.3,7.8,30.9,212.0,5.4,0.0,United Kingdom
London,GB,2008-12-05,12:00:00,1228453200,3.4,0.0,6.4,17.7,264.0,0.4,0.0,United Kingdom
London,GB,2008-12-06,12:00:00,1228539600,3.2,-0.7,6.2,21.1,328.0,0.4,0.0,United Kingdom
London,GB,2008-12-07,12:00:00,1228626000,0.3,-2.2,4.7,9.2,268.0,0.0,0.0,United Kingdom
London,GB,2008-12-08,12:00:00,1228712400,3.3,-0.6,6.1,15.8,208.0,0.7,0.0,United Kingdom
London,GB,2008-12-09,12:00:00,1228798800,3.0,0.4,5.1,21.9,325.0,2.1,0.0,United Kingdom
London,GB,2008-12-10,12:00:00,1228885200,0.4,-1.6,3.6,15.4,308.0,0.0,0.0,United Kingdom
London,GB,2008-12-11,12:00:00,1228971600,0.3,-3.0,3.8,13.9,293.0,0.0,0.0,United Kingdom
London,GB,2008-12-12,12:00:00,1229058000,2.1,-3.9,7.0,30.3,186.0,0.5,0.0,United Kingdom
London,GB,2008-12-13,12:00:00,1229144400,5.3,4.1,6.4,35.6,156.0,19.8,0.0,United Kingdom
London,GB,2008-12-14,12:00:00,1229230800,3.6,2.9,4.4,18.4,359.0,0.6,0.0,United Kingdom
London,GB,2008-12-15,12:00:00,1229317200,3.8,2.1,5.4,20.2,12.0,0.0,0.0,United Kingdom
London,GB,2008-12-16,12:00:00,1229403600,2.7,1.1,5.4,16.8,223.0,0.0,0.0,United Kingdom
London,GB,2008-12-17,12:00:00,1229490000,4.7,1.6,8.1,17.6,271.0,0.2,0.0,United Kingdom
London,GB,2008-12-18,12:00:00,1229576400,7.7,3.3,9.6,21.0,243.0,0.0,0.0,United Kingdom
London,GB,2008-12-19,12:00:00,1229662800,6.1,2.4,9.6,31.8,251.0,0.1,0.0,United Kingdom
London,GB,2008-12-20,12:00:00,1229749200,10.9,10.0,12.0,32.3,261.0,0.0,0.0,United Kingdom
London,GB,2008-12-21,12:00:00,1229835600,10.0,9.1,10.5,24.9,254.0,0.0,0.0,United Kingdom
London,GB,2008-12-22,12:00:00,1229922000,10.6,9.3,11.4,22.6,264.0,0.0,0.0,United Kingdom
London,GB,2008-12-23,12:00:00,1230008400,8.9,7.8,9.7,8.5,254.0,0.0,0.0,United Kingdom
London,GB,2008-12-24,12:00:00,1230094800,6.5,5.3,7.7,7.7,352.0,0.0,0.0,United Kingdom
London,GB,2008-12-25,12:00:00,1230181200,5.7,5.1,7.3,17.8,55.0,0.0,0.0,United Kingdom
London,GB,2008-12-26,12:00:00,1230267600,3.0,1.4,5.5,22.3,63.0,0.0,0.0,United Kingdom
London,GB,2008-12-27,12:00:00,1230354000,1.7,0.7,2.6,24.3,53.0,0.0,0.0,United Kingdom
London,GB,2008-12-28,12:00:00,1230440400,1.8,0.5,2.9,23.1,64.0,0.0,0.0,United Kingdom
London,GB,2008-12-29,12:00:00,1230526800,0.9,-0.2,2.3,14.3,82.0,0.0,0.0,United Kingdom
London,GB,2008-12-30,12:00:00,1230613200,-0.3,-3.3,3.3,8.9,60.0,0.0,0.0,United Kingdom
London,GB,2008-12-31,12:00:00,1230699600,0.3,-1.1,2.0,11.3,24.0,0.0,0.0,United Kingdom
London,GB,2009-01-01,12:00:00,1230786000,0.9,-0.6,2.8,9.5,32.0,0.0,0.0,United Kingdom
London,GB,2009-01-02,12:00:00,1230872400,1.0,-1.5,4.2,14.7,36.0,0.0,0.0,United Kingdom
London,GB,2009-01-03,12:00:00,1230958800,-0.9,-3.6,2.4,12.4,30.0,0.0,0.0,United Kingdom
London,GB,2009-01-04,12:00:00,1231045200,-1.5,-3.3,0.5,11.9,272.0,0.0,0.0,United Kingdom
London,GB,2009-01-05,12:00:00,1231131600,0.2,-2.0,2.6,22.9,22.0,1.4,0.84,United Kingdom
London,GB,2009-01-06,12:00:00,1231218000,-2.0,-5.1,0.8,15.3,26.0,0.0,0.0,United Kingdom
London,GB,2009-01-07,12:00:00,1231304400,-0.9,-5.5,2.6,11.6,316.0,0.0,0.0,United Kingdom
London,GB,2009-01-08,12:00:00,1231390800,0.6,-0.8,2.3,4.7,63.0,0.0,0.0,United Kingdom
London,GB,2009-01-09,12:00:00,1231477200,-0.9,-2.4,1.2,9.1,89.0,0.0,0.0,United Kingdom
London,GB,2009-01-10,12:00:00,1231563600,-2.3,-5.3,0.2,15.9,215.0,0.0,0.0,United Kingdom
London,GB,2009-01-11,12:00:00,1231650000,4.0,-0.3,7.2,29.6,205.0,0.0,0.0,United Kingdom
London,GB,2009-01-12,12:00:00,1231736400,7.9,6.7,9.5,32.1,206.0,2.7,0.0,United Kingdom
London,GB,2009-01-13,12:00:00,1231822800,6.7,2.0,8.9,21.4,231.0,0.2,0.0,United Kingdom
London,GB,2009-01-14,12:00:00,1231909200,1.3,-3.2,5.0,17.4,210.0,0.0,0.0,United Kingdom
London,GB,2009-01-15,12:00:00,1231995600,4.7,3.5,5.6,23.9,165.0,0.0,0.0,United Kingdom
London,GB,2009-01-16,12:00:00,1232082000,6.5,4.1,8.7,24.0,184.0,0.4,0.0,United Kingdom
London,GB,2009-01-17,12:00:00,1232168400,8.1,7.1,8.7,41.8,205.0,4.8,0.0,United Kingdom
London,GB,2009-01-18,12:00:00,1232254800,5.4,3.8,8.1,39.9,234.0,4.8,0.0,United Kingdom
London,GB,2009-01-19,12:00:00,1232341200,4.5,1.5,7.3,28.0,212.0,9.6,0.0,United Kingdom
London,GB,2009-01-20,12:00:00,1232427600,2.9,-0.8,6.3,22.1,221.0,0.0,0.0,United Kingdom
London,GB,2009-01-21,12:00:00,1232514000,1.5,-2.4,5.6,29.3,199.0,0.9,0.0,United Kingdom
London,GB,2009-01-22,12:00:00,1232600400,6.5,3.9,9.4,31.4,196.0,9.1,0.0,United Kingdom
London,GB,2009-01-23,12:00:00,1232686800,4.5,1.3,5.6,32.2,293.0,7.6,0.0,United Kingdom
London,GB,2009-01-24,12:00:00,1232773200,1.3,-1.6,5.6,18.8,247.0,0.0,0.0,United Kingdom
London,GB,2009-01-25,12:00:00,1232859600,6.1,3.5,7.0,33.9,174.0,8.0,0.0,United Kingdom
London,GB,2009-01-26,12:00:00,1232946000,4.7,0.3,8.4,10.0,135.0,0.2,0.0,United Kingdom
London,GB,2009-01-27,12:00:00,1233032400,3.7,1.2,7.0,15.5,192.0,0.0,0.0,United Kingdom
London,GB,2009-01-28,12:00:00,1233118800,5.3,3.7,6.9,16.3,166.0,5.0,0.0,United Kingdom
London,GB,2009-01-29,12:00:00,1233205200,3.0,1.1,4.8,17.4,139.0,0.0,0.0,United Kingdom
London,GB,2009-01-30,12:00:00,1233291600,2.7,0.5,5.9,21.3,129.0,0.0,0.0,United Kingdom
London,GB,2009-01-31,12:00:00,1233378000,2.6,0.5,5.0,22.9,105.0,0.0,0.0,United Kingdom
London,GB,2009-02-01,12:00:00,1233464400,0.0,-1.9,1.5,27.1,70.0,0.2,0.42,United Kingdom
London,GB,2009-02-02,12:00:00,1233550800,-0.6,-1.8,0.7,22.9,33.0,5.8,4.13,United Kingdom
London,GB,2009-02-03,12:00:00,1233637200,-1.8,-7.8,3.0,23.1,164.0,0.0,0.0,United Kingdom
London,GB,2009-02-04,12:00:00,1233723600,-1.3,-5.8,2.0,15.6,120.0,0.0,0.14,United Kingdom
London,GB,2009-02-05,12:00:00,1233810000,2.7,-1.2,5.7,17.7,64.0,6.5,2.31,United Kingdom
London,GB,2009-02-06,12:00:00,1233896400,1.4,0.4,2.3,22.3,23.0,11.6,4.55,United Kingdom
London,GB,2009-02-07,12:00:00,1233982800,-0.3,-5.3,3.5,16.9,318.0,0.0,0.07,United Kingdom
London,GB,2009-02-08,12:00:00,1234069200,0.0,-4.5,4.1,15.3,226.0,4.0,0.77,United Kingdom
London,GB,2009-02-09,12:00:00,1234155600,2.1,-1.8,5.5,21.1,149.0,19.5,1.19,United Kingdom
London,GB,2009-02-10,12:00:00,1234242000,2.6,-1.6,4.6,34.7,320.0,7.5,0.98,United Kingdom
London,GB,2009-02-11,12:00:00,1234328400,1.3,-3.1,7.2,17.9,294.0,2.2,0.0,United Kingdom
London,GB,2009-02-12,12:00:00,1234414800,0.3,-3.1,4.0,16.1,307.0,2.0,1.26,United Kingdom
London,GB,2009-02-13,12:00:00,1234501200,3.0,-1.7,5.3,17.2,346.0,1.6,0.21,United Kingdom
London,GB,2009-02-14,12:00:00,1234587600,0.5,-3.2,4.6,7.0,355.0,0.0,0.0,United Kingdom
London,GB,2009-02-15,12:00:00,1234674000,4.1,-1.2,7.9,15.2,258.0,0.8,0.0,United Kingdom
London,GB,2009-02-16,12:00:00,1234760400,7.0,4.2,9.9,17.6,299.0,0.0,0.0,United Kingdom
London,GB,2009-02-17,12:00:00,1234846800,8.1,5.4,11.0,19.3,315.0,0.0,0.0,United Kingdom
London,GB,2009-02-18,12:00:00,1234933200,7.6,6.0,9.5,8.3,28.0,0.0,0.0,United Kingdom
London,GB,2009-02-19,12:00:00,1235019600,6.8,4.6,9.7,9.2,271.0,0.5,0.0,United Kingdom
London,GB,2009-02-20,12:00:00,1235106000,5.8,3.2,9.0,10.2,305.0,0.0,0.0,United Kingdom
London,GB,2009-02-21,12:00:00,1235192400,6.3,2.5,10.6,13.3,281.0,0.0,0.0,United Kingdom
London,GB,2009-02-22,12:00:00,1235278800,6.7,3.7,9.9,23.1,301.0,0.0,0.0,United Kingdom
London,GB,2009-02-23,12:00:00,1235365200,7.2,4.9,9.2,15.1,318.0,0.0,0.0,United Kingdom
London,GB,2009-02-24,12:00:00,1235451600,8.3,7.3,10.1,7.9,317.0,0.0,0.0,United Kingdom
London,GB,2009-02-25,12:00:00,1235538000,8.1,7.1,9.8,19.3,257.0,0.0,0.0,United Kingdom
London,GB,2009-02-26,12:00:00,1235624400,7.2,5.2,10.1,19.8,272.0,0.0,0.0,United Kingdom
London,GB,2009-02-27,12:00:00,1235710800,8.2,4.7,11.7,16.2,266.0,0.0,0.0,United Kingdom
London,GB,2009-02-28,12:00:00,1235797200,6.7,4.1,8.8,9.5,215.0,0.0,0.0,United Kingdom
London,GB,2009-03-01,12:00:00,1235883600,5.5,1.8,9.2,14.0,321.0,0.0,0.0,United Kingdom
London,GB,2009-03-02,12:00:00,1235970000,5.2,0.2,9.7,16.2,274.0,0.0,0.0,United Kingdom
London,GB,2009-03-03,12:00:00,1236056400,7.3,5.0,9.8,39.6,199.0,6.6,0.0,United Kingdom
London,GB,2009-03-04,12:00:00,1236142800,4.7,0.1,7.1,32.0,235.0,9.1,0.0,United Kingdom
London,GB,2009-03-05,12:00:00,1236229200,2.3,-1.3,6.7,15.1,12.0,0.0,0.0,United Kingdom
London,GB,2009-03-06,12:00:00,1236315600,3.6,-1.5,9.2,15.8,282.0,0.0,0.0,United Kingdom
London,GB,2009-03-07,12:00:00,1236402000,7.6,3.4,10.9,25.8,233.0,0.0,0.0,United Kingdom
London,GB,2009-03-08,12:00:00,1236488400,7.3,2.8,10.0,33.3,247.0,1.7,0.0,United Kingdom
London,GB,2009-03-09,12:00:00,1236574800,5.7,2.5,9.7,30.3,266.0,0.3,0.0,United Kingdom
London,GB,2009-03-10,12:00:00,1236661200,7.7,3.9,11.7,26.5,270.0,4.7,0.0,United Kingdom
London,GB,2009-03-11,12:00:00,1236747600,6.3,0.7,11.6,15.5,244.0,0.0,0.0,United Kingdom
London,GB,2009-03-12,12:00:00,1236834000,9.9,8.3,11.3,24.1,252.0,0.0,0.0,United Kingdom
London,GB,2009-03-13,12:00:00,1236920400,7.8,4.6,10.8,15.4,215.0,0.0,0.0,United Kingdom
London,GB,2009-03-14,12:00:00,1237006800,9.0,5.8,11.5,21.7,268.0,0.0,0.0,United Kingdom
London,GB,2009-03-15,12:00:00,1237093200,7.6,2.4,13.0,12.7,293.0,0.0,0.0,United Kingdom
London,GB,2009-03-16,12:00:00,1237179600,8.7,2.6,13.6,11.8,219.0,0.0,0.0,United Kingdom
London,GB,2009-03-17,12:00:00,1237266000,7.2,2.8,12.9,16.9,60.0,0.0,0.0,United Kingdom
London,GB,2009-03-18,12:00:00,1237352400,7.3,2.4,12.8,13.9,85.0,0.0,0.0,United Kingdom
London,GB,2009-03-19,12:00:00,1237438800,5.8,-0.1,11.5,17.9,60.0,0.0,0.0,United Kingdom
London,GB,2009-03-20,12:00:00,1237525200,6.3,1.6,11.0,14.2,91.0,0.0,0.0,United Kingdom
London,GB,2009-03-21,12:00:00,1237611600,6.8,-1.3,13.6,16.5,304.0,0.0,0.0,United Kingdom
London,GB,2009-03-22,12:00:00,1237698000,9.0,6.8,12.8,18.2,320.0,0.0,0.0,United Kingdom
London,GB,2009-03-23,12:00:00,1237784400,7.3,4.4,12.4,37.3,286.0,1.0,0.0,United Kingdom
London,GB,2009-03-24,12:00:00,1237870800,6.5,3.3,10.0,28.0,307.0,1.3,0.0,United Kingdom
London,GB,2009-03-25,12:00:00,1237957200,8.4,5.1,11.4,37.2,287.0,2.9,0.0,United Kingdom
London,GB,2009-03-26,12:00:00,1238043600,8.1,5.4,11.9,35.6,253.0,0.9,0.0,United Kingdom
London,GB,2009-03-27,12:00:00,1238130000,6.1,3.2,9.8,26.1,248.0,2.8,0.0,United Kingdom
London,GB,2009-03-28,12:00:00,1238216400,4.9,1.2,9.8,27.7,313.0,2.0,0.0,United Kingdom
London,GB,2009-03-29,12:00:00,1238302800,3.8,-2.2,8.3,12.8,283.0,0.2,0.0,United Kingdom
London,GB,2009-03-30,12:00:00,1238389200,5.9,-1.6,11.1,12.8,237.0,0.0,0.0,United Kingdom
London,GB,2009-03-31,12:00:00,1238475600,8.8,4.6,12.7,6.9,196.0,0.0,0.0,United Kingdom
London,GB,2009-04-01,12:00:00,1238562000,8.9,3.9,13.6,19.8,55.0,0.0,0.0,United Kingdom
London,GB,2009-04-02,12:00:00,1238648400,9.2,5.7,14.3,16.5,39.0,0.0,0.0,United Kingdom
London,GB,2009-04-03,12:00:00,1238734800,7.8,4.5,12.1,13.4,256.0,0.0,0.0,United Kingdom
London,GB,2009-04-04,12:00:00,1238821200,10.0,7.1,14.2,16.4,242.0,0.0,0.0,United Kingdom
London,GB,2009-04-05,12:00:00,1238907600,8.7,3.8,13.5,10.2,104.0,0.0,0.0,United Kingdom
London,GB,2009-04-06,12:00:00,1238994000,10.7,5.6,15.6,20.0,156.0,0.0,0.0,United Kingdom
London,GB,2009-04-07,12:00:00,1239080400,9.7,7.5,12.9,24.1,213.0,0.0,0.0,United Kingdom
London,GB,2009-04-08,12:00:00,1239166800,10.3,6.6,14.1,32.3,223.0,2.6,0.0,United Kingdom
London,GB,2009-04-09,12:00:00,1239253200,11.2,5.6,14.1,22.5,171.0,0.2,0.0,United Kingdom
London,GB,2009-04-10,12:00:00,1239339600,11.6,9.6,13.9,16.8,176.0,7.5,0.0,United Kingdom
London,GB,2009-04-11,12:00:00,1239426000,10.5,8.4,13.2,8.4,338.0,1.2,0.0,United Kingdom
London,GB,2009-04-12,12:00:00,1239512400,11.1,9.3,13.3,8.6,10.0,0.6,0.0,United Kingdom
London,GB,2009-04-13,12:00:00,1239598800,11.1,8.4,14.4,9.4,142.0,1.7,0.0,United Kingdom
London,GB,2009-04-14,12:00:00,1239685200,11.6,8.2,15.4,16.4,116.0,2.7,0.0,United Kingdom
London,GB,2009-04-15,12:00:00,1239771600,13.2,7.6,19.1,23.4,74.0,3.2,0.0,United Kingdom
London,GB,2009-04-16,12:00:00,1239858000,12.7,9.5,15.1,19.0,109.0,5.3,0.0,United Kingdom
London,GB,2009-04-17,12:00:00,1239944400,9.8,7.5,12.7,15.3,346.0,11.2,0.0,United Kingdom
London,GB,2009-04-18,12:00:00,1240030800,9.2,4.5,14.4,21.4,33.0,0.0,0.0,United Kingdom
London,GB,2009-04-19,12:00:00,1240117200,9.5,4.3,14.9,21.7,31.0,0.0,0.0,United Kingdom
London,GB,2009-04-20,12:00:00,1240203600,9.9,3.9,15.2,9.4,22.0,0.0,0.0,United Kingdom
London,GB,2009-04-21,12:00:00,1240290000,11.4,4.5,17.9,11.9,298.0,0.0,0.0,United Kingdom
London,GB,2009-04-22,12:00:00,1240376400,11.6,5.0,16.9,11.2,321.0,0.0,0.0,United Kingdom
London,GB,2009-04-23,12:00:00,1240462800,11.4,6.1,16.3,14.8,179.0,0.0,0.0,United Kingdom
London,GB,2009-04-24,12:00:00,1240549200,12.2,7.5,16.2,21.0,136.0,0.0,0.0,United Kingdom
London,GB,2009-04-25,12:00:00,1240635600,11.2,7.3,14.0,22.7,176.0,0.3,0.0,United Kingdom
London,GB,2009-04-26,12:00:00,1240722000,9.8,3.7,15.2,14.8,171.0,0.0,0.0,United Kingdom
London,GB,2009-04-27,12:00:00,1240808400,7.8,5.0,9.9,25.9,204.0,7.4,0.0,United Kingdom
London,GB,2009-04-28,12:00:00,1240894800,7.8,2.4,12.5,8.3,203.0,2.7,0.0,United Kingdom
London,GB,2009-04-29,12:00:00,1240981200,9.6,2.7,15.0,15.6,198.0,0.0,0.0,United Kingdom
London,GB,2009-04-30,12:00:00,1241067600,11.8,6.9,15.9,19.9,168.0,0.3,0.0,United Kingdom
London,GB,2009-05-01,12:00:00,1241154000,13.1,7.5,17.6,18.6,214.0,0.1,0.0,United Kingdom
London,GB,2009-05-02,12:00:00,1241240400,12.0,9.0,15.0,13.1,257.0,0.0,0.0,United Kingdom
London,GB,2009-05-03,12:00:00,1241326800,10.9,7.7,14.3,20.3,298.0,0.0,0.0,United Kingdom
London,GB,2009-05-04,12:00:00,1241413200,8.7,3.1,11.9,20.9,258.0,0.5,0.0,United Kingdom
London,GB,2009-05-05,12:00:00,1241499600,13.4,10.2,18.4,29.2,265.0,0.0,0.0,United Kingdom
London,GB,2009-05-06,12:00:00,1241586000,13.3,9.8,17.2,25.7,258.0,0.0,0.0,United Kingdom
London,GB,2009-05-07,12:00:00,1241672400,12.1,8.4,15.9,25.4,222.0,0.3,0.0,United Kingdom
London,GB,2009-05-08,12:00:00,1241758800,11.4,9.0,15.4,34.6,240.0,2.4,0.0,United Kingdom
London,GB,2009-05-09,12:00:00,1241845200,10.8,6.1,14.9,18.8,233.0,0.0,0.0,United Kingdom
London,GB,2009-05-10,12:00:00,1241931600,11.8,5.7,17.4,18.4,72.0,0.0,0.0,United Kingdom
London,GB,2009-05-11,12:00:00,1242018000,10.5,7.2,14.1,29.2,48.0,0.0,0.0,United Kingdom
London,GB,2009-05-12,12:00:00,1242104400,10.7,6.5,14.7,30.4,50.0,0.0,0.0,United Kingdom
London,GB,2009-05-13,12:00:00,1242190800,13.1,11.5,15.0,20.5,79.0,0.1,0.0,United Kingdom
London,GB,2009-05-14,12:00:00,1242277200,14.0,10.9,17.5,9.4,61.0,3.5,0.0,United Kingdom
London,GB,2009-05-15,12:00:00,1242363600,12.5,9.2,15.4,25.9,208.0,12.3,0.0,United Kingdom
London,GB,2009-05-16,12:00:00,1242450000,11.4,8.0,14.3,32.7,203.0,0.4,0.0,United Kingdom
London,GB,2009-05-17,12:00:00,1242536400,11.1,7.9,14.4,32.3,187.0,3.5,0.0,United Kingdom
London,GB,2009-05-18,12:00:00,1242622800,12.2,9.1,15.2,33.4,211.0,0.0,0.0,United Kingdom
London,GB,2009-05-19,12:00:00,1242709200,12.5,9.5,15.9,30.1,203.0,1.3,0.0,United Kingdom
London,GB,2009-05-20,12:00:00,1242795600,12.6,8.1,16.9,16.8,208.0,0.0,0.0,United Kingdom
London,GB,2009-05-21,12:00:00,1242882000,12.2,6.9,16.7,17.7,253.0,0.0,0.0,United Kingdom
London,GB,2009-05-22,12:00:00,1242968400,12.2,7.1,16.4,18.5,252.0,0.0,0.0,United Kingdom
London,GB,2009-05-23,12:00:00,1243054800,14.1,7.4,19.5,13.4,181.0,0.0,0.0,United Kingdom
London,GB,2009-05-24,12:00:00,1243141200,14.7,8.3,20.7,11.6,46.0,0.0,0.0,United Kingdom
London,GB,2009-05-25,12:00:00,1243227600,15.6,10.1,21.6,14.7,97.0,2.0,0.0,United Kingdom
London,GB,2009-05-26,12:00:00,1243314000,13.5,10.3,15.6,26.2,286.0,5.3,0.0,United Kingdom
London,GB,2009-05-27,12:00:00,1243400400,11.3,8.2,14.5,29.3,234.0,4.9,0.0,United Kingdom
London,GB,2009-05-28,12:00:00,1243486800,16.5,13.0,19.8,17.3,294.0,0.0,0.0,United Kingdom
London,GB,2009-05-29,12:00:00,1243573200,16.2,12.0,20.3,19.6,77.0,0.0,0.0,United Kingdom
London,GB,2009-05-30,12:00:00,1243659600,15.2,10.3,19.6,19.2,73.0,0.0,0.0,United Kingdom
London,GB,2009-05-31,12:00:00,1243746000,16.4,10.6,21.5,20.2,41.0,0.0,0.0,United Kingdom
London,GB,2009-06-01,12:00:00,1243832400,17.3,11.2,22.7,20.4,36.0,0.0,0.0,United Kingdom
London,GB,2009-06-02,12:00:00,1243918800,16.8,9.6,22.8,14.5,29.0,0.0,0.0,United Kingdom
London,GB,2009-06-03,12:00:00,1244005200,14.3,10.8,18.2,16.0,52.0,0.0,0.0,United Kingdom
London,GB,2009-06-04,12:00:00,1244091600,12.3,7.4,16.5,10.5,24.0,0.0,0.0,United Kingdom
London,GB,2009-06-05,12:00:00,1244178000,11.0,10.1,12.2,15.3,126.0,6.8,0.0,United Kingdom
London,GB,2009-06-06,12:00:00,1244264400,11.9,9.7,14.0,21.6,88.0,0.8,0.0,United Kingdom
London,GB,2009-06-07,12:00:00,1244350800,12.5,10.0,15.8,16.9,120.0,9.4,0.0,United Kingdom
London,GB,2009-06-08,12:00:00,1244437200,11.8,6.7,15.8,14.5,77.0,0.9,0.0,United Kingdom
London,GB,2009-06-09,12:00:00,1244523600,12.8,10.4,15.7,15.3,16.0,5.8,0.0,United Kingdom
London,GB,2009-06-10,12:00:00,1244610000,13.1,8.8,16.7,14.6,167.0,6.5,0.0,United Kingdom
London,GB,2009-06-11,12:00:00,1244696400,13.6,9.9,17.6,20.6,284.0,0.0,0.0,United Kingdom
London,GB,2009-06-12,12:00:00,1244782800,13.7,7.5,18.0,9.7,257.0,0.0,0.0,United Kingdom
London,GB,2009-06-13,12:00:00,1244869200,16.3,12.8,20.3,16.4,211.0,0.5,0.0,United Kingdom
London,GB,2009-06-14,12:00:00,1244955600,16.8,10.8,21.0,9.4,294.0,0.0,0.0,United Kingdom
London,GB,2009-06-15,12:00:00,1245042000,16.0,12.5,19.4,10.9,330.0,7.5,0.0,United Kingdom
London,GB,2009-06-16,12:00:00,1245128400,15.6,10.6,20.2,11.9,252.0,0.0,0.0,United Kingdom
London,GB,2009-06-17,12:00:00,1245214800,15.7,10.6,20.8,29.4,205.0,0.6,0.0,United Kingdom
London,GB,2009-06-18,12:00:00,1245301200,14.8,10.6,17.6,21.3,260.0,0.0,0.0,United Kingdom
London,GB,2009-06-19,12:00:00,1245387600,14.3,10.1,17.3,21.3,282.0,0.0,0.0,United Kingdom
London,GB,2009-06-20,12:00:00,1245474000,14.3,11.1,17.8,13.7,294.0,1.3,0.0,United Kingdom
London,GB,2009-06-21,12:00:00,1245560400,14.6,10.6,17.9,15.8,321.0,0.0,0.0,United Kingdom
London,GB,2009-06-22,12:00:00,1245646800,16.1,11.7,20.1,7.1,156.0,0.0,0.0,United Kingdom
London,GB,2009-06-23,12:00:00,1245733200,16.7,13.1,20.7,15.0,90.0,0.0,0.0,United Kingdom
London,GB,2009-06-24,12:00:00,1245819600,16.3,10.8,21.6,22.2,61.0,0.0,0.0,United Kingdom
London,GB,2009-06-25,12:00:00,1245906000,18.0,12.3,23.6,19.6,60.0,0.0,0.0,United Kingdom
London,GB,2009-06-26,12:00:00,1245992400,17.6,13.7,20.6,13.3,356.0,17.9,0.0,United Kingdom
London,GB,2009-06-27,12:00:00,1246078800,18.6,12.5,23.6,9.1,282.0,0.2,0.0,United Kingdom
London,GB,2009-06-28,12:00:00,1246165200,19.8,14.1,24.2,6.5,123.0,0.2,0.0,United Kingdom
London,GB,2009-06-29,12:00:00,1246251600,20.7,14.3,26.5,12.6,123.0,0.4,0.0,United Kingdom
London,GB,2009-06-30,12:00:00,1246338000,20.5,14.4,26.1,12.1,101.0,0.0,0.0,United Kingdom
London,GB,2009-07-01,12:00:00,1246424400,19.6,13.9,25.0,12.0,86.0,0.0,0.0,United Kingdom
London,GB,2009-07-02,12:00:00,1246510800,20.5,14.0,26.1,14.2,92.0,0.0,0.0,United Kingdom
London,GB,2009-07-03,12:00:00,1246597200,20.1,17.0,23.4,19.7,240.0,2.8,0.0,United Kingdom
London,GB,2009-07-04,12:00:00,1246683600,18.6,13.1,22.6,16.9,208.0,0.0,0.0,United Kingdom
London,GB,2009-07-05,12:00:00,1246770000,18.4,14.5,22.2,21.4,218.0,0.0,0.0,United Kingdom
London,GB,2009-07-06,12:00:00,1246856400,16.7,14.2,19.8,32.6,221.0,3.1,0.0,United Kingdom
London,GB,2009-07-07,12:00:00,1246942800,16.0,14.0,19.4,21.3,269.0,8.6,0.0,United Kingdom
London,GB,2009-07-08,12:00:00,1247029200,15.5,13.1,18.8,18.5,298.0,0.3,0.0,United Kingdom
London,GB,2009-07-09,12:00:00,1247115600,15.3,11.4,18.7,18.2,297.0,0.0,0.0,United Kingdom
London,GB,2009-07-10,12:00:00,1247202000,15.5,10.7,19.3,16.7,284.0,0.0,0.0,United Kingdom
London,GB,2009-07-11,12:00:00,1247288400,15.9,12.9,19.4,20.9,218.0,2.9,0.0,United Kingdom
London,GB,2009-07-12,12:00:00,1247374800,17.9,15.0,21.7,23.2,231.0,2.4,0.0,United Kingdom
London,GB,2009-07-13,12:00:00,1247461200,16.7,12.5,19.9,22.4,206.0,1.3,0.0,United Kingdom
London,GB,2009-07-14,12:00:00,1247547600,17.2,14.0,20.5,23.2,199.0,0.4,0.0,United Kingdom
London,GB,2009-07-15,12:00:00,1247634000,18.0,15.1,21.7,33.7,217.0,1.0,0.0,United Kingdom
London,GB,2009-07-16,12:00:00,1247720400,17.6,12.9,21.6,14.6,198.0,4.7,0.0,United Kingdom
London,GB,2009-07-17,12:00:00,1247806800,15.9,13.8,18.0,24.8,256.0,13.2,0.0,United Kingdom
London,GB,2009-07-18,12:00:00,1247893200,15.7,12.9,18.8,29.3,263.0,0.0,0.0,United Kingdom
London,GB,2009-07-19,12:00:00,1247979600,15.5,11.9,19.1,31.1,233.0,1.8,0.0,United Kingdom
London,GB,2009-07-20,12:00:00,1248066000,15.7,11.7,19.7,19.3,237.0,0.3,0.0,United Kingdom
London,GB,2009-07-21,12:00:00,1248152400,17.2,13.3,21.8,22.4,178.0,6.7,0.0,United Kingdom
London,GB,2009-07-22,12:00:00,1248238800,17.3,14.6,20.2,30.3,213.0,0.0,0.0,United Kingdom
London,GB,2009-07-23,12:00:00,1248325200,16.6,12.8,20.8,21.0,226.0,2.1,0.0,United Kingdom
London,GB,2009-07-24,12:00:00,1248411600,15.9,12.8,18.8,22.7,231.0,1.3,0.0,United Kingdom
London,GB,2009-07-25,12:00:00,1248498000,16.8,12.1,21.0,16.7,254.0,0.0,0.0,United Kingdom
London,GB,2009-07-26,12:00:00,1248584400,16.2,12.4,19.4,24.1,204.0,1.4,0.0,United Kingdom
London,GB,2009-07-27,12:00:00,1248670800,16.0,13.9,19.4,22.6,240.0,6.0,0.0,United Kingdom
London,GB,2009-07-28,12:00:00,1248757200,15.7,11.2,19.3,26.0,212.0,0.2,0.0,United Kingdom
London,GB,2009-07-29,12:00:00,1248843600,16.4,13.6,20.1,24.7,202.0,11.3,0.0,United Kingdom
London,GB,2009-07-30,12:00:00,1248930000,15.2,11.8,18.4,26.1,258.0,0.0,0.0,United Kingdom
London,GB,2009-07-31,12:00:00,1249016400,15.4,10.4,19.6,15.7,193.0,0.0,0.0,United Kingdom
London,GB,2009-08-01,12:00:00,1249102800,16.7,15.1,18.8,18.1,189.0,5.3,0.0,United Kingdom
London,GB,2009-08-02,12:00:00,1249189200,16.2,11.7,19.9,16.3,269.0,0.0,0.0,United Kingdom
London,GB,2009-08-03,12:00:00,1249275600,16.5,11.5,20.5,17.4,197.0,0.1,0.0,United Kingdom
London,GB,2009-08-04,12:00:00,1249362000,18.3,15.6,20.8,24.1,179.0,1.3,0.0,United Kingdom
London,GB,2009-08-05,12:00:00,1249448400,20.6,15.8,24.6,15.7,180.0,0.0,0.0,United Kingdom
London,GB,2009-08-06,12:00:00,1249534800,19.7,15.2,25.2,12.7,321.0,15.4,0.0,United Kingdom
London,GB,2009-08-07,12:00:00,1249621200,17.4,15.2,19.0,12.8,325.0,3.0,0.0,United Kingdom
London,GB,2009-08-08,12:00:00,1249707600,17.5,11.9,22.0,7.4,9.0,0.0,0.0,United Kingdom
London,GB,2009-08-09,12:00:00,1249794000,18.7,14.4,22.6,7.6,141.0,0.0,0.0,United Kingdom
London,GB,2009-08-10,12:00:00,1249880400,17.4,13.9,20.8,21.4,223.0,0.1,0.0,United Kingdom
London,GB,2009-08-11,12:00:00,1249966800,18.3,14.6,21.5,13.4,294.0,0.0,0.0,United Kingdom
London,GB,2009-08-12,12:00:00,1250053200,18.0,14.7,21.1,16.9,269.0,1.3,0.0,United Kingdom
London,GB,2009-08-13,12:00:00,1250139600,18.4,16.6,21.4,12.0,331.0,0.9,0.0,United Kingdom
London,GB,2009-08-14,12:00:00,1250226000,18.0,13.7,22.1,18.7,216.0,0.0,0.0,United Kingdom
London,GB,2009-08-15,12:00:00,1250312400,18.6,14.9,22.9,25.0,229.0,0.0,0.0,United Kingdom
London,GB,2009-08-16,12:00:00,1250398800,18.0,14.3,22.5,18.3,256.0,0.0,0.0,United Kingdom
London,GB,2009-08-17,12:00:00,1250485200,17.2,12.5,21.1,15.5,267.0,0.0,0.0,United Kingdom
London,GB,2009-08-18,12:00:00,1250571600,17.3,11.6,21.9,14.7,214.0,0.0,0.0,United Kingdom
London,GB,2009-08-19,12:00:00,1250658000,19.0,12.3,26.0,17.4,191.0,0.0,0.0,United Kingdom
London,GB,2009-08-20,12:00:00,1250744400,17.7,13.8,21.5,28.1,220.0,0.2,0.0,United Kingdom
London,GB,2009-08-21,12:00:00,1250830800,15.9,12.3,19.5,24.8,238.0,0.0,0.0,United Kingdom
London,GB,2009-08-22,12:00:00,1250917200,15.6,9.6,20.0,13.9,210.0,1.0,0.0,United Kingdom
London,GB,2009-08-23,12:00:00,1251003600,19.9,16.0,24.7,20.6,173.0,0.0,0.0,United Kingdom
London,GB,2009-08-24,12:00:00,1251090000,18.4,13.1,23.0,20.6,237.0,0.0,0.0,United Kingdom
London,GB,2009-08-25,12:00:00,1251176400,16.1,11.7,19.9,21.9,220.0,0.3,0.0,United Kingdom
London,GB,2009-08-26,12:00:00,1251262800,17.5,13.9,20.8,33.8,195.0,0.7,0.0,United Kingdom
London,GB,2009-08-27,12:00:00,1251349200,17.8,16.1,20.4,25.0,225.0,0.0,0.0,United Kingdom
London,GB,2009-08-28,12:00:00,1251435600,16.0,13.3,19.0,34.1,255.0,0.3,0.0,United Kingdom
London,GB,2009-08-29,12:00:00,1251522000,14.8,10.3,19.2,21.4,266.0,0.0,0.0,United Kingdom
London,GB,2009-08-30,12:00:00,1251608400,14.6,10.1,17.4,22.4,218.0,0.0,0.0,United Kingdom
London,GB,2009-08-31,12:00:00,1251694800,19.3,16.4,23.8,20.9,190.0,0.0,0.0,United Kingdom
London,GB,2009-09-01,12:00:00,1251781200,16.6,14.0,19.6,30.8,228.0,0.2,0.0,United Kingdom
London,GB,2009-09-02,12:00:00,1251867600,15.1,12.7,18.0,29.6,199.0,8.2,0.0,United Kingdom
London,GB,2009-09-03,12:00:00,1251954000,14.8,12.1,17.7,37.9,250.0,0.2,0.0,United Kingdom
London,GB,2009-09-04,12:00:00,1252040400,13.6,9.7,17.4,31.8,272.0,0.0,0.0,United Kingdom
London,GB,2009-09-05,12:00:00,1252126800,14.2,9.9,18.0,19.1,266.0,0.0,0.0,United Kingdom
London,GB,2009-09-06,12:00:00,1252213200,14.6,10.5,18.4,19.3,225.0,0.0,0.0,United Kingdom
London,GB,2009-09-07,12:00:00,1252299600,16.6,13.0,20.3,15.5,210.0,0.6,0.0,United Kingdom
London,GB,2009-09-08,12:00:00,1252386000,19.7,16.1,24.9,19.5,207.0,0.0,0.0,United Kingdom
London,GB,2009-09-09,12:00:00,1252472400,16.3,13.4,18.8,18.1,14.0,0.0,0.0,United Kingdom
London,GB,2009-09-10,12:00:00,1252558800,14.4,9.6,19.5,20.7,31.0,0.0,0.0,United Kingdom
London,GB,2009-09-11,12:00:00,1252645200,14.5,10.6,18.5,17.8,36.0,0.0,0.0,United Kingdom
London,GB,2009-09-12,12:00:00,1252731600,15.4,11.6,20.3,19.6,36.0,0.0,0.0,United Kingdom
London,GB,2009-09-13,12:00:00,1252818000,13.4,9.7,16.6,21.2,16.0,0.0,0.0,United Kingdom
London,GB,2009-09-14,12:00:00,1252904400,14.8,11.4,18.3,25.6,18.0,0.2,0.0,United Kingdom
London,GB,2009-09-15,12:00:00,1252990800,14.6,13.0,16.1,27.3,26.0,5.5,0.0,United Kingdom
London,GB,2009-09-16,12:00:00,1253077200,15.5,12.9,18.8,28.3,31.0,0.2,0.0,United Kingdom
London,GB,2009-09-17,12:00:00,1253163600,14.2,11.7,17.0,20.7,43.0,0.0,0.0,United Kingdom
London,GB,2009-09-18,12:00:00,1253250000,15.0,11.8,18.8,19.0,65.0,0.0,0.0,United Kingdom
London,GB,2009-09-19,12:00:00,1253336400,16.9,12.6,21.5,10.2,30.0,0.7,0.0,United Kingdom
London,GB,2009-09-20,12:00:00,1253422800,16.0,13.2,18.8,13.8,10.0,0.0,0.0,United Kingdom
London,GB,2009-09-21,12:00:00,1253509200,16.0,12.5,19.6,14.3,236.0,0.0,0.0,United Kingdom
London,GB,2009-09-22,12:00:00,1253595600,15.9,11.4,20.0,21.3,245.0,0.0,0.0,United Kingdom
London,GB,2009-09-23,12:00:00,1253682000,16.4,15.1,17.7,15.7,258.0,0.0,0.0,United Kingdom
London,GB,2009-09-24,12:00:00,1253768400,14.0,9.2,18.1,9.7,310.0,0.0,0.0,United Kingdom
London,GB,2009-09-25,12:00:00,1253854800,13.4,8.2,18.2,8.1,303.0,0.0,0.0,United Kingdom
London,GB,2009-09-26,12:00:00,1253941200,14.1,10.1,18.2,6.2,327.0,0.0,0.0,United Kingdom
London,GB,2009-09-27,12:00:00,1254027600,13.5,8.1,18.5,8.9,334.0,0.0,0.0,United Kingdom
London,GB,2009-09-28,12:00:00,1254114000,14.4,10.1,17.5,15.1,301.0,0.0,0.0,United Kingdom
London,GB,2009-09-29,12:00:00,1254200400,14.8,10.9,17.7,12.3,299.0,0.0,0.0,United Kingdom
London,GB,2009-09-30,12:00:00,1254286800,15.2,11.9,18.2,9.2,303.0,0.2,0.0,United Kingdom
London,GB,2009-10-01,12:00:00,1254373200,13.4,11.1,15.4,16.9,321.0,0.0,0.0,United Kingdom
London,GB,2009-10-02,12:00:00,1254459600,12.3,7.5,16.7,16.6,280.0,0.0,0.0,United Kingdom
London,GB,2009-10-03,12:00:00,1254546000,14.1,12.1,16.6,37.1,247.0,0.1,0.0,United Kingdom
London,GB,2009-10-04,12:00:00,1254632400,12.8,9.4,15.4,18.0,262.0,0.0,0.0,United Kingdom
London,GB,2009-10-05,12:00:00,1254718800,12.7,10.8,15.0,9.8,56.0,3.3,0.0,United Kingdom
London,GB,2009-10-06,12:00:00,1254805200,15.7,12.5,18.3,25.3,199.0,6.5,0.0,United Kingdom
London,GB,2009-10-07,12:00:00,1254891600,13.9,10.6,17.1,25.0,357.0,10.9,0.0,United Kingdom
London,GB,2009-10-08,12:00:00,1254978000,11.0,6.9,14.9,13.5,22.0,1.9,0.0,United Kingdom
London,GB,2009-10-09,12:00:00,1255064400,11.3,7.7,13.7,21.1,105.0,2.3,0.0,United Kingdom
London,GB,2009-10-10,12:00:00,1255150800,13.5,10.2,16.8,16.1,275.0,1.9,0.0,United Kingdom
London,GB,2009-10-11,12:00:00,1255237200,12.2,10.4,13.9,23.7,279.0,0.9,0.0,United Kingdom
London,GB,2009-10-12,12:00:00,1255323600,11.0,7.9,14.8,19.7,336.0,0.0,0.0,United Kingdom
London,GB,2009-10-13,12:00:00,1255410000,10.1,5.4,13.9,7.5,336.0,0.0,0.0,United Kingdom
London,GB,2009-10-14,12:00:00,1255496400,10.9,8.6,13.1,8.7,109.0,0.0,0.0,United Kingdom
London,GB,2009-10-15,12:00:00,1255582800,9.8,6.4,13.6,7.7,336.0,0.0,0.0,United Kingdom
London,GB,2009-10-16,12:00:00,1255669200,10.5,7.7,11.7,23.1,354.0,0.0,0.0,United Kingdom
London,GB,2009-10-17,12:00:00,1255755600,9.1,5.9,11.5,19.5,358.0,0.0,0.0,United Kingdom
London,GB,2009-10-18,12:00:00,1255842000,7.0,2.6,10.8,8.8,288.0,0.0,0.0,United Kingdom
London,GB,2009-10-19,12:00:00,1255928400,8.8,6.9,12.0,18.2,170.0,0.1,0.0,United Kingdom
London,GB,2009-10-20,12:00:00,1256014800,9.8,6.4,12.8,24.2,134.0,0.2,0.0,United Kingdom
London,GB,2009-10-21,12:00:00,1256101200,12.1,10.2,14.5,17.1,142.0,2.6,0.0,United Kingdom
London,GB,2009-10-22,12:00:00,1256187600,11.4,8.8,15.1,16.5,155.0,0.0,0.0,United Kingdom
London,GB,2009-10-23,12:00:00,1256274000,11.6,7.8,15.8,12.6,192.0,0.0,0.0,United Kingdom
London,GB,2009-10-24,12:00:00,1256360400,14.2,12.3,16.5,24.8,203.0,1.5,0.0,United Kingdom
London,GB,2009-10-25,12:00:00,1256446800,12.8,10.6,15.9,30.1,238.0,0.0,0.0,United Kingdom
London,GB,2009-10-26,12:00:00,1256533200,11.9,9.4,15.0,20.8,258.0,0.0,0.0,United Kingdom
London,GB,2009-10-27,12:00:00,1256619600,13.5,11.2,16.1,17.2,170.0,0.1,0.0,United Kingdom
London,GB,2009-10-28,12:00:00,1256706000,12.7,9.9,16.4,15.5,216.0,0.0,0.0,United Kingdom
London,GB,2009-10-29,12:00:00,1256792400,12.3,10.1,15.9,12.1,153.0,0.0,0.0,United Kingdom
London,GB,2009-10-30,12:00:00,1256878800,11.2,9.5,12.9,17.6,135.0,0.0,0.0,United Kingdom
London,GB,2009-10-31,12:00:00,1256965200,12.7,10.0,15.9,13.4,201.0,3.2,0.0,United Kingdom
London,GB,2009-11-01,12:00:00,1257051600,12.1,9.1,16.2,35.3,206.0,9.5,0.0,United Kingdom
London,GB,2009-11-02,12:00:00,1257138000,8.7,5.8,11.5,17.6,243.0,0.3,0.0,United Kingdom
London,GB,2009-11-03,12:00:00,1257224400,10.2,7.1,13.8,25.2,223.0,7.7,0.0,United Kingdom
London,GB,2009-11-04,12:00:00,1257310800,7.9,5.0,11.6,22.1,247.0,0.0,0.0,United Kingdom
London,GB,2009-11-05,12:00:00,1257397200,8.6,6.9,11.1,20.7,270.0,1.5,0.0,United Kingdom
London,GB,2009-11-06,12:00:00,1257483600,9.2,6.5,11.3,24.8,239.0,3.6,0.0,United Kingdom
London,GB,2009-11-07,12:00:00,1257570000,6.9,4.1,9.6,18.4,235.0,0.4,0.0,United Kingdom
London,GB,2009-11-08,12:00:00,1257656400,7.2,4.7,8.3,16.4,58.0,3.6,0.0,United Kingdom
London,GB,2009-11-09,12:00:00,1257742800,5.7,2.6,9.7,14.1,345.0,0.0,0.0,United Kingdom
London,GB,2009-11-10,12:00:00,1257829200,5.8,3.4,7.9,7.6,209.0,0.2,0.0,United Kingdom
London,GB,2009-11-11,12:00:00,1257915600,7.5,4.6,10.3,17.9,142.0,0.4,0.0,United Kingdom
London,GB,2009-11-12,12:00:00,1258002000,10.6,7.3,13.3,31.1,198.0,6.1,0.0,United Kingdom
London,GB,2009-11-13,12:00:00,1258088400,12.0,10.2,14.9,41.2,196.0,11.6,0.0,United Kingdom
London,GB,2009-11-14,12:00:00,1258174800,11.4,8.7,15.4,48.2,208.0,9.4,0.0,United Kingdom
London,GB,2009-11-15,12:00:00,1258261200,9.6,6.9,12.7,16.8,202.0,0.0,0.0,United Kingdom
London,GB,2009-11-16,12:00:00,1258347600,10.7,6.6,12.8,32.7,203.0,2.8,0.0,United Kingdom
London,GB,2009-11-17,12:00:00,1258434000,10.0,8.5,12.2,27.8,228.0,0.0,0.0,United Kingdom
London,GB,2009-11-18,12:00:00,1258520400,12.4,10.2,13.6,40.3,225.0,0.0,0.0,United Kingdom
London,GB,2009-11-19,12:00:00,1258606800,12.3,11.5,12.7,32.2,204.0,0.0,0.0,United Kingdom
London,GB,2009-11-20,12:00:00,1258693200,12.2,8.1,13.6,32.4,211.0,2.8,0.0,United Kingdom
London,GB,2009-11-21,12:00:00,1258779600,12.0,7.2,14.4,31.8,176.0,5.1,0.0,United Kingdom
London,GB,2009-11-22,12:00:00,1258866000,9.5,8.4,12.2,35.2,218.0,5.0,0.0,United Kingdom
London,GB,2009-11-23,12:00:00,1258952400,10.0,8.0,12.7,35.2,246.0,9.2,0.0,United Kingdom
London,GB,2009-11-24,12:00:00,1259038800,11.3,7.7,13.1,38.2,227.0,0.3,0.0,United Kingdom
London,GB,2009-11-25,12:00:00,1259125200,10.0,7.8,12.8,44.3,221.0,3.7,0.0,United Kingdom
London,GB,2009-11-26,12:00:00,1259211600,7.9,6.0,9.8,26.3,227.0,0.0,0.0,United Kingdom
London,GB,2009-11-27,12:00:00,1259298000,6.5,4.9,8.8,27.2,238.0,0.2,0.0,United Kingdom
London,GB,2009-11-28,12:00:00,1259384400,6.2,4.6,8.0,28.2,215.0,7.5,0.0,United Kingdom
London,GB,2009-11-29,12:00:00,1259470800,7.7,6.6,9.5,28.4,180.0,10.1,0.0,United Kingdom
London,GB,2009-11-30,12:00:00,1259557200,5.8,3.9,6.8,29.8,5.0,3.9,0.0,United Kingdom
London,GB,2009-12-01,12:00:00,1259643600,3.0,-0.9,5.8,19.5,311.0,0.3,0.0,United Kingdom
London,GB,2009-12-02,12:00:00,1259730000,7.9,5.8,10.1,22.0,174.0,3.5,0.0,United Kingdom
London,GB,2009-12-03,12:00:00,1259816400,5.6,2.3,7.7,23.1,268.0,1.1,0.0,United Kingdom
London,GB,2009-12-04,12:00:00,1259902800,4.0,1.7,6.9,18.9,256.0,1.3,0.0,United Kingdom
London,GB,2009-12-05,12:00:00,1259989200,9.5,7.3,11.1,27.9,207.0,7.1,0.0,United Kingdom
London,GB,2009-12-06,12:00:00,1260075600,10.3,7.2,12.0,34.4,214.0,6.7,0.0,United Kingdom
London,GB,2009-12-07,12:00:00,1260162000,8.2,5.6,10.0,31.2,204.0,5.7,0.0,United Kingdom
London,GB,2009-12-08,12:00:00,1260248400,6.9,4.2,9.5,21.6,226.0,2.4,0.0,United Kingdom
London,GB,2009-12-09,12:00:00,1260334800,10.2,8.5,12.1,20.2,212.0,1.6,0.0,United Kingdom
London,GB,2009-12-10,12:00:00,1260421200,6.9,2.3,8.7,20.9,284.0,0.3,0.0,United Kingdom
London,GB,2009-12-11,12:00:00,1260507600,3.1,-0.8,6.3,13.7,25.0,0.0,0.0,United Kingdom
London,GB,2009-12-12,12:00:00,1260594000,5.3,4.1,7.4,19.7,28.0,0.0,0.0,United Kingdom
London,GB,2009-12-13,12:00:00,1260680400,3.8,1.8,5.9,18.5,21.0,0.4,0.0,United Kingdom
London,GB,2009-12-14,12:00:00,1260766800,2.0,-0.6,4.5,9.6,27.0,0.8,0.0,United Kingdom
London,GB,2009-12-15,12:00:00,1260853200,1.1,-0.1,2.1,10.8,133.0,0.5,0.0,United Kingdom
London,GB,2009-12-16,12:00:00,1260939600,-0.4,-3.5,2.7,14.1,260.0,2.5,0.91,United Kingdom
London,GB,2009-12-17,12:00:00,1261026000,1.8,0.2,3.4,33.9,356.0,1.0,0.0,United Kingdom
London,GB,2009-12-18,12:00:00,1261112400,-0.0,-2.1,1.4,37.4,9.0,1.5,1.47,United Kingdom
London,GB,2009-12-19,12:00:00,1261198800,-2.3,-3.8,-0.1,21.2,307.0,0.0,0.0,United Kingdom
London,GB,2009-12-20,12:00:00,1261285200,-0.6,-2.7,0.7,18.7,266.0,2.1,1.47,United Kingdom
London,GB,2009-12-21,12:00:00,1261371600,-0.5,-4.6,2.6,15.9,173.0,5.1,1.33,United Kingdom
London,GB,2009-12-22,12:00:00,1261458000,-0.4,-3.8,1.9,18.6,250.0,1.4,0.28,United Kingdom
London,GB,2009-12-23,12:00:00,1261544400,0.4,-4.5,4.6,20.1,182.0,1.8,0.0,United Kingdom
London,GB,2009-12-24,12:00:00,1261630800,3.7,1.5,6.2,14.1,156.0,0.0,0.0,United Kingdom
London,GB,2009-12-25,12:00:00,1261717200,2.1,0.6,3.5,21.5,272.0,0.0,0.0,United Kingdom
London,GB,2009-12-26,12:00:00,1261803600,6.3,4.7,8.0,23.3,215.0,0.2,0.0,United Kingdom
London,GB,2009-12-27,12:00:00,1261890000,4.8,2.5,6.2,26.0,249.0,0.0,0.0,United Kingdom
London,GB,2009-12-28,12:00:00,1261976400,1.2,-1.6,4.2,17.0,76.0,0.0,0.0,United Kingdom
London,GB,2009-12-29,12:00:00,1262062800,3.0,1.7,3.7,23.2,79.0,13.8,0.21,United Kingdom
London,GB,2009-12-30,12:00:00,1262149200,4.2,3.6,4.8,20.0,53.0,6.9,0.0,United Kingdom
London,GB,2009-12-31,12:00:00,1262235600,3.0,0.7,4.2,25.5,32.0,0.5,0.0,United Kingdom
London,GB,2010-01-01,12:00:00,1262322000,-0.4,-2.5,2.2,19.1,348.0,0.0,0.0,United Kingdom
London,GB,2010-01-02,12:00:00,1262408400,0.6,-0.9,3.4,16.1,268.0,0.0,0.0,United Kingdom
London,GB,2010-01-03,12:00:00,1262494800,-0.5,-3.4,2.0,13.8,36.0,0.0,0.0,United Kingdom
London,GB,2010-01-04,12:00:00,1262581200,-3.0,-5.3,1.2,10.5,311.0,0.0,0.0,United Kingdom
London,GB,2010-01-05,12:00:00,1262667600,-2.0,-4.3,1.6,13.8,219.0,2.3,1.47,United Kingdom
London,GB,2010-01-06,12:00:00,1262754000,-0.3,-3.0,0.4,21.3,64.0,10.3,7.28,United Kingdom
London,GB,2010-01-07,12:00:00,1262840400,-3.1,-6.6,-0.0,21.1,337.0,0.0,0.0,United Kingdom
London,GB,2010-01-08,12:00:00,1262926800,-2.8,-6.4,0.3,17.8,13.0,0.0,0.0,United Kingdom
London,GB,2010-01-09,12:00:00,1263013200,-1.5,-3.6,0.4,29.6,21.0,0.0,0.0,United Kingdom
London,GB,2010-01-10,12:00:00,1263099600,0.7,-0.2,1.3,22.7,30.0,2.9,1.89,United Kingdom
London,GB,2010-01-11,12:00:00,1263186000,-0.2,-1.0,0.4,9.4,72.0,1.3,0.98,United Kingdom
London,GB,2010-01-12,12:00:00,1263272400,-0.2,-2.0,1.0,20.5,113.0,0.0,0.0,United Kingdom
London,GB,2010-01-13,12:00:00,1263358800,-0.2,-1.1,0.4,17.7,104.0,3.6,2.8,United Kingdom
London,GB,2010-01-14,12:00:00,1263445200,1.1,-1.8,2.7,10.2,58.0,2.8,0.0,United Kingdom
London,GB,2010-01-15,12:00:00,1263531600,2.9,0.4,5.3,19.8,181.0,0.1,0.0,United Kingdom
London,GB,2010-01-16,12:00:00,1263618000,5.2,2.9,7.4,27.9,166.0,4.4,0.0,United Kingdom
London,GB,2010-01-17,12:00:00,1263704400,5.0,1.5,8.0,20.1,265.0,2.7,0.0,United Kingdom
London,GB,2010-01-18,12:00:00,1263790800,3.8,-0.2,8.5,15.0,240.0,0.0,0.0,United Kingdom
London,GB,2010-01-19,12:00:00,1263877200,5.1,3.1,7.5,19.8,115.0,0.0,0.0,United Kingdom
London,GB,2010-01-20,12:00:00,1263963600,2.7,1.6,4.5,20.3,100.0,4.9,1.19,United Kingdom
London,GB,2010-01-21,12:00:00,1264050000,2.7,0.9,4.7,15.9,157.0,0.0,0.0,United Kingdom
London,GB,2010-01-22,12:00:00,1264136400,6.5,4.4,7.7,19.7,163.0,2.4,0.0,United Kingdom
London,GB,2010-01-23,12:00:00,1264222800,6.0,3.8,7.1,13.4,342.0,0.9,0.0,United Kingdom
London,GB,2010-01-24,12:00:00,1264309200,3.6,2.2,5.9,10.4,295.0,0.3,0.0,United Kingdom
London,GB,2010-01-25,12:00:00,1264395600,3.0,1.5,4.1,17.3,18.0,1.8,0.0,United Kingdom
London,GB,2010-01-26,12:00:00,1264482000,0.4,-2.7,2.1,15.6,33.0,0.0,0.0,United Kingdom
London,GB,2010-01-27,12:00:00,1264568400,0.9,-3.3,6.1,20.9,275.0,0.0,0.0,United Kingdom
London,GB,2010-01-28,12:00:00,1264654800,4.6,2.0,6.0,20.0,300.0,0.7,0.0,United Kingdom
London,GB,2010-01-29,12:00:00,1264741200,2.9,-1.1,4.4,25.8,311.0,4.5,0.0,United Kingdom
London,GB,2010-01-30,12:00:00,1264827600,-0.6,-2.6,2.9,19.4,310.0,0.0,0.0,United Kingdom
London,GB,2010-01-31,12:00:00,1264914000,-1.0,-3.7,3.6,15.6,272.0,0.0,0.0,United Kingdom
London,GB,2010-02-01,12:00:00,1265000400,0.7,-1.1,4.2,18.2,284.0,0.0,0.0,United Kingdom
London,GB,2010-02-02,12:00:00,1265086800,4.6,-0.4,7.4,27.4,251.0,2.6,0.0,United Kingdom
London,GB,2010-02-03,12:00:00,1265173200,3.7,1.1,7.5,22.2,223.0,2.2,0.0,United Kingdom
London,GB,2010-02-04,12:00:00,1265259600,6.9,5.1,8.1,20.5,174.0,0.8,0.0,United Kingdom
London,GB,2010-02-05,12:00:00,1265346000,6.4,3.3,9.8,17.7,181.0,4.8,0.0,United Kingdom
London,GB,2010-02-06,12:00:00,1265432400,5.1,3.0,9.0,16.9,49.0,0.0,0.0,United Kingdom
London,GB,2010-02-07,12:00:00,1265518800,4.1,1.9,5.6,12.8,9.0,0.0,0.0,United Kingdom
London,GB,2010-02-08,12:00:00,1265605200,1.5,0.2,2.7,23.5,31.0,0.6,0.0,United Kingdom
London,GB,2010-02-09,12:00:00,1265691600,1.6,-0.1,4.7,22.9,22.0,0.0,0.0,United Kingdom
London,GB,2010-02-10,12:00:00,1265778000,0.6,-1.3,2.4,22.8,3.0,0.4,0.14,United Kingdom
London,GB,2010-02-11,12:00:00,1265864400,0.1,-1.4,2.1,29.8,19.0,0.0,0.0,United Kingdom
London,GB,2010-02-12,12:00:00,1265950800,1.8,0.1,4.3,15.5,17.0,0.2,0.07,United Kingdom
London,GB,2010-02-13,12:00:00,1266037200,1.4,0.3,2.8,20.3,16.0,0.2,0.0,United Kingdom
London,GB,2010-02-14,12:00:00,1266123600,1.0,-1.7,3.8,12.8,344.0,0.6,0.14,United Kingdom
London,GB,2010-02-15,12:00:00,1266210000,0.8,-1.2,2.8,14.1,186.0,0.0,0.14,United Kingdom
London,GB,2010-02-16,12:00:00,1266296400,3.4,2.0,4.4,17.8,204.0,10.5,0.0,United Kingdom
London,GB,2010-02-17,12:00:00,1266382800,2.4,-1.3,6.3,13.4,138.0,2.1,0.07,United Kingdom
London,GB,2010-02-18,12:00:00,1266469200,2.2,-1.9,6.4,17.4,142.0,4.7,0.0,United Kingdom
London,GB,2010-02-19,12:00:00,1266555600,1.9,-1.1,5.0,19.7,283.0,0.2,0.0,United Kingdom
London,GB,2010-02-20,12:00:00,1266642000,0.2,-3.6,5.2,10.9,251.0,0.1,0.0,United Kingdom
London,GB,2010-02-21,12:00:00,1266728400,1.6,-4.0,7.2,18.9,195.0,6.3,1.19,United Kingdom
London,GB,2010-02-22,12:00:00,1266814800,2.2,1.0,2.9,24.8,41.0,11.8,1.26,United Kingdom
London,GB,2010-02-23,12:00:00,1266901200,2.3,0.9,3.8,20.7,74.0,1.8,0.0,United Kingdom
London,GB,2010-02-24,12:00:00,1266987600,6.9,3.8,10.6,17.0,160.0,3.0,0.0,United Kingdom
London,GB,2010-02-25,12:00:00,1267074000,7.1,4.8,9.0,26.0,183.0,5.7,0.0,United Kingdom
London,GB,2010-02-26,12:00:00,1267160400,6.2,3.8,8.1,38.3,254.0,1.0,0.0,United Kingdom
London,GB,2010-02-27,12:00:00,1267246800,6.5,2.7,9.8,20.3,196.0,6.0,0.0,United Kingdom
London,GB,2010-02-28,12:00:00,1267333200,5.0,3.1,5.8,28.2,331.0,11.6,0.0,United Kingdom
London,GB,2010-03-01,12:00:00,1267419600,4.0,-1.1,8.5,17.4,281.0,0.0,0.0,United Kingdom
London,GB,2010-03-02,12:00:00,1267506000,4.3,-0.3,8.7,11.5,19.0,0.0,0.0,United Kingdom
London,GB,2010-03-03,12:00:00,1267592400,2.9,1.2,5.6,23.2,82.0,0.0,0.0,United Kingdom
London,GB,2010-03-04,12:00:00,1267678800,3.3,-0.9,6.4,23.6,52.0,0.0,0.0,United Kingdom
London,GB,2010-03-05,12:00:00,1267765200,2.1,-3.2,7.5,15.5,302.0,0.0,0.0,United Kingdom
London,GB,2010-03-06,12:00:00,1267851600,2.8,-0.7,6.0,17.9,31.0,0.0,0.0,United Kingdom
London,GB,2010-03-07,12:00:00,1267938000,-0.3,-3.2,2.9,18.8,65.0,0.0,0.0,United Kingdom
London,GB,2010-03-08,12:00:00,1268024400,1.0,-3.4,4.7,20.4,42.0,0.0,0.0,United Kingdom
London,GB,2010-03-09,12:00:00,1268110800,3.4,1.0,6.6,21.2,39.0,0.0,0.0,United Kingdom
London,GB,2010-03-10,12:00:00,1268197200,2.9,0.8,4.8,22.4,35.0,0.0,0.0,United Kingdom
London,GB,2010-03-11,12:00:00,1268283600,3.2,1.2,5.7,20.3,19.0,0.0,0.0,United Kingdom
London,GB,2010-03-12,12:00:00,1268370000,3.9,-0.2,8.3,15.2,322.0,2.5,0.07,United Kingdom
London,GB,2010-03-13,12:00:00,1268456400,5.6,2.6,8.6,14.7,323.0,0.0,0.0,United Kingdom
London,GB,2010-03-14,12:00:00,1268542800,6.3,2.9,9.7,23.4,306.0,0.0,0.0,United Kingdom
London,GB,2010-03-15,12:00:00,1268629200,6.3,2.0,11.1,23.1,289.0,0.0,0.0,United Kingdom
London,GB,2010-03-16,12:00:00,1268715600,5.5,0.8,10.7,14.0,232.0,0.0,0.0,United Kingdom
London,GB,2010-03-17,12:00:00,1268802000,8.0,3.6,13.5,16.1,209.0,0.0,0.0,United Kingdom
London,GB,2010-03-18,12:00:00,1268888400,9.6,5.4,13.8,26.9,190.0,0.5,0.0,United Kingdom
London,GB,2010-03-19,12:00:00,1268974800,10.1,8.5,11.3,25.9,206.0,3.9,0.0,United Kingdom
London,GB,2010-03-20,12:00:00,1269061200,11.0,9.5,12.5,25.3,208.0,2.1,0.0,United Kingdom
London,GB,2010-03-21,12:00:00,1269147600,8.8,5.4,12.4,17.0,290.0,0.5,0.0,United Kingdom
London,GB,2010-03-22,12:00:00,1269234000,8.4,5.6,11.2,29.2,209.0,0.2,0.0,United Kingdom
London,GB,2010-03-23,12:00:00,1269320400,7.2,0.8,12.2,21.2,179.0,0.2,0.0,United Kingdom
London,GB,2010-03-24,12:00:00,1269406800,11.1,7.8,16.0,14.8,157.0,1.8,0.0,United Kingdom
London,GB,2010-03-25,12:00:00,1269493200,11.0,8.2,13.8,24.3,171.0,7.5,0.0,United Kingdom
London,GB,2010-03-26,12:00:00,1269579600,9.1,7.0,11.7,27.1,197.0,0.5,0.0,United Kingdom
London,GB,2010-03-27,12:00:00,1269666000,9.2,6.7,12.7,15.5,244.0,1.0,0.0,United Kingdom
London,GB,2010-03-28,12:00:00,1269752400,8.3,4.5,12.5,20.1,243.0,3.0,0.0,United Kingdom
London,GB,2010-03-29,12:00:00,1269838800,9.2,6.7,11.5,20.7,177.0,8.6,0.0,United Kingdom
London,GB,2010-03-30,12:00:00,1269925200,7.9,4.9,11.3,31.6,202.0,5.8,0.0,United Kingdom
London,GB,2010-03-31,12:00:00,1270011600,4.6,2.9,5.5,30.5,241.0,3.9,0.0,United Kingdom
London,GB,2010-04-01,12:00:00,1270098000,4.9,1.1,9.1,24.5,248.0,0.8,0.0,United Kingdom
London,GB,2010-04-02,12:00:00,1270184400,6.6,5.0,9.2,28.7,184.0,6.3,0.0,United Kingdom
London,GB,2010-04-03,12:00:00,1270270800,7.1,4.1,10.6,18.6,171.0,4.1,0.0,United Kingdom
London,GB,2010-04-04,12:00:00,1270357200,6.9,4.5,10.3,22.5,298.0,3.0,0.0,United Kingdom
London,GB,2010-04-05,12:00:00,1270443600,7.9,3.2,11.9,29.9,213.0,0.3,0.0,United Kingdom
London,GB,2010-04-06,12:00:00,1270530000,10.2,6.2,14.5,24.3,173.0,0.0,0.0,United Kingdom
London,GB,2010-04-07,12:00:00,1270616400,8.9,5.6,13.0,18.7,319.0,0.3,0.0,United Kingdom
London,GB,2010-04-08,12:00:00,1270702800,8.9,2.4,14.6,12.5,323.0,0.0,0.0,United Kingdom
London,GB,2010-04-09,12:00:00,1270789200,11.2,5.9,16.4,8.4,346.0,0.0,0.0,United Kingdom
London,GB,2010-04-10,12:00:00,1270875600,10.2,5.1,15.1,14.8,70.0,0.0,0.0,United Kingdom
London,GB,2010-04-11,12:00:00,1270962000,7.5,4.6,11.2,22.9,43.0,0.0,0.0,United Kingdom
London,GB,2010-04-12,12:00:00,1271048400,8.3,4.9,12.3,24.8,34.0,0.6,0.0,United Kingdom
London,GB,2010-04-13,12:00:00,1271134800,7.9,3.4,13.0,21.4,24.0,0.0,0.0,United Kingdom
London,GB,2010-04-14,12:00:00,1271221200,7.3,4.5,10.0,16.5,35.0,0.0,0.0,United Kingdom
London,GB,2010-04-15,12:00:00,1271307600,7.5,2.9,12.5,19.7,28.0,0.0,0.0,United Kingdom
London,GB,2010-04-16,12:00:00,1271394000,7.2,3.7,10.8,20.7,41.0,0.0,0.0,United Kingdom
London,GB,2010-04-17,12:00:00,1271480400,7.7,2.2,13.9,8.3,118.0,0.0,0.0,United Kingdom
London,GB,2010-04-18,12:00:00,1271566800,9.8,3.1,16.2,15.5,128.0,0.0,0.0,United Kingdom
London,GB,2010-04-19,12:00:00,1271653200,9.9,6.1,14.4,13.5,143.0,0.0,0.0,United Kingdom
London,GB,2010-04-20,12:00:00,1271739600,8.8,4.1,12.5,18.4,315.0,0.0,0.0,United Kingdom
London,GB,2010-04-21,12:00:00,1271826000,6.7,1.5,11.0,13.9,351.0,0.0,0.0,United Kingdom
London,GB,2010-04-22,12:00:00,1271912400,7.2,3.0,11.8,9.5,91.0,0.0,0.0,United Kingdom
London,GB,2010-04-23,12:00:00,1271998800,8.8,3.3,14.4,7.9,140.0,0.0,0.0,United Kingdom
London,GB,2010-04-24,12:00:00,1272085200,10.4,2.0,17.7,12.5,145.0,0.0,0.0,United Kingdom
London,GB,2010-04-25,12:00:00,1272171600,11.9,6.8,17.1,20.3,226.0,2.0,0.0,United Kingdom
London,GB,2010-04-26,12:00:00,1272258000,12.2,8.8,16.2,17.3,265.0,1.1,0.0,United Kingdom
London,GB,2010-04-27,12:00:00,1272344400,12.8,6.8,18.5,13.1,200.0,0.0,0.0,United Kingdom
London,GB,2010-04-28,12:00:00,1272430800,13.2,6.9,18.7,18.6,185.0,0.1,0.0,United Kingdom
London,GB,2010-04-29,12:00:00,1272517200,13.8,8.3,19.1,12.7,235.0,1.7,0.0,United Kingdom
London,GB,2010-04-30,12:00:00,1272603600,11.8,8.6,14.9,23.9,246.0,1.6,0.0,United Kingdom
London,GB,2010-05-01,12:00:00,1272690000,10.9,7.9,14.1,15.3,244.0,4.3,0.0,United Kingdom
London,GB,2010-05-02,12:00:00,1272776400,8.2,5.3,9.2,27.2,29.0,10.9,0.0,United Kingdom
London,GB,2010-05-03,12:00:00,1272862800,7.1,4.2,10.4,29.0,6.0,0.3,0.0,United Kingdom
London,GB,2010-05-04,12:00:00,1272949200,7.0,3.7,10.2,20.8,10.0,0.0,0.0,United Kingdom
London,GB,2010-05-05,12:00:00,1273035600,8.7,3.1,13.4,14.1,21.0,0.0,0.0,United Kingdom
London,GB,2010-05-06,12:00:00,1273122000,9.4,6.6,13.6,18.4,32.0,0.0,0.0,United Kingdom
London,GB,2010-05-07,12:00:00,1273208400,8.3,5.1,12.1,21.4,30.0,0.3,0.0,United Kingdom
London,GB,2010-05-08,12:00:00,1273294800,7.8,5.7,9.5,19.8,22.0,1.4,0.0,United Kingdom
London,GB,2010-05-09,12:00:00,1273381200,8.5,6.3,11.6,19.0,40.0,0.2,0.0,United Kingdom
London,GB,2010-05-10,12:00:00,1273467600,7.7,3.5,11.7,18.5,42.0,0.0,0.0,United Kingdom
London,GB,2010-05-11,12:00:00,1273554000,6.8,2.9,10.0,19.0,34.0,0.3,0.0,United Kingdom
London,GB,2010-05-12,12:00:00,1273640400,6.4,0.2,10.9,13.1,20.0,0.2,0.0,United Kingdom
London,GB,2010-05-13,12:00:00,1273726800,7.5,1.6,11.9,11.7,185.0,0.4,0.0,United Kingdom
London,GB,2010-05-14,12:00:00,1273813200,8.9,3.3,13.2,17.1,200.0,0.0,0.0,United Kingdom
London,GB,2010-05-15,12:00:00,1273899600,10.0,2.9,15.3,12.5,298.0,0.0,0.0,United Kingdom
London,GB,2010-05-16,12:00:00,1273986000,10.3,5.1,14.3,18.5,259.0,4.3,0.0,United Kingdom
London,GB,2010-05-17,12:00:00,1274072400,11.0,5.0,15.1,11.4,310.0,0.3,0.0,United Kingdom
London,GB,2010-05-18,12:00:00,1274158800,12.2,6.8,16.8,11.0,147.0,0.1,0.0,United Kingdom
London,GB,2010-05-19,12:00:00,1274245200,14.1,7.7,19.3,10.5,216.0,0.0,0.0,United Kingdom
London,GB,2010-05-20,12:00:00,1274331600,15.9,9.4,19.6,7.6,321.0,0.1,0.0,United Kingdom
London,GB,2010-05-21,12:00:00,1274418000,17.7,13.2,21.5,11.6,62.0,0.0,0.0,United Kingdom
London,GB,2010-05-22,12:00:00,1274504400,14.8,9.6,20.5,12.3,65.0,0.0,0.0,United Kingdom
London,GB,2010-05-23,12:00:00,1274590800,17.5,8.9,24.6,8.8,114.0,0.0,0.0,United Kingdom
London,GB,2010-05-24,12:00:00,1274677200,19.0,11.6,25.5,19.8,282.0,0.0,0.0,United Kingdom
London,GB,2010-05-25,12:00:00,1274763600,13.8,10.6,17.2,19.7,75.0,0.0,0.0,United Kingdom
London,GB,2010-05-26,12:00:00,1274850000,11.5,9.6,14.7,18.5,70.0,0.0,0.0,United Kingdom
London,GB,2010-05-27,12:00:00,1274936400,11.4,9.2,15.4,13.3,237.0,2.8,0.0,United Kingdom
London,GB,2010-05-28,12:00:00,1275022800,12.4,5.8,17.3,17.9,262.0,0.0,0.0,United Kingdom
London,GB,2010-05-29,12:00:00,1275109200,12.4,9.2,15.6,30.9,198.0,7.0,0.0,United Kingdom
London,GB,2010-05-30,12:00:00,1275195600,14.1,11.7,17.3,27.9,292.0,0.0,0.0,United Kingdom
London,GB,2010-05-31,12:00:00,1275282000,13.1,9.6,16.1,20.7,345.0,0.5,0.0,United Kingdom
London,GB,2010-06-01,12:00:00,1275368400,12.1,9.4,13.9,10.9,136.0,6.0,0.0,United Kingdom
London,GB,2010-06-02,12:00:00,1275454800,13.8,6.9,19.9,8.8,29.0,0.0,0.0,United Kingdom
London,GB,2010-06-03,12:00:00,1275541200,14.6,7.9,20.0,16.2,80.0,0.0,0.0,United Kingdom
London,GB,2010-06-04,12:00:00,1275627600,16.9,8.7,24.0,12.8,113.0,0.0,0.0,United Kingdom
London,GB,2010-06-05,12:00:00,1275714000,19.0,11.1,24.8,9.8,148.0,0.5,0.0,United Kingdom
London,GB,2010-06-06,12:00:00,1275800400,18.2,14.7,22.4,19.9,272.0,2.3,0.0,United Kingdom
London,GB,2010-06-07,12:00:00,1275886800,14.9,12.1,18.7,14.5,246.0,2.0,0.0,United Kingdom
London,GB,2010-06-08,12:00:00,1275973200,14.7,11.7,18.3,18.9,173.0,12.0,0.0,United Kingdom
London,GB,2010-06-09,12:00:00,1276059600,15.5,11.3,19.4,12.5,119.0,2.8,0.0,United Kingdom
London,GB,2010-06-10,12:00:00,1276146000,15.8,13.3,19.2,26.0,32.0,0.0,0.0,United Kingdom
London,GB,2010-06-11,12:00:00,1276232400,14.7,12.3,18.3,20.3,356.0,3.1,0.0,United Kingdom
London,GB,2010-06-12,12:00:00,1276318800,14.1,9.3,17.4,14.5,356.0,0.0,0.0,United Kingdom
London,GB,2010-06-13,12:00:00,1276405200,14.5,9.9,18.3,19.1,202.0,0.9,0.0,United Kingdom
London,GB,2010-06-14,12:00:00,1276491600,14.3,9.1,18.7,22.0,40.0,2.1,0.0,United Kingdom
London,GB,2010-06-15,12:00:00,1276578000,12.7,9.9,15.8,23.0,32.0,0.0,0.0,United Kingdom
London,GB,2010-06-16,12:00:00,1276664400,12.5,8.4,17.0,22.7,37.0,0.0,0.0,United Kingdom
London,GB,2010-06-17,12:00:00,1276750800,14.0,7.9,19.7,18.4,31.0,0.0,0.0,United Kingdom
London,GB,2010-06-18,12:00:00,1276837200,13.4,10.4,17.5,15.0,26.0,1.5,0.0,United Kingdom
London,GB,2010-06-19,12:00:00,1276923600,11.7,8.8,14.3,24.5,359.0,0.0,0.0,United Kingdom
London,GB,2010-06-20,12:00:00,1277010000,12.3,7.7,16.1,19.0,351.0,0.0,0.0,United Kingdom
London,GB,2010-06-21,12:00:00,1277096400,16.4,10.8,20.9,10.5,74.0,0.0,0.0,United Kingdom
London,GB,2010-06-22,12:00:00,1277182800,18.7,11.5,24.4,11.6,245.0,0.0,0.0,United Kingdom
London,GB,2010-06-23,12:00:00,1277269200,19.3,11.7,25.1,11.5,256.0,0.0,0.0,United Kingdom
London,GB,2010-06-24,12:00:00,1277355600,18.9,12.5,22.8,12.2,286.0,0.0,0.0,United Kingdom
London,GB,2010-06-25,12:00:00,1277442000,19.8,15.5,23.5,11.3,19.0,0.0,0.0,United Kingdom
London,GB,2010-06-26,12:00:00,1277528400,19.5,14.7,23.2,13.5,112.0,0.3,0.0,United Kingdom
London,GB,2010-06-27,12:00:00,1277614800,21.1,13.4,27.4,9.9,215.0,0.0,0.0,United Kingdom
London,GB,2010-06-28,12:00:00,1277701200,20.9,14.7,26.2,12.6,280.0,0.2,0.0,United Kingdom
London,GB,2010-06-29,12:00:00,1277787600,19.9,15.5,25.0,18.8,246.0,3.0,0.0,United Kingdom
London,GB,2010-06-30,12:00:00,1277874000,19.9,15.3,24.2,13.2,228.0,0.0,0.0,United Kingdom
London,GB,2010-07-01,12:00:00,1277960400,19.3,13.6,24.5,19.6,204.0,0.0,0.0,United Kingdom
London,GB,2010-07-02,12:00:00,1278046800,20.6,16.8,24.1,20.4,213.0,1.5,0.0,United Kingdom
London,GB,2010-07-03,12:00:00,1278133200,19.6,15.6,23.7,14.0,279.0,0.0,0.0,United Kingdom
London,GB,2010-07-04,12:00:00,1278219600,18.0,12.4,21.9,26.1,239.0,0.0,0.0,United Kingdom
London,GB,2010-07-05,12:00:00,1278306000,18.4,14.7,22.4,16.7,290.0,0.0,0.0,United Kingdom
London,GB,2010-07-06,12:00:00,1278392400,17.1,11.5,21.2,16.8,244.0,0.0,0.0,United Kingdom
London,GB,2010-07-07,12:00:00,1278478800,17.3,13.1,22.1,21.6,214.0,2.1,0.0,United Kingdom
London,GB,2010-07-08,12:00:00,1278565200,19.7,15.0,25.1,14.8,220.0,0.2,0.0,United Kingdom
London,GB,2010-07-09,12:00:00,1278651600,21.2,13.6,28.0,12.9,235.0,0.0,0.0,United Kingdom
London,GB,2010-07-10,12:00:00,1278738000,21.0,15.0,26.2,18.0,217.0,0.0,0.0,United Kingdom
London,GB,2010-07-11,12:00:00,1278824400,20.6,15.4,25.1,24.0,218.0,0.0,0.0,United Kingdom
London,GB,2010-07-12,12:00:00,1278910800,19.2,16.5,22.9,16.9,254.0,0.0,0.0,United Kingdom
London,GB,2010-07-13,12:00:00,1278997200,17.8,13.9,22.2,14.2,133.0,5.7,0.0,United Kingdom
London,GB,2010-07-14,12:00:00,1279083600,17.8,15.1,21.0,21.7,180.0,1.2,0.0,United Kingdom
London,GB,2010-07-15,12:00:00,1279170000,17.3,14.7,20.1,34.8,205.0,1.0,0.0,United Kingdom
London,GB,2010-07-16,12:00:00,1279256400,17.3,13.9,20.0,34.4,211.0,3.4,0.0,United Kingdom
London,GB,2010-07-17,12:00:00,1279342800,16.5,12.7,20.1,22.7,252.0,0.0,0.0,United Kingdom
London,GB,2010-07-18,12:00:00,1279429200,16.5,10.8,21.5,21.1,216.0,2.4,0.0,United Kingdom
London,GB,2010-07-19,12:00:00,1279515600,19.6,12.7,25.9,17.2,203.0,0.0,0.0,United Kingdom
London,GB,2010-07-20,12:00:00,1279602000,20.8,15.4,25.6,15.3,185.0,0.0,0.0,United Kingdom
London,GB,2010-07-21,12:00:00,1279688400,18.8,15.5,22.3,19.6,217.0,0.0,0.0,United Kingdom
London,GB,2010-07-22,12:00:00,1279774800,16.9,13.4,20.1,15.9,207.0,3.6,0.0,United Kingdom
London,GB,2010-07-23,12:00:00,1279861200,17.1,12.9,22.2,13.2,4.0,0.1,0.0,United Kingdom
London,GB,2010-07-24,12:00:00,1279947600,18.7,14.3,22.7,14.3,247.0,0.0,0.0,United Kingdom
London,GB,2010-07-25,12:00:00,1280034000,19.3,16.5,23.4,15.2,291.0,0.0,0.0,United Kingdom
London,GB,2010-07-26,12:00:00,1280120400,19.1,16.8,21.3,14.7,318.0,0.3,0.0,United Kingdom
London,GB,2010-07-27,12:00:00,1280206800,19.3,16.1,21.9,15.5,268.0,2.3,0.0,United Kingdom
London,GB,2010-07-28,12:00:00,1280293200,18.6,16.2,21.6,20.3,295.0,0.0,0.0,United Kingdom
London,GB,2010-07-29,12:00:00,1280379600,17.3,12.8,20.3,16.3,313.0,0.1,0.0,United Kingdom
London,GB,2010-07-30,12:00:00,1280466000,17.6,12.7,22.0,16.5,262.0,0.0,0.0,United Kingdom
London,GB,2010-07-31,12:00:00,1280552400,19.1,16.8,22.8,18.2,244.0,0.1,0.0,United Kingdom
London,GB,2010-08-01,12:00:00,1280638800,17.7,13.1,21.8,12.3,262.0,0.0,0.0,United Kingdom
London,GB,2010-08-02,12:00:00,1280725200,17.4,14.9,21.0,13.7,338.0,0.2,0.0,United Kingdom
London,GB,2010-08-03,12:00:00,1280811600,17.5,12.5,21.7,17.7,254.0,0.0,0.0,United Kingdom
London,GB,2010-08-04,12:00:00,1280898000,16.1,14.0,17.6,17.3,275.0,12.8,0.0,United Kingdom
London,GB,2010-08-05,12:00:00,1280984400,15.8,11.4,19.5,17.9,291.0,0.0,0.0,United Kingdom
London,GB,2010-08-06,12:00:00,1281070800,15.6,10.2,19.1,25.1,211.0,1.0,0.0,United Kingdom
London,GB,2010-08-07,12:00:00,1281157200,17.7,15.7,21.2,16.9,239.0,3.3,0.0,United Kingdom
London,GB,2010-08-08,12:00:00,1281243600,17.5,13.9,22.0,14.6,347.0,0.0,0.0,United Kingdom
London,GB,2010-08-09,12:00:00,1281330000,18.0,13.0,22.4,19.9,224.0,0.0,0.0,United Kingdom
London,GB,2010-08-10,12:00:00,1281416400,17.1,15.6,19.3,18.5,227.0,12.1,0.0,United Kingdom
London,GB,2010-08-11,12:00:00,1281502800,16.5,10.6,20.4,13.0,281.0,0.0,0.0,United Kingdom
London,GB,2010-08-12,12:00:00,1281589200,15.5,11.8,18.8,17.4,298.0,0.8,0.0,United Kingdom
London,GB,2010-08-13,12:00:00,1281675600,14.0,11.4,17.9,19.1,307.0,5.5,0.0,United Kingdom
London,GB,2010-08-14,12:00:00,1281762000,15.0,12.9,18.2,14.5,14.0,5.0,0.0,United Kingdom
London,GB,2010-08-15,12:00:00,1281848400,16.7,13.4,20.9,23.7,15.0,0.0,0.0,United Kingdom
London,GB,2010-08-16,12:00:00,1281934800,16.4,12.7,21.5,24.2,331.0,0.0,0.0,United Kingdom
London,GB,2010-08-17,12:00:00,1282021200,16.4,14.9,18.2,19.0,248.0,2.3,0.0,United Kingdom
London,GB,2010-08-18,12:00:00,1282107600,16.1,12.6,19.4,16.5,271.0,0.5,0.0,United Kingdom
London,GB,2010-08-19,12:00:00,1282194000,15.9,11.5,19.7,19.9,212.0,3.2,0.0,United Kingdom
London,GB,2010-08-20,12:00:00,1282280400,18.7,15.2,22.1,27.0,207.0,3.0,0.0,United Kingdom
London,GB,2010-08-21,12:00:00,1282366800,19.8,18.6,21.5,25.2,215.0,0.2,0.0,United Kingdom
London,GB,2010-08-22,12:00:00,1282453200,19.3,17.2,22.6,18.9,225.0,3.0,0.0,United Kingdom
London,GB,2010-08-23,12:00:00,1282539600,17.8,14.5,21.2,31.0,234.0,17.7,0.0,United Kingdom
London,GB,2010-08-24,12:00:00,1282626000,15.3,11.6,18.6,32.5,252.0,0.7,0.0,United Kingdom
London,GB,2010-08-25,12:00:00,1282712400,14.1,11.3,17.5,18.4,175.0,25.9,0.0,United Kingdom
London,GB,2010-08-26,12:00:00,1282798800,17.6,14.3,20.1,21.7,232.0,13.7,0.0,United Kingdom
London,GB,2010-08-27,12:00:00,1282885200,14.1,11.2,17.0,20.5,8.0,5.7,0.0,United Kingdom
London,GB,2010-08-28,12:00:00,1282971600,14.2,10.1,18.0,20.7,289.0,0.0,0.0,United Kingdom
London,GB,2010-08-29,12:00:00,1283058000,13.7,11.7,15.8,30.1,291.0,0.3,0.0,United Kingdom
London,GB,2010-08-30,12:00:00,1283144400,13.4,9.2,17.3,22.4,349.0,0.0,0.0,United Kingdom
London,GB,2010-08-31,12:00:00,1283230800,12.4,7.0,16.7,9.4,44.0,0.0,0.0,United Kingdom
London,GB,2010-09-01,12:00:00,1283317200,13.5,8.1,18.5,10.6,87.0,0.0,0.0,United Kingdom
London,GB,2010-09-02,12:00:00,1283403600,13.8,8.1,19.1,13.8,69.0,0.0,0.0,United Kingdom
London,GB,2010-09-03,12:00:00,1283490000,14.6,10.4,18.6,11.6,75.0,0.0,0.0,United Kingdom
London,GB,2010-09-04,12:00:00,1283576400,14.5,8.8,19.6,13.0,101.0,0.0,0.0,United Kingdom
London,GB,2010-09-05,12:00:00,1283662800,15.5,11.8,18.5,20.0,104.0,0.5,0.0,United Kingdom
London,GB,2010-09-06,12:00:00,1283749200,15.8,13.0,18.3,26.6,114.0,8.3,0.0,United Kingdom
London,GB,2010-09-07,12:00:00,1283835600,14.8,11.2,18.7,14.4,187.0,1.2,0.0,United Kingdom
London,GB,2010-09-08,12:00:00,1283922000,14.4,11.8,17.0,10.0,332.0,2.5,0.0,United Kingdom
London,GB,2010-09-09,12:00:00,1284008400,14.8,10.7,18.7,15.3,266.0,0.3,0.0,United Kingdom
London,GB,2010-09-10,12:00:00,1284094800,16.0,11.9,19.7,26.0,223.0,0.0,0.0,United Kingdom
London,GB,2010-09-11,12:00:00,1284181200,16.9,14.8,19.9,26.7,217.0,2.0,0.0,United Kingdom
London,GB,2010-09-12,12:00:00,1284267600,14.7,10.5,18.4,17.3,301.0,0.0,0.0,United Kingdom
London,GB,2010-09-13,12:00:00,1284354000,13.6,8.2,17.9,24.0,238.0,1.0,0.0,United Kingdom
London,GB,2010-09-14,12:00:00,1284440400,16.5,14.2,18.7,31.9,244.0,1.5,0.0,United Kingdom
London,GB,2010-09-15,12:00:00,1284526800,13.5,9.3,16.1,29.9,265.0,0.0,0.0,United Kingdom
London,GB,2010-09-16,12:00:00,1284613200,13.2,10.1,16.0,19.4,289.0,0.2,0.0,United Kingdom
London,GB,2010-09-17,12:00:00,1284699600,11.6,8.0,15.4,20.7,305.0,0.0,0.0,United Kingdom
London,GB,2010-09-18,12:00:00,1284786000,11.3,6.7,16.0,11.4,290.0,0.3,0.0,United Kingdom
London,GB,2010-09-19,12:00:00,1284872400,13.5,10.3,17.1,23.7,233.0,0.0,0.0,United Kingdom
London,GB,2010-09-20,12:00:00,1284958800,16.0,12.2,19.2,20.9,243.0,0.1,0.0,United Kingdom
London,GB,2010-09-21,12:00:00,1285045200,14.5,10.1,20.0,9.1,189.0,0.0,0.0,United Kingdom
London,GB,2010-09-22,12:00:00,1285131600,15.4,9.7,21.8,17.9,186.0,0.0,0.0,United Kingdom
London,GB,2010-09-23,12:00:00,1285218000,15.2,12.9,17.5,16.0,210.0,5.0,0.0,United Kingdom
London,GB,2010-09-24,12:00:00,1285304400,11.8,9.7,14.4,29.5,337.0,0.7,0.0,United Kingdom
London,GB,2010-09-25,12:00:00,1285390800,9.9,6.1,13.2,22.1,338.0,0.0,0.0,United Kingdom
London,GB,2010-09-26,12:00:00,1285477200,10.7,7.7,14.1,29.9,332.0,4.1,0.0,United Kingdom
London,GB,2010-09-27,12:00:00,1285563600,13.2,10.8,15.8,19.3,351.0,0.2,0.0,United Kingdom
London,GB,2010-09-28,12:00:00,1285650000,14.1,11.7,16.4,8.8,9.0,0.3,0.0,United Kingdom
London,GB,2010-09-29,12:00:00,1285736400,14.1,13.2,15.3,20.1,186.0,10.1,0.0,United Kingdom
London,GB,2010-09-30,12:00:00,1285822800,12.1,7.3,16.1,13.0,243.0,0.1,0.0,United Kingdom
London,GB,2010-10-01,12:00:00,1285909200,13.6,11.3,14.8,30.7,175.0,15.6,0.0,United Kingdom
London,GB,2010-10-02,12:00:00,1285995600,13.4,7.9,17.2,18.0,194.0,11.3,0.0,United Kingdom
London,GB,2010-10-03,12:00:00,1286082000,15.6,12.7,17.9,31.1,186.0,7.4,0.0,United Kingdom
London,GB,2010-10-04,12:00:00,1286168400,14.3,12.0,17.6,12.6,45.0,5.0,0.0,United Kingdom
London,GB,2010-10-05,12:00:00,1286254800,14.3,11.4,16.7,19.2,199.0,0.0,0.0,United Kingdom
London,GB,2010-10-06,12:00:00,1286341200,14.0,10.4,16.5,19.5,211.0,6.0,0.0,United Kingdom
London,GB,2010-10-07,12:00:00,1286427600,12.5,7.0,17.3,17.7,111.0,1.7,0.0,United Kingdom
London,GB,2010-10-08,12:00:00,1286514000,15.5,13.9,17.8,17.7,87.0,1.8,0.0,United Kingdom
London,GB,2010-10-09,12:00:00,1286600400,14.9,13.4,17.1,22.3,64.0,0.0,0.0,United Kingdom
London,GB,2010-10-10,12:00:00,1286686800,14.5,11.1,17.7,21.1,52.0,0.0,0.0,United Kingdom
London,GB,2010-10-11,12:00:00,1286773200,12.4,9.8,16.8,23.7,36.0,0.0,0.0,United Kingdom
London,GB,2010-10-12,12:00:00,1286859600,11.3,9.6,13.2,19.4,38.0,0.0,0.0,United Kingdom
London,GB,2010-10-13,12:00:00,1286946000,9.9,8.2,11.6,15.5,20.0,0.0,0.0,United Kingdom
London,GB,2010-10-14,12:00:00,1287032400,9.9,8.2,11.6,13.4,6.0,0.0,0.0,United Kingdom
London,GB,2010-10-15,12:00:00,1287118800,11.0,9.6,13.1,16.3,337.0,1.3,0.0,United Kingdom
London,GB,2010-10-16,12:00:00,1287205200,9.4,7.0,12.8,23.8,5.0,0.6,0.0,United Kingdom
London,GB,2010-10-17,12:00:00,1287291600,8.3,5.3,11.7,12.9,350.0,0.0,0.0,United Kingdom
London,GB,2010-10-18,12:00:00,1287378000,8.9,4.5,13.4,18.0,252.0,0.0,0.0,United Kingdom
London,GB,2010-10-19,12:00:00,1287464400,9.4,6.1,12.0,20.3,290.0,1.7,0.0,United Kingdom
London,GB,2010-10-20,12:00:00,1287550800,4.8,1.3,7.9,19.3,316.0,0.0,0.0,United Kingdom
London,GB,2010-10-21,12:00:00,1287637200,5.4,-0.1,11.1,21.2,246.0,0.0,0.0,United Kingdom
London,GB,2010-10-22,12:00:00,1287723600,8.3,4.2,12.7,20.0,235.0,0.0,0.0,United Kingdom
London,GB,2010-10-23,12:00:00,1287810000,9.6,6.2,11.3,26.2,252.0,7.0,0.0,United Kingdom
London,GB,2010-10-24,12:00:00,1287896400,5.8,2.4,9.8,16.9,343.0,0.0,0.0,United Kingdom
London,GB,2010-10-25,12:00:00,1287982800,4.6,1.2,9.3,13.7,326.0,0.0,0.0,United Kingdom
London,GB,2010-10-26,12:00:00,1288069200,7.1,0.6,12.5,28.2,209.0,3.9,0.0,United Kingdom
London,GB,2010-10-27,12:00:00,1288155600,12.7,10.3,15.4,25.0,225.0,0.1,0.0,United Kingdom
London,GB,2010-10-28,12:00:00,1288242000,12.2,9.9,15.3,24.4,216.0,0.1,0.0,United Kingdom
London,GB,2010-10-29,12:00:00,1288328400,12.3,10.7,14.2,29.8,186.0,3.1,0.0,United Kingdom
London,GB,2010-10-30,12:00:00,1288414800,10.7,8.0,13.6,17.9,193.0,0.2,0.0,United Kingdom
London,GB,2010-10-31,12:00:00,1288501200,10.1,8.9,11.9,14.0,76.0,1.6,0.0,United Kingdom
London,GB,2010-11-01,12:00:00,1288587600,9.7,8.2,11.4,16.6,304.0,0.0,0.0,United Kingdom
London,GB,2010-11-02,12:00:00,1288674000,12.8,10.4,14.6,29.3,231.0,0.0,0.0,United Kingdom
London,GB,2010-11-03,12:00:00,1288760400,14.0,12.9,14.9,29.4,242.0,0.2,0.0,United Kingdom
London,GB,2010-11-04,12:00:00,1288846800,14.9,13.9,15.9,35.1,238.0,0.0,0.0,United Kingdom
London,GB,2010-11-05,12:00:00,1288933200,14.7,13.4,15.1,29.2,241.0,2.7,0.0,United Kingdom
London,GB,2010-11-06,12:00:00,1289019600,9.3,6.6,12.8,13.9,309.0,4.1,0.0,United Kingdom
London,GB,2010-11-07,12:00:00,1289106000,5.6,3.3,8.3,19.4,19.0,0.7,0.0,United Kingdom
London,GB,2010-11-08,12:00:00,1289192400,4.9,2.9,6.2,32.3,136.0,13.4,0.0,United Kingdom
London,GB,2010-11-09,12:00:00,1289278800,6.7,5.0,8.8,24.7,48.0,2.3,0.0,United Kingdom
London,GB,2010-11-10,12:00:00,1289365200,4.2,0.4,6.8,24.5,332.0,0.0,0.0,United Kingdom
London,GB,2010-11-11,12:00:00,1289451600,8.1,0.2,13.2,39.8,221.0,6.2,0.0,United Kingdom
London,GB,2010-11-12,12:00:00,1289538000,10.6,9.4,12.2,39.2,246.0,3.0,0.0,United Kingdom
London,GB,2010-11-13,12:00:00,1289624400,9.1,7.1,11.5,20.3,234.0,0.2,0.0,United Kingdom
London,GB,2010-11-14,12:00:00,1289710800,7.0,4.0,8.3,13.8,282.0,9.5,0.0,United Kingdom
London,GB,2010-11-15,12:00:00,1289797200,2.8,-0.4,5.9,9.0,233.0,0.0,0.0,United Kingdom
London,GB,2010-11-16,12:00:00,1289883600,3.6,1.0,6.2,18.3,161.0,0.0,0.0,United Kingdom
London,GB,2010-11-17,12:00:00,1289970000,5.9,5.3,6.4,23.8,131.0,4.7,0.0,United Kingdom
London,GB,2010-11-18,12:00:00,1290056400,6.7,4.6,9.6,16.2,142.0,2.0,0.0,United Kingdom
London,GB,2010-11-19,12:00:00,1290142800,5.2,1.2,8.8,9.9,167.0,0.0,0.0,United Kingdom
London,GB,2010-11-20,12:00:00,1290229200,7.1,5.7,8.2,18.0,69.0,0.0,0.0,United Kingdom
London,GB,2010-11-21,12:00:00,1290315600,5.7,3.9,8.2,20.6,14.0,0.0,0.0,United Kingdom
London,GB,2010-11-22,12:00:00,1290402000,5.0,3.4,7.5,16.9,9.0,0.5,0.0,United Kingdom
London,GB,2010-11-23,12:00:00,1290488400,4.6,2.4,6.0,19.5,337.0,0.0,0.0,United Kingdom
London,GB,2010-11-24,12:00:00,1290574800,1.5,-1.2,4.2,12.2,309.0,0.0,0.0,United Kingdom
London,GB,2010-11-25,12:00:00,1290661200,0.3,-1.6,2.6,20.3,331.0,0.0,0.0,United Kingdom
London,GB,2010-11-26,12:00:00,1290747600,-1.2,-3.0,2.3,16.2,314.0,0.0,0.0,United Kingdom
London,GB,2010-11-27,12:00:00,1290834000,-1.4,-4.1,2.5,15.0,7.0,0.2,0.07,United Kingdom
London,GB,2010-11-28,12:00:00,1290920400,-2.6,-5.1,0.7,13.4,10.0,0.0,0.0,United Kingdom
London,GB,2010-11-29,12:00:00,1291006800,-0.8,-2.6,2.4,18.0,360.0,0.0,0.0,United Kingdom
London,GB,2010-11-30,12:00:00,1291093200,0.2,-0.8,1.7,20.9,42.0,3.8,2.59,United Kingdom
London,GB,2010-12-01,12:00:00,1291179600,-0.9,-1.6,-0.0,29.9,34.0,2.2,2.31,United Kingdom
London,GB,2010-12-02,12:00:00,1291266000,-2.1,-4.0,-1.1,22.3,37.0,4.9,3.64,United Kingdom
London,GB,2010-12-03,12:00:00,1291352400,-6.4,-9.2,-4.2,18.8,272.0,0.0,0.0,United Kingdom
London,GB,2010-12-04,12:00:00,1291438800,2.0,-1.5,2.8,24.5,205.0,5.9,0.49,United Kingdom
London,GB,2010-12-05,12:00:00,1291525200,1.0,-2.5,2.6,12.0,306.0,0.0,0.0,United Kingdom
London,GB,2010-12-06,12:00:00,1291611600,-3.5,-5.7,-0.4,8.9,16.0,0.0,0.0,United Kingdom
London,GB,2010-12-07,12:00:00,1291698000,-2.5,-5.5,0.2,14.6,16.0,0.0,0.0,United Kingdom
London,GB,2010-12-08,12:00:00,1291784400,-0.9,-2.7,1.7,24.5,355.0,0.0,0.0,United Kingdom
London,GB,2010-12-09,12:00:00,1291870800,-1.6,-5.8,2.9,16.8,297.0,0.0,0.0,United Kingdom
London,GB,2010-12-10,12:00:00,1291957200,3.0,-0.4,4.8,15.8,273.0,0.0,0.0,United Kingdom
London,GB,2010-12-11,12:00:00,1292043600,4.6,2.1,7.3,18.1,289.0,0.0,0.0,United Kingdom
London,GB,2010-12-12,12:00:00,1292130000,1.3,-1.2,5.1,12.3,357.0,0.0,0.0,United Kingdom
London,GB,2010-12-13,12:00:00,1292216400,0.9,-1.7,3.6,14.5,351.0,0.0,0.0,United Kingdom
London,GB,2010-12-14,12:00:00,1292302800,1.9,-2.9,3.6,15.3,6.0,0.0,0.0,United Kingdom
London,GB,2010-12-15,12:00:00,1292389200,0.6,-3.0,4.4,17.9,325.0,0.3,0.0,United Kingdom
London,GB,2010-12-16,12:00:00,1292475600,2.7,-1.5,6.0,27.0,292.0,3.5,0.42,United Kingdom
London,GB,2010-12-17,12:00:00,1292562000,-3.2,-5.2,-0.3,17.9,293.0,0.1,0.35,United Kingdom
London,GB,2010-12-18,12:00:00,1292648400,-2.4,-5.4,0.4,19.0,125.0,4.3,3.15,United Kingdom
London,GB,2010-12-19,12:00:00,1292734800,-2.4,-5.7,0.8,18.4,28.0,0.0,0.0,United Kingdom
London,GB,2010-12-20,12:00:00,1292821200,-4.3,-9.5,-0.2,16.9,86.0,2.1,1.75,United Kingdom
London,GB,2010-12-21,12:00:00,1292907600,0.2,-1.0,1.3,13.8,47.0,0.7,0.49,United Kingdom
London,GB,2010-12-22,12:00:00,1292994000,-0.1,-2.0,0.9,20.1,12.0,0.0,0.0,United Kingdom
London,GB,2010-12-23,12:00:00,1293080400,0.2,-1.4,1.9,26.8,14.0,0.0,0.0,United Kingdom
London,GB,2010-12-24,12:00:00,1293166800,-0.7,-2.4,0.6,26.7,358.0,0.0,0.0,United Kingdom
London,GB,2010-12-25,12:00:00,1293253200,-4.3,-7.7,-0.7,12.3,323.0,0.0,0.0,United Kingdom
London,GB,2010-12-26,12:00:00,1293339600,-5.0,-8.0,-0.3,12.6,257.0,0.0,0.0,United Kingdom
London,GB,2010-12-27,12:00:00,1293426000,1.7,-2.4,2.6,19.5,173.0,0.0,0.0,United Kingdom
London,GB,2010-12-28,12:00:00,1293512400,3.9,1.8,6.5,15.9,172.0,5.1,0.0,United Kingdom
London,GB,2010-12-29,12:00:00,1293598800,5.4,4.7,6.2,7.4,149.0,0.3,0.0,United Kingdom
London,GB,2010-12-30,12:00:00,1293685200,4.8,3.9,5.9,9.9,81.0,0.0,0.0,United Kingdom
London,GB,2010-12-31,12:00:00,1293771600,4.2,2.0,5.8,9.0,15.0,0.0,0.0,United Kingdom
London,GB,2011-01-01,12:00:00,1293858000,4.6,3.2,6.0,12.1,329.0,0.4,0.0,United Kingdom
London,GB,2011-01-02,12:00:00,1293944400,0.9,-1.9,2.9,10.7,353.0,0.0,0.0,United Kingdom
London,GB,2011-01-03,12:00:00,1294030800,-0.3,-2.4,2.2,8.0,305.0,0.0,0.0,United Kingdom
London,GB,2011-01-04,12:00:00,1294117200,2.1,-0.2,4.3,19.5,213.0,0.0,0.0,United Kingdom
London,GB,2011-01-05,12:00:00,1294203600,5.0,3.5,6.5,25.2,198.0,4.4,0.0,United Kingdom
London,GB,2011-01-06,12:00:00,1294290000,3.3,1.2,6.1,10.3,321.0,9.8,0.77,United Kingdom
London,GB,2011-01-07,12:00:00,1294376400,5.9,1.9,9.6,23.4,161.0,6.1,0.28,United Kingdom
London,GB,2011-01-08,12:00:00,1294462800,6.8,1.5,9.0,29.8,221.0,3.4,0.0,United Kingdom
London,GB,2011-01-09,12:00:00,1294549200,1.9,-1.3,5.4,19.4,241.0,0.0,0.0,United Kingdom
London,GB,2011-01-10,12:00:00,1294635600,3.2,-2.3,7.0,31.7,180.0,2.0,0.0,United Kingdom
London,GB,2011-01-11,12:00:00,1294722000,5.3,3.0,7.3,29.1,260.0,5.9,0.0,United Kingdom
London,GB,2011-01-12,12:00:00,1294808400,7.9,2.1,11.1,25.6,222.0,8.7,0.0,United Kingdom
London,GB,2011-01-13,12:00:00,1294894800,11.3,10.6,12.0,25.2,231.0,1.3,0.0,United Kingdom
London,GB,2011-01-14,12:00:00,1294981200,10.0,7.8,10.9,27.8,226.0,0.9,0.0,United Kingdom
London,GB,2011-01-15,12:00:00,1295067600,8.9,6.4,10.2,33.7,217.0,0.0,0.0,United Kingdom
London,GB,2011-01-16,12:00:00,1295154000,10.5,8.8,11.3,30.3,209.0,0.9,0.0,United Kingdom
London,GB,2011-01-17,12:00:00,1295240400,7.5,4.5,10.3,14.5,41.0,15.5,0.0,United Kingdom
London,GB,2011-01-18,12:00:00,1295326800,4.4,2.0,5.8,18.8,339.0,12.0,0.0,United Kingdom
London,GB,2011-01-19,12:00:00,1295413200,2.0,-1.9,6.6,14.0,327.0,0.0,0.0,United Kingdom
London,GB,2011-01-20,12:00:00,1295499600,4.1,3.1,6.0,15.4,355.0,0.0,0.0,United Kingdom
London,GB,2011-01-21,12:00:00,1295586000,1.8,-0.3,3.7,12.3,351.0,0.0,0.0,United Kingdom
London,GB,2011-01-22,12:00:00,1295672400,2.3,-1.9,5.8,22.1,2.0,0.0,0.0,United Kingdom
London,GB,2011-01-23,12:00:00,1295758800,5.7,4.6,7.4,22.0,8.0,0.5,0.0,United Kingdom
London,GB,2011-01-24,12:00:00,1295845200,4.9,2.8,6.2,18.5,338.0,0.1,0.0,United Kingdom
London,GB,2011-01-25,12:00:00,1295931600,5.7,2.8,7.7,18.8,287.0,0.8,0.0,United Kingdom
London,GB,2011-01-26,12:00:00,1296018000,5.1,2.2,6.4,21.9,25.0,1.1,0.0,United Kingdom
London,GB,2011-01-27,12:00:00,1296104400,1.6,0.5,3.3,23.4,51.0,0.0,0.0,United Kingdom
London,GB,2011-01-28,12:00:00,1296190800,0.4,-0.4,1.5,22.3,55.0,0.0,0.0,United Kingdom
London,GB,2011-01-29,12:00:00,1296277200,0.6,-0.2,1.6,17.6,35.0,0.0,0.0,United Kingdom
London,GB,2011-01-30,12:00:00,1296363600,1.6,0.0,4.0,16.5,42.0,0.0,0.0,United Kingdom
London,GB,2011-01-31,12:00:00,1296450000,0.3,-2.6,2.4,11.5,294.0,0.0,0.0,United Kingdom
London,GB,2011-02-01,12:00:00,1296536400,2.0,-2.9,6.4,15.8,240.0,0.7,0.0,United Kingdom
London,GB,2011-02-02,12:00:00,1296622800,4.8,-0.7,8.9,28.0,221.0,0.0,0.0,United Kingdom
London,GB,2011-02-03,12:00:00,1296709200,6.3,2.9,8.9,35.6,233.0,0.0,0.0,United Kingdom
London,GB,2011-02-04,12:00:00,1296795600,9.9,8.0,11.0,37.2,235.0,0.0,0.0,United Kingdom
London,GB,2011-02-05,12:00:00,1296882000,10.8,10.1,11.5,35.6,233.0,0.0,0.0,United Kingdom
London,GB,2011-02-06,12:00:00,1296968400,10.0,8.8,10.9,36.7,226.0,0.0,0.0,United Kingdom
London,GB,2011-02-07,12:00:00,1297054800,8.2,4.8,11.1,42.9,223.0,0.0,0.0,United Kingdom
London,GB,2011-02-08,12:00:00,1297141200,3.9,-0.4,8.7,13.4,204.0,0.0,0.0,United Kingdom
London,GB,2011-02-09,12:00:00,1297227600,7.3,3.1,9.6,19.2,175.0,0.0,0.0,United Kingdom
London,GB,2011-02-10,12:00:00,1297314000,8.3,6.4,9.8,18.6,207.0,6.7,0.0,United Kingdom
London,GB,2011-02-11,12:00:00,1297400400,9.4,7.7,11.4,17.8,213.0,1.4,0.0,United Kingdom
London,GB,2011-02-12,12:00:00,1297486800,8.2,4.0,9.9,15.6,245.0,1.1,0.0,United Kingdom
London,GB,2011-02-13,12:00:00,1297573200,6.5,3.8,8.0,29.2,172.0,5.9,0.0,United Kingdom
London,GB,2011-02-14,12:00:00,1297659600,6.0,3.0,9.0,19.9,206.0,1.0,0.0,United Kingdom
London,GB,2011-02-15,12:00:00,1297746000,5.1,3.0,6.6,29.0,154.0,2.6,0.0,United Kingdom
London,GB,2011-02-16,12:00:00,1297832400,5.6,2.2,9.4,16.2,162.0,0.0,0.0,United Kingdom
London,GB,2011-02-17,12:00:00,1297918800,6.0,3.3,9.7,16.9,71.0,0.0,0.0,United Kingdom
London,GB,2011-02-18,12:00:00,1298005200,5.1,3.1,8.0,17.2,108.0,0.0,0.0,United Kingdom
London,GB,2011-02-19,12:00:00,1298091600,5.3,4.0,6.0,17.4,100.0,5.4,0.0,United Kingdom
London,GB,2011-02-20,12:00:00,1298178000,4.8,3.8,5.7,11.5,40.0,0.0,0.0,United Kingdom
London,GB,2011-02-21,12:00:00,1298264400,4.8,2.8,7.3,16.8,109.0,1.2,0.0,United Kingdom
London,GB,2011-02-22,12:00:00,1298350800,4.8,3.3,6.4,10.9,160.0,1.1,0.0,United Kingdom
London,GB,2011-02-23,12:00:00,1298437200,7.3,5.4,9.9,19.5,202.0,5.6,0.0,United Kingdom
London,GB,2011-02-24,12:00:00,1298523600,9.3,7.6,11.6,15.0,259.0,0.0,0.0,United Kingdom
London,GB,2011-02-25,12:00:00,1298610000,9.7,7.2,12.4,22.4,219.0,0.0,0.0,United Kingdom
London,GB,2011-02-26,12:00:00,1298696400,8.1,5.0,9.5,24.7,266.0,5.1,0.0,United Kingdom
London,GB,2011-02-27,12:00:00,1298782800,4.8,2.7,7.7,20.8,312.0,1.3,0.0,United Kingdom
London,GB,2011-02-28,12:00:00,1298869200,3.8,2.6,5.1,21.8,7.0,0.6,0.0,United Kingdom
London,GB,2011-03-01,12:00:00,1298955600,3.4,1.6,5.5,19.5,29.0,0.0,0.0,United Kingdom
London,GB,2011-03-02,12:00:00,1299042000,3.6,0.7,7.0,21.6,34.0,0.0,0.0,United Kingdom
London,GB,2011-03-03,12:00:00,1299128400,2.1,0.0,5.1,20.6,31.0,0.0,0.0,United Kingdom
London,GB,2011-03-04,12:00:00,1299214800,2.7,0.5,6.3,18.0,41.0,0.0,0.0,United Kingdom
London,GB,2011-03-05,12:00:00,1299301200,2.5,-1.3,6.0,17.8,43.0,0.0,0.0,United Kingdom
London,GB,2011-03-06,12:00:00,1299387600,3.3,1.9,4.8,19.8,67.0,0.0,0.0,United Kingdom
London,GB,2011-03-07,12:00:00,1299474000,2.9,-1.7,7.9,13.1,77.0,0.0,0.0,United Kingdom
London,GB,2011-03-08,12:00:00,1299560400,3.4,-2.5,9.7,17.6,208.0,0.0,0.0,United Kingdom
London,GB,2011-03-09,12:00:00,1299646800,6.5,2.5,10.2,24.9,253.0,0.0,0.0,United Kingdom
London,GB,2011-03-10,12:00:00,1299733200,8.4,4.4,12.3,37.8,246.0,0.0,0.0,United Kingdom
London,GB,2011-03-11,12:00:00,1299819600,7.2,3.4,10.2,19.0,234.0,0.0,0.0,United Kingdom
London,GB,2011-03-12,12:00:00,1299906000,8.1,5.4,12.0,18.0,167.0,0.6,0.0,United Kingdom
London,GB,2011-03-13,12:00:00,1299992400,8.9,6.5,10.9,15.1,230.0,0.9,0.0,United Kingdom
London,GB,2011-03-14,12:00:00,1300078800,6.0,0.8,10.5,18.2,64.0,0.0,0.0,United Kingdom
London,GB,2011-03-15,12:00:00,1300165200,9.3,6.9,14.1,17.4,72.0,0.0,0.0,United Kingdom
London,GB,2011-03-16,12:00:00,1300251600,8.0,5.6,11.0,17.2,27.0,0.0,0.0,United Kingdom
London,GB,2011-03-17,12:00:00,1300338000,6.3,4.1,8.9,13.8,329.0,0.0,0.0,United Kingdom
London,GB,2011-03-18,12:00:00,1300424400,5.3,1.2,6.7,14.3,16.0,5.0,0.0,United Kingdom
London,GB,2011-03-19,12:00:00,1300510800,3.2,-2.9,9.9,8.7,50.0,0.0,0.0,United Kingdom
London,GB,2011-03-20,12:00:00,1300597200,5.2,-0.2,11.0,12.4,207.0,0.0,0.0,United Kingdom
London,GB,2011-03-21,12:00:00,1300683600,7.1,1.5,13.0,9.7,230.0,0.0,0.0,United Kingdom
London,GB,2011-03-22,12:00:00,1300770000,10.0,5.7,14.4,8.8,46.0,0.0,0.0,United Kingdom
London,GB,2011-03-23,12:00:00,1300856400,8.6,2.7,14.8,11.3,69.0,0.0,0.0,United Kingdom
London,GB,2011-03-24,12:00:00,1300942800,7.9,1.9,14.3,14.1,75.0,0.0,0.0,United Kingdom
London,GB,2011-03-25,12:00:00,1301029200,8.5,1.6,15.7,8.0,73.0,0.0,0.0,United Kingdom
London,GB,2011-03-26,12:00:00,1301115600,8.2,5.5,13.4,16.0,103.0,0.0,0.0,United Kingdom
London,GB,2011-03-27,12:00:00,1301202000,8.3,4.6,13.3,14.8,73.0,0.0,0.0,United Kingdom
London,GB,2011-03-28,12:00:00,1301288400,8.6,6.1,11.6,11.1,104.0,0.1,0.0,United Kingdom
London,GB,2011-03-29,12:00:00,1301374800,9.4,2.9,15.2,12.4,153.0,1.6,0.0,United Kingdom
London,GB,2011-03-30,12:00:00,1301461200,8.3,3.8,11.7,23.1,215.0,0.3,0.0,United Kingdom
London,GB,2011-03-31,12:00:00,1301547600,12.3,8.6,17.2,33.1,235.0,1.4,0.0,United Kingdom
London,GB,2011-04-01,12:00:00,1301634000,12.6,10.9,15.0,26.0,208.0,0.0,0.0,United Kingdom
London,GB,2011-04-02,12:00:00,1301720400,13.6,10.3,17.3,24.4,209.0,0.0,0.0,United Kingdom
London,GB,2011-04-03,12:00:00,1301806800,9.4,4.1,13.7,18.6,237.0,0.0,0.0,United Kingdom
London,GB,2011-04-04,12:00:00,1301893200,8.5,3.6,12.0,27.9,238.0,0.0,0.0,United Kingdom
London,GB,2011-04-05,12:00:00,1301979600,10.5,8.4,12.8,27.1,220.0,1.4,0.0,United Kingdom
London,GB,2011-04-06,12:00:00,1302066000,14.1,10.1,19.6,17.9,221.0,0.0,0.0,United Kingdom
London,GB,2011-04-07,12:00:00,1302152400,12.9,6.3,19.3,13.8,298.0,0.0,0.0,United Kingdom
London,GB,2011-04-08,12:00:00,1302238800,12.8,5.9,18.0,9.7,348.0,0.0,0.0,United Kingdom
London,GB,2011-04-09,12:00:00,1302325200,10.4,5.8,15.2,17.1,83.0,0.0,0.0,United Kingdom
London,GB,2011-04-10,12:00:00,1302411600,10.6,6.0,16.9,12.2,68.0,0.0,0.0,United Kingdom
London,GB,2011-04-11,12:00:00,1302498000,11.9,5.0,18.9,25.4,281.0,0.0,0.0,United Kingdom
London,GB,2011-04-12,12:00:00,1302584400,8.8,5.2,12.6,21.7,309.0,0.0,0.0,United Kingdom
London,GB,2011-04-13,12:00:00,1302670800,7.1,2.3,11.4,17.2,233.0,0.0,0.0,United Kingdom
London,GB,2011-04-14,12:00:00,1302757200,9.4,6.4,12.7,12.5,204.0,0.0,0.0,United Kingdom
London,GB,2011-04-15,12:00:00,1302843600,10.6,7.0,14.1,8.1,197.0,0.0,0.0,United Kingdom
London,GB,2011-04-16,12:00:00,1302930000,11.9,7.1,16.2,7.4,254.0,0.0,0.0,United Kingdom
London,GB,2011-04-17,12:00:00,1303016400,12.3,7.0,17.7,12.8,67.0,0.2,0.0,United Kingdom
London,GB,2011-04-18,12:00:00,1303102800,11.1,5.9,16.6,17.2,83.0,0.0,0.0,United Kingdom
London,GB,2011-04-19,12:00:00,1303189200,15.2,8.9,21.8,10.9,118.0,0.0,0.0,United Kingdom
London,GB,2011-04-20,12:00:00,1303275600,15.6,8.3,22.9,9.7,68.0,0.0,0.0,United Kingdom
London,GB,2011-04-21,12:00:00,1303362000,15.7,8.5,22.7,13.2,86.0,0.0,0.0,United Kingdom
London,GB,2011-04-22,12:00:00,1303448400,16.2,7.8,23.4,12.1,121.0,0.0,0.0,United Kingdom
London,GB,2011-04-23,12:00:00,1303534800,17.6,10.1,24.9,7.6,104.0,0.1,0.0,United Kingdom
London,GB,2011-04-24,12:00:00,1303621200,16.3,9.7,23.0,15.6,19.0,0.1,0.0,United Kingdom
London,GB,2011-04-25,12:00:00,1303707600,13.8,8.4,20.4,21.4,11.0,0.0,0.0,United Kingdom
London,GB,2011-04-26,12:00:00,1303794000,11.6,8.1,16.4,20.8,22.0,0.0,0.0,United Kingdom
London,GB,2011-04-27,12:00:00,1303880400,10.7,7.2,15.3,21.1,28.0,0.0,0.0,United Kingdom
London,GB,2011-04-28,12:00:00,1303966800,10.4,5.5,15.7,24.9,14.0,0.0,0.0,United Kingdom
London,GB,2011-04-29,12:00:00,1304053200,12.7,7.7,18.1,20.3,34.0,1.0,0.0,United Kingdom
London,GB,2011-04-30,12:00:00,1304139600,14.6,11.8,18.0,25.8,59.0,0.5,0.0,United Kingdom
London,GB,2011-05-01,12:00:00,1304226000,13.6,11.0,16.5,27.1,66.0,0.0,0.0,United Kingdom
London,GB,2011-05-02,12:00:00,1304312400,11.0,7.3,14.0,30.8,63.0,0.0,0.0,United Kingdom
London,GB,2011-05-03,12:00:00,1304398800,9.4,6.4,13.0,21.9,72.0,0.0,0.0,United Kingdom
London,GB,2011-05-04,12:00:00,1304485200,9.6,3.1,15.0,15.1,96.0,0.0,0.0,United Kingdom
London,GB,2011-05-05,12:00:00,1304571600,13.4,7.4,19.0,17.7,145.0,0.0,0.0,United Kingdom
London,GB,2011-05-06,12:00:00,1304658000,17.0,11.2,22.5,18.6,154.0,0.0,0.0,United Kingdom
London,GB,2011-05-07,12:00:00,1304744400,18.0,14.1,22.4,21.3,148.0,5.7,0.0,United Kingdom
London,GB,2011-05-08,12:00:00,1304830800,16.2,13.7,18.8,24.7,189.0,6.0,0.0,United Kingdom
London,GB,2011-05-09,12:00:00,1304917200,14.3,9.4,18.0,24.4,189.0,0.0,0.0,United Kingdom
London,GB,2011-05-10,12:00:00,1305003600,14.4,8.4,19.1,16.6,216.0,0.0,0.0,United Kingdom
London,GB,2011-05-11,12:00:00,1305090000,13.1,8.0,16.9,14.6,248.0,0.1,0.0,United Kingdom
London,GB,2011-05-12,12:00:00,1305176400,12.7,7.3,17.1,22.6,269.0,0.3,0.0,United Kingdom
London,GB,2011-05-13,12:00:00,1305262800,12.3,6.1,16.9,17.4,239.0,0.0,0.0,United Kingdom
London,GB,2011-05-14,12:00:00,1305349200,11.9,6.9,15.7,23.9,295.0,0.6,0.0,United Kingdom
London,GB,2011-05-15,12:00:00,1305435600,11.7,7.4,14.7,22.2,294.0,0.0,0.0,United Kingdom
London,GB,2011-05-16,12:00:00,1305522000,14.0,10.4,19.1,22.1,263.0,0.0,0.0,United Kingdom
London,GB,2011-05-17,12:00:00,1305608400,13.7,9.9,17.2,20.1,256.0,0.0,0.0,United Kingdom
London,GB,2011-05-18,12:00:00,1305694800,14.7,12.6,17.7,22.7,238.0,0.0,0.0,United Kingdom
London,GB,2011-05-19,12:00:00,1305781200,13.2,7.4,17.3,8.2,296.0,0.0,0.0,United Kingdom
London,GB,2011-05-20,12:00:00,1305867600,13.5,9.1,16.7,17.5,260.0,0.0,0.0,United Kingdom
London,GB,2011-05-21,12:00:00,1305954000,13.8,7.3,18.9,19.0,209.0,0.2,0.0,United Kingdom
London,GB,2011-05-22,12:00:00,1306040400,14.1,10.9,18.0,33.7,244.0,0.2,0.0,United Kingdom
London,GB,2011-05-23,12:00:00,1306126800,13.3,9.1,17.5,39.1,228.0,0.0,0.0,United Kingdom
London,GB,2011-05-24,12:00:00,1306213200,13.1,8.4,17.8,21.3,264.0,0.0,0.0,United Kingdom
London,GB,2011-05-25,12:00:00,1306299600,13.2,6.5,18.1,19.2,190.0,0.0,0.0,United Kingdom
London,GB,2011-05-26,12:00:00,1306386000,13.2,10.8,17.2,31.1,249.0,2.7,0.0,United Kingdom
London,GB,2011-05-27,12:00:00,1306472400,12.8,10.2,16.2,20.6,287.0,0.6,0.0,United Kingdom
London,GB,2011-05-28,12:00:00,1306558800,12.3,8.4,15.2,29.0,239.0,0.0,0.0,United Kingdom
London,GB,2011-05-29,12:00:00,1306645200,15.1,12.2,17.8,30.1,233.0,0.0,0.0,United Kingdom
London,GB,2011-05-30,12:00:00,1306731600,14.8,11.5,19.7,20.1,226.0,0.9,0.0,United Kingdom
London,GB,2011-05-31,12:00:00,1306818000,12.1,7.4,16.2,17.9,297.0,0.5,0.0,United Kingdom
London,GB,2011-06-01,12:00:00,1306904400,13.8,6.6,19.3,13.8,283.0,0.0,0.0,United Kingdom
London,GB,2011-06-02,12:00:00,1306990800,16.6,10.3,21.5,17.1,35.0,0.0,0.0,United Kingdom
London,GB,2011-06-03,12:00:00,1307077200,16.8,11.5,21.7,22.6,49.0,0.0,0.0,United Kingdom
London,GB,2011-06-04,12:00:00,1307163600,17.3,11.9,23.2,26.3,35.0,0.0,0.0,United Kingdom
London,GB,2011-06-05,12:00:00,1307250000,15.1,11.5,19.9,27.2,34.0,9.5,0.0,United Kingdom
London,GB,2011-06-06,12:00:00,1307336400,12.0,10.1,14.8,13.8,347.0,5.0,0.0,United Kingdom
London,GB,2011-06-07,12:00:00,1307422800,14.2,11.4,17.1,22.6,216.0,0.0,0.0,United Kingdom
London,GB,2011-06-08,12:00:00,1307509200,13.2,8.8,16.4,26.0,225.0,0.7,0.0,United Kingdom
London,GB,2011-06-09,12:00:00,1307595600,12.8,8.6,16.9,17.5,237.0,2.6,0.0,United Kingdom
London,GB,2011-06-10,12:00:00,1307682000,11.6,7.4,15.4,13.2,234.0,4.8,0.0,United Kingdom
London,GB,2011-06-11,12:00:00,1307768400,11.9,6.7,16.4,16.4,263.0,1.1,0.0,United Kingdom
London,GB,2011-06-12,12:00:00,1307854800,11.2,6.6,13.7,29.0,179.0,9.7,0.0,United Kingdom
London,GB,2011-06-13,12:00:00,1307941200,16.5,14.1,20.2,23.8,232.0,0.4,0.0,United Kingdom
London,GB,2011-06-14,12:00:00,1308027600,15.9,10.0,20.5,13.8,201.0,0.0,0.0,United Kingdom
London,GB,2011-06-15,12:00:00,1308114000,15.9,14.1,17.9,23.7,209.0,0.0,0.0,United Kingdom
London,GB,2011-06-16,12:00:00,1308200400,13.9,11.4,16.5,24.8,246.0,7.6,0.0,United Kingdom
London,GB,2011-06-17,12:00:00,1308286800,12.5,9.6,14.5,20.9,175.0,9.8,0.0,United Kingdom
London,GB,2011-06-18,12:00:00,1308373200,13.8,10.5,17.1,27.2,250.0,3.2,0.0,United Kingdom
London,GB,2011-06-19,12:00:00,1308459600,14.2,10.6,17.4,26.2,262.0,0.0,0.0,United Kingdom
London,GB,2011-06-20,12:00:00,1308546000,14.2,9.0,18.7,17.2,188.0,1.0,0.0,United Kingdom
London,GB,2011-06-21,12:00:00,1308632400,16.0,13.0,19.2,30.3,225.0,0.3,0.0,United Kingdom
London,GB,2011-06-22,12:00:00,1308718800,14.6,12.0,17.5,25.7,225.0,7.7,0.0,United Kingdom
London,GB,2011-06-23,12:00:00,1308805200,14.6,10.8,18.1,23.8,263.0,0.6,0.0,United Kingdom
London,GB,2011-06-24,12:00:00,1308891600,13.7,9.2,17.3,18.8,253.0,4.4,0.0,United Kingdom
London,GB,2011-06-25,12:00:00,1308978000,16.7,11.8,21.4,26.4,239.0,2.4,0.0,United Kingdom
London,GB,2011-06-26,12:00:00,1309064400,19.4,13.7,25.3,14.3,170.0,0.0,0.0,United Kingdom
London,GB,2011-06-27,12:00:00,1309150800,22.9,17.7,28.6,18.0,167.0,0.0,0.0,United Kingdom
London,GB,2011-06-28,12:00:00,1309237200,18.4,15.5,21.6,15.5,345.0,4.4,0.0,United Kingdom
London,GB,2011-06-29,12:00:00,1309323600,15.6,11.0,18.7,15.8,303.0,0.0,0.0,United Kingdom
London,GB,2011-06-30,12:00:00,1309410000,14.8,10.0,18.0,14.4,304.0,0.0,0.0,United Kingdom
London,GB,2011-07-01,12:00:00,1309496400,14.5,9.1,18.1,12.9,343.0,0.0,0.0,United Kingdom
London,GB,2011-07-02,12:00:00,1309582800,15.8,11.2,19.7,9.8,143.0,0.0,0.0,United Kingdom
London,GB,2011-07-03,12:00:00,1309669200,17.5,12.0,21.6,9.3,243.0,0.0,0.0,United Kingdom
London,GB,2011-07-04,12:00:00,1309755600,18.2,12.1,23.2,9.2,137.0,0.0,0.0,United Kingdom
London,GB,2011-07-05,12:00:00,1309842000,17.5,11.1,24.7,17.2,172.0,3.7,0.0,United Kingdom
London,GB,2011-07-06,12:00:00,1309928400,15.8,12.9,19.1,27.9,210.0,0.3,0.0,United Kingdom
London,GB,2011-07-07,12:00:00,1310014800,15.3,13.4,17.8,28.7,195.0,4.9,0.0,United Kingdom
London,GB,2011-07-08,12:00:00,1310101200,15.1,12.7,18.5,30.9,199.0,4.4,0.0,United Kingdom
London,GB,2011-07-09,12:00:00,1310187600,16.3,12.6,19.8,21.9,230.0,0.9,0.0,United Kingdom
London,GB,2011-07-10,12:00:00,1310274000,16.5,12.1,20.4,11.7,240.0,0.4,0.0,United Kingdom
London,GB,2011-07-11,12:00:00,1310360400,17.6,12.5,21.9,10.5,7.0,0.1,0.0,United Kingdom
London,GB,2011-07-12,12:00:00,1310446800,16.5,14.1,19.3,21.1,35.0,0.0,0.0,United Kingdom
London,GB,2011-07-13,12:00:00,1310533200,14.5,11.5,17.2,22.0,0.0,0.0,0.0,United Kingdom
London,GB,2011-07-14,12:00:00,1310619600,15.5,10.6,20.3,17.6,315.0,0.0,0.0,United Kingdom
London,GB,2011-07-15,12:00:00,1310706000,17.1,10.8,22.0,21.0,226.0,0.0,0.0,United Kingdom
London,GB,2011-07-16,12:00:00,1310792400,15.5,13.6,17.0,25.1,212.0,8.2,0.0,United Kingdom
London,GB,2011-07-17,12:00:00,1310878800,14.9,11.8,17.9,26.7,237.0,4.9,0.0,United Kingdom
London,GB,2011-07-18,12:00:00,1310965200,14.8,12.7,19.1,26.9,245.0,4.4,0.0,United Kingdom
London,GB,2011-07-19,12:00:00,1311051600,14.8,10.2,19.4,12.1,266.0,3.1,0.0,United Kingdom
London,GB,2011-07-20,12:00:00,1311138000,14.6,11.5,17.2,9.7,267.0,3.2,0.0,United Kingdom
London,GB,2011-07-21,12:00:00,1311224400,14.9,13.1,19.2,16.0,17.0,5.0,0.0,United Kingdom
London,GB,2011-07-22,12:00:00,1311310800,14.5,10.1,18.3,16.6,356.0,0.8,0.0,United Kingdom
London,GB,2011-07-23,12:00:00,1311397200,14.3,11.0,17.0,17.9,326.0,3.2,0.0,United Kingdom
London,GB,2011-07-24,12:00:00,1311483600,15.9,10.5,20.6,20.1,296.0,0.0,0.0,United Kingdom
London,GB,2011-07-25,12:00:00,1311570000,15.6,9.8,19.5,12.2,327.0,0.0,0.0,United Kingdom
London,GB,2011-07-26,12:00:00,1311656400,15.7,13.3,17.2,13.0,23.0,0.0,0.0,United Kingdom
London,GB,2011-07-27,12:00:00,1311742800,16.2,13.2,19.1,14.1,0.0,0.0,0.0,United Kingdom
London,GB,2011-07-28,12:00:00,1311829200,17.3,13.5,21.2,11.0,19.0,0.0,0.0,United Kingdom
London,GB,2011-07-29,12:00:00,1311915600,16.0,12.2,20.3,14.3,44.0,0.0,0.0,United Kingdom
London,GB,2011-07-30,12:00:00,1312002000,15.2,10.4,18.9,12.1,22.0,0.0,0.0,United Kingdom
London,GB,2011-07-31,12:00:00,1312088400,16.8,10.7,21.9,14.8,176.0,0.0,0.0,United Kingdom
London,GB,2011-08-01,12:00:00,1312174800,19.3,12.7,25.6,16.3,157.0,0.0,0.0,United Kingdom
London,GB,2011-08-02,12:00:00,1312261200,21.1,15.0,26.8,8.4,176.0,0.2,0.0,United Kingdom
London,GB,2011-08-03,12:00:00,1312347600,21.7,17.4,26.5,15.2,207.0,0.0,0.0,United Kingdom
London,GB,2011-08-04,12:00:00,1312434000,17.4,15.7,19.3,23.2,208.0,12.2,0.0,United Kingdom
London,GB,2011-08-05,12:00:00,1312520400,18.1,14.6,22.0,14.2,240.0,0.2,0.0,United Kingdom
London,GB,2011-08-06,12:00:00,1312606800,16.0,13.4,18.3,16.5,225.0,0.9,0.0,United Kingdom
London,GB,2011-08-07,12:00:00,1312693200,15.3,12.1,19.5,25.2,231.0,1.3,0.0,United Kingdom
London,GB,2011-08-08,12:00:00,1312779600,15.5,10.8,19.6,29.8,277.0,0.4,0.0,United Kingdom
London,GB,2011-08-09,12:00:00,1312866000,15.4,11.3,19.4,22.7,310.0,0.0,0.0,United Kingdom
London,GB,2011-08-10,12:00:00,1312952400,16.0,9.8,22.0,25.4,239.0,0.0,0.0,United Kingdom
London,GB,2011-08-11,12:00:00,1313038800,17.4,14.6,21.1,28.5,236.0,0.6,0.0,United Kingdom
London,GB,2011-08-12,12:00:00,1313125200,18.3,15.4,21.9,13.0,243.0,0.3,0.0,United Kingdom
London,GB,2011-08-13,12:00:00,1313211600,17.3,15.2,20.5,17.6,223.0,1.5,0.0,United Kingdom
London,GB,2011-08-14,12:00:00,1313298000,17.7,15.3,20.7,15.2,260.0,0.1,0.0,United Kingdom
London,GB,2011-08-15,12:00:00,1313384400,16.2,10.5,20.8,16.0,259.0,0.7,0.0,United Kingdom
London,GB,2011-08-16,12:00:00,1313470800,17.0,14.0,20.7,25.0,220.0,0.6,0.0,United Kingdom
London,GB,2011-08-17,12:00:00,1313557200,15.9,12.3,19.3,11.8,34.0,0.0,0.0,United Kingdom
London,GB,2011-08-18,12:00:00,1313643600,14.0,12.4,15.7,18.2,40.0,9.7,0.0,United Kingdom
London,GB,2011-08-19,12:00:00,1313730000,14.7,8.0,20.6,16.1,248.0,0.0,0.0,United Kingdom
London,GB,2011-08-20,12:00:00,1313816400,16.6,13.0,20.7,17.4,207.0,1.9,0.0,United Kingdom
London,GB,2011-08-21,12:00:00,1313902800,18.6,13.3,23.9,17.3,260.0,0.0,0.0,United Kingdom
London,GB,2011-08-22,12:00:00,1313989200,16.7,11.1,21.4,13.0,52.0,0.1,0.0,United Kingdom
London,GB,2011-08-23,12:00:00,1314075600,15.5,14.5,17.4,17.4,28.0,12.8,0.0,United Kingdom
London,GB,2011-08-24,12:00:00,1314162000,15.8,13.0,20.0,19.7,220.0,0.1,0.0,United Kingdom
London,GB,2011-08-25,12:00:00,1314248400,15.8,14.0,18.9,19.1,182.0,4.2,0.0,United Kingdom
London,GB,2011-08-26,12:00:00,1314334800,14.4,12.0,17.4,10.5,161.0,25.8,0.0,United Kingdom
London,GB,2011-08-27,12:00:00,1314421200,14.0,11.2,17.7,21.0,269.0,0.6,0.0,United Kingdom
London,GB,2011-08-28,12:00:00,1314507600,14.3,10.8,17.9,19.4,260.0,0.3,0.0,United Kingdom
London,GB,2011-08-29,12:00:00,1314594000,13.3,9.7,16.1,18.0,284.0,0.0,0.0,United Kingdom
London,GB,2011-08-30,12:00:00,1314680400,14.5,11.4,17.5,11.2,299.0,0.0,0.0,United Kingdom
London,GB,2011-08-31,12:00:00,1314766800,15.2,12.8,18.0,8.2,32.0,0.0,0.0,United Kingdom
London,GB,2011-09-01,12:00:00,1314853200,14.9,11.3,18.5,18.5,88.0,0.0,0.0,United Kingdom
London,GB,2011-09-02,12:00:00,1314939600,18.1,12.7,24.0,12.5,194.0,0.0,0.0,United Kingdom
London,GB,2011-09-03,12:00:00,1315026000,17.7,13.9,22.4,19.1,213.0,0.0,0.0,United Kingdom
London,GB,2011-09-04,12:00:00,1315112400,16.2,14.0,18.5,19.1,212.0,7.7,0.0,United Kingdom
London,GB,2011-09-05,12:00:00,1315198800,14.6,11.0,17.8,32.4,236.0,0.7,0.0,United Kingdom
London,GB,2011-09-06,12:00:00,1315285200,15.1,13.4,17.5,38.4,225.0,6.5,0.0,United Kingdom
London,GB,2011-09-07,12:00:00,1315371600,14.2,11.6,16.9,28.7,253.0,0.4,0.0,United Kingdom
London,GB,2011-09-08,12:00:00,1315458000,15.5,13.0,18.8,21.1,238.0,0.6,0.0,United Kingdom
London,GB,2011-09-09,12:00:00,1315544400,18.2,15.6,22.3,19.7,227.0,0.0,0.0,United Kingdom
London,GB,2011-09-10,12:00:00,1315630800,18.9,15.8,22.2,24.6,191.0,1.6,0.0,United Kingdom
London,GB,2011-09-11,12:00:00,1315717200,16.5,14.7,19.0,28.5,218.0,4.7,0.0,United Kingdom
London,GB,2011-09-12,12:00:00,1315803600,17.4,14.5,19.7,37.4,228.0,0.2,0.0,United Kingdom
London,GB,2011-09-13,12:00:00,1315890000,14.5,11.9,17.2,29.9,248.0,0.5,0.0,United Kingdom
London,GB,2011-09-14,12:00:00,1315976400,13.9,10.0,18.2,20.7,259.0,0.0,0.0,United Kingdom
London,GB,2011-09-15,12:00:00,1316062800,13.4,8.5,18.0,11.6,109.0,0.0,0.0,United Kingdom
London,GB,2011-09-16,12:00:00,1316149200,15.5,11.9,19.0,15.9,152.0,0.6,0.0,United Kingdom
London,GB,2011-09-17,12:00:00,1316235600,14.2,10.5,17.4,23.7,233.0,1.0,0.0,United Kingdom
London,GB,2011-09-18,12:00:00,1316322000,11.7,7.8,15.6,15.5,277.0,0.4,0.0,United Kingdom
London,GB,2011-09-19,12:00:00,1316408400,13.6,9.3,17.5,20.3,260.0,0.0,0.0,United Kingdom
London,GB,2011-09-20,12:00:00,1316494800,16.2,13.4,19.1,26.0,222.0,0.2,0.0,United Kingdom
London,GB,2011-09-21,12:00:00,1316581200,15.0,13.0,17.4,22.4,245.0,3.6,0.0,United Kingdom
London,GB,2011-09-22,12:00:00,1316667600,14.2,11.0,17.6,20.3,257.0,0.0,0.0,United Kingdom
London,GB,2011-09-23,12:00:00,1316754000,12.7,8.1,17.6,13.8,224.0,0.0,0.0,United Kingdom
London,GB,2011-09-24,12:00:00,1316840400,13.5,7.7,19.0,13.7,182.0,0.1,0.0,United Kingdom
London,GB,2011-09-25,12:00:00,1316926800,15.6,10.7,20.3,23.8,193.0,0.0,0.0,United Kingdom
London,GB,2011-09-26,12:00:00,1317013200,17.1,14.5,20.3,19.0,216.0,0.5,0.0,United Kingdom
London,GB,2011-09-27,12:00:00,1317099600,15.5,11.7,20.7,8.6,201.0,0.0,0.0,United Kingdom
London,GB,2011-09-28,12:00:00,1317186000,17.1,11.4,23.7,13.9,137.0,0.0,0.0,United Kingdom
London,GB,2011-09-29,12:00:00,1317272400,18.2,12.5,24.9,10.8,146.0,0.0,0.0,United Kingdom
London,GB,2011-09-30,12:00:00,1317358800,18.0,11.9,25.6,12.4,158.0,0.0,0.0,United Kingdom
London,GB,2011-10-01,12:00:00,1317445200,18.4,11.9,26.4,9.1,165.0,0.0,0.0,United Kingdom
London,GB,2011-10-02,12:00:00,1317531600,18.1,11.7,25.8,14.5,200.0,0.0,0.0,United Kingdom
London,GB,2011-10-03,12:00:00,1317618000,18.1,13.4,24.2,22.9,219.0,0.0,0.0,United Kingdom
London,GB,2011-10-04,12:00:00,1317704400,17.1,15.5,18.9,23.2,252.0,0.0,0.0,United Kingdom
London,GB,2011-10-05,12:00:00,1317790800,17.2,15.6,20.0,31.4,231.0,0.1,0.0,United Kingdom
London,GB,2011-10-06,12:00:00,1317877200,13.7,10.9,16.5,30.6,260.0,1.7,0.0,United Kingdom
London,GB,2011-10-07,12:00:00,1317963600,11.9,9.7,14.9,28.6,300.0,0.2,0.0,United Kingdom
London,GB,2011-10-08,12:00:00,1318050000,11.7,9.2,14.2,23.0,292.0,1.3,0.0,United Kingdom
London,GB,2011-10-09,12:00:00,1318136400,16.0,13.5,19.2,29.2,263.0,4.3,0.0,United Kingdom
London,GB,2011-10-10,12:00:00,1318222800,16.5,14.8,19.9,36.3,253.0,0.0,0.0,United Kingdom
London,GB,2011-10-11,12:00:00,1318309200,15.9,14.3,17.9,27.9,255.0,0.0,0.0,United Kingdom
London,GB,2011-10-12,12:00:00,1318395600,15.8,14.6,17.9,19.1,269.0,0.2,0.0,United Kingdom
London,GB,2011-10-13,12:00:00,1318482000,14.7,13.4,16.6,11.2,62.0,0.1,0.0,United Kingdom
London,GB,2011-10-14,12:00:00,1318568400,12.1,8.3,14.3,14.7,105.0,0.0,0.0,United Kingdom
London,GB,2011-10-15,12:00:00,1318654800,9.7,4.9,15.2,10.2,130.0,0.0,0.0,United Kingdom
London,GB,2011-10-16,12:00:00,1318741200,10.4,4.3,16.1,10.8,246.0,0.0,0.0,United Kingdom
London,GB,2011-10-17,12:00:00,1318827600,11.8,7.0,15.9,28.8,221.0,0.0,0.0,United Kingdom
London,GB,2011-10-18,12:00:00,1318914000,10.8,7.5,13.6,28.7,258.0,1.7,0.0,United Kingdom
London,GB,2011-10-19,12:00:00,1319000400,7.9,5.1,11.8,19.3,290.0,0.1,0.0,United Kingdom
London,GB,2011-10-20,12:00:00,1319086800,6.8,2.7,11.2,14.1,285.0,0.0,0.0,United Kingdom
London,GB,2011-10-21,12:00:00,1319173200,9.0,4.0,14.0,16.3,208.0,0.0,0.0,United Kingdom
London,GB,2011-10-22,12:00:00,1319259600,9.3,6.1,11.9,21.7,164.0,0.0,0.0,United Kingdom
London,GB,2011-10-23,12:00:00,1319346000,13.3,9.3,17.7,25.9,155.0,0.0,0.0,United Kingdom
London,GB,2011-10-24,12:00:00,1319432400,13.1,10.6,16.0,24.6,129.0,1.7,0.0,United Kingdom
London,GB,2011-10-25,12:00:00,1319518800,12.3,9.4,14.4,20.6,168.0,1.1,0.0,United Kingdom
London,GB,2011-10-26,12:00:00,1319605200,10.3,8.0,13.3,22.5,189.0,1.7,0.0,United Kingdom
London,GB,2011-10-27,12:00:00,1319691600,11.9,10.5,13.3,17.6,145.0,3.5,0.0,United Kingdom
London,GB,2011-10-28,12:00:00,1319778000,11.9,9.8,13.7,12.8,20.0,0.1,0.0,United Kingdom
London,GB,2011-10-29,12:00:00,1319864400,13.0,11.8,15.5,23.2,206.0,0.2,0.0,United Kingdom
London,GB,2011-10-30,12:00:00,1319950800,14.9,13.4,16.4,22.0,211.0,0.0,0.0,United Kingdom
London,GB,2011-10-31,12:00:00,1320037200,14.7,12.8,16.4,20.6,177.0,0.0,0.0,United Kingdom
London,GB,2011-11-01,12:00:00,1320123600,13.2,9.0,15.0,18.8,205.0,0.9,0.0,United Kingdom
London,GB,2011-11-02,12:00:00,1320210000,11.4,8.4,14.2,23.4,142.0,1.6,0.0,United Kingdom
London,GB,2011-11-03,12:00:00,1320296400,14.7,12.9,15.7,25.8,163.0,4.1,0.0,United Kingdom
London,GB,2011-11-04,12:00:00,1320382800,12.8,11.2,14.9,19.6,177.0,12.8,0.0,United Kingdom
London,GB,2011-11-05,12:00:00,1320469200,11.5,8.7,13.9,19.0,355.0,0.4,0.0,United Kingdom
London,GB,2011-11-06,12:00:00,1320555600,9.9,8.0,11.2,23.6,1.0,0.0,0.0,United Kingdom
London,GB,2011-11-07,12:00:00,1320642000,11.2,9.7,12.9,22.1,28.0,0.0,0.0,United Kingdom
London,GB,2011-11-08,12:00:00,1320728400,10.8,9.9,11.8,12.6,97.0,0.1,0.0,United Kingdom
London,GB,2011-11-09,12:00:00,1320814800,11.4,9.8,14.5,19.9,153.0,0.0,0.0,United Kingdom
London,GB,2011-11-10,12:00:00,1320901200,11.0,8.6,14.2,13.8,115.0,0.9,0.0,United Kingdom
London,GB,2011-11-11,12:00:00,1320987600,10.5,8.6,12.7,19.5,124.0,0.0,0.0,United Kingdom
London,GB,2011-11-12,12:00:00,1321074000,13.2,11.3,15.9,16.8,136.0,0.3,0.0,United Kingdom
London,GB,2011-11-13,12:00:00,1321160400,11.3,9.3,14.6,16.7,93.0,0.0,0.0,United Kingdom
London,GB,2011-11-14,12:00:00,1321246800,9.9,8.7,11.8,15.6,89.0,0.0,0.0,United Kingdom
London,GB,2011-11-15,12:00:00,1321333200,8.7,6.8,10.2,16.2,81.0,0.0,0.0,United Kingdom
London,GB,2011-11-16,12:00:00,1321419600,7.7,6.3,9.7,13.5,114.0,0.0,0.0,United Kingdom
London,GB,2011-11-17,12:00:00,1321506000,10.4,8.6,13.4,16.9,191.0,0.0,0.0,United Kingdom
London,GB,2011-11-18,12:00:00,1321592400,10.6,8.7,13.5,21.0,178.0,0.0,0.0,United Kingdom
London,GB,2011-11-19,12:00:00,1321678800,8.5,5.8,12.3,13.9,130.0,0.0,0.0,United Kingdom
London,GB,2011-11-20,12:00:00,1321765200,6.7,3.8,10.6,11.2,129.0,0.0,0.0,United Kingdom
London,GB,2011-11-21,12:00:00,1321851600,7.7,4.7,10.2,14.4,115.0,0.0,0.0,United Kingdom
London,GB,2011-11-22,12:00:00,1321938000,10.3,8.8,12.9,11.8,23.0,0.4,0.0,United Kingdom
London,GB,2011-11-23,12:00:00,1322024400,7.4,2.9,10.3,13.9,238.0,0.0,0.0,United Kingdom
London,GB,2011-11-24,12:00:00,1322110800,9.7,7.7,12.2,24.5,210.0,0.0,0.0,United Kingdom
London,GB,2011-11-25,12:00:00,1322197200,10.6,6.5,12.6,27.6,243.0,0.0,0.0,United Kingdom
London,GB,2011-11-26,12:00:00,1322283600,8.9,6.3,11.9,32.4,234.0,0.0,0.0,United Kingdom
London,GB,2011-11-27,12:00:00,1322370000,9.9,3.0,13.1,32.2,252.0,0.0,0.0,United Kingdom
London,GB,2011-11-28,12:00:00,1322456400,5.8,0.1,11.7,21.6,195.0,0.0,0.0,United Kingdom
London,GB,2011-11-29,12:00:00,1322542800,11.0,6.1,13.1,36.6,210.0,2.3,0.0,United Kingdom
London,GB,2011-11-30,12:00:00,1322629200,8.1,5.6,11.2,27.0,210.0,0.0,0.0,United Kingdom
London,GB,2011-12-01,12:00:00,1322715600,9.3,6.4,10.9,34.9,217.0,5.2,0.0,United Kingdom
London,GB,2011-12-02,12:00:00,1322802000,5.2,1.7,6.9,25.2,244.0,0.9,0.0,United Kingdom
London,GB,2011-12-03,12:00:00,1322888400,9.0,6.8,10.4,30.4,246.0,1.6,0.0,United Kingdom
London,GB,2011-12-04,12:00:00,1322974800,7.0,3.8,8.6,20.5,259.0,0.9,0.0,United Kingdom
London,GB,2011-12-05,12:00:00,1323061200,3.7,1.9,6.3,24.1,263.0,0.0,0.0,United Kingdom
London,GB,2011-12-06,12:00:00,1323147600,4.0,2.1,6.4,20.4,254.0,0.0,0.0,United Kingdom
London,GB,2011-12-07,12:00:00,1323234000,6.3,4.2,7.8,32.7,266.0,0.1,0.0,United Kingdom
London,GB,2011-12-08,12:00:00,1323320400,8.0,2.8,12.0,39.6,231.0,1.4,0.0,United Kingdom
London,GB,2011-12-09,12:00:00,1323406800,4.6,1.8,7.0,26.6,260.0,0.0,0.0,United Kingdom
London,GB,2011-12-10,12:00:00,1323493200,1.4,-1.1,5.3,13.3,250.0,0.0,0.0,United Kingdom
London,GB,2011-12-11,12:00:00,1323579600,5.6,1.3,8.2,23.2,203.0,7.8,0.0,United Kingdom
London,GB,2011-12-12,12:00:00,1323666000,5.5,1.9,8.0,42.0,223.0,4.4,0.0,United Kingdom
London,GB,2011-12-13,12:00:00,1323752400,7.4,4.6,11.5,43.2,230.0,7.8,0.0,United Kingdom
London,GB,2011-12-14,12:00:00,1323838800,4.8,3.9,6.1,25.8,229.0,0.0,0.0,United Kingdom
London,GB,2011-12-15,12:00:00,1323925200,4.9,3.0,7.2,33.0,237.0,0.9,0.0,United Kingdom
London,GB,2011-12-16,12:00:00,1324011600,2.7,1.1,4.9,23.6,327.0,8.6,0.77,United Kingdom
London,GB,2011-12-17,12:00:00,1324098000,1.5,-1.0,4.3,20.9,294.0,0.0,0.0,United Kingdom
London,GB,2011-12-18,12:00:00,1324184400,0.7,-2.1,4.2,19.8,301.0,0.1,0.0,United Kingdom
London,GB,2011-12-19,12:00:00,1324270800,1.9,-3.4,6.9,18.8,243.0,5.0,0.0,United Kingdom
London,GB,2011-12-20,12:00:00,1324357200,5.5,4.4,6.6,20.9,289.0,0.6,0.0,United Kingdom
London,GB,2011-12-21,12:00:00,1324443600,8.7,4.8,11.2,17.4,272.0,2.7,0.0,United Kingdom
London,GB,2011-12-22,12:00:00,1324530000,8.6,7.6,10.1,19.4,267.0,0.0,0.0,United Kingdom
London,GB,2011-12-23,12:00:00,1324616400,8.7,4.0,11.2,32.6,243.0,5.9,0.0,United Kingdom
London,GB,2011-12-24,12:00:00,1324702800,5.0,2.6,7.2,27.0,264.0,0.7,0.0,United Kingdom
London,GB,2011-12-25,12:00:00,1324789200,9.5,7.2,10.9,26.5,238.0,0.0,0.0,United Kingdom
London,GB,2011-12-26,12:00:00,1324875600,10.4,8.7,11.6,21.8,233.0,0.0,0.0,United Kingdom
London,GB,2011-12-27,12:00:00,1324962000,8.4,6.1,9.8,18.7,215.0,0.0,0.0,United Kingdom
London,GB,2011-12-28,12:00:00,1325048400,8.0,5.3,10.2,27.7,239.0,0.0,0.0,United Kingdom
London,GB,2011-12-29,12:00:00,1325134800,6.4,4.3,9.0,32.2,267.0,2.2,0.0,United Kingdom
London,GB,2011-12-30,12:00:00,1325221200,5.7,4.0,9.1,25.8,270.0,3.2,0.0,United Kingdom
London,GB,2011-12-31,12:00:00,1325307600,10.8,9.8,11.3,23.2,252.0,0.4,0.0,United Kingdom
London,GB,2012-01-01,12:00:00,1325394000,10.9,8.0,11.8,22.8,227.0,11.5,0.0,United Kingdom
London,GB,2012-01-02,12:00:00,1325480400,5.3,3.9,7.3,22.2,239.0,0.0,0.0,United Kingdom
London,GB,2012-01-03,12:00:00,1325566800,8.3,5.0,11.8,46.2,233.0,8.7,0.0,United Kingdom
London,GB,2012-01-04,12:00:00,1325653200,6.5,4.6,8.4,40.3,258.0,2.2,0.0,United Kingdom
London,GB,2012-01-05,12:00:00,1325739600,8.5,6.1,10.5,43.3,283.0,0.9,0.0,United Kingdom
London,GB,2012-01-06,12:00:00,1325826000,5.7,2.9,8.2,25.6,286.0,0.0,0.0,United Kingdom
London,GB,2012-01-07,12:00:00,1325912400,8.4,6.2,10.0,24.0,278.0,0.3,0.0,United Kingdom
London,GB,2012-01-08,12:00:00,1325998800,6.3,4.1,8.6,18.0,283.0,0.0,0.0,United Kingdom
London,GB,2012-01-09,12:00:00,1326085200,9.0,7.2,10.9,22.0,265.0,0.0,0.0,United Kingdom
London,GB,2012-01-10,12:00:00,1326171600,9.1,7.5,10.2,19.1,248.0,0.0,0.0,United Kingdom
London,GB,2012-01-11,12:00:00,1326258000,8.5,7.1,10.3,17.1,249.0,0.0,0.0,United Kingdom
London,GB,2012-01-12,12:00:00,1326344400,8.3,4.3,11.5,24.7,270.0,0.0,0.0,United Kingdom
London,GB,2012-01-13,12:00:00,1326430800,2.1,-1.0,5.3,11.4,343.0,0.0,0.0,United Kingdom
London,GB,2012-01-14,12:00:00,1326517200,-0.5,-2.4,1.6,9.7,73.0,0.0,0.0,United Kingdom
London,GB,2012-01-15,12:00:00,1326603600,1.1,-1.4,4.8,16.2,103.0,0.0,0.0,United Kingdom
London,GB,2012-01-16,12:00:00,1326690000,0.5,-2.0,4.7,13.5,101.0,0.0,0.0,United Kingdom
London,GB,2012-01-17,12:00:00,1326776400,0.5,-3.0,5.1,10.7,174.0,0.0,0.0,United Kingdom
London,GB,2012-01-18,12:00:00,1326862800,7.6,2.7,10.6,22.3,219.0,0.5,0.0,United Kingdom
London,GB,2012-01-19,12:00:00,1326949200,9.2,6.1,11.1,29.0,261.0,3.1,0.0,United Kingdom
London,GB,2012-01-20,12:00:00,1327035600,6.5,3.8,8.7,27.8,277.0,0.0,0.0,United Kingdom
London,GB,2012-01-21,12:00:00,1327122000,9.2,7.1,10.8,29.7,272.0,0.0,0.0,United Kingdom
London,GB,2012-01-22,12:00:00,1327208400,7.1,4.6,10.2,29.0,278.0,0.0,0.0,United Kingdom
London,GB,2012-01-23,12:00:00,1327294800,4.9,2.8,8.0,17.8,282.0,0.8,0.0,United Kingdom
London,GB,2012-01-24,12:00:00,1327381200,4.4,-1.0,9.1,17.0,246.0,7.0,0.0,United Kingdom
London,GB,2012-01-25,12:00:00,1327467600,8.8,7.8,10.4,22.0,213.0,0.0,0.0,United Kingdom
London,GB,2012-01-26,12:00:00,1327554000,7.1,3.6,8.7,26.4,211.0,4.0,0.0,United Kingdom
London,GB,2012-01-27,12:00:00,1327640400,3.8,1.7,7.5,18.4,239.0,0.7,0.0,United Kingdom
London,GB,2012-01-28,12:00:00,1327726800,3.1,0.0,6.0,16.5,358.0,0.1,0.0,United Kingdom
London,GB,2012-01-29,12:00:00,1327813200,2.7,1.4,5.2,10.5,44.0,0.0,0.0,United Kingdom
London,GB,2012-01-30,12:00:00,1327899600,1.2,-1.9,3.9,10.9,39.0,0.0,0.0,United Kingdom
London,GB,2012-01-31,12:00:00,1327986000,-0.4,-3.4,2.6,17.6,46.0,0.3,0.0,United Kingdom
London,GB,2012-02-01,12:00:00,1328072400,-0.1,-1.3,1.4,24.6,49.0,0.0,0.0,United Kingdom
London,GB,2012-02-02,12:00:00,1328158800,-1.2,-2.7,0.6,22.7,45.0,0.0,0.0,United Kingdom
London,GB,2012-02-03,12:00:00,1328245200,-1.8,-4.9,1.7,12.8,357.0,0.0,0.0,United Kingdom
London,GB,2012-02-04,12:00:00,1328331600,-1.6,-3.4,0.2,22.7,166.0,2.3,1.61,United Kingdom
London,GB,2012-02-05,12:00:00,1328418000,0.5,-0.3,2.4,23.4,177.0,7.0,4.97,United Kingdom
London,GB,2012-02-06,12:00:00,1328504400,1.6,0.7,3.5,5.5,94.0,1.1,0.0,United Kingdom
London,GB,2012-02-07,12:00:00,1328590800,-0.7,-4.8,1.1,17.1,66.0,0.0,0.0,United Kingdom
London,GB,2012-02-08,12:00:00,1328677200,-0.7,-3.5,0.9,19.3,34.0,0.0,0.0,United Kingdom
London,GB,2012-02-09,12:00:00,1328763600,-1.2,-3.8,0.5,9.4,18.0,1.3,0.91,United Kingdom
London,GB,2012-02-10,12:00:00,1328850000,-1.4,-2.7,-0.5,13.7,111.0,0.6,0.7,United Kingdom
London,GB,2012-02-11,12:00:00,1328936400,-2.6,-5.3,0.0,10.0,31.0,0.0,0.0,United Kingdom
London,GB,2012-02-12,12:00:00,1329022800,-0.3,-4.8,3.3,14.5,324.0,0.2,0.21,United Kingdom
London,GB,2012-02-13,12:00:00,1329109200,2.5,-2.3,6.2,22.5,319.0,0.5,0.0,United Kingdom
London,GB,2012-02-14,12:00:00,1329195600,5.3,3.0,8.2,22.8,332.0,0.0,0.0,United Kingdom
London,GB,2012-02-15,12:00:00,1329282000,7.1,5.2,10.2,29.3,320.0,0.0,0.0,United Kingdom
London,GB,2012-02-16,12:00:00,1329368400,6.3,3.5,9.5,16.4,294.0,0.0,0.0,United Kingdom
London,GB,2012-02-17,12:00:00,1329454800,8.1,6.3,10.5,18.3,256.0,0.0,0.0,United Kingdom
London,GB,2012-02-18,12:00:00,1329541200,7.4,2.7,10.0,37.2,249.0,2.7,0.0,United Kingdom
London,GB,2012-02-19,12:00:00,1329627600,2.5,-1.5,5.9,21.4,308.0,0.0,0.0,United Kingdom
London,GB,2012-02-20,12:00:00,1329714000,1.9,-3.4,6.9,18.1,226.0,0.0,0.0,United Kingdom
London,GB,2012-02-21,12:00:00,1329800400,6.6,2.8,10.7,23.1,237.0,0.0,0.0,United Kingdom
London,GB,2012-02-22,12:00:00,1329886800,7.4,5.6,9.6,30.4,221.0,0.9,0.0,United Kingdom
London,GB,2012-02-23,12:00:00,1329973200,11.3,9.6,13.5,21.1,262.0,0.0,0.0,United Kingdom
London,GB,2012-02-24,12:00:00,1330059600,10.1,8.9,12.0,21.6,266.0,0.0,0.0,United Kingdom
London,GB,2012-02-25,12:00:00,1330146000,6.9,3.0,9.8,13.0,316.0,0.0,0.0,United Kingdom
London,GB,2012-02-26,12:00:00,1330232400,5.6,1.3,10.6,13.6,283.0,0.0,0.0,United Kingdom
London,GB,2012-02-27,12:00:00,1330318800,7.7,5.0,10.4,16.6,248.0,1.5,0.0,United Kingdom
London,GB,2012-02-28,12:00:00,1330405200,9.9,8.3,12.1,13.0,259.0,0.0,0.0,United Kingdom
London,GB,2012-02-29,12:00:00,1330491600,9.7,8.4,11.5,9.9,219.0,0.0,0.0,United Kingdom
London,GB,2012-03-01,12:00:00,1330578000,8.9,5.5,13.1,7.2,306.0,0.0,0.0,United Kingdom
London,GB,2012-03-02,12:00:00,1330664400,6.5,3.6,10.5,11.3,74.0,0.0,0.0,United Kingdom
London,GB,2012-03-03,12:00:00,1330750800,8.7,6.0,12.5,24.1,204.0,0.0,0.0,United Kingdom
London,GB,2012-03-04,12:00:00,1330837200,5.6,3.1,8.7,30.3,261.0,13.0,0.0,United Kingdom
London,GB,2012-03-05,12:00:00,1330923600,5.2,3.1,7.8,35.3,320.0,0.0,0.0,United Kingdom
London,GB,2012-03-06,12:00:00,1331010000,4.9,3.0,7.6,23.2,329.0,0.0,0.0,United Kingdom
London,GB,2012-03-07,12:00:00,1331096400,6.7,4.1,10.0,30.8,240.0,3.4,0.0,United Kingdom
London,GB,2012-03-08,12:00:00,1331182800,6.0,2.0,9.7,19.9,282.0,0.0,0.0,United Kingdom
London,GB,2012-03-09,12:00:00,1331269200,8.1,4.6,11.6,20.7,242.0,0.4,0.0,United Kingdom
London,GB,2012-03-10,12:00:00,1331355600,10.6,7.9,13.7,15.5,287.0,0.0,0.0,United Kingdom
London,GB,2012-03-11,12:00:00,1331442000,9.0,4.4,13.1,11.0,325.0,0.0,0.0,United Kingdom
London,GB,2012-03-12,12:00:00,1331528400,7.9,2.4,14.1,8.5,357.0,0.0,0.0,United Kingdom
London,GB,2012-03-13,12:00:00,1331614800,7.5,5.8,10.2,7.2,58.0,0.0,0.0,United Kingdom
London,GB,2012-03-14,12:00:00,1331701200,6.4,3.9,10.2,7.6,115.0,0.0,0.0,United Kingdom
London,GB,2012-03-15,12:00:00,1331787600,7.3,0.9,15.2,11.4,184.0,0.0,0.0,United Kingdom
London,GB,2012-03-16,12:00:00,1331874000,8.4,7.0,10.5,19.3,229.0,0.0,0.0,United Kingdom
London,GB,2012-03-17,12:00:00,1331960400,8.4,6.1,10.7,20.1,207.0,6.2,0.0,United Kingdom
London,GB,2012-03-18,12:00:00,1332046800,5.8,2.1,9.6,14.8,308.0,1.2,0.0,United Kingdom
London,GB,2012-03-19,12:00:00,1332133200,5.5,-0.7,11.3,13.7,280.0,0.0,0.0,United Kingdom
London,GB,2012-03-20,12:00:00,1332219600,7.3,1.8,12.8,15.8,263.0,0.0,0.0,United Kingdom
London,GB,2012-03-21,12:00:00,1332306000,8.1,3.0,14.3,14.6,55.0,0.0,0.0,United Kingdom
London,GB,2012-03-22,12:00:00,1332392400,9.5,5.3,15.1,17.7,78.0,0.0,0.0,United Kingdom
London,GB,2012-03-23,12:00:00,1332478800,11.0,4.1,18.2,11.8,87.0,0.0,0.0,United Kingdom
London,GB,2012-03-24,12:00:00,1332565200,9.9,3.2,17.2,10.4,77.0,0.0,0.0,United Kingdom
London,GB,2012-03-25,12:00:00,1332651600,7.3,3.4,12.5,12.9,59.0,0.0,0.0,United Kingdom
London,GB,2012-03-26,12:00:00,1332738000,8.6,2.4,16.0,14.1,69.0,0.0,0.0,United Kingdom
London,GB,2012-03-27,12:00:00,1332824400,8.6,1.7,15.8,12.4,69.0,0.0,0.0,United Kingdom
London,GB,2012-03-28,12:00:00,1332910800,10.3,2.0,18.3,10.4,12.0,0.0,0.0,United Kingdom
London,GB,2012-03-29,12:00:00,1332997200,10.5,3.4,17.4,11.6,332.0,0.0,0.0,United Kingdom
London,GB,2012-03-30,12:00:00,1333083600,10.2,5.1,15.9,10.5,323.0,0.0,0.0,United Kingdom
London,GB,2012-03-31,12:00:00,1333170000,7.5,5.0,10.3,19.3,11.0,0.0,0.0,United Kingdom
London,GB,2012-04-01,12:00:00,1333256400,5.9,0.8,10.1,10.9,351.0,0.0,0.0,United Kingdom
London,GB,2012-04-02,12:00:00,1333342800,7.4,1.3,13.5,9.7,304.0,0.0,0.0,United Kingdom
London,GB,2012-04-03,12:00:00,1333429200,7.7,1.9,13.2,15.8,276.0,4.8,0.0,United Kingdom
London,GB,2012-04-04,12:00:00,1333515600,7.4,4.1,10.6,20.0,105.0,2.4,0.0,United Kingdom
London,GB,2012-04-05,12:00:00,1333602000,7.0,3.6,9.8,25.1,46.0,0.0,0.0,United Kingdom
London,GB,2012-04-06,12:00:00,1333688400,5.5,-2.1,11.8,16.4,333.0,0.0,0.0,United Kingdom
London,GB,2012-04-07,12:00:00,1333774800,7.8,6.1,9.0,14.4,358.0,0.0,0.0,United Kingdom
London,GB,2012-04-08,12:00:00,1333861200,8.6,5.4,11.9,15.8,251.0,1.7,0.0,United Kingdom
London,GB,2012-04-09,12:00:00,1333947600,8.6,7.1,9.7,31.5,219.0,9.2,0.0,United Kingdom
London,GB,2012-04-10,12:00:00,1334034000,8.3,4.5,11.7,27.5,238.0,1.1,0.0,United Kingdom
London,GB,2012-04-11,12:00:00,1334120400,7.1,2.5,12.1,11.6,260.0,3.0,0.0,United Kingdom
London,GB,2012-04-12,12:00:00,1334206800,7.0,1.4,11.6,10.0,295.0,4.4,0.0,United Kingdom
London,GB,2012-04-13,12:00:00,1334293200,6.3,1.2,11.5,8.0,352.0,0.3,0.0,United Kingdom
London,GB,2012-04-14,12:00:00,1334379600,6.7,3.0,10.9,18.6,33.0,0.0,0.0,United Kingdom
London,GB,2012-04-15,12:00:00,1334466000,5.5,2.3,9.1,25.5,4.0,0.0,0.0,United Kingdom
London,GB,2012-04-16,12:00:00,1334552400,5.0,-1.0,9.4,15.1,302.0,0.0,0.0,United Kingdom
London,GB,2012-04-17,12:00:00,1334638800,7.7,4.1,12.6,32.1,210.0,4.0,0.0,United Kingdom
London,GB,2012-04-18,12:00:00,1334725200,7.7,5.4,11.1,34.1,178.0,6.1,0.0,United Kingdom
London,GB,2012-04-19,12:00:00,1334811600,7.7,5.7,11.1,17.7,267.0,2.9,0.0,United Kingdom
London,GB,2012-04-20,12:00:00,1334898000,7.5,3.4,12.0,18.7,249.0,3.6,0.0,United Kingdom
London,GB,2012-04-21,12:00:00,1334984400,7.7,2.5,12.2,20.4,264.0,0.5,0.0,United Kingdom
London,GB,2012-04-22,12:00:00,1335070800,8.0,3.1,13.0,25.9,246.0,2.2,0.0,United Kingdom
London,GB,2012-04-23,12:00:00,1335157200,6.8,4.5,9.3,23.4,127.0,8.1,0.0,United Kingdom
London,GB,2012-04-24,12:00:00,1335243600,8.6,5.7,12.4,23.0,336.0,2.7,0.0,United Kingdom
London,GB,2012-04-25,12:00:00,1335330000,8.4,4.8,12.4,32.1,158.0,15.8,0.0,United Kingdom
London,GB,2012-04-26,12:00:00,1335416400,10.7,8.3,13.5,35.8,204.0,2.8,0.0,United Kingdom
London,GB,2012-04-27,12:00:00,1335502800,11.1,8.0,14.4,24.7,209.0,1.6,0.0,United Kingdom
London,GB,2012-04-28,12:00:00,1335589200,7.8,5.3,9.3,33.6,31.0,8.2,0.0,United Kingdom
London,GB,2012-04-29,12:00:00,1335675600,8.7,5.2,14.0,34.9,65.0,19.1,0.0,United Kingdom
London,GB,2012-04-30,12:00:00,1335762000,12.2,7.5,16.9,24.4,116.0,1.2,0.0,United Kingdom
London,GB,2012-05-01,12:00:00,1335848400,12.9,9.8,16.6,26.5,81.0,21.9,0.0,United Kingdom
London,GB,2012-05-02,12:00:00,1335934800,10.8,8.0,14.2,17.8,356.0,4.1,0.0,United Kingdom
London,GB,2012-05-03,12:00:00,1336021200,8.6,7.2,10.4,15.2,15.0,11.0,0.0,United Kingdom
London,GB,2012-05-04,12:00:00,1336107600,8.0,6.6,9.4,16.1,18.0,0.0,0.0,United Kingdom
London,GB,2012-05-05,12:00:00,1336194000,7.2,5.4,9.6,20.3,35.0,0.4,0.0,United Kingdom
London,GB,2012-05-06,12:00:00,1336280400,6.9,5.1,9.2,18.1,40.0,0.1,0.0,United Kingdom
London,GB,2012-05-07,12:00:00,1336366800,8.6,3.5,12.8,21.0,162.0,5.0,0.0,United Kingdom
London,GB,2012-05-08,12:00:00,1336453200,12.5,9.5,15.7,16.4,203.0,3.5,0.0,United Kingdom
London,GB,2012-05-09,12:00:00,1336539600,12.5,8.9,15.6,23.5,198.0,5.7,0.0,United Kingdom
London,GB,2012-05-10,12:00:00,1336626000,14.6,13.4,16.5,31.3,209.0,12.2,0.0,United Kingdom
London,GB,2012-05-11,12:00:00,1336712400,12.1,8.3,14.8,23.4,273.0,0.0,0.0,United Kingdom
London,GB,2012-05-12,12:00:00,1336798800,9.5,4.6,13.3,19.6,340.0,0.0,0.0,United Kingdom
London,GB,2012-05-13,12:00:00,1336885200,10.3,4.1,14.6,20.1,227.0,0.0,0.0,United Kingdom
London,GB,2012-05-14,12:00:00,1336971600,8.6,6.1,11.0,21.1,234.0,3.4,0.0,United Kingdom
London,GB,2012-05-15,12:00:00,1337058000,7.6,4.9,11.9,24.2,305.0,5.0,0.0,United Kingdom
London,GB,2012-05-16,12:00:00,1337144400,8.3,3.0,12.3,14.9,291.0,0.0,0.0,United Kingdom
London,GB,2012-05-17,12:00:00,1337230800,10.1,5.0,14.4,15.4,134.0,0.2,0.0,United Kingdom
London,GB,2012-05-18,12:00:00,1337317200,12.0,8.0,15.1,17.9,98.0,0.3,0.0,United Kingdom
London,GB,2012-05-19,12:00:00,1337403600,13.1,9.6,16.8,17.1,257.0,0.0,0.0,United Kingdom
London,GB,2012-05-20,12:00:00,1337490000,10.8,7.2,15.0,19.8,22.0,1.0,0.0,United Kingdom
London,GB,2012-05-21,12:00:00,1337576400,12.3,8.5,17.2,21.6,354.0,0.0,0.0,United Kingdom
London,GB,2012-05-22,12:00:00,1337662800,16.2,9.7,23.1,22.2,344.0,0.0,0.0,United Kingdom
London,GB,2012-05-23,12:00:00,1337749200,18.0,11.3,23.7,13.8,358.0,0.0,0.0,United Kingdom
London,GB,2012-05-24,12:00:00,1337835600,18.7,13.2,23.9,11.8,35.0,0.0,0.0,United Kingdom
London,GB,2012-05-25,12:00:00,1337922000,17.8,14.0,21.3,23.7,64.0,0.0,0.0,United Kingdom
London,GB,2012-05-26,12:00:00,1338008400,17.7,13.1,22.2,23.4,71.0,0.0,0.0,United Kingdom
London,GB,2012-05-27,12:00:00,1338094800,18.3,12.5,23.9,15.9,80.0,0.0,0.0,United Kingdom
London,GB,2012-05-28,12:00:00,1338181200,18.1,10.8,23.7,10.1,268.0,0.0,0.0,United Kingdom
London,GB,2012-05-29,12:00:00,1338267600,17.1,13.0,20.6,13.0,2.0,0.5,0.0,United Kingdom
London,GB,2012-05-30,12:00:00,1338354000,17.3,12.3,22.7,13.0,215.0,2.3,0.0,United Kingdom
London,GB,2012-05-31,12:00:00,1338440400,15.4,13.2,17.1,20.3,275.0,0.2,0.0,United Kingdom
London,GB,2012-06-01,12:00:00,1338526800,16.6,13.9,19.6,13.7,328.0,0.0,0.0,United Kingdom
London,GB,2012-06-02,12:00:00,1338613200,13.4,11.2,16.5,19.1,95.0,3.4,0.0,United Kingdom
London,GB,2012-06-03,12:00:00,1338699600,11.6,10.7,12.4,19.8,89.0,12.4,0.0,United Kingdom
London,GB,2012-06-04,12:00:00,1338786000,10.7,7.8,12.7,25.9,20.0,5.4,0.0,United Kingdom
London,GB,2012-06-05,12:00:00,1338872400,11.1,7.5,13.9,22.1,165.0,4.1,0.0,United Kingdom
London,GB,2012-06-06,12:00:00,1338958800,14.6,12.4,17.9,23.5,213.0,3.7,0.0,United Kingdom
London,GB,2012-06-07,12:00:00,1339045200,14.2,11.5,18.2,30.0,179.0,7.3,0.0,United Kingdom
London,GB,2012-06-08,12:00:00,1339131600,13.5,11.3,15.9,39.2,221.0,3.2,0.0,United Kingdom
London,GB,2012-06-09,12:00:00,1339218000,12.7,10.4,15.0,31.4,252.0,0.0,0.0,United Kingdom
London,GB,2012-06-10,12:00:00,1339304400,12.5,7.3,16.0,15.0,115.0,5.6,0.0,United Kingdom
London,GB,2012-06-11,12:00:00,1339390800,11.5,10.8,12.1,23.2,25.0,33.6,0.0,United Kingdom
London,GB,2012-06-12,12:00:00,1339477200,11.6,10.1,13.9,24.4,10.0,5.2,0.0,United Kingdom
London,GB,2012-06-13,12:00:00,1339563600,12.2,7.8,15.7,8.8,104.0,0.0,0.0,United Kingdom
London,GB,2012-06-14,12:00:00,1339650000,12.9,7.4,17.4,25.0,116.0,3.6,0.0,United Kingdom
London,GB,2012-06-15,12:00:00,1339736400,14.9,12.5,17.9,30.9,194.0,8.0,0.0,United Kingdom
London,GB,2012-06-16,12:00:00,1339822800,14.2,12.0,16.4,39.2,214.0,1.2,0.0,United Kingdom
London,GB,2012-06-17,12:00:00,1339909200,14.7,11.2,17.7,26.4,230.0,0.1,0.0,United Kingdom
London,GB,2012-06-18,12:00:00,1339995600,14.4,11.7,17.8,14.2,258.0,3.0,0.0,United Kingdom
London,GB,2012-06-19,12:00:00,1340082000,14.4,8.8,18.7,11.4,227.0,0.0,0.0,United Kingdom
London,GB,2012-06-20,12:00:00,1340168400,15.7,10.1,19.9,16.6,89.0,0.0,0.0,United Kingdom
London,GB,2012-06-21,12:00:00,1340254800,15.5,12.4,19.8,25.6,170.0,11.6,0.0,United Kingdom
London,GB,2012-06-22,12:00:00,1340341200,14.2,11.6,17.5,35.5,227.0,2.3,0.0,United Kingdom
London,GB,2012-06-23,12:00:00,1340427600,14.1,10.9,17.5,27.4,235.0,0.7,0.0,United Kingdom
London,GB,2012-06-24,12:00:00,1340514000,15.0,11.8,18.7,26.8,242.0,14.2,0.0,United Kingdom
London,GB,2012-06-25,12:00:00,1340600400,15.6,10.5,19.4,13.3,275.0,0.1,0.0,United Kingdom
London,GB,2012-06-26,12:00:00,1340686800,16.6,10.8,21.4,18.0,212.0,0.0,0.0,United Kingdom
London,GB,2012-06-27,12:00:00,1340773200,18.5,16.4,21.5,16.7,233.0,0.4,0.0,United Kingdom
London,GB,2012-06-28,12:00:00,1340859600,19.9,14.9,25.4,22.7,180.0,3.3,0.0,United Kingdom
London,GB,2012-06-29,12:00:00,1340946000,16.3,12.7,19.5,34.4,211.0,0.2,0.0,United Kingdom
London,GB,2012-06-30,12:00:00,1341032400,16.5,13.4,19.3,28.1,215.0,0.0,0.0,United Kingdom
London,GB,2012-07-01,12:00:00,1341118800,14.4,10.8,17.6,25.4,235.0,0.5,0.0,United Kingdom
London,GB,2012-07-02,12:00:00,1341205200,14.9,12.6,17.1,26.6,193.0,2.7,0.0,United Kingdom
London,GB,2012-07-03,12:00:00,1341291600,16.7,14.9,19.7,22.1,193.0,5.6,0.0,United Kingdom
London,GB,2012-07-04,12:00:00,1341378000,17.7,15.8,20.3,18.4,177.0,2.6,0.0,United Kingdom
London,GB,2012-07-05,12:00:00,1341464400,17.9,14.3,21.8,13.0,184.0,0.1,0.0,United Kingdom
London,GB,2012-07-06,12:00:00,1341550800,15.9,13.1,19.7,16.9,186.0,3.2,0.0,United Kingdom
London,GB,2012-07-07,12:00:00,1341637200,14.8,11.7,17.6,17.1,150.0,8.8,0.0,United Kingdom
London,GB,2012-07-08,12:00:00,1341723600,16.1,14.1,19.5,15.0,324.0,26.2,0.0,United Kingdom
London,GB,2012-07-09,12:00:00,1341810000,16.0,13.0,18.6,17.3,245.0,0.9,0.0,United Kingdom
London,GB,2012-07-10,12:00:00,1341896400,15.2,13.4,17.7,16.6,237.0,4.1,0.0,United Kingdom
London,GB,2012-07-11,12:00:00,1341982800,14.2,10.8,17.8,23.5,253.0,8.5,0.0,United Kingdom
London,GB,2012-07-12,12:00:00,1342069200,13.4,9.6,17.3,19.8,230.0,9.2,0.0,United Kingdom
London,GB,2012-07-13,12:00:00,1342155600,15.6,13.6,18.1,20.7,230.0,5.1,0.0,United Kingdom
London,GB,2012-07-14,12:00:00,1342242000,14.1,12.8,16.1,14.0,298.0,7.3,0.0,United Kingdom
London,GB,2012-07-15,12:00:00,1342328400,14.5,11.3,17.8,18.0,278.0,0.6,0.0,United Kingdom
London,GB,2012-07-16,12:00:00,1342414800,14.7,12.0,17.5,32.4,236.0,6.1,0.0,United Kingdom
London,GB,2012-07-17,12:00:00,1342501200,17.7,14.1,21.6,22.0,261.0,0.0,0.0,United Kingdom
London,GB,2012-07-18,12:00:00,1342587600,16.3,14.4,18.0,25.5,232.0,4.8,0.0,United Kingdom
London,GB,2012-07-19,12:00:00,1342674000,15.8,12.5,18.9,24.7,275.0,0.3,0.0,United Kingdom
London,GB,2012-07-20,12:00:00,1342760400,14.3,10.9,17.9,12.9,326.0,0.8,0.0,United Kingdom
London,GB,2012-07-21,12:00:00,1342846800,15.3,12.2,18.5,8.7,49.0,0.3,0.0,United Kingdom
London,GB,2012-07-22,12:00:00,1342933200,16.1,10.6,20.7,15.3,197.0,0.0,0.0,United Kingdom
London,GB,2012-07-23,12:00:00,1343019600,17.9,11.0,23.8,15.1,206.0,0.0,0.0,United Kingdom
London,GB,2012-07-24,12:00:00,1343106000,19.9,13.3,25.9,7.7,175.0,0.0,0.0,United Kingdom
London,GB,2012-07-25,12:00:00,1343192400,21.0,14.3,27.2,11.2,51.0,0.0,0.0,United Kingdom
London,GB,2012-07-26,12:00:00,1343278800,19.2,14.0,24.1,11.8,75.0,0.0,0.0,United Kingdom
London,GB,2012-07-27,12:00:00,1343365200,18.8,13.8,23.9,13.3,2.0,0.7,0.0,United Kingdom
London,GB,2012-07-28,12:00:00,1343451600,15.9,13.5,18.8,16.0,301.0,0.1,0.0,United Kingdom
London,GB,2012-07-29,12:00:00,1343538000,14.1,10.6,17.8,19.4,239.0,5.6,0.0,United Kingdom
London,GB,2012-07-30,12:00:00,1343624400,14.2,9.6,17.5,21.2,250.0,0.1,0.0,United Kingdom
London,GB,2012-07-31,12:00:00,1343710800,15.7,12.3,19.3,16.8,205.0,1.4,0.0,United Kingdom
London,GB,2012-08-01,12:00:00,1343797200,17.1,12.7,21.0,21.6,183.0,0.9,0.0,United Kingdom
London,GB,2012-08-02,12:00:00,1343883600,16.9,14.2,19.7,24.2,216.0,0.5,0.0,United Kingdom
London,GB,2012-08-03,12:00:00,1343970000,16.3,12.5,19.7,21.4,204.0,0.6,0.0,United Kingdom
London,GB,2012-08-04,12:00:00,1344056400,16.4,13.9,19.5,21.4,192.0,3.6,0.0,United Kingdom
London,GB,2012-08-05,12:00:00,1344142800,15.7,12.3,19.1,15.7,194.0,4.8,0.0,United Kingdom
London,GB,2012-08-06,12:00:00,1344229200,15.8,12.3,19.9,18.6,247.0,5.4,0.0,United Kingdom
London,GB,2012-08-07,12:00:00,1344315600,15.3,11.3,18.8,18.0,241.0,0.7,0.0,United Kingdom
London,GB,2012-08-08,12:00:00,1344402000,18.5,15.2,21.9,12.4,270.0,1.1,0.0,United Kingdom
London,GB,2012-08-09,12:00:00,1344488400,18.9,14.1,23.4,6.2,26.0,0.0,0.0,United Kingdom
London,GB,2012-08-10,12:00:00,1344574800,19.1,13.3,24.0,9.0,108.0,0.0,0.0,United Kingdom
London,GB,2012-08-11,12:00:00,1344661200,17.8,14.0,21.8,19.9,92.0,0.0,0.0,United Kingdom
London,GB,2012-08-12,12:00:00,1344747600,19.0,14.4,23.8,15.5,129.0,0.1,0.0,United Kingdom
London,GB,2012-08-13,12:00:00,1344834000,17.6,14.2,20.5,19.0,183.0,1.8,0.0,United Kingdom
London,GB,2012-08-14,12:00:00,1344920400,19.1,15.8,23.0,12.3,179.0,2.0,0.0,United Kingdom
London,GB,2012-08-15,12:00:00,1345006800,18.8,16.7,22.5,27.0,148.0,6.2,0.0,United Kingdom
London,GB,2012-08-16,12:00:00,1345093200,18.2,15.8,20.7,23.6,200.0,0.1,0.0,United Kingdom
London,GB,2012-08-17,12:00:00,1345179600,20.7,17.1,24.5,22.5,171.0,0.8,0.0,United Kingdom
London,GB,2012-08-18,12:00:00,1345266000,22.8,18.1,27.1,17.4,207.0,0.0,0.0,United Kingdom
London,GB,2012-08-19,12:00:00,1345352400,22.5,17.1,28.1,12.9,286.0,0.2,0.0,United Kingdom
London,GB,2012-08-20,12:00:00,1345438800,19.2,15.3,22.6,16.5,239.0,0.9,0.0,United Kingdom
London,GB,2012-08-21,12:00:00,1345525200,17.7,14.7,21.6,15.9,247.0,0.7,0.0,United Kingdom
London,GB,2012-08-22,12:00:00,1345611600,16.6,12.5,20.2,21.7,251.0,0.0,0.0,United Kingdom
London,GB,2012-08-23,12:00:00,1345698000,15.8,11.8,19.4,12.9,238.0,0.0,0.0,United Kingdom
London,GB,2012-08-24,12:00:00,1345784400,16.1,12.4,20.4,20.2,188.0,5.7,0.0,United Kingdom
London,GB,2012-08-25,12:00:00,1345870800,16.8,15.0,19.3,23.3,226.0,5.5,0.0,United Kingdom
London,GB,2012-08-26,12:00:00,1345957200,16.4,13.3,19.8,24.6,276.0,0.0,0.0,United Kingdom
London,GB,2012-08-27,12:00:00,1346043600,16.1,11.8,19.7,23.4,181.0,1.9,0.0,United Kingdom
London,GB,2012-08-28,12:00:00,1346130000,17.4,14.7,20.8,19.8,226.0,0.5,0.0,United Kingdom
London,GB,2012-08-29,12:00:00,1346216400,15.3,13.6,18.1,24.9,201.0,6.5,0.0,United Kingdom
London,GB,2012-08-30,12:00:00,1346302800,14.4,10.6,18.0,28.7,295.0,3.6,0.0,United Kingdom
London,GB,2012-08-31,12:00:00,1346389200,12.4,7.8,16.5,18.6,325.0,0.0,0.0,United Kingdom
London,GB,2012-09-01,12:00:00,1346475600,15.6,12.6,19.7,13.7,247.0,0.0,0.0,United Kingdom
London,GB,2012-09-02,12:00:00,1346562000,15.1,11.5,18.7,14.1,254.0,0.0,0.0,United Kingdom
London,GB,2012-09-03,12:00:00,1346648400,17.8,14.6,21.8,9.7,308.0,0.0,0.0,United Kingdom
London,GB,2012-09-04,12:00:00,1346734800,17.1,12.1,22.4,17.5,312.0,0.0,0.0,United Kingdom
London,GB,2012-09-05,12:00:00,1346821200,14.6,10.4,18.3,15.5,5.0,0.0,0.0,United Kingdom
London,GB,2012-09-06,12:00:00,1346907600,14.5,9.4,19.5,14.2,234.0,0.0,0.0,United Kingdom
London,GB,2012-09-07,12:00:00,1346994000,15.9,9.8,22.8,13.5,258.0,0.0,0.0,United Kingdom
London,GB,2012-09-08,12:00:00,1347080400,16.0,9.3,23.3,8.7,227.0,0.0,0.0,United Kingdom
London,GB,2012-09-09,12:00:00,1347166800,17.0,9.9,25.5,20.7,193.0,0.0,0.0,United Kingdom
London,GB,2012-09-10,12:00:00,1347253200,17.4,15.2,19.6,27.3,216.0,0.4,0.0,United Kingdom
London,GB,2012-09-11,12:00:00,1347339600,15.1,11.8,16.8,22.7,264.0,0.4,0.0,United Kingdom
London,GB,2012-09-12,12:00:00,1347426000,12.6,7.6,17.0,22.5,264.0,2.3,0.0,United Kingdom
London,GB,2012-09-13,12:00:00,1347512400,12.5,7.2,17.1,19.4,288.0,0.0,0.0,United Kingdom
London,GB,2012-09-14,12:00:00,1347598800,15.3,12.5,17.8,25.1,267.0,0.0,0.0,United Kingdom
London,GB,2012-09-15,12:00:00,1347685200,13.9,8.2,19.5,13.4,255.0,0.0,0.0,United Kingdom
London,GB,2012-09-16,12:00:00,1347771600,15.3,12.5,18.1,18.4,234.0,0.0,0.0,United Kingdom
London,GB,2012-09-17,12:00:00,1347858000,15.6,12.8,18.0,20.1,247.0,0.0,0.0,United Kingdom
London,GB,2012-09-18,12:00:00,1347944400,13.3,10.3,15.7,21.1,278.0,0.0,0.0,United Kingdom
London,GB,2012-09-19,12:00:00,1348030800,11.3,7.3,14.9,18.2,285.0,0.0,0.0,United Kingdom
London,GB,2012-09-20,12:00:00,1348117200,12.3,8.0,16.6,18.4,232.0,0.0,0.0,United Kingdom
London,GB,2012-09-21,12:00:00,1348203600,12.5,9.6,16.4,16.2,289.0,0.6,0.0,United Kingdom
London,GB,2012-09-22,12:00:00,1348290000,10.6,5.8,14.8,15.9,29.0,0.0,0.0,United Kingdom
London,GB,2012-09-23,12:00:00,1348376400,10.8,9.2,11.9,26.6,89.0,25.2,0.0,United Kingdom
London,GB,2012-09-24,12:00:00,1348462800,12.7,10.6,15.3,32.3,212.0,8.8,0.0,United Kingdom
London,GB,2012-09-25,12:00:00,1348549200,11.8,9.4,14.7,28.4,208.0,0.8,0.0,United Kingdom
London,GB,2012-09-26,12:00:00,1348635600,11.9,10.1,14.8,16.5,170.0,3.7,0.0,United Kingdom
London,GB,2012-09-27,12:00:00,1348722000,11.5,8.6,15.1,18.6,313.0,0.2,0.0,United Kingdom
London,GB,2012-09-28,12:00:00,1348808400,12.1,8.4,16.0,23.0,233.0,0.5,0.0,United Kingdom
London,GB,2012-09-29,12:00:00,1348894800,11.1,7.9,14.6,17.9,276.0,0.0,0.0,United Kingdom
London,GB,2012-09-30,12:00:00,1348981200,11.5,6.0,16.3,27.7,224.0,0.0,0.0,United Kingdom
London,GB,2012-10-01,12:00:00,1349067600,14.1,11.7,16.2,21.7,221.0,3.9,0.0,United Kingdom
London,GB,2012-10-02,12:00:00,1349154000,12.9,10.5,16.3,28.7,214.0,3.0,0.0,United Kingdom
London,GB,2012-10-03,12:00:00,1349240400,12.2,8.9,14.6,24.4,233.0,1.4,0.0,United Kingdom
London,GB,2012-10-04,12:00:00,1349326800,10.8,6.8,14.4,23.1,240.0,0.2,0.0,United Kingdom
London,GB,2012-10-05,12:00:00,1349413200,12.6,10.8,15.7,37.6,242.0,12.1,0.0,United Kingdom
London,GB,2012-10-06,12:00:00,1349499600,10.7,7.7,14.6,19.1,9.0,8.7,0.0,United Kingdom
London,GB,2012-10-07,12:00:00,1349586000,10.8,7.3,14.2,11.1,11.0,0.0,0.0,United Kingdom
London,GB,2012-10-08,12:00:00,1349672400,10.9,9.6,11.8,15.6,97.0,6.2,0.0,United Kingdom
London,GB,2012-10-09,12:00:00,1349758800,11.0,9.0,13.2,13.1,55.0,0.0,0.0,United Kingdom
London,GB,2012-10-10,12:00:00,1349845200,11.0,7.9,13.7,12.3,96.0,0.0,0.0,United Kingdom
London,GB,2012-10-11,12:00:00,1349931600,12.0,8.8,15.1,20.3,128.0,6.0,0.0,United Kingdom
London,GB,2012-10-12,12:00:00,1350018000,10.9,7.3,14.0,23.7,254.0,1.0,0.0,United Kingdom
London,GB,2012-10-13,12:00:00,1350104400,7.9,5.3,11.3,13.4,256.0,3.2,0.0,United Kingdom
London,GB,2012-10-14,12:00:00,1350190800,6.6,1.5,11.4,15.4,316.0,0.0,0.0,United Kingdom
London,GB,2012-10-15,12:00:00,1350277200,8.0,1.9,13.0,20.6,222.0,0.3,0.0,United Kingdom
London,GB,2012-10-16,12:00:00,1350363600,11.1,8.0,14.0,31.1,227.0,1.7,0.0,United Kingdom
London,GB,2012-10-17,12:00:00,1350450000,12.3,8.3,15.2,30.5,178.0,10.4,0.0,United Kingdom
London,GB,2012-10-18,12:00:00,1350536400,13.1,11.5,15.6,22.3,185.0,4.5,0.0,United Kingdom
London,GB,2012-10-19,12:00:00,1350622800,11.7,9.7,13.1,9.8,98.0,5.9,0.0,United Kingdom
London,GB,2012-10-20,12:00:00,1350709200,11.1,8.0,13.4,10.0,217.0,2.2,0.0,United Kingdom
London,GB,2012-10-21,12:00:00,1350795600,11.1,9.4,12.8,22.7,50.0,2.4,0.0,United Kingdom
London,GB,2012-10-22,12:00:00,1350882000,13.7,12.0,15.8,14.8,51.0,0.0,0.0,United Kingdom
London,GB,2012-10-23,12:00:00,1350968400,13.4,12.2,14.8,11.6,18.0,0.0,0.0,United Kingdom
London,GB,2012-10-24,12:00:00,1351054800,13.1,11.8,14.9,18.1,52.0,0.4,0.0,United Kingdom
London,GB,2012-10-25,12:00:00,1351141200,11.8,9.4,12.7,23.9,56.0,0.0,0.0,United Kingdom
London,GB,2012-10-26,12:00:00,1351227600,7.4,3.4,9.2,24.9,30.0,2.7,0.0,United Kingdom
London,GB,2012-10-27,12:00:00,1351314000,4.4,1.7,7.6,34.1,349.0,0.0,0.0,United Kingdom
London,GB,2012-10-28,12:00:00,1351400400,5.2,0.4,9.5,17.7,249.0,1.8,0.0,United Kingdom
London,GB,2012-10-29,12:00:00,1351486800,8.7,6.8,11.7,19.4,240.0,1.3,0.0,United Kingdom
London,GB,2012-10-30,12:00:00,1351573200,7.0,5.2,9.5,14.3,272.0,0.0,0.0,United Kingdom
London,GB,2012-10-31,12:00:00,1351659600,8.8,5.6,11.4,31.4,193.0,2.8,0.0,United Kingdom
London,GB,2012-11-01,12:00:00,1351746000,7.5,4.2,10.2,27.5,228.0,12.0,0.0,United Kingdom
London,GB,2012-11-02,12:00:00,1351832400,6.1,4.0,9.5,21.3,230.0,0.0,0.0,United Kingdom
London,GB,2012-11-03,12:00:00,1351918800,5.7,3.6,8.9,23.1,226.0,0.0,0.0,United Kingdom
London,GB,2012-11-04,12:00:00,1352005200,5.1,2.3,8.1,25.3,202.0,13.6,0.0,United Kingdom
London,GB,2012-11-05,12:00:00,1352091600,5.5,3.0,8.7,15.5,347.0,0.0,0.0,United Kingdom
London,GB,2012-11-06,12:00:00,1352178000,5.1,-0.1,8.7,19.4,275.0,1.6,0.0,United Kingdom
London,GB,2012-11-07,12:00:00,1352264400,7.0,3.4,9.5,18.2,254.0,0.0,0.0,United Kingdom
London,GB,2012-11-08,12:00:00,1352350800,8.7,6.5,11.4,18.2,248.0,0.0,0.0,United Kingdom
London,GB,2012-11-09,12:00:00,1352437200,7.6,4.5,11.0,20.1,201.0,0.0,0.0,United Kingdom
London,GB,2012-11-10,12:00:00,1352523600,8.3,3.8,9.7,17.5,220.0,3.1,0.0,United Kingdom
London,GB,2012-11-11,12:00:00,1352610000,3.9,-0.0,8.9,9.5,264.0,0.0,0.0,United Kingdom
London,GB,2012-11-12,12:00:00,1352696400,7.0,1.8,11.6,21.6,213.0,3.1,0.0,United Kingdom
London,GB,2012-11-13,12:00:00,1352782800,10.8,8.6,13.3,18.4,210.0,0.0,0.0,United Kingdom
London,GB,2012-11-14,12:00:00,1352869200,9.7,7.1,11.5,11.2,128.0,0.0,0.0,United Kingdom
London,GB,2012-11-15,12:00:00,1352955600,7.1,5.9,8.0,6.8,109.0,0.0,0.0,United Kingdom
London,GB,2012-11-16,12:00:00,1353042000,6.9,4.8,8.9,14.0,146.0,0.4,0.0,United Kingdom
London,GB,2012-11-17,12:00:00,1353128400,10.0,6.8,11.7,16.9,238.0,0.3,0.0,United Kingdom
London,GB,2012-11-18,12:00:00,1353214800,4.1,0.5,7.9,9.8,258.0,0.0,0.0,United Kingdom
London,GB,2012-11-19,12:00:00,1353301200,7.2,1.9,10.3,26.5,184.0,0.0,0.0,United Kingdom
London,GB,2012-11-20,12:00:00,1353387600,11.6,10.3,12.9,29.4,187.0,6.7,0.0,United Kingdom
London,GB,2012-11-21,12:00:00,1353474000,9.0,5.8,11.5,39.0,201.0,11.6,0.0,United Kingdom
London,GB,2012-11-22,12:00:00,1353560400,10.2,5.9,12.1,39.1,192.0,1.0,0.0,United Kingdom
London,GB,2012-11-23,12:00:00,1353646800,7.4,3.8,10.8,36.6,212.0,10.8,0.0,United Kingdom
London,GB,2012-11-24,12:00:00,1353733200,6.2,2.1,9.2,23.7,113.0,9.2,0.0,United Kingdom
London,GB,2012-11-25,12:00:00,1353819600,9.4,6.7,11.5,43.2,223.0,5.8,0.0,United Kingdom
London,GB,2012-11-26,12:00:00,1353906000,8.1,5.9,9.6,26.3,203.0,9.4,0.0,United Kingdom
London,GB,2012-11-27,12:00:00,1353992400,6.5,5.5,8.1,27.5,353.0,3.4,0.0,United Kingdom
London,GB,2012-11-28,12:00:00,1354078800,4.8,2.4,6.7,26.3,350.0,0.0,0.0,United Kingdom
London,GB,2012-11-29,12:00:00,1354165200,1.8,-0.9,4.9,20.3,332.0,0.0,0.0,United Kingdom
London,GB,2012-11-30,12:00:00,1354251600,-0.1,-3.4,4.1,9.6,305.0,0.0,0.0,United Kingdom
London,GB,2012-12-01,12:00:00,1354338000,0.1,-3.3,4.9,17.7,291.0,0.1,0.0,United Kingdom
London,GB,2012-12-02,12:00:00,1354424400,-0.2,-2.4,4.1,14.2,284.0,0.0,0.0,United Kingdom
London,GB,2012-12-03,12:00:00,1354510800,6.0,0.5,9.4,24.9,250.0,7.4,0.0,United Kingdom
London,GB,2012-12-04,12:00:00,1354597200,3.1,-0.4,6.2,22.0,275.0,0.0,0.0,United Kingdom
London,GB,2012-12-05,12:00:00,1354683600,0.2,-1.6,2.7,19.6,322.0,1.3,0.7,United Kingdom
London,GB,2012-12-06,12:00:00,1354770000,-0.0,-4.6,4.3,26.4,227.0,1.2,0.0,United Kingdom
London,GB,2012-12-07,12:00:00,1354856400,3.6,1.5,5.1,31.8,302.0,5.0,0.49,United Kingdom
London,GB,2012-12-08,12:00:00,1354942800,3.3,1.1,5.4,21.2,313.0,0.0,0.0,United Kingdom
London,GB,2012-12-09,12:00:00,1355029200,5.9,3.1,8.0,31.8,278.0,0.0,0.0,United Kingdom
London,GB,2012-12-10,12:00:00,1355115600,2.9,0.0,5.3,21.3,335.0,0.0,0.0,United Kingdom
London,GB,2012-12-11,12:00:00,1355202000,-0.5,-2.6,3.2,12.8,354.0,0.0,0.0,United Kingdom
London,GB,2012-12-12,12:00:00,1355288400,-1.2,-2.9,1.5,9.0,169.0,0.0,0.0,United Kingdom
London,GB,2012-12-13,12:00:00,1355374800,-1.0,-3.0,1.0,10.8,92.0,0.0,0.0,United Kingdom
London,GB,2012-12-14,12:00:00,1355461200,5.9,1.6,9.1,36.2,168.0,14.2,0.0,United Kingdom
London,GB,2012-12-15,12:00:00,1355547600,7.3,5.8,9.6,25.0,216.0,0.0,0.0,United Kingdom
London,GB,2012-12-16,12:00:00,1355634000,5.9,4.1,8.6,16.1,210.0,0.4,0.0,United Kingdom
London,GB,2012-12-17,12:00:00,1355720400,5.8,4.5,8.0,17.3,233.0,0.0,0.0,United Kingdom
London,GB,2012-12-18,12:00:00,1355806800,5.4,3.9,6.9,17.2,303.0,0.1,0.0,United Kingdom
London,GB,2012-12-19,12:00:00,1355893200,4.9,2.3,6.5,24.1,126.0,3.4,0.0,United Kingdom
London,GB,2012-12-20,12:00:00,1355979600,7.7,6.2,8.8,23.0,145.0,13.4,0.0,United Kingdom
London,GB,2012-12-21,12:00:00,1356066000,6.6,4.8,8.5,17.7,250.0,0.0,0.0,United Kingdom
London,GB,2012-12-22,12:00:00,1356152400,9.3,5.1,12.7,25.3,202.0,14.3,0.0,United Kingdom
London,GB,2012-12-23,12:00:00,1356238800,11.1,7.9,12.7,28.2,234.0,2.4,0.0,United Kingdom
London,GB,2012-12-24,12:00:00,1356325200,9.1,7.3,11.7,35.7,206.0,4.9,0.0,United Kingdom
London,GB,2012-12-25,12:00:00,1356411600,7.6,4.6,8.7,24.9,226.0,3.2,0.0,United Kingdom
London,GB,2012-12-26,12:00:00,1356498000,6.7,3.8,9.6,32.8,236.0,2.2,0.0,United Kingdom
London,GB,2012-12-27,12:00:00,1356584400,6.4,5.4,8.0,26.0,263.0,3.2,0.0,United Kingdom
London,GB,2012-12-28,12:00:00,1356670800,8.5,4.2,11.2,30.9,208.0,3.2,0.0,United Kingdom
London,GB,2012-12-29,12:00:00,1356757200,9.7,6.4,11.1,36.0,206.0,1.8,0.0,United Kingdom
London,GB,2012-12-30,12:00:00,1356843600,6.8,4.7,9.1,32.4,235.0,0.0,0.0,United Kingdom
London,GB,2012-12-31,12:00:00,1356930000,10.1,9.1,10.6,40.0,217.0,4.1,0.0,United Kingdom
London,GB,2013-01-01,12:00:00,1357016400,5.8,3.4,8.9,18.1,270.0,0.2,0.0,United Kingdom
London,GB,2013-01-02,12:00:00,1357102800,6.2,2.7,10.1,18.3,258.0,0.1,0.0,United Kingdom
London,GB,2013-01-03,12:00:00,1357189200,10.2,9.4,11.5,19.8,267.0,0.0,0.0,United Kingdom
London,GB,2013-01-04,12:00:00,1357275600,8.8,8.0,9.7,16.3,265.0,0.0,0.0,United Kingdom
London,GB,2013-01-05,12:00:00,1357362000,8.6,7.4,9.9,14.8,250.0,0.0,0.0,United Kingdom
London,GB,2013-01-06,12:00:00,1357448400,7.0,5.1,8.7,11.0,233.0,0.0,0.0,United Kingdom
London,GB,2013-01-07,12:00:00,1357534800,7.6,6.6,8.7,15.2,204.0,0.0,0.0,United Kingdom
London,GB,2013-01-08,12:00:00,1357621200,8.9,7.6,10.5,17.0,218.0,1.1,0.0,United Kingdom
London,GB,2013-01-09,12:00:00,1357707600,6.8,0.9,9.1,13.7,333.0,4.5,0.0,United Kingdom
London,GB,2013-01-10,12:00:00,1357794000,1.8,0.5,3.9,9.5,317.0,0.0,0.0,United Kingdom
London,GB,2013-01-11,12:00:00,1357880400,2.7,1.1,5.4,10.4,319.0,0.0,0.0,United Kingdom
London,GB,2013-01-12,12:00:00,1357966800,2.7,1.9,3.6,22.3,92.0,3.4,0.14,United Kingdom
London,GB,2013-01-13,12:00:00,1358053200,1.1,-1.7,2.9,16.5,27.0,0.0,0.0,United Kingdom
London,GB,2013-01-14,12:00:00,1358139600,0.2,-2.1,2.3,22.5,256.0,4.2,2.17,United Kingdom
London,GB,2013-01-15,12:00:00,1358226000,0.6,-2.0,2.5,24.2,336.0,0.1,0.14,United Kingdom
London,GB,2013-01-16,12:00:00,1358312400,-2.2,-3.9,0.8,8.6,44.0,0.0,0.0,United Kingdom
London,GB,2013-01-17,12:00:00,1358398800,-2.2,-4.5,0.7,12.2,105.0,0.0,0.0,United Kingdom
London,GB,2013-01-18,12:00:00,1358485200,-1.4,-2.2,-0.9,21.7,116.0,4.6,3.36,United Kingdom
London,GB,2013-01-19,12:00:00,1358571600,-0.2,-0.9,0.8,19.2,59.0,0.6,0.77,United Kingdom
London,GB,2013-01-20,12:00:00,1358658000,-1.2,-1.9,-0.8,17.3,16.0,5.0,3.71,United Kingdom
London,GB,2013-01-21,12:00:00,1358744400,-1.5,-3.4,0.6,8.6,193.0,0.0,0.35,United Kingdom
London,GB,2013-01-22,12:00:00,1358830800,-1.5,-5.8,1.9,22.2,92.0,1.1,0.7,United Kingdom
London,GB,2013-01-23,12:00:00,1358917200,0.9,0.2,1.7,22.0,77.0,1.0,1.19,United Kingdom
London,GB,2013-01-24,12:00:00,1359003600,-0.3,-1.9,1.5,14.1,48.0,0.0,0.07,United Kingdom
London,GB,2013-01-25,12:00:00,1359090000,-1.5,-5.6,1.6,24.5,157.0,0.0,0.0,United Kingdom
London,GB,2013-01-26,12:00:00,1359176400,3.3,1.0,6.1,29.6,211.0,5.0,1.61,United Kingdom
London,GB,2013-01-27,12:00:00,1359262800,7.6,4.3,9.7,32.6,226.0,3.9,0.0,United Kingdom
London,GB,2013-01-28,12:00:00,1359349200,5.8,1.9,10.0,40.4,222.0,2.6,0.0,United Kingdom
London,GB,2013-01-29,12:00:00,1359435600,10.9,8.2,12.7,34.0,226.0,1.8,0.0,United Kingdom
London,GB,2013-01-30,12:00:00,1359522000,10.1,6.6,12.3,35.5,246.0,4.5,0.0,United Kingdom
London,GB,2013-01-31,12:00:00,1359608400,8.2,5.9,10.2,34.9,244.0,1.2,0.0,United Kingdom
London,GB,2013-02-01,12:00:00,1359694800,5.4,1.9,7.0,21.5,263.0,3.4,0.0,United Kingdom
London,GB,2013-02-02,12:00:00,1359781200,2.7,-0.6,4.9,25.3,336.0,0.0,0.0,United Kingdom
London,GB,2013-02-03,12:00:00,1359867600,3.6,-2.8,8.4,23.9,254.0,0.0,0.0,United Kingdom
London,GB,2013-02-04,12:00:00,1359954000,7.9,5.2,9.3,30.7,268.0,0.0,0.0,United Kingdom
London,GB,2013-02-05,12:00:00,1360040400,3.6,1.4,5.3,31.9,260.0,2.3,0.21,United Kingdom
London,GB,2013-02-06,12:00:00,1360126800,3.5,1.9,4.9,31.1,333.0,1.2,0.0,United Kingdom
London,GB,2013-02-07,12:00:00,1360213200,1.9,-0.4,5.1,22.5,313.0,1.0,0.0,United Kingdom
London,GB,2013-02-08,12:00:00,1360299600,1.2,-1.8,4.8,17.1,326.0,0.0,0.0,United Kingdom
London,GB,2013-02-09,12:00:00,1360386000,1.6,-1.1,4.1,16.0,260.0,0.0,0.07,United Kingdom
London,GB,2013-02-10,12:00:00,1360472400,2.6,1.0,4.1,26.3,136.0,11.6,2.17,United Kingdom
London,GB,2013-02-11,12:00:00,1360558800,1.1,0.5,2.5,20.8,57.0,6.0,3.64,United Kingdom
London,GB,2013-02-12,12:00:00,1360645200,1.1,0.1,2.3,14.8,46.0,0.0,0.0,United Kingdom
London,GB,2013-02-13,12:00:00,1360731600,0.5,-1.5,2.2,22.2,153.0,1.2,0.91,United Kingdom
London,GB,2013-02-14,12:00:00,1360818000,6.5,2.5,9.8,25.0,232.0,7.1,0.0,United Kingdom
London,GB,2013-02-15,12:00:00,1360904400,4.4,0.2,8.8,13.5,287.0,0.0,0.0,United Kingdom
London,GB,2013-02-16,12:00:00,1360990800,5.0,2.3,9.3,6.9,211.0,0.0,0.0,United Kingdom
London,GB,2013-02-17,12:00:00,1361077200,3.5,-1.0,7.9,15.4,117.0,0.0,0.0,United Kingdom
London,GB,2013-02-18,12:00:00,1361163600,3.3,-0.3,7.6,14.7,106.0,0.0,0.0,United Kingdom
London,GB,2013-02-19,12:00:00,1361250000,0.8,-1.8,5.5,9.8,34.0,0.0,0.0,United Kingdom
London,GB,2013-02-20,12:00:00,1361336400,2.0,-0.9,3.5,21.4,79.0,0.0,0.0,United Kingdom
London,GB,2013-02-21,12:00:00,1361422800,0.7,-0.5,1.9,21.9,77.0,0.0,0.0,United Kingdom
London,GB,2013-02-22,12:00:00,1361509200,0.3,-1.9,2.4,24.3,50.0,0.0,0.0,United Kingdom
London,GB,2013-02-23,12:00:00,1361595600,0.3,-1.5,2.6,21.4,30.0,0.0,0.07,United Kingdom
London,GB,2013-02-24,12:00:00,1361682000,0.4,-1.8,3.4,24.9,7.0,0.2,0.07,United Kingdom
London,GB,2013-02-25,12:00:00,1361768400,2.5,-0.3,4.7,21.3,10.0,0.0,0.0,United Kingdom
London,GB,2013-02-26,12:00:00,1361854800,3.5,2.1,5.0,21.6,37.0,0.0,0.0,United Kingdom
London,GB,2013-02-27,12:00:00,1361941200,3.0,1.8,4.5,19.5,36.0,0.0,0.0,United Kingdom
London,GB,2013-02-28,12:00:00,1362027600,3.5,1.1,7.5,20.1,39.0,0.9,0.0,United Kingdom
London,GB,2013-03-01,12:00:00,1362114000,3.9,1.7,6.5,19.2,37.0,0.0,0.0,United Kingdom
London,GB,2013-03-02,12:00:00,1362200400,2.3,-0.9,5.3,12.7,30.0,0.0,0.0,United Kingdom
London,GB,2013-03-03,12:00:00,1362286800,2.6,-2.0,6.6,15.6,88.0,0.0,0.0,United Kingdom
London,GB,2013-03-04,12:00:00,1362373200,3.6,-0.3,8.2,15.5,93.0,0.0,0.0,United Kingdom
London,GB,2013-03-05,12:00:00,1362459600,5.8,-0.4,13.3,10.4,131.0,0.0,0.0,United Kingdom
London,GB,2013-03-06,12:00:00,1362546000,7.4,4.1,10.9,13.7,84.0,0.4,0.0,United Kingdom
London,GB,2013-03-07,12:00:00,1362632400,8.0,6.7,9.7,13.1,85.0,3.6,0.0,United Kingdom
London,GB,2013-03-08,12:00:00,1362718800,8.5,7.1,10.2,13.6,66.0,6.7,0.0,United Kingdom
London,GB,2013-03-09,12:00:00,1362805200,6.0,2.6,7.9,12.1,356.0,0.5,0.0,United Kingdom
London,GB,2013-03-10,12:00:00,1362891600,2.1,-0.1,4.2,25.5,40.0,0.1,0.07,United Kingdom
London,GB,2013-03-11,12:00:00,1362978000,-0.2,-1.8,1.5,36.8,48.0,0.0,0.7,United Kingdom
London,GB,2013-03-12,12:00:00,1363064400,0.1,-2.0,2.9,32.4,31.0,0.0,0.0,United Kingdom
London,GB,2013-03-13,12:00:00,1363150800,1.9,-1.4,6.0,18.6,341.0,0.1,0.14,United Kingdom
London,GB,2013-03-14,12:00:00,1363237200,1.0,-3.6,5.9,12.2,313.0,0.3,0.0,United Kingdom
London,GB,2013-03-15,12:00:00,1363323600,4.3,-0.3,7.9,30.8,209.0,5.7,0.56,United Kingdom
London,GB,2013-03-16,12:00:00,1363410000,6.1,5.0,7.1,33.5,187.0,8.9,0.0,United Kingdom
London,GB,2013-03-17,12:00:00,1363496400,4.7,2.0,7.0,23.7,197.0,8.4,0.0,United Kingdom
London,GB,2013-03-18,12:00:00,1363582800,3.2,-1.6,8.4,8.4,114.0,4.4,0.0,United Kingdom
London,GB,2013-03-19,12:00:00,1363669200,3.3,-0.2,7.7,9.4,100.0,2.2,0.0,United Kingdom
London,GB,2013-03-20,12:00:00,1363755600,3.2,-0.2,6.9,14.6,33.0,1.9,0.0,United Kingdom
London,GB,2013-03-21,12:00:00,1363842000,3.1,-0.7,6.3,22.5,104.0,0.1,0.0,United Kingdom
London,GB,2013-03-22,12:00:00,1363928400,3.2,1.5,5.3,29.9,91.0,7.0,0.91,United Kingdom
London,GB,2013-03-23,12:00:00,1364014800,1.6,0.7,2.4,27.0,75.0,6.9,3.01,United Kingdom
London,GB,2013-03-24,12:00:00,1364101200,0.1,-0.7,0.9,27.1,59.0,0.0,0.84,United Kingdom
London,GB,2013-03-25,12:00:00,1364187600,0.4,-0.5,1.3,26.8,54.0,0.0,0.0,United Kingdom
London,GB,2013-03-26,12:00:00,1364274000,0.3,-0.8,1.4,22.6,51.0,0.0,0.07,United Kingdom
London,GB,2013-03-27,12:00:00,1364360400,0.8,-1.7,3.2,19.1,50.0,0.1,0.0,United Kingdom
London,GB,2013-03-28,12:00:00,1364446800,1.0,-1.9,4.0,20.8,33.0,0.1,0.0,United Kingdom
London,GB,2013-03-29,12:00:00,1364533200,0.2,-4.1,3.9,19.0,49.0,0.0,0.0,United Kingdom
London,GB,2013-03-30,12:00:00,1364619600,1.2,-2.4,5.4,19.1,39.0,0.3,0.0,United Kingdom
London,GB,2013-03-31,12:00:00,1364706000,0.5,-4.3,4.7,16.5,64.0,0.0,0.0,United Kingdom
London,GB,2013-04-01,12:00:00,1364792400,1.8,-0.3,4.2,27.8,70.0,0.0,0.0,United Kingdom
London,GB,2013-04-02,12:00:00,1364878800,2.6,-0.7,6.6,23.7,50.0,0.0,0.0,United Kingdom
London,GB,2013-04-03,12:00:00,1364965200,1.7,-1.0,4.2,30.0,42.0,0.0,0.0,United Kingdom
London,GB,2013-04-04,12:00:00,1365051600,1.9,-0.1,3.7,29.8,38.0,1.8,0.63,United Kingdom
London,GB,2013-04-05,12:00:00,1365138000,3.3,0.8,6.4,30.6,29.0,0.6,0.0,United Kingdom
London,GB,2013-04-06,12:00:00,1365224400,3.5,-0.0,7.7,19.0,28.0,0.0,0.0,United Kingdom
London,GB,2013-04-07,12:00:00,1365310800,3.2,-2.1,8.7,13.8,144.0,0.0,0.0,United Kingdom
London,GB,2013-04-08,12:00:00,1365397200,4.9,2.0,8.6,18.4,80.0,0.0,0.0,United Kingdom
London,GB,2013-04-09,12:00:00,1365483600,4.8,1.5,7.7,18.9,75.0,2.0,0.0,United Kingdom
London,GB,2013-04-10,12:00:00,1365570000,6.1,1.9,11.1,19.7,102.0,3.0,0.0,United Kingdom
London,GB,2013-04-11,12:00:00,1365656400,7.1,5.2,10.4,21.3,90.0,5.6,0.0,United Kingdom
London,GB,2013-04-12,12:00:00,1365742800,8.4,6.2,11.2,21.1,227.0,7.2,0.0,United Kingdom
London,GB,2013-04-13,12:00:00,1365829200,8.2,2.7,11.9,29.2,196.0,5.5,0.0,United Kingdom
London,GB,2013-04-14,12:00:00,1365915600,13.4,10.2,17.9,28.7,202.0,0.5,0.0,United Kingdom
London,GB,2013-04-15,12:00:00,1366002000,11.5,8.2,14.3,27.1,218.0,0.0,0.0,United Kingdom
London,GB,2013-04-16,12:00:00,1366088400,11.3,7.9,14.4,30.0,219.0,0.0,0.0,United Kingdom
London,GB,2013-04-17,12:00:00,1366174800,11.8,7.5,15.7,30.0,199.0,0.0,0.0,United Kingdom
London,GB,2013-04-18,12:00:00,1366261200,10.1,7.0,12.7,41.4,236.0,1.1,0.0,United Kingdom
London,GB,2013-04-19,12:00:00,1366347600,8.4,5.4,12.3,22.9,302.0,1.9,0.0,United Kingdom
London,GB,2013-04-20,12:00:00,1366434000,5.9,0.3,10.8,11.9,80.0,0.0,0.0,United Kingdom
London,GB,2013-04-21,12:00:00,1366520400,7.0,1.0,12.6,16.6,228.0,0.0,0.0,United Kingdom
London,GB,2013-04-22,12:00:00,1366606800,9.3,5.0,13.1,21.6,229.0,0.0,0.0,United Kingdom
London,GB,2013-04-23,12:00:00,1366693200,13.1,9.8,18.5,18.6,253.0,0.0,0.0,United Kingdom
London,GB,2013-04-24,12:00:00,1366779600,12.5,6.5,16.9,19.8,247.0,0.3,0.0,United Kingdom
London,GB,2013-04-25,12:00:00,1366866000,14.2,9.4,19.2,18.8,227.0,0.1,0.0,United Kingdom
London,GB,2013-04-26,12:00:00,1366952400,8.9,5.2,11.4,18.3,328.0,8.1,0.0,United Kingdom
London,GB,2013-04-27,12:00:00,1367038800,6.0,2.3,10.3,18.9,4.0,1.9,0.0,United Kingdom
London,GB,2013-04-28,12:00:00,1367125200,6.2,0.3,10.8,22.2,235.0,0.0,0.0,United Kingdom
London,GB,2013-04-29,12:00:00,1367211600,9.2,6.3,12.3,21.7,268.0,0.8,0.0,United Kingdom
London,GB,2013-04-30,12:00:00,1367298000,7.9,2.3,12.9,16.9,31.0,0.0,0.0,United Kingdom
London,GB,2013-05-01,12:00:00,1367384400,8.4,2.5,14.0,14.1,41.0,0.0,0.0,United Kingdom
London,GB,2013-05-02,12:00:00,1367470800,9.1,2.7,14.8,14.7,44.0,0.0,0.0,United Kingdom
London,GB,2013-05-03,12:00:00,1367557200,11.1,2.4,17.5,16.8,260.0,0.0,0.0,United Kingdom
London,GB,2013-05-04,12:00:00,1367643600,10.9,7.3,14.5,25.8,240.0,0.6,0.0,United Kingdom
London,GB,2013-05-05,12:00:00,1367730000,11.4,5.1,16.7,11.7,247.0,0.0,0.0,United Kingdom
London,GB,2013-05-06,12:00:00,1367816400,13.2,7.2,18.4,7.6,192.0,0.0,0.0,United Kingdom
London,GB,2013-05-07,12:00:00,1367902800,13.8,6.2,19.5,11.6,125.0,0.0,0.0,United Kingdom
London,GB,2013-05-08,12:00:00,1367989200,12.9,9.6,16.6,25.2,204.0,3.8,0.0,United Kingdom
London,GB,2013-05-09,12:00:00,1368075600,10.5,6.8,13.6,41.6,213.0,1.0,0.0,United Kingdom
London,GB,2013-05-10,12:00:00,1368162000,12.4,9.1,16.0,30.9,240.0,0.5,0.0,United Kingdom
London,GB,2013-05-11,12:00:00,1368248400,10.4,7.2,13.9,30.7,246.0,6.0,0.0,United Kingdom
London,GB,2013-05-12,12:00:00,1368334800,9.6,5.7,13.0,23.6,257.0,0.6,0.0,United Kingdom
London,GB,2013-05-13,12:00:00,1368421200,11.0,8.0,12.6,30.4,253.0,0.1,0.0,United Kingdom
London,GB,2013-05-14,12:00:00,1368507600,8.6,6.1,10.8,28.7,199.0,10.4,0.0,United Kingdom
London,GB,2013-05-15,12:00:00,1368594000,9.1,6.7,13.2,33.7,218.0,1.5,0.0,United Kingdom
London,GB,2013-05-16,12:00:00,1368680400,9.5,4.2,14.1,10.5,152.0,1.3,0.0,United Kingdom
London,GB,2013-05-17,12:00:00,1368766800,9.1,4.7,12.1,17.6,37.0,0.1,0.0,United Kingdom
London,GB,2013-05-18,12:00:00,1368853200,10.9,6.9,14.1,15.5,296.0,0.0,0.0,United Kingdom
London,GB,2013-05-19,12:00:00,1368939600,12.7,7.1,17.0,13.1,26.0,0.1,0.0,United Kingdom
London,GB,2013-05-20,12:00:00,1369026000,13.4,10.2,16.7,21.8,342.0,3.1,0.0,United Kingdom
London,GB,2013-05-21,12:00:00,1369112400,12.9,10.9,15.1,19.4,352.0,0.0,0.0,United Kingdom
London,GB,2013-05-22,12:00:00,1369198800,11.4,9.0,13.8,19.4,318.0,0.0,0.0,United Kingdom
London,GB,2013-05-23,12:00:00,1369285200,8.1,5.8,10.6,22.6,319.0,2.7,0.0,United Kingdom
London,GB,2013-05-24,12:00:00,1369371600,7.1,5.1,10.4,26.5,321.0,7.5,0.0,United Kingdom
London,GB,2013-05-25,12:00:00,1369458000,9.5,5.2,14.1,19.4,360.0,0.0,0.0,United Kingdom
London,GB,2013-05-26,12:00:00,1369544400,11.5,5.1,17.2,14.2,299.0,0.0,0.0,United Kingdom
London,GB,2013-05-27,12:00:00,1369630800,11.0,4.4,15.4,24.0,207.0,0.0,0.0,United Kingdom
London,GB,2013-05-28,12:00:00,1369717200,10.8,9.3,11.9,11.7,139.0,11.6,0.0,United Kingdom
London,GB,2013-05-29,12:00:00,1369803600,10.7,7.1,13.4,19.2,329.0,0.5,0.0,United Kingdom
London,GB,2013-05-30,12:00:00,1369890000,12.4,10.7,15.5,16.6,352.0,2.8,0.0,United Kingdom
London,GB,2013-05-31,12:00:00,1369976400,14.5,10.4,18.9,19.5,345.0,0.0,0.0,United Kingdom
London,GB,2013-06-01,12:00:00,1370062800,12.9,9.2,15.4,17.8,338.0,0.0,0.0,United Kingdom
London,GB,2013-06-02,12:00:00,1370149200,12.8,7.7,16.8,13.8,352.0,0.0,0.0,United Kingdom
London,GB,2013-06-03,12:00:00,1370235600,11.9,5.6,16.8,17.4,51.0,0.0,0.0,United Kingdom
London,GB,2013-06-04,12:00:00,1370322000,12.1,5.8,17.6,22.2,40.0,0.0,0.0,United Kingdom
London,GB,2013-06-05,12:00:00,1370408400,12.6,7.1,18.2,14.8,50.0,0.0,0.0,United Kingdom
London,GB,2013-06-06,12:00:00,1370494800,13.3,7.1,19.4,18.4,52.0,0.0,0.0,United Kingdom
London,GB,2013-06-07,12:00:00,1370581200,14.1,8.8,19.7,21.4,48.0,0.5,0.0,United Kingdom
London,GB,2013-06-08,12:00:00,1370667600,12.4,8.1,16.9,22.7,41.0,0.0,0.0,United Kingdom
London,GB,2013-06-09,12:00:00,1370754000,12.5,10.0,16.6,21.1,42.0,0.0,0.0,United Kingdom
London,GB,2013-06-10,12:00:00,1370840400,12.4,10.0,15.1,9.7,90.0,0.0,0.0,United Kingdom
London,GB,2013-06-11,12:00:00,1370926800,13.3,8.2,17.7,21.2,173.0,0.4,0.0,United Kingdom
London,GB,2013-06-12,12:00:00,1371013200,15.2,13.4,17.2,29.3,206.0,1.0,0.0,United Kingdom
London,GB,2013-06-13,12:00:00,1371099600,14.6,12.4,17.9,36.0,233.0,0.3,0.0,United Kingdom
London,GB,2013-06-14,12:00:00,1371186000,13.5,8.5,17.3,20.8,206.0,0.8,0.0,United Kingdom
London,GB,2013-06-15,12:00:00,1371272400,13.9,10.9,16.1,32.8,228.0,2.6,0.0,United Kingdom
London,GB,2013-06-16,12:00:00,1371358800,13.5,11.2,15.7,20.7,219.0,0.4,0.0,United Kingdom
London,GB,2013-06-17,12:00:00,1371445200,14.9,10.7,18.7,21.7,66.0,0.6,0.0,United Kingdom
London,GB,2013-06-18,12:00:00,1371531600,17.2,13.1,21.8,18.7,103.0,2.5,0.0,United Kingdom
London,GB,2013-06-19,12:00:00,1371618000,19.0,13.3,24.1,14.4,354.0,1.0,0.0,United Kingdom
London,GB,2013-06-20,12:00:00,1371704400,17.3,14.1,20.1,15.7,108.0,0.9,0.0,United Kingdom
London,GB,2013-06-21,12:00:00,1371790800,16.6,13.2,20.7,16.6,234.0,0.5,0.0,United Kingdom
London,GB,2013-06-22,12:00:00,1371877200,14.3,11.9,17.5,34.1,220.0,1.1,0.0,United Kingdom
London,GB,2013-06-23,12:00:00,1371963600,14.8,12.4,17.3,30.3,264.0,1.4,0.0,United Kingdom
London,GB,2013-06-24,12:00:00,1372050000,12.8,9.9,15.2,24.1,297.0,0.0,0.0,United Kingdom
London,GB,2013-06-25,12:00:00,1372136400,14.1,8.3,17.7,9.9,328.0,0.0,0.0,United Kingdom
London,GB,2013-06-26,12:00:00,1372222800,16.0,11.8,20.0,12.8,305.0,0.0,0.0,United Kingdom
London,GB,2013-06-27,12:00:00,1372309200,14.5,11.8,18.7,14.7,304.0,3.0,0.0,United Kingdom
London,GB,2013-06-28,12:00:00,1372395600,15.4,12.8,19.1,18.6,282.0,2.8,0.0,United Kingdom
London,GB,2013-06-29,12:00:00,1372482000,15.8,11.8,18.8,19.9,314.0,0.0,0.0,United Kingdom
London,GB,2013-06-30,12:00:00,1372568400,18.5,13.3,23.4,21.0,253.0,0.0,0.0,United Kingdom
London,GB,2013-07-01,12:00:00,1372654800,16.3,12.2,21.0,19.5,263.0,0.0,0.0,United Kingdom
London,GB,2013-07-02,12:00:00,1372741200,14.5,10.6,17.4,20.6,200.0,1.6,0.0,United Kingdom
London,GB,2013-07-03,12:00:00,1372827600,16.4,13.6,18.6,19.3,255.0,1.5,0.0,United Kingdom
London,GB,2013-07-04,12:00:00,1372914000,17.1,11.6,21.5,20.7,244.0,0.0,0.0,United Kingdom
London,GB,2013-07-05,12:00:00,1373000400,18.3,12.2,23.5,10.4,81.0,0.0,0.0,United Kingdom
London,GB,2013-07-06,12:00:00,1373086800,18.9,11.2,25.0,7.8,118.0,0.0,0.0,United Kingdom
London,GB,2013-07-07,12:00:00,1373173200,20.5,13.4,26.2,13.0,61.0,0.0,0.0,United Kingdom
London,GB,2013-07-08,12:00:00,1373259600,18.9,13.4,24.0,19.0,46.0,0.0,0.0,United Kingdom
London,GB,2013-07-09,12:00:00,1373346000,18.1,12.2,23.8,15.5,42.0,0.0,0.0,United Kingdom
London,GB,2013-07-10,12:00:00,1373432400,17.2,11.9,22.7,20.8,35.0,0.0,0.0,United Kingdom
London,GB,2013-07-11,12:00:00,1373518800,15.2,11.8,20.0,14.9,40.0,0.0,0.0,United Kingdom
London,GB,2013-07-12,12:00:00,1373605200,17.0,10.9,23.4,11.2,50.0,0.0,0.0,United Kingdom
London,GB,2013-07-13,12:00:00,1373691600,21.6,14.5,28.1,10.4,355.0,0.1,0.0,United Kingdom
London,GB,2013-07-14,12:00:00,1373778000,22.1,16.3,27.2,14.0,306.0,0.0,0.0,United Kingdom
London,GB,2013-07-15,12:00:00,1373864400,21.8,15.6,26.9,10.8,349.0,0.0,0.0,United Kingdom
London,GB,2013-07-16,12:00:00,1373950800,22.8,17.3,28.5,9.6,191.0,0.0,0.0,United Kingdom
London,GB,2013-07-17,12:00:00,1374037200,22.9,17.0,28.1,10.7,134.0,0.0,0.0,United Kingdom
London,GB,2013-07-18,12:00:00,1374123600,21.2,15.9,26.6,17.6,51.0,0.0,0.0,United Kingdom
London,GB,2013-07-19,12:00:00,1374210000,20.3,14.5,25.6,19.1,62.0,0.0,0.0,United Kingdom
London,GB,2013-07-20,12:00:00,1374296400,18.8,15.3,22.7,20.2,57.0,0.0,0.0,United Kingdom
London,GB,2013-07-21,12:00:00,1374382800,20.2,16.3,25.9,17.6,67.0,0.0,0.0,United Kingdom
London,GB,2013-07-22,12:00:00,1374469200,23.8,16.6,30.4,13.7,132.0,0.0,0.0,United Kingdom
London,GB,2013-07-23,12:00:00,1374555600,23.1,18.9,27.9,15.3,173.0,5.7,0.0,United Kingdom
London,GB,2013-07-24,12:00:00,1374642000,20.5,15.7,25.5,16.3,226.0,0.0,0.0,United Kingdom
London,GB,2013-07-25,12:00:00,1374728400,19.8,15.4,24.4,19.1,201.0,1.2,0.0,United Kingdom
London,GB,2013-07-26,12:00:00,1374814800,19.6,13.6,24.8,9.5,202.0,0.0,0.0,United Kingdom
London,GB,2013-07-27,12:00:00,1374901200,20.0,14.3,25.8,14.2,111.0,16.6,0.0,United Kingdom
London,GB,2013-07-28,12:00:00,1374987600,18.7,14.9,21.8,24.2,211.0,11.5,0.0,United Kingdom
London,GB,2013-07-29,12:00:00,1375074000,17.9,16.0,20.9,25.4,216.0,3.5,0.0,United Kingdom
London,GB,2013-07-30,12:00:00,1375160400,16.8,14.6,19.2,21.2,221.0,4.1,0.0,United Kingdom
London,GB,2013-07-31,12:00:00,1375246800,18.6,15.5,22.2,24.9,220.0,1.6,0.0,United Kingdom
London,GB,2013-08-01,12:00:00,1375333200,22.8,15.1,29.7,20.5,163.0,0.0,0.0,United Kingdom
London,GB,2013-08-02,12:00:00,1375419600,19.6,15.2,23.0,19.3,211.0,3.4,0.0,United Kingdom
London,GB,2013-08-03,12:00:00,1375506000,18.1,14.9,21.6,22.4,220.0,0.2,0.0,United Kingdom
London,GB,2013-08-04,12:00:00,1375592400,17.9,13.8,21.6,23.7,204.0,0.1,0.0,United Kingdom
London,GB,2013-08-05,12:00:00,1375678800,18.3,16.2,21.4,20.9,186.0,4.5,0.0,United Kingdom
London,GB,2013-08-06,12:00:00,1375765200,16.8,11.5,20.7,15.5,315.0,0.0,0.0,United Kingdom
London,GB,2013-08-07,12:00:00,1375851600,17.3,13.4,21.5,16.6,48.0,0.0,0.0,United Kingdom
London,GB,2013-08-08,12:00:00,1375938000,16.6,9.6,22.3,16.0,240.0,0.0,0.0,United Kingdom
London,GB,2013-08-09,12:00:00,1376024400,18.3,15.1,22.0,17.7,258.0,1.4,0.0,United Kingdom
London,GB,2013-08-10,12:00:00,1376110800,16.9,12.6,19.5,13.6,283.0,0.0,0.0,United Kingdom
London,GB,2013-08-11,12:00:00,1376197200,18.2,15.3,22.0,18.8,259.0,0.5,0.0,United Kingdom
London,GB,2013-08-12,12:00:00,1376283600,16.3,12.1,20.0,19.3,288.0,0.0,0.0,United Kingdom
London,GB,2013-08-13,12:00:00,1376370000,15.3,10.7,19.3,15.7,289.0,0.1,0.0,United Kingdom
London,GB,2013-08-14,12:00:00,1376456400,16.4,10.3,20.7,16.3,233.0,0.0,0.0,United Kingdom
London,GB,2013-08-15,12:00:00,1376542800,19.2,16.5,22.8,24.9,224.0,0.3,0.0,United Kingdom
London,GB,2013-08-16,12:00:00,1376629200,17.9,15.4,21.4,19.4,219.0,3.2,0.0,United Kingdom
London,GB,2013-08-17,12:00:00,1376715600,16.6,12.4,20.4,32.6,218.0,0.8,0.0,United Kingdom
London,GB,2013-08-18,12:00:00,1376802000,18.8,16.0,21.8,25.0,243.0,0.2,0.0,United Kingdom
London,GB,2013-08-19,12:00:00,1376888400,17.0,12.3,20.7,14.2,292.0,0.0,0.0,United Kingdom
London,GB,2013-08-20,12:00:00,1376974800,17.6,12.8,21.9,8.5,240.0,0.0,0.0,United Kingdom
London,GB,2013-08-21,12:00:00,1377061200,18.1,11.4,24.1,11.5,227.0,0.1,0.0,United Kingdom
London,GB,2013-08-22,12:00:00,1377147600,18.7,15.8,22.7,10.9,129.0,8.3,0.0,United Kingdom
London,GB,2013-08-23,12:00:00,1377234000,20.0,15.2,25.7,16.6,110.0,0.0,0.0,United Kingdom
London,GB,2013-08-24,12:00:00,1377320400,17.0,15.1,18.7,22.4,320.0,18.7,0.0,United Kingdom
London,GB,2013-08-25,12:00:00,1377406800,17.1,13.3,21.6,22.3,8.0,12.4,0.0,United Kingdom
London,GB,2013-08-26,12:00:00,1377493200,18.2,14.0,22.6,18.1,33.0,0.0,0.0,United Kingdom
London,GB,2013-08-27,12:00:00,1377579600,16.1,10.8,21.1,13.0,11.0,0.0,0.0,United Kingdom
London,GB,2013-08-28,12:00:00,1377666000,16.1,10.0,21.5,10.1,1.0,0.0,0.0,United Kingdom
London,GB,2013-08-29,12:00:00,1377752400,17.9,14.0,22.1,14.5,265.0,0.0,0.0,United Kingdom
London,GB,2013-08-30,12:00:00,1377838800,18.3,14.1,22.7,18.8,250.0,0.4,0.0,United Kingdom
London,GB,2013-08-31,12:00:00,1377925200,16.3,13.1,18.8,18.3,332.0,0.0,0.0,United Kingdom
London,GB,2013-09-01,12:00:00,1378011600,14.7,9.4,20.0,15.5,279.0,0.0,0.0,United Kingdom
London,GB,2013-09-02,12:00:00,1378098000,16.8,10.5,22.7,14.3,285.0,0.0,0.0,United Kingdom
London,GB,2013-09-03,12:00:00,1378184400,18.5,13.2,23.2,8.9,310.0,0.1,0.0,United Kingdom
London,GB,2013-09-04,12:00:00,1378270800,18.7,13.0,25.1,10.7,133.0,0.0,0.0,United Kingdom
London,GB,2013-09-05,12:00:00,1378357200,20.4,14.5,26.6,13.3,351.0,0.0,0.0,United Kingdom
London,GB,2013-09-06,12:00:00,1378443600,15.4,12.3,17.8,16.5,230.0,5.0,0.0,United Kingdom
London,GB,2013-09-07,12:00:00,1378530000,13.6,10.3,17.5,19.3,194.0,0.0,0.0,United Kingdom
London,GB,2013-09-08,12:00:00,1378616400,11.8,7.6,16.7,15.1,212.0,4.4,0.0,United Kingdom
London,GB,2013-09-09,12:00:00,1378702800,11.6,8.2,14.7,14.6,336.0,8.3,0.0,United Kingdom
London,GB,2013-09-10,12:00:00,1378789200,12.5,9.4,16.1,23.0,317.0,0.2,0.0,United Kingdom
London,GB,2013-09-11,12:00:00,1378875600,13.5,11.3,16.4,20.7,323.0,3.4,0.0,United Kingdom
London,GB,2013-09-12,12:00:00,1378962000,14.1,11.9,16.8,12.1,257.0,0.0,0.0,United Kingdom
London,GB,2013-09-13,12:00:00,1379048400,16.2,14.8,17.7,12.4,264.0,12.7,0.0,United Kingdom
London,GB,2013-09-14,12:00:00,1379134800,11.7,9.1,14.0,19.5,336.0,4.3,0.0,United Kingdom
London,GB,2013-09-15,12:00:00,1379221200,11.3,5.6,15.5,31.9,234.0,2.2,0.0,United Kingdom
London,GB,2013-09-16,12:00:00,1379307600,11.2,8.2,14.3,26.4,269.0,0.2,0.0,United Kingdom
London,GB,2013-09-17,12:00:00,1379394000,11.0,7.4,13.8,19.6,249.0,5.5,0.0,United Kingdom
London,GB,2013-09-18,12:00:00,1379480400,12.3,9.7,14.8,19.8,306.0,0.0,0.0,United Kingdom
London,GB,2013-09-19,12:00:00,1379566800,12.0,7.4,16.1,28.5,242.0,1.3,0.0,United Kingdom
London,GB,2013-09-20,12:00:00,1379653200,13.4,9.4,16.8,14.5,282.0,0.0,0.0,United Kingdom
London,GB,2013-09-21,12:00:00,1379739600,13.5,8.7,17.0,16.1,224.0,0.1,0.0,United Kingdom
London,GB,2013-09-22,12:00:00,1379826000,16.8,15.0,19.1,11.1,259.0,0.0,0.0,United Kingdom
London,GB,2013-09-23,12:00:00,1379912400,16.6,14.2,19.8,8.8,157.0,0.0,0.0,United Kingdom
London,GB,2013-09-24,12:00:00,1379998800,15.1,10.5,20.1,7.7,104.0,0.0,0.0,United Kingdom
London,GB,2013-09-25,12:00:00,1380085200,15.7,11.9,20.0,8.4,66.0,1.4,0.0,United Kingdom
London,GB,2013-09-26,12:00:00,1380171600,14.5,11.9,17.0,14.8,63.0,0.2,0.0,United Kingdom
London,GB,2013-09-27,12:00:00,1380258000,12.6,9.5,16.0,17.6,83.0,0.0,0.0,United Kingdom
London,GB,2013-09-28,12:00:00,1380344400,14.3,11.6,17.8,21.4,79.0,1.6,0.0,United Kingdom
London,GB,2013-09-29,12:00:00,1380430800,14.3,12.3,16.8,23.8,69.0,0.0,0.0,United Kingdom
London,GB,2013-09-30,12:00:00,1380517200,14.9,11.9,17.6,16.3,82.0,0.2,0.0,United Kingdom
London,GB,2013-10-01,12:00:00,1380603600,14.3,11.5,17.2,19.9,99.0,0.0,0.0,United Kingdom
London,GB,2013-10-02,12:00:00,1380690000,15.4,13.6,18.3,17.3,132.0,5.8,0.0,United Kingdom
London,GB,2013-10-03,12:00:00,1380776400,16.1,13.7,18.3,22.2,138.0,4.7,0.0,United Kingdom
London,GB,2013-10-04,12:00:00,1380862800,17.3,14.6,19.6,28.1,206.0,2.2,0.0,United Kingdom
London,GB,2013-10-05,12:00:00,1380949200,15.3,13.1,18.5,11.5,294.0,0.0,0.0,United Kingdom
London,GB,2013-10-06,12:00:00,1381035600,13.8,9.7,18.2,10.2,245.0,0.0,0.0,United Kingdom
London,GB,2013-10-07,12:00:00,1381122000,13.3,8.5,17.9,11.6,233.0,0.0,0.0,United Kingdom
London,GB,2013-10-08,12:00:00,1381208400,15.6,13.3,18.3,14.6,250.0,0.0,0.0,United Kingdom
London,GB,2013-10-09,12:00:00,1381294800,13.6,8.7,16.3,24.7,294.0,0.0,0.0,United Kingdom
London,GB,2013-10-10,12:00:00,1381381200,9.3,7.2,11.9,34.0,335.0,0.0,0.0,United Kingdom
London,GB,2013-10-11,12:00:00,1381467600,11.1,8.3,13.1,34.0,14.0,7.6,0.0,United Kingdom
London,GB,2013-10-12,12:00:00,1381554000,11.4,8.7,13.0,32.2,39.0,2.8,0.0,United Kingdom
London,GB,2013-10-13,12:00:00,1381640400,9.6,7.5,11.7,23.4,293.0,10.8,0.0,United Kingdom
London,GB,2013-10-14,12:00:00,1381726800,9.1,6.7,12.4,18.1,243.0,2.2,0.0,United Kingdom
London,GB,2013-10-15,12:00:00,1381813200,9.5,6.9,12.8,15.2,305.0,0.0,0.0,United Kingdom
London,GB,2013-10-16,12:00:00,1381899600,9.7,5.0,14.3,24.5,184.0,5.4,0.0,United Kingdom
London,GB,2013-10-17,12:00:00,1381986000,13.2,10.0,16.7,24.5,249.0,0.0,0.0,United Kingdom
London,GB,2013-10-18,12:00:00,1382072400,12.6,8.6,16.1,20.3,143.0,0.1,0.0,United Kingdom
London,GB,2013-10-19,12:00:00,1382158800,13.9,11.8,16.5,19.3,187.0,3.8,0.0,United Kingdom
London,GB,2013-10-20,12:00:00,1382245200,13.4,12.2,15.2,26.5,204.0,3.2,0.0,United Kingdom
London,GB,2013-10-21,12:00:00,1382331600,14.8,12.6,16.6,30.2,197.0,4.0,0.0,United Kingdom
London,GB,2013-10-22,12:00:00,1382418000,16.0,14.6,16.8,24.8,184.0,7.0,0.0,United Kingdom
London,GB,2013-10-23,12:00:00,1382504400,13.9,9.1,16.1,30.8,221.0,3.6,0.0,United Kingdom
London,GB,2013-10-24,12:00:00,1382590800,11.1,6.0,16.3,17.4,151.0,0.0,0.0,United Kingdom
London,GB,2013-10-25,12:00:00,1382677200,15.3,12.7,17.7,26.8,184.0,1.7,0.0,United Kingdom
London,GB,2013-10-26,12:00:00,1382763600,15.0,13.9,17.0,34.7,213.0,0.6,0.0,United Kingdom
London,GB,2013-10-27,12:00:00,1382850000,13.5,11.8,15.5,36.9,224.0,5.3,0.0,United Kingdom
London,GB,2013-10-28,12:00:00,1382936400,12.7,9.4,15.6,46.5,229.0,19.4,0.0,United Kingdom
London,GB,2013-10-29,12:00:00,1383022800,9.1,6.6,11.4,21.9,259.0,0.0,0.0,United Kingdom
London,GB,2013-10-30,12:00:00,1383109200,9.0,3.8,13.8,23.7,220.0,0.0,0.0,United Kingdom
London,GB,2013-10-31,12:00:00,1383195600,12.5,11.6,13.3,25.6,218.0,1.2,0.0,United Kingdom
London,GB,2013-11-01,12:00:00,1383282000,12.0,10.7,13.6,22.7,210.0,1.9,0.0,United Kingdom
London,GB,2013-11-02,12:00:00,1383368400,11.5,9.7,14.5,35.8,225.0,0.3,0.0,United Kingdom
London,GB,2013-11-03,12:00:00,1383454800,8.7,6.9,11.1,31.6,246.0,4.7,0.0,United Kingdom
London,GB,2013-11-04,12:00:00,1383541200,7.4,4.3,9.6,27.5,333.0,12.1,0.0,United Kingdom
London,GB,2013-11-05,12:00:00,1383627600,7.6,2.9,11.4,27.2,254.0,3.7,0.0,United Kingdom
London,GB,2013-11-06,12:00:00,1383714000,10.4,7.4,14.2,32.6,232.0,3.0,0.0,United Kingdom
London,GB,2013-11-07,12:00:00,1383800400,10.4,7.8,14.3,29.2,252.0,0.5,0.0,United Kingdom
London,GB,2013-11-08,12:00:00,1383886800,7.5,4.5,10.9,18.4,226.0,4.7,0.0,United Kingdom
London,GB,2013-11-09,12:00:00,1383973200,5.4,3.5,7.7,19.1,243.0,6.1,0.0,United Kingdom
London,GB,2013-11-10,12:00:00,1384059600,5.2,1.2,8.4,18.6,303.0,2.0,0.0,United Kingdom
London,GB,2013-11-11,12:00:00,1384146000,8.5,1.2,12.0,24.1,188.0,3.6,0.0,United Kingdom
London,GB,2013-11-12,12:00:00,1384232400,10.0,5.0,12.2,16.7,312.0,1.3,0.0,United Kingdom
London,GB,2013-11-13,12:00:00,1384318800,5.1,1.2,9.2,16.8,254.0,0.0,0.0,United Kingdom
London,GB,2013-11-14,12:00:00,1384405200,7.2,4.8,9.2,28.8,297.0,2.0,0.0,United Kingdom
London,GB,2013-11-15,12:00:00,1384491600,4.8,2.9,8.4,18.1,345.0,0.0,0.0,United Kingdom
London,GB,2013-11-16,12:00:00,1384578000,4.0,-0.2,8.6,7.9,279.0,0.0,0.0,United Kingdom
London,GB,2013-11-17,12:00:00,1384664400,6.0,3.0,8.7,8.0,22.0,0.0,0.0,United Kingdom
London,GB,2013-11-18,12:00:00,1384750800,7.8,7.1,8.9,15.3,284.0,0.4,0.0,United Kingdom
London,GB,2013-11-19,12:00:00,1384837200,2.9,-0.2,6.2,21.4,323.0,0.0,0.0,United Kingdom
London,GB,2013-11-20,12:00:00,1384923600,2.3,-2.1,6.3,25.6,270.0,5.7,0.0,United Kingdom
London,GB,2013-11-21,12:00:00,1385010000,4.5,2.7,6.9,29.3,10.0,0.9,0.07,United Kingdom
London,GB,2013-11-22,12:00:00,1385096400,4.8,2.8,7.3,25.5,5.0,0.0,0.0,United Kingdom
London,GB,2013-11-23,12:00:00,1385182800,4.6,2.5,6.4,17.3,358.0,0.0,0.0,United Kingdom
London,GB,2013-11-24,12:00:00,1385269200,4.6,3.4,6.3,17.8,356.0,0.0,0.0,United Kingdom
London,GB,2013-11-25,12:00:00,1385355600,4.0,2.6,6.4,18.1,352.0,0.0,0.0,United Kingdom
London,GB,2013-11-26,12:00:00,1385442000,2.5,-0.9,5.7,13.3,323.0,0.0,0.0,United Kingdom
London,GB,2013-11-27,12:00:00,1385528400,6.4,2.5,9.0,9.6,304.0,0.3,0.0,United Kingdom
London,GB,2013-11-28,12:00:00,1385614800,7.2,6.2,8.2,7.7,330.0,0.0,0.0,United Kingdom
London,GB,2013-11-29,12:00:00,1385701200,7.3,6.1,9.0,23.9,285.0,0.0,0.0,United Kingdom
London,GB,2013-11-30,12:00:00,1385787600,5.3,1.5,7.7,21.9,332.0,0.0,0.0,United Kingdom
London,GB,2013-12-01,12:00:00,1385874000,3.7,-0.2,7.9,10.0,329.0,0.0,0.0,United Kingdom
London,GB,2013-12-02,12:00:00,1385960400,5.5,2.5,8.5,9.2,39.0,0.0,0.0,United Kingdom
London,GB,2013-12-03,12:00:00,1386046800,3.2,-0.3,5.9,10.8,301.0,0.0,0.0,United Kingdom
London,GB,2013-12-04,12:00:00,1386133200,4.4,0.3,7.9,14.7,280.0,0.0,0.0,United Kingdom
London,GB,2013-12-05,12:00:00,1386219600,4.4,-0.1,9.7,39.6,264.0,0.5,0.0,United Kingdom
London,GB,2013-12-06,12:00:00,1386306000,4.3,2.4,6.3,22.2,285.0,0.0,0.0,United Kingdom
London,GB,2013-12-07,12:00:00,1386392400,5.9,3.3,8.3,16.5,253.0,0.0,0.0,United Kingdom
London,GB,2013-12-08,12:00:00,1386478800,7.3,5.1,9.8,21.1,242.0,0.0,0.0,United Kingdom
London,GB,2013-12-09,12:00:00,1386565200,6.7,3.7,8.9,18.2,227.0,0.0,0.0,United Kingdom
London,GB,2013-12-10,12:00:00,1386651600,3.9,0.9,8.8,11.7,182.0,0.0,0.0,United Kingdom
London,GB,2013-12-11,12:00:00,1386738000,2.8,-1.1,8.5,12.4,158.0,0.0,0.0,United Kingdom
London,GB,2013-12-12,12:00:00,1386824400,5.2,2.1,9.5,14.0,193.0,0.0,0.0,United Kingdom
London,GB,2013-12-13,12:00:00,1386910800,8.7,7.1,9.6,19.4,204.0,1.5,0.0,United Kingdom
London,GB,2013-12-14,12:00:00,1386997200,7.3,2.7,10.8,34.7,220.0,0.2,0.0,United Kingdom
London,GB,2013-12-15,12:00:00,1387083600,10.7,8.1,11.6,32.6,206.0,1.3,0.0,United Kingdom
London,GB,2013-12-16,12:00:00,1387170000,11.4,8.1,12.7,33.5,215.0,6.0,0.0,United Kingdom
London,GB,2013-12-17,12:00:00,1387256400,6.3,4.9,8.0,11.3,75.0,5.4,0.0,United Kingdom
London,GB,2013-12-18,12:00:00,1387342800,8.1,5.1,9.6,41.5,191.0,6.7,0.0,United Kingdom
London,GB,2013-12-19,12:00:00,1387429200,6.1,4.0,9.5,33.1,227.0,3.9,0.0,United Kingdom
London,GB,2013-12-20,12:00:00,1387515600,5.4,1.8,9.6,36.4,220.0,0.0,0.0,United Kingdom
London,GB,2013-12-21,12:00:00,1387602000,10.2,9.8,11.0,37.9,210.0,7.1,0.0,United Kingdom
London,GB,2013-12-22,12:00:00,1387688400,7.1,4.3,8.8,30.1,234.0,2.9,0.0,United Kingdom
London,GB,2013-12-23,12:00:00,1387774800,8.1,3.9,11.3,49.4,199.0,14.5,0.0,United Kingdom
London,GB,2013-12-24,12:00:00,1387861200,8.5,5.7,11.4,53.6,210.0,16.2,0.0,United Kingdom
London,GB,2013-12-25,12:00:00,1387947600,4.7,3.1,7.1,19.8,202.0,4.2,0.0,United Kingdom
London,GB,2013-12-26,12:00:00,1388034000,4.1,2.3,6.8,26.8,223.0,0.0,0.0,United Kingdom
London,GB,2013-12-27,12:00:00,1388120400,9.0,6.7,11.1,44.1,212.0,6.5,0.0,United Kingdom
London,GB,2013-12-28,12:00:00,1388206800,4.8,1.3,7.3,18.2,229.0,0.0,0.0,United Kingdom
London,GB,2013-12-29,12:00:00,1388293200,2.3,-0.3,6.1,24.4,235.0,0.0,0.0,United Kingdom
London,GB,2013-12-30,12:00:00,1388379600,7.8,5.4,9.4,45.6,200.0,4.6,0.0,United Kingdom
London,GB,2013-12-31,12:00:00,1388466000,7.4,5.3,9.6,31.7,187.0,4.1,0.0,United Kingdom
London,GB,2014-01-01,12:00:00,1388552400,8.0,6.2,10.2,40.0,188.0,11.4,0.0,United Kingdom
London,GB,2014-01-02,12:00:00,1388638800,7.9,5.4,9.8,27.4,211.0,1.5,0.0,United Kingdom
London,GB,2014-01-03,12:00:00,1388725200,8.3,6.6,10.2,35.9,215.0,4.3,0.0,United Kingdom
London,GB,2014-01-04,12:00:00,1388811600,7.1,3.6,8.6,33.1,207.0,18.0,0.0,United Kingdom
London,GB,2014-01-05,12:00:00,1388898000,5.0,0.7,10.7,34.3,196.0,0.6,0.0,United Kingdom
London,GB,2014-01-06,12:00:00,1388984400,10.7,9.4,12.1,35.2,213.0,5.4,0.0,United Kingdom
London,GB,2014-01-07,12:00:00,1389070800,9.6,9.0,10.7,33.9,215.0,1.7,0.0,United Kingdom
London,GB,2014-01-08,12:00:00,1389157200,8.6,6.9,10.9,22.7,207.0,1.5,0.0,United Kingdom
London,GB,2014-01-09,12:00:00,1389243600,8.4,4.2,11.3,34.5,239.0,0.9,0.0,United Kingdom
London,GB,2014-01-10,12:00:00,1389330000,5.2,1.9,9.0,17.6,220.0,0.0,0.0,United Kingdom
London,GB,2014-01-11,12:00:00,1389416400,5.5,0.7,7.5,19.4,255.0,1.0,0.0,United Kingdom
London,GB,2014-01-12,12:00:00,1389502800,3.3,-2.1,8.4,22.6,154.0,2.0,0.0,United Kingdom
London,GB,2014-01-13,12:00:00,1389589200,6.7,4.9,9.5,25.9,208.0,2.2,0.0,United Kingdom
London,GB,2014-01-14,12:00:00,1389675600,4.0,2.1,5.5,16.3,246.0,1.7,0.0,United Kingdom
London,GB,2014-01-15,12:00:00,1389762000,8.8,5.7,9.9,23.0,200.0,7.7,0.0,United Kingdom
London,GB,2014-01-16,12:00:00,1389848400,8.0,6.8,9.7,25.9,192.0,3.1,0.0,United Kingdom
London,GB,2014-01-17,12:00:00,1389934800,7.3,5.6,9.1,25.8,202.0,0.0,0.0,United Kingdom
London,GB,2014-01-18,12:00:00,1390021200,7.5,5.4,9.0,23.0,156.0,2.0,0.0,United Kingdom
London,GB,2014-01-19,12:00:00,1390107600,5.5,1.1,7.5,19.4,191.0,0.6,0.0,United Kingdom
London,GB,2014-01-20,12:00:00,1390194000,3.3,0.3,8.3,8.4,204.0,0.0,0.0,United Kingdom
London,GB,2014-01-21,12:00:00,1390280400,4.1,1.7,7.2,22.1,169.0,0.0,0.0,United Kingdom
London,GB,2014-01-22,12:00:00,1390366800,6.6,4.2,9.0,22.9,192.0,5.6,0.0,United Kingdom
London,GB,2014-01-23,12:00:00,1390453200,3.6,0.6,6.6,24.5,272.0,2.6,0.0,United Kingdom
London,GB,2014-01-24,12:00:00,1390539600,3.7,0.1,6.6,18.7,174.0,3.7,0.0,United Kingdom
London,GB,2014-01-25,12:00:00,1390626000,7.6,4.8,10.9,43.8,248.0,4.4,0.0,United Kingdom
London,GB,2014-01-26,12:00:00,1390712400,4.8,1.4,8.7,33.1,233.0,4.9,0.0,United Kingdom
London,GB,2014-01-27,12:00:00,1390798800,3.8,1.3,7.2,28.7,237.0,0.2,0.07,United Kingdom
London,GB,2014-01-28,12:00:00,1390885200,5.5,3.7,7.8,22.8,188.0,0.4,0.0,United Kingdom
London,GB,2014-01-29,12:00:00,1390971600,4.0,2.9,4.9,19.5,96.0,11.8,0.0,United Kingdom
London,GB,2014-01-30,12:00:00,1391058000,4.2,2.6,6.4,15.4,59.0,3.1,0.0,United Kingdom
London,GB,2014-01-31,12:00:00,1391144400,3.9,0.1,7.8,34.6,176.0,6.8,0.0,United Kingdom
London,GB,2014-02-01,12:00:00,1391230800,6.6,4.0,8.7,34.7,213.0,6.0,0.0,United Kingdom
London,GB,2014-02-02,12:00:00,1391317200,6.1,4.4,8.8,31.6,219.0,0.0,0.0,United Kingdom
London,GB,2014-02-03,12:00:00,1391403600,5.5,4.3,7.8,29.3,147.0,0.0,0.0,United Kingdom
London,GB,2014-02-04,12:00:00,1391490000,6.0,4.0,7.5,34.3,174.0,2.5,0.0,United Kingdom
London,GB,2014-02-05,12:00:00,1391576400,7.0,5.0,8.4,46.5,188.0,11.6,0.0,United Kingdom
London,GB,2014-02-06,12:00:00,1391662800,7.3,5.6,10.2,31.8,201.0,11.0,0.0,United Kingdom
London,GB,2014-02-07,12:00:00,1391749200,6.9,2.7,9.8,30.7,232.0,8.4,0.0,United Kingdom
London,GB,2014-02-08,12:00:00,1391835600,7.1,5.9,8.5,39.3,203.0,6.2,0.0,United Kingdom
London,GB,2014-02-09,12:00:00,1391922000,5.8,3.3,7.9,38.0,227.0,0.9,0.0,United Kingdom
London,GB,2014-02-10,12:00:00,1392008400,4.7,2.2,8.0,18.4,227.0,1.8,0.0,United Kingdom
London,GB,2014-02-11,12:00:00,1392094800,4.6,2.1,6.5,37.9,221.0,5.2,0.0,United Kingdom
London,GB,2014-02-12,12:00:00,1392181200,5.0,2.1,7.7,47.2,210.0,8.1,0.0,United Kingdom
London,GB,2014-02-13,12:00:00,1392267600,4.7,3.0,7.5,30.2,238.0,0.1,0.0,United Kingdom
London,GB,2014-02-14,12:00:00,1392354000,5.7,1.4,10.9,47.9,185.0,8.0,0.0,United Kingdom
London,GB,2014-02-15,12:00:00,1392440400,7.9,4.8,9.5,52.5,227.0,1.2,0.0,United Kingdom
London,GB,2014-02-16,12:00:00,1392526800,4.6,1.6,8.8,18.9,234.0,0.0,0.0,United Kingdom
London,GB,2014-02-17,12:00:00,1392613200,6.4,2.0,9.8,24.9,177.0,0.9,0.0,United Kingdom
London,GB,2014-02-18,12:00:00,1392699600,7.8,5.2,10.7,22.0,200.0,3.7,0.0,United Kingdom
London,GB,2014-02-19,12:00:00,1392786000,6.6,3.0,9.5,17.0,235.0,0.0,0.0,United Kingdom
London,GB,2014-02-20,12:00:00,1392872400,9.0,5.1,10.8,26.6,208.0,3.1,0.0,United Kingdom
London,GB,2014-02-21,12:00:00,1392958800,5.7,2.4,9.1,29.9,230.0,0.0,0.0,United Kingdom
London,GB,2014-02-22,12:00:00,1393045200,6.8,3.6,10.5,22.5,229.0,0.0,0.0,United Kingdom
London,GB,2014-02-23,12:00:00,1393131600,9.6,7.2,11.2,35.1,198.0,0.6,0.0,United Kingdom
London,GB,2014-02-24,12:00:00,1393218000,9.3,6.7,12.2,28.1,188.0,0.0,0.0,United Kingdom
London,GB,2014-02-25,12:00:00,1393304400,8.3,5.7,10.2,29.8,199.0,5.8,0.0,United Kingdom
London,GB,2014-02-26,12:00:00,1393390800,6.2,2.6,10.3,20.0,222.0,0.0,0.0,United Kingdom
London,GB,2014-02-27,12:00:00,1393477200,7.0,3.1,10.1,31.3,221.0,4.8,0.0,United Kingdom
London,GB,2014-02-28,12:00:00,1393563600,4.2,1.7,5.8,17.7,65.0,9.8,0.0,United Kingdom
London,GB,2014-03-01,12:00:00,1393650000,4.5,1.3,7.6,13.2,306.0,0.0,0.0,United Kingdom
London,GB,2014-03-02,12:00:00,1393736400,6.2,2.0,9.0,32.7,189.0,6.7,0.0,United Kingdom
London,GB,2014-03-03,12:00:00,1393822800,5.3,1.6,8.4,15.6,199.0,6.7,0.0,United Kingdom
London,GB,2014-03-04,12:00:00,1393909200,4.4,-1.1,9.2,13.1,276.0,0.1,0.0,United Kingdom
London,GB,2014-03-05,12:00:00,1393995600,5.7,-0.4,12.2,12.1,248.0,0.0,0.0,United Kingdom
London,GB,2014-03-06,12:00:00,1394082000,7.6,4.1,11.7,22.2,204.0,0.0,0.0,United Kingdom
London,GB,2014-03-07,12:00:00,1394168400,9.1,6.3,14.0,22.9,224.0,0.0,0.0,United Kingdom
London,GB,2014-03-08,12:00:00,1394254800,9.1,6.0,13.4,21.2,154.0,0.0,0.0,United Kingdom
London,GB,2014-03-09,12:00:00,1394341200,10.4,6.0,15.7,16.7,179.0,0.0,0.0,United Kingdom
London,GB,2014-03-10,12:00:00,1394427600,7.7,2.5,13.6,20.3,17.0,0.0,0.0,United Kingdom
London,GB,2014-03-11,12:00:00,1394514000,6.9,4.3,9.9,19.9,45.0,0.0,0.0,United Kingdom
London,GB,2014-03-12,12:00:00,1394600400,7.4,2.1,13.7,13.3,52.0,0.0,0.0,United Kingdom
London,GB,2014-03-13,12:00:00,1394686800,7.2,2.4,13.9,8.7,32.0,0.0,0.0,United Kingdom
London,GB,2014-03-14,12:00:00,1394773200,7.8,3.1,14.6,18.3,257.0,0.0,0.0,United Kingdom
London,GB,2014-03-15,12:00:00,1394859600,10.1,6.7,14.6,19.3,295.0,0.0,0.0,United Kingdom
London,GB,2014-03-16,12:00:00,1394946000,10.2,6.7,14.8,18.9,287.0,0.0,0.0,United Kingdom
London,GB,2014-03-17,12:00:00,1395032400,9.6,7.6,11.5,14.3,268.0,0.0,0.0,United Kingdom
London,GB,2014-03-18,12:00:00,1395118800,9.4,6.2,12.8,31.0,260.0,0.3,0.0,United Kingdom
London,GB,2014-03-19,12:00:00,1395205200,9.5,6.2,14.5,21.4,240.0,0.0,0.0,United Kingdom
London,GB,2014-03-20,12:00:00,1395291600,9.0,6.0,12.0,34.8,215.0,2.1,0.0,United Kingdom
London,GB,2014-03-21,12:00:00,1395378000,8.1,5.7,10.7,28.1,229.0,1.4,0.0,United Kingdom
London,GB,2014-03-22,12:00:00,1395464400,6.8,4.3,9.7,29.5,232.0,2.2,0.0,United Kingdom
London,GB,2014-03-23,12:00:00,1395550800,5.2,1.3,9.1,23.8,289.0,1.0,0.0,United Kingdom
London,GB,2014-03-24,12:00:00,1395637200,4.6,0.2,9.2,21.4,154.0,0.0,0.0,United Kingdom
London,GB,2014-03-25,12:00:00,1395723600,6.3,3.6,8.7,17.2,111.0,4.9,0.0,United Kingdom
London,GB,2014-03-26,12:00:00,1395810000,4.0,0.8,7.9,18.5,2.0,2.3,0.0,United Kingdom
London,GB,2014-03-27,12:00:00,1395896400,4.8,-0.4,10.0,14.5,77.0,1.1,0.0,United Kingdom
London,GB,2014-03-28,12:00:00,1395982800,7.5,2.3,12.9,17.2,89.0,0.0,0.0,United Kingdom
London,GB,2014-03-29,12:00:00,1396069200,11.0,5.8,16.8,20.4,102.0,0.0,0.0,United Kingdom
London,GB,2014-03-30,12:00:00,1396155600,12.3,5.9,18.6,12.7,125.0,0.0,0.0,United Kingdom
London,GB,2014-03-31,12:00:00,1396242000,12.8,7.9,16.6,14.1,153.0,0.0,0.0,United Kingdom
London,GB,2014-04-01,12:00:00,1396328400,12.3,6.9,17.6,12.1,134.0,0.4,0.0,United Kingdom
London,GB,2014-04-02,12:00:00,1396414800,13.0,9.7,16.9,17.9,92.0,0.8,0.0,United Kingdom
London,GB,2014-04-03,12:00:00,1396501200,12.8,8.3,18.0,16.1,104.0,0.0,0.0,United Kingdom
London,GB,2014-04-04,12:00:00,1396587600,12.7,10.2,16.3,14.5,243.0,0.0,0.0,United Kingdom
London,GB,2014-04-05,12:00:00,1396674000,10.6,5.9,13.7,23.7,201.0,0.7,0.0,United Kingdom
London,GB,2014-04-06,12:00:00,1396760400,12.6,11.2,14.6,30.8,208.0,4.0,0.0,United Kingdom
London,GB,2014-04-07,12:00:00,1396846800,12.7,8.9,14.6,27.7,206.0,5.2,0.0,United Kingdom
London,GB,2014-04-08,12:00:00,1396933200,8.7,5.3,12.3,27.7,268.0,0.1,0.0,United Kingdom
London,GB,2014-04-09,12:00:00,1397019600,9.1,3.4,14.3,12.8,258.0,0.0,0.0,United Kingdom
London,GB,2014-04-10,12:00:00,1397106000,10.2,5.6,13.9,9.0,294.0,0.0,0.0,United Kingdom
London,GB,2014-04-11,12:00:00,1397192400,11.2,8.0,14.4,10.8,347.0,0.0,0.0,United Kingdom
London,GB,2014-04-12,12:00:00,1397278800,9.7,5.3,13.4,21.1,251.0,0.0,0.0,United Kingdom
London,GB,2014-04-13,12:00:00,1397365200,11.2,8.3,14.5,18.0,281.0,0.0,0.0,United Kingdom
London,GB,2014-04-14,12:00:00,1397451600,10.0,6.5,13.7,21.7,330.0,0.0,0.0,United Kingdom
London,GB,2014-04-15,12:00:00,1397538000,7.1,1.6,11.4,13.4,65.0,0.0,0.0,United Kingdom
London,GB,2014-04-16,12:00:00,1397624400,8.2,2.2,14.2,12.3,139.0,0.0,0.0,United Kingdom
London,GB,2014-04-17,12:00:00,1397710800,10.8,4.7,16.8,18.7,270.0,0.0,0.0,United Kingdom
London,GB,2014-04-18,12:00:00,1397797200,8.4,5.2,10.7,18.0,13.0,0.0,0.0,United Kingdom
London,GB,2014-04-19,12:00:00,1397883600,7.9,3.1,11.8,21.7,54.0,0.0,0.0,United Kingdom
London,GB,2014-04-20,12:00:00,1397970000,10.4,6.6,14.5,25.8,53.0,8.1,0.0,United Kingdom
London,GB,2014-04-21,12:00:00,1398056400,11.5,4.6,18.2,11.4,46.0,6.9,0.0,United Kingdom
London,GB,2014-04-22,12:00:00,1398142800,11.8,9.5,15.2,20.4,206.0,3.5,0.0,United Kingdom
London,GB,2014-04-23,12:00:00,1398229200,11.7,6.6,16.2,19.9,182.0,2.2,0.0,United Kingdom
London,GB,2014-04-24,12:00:00,1398315600,11.8,9.0,14.8,9.4,125.0,1.8,0.0,United Kingdom
London,GB,2014-04-25,12:00:00,1398402000,10.9,8.0,14.5,19.6,354.0,11.9,0.0,United Kingdom
London,GB,2014-04-26,12:00:00,1398488400,10.7,8.1,14.0,25.6,166.0,2.3,0.0,United Kingdom
London,GB,2014-04-27,12:00:00,1398574800,10.8,7.5,14.8,20.9,104.0,8.1,0.0,United Kingdom
London,GB,2014-04-28,12:00:00,1398661200,11.8,8.4,15.8,14.8,57.0,3.4,0.0,United Kingdom
London,GB,2014-04-29,12:00:00,1398747600,11.5,7.8,15.2,12.6,74.0,4.4,0.0,United Kingdom
London,GB,2014-04-30,12:00:00,1398834000,11.6,6.9,17.1,13.6,197.0,0.0,0.0,United Kingdom
London,GB,2014-05-01,12:00:00,1398920400,10.2,6.8,13.1,13.4,150.0,8.2,0.0,United Kingdom
London,GB,2014-05-02,12:00:00,1399006800,10.2,7.3,12.4,22.2,23.0,0.0,0.0,United Kingdom
London,GB,2014-05-03,12:00:00,1399093200,8.2,3.6,11.4,12.2,37.0,0.0,0.0,United Kingdom
London,GB,2014-05-04,12:00:00,1399179600,9.5,3.7,14.4,10.3,197.0,0.0,0.0,United Kingdom
London,GB,2014-05-05,12:00:00,1399266000,11.7,3.2,17.5,19.6,169.0,0.0,0.0,United Kingdom
London,GB,2014-05-06,12:00:00,1399352400,13.2,10.5,16.1,19.8,232.0,1.2,0.0,United Kingdom
London,GB,2014-05-07,12:00:00,1399438800,12.2,9.6,15.4,27.2,244.0,0.4,0.0,United Kingdom
London,GB,2014-05-08,12:00:00,1399525200,11.9,10.0,14.2,27.7,233.0,5.1,0.0,United Kingdom
London,GB,2014-05-09,12:00:00,1399611600,12.8,10.7,15.6,32.6,252.0,0.0,0.0,United Kingdom
London,GB,2014-05-10,12:00:00,1399698000,11.8,9.4,15.1,35.9,228.0,5.8,0.0,United Kingdom
London,GB,2014-05-11,12:00:00,1399784400,10.6,8.7,13.1,36.2,256.0,2.4,0.0,United Kingdom
London,GB,2014-05-12,12:00:00,1399870800,10.8,7.2,14.6,20.6,266.0,1.7,0.0,United Kingdom
London,GB,2014-05-13,12:00:00,1399957200,10.7,5.9,14.8,13.1,303.0,4.1,0.0,United Kingdom
London,GB,2014-05-14,12:00:00,1400043600,12.0,6.8,16.6,13.9,325.0,0.0,0.0,United Kingdom
London,GB,2014-05-15,12:00:00,1400130000,13.0,6.8,17.8,7.3,124.0,0.0,0.0,United Kingdom
London,GB,2014-05-16,12:00:00,1400216400,13.9,7.4,18.8,8.2,147.0,0.0,0.0,United Kingdom
London,GB,2014-05-17,12:00:00,1400302800,16.1,9.7,21.0,9.0,231.0,0.0,0.0,United Kingdom
London,GB,2014-05-18,12:00:00,1400389200,16.2,10.2,21.0,14.9,165.0,0.0,0.0,United Kingdom
London,GB,2014-05-19,12:00:00,1400475600,18.3,13.2,23.4,17.3,116.0,0.0,0.0,United Kingdom
London,GB,2014-05-20,12:00:00,1400562000,15.7,12.9,19.1,18.4,175.0,2.1,0.0,United Kingdom
London,GB,2014-05-21,12:00:00,1400648400,14.0,10.0,18.2,14.2,77.0,4.1,0.0,United Kingdom
London,GB,2014-05-22,12:00:00,1400734800,14.4,11.3,17.3,22.0,171.0,7.9,0.0,United Kingdom
London,GB,2014-05-23,12:00:00,1400821200,13.7,11.2,16.1,26.4,161.0,0.5,0.0,United Kingdom
London,GB,2014-05-24,12:00:00,1400907600,12.1,9.5,15.3,19.9,160.0,7.5,0.0,United Kingdom
London,GB,2014-05-25,12:00:00,1400994000,12.9,9.3,16.4,21.2,190.0,0.0,0.0,United Kingdom
London,GB,2014-05-26,12:00:00,1401080400,11.7,7.9,14.8,16.3,351.0,12.6,0.0,United Kingdom
London,GB,2014-05-27,12:00:00,1401166800,11.9,10.4,13.2,22.4,336.0,8.3,0.0,United Kingdom
London,GB,2014-05-28,12:00:00,1401253200,12.0,10.1,14.2,19.6,313.0,3.8,0.0,United Kingdom
London,GB,2014-05-29,12:00:00,1401339600,14.7,12.2,18.3,13.1,99.0,1.9,0.0,United Kingdom
London,GB,2014-05-30,12:00:00,1401426000,13.2,11.0,15.1,16.6,57.0,0.0,0.0,United Kingdom
London,GB,2014-05-31,12:00:00,1401512400,13.3,7.9,16.7,8.5,352.0,0.0,0.0,United Kingdom
London,GB,2014-06-01,12:00:00,1401598800,15.5,11.8,18.6,8.2,0.0,0.0,0.0,United Kingdom
London,GB,2014-06-02,12:00:00,1401685200,15.4,12.1,19.1,13.8,217.0,0.3,0.0,United Kingdom
London,GB,2014-06-03,12:00:00,1401771600,14.3,11.8,17.2,14.1,218.0,0.6,0.0,United Kingdom
London,GB,2014-06-04,12:00:00,1401858000,12.6,9.5,15.5,22.8,232.0,5.5,0.0,United Kingdom
London,GB,2014-06-05,12:00:00,1401944400,13.1,9.0,17.5,22.1,253.0,2.6,0.0,United Kingdom
London,GB,2014-06-06,12:00:00,1402030800,15.2,7.5,20.9,19.6,112.0,0.0,0.0,United Kingdom
London,GB,2014-06-07,12:00:00,1402117200,17.6,14.1,21.2,16.9,174.0,5.3,0.0,United Kingdom
London,GB,2014-06-08,12:00:00,1402203600,17.2,10.1,22.5,12.7,201.0,0.0,0.0,United Kingdom
London,GB,2014-06-09,12:00:00,1402290000,19.0,13.7,23.7,15.2,157.0,2.8,0.0,United Kingdom
London,GB,2014-06-10,12:00:00,1402376400,16.6,12.5,20.1,24.1,220.0,0.0,0.0,United Kingdom
London,GB,2014-06-11,12:00:00,1402462800,15.7,10.4,19.6,14.3,245.0,0.0,0.0,United Kingdom
London,GB,2014-06-12,12:00:00,1402549200,17.5,10.1,22.8,7.4,346.0,0.0,0.0,United Kingdom
London,GB,2014-06-13,12:00:00,1402635600,18.9,13.5,23.2,9.7,6.0,0.0,0.0,United Kingdom
London,GB,2014-06-14,12:00:00,1402722000,17.1,14.0,20.4,16.5,22.0,1.8,0.0,United Kingdom
London,GB,2014-06-15,12:00:00,1402808400,14.8,12.7,17.7,20.0,22.0,0.0,0.0,United Kingdom
London,GB,2014-06-16,12:00:00,1402894800,14.2,11.9,17.4,20.7,14.0,0.0,0.0,United Kingdom
London,GB,2014-06-17,12:00:00,1402981200,14.6,11.5,18.5,19.7,19.0,0.0,0.0,United Kingdom
London,GB,2014-06-18,12:00:00,1403067600,15.5,12.3,18.8,17.6,23.0,0.0,0.0,United Kingdom
London,GB,2014-06-19,12:00:00,1403154000,15.9,10.6,21.3,18.5,19.0,0.5,0.0,United Kingdom
London,GB,2014-06-20,12:00:00,1403240400,15.0,10.1,19.1,13.0,329.0,0.0,0.0,United Kingdom
London,GB,2014-06-21,12:00:00,1403326800,17.6,12.7,21.6,14.0,277.0,0.0,0.0,United Kingdom
London,GB,2014-06-22,12:00:00,1403413200,18.1,13.6,22.3,10.1,102.0,0.0,0.0,United Kingdom
London,GB,2014-06-23,12:00:00,1403499600,18.2,12.4,22.7,6.7,228.0,0.0,0.0,United Kingdom
London,GB,2014-06-24,12:00:00,1403586000,17.8,13.6,21.9,18.8,6.0,0.5,0.0,United Kingdom
London,GB,2014-06-25,12:00:00,1403672400,15.5,11.6,18.9,15.5,50.0,0.0,0.0,United Kingdom
London,GB,2014-06-26,12:00:00,1403758800,15.7,10.8,19.9,12.9,105.0,1.7,0.0,United Kingdom
London,GB,2014-06-27,12:00:00,1403845200,16.4,13.7,19.3,19.6,210.0,0.7,0.0,United Kingdom
London,GB,2014-06-28,12:00:00,1403931600,15.4,11.4,18.9,12.8,245.0,6.8,0.0,United Kingdom
London,GB,2014-06-29,12:00:00,1404018000,14.5,11.2,17.7,19.1,357.0,1.3,0.0,United Kingdom
London,GB,2014-06-30,12:00:00,1404104400,15.0,11.3,18.1,10.5,118.0,1.1,0.0,United Kingdom
London,GB,2014-07-01,12:00:00,1404190800,16.5,12.3,20.1,13.0,85.0,0.0,0.0,United Kingdom
London,GB,2014-07-02,12:00:00,1404277200,17.0,11.2,22.4,14.9,181.0,0.0,0.0,United Kingdom
London,GB,2014-07-03,12:00:00,1404363600,18.8,12.8,24.1,20.2,217.0,0.0,0.0,United Kingdom
London,GB,2014-07-04,12:00:00,1404450000,18.9,13.2,24.7,23.2,208.0,0.0,0.0,United Kingdom
London,GB,2014-07-05,12:00:00,1404536400,17.9,16.1,21.1,20.6,211.0,4.4,0.0,United Kingdom
London,GB,2014-07-06,12:00:00,1404622800,16.6,14.2,20.0,16.8,254.0,0.4,0.0,United Kingdom
London,GB,2014-07-07,12:00:00,1404709200,16.1,10.6,20.0,13.7,224.0,0.1,0.0,United Kingdom
London,GB,2014-07-08,12:00:00,1404795600,16.1,11.0,20.3,14.5,309.0,2.0,0.0,United Kingdom
London,GB,2014-07-09,12:00:00,1404882000,17.0,12.9,21.2,28.6,337.0,0.0,0.0,United Kingdom
London,GB,2014-07-10,12:00:00,1404968400,15.5,14.0,17.3,23.9,345.0,3.0,0.0,United Kingdom
London,GB,2014-07-11,12:00:00,1405054800,15.7,13.0,19.8,18.6,340.0,5.3,0.0,United Kingdom
London,GB,2014-07-12,12:00:00,1405141200,18.5,14.0,23.9,10.8,291.0,0.8,0.0,United Kingdom
London,GB,2014-07-13,12:00:00,1405227600,18.4,15.9,22.0,18.6,282.0,4.9,0.0,United Kingdom
London,GB,2014-07-14,12:00:00,1405314000,17.2,11.7,21.8,21.4,260.0,0.0,0.0,United Kingdom
London,GB,2014-07-15,12:00:00,1405400400,19.8,16.6,23.1,17.3,250.0,0.3,0.0,United Kingdom
London,GB,2014-07-16,12:00:00,1405486800,19.8,12.8,25.4,14.5,241.0,0.0,0.0,United Kingdom
London,GB,2014-07-17,12:00:00,1405573200,20.5,15.3,25.2,17.0,81.0,0.0,0.0,United Kingdom
London,GB,2014-07-18,12:00:00,1405659600,22.9,17.4,28.5,19.9,123.0,0.0,0.0,United Kingdom
London,GB,2014-07-19,12:00:00,1405746000,22.1,17.7,26.8,13.4,146.0,7.8,0.0,United Kingdom
London,GB,2014-07-20,12:00:00,1405832400,20.4,16.9,25.2,12.0,304.0,7.0,0.0,United Kingdom
London,GB,2014-07-21,12:00:00,1405918800,20.2,17.1,23.9,14.8,336.0,0.3,0.0,United Kingdom
London,GB,2014-07-22,12:00:00,1406005200,19.7,14.2,24.2,15.9,19.0,0.0,0.0,United Kingdom
London,GB,2014-07-23,12:00:00,1406091600,20.6,15.4,25.8,20.4,48.0,1.4,0.0,United Kingdom
London,GB,2014-07-24,12:00:00,1406178000,21.0,15.6,26.1,17.6,49.0,0.0,0.0,United Kingdom
London,GB,2014-07-25,12:00:00,1406264400,20.3,15.7,25.0,17.1,33.0,1.3,0.0,United Kingdom
London,GB,2014-07-26,12:00:00,1406350800,21.7,15.8,26.1,12.7,348.0,0.0,0.0,United Kingdom
London,GB,2014-07-27,12:00:00,1406437200,20.9,17.4,24.4,15.2,318.0,0.0,0.0,United Kingdom
London,GB,2014-07-28,12:00:00,1406523600,18.1,15.1,21.8,14.1,12.0,11.8,0.0,United Kingdom
London,GB,2014-07-29,12:00:00,1406610000,20.0,15.4,24.9,16.6,341.0,0.0,0.0,United Kingdom
London,GB,2014-07-30,12:00:00,1406696400,19.0,14.3,23.3,14.0,313.0,0.0,0.0,United Kingdom
London,GB,2014-07-31,12:00:00,1406782800,19.1,13.0,24.1,15.3,249.0,0.0,0.0,United Kingdom
London,GB,2014-08-01,12:00:00,1406869200,18.9,14.5,22.3,18.6,207.0,0.2,0.0,United Kingdom
London,GB,2014-08-02,12:00:00,1406955600,18.0,15.3,21.0,21.6,190.0,3.1,0.0,United Kingdom
London,GB,2014-08-03,12:00:00,1407042000,17.1,11.1,21.4,19.9,218.0,0.0,0.0,United Kingdom
London,GB,2014-08-04,12:00:00,1407128400,17.5,12.3,21.4,12.3,239.0,0.1,0.0,United Kingdom
London,GB,2014-08-05,12:00:00,1407214800,18.0,12.1,22.6,20.1,202.0,0.1,0.0,United Kingdom
London,GB,2014-08-06,12:00:00,1407301200,19.7,16.2,24.1,18.5,235.0,8.0,0.0,United Kingdom
London,GB,2014-08-07,12:00:00,1407387600,18.9,14.1,22.7,9.7,286.0,0.6,0.0,United Kingdom
London,GB,2014-08-08,12:00:00,1407474000,18.1,16.0,21.3,17.6,142.0,16.8,0.0,United Kingdom
London,GB,2014-08-09,12:00:00,1407560400,17.4,13.8,21.0,21.5,240.0,8.7,0.0,United Kingdom
London,GB,2014-08-10,12:00:00,1407646800,16.7,14.0,19.7,34.0,210.0,15.7,0.0,United Kingdom
London,GB,2014-08-11,12:00:00,1407733200,15.7,12.6,19.5,28.9,239.0,2.8,0.0,United Kingdom
London,GB,2014-08-12,12:00:00,1407819600,15.4,12.6,18.0,25.5,238.0,0.8,0.0,United Kingdom
London,GB,2014-08-13,12:00:00,1407906000,16.2,11.6,19.9,19.7,264.0,0.6,0.0,United Kingdom
London,GB,2014-08-14,12:00:00,1407992400,15.1,11.8,18.3,15.3,257.0,12.5,0.0,United Kingdom
London,GB,2014-08-15,12:00:00,1408078800,15.0,10.9,19.2,15.3,324.0,1.0,0.0,United Kingdom
London,GB,2014-08-16,12:00:00,1408165200,15.2,11.3,18.7,22.0,270.0,0.0,0.0,United Kingdom
London,GB,2014-08-17,12:00:00,1408251600,15.3,13.4,18.1,27.9,255.0,0.5,0.0,United Kingdom
London,GB,2014-08-18,12:00:00,1408338000,14.6,10.9,18.7,22.1,285.0,0.5,0.0,United Kingdom
London,GB,2014-08-19,12:00:00,1408424400,13.1,10.0,16.9,19.9,287.0,0.6,0.0,United Kingdom
London,GB,2014-08-20,12:00:00,1408510800,12.9,8.0,16.9,15.2,296.0,0.0,0.0,United Kingdom
London,GB,2014-08-21,12:00:00,1408597200,12.9,7.4,16.9,22.7,245.0,0.0,0.0,United Kingdom
London,GB,2014-08-22,12:00:00,1408683600,14.9,12.5,18.2,17.7,270.0,0.1,0.0,United Kingdom
London,GB,2014-08-23,12:00:00,1408770000,13.1,8.3,16.9,17.1,287.0,0.0,0.0,United Kingdom
London,GB,2014-08-24,12:00:00,1408856400,12.9,7.0,17.7,10.5,249.0,0.0,0.0,United Kingdom
London,GB,2014-08-25,12:00:00,1408942800,14.0,10.3,16.0,16.2,159.0,16.2,0.0,United Kingdom
London,GB,2014-08-26,12:00:00,1409029200,15.2,13.8,16.4,19.8,49.0,6.7,0.0,United Kingdom
London,GB,2014-08-27,12:00:00,1409115600,15.9,12.7,18.8,19.5,101.0,0.2,0.0,United Kingdom
London,GB,2014-08-28,12:00:00,1409202000,17.7,14.6,21.3,22.7,209.0,0.6,0.0,United Kingdom
London,GB,2014-08-29,12:00:00,1409288400,16.4,13.2,19.5,27.7,228.0,0.1,0.0,United Kingdom
London,GB,2014-08-30,12:00:00,1409374800,16.8,14.9,18.4,22.8,258.0,0.0,0.0,United Kingdom
London,GB,2014-08-31,12:00:00,1409461200,15.6,12.3,19.3,17.2,292.0,0.1,0.0,United Kingdom
London,GB,2014-09-01,12:00:00,1409547600,14.9,11.2,17.4,15.1,257.0,1.4,0.0,United Kingdom
London,GB,2014-09-02,12:00:00,1409634000,16.3,13.1,20.1,12.6,45.0,0.0,0.0,United Kingdom
London,GB,2014-09-03,12:00:00,1409720400,17.1,13.7,21.4,15.6,72.0,0.1,0.0,United Kingdom
London,GB,2014-09-04,12:00:00,1409806800,17.1,13.3,20.8,14.7,58.0,0.0,0.0,United Kingdom
London,GB,2014-09-05,12:00:00,1409893200,17.0,14.1,19.9,9.8,356.0,0.1,0.0,United Kingdom
London,GB,2014-09-06,12:00:00,1409979600,16.8,13.8,20.6,6.4,302.0,0.2,0.0,United Kingdom
London,GB,2014-09-07,12:00:00,1410066000,15.3,11.6,19.3,9.2,360.0,1.5,0.0,United Kingdom
London,GB,2014-09-08,12:00:00,1410152400,15.2,10.2,19.9,10.0,50.0,0.0,0.0,United Kingdom
London,GB,2014-09-09,12:00:00,1410238800,15.0,10.0,18.9,10.2,102.0,0.0,0.0,United Kingdom
London,GB,2014-09-10,12:00:00,1410325200,14.7,10.4,18.1,12.2,86.0,0.0,0.0,United Kingdom
London,GB,2014-09-11,12:00:00,1410411600,14.3,9.5,18.3,11.8,45.0,0.0,0.0,United Kingdom
London,GB,2014-09-12,12:00:00,1410498000,15.9,11.7,20.4,14.2,63.0,0.0,0.0,United Kingdom
London,GB,2014-09-13,12:00:00,1410584400,15.6,11.8,19.7,17.4,55.0,0.1,0.0,United Kingdom
London,GB,2014-09-14,12:00:00,1410670800,15.9,12.9,19.6,20.7,55.0,0.2,0.0,United Kingdom
London,GB,2014-09-15,12:00:00,1410757200,16.5,13.7,20.2,14.3,53.0,0.0,0.0,United Kingdom
London,GB,2014-09-16,12:00:00,1410843600,17.1,13.6,21.8,13.3,75.0,0.8,0.0,United Kingdom
London,GB,2014-09-17,12:00:00,1410930000,17.1,14.0,21.4,19.5,53.0,0.0,0.0,United Kingdom
London,GB,2014-09-18,12:00:00,1411016400,18.8,15.0,24.1,15.3,61.0,0.0,0.0,United Kingdom
London,GB,2014-09-19,12:00:00,1411102800,17.5,14.0,22.8,8.6,57.0,7.0,0.0,United Kingdom
London,GB,2014-09-20,12:00:00,1411189200,16.8,14.9,19.0,14.2,23.0,0.4,0.0,United Kingdom
London,GB,2014-09-21,12:00:00,1411275600,14.6,11.2,17.2,20.1,9.0,0.0,0.0,United Kingdom
London,GB,2014-09-22,12:00:00,1411362000,12.4,7.0,18.0,10.3,329.0,0.0,0.0,United Kingdom
London,GB,2014-09-23,12:00:00,1411448400,12.8,7.9,17.4,11.1,253.0,0.0,0.0,United Kingdom
London,GB,2014-09-24,12:00:00,1411534800,13.8,11.2,17.3,20.6,286.0,1.2,0.0,United Kingdom
London,GB,2014-09-25,12:00:00,1411621200,13.5,7.1,18.3,19.0,255.0,0.0,0.0,United Kingdom
London,GB,2014-09-26,12:00:00,1411707600,17.0,14.6,20.7,17.6,253.0,0.0,0.0,United Kingdom
London,GB,2014-09-27,12:00:00,1411794000,16.7,12.8,20.9,6.0,121.0,0.0,0.0,United Kingdom
London,GB,2014-09-28,12:00:00,1411880400,17.2,12.5,22.3,10.2,119.0,0.0,0.0,United Kingdom
London,GB,2014-09-29,12:00:00,1411966800,16.5,12.6,20.9,13.8,204.0,0.1,0.0,United Kingdom
London,GB,2014-09-30,12:00:00,1412053200,16.5,13.4,20.7,14.4,225.0,0.0,0.0,United Kingdom
London,GB,2014-10-01,12:00:00,1412139600,17.2,14.1,19.9,16.9,239.0,0.2,0.0,United Kingdom
London,GB,2014-10-02,12:00:00,1412226000,15.9,13.6,19.0,8.4,167.0,1.2,0.0,United Kingdom
London,GB,2014-10-03,12:00:00,1412312400,15.7,12.3,19.6,16.7,206.0,0.0,0.0,United Kingdom
London,GB,2014-10-04,12:00:00,1412398800,13.3,7.5,16.8,20.4,231.0,5.8,0.0,United Kingdom
London,GB,2014-10-05,12:00:00,1412485200,9.8,4.8,14.8,12.3,214.0,0.0,0.0,United Kingdom
London,GB,2014-10-06,12:00:00,1412571600,11.0,8.5,12.6,26.2,165.0,6.4,0.0,United Kingdom
London,GB,2014-10-07,12:00:00,1412658000,10.7,8.4,14.5,26.3,227.0,2.7,0.0,United Kingdom
London,GB,2014-10-08,12:00:00,1412744400,12.5,8.5,16.5,30.9,194.0,4.6,0.0,United Kingdom
London,GB,2014-10-09,12:00:00,1412830800,13.5,12.1,16.2,35.6,211.0,1.7,0.0,United Kingdom
London,GB,2014-10-10,12:00:00,1412917200,12.6,9.2,16.3,20.7,207.0,1.8,0.0,United Kingdom
London,GB,2014-10-11,12:00:00,1413003600,12.3,8.6,15.7,14.8,209.0,1.0,0.0,United Kingdom
London,GB,2014-10-12,12:00:00,1413090000,10.6,6.4,14.8,23.7,53.0,6.6,0.0,United Kingdom
London,GB,2014-10-13,12:00:00,1413176400,12.9,11.9,14.6,28.7,21.0,17.5,0.0,United Kingdom
London,GB,2014-10-14,12:00:00,1413262800,12.6,11.5,14.2,14.1,292.0,0.6,0.0,United Kingdom
London,GB,2014-10-15,12:00:00,1413349200,12.5,10.1,15.2,16.4,132.0,11.2,0.0,United Kingdom
London,GB,2014-10-16,12:00:00,1413435600,13.9,10.6,16.8,18.2,212.0,1.1,0.0,United Kingdom
London,GB,2014-10-17,12:00:00,1413522000,15.3,12.7,18.0,22.5,192.0,2.4,0.0,United Kingdom
London,GB,2014-10-18,12:00:00,1413608400,17.5,15.6,19.3,29.6,195.0,0.0,0.0,United Kingdom
London,GB,2014-10-19,12:00:00,1413694800,16.3,13.7,18.0,27.8,225.0,0.0,0.0,United Kingdom
London,GB,2014-10-20,12:00:00,1413781200,13.8,11.6,15.9,22.1,240.0,0.0,0.0,United Kingdom
London,GB,2014-10-21,12:00:00,1413867600,11.8,8.4,13.7,38.5,269.0,1.3,0.0,United Kingdom
London,GB,2014-10-22,12:00:00,1413954000,10.0,7.4,13.0,26.2,280.0,0.0,0.0,United Kingdom
London,GB,2014-10-23,12:00:00,1414040400,12.7,9.3,15.6,21.2,221.0,0.2,0.0,United Kingdom
London,GB,2014-10-24,12:00:00,1414126800,14.5,13.2,16.7,15.6,225.0,5.7,0.0,United Kingdom
London,GB,2014-10-25,12:00:00,1414213200,11.6,8.3,14.7,19.0,236.0,0.0,0.0,United Kingdom
London,GB,2014-10-26,12:00:00,1414299600,12.0,9.8,15.4,27.0,221.0,0.0,0.0,United Kingdom
London,GB,2014-10-27,12:00:00,1414386000,13.4,10.3,16.9,23.1,197.0,0.0,0.0,United Kingdom
London,GB,2014-10-28,12:00:00,1414472400,13.4,11.4,16.6,20.2,193.0,0.0,0.0,United Kingdom
London,GB,2014-10-29,12:00:00,1414558800,13.4,12.2,15.0,14.8,86.0,3.4,0.0,United Kingdom
London,GB,2014-10-30,12:00:00,1414645200,14.8,13.0,17.4,17.6,184.0,0.7,0.0,United Kingdom
London,GB,2014-10-31,12:00:00,1414731600,15.8,13.1,19.9,18.9,180.0,0.0,0.0,United Kingdom
London,GB,2014-11-01,12:00:00,1414818000,14.9,12.7,16.3,25.3,209.0,0.0,0.0,United Kingdom
London,GB,2014-11-02,12:00:00,1414904400,13.5,10.6,14.7,29.5,206.0,7.9,0.0,United Kingdom
London,GB,2014-11-03,12:00:00,1414990800,9.1,5.7,10.4,26.2,208.0,7.6,0.0,United Kingdom
London,GB,2014-11-04,12:00:00,1415077200,7.5,4.8,11.0,11.8,256.0,3.2,0.0,United Kingdom
London,GB,2014-11-05,12:00:00,1415163600,6.8,4.3,10.1,18.7,331.0,1.6,0.0,United Kingdom
London,GB,2014-11-06,12:00:00,1415250000,6.5,-0.1,11.8,26.7,180.0,0.1,0.0,United Kingdom
London,GB,2014-11-07,12:00:00,1415336400,10.7,8.1,12.3,31.1,201.0,7.3,0.0,United Kingdom
London,GB,2014-11-08,12:00:00,1415422800,10.2,7.3,13.1,32.3,195.0,5.3,0.0,United Kingdom
London,GB,2014-11-09,12:00:00,1415509200,8.6,6.3,11.9,10.4,219.0,2.2,0.0,United Kingdom
London,GB,2014-11-10,12:00:00,1415595600,9.3,6.6,11.7,23.6,184.0,0.6,0.0,United Kingdom
London,GB,2014-11-11,12:00:00,1415682000,10.9,9.3,12.8,25.8,148.0,2.2,0.0,United Kingdom
London,GB,2014-11-12,12:00:00,1415768400,10.9,9.7,12.1,20.9,176.0,1.6,0.0,United Kingdom
London,GB,2014-11-13,12:00:00,1415854800,11.1,9.6,12.8,27.9,153.0,0.3,0.0,United Kingdom
London,GB,2014-11-14,12:00:00,1415941200,10.8,5.9,12.7,25.2,154.0,10.4,0.0,United Kingdom
London,GB,2014-11-15,12:00:00,1416027600,8.6,5.9,12.2,9.7,130.0,0.7,0.0,United Kingdom
London,GB,2014-11-16,12:00:00,1416114000,9.0,7.4,11.0,10.8,58.0,4.0,0.0,United Kingdom
London,GB,2014-11-17,12:00:00,1416200400,8.1,7.3,9.5,16.9,104.0,7.3,0.0,United Kingdom
London,GB,2014-11-18,12:00:00,1416286800,8.2,6.4,11.5,12.6,54.0,0.0,0.0,United Kingdom
London,GB,2014-11-19,12:00:00,1416373200,8.3,6.0,10.7,13.4,101.0,0.0,0.0,United Kingdom
London,GB,2014-11-20,12:00:00,1416459600,8.2,6.3,10.5,13.0,84.0,0.0,0.0,United Kingdom
London,GB,2014-11-21,12:00:00,1416546000,7.9,7.3,8.8,17.6,105.0,4.9,0.0,United Kingdom
London,GB,2014-11-22,12:00:00,1416632400,11.4,8.1,13.5,13.8,173.0,4.6,0.0,United Kingdom
London,GB,2014-11-23,12:00:00,1416718800,8.9,5.7,11.7,17.8,340.0,16.5,0.0,United Kingdom
London,GB,2014-11-24,12:00:00,1416805200,3.1,-0.4,7.2,10.6,338.0,0.0,0.0,United Kingdom
London,GB,2014-11-25,12:00:00,1416891600,5.1,-0.0,8.4,16.9,51.0,4.9,0.0,United Kingdom
London,GB,2014-11-26,12:00:00,1416978000,8.0,7.2,8.9,10.1,63.0,2.3,0.0,United Kingdom
London,GB,2014-11-27,12:00:00,1417064400,9.1,8.3,10.8,12.2,147.0,1.7,0.0,United Kingdom
London,GB,2014-11-28,12:00:00,1417150800,10.1,8.4,11.9,20.8,84.0,0.2,0.0,United Kingdom
London,GB,2014-11-29,12:00:00,1417237200,8.6,5.0,11.4,14.8,98.0,0.8,0.0,United Kingdom
London,GB,2014-11-30,12:00:00,1417323600,8.1,3.9,11.1,18.9,335.0,0.0,0.0,United Kingdom
London,GB,2014-12-01,12:00:00,1417410000,6.7,5.8,9.3,18.3,23.0,0.0,0.0,United Kingdom
London,GB,2014-12-02,12:00:00,1417496400,6.5,5.5,7.5,28.9,356.0,0.0,0.0,United Kingdom
London,GB,2014-12-03,12:00:00,1417582800,6.6,5.6,7.8,26.4,14.0,0.0,0.0,United Kingdom
London,GB,2014-12-04,12:00:00,1417669200,4.1,3.6,5.6,16.1,58.0,0.0,0.0,United Kingdom
London,GB,2014-12-05,12:00:00,1417755600,4.1,1.9,6.0,16.3,306.0,0.0,0.0,United Kingdom
London,GB,2014-12-06,12:00:00,1417842000,1.0,-1.7,4.4,14.1,296.0,0.0,0.0,United Kingdom
London,GB,2014-12-07,12:00:00,1417928400,5.8,1.6,9.5,22.5,249.0,0.4,0.0,United Kingdom
London,GB,2014-12-08,12:00:00,1418014800,3.1,1.4,5.5,21.3,278.0,0.0,0.0,United Kingdom
London,GB,2014-12-09,12:00:00,1418101200,3.6,-2.4,10.5,32.9,227.0,0.2,0.0,United Kingdom
London,GB,2014-12-10,12:00:00,1418187600,7.3,5.0,11.1,33.2,247.0,0.7,0.0,United Kingdom
London,GB,2014-12-11,12:00:00,1418274000,6.3,5.2,7.8,29.9,249.0,0.3,0.0,United Kingdom
London,GB,2014-12-12,12:00:00,1418360400,6.8,2.5,9.7,41.9,244.0,8.7,0.0,United Kingdom
London,GB,2014-12-13,12:00:00,1418446800,1.2,-2.0,4.8,11.3,281.0,0.0,0.0,United Kingdom
London,GB,2014-12-14,12:00:00,1418533200,4.0,-2.0,8.4,24.8,219.0,0.4,0.0,United Kingdom
London,GB,2014-12-15,12:00:00,1418619600,6.0,3.7,8.7,24.8,251.0,1.0,0.0,United Kingdom
London,GB,2014-12-16,12:00:00,1418706000,2.8,-0.2,6.6,14.8,257.0,0.4,0.0,United Kingdom
London,GB,2014-12-17,12:00:00,1418792400,10.0,5.6,11.4,27.9,253.0,10.8,0.0,United Kingdom
London,GB,2014-12-18,12:00:00,1418878800,11.4,10.8,12.0,30.0,242.0,0.0,0.0,United Kingdom
London,GB,2014-12-19,12:00:00,1418965200,9.0,5.1,11.6,30.0,257.0,1.6,0.0,United Kingdom
London,GB,2014-12-20,12:00:00,1419051600,5.8,4.2,8.2,24.8,264.0,0.0,0.0,United Kingdom
London,GB,2014-12-21,12:00:00,1419138000,6.9,2.8,10.6,29.0,237.0,0.0,0.0,United Kingdom
London,GB,2014-12-22,12:00:00,1419224400,10.9,10.4,11.3,32.2,239.0,0.0,0.0,United Kingdom
London,GB,2014-12-23,12:00:00,1419310800,10.4,9.4,11.6,27.7,235.0,0.0,0.0,United Kingdom
London,GB,2014-12-24,12:00:00,1419397200,8.4,4.1,11.6,28.9,259.0,0.6,0.0,United Kingdom
London,GB,2014-12-25,12:00:00,1419483600,3.9,1.4,6.5,17.7,278.0,0.0,0.0,United Kingdom
London,GB,2014-12-26,12:00:00,1419570000,2.3,-0.8,7.5,24.4,203.0,10.3,0.0,United Kingdom
London,GB,2014-12-27,12:00:00,1419656400,3.0,0.8,8.1,41.7,325.0,1.3,0.0,United Kingdom
London,GB,2014-12-28,12:00:00,1419742800,1.7,-2.7,5.1,21.3,9.0,0.0,0.0,United Kingdom
London,GB,2014-12-29,12:00:00,1419829200,-0.2,-2.6,4.0,15.4,308.0,0.0,0.0,United Kingdom
London,GB,2014-12-30,12:00:00,1419915600,-0.5,-3.4,4.0,11.7,265.0,0.0,0.0,United Kingdom
London,GB,2014-12-31,12:00:00,1420002000,1.8,-2.6,5.4,20.5,211.0,0.0,0.0,United Kingdom
London,GB,2015-01-01,12:00:00,1420088400,7.6,4.7,10.8,34.3,209.0,1.0,0.0,United Kingdom
London,GB,2015-01-02,12:00:00,1420174800,7.9,3.0,12.4,33.9,255.0,0.6,0.0,United Kingdom
London,GB,2015-01-03,12:00:00,1420261200,4.0,2.8,5.1,18.4,220.0,11.4,0.0,United Kingdom
London,GB,2015-01-04,12:00:00,1420347600,2.2,-0.3,3.5,9.9,252.0,0.0,0.0,United Kingdom
London,GB,2015-01-05,12:00:00,1420434000,6.4,3.7,9.4,14.3,200.0,0.0,0.0,United Kingdom
London,GB,2015-01-06,12:00:00,1420520400,6.4,1.9,9.9,23.2,225.0,0.2,0.0,United Kingdom
London,GB,2015-01-07,12:00:00,1420606800,5.1,0.6,9.5,30.5,215.0,0.0,0.0,United Kingdom
London,GB,2015-01-08,12:00:00,1420693200,8.5,5.7,10.9,29.1,244.0,13.0,0.0,United Kingdom
London,GB,2015-01-09,12:00:00,1420779600,10.9,6.8,13.8,38.3,244.0,0.3,0.0,United Kingdom
London,GB,2015-01-10,12:00:00,1420866000,9.5,3.5,12.8,40.4,256.0,0.5,0.0,United Kingdom
London,GB,2015-01-11,12:00:00,1420952400,5.2,3.1,7.4,27.0,256.0,0.0,0.0,United Kingdom
London,GB,2015-01-12,12:00:00,1421038800,9.6,7.0,11.1,35.9,228.0,1.9,0.0,United Kingdom
London,GB,2015-01-13,12:00:00,1421125200,7.6,3.8,10.8,31.7,232.0,8.8,0.0,United Kingdom
London,GB,2015-01-14,12:00:00,1421211600,4.2,2.0,7.7,37.4,221.0,1.8,0.0,United Kingdom
London,GB,2015-01-15,12:00:00,1421298000,7.5,4.8,10.2,45.9,220.0,10.8,0.0,United Kingdom
London,GB,2015-01-16,12:00:00,1421384400,3.9,-0.4,6.0,30.1,249.0,0.0,0.0,United Kingdom
London,GB,2015-01-17,12:00:00,1421470800,0.8,-2.9,5.3,17.9,231.0,0.7,0.07,United Kingdom
London,GB,2015-01-18,12:00:00,1421557200,1.2,-1.8,3.1,14.4,328.0,2.9,0.07,United Kingdom
London,GB,2015-01-19,12:00:00,1421643600,0.6,-2.1,3.1,13.0,321.0,0.0,0.0,United Kingdom
London,GB,2015-01-20,12:00:00,1421730000,0.3,-3.3,3.4,18.4,142.0,0.1,0.0,United Kingdom
London,GB,2015-01-21,12:00:00,1421816400,2.5,1.9,3.2,22.1,129.0,0.7,0.0,United Kingdom
London,GB,2015-01-22,12:00:00,1421902800,1.2,-1.6,4.1,12.2,35.0,0.0,0.0,United Kingdom
London,GB,2015-01-23,12:00:00,1421989200,0.7,-2.8,5.6,23.0,206.0,0.9,0.0,United Kingdom
London,GB,2015-01-24,12:00:00,1422075600,4.1,0.8,7.1,24.9,293.0,5.0,0.0,United Kingdom
London,GB,2015-01-25,12:00:00,1422162000,3.0,-1.3,7.9,19.6,255.0,0.0,0.0,United Kingdom
London,GB,2015-01-26,12:00:00,1422248400,7.0,3.4,8.7,19.8,285.0,0.1,0.0,United Kingdom
London,GB,2015-01-27,12:00:00,1422334800,4.7,2.0,7.7,15.9,283.0,0.0,0.0,United Kingdom
London,GB,2015-01-28,12:00:00,1422421200,5.8,2.0,9.4,37.9,248.0,1.1,0.0,United Kingdom
London,GB,2015-01-29,12:00:00,1422507600,2.1,0.2,5.1,27.4,259.0,1.6,0.28,United Kingdom
London,GB,2015-01-30,12:00:00,1422594000,1.9,0.1,5.3,22.0,286.0,0.9,0.42,United Kingdom
London,GB,2015-01-31,12:00:00,1422680400,1.4,-0.9,3.7,28.9,306.0,2.0,0.7,United Kingdom
London,GB,2015-02-01,12:00:00,1422766800,2.1,-0.9,4.4,31.4,318.0,0.4,0.21,United Kingdom
London,GB,2015-02-02,12:00:00,1422853200,-1.1,-3.5,2.4,13.3,307.0,0.0,0.0,United Kingdom
London,GB,2015-02-03,12:00:00,1422939600,0.8,-1.9,4.6,20.8,3.0,1.6,1.33,United Kingdom
London,GB,2015-02-04,12:00:00,1423026000,1.5,-0.8,4.5,21.3,352.0,0.0,0.0,United Kingdom
London,GB,2015-02-05,12:00:00,1423112400,1.5,-0.2,4.5,19.5,13.0,1.1,0.91,United Kingdom
London,GB,2015-02-06,12:00:00,1423198800,1.7,-0.1,4.7,29.8,39.0,0.0,0.0,United Kingdom
London,GB,2015-02-07,12:00:00,1423285200,2.9,-0.1,6.8,19.2,21.0,0.0,0.0,United Kingdom
London,GB,2015-02-08,12:00:00,1423371600,3.5,0.5,6.7,19.1,344.0,0.0,0.0,United Kingdom
London,GB,2015-02-09,12:00:00,1423458000,3.5,0.5,6.6,14.3,323.0,0.0,0.0,United Kingdom
London,GB,2015-02-10,12:00:00,1423544400,3.3,1.0,6.0,8.4,96.0,0.0,0.0,United Kingdom
London,GB,2015-02-11,12:00:00,1423630800,3.6,1.7,5.6,7.3,112.0,0.0,0.0,United Kingdom
London,GB,2015-02-12,12:00:00,1423717200,2.9,1.3,4.4,9.4,168.0,0.0,0.0,United Kingdom
London,GB,2015-02-13,12:00:00,1423803600,5.4,0.4,8.0,33.2,169.0,4.0,0.0,United Kingdom
London,GB,2015-02-14,12:00:00,1423890000,5.9,3.8,7.8,16.1,92.0,5.5,0.0,United Kingdom
London,GB,2015-02-15,12:00:00,1423976400,5.7,3.6,8.9,12.7,49.0,0.0,0.0,United Kingdom
London,GB,2015-02-16,12:00:00,1424062800,5.3,2.2,8.6,20.7,197.0,7.3,0.0,United Kingdom
London,GB,2015-02-17,12:00:00,1424149200,3.9,0.7,8.0,18.6,312.0,0.0,0.0,United Kingdom
London,GB,2015-02-18,12:00:00,1424235600,3.3,-1.5,8.6,19.1,220.0,0.0,0.0,United Kingdom
London,GB,2015-02-19,12:00:00,1424322000,5.6,3.3,8.1,29.9,207.0,7.2,0.0,United Kingdom
London,GB,2015-02-20,12:00:00,1424408400,5.6,1.4,7.0,16.4,266.0,3.1,0.0,United Kingdom
London,GB,2015-02-21,12:00:00,1424494800,2.2,-0.7,6.3,20.0,291.0,0.6,0.0,United Kingdom
London,GB,2015-02-22,12:00:00,1424581200,2.6,-2.8,8.1,34.2,209.0,6.7,0.0,United Kingdom
London,GB,2015-02-23,12:00:00,1424667600,5.3,3.0,8.9,31.2,236.0,0.8,0.0,United Kingdom
London,GB,2015-02-24,12:00:00,1424754000,5.3,3.0,8.4,31.3,261.0,0.0,0.0,United Kingdom
London,GB,2015-02-25,12:00:00,1424840400,6.4,2.7,10.0,14.9,242.0,0.3,0.0,United Kingdom
London,GB,2015-02-26,12:00:00,1424926800,8.4,4.1,10.5,23.0,248.0,3.8,0.0,United Kingdom
London,GB,2015-02-27,12:00:00,1425013200,3.9,-0.2,8.2,15.8,272.0,0.0,0.0,United Kingdom
London,GB,2015-02-28,12:00:00,1425099600,6.7,2.9,9.4,30.8,198.0,2.3,0.0,United Kingdom
London,GB,2015-03-01,12:00:00,1425186000,8.1,4.4,10.7,31.7,246.0,1.3,0.0,United Kingdom
London,GB,2015-03-02,12:00:00,1425272400,4.4,2.2,7.9,34.2,256.0,0.0,0.0,United Kingdom
London,GB,2015-03-03,12:00:00,1425358800,4.4,1.7,8.0,26.2,248.0,0.8,0.0,United Kingdom
London,GB,2015-03-04,12:00:00,1425445200,4.5,1.1,9.0,24.7,289.0,0.1,0.0,United Kingdom
London,GB,2015-03-05,12:00:00,1425531600,4.3,-1.8,10.0,17.1,262.0,0.0,0.0,United Kingdom
London,GB,2015-03-06,12:00:00,1425618000,5.4,1.8,10.0,22.0,218.0,0.0,0.0,United Kingdom
London,GB,2015-03-07,12:00:00,1425704400,8.4,5.0,13.1,23.6,214.0,0.0,0.0,United Kingdom
London,GB,2015-03-08,12:00:00,1425790800,8.4,5.4,11.7,20.3,239.0,0.0,0.0,United Kingdom
London,GB,2015-03-09,12:00:00,1425877200,6.9,0.2,10.3,23.8,194.0,0.2,0.0,United Kingdom
London,GB,2015-03-10,12:00:00,1425963600,7.1,3.0,10.5,16.4,321.0,0.0,0.0,United Kingdom
London,GB,2015-03-11,12:00:00,1426050000,6.0,0.4,11.7,18.7,146.0,0.0,0.0,United Kingdom
London,GB,2015-03-12,12:00:00,1426136400,7.6,3.7,11.8,20.0,138.0,0.0,0.0,United Kingdom
London,GB,2015-03-13,12:00:00,1426222800,7.1,3.4,10.3,19.7,83.0,0.0,0.0,United Kingdom
London,GB,2015-03-14,12:00:00,1426309200,4.9,2.2,7.5,22.7,34.0,0.0,0.0,United Kingdom
London,GB,2015-03-15,12:00:00,1426395600,5.6,4.3,7.6,23.7,50.0,0.7,0.0,United Kingdom
London,GB,2015-03-16,12:00:00,1426482000,5.4,3.3,7.9,13.9,68.0,2.3,0.0,United Kingdom
London,GB,2015-03-17,12:00:00,1426568400,6.4,2.5,10.8,11.5,51.0,1.9,0.0,United Kingdom
London,GB,2015-03-18,12:00:00,1426654800,5.8,2.4,10.2,16.9,16.0,0.0,0.0,United Kingdom
London,GB,2015-03-19,12:00:00,1426741200,6.1,4.2,8.8,21.7,16.0,0.0,0.0,United Kingdom
London,GB,2015-03-20,12:00:00,1426827600,6.3,3.4,11.2,14.6,9.0,0.0,0.0,United Kingdom
London,GB,2015-03-21,12:00:00,1426914000,6.5,4.8,7.7,24.3,2.0,0.0,0.0,United Kingdom
London,GB,2015-03-22,12:00:00,1427000400,4.8,1.3,7.3,16.9,48.0,0.0,0.0,United Kingdom
London,GB,2015-03-23,12:00:00,1427086800,4.9,-0.8,9.3,15.0,246.0,0.2,0.0,United Kingdom
London,GB,2015-03-24,12:00:00,1427173200,6.0,2.4,9.1,14.5,320.0,2.9,0.0,United Kingdom
London,GB,2015-03-25,12:00:00,1427259600,4.2,-1.3,9.0,10.8,334.0,0.7,0.0,United Kingdom
London,GB,2015-03-26,12:00:00,1427346000,6.6,1.8,11.7,26.3,249.0,6.1,0.0,United Kingdom
London,GB,2015-03-27,12:00:00,1427432400,6.8,2.1,10.9,18.4,262.0,0.0,0.0,United Kingdom
London,GB,2015-03-28,12:00:00,1427518800,9.9,5.9,12.6,32.1,223.0,0.0,0.0,United Kingdom
London,GB,2015-03-29,12:00:00,1427605200,10.1,8.1,12.1,42.6,253.0,3.1,0.0,United Kingdom
London,GB,2015-03-30,12:00:00,1427691600,7.9,4.3,10.8,33.5,259.0,0.0,0.0,United Kingdom
London,GB,2015-03-31,12:00:00,1427778000,9.7,5.6,11.5,42.2,276.0,1.1,0.0,United Kingdom
London,GB,2015-04-01,12:00:00,1427864400,6.6,3.4,9.6,28.5,276.0,1.6,0.0,United Kingdom
London,GB,2015-04-02,12:00:00,1427950800,7.8,5.6,9.6,28.6,285.0,2.4,0.0,United Kingdom
London,GB,2015-04-03,12:00:00,1428037200,8.6,6.2,11.5,14.6,171.0,4.8,0.0,United Kingdom
London,GB,2015-04-04,12:00:00,1428123600,7.6,5.5,8.3,25.8,9.0,0.2,0.0,United Kingdom
London,GB,2015-04-05,12:00:00,1428210000,7.4,4.3,10.4,7.9,76.0,0.0,0.0,United Kingdom
London,GB,2015-04-06,12:00:00,1428296400,7.8,1.8,14.1,19.1,9.0,0.0,0.0,United Kingdom
London,GB,2015-04-07,12:00:00,1428382800,9.0,3.0,15.1,7.6,244.0,0.0,0.0,United Kingdom
London,GB,2015-04-08,12:00:00,1428469200,9.8,4.6,15.4,8.5,135.0,0.0,0.0,United Kingdom
London,GB,2015-04-09,12:00:00,1428555600,10.0,5.2,15.3,7.9,112.0,0.0,0.0,United Kingdom
London,GB,2015-04-10,12:00:00,1428642000,11.0,3.1,18.7,15.1,157.0,0.1,0.0,United Kingdom
London,GB,2015-04-11,12:00:00,1428728400,9.4,5.6,12.3,25.5,247.0,1.3,0.0,United Kingdom
London,GB,2015-04-12,12:00:00,1428814800,9.0,1.7,15.0,28.9,226.0,0.2,0.0,United Kingdom
London,GB,2015-04-13,12:00:00,1428901200,10.1,4.7,15.3,13.9,216.0,0.0,0.0,United Kingdom
London,GB,2015-04-14,12:00:00,1428987600,12.1,5.6,19.2,18.7,233.0,0.0,0.0,United Kingdom
London,GB,2015-04-15,12:00:00,1429074000,14.3,5.9,21.8,15.1,254.0,0.0,0.0,United Kingdom
London,GB,2015-04-16,12:00:00,1429160400,10.8,7.0,15.4,18.9,70.0,0.0,0.0,United Kingdom
London,GB,2015-04-17,12:00:00,1429246800,9.2,6.2,12.4,22.0,65.0,0.0,0.0,United Kingdom
London,GB,2015-04-18,12:00:00,1429333200,8.6,4.7,13.0,24.1,62.0,0.0,0.0,United Kingdom
London,GB,2015-04-19,12:00:00,1429419600,7.2,2.5,10.8,18.8,36.0,0.0,0.0,United Kingdom
London,GB,2015-04-20,12:00:00,1429506000,9.4,2.5,16.3,16.4,59.0,0.0,0.0,United Kingdom
London,GB,2015-04-21,12:00:00,1429592400,9.5,2.8,16.0,17.5,45.0,0.0,0.0,United Kingdom
London,GB,2015-04-22,12:00:00,1429678800,9.2,4.1,13.6,23.1,58.0,0.0,0.0,United Kingdom
London,GB,2015-04-23,12:00:00,1429765200,9.5,6.3,14.2,11.2,86.0,0.0,0.0,United Kingdom
London,GB,2015-04-24,12:00:00,1429851600,10.6,3.3,16.7,18.7,222.0,0.3,0.0,United Kingdom
London,GB,2015-04-25,12:00:00,1429938000,12.5,10.2,17.0,22.6,226.0,4.9,0.0,United Kingdom
London,GB,2015-04-26,12:00:00,1430024400,9.1,5.6,10.7,15.1,19.0,3.8,0.0,United Kingdom
London,GB,2015-04-27,12:00:00,1430110800,7.6,2.5,11.7,17.2,322.0,0.2,0.0,United Kingdom
London,GB,2015-04-28,12:00:00,1430197200,7.9,3.1,12.4,21.7,256.0,0.0,0.0,United Kingdom
London,GB,2015-04-29,12:00:00,1430283600,8.9,6.2,12.5,29.6,225.0,4.1,0.0,United Kingdom
London,GB,2015-04-30,12:00:00,1430370000,8.8,4.2,13.6,22.8,259.0,0.7,0.0,United Kingdom
London,GB,2015-05-01,12:00:00,1430456400,7.8,4.5,11.5,22.7,67.0,0.0,0.0,United Kingdom
London,GB,2015-05-02,12:00:00,1430542800,8.6,3.0,12.4,19.5,94.0,0.0,0.0,United Kingdom
London,GB,2015-05-03,12:00:00,1430629200,12.9,10.2,17.4,27.8,194.0,6.5,0.0,United Kingdom
London,GB,2015-05-04,12:00:00,1430715600,13.6,11.4,17.1,25.3,205.0,3.7,0.0,United Kingdom
London,GB,2015-05-05,12:00:00,1430802000,13.3,10.4,15.0,44.3,211.0,5.5,0.0,United Kingdom
London,GB,2015-05-06,12:00:00,1430888400,11.3,8.9,14.0,39.7,222.0,4.3,0.0,United Kingdom
London,GB,2015-05-07,12:00:00,1430974800,11.4,7.5,15.0,20.8,234.0,1.0,0.0,United Kingdom
London,GB,2015-05-08,12:00:00,1431061200,11.9,7.1,15.4,21.3,170.0,2.1,0.0,United Kingdom
London,GB,2015-05-09,12:00:00,1431147600,12.9,10.0,15.7,30.6,246.0,0.2,0.0,United Kingdom
London,GB,2015-05-10,12:00:00,1431234000,12.1,5.9,16.6,21.3,205.0,0.0,0.0,United Kingdom
London,GB,2015-05-11,12:00:00,1431320400,15.3,11.4,19.8,22.1,217.0,0.0,0.0,United Kingdom
London,GB,2015-05-12,12:00:00,1431406800,12.6,9.6,15.8,27.5,258.0,0.0,0.0,United Kingdom
London,GB,2015-05-13,12:00:00,1431493200,11.6,4.6,17.3,14.8,26.0,0.0,0.0,United Kingdom
London,GB,2015-05-14,12:00:00,1431579600,9.0,7.3,9.9,23.6,79.0,11.9,0.0,United Kingdom
London,GB,2015-05-15,12:00:00,1431666000,10.9,7.2,14.9,17.8,338.0,0.1,0.0,United Kingdom
London,GB,2015-05-16,12:00:00,1431752400,12.9,9.7,15.2,19.0,280.0,0.1,0.0,United Kingdom
London,GB,2015-05-17,12:00:00,1431838800,11.8,6.3,16.5,19.4,260.0,0.0,0.0,United Kingdom
London,GB,2015-05-18,12:00:00,1431925200,11.0,8.5,14.4,37.7,233.0,4.9,0.0,United Kingdom
London,GB,2015-05-19,12:00:00,1432011600,9.7,6.9,13.4,26.0,255.0,1.5,0.0,United Kingdom
London,GB,2015-05-20,12:00:00,1432098000,10.0,4.9,14.2,20.6,299.0,1.1,0.0,United Kingdom
London,GB,2015-05-21,12:00:00,1432184400,12.1,4.9,17.4,16.5,259.0,0.0,0.0,United Kingdom
London,GB,2015-05-22,12:00:00,1432270800,12.8,6.5,17.2,12.8,258.0,0.0,0.0,United Kingdom
London,GB,2015-05-23,12:00:00,1432357200,13.4,11.4,15.4,12.9,34.0,0.2,0.0,United Kingdom
London,GB,2015-05-24,12:00:00,1432443600,13.7,10.2,17.8,15.3,252.0,1.1,0.0,United Kingdom
London,GB,2015-05-25,12:00:00,1432530000,11.7,7.5,14.1,16.4,327.0,0.0,0.0,United Kingdom
London,GB,2015-05-26,12:00:00,1432616400,13.3,9.9,16.8,16.9,323.0,0.0,0.0,United Kingdom
London,GB,2015-05-27,12:00:00,1432702800,12.3,5.5,18.2,21.3,262.0,1.6,0.0,United Kingdom
London,GB,2015-05-28,12:00:00,1432789200,13.4,10.8,16.2,21.2,262.0,0.1,0.0,United Kingdom
London,GB,2015-05-29,12:00:00,1432875600,10.8,8.0,14.0,32.4,250.0,5.6,0.0,United Kingdom
London,GB,2015-05-30,12:00:00,1432962000,11.2,5.7,15.7,17.9,246.0,0.0,0.0,United Kingdom
London,GB,2015-05-31,12:00:00,1433048400,12.3,9.6,14.5,26.3,229.0,1.7,0.0,United Kingdom
London,GB,2015-06-01,12:00:00,1433134800,10.8,7.3,14.1,33.0,217.0,2.6,0.0,United Kingdom
London,GB,2015-06-02,12:00:00,1433221200,14.1,11.0,17.2,40.2,221.0,1.1,0.0,United Kingdom
London,GB,2015-06-03,12:00:00,1433307600,14.2,11.3,17.1,21.5,256.0,0.0,0.0,United Kingdom
London,GB,2015-06-04,12:00:00,1433394000,15.1,8.7,20.5,14.3,126.0,0.0,0.0,United Kingdom
London,GB,2015-06-05,12:00:00,1433480400,17.9,12.5,22.9,20.5,214.0,2.1,0.0,United Kingdom
London,GB,2015-06-06,12:00:00,1433566800,13.2,8.3,17.4,25.0,255.0,0.0,0.0,United Kingdom
London,GB,2015-06-07,12:00:00,1433653200,13.5,6.6,18.3,12.1,334.0,0.0,0.0,United Kingdom
London,GB,2015-06-08,12:00:00,1433739600,12.8,8.6,16.4,20.0,33.0,0.0,0.0,United Kingdom
London,GB,2015-06-09,12:00:00,1433826000,11.2,7.5,14.2,25.9,36.0,0.0,0.0,United Kingdom
London,GB,2015-06-10,12:00:00,1433912400,12.7,9.3,16.3,23.2,49.0,0.0,0.0,United Kingdom
London,GB,2015-06-11,12:00:00,1433998800,15.8,9.8,21.4,23.2,65.0,0.0,0.0,United Kingdom
London,GB,2015-06-12,12:00:00,1434085200,17.7,12.8,23.6,15.8,54.0,6.3,0.0,United Kingdom
London,GB,2015-06-13,12:00:00,1434171600,15.8,14.3,17.4,21.0,248.0,1.8,0.0,United Kingdom
London,GB,2015-06-14,12:00:00,1434258000,15.0,12.6,18.4,16.2,336.0,0.0,0.0,United Kingdom
London,GB,2015-06-15,12:00:00,1434344400,13.2,10.6,16.4,17.0,50.0,0.0,0.0,United Kingdom
London,GB,2015-06-16,12:00:00,1434430800,15.2,9.3,20.3,10.8,214.0,0.0,0.0,United Kingdom
London,GB,2015-06-17,12:00:00,1434517200,17.2,11.3,22.3,25.2,264.0,0.0,0.0,United Kingdom
London,GB,2015-06-18,12:00:00,1434603600,16.4,12.8,19.8,16.1,321.0,1.0,0.0,United Kingdom
London,GB,2015-06-19,12:00:00,1434690000,14.7,10.1,18.6,17.6,318.0,0.0,0.0,United Kingdom
London,GB,2015-06-20,12:00:00,1434776400,14.5,11.1,17.1,13.0,263.0,3.5,0.0,United Kingdom
London,GB,2015-06-21,12:00:00,1434862800,15.7,13.3,18.9,20.2,268.0,0.0,0.0,United Kingdom
London,GB,2015-06-22,12:00:00,1434949200,13.6,11.5,16.7,25.2,291.0,5.4,0.0,United Kingdom
London,GB,2015-06-23,12:00:00,1435035600,15.1,10.8,19.0,17.2,329.0,0.0,0.0,United Kingdom
London,GB,2015-06-24,12:00:00,1435122000,17.0,12.8,21.4,17.1,224.0,0.0,0.0,United Kingdom
London,GB,2015-06-25,12:00:00,1435208400,17.7,11.1,23.2,12.8,224.0,0.0,0.0,United Kingdom
London,GB,2015-06-26,12:00:00,1435294800,17.8,11.9,23.2,21.5,225.0,1.7,0.0,United Kingdom
London,GB,2015-06-27,12:00:00,1435381200,18.4,12.3,23.0,17.3,274.0,0.0,0.0,United Kingdom
London,GB,2015-06-28,12:00:00,1435467600,17.4,14.6,20.2,18.6,223.0,1.5,0.0,United Kingdom
London,GB,2015-06-29,12:00:00,1435554000,18.0,12.2,23.2,12.6,239.0,0.0,0.0,United Kingdom
London,GB,2015-06-30,12:00:00,1435640400,19.8,11.2,27.0,16.9,135.0,0.0,0.0,United Kingdom
London,GB,2015-07-01,12:00:00,1435726800,25.7,18.7,32.5,19.5,144.0,0.0,0.0,United Kingdom
London,GB,2015-07-02,12:00:00,1435813200,19.9,17.1,22.1,20.1,238.0,0.9,0.0,United Kingdom
London,GB,2015-07-03,12:00:00,1435899600,18.7,11.8,25.0,21.0,69.0,2.9,0.0,United Kingdom
London,GB,2015-07-04,12:00:00,1435986000,21.1,17.5,24.6,20.4,209.0,5.7,0.0,United Kingdom
London,GB,2015-07-05,12:00:00,1436072400,17.4,14.3,21.4,22.6,241.0,4.0,0.0,United Kingdom
London,GB,2015-07-06,12:00:00,1436158800,17.0,11.5,21.3,18.8,211.0,0.0,0.0,United Kingdom
London,GB,2015-07-07,12:00:00,1436245200,17.1,13.0,20.9,26.6,232.0,1.1,0.0,United Kingdom
London,GB,2015-07-08,12:00:00,1436331600,16.3,13.8,18.3,25.8,273.0,0.7,0.0,United Kingdom
London,GB,2015-07-09,12:00:00,1436418000,15.9,11.2,19.8,15.2,295.0,0.0,0.0,United Kingdom
London,GB,2015-07-10,12:00:00,1436504400,18.2,11.7,23.4,15.9,173.0,0.0,0.0,United Kingdom
London,GB,2015-07-11,12:00:00,1436590800,19.3,13.7,23.5,20.4,272.0,0.0,0.0,United Kingdom
London,GB,2015-07-12,12:00:00,1436677200,17.4,15.0,20.2,23.7,230.0,2.3,0.0,United Kingdom
London,GB,2015-07-13,12:00:00,1436763600,17.7,15.4,21.1,22.4,234.0,1.2,0.0,United Kingdom
London,GB,2015-07-14,12:00:00,1436850000,18.5,16.5,21.3,17.4,250.0,1.1,0.0,United Kingdom
London,GB,2015-07-15,12:00:00,1436936400,17.9,17.0,20.2,11.8,288.0,1.3,0.0,United Kingdom
London,GB,2015-07-16,12:00:00,1437022800,18.5,15.3,22.9,19.5,85.0,1.3,0.0,United Kingdom
London,GB,2015-07-17,12:00:00,1437109200,18.9,15.8,22.0,26.0,235.0,2.3,0.0,United Kingdom
London,GB,2015-07-18,12:00:00,1437195600,17.1,11.8,21.7,14.2,239.0,0.0,0.0,United Kingdom
London,GB,2015-07-19,12:00:00,1437282000,17.9,13.9,22.3,26.2,243.0,2.8,0.0,United Kingdom
London,GB,2015-07-20,12:00:00,1437368400,17.5,12.2,22.3,25.5,208.0,0.2,0.0,United Kingdom
London,GB,2015-07-21,12:00:00,1437454800,19.1,14.1,23.5,23.2,231.0,0.0,0.0,United Kingdom
London,GB,2015-07-22,12:00:00,1437541200,17.9,13.5,21.5,22.7,248.0,0.0,0.0,United Kingdom
London,GB,2015-07-23,12:00:00,1437627600,16.7,11.8,20.3,14.1,260.0,0.1,0.0,United Kingdom
London,GB,2015-07-24,12:00:00,1437714000,14.9,13.2,16.8,22.0,37.0,22.6,0.0,United Kingdom
London,GB,2015-07-25,12:00:00,1437800400,15.1,11.5,18.3,27.4,310.0,11.7,0.0,United Kingdom
London,GB,2015-07-26,12:00:00,1437886800,14.0,11.6,16.7,24.7,191.0,11.2,0.0,United Kingdom
London,GB,2015-07-27,12:00:00,1437973200,16.4,14.2,19.3,30.0,248.0,0.4,0.0,United Kingdom
London,GB,2015-07-28,12:00:00,1438059600,15.4,13.3,17.7,29.3,260.0,0.7,0.0,United Kingdom
London,GB,2015-07-29,12:00:00,1438146000,13.9,10.0,17.2,20.0,281.0,0.1,0.0,United Kingdom
London,GB,2015-07-30,12:00:00,1438232400,13.8,9.6,16.9,17.6,313.0,0.0,0.0,United Kingdom
London,GB,2015-07-31,12:00:00,1438318800,14.8,8.9,19.0,9.8,189.0,0.0,0.0,United Kingdom
London,GB,2015-08-01,12:00:00,1438405200,14.9,8.3,20.0,17.6,240.0,0.0,0.0,United Kingdom
London,GB,2015-08-02,12:00:00,1438491600,17.3,10.4,23.5,17.9,158.0,0.0,0.0,United Kingdom
London,GB,2015-08-03,12:00:00,1438578000,19.0,15.1,22.2,27.4,202.0,0.1,0.0,United Kingdom
London,GB,2015-08-04,12:00:00,1438664400,17.2,13.3,20.0,26.4,227.0,0.0,0.0,United Kingdom
London,GB,2015-08-05,12:00:00,1438750800,17.1,13.4,21.8,15.5,181.0,0.4,0.0,United Kingdom
London,GB,2015-08-06,12:00:00,1438837200,17.7,14.1,21.2,21.1,214.0,0.1,0.0,United Kingdom
London,GB,2015-08-07,12:00:00,1438923600,17.5,11.2,22.3,13.8,0.0,0.0,0.0,United Kingdom
London,GB,2015-08-08,12:00:00,1439010000,18.6,13.2,23.2,13.1,134.0,0.0,0.0,United Kingdom
London,GB,2015-08-09,12:00:00,1439096400,18.2,11.1,23.6,15.7,229.0,0.0,0.0,United Kingdom
London,GB,2015-08-10,12:00:00,1439182800,18.4,15.7,21.1,22.7,224.0,2.0,0.0,United Kingdom
London,GB,2015-08-11,12:00:00,1439269200,16.2,12.9,18.8,9.2,340.0,1.5,0.0,United Kingdom
London,GB,2015-08-12,12:00:00,1439355600,17.4,14.6,21.0,18.5,56.0,3.6,0.0,United Kingdom
London,GB,2015-08-13,12:00:00,1439442000,18.3,15.1,22.8,26.1,52.0,21.1,0.0,United Kingdom
London,GB,2015-08-14,12:00:00,1439528400,18.3,15.8,21.2,18.5,248.0,11.6,0.0,United Kingdom
London,GB,2015-08-15,12:00:00,1439614800,16.6,14.3,19.7,13.6,308.0,0.0,0.0,United Kingdom
London,GB,2015-08-16,12:00:00,1439701200,15.3,11.8,18.3,8.1,41.0,0.3,0.0,United Kingdom
London,GB,2015-08-17,12:00:00,1439787600,16.2,11.5,19.8,12.1,358.0,0.0,0.0,United Kingdom
London,GB,2015-08-18,12:00:00,1439874000,15.8,13.0,18.8,15.5,264.0,1.7,0.0,United Kingdom
London,GB,2015-08-19,12:00:00,1439960400,15.9,12.6,19.9,19.5,207.0,5.7,0.0,United Kingdom
London,GB,2015-08-20,12:00:00,1440046800,17.5,14.3,20.2,17.6,199.0,1.5,0.0,United Kingdom
London,GB,2015-08-21,12:00:00,1440133200,19.8,16.5,24.0,20.4,192.0,0.1,0.0,United Kingdom
London,GB,2015-08-22,12:00:00,1440219600,20.8,14.1,27.5,18.1,126.0,0.0,0.0,United Kingdom
London,GB,2015-08-23,12:00:00,1440306000,18.6,14.0,21.9,20.2,154.0,3.8,0.0,United Kingdom
London,GB,2015-08-24,12:00:00,1440392400,14.5,12.0,16.3,18.2,21.0,20.1,0.0,United Kingdom
London,GB,2015-08-25,12:00:00,1440478800,14.8,11.0,17.8,24.2,216.0,5.9,0.0,United Kingdom
London,GB,2015-08-26,12:00:00,1440565200,16.5,13.9,18.0,33.3,204.0,8.3,0.0,United Kingdom
London,GB,2015-08-27,12:00:00,1440651600,15.3,13.0,18.9,21.1,222.0,0.8,0.0,United Kingdom
London,GB,2015-08-28,12:00:00,1440738000,14.9,9.8,19.2,19.4,222.0,0.0,0.0,United Kingdom
London,GB,2015-08-29,12:00:00,1440824400,16.6,13.2,21.3,11.9,187.0,1.7,0.0,United Kingdom
London,GB,2015-08-30,12:00:00,1440910800,16.9,14.1,20.3,14.8,34.0,1.5,0.0,United Kingdom
London,GB,2015-08-31,12:00:00,1440997200,15.0,13.8,17.2,20.2,2.0,15.2,0.0,United Kingdom
London,GB,2015-09-01,12:00:00,1441083600,14.6,12.4,17.6,12.1,322.0,2.4,0.0,United Kingdom
London,GB,2015-09-02,12:00:00,1441170000,13.2,8.9,17.1,12.0,306.0,1.1,0.0,United Kingdom
London,GB,2015-09-03,12:00:00,1441256400,12.6,9.0,16.1,15.6,296.0,0.3,0.0,United Kingdom
London,GB,2015-09-04,12:00:00,1441342800,13.4,10.6,16.2,16.9,313.0,0.5,0.0,United Kingdom
London,GB,2015-09-05,12:00:00,1441429200,12.6,10.9,14.8,15.8,339.0,0.0,0.0,United Kingdom
London,GB,2015-09-06,12:00:00,1441515600,12.4,6.9,17.2,12.0,309.0,0.0,0.0,United Kingdom
London,GB,2015-09-07,12:00:00,1441602000,13.3,7.9,17.9,16.0,0.0,0.0,0.0,United Kingdom
London,GB,2015-09-08,12:00:00,1441688400,12.9,8.3,16.1,13.0,44.0,0.0,0.0,United Kingdom
London,GB,2015-09-09,12:00:00,1441774800,14.7,11.4,18.5,19.1,73.0,0.1,0.0,United Kingdom
London,GB,2015-09-10,12:00:00,1441861200,15.5,12.5,19.5,18.4,79.0,0.0,0.0,United Kingdom
London,GB,2015-09-11,12:00:00,1441947600,15.7,11.2,19.9,16.8,106.0,0.0,0.0,United Kingdom
London,GB,2015-09-12,12:00:00,1442034000,16.4,11.9,19.4,23.3,200.0,2.1,0.0,United Kingdom
London,GB,2015-09-13,12:00:00,1442120400,13.0,10.0,16.0,13.8,123.0,0.8,0.0,United Kingdom
London,GB,2015-09-14,12:00:00,1442206800,13.2,10.7,16.5,29.1,189.0,6.2,0.0,United Kingdom
London,GB,2015-09-15,12:00:00,1442293200,12.9,10.3,17.6,23.0,219.0,4.7,0.0,United Kingdom
London,GB,2015-09-16,12:00:00,1442379600,12.9,10.9,14.6,22.8,51.0,14.5,0.0,United Kingdom
London,GB,2015-09-17,12:00:00,1442466000,13.6,10.0,17.2,19.4,275.0,1.7,0.0,United Kingdom
London,GB,2015-09-18,12:00:00,1442552400,13.7,11.4,16.9,12.9,265.0,3.6,0.0,United Kingdom
London,GB,2015-09-19,12:00:00,1442638800,13.7,10.0,17.5,13.0,355.0,0.0,0.0,United Kingdom
London,GB,2015-09-20,12:00:00,1442725200,14.0,9.3,17.9,14.7,230.0,0.0,0.0,United Kingdom
London,GB,2015-09-21,12:00:00,1442811600,13.1,10.8,15.6,20.7,219.0,5.3,0.0,United Kingdom
London,GB,2015-09-22,12:00:00,1442898000,11.3,9.2,14.4,17.1,302.0,14.6,0.0,United Kingdom
London,GB,2015-09-23,12:00:00,1442984400,12.9,8.8,17.1,20.0,268.0,0.0,0.0,United Kingdom
London,GB,2015-09-24,12:00:00,1443070800,14.6,11.4,16.5,22.6,243.0,1.1,0.0,United Kingdom
London,GB,2015-09-25,12:00:00,1443157200,12.2,7.3,16.1,12.7,282.0,0.0,0.0,United Kingdom
London,GB,2015-09-26,12:00:00,1443243600,12.8,8.6,16.3,10.3,44.0,0.0,0.0,United Kingdom
London,GB,2015-09-27,12:00:00,1443330000,12.5,8.5,16.8,17.0,62.0,0.0,0.0,United Kingdom
London,GB,2015-09-28,12:00:00,1443416400,12.9,9.3,16.5,17.9,79.0,0.0,0.0,United Kingdom
London,GB,2015-09-29,12:00:00,1443502800,13.1,9.7,16.9,20.1,66.0,0.0,0.0,United Kingdom
London,GB,2015-09-30,12:00:00,1443589200,13.2,10.4,16.5,23.2,64.0,0.0,0.0,United Kingdom
London,GB,2015-10-01,12:00:00,1443675600,13.0,10.2,16.1,23.2,56.0,0.0,0.0,United Kingdom
London,GB,2015-10-02,12:00:00,1443762000,11.9,7.1,16.5,13.4,53.0,0.0,0.0,United Kingdom
London,GB,2015-10-03,12:00:00,1443848400,11.3,7.4,15.1,8.7,346.0,0.0,0.0,United Kingdom
London,GB,2015-10-04,12:00:00,1443934800,12.2,7.5,17.3,16.9,164.0,0.0,0.0,United Kingdom
London,GB,2015-10-05,12:00:00,1444021200,14.9,12.7,16.2,21.8,154.0,9.2,0.0,United Kingdom
London,GB,2015-10-06,12:00:00,1444107600,15.5,13.7,17.9,19.4,160.0,13.4,0.0,United Kingdom
London,GB,2015-10-07,12:00:00,1444194000,13.3,11.8,14.2,20.9,267.0,0.1,0.0,United Kingdom
London,GB,2015-10-08,12:00:00,1444280400,12.1,8.4,15.7,10.4,277.0,0.0,0.0,United Kingdom
London,GB,2015-10-09,12:00:00,1444366800,11.5,8.2,15.9,10.2,56.0,0.0,0.0,United Kingdom
London,GB,2015-10-10,12:00:00,1444453200,11.8,8.6,15.2,15.5,61.0,0.0,0.0,United Kingdom
London,GB,2015-10-11,12:00:00,1444539600,11.4,8.8,13.4,17.9,55.0,0.0,0.0,United Kingdom
London,GB,2015-10-12,12:00:00,1444626000,10.0,7.6,12.8,15.7,3.0,0.0,0.0,United Kingdom
London,GB,2015-10-13,12:00:00,1444712400,9.5,6.7,12.5,22.9,8.0,0.0,0.0,United Kingdom
London,GB,2015-10-14,12:00:00,1444798800,9.0,5.4,12.7,23.4,1.0,0.0,0.0,United Kingdom
London,GB,2015-10-15,12:00:00,1444885200,9.6,7.7,11.9,17.7,12.0,0.0,0.0,United Kingdom
London,GB,2015-10-16,12:00:00,1444971600,11.0,9.1,12.5,23.6,3.0,0.0,0.0,United Kingdom
London,GB,2015-10-17,12:00:00,1445058000,10.9,9.4,12.5,22.4,4.0,0.0,0.0,United Kingdom
London,GB,2015-10-18,12:00:00,1445144400,11.7,9.2,14.3,15.0,25.0,0.0,0.0,United Kingdom
London,GB,2015-10-19,12:00:00,1445230800,11.5,9.3,14.0,15.9,11.0,0.0,0.0,United Kingdom
London,GB,2015-10-20,12:00:00,1445317200,10.2,6.3,14.4,12.9,321.0,0.0,0.0,United Kingdom
London,GB,2015-10-21,12:00:00,1445403600,10.7,7.3,13.6,18.6,235.0,8.7,0.0,United Kingdom
London,GB,2015-10-22,12:00:00,1445490000,12.2,7.7,13.9,17.8,273.0,0.0,0.0,United Kingdom
London,GB,2015-10-23,12:00:00,1445576400,10.3,6.4,14.1,13.8,207.0,0.0,0.0,United Kingdom
London,GB,2015-10-24,12:00:00,1445662800,11.6,8.9,14.1,20.3,220.0,2.4,0.0,United Kingdom
London,GB,2015-10-25,12:00:00,1445749200,7.4,3.1,11.5,13.3,241.0,0.0,0.0,United Kingdom
London,GB,2015-10-26,12:00:00,1445835600,10.7,6.2,14.5,20.4,126.0,0.0,0.0,United Kingdom
London,GB,2015-10-27,12:00:00,1445922000,12.6,9.3,17.0,16.5,128.0,3.6,0.0,United Kingdom
London,GB,2015-10-28,12:00:00,1446008400,12.3,9.8,14.6,13.0,214.0,8.7,0.0,United Kingdom
London,GB,2015-10-29,12:00:00,1446094800,12.8,9.7,15.0,28.5,174.0,1.1,0.0,United Kingdom
London,GB,2015-10-30,12:00:00,1446181200,13.8,12.1,14.8,24.2,162.0,4.0,0.0,United Kingdom
London,GB,2015-10-31,12:00:00,1446267600,10.9,8.7,13.8,12.5,132.0,0.0,0.0,United Kingdom
London,GB,2015-11-01,12:00:00,1446354000,9.0,6.6,11.5,7.4,135.0,0.0,0.0,United Kingdom
London,GB,2015-11-02,12:00:00,1446440400,10.2,8.3,14.0,11.2,106.0,0.0,0.0,United Kingdom
London,GB,2015-11-03,12:00:00,1446526800,11.0,7.9,13.9,12.2,124.0,0.5,0.0,United Kingdom
London,GB,2015-11-04,12:00:00,1446613200,11.3,9.1,14.0,13.1,210.0,5.0,0.0,United Kingdom
London,GB,2015-11-05,12:00:00,1446699600,13.8,12.0,15.3,26.0,188.0,4.8,0.0,United Kingdom
London,GB,2015-11-06,12:00:00,1446786000,14.4,12.7,16.0,26.3,212.0,6.0,0.0,United Kingdom
London,GB,2015-11-07,12:00:00,1446872400,14.6,11.5,16.2,36.4,218.0,5.7,0.0,United Kingdom
London,GB,2015-11-08,12:00:00,1446958800,12.1,6.9,15.4,27.9,199.0,0.8,0.0,United Kingdom
London,GB,2015-11-09,12:00:00,1447045200,12.2,9.5,14.4,31.6,233.0,0.5,0.0,United Kingdom
London,GB,2015-11-10,12:00:00,1447131600,14.3,13.3,15.2,26.7,229.0,0.0,0.0,United Kingdom
London,GB,2015-11-11,12:00:00,1447218000,13.4,12.3,15.0,25.6,226.0,0.0,0.0,United Kingdom
London,GB,2015-11-12,12:00:00,1447304400,12.8,9.7,15.1,28.7,210.0,0.0,0.0,United Kingdom
London,GB,2015-11-13,12:00:00,1447390800,10.0,7.2,13.6,28.2,245.0,0.4,0.0,United Kingdom
London,GB,2015-11-14,12:00:00,1447477200,9.4,6.9,13.3,31.8,233.0,4.3,0.0,United Kingdom
London,GB,2015-11-15,12:00:00,1447563600,13.4,12.2,14.5,35.3,238.0,0.0,0.0,United Kingdom
London,GB,2015-11-16,12:00:00,1447650000,12.5,10.9,13.7,30.9,231.0,1.3,0.0,United Kingdom
London,GB,2015-11-17,12:00:00,1447736400,13.0,11.7,15.1,45.9,232.0,6.8,0.0,United Kingdom
London,GB,2015-11-18,12:00:00,1447822800,12.2,9.7,14.3,40.1,240.0,0.7,0.0,United Kingdom
London,GB,2015-11-19,12:00:00,1447909200,10.5,8.7,11.9,32.5,254.0,4.4,0.0,United Kingdom
London,GB,2015-11-20,12:00:00,1447995600,7.3,4.6,8.4,21.6,268.0,0.0,0.0,United Kingdom
London,GB,2015-11-21,12:00:00,1448082000,2.8,-0.0,4.8,37.2,317.0,1.6,0.14,United Kingdom
London,GB,2015-11-22,12:00:00,1448168400,1.1,-2.6,5.5,15.5,326.0,0.0,0.0,United Kingdom
London,GB,2015-11-23,12:00:00,1448254800,2.3,-1.8,5.9,17.4,258.0,0.1,0.0,United Kingdom
London,GB,2015-11-24,12:00:00,1448341200,7.6,6.1,9.2,24.2,251.0,8.2,0.0,United Kingdom
London,GB,2015-11-25,12:00:00,1448427600,6.7,5.4,9.1,21.4,302.0,0.1,0.0,United Kingdom
London,GB,2015-11-26,12:00:00,1448514000,7.0,4.0,10.2,10.4,292.0,0.0,0.0,United Kingdom
London,GB,2015-11-27,12:00:00,1448600400,9.7,7.0,11.9,29.2,229.0,1.3,0.0,United Kingdom
London,GB,2015-11-28,12:00:00,1448686800,5.9,2.2,9.3,31.8,245.0,1.4,0.0,United Kingdom
London,GB,2015-11-29,12:00:00,1448773200,10.5,8.4,12.7,41.1,249.0,0.1,0.0,United Kingdom
London,GB,2015-11-30,12:00:00,1448859600,10.4,6.4,12.9,36.4,247.0,0.7,0.0,United Kingdom
London,GB,2015-12-01,12:00:00,1448946000,11.9,10.6,12.6,23.8,243.0,2.5,0.0,United Kingdom
London,GB,2015-12-02,12:00:00,1449032400,11.4,10.2,12.5,24.9,216.0,0.0,0.0,United Kingdom
London,GB,2015-12-03,12:00:00,1449118800,11.5,10.5,12.6,34.5,196.0,1.7,0.0,United Kingdom
London,GB,2015-12-04,12:00:00,1449205200,9.2,5.3,12.4,31.9,236.0,1.2,0.0,United Kingdom
London,GB,2015-12-05,12:00:00,1449291600,11.1,10.5,11.5,37.9,219.0,0.0,0.0,United Kingdom
London,GB,2015-12-06,12:00:00,1449378000,12.3,10.9,13.1,33.3,219.0,0.1,0.0,United Kingdom
London,GB,2015-12-07,12:00:00,1449464400,11.8,10.2,13.1,21.7,182.0,0.1,0.0,United Kingdom
London,GB,2015-12-08,12:00:00,1449550800,10.6,7.4,12.5,24.2,213.0,4.1,0.0,United Kingdom
London,GB,2015-12-09,12:00:00,1449637200,7.6,4.1,10.8,27.7,222.0,0.0,0.0,United Kingdom
London,GB,2015-12-10,12:00:00,1449723600,10.4,9.8,11.1,28.8,220.0,5.0,0.0,United Kingdom
London,GB,2015-12-11,12:00:00,1449810000,8.4,5.0,9.7,20.8,246.0,1.6,0.0,United Kingdom
London,GB,2015-12-12,12:00:00,1449896400,7.9,3.4,11.8,34.4,223.0,1.0,0.0,United Kingdom
London,GB,2015-12-13,12:00:00,1449982800,8.7,6.1,11.8,29.5,146.0,1.8,0.0,United Kingdom
London,GB,2015-12-14,12:00:00,1450069200,7.9,6.8,9.3,13.9,155.0,2.1,0.0,United Kingdom
London,GB,2015-12-15,12:00:00,1450155600,9.2,6.2,12.8,17.3,153.0,6.1,0.0,United Kingdom
London,GB,2015-12-16,12:00:00,1450242000,12.8,12.3,13.5,23.5,220.0,0.5,0.0,United Kingdom
London,GB,2015-12-17,12:00:00,1450328400,12.7,11.3,14.3,25.4,210.0,1.8,0.0,United Kingdom
London,GB,2015-12-18,12:00:00,1450414800,11.5,11.0,12.6,21.5,214.0,0.2,0.0,United Kingdom
London,GB,2015-12-19,12:00:00,1450501200,13.5,12.0,14.7,27.9,197.0,0.4,0.0,United Kingdom
London,GB,2015-12-20,12:00:00,1450587600,11.9,8.9,13.8,30.6,210.0,0.1,0.0,United Kingdom
London,GB,2015-12-21,12:00:00,1450674000,9.6,7.4,12.8,41.1,222.0,0.6,0.0,United Kingdom
London,GB,2015-12-22,12:00:00,1450760400,12.9,9.5,13.9,38.2,214.0,6.8,0.0,United Kingdom
London,GB,2015-12-23,12:00:00,1450846800,9.5,7.8,11.7,29.4,222.0,0.9,0.0,United Kingdom
London,GB,2015-12-24,12:00:00,1450933200,9.3,5.8,11.9,38.8,213.0,2.6,0.0,United Kingdom
London,GB,2015-12-25,12:00:00,1451019600,9.1,4.0,13.9,33.4,207.0,0.3,0.0,United Kingdom
London,GB,2015-12-26,12:00:00,1451106000,13.4,12.5,14.0,34.5,215.0,0.0,0.0,United Kingdom
London,GB,2015-12-27,12:00:00,1451192400,13.1,11.9,13.7,34.0,214.0,1.7,0.0,United Kingdom
London,GB,2015-12-28,12:00:00,1451278800,10.2,8.3,11.7,25.1,156.0,0.0,0.0,United Kingdom
London,GB,2015-12-29,12:00:00,1451365200,10.3,8.6,11.9,26.7,192.0,0.8,0.0,United Kingdom
London,GB,2015-12-30,12:00:00,1451451600,11.3,9.8,12.3,37.1,183.0,6.4,0.0,United Kingdom
London,GB,2015-12-31,12:00:00,1451538000,8.5,5.7,10.5,33.4,218.0,3.5,0.0,United Kingdom
London,GB,2016-01-01,12:00:00,1451624400,4.6,-0.4,7.8,25.9,132.0,1.1,0.0,United Kingdom
London,GB,2016-01-02,12:00:00,1451710800,9.2,7.6,10.1,28.2,160.0,5.7,0.0,United Kingdom
London,GB,2016-01-03,12:00:00,1451797200,7.7,5.5,9.5,31.1,199.0,11.3,0.0,United Kingdom
London,GB,2016-01-04,12:00:00,1451883600,6.9,5.3,9.3,17.1,198.0,0.9,0.0,United Kingdom
London,GB,2016-01-05,12:00:00,1451970000,6.9,3.6,9.5,19.1,183.0,0.7,0.0,United Kingdom
London,GB,2016-01-06,12:00:00,1452056400,4.5,2.8,6.3,11.7,144.0,1.1,0.0,United Kingdom
London,GB,2016-01-07,12:00:00,1452142800,6.7,3.7,10.1,34.6,227.0,11.2,0.0,United Kingdom
London,GB,2016-01-08,12:00:00,1452229200,4.9,1.6,8.8,19.0,206.0,0.2,0.0,United Kingdom
London,GB,2016-01-09,12:00:00,1452315600,8.1,6.3,9.6,32.9,188.0,7.2,0.0,United Kingdom
London,GB,2016-01-10,12:00:00,1452402000,6.1,4.4,7.8,27.4,215.0,0.0,0.0,United Kingdom
London,GB,2016-01-11,12:00:00,1452488400,5.7,4.6,6.7,19.9,222.0,6.8,0.0,United Kingdom
London,GB,2016-01-12,12:00:00,1452574800,4.8,3.4,6.3,29.6,271.0,0.9,0.0,United Kingdom
London,GB,2016-01-13,12:00:00,1452661200,3.8,1.6,5.6,24.6,256.0,1.1,0.0,United Kingdom
London,GB,2016-01-14,12:00:00,1452747600,3.0,1.0,4.6,30.6,278.0,1.6,0.0,United Kingdom
London,GB,2016-01-15,12:00:00,1452834000,1.7,0.1,4.3,27.6,304.0,0.0,0.0,United Kingdom
London,GB,2016-01-16,12:00:00,1452920400,0.7,-1.2,3.7,15.3,309.0,0.2,0.21,United Kingdom
London,GB,2016-01-17,12:00:00,1453006800,2.0,0.3,4.1,18.9,127.0,2.0,1.47,United Kingdom
London,GB,2016-01-18,12:00:00,1453093200,1.9,-2.6,3.2,19.0,130.0,0.0,0.0,United Kingdom
London,GB,2016-01-19,12:00:00,1453179600,-0.7,-3.3,2.6,9.0,21.0,0.0,0.0,United Kingdom
London,GB,2016-01-20,12:00:00,1453266000,0.4,-1.7,2.9,8.0,72.0,0.0,0.0,United Kingdom
London,GB,2016-01-21,12:00:00,1453352400,1.4,-2.4,5.2,19.7,156.0,0.0,0.0,United Kingdom
London,GB,2016-01-22,12:00:00,1453438800,6.3,3.1,10.3,24.2,192.0,5.2,0.0,United Kingdom
London,GB,2016-01-23,12:00:00,1453525200,6.5,2.6,10.6,23.5,212.0,2.8,0.0,United Kingdom
London,GB,2016-01-24,12:00:00,1453611600,10.6,7.3,11.7,22.3,212.0,1.0,0.0,United Kingdom
London,GB,2016-01-25,12:00:00,1453698000,10.6,8.3,13.1,31.2,202.0,0.0,0.0,United Kingdom
London,GB,2016-01-26,12:00:00,1453784400,8.7,5.5,10.9,38.1,214.0,1.8,0.0,United Kingdom
London,GB,2016-01-27,12:00:00,1453870800,11.0,7.7,12.1,35.0,223.0,2.6,0.0,United Kingdom
London,GB,2016-01-28,12:00:00,1453957200,5.6,1.0,8.6,29.3,237.0,0.0,0.0,United Kingdom
London,GB,2016-01-29,12:00:00,1454043600,10.3,8.6,11.0,36.3,227.0,0.2,0.0,United Kingdom
London,GB,2016-01-30,12:00:00,1454130000,7.1,4.2,10.3,35.1,250.0,5.3,0.0,United Kingdom
London,GB,2016-01-31,12:00:00,1454216400,7.4,2.1,12.3,28.6,240.0,1.5,0.0,United Kingdom
London,GB,2016-02-01,12:00:00,1454302800,11.1,9.6,12.8,36.1,243.0,0.0,0.0,United Kingdom
London,GB,2016-02-02,12:00:00,1454389200,7.6,4.4,9.4,29.8,251.0,0.4,0.0,United Kingdom
London,GB,2016-02-03,12:00:00,1454475600,4.4,2.0,7.4,30.7,279.0,0.2,0.0,United Kingdom
London,GB,2016-02-04,12:00:00,1454562000,7.7,2.5,11.7,27.3,265.0,0.6,0.0,United Kingdom
London,GB,2016-02-05,12:00:00,1454648400,9.0,7.7,10.4,31.0,215.0,0.2,0.0,United Kingdom
London,GB,2016-02-06,12:00:00,1454734800,9.7,8.7,11.0,42.6,193.0,6.4,0.0,United Kingdom
London,GB,2016-02-07,12:00:00,1454821200,6.9,4.4,9.0,40.0,218.0,5.8,0.0,United Kingdom
London,GB,2016-02-08,12:00:00,1454907600,7.7,5.9,9.6,49.8,239.0,3.4,0.0,United Kingdom
London,GB,2016-02-09,12:00:00,1454994000,4.7,3.1,6.6,28.2,248.0,0.9,0.0,United Kingdom
London,GB,2016-02-10,12:00:00,1455080400,4.3,0.5,7.5,22.0,281.0,0.0,0.0,United Kingdom
London,GB,2016-02-11,12:00:00,1455166800,2.0,-2.0,7.4,8.2,230.0,0.0,0.0,United Kingdom
London,GB,2016-02-12,12:00:00,1455253200,2.8,-0.4,6.8,15.9,106.0,0.6,0.0,United Kingdom
London,GB,2016-02-13,12:00:00,1455339600,3.0,0.2,5.2,25.7,71.0,4.0,0.0,United Kingdom
London,GB,2016-02-14,12:00:00,1455426000,3.5,1.2,6.0,24.4,15.0,0.5,0.0,United Kingdom
London,GB,2016-02-15,12:00:00,1455512400,2.1,-0.5,5.7,27.1,348.0,0.0,0.0,United Kingdom
London,GB,2016-02-16,12:00:00,1455598800,1.6,-2.2,6.2,15.9,186.0,0.0,0.0,United Kingdom
London,GB,2016-02-17,12:00:00,1455685200,3.9,1.9,6.7,21.0,182.0,4.7,0.0,United Kingdom
London,GB,2016-02-18,12:00:00,1455771600,3.8,-0.0,7.1,17.9,308.0,2.7,0.0,United Kingdom
London,GB,2016-02-19,12:00:00,1455858000,3.5,-2.3,8.7,30.4,213.0,1.2,0.0,United Kingdom
London,GB,2016-02-20,12:00:00,1455944400,9.6,7.8,11.6,33.5,246.0,0.6,0.0,United Kingdom
London,GB,2016-02-21,12:00:00,1456030800,11.2,10.7,12.1,33.1,240.0,0.0,0.0,United Kingdom
London,GB,2016-02-22,12:00:00,1456117200,8.1,4.7,10.7,28.4,269.0,1.7,0.0,United Kingdom
London,GB,2016-02-23,12:00:00,1456203600,3.8,0.8,7.9,12.4,317.0,0.5,0.0,United Kingdom
London,GB,2016-02-24,12:00:00,1456290000,2.6,-1.0,6.5,9.0,38.0,0.0,0.0,United Kingdom
London,GB,2016-02-25,12:00:00,1456376400,0.8,-3.5,5.1,12.7,307.0,0.0,0.0,United Kingdom
London,GB,2016-02-26,12:00:00,1456462800,2.4,-1.6,6.9,13.2,125.0,0.0,0.0,United Kingdom
London,GB,2016-02-27,12:00:00,1456549200,2.9,-0.6,5.7,25.5,57.0,0.0,0.0,United Kingdom
London,GB,2016-02-28,12:00:00,1456635600,4.2,2.4,6.9,27.3,42.0,0.0,0.0,United Kingdom
London,GB,2016-02-29,12:00:00,1456722000,3.4,-0.7,6.5,14.4,39.0,0.0,0.0,United Kingdom
London,GB,2016-03-01,12:00:00,1456808400,7.7,4.0,11.2,27.8,222.0,3.3,0.0,United Kingdom
London,GB,2016-03-02,12:00:00,1456894800,5.3,3.0,7.8,36.8,264.0,4.5,0.28,United Kingdom
London,GB,2016-03-03,12:00:00,1456981200,5.6,3.4,8.2,32.6,287.0,0.6,0.0,United Kingdom
London,GB,2016-03-04,12:00:00,1457067600,4.2,1.1,7.0,25.4,236.0,5.3,0.0,United Kingdom
London,GB,2016-03-05,12:00:00,1457154000,2.0,-3.0,7.1,23.2,339.0,2.1,0.14,United Kingdom
London,GB,2016-03-06,12:00:00,1457240400,2.3,-0.7,6.4,19.0,313.0,0.6,0.0,United Kingdom
London,GB,2016-03-07,12:00:00,1457326800,1.6,-2.1,6.2,22.1,334.0,0.1,0.0,United Kingdom
London,GB,2016-03-08,12:00:00,1457413200,2.5,-3.5,7.5,21.6,221.0,0.0,0.0,United Kingdom
London,GB,2016-03-09,12:00:00,1457499600,7.2,5.7,9.2,31.9,130.0,14.7,0.0,United Kingdom
London,GB,2016-03-10,12:00:00,1457586000,6.2,2.7,9.4,13.4,6.0,0.4,0.0,United Kingdom
London,GB,2016-03-11,12:00:00,1457672400,2.7,-1.8,7.3,8.1,57.0,0.0,0.0,United Kingdom
London,GB,2016-03-12,12:00:00,1457758800,4.9,0.6,9.6,7.9,85.0,0.0,0.0,United Kingdom
London,GB,2016-03-13,12:00:00,1457845200,3.8,-0.6,7.8,18.0,59.0,0.0,0.0,United Kingdom
London,GB,2016-03-14,12:00:00,1457931600,4.6,2.7,7.8,24.4,57.0,0.0,0.0,United Kingdom
London,GB,2016-03-15,12:00:00,1458018000,5.4,1.3,8.9,18.9,37.0,0.0,0.0,United Kingdom
London,GB,2016-03-16,12:00:00,1458104400,6.1,5.2,7.5,24.6,48.0,0.0,0.0,United Kingdom
London,GB,2016-03-17,12:00:00,1458190800,5.7,1.4,10.0,17.1,48.0,0.0,0.0,United Kingdom
London,GB,2016-03-18,12:00:00,1458277200,3.8,-0.3,7.6,16.9,24.0,0.0,0.0,United Kingdom
London,GB,2016-03-19,12:00:00,1458363600,5.7,4.0,7.8,20.2,35.0,0.0,0.0,United Kingdom
London,GB,2016-03-20,12:00:00,1458450000,6.0,3.5,9.0,16.0,25.0,0.0,0.0,United Kingdom
London,GB,2016-03-21,12:00:00,1458536400,7.3,3.5,11.4,16.4,319.0,0.0,0.0,United Kingdom
London,GB,2016-03-22,12:00:00,1458622800,6.9,1.7,11.1,8.0,337.0,0.0,0.0,United Kingdom
London,GB,2016-03-23,12:00:00,1458709200,7.5,3.8,10.3,7.3,340.0,0.0,0.0,United Kingdom
London,GB,2016-03-24,12:00:00,1458795600,7.3,4.5,9.7,21.5,234.0,5.1,0.0,United Kingdom
London,GB,2016-03-25,12:00:00,1458882000,9.3,6.4,13.1,19.5,268.0,3.5,0.0,United Kingdom
London,GB,2016-03-26,12:00:00,1458968400,8.7,6.2,12.0,39.3,188.0,4.0,0.0,United Kingdom
London,GB,2016-03-27,12:00:00,1459054800,7.8,5.2,10.5,34.8,203.0,2.9,0.0,United Kingdom
London,GB,2016-03-28,12:00:00,1459141200,8.0,5.2,10.8,48.0,218.0,12.4,0.0,United Kingdom
London,GB,2016-03-29,12:00:00,1459227600,6.8,3.9,10.8,26.9,231.0,3.4,0.0,United Kingdom
London,GB,2016-03-30,12:00:00,1459314000,7.4,4.4,11.2,20.5,240.0,0.9,0.0,United Kingdom
London,GB,2016-03-31,12:00:00,1459400400,6.9,3.0,11.1,13.0,360.0,0.0,0.0,United Kingdom
London,GB,2016-04-01,12:00:00,1459486800,6.6,0.4,11.9,21.0,179.0,0.0,0.0,United Kingdom
London,GB,2016-04-02,12:00:00,1459573200,9.0,6.0,12.7,16.9,160.0,3.0,0.0,United Kingdom
London,GB,2016-04-03,12:00:00,1459659600,10.7,7.0,15.5,15.1,158.0,4.5,0.0,United Kingdom
London,GB,2016-04-04,12:00:00,1459746000,9.7,6.9,12.5,21.4,184.0,2.0,0.0,United Kingdom
London,GB,2016-04-05,12:00:00,1459832400,9.6,6.7,13.0,17.3,254.0,0.7,0.0,United Kingdom
London,GB,2016-04-06,12:00:00,1459918800,7.8,4.3,11.5,32.1,248.0,1.5,0.0,United Kingdom
London,GB,2016-04-07,12:00:00,1460005200,6.5,3.3,10.4,26.3,266.0,4.1,0.0,United Kingdom
London,GB,2016-04-08,12:00:00,1460091600,7.6,2.9,11.8,12.8,257.0,0.0,0.0,United Kingdom
London,GB,2016-04-09,12:00:00,1460178000,7.4,3.9,10.6,20.5,208.0,3.3,0.0,United Kingdom
London,GB,2016-04-10,12:00:00,1460264400,6.6,-0.2,11.4,25.3,106.0,0.0,0.0,United Kingdom
London,GB,2016-04-11,12:00:00,1460350800,10.7,8.2,14.1,15.8,102.0,3.2,0.0,United Kingdom
London,GB,2016-04-12,12:00:00,1460437200,10.1,6.1,15.0,12.4,214.0,0.6,0.0,United Kingdom
London,GB,2016-04-13,12:00:00,1460523600,9.8,3.8,15.9,8.9,249.0,1.2,0.0,United Kingdom
London,GB,2016-04-14,12:00:00,1460610000,10.2,5.1,15.5,13.4,173.0,3.4,0.0,United Kingdom
London,GB,2016-04-15,12:00:00,1460696400,9.5,7.0,12.3,16.3,252.0,13.0,0.0,United Kingdom
London,GB,2016-04-16,12:00:00,1460782800,6.1,3.7,8.4,15.1,323.0,2.3,0.0,United Kingdom
London,GB,2016-04-17,12:00:00,1460869200,5.5,-0.5,10.4,10.2,314.0,1.1,0.0,United Kingdom
London,GB,2016-04-18,12:00:00,1460955600,7.5,1.4,11.4,19.1,261.0,0.0,0.0,United Kingdom
London,GB,2016-04-19,12:00:00,1461042000,9.7,5.8,13.7,13.7,10.0,0.0,0.0,United Kingdom
London,GB,2016-04-20,12:00:00,1461128400,7.4,2.5,11.8,21.7,73.0,0.0,0.0,United Kingdom
London,GB,2016-04-21,12:00:00,1461214800,9.4,5.6,13.7,22.3,66.0,0.0,0.0,United Kingdom
London,GB,2016-04-22,12:00:00,1461301200,7.8,5.5,9.9,22.2,55.0,4.1,0.0,United Kingdom
London,GB,2016-04-23,12:00:00,1461387600,6.4,3.0,9.6,21.3,4.0,0.4,0.0,United Kingdom
London,GB,2016-04-24,12:00:00,1461474000,6.0,3.3,9.3,21.1,336.0,0.6,0.0,United Kingdom
London,GB,2016-04-25,12:00:00,1461560400,7.2,4.6,11.6,24.0,294.0,1.9,0.0,United Kingdom
London,GB,2016-04-26,12:00:00,1461646800,5.0,1.3,9.0,25.2,311.0,0.6,0.0,United Kingdom
London,GB,2016-04-27,12:00:00,1461733200,5.4,1.1,9.5,16.2,312.0,1.4,0.0,United Kingdom
London,GB,2016-04-28,12:00:00,1461819600,6.0,-0.2,10.2,25.7,239.0,0.0,0.0,United Kingdom
London,GB,2016-04-29,12:00:00,1461906000,7.6,4.2,10.9,26.4,253.0,0.5,0.0,United Kingdom
London,GB,2016-04-30,12:00:00,1461992400,6.7,0.6,11.9,14.8,311.0,0.2,0.0,United Kingdom
London,GB,2016-05-01,12:00:00,1462078800,8.3,0.7,13.9,18.3,223.0,0.0,0.0,United Kingdom
London,GB,2016-05-02,12:00:00,1462165200,11.3,8.2,15.5,31.1,220.0,1.2,0.0,United Kingdom
London,GB,2016-05-03,12:00:00,1462251600,9.3,3.8,13.4,16.4,279.0,0.0,0.0,United Kingdom
London,GB,2016-05-04,12:00:00,1462338000,10.0,3.5,15.2,14.6,192.0,0.0,0.0,United Kingdom
London,GB,2016-05-05,12:00:00,1462424400,11.7,4.8,18.0,15.5,126.0,0.0,0.0,United Kingdom
London,GB,2016-05-06,12:00:00,1462510800,13.8,6.7,20.3,12.1,91.0,0.0,0.0,United Kingdom
London,GB,2016-05-07,12:00:00,1462597200,16.0,10.3,21.8,17.5,123.0,0.1,0.0,United Kingdom
London,GB,2016-05-08,12:00:00,1462683600,17.7,10.6,23.9,18.2,102.0,0.0,0.0,United Kingdom
London,GB,2016-05-09,12:00:00,1462770000,17.8,13.3,21.8,20.9,92.0,2.1,0.0,United Kingdom
London,GB,2016-05-10,12:00:00,1462856400,15.4,14.0,17.4,16.6,76.0,6.7,0.0,United Kingdom
London,GB,2016-05-11,12:00:00,1462942800,15.3,12.6,18.6,11.9,74.0,8.7,0.0,United Kingdom
London,GB,2016-05-12,12:00:00,1463029200,16.5,11.7,21.2,21.1,28.0,1.1,0.0,United Kingdom
London,GB,2016-05-13,12:00:00,1463115600,13.1,8.5,17.6,26.9,22.0,0.2,0.0,United Kingdom
London,GB,2016-05-14,12:00:00,1463202000,9.2,7.0,11.4,18.9,12.0,0.0,0.0,United Kingdom
London,GB,2016-05-15,12:00:00,1463288400,10.5,3.8,15.3,14.6,297.0,0.0,0.0,United Kingdom
London,GB,2016-05-16,12:00:00,1463374800,11.8,7.4,16.1,13.4,335.0,0.0,0.0,United Kingdom
London,GB,2016-05-17,12:00:00,1463461200,11.9,5.4,16.3,20.7,243.0,0.0,0.0,United Kingdom
London,GB,2016-05-18,12:00:00,1463547600,11.9,10.0,15.1,23.6,214.0,11.1,0.0,United Kingdom
London,GB,2016-05-19,12:00:00,1463634000,12.9,9.1,17.4,21.0,265.0,1.9,0.0,United Kingdom
London,GB,2016-05-20,12:00:00,1463720400,14.1,12.0,16.9,20.8,230.0,0.4,0.0,United Kingdom
London,GB,2016-05-21,12:00:00,1463806800,14.3,11.5,16.6,28.6,200.0,0.8,0.0,United Kingdom
London,GB,2016-05-22,12:00:00,1463893200,13.8,10.9,17.5,12.1,276.0,1.6,0.0,United Kingdom
London,GB,2016-05-23,12:00:00,1463979600,13.3,9.1,17.2,18.6,336.0,0.1,0.0,United Kingdom
London,GB,2016-05-24,12:00:00,1464066000,11.5,6.4,15.4,19.7,34.0,0.0,0.0,United Kingdom
London,GB,2016-05-25,12:00:00,1464152400,10.4,7.8,12.7,16.2,16.0,0.5,0.0,United Kingdom
London,GB,2016-05-26,12:00:00,1464238800,13.2,7.7,18.7,11.6,85.0,0.0,0.0,United Kingdom
London,GB,2016-05-27,12:00:00,1464325200,14.2,8.8,19.6,13.8,65.0,0.0,0.0,United Kingdom
London,GB,2016-05-28,12:00:00,1464411600,14.5,9.4,19.5,15.3,52.0,0.0,0.0,United Kingdom
London,GB,2016-05-29,12:00:00,1464498000,13.8,8.5,18.9,21.7,13.0,0.1,0.0,United Kingdom
London,GB,2016-05-30,12:00:00,1464584400,13.7,11.0,17.2,29.9,357.0,0.0,0.0,United Kingdom
London,GB,2016-05-31,12:00:00,1464670800,11.6,10.5,12.4,31.7,349.0,11.4,0.0,United Kingdom
London,GB,2016-06-01,12:00:00,1464757200,12.5,11.3,14.3,25.3,360.0,0.5,0.0,United Kingdom
London,GB,2016-06-02,12:00:00,1464843600,11.8,10.0,14.5,27.5,8.0,0.2,0.0,United Kingdom
London,GB,2016-06-03,12:00:00,1464930000,11.5,9.3,14.4,17.5,5.0,0.0,0.0,United Kingdom
London,GB,2016-06-04,12:00:00,1465016400,15.5,11.7,20.1,12.6,9.0,0.0,0.0,United Kingdom
London,GB,2016-06-05,12:00:00,1465102800,16.6,10.6,22.3,14.8,41.0,0.0,0.0,United Kingdom
London,GB,2016-06-06,12:00:00,1465189200,15.9,9.9,21.8,14.5,72.0,0.0,0.0,United Kingdom
London,GB,2016-06-07,12:00:00,1465275600,16.8,10.8,22.1,9.4,56.0,17.5,0.0,United Kingdom
London,GB,2016-06-08,12:00:00,1465362000,18.8,14.5,23.6,11.1,28.0,1.6,0.0,United Kingdom
London,GB,2016-06-09,12:00:00,1465448400,16.1,11.7,21.1,10.4,80.0,0.0,0.0,United Kingdom
London,GB,2016-06-10,12:00:00,1465534800,16.4,11.0,21.1,8.4,149.0,0.2,0.0,United Kingdom
London,GB,2016-06-11,12:00:00,1465621200,17.5,13.8,21.0,7.6,260.0,2.0,0.0,United Kingdom
London,GB,2016-06-12,12:00:00,1465707600,15.6,13.4,18.1,16.5,218.0,5.1,0.0,United Kingdom
London,GB,2016-06-13,12:00:00,1465794000,15.6,13.3,18.6,17.9,262.0,4.4,0.0,United Kingdom
London,GB,2016-06-14,12:00:00,1465880400,14.9,12.8,17.6,20.6,226.0,8.1,0.0,United Kingdom
London,GB,2016-06-15,12:00:00,1465966800,14.6,10.8,17.9,21.5,216.0,3.6,0.0,United Kingdom
London,GB,2016-06-16,12:00:00,1466053200,14.6,11.9,17.1,12.9,155.0,8.5,0.0,United Kingdom
London,GB,2016-06-17,12:00:00,1466139600,14.5,10.5,18.3,12.2,8.0,5.7,0.0,United Kingdom
London,GB,2016-06-18,12:00:00,1466226000,14.3,11.6,17.1,14.8,326.0,0.2,0.0,United Kingdom
London,GB,2016-06-19,12:00:00,1466312400,15.1,10.9,19.0,22.4,222.0,1.9,0.0,United Kingdom
London,GB,2016-06-20,12:00:00,1466398800,16.1,14.4,20.2,25.5,227.0,15.7,0.0,United Kingdom
London,GB,2016-06-21,12:00:00,1466485200,16.6,13.0,19.7,15.6,240.0,0.0,0.0,United Kingdom
London,GB,2016-06-22,12:00:00,1466571600,17.3,13.9,21.1,19.3,197.0,0.5,0.0,United Kingdom
London,GB,2016-06-23,12:00:00,1466658000,18.9,15.6,23.0,12.0,200.0,22.0,0.0,United Kingdom
London,GB,2016-06-24,12:00:00,1466744400,16.5,13.0,19.8,23.2,238.0,1.4,0.0,United Kingdom
London,GB,2016-06-25,12:00:00,1466830800,14.8,10.6,18.9,13.3,270.0,5.1,0.0,United Kingdom
London,GB,2016-06-26,12:00:00,1466917200,15.3,11.6,19.4,19.2,271.0,2.2,0.0,United Kingdom
London,GB,2016-06-27,12:00:00,1467003600,16.6,14.5,18.5,17.1,275.0,1.0,0.0,United Kingdom
London,GB,2016-06-28,12:00:00,1467090000,14.9,10.0,18.6,20.8,209.0,2.9,0.0,United Kingdom
London,GB,2016-06-29,12:00:00,1467176400,14.5,11.3,16.9,32.8,226.0,0.6,0.0,United Kingdom
London,GB,2016-06-30,12:00:00,1467262800,16.6,13.9,19.8,22.4,228.0,1.6,0.0,United Kingdom
London,GB,2016-07-01,12:00:00,1467349200,16.0,12.8,18.0,26.0,234.0,0.8,0.0,United Kingdom
London,GB,2016-07-02,12:00:00,1467435600,14.2,10.3,18.0,25.0,249.0,1.5,0.0,United Kingdom
London,GB,2016-07-03,12:00:00,1467522000,15.3,10.4,19.2,15.3,229.0,0.0,0.0,United Kingdom
London,GB,2016-07-04,12:00:00,1467608400,16.1,10.6,19.9,21.4,223.0,0.1,0.0,United Kingdom
London,GB,2016-07-05,12:00:00,1467694800,16.9,15.1,19.5,21.7,278.0,0.2,0.0,United Kingdom
London,GB,2016-07-06,12:00:00,1467781200,15.8,10.4,19.1,10.3,307.0,0.0,0.0,United Kingdom
London,GB,2016-07-07,12:00:00,1467867600,16.7,13.5,19.9,14.2,225.0,0.3,0.0,United Kingdom
London,GB,2016-07-08,12:00:00,1467954000,17.8,13.6,22.6,26.6,248.0,0.1,0.0,United Kingdom
London,GB,2016-07-09,12:00:00,1468040400,17.7,13.5,21.1,29.5,220.0,0.0,0.0,United Kingdom
London,GB,2016-07-10,12:00:00,1468126800,17.5,15.4,20.3,27.1,214.0,0.2,0.0,United Kingdom
London,GB,2016-07-11,12:00:00,1468213200,17.4,14.6,20.7,31.0,232.0,3.9,0.0,United Kingdom
London,GB,2016-07-12,12:00:00,1468299600,15.0,12.2,18.8,15.6,263.0,6.1,0.0,United Kingdom
London,GB,2016-07-13,12:00:00,1468386000,14.8,11.2,18.7,15.0,307.0,2.4,0.0,United Kingdom
London,GB,2016-07-14,12:00:00,1468472400,15.1,10.3,18.7,16.8,306.0,0.0,0.0,United Kingdom
London,GB,2016-07-15,12:00:00,1468558800,15.7,10.4,18.6,20.0,256.0,0.0,0.0,United Kingdom
London,GB,2016-07-16,12:00:00,1468645200,19.8,16.4,23.4,19.9,259.0,0.0,0.0,United Kingdom
London,GB,2016-07-17,12:00:00,1468731600,20.5,16.3,24.5,18.0,269.0,1.5,0.0,United Kingdom
London,GB,2016-07-18,12:00:00,1468818000,21.0,14.2,26.5,10.0,248.0,0.0,0.0,United Kingdom
London,GB,2016-07-19,12:00:00,1468904400,23.1,14.9,29.8,16.8,122.0,0.0,0.0,United Kingdom
London,GB,2016-07-20,12:00:00,1468990800,23.8,19.4,28.5,23.7,209.0,0.2,0.0,United Kingdom
London,GB,2016-07-21,12:00:00,1469077200,19.5,14.8,22.8,14.5,293.0,0.1,0.0,United Kingdom
London,GB,2016-07-22,12:00:00,1469163600,20.0,16.7,23.3,6.0,83.0,0.3,0.0,United Kingdom
London,GB,2016-07-23,12:00:00,1469250000,20.8,16.0,24.8,13.4,197.0,0.1,0.0,United Kingdom
London,GB,2016-07-24,12:00:00,1469336400,19.1,14.6,22.6,19.3,231.0,0.4,0.0,United Kingdom
London,GB,2016-07-25,12:00:00,1469422800,18.8,14.9,22.2,17.3,261.0,0.0,0.0,United Kingdom
London,GB,2016-07-26,12:00:00,1469509200,17.9,12.7,21.1,15.4,250.0,0.0,0.0,United Kingdom
London,GB,2016-07-27,12:00:00,1469595600,18.7,16.6,21.4,21.0,235.0,1.7,0.0,United Kingdom
London,GB,2016-07-28,12:00:00,1469682000,18.2,14.5,22.6,20.6,248.0,0.7,0.0,United Kingdom
London,GB,2016-07-29,12:00:00,1469768400,18.6,16.1,21.4,18.7,244.0,1.7,0.0,United Kingdom
London,GB,2016-07-30,12:00:00,1469854800,18.3,14.7,22.1,9.9,306.0,0.0,0.0,United Kingdom
London,GB,2016-07-31,12:00:00,1469941200,17.4,14.0,20.4,14.3,301.0,0.3,0.0,United Kingdom
London,GB,2016-08-01,12:00:00,1470027600,15.3,11.7,18.0,16.2,233.0,8.8,0.0,United Kingdom
London,GB,2016-08-02,12:00:00,1470114000,17.6,14.4,19.8,21.8,221.0,12.3,0.0,United Kingdom
London,GB,2016-08-03,12:00:00,1470200400,19.3,16.7,21.8,28.0,232.0,0.0,0.0,United Kingdom
London,GB,2016-08-04,12:00:00,1470286800,17.8,14.9,20.9,25.4,250.0,0.4,0.0,United Kingdom
London,GB,2016-08-05,12:00:00,1470373200,17.7,12.9,22.5,14.0,269.0,0.1,0.0,United Kingdom
London,GB,2016-08-06,12:00:00,1470459600,18.5,12.7,23.7,16.1,248.0,0.0,0.0,United Kingdom
London,GB,2016-08-07,12:00:00,1470546000,19.5,16.3,23.1,25.0,240.0,0.0,0.0,United Kingdom
London,GB,2016-08-08,12:00:00,1470632400,16.8,14.3,19.5,22.2,282.0,0.0,0.0,United Kingdom
London,GB,2016-08-09,12:00:00,1470718800,15.0,11.0,18.7,17.0,312.0,0.0,0.0,United Kingdom
London,GB,2016-08-10,12:00:00,1470805200,14.7,10.6,18.2,16.6,301.0,0.1,0.0,United Kingdom
London,GB,2016-08-11,12:00:00,1470891600,17.2,14.1,20.0,22.3,276.0,0.8,0.0,United Kingdom
London,GB,2016-08-12,12:00:00,1470978000,19.5,16.1,24.2,20.1,257.0,0.0,0.0,United Kingdom
London,GB,2016-08-13,12:00:00,1471064400,18.6,13.9,23.2,20.3,261.0,0.1,0.0,United Kingdom
London,GB,2016-08-14,12:00:00,1471150800,18.4,14.0,22.2,10.0,7.0,0.0,0.0,United Kingdom
London,GB,2016-08-15,12:00:00,1471237200,17.0,11.8,21.6,14.3,83.0,0.0,0.0,United Kingdom
London,GB,2016-08-16,12:00:00,1471323600,16.9,12.6,21.5,15.6,73.0,0.0,0.0,United Kingdom
London,GB,2016-08-17,12:00:00,1471410000,18.0,13.0,23.3,14.4,72.0,0.0,0.0,United Kingdom
London,GB,2016-08-18,12:00:00,1471496400,18.2,13.5,22.7,11.7,71.0,1.5,0.0,United Kingdom
London,GB,2016-08-19,12:00:00,1471582800,17.3,15.5,19.2,21.0,174.0,2.2,0.0,United Kingdom
London,GB,2016-08-20,12:00:00,1471669200,16.7,14.7,19.9,36.3,217.0,1.4,0.0,United Kingdom
London,GB,2016-08-21,12:00:00,1471755600,17.4,15.2,20.5,25.5,253.0,3.7,0.0,United Kingdom
London,GB,2016-08-22,12:00:00,1471842000,19.1,16.2,23.0,23.6,232.0,1.0,0.0,United Kingdom
London,GB,2016-08-23,12:00:00,1471928400,20.9,13.0,27.8,18.5,157.0,0.0,0.0,United Kingdom
London,GB,2016-08-24,12:00:00,1472014800,23.8,17.6,29.7,14.0,18.0,0.8,0.0,United Kingdom
London,GB,2016-08-25,12:00:00,1472101200,23.1,18.7,28.4,17.1,13.0,1.0,0.0,United Kingdom
London,GB,2016-08-26,12:00:00,1472187600,20.9,17.9,24.6,10.9,300.0,0.3,0.0,United Kingdom
London,GB,2016-08-27,12:00:00,1472274000,19.2,16.0,22.2,18.4,74.0,8.3,0.0,United Kingdom
London,GB,2016-08-28,12:00:00,1472360400,18.3,14.9,21.0,20.2,228.0,1.5,0.0,United Kingdom
London,GB,2016-08-29,12:00:00,1472446800,18.1,14.6,21.5,9.6,326.0,0.4,0.0,United Kingdom
London,GB,2016-08-30,12:00:00,1472533200,18.6,12.6,24.3,10.9,209.0,0.0,0.0,United Kingdom
London,GB,2016-08-31,12:00:00,1472619600,17.4,11.7,22.5,17.1,241.0,0.0,0.0,United Kingdom
London,GB,2016-09-01,12:00:00,1472706000,17.5,12.6,22.4,13.2,244.0,0.0,0.0,United Kingdom
London,GB,2016-09-02,12:00:00,1472792400,17.2,13.3,21.1,20.3,229.0,1.3,0.0,United Kingdom
London,GB,2016-09-03,12:00:00,1472878800,16.8,12.5,20.3,29.4,222.0,2.8,0.0,United Kingdom
London,GB,2016-09-04,12:00:00,1472965200,18.0,14.7,20.4,27.2,255.0,0.6,0.0,United Kingdom
London,GB,2016-09-05,12:00:00,1473051600,17.9,14.9,21.7,12.8,215.0,2.4,0.0,United Kingdom
London,GB,2016-09-06,12:00:00,1473138000,20.8,18.4,23.4,10.0,222.0,0.1,0.0,United Kingdom
London,GB,2016-09-07,12:00:00,1473224400,20.7,16.9,25.2,12.8,139.0,0.0,0.0,United Kingdom
London,GB,2016-09-08,12:00:00,1473310800,18.6,15.6,22.1,23.6,229.0,0.0,0.0,United Kingdom
London,GB,2016-09-09,12:00:00,1473397200,18.4,14.7,21.2,28.8,204.0,0.2,0.0,United Kingdom
London,GB,2016-09-10,12:00:00,1473483600,17.7,16.3,19.1,25.6,208.0,7.5,0.0,United Kingdom
London,GB,2016-09-11,12:00:00,1473570000,15.8,11.7,19.9,13.0,210.0,0.0,0.0,United Kingdom
London,GB,2016-09-12,12:00:00,1473656400,18.4,12.0,24.4,21.0,172.0,0.0,0.0,United Kingdom
London,GB,2016-09-13,12:00:00,1473742800,23.2,17.0,29.6,16.6,113.0,0.0,0.0,United Kingdom
London,GB,2016-09-14,12:00:00,1473829200,22.2,17.9,26.2,14.6,126.0,0.0,0.0,United Kingdom
London,GB,2016-09-15,12:00:00,1473915600,20.5,16.3,26.7,14.2,32.0,2.0,0.0,United Kingdom
London,GB,2016-09-16,12:00:00,1474002000,16.5,15.1,17.4,22.8,310.0,17.7,0.0,United Kingdom
London,GB,2016-09-17,12:00:00,1474088400,15.2,13.6,17.3,26.8,337.0,0.2,0.0,United Kingdom
London,GB,2016-09-18,12:00:00,1474174800,16.5,13.8,19.6,12.1,343.0,0.0,0.0,United Kingdom
London,GB,2016-09-19,12:00:00,1474261200,16.6,14.7,19.4,9.4,328.0,1.6,0.0,United Kingdom
London,GB,2016-09-20,12:00:00,1474347600,16.0,14.4,18.1,11.1,19.0,0.0,0.0,United Kingdom
London,GB,2016-09-21,12:00:00,1474434000,16.6,12.1,21.1,14.0,149.0,0.0,0.0,United Kingdom
London,GB,2016-09-22,12:00:00,1474520400,16.0,12.8,18.8,15.6,222.0,0.4,0.0,United Kingdom
London,GB,2016-09-23,12:00:00,1474606800,13.2,7.4,18.5,12.8,220.0,0.0,0.0,United Kingdom
London,GB,2016-09-24,12:00:00,1474693200,17.1,10.7,21.7,24.6,179.0,0.0,0.0,United Kingdom
London,GB,2016-09-25,12:00:00,1474779600,16.6,11.8,18.4,24.3,224.0,0.0,0.0,United Kingdom
London,GB,2016-09-26,12:00:00,1474866000,13.4,9.6,17.1,17.9,192.0,0.7,0.0,United Kingdom
London,GB,2016-09-27,12:00:00,1474952400,16.0,11.6,19.2,24.0,195.0,0.0,0.0,United Kingdom
London,GB,2016-09-28,12:00:00,1475038800,16.5,11.7,21.9,23.7,234.0,0.0,0.0,United Kingdom
London,GB,2016-09-29,12:00:00,1475125200,16.7,13.1,19.2,25.8,240.0,0.1,0.0,United Kingdom
London,GB,2016-09-30,12:00:00,1475211600,13.9,10.8,17.2,19.3,231.0,0.3,0.0,United Kingdom
London,GB,2016-10-01,12:00:00,1475298000,11.8,9.2,15.2,14.2,204.0,3.2,0.0,United Kingdom
London,GB,2016-10-02,12:00:00,1475384400,11.5,8.3,15.8,19.2,322.0,0.0,0.0,United Kingdom
London,GB,2016-10-03,12:00:00,1475470800,11.2,6.1,16.2,9.8,61.0,0.0,0.0,United Kingdom
London,GB,2016-10-04,12:00:00,1475557200,13.6,10.4,16.8,22.7,90.0,0.0,0.0,United Kingdom
London,GB,2016-10-05,12:00:00,1475643600,13.0,11.1,14.8,28.0,85.0,0.0,0.0,United Kingdom
London,GB,2016-10-06,12:00:00,1475730000,12.0,11.0,13.6,22.7,70.0,0.0,0.0,United Kingdom
London,GB,2016-10-07,12:00:00,1475816400,12.7,10.5,15.2,18.0,74.0,0.1,0.0,United Kingdom
London,GB,2016-10-08,12:00:00,1475902800,12.1,9.4,15.2,14.2,15.0,0.6,0.0,United Kingdom
London,GB,2016-10-09,12:00:00,1475989200,10.8,7.4,14.4,17.6,12.0,0.4,0.0,United Kingdom
London,GB,2016-10-10,12:00:00,1476075600,9.2,5.5,13.0,15.2,359.0,0.0,0.0,United Kingdom
London,GB,2016-10-11,12:00:00,1476162000,9.7,5.8,14.0,11.9,42.0,0.0,0.0,United Kingdom
London,GB,2016-10-12,12:00:00,1476248400,10.9,8.9,14.0,19.6,47.0,0.3,0.0,United Kingdom
London,GB,2016-10-13,12:00:00,1476334800,10.3,7.9,12.8,23.2,66.0,0.5,0.0,United Kingdom
London,GB,2016-10-14,12:00:00,1476421200,11.3,8.6,13.8,15.5,73.0,0.0,0.0,United Kingdom
London,GB,2016-10-15,12:00:00,1476507600,12.5,8.7,16.1,16.8,178.0,1.6,0.0,United Kingdom
London,GB,2016-10-16,12:00:00,1476594000,12.8,9.8,16.3,26.9,174.0,7.5,0.0,United Kingdom
London,GB,2016-10-17,12:00:00,1476680400,12.8,10.3,16.1,20.4,217.0,0.7,0.0,United Kingdom
London,GB,2016-10-18,12:00:00,1476766800,10.9,9.2,13.0,23.7,261.0,0.7,0.0,United Kingdom
London,GB,2016-10-19,12:00:00,1476853200,10.7,8.5,13.9,20.1,308.0,0.0,0.0,United Kingdom
London,GB,2016-10-20,12:00:00,1476939600,10.7,8.7,13.5,21.3,346.0,0.1,0.0,United Kingdom
London,GB,2016-10-21,12:00:00,1477026000,9.5,7.0,12.5,18.0,348.0,0.0,0.0,United Kingdom
London,GB,2016-10-22,12:00:00,1477112400,9.1,5.7,13.2,12.1,19.0,0.0,0.0,United Kingdom
London,GB,2016-10-23,12:00:00,1477198800,9.5,6.6,12.5,23.9,68.0,0.0,0.0,United Kingdom
London,GB,2016-10-24,12:00:00,1477285200,10.6,8.6,12.5,16.9,62.0,2.7,0.0,United Kingdom
London,GB,2016-10-25,12:00:00,1477371600,10.4,5.9,14.8,7.8,97.0,0.1,0.0,United Kingdom
London,GB,2016-10-26,12:00:00,1477458000,11.0,8.2,14.2,17.4,236.0,0.1,0.0,United Kingdom
London,GB,2016-10-27,12:00:00,1477544400,10.3,5.9,13.2,18.5,243.0,0.0,0.0,United Kingdom
London,GB,2016-10-28,12:00:00,1477630800,13.0,10.7,15.7,18.5,257.0,0.0,0.0,United Kingdom
London,GB,2016-10-29,12:00:00,1477717200,13.7,12.2,16.3,7.2,145.0,0.0,0.0,United Kingdom
London,GB,2016-10-30,12:00:00,1477803600,12.2,10.6,14.8,11.3,94.0,0.0,0.0,United Kingdom
London,GB,2016-10-31,12:00:00,1477890000,11.5,7.0,17.4,8.4,101.0,0.0,0.0,United Kingdom
London,GB,2016-11-01,12:00:00,1477976400,9.8,6.8,12.6,18.0,12.0,0.0,0.0,United Kingdom
London,GB,2016-11-02,12:00:00,1478062800,6.1,3.1,9.9,12.7,315.0,0.0,0.0,United Kingdom
London,GB,2016-11-03,12:00:00,1478149200,5.9,1.3,10.8,13.4,226.0,0.0,0.0,United Kingdom
London,GB,2016-11-04,12:00:00,1478235600,7.5,5.0,10.8,11.5,240.0,5.7,0.0,United Kingdom
London,GB,2016-11-05,12:00:00,1478322000,4.8,1.4,8.4,24.8,314.0,0.0,0.0,United Kingdom
London,GB,2016-11-06,12:00:00,1478408400,4.3,1.5,7.1,25.6,323.0,0.6,0.0,United Kingdom
London,GB,2016-11-07,12:00:00,1478494800,5.8,2.7,8.1,29.3,354.0,0.0,0.0,United Kingdom
London,GB,2016-11-08,12:00:00,1478581200,2.9,-1.0,6.4,12.1,285.0,0.6,0.0,United Kingdom
London,GB,2016-11-09,12:00:00,1478667600,6.4,4.0,7.9,23.1,328.0,13.1,0.0,United Kingdom
London,GB,2016-11-10,12:00:00,1478754000,6.8,4.6,10.3,21.1,278.0,0.2,0.0,United Kingdom
London,GB,2016-11-11,12:00:00,1478840400,5.3,1.8,9.4,18.5,319.0,0.0,0.0,United Kingdom
London,GB,2016-11-12,12:00:00,1478926800,8.3,5.8,9.5,22.7,170.0,10.1,0.0,United Kingdom
London,GB,2016-11-13,12:00:00,1479013200,7.0,5.1,9.9,15.8,333.0,0.0,0.0,United Kingdom
London,GB,2016-11-14,12:00:00,1479099600,9.0,4.7,11.7,19.1,239.0,1.6,0.0,United Kingdom
London,GB,2016-11-15,12:00:00,1479186000,12.6,11.7,13.7,14.7,255.0,0.2,0.0,United Kingdom
London,GB,2016-11-16,12:00:00,1479272400,11.8,9.3,12.6,24.9,245.0,0.3,0.0,United Kingdom
London,GB,2016-11-17,12:00:00,1479358800,8.8,6.7,11.8,33.7,231.0,0.3,0.0,United Kingdom
London,GB,2016-11-18,12:00:00,1479445200,5.1,3.1,7.1,23.3,237.0,0.0,0.0,United Kingdom
London,GB,2016-11-19,12:00:00,1479531600,4.2,0.8,7.7,16.3,212.0,1.5,0.0,United Kingdom
London,GB,2016-11-20,12:00:00,1479618000,6.9,4.3,9.4,31.7,182.0,15.5,0.0,United Kingdom
London,GB,2016-11-21,12:00:00,1479704400,9.0,4.6,12.3,28.3,123.0,13.6,0.0,United Kingdom
London,GB,2016-11-22,12:00:00,1479790800,9.3,7.1,10.6,30.0,192.0,1.8,0.0,United Kingdom
London,GB,2016-11-23,12:00:00,1479877200,7.2,2.6,10.4,23.2,47.0,0.0,0.0,United Kingdom
London,GB,2016-11-24,12:00:00,1479963600,8.8,6.9,10.5,29.2,45.0,0.0,0.0,United Kingdom
London,GB,2016-11-25,12:00:00,1480050000,7.2,5.5,9.7,25.1,44.0,0.0,0.0,United Kingdom
London,GB,2016-11-26,12:00:00,1480136400,5.3,2.4,8.9,14.3,42.0,0.0,0.0,United Kingdom
London,GB,2016-11-27,12:00:00,1480222800,6.5,4.6,8.4,19.6,33.0,0.0,0.0,United Kingdom
London,GB,2016-11-28,12:00:00,1480309200,5.3,2.1,7.4,17.7,65.0,0.0,0.0,United Kingdom
London,GB,2016-11-29,12:00:00,1480395600,0.6,-2.4,5.3,10.6,67.0,0.0,0.0,United Kingdom
London,GB,2016-11-30,12:00:00,1480482000,-0.6,-4.0,4.0,8.7,274.0,0.0,0.0,United Kingdom
London,GB,2016-12-01,12:00:00,1480568400,1.0,-1.9,5.3,10.2,290.0,0.0,0.0,United Kingdom
London,GB,2016-12-02,12:00:00,1480654800,3.1,-0.7,7.0,9.2,354.0,0.0,0.0,United Kingdom
London,GB,2016-12-03,12:00:00,1480741200,4.5,2.5,7.1,17.2,71.0,0.0,0.0,United Kingdom
London,GB,2016-12-04,12:00:00,1480827600,2.4,-0.2,5.4,18.1,81.0,0.0,0.0,United Kingdom
London,GB,2016-12-05,12:00:00,1480914000,1.7,-1.8,6.7,10.0,98.0,0.0,0.0,United Kingdom
London,GB,2016-12-06,12:00:00,1481000400,6.2,2.6,10.2,11.8,161.0,0.0,0.0,United Kingdom
London,GB,2016-12-07,12:00:00,1481086800,10.1,8.9,12.4,20.5,203.0,0.0,0.0,United Kingdom
London,GB,2016-12-08,12:00:00,1481173200,11.2,9.8,12.8,21.6,217.0,0.4,0.0,United Kingdom
London,GB,2016-12-09,12:00:00,1481259600,11.4,9.4,12.9,19.2,209.0,0.0,0.0,United Kingdom
London,GB,2016-12-10,12:00:00,1481346000,11.4,9.5,12.4,26.0,226.0,5.4,0.0,United Kingdom
London,GB,2016-12-11,12:00:00,1481432400,6.4,4.1,8.8,15.4,266.0,0.0,0.0,United Kingdom
London,GB,2016-12-12,12:00:00,1481518800,6.6,2.0,10.4,16.4,180.0,1.4,0.0,United Kingdom
London,GB,2016-12-13,12:00:00,1481605200,10.3,7.5,11.8,17.3,194.0,0.0,0.0,United Kingdom
London,GB,2016-12-14,12:00:00,1481691600,8.9,6.0,11.5,15.5,158.0,0.0,0.0,United Kingdom
London,GB,2016-12-15,12:00:00,1481778000,7.2,4.6,9.9,15.5,148.0,0.0,0.0,United Kingdom
London,GB,2016-12-16,12:00:00,1481864400,8.4,7.1,9.8,11.4,140.0,0.0,0.0,United Kingdom
London,GB,2016-12-17,12:00:00,1481950800,7.2,5.5,8.0,7.2,234.0,0.0,0.0,United Kingdom
London,GB,2016-12-18,12:00:00,1482037200,7.1,5.3,8.4,6.1,252.0,0.1,0.0,United Kingdom
London,GB,2016-12-19,12:00:00,1482123600,5.6,4.9,6.5,10.1,44.0,0.0,0.0,United Kingdom
London,GB,2016-12-20,12:00:00,1482210000,4.1,1.6,6.2,17.7,138.0,0.0,0.0,United Kingdom
London,GB,2016-12-21,12:00:00,1482296400,8.6,4.2,10.9,25.1,212.0,0.4,0.0,United Kingdom
London,GB,2016-12-22,12:00:00,1482382800,5.7,2.0,8.6,15.8,237.0,0.0,0.0,United Kingdom
London,GB,2016-12-23,12:00:00,1482469200,7.9,4.3,11.2,35.3,216.0,1.0,0.0,United Kingdom
London,GB,2016-12-24,12:00:00,1482555600,7.3,4.8,9.4,26.3,244.0,0.0,0.0,United Kingdom
London,GB,2016-12-25,12:00:00,1482642000,10.4,8.5,11.8,28.5,237.0,0.0,0.0,United Kingdom
London,GB,2016-12-26,12:00:00,1482728400,7.3,2.2,11.5,25.6,265.0,0.2,0.0,United Kingdom
London,GB,2016-12-27,12:00:00,1482814800,1.7,-1.2,5.9,11.9,276.0,0.0,0.0,United Kingdom
London,GB,2016-12-28,12:00:00,1482901200,1.9,-1.0,5.4,11.8,137.0,0.0,0.0,United Kingdom
London,GB,2016-12-29,12:00:00,1482987600,1.1,-1.5,6.2,11.4,168.0,0.0,0.0,United Kingdom
London,GB,2016-12-30,12:00:00,1483074000,1.9,-0.9,4.9,9.7,239.0,0.0,0.0,United Kingdom
London,GB,2016-12-31,12:00:00,1483160400,6.3,5.1,7.2,14.8,227.0,0.0,0.0,United Kingdom
London,GB,2017-01-01,12:00:00,1483246800,5.9,4.4,8.1,25.9,256.0,9.6,0.0,United Kingdom
London,GB,2017-01-02,12:00:00,1483333200,1.6,-2.8,4.5,17.2,354.0,0.3,0.0,United Kingdom
London,GB,2017-01-03,12:00:00,1483419600,0.7,-2.6,4.7,18.8,256.0,0.0,0.0,United Kingdom
London,GB,2017-01-04,12:00:00,1483506000,4.3,-0.3,7.5,19.0,307.0,0.0,0.0,United Kingdom
London,GB,2017-01-05,12:00:00,1483592400,0.2,-2.7,4.6,12.2,356.0,0.0,0.0,United Kingdom
London,GB,2017-01-06,12:00:00,1483678800,1.9,-2.7,4.7,16.9,198.0,2.4,0.0,United Kingdom
London,GB,2017-01-07,12:00:00,1483765200,6.3,4.7,8.6,18.7,251.0,5.4,0.0,United Kingdom
London,GB,2017-01-08,12:00:00,1483851600,6.8,4.6,9.0,7.4,237.0,1.5,0.0,United Kingdom
London,GB,2017-01-09,12:00:00,1483938000,7.7,3.1,9.6,26.8,232.0,2.5,0.0,United Kingdom
London,GB,2017-01-10,12:00:00,1484024400,5.5,3.0,8.7,18.6,263.0,0.2,0.0,United Kingdom
London,GB,2017-01-11,12:00:00,1484110800,7.6,4.3,10.4,25.4,269.0,0.0,0.0,United Kingdom
London,GB,2017-01-12,12:00:00,1484197200,4.4,1.7,6.1,34.1,271.0,17.8,3.99,United Kingdom
London,GB,2017-01-13,12:00:00,1484283600,1.9,-0.3,5.4,33.4,295.0,1.1,0.35,United Kingdom
London,GB,2017-01-14,12:00:00,1484370000,1.5,-1.0,5.3,19.5,294.0,2.0,0.63,United Kingdom
London,GB,2017-01-15,12:00:00,1484456400,4.7,-0.6,8.2,19.5,296.0,8.1,0.0,United Kingdom
London,GB,2017-01-16,12:00:00,1484542800,4.1,0.6,5.9,9.5,85.0,2.4,0.0,United Kingdom
London,GB,2017-01-17,12:00:00,1484629200,0.9,-3.5,4.6,10.3,125.0,0.0,0.0,United Kingdom
London,GB,2017-01-18,12:00:00,1484715600,-1.2,-3.7,3.4,10.8,97.0,0.0,0.0,United Kingdom
London,GB,2017-01-19,12:00:00,1484802000,0.3,-2.8,5.8,12.2,55.0,0.0,0.0,United Kingdom
London,GB,2017-01-20,12:00:00,1484888400,0.5,-2.2,5.7,16.5,63.0,0.0,0.0,United Kingdom
London,GB,2017-01-21,12:00:00,1484974800,-1.0,-3.2,3.7,13.4,101.0,0.0,0.0,United Kingdom
London,GB,2017-01-22,12:00:00,1485061200,-0.5,-4.7,5.7,10.5,135.0,0.0,0.0,United Kingdom
London,GB,2017-01-23,12:00:00,1485147600,-0.8,-3.1,2.9,9.7,242.0,0.0,0.0,United Kingdom
London,GB,2017-01-24,12:00:00,1485234000,1.3,-1.8,7.9,11.8,233.0,0.0,0.0,United Kingdom
London,GB,2017-01-25,12:00:00,1485320400,1.0,-1.3,4.0,9.8,143.0,0.0,0.0,United Kingdom
London,GB,2017-01-26,12:00:00,1485406800,-1.1,-2.9,1.5,15.9,117.0,0.0,0.0,United Kingdom
London,GB,2017-01-27,12:00:00,1485493200,1.5,-2.8,6.2,19.5,126.0,0.0,0.0,United Kingdom
London,GB,2017-01-28,12:00:00,1485579600,5.6,1.7,9.1,23.3,195.0,0.5,0.0,United Kingdom
London,GB,2017-01-29,12:00:00,1485666000,5.1,-0.3,10.2,30.7,198.0,10.0,0.0,United Kingdom
London,GB,2017-01-30,12:00:00,1485752400,7.3,5.4,10.5,25.8,92.0,0.6,0.0,United Kingdom
London,GB,2017-01-31,12:00:00,1485838800,6.6,5.1,9.2,17.7,123.0,3.2,0.0,United Kingdom
London,GB,2017-02-01,12:00:00,1485925200,9.9,9.1,10.7,20.9,182.0,3.7,0.0,United Kingdom
London,GB,2017-02-02,12:00:00,1486011600,10.1,9.2,11.3,29.5,177.0,1.4,0.0,United Kingdom
London,GB,2017-02-03,12:00:00,1486098000,8.0,5.0,10.3,32.4,179.0,2.3,0.0,United Kingdom
London,GB,2017-02-04,12:00:00,1486184400,4.2,1.2,8.0,21.7,201.0,2.9,0.0,United Kingdom
London,GB,2017-02-05,12:00:00,1486270800,4.4,2.2,6.9,18.9,29.0,3.3,0.0,United Kingdom
London,GB,2017-02-06,12:00:00,1486357200,3.7,-1.5,8.0,17.4,187.0,3.2,0.0,United Kingdom
London,GB,2017-02-07,12:00:00,1486443600,6.1,2.4,10.0,16.6,254.0,1.3,0.0,United Kingdom
London,GB,2017-02-08,12:00:00,1486530000,3.2,-1.3,5.6,12.9,23.0,0.2,0.0,United Kingdom
London,GB,2017-02-09,12:00:00,1486616400,1.8,-1.7,3.1,18.1,50.0,0.0,0.0,United Kingdom
London,GB,2017-02-10,12:00:00,1486702800,1.5,-1.3,3.0,18.7,32.0,0.3,0.0,United Kingdom
London,GB,2017-02-11,12:00:00,1486789200,1.6,-0.5,3.7,19.9,15.0,1.0,0.21,United Kingdom
London,GB,2017-02-12,12:00:00,1486875600,3.0,0.9,5.5,23.5,60.0,0.7,0.0,United Kingdom
London,GB,2017-02-13,12:00:00,1486962000,5.2,3.5,8.0,30.0,79.0,0.0,0.0,United Kingdom
London,GB,2017-02-14,12:00:00,1487048400,6.3,1.4,11.6,16.8,109.0,0.0,0.0,United Kingdom
London,GB,2017-02-15,12:00:00,1487134800,8.1,5.0,12.0,21.7,190.0,2.2,0.0,United Kingdom
London,GB,2017-02-16,12:00:00,1487221200,7.3,4.1,11.1,18.7,240.0,0.5,0.0,United Kingdom
London,GB,2017-02-17,12:00:00,1487307600,7.5,4.1,11.3,13.9,242.0,0.1,0.0,United Kingdom
London,GB,2017-02-18,12:00:00,1487394000,6.9,3.5,11.7,16.4,206.0,0.0,0.0,United Kingdom
London,GB,2017-02-19,12:00:00,1487480400,7.3,3.7,10.8,17.1,248.0,0.0,0.0,United Kingdom
London,GB,2017-02-20,12:00:00,1487566800,11.6,8.9,16.0,26.8,255.0,0.0,0.0,United Kingdom
London,GB,2017-02-21,12:00:00,1487653200,11.0,10.0,12.4,27.5,252.0,1.0,0.0,United Kingdom
London,GB,2017-02-22,12:00:00,1487739600,11.7,10.8,13.3,32.9,248.0,0.5,0.0,United Kingdom
London,GB,2017-02-23,12:00:00,1487826000,9.3,5.3,11.1,53.4,252.0,1.9,0.0,United Kingdom
London,GB,2017-02-24,12:00:00,1487912400,5.2,2.0,8.5,22.4,286.0,0.0,0.0,United Kingdom
London,GB,2017-02-25,12:00:00,1487998800,8.2,4.5,10.3,36.2,218.0,1.8,0.0,United Kingdom
London,GB,2017-02-26,12:00:00,1488085200,10.3,9.1,11.8,35.0,221.0,0.6,0.0,United Kingdom
London,GB,2017-02-27,12:00:00,1488171600,7.3,3.3,9.7,29.2,215.0,11.2,0.0,United Kingdom
London,GB,2017-02-28,12:00:00,1488258000,4.0,0.4,7.1,29.1,244.0,3.7,0.0,United Kingdom
London,GB,2017-03-01,12:00:00,1488344400,6.1,4.0,8.1,31.7,242.0,0.6,0.0,United Kingdom
London,GB,2017-03-02,12:00:00,1488430800,6.8,4.4,10.4,41.1,252.0,0.0,0.0,United Kingdom
London,GB,2017-03-03,12:00:00,1488517200,7.8,5.0,11.5,23.1,162.0,4.4,0.0,United Kingdom
London,GB,2017-03-04,12:00:00,1488603600,8.0,5.2,11.0,25.3,211.0,1.0,0.0,United Kingdom
London,GB,2017-03-05,12:00:00,1488690000,6.5,4.7,9.7,34.8,230.0,6.7,0.0,United Kingdom
London,GB,2017-03-06,12:00:00,1488776400,6.2,2.0,10.1,27.0,283.0,0.6,0.0,United Kingdom
London,GB,2017-03-07,12:00:00,1488862800,6.3,3.3,9.8,15.3,259.0,1.2,0.0,United Kingdom
London,GB,2017-03-08,12:00:00,1488949200,10.3,7.0,13.8,25.2,236.0,5.8,0.0,United Kingdom
London,GB,2017-03-09,12:00:00,1489035600,11.1,6.3,15.3,23.3,271.0,0.0,0.0,United Kingdom
London,GB,2017-03-10,12:00:00,1489122000,8.6,4.7,12.0,14.8,155.0,0.1,0.0,United Kingdom
London,GB,2017-03-11,12:00:00,1489208400,11.3,8.4,15.3,13.6,164.0,0.0,0.0,United Kingdom
London,GB,2017-03-12,12:00:00,1489294800,10.0,7.2,13.0,16.9,324.0,2.0,0.0,United Kingdom
London,GB,2017-03-13,12:00:00,1489381200,10.0,5.1,13.9,16.7,299.0,0.0,0.0,United Kingdom
London,GB,2017-03-14,12:00:00,1489467600,10.4,7.7,15.1,18.5,260.0,0.0,0.0,United Kingdom
London,GB,2017-03-15,12:00:00,1489554000,10.6,7.2,15.8,10.2,256.0,0.0,0.0,United Kingdom
London,GB,2017-03-16,12:00:00,1489640400,9.3,6.0,13.5,21.9,239.0,0.0,0.0,United Kingdom
London,GB,2017-03-17,12:00:00,1489726800,8.0,3.7,10.6,33.0,256.0,0.7,0.0,United Kingdom
London,GB,2017-03-18,12:00:00,1489813200,12.0,9.8,14.1,33.2,259.0,0.8,0.0,United Kingdom
London,GB,2017-03-19,12:00:00,1489899600,12.3,11.1,14.7,36.1,250.0,0.0,0.0,United Kingdom
London,GB,2017-03-20,12:00:00,1489986000,10.4,6.4,12.4,35.5,228.0,4.5,0.0,United Kingdom
London,GB,2017-03-21,12:00:00,1490072400,6.7,3.5,10.0,26.3,240.0,0.5,0.0,United Kingdom
London,GB,2017-03-22,12:00:00,1490158800,6.4,3.3,8.8,31.1,162.0,3.2,0.0,United Kingdom
London,GB,2017-03-23,12:00:00,1490245200,7.5,3.0,11.1,33.2,59.0,6.4,0.0,United Kingdom
London,GB,2017-03-24,12:00:00,1490331600,8.0,5.5,11.6,29.0,56.0,0.0,0.0,United Kingdom
London,GB,2017-03-25,12:00:00,1490418000,8.3,3.9,13.8,29.8,52.0,0.0,0.0,United Kingdom
London,GB,2017-03-26,12:00:00,1490504400,8.7,5.4,13.6,25.3,67.0,0.0,0.0,United Kingdom
London,GB,2017-03-27,12:00:00,1490590800,8.8,4.3,15.2,14.7,67.0,0.0,0.0,United Kingdom
London,GB,2017-03-28,12:00:00,1490677200,9.9,4.1,16.3,25.4,213.0,0.0,0.0,United Kingdom
London,GB,2017-03-29,12:00:00,1490763600,12.6,11.0,14.9,27.5,216.0,0.7,0.0,United Kingdom
London,GB,2017-03-30,12:00:00,1490850000,14.4,9.6,19.4,20.0,191.0,1.7,0.0,United Kingdom
London,GB,2017-03-31,12:00:00,1490936400,12.7,9.5,15.3,29.8,209.0,0.0,0.0,United Kingdom
London,GB,2017-04-01,12:00:00,1491022800,10.7,7.1,14.4,24.1,210.0,0.0,0.0,United Kingdom
London,GB,2017-04-02,12:00:00,1491109200,9.6,4.5,14.7,10.3,316.0,0.1,0.0,United Kingdom
London,GB,2017-04-03,12:00:00,1491195600,9.8,4.2,15.7,19.6,196.0,0.0,0.0,United Kingdom
London,GB,2017-04-04,12:00:00,1491282000,10.9,7.2,15.4,20.7,317.0,1.1,0.0,United Kingdom
London,GB,2017-04-05,12:00:00,1491368400,9.9,5.1,13.6,14.9,336.0,0.0,0.0,United Kingdom
London,GB,2017-04-06,12:00:00,1491454800,10.6,5.0,15.3,9.8,316.0,0.0,0.0,United Kingdom
London,GB,2017-04-07,12:00:00,1491541200,10.2,4.9,15.8,10.2,317.0,0.0,0.0,United Kingdom
London,GB,2017-04-08,12:00:00,1491627600,11.0,4.0,18.4,10.8,164.0,0.0,0.0,United Kingdom
London,GB,2017-04-09,12:00:00,1491714000,13.5,6.8,21.6,20.8,191.0,0.0,0.0,United Kingdom
London,GB,2017-04-10,12:00:00,1491800400,10.3,7.4,12.6,20.0,317.0,0.0,0.0,United Kingdom
London,GB,2017-04-11,12:00:00,1491886800,9.9,4.5,14.5,18.7,280.0,0.0,0.0,United Kingdom
London,GB,2017-04-12,12:00:00,1491973200,10.4,5.3,15.4,26.2,273.0,0.0,0.0,United Kingdom
London,GB,2017-04-13,12:00:00,1492059600,9.7,5.1,12.6,14.3,292.0,0.0,0.0,United Kingdom
London,GB,2017-04-14,12:00:00,1492146000,10.6,6.3,14.2,21.4,254.0,0.0,0.0,United Kingdom
London,GB,2017-04-15,12:00:00,1492232400,10.2,6.8,13.4,22.7,287.0,0.7,0.0,United Kingdom
London,GB,2017-04-16,12:00:00,1492318800,9.4,5.1,13.9,22.7,279.0,0.0,0.0,United Kingdom
London,GB,2017-04-17,12:00:00,1492405200,9.3,7.6,11.3,17.1,355.0,0.0,0.0,United Kingdom
London,GB,2017-04-18,12:00:00,1492491600,7.5,3.0,11.7,24.5,21.0,0.0,0.0,United Kingdom
London,GB,2017-04-19,12:00:00,1492578000,7.0,2.2,11.4,11.9,79.0,0.0,0.0,United Kingdom
London,GB,2017-04-20,12:00:00,1492664400,9.2,4.0,13.2,15.9,237.0,0.0,0.0,United Kingdom
London,GB,2017-04-21,12:00:00,1492750800,11.4,7.0,15.1,18.5,295.0,0.0,0.0,United Kingdom
London,GB,2017-04-22,12:00:00,1492837200,10.4,7.2,12.9,12.4,341.0,0.6,0.0,United Kingdom
London,GB,2017-04-23,12:00:00,1492923600,10.2,6.6,14.3,13.0,192.0,0.6,0.0,United Kingdom
London,GB,2017-04-24,12:00:00,1493010000,9.5,5.2,13.9,20.4,277.0,0.9,0.0,United Kingdom
London,GB,2017-04-25,12:00:00,1493096400,5.7,1.0,10.6,20.4,323.0,0.7,0.0,United Kingdom
London,GB,2017-04-26,12:00:00,1493182800,5.7,2.2,10.1,25.2,355.0,2.3,0.0,United Kingdom
London,GB,2017-04-27,12:00:00,1493269200,6.0,-0.6,10.8,19.9,288.0,1.0,0.0,United Kingdom
London,GB,2017-04-28,12:00:00,1493355600,9.3,5.9,13.2,12.3,322.0,1.9,0.0,United Kingdom
London,GB,2017-04-29,12:00:00,1493442000,10.9,6.6,14.2,20.8,167.0,0.1,0.0,United Kingdom
London,GB,2017-04-30,12:00:00,1493528400,12.5,8.3,16.9,25.3,118.0,1.5,0.0,United Kingdom
London,GB,2017-05-01,12:00:00,1493614800,10.3,8.1,13.4,22.6,118.0,5.8,0.0,United Kingdom
London,GB,2017-05-02,12:00:00,1493701200,11.1,5.8,16.1,17.6,47.0,1.2,0.0,United Kingdom
London,GB,2017-05-03,12:00:00,1493787600,9.1,6.1,11.4,26.2,28.0,0.7,0.0,United Kingdom
London,GB,2017-05-04,12:00:00,1493874000,10.9,8.3,14.0,24.4,39.0,0.2,0.0,United Kingdom
London,GB,2017-05-05,12:00:00,1493960400,10.9,8.0,14.6,33.2,64.0,0.0,0.0,United Kingdom
London,GB,2017-05-06,12:00:00,1494046800,11.7,8.6,15.1,26.0,48.0,0.2,0.0,United Kingdom
London,GB,2017-05-07,12:00:00,1494133200,11.2,7.3,16.8,18.6,5.0,0.4,0.0,United Kingdom
London,GB,2017-05-08,12:00:00,1494219600,9.4,7.1,11.4,22.1,8.0,0.0,0.0,United Kingdom
London,GB,2017-05-09,12:00:00,1494306000,9.2,6.8,12.1,14.4,47.0,0.0,0.0,United Kingdom
London,GB,2017-05-10,12:00:00,1494392400,10.5,5.8,16.5,18.0,94.0,0.0,0.0,United Kingdom
London,GB,2017-05-11,12:00:00,1494478800,13.4,6.9,20.0,17.3,85.0,0.2,0.0,United Kingdom
London,GB,2017-05-12,12:00:00,1494565200,14.2,11.0,17.5,26.0,195.0,5.1,0.0,United Kingdom
London,GB,2017-05-13,12:00:00,1494651600,13.3,10.3,17.1,25.2,215.0,1.1,0.0,United Kingdom
London,GB,2017-05-14,12:00:00,1494738000,14.1,10.3,17.9,23.2,223.0,1.1,0.0,United Kingdom
London,GB,2017-05-15,12:00:00,1494824400,13.8,8.5,17.6,27.2,194.0,1.1,0.0,United Kingdom
London,GB,2017-05-16,12:00:00,1494910800,18.0,15.0,22.6,29.8,217.0,1.7,0.0,United Kingdom
London,GB,2017-05-17,12:00:00,1494997200,15.5,12.5,18.8,14.8,277.0,26.3,0.0,United Kingdom
London,GB,2017-05-18,12:00:00,1495083600,12.6,10.8,15.7,10.8,299.0,10.2,0.0,United Kingdom
London,GB,2017-05-19,12:00:00,1495170000,11.2,8.4,14.0,14.8,280.0,9.7,0.0,United Kingdom
London,GB,2017-05-20,12:00:00,1495256400,11.5,6.7,15.2,28.5,221.0,1.8,0.0,United Kingdom
London,GB,2017-05-21,12:00:00,1495342800,13.6,8.8,18.4,16.2,184.0,0.0,0.0,United Kingdom
London,GB,2017-05-22,12:00:00,1495429200,16.5,10.5,22.7,17.0,157.0,0.0,0.0,United Kingdom
London,GB,2017-05-23,12:00:00,1495515600,15.8,11.0,19.1,15.1,266.0,0.0,0.0,United Kingdom
London,GB,2017-05-24,12:00:00,1495602000,18.1,11.5,23.1,10.5,324.0,0.0,0.0,United Kingdom
London,GB,2017-05-25,12:00:00,1495688400,18.3,12.6,24.1,19.1,97.0,0.0,0.0,United Kingdom
London,GB,2017-05-26,12:00:00,1495774800,18.8,12.8,25.2,22.4,96.0,0.0,0.0,United Kingdom
London,GB,2017-05-27,12:00:00,1495861200,18.2,14.0,22.0,29.6,196.0,0.8,0.0,United Kingdom
London,GB,2017-05-28,12:00:00,1495947600,17.4,10.8,22.9,11.5,133.0,0.3,0.0,United Kingdom
London,GB,2017-05-29,12:00:00,1496034000,17.4,13.8,21.6,21.1,138.0,5.6,0.0,United Kingdom
London,GB,2017-05-30,12:00:00,1496120400,16.9,13.7,19.5,23.6,254.0,0.4,0.0,United Kingdom
London,GB,2017-05-31,12:00:00,1496206800,16.9,11.8,20.6,10.8,241.0,0.9,0.0,United Kingdom
London,GB,2017-06-01,12:00:00,1496293200,17.0,10.4,22.3,12.1,213.0,0.0,0.0,United Kingdom
London,GB,2017-06-02,12:00:00,1496379600,17.3,11.6,23.7,10.6,248.0,3.2,0.0,United Kingdom
London,GB,2017-06-03,12:00:00,1496466000,16.6,13.9,20.8,23.6,271.0,0.3,0.0,United Kingdom
London,GB,2017-06-04,12:00:00,1496552400,14.2,9.8,17.7,25.3,237.0,0.9,0.0,United Kingdom
London,GB,2017-06-05,12:00:00,1496638800,14.1,11.4,17.7,35.8,197.0,7.7,0.0,United Kingdom
London,GB,2017-06-06,12:00:00,1496725200,12.9,10.4,16.4,41.9,244.0,12.4,0.0,United Kingdom
London,GB,2017-06-07,12:00:00,1496811600,14.3,10.7,19.0,33.7,254.0,0.4,0.0,United Kingdom
London,GB,2017-06-08,12:00:00,1496898000,15.3,12.9,18.0,36.4,215.0,1.6,0.0,United Kingdom
London,GB,2017-06-09,12:00:00,1496984400,15.7,11.9,19.2,27.4,241.0,0.7,0.0,United Kingdom
London,GB,2017-06-10,12:00:00,1497070800,17.3,13.0,21.3,29.4,207.0,0.0,0.0,United Kingdom
London,GB,2017-06-11,12:00:00,1497157200,17.8,14.6,21.1,31.3,228.0,0.1,0.0,United Kingdom
London,GB,2017-06-12,12:00:00,1497243600,15.1,11.5,18.3,28.5,255.0,0.9,0.0,United Kingdom
London,GB,2017-06-13,12:00:00,1497330000,16.2,10.1,21.0,10.1,277.0,0.0,0.0,United Kingdom
London,GB,2017-06-14,12:00:00,1497416400,18.7,11.8,24.4,14.9,124.0,0.0,0.0,United Kingdom
London,GB,2017-06-15,12:00:00,1497502800,17.9,13.6,23.0,29.3,259.0,0.0,0.0,United Kingdom
London,GB,2017-06-16,12:00:00,1497589200,17.2,11.7,21.9,18.6,276.0,0.0,0.0,United Kingdom
London,GB,2017-06-17,12:00:00,1497675600,20.9,14.7,26.9,14.5,246.0,0.0,0.0,United Kingdom
London,GB,2017-06-18,12:00:00,1497762000,22.9,15.7,29.2,9.4,187.0,0.0,0.0,United Kingdom
London,GB,2017-06-19,12:00:00,1497848400,23.4,16.0,29.4,14.7,91.0,0.0,0.0,United Kingdom
London,GB,2017-06-20,12:00:00,1497934800,22.1,16.0,29.1,19.1,85.0,0.0,0.0,United Kingdom
London,GB,2017-06-21,12:00:00,1498021200,23.6,15.9,31.6,15.5,117.0,0.0,0.0,United Kingdom
London,GB,2017-06-22,12:00:00,1498107600,21.3,18.9,23.5,27.6,255.0,1.3,0.0,United Kingdom
London,GB,2017-06-23,12:00:00,1498194000,18.5,13.3,22.4,28.5,250.0,0.0,0.0,United Kingdom
London,GB,2017-06-24,12:00:00,1498280400,18.7,16.2,21.4,27.7,242.0,3.1,0.0,United Kingdom
London,GB,2017-06-25,12:00:00,1498366800,18.2,14.6,21.8,29.4,256.0,1.2,0.0,United Kingdom
London,GB,2017-06-26,12:00:00,1498453200,17.6,12.6,22.1,15.8,46.0,1.7,0.0,United Kingdom
London,GB,2017-06-27,12:00:00,1498539600,17.0,14.3,21.2,15.6,83.0,18.7,0.0,United Kingdom
London,GB,2017-06-28,12:00:00,1498626000,15.1,13.4,16.6,18.1,352.0,8.9,0.0,United Kingdom
London,GB,2017-06-29,12:00:00,1498712400,14.4,10.4,17.5,16.6,257.0,0.4,0.0,United Kingdom
London,GB,2017-06-30,12:00:00,1498798800,17.0,12.8,20.5,16.4,302.0,0.3,0.0,United Kingdom
London,GB,2017-07-01,12:00:00,1498885200,17.4,14.7,20.3,19.0,300.0,0.0,0.0,United Kingdom
London,GB,2017-07-02,12:00:00,1498971600,17.9,14.8,21.9,18.8,301.0,0.4,0.0,United Kingdom
London,GB,2017-07-03,12:00:00,1499058000,17.7,13.5,21.8,21.7,253.0,0.2,0.0,United Kingdom
London,GB,2017-07-04,12:00:00,1499144400,18.3,13.3,22.2,12.9,241.0,0.1,0.0,United Kingdom
London,GB,2017-07-05,12:00:00,1499230800,19.9,12.5,26.1,15.0,61.0,0.0,0.0,United Kingdom
London,GB,2017-07-06,12:00:00,1499317200,21.3,15.7,28.2,17.9,115.0,5.0,0.0,United Kingdom
London,GB,2017-07-07,12:00:00,1499403600,21.8,16.7,27.2,18.8,275.0,0.0,0.0,United Kingdom
London,GB,2017-07-08,12:00:00,1499490000,20.4,16.7,24.6,13.7,325.0,0.0,0.0,United Kingdom
London,GB,2017-07-09,12:00:00,1499576400,20.7,15.6,24.9,14.5,185.0,0.1,0.0,United Kingdom
London,GB,2017-07-10,12:00:00,1499662800,19.5,14.7,23.6,19.5,267.0,1.3,0.0,United Kingdom
London,GB,2017-07-11,12:00:00,1499749200,16.2,14.1,18.5,22.2,216.0,7.6,0.0,United Kingdom
London,GB,2017-07-12,12:00:00,1499835600,16.9,14.0,20.3,27.4,19.0,5.4,0.0,United Kingdom
London,GB,2017-07-13,12:00:00,1499922000,16.4,11.3,20.5,13.1,198.0,0.1,0.0,United Kingdom
London,GB,2017-07-14,12:00:00,1500008400,16.8,13.8,19.4,20.4,288.0,1.3,0.0,United Kingdom
London,GB,2017-07-15,12:00:00,1500094800,17.2,13.0,21.8,22.4,246.0,2.4,0.0,United Kingdom
London,GB,2017-07-16,12:00:00,1500181200,20.4,17.6,23.4,16.9,267.0,0.7,0.0,United Kingdom
London,GB,2017-07-17,12:00:00,1500267600,19.3,15.0,24.1,15.2,30.0,0.7,0.0,United Kingdom
London,GB,2017-07-18,12:00:00,1500354000,20.0,15.2,24.7,27.5,82.0,0.5,0.0,United Kingdom
London,GB,2017-07-19,12:00:00,1500440400,20.2,17.4,24.3,28.3,181.0,3.5,0.0,United Kingdom
London,GB,2017-07-20,12:00:00,1500526800,17.3,14.0,19.4,25.8,238.0,2.3,0.0,United Kingdom
London,GB,2017-07-21,12:00:00,1500613200,17.4,13.2,20.9,29.5,178.0,2.8,0.0,United Kingdom
London,GB,2017-07-22,12:00:00,1500699600,15.2,12.8,19.0,22.7,193.0,13.4,0.0,United Kingdom
London,GB,2017-07-23,12:00:00,1500786000,15.0,10.7,18.6,20.4,253.0,2.3,0.0,United Kingdom
London,GB,2017-07-24,12:00:00,1500872400,15.7,13.7,17.4,27.7,328.0,2.8,0.0,United Kingdom
London,GB,2017-07-25,12:00:00,1500958800,16.9,12.4,21.1,14.5,340.0,0.0,0.0,United Kingdom
London,GB,2017-07-26,12:00:00,1501045200,17.0,14.8,19.4,25.9,213.0,1.5,0.0,United Kingdom
London,GB,2017-07-27,12:00:00,1501131600,16.7,14.0,19.8,25.8,241.0,1.3,0.0,United Kingdom
London,GB,2017-07-28,12:00:00,1501218000,16.8,13.7,20.5,33.1,224.0,0.6,0.0,United Kingdom
London,GB,2017-07-29,12:00:00,1501304400,17.1,15.5,19.9,30.1,228.0,10.3,0.0,United Kingdom
London,GB,2017-07-30,12:00:00,1501390800,17.0,14.6,19.5,27.8,233.0,7.2,0.0,United Kingdom
London,GB,2017-07-31,12:00:00,1501477200,16.7,13.4,20.2,22.4,222.0,0.0,0.0,United Kingdom
London,GB,2017-08-01,12:00:00,1501563600,16.6,12.3,20.8,23.9,223.0,0.5,0.0,United Kingdom
London,GB,2017-08-02,12:00:00,1501650000,16.6,14.2,18.4,30.4,195.0,4.5,0.0,United Kingdom
London,GB,2017-08-03,12:00:00,1501736400,18.2,15.3,20.4,39.8,228.0,0.5,0.0,United Kingdom
London,GB,2017-08-04,12:00:00,1501822800,17.4,14.1,20.6,26.3,245.0,0.0,0.0,United Kingdom
London,GB,2017-08-05,12:00:00,1501909200,16.3,13.6,19.2,19.1,278.0,0.5,0.0,United Kingdom
London,GB,2017-08-06,12:00:00,1501995600,15.5,10.2,20.6,20.3,238.0,0.0,0.0,United Kingdom
London,GB,2017-08-07,12:00:00,1502082000,16.2,12.7,19.4,17.5,229.0,3.4,0.0,United Kingdom
London,GB,2017-08-08,12:00:00,1502168400,15.2,13.0,18.4,20.1,301.0,3.0,0.0,United Kingdom
London,GB,2017-08-09,12:00:00,1502254800,13.6,11.6,15.7,26.3,347.0,14.2,0.0,United Kingdom
London,GB,2017-08-10,12:00:00,1502341200,14.8,11.5,19.1,23.8,11.0,0.0,0.0,United Kingdom
London,GB,2017-08-11,12:00:00,1502427600,15.3,9.9,20.8,23.8,247.0,0.0,0.0,United Kingdom
London,GB,2017-08-12,12:00:00,1502514000,17.8,15.1,20.7,20.9,264.0,0.2,0.0,United Kingdom
London,GB,2017-08-13,12:00:00,1502600400,15.9,9.8,21.3,11.3,278.0,0.0,0.0,United Kingdom
London,GB,2017-08-14,12:00:00,1502686800,16.6,10.5,22.8,18.9,182.0,0.0,0.0,United Kingdom
London,GB,2017-08-15,12:00:00,1502773200,17.3,13.5,21.3,16.2,264.0,2.3,0.0,United Kingdom
London,GB,2017-08-16,12:00:00,1502859600,15.6,10.4,20.6,19.7,209.0,0.0,0.0,United Kingdom
London,GB,2017-08-17,12:00:00,1502946000,18.8,15.9,23.0,25.3,220.0,4.5,0.0,United Kingdom
London,GB,2017-08-18,12:00:00,1503032400,16.2,13.6,19.0,29.3,240.0,3.2,0.0,United Kingdom
London,GB,2017-08-19,12:00:00,1503118800,15.8,12.4,19.1,27.5,262.0,0.0,0.0,United Kingdom
London,GB,2017-08-20,12:00:00,1503205200,15.7,11.1,19.9,18.2,246.0,4.8,0.0,United Kingdom
London,GB,2017-08-21,12:00:00,1503291600,16.6,14.2,18.7,15.5,130.0,4.2,0.0,United Kingdom
London,GB,2017-08-22,12:00:00,1503378000,18.4,15.3,22.6,16.2,108.0,0.5,0.0,United Kingdom
London,GB,2017-08-23,12:00:00,1503464400,18.6,15.2,21.7,21.0,244.0,0.2,0.0,United Kingdom
London,GB,2017-08-24,12:00:00,1503550800,16.7,12.5,20.3,17.4,250.0,0.0,0.0,United Kingdom
London,GB,2017-08-25,12:00:00,1503637200,16.7,10.7,23.1,13.8,277.0,0.0,0.0,United Kingdom
London,GB,2017-08-26,12:00:00,1503723600,18.3,13.9,24.3,13.0,283.0,0.0,0.0,United Kingdom
London,GB,2017-08-27,12:00:00,1503810000,19.0,14.1,24.4,9.1,19.0,0.0,0.0,United Kingdom
London,GB,2017-08-28,12:00:00,1503896400,19.9,13.5,26.2,11.0,173.0,0.0,0.0,United Kingdom
London,GB,2017-08-29,12:00:00,1503982800,19.4,15.5,24.7,17.6,291.0,1.3,0.0,United Kingdom
London,GB,2017-08-30,12:00:00,1504069200,14.0,11.8,16.9,18.4,350.0,8.4,0.0,United Kingdom
London,GB,2017-08-31,12:00:00,1504155600,13.3,8.7,18.6,22.0,234.0,7.4,0.0,United Kingdom
London,GB,2017-09-01,12:00:00,1504242000,14.7,9.4,19.5,12.1,341.0,0.1,0.0,United Kingdom
London,GB,2017-09-02,12:00:00,1504328400,15.1,10.1,19.6,12.3,264.0,0.4,0.0,United Kingdom
London,GB,2017-09-03,12:00:00,1504414800,14.7,11.9,18.2,20.2,165.0,2.7,0.0,United Kingdom
London,GB,2017-09-04,12:00:00,1504501200,17.7,14.5,20.7,17.8,197.0,4.7,0.0,United Kingdom
London,GB,2017-09-05,12:00:00,1504587600,17.5,15.4,20.2,25.3,222.0,1.5,0.0,United Kingdom
London,GB,2017-09-06,12:00:00,1504674000,15.0,11.6,18.3,21.8,273.0,0.2,0.0,United Kingdom
London,GB,2017-09-07,12:00:00,1504760400,15.4,11.3,19.0,22.2,237.0,0.1,0.0,United Kingdom
London,GB,2017-09-08,12:00:00,1504846800,15.4,12.8,17.3,23.1,240.0,5.4,0.0,United Kingdom
London,GB,2017-09-09,12:00:00,1504933200,13.1,9.5,17.1,22.3,267.0,0.4,0.0,United Kingdom
London,GB,2017-09-10,12:00:00,1505019600,13.0,8.2,17.1,34.7,228.0,1.6,0.0,United Kingdom
London,GB,2017-09-11,12:00:00,1505106000,14.1,11.4,17.6,36.9,249.0,4.2,0.0,United Kingdom
London,GB,2017-09-12,12:00:00,1505192400,13.7,10.1,17.5,38.3,238.0,2.5,0.0,United Kingdom
London,GB,2017-09-13,12:00:00,1505278800,14.4,11.0,16.9,42.7,248.0,2.1,0.0,United Kingdom
London,GB,2017-09-14,12:00:00,1505365200,12.0,8.0,16.2,28.5,279.0,0.5,0.0,United Kingdom
London,GB,2017-09-15,12:00:00,1505451600,11.0,7.2,15.4,14.4,308.0,8.4,0.0,United Kingdom
London,GB,2017-09-16,12:00:00,1505538000,10.7,7.8,14.8,13.0,314.0,3.6,0.0,United Kingdom
London,GB,2017-09-17,12:00:00,1505624400,11.3,7.3,15.7,13.1,353.0,1.7,0.0,United Kingdom
London,GB,2017-09-18,12:00:00,1505710800,12.0,8.9,15.7,17.7,319.0,2.2,0.0,United Kingdom
London,GB,2017-09-19,12:00:00,1505797200,11.4,7.5,14.5,10.2,280.0,1.5,0.0,United Kingdom
London,GB,2017-09-20,12:00:00,1505883600,13.7,9.1,17.4,20.1,218.0,0.6,0.0,United Kingdom
London,GB,2017-09-21,12:00:00,1505970000,14.9,12.2,17.7,28.7,203.0,1.8,0.0,United Kingdom
London,GB,2017-09-22,12:00:00,1506056400,12.9,7.6,17.5,17.7,227.0,0.6,0.0,United Kingdom
London,GB,2017-09-23,12:00:00,1506142800,14.6,11.7,19.1,14.8,170.0,0.0,0.0,United Kingdom
London,GB,2017-09-24,12:00:00,1506229200,15.7,11.5,20.8,17.6,128.0,0.2,0.0,United Kingdom
London,GB,2017-09-25,12:00:00,1506315600,15.0,14.0,16.7,11.5,73.0,10.1,0.0,United Kingdom
London,GB,2017-09-26,12:00:00,1506402000,15.6,13.1,19.0,12.3,65.0,0.2,0.0,United Kingdom
London,GB,2017-09-27,12:00:00,1506488400,15.8,12.2,20.1,17.1,139.0,4.6,0.0,United Kingdom
London,GB,2017-09-28,12:00:00,1506574800,16.4,12.9,19.4,16.0,208.0,3.8,0.0,United Kingdom
London,GB,2017-09-29,12:00:00,1506661200,16.4,12.5,18.4,25.2,213.0,1.4,0.0,United Kingdom
London,GB,2017-09-30,12:00:00,1506747600,13.4,10.2,16.5,19.4,213.0,1.2,0.0,United Kingdom
London,GB,2017-10-01,12:00:00,1506834000,16.1,14.3,17.9,30.0,203.0,1.1,0.0,United Kingdom
London,GB,2017-10-02,12:00:00,1506920400,14.7,12.1,17.1,29.2,258.0,0.5,0.0,United Kingdom
London,GB,2017-10-03,12:00:00,1507006800,12.0,8.8,14.8,20.3,280.0,0.0,0.0,United Kingdom
London,GB,2017-10-04,12:00:00,1507093200,11.9,8.3,15.2,27.6,249.0,0.0,0.0,United Kingdom
London,GB,2017-10-05,12:00:00,1507179600,13.8,10.4,16.3,32.8,282.0,0.4,0.0,United Kingdom
London,GB,2017-10-06,12:00:00,1507266000,11.5,8.3,14.8,18.3,297.0,0.0,0.0,United Kingdom
London,GB,2017-10-07,12:00:00,1507352400,13.4,9.2,16.1,32.1,252.0,0.7,0.0,United Kingdom
London,GB,2017-10-08,12:00:00,1507438800,12.0,9.1,15.8,12.2,286.0,0.2,0.0,United Kingdom
London,GB,2017-10-09,12:00:00,1507525200,13.2,8.9,16.5,15.6,245.0,0.8,0.0,United Kingdom
London,GB,2017-10-10,12:00:00,1507611600,13.8,10.6,16.7,25.1,232.0,0.1,0.0,United Kingdom
London,GB,2017-10-11,12:00:00,1507698000,15.3,12.6,17.0,36.2,225.0,0.7,0.0,United Kingdom
London,GB,2017-10-12,12:00:00,1507784400,13.0,10.2,16.6,20.3,236.0,0.0,0.0,United Kingdom
London,GB,2017-10-13,12:00:00,1507870800,15.4,10.5,18.8,29.0,223.0,0.0,0.0,United Kingdom
London,GB,2017-10-14,12:00:00,1507957200,16.3,12.4,19.7,22.6,222.0,0.0,0.0,United Kingdom
London,GB,2017-10-15,12:00:00,1508043600,15.5,11.7,18.7,24.4,199.0,0.0,0.0,United Kingdom
London,GB,2017-10-16,12:00:00,1508130000,17.3,13.9,22.3,34.4,204.0,0.0,0.0,United Kingdom
London,GB,2017-10-17,12:00:00,1508216400,12.7,10.4,15.5,27.2,232.0,0.9,0.0,United Kingdom
London,GB,2017-10-18,12:00:00,1508302800,13.6,11.2,16.0,15.6,72.0,1.5,0.0,United Kingdom
London,GB,2017-10-19,12:00:00,1508389200,15.1,12.2,18.1,30.5,168.0,6.9,0.0,United Kingdom
London,GB,2017-10-20,12:00:00,1508475600,13.2,12.4,14.8,36.4,225.0,3.9,0.0,United Kingdom
London,GB,2017-10-21,12:00:00,1508562000,13.5,11.3,15.2,42.0,215.0,3.2,0.0,United Kingdom
London,GB,2017-10-22,12:00:00,1508648400,11.1,9.4,13.0,32.1,264.0,0.0,0.0,United Kingdom
London,GB,2017-10-23,12:00:00,1508734800,12.9,8.6,15.5,15.5,225.0,0.1,0.0,United Kingdom
London,GB,2017-10-24,12:00:00,1508821200,16.0,14.5,18.6,29.7,227.0,0.0,0.0,United Kingdom
London,GB,2017-10-25,12:00:00,1508907600,14.3,8.6,17.6,26.0,239.0,0.0,0.0,United Kingdom
London,GB,2017-10-26,12:00:00,1508994000,11.4,7.8,14.1,9.0,262.0,0.7,0.0,United Kingdom
London,GB,2017-10-27,12:00:00,1509080400,10.7,6.5,13.7,12.2,331.0,0.1,0.0,United Kingdom
London,GB,2017-10-28,12:00:00,1509166800,10.4,5.7,15.4,24.5,262.0,0.0,0.0,United Kingdom
London,GB,2017-10-29,12:00:00,1509253200,11.8,8.0,14.6,24.1,323.0,0.7,0.0,United Kingdom
London,GB,2017-10-30,12:00:00,1509339600,6.4,2.8,10.8,11.2,325.0,0.0,0.0,United Kingdom
London,GB,2017-10-31,12:00:00,1509426000,8.9,4.6,13.3,18.4,237.0,1.4,0.0,United Kingdom
London,GB,2017-11-01,12:00:00,1509512400,9.8,6.6,14.4,11.6,216.0,0.0,0.0,United Kingdom
London,GB,2017-11-02,12:00:00,1509598800,8.3,3.1,12.2,9.4,263.0,0.1,0.0,United Kingdom
London,GB,2017-11-03,12:00:00,1509685200,10.5,7.0,13.8,11.5,180.0,0.0,0.0,United Kingdom
London,GB,2017-11-04,12:00:00,1509771600,11.0,6.2,12.9,20.2,252.0,6.4,0.0,United Kingdom
London,GB,2017-11-05,12:00:00,1509858000,6.0,3.3,9.4,22.6,288.0,0.1,0.0,United Kingdom
London,GB,2017-11-06,12:00:00,1509944400,4.9,0.2,10.4,13.6,226.0,0.0,0.0,United Kingdom
London,GB,2017-11-07,12:00:00,1510030800,9.5,7.1,11.3,19.3,181.0,2.7,0.0,United Kingdom
London,GB,2017-11-08,12:00:00,1510117200,6.6,2.3,9.1,19.2,339.0,2.6,0.0,United Kingdom
London,GB,2017-11-09,12:00:00,1510203600,7.3,1.3,12.1,12.6,252.0,0.3,0.0,United Kingdom
London,GB,2017-11-10,12:00:00,1510290000,9.2,7.0,11.6,25.3,278.0,0.4,0.0,United Kingdom
London,GB,2017-11-11,12:00:00,1510376400,8.0,6.6,10.0,13.9,282.0,8.2,0.0,United Kingdom
London,GB,2017-11-12,12:00:00,1510462800,6.4,5.0,8.2,31.4,314.0,2.4,0.0,United Kingdom
London,GB,2017-11-13,12:00:00,1510549200,4.1,2.2,7.2,20.8,321.0,0.0,0.0,United Kingdom
London,GB,2017-11-14,12:00:00,1510635600,8.1,4.5,10.5,16.8,237.0,0.3,0.0,United Kingdom
London,GB,2017-11-15,12:00:00,1510722000,10.3,9.3,12.4,11.4,234.0,0.0,0.0,United Kingdom
London,GB,2017-11-16,12:00:00,1510808400,10.3,6.9,12.8,16.5,258.0,0.2,0.0,United Kingdom
London,GB,2017-11-17,12:00:00,1510894800,3.8,1.0,8.6,10.1,296.0,0.0,0.0,United Kingdom
London,GB,2017-11-18,12:00:00,1510981200,5.4,2.1,8.0,18.7,258.0,3.1,0.0,United Kingdom
London,GB,2017-11-19,12:00:00,1511067600,3.8,0.8,6.8,11.3,276.0,0.0,0.0,United Kingdom
London,GB,2017-11-20,12:00:00,1511154000,9.9,2.5,12.1,24.2,239.0,0.8,0.0,United Kingdom
London,GB,2017-11-21,12:00:00,1511240400,12.2,11.3,13.2,29.0,234.0,1.9,0.0,United Kingdom
London,GB,2017-11-22,12:00:00,1511326800,13.8,12.6,15.1,40.4,209.0,0.1,0.0,United Kingdom
London,GB,2017-11-23,12:00:00,1511413200,10.9,7.4,15.2,44.1,227.0,2.3,0.0,United Kingdom
London,GB,2017-11-24,12:00:00,1511499600,5.1,0.1,7.8,9.7,278.0,0.9,0.0,United Kingdom
London,GB,2017-11-25,12:00:00,1511586000,2.1,-1.2,6.3,23.3,270.0,0.0,0.0,United Kingdom
London,GB,2017-11-26,12:00:00,1511672400,3.7,1.7,7.2,21.2,264.0,0.0,0.0,United Kingdom
London,GB,2017-11-27,12:00:00,1511758800,8.1,5.4,9.8,32.0,250.0,4.1,0.0,United Kingdom
London,GB,2017-11-28,12:00:00,1511845200,4.0,1.9,6.6,15.9,287.0,0.1,0.0,United Kingdom
London,GB,2017-11-29,12:00:00,1511931600,3.4,1.5,6.1,23.6,330.0,0.0,0.0,United Kingdom
London,GB,2017-11-30,12:00:00,1512018000,1.0,-1.4,3.4,22.5,317.0,0.0,0.0,United Kingdom
London,GB,2017-12-01,12:00:00,1512104400,3.2,1.3,5.7,25.6,347.0,0.0,0.0,United Kingdom
London,GB,2017-12-02,12:00:00,1512190800,3.4,1.7,5.7,13.2,281.0,0.9,0.0,United Kingdom
London,GB,2017-12-03,12:00:00,1512277200,7.3,6.1,9.6,12.1,297.0,0.6,0.0,United Kingdom
London,GB,2017-12-04,12:00:00,1512363600,5.9,3.7,9.5,12.4,280.0,0.1,0.0,United Kingdom
London,GB,2017-12-05,12:00:00,1512450000,6.3,3.2,8.4,14.5,246.0,0.0,0.0,United Kingdom
London,GB,2017-12-06,12:00:00,1512536400,8.7,6.8,10.8,29.5,218.0,0.0,0.0,United Kingdom
London,GB,2017-12-07,12:00:00,1512622800,8.9,4.3,12.2,35.9,230.0,5.5,0.0,United Kingdom
London,GB,2017-12-08,12:00:00,1512709200,2.4,0.6,4.0,28.7,281.0,0.1,0.0,United Kingdom
London,GB,2017-12-09,12:00:00,1512795600,0.2,-2.4,3.5,19.4,260.0,0.0,0.0,United Kingdom
London,GB,2017-12-10,12:00:00,1512882000,0.9,-3.0,3.5,21.4,75.0,22.4,8.68,United Kingdom
London,GB,2017-12-11,12:00:00,1512968400,1.4,-1.7,3.3,32.7,16.0,9.6,2.24,United Kingdom
London,GB,2017-12-12,12:00:00,1513054800,-1.1,-4.4,4.7,18.6,239.0,0.8,0.0,United Kingdom
London,GB,2017-12-13,12:00:00,1513141200,6.1,3.1,8.5,34.0,238.0,10.4,0.0,United Kingdom
London,GB,2017-12-14,12:00:00,1513227600,3.5,1.1,5.9,32.9,251.0,0.2,0.0,United Kingdom
London,GB,2017-12-15,12:00:00,1513314000,3.3,1.3,5.2,23.5,310.0,0.7,0.0,United Kingdom
London,GB,2017-12-16,12:00:00,1513400400,1.8,-0.8,4.3,15.1,296.0,1.0,0.0,United Kingdom
London,GB,2017-12-17,12:00:00,1513486800,3.2,-2.4,9.6,21.7,244.0,3.8,0.0,United Kingdom
London,GB,2017-12-18,12:00:00,1513573200,3.1,-1.6,9.7,17.8,324.0,0.0,0.0,United Kingdom
London,GB,2017-12-19,12:00:00,1513659600,2.4,-1.3,6.2,11.8,246.0,0.0,0.0,United Kingdom
London,GB,2017-12-20,12:00:00,1513746000,8.3,5.9,10.1,11.0,251.0,0.0,0.0,United Kingdom
London,GB,2017-12-21,12:00:00,1513832400,9.9,9.2,11.4,16.9,254.0,0.4,0.0,United Kingdom
London,GB,2017-12-22,12:00:00,1513918800,9.3,8.2,11.1,12.7,250.0,0.7,0.0,United Kingdom
London,GB,2017-12-23,12:00:00,1514005200,9.2,8.6,10.3,23.0,245.0,0.2,0.0,United Kingdom
London,GB,2017-12-24,12:00:00,1514091600,9.0,8.2,10.1,26.6,236.0,0.0,0.0,United Kingdom
London,GB,2017-12-25,12:00:00,1514178000,9.7,8.7,10.6,39.4,206.0,0.4,0.0,United Kingdom
London,GB,2017-12-26,12:00:00,1514264400,5.5,3.1,8.5,37.5,214.0,15.7,0.0,United Kingdom
London,GB,2017-12-27,12:00:00,1514350800,3.4,0.2,7.7,39.0,309.0,4.7,0.21,United Kingdom
London,GB,2017-12-28,12:00:00,1514437200,0.6,-2.0,4.7,16.7,263.0,0.0,0.0,United Kingdom
London,GB,2017-12-29,12:00:00,1514523600,4.3,-2.4,8.5,33.7,229.0,4.9,0.0,United Kingdom
London,GB,2017-12-30,12:00:00,1514610000,10.7,5.0,13.3,36.6,238.0,3.3,0.0,United Kingdom
London,GB,2017-12-31,12:00:00,1514696400,10.4,6.7,12.8,35.4,224.0,4.4,0.0,United Kingdom
London,GB,2018-01-01,12:00:00,1514782800,6.0,4.7,7.4,30.7,252.0,2.3,0.0,United Kingdom
London,GB,2018-01-02,12:00:00,1514869200,6.7,2.4,11.0,40.0,231.0,5.9,0.0,United Kingdom
London,GB,2018-01-03,12:00:00,1514955600,8.7,7.3,12.3,43.4,259.0,3.6,0.0,United Kingdom
London,GB,2018-01-04,12:00:00,1515042000,8.3,5.9,12.6,41.1,242.0,4.4,0.0,United Kingdom
London,GB,2018-01-05,12:00:00,1515128400,5.6,2.4,8.6,29.0,233.0,0.4,0.0,United Kingdom
London,GB,2018-01-06,12:00:00,1515214800,3.0,0.2,6.2,22.9,34.0,0.6,0.0,United Kingdom
London,GB,2018-01-07,12:00:00,1515301200,3.3,2.3,5.4,33.7,45.0,0.0,0.0,United Kingdom
London,GB,2018-01-08,12:00:00,1515387600,3.9,3.0,5.0,24.0,69.0,0.0,0.0,United Kingdom
London,GB,2018-01-09,12:00:00,1515474000,5.0,3.3,7.4,11.4,118.0,0.0,0.0,United Kingdom
London,GB,2018-01-10,12:00:00,1515560400,7.0,2.8,9.3,16.1,223.0,0.8,0.0,United Kingdom
London,GB,2018-01-11,12:00:00,1515646800,5.3,1.6,7.9,14.0,329.0,0.0,0.0,United Kingdom
London,GB,2018-01-12,12:00:00,1515733200,5.9,4.3,7.7,12.3,128.0,0.2,0.0,United Kingdom
London,GB,2018-01-13,12:00:00,1515819600,5.6,4.4,7.3,18.7,128.0,0.1,0.0,United Kingdom
London,GB,2018-01-14,12:00:00,1515906000,3.5,-0.0,6.6,13.2,108.0,0.0,0.0,United Kingdom
London,GB,2018-01-15,12:00:00,1515992400,7.5,4.8,10.4,37.0,226.0,9.3,0.0,United Kingdom
London,GB,2018-01-16,12:00:00,1516078800,5.2,3.1,6.9,32.5,254.0,0.1,0.0,United Kingdom
London,GB,2018-01-17,12:00:00,1516165200,4.3,2.3,7.1,33.5,261.0,0.3,0.0,United Kingdom
London,GB,2018-01-18,12:00:00,1516251600,7.0,2.8,11.0,49.4,257.0,2.0,0.0,United Kingdom
London,GB,2018-01-19,12:00:00,1516338000,2.6,0.0,6.3,25.3,251.0,0.0,0.0,United Kingdom
London,GB,2018-01-20,12:00:00,1516424400,2.6,1.3,4.5,15.9,36.0,6.2,0.0,United Kingdom
London,GB,2018-01-21,12:00:00,1516510800,3.6,1.2,10.5,21.3,203.0,8.9,0.91,United Kingdom
London,GB,2018-01-22,12:00:00,1516597200,7.7,4.3,10.2,19.7,266.0,0.1,0.0,United Kingdom
London,GB,2018-01-23,12:00:00,1516683600,9.5,4.6,11.9,29.2,218.0,0.2,0.0,United Kingdom
London,GB,2018-01-24,12:00:00,1516770000,9.9,6.6,12.8,44.8,218.0,8.1,0.0,United Kingdom
London,GB,2018-01-25,12:00:00,1516856400,6.9,4.3,9.7,23.3,215.0,0.0,0.0,United Kingdom
London,GB,2018-01-26,12:00:00,1516942800,3.9,-0.8,7.4,12.3,289.0,0.3,0.0,United Kingdom
London,GB,2018-01-27,12:00:00,1517029200,6.5,2.4,11.0,30.4,216.0,1.2,0.0,United Kingdom
London,GB,2018-01-28,12:00:00,1517115600,10.8,8.5,12.9,28.7,250.0,0.0,0.0,United Kingdom
London,GB,2018-01-29,12:00:00,1517202000,9.2,3.6,11.5,32.2,253.0,0.3,0.0,United Kingdom
London,GB,2018-01-30,12:00:00,1517288400,3.2,-2.2,8.4,22.2,226.0,0.1,0.0,United Kingdom
London,GB,2018-01-31,12:00:00,1517374800,6.7,2.1,10.1,33.0,245.0,2.7,0.0,United Kingdom
London,GB,2018-02-01,12:00:00,1517461200,4.0,2.0,6.8,29.5,285.0,0.5,0.07,United Kingdom
London,GB,2018-02-02,12:00:00,1517547600,3.8,0.8,7.2,26.9,310.0,0.0,0.0,United Kingdom
London,GB,2018-02-03,12:00:00,1517634000,2.5,0.9,4.1,11.8,266.0,3.6,0.0,United Kingdom
London,GB,2018-02-04,12:00:00,1517720400,2.5,0.4,5.3,25.7,28.0,0.0,0.0,United Kingdom
London,GB,2018-02-05,12:00:00,1517806800,0.8,-1.3,4.0,21.0,37.0,0.2,0.0,United Kingdom
London,GB,2018-02-06,12:00:00,1517893200,0.5,-2.8,3.7,20.3,9.0,0.0,0.0,United Kingdom
London,GB,2018-02-07,12:00:00,1517979600,1.4,-2.3,5.1,21.8,343.0,0.3,0.21,United Kingdom
London,GB,2018-02-08,12:00:00,1518066000,1.8,-3.4,6.2,24.0,209.0,0.0,0.0,United Kingdom
London,GB,2018-02-09,12:00:00,1518152400,4.5,0.9,6.1,29.3,264.0,5.7,0.0,United Kingdom
London,GB,2018-02-10,12:00:00,1518238800,3.5,-2.7,9.1,31.4,213.0,3.6,0.0,United Kingdom
London,GB,2018-02-11,12:00:00,1518325200,4.9,0.8,9.8,31.7,267.0,0.7,0.0,United Kingdom
London,GB,2018-02-12,12:00:00,1518411600,1.8,-1.8,6.3,17.8,243.0,0.1,0.0,United Kingdom
London,GB,2018-02-13,12:00:00,1518498000,3.8,2.2,5.0,32.1,171.0,3.5,0.07,United Kingdom
London,GB,2018-02-14,12:00:00,1518584400,3.3,-3.0,6.8,31.7,182.0,5.8,0.0,United Kingdom
London,GB,2018-02-15,12:00:00,1518670800,7.3,3.3,9.3,23.9,243.0,0.3,0.0,United Kingdom
London,GB,2018-02-16,12:00:00,1518757200,3.5,-0.6,8.9,15.8,226.0,0.0,0.0,United Kingdom
London,GB,2018-02-17,12:00:00,1518843600,4.2,-0.5,9.4,10.9,164.0,0.0,0.0,United Kingdom
London,GB,2018-02-18,12:00:00,1518930000,5.3,0.4,9.8,13.8,178.0,0.0,0.0,United Kingdom
London,GB,2018-02-19,12:00:00,1519016400,7.7,5.4,10.1,15.0,282.0,4.7,0.0,United Kingdom
London,GB,2018-02-20,12:00:00,1519102800,7.9,5.1,9.4,30.3,353.0,2.2,0.0,United Kingdom
London,GB,2018-02-21,12:00:00,1519189200,4.3,1.6,6.1,16.8,30.0,0.2,0.0,United Kingdom
London,GB,2018-02-22,12:00:00,1519275600,2.4,-0.4,4.7,21.4,64.0,0.0,0.0,United Kingdom
London,GB,2018-02-23,12:00:00,1519362000,2.1,-0.2,4.0,24.1,80.0,0.0,0.0,United Kingdom
London,GB,2018-02-24,12:00:00,1519448400,1.3,-2.2,4.5,26.5,78.0,0.0,0.0,United Kingdom
London,GB,2018-02-25,12:00:00,1519534800,0.8,-1.4,3.4,24.9,72.0,0.0,0.0,United Kingdom
London,GB,2018-02-26,12:00:00,1519621200,-0.4,-3.0,1.6,27.5,55.0,0.1,0.07,United Kingdom
London,GB,2018-02-27,12:00:00,1519707600,-2.7,-5.3,1.5,19.6,41.0,0.9,0.63,United Kingdom
London,GB,2018-02-28,12:00:00,1519794000,-3.4,-5.9,-0.6,31.5,70.0,0.7,0.49,United Kingdom
London,GB,2018-03-01,12:00:00,1519880400,-2.1,-3.3,0.1,37.6,72.0,3.9,2.73,United Kingdom
London,GB,2018-03-02,12:00:00,1519966800,-0.6,-1.1,0.4,37.5,74.0,5.3,3.64,United Kingdom
London,GB,2018-03-03,12:00:00,1520053200,2.3,0.2,6.1,24.9,81.0,1.9,0.49,United Kingdom
London,GB,2018-03-04,12:00:00,1520139600,5.2,0.4,9.1,20.1,160.0,1.3,0.0,United Kingdom
London,GB,2018-03-05,12:00:00,1520226000,6.7,3.6,10.0,22.7,166.0,0.9,0.0,United Kingdom
London,GB,2018-03-06,12:00:00,1520312400,6.5,3.3,9.9,17.5,208.0,1.3,0.0,United Kingdom
London,GB,2018-03-07,12:00:00,1520398800,4.8,2.3,9.7,21.3,250.0,4.9,0.0,United Kingdom
London,GB,2018-03-08,12:00:00,1520485200,5.9,2.9,8.8,36.9,234.0,5.0,0.28,United Kingdom
London,GB,2018-03-09,12:00:00,1520571600,5.8,0.3,10.2,20.0,162.0,6.0,0.0,United Kingdom
London,GB,2018-03-10,12:00:00,1520658000,10.7,6.0,13.9,25.9,199.0,1.0,0.0,United Kingdom
London,GB,2018-03-11,12:00:00,1520744400,8.0,4.3,11.9,18.1,101.0,3.6,0.0,United Kingdom
London,GB,2018-03-12,12:00:00,1520830800,8.5,5.6,10.2,20.4,311.0,9.6,0.0,United Kingdom
London,GB,2018-03-13,12:00:00,1520917200,7.1,4.6,10.4,21.9,290.0,1.4,0.0,United Kingdom
London,GB,2018-03-14,12:00:00,1521003600,7.8,2.0,12.2,29.0,141.0,0.0,0.0,United Kingdom
London,GB,2018-03-15,12:00:00,1521090000,9.1,6.8,12.1,29.5,136.0,7.0,0.0,United Kingdom
London,GB,2018-03-16,12:00:00,1521176400,8.6,4.6,12.1,19.8,176.0,1.2,0.0,United Kingdom
London,GB,2018-03-17,12:00:00,1521262800,1.7,-0.5,5.4,34.2,52.0,3.1,2.17,United Kingdom
London,GB,2018-03-18,12:00:00,1521349200,-0.1,-0.8,1.0,34.0,62.0,5.0,3.5,United Kingdom
London,GB,2018-03-19,12:00:00,1521435600,0.6,-0.8,2.5,30.9,46.0,0.1,0.07,United Kingdom
London,GB,2018-03-20,12:00:00,1521522000,3.6,-0.3,7.0,29.5,11.0,0.0,0.0,United Kingdom
London,GB,2018-03-21,12:00:00,1521608400,3.9,-2.3,9.0,18.0,276.0,0.0,0.0,United Kingdom
London,GB,2018-03-22,12:00:00,1521694800,6.5,3.4,10.6,20.4,255.0,0.0,0.0,United Kingdom
London,GB,2018-03-23,12:00:00,1521781200,8.1,5.3,11.4,28.0,213.0,0.3,0.0,United Kingdom
London,GB,2018-03-24,12:00:00,1521867600,7.6,6.2,9.6,11.3,71.0,2.3,0.0,United Kingdom
London,GB,2018-03-25,12:00:00,1521954000,7.7,4.8,11.0,12.4,12.0,0.9,0.0,United Kingdom
London,GB,2018-03-26,12:00:00,1522040400,6.9,2.0,11.7,13.6,274.0,0.2,0.0,United Kingdom
London,GB,2018-03-27,12:00:00,1522126800,8.2,4.8,13.7,23.0,235.0,5.3,0.0,United Kingdom
London,GB,2018-03-28,12:00:00,1522213200,5.4,2.9,8.3,20.4,269.0,11.2,0.0,United Kingdom
London,GB,2018-03-29,12:00:00,1522299600,4.6,-0.1,9.3,23.7,175.0,4.8,0.07,United Kingdom
London,GB,2018-03-30,12:00:00,1522386000,5.1,1.4,8.0,30.4,110.0,8.7,0.0,United Kingdom
London,GB,2018-03-31,12:00:00,1522472400,5.5,3.9,8.7,22.1,249.0,1.6,0.0,United Kingdom
London,GB,2018-04-01,12:00:00,1522558800,5.6,3.4,7.4,21.6,310.0,0.9,0.0,United Kingdom
London,GB,2018-04-02,12:00:00,1522645200,8.3,3.7,11.2,23.0,172.0,10.5,0.0,United Kingdom
London,GB,2018-04-03,12:00:00,1522731600,10.4,6.9,13.8,30.3,204.0,3.4,0.0,United Kingdom
London,GB,2018-04-04,12:00:00,1522818000,9.6,6.7,12.0,39.0,196.0,2.2,0.0,United Kingdom
London,GB,2018-04-05,12:00:00,1522904400,7.1,4.0,11.6,25.3,264.0,0.0,0.0,United Kingdom
London,GB,2018-04-06,12:00:00,1522990800,9.1,4.5,15.5,24.1,142.0,0.0,0.0,United Kingdom
London,GB,2018-04-07,12:00:00,1523077200,11.2,6.7,17.4,23.2,173.0,0.6,0.0,United Kingdom
London,GB,2018-04-08,12:00:00,1523163600,9.9,8.1,11.7,11.5,333.0,3.8,0.0,United Kingdom
London,GB,2018-04-09,12:00:00,1523250000,8.8,7.4,9.7,17.3,64.0,5.4,0.0,United Kingdom
London,GB,2018-04-10,12:00:00,1523336400,10.3,7.2,14.8,22.9,72.0,4.9,0.0,United Kingdom
London,GB,2018-04-11,12:00:00,1523422800,10.1,8.5,12.6,14.0,40.0,1.8,0.0,United Kingdom
London,GB,2018-04-12,12:00:00,1523509200,9.4,7.4,11.8,17.3,17.0,1.5,0.0,United Kingdom
London,GB,2018-04-13,12:00:00,1523595600,8.8,6.6,11.8,12.8,252.0,1.1,0.0,United Kingdom
London,GB,2018-04-14,12:00:00,1523682000,11.0,5.7,16.9,15.2,158.0,0.0,0.0,United Kingdom
London,GB,2018-04-15,12:00:00,1523768400,10.5,7.0,14.7,21.6,168.0,1.2,0.0,United Kingdom
London,GB,2018-04-16,12:00:00,1523854800,10.7,7.9,14.2,25.8,216.0,0.2,0.0,United Kingdom
London,GB,2018-04-17,12:00:00,1523941200,13.3,9.2,17.3,30.4,198.0,0.0,0.0,United Kingdom
London,GB,2018-04-18,12:00:00,1524027600,16.1,9.9,22.4,17.9,170.0,0.0,0.0,United Kingdom
London,GB,2018-04-19,12:00:00,1524114000,17.6,10.2,26.1,13.4,148.0,0.0,0.0,United Kingdom
London,GB,2018-04-20,12:00:00,1524200400,16.8,9.5,23.9,11.2,288.0,0.0,0.0,United Kingdom
London,GB,2018-04-21,12:00:00,1524286800,16.2,9.6,23.4,14.5,102.0,0.0,0.0,United Kingdom
London,GB,2018-04-22,12:00:00,1524373200,16.2,10.4,21.7,21.9,225.0,4.2,0.0,United Kingdom
London,GB,2018-04-23,12:00:00,1524459600,11.3,7.3,15.1,23.6,248.0,0.0,0.0,United Kingdom
London,GB,2018-04-24,12:00:00,1524546000,12.2,10.0,15.7,34.9,228.0,0.7,0.0,United Kingdom
London,GB,2018-04-25,12:00:00,1524632400,10.5,7.0,13.6,30.9,255.0,1.4,0.0,United Kingdom
London,GB,2018-04-26,12:00:00,1524718800,9.8,6.1,13.6,28.8,253.0,1.0,0.0,United Kingdom
London,GB,2018-04-27,12:00:00,1524805200,9.5,6.2,12.4,20.0,139.0,12.1,0.0,United Kingdom
London,GB,2018-04-28,12:00:00,1524891600,8.6,7.5,10.3,14.5,345.0,4.1,0.0,United Kingdom
London,GB,2018-04-29,12:00:00,1524978000,7.4,6.6,8.7,28.5,21.0,0.5,0.0,United Kingdom
London,GB,2018-04-30,12:00:00,1525064400,6.4,4.9,8.3,33.7,350.0,8.3,0.0,United Kingdom
London,GB,2018-05-01,12:00:00,1525150800,8.2,2.3,13.1,28.7,230.0,0.0,0.0,United Kingdom
London,GB,2018-05-02,12:00:00,1525237200,9.4,4.9,12.7,32.7,212.0,4.7,0.0,United Kingdom
London,GB,2018-05-03,12:00:00,1525323600,9.8,2.8,15.0,13.6,249.0,0.0,0.0,United Kingdom
London,GB,2018-05-04,12:00:00,1525410000,13.3,8.6,18.1,10.3,222.0,0.0,0.0,United Kingdom
London,GB,2018-05-05,12:00:00,1525496400,13.6,6.9,20.4,12.2,83.0,0.0,0.0,United Kingdom
London,GB,2018-05-06,12:00:00,1525582800,14.5,6.5,22.9,11.9,74.0,0.0,0.0,United Kingdom
London,GB,2018-05-07,12:00:00,1525669200,16.4,7.9,25.4,12.7,76.0,0.0,0.0,United Kingdom
London,GB,2018-05-08,12:00:00,1525755600,16.5,10.1,24.3,20.0,249.0,0.0,0.0,United Kingdom
London,GB,2018-05-09,12:00:00,1525842000,13.7,8.6,18.7,20.6,248.0,0.0,0.0,United Kingdom
London,GB,2018-05-10,12:00:00,1525928400,12.3,9.4,15.2,20.5,278.0,1.1,0.0,United Kingdom
London,GB,2018-05-11,12:00:00,1526014800,12.7,7.0,17.1,24.3,159.0,0.0,0.0,United Kingdom
London,GB,2018-05-12,12:00:00,1526101200,12.2,9.8,14.5,12.4,231.0,15.9,0.0,United Kingdom
London,GB,2018-05-13,12:00:00,1526187600,12.1,7.4,15.8,12.2,282.0,0.7,0.0,United Kingdom
London,GB,2018-05-14,12:00:00,1526274000,13.6,8.5,18.6,23.8,356.0,0.0,0.0,United Kingdom
London,GB,2018-05-15,12:00:00,1526360400,15.0,8.6,21.3,20.4,1.0,0.0,0.0,United Kingdom
London,GB,2018-05-16,12:00:00,1526446800,12.5,8.8,15.8,29.3,18.0,0.5,0.0,United Kingdom
London,GB,2018-05-17,12:00:00,1526533200,10.8,6.6,15.7,19.6,28.0,0.0,0.0,United Kingdom
London,GB,2018-05-18,12:00:00,1526619600,10.7,3.9,16.3,11.6,35.0,0.0,0.0,United Kingdom
London,GB,2018-05-19,12:00:00,1526706000,12.6,5.8,19.1,14.9,89.0,0.0,0.0,United Kingdom
London,GB,2018-05-20,12:00:00,1526792400,13.1,7.1,19.3,16.6,100.0,0.0,0.0,United Kingdom
London,GB,2018-05-21,12:00:00,1526878800,14.8,8.0,21.5,13.0,40.0,3.7,0.0,United Kingdom
London,GB,2018-05-22,12:00:00,1526965200,15.4,9.9,21.1,25.7,10.0,0.0,0.0,United Kingdom
London,GB,2018-05-23,12:00:00,1527051600,14.4,9.8,19.2,24.2,23.0,0.0,0.0,United Kingdom
London,GB,2018-05-24,12:00:00,1527138000,15.4,11.1,20.2,16.8,45.0,4.4,0.0,United Kingdom
London,GB,2018-05-25,12:00:00,1527224400,15.7,11.5,19.8,11.9,326.0,0.7,0.0,United Kingdom
London,GB,2018-05-26,12:00:00,1527310800,17.9,12.7,24.0,27.8,61.0,1.9,0.0,United Kingdom
London,GB,2018-05-27,12:00:00,1527397200,19.0,14.8,23.7,18.2,66.0,9.5,0.0,United Kingdom
London,GB,2018-05-28,12:00:00,1527483600,19.2,15.2,24.5,18.6,25.0,4.2,0.0,United Kingdom
London,GB,2018-05-29,12:00:00,1527570000,16.6,14.1,20.3,24.5,25.0,4.1,0.0,United Kingdom
London,GB,2018-05-30,12:00:00,1527656400,16.0,12.9,20.9,16.6,59.0,5.9,0.0,United Kingdom
London,GB,2018-05-31,12:00:00,1527742800,17.4,13.9,22.0,15.9,87.0,4.3,0.0,United Kingdom
London,GB,2018-06-01,12:00:00,1527829200,17.9,15.5,21.3,13.7,221.0,1.6,0.0,United Kingdom
London,GB,2018-06-02,12:00:00,1527915600,18.1,14.3,22.6,17.8,260.0,0.4,0.0,United Kingdom
London,GB,2018-06-03,12:00:00,1528002000,18.6,12.0,24.2,17.6,92.0,0.0,0.0,United Kingdom
London,GB,2018-06-04,12:00:00,1528088400,15.9,13.9,18.6,18.5,42.0,0.2,0.0,United Kingdom
London,GB,2018-06-05,12:00:00,1528174800,14.7,12.4,17.5,19.1,38.0,0.0,0.0,United Kingdom
London,GB,2018-06-06,12:00:00,1528261200,14.5,7.8,21.1,15.8,45.0,0.0,0.0,United Kingdom
London,GB,2018-06-07,12:00:00,1528347600,15.4,11.1,19.9,13.2,56.0,4.6,0.0,United Kingdom
London,GB,2018-06-08,12:00:00,1528434000,16.6,13.0,20.5,13.0,42.0,0.0,0.0,United Kingdom
London,GB,2018-06-09,12:00:00,1528520400,15.7,11.4,20.3,14.4,54.0,1.8,0.0,United Kingdom
London,GB,2018-06-10,12:00:00,1528606800,16.7,12.3,22.0,15.8,63.0,0.0,0.0,United Kingdom
London,GB,2018-06-11,12:00:00,1528693200,16.3,10.1,22.4,17.1,65.0,0.0,0.0,United Kingdom
London,GB,2018-06-12,12:00:00,1528779600,14.7,10.8,17.9,18.9,36.0,0.4,0.0,United Kingdom
London,GB,2018-06-13,12:00:00,1528866000,14.7,7.5,19.9,22.0,218.0,0.1,0.0,United Kingdom
London,GB,2018-06-14,12:00:00,1528952400,16.8,13.5,21.5,35.7,236.0,0.8,0.0,United Kingdom
London,GB,2018-06-15,12:00:00,1529038800,16.0,10.0,20.9,18.1,257.0,0.1,0.0,United Kingdom
London,GB,2018-06-16,12:00:00,1529125200,15.4,12.7,19.0,30.3,232.0,0.7,0.0,United Kingdom
London,GB,2018-06-17,12:00:00,1529211600,15.0,12.8,18.0,28.0,232.0,0.2,0.0,United Kingdom
London,GB,2018-06-18,12:00:00,1529298000,18.5,14.8,23.6,25.2,242.0,0.6,0.0,United Kingdom
London,GB,2018-06-19,12:00:00,1529384400,19.7,16.8,22.9,20.9,248.0,0.0,0.0,United Kingdom
London,GB,2018-06-20,12:00:00,1529470800,18.9,14.6,24.0,24.4,244.0,0.1,0.0,United Kingdom
London,GB,2018-06-21,12:00:00,1529557200,15.3,11.1,18.6,23.5,333.0,0.0,0.0,United Kingdom
London,GB,2018-06-22,12:00:00,1529643600,15.2,8.3,20.7,11.5,353.0,0.0,0.0,United Kingdom
London,GB,2018-06-23,12:00:00,1529730000,16.9,10.2,22.5,14.6,289.0,0.0,0.0,United Kingdom
London,GB,2018-06-24,12:00:00,1529816400,17.9,11.3,24.0,11.5,37.0,0.0,0.0,United Kingdom
London,GB,2018-06-25,12:00:00,1529902800,20.2,12.5,27.5,11.0,250.0,0.0,0.0,United Kingdom
London,GB,2018-06-26,12:00:00,1529989200,19.3,13.2,26.2,19.2,96.0,0.0,0.0,United Kingdom
London,GB,2018-06-27,12:00:00,1530075600,17.7,11.9,24.6,17.4,70.0,0.0,0.0,United Kingdom
London,GB,2018-06-28,12:00:00,1530162000,19.6,12.2,26.6,22.7,57.0,0.0,0.0,United Kingdom
London,GB,2018-06-29,12:00:00,1530248400,19.7,12.7,26.4,20.7,53.0,0.0,0.0,United Kingdom
London,GB,2018-06-30,12:00:00,1530334800,19.3,12.9,26.0,23.8,63.0,0.0,0.0,United Kingdom
London,GB,2018-07-01,12:00:00,1530421200,22.2,15.1,28.6,19.4,61.0,0.0,0.0,United Kingdom
London,GB,2018-07-02,12:00:00,1530507600,21.8,17.4,27.0,25.7,62.0,0.0,0.0,United Kingdom
London,GB,2018-07-03,12:00:00,1530594000,19.6,15.0,24.9,27.0,70.0,0.0,0.0,United Kingdom
London,GB,2018-07-04,12:00:00,1530680400,19.1,12.5,24.7,11.9,82.0,0.8,0.0,United Kingdom
London,GB,2018-07-05,12:00:00,1530766800,22.1,16.1,27.8,11.4,238.0,0.2,0.0,United Kingdom
London,GB,2018-07-06,12:00:00,1530853200,22.9,15.7,28.5,19.6,347.0,0.0,0.0,United Kingdom
London,GB,2018-07-07,12:00:00,1530939600,23.3,17.0,29.1,16.5,318.0,0.0,0.0,United Kingdom
London,GB,2018-07-08,12:00:00,1531026000,22.8,15.2,29.5,17.5,39.0,0.0,0.0,United Kingdom
London,GB,2018-07-09,12:00:00,1531112400,21.6,16.2,27.7,26.9,41.0,0.4,0.0,United Kingdom
London,GB,2018-07-10,12:00:00,1531198800,17.9,14.3,21.1,19.3,24.0,0.0,0.0,United Kingdom
London,GB,2018-07-11,12:00:00,1531285200,18.0,12.4,22.2,16.0,28.0,0.3,0.0,United Kingdom
London,GB,2018-07-12,12:00:00,1531371600,18.5,12.7,22.9,11.1,55.0,0.3,0.0,United Kingdom
London,GB,2018-07-13,12:00:00,1531458000,19.2,14.0,25.2,11.4,98.0,5.4,0.0,United Kingdom
London,GB,2018-07-14,12:00:00,1531544400,20.6,15.0,25.2,10.7,186.0,0.8,0.0,United Kingdom
London,GB,2018-07-15,12:00:00,1531630800,21.7,13.5,27.9,9.8,239.0,0.0,0.0,United Kingdom
London,GB,2018-07-16,12:00:00,1531717200,21.9,14.8,27.5,16.6,254.0,0.0,0.0,United Kingdom
London,GB,2018-07-17,12:00:00,1531803600,19.2,14.4,23.7,20.8,251.0,0.1,0.0,United Kingdom
London,GB,2018-07-18,12:00:00,1531890000,20.0,16.1,23.2,9.7,227.0,0.0,0.0,United Kingdom
London,GB,2018-07-19,12:00:00,1531976400,21.5,16.3,26.7,16.3,145.0,0.0,0.0,United Kingdom
London,GB,2018-07-20,12:00:00,1532062800,20.3,17.1,24.4,12.3,141.0,0.8,0.0,United Kingdom
London,GB,2018-07-21,12:00:00,1532149200,21.4,16.9,25.8,8.7,281.0,0.0,0.0,United Kingdom
London,GB,2018-07-22,12:00:00,1532235600,22.5,17.2,27.5,13.8,284.0,0.0,0.0,United Kingdom
London,GB,2018-07-23,12:00:00,1532322000,24.1,18.7,30.0,20.6,221.0,0.0,0.0,United Kingdom
London,GB,2018-07-24,12:00:00,1532408400,22.8,16.7,28.1,20.4,233.0,0.3,0.0,United Kingdom
London,GB,2018-07-25,12:00:00,1532494800,23.7,17.4,29.6,16.9,263.0,0.0,0.0,United Kingdom
London,GB,2018-07-26,12:00:00,1532581200,25.5,18.2,32.8,18.3,166.0,1.5,0.0,United Kingdom
London,GB,2018-07-27,12:00:00,1532667600,23.3,18.6,30.9,20.7,204.0,10.6,0.0,United Kingdom
London,GB,2018-07-28,12:00:00,1532754000,18.6,16.2,21.2,40.5,215.0,1.9,0.0,United Kingdom
London,GB,2018-07-29,12:00:00,1532840400,18.1,15.6,20.3,44.1,192.0,6.7,0.0,United Kingdom
London,GB,2018-07-30,12:00:00,1532926800,19.8,16.6,22.9,33.1,208.0,0.4,0.0,United Kingdom
London,GB,2018-07-31,12:00:00,1533013200,18.9,15.3,23.2,22.1,222.0,4.2,0.0,United Kingdom
London,GB,2018-08-01,12:00:00,1533099600,18.6,13.0,24.5,17.4,224.0,0.0,0.0,United Kingdom
London,GB,2018-08-02,12:00:00,1533186000,20.9,13.5,28.4,14.1,223.0,0.0,0.0,United Kingdom
London,GB,2018-08-03,12:00:00,1533272400,24.4,17.8,30.3,16.8,341.0,0.0,0.0,United Kingdom
London,GB,2018-08-04,12:00:00,1533358800,23.3,19.0,27.8,13.7,4.0,0.0,0.0,United Kingdom
London,GB,2018-08-05,12:00:00,1533445200,21.6,15.1,27.9,17.2,109.0,0.0,0.0,United Kingdom
London,GB,2018-08-06,12:00:00,1533531600,23.0,14.8,30.3,12.4,209.0,0.0,0.0,United Kingdom
London,GB,2018-08-07,12:00:00,1533618000,23.1,17.0,29.8,19.2,234.0,4.9,0.0,United Kingdom
London,GB,2018-08-08,12:00:00,1533704400,19.2,16.4,22.8,23.9,243.0,0.7,0.0,United Kingdom
London,GB,2018-08-09,12:00:00,1533790800,15.9,14.2,17.6,13.5,268.0,10.5,0.0,United Kingdom
London,GB,2018-08-10,12:00:00,1533877200,14.8,10.9,18.5,27.3,241.0,5.5,0.0,United Kingdom
London,GB,2018-08-11,12:00:00,1533963600,15.3,8.4,21.2,19.5,214.0,0.1,0.0,United Kingdom
London,GB,2018-08-12,12:00:00,1534050000,17.7,16.2,20.9,25.7,196.0,6.3,0.0,United Kingdom
London,GB,2018-08-13,12:00:00,1534136400,18.6,15.2,22.8,17.5,273.0,1.3,0.0,United Kingdom
London,GB,2018-08-14,12:00:00,1534222800,18.8,13.2,23.5,18.9,271.0,0.0,0.0,United Kingdom
London,GB,2018-08-15,12:00:00,1534309200,19.1,15.0,24.0,23.8,235.0,0.0,0.0,United Kingdom
London,GB,2018-08-16,12:00:00,1534395600,17.4,13.7,19.5,29.0,231.0,9.4,0.0,United Kingdom
London,GB,2018-08-17,12:00:00,1534482000,16.1,10.2,20.9,22.1,253.0,0.0,0.0,United Kingdom
London,GB,2018-08-18,12:00:00,1534568400,18.3,13.6,21.9,21.9,239.0,0.1,0.0,United Kingdom
London,GB,2018-08-19,12:00:00,1534654800,20.1,16.0,26.7,30.3,241.0,0.0,0.0,United Kingdom
London,GB,2018-08-20,12:00:00,1534741200,20.3,16.1,24.3,16.3,249.0,1.4,0.0,United Kingdom
London,GB,2018-08-21,12:00:00,1534827600,20.5,17.5,25.3,12.4,242.0,0.1,0.0,United Kingdom
London,GB,2018-08-22,12:00:00,1534914000,19.4,14.7,24.2,15.3,241.0,0.0,0.0,United Kingdom
London,GB,2018-08-23,12:00:00,1535000400,18.4,15.4,22.0,22.7,257.0,1.0,0.0,United Kingdom
London,GB,2018-08-24,12:00:00,1535086800,14.4,11.2,18.1,27.8,263.0,3.9,0.0,United Kingdom
London,GB,2018-08-25,12:00:00,1535173200,13.3,8.5,18.1,19.1,281.0,1.1,0.0,United Kingdom
London,GB,2018-08-26,12:00:00,1535259600,14.2,10.2,18.0,32.0,200.0,12.9,0.0,United Kingdom
London,GB,2018-08-27,12:00:00,1535346000,16.8,13.7,19.3,23.4,256.0,0.0,0.0,United Kingdom
London,GB,2018-08-28,12:00:00,1535432400,16.5,12.5,20.0,10.6,206.0,0.0,0.0,United Kingdom
London,GB,2018-08-29,12:00:00,1535518800,15.4,12.1,19.7,16.4,317.0,1.2,0.0,United Kingdom
London,GB,2018-08-30,12:00:00,1535605200,15.1,10.1,19.1,13.8,16.0,0.0,0.0,United Kingdom
London,GB,2018-08-31,12:00:00,1535691600,15.2,10.5,19.7,13.0,89.0,0.7,0.0,United Kingdom
London,GB,2018-09-01,12:00:00,1535778000,16.4,10.4,22.4,14.4,163.0,0.0,0.0,United Kingdom
London,GB,2018-09-02,12:00:00,1535864400,16.1,10.5,22.4,12.4,114.0,0.0,0.0,United Kingdom
London,GB,2018-09-03,12:00:00,1535950800,16.2,11.1,22.5,8.2,75.0,0.0,0.0,United Kingdom
London,GB,2018-09-04,12:00:00,1536037200,15.9,10.9,20.6,18.0,23.0,0.0,0.0,United Kingdom
London,GB,2018-09-05,12:00:00,1536123600,16.5,13.0,20.1,16.6,10.0,0.0,0.0,United Kingdom
London,GB,2018-09-06,12:00:00,1536210000,15.6,10.4,21.0,19.8,295.0,0.3,0.0,United Kingdom
London,GB,2018-09-07,12:00:00,1536296400,13.5,8.7,17.9,23.2,274.0,0.0,0.0,United Kingdom
London,GB,2018-09-08,12:00:00,1536382800,13.9,8.8,18.9,21.4,230.0,1.1,0.0,United Kingdom
London,GB,2018-09-09,12:00:00,1536469200,17.5,13.9,22.6,25.7,231.0,0.6,0.0,United Kingdom
London,GB,2018-09-10,12:00:00,1536555600,16.4,12.6,21.0,21.7,236.0,0.0,0.0,United Kingdom
London,GB,2018-09-11,12:00:00,1536642000,18.9,15.6,22.8,34.4,230.0,1.4,0.0,United Kingdom
London,GB,2018-09-12,12:00:00,1536728400,14.4,10.3,17.3,15.5,344.0,3.4,0.0,United Kingdom
London,GB,2018-09-13,12:00:00,1536814800,13.2,6.9,19.3,15.2,265.0,0.0,0.0,United Kingdom
London,GB,2018-09-14,12:00:00,1536901200,13.6,8.9,17.3,22.8,245.0,0.0,0.0,United Kingdom
London,GB,2018-09-15,12:00:00,1536987600,15.1,10.3,20.0,13.8,237.0,0.0,0.0,United Kingdom
London,GB,2018-09-16,12:00:00,1537074000,17.1,12.8,22.1,25.3,209.0,0.0,0.0,United Kingdom
London,GB,2018-09-17,12:00:00,1537160400,19.1,15.7,23.4,21.4,192.0,0.0,0.0,United Kingdom
London,GB,2018-09-18,12:00:00,1537246800,19.0,16.7,23.2,38.1,220.0,0.0,0.0,United Kingdom
London,GB,2018-09-19,12:00:00,1537333200,18.8,16.8,22.2,41.9,219.0,0.2,0.0,United Kingdom
London,GB,2018-09-20,12:00:00,1537419600,18.6,17.1,20.4,40.7,213.0,2.2,0.0,United Kingdom
London,GB,2018-09-21,12:00:00,1537506000,14.1,11.0,17.8,43.3,248.0,7.2,0.0,United Kingdom
London,GB,2018-09-22,12:00:00,1537592400,11.7,10.8,13.4,17.1,227.0,5.1,0.0,United Kingdom
London,GB,2018-09-23,12:00:00,1537678800,10.5,7.4,13.8,25.2,354.0,13.3,0.0,United Kingdom
London,GB,2018-09-24,12:00:00,1537765200,9.7,4.2,14.7,11.0,321.0,0.0,0.0,United Kingdom
London,GB,2018-09-25,12:00:00,1537851600,10.1,5.3,16.2,14.5,197.0,0.0,0.0,United Kingdom
London,GB,2018-09-26,12:00:00,1537938000,12.3,5.8,20.0,14.0,233.0,0.0,0.0,United Kingdom
London,GB,2018-09-27,12:00:00,1538024400,13.6,6.6,21.3,14.3,253.0,0.0,0.0,United Kingdom
London,GB,2018-09-28,12:00:00,1538110800,12.7,8.0,15.8,23.8,31.0,0.0,0.0,United Kingdom
London,GB,2018-09-29,12:00:00,1538197200,10.3,4.8,16.2,10.3,11.0,0.0,0.0,United Kingdom
London,GB,2018-09-30,12:00:00,1538283600,10.3,4.8,15.0,17.8,297.0,0.1,0.0,United Kingdom
London,GB,2018-10-01,12:00:00,1538370000,10.4,6.2,13.5,18.4,311.0,0.0,0.0,United Kingdom
London,GB,2018-10-02,12:00:00,1538456400,14.6,9.5,19.2,29.0,274.0,0.4,0.0,United Kingdom
London,GB,2018-10-03,12:00:00,1538542800,14.0,10.6,17.5,15.5,267.0,0.1,0.0,United Kingdom
London,GB,2018-10-04,12:00:00,1538629200,13.4,9.1,18.6,16.8,225.0,0.0,0.0,United Kingdom
London,GB,2018-10-05,12:00:00,1538715600,14.4,9.1,21.4,13.4,210.0,0.0,0.0,United Kingdom
London,GB,2018-10-06,12:00:00,1538802000,10.6,8.8,13.0,27.0,9.0,7.6,0.0,United Kingdom
London,GB,2018-10-07,12:00:00,1538888400,9.5,5.3,13.7,23.5,350.0,0.0,0.0,United Kingdom
London,GB,2018-10-08,12:00:00,1538974800,11.3,7.1,16.0,19.1,230.0,0.0,0.0,United Kingdom
London,GB,2018-10-09,12:00:00,1539061200,13.3,9.5,19.5,18.1,201.0,0.0,0.0,United Kingdom
London,GB,2018-10-10,12:00:00,1539147600,15.5,10.3,22.3,16.6,100.0,0.0,0.0,United Kingdom
London,GB,2018-10-11,12:00:00,1539234000,17.1,13.6,20.9,26.7,171.0,1.2,0.0,United Kingdom
London,GB,2018-10-12,12:00:00,1539320400,17.6,13.7,20.9,37.4,191.0,0.0,0.0,United Kingdom
London,GB,2018-10-13,12:00:00,1539406800,20.8,19.2,22.9,31.3,186.0,0.0,0.0,United Kingdom
London,GB,2018-10-14,12:00:00,1539493200,13.9,10.8,18.7,23.1,3.0,15.6,0.0,United Kingdom
London,GB,2018-10-15,12:00:00,1539579600,13.2,10.9,16.0,21.5,38.0,5.1,0.0,United Kingdom
London,GB,2018-10-16,12:00:00,1539666000,15.1,11.7,20.2,21.3,186.0,0.0,0.0,United Kingdom
London,GB,2018-10-17,12:00:00,1539752400,13.0,10.7,15.8,12.3,251.0,1.0,0.0,United Kingdom
London,GB,2018-10-18,12:00:00,1539838800,11.9,7.1,15.2,20.7,41.0,0.0,0.0,United Kingdom
London,GB,2018-10-19,12:00:00,1539925200,8.7,4.3,14.6,9.9,13.0,0.0,0.0,United Kingdom
London,GB,2018-10-20,12:00:00,1540011600,9.8,5.0,16.5,10.5,241.0,0.0,0.0,United Kingdom
London,GB,2018-10-21,12:00:00,1540098000,11.6,7.2,16.7,21.5,264.0,0.1,0.0,United Kingdom
London,GB,2018-10-22,12:00:00,1540184400,9.4,5.8,12.9,20.1,355.0,0.4,0.0,United Kingdom
London,GB,2018-10-23,12:00:00,1540270800,10.7,5.8,15.9,20.8,276.0,0.0,0.0,United Kingdom
London,GB,2018-10-24,12:00:00,1540357200,11.9,7.7,16.5,13.4,290.0,0.0,0.0,United Kingdom
London,GB,2018-10-25,12:00:00,1540443600,9.1,4.9,13.6,14.6,279.0,0.0,0.0,United Kingdom
London,GB,2018-10-26,12:00:00,1540530000,8.3,4.5,10.6,24.4,287.0,1.4,0.0,United Kingdom
London,GB,2018-10-27,12:00:00,1540616400,5.0,2.3,7.5,23.8,346.0,0.2,0.0,United Kingdom
London,GB,2018-10-28,12:00:00,1540702800,6.1,3.7,9.3,27.5,26.0,0.8,0.0,United Kingdom
London,GB,2018-10-29,12:00:00,1540789200,4.9,1.7,8.8,21.0,23.0,0.0,0.0,United Kingdom
London,GB,2018-10-30,12:00:00,1540875600,6.3,3.6,9.1,26.2,313.0,0.0,0.0,United Kingdom
London,GB,2018-10-31,12:00:00,1540962000,6.9,-0.1,12.7,20.8,147.0,0.4,0.0,United Kingdom
London,GB,2018-11-01,12:00:00,1541048400,9.0,3.7,11.5,17.5,263.0,7.5,0.0,United Kingdom
London,GB,2018-11-02,12:00:00,1541134800,4.4,1.0,10.5,11.2,248.0,0.0,0.0,United Kingdom
London,GB,2018-11-03,12:00:00,1541221200,8.8,3.6,13.1,29.2,191.0,0.0,0.0,United Kingdom
London,GB,2018-11-04,12:00:00,1541307600,9.7,7.0,13.0,20.9,163.0,0.2,0.0,United Kingdom
London,GB,2018-11-05,12:00:00,1541394000,11.1,7.5,16.0,12.5,107.0,0.2,0.0,United Kingdom
London,GB,2018-11-06,12:00:00,1541480400,12.0,8.1,14.9,23.2,156.0,0.5,0.0,United Kingdom
London,GB,2018-11-07,12:00:00,1541566800,11.7,10.1,13.6,36.1,177.0,6.2,0.0,United Kingdom
London,GB,2018-11-08,12:00:00,1541653200,9.4,5.3,13.6,27.5,181.0,0.0,0.0,United Kingdom
London,GB,2018-11-09,12:00:00,1541739600,10.4,7.2,13.2,38.0,162.0,3.6,0.0,United Kingdom
London,GB,2018-11-10,12:00:00,1541826000,11.1,9.8,12.9,37.5,195.0,8.5,0.0,United Kingdom
London,GB,2018-11-11,12:00:00,1541912400,10.3,8.5,13.0,28.0,207.0,0.2,0.0,United Kingdom
London,GB,2018-11-12,12:00:00,1541998800,10.8,9.4,13.1,23.5,200.0,1.1,0.0,United Kingdom
London,GB,2018-11-13,12:00:00,1542085200,10.0,7.6,13.1,22.9,225.0,0.0,0.0,United Kingdom
London,GB,2018-11-14,12:00:00,1542171600,10.5,6.6,14.4,19.2,188.0,0.0,0.0,United Kingdom
London,GB,2018-11-15,12:00:00,1542258000,12.2,8.0,15.2,14.5,157.0,0.0,0.0,United Kingdom
London,GB,2018-11-16,12:00:00,1542344400,10.5,9.2,11.8,13.2,94.0,0.6,0.0,United Kingdom
London,GB,2018-11-17,12:00:00,1542430800,8.2,5.8,10.9,20.1,79.0,0.0,0.0,United Kingdom
London,GB,2018-11-18,12:00:00,1542517200,7.3,5.7,10.8,23.7,66.0,0.0,0.0,United Kingdom
London,GB,2018-11-19,12:00:00,1542603600,6.7,4.7,7.8,26.5,56.0,1.2,0.0,United Kingdom
London,GB,2018-11-20,12:00:00,1542690000,4.1,2.2,4.8,25.9,53.0,6.4,0.0,United Kingdom
London,GB,2018-11-21,12:00:00,1542776400,3.0,0.0,7.2,19.8,116.0,1.4,0.0,United Kingdom
London,GB,2018-11-22,12:00:00,1542862800,0.7,-2.6,4.5,11.9,70.0,0.0,0.0,United Kingdom
London,GB,2018-11-23,12:00:00,1542949200,6.3,-0.2,9.4,14.1,79.0,0.0,0.0,United Kingdom
London,GB,2018-11-24,12:00:00,1543035600,7.6,6.4,8.8,21.2,56.0,2.1,0.0,United Kingdom
London,GB,2018-11-25,12:00:00,1543122000,6.3,5.0,7.9,20.8,49.0,0.3,0.0,United Kingdom
London,GB,2018-11-26,12:00:00,1543208400,5.6,3.4,7.8,14.7,11.0,0.0,0.0,United Kingdom
London,GB,2018-11-27,12:00:00,1543294800,5.2,1.4,10.2,28.7,159.0,4.2,0.0,United Kingdom
London,GB,2018-11-28,12:00:00,1543381200,11.7,7.8,13.7,38.6,203.0,4.0,0.0,United Kingdom
London,GB,2018-11-29,12:00:00,1543467600,11.6,9.3,13.8,43.3,202.0,4.3,0.0,United Kingdom
London,GB,2018-11-30,12:00:00,1543554000,8.7,6.5,11.1,25.0,225.0,0.5,0.0,United Kingdom
London,GB,2018-12-01,12:00:00,1543640400,9.8,6.2,12.7,28.8,201.0,5.5,0.0,United Kingdom
London,GB,2018-12-02,12:00:00,1543726800,12.9,10.6,14.5,26.5,232.0,3.5,0.0,United Kingdom
London,GB,2018-12-03,12:00:00,1543813200,10.1,4.9,12.9,28.8,250.0,1.3,0.0,United Kingdom
London,GB,2018-12-04,12:00:00,1543899600,4.5,0.5,7.0,8.3,231.0,1.6,0.0,United Kingdom
London,GB,2018-12-05,12:00:00,1543986000,10.1,5.6,12.5,21.7,182.0,10.9,0.0,United Kingdom
London,GB,2018-12-06,12:00:00,1544072400,11.3,9.1,12.6,24.7,233.0,1.6,0.0,United Kingdom
London,GB,2018-12-07,12:00:00,1544158800,10.2,6.5,12.9,35.8,236.0,8.3,0.0,United Kingdom
London,GB,2018-12-08,12:00:00,1544245200,9.3,7.1,11.7,39.3,250.0,0.2,0.0,United Kingdom
London,GB,2018-12-09,12:00:00,1544331600,8.2,5.7,10.0,32.8,276.0,1.1,0.0,United Kingdom
London,GB,2018-12-10,12:00:00,1544418000,6.2,3.8,8.8,20.1,275.0,0.1,0.0,United Kingdom
London,GB,2018-12-11,12:00:00,1544504400,4.7,1.7,8.4,9.7,140.0,0.0,0.0,United Kingdom
London,GB,2018-12-12,12:00:00,1544590800,5.2,1.8,7.1,18.7,119.0,0.1,0.0,United Kingdom
London,GB,2018-12-13,12:00:00,1544677200,2.5,1.1,5.0,24.0,97.0,0.0,0.0,United Kingdom
London,GB,2018-12-14,12:00:00,1544763600,1.4,-0.9,3.9,13.8,112.0,0.0,0.0,United Kingdom
London,GB,2018-12-15,12:00:00,1544850000,2.5,0.6,7.5,33.7,141.0,10.0,0.0,United Kingdom
London,GB,2018-12-16,12:00:00,1544936400,6.1,2.8,8.6,17.3,204.0,4.4,0.0,United Kingdom
London,GB,2018-12-17,12:00:00,1545022800,6.4,3.5,9.3,19.1,230.0,0.0,0.0,United Kingdom
London,GB,2018-12-18,12:00:00,1545109200,8.9,7.8,9.7,32.2,179.0,5.8,0.0,United Kingdom
London,GB,2018-12-19,12:00:00,1545195600,7.5,6.2,9.4,21.7,205.0,0.1,0.0,United Kingdom
London,GB,2018-12-20,12:00:00,1545282000,7.6,5.8,9.8,25.3,223.0,0.5,0.0,United Kingdom
London,GB,2018-12-21,12:00:00,1545368400,10.8,8.5,13.1,36.4,237.0,4.7,0.0,United Kingdom
London,GB,2018-12-22,12:00:00,1545454800,8.8,6.7,11.2,28.7,251.0,0.2,0.0,United Kingdom
London,GB,2018-12-23,12:00:00,1545541200,9.1,6.2,12.9,21.0,245.0,4.4,0.0,United Kingdom
London,GB,2018-12-24,12:00:00,1545627600,4.1,1.1,7.4,12.0,72.0,0.0,0.0,United Kingdom
London,GB,2018-12-25,12:00:00,1545714000,4.4,0.4,8.6,13.4,182.0,0.0,0.0,United Kingdom
London,GB,2018-12-26,12:00:00,1545800400,7.2,4.2,9.6,8.9,200.0,0.0,0.0,United Kingdom
London,GB,2018-12-27,12:00:00,1545886800,3.2,1.3,5.5,5.8,246.0,0.0,0.0,United Kingdom
London,GB,2018-12-28,12:00:00,1545973200,6.2,4.8,9.2,10.9,250.0,0.0,0.0,United Kingdom
London,GB,2018-12-29,12:00:00,1546059600,8.5,4.5,11.9,23.5,255.0,0.0,0.0,United Kingdom
London,GB,2018-12-30,12:00:00,1546146000,7.9,3.7,11.1,19.8,260.0,1.0,0.0,United Kingdom
London,GB,2018-12-31,12:00:00,1546232400,7.2,5.2,9.7,12.2,256.0,0.0,0.0,United Kingdom
London,GB,2019-01-01,12:00:00,1546318800,7.1,4.4,10.7,16.4,299.0,0.2,0.0,United Kingdom
London,GB,2019-01-02,12:00:00,1546405200,3.7,1.1,5.9,11.9,348.0,0.0,0.0,United Kingdom
London,GB,2019-01-03,12:00:00,1546491600,2.2,-1.2,5.2,9.7,7.0,0.0,0.0,United Kingdom
London,GB,2019-01-04,12:00:00,1546578000,-0.5,-2.6,3.1,9.2,310.0,0.0,0.0,United Kingdom
London,GB,2019-01-05,12:00:00,1546664400,1.8,-1.2,4.5,11.5,287.0,0.0,0.0,United Kingdom
London,GB,2019-01-06,12:00:00,1546750800,5.0,3.3,8.4,10.2,275.0,0.0,0.0,United Kingdom
London,GB,2019-01-07,12:00:00,1546837200,6.6,2.6,10.1,24.9,254.0,0.0,0.0,United Kingdom
London,GB,2019-01-08,12:00:00,1546923600,6.1,2.3,9.3,21.9,306.0,0.0,0.0,United Kingdom
London,GB,2019-01-09,12:00:00,1547010000,3.8,2.3,5.5,24.3,337.0,0.0,0.0,United Kingdom
London,GB,2019-01-10,12:00:00,1547096400,2.5,0.2,5.1,13.7,316.0,0.1,0.0,United Kingdom
London,GB,2019-01-11,12:00:00,1547182800,4.9,2.7,7.9,11.0,297.0,0.0,0.0,United Kingdom
London,GB,2019-01-12,12:00:00,1547269200,6.9,3.9,9.4,21.3,265.0,1.5,0.0,United Kingdom
London,GB,2019-01-13,12:00:00,1547355600,9.6,8.5,10.9,30.6,278.0,0.2,0.0,United Kingdom
London,GB,2019-01-14,12:00:00,1547442000,7.1,4.7,8.9,24.4,299.0,0.1,0.0,United Kingdom
London,GB,2019-01-15,12:00:00,1547528400,5.8,2.6,9.1,23.1,239.0,0.0,0.0,United Kingdom
London,GB,2019-01-16,12:00:00,1547614800,7.3,2.9,9.1,29.3,223.0,2.3,0.0,United Kingdom
London,GB,2019-01-17,12:00:00,1547701200,2.4,-1.5,4.3,20.8,301.0,1.0,0.0,United Kingdom
London,GB,2019-01-18,12:00:00,1547787600,1.2,-2.2,6.2,19.2,163.0,0.0,0.0,United Kingdom
London,GB,2019-01-19,12:00:00,1547874000,3.3,1.9,5.0,18.3,130.0,1.1,0.14,United Kingdom
London,GB,2019-01-20,12:00:00,1547960400,1.0,-1.9,4.9,9.6,29.0,0.0,0.0,United Kingdom
London,GB,2019-01-21,12:00:00,1548046800,1.7,-1.4,5.3,20.3,210.0,0.0,0.0,United Kingdom
London,GB,2019-01-22,12:00:00,1548133200,3.1,0.3,5.9,25.9,233.0,9.6,1.96,United Kingdom
London,GB,2019-01-23,12:00:00,1548219600,-0.1,-2.8,2.9,18.9,334.0,0.0,0.0,United Kingdom
London,GB,2019-01-24,12:00:00,1548306000,0.3,-4.2,5.4,10.9,257.0,0.1,0.0,United Kingdom
London,GB,2019-01-25,12:00:00,1548392400,6.0,1.5,11.1,19.2,253.0,1.1,0.0,United Kingdom
London,GB,2019-01-26,12:00:00,1548478800,7.5,5.2,9.4,32.0,229.0,1.2,0.0,United Kingdom
London,GB,2019-01-27,12:00:00,1548565200,5.2,3.3,7.4,36.7,293.0,2.9,0.0,United Kingdom
London,GB,2019-01-28,12:00:00,1548651600,1.9,-2.3,5.2,25.8,303.0,0.0,0.0,United Kingdom
London,GB,2019-01-29,12:00:00,1548738000,1.2,-2.9,6.0,19.2,209.0,3.7,0.63,United Kingdom
London,GB,2019-01-30,12:00:00,1548824400,-0.0,-3.3,4.3,16.0,282.0,0.6,0.0,United Kingdom
London,GB,2019-01-31,12:00:00,1548910800,-0.9,-4.9,4.8,27.3,103.0,0.7,0.49,United Kingdom
London,GB,2019-02-01,12:00:00,1548997200,1.4,0.5,2.9,30.7,48.0,14.9,7.98,United Kingdom
London,GB,2019-02-02,12:00:00,1549083600,1.5,-0.1,4.6,25.5,340.0,1.3,0.7,United Kingdom
London,GB,2019-02-03,12:00:00,1549170000,0.7,-4.2,4.6,19.7,239.0,0.0,0.0,United Kingdom
London,GB,2019-02-04,12:00:00,1549256400,6.7,3.6,9.3,31.9,210.0,6.6,0.0,United Kingdom
London,GB,2019-02-05,12:00:00,1549342800,6.2,3.3,8.6,24.4,192.0,0.3,0.0,United Kingdom
London,GB,2019-02-06,12:00:00,1549429200,9.1,7.8,10.7,25.0,209.0,12.2,0.0,United Kingdom
London,GB,2019-02-07,12:00:00,1549515600,7.3,5.2,9.5,41.7,232.0,1.4,0.0,United Kingdom
London,GB,2019-02-08,12:00:00,1549602000,8.8,6.1,10.3,42.2,211.0,6.8,0.0,United Kingdom
London,GB,2019-02-09,12:00:00,1549688400,7.8,6.2,10.0,39.8,235.0,1.3,0.0,United Kingdom
London,GB,2019-02-10,12:00:00,1549774800,5.5,2.7,7.1,32.2,260.0,7.3,0.0,United Kingdom
London,GB,2019-02-11,12:00:00,1549861200,4.2,0.2,8.6,17.6,289.0,0.0,0.0,United Kingdom
London,GB,2019-02-12,12:00:00,1549947600,5.7,0.7,10.4,19.7,230.0,0.0,0.0,United Kingdom
London,GB,2019-02-13,12:00:00,1550034000,7.2,3.9,10.8,19.7,207.0,0.0,0.0,United Kingdom
London,GB,2019-02-14,12:00:00,1550120400,4.7,-0.3,12.3,12.8,164.0,0.0,0.0,United Kingdom
London,GB,2019-02-15,12:00:00,1550206800,5.6,0.4,13.5,14.5,180.0,0.0,0.0,United Kingdom
London,GB,2019-02-16,12:00:00,1550293200,8.6,4.4,12.6,21.8,208.0,0.0,0.0,United Kingdom
London,GB,2019-02-17,12:00:00,1550379600,9.2,4.9,13.4,24.6,192.0,0.0,0.0,United Kingdom
London,GB,2019-02-18,12:00:00,1550466000,7.9,4.4,10.3,21.6,215.0,3.0,0.0,United Kingdom
London,GB,2019-02-19,12:00:00,1550552400,6.4,3.1,10.8,22.6,235.0,0.0,0.0,United Kingdom
London,GB,2019-02-20,12:00:00,1550638800,8.5,6.9,11.4,25.5,215.0,0.1,0.0,United Kingdom
London,GB,2019-02-21,12:00:00,1550725200,9.1,5.8,13.6,20.4,228.0,0.0,0.0,United Kingdom
London,GB,2019-02-22,12:00:00,1550811600,7.2,4.5,12.9,11.8,158.0,0.0,0.0,United Kingdom
London,GB,2019-02-23,12:00:00,1550898000,8.1,3.7,15.1,13.3,124.0,0.0,0.0,United Kingdom
London,GB,2019-02-24,12:00:00,1550984400,6.3,0.7,14.5,10.1,79.0,0.0,0.0,United Kingdom
London,GB,2019-02-25,12:00:00,1551070800,7.2,0.4,17.2,11.2,85.0,0.0,0.0,United Kingdom
London,GB,2019-02-26,12:00:00,1551157200,8.7,1.6,17.5,13.5,96.0,0.0,0.0,United Kingdom
London,GB,2019-02-27,12:00:00,1551243600,8.8,3.9,16.6,12.0,230.0,0.0,0.0,United Kingdom
London,GB,2019-02-28,12:00:00,1551330000,7.9,3.0,12.6,24.8,244.0,3.4,0.0,United Kingdom
London,GB,2019-03-01,12:00:00,1551416400,8.7,6.2,11.4,14.9,276.0,1.1,0.0,United Kingdom
London,GB,2019-03-02,12:00:00,1551502800,10.0,5.8,13.8,34.1,220.0,0.7,0.0,United Kingdom
London,GB,2019-03-03,12:00:00,1551589200,10.9,9.0,11.7,41.4,217.0,4.2,0.0,United Kingdom
London,GB,2019-03-04,12:00:00,1551675600,6.8,3.9,9.4,31.7,252.0,3.0,0.0,United Kingdom
London,GB,2019-03-05,12:00:00,1551762000,7.0,2.9,11.2,26.3,223.0,1.7,0.0,United Kingdom
London,GB,2019-03-06,12:00:00,1551848400,10.6,8.9,12.8,33.4,192.0,4.9,0.0,United Kingdom
London,GB,2019-03-07,12:00:00,1551934800,7.8,5.3,10.7,43.5,250.0,1.0,0.0,United Kingdom
London,GB,2019-03-08,12:00:00,1552021200,7.0,3.1,9.8,27.6,240.0,1.9,0.0,United Kingdom
London,GB,2019-03-09,12:00:00,1552107600,9.0,6.2,12.9,41.4,255.0,0.4,0.0,United Kingdom
London,GB,2019-03-10,12:00:00,1552194000,7.3,4.2,10.5,53.7,264.0,7.6,0.0,United Kingdom
London,GB,2019-03-11,12:00:00,1552280400,6.1,3.4,9.3,31.6,271.0,0.0,0.0,United Kingdom
London,GB,2019-03-12,12:00:00,1552366800,6.9,2.9,9.6,41.6,221.0,7.8,0.07,United Kingdom
London,GB,2019-03-13,12:00:00,1552453200,7.8,5.2,11.0,43.5,269.0,0.1,0.0,United Kingdom
London,GB,2019-03-14,12:00:00,1552539600,9.6,6.6,12.9,45.5,265.0,4.8,0.0,United Kingdom
London,GB,2019-03-15,12:00:00,1552626000,11.5,8.6,13.7,43.9,257.0,3.8,0.0,United Kingdom
London,GB,2019-03-16,12:00:00,1552712400,10.6,8.8,12.6,47.6,228.0,3.3,0.0,United Kingdom
London,GB,2019-03-17,12:00:00,1552798800,6.3,3.8,9.5,28.0,268.0,1.6,0.0,United Kingdom
London,GB,2019-03-18,12:00:00,1552885200,6.4,3.3,10.6,16.6,274.0,0.5,0.0,United Kingdom
London,GB,2019-03-19,12:00:00,1552971600,8.0,3.5,12.6,12.2,237.0,0.1,0.0,United Kingdom
London,GB,2019-03-20,12:00:00,1553058000,10.5,7.6,13.3,13.5,235.0,0.0,0.0,United Kingdom
London,GB,2019-03-21,12:00:00,1553144400,10.5,7.3,13.1,11.6,239.0,0.0,0.0,United Kingdom
London,GB,2019-03-22,12:00:00,1553230800,10.0,7.1,12.0,17.3,219.0,0.0,0.0,United Kingdom
London,GB,2019-03-23,12:00:00,1553317200,9.3,6.3,13.3,15.0,32.0,0.0,0.0,United Kingdom
London,GB,2019-03-24,12:00:00,1553403600,7.3,2.0,13.0,18.0,310.0,0.0,0.0,United Kingdom
London,GB,2019-03-25,12:00:00,1553490000,7.6,2.8,12.1,26.0,340.0,0.0,0.0,United Kingdom
London,GB,2019-03-26,12:00:00,1553576400,6.8,0.6,11.7,13.2,295.0,0.0,0.0,United Kingdom
London,GB,2019-03-27,12:00:00,1553662800,8.5,2.9,12.3,11.0,337.0,0.0,0.0,United Kingdom
London,GB,2019-03-28,12:00:00,1553749200,8.7,4.0,13.1,10.9,184.0,0.0,0.0,United Kingdom
London,GB,2019-03-29,12:00:00,1553835600,9.0,2.9,15.8,10.8,179.0,0.0,0.0,United Kingdom
London,GB,2019-03-30,12:00:00,1553922000,10.8,5.1,16.9,11.2,2.0,0.1,0.0,United Kingdom
London,GB,2019-03-31,12:00:00,1554008400,8.3,4.5,11.5,27.7,61.0,0.5,0.0,United Kingdom
London,GB,2019-04-01,12:00:00,1554094800,7.5,3.8,12.8,21.4,67.0,0.0,0.0,United Kingdom
London,GB,2019-04-02,12:00:00,1554181200,5.5,2.3,8.6,17.7,263.0,3.9,0.0,United Kingdom
London,GB,2019-04-03,12:00:00,1554267600,3.3,-0.9,8.0,12.6,247.0,1.1,0.0,United Kingdom
London,GB,2019-04-04,12:00:00,1554354000,5.0,0.1,8.5,25.6,154.0,3.6,0.0,United Kingdom
London,GB,2019-04-05,12:00:00,1554440400,8.6,5.3,12.9,23.2,122.0,0.0,0.0,United Kingdom
London,GB,2019-04-06,12:00:00,1554526800,8.2,5.0,11.7,22.4,61.0,0.3,0.0,United Kingdom
London,GB,2019-04-07,12:00:00,1554613200,9.8,5.4,14.0,16.6,40.0,6.1,0.0,United Kingdom
London,GB,2019-04-08,12:00:00,1554699600,9.4,5.9,13.9,7.9,333.0,1.5,0.0,United Kingdom
London,GB,2019-04-09,12:00:00,1554786000,9.1,6.8,11.6,21.6,48.0,7.2,0.0,United Kingdom
London,GB,2019-04-10,12:00:00,1554872400,7.2,3.8,11.3,26.0,45.0,0.0,0.0,United Kingdom
London,GB,2019-04-11,12:00:00,1554958800,5.9,1.1,10.4,19.6,55.0,0.0,0.0,United Kingdom
London,GB,2019-04-12,12:00:00,1555045200,5.3,-0.2,9.2,14.8,60.0,0.1,0.0,United Kingdom
London,GB,2019-04-13,12:00:00,1555131600,4.6,-0.1,8.5,18.4,65.0,1.4,0.0,United Kingdom
London,GB,2019-04-14,12:00:00,1555218000,4.5,-0.6,8.5,20.5,80.0,0.0,0.0,United Kingdom
London,GB,2019-04-15,12:00:00,1555304400,7.8,3.0,13.2,26.3,97.0,0.0,0.0,United Kingdom
London,GB,2019-04-16,12:00:00,1555390800,10.2,6.1,15.4,10.9,72.0,0.3,0.0,United Kingdom
London,GB,2019-04-17,12:00:00,1555477200,10.8,3.4,18.1,15.9,80.0,0.0,0.0,United Kingdom
London,GB,2019-04-18,12:00:00,1555563600,12.9,7.6,19.2,20.4,73.0,0.0,0.0,United Kingdom
London,GB,2019-04-19,12:00:00,1555650000,13.9,7.5,21.4,16.1,61.0,0.0,0.0,United Kingdom
London,GB,2019-04-20,12:00:00,1555736400,13.9,6.3,22.6,12.0,49.0,0.0,0.0,United Kingdom
London,GB,2019-04-21,12:00:00,1555822800,13.2,4.8,21.9,14.8,72.0,0.0,0.0,United Kingdom
London,GB,2019-04-22,12:00:00,1555909200,14.5,6.8,22.5,18.2,86.0,0.0,0.0,United Kingdom
London,GB,2019-04-23,12:00:00,1555995600,14.0,9.3,20.9,19.1,73.0,0.1,0.0,United Kingdom
London,GB,2019-04-24,12:00:00,1556082000,12.5,8.2,18.1,29.6,167.0,5.3,0.0,United Kingdom
London,GB,2019-04-25,12:00:00,1556168400,11.5,8.1,14.7,26.9,170.0,4.4,0.0,United Kingdom
London,GB,2019-04-26,12:00:00,1556254800,10.7,6.9,15.0,31.3,203.0,1.0,0.0,United Kingdom
London,GB,2019-04-27,12:00:00,1556341200,9.6,7.0,12.1,41.8,252.0,0.4,0.0,United Kingdom
London,GB,2019-04-28,12:00:00,1556427600,10.2,7.4,13.3,24.2,314.0,1.7,0.0,United Kingdom
London,GB,2019-04-29,12:00:00,1556514000,9.1,3.5,13.7,14.2,68.0,0.0,0.0,United Kingdom
London,GB,2019-04-30,12:00:00,1556600400,9.9,3.6,14.9,10.7,85.0,0.0,0.0,United Kingdom
London,GB,2019-05-01,12:00:00,1556686800,11.2,6.0,16.3,12.6,250.0,0.2,0.0,United Kingdom
London,GB,2019-05-02,12:00:00,1556773200,11.4,7.8,15.7,20.9,296.0,7.2,0.0,United Kingdom
London,GB,2019-05-03,12:00:00,1556859600,9.2,5.5,14.0,19.1,343.0,1.6,0.0,United Kingdom
London,GB,2019-05-04,12:00:00,1556946000,7.5,5.0,10.2,30.3,359.0,1.1,0.0,United Kingdom
London,GB,2019-05-05,12:00:00,1557032400,7.6,3.0,10.6,19.1,336.0,0.3,0.0,United Kingdom
London,GB,2019-05-06,12:00:00,1557118800,8.4,4.5,11.1,17.7,281.0,0.3,0.0,United Kingdom
London,GB,2019-05-07,12:00:00,1557205200,10.2,6.7,13.8,16.3,195.0,0.5,0.0,United Kingdom
London,GB,2019-05-08,12:00:00,1557291600,10.9,8.7,14.4,30.5,189.0,12.4,0.0,United Kingdom
London,GB,2019-05-09,12:00:00,1557378000,10.8,6.9,14.0,15.6,283.0,6.3,0.0,United Kingdom
London,GB,2019-05-10,12:00:00,1557464400,10.1,5.4,14.6,8.4,226.0,2.0,0.0,United Kingdom
London,GB,2019-05-11,12:00:00,1557550800,10.0,6.4,13.6,19.0,351.0,3.0,0.0,United Kingdom
London,GB,2019-05-12,12:00:00,1557637200,9.9,3.7,15.5,15.5,62.0,0.0,0.0,United Kingdom
London,GB,2019-05-13,12:00:00,1557723600,10.1,3.4,15.5,18.4,75.0,0.0,0.0,United Kingdom
London,GB,2019-05-14,12:00:00,1557810000,11.1,5.7,16.2,19.2,77.0,0.0,0.0,United Kingdom
London,GB,2019-05-15,12:00:00,1557896400,12.0,6.0,18.2,15.7,80.0,0.0,0.0,United Kingdom
London,GB,2019-05-16,12:00:00,1557982800,11.6,6.1,16.8,24.6,65.0,0.0,0.0,United Kingdom
London,GB,2019-05-17,12:00:00,1558069200,11.5,7.8,14.1,22.4,48.0,1.8,0.0,United Kingdom
London,GB,2019-05-18,12:00:00,1558155600,12.7,8.7,16.9,7.6,23.0,0.5,0.0,United Kingdom
London,GB,2019-05-19,12:00:00,1558242000,12.7,8.8,16.0,10.4,38.0,0.7,0.0,United Kingdom
London,GB,2019-05-20,12:00:00,1558328400,14.7,10.1,19.3,12.4,339.0,0.5,0.0,United Kingdom
London,GB,2019-05-21,12:00:00,1558414800,14.3,8.5,19.2,17.8,327.0,0.0,0.0,United Kingdom
London,GB,2019-05-22,12:00:00,1558501200,14.1,9.2,19.2,17.7,235.0,0.0,0.0,United Kingdom
London,GB,2019-05-23,12:00:00,1558587600,15.2,8.2,21.7,18.7,218.0,0.0,0.0,United Kingdom
London,GB,2019-05-24,12:00:00,1558674000,15.8,10.3,20.6,16.6,313.0,0.6,0.0,United Kingdom
London,GB,2019-05-25,12:00:00,1558760400,17.1,12.5,22.0,16.8,298.0,0.9,0.0,United Kingdom
London,GB,2019-05-26,12:00:00,1558846800,16.6,12.3,20.5,26.8,257.0,1.8,0.0,United Kingdom
London,GB,2019-05-27,12:00:00,1558933200,13.5,8.7,17.4,25.2,265.0,0.6,0.0,United Kingdom
London,GB,2019-05-28,12:00:00,1559019600,12.4,8.2,16.8,17.8,314.0,2.3,0.0,United Kingdom
London,GB,2019-05-29,12:00:00,1559106000,12.5,8.7,15.8,26.9,206.0,1.9,0.0,United Kingdom
London,GB,2019-05-30,12:00:00,1559192400,17.6,14.2,22.1,26.6,247.0,0.1,0.0,United Kingdom
London,GB,2019-05-31,12:00:00,1559278800,16.0,11.3,19.4,19.2,234.0,0.0,0.0,United Kingdom
London,GB,2019-06-01,12:00:00,1559365200,17.9,10.1,24.6,15.3,203.0,0.0,0.0,United Kingdom
London,GB,2019-06-02,12:00:00,1559451600,20.1,15.4,25.1,29.0,208.0,0.0,0.0,United Kingdom
London,GB,2019-06-03,12:00:00,1559538000,15.4,11.1,19.2,22.2,238.0,0.2,0.0,United Kingdom
London,GB,2019-06-04,12:00:00,1559624400,14.4,9.6,18.2,22.5,160.0,3.3,0.0,United Kingdom
London,GB,2019-06-05,12:00:00,1559710800,14.3,11.2,18.1,19.6,219.0,0.2,0.0,United Kingdom
London,GB,2019-06-06,12:00:00,1559797200,13.6,8.8,17.3,23.0,213.0,0.1,0.0,United Kingdom
London,GB,2019-06-07,12:00:00,1559883600,13.5,10.5,17.3,25.8,102.0,7.1,0.0,United Kingdom
London,GB,2019-06-08,12:00:00,1559970000,13.6,11.1,17.1,35.1,246.0,3.6,0.0,United Kingdom
London,GB,2019-06-09,12:00:00,1560056400,13.8,8.4,17.9,10.8,227.0,0.0,0.0,United Kingdom
London,GB,2019-06-10,12:00:00,1560142800,11.7,10.9,12.5,21.8,359.0,31.4,0.0,United Kingdom
London,GB,2019-06-11,12:00:00,1560229200,13.5,10.4,17.0,19.3,27.0,2.5,0.0,United Kingdom
London,GB,2019-06-12,12:00:00,1560315600,13.0,10.7,15.7,14.1,25.0,7.6,0.0,United Kingdom
London,GB,2019-06-13,12:00:00,1560402000,12.6,11.2,14.0,29.8,209.0,6.9,0.0,United Kingdom
London,GB,2019-06-14,12:00:00,1560488400,14.3,11.5,17.5,30.2,203.0,1.9,0.0,United Kingdom
London,GB,2019-06-15,12:00:00,1560574800,14.5,11.4,17.7,27.1,202.0,1.1,0.0,United Kingdom
London,GB,2019-06-16,12:00:00,1560661200,14.5,10.1,18.7,31.1,210.0,2.2,0.0,United Kingdom
London,GB,2019-06-17,12:00:00,1560747600,15.7,12.0,20.2,22.6,211.0,0.0,0.0,United Kingdom
London,GB,2019-06-18,12:00:00,1560834000,14.6,9.1,18.1,10.6,126.0,3.6,0.0,United Kingdom
London,GB,2019-06-19,12:00:00,1560920400,16.2,12.8,19.8,12.5,320.0,2.6,0.0,United Kingdom
London,GB,2019-06-20,12:00:00,1561006800,15.4,12.6,18.0,21.1,254.0,0.4,0.0,United Kingdom
London,GB,2019-06-21,12:00:00,1561093200,15.1,9.1,19.5,15.5,260.0,0.0,0.0,United Kingdom
London,GB,2019-06-22,12:00:00,1561179600,15.6,9.7,20.6,19.3,124.0,0.0,0.0,United Kingdom
London,GB,2019-06-23,12:00:00,1561266000,17.6,11.6,23.8,22.4,81.0,0.0,0.0,United Kingdom
London,GB,2019-06-24,12:00:00,1561352400,20.5,16.4,23.8,14.6,172.0,0.3,0.0,United Kingdom
London,GB,2019-06-25,12:00:00,1561438800,20.4,17.2,24.8,11.5,40.0,15.3,0.0,United Kingdom
London,GB,2019-06-26,12:00:00,1561525200,17.8,15.1,20.9,25.8,47.0,0.0,0.0,United Kingdom
London,GB,2019-06-27,12:00:00,1561611600,16.2,12.8,20.8,25.9,64.0,0.0,0.0,United Kingdom
London,GB,2019-06-28,12:00:00,1561698000,16.6,13.2,20.9,26.9,79.0,0.0,0.0,United Kingdom
London,GB,2019-06-29,12:00:00,1561784400,22.2,13.1,30.5,16.1,126.0,0.0,0.0,United Kingdom
London,GB,2019-06-30,12:00:00,1561870800,19.3,15.4,22.1,21.1,262.0,0.0,0.0,United Kingdom
London,GB,2019-07-01,12:00:00,1561957200,17.2,12.9,21.5,22.0,278.0,0.0,0.0,United Kingdom
London,GB,2019-07-02,12:00:00,1562043600,16.1,9.7,20.7,14.3,355.0,0.0,0.0,United Kingdom
London,GB,2019-07-03,12:00:00,1562130000,16.7,12.3,21.0,15.6,60.0,0.0,0.0,United Kingdom
London,GB,2019-07-04,12:00:00,1562216400,17.6,9.9,23.8,8.9,34.0,0.0,0.0,United Kingdom
London,GB,2019-07-05,12:00:00,1562302800,19.9,14.1,24.9,11.9,287.0,0.0,0.0,United Kingdom
London,GB,2019-07-06,12:00:00,1562389200,18.4,13.1,22.8,16.2,332.0,0.7,0.0,United Kingdom
London,GB,2019-07-07,12:00:00,1562475600,16.4,14.2,18.8,14.6,89.0,3.6,0.0,United Kingdom
London,GB,2019-07-08,12:00:00,1562562000,16.1,9.9,21.3,16.6,110.0,0.0,0.0,United Kingdom
London,GB,2019-07-09,12:00:00,1562648400,17.7,14.6,23.1,16.3,199.0,0.0,0.0,United Kingdom
London,GB,2019-07-10,12:00:00,1562734800,19.7,15.5,24.1,17.6,229.0,1.3,0.0,United Kingdom
London,GB,2019-07-11,12:00:00,1562821200,19.6,15.8,24.2,15.9,260.0,0.0,0.0,United Kingdom
London,GB,2019-07-12,12:00:00,1562907600,19.5,15.1,23.1,24.7,305.0,0.1,0.0,United Kingdom
London,GB,2019-07-13,12:00:00,1562994000,18.4,14.2,21.6,12.2,349.0,0.6,0.0,United Kingdom
London,GB,2019-07-14,12:00:00,1563080400,16.8,13.6,20.6,18.5,37.0,0.5,0.0,United Kingdom
London,GB,2019-07-15,12:00:00,1563166800,15.6,10.7,20.0,12.4,34.0,0.0,0.0,United Kingdom
London,GB,2019-07-16,12:00:00,1563253200,18.2,11.1,24.4,17.7,225.0,0.0,0.0,United Kingdom
London,GB,2019-07-17,12:00:00,1563339600,19.3,13.0,24.4,19.9,211.0,0.0,0.0,United Kingdom
London,GB,2019-07-18,12:00:00,1563426000,18.3,15.2,21.6,20.1,244.0,4.8,0.0,United Kingdom
London,GB,2019-07-19,12:00:00,1563512400,16.6,11.9,20.7,31.2,204.0,8.9,0.0,United Kingdom
London,GB,2019-07-20,12:00:00,1563598800,19.2,16.4,23.2,27.4,234.0,16.8,0.0,United Kingdom
London,GB,2019-07-21,12:00:00,1563685200,18.2,13.6,21.8,19.9,233.0,0.0,0.0,United Kingdom
London,GB,2019-07-22,12:00:00,1563771600,20.6,15.7,25.5,25.1,227.0,0.0,0.0,United Kingdom
London,GB,2019-07-23,12:00:00,1563858000,22.9,15.0,31.0,16.6,128.0,0.0,0.0,United Kingdom
London,GB,2019-07-24,12:00:00,1563944400,25.0,19.7,30.0,19.3,208.0,0.0,0.0,United Kingdom
London,GB,2019-07-25,12:00:00,1564030800,27.4,18.6,35.3,16.5,138.0,0.0,0.0,United Kingdom
London,GB,2019-07-26,12:00:00,1564117200,22.5,19.2,25.0,18.3,252.0,3.0,0.0,United Kingdom
London,GB,2019-07-27,12:00:00,1564203600,17.9,15.9,19.1,17.3,294.0,22.4,0.0,United Kingdom
London,GB,2019-07-28,12:00:00,1564290000,17.9,15.1,21.7,22.8,280.0,0.0,0.0,United Kingdom
London,GB,2019-07-29,12:00:00,1564376400,18.8,12.8,23.7,18.7,189.0,0.0,0.0,United Kingdom
London,GB,2019-07-30,12:00:00,1564462800,18.4,16.4,20.4,39.2,176.0,6.8,0.0,United Kingdom
London,GB,2019-07-31,12:00:00,1564549200,18.4,15.8,21.5,28.7,244.0,0.7,0.0,United Kingdom
London,GB,2019-08-01,12:00:00,1564635600,18.6,13.7,23.4,12.9,295.0,0.7,0.0,United Kingdom
London,GB,2019-08-02,12:00:00,1564722000,19.0,14.3,23.2,13.3,12.0,0.3,0.0,United Kingdom
London,GB,2019-08-03,12:00:00,1564808400,18.9,14.1,23.6,8.5,110.0,0.3,0.0,United Kingdom
London,GB,2019-08-04,12:00:00,1564894800,19.3,14.3,24.1,19.5,165.0,0.5,0.0,United Kingdom
London,GB,2019-08-05,12:00:00,1564981200,19.4,15.8,24.0,26.9,232.0,0.8,0.0,United Kingdom
London,GB,2019-08-06,12:00:00,1565067600,18.6,14.5,22.8,28.8,223.0,0.6,0.0,United Kingdom
London,GB,2019-08-07,12:00:00,1565154000,18.0,14.5,21.8,25.3,241.0,1.2,0.0,United Kingdom
London,GB,2019-08-08,12:00:00,1565240400,18.5,12.9,23.5,17.5,206.0,1.2,0.0,United Kingdom
London,GB,2019-08-09,12:00:00,1565326800,20.4,17.9,23.9,36.4,195.0,7.5,0.0,United Kingdom
London,GB,2019-08-10,12:00:00,1565413200,18.5,16.2,21.0,48.1,223.0,1.5,0.0,United Kingdom
London,GB,2019-08-11,12:00:00,1565499600,17.8,14.8,21.3,28.8,228.0,0.4,0.0,United Kingdom
London,GB,2019-08-12,12:00:00,1565586000,15.0,12.1,17.9,11.1,259.0,11.9,0.0,United Kingdom
London,GB,2019-08-13,12:00:00,1565672400,15.3,10.7,19.8,17.1,258.0,0.0,0.0,United Kingdom
London,GB,2019-08-14,12:00:00,1565758800,15.5,12.5,17.9,30.7,204.0,7.4,0.0,United Kingdom
London,GB,2019-08-15,12:00:00,1565845200,17.8,13.7,21.4,28.2,270.0,0.0,0.0,United Kingdom
London,GB,2019-08-16,12:00:00,1565931600,15.6,12.2,18.8,30.8,206.0,7.1,0.0,United Kingdom
London,GB,2019-08-17,12:00:00,1566018000,18.4,16.0,21.9,26.8,232.0,0.7,0.0,United Kingdom
London,GB,2019-08-18,12:00:00,1566104400,16.8,14.7,20.4,25.9,236.0,1.5,0.0,United Kingdom
London,GB,2019-08-19,12:00:00,1566190800,16.1,12.6,20.8,25.1,242.0,0.9,0.0,United Kingdom
London,GB,2019-08-20,12:00:00,1566277200,15.2,10.7,19.8,19.8,259.0,0.0,0.0,United Kingdom
London,GB,2019-08-21,12:00:00,1566363600,15.9,10.2,21.3,15.8,218.0,0.0,0.0,United Kingdom
London,GB,2019-08-22,12:00:00,1566450000,17.3,11.7,23.4,20.0,235.0,0.0,0.0,United Kingdom
London,GB,2019-08-23,12:00:00,1566536400,19.0,12.7,25.3,8.8,198.0,0.0,0.0,United Kingdom
London,GB,2019-08-24,12:00:00,1566622800,19.7,11.7,27.9,11.4,116.0,0.0,0.0,United Kingdom
London,GB,2019-08-25,12:00:00,1566709200,22.4,14.0,30.9,10.2,124.0,0.0,0.0,United Kingdom
London,GB,2019-08-26,12:00:00,1566795600,22.5,15.8,31.0,12.7,171.0,0.0,0.0,United Kingdom
London,GB,2019-08-27,12:00:00,1566882000,23.2,15.6,31.4,15.8,158.0,0.1,0.0,United Kingdom
London,GB,2019-08-28,12:00:00,1566968400,20.5,17.5,25.1,23.2,228.0,2.2,0.0,United Kingdom
London,GB,2019-08-29,12:00:00,1567054800,17.7,12.5,22.4,21.5,249.0,0.1,0.0,United Kingdom
London,GB,2019-08-30,12:00:00,1567141200,17.7,13.8,22.6,23.5,217.0,0.0,0.0,United Kingdom
London,GB,2019-08-31,12:00:00,1567227600,17.2,13.1,23.6,27.0,233.0,0.3,0.0,United Kingdom
London,GB,2019-09-01,12:00:00,1567314000,15.3,11.2,19.6,20.0,285.0,0.0,0.0,United Kingdom
London,GB,2019-09-02,12:00:00,1567400400,15.2,8.5,21.1,20.8,256.0,0.0,0.0,United Kingdom
London,GB,2019-09-03,12:00:00,1567486800,17.3,13.7,21.0,22.4,246.0,0.0,0.0,United Kingdom
London,GB,2019-09-04,12:00:00,1567573200,17.0,14.2,19.8,28.2,257.0,7.0,0.0,United Kingdom
London,GB,2019-09-05,12:00:00,1567659600,14.4,11.6,17.6,21.7,311.0,0.0,0.0,United Kingdom
London,GB,2019-09-06,12:00:00,1567746000,13.7,9.8,17.8,32.8,246.0,1.4,0.0,United Kingdom
London,GB,2019-09-07,12:00:00,1567832400,13.7,9.9,18.2,20.6,348.0,0.4,0.0,United Kingdom
London,GB,2019-09-08,12:00:00,1567918800,12.5,7.1,17.8,15.7,348.0,0.0,0.0,United Kingdom
London,GB,2019-09-09,12:00:00,1568005200,12.9,10.7,14.5,17.0,173.0,5.5,0.0,United Kingdom
London,GB,2019-09-10,12:00:00,1568091600,14.0,8.3,18.8,12.8,275.0,0.2,0.0,United Kingdom
London,GB,2019-09-11,12:00:00,1568178000,16.8,13.0,21.2,34.4,238.0,0.5,0.0,United Kingdom
London,GB,2019-09-12,12:00:00,1568264400,18.2,13.2,24.0,26.8,239.0,0.1,0.0,United Kingdom
London,GB,2019-09-13,12:00:00,1568350800,16.8,12.9,20.6,16.7,7.0,0.2,0.0,United Kingdom
London,GB,2019-09-14,12:00:00,1568437200,15.2,8.4,21.6,9.2,96.0,0.0,0.0,United Kingdom
London,GB,2019-09-15,12:00:00,1568523600,17.3,10.3,24.5,12.7,267.0,0.0,0.0,United Kingdom
London,GB,2019-09-16,12:00:00,1568610000,16.6,15.2,19.0,12.6,309.0,0.7,0.0,United Kingdom
London,GB,2019-09-17,12:00:00,1568696400,14.4,9.7,18.7,14.9,10.0,0.0,0.0,United Kingdom
London,GB,2019-09-18,12:00:00,1568782800,12.6,7.0,18.5,11.0,46.0,0.0,0.0,United Kingdom
London,GB,2019-09-19,12:00:00,1568869200,14.1,7.8,20.7,14.1,76.0,0.0,0.0,United Kingdom
London,GB,2019-09-20,12:00:00,1568955600,14.5,9.0,20.5,24.5,90.0,0.0,0.0,United Kingdom
London,GB,2019-09-21,12:00:00,1569042000,17.4,11.0,24.4,18.3,104.0,0.0,0.0,United Kingdom
London,GB,2019-09-22,12:00:00,1569128400,18.1,13.9,22.5,21.3,179.0,4.0,0.0,United Kingdom
London,GB,2019-09-23,12:00:00,1569214800,15.7,12.7,19.6,26.3,198.0,2.6,0.0,United Kingdom
London,GB,2019-09-24,12:00:00,1569301200,16.9,14.8,19.7,26.8,202.0,17.8,0.0,United Kingdom
London,GB,2019-09-25,12:00:00,1569387600,16.1,14.3,19.3,24.0,228.0,10.9,0.0,United Kingdom
London,GB,2019-09-26,12:00:00,1569474000,16.8,14.2,20.2,27.9,225.0,3.4,0.0,United Kingdom
London,GB,2019-09-27,12:00:00,1569560400,14.8,12.8,17.6,31.0,227.0,4.5,0.0,United Kingdom
London,GB,2019-09-28,12:00:00,1569646800,15.0,11.9,18.6,33.0,232.0,5.3,0.0,United Kingdom
London,GB,2019-09-29,12:00:00,1569733200,16.3,13.3,18.9,37.7,233.0,13.9,0.0,United Kingdom
London,GB,2019-09-30,12:00:00,1569819600,13.8,9.6,17.5,27.2,224.0,9.1,0.0,United Kingdom
London,GB,2019-10-01,12:00:00,1569906000,15.4,11.4,18.2,30.4,249.0,8.6,0.0,United Kingdom
London,GB,2019-10-02,12:00:00,1569992400,9.7,6.2,13.2,23.3,336.0,0.0,0.0,United Kingdom
London,GB,2019-10-03,12:00:00,1570078800,9.0,3.1,13.4,20.0,173.0,3.2,0.0,United Kingdom
London,GB,2019-10-04,12:00:00,1570165200,12.8,9.3,14.7,26.4,253.0,3.7,0.0,United Kingdom
London,GB,2019-10-05,12:00:00,1570251600,12.3,9.3,15.5,13.6,95.0,0.1,0.0,United Kingdom
London,GB,2019-10-06,12:00:00,1570338000,13.7,11.8,16.2,28.4,289.0,13.0,0.0,United Kingdom
London,GB,2019-10-07,12:00:00,1570424400,12.5,8.9,15.3,23.2,209.0,2.6,0.0,United Kingdom
London,GB,2019-10-08,12:00:00,1570510800,13.6,10.6,16.5,28.0,242.0,1.0,0.0,United Kingdom
London,GB,2019-10-09,12:00:00,1570597200,11.6,9.3,14.4,26.7,245.0,0.1,0.0,United Kingdom
London,GB,2019-10-10,12:00:00,1570683600,12.4,8.5,15.8,29.5,237.0,0.0,0.0,United Kingdom
London,GB,2019-10-11,12:00:00,1570770000,15.3,13.1,17.0,38.3,225.0,12.0,0.0,United Kingdom
London,GB,2019-10-12,12:00:00,1570856400,11.6,11.0,13.0,11.8,205.0,12.2,0.0,United Kingdom
London,GB,2019-10-13,12:00:00,1570942800,13.2,9.9,16.8,32.7,204.0,7.2,0.0,United Kingdom
London,GB,2019-10-14,12:00:00,1571029200,12.7,9.4,15.6,27.4,123.0,11.1,0.0,United Kingdom
London,GB,2019-10-15,12:00:00,1571115600,12.2,9.6,15.7,23.2,222.0,0.3,0.0,United Kingdom
London,GB,2019-10-16,12:00:00,1571202000,12.6,9.1,15.4,21.5,216.0,3.9,0.0,United Kingdom
London,GB,2019-10-17,12:00:00,1571288400,10.9,7.9,14.3,20.8,196.0,0.4,0.0,United Kingdom
London,GB,2019-10-18,12:00:00,1571374800,11.7,9.9,14.3,33.3,216.0,6.2,0.0,United Kingdom
London,GB,2019-10-19,12:00:00,1571461200,10.9,6.6,14.3,22.0,228.0,0.2,0.0,United Kingdom
London,GB,2019-10-20,12:00:00,1571547600,8.4,3.7,11.8,19.4,359.0,0.0,0.0,United Kingdom
London,GB,2019-10-21,12:00:00,1571634000,10.5,8.9,12.3,20.5,356.0,7.2,0.0,United Kingdom
London,GB,2019-10-22,12:00:00,1571720400,8.7,5.0,14.1,10.4,231.0,0.0,0.0,United Kingdom
London,GB,2019-10-23,12:00:00,1571806800,9.4,3.6,14.5,13.7,84.0,1.4,0.0,United Kingdom
London,GB,2019-10-24,12:00:00,1571893200,11.2,9.3,12.4,18.6,255.0,10.3,0.0,United Kingdom
London,GB,2019-10-25,12:00:00,1571979600,12.7,9.0,16.0,39.6,208.0,0.7,0.0,United Kingdom
London,GB,2019-10-26,12:00:00,1572066000,14.4,7.8,16.6,38.5,220.0,6.0,0.0,United Kingdom
London,GB,2019-10-27,12:00:00,1572152400,6.9,3.2,11.5,10.9,295.0,0.0,0.0,United Kingdom
London,GB,2019-10-28,12:00:00,1572238800,6.4,0.7,10.8,16.6,40.0,0.0,0.0,United Kingdom
London,GB,2019-10-29,12:00:00,1572325200,8.2,5.4,11.4,20.7,57.0,0.0,0.0,United Kingdom
London,GB,2019-10-30,12:00:00,1572411600,8.9,7.0,11.5,24.9,86.0,0.0,0.0,United Kingdom
London,GB,2019-10-31,12:00:00,1572498000,8.0,6.2,11.4,17.7,92.0,0.0,0.0,United Kingdom
London,GB,2019-11-01,12:00:00,1572584400,12.8,8.4,15.8,23.4,189.0,6.7,0.0,United Kingdom
London,GB,2019-11-02,12:00:00,1572670800,11.7,9.3,14.5,47.2,217.0,6.5,0.0,United Kingdom
London,GB,2019-11-03,12:00:00,1572757200,8.7,5.4,12.3,19.4,224.0,0.4,0.0,United Kingdom
London,GB,2019-11-04,12:00:00,1572843600,8.8,5.9,11.7,15.3,178.0,4.5,0.0,United Kingdom
London,GB,2019-11-05,12:00:00,1572930000,8.6,5.7,11.8,21.6,5.0,0.7,0.0,United Kingdom
London,GB,2019-11-06,12:00:00,1573016400,6.4,1.6,9.1,17.1,338.0,0.3,0.0,United Kingdom
London,GB,2019-11-07,12:00:00,1573102800,7.1,2.0,10.1,24.3,222.0,12.8,0.0,United Kingdom
London,GB,2019-11-08,12:00:00,1573189200,4.1,0.6,9.1,19.6,299.0,1.7,0.0,United Kingdom
London,GB,2019-11-09,12:00:00,1573275600,4.9,0.3,8.2,21.0,139.0,4.9,0.0,United Kingdom
London,GB,2019-11-10,12:00:00,1573362000,7.1,4.6,10.1,17.5,66.0,1.5,0.0,United Kingdom
London,GB,2019-11-11,12:00:00,1573448400,6.8,3.9,9.3,30.1,249.0,4.6,0.0,United Kingdom
London,GB,2019-11-12,12:00:00,1573534800,5.4,2.8,8.2,27.9,256.0,2.3,0.0,United Kingdom
London,GB,2019-11-13,12:00:00,1573621200,5.5,2.6,8.7,20.3,224.0,1.2,0.0,United Kingdom
London,GB,2019-11-14,12:00:00,1573707600,5.4,2.9,7.8,21.6,122.0,18.2,0.0,United Kingdom
London,GB,2019-11-15,12:00:00,1573794000,5.6,3.3,8.3,25.2,15.0,7.6,0.0,United Kingdom
London,GB,2019-11-16,12:00:00,1573880400,5.6,3.6,7.7,18.4,57.0,0.3,0.0,United Kingdom
London,GB,2019-11-17,12:00:00,1573966800,4.4,2.0,8.1,8.0,351.0,0.0,0.0,United Kingdom
London,GB,2019-11-18,12:00:00,1574053200,5.0,-0.2,8.5,20.7,338.0,0.0,0.0,United Kingdom
London,GB,2019-11-19,12:00:00,1574139600,2.5,-2.1,6.9,11.8,187.0,0.0,0.0,United Kingdom
London,GB,2019-11-20,12:00:00,1574226000,4.9,3.3,7.3,19.4,125.0,0.0,0.0,United Kingdom
London,GB,2019-11-21,12:00:00,1574312400,4.9,3.9,6.9,18.6,89.0,0.4,0.0,United Kingdom
London,GB,2019-11-22,12:00:00,1574398800,7.9,6.5,9.6,22.8,133.0,2.1,0.0,United Kingdom
London,GB,2019-11-23,12:00:00,1574485200,8.6,6.9,10.3,20.0,79.0,2.4,0.0,United Kingdom
London,GB,2019-11-24,12:00:00,1574571600,9.3,6.6,11.7,17.1,179.0,0.0,0.0,United Kingdom
London,GB,2019-11-25,12:00:00,1574658000,10.3,8.5,11.7,18.1,159.0,1.6,0.0,United Kingdom
London,GB,2019-11-26,12:00:00,1574744400,11.0,9.5,13.1,28.0,190.0,4.0,0.0,United Kingdom
London,GB,2019-11-27,12:00:00,1574830800,9.7,8.5,11.0,17.4,217.0,13.0,0.0,United Kingdom
London,GB,2019-11-28,12:00:00,1574917200,8.0,6.6,9.8,18.7,279.0,2.3,0.0,United Kingdom
London,GB,2019-11-29,12:00:00,1575003600,4.6,0.3,7.5,13.8,9.0,0.5,0.0,United Kingdom
London,GB,2019-11-30,12:00:00,1575090000,2.8,-1.0,7.9,14.8,80.0,0.0,0.0,United Kingdom
London,GB,2019-12-01,12:00:00,1575176400,4.2,1.9,7.2,22.4,23.0,0.0,0.0,United Kingdom
London,GB,2019-12-02,12:00:00,1575262800,0.9,-1.6,5.8,12.0,300.0,0.0,0.0,United Kingdom
London,GB,2019-12-03,12:00:00,1575349200,3.6,-0.9,7.8,11.6,225.0,0.0,0.0,United Kingdom
London,GB,2019-12-04,12:00:00,1575435600,3.4,0.5,7.4,12.1,181.0,0.0,0.0,United Kingdom
London,GB,2019-12-05,12:00:00,1575522000,3.5,-1.2,9.1,28.3,231.0,0.5,0.0,United Kingdom
London,GB,2019-12-06,12:00:00,1575608400,10.5,6.8,12.6,32.7,237.0,5.5,0.0,United Kingdom
London,GB,2019-12-07,12:00:00,1575694800,7.4,4.7,10.4,24.9,235.0,0.0,0.0,United Kingdom
London,GB,2019-12-08,12:00:00,1575781200,9.1,6.3,11.9,36.5,234.0,3.6,0.0,United Kingdom
London,GB,2019-12-09,12:00:00,1575867600,5.8,0.2,8.8,29.1,294.0,1.3,0.0,United Kingdom
London,GB,2019-12-10,12:00:00,1575954000,6.6,0.0,11.6,42.2,206.0,4.8,0.0,United Kingdom
London,GB,2019-12-11,12:00:00,1576040400,4.9,1.9,8.1,23.0,232.0,0.1,0.0,United Kingdom
London,GB,2019-12-12,12:00:00,1576126800,4.9,0.3,8.7,28.6,197.0,7.3,0.0,United Kingdom
London,GB,2019-12-13,12:00:00,1576213200,6.5,5.2,8.1,33.8,262.0,7.2,0.0,United Kingdom
London,GB,2019-12-14,12:00:00,1576299600,5.8,4.5,7.9,35.0,243.0,7.8,0.21,United Kingdom
London,GB,2019-12-15,12:00:00,1576386000,7.1,4.7,9.3,30.3,226.0,3.5,0.0,United Kingdom
London,GB,2019-12-16,12:00:00,1576472400,7.1,5.8,9.0,25.1,197.0,2.2,0.0,United Kingdom
London,GB,2019-12-17,12:00:00,1576558800,6.4,4.7,7.8,10.2,311.0,8.6,0.0,United Kingdom
London,GB,2019-12-18,12:00:00,1576645200,6.6,2.9,10.2,25.5,168.0,5.6,0.0,United Kingdom
London,GB,2019-12-19,12:00:00,1576731600,11.3,10.3,12.7,32.0,177.0,11.6,0.0,United Kingdom
London,GB,2019-12-20,12:00:00,1576818000,8.4,4.4,10.8,28.4,204.0,14.7,0.0,United Kingdom
London,GB,2019-12-21,12:00:00,1576904400,8.1,4.8,10.0,23.4,183.0,5.2,0.0,United Kingdom
London,GB,2019-12-22,12:00:00,1576990800,7.5,5.6,8.8,25.3,252.0,4.3,0.0,United Kingdom
London,GB,2019-12-23,12:00:00,1577077200,6.8,5.4,9.8,22.1,245.0,0.0,0.0,United Kingdom
London,GB,2019-12-24,12:00:00,1577163600,8.9,5.8,11.1,28.1,242.0,1.7,0.0,United Kingdom
London,GB,2019-12-25,12:00:00,1577250000,4.3,-0.3,7.6,18.4,263.0,0.0,0.0,United Kingdom
London,GB,2019-12-26,12:00:00,1577336400,6.4,0.4,9.6,31.6,186.0,7.1,0.0,United Kingdom
London,GB,2019-12-27,12:00:00,1577422800,6.6,5.0,8.3,18.1,312.0,0.0,0.0,United Kingdom
London,GB,2019-12-28,12:00:00,1577509200,7.9,6.4,9.7,13.7,183.0,0.0,0.0,United Kingdom
London,GB,2019-12-29,12:00:00,1577595600,6.1,3.6,8.9,15.9,202.0,0.0,0.0,United Kingdom
London,GB,2019-12-30,12:00:00,1577682000,5.5,2.7,10.1,16.6,232.0,0.0,0.0,United Kingdom
London,GB,2019-12-31,12:00:00,1577768400,5.9,2.3,9.3,17.0,83.0,0.0,0.0,United Kingdom
London,GB,2020-01-01,12:00:00,1577854800,5.0,2.1,6.7,10.2,150.0,0.0,0.0,United Kingdom
London,GB,2020-01-02,12:00:00,1577941200,8.2,5.8,10.0,26.6,205.0,0.0,0.0,United Kingdom
London,GB,2020-01-03,12:00:00,1578027600,7.9,3.4,10.8,27.6,260.0,3.1,0.0,United Kingdom
London,GB,2020-01-04,12:00:00,1578114000,4.5,2.0,8.2,20.2,255.0,0.0,0.0,United Kingdom
London,GB,2020-01-05,12:00:00,1578200400,5.8,2.2,8.6,17.4,229.0,0.0,0.0,United Kingdom
London,GB,2020-01-06,12:00:00,1578286800,7.2,5.4,8.6,26.9,216.0,1.3,0.0,United Kingdom
London,GB,2020-01-07,12:00:00,1578373200,8.6,4.7,12.6,29.2,217.0,0.1,0.0,United Kingdom
London,GB,2020-01-08,12:00:00,1578459600,10.9,9.1,12.5,27.5,238.0,2.9,0.0,United Kingdom
London,GB,2020-01-09,12:00:00,1578546000,10.9,6.8,12.6,33.5,212.0,7.1,0.0,United Kingdom
London,GB,2020-01-10,12:00:00,1578632400,5.5,3.7,7.7,18.7,289.0,0.1,0.0,United Kingdom
London,GB,2020-01-11,12:00:00,1578718800,8.7,4.3,10.2,33.1,212.0,0.0,0.0,United Kingdom
London,GB,2020-01-12,12:00:00,1578805200,9.2,5.3,11.1,32.0,229.0,1.0,0.0,United Kingdom
London,GB,2020-01-13,12:00:00,1578891600,8.1,4.9,10.8,43.4,199.0,4.4,0.0,United Kingdom
London,GB,2020-01-14,12:00:00,1578978000,10.1,7.1,13.1,46.1,209.0,5.2,0.0,United Kingdom
London,GB,2020-01-15,12:00:00,1579064400,8.5,6.1,12.4,48.3,223.0,13.1,0.0,United Kingdom
London,GB,2020-01-16,12:00:00,1579150800,9.1,6.0,12.3,35.0,185.0,5.7,0.0,United Kingdom
London,GB,2020-01-17,12:00:00,1579237200,7.6,3.0,10.5,32.8,227.0,3.2,0.0,United Kingdom
London,GB,2020-01-18,12:00:00,1579323600,2.8,0.5,7.1,13.9,280.0,0.0,0.0,United Kingdom
London,GB,2020-01-19,12:00:00,1579410000,1.1,-1.7,6.7,12.3,338.0,0.0,0.0,United Kingdom
London,GB,2020-01-20,12:00:00,1579496400,1.1,-2.4,6.7,11.4,252.0,0.0,0.0,United Kingdom
London,GB,2020-01-21,12:00:00,1579582800,0.2,-2.5,5.8,10.9,247.0,0.0,0.0,United Kingdom
London,GB,2020-01-22,12:00:00,1579669200,5.0,0.9,7.0,6.9,7.0,0.0,0.0,United Kingdom
London,GB,2020-01-23,12:00:00,1579755600,6.1,4.8,8.1,8.0,55.0,0.0,0.0,United Kingdom
London,GB,2020-01-24,12:00:00,1579842000,5.9,4.6,7.3,7.4,243.0,0.2,0.0,United Kingdom
London,GB,2020-01-25,12:00:00,1579928400,5.8,3.2,7.7,11.5,173.0,0.0,0.0,United Kingdom
London,GB,2020-01-26,12:00:00,1580014800,8.2,6.6,10.0,29.8,197.0,2.9,0.0,United Kingdom
London,GB,2020-01-27,12:00:00,1580101200,6.9,5.3,8.6,21.8,215.0,6.9,0.0,United Kingdom
London,GB,2020-01-28,12:00:00,1580187600,4.3,2.3,6.8,32.4,250.0,1.5,0.0,United Kingdom
London,GB,2020-01-29,12:00:00,1580274000,5.0,1.7,8.9,25.0,244.0,0.0,0.0,United Kingdom
London,GB,2020-01-30,12:00:00,1580360400,9.2,6.7,12.1,28.1,226.0,0.6,0.0,United Kingdom
London,GB,2020-01-31,12:00:00,1580446800,10.5,9.3,11.8,33.1,229.0,0.1,0.0,United Kingdom
London,GB,2020-02-01,12:00:00,1580533200,9.8,6.1,11.4,35.0,245.0,0.0,0.0,United Kingdom
London,GB,2020-02-02,12:00:00,1580619600,9.9,5.5,12.8,32.9,237.0,6.7,0.0,United Kingdom
London,GB,2020-02-03,12:00:00,1580706000,9.0,4.9,11.1,29.4,256.0,0.3,0.0,United Kingdom
London,GB,2020-02-04,12:00:00,1580792400,6.2,4.2,9.1,28.8,286.0,0.1,0.0,United Kingdom
London,GB,2020-02-05,12:00:00,1580878800,4.0,0.2,8.5,11.0,271.0,0.0,0.0,United Kingdom
London,GB,2020-02-06,12:00:00,1580965200,2.9,-0.0,8.6,10.6,179.0,0.0,0.0,United Kingdom
London,GB,2020-02-07,12:00:00,1581051600,4.6,-0.8,9.9,22.3,146.0,0.0,0.0,United Kingdom
London,GB,2020-02-08,12:00:00,1581138000,8.8,6.9,10.5,28.3,212.0,1.0,0.0,United Kingdom
London,GB,2020-02-09,12:00:00,1581224400,10.2,7.9,12.6,53.0,220.0,18.8,0.0,United Kingdom
London,GB,2020-02-10,12:00:00,1581310800,7.0,4.2,9.1,45.0,252.0,2.4,0.0,United Kingdom
London,GB,2020-02-11,12:00:00,1581397200,4.9,3.5,6.8,39.2,256.0,0.3,0.0,United Kingdom
London,GB,2020-02-12,12:00:00,1581483600,4.7,2.3,8.1,29.9,248.0,0.3,0.0,United Kingdom
London,GB,2020-02-13,12:00:00,1581570000,7.0,4.8,9.4,36.7,225.0,12.9,0.0,United Kingdom
London,GB,2020-02-14,12:00:00,1581656400,6.5,-0.2,11.2,30.3,215.0,0.1,0.0,United Kingdom
London,GB,2020-02-15,12:00:00,1581742800,11.3,10.3,12.8,49.6,205.0,7.0,0.0,United Kingdom
London,GB,2020-02-16,12:00:00,1581829200,10.1,6.1,12.9,49.8,222.0,15.7,0.0,United Kingdom
London,GB,2020-02-17,12:00:00,1581915600,7.4,5.4,10.2,35.4,237.0,1.0,0.0,United Kingdom
London,GB,2020-02-18,12:00:00,1582002000,6.7,4.1,10.2,37.9,242.0,2.2,0.0,United Kingdom
London,GB,2020-02-19,12:00:00,1582088400,5.5,1.8,8.2,25.7,243.0,1.6,0.0,United Kingdom
London,GB,2020-02-20,12:00:00,1582174800,7.8,3.2,10.5,40.6,234.0,3.9,0.0,United Kingdom
London,GB,2020-02-21,12:00:00,1582261200,7.2,3.1,10.5,34.1,236.0,0.0,0.0,United Kingdom
London,GB,2020-02-22,12:00:00,1582347600,10.6,8.8,13.4,38.5,243.0,0.0,0.0,United Kingdom
London,GB,2020-02-23,12:00:00,1582434000,10.3,5.1,14.1,43.0,252.0,1.2,0.0,United Kingdom
London,GB,2020-02-24,12:00:00,1582520400,9.1,4.1,11.5,37.2,228.0,4.3,0.0,United Kingdom
London,GB,2020-02-25,12:00:00,1582606800,5.6,3.2,7.9,26.5,253.0,2.7,0.0,United Kingdom
London,GB,2020-02-26,12:00:00,1582693200,3.7,1.0,7.3,31.1,277.0,0.8,0.0,United Kingdom
London,GB,2020-02-27,12:00:00,1582779600,3.5,1.5,7.4,31.3,312.0,7.8,0.42,United Kingdom
London,GB,2020-02-28,12:00:00,1582866000,5.5,-0.1,10.9,33.3,202.0,6.0,0.0,United Kingdom
London,GB,2020-02-29,12:00:00,1582952400,7.5,4.6,10.7,40.2,222.0,5.6,0.0,United Kingdom
London,GB,2020-03-01,12:00:00,1583038800,6.2,3.8,9.4,30.8,233.0,0.0,0.0,United Kingdom
London,GB,2020-03-02,12:00:00,1583125200,5.4,2.4,8.6,22.0,287.0,4.2,0.0,United Kingdom
London,GB,2020-03-03,12:00:00,1583211600,4.5,0.7,9.2,23.5,252.0,0.2,0.0,United Kingdom
London,GB,2020-03-04,12:00:00,1583298000,4.0,-0.8,8.3,16.1,152.0,5.1,0.0,United Kingdom
London,GB,2020-03-05,12:00:00,1583384400,5.5,4.6,6.5,30.1,26.0,15.3,0.0,United Kingdom
London,GB,2020-03-06,12:00:00,1583470800,4.8,0.5,8.7,20.5,313.0,0.1,0.0,United Kingdom
London,GB,2020-03-07,12:00:00,1583557200,6.9,1.4,12.3,29.7,228.0,0.0,0.0,United Kingdom
London,GB,2020-03-08,12:00:00,1583643600,9.4,6.2,11.7,38.0,225.0,3.3,0.0,United Kingdom
London,GB,2020-03-09,12:00:00,1583730000,7.2,4.2,10.5,32.2,244.0,3.8,0.0,United Kingdom
London,GB,2020-03-10,12:00:00,1583816400,12.4,10.0,14.3,36.1,244.0,3.3,0.0,United Kingdom
London,GB,2020-03-11,12:00:00,1583902800,11.0,8.4,14.2,35.3,236.0,0.2,0.0,United Kingdom
London,GB,2020-03-12,12:00:00,1583989200,7.4,4.7,10.3,39.6,248.0,1.6,0.0,United Kingdom
London,GB,2020-03-13,12:00:00,1584075600,7.0,3.7,10.6,28.2,254.0,0.1,0.0,United Kingdom
London,GB,2020-03-14,12:00:00,1584162000,8.9,3.6,12.6,24.9,196.0,3.5,0.0,United Kingdom
London,GB,2020-03-15,12:00:00,1584248400,9.1,5.3,11.5,35.6,213.0,1.7,0.0,United Kingdom
London,GB,2020-03-16,12:00:00,1584334800,6.4,1.3,11.3,12.2,278.0,0.0,0.0,United Kingdom
London,GB,2020-03-17,12:00:00,1584421200,8.4,3.3,13.2,24.2,224.0,0.0,0.0,United Kingdom
London,GB,2020-03-18,12:00:00,1584507600,11.1,9.1,14.1,25.1,226.0,0.6,0.0,United Kingdom
London,GB,2020-03-19,12:00:00,1584594000,7.7,6.6,9.2,17.1,53.0,1.5,0.0,United Kingdom
London,GB,2020-03-20,12:00:00,1584680400,6.7,4.6,9.5,29.3,50.0,0.0,0.0,United Kingdom
London,GB,2020-03-21,12:00:00,1584766800,6.5,4.4,9.2,31.2,72.0,0.0,0.0,United Kingdom
London,GB,2020-03-22,12:00:00,1584853200,6.0,2.7,9.6,27.2,74.0,0.0,0.0,United Kingdom
London,GB,2020-03-23,12:00:00,1584939600,5.5,0.6,11.4,18.3,102.0,0.0,0.0,United Kingdom
London,GB,2020-03-24,12:00:00,1585026000,6.0,-0.2,13.6,14.4,141.0,0.0,0.0,United Kingdom
London,GB,2020-03-25,12:00:00,1585112400,5.6,-0.9,12.5,16.8,96.0,0.0,0.0,United Kingdom
London,GB,2020-03-26,12:00:00,1585198800,5.5,0.4,11.9,22.4,53.0,0.0,0.0,United Kingdom
London,GB,2020-03-27,12:00:00,1585285200,6.8,1.6,13.0,26.3,35.0,0.0,0.0,United Kingdom
London,GB,2020-03-28,12:00:00,1585371600,6.8,4.1,11.7,36.5,32.0,0.0,0.0,United Kingdom
London,GB,2020-03-29,12:00:00,1585458000,4.7,2.8,7.4,40.9,27.0,0.3,0.0,United Kingdom
London,GB,2020-03-30,12:00:00,1585544400,5.3,1.7,9.1,24.9,16.0,0.6,0.0,United Kingdom
London,GB,2020-03-31,12:00:00,1585630800,5.8,1.0,9.3,22.7,45.0,0.0,0.0,United Kingdom
London,GB,2020-04-01,12:00:00,1585717200,4.2,-2.1,8.7,11.5,344.0,0.0,0.0,United Kingdom
London,GB,2020-04-02,12:00:00,1585803600,8.1,3.3,12.4,20.8,281.0,0.0,0.0,United Kingdom
London,GB,2020-04-03,12:00:00,1585890000,8.6,5.8,11.7,10.6,277.0,0.3,0.0,United Kingdom
London,GB,2020-04-04,12:00:00,1585976400,8.3,2.3,14.8,16.0,175.0,0.0,0.0,United Kingdom
London,GB,2020-04-05,12:00:00,1586062800,12.6,6.1,19.2,22.2,146.0,0.0,0.0,United Kingdom
London,GB,2020-04-06,12:00:00,1586149200,12.9,6.9,16.5,19.3,233.0,0.1,0.0,United Kingdom
London,GB,2020-04-07,12:00:00,1586235600,11.3,4.3,18.1,14.3,109.0,0.0,0.0,United Kingdom
London,GB,2020-04-08,12:00:00,1586322000,13.6,7.2,21.6,13.8,76.0,0.0,0.0,United Kingdom
London,GB,2020-04-09,12:00:00,1586408400,13.4,7.6,21.4,21.0,83.0,0.0,0.0,United Kingdom
London,GB,2020-04-10,12:00:00,1586494800,13.4,7.6,21.2,19.9,84.0,0.0,0.0,United Kingdom
London,GB,2020-04-11,12:00:00,1586581200,15.2,8.3,22.9,13.3,154.0,0.0,0.0,United Kingdom
London,GB,2020-04-12,12:00:00,1586667600,15.6,9.1,22.5,21.5,225.0,0.3,0.0,United Kingdom
London,GB,2020-04-13,12:00:00,1586754000,8.7,4.9,11.9,33.6,48.0,0.0,0.0,United Kingdom
London,GB,2020-04-14,12:00:00,1586840400,7.3,4.3,11.6,14.8,71.0,0.0,0.0,United Kingdom
London,GB,2020-04-15,12:00:00,1586926800,8.7,1.7,16.8,16.2,92.0,0.0,0.0,United Kingdom
London,GB,2020-04-16,12:00:00,1587013200,11.5,3.4,20.3,15.3,83.0,0.0,0.0,United Kingdom
London,GB,2020-04-17,12:00:00,1587099600,10.1,7.2,14.3,25.6,70.0,5.4,0.0,United Kingdom
London,GB,2020-04-18,12:00:00,1587186000,9.9,6.4,14.4,19.6,58.0,3.2,0.0,United Kingdom
London,GB,2020-04-19,12:00:00,1587272400,10.7,5.4,17.0,24.2,51.0,0.0,0.0,United Kingdom
London,GB,2020-04-20,12:00:00,1587358800,11.2,6.1,16.4,31.2,59.0,0.0,0.0,United Kingdom
London,GB,2020-04-21,12:00:00,1587445200,12.6,8.6,16.7,29.8,62.0,0.0,0.0,United Kingdom
London,GB,2020-04-22,12:00:00,1587531600,13.1,7.5,19.5,22.8,56.0,0.0,0.0,United Kingdom
London,GB,2020-04-23,12:00:00,1587618000,13.9,6.7,21.8,14.7,59.0,0.0,0.0,United Kingdom
London,GB,2020-04-24,12:00:00,1587704400,13.0,7.2,20.5,17.8,63.0,0.0,0.0,United Kingdom
London,GB,2020-04-25,12:00:00,1587790800,10.3,5.8,15.2,13.2,85.0,0.0,0.0,United Kingdom
London,GB,2020-04-26,12:00:00,1587877200,11.3,2.8,18.8,11.6,190.0,0.0,0.0,United Kingdom
London,GB,2020-04-27,12:00:00,1587963600,12.2,6.7,17.9,19.6,265.0,0.2,0.0,United Kingdom
London,GB,2020-04-28,12:00:00,1588050000,9.0,8.0,9.9,21.4,64.0,13.4,0.0,United Kingdom
London,GB,2020-04-29,12:00:00,1588136400,10.2,7.6,14.1,27.0,198.0,3.0,0.0,United Kingdom
London,GB,2020-04-30,12:00:00,1588222800,9.3,6.5,12.6,32.4,215.0,8.5,0.0,United Kingdom
London,GB,2020-05-01,12:00:00,1588309200,10.4,6.8,14.1,24.6,254.0,2.2,0.0,United Kingdom
London,GB,2020-05-02,12:00:00,1588395600,10.7,6.1,15.2,16.9,273.0,0.0,0.0,United Kingdom
London,GB,2020-05-03,12:00:00,1588482000,10.1,6.1,14.0,10.1,121.0,1.0,0.0,United Kingdom
London,GB,2020-05-04,12:00:00,1588568400,11.8,7.7,15.4,22.0,73.0,0.2,0.0,United Kingdom
London,GB,2020-05-05,12:00:00,1588654800,9.9,6.4,13.8,29.0,75.0,0.0,0.0,United Kingdom
London,GB,2020-05-06,12:00:00,1588741200,10.4,4.5,16.5,15.5,72.0,0.0,0.0,United Kingdom
London,GB,2020-05-07,12:00:00,1588827600,13.3,4.8,21.5,16.1,185.0,0.0,0.0,United Kingdom
London,GB,2020-05-08,12:00:00,1588914000,16.0,8.9,22.4,8.6,197.0,0.0,0.0,United Kingdom
London,GB,2020-05-09,12:00:00,1589000400,16.1,8.6,22.9,17.7,81.0,0.0,0.0,United Kingdom
London,GB,2020-05-10,12:00:00,1589086800,11.8,6.2,19.0,35.6,31.0,1.0,0.0,United Kingdom
London,GB,2020-05-11,12:00:00,1589173200,8.4,5.8,11.8,37.0,32.0,0.0,0.0,United Kingdom
London,GB,2020-05-12,12:00:00,1589259600,8.5,1.4,13.4,12.7,337.0,0.0,0.0,United Kingdom
London,GB,2020-05-13,12:00:00,1589346000,8.8,5.6,11.5,25.8,28.0,0.0,0.0,United Kingdom
London,GB,2020-05-14,12:00:00,1589432400,8.2,3.2,12.6,20.4,37.0,0.0,0.0,United Kingdom
London,GB,2020-05-15,12:00:00,1589518800,10.3,1.8,17.4,14.4,329.0,0.0,0.0,United Kingdom
London,GB,2020-05-16,12:00:00,1589605200,11.2,5.1,16.1,17.8,293.0,0.0,0.0,United Kingdom
London,GB,2020-05-17,12:00:00,1589691600,13.3,5.6,19.3,19.9,253.0,0.0,0.0,United Kingdom
London,GB,2020-05-18,12:00:00,1589778000,15.6,9.7,21.9,20.0,256.0,0.0,0.0,United Kingdom
London,GB,2020-05-19,12:00:00,1589864400,17.3,10.3,24.2,16.2,261.0,0.0,0.0,United Kingdom
London,GB,2020-05-20,12:00:00,1589950800,18.7,10.9,25.3,15.7,203.0,0.0,0.0,United Kingdom
London,GB,2020-05-21,12:00:00,1590037200,19.0,12.5,25.5,14.2,225.0,0.1,0.0,United Kingdom
London,GB,2020-05-22,12:00:00,1590123600,17.8,13.5,20.7,31.5,229.0,0.0,0.0,United Kingdom
London,GB,2020-05-23,12:00:00,1590210000,14.4,11.4,17.8,37.0,250.0,0.2,0.0,United Kingdom
London,GB,2020-05-24,12:00:00,1590296400,15.8,10.7,20.5,27.8,272.0,0.0,0.0,United Kingdom
London,GB,2020-05-25,12:00:00,1590382800,17.4,9.5,24.0,16.2,261.0,0.0,0.0,United Kingdom
London,GB,2020-05-26,12:00:00,1590469200,18.7,11.0,24.8,13.7,293.0,0.0,0.0,United Kingdom
London,GB,2020-05-27,12:00:00,1590555600,18.0,12.1,23.0,20.0,71.0,0.0,0.0,United Kingdom
London,GB,2020-05-28,12:00:00,1590642000,15.4,10.9,20.2,19.8,79.0,0.0,0.0,United Kingdom
London,GB,2020-05-29,12:00:00,1590728400,15.4,9.6,21.6,19.2,80.0,0.0,0.0,United Kingdom
London,GB,2020-05-30,12:00:00,1590814800,16.4,8.8,22.9,22.0,71.0,0.0,0.0,United Kingdom
London,GB,2020-05-31,12:00:00,1590901200,17.5,11.5,22.9,25.5,74.0,0.0,0.0,United Kingdom
London,GB,2020-06-01,12:00:00,1590987600,17.8,10.9,24.0,17.4,59.0,0.0,0.0,United Kingdom
London,GB,2020-06-02,12:00:00,1591074000,17.9,10.8,23.8,10.9,5.0,0.0,0.0,United Kingdom
London,GB,2020-06-03,12:00:00,1591160400,15.0,11.7,18.4,23.1,31.0,1.5,0.0,United Kingdom
London,GB,2020-06-04,12:00:00,1591246800,12.6,9.8,16.4,22.4,330.0,0.8,0.0,United Kingdom
London,GB,2020-06-05,12:00:00,1591333200,12.7,10.4,16.2,30.4,286.0,1.2,0.0,United Kingdom
London,GB,2020-06-06,12:00:00,1591419600,11.2,7.0,14.0,35.2,260.0,1.7,0.0,United Kingdom
London,GB,2020-06-07,12:00:00,1591506000,12.3,7.5,17.7,17.1,310.0,1.5,0.0,United Kingdom
London,GB,2020-06-08,12:00:00,1591592400,12.4,8.5,15.7,18.8,8.0,0.0,0.0,United Kingdom
London,GB,2020-06-09,12:00:00,1591678800,13.7,10.4,18.0,11.4,95.0,0.3,0.0,United Kingdom
London,GB,2020-06-10,12:00:00,1591765200,12.8,11.5,14.5,15.6,172.0,5.8,0.0,United Kingdom
London,GB,2020-06-11,12:00:00,1591851600,14.7,10.9,19.1,30.1,58.0,4.0,0.0,United Kingdom
London,GB,2020-06-12,12:00:00,1591938000,16.1,12.2,20.7,30.7,73.0,1.5,0.0,United Kingdom
London,GB,2020-06-13,12:00:00,1592024400,17.2,12.4,22.2,23.9,127.0,3.7,0.0,United Kingdom
London,GB,2020-06-14,12:00:00,1592110800,16.8,11.6,21.2,19.4,179.0,1.8,0.0,United Kingdom
London,GB,2020-06-15,12:00:00,1592197200,17.0,10.8,21.9,10.9,211.0,1.2,0.0,United Kingdom
London,GB,2020-06-16,12:00:00,1592283600,16.9,12.3,21.8,12.7,186.0,9.8,0.0,United Kingdom
London,GB,2020-06-17,12:00:00,1592370000,16.8,11.8,21.0,14.5,140.0,4.7,0.0,United Kingdom
London,GB,2020-06-18,12:00:00,1592456400,15.8,13.4,18.3,17.4,210.0,23.8,0.0,United Kingdom
London,GB,2020-06-19,12:00:00,1592542800,15.6,12.8,18.5,26.6,216.0,2.5,0.0,United Kingdom
London,GB,2020-06-20,12:00:00,1592629200,16.3,12.4,19.7,20.0,206.0,0.4,0.0,United Kingdom
London,GB,2020-06-21,12:00:00,1592715600,16.8,13.1,20.9,25.7,230.0,1.7,0.0,United Kingdom
London,GB,2020-06-22,12:00:00,1592802000,15.9,9.1,22.3,21.4,222.0,0.0,0.0,United Kingdom
London,GB,2020-06-23,12:00:00,1592888400,19.6,11.7,26.1,11.9,173.0,0.0,0.0,United Kingdom
London,GB,2020-06-24,12:00:00,1592974800,22.3,14.9,29.7,22.7,89.0,0.0,0.0,United Kingdom
London,GB,2020-06-25,12:00:00,1593061200,23.3,16.6,30.0,20.2,85.0,0.0,0.0,United Kingdom
London,GB,2020-06-26,12:00:00,1593147600,21.4,16.1,28.3,23.3,189.0,3.1,0.0,United Kingdom
London,GB,2020-06-27,12:00:00,1593234000,16.7,14.1,19.7,38.9,209.0,5.4,0.0,United Kingdom
London,GB,2020-06-28,12:00:00,1593320400,15.7,11.9,18.5,33.9,236.0,0.7,0.0,United Kingdom
London,GB,2020-06-29,12:00:00,1593406800,15.3,11.7,19.1,36.9,244.0,0.1,0.0,United Kingdom
London,GB,2020-06-30,12:00:00,1593493200,15.8,12.8,18.0,22.5,233.0,2.8,0.0,United Kingdom
London,GB,2020-07-01,12:00:00,1593579600,17.2,14.2,19.9,25.4,240.0,1.4,0.0,United Kingdom
London,GB,2020-07-02,12:00:00,1593666000,16.2,11.5,20.0,19.7,254.0,3.2,0.0,United Kingdom
London,GB,2020-07-03,12:00:00,1593752400,16.2,12.5,20.6,32.2,233.0,1.3,0.0,United Kingdom
London,GB,2020-07-04,12:00:00,1593838800,18.1,14.8,21.1,33.0,228.0,1.1,0.0,United Kingdom
London,GB,2020-07-05,12:00:00,1593925200,17.7,13.8,20.4,38.0,249.0,0.2,0.0,United Kingdom
London,GB,2020-07-06,12:00:00,1594011600,15.5,11.9,19.0,27.7,283.0,0.0,0.0,United Kingdom
London,GB,2020-07-07,12:00:00,1594098000,15.3,10.3,20.3,24.6,256.0,1.3,0.0,United Kingdom
London,GB,2020-07-08,12:00:00,1594184400,16.6,14.7,19.6,20.0,247.0,11.3,0.0,United Kingdom
London,GB,2020-07-09,12:00:00,1594270800,17.4,15.3,19.9,25.0,239.0,6.7,0.0,United Kingdom
London,GB,2020-07-10,12:00:00,1594357200,15.2,12.1,17.8,21.6,314.0,0.4,0.0,United Kingdom
London,GB,2020-07-11,12:00:00,1594443600,14.9,9.2,18.9,17.0,321.0,0.0,0.0,United Kingdom
London,GB,2020-07-12,12:00:00,1594530000,16.3,9.3,22.1,12.0,334.0,0.0,0.0,United Kingdom
London,GB,2020-07-13,12:00:00,1594616400,17.8,11.4,23.4,19.4,251.0,0.2,0.0,United Kingdom
London,GB,2020-07-14,12:00:00,1594702800,17.4,15.5,19.9,12.1,311.0,1.7,0.0,United Kingdom
London,GB,2020-07-15,12:00:00,1594789200,16.0,12.5,18.5,15.3,289.0,0.3,0.0,United Kingdom
London,GB,2020-07-16,12:00:00,1594875600,18.4,15.4,22.1,16.8,306.0,0.0,0.0,United Kingdom
London,GB,2020-07-17,12:00:00,1594962000,21.1,17.2,26.5,18.4,262.0,0.0,0.0,United Kingdom
London,GB,2020-07-18,12:00:00,1595048400,19.1,13.6,24.2,18.9,263.0,0.0,0.0,United Kingdom
London,GB,2020-07-19,12:00:00,1595134800,16.8,14.6,20.1,14.6,359.0,3.9,0.0,United Kingdom
London,GB,2020-07-20,12:00:00,1595221200,16.0,9.8,21.4,14.5,353.0,0.0,0.0,United Kingdom
London,GB,2020-07-21,12:00:00,1595307600,15.8,9.7,20.4,10.1,5.0,0.0,0.0,United Kingdom
London,GB,2020-07-22,12:00:00,1595394000,17.9,12.1,22.8,18.5,212.0,0.0,0.0,United Kingdom
London,GB,2020-07-23,12:00:00,1595480400,19.0,13.0,24.8,21.3,240.0,0.0,0.0,United Kingdom
London,GB,2020-07-24,12:00:00,1595566800,19.2,14.9,23.8,18.3,247.0,0.2,0.0,United Kingdom
London,GB,2020-07-25,12:00:00,1595653200,18.4,16.2,22.0,30.3,221.0,9.3,0.0,United Kingdom
London,GB,2020-07-26,12:00:00,1595739600,17.2,13.5,20.8,24.0,242.0,0.0,0.0,United Kingdom
London,GB,2020-07-27,12:00:00,1595826000,17.7,15.4,20.7,41.9,209.0,3.5,0.0,United Kingdom
London,GB,2020-07-28,12:00:00,1595912400,16.4,12.6,19.7,24.8,274.0,0.1,0.0,United Kingdom
London,GB,2020-07-29,12:00:00,1595998800,16.2,9.2,22.2,16.0,250.0,0.0,0.0,United Kingdom
London,GB,2020-07-30,12:00:00,1596085200,19.4,12.1,26.5,10.2,188.0,0.0,0.0,United Kingdom
London,GB,2020-07-31,12:00:00,1596171600,24.2,17.4,33.9,23.4,155.0,0.7,0.0,United Kingdom
London,GB,2020-08-01,12:00:00,1596258000,20.6,16.2,24.3,19.7,253.0,0.0,0.0,United Kingdom
London,GB,2020-08-02,12:00:00,1596344400,18.0,13.7,21.9,18.4,259.0,0.1,0.0,United Kingdom
London,GB,2020-08-03,12:00:00,1596430800,17.7,14.1,21.3,14.1,325.0,0.7,0.0,United Kingdom
London,GB,2020-08-04,12:00:00,1596517200,17.2,12.0,21.8,23.7,215.0,0.0,0.0,United Kingdom
London,GB,2020-08-05,12:00:00,1596603600,19.7,15.4,24.4,29.0,214.0,0.0,0.0,United Kingdom
London,GB,2020-08-06,12:00:00,1596690000,21.4,17.6,27.3,16.2,208.0,0.3,0.0,United Kingdom
London,GB,2020-08-07,12:00:00,1596776400,24.4,15.5,33.9,17.4,180.0,0.0,0.0,United Kingdom
London,GB,2020-08-08,12:00:00,1596862800,25.6,19.1,32.2,15.7,44.0,0.0,0.0,United Kingdom
London,GB,2020-08-09,12:00:00,1596949200,23.6,17.3,30.5,18.4,54.0,0.2,0.0,United Kingdom
London,GB,2020-08-10,12:00:00,1597035600,25.6,19.2,32.7,14.5,80.0,0.0,0.0,United Kingdom
London,GB,2020-08-11,12:00:00,1597122000,26.1,19.4,32.8,11.5,90.0,0.0,0.0,United Kingdom
London,GB,2020-08-12,12:00:00,1597208400,26.1,20.3,32.5,14.2,87.0,0.2,0.0,United Kingdom
London,GB,2020-08-13,12:00:00,1597294800,22.7,19.9,27.4,14.0,46.0,10.1,0.0,United Kingdom
London,GB,2020-08-14,12:00:00,1597381200,19.4,17.5,22.0,12.8,5.0,4.7,0.0,United Kingdom
London,GB,2020-08-15,12:00:00,1597467600,19.4,17.9,21.6,14.4,40.0,11.9,0.0,United Kingdom
London,GB,2020-08-16,12:00:00,1597554000,19.7,16.8,23.9,12.9,167.0,2.0,0.0,United Kingdom
London,GB,2020-08-17,12:00:00,1597640400,18.1,14.7,21.8,18.4,219.0,0.3,0.0,United Kingdom
London,GB,2020-08-18,12:00:00,1597726800,18.3,15.1,22.0,23.9,215.0,4.9,0.0,United Kingdom
London,GB,2020-08-19,12:00:00,1597813200,18.3,15.5,20.4,22.6,166.0,7.4,0.0,United Kingdom
London,GB,2020-08-20,12:00:00,1597899600,20.0,17.1,23.5,27.6,202.0,0.6,0.0,United Kingdom
London,GB,2020-08-21,12:00:00,1597986000,19.8,16.9,21.9,42.6,211.0,0.0,0.0,United Kingdom
London,GB,2020-08-22,12:00:00,1598072400,18.1,15.7,21.4,32.6,233.0,0.3,0.0,United Kingdom
London,GB,2020-08-23,12:00:00,1598158800,17.2,14.6,20.4,21.8,255.0,0.3,0.0,United Kingdom
London,GB,2020-08-24,12:00:00,1598245200,16.6,12.6,21.0,19.9,238.0,1.1,0.0,United Kingdom
London,GB,2020-08-25,12:00:00,1598331600,17.7,16.1,21.5,43.3,212.0,11.0,0.0,United Kingdom
London,GB,2020-08-26,12:00:00,1598418000,17.4,14.7,20.6,41.6,267.0,0.0,0.0,United Kingdom
London,GB,2020-08-27,12:00:00,1598504400,15.1,12.3,18.4,16.3,210.0,8.7,0.0,United Kingdom
London,GB,2020-08-28,12:00:00,1598590800,14.1,11.8,17.8,27.5,294.0,4.3,0.0,United Kingdom
London,GB,2020-08-29,12:00:00,1598677200,13.1,11.7,15.6,33.2,340.0,5.2,0.0,United Kingdom
London,GB,2020-08-30,12:00:00,1598763600,13.6,11.3,16.7,25.5,358.0,0.1,0.0,United Kingdom
London,GB,2020-08-31,12:00:00,1598850000,13.1,8.1,16.1,8.7,6.0,0.0,0.0,United Kingdom
London,GB,2020-09-01,12:00:00,1598936400,14.4,9.7,18.6,6.7,50.0,0.0,0.0,United Kingdom
London,GB,2020-09-02,12:00:00,1599022800,14.9,10.4,19.4,20.2,209.0,2.0,0.0,United Kingdom
London,GB,2020-09-03,12:00:00,1599109200,17.9,14.9,21.0,29.6,233.0,3.3,0.0,United Kingdom
London,GB,2020-09-04,12:00:00,1599195600,15.2,12.3,17.7,20.3,254.0,0.2,0.0,United Kingdom
London,GB,2020-09-05,12:00:00,1599282000,14.0,10.4,17.2,17.8,271.0,0.1,0.0,United Kingdom
London,GB,2020-09-06,12:00:00,1599368400,13.5,8.7,18.4,13.3,262.0,0.0,0.0,United Kingdom
London,GB,2020-09-07,12:00:00,1599454800,14.9,9.5,19.7,22.9,244.0,0.0,0.0,United Kingdom
London,GB,2020-09-08,12:00:00,1599541200,18.9,15.3,23.6,17.2,255.0,0.0,0.0,United Kingdom
London,GB,2020-09-09,12:00:00,1599627600,17.7,12.8,22.2,19.8,286.0,0.0,0.0,United Kingdom
London,GB,2020-09-10,12:00:00,1599714000,13.8,8.8,18.5,10.1,349.0,0.0,0.0,United Kingdom
London,GB,2020-09-11,12:00:00,1599800400,14.2,9.4,18.8,19.2,235.0,0.0,0.0,United Kingdom
London,GB,2020-09-12,12:00:00,1599886800,15.7,11.9,20.4,20.4,242.0,0.0,0.0,United Kingdom
London,GB,2020-09-13,12:00:00,1599973200,17.1,12.4,23.3,19.5,223.0,0.0,0.0,United Kingdom
London,GB,2020-09-14,12:00:00,1600059600,18.2,9.8,27.1,10.1,104.0,0.0,0.0,United Kingdom
London,GB,2020-09-15,12:00:00,1600146000,21.1,15.0,28.0,12.4,33.0,0.0,0.0,United Kingdom
London,GB,2020-09-16,12:00:00,1600232400,19.9,15.7,24.4,22.7,41.0,0.3,0.0,United Kingdom
London,GB,2020-09-17,12:00:00,1600318800,15.9,12.6,20.5,23.8,59.0,0.0,0.0,United Kingdom
London,GB,2020-09-18,12:00:00,1600405200,15.6,11.4,20.2,26.5,58.0,0.0,0.0,United Kingdom
London,GB,2020-09-19,12:00:00,1600491600,17.6,13.1,23.3,27.4,53.0,0.0,0.0,United Kingdom
London,GB,2020-09-20,12:00:00,1600578000,18.0,13.6,23.9,20.4,46.0,0.0,0.0,United Kingdom
London,GB,2020-09-21,12:00:00,1600664400,16.4,11.5,22.8,10.5,4.0,0.0,0.0,United Kingdom
London,GB,2020-09-22,12:00:00,1600750800,17.6,12.4,23.5,21.4,219.0,0.0,0.0,United Kingdom
London,GB,2020-09-23,12:00:00,1600837200,15.5,11.4,18.4,27.9,223.0,5.1,0.0,United Kingdom
London,GB,2020-09-24,12:00:00,1600923600,11.2,7.8,15.7,29.1,216.0,5.8,0.0,United Kingdom
London,GB,2020-09-25,12:00:00,1601010000,10.4,7.3,13.9,39.7,312.0,0.2,0.0,United Kingdom
London,GB,2020-09-26,12:00:00,1601096400,10.1,6.4,13.1,34.7,324.0,0.0,0.0,United Kingdom
London,GB,2020-09-27,12:00:00,1601182800,12.0,10.2,14.7,33.6,338.0,0.4,0.0,United Kingdom
London,GB,2020-09-28,12:00:00,1601269200,13.0,8.8,18.2,16.5,294.0,0.2,0.0,United Kingdom
London,GB,2020-09-29,12:00:00,1601355600,15.0,12.0,17.8,15.2,277.0,1.9,0.0,United Kingdom
London,GB,2020-09-30,12:00:00,1601442000,14.2,10.2,18.4,29.5,195.0,6.0,0.0,United Kingdom
London,GB,2020-10-01,12:00:00,1601528400,12.3,10.1,14.5,19.2,234.0,1.1,0.0,United Kingdom
London,GB,2020-10-02,12:00:00,1601614800,12.0,10.5,13.7,35.2,77.0,27.6,0.0,United Kingdom
London,GB,2020-10-03,12:00:00,1601701200,13.4,11.6,14.4,30.3,128.0,31.8,0.0,United Kingdom
London,GB,2020-10-04,12:00:00,1601787600,10.0,8.6,10.9,29.4,226.0,29.6,0.0,United Kingdom
London,GB,2020-10-05,12:00:00,1601874000,12.0,8.0,16.8,24.2,251.0,1.0,0.0,United Kingdom
London,GB,2020-10-06,12:00:00,1601960400,12.5,10.5,15.8,30.4,249.0,3.9,0.0,United Kingdom
London,GB,2020-10-07,12:00:00,1602046800,12.0,8.7,15.3,25.5,260.0,1.9,0.0,United Kingdom
London,GB,2020-10-08,12:00:00,1602133200,14.2,8.3,16.9,33.5,243.0,5.3,0.0,United Kingdom
London,GB,2020-10-09,12:00:00,1602219600,9.2,5.8,13.9,22.8,260.0,4.6,0.0,United Kingdom
London,GB,2020-10-10,12:00:00,1602306000,8.9,5.4,13.6,29.7,274.0,2.9,0.0,United Kingdom
London,GB,2020-10-11,12:00:00,1602392400,9.2,6.0,13.2,19.4,320.0,0.1,0.0,United Kingdom
London,GB,2020-10-12,12:00:00,1602478800,9.2,5.4,12.7,18.1,227.0,3.9,0.0,United Kingdom
London,GB,2020-10-13,12:00:00,1602565200,9.2,6.7,10.5,20.3,354.0,3.1,0.0,United Kingdom
London,GB,2020-10-14,12:00:00,1602651600,10.4,8.4,13.5,23.2,42.0,2.5,0.0,United Kingdom
London,GB,2020-10-15,12:00:00,1602738000,9.4,7.3,12.2,22.1,15.0,0.4,0.0,United Kingdom
London,GB,2020-10-16,12:00:00,1602824400,9.4,6.6,12.6,14.8,28.0,0.1,0.0,United Kingdom
London,GB,2020-10-17,12:00:00,1602910800,10.1,8.6,12.2,10.8,11.0,1.6,0.0,United Kingdom
London,GB,2020-10-18,12:00:00,1602997200,9.5,6.5,12.4,9.4,290.0,0.2,0.0,United Kingdom
London,GB,2020-10-19,12:00:00,1603083600,11.2,7.0,14.5,22.7,164.0,0.0,0.0,United Kingdom
London,GB,2020-10-20,12:00:00,1603170000,14.6,11.7,17.6,26.8,186.0,2.4,0.0,United Kingdom
London,GB,2020-10-21,12:00:00,1603256400,14.3,12.6,16.0,26.0,199.0,10.9,0.0,United Kingdom
London,GB,2020-10-22,12:00:00,1603342800,12.9,10.4,15.6,25.6,227.0,0.4,0.0,United Kingdom
London,GB,2020-10-23,12:00:00,1603429200,12.2,8.1,15.3,24.7,227.0,0.7,0.0,United Kingdom
London,GB,2020-10-24,12:00:00,1603515600,12.8,8.0,15.9,43.1,202.0,5.6,0.0,United Kingdom
London,GB,2020-10-25,12:00:00,1603602000,10.4,8.6,12.6,26.8,213.0,1.2,0.0,United Kingdom
London,GB,2020-10-26,12:00:00,1603688400,9.0,6.2,12.6,25.0,234.0,0.3,0.0,United Kingdom
London,GB,2020-10-27,12:00:00,1603774800,9.6,6.8,13.9,32.3,218.0,2.8,0.0,United Kingdom
London,GB,2020-10-28,12:00:00,1603861200,9.8,8.4,12.7,29.6,233.0,1.3,0.0,United Kingdom
London,GB,2020-10-29,12:00:00,1603947600,11.2,8.1,14.0,29.5,229.0,5.1,0.0,United Kingdom
London,GB,2020-10-30,12:00:00,1604034000,15.1,14.0,16.0,31.2,224.0,0.2,0.0,United Kingdom
London,GB,2020-10-31,12:00:00,1604120400,13.4,9.8,15.9,37.1,205.0,6.2,0.0,United Kingdom
London,GB,2020-11-01,12:00:00,1604206800,14.4,10.5,17.0,39.0,213.0,1.0,0.0,United Kingdom
London,GB,2020-11-02,12:00:00,1604293200,14.1,8.6,17.0,45.1,232.0,1.2,0.0,United Kingdom
London,GB,2020-11-03,12:00:00,1604379600,7.7,4.2,10.2,33.0,241.0,3.5,0.0,United Kingdom
London,GB,2020-11-04,12:00:00,1604466000,5.1,0.7,10.8,9.6,276.0,0.0,0.0,United Kingdom
London,GB,2020-11-05,12:00:00,1604552400,4.6,1.4,9.1,10.3,217.0,0.0,0.0,United Kingdom
London,GB,2020-11-06,12:00:00,1604638800,6.0,1.7,11.1,16.5,81.0,0.0,0.0,United Kingdom
London,GB,2020-11-07,12:00:00,1604725200,8.7,3.9,14.9,11.4,83.0,0.0,0.0,United Kingdom
London,GB,2020-11-08,12:00:00,1604811600,11.3,7.6,15.0,10.6,130.0,0.1,0.0,United Kingdom
London,GB,2020-11-09,12:00:00,1604898000,13.2,11.3,16.8,13.7,152.0,2.3,0.0,United Kingdom
London,GB,2020-11-10,12:00:00,1604984400,11.5,8.4,15.2,14.2,191.0,0.7,0.0,United Kingdom
London,GB,2020-11-11,12:00:00,1605070800,11.1,7.5,13.7,30.1,174.0,1.2,0.0,United Kingdom
London,GB,2020-11-12,12:00:00,1605157200,10.7,8.7,12.5,31.8,224.0,4.7,0.0,United Kingdom
London,GB,2020-11-13,12:00:00,1605243600,11.1,9.3,13.2,22.8,212.0,0.2,0.0,United Kingdom
London,GB,2020-11-14,12:00:00,1605330000,12.7,9.3,14.7,39.0,192.0,9.9,0.0,United Kingdom
London,GB,2020-11-15,12:00:00,1605416400,11.5,7.4,14.3,36.8,215.0,14.9,0.0,United Kingdom
London,GB,2020-11-16,12:00:00,1605502800,10.3,8.1,12.4,26.5,240.0,1.2,0.0,United Kingdom
London,GB,2020-11-17,12:00:00,1605589200,12.8,11.2,14.4,28.0,227.0,0.0,0.0,United Kingdom
London,GB,2020-11-18,12:00:00,1605675600,12.2,8.5,15.1,30.1,217.0,0.5,0.0,United Kingdom
London,GB,2020-11-19,12:00:00,1605762000,7.3,2.5,9.6,30.3,271.0,1.0,0.0,United Kingdom
London,GB,2020-11-20,12:00:00,1605848400,5.7,1.3,10.1,19.4,217.0,2.0,0.0,United Kingdom
London,GB,2020-11-21,12:00:00,1605934800,10.7,9.7,12.7,30.1,233.0,0.0,0.0,United Kingdom
London,GB,2020-11-22,12:00:00,1606021200,9.2,4.9,11.3,17.6,264.0,0.1,0.0,United Kingdom
London,GB,2020-11-23,12:00:00,1606107600,5.8,1.5,9.7,14.8,214.0,0.0,0.0,United Kingdom
London,GB,2020-11-24,12:00:00,1606194000,9.7,8.7,11.6,23.0,194.0,0.0,0.0,United Kingdom
London,GB,2020-11-25,12:00:00,1606280400,9.9,7.1,13.3,22.3,205.0,0.3,0.0,United Kingdom
London,GB,2020-11-26,12:00:00,1606366800,4.9,1.1,8.3,10.6,20.0,0.0,0.0,United Kingdom
London,GB,2020-11-27,12:00:00,1606453200,4.7,2.6,7.4,11.8,48.0,0.0,0.0,United Kingdom
London,GB,2020-11-28,12:00:00,1606539600,7.6,5.5,11.1,14.1,76.0,0.0,0.0,United Kingdom
London,GB,2020-11-29,12:00:00,1606626000,7.4,5.4,8.9,13.7,50.0,0.0,0.0,United Kingdom
London,GB,2020-11-30,12:00:00,1606712400,7.6,6.3,9.8,23.7,263.0,3.1,0.0,United Kingdom
London,GB,2020-12-01,12:00:00,1606798800,4.7,2.5,7.7,18.2,332.0,0.0,0.0,United Kingdom
London,GB,2020-12-02,12:00:00,1606885200,3.7,0.1,6.4,11.0,263.0,0.3,0.0,United Kingdom
London,GB,2020-12-03,12:00:00,1606971600,5.0,2.9,7.3,22.0,200.0,14.0,0.0,United Kingdom
London,GB,2020-12-04,12:00:00,1607058000,3.6,2.4,5.1,22.9,246.0,5.7,0.0,United Kingdom
London,GB,2020-12-05,12:00:00,1607144400,3.9,1.7,7.2,18.0,104.0,0.0,0.0,United Kingdom
London,GB,2020-12-06,12:00:00,1607230800,2.8,1.4,5.1,15.4,12.0,0.7,0.0,United Kingdom
London,GB,2020-12-07,12:00:00,1607317200,2.4,1.6,3.4,9.8,30.0,0.2,0.0,United Kingdom
London,GB,2020-12-08,12:00:00,1607403600,2.6,1.1,4.7,9.9,241.0,0.1,0.0,United Kingdom
London,GB,2020-12-09,12:00:00,1607490000,4.7,2.8,6.6,15.3,236.0,3.3,0.0,United Kingdom
London,GB,2020-12-10,12:00:00,1607576400,6.7,5.3,7.7,19.1,141.0,0.1,0.0,United Kingdom
London,GB,2020-12-11,12:00:00,1607662800,7.6,3.3,10.1,17.7,206.0,5.4,0.0,United Kingdom
London,GB,2020-12-12,12:00:00,1607749200,6.5,2.9,9.3,19.6,274.0,0.6,0.0,United Kingdom
London,GB,2020-12-13,12:00:00,1607835600,6.5,0.1,11.7,28.9,183.0,4.6,0.0,United Kingdom
London,GB,2020-12-14,12:00:00,1607922000,10.5,8.0,11.7,33.4,208.0,7.7,0.0,United Kingdom
London,GB,2020-12-15,12:00:00,1608008400,8.5,7.4,10.5,24.1,199.0,0.5,0.0,United Kingdom
London,GB,2020-12-16,12:00:00,1608094800,9.0,8.2,10.4,28.4,173.0,3.1,0.0,United Kingdom
London,GB,2020-12-17,12:00:00,1608181200,8.4,6.3,10.6,23.3,214.0,0.0,0.0,United Kingdom
London,GB,2020-12-18,12:00:00,1608267600,11.1,9.8,11.9,31.4,192.0,0.4,0.0,United Kingdom
London,GB,2020-12-19,12:00:00,1608354000,10.1,7.9,11.4,28.3,198.0,4.6,0.0,United Kingdom
London,GB,2020-12-20,12:00:00,1608440400,7.7,5.5,9.8,21.7,213.0,0.2,0.0,United Kingdom
London,GB,2020-12-21,12:00:00,1608526800,10.8,5.8,14.0,27.0,202.0,7.3,0.0,United Kingdom
London,GB,2020-12-22,12:00:00,1608613200,10.9,9.1,13.5,30.4,240.0,2.6,0.0,United Kingdom
London,GB,2020-12-23,12:00:00,1608699600,10.5,7.9,12.0,20.4,197.0,7.2,0.0,United Kingdom
London,GB,2020-12-24,12:00:00,1608786000,4.8,2.5,8.0,33.7,347.0,2.2,0.0,United Kingdom
London,GB,2020-12-25,12:00:00,1608872400,1.7,-0.7,3.8,24.4,318.0,0.0,0.0,United Kingdom
London,GB,2020-12-26,12:00:00,1608958800,5.6,-0.0,10.0,41.8,227.0,0.0,0.0,United Kingdom
London,GB,2020-12-27,12:00:00,1609045200,5.9,-0.0,9.8,49.9,228.0,13.5,0.0,United Kingdom
London,GB,2020-12-28,12:00:00,1609131600,1.3,-1.4,3.2,16.5,354.0,0.3,0.0,United Kingdom
London,GB,2020-12-29,12:00:00,1609218000,1.4,-2.2,3.5,12.6,289.0,0.3,0.21,United Kingdom
London,GB,2020-12-30,12:00:00,1609304400,0.7,-1.5,4.4,14.0,274.0,0.0,0.0,United Kingdom
London,GB,2020-12-31,12:00:00,1609390800,-0.6,-3.3,2.0,11.2,308.0,0.0,0.0,United Kingdom
London,GB,2021-01-01,12:00:00,1609477200,0.9,-2.3,4.2,10.0,287.0,0.4,0.0,United Kingdom
London,GB,2021-01-02,12:00:00,1609563600,2.6,-0.9,4.3,13.2,336.0,0.0,0.0,United Kingdom
London,GB,2021-01-03,12:00:00,1609650000,1.7,-1.9,5.1,19.7,27.0,0.6,0.0,United Kingdom
London,GB,2021-01-04,12:00:00,1609736400,3.2,2.0,4.5,26.6,31.0,2.3,0.0,United Kingdom
London,GB,2021-01-05,12:00:00,1609822800,2.6,1.0,3.9,24.3,21.0,1.9,0.0,United Kingdom
London,GB,2021-01-06,12:00:00,1609909200,2.4,-0.4,4.9,18.5,20.0,3.4,0.21,United Kingdom
London,GB,2021-01-07,12:00:00,1609995600,-0.8,-2.2,1.9,11.2,295.0,0.0,0.0,United Kingdom
London,GB,2021-01-08,12:00:00,1610082000,-0.4,-2.3,1.9,8.4,38.0,0.0,0.0,United Kingdom
London,GB,2021-01-09,12:00:00,1610168400,-0.6,-3.2,2.4,9.7,353.0,0.0,0.0,United Kingdom
London,GB,2021-01-10,12:00:00,1610254800,0.2,-1.2,2.5,10.8,256.0,0.0,0.0,United Kingdom
London,GB,2021-01-11,12:00:00,1610341200,5.0,0.8,8.3,29.8,246.0,0.6,0.0,United Kingdom
London,GB,2021-01-12,12:00:00,1610427600,6.1,-0.3,8.9,28.1,283.0,3.8,0.0,United Kingdom
London,GB,2021-01-13,12:00:00,1610514000,4.9,-1.4,9.0,12.2,257.0,2.6,0.0,United Kingdom
London,GB,2021-01-14,12:00:00,1610600400,5.2,2.1,8.9,22.0,50.0,27.6,0.0,United Kingdom
London,GB,2021-01-15,12:00:00,1610686800,1.8,-0.2,4.1,13.5,28.0,0.0,0.0,United Kingdom
London,GB,2021-01-16,12:00:00,1610773200,4.1,1.7,7.2,24.1,205.0,6.3,1.75,United Kingdom
London,GB,2021-01-17,12:00:00,1610859600,4.4,2.2,7.3,18.2,280.0,0.0,0.0,United Kingdom
London,GB,2021-01-18,12:00:00,1610946000,4.4,1.6,8.0,26.6,229.0,0.9,0.0,United Kingdom
London,GB,2021-01-19,12:00:00,1611032400,10.1,8.4,11.0,34.9,224.0,2.4,0.0,United Kingdom
London,GB,2021-01-20,12:00:00,1611118800,10.0,9.4,10.4,38.5,201.0,7.2,0.0,United Kingdom
London,GB,2021-01-21,12:00:00,1611205200,6.0,3.8,9.0,41.4,234.0,2.3,0.0,United Kingdom
London,GB,2021-01-22,12:00:00,1611291600,2.7,-0.3,6.7,13.1,238.0,0.7,0.0,United Kingdom
London,GB,2021-01-23,12:00:00,1611378000,0.7,-2.6,3.6,18.9,270.0,0.0,0.0,United Kingdom
London,GB,2021-01-24,12:00:00,1611464400,-0.4,-3.8,2.0,17.1,197.0,4.5,2.24,United Kingdom
London,GB,2021-01-25,12:00:00,1611550800,0.5,-2.5,4.6,17.5,299.0,0.7,0.49,United Kingdom
London,GB,2021-01-26,12:00:00,1611637200,2.0,-2.0,5.3,20.4,208.0,4.1,0.0,United Kingdom
London,GB,2021-01-27,12:00:00,1611723600,7.5,5.9,9.4,15.4,242.0,2.6,0.0,United Kingdom
London,GB,2021-01-28,12:00:00,1611810000,10.3,7.6,12.7,28.9,241.0,14.6,0.0,United Kingdom
London,GB,2021-01-29,12:00:00,1611896400,9.1,7.9,10.6,28.6,257.0,9.5,0.0,United Kingdom
London,GB,2021-01-30,12:00:00,1611982800,4.7,2.8,7.3,30.8,71.0,15.4,0.0,United Kingdom
London,GB,2021-01-31,12:00:00,1612069200,2.3,0.6,4.1,25.3,71.0,2.0,0.07,United Kingdom
London,GB,2021-02-01,12:00:00,1612155600,3.8,2.4,4.8,14.1,14.0,0.0,0.0,United Kingdom
London,GB,2021-02-02,12:00:00,1612242000,9.0,3.9,12.7,29.1,212.0,5.0,0.0,United Kingdom
London,GB,2021-02-03,12:00:00,1612328400,7.6,4.8,9.4,25.5,239.0,2.5,0.0,United Kingdom
London,GB,2021-02-04,12:00:00,1612414800,6.0,2.9,8.8,16.6,177.0,5.3,0.0,United Kingdom
London,GB,2021-02-05,12:00:00,1612501200,6.8,5.2,9.9,15.9,195.0,0.9,0.0,United Kingdom
London,GB,2021-02-06,12:00:00,1612587600,4.7,1.3,8.1,24.1,34.0,8.8,0.0,United Kingdom
London,GB,2021-02-07,12:00:00,1612674000,1.4,-1.1,3.9,33.5,27.0,4.6,2.03,United Kingdom
London,GB,2021-02-08,12:00:00,1612760400,-1.3,-2.0,-0.4,28.3,31.0,0.5,0.35,United Kingdom
London,GB,2021-02-09,12:00:00,1612846800,-1.3,-3.1,0.3,20.2,54.0,1.0,0.63,United Kingdom
London,GB,2021-02-10,12:00:00,1612933200,-2.6,-9.7,0.1,19.5,34.0,0.0,0.0,United Kingdom
London,GB,2021-02-11,12:00:00,1613019600,-5.0,-10.2,-0.6,18.1,87.0,0.0,0.0,United Kingdom
London,GB,2021-02-12,12:00:00,1613106000,-2.4,-4.1,0.4,26.3,90.0,0.0,0.0,United Kingdom
London,GB,2021-02-13,12:00:00,1613192400,-2.6,-5.0,0.2,23.8,114.0,0.0,0.0,United Kingdom
London,GB,2021-02-14,12:00:00,1613278800,2.3,-0.3,5.1,29.1,160.0,0.6,0.0,United Kingdom
London,GB,2021-02-15,12:00:00,1613365200,8.8,5.0,12.7,23.4,203.0,1.8,0.0,United Kingdom
London,GB,2021-02-16,12:00:00,1613451600,9.1,7.0,10.7,27.7,212.0,2.1,0.0,United Kingdom
London,GB,2021-02-17,12:00:00,1613538000,9.1,6.7,10.7,31.6,207.0,3.0,0.0,United Kingdom
London,GB,2021-02-18,12:00:00,1613624400,8.4,4.6,11.3,35.1,206.0,1.3,0.0,United Kingdom
London,GB,2021-02-19,12:00:00,1613710800,8.1,4.4,10.6,33.3,190.0,1.0,0.0,United Kingdom
London,GB,2021-02-20,12:00:00,1613797200,12.2,10.1,14.0,27.8,182.0,0.5,0.0,United Kingdom
London,GB,2021-02-21,12:00:00,1613883600,11.0,6.7,14.3,21.2,178.0,0.4,0.0,United Kingdom
London,GB,2021-02-22,12:00:00,1613970000,9.5,7.2,12.2,18.8,197.0,1.0,0.0,United Kingdom
London,GB,2021-02-23,12:00:00,1614056400,9.7,6.0,12.7,31.5,195.0,0.0,0.0,United Kingdom
London,GB,2021-02-24,12:00:00,1614142800,12.5,11.0,14.2,29.3,201.0,0.0,0.0,United Kingdom
London,GB,2021-02-25,12:00:00,1614229200,9.8,5.3,12.1,22.9,243.0,0.3,0.0,United Kingdom
London,GB,2021-02-26,12:00:00,1614315600,4.8,-0.5,10.9,11.2,294.0,0.0,0.0,United Kingdom
London,GB,2021-02-27,12:00:00,1614402000,5.4,1.3,11.7,11.3,55.0,0.0,0.0,United Kingdom
London,GB,2021-02-28,12:00:00,1614488400,4.6,1.3,9.5,16.8,66.0,0.0,0.0,United Kingdom
London,GB,2021-03-01,12:00:00,1614574800,5.6,3.4,9.7,18.3,69.0,0.0,0.0,United Kingdom
London,GB,2021-03-02,12:00:00,1614661200,4.6,1.9,9.8,11.6,52.0,0.0,0.0,United Kingdom
London,GB,2021-03-03,12:00:00,1614747600,5.8,1.7,13.2,8.8,90.0,6.7,0.0,United Kingdom
London,GB,2021-03-04,12:00:00,1614834000,5.2,4.3,5.9,17.8,26.0,1.7,0.0,United Kingdom
London,GB,2021-03-05,12:00:00,1614920400,3.9,1.0,5.8,23.4,39.0,0.0,0.0,United Kingdom
London,GB,2021-03-06,12:00:00,1615006800,2.8,0.2,6.4,12.4,59.0,0.0,0.0,United Kingdom
London,GB,2021-03-07,12:00:00,1615093200,2.4,-0.9,5.7,8.9,358.0,0.0,0.0,United Kingdom
London,GB,2021-03-08,12:00:00,1615179600,3.5,-2.5,9.1,9.8,255.0,0.1,0.0,United Kingdom
London,GB,2021-03-09,12:00:00,1615266000,5.6,0.1,11.9,16.4,251.0,0.0,0.0,United Kingdom
London,GB,2021-03-10,12:00:00,1615352400,7.3,5.0,10.8,37.2,207.0,6.0,0.0,United Kingdom
London,GB,2021-03-11,12:00:00,1615438800,9.0,5.2,11.1,46.7,241.0,1.4,0.0,United Kingdom
London,GB,2021-03-12,12:00:00,1615525200,7.0,4.4,9.9,38.1,237.0,1.0,0.0,United Kingdom
London,GB,2021-03-13,12:00:00,1615611600,6.7,3.4,9.1,41.4,254.0,5.6,0.0,United Kingdom
London,GB,2021-03-14,12:00:00,1615698000,7.1,3.6,10.2,29.0,275.0,1.8,0.0,United Kingdom
London,GB,2021-03-15,12:00:00,1615784400,8.5,5.9,11.1,27.0,311.0,0.4,0.0,United Kingdom
London,GB,2021-03-16,12:00:00,1615870800,8.9,4.6,13.5,26.7,318.0,0.5,0.0,United Kingdom
London,GB,2021-03-17,12:00:00,1615957200,6.5,3.1,9.7,22.3,345.0,0.9,0.0,United Kingdom
London,GB,2021-03-18,12:00:00,1616043600,6.6,3.2,9.5,22.7,347.0,1.0,0.0,United Kingdom
London,GB,2021-03-19,12:00:00,1616130000,7.3,3.5,10.3,20.9,38.0,0.3,0.0,United Kingdom
London,GB,2021-03-20,12:00:00,1616216400,5.9,0.3,10.2,11.2,331.0,0.0,0.0,United Kingdom
London,GB,2021-03-21,12:00:00,1616302800,8.3,6.2,10.8,17.7,5.0,0.1,0.0,United Kingdom
London,GB,2021-03-22,12:00:00,1616389200,7.0,2.9,12.0,12.4,255.0,0.0,0.0,United Kingdom
London,GB,2021-03-23,12:00:00,1616475600,7.3,3.9,11.3,19.9,221.0,0.0,0.0,United Kingdom
London,GB,2021-03-24,12:00:00,1616562000,7.9,2.8,12.6,21.2,228.0,0.1,0.0,United Kingdom
London,GB,2021-03-25,12:00:00,1616648400,7.6,1.3,12.0,27.2,219.0,0.9,0.0,United Kingdom
London,GB,2021-03-26,12:00:00,1616734800,8.5,4.6,11.1,37.4,215.0,4.3,0.0,United Kingdom
London,GB,2021-03-27,12:00:00,1616821200,7.0,2.9,10.4,29.6,248.0,0.0,0.0,United Kingdom
London,GB,2021-03-28,12:00:00,1616907600,10.1,8.0,13.1,39.4,223.0,0.0,0.0,United Kingdom
London,GB,2021-03-29,12:00:00,1616994000,11.0,5.2,17.5,25.5,225.0,0.0,0.0,United Kingdom
London,GB,2021-03-30,12:00:00,1617080400,11.5,3.1,21.4,13.0,181.0,0.0,0.0,United Kingdom
London,GB,2021-03-31,12:00:00,1617166800,14.1,9.5,20.9,17.3,177.0,0.0,0.0,United Kingdom
London,GB,2021-04-01,12:00:00,1617253200,10.5,5.5,14.9,23.2,48.0,0.0,0.0,United Kingdom
London,GB,2021-04-02,12:00:00,1617339600,6.6,4.0,9.7,24.0,38.0,0.0,0.0,United Kingdom
London,GB,2021-04-03,12:00:00,1617426000,6.9,5.4,8.8,22.9,28.0,0.0,0.0,United Kingdom
London,GB,2021-04-04,12:00:00,1617512400,7.1,0.5,13.7,16.3,278.0,0.0,0.0,United Kingdom
London,GB,2021-04-05,12:00:00,1617598800,5.4,1.8,7.5,30.2,328.0,0.1,0.0,United Kingdom
London,GB,2021-04-06,12:00:00,1617685200,2.7,-0.6,7.0,24.0,317.0,0.2,0.14,United Kingdom
London,GB,2021-04-07,12:00:00,1617771600,2.5,-1.8,6.2,21.0,290.0,0.0,0.0,United Kingdom
London,GB,2021-04-08,12:00:00,1617858000,6.5,1.4,11.2,24.5,231.0,0.0,0.0,United Kingdom
London,GB,2021-04-09,12:00:00,1617944400,8.0,4.0,12.5,16.7,251.0,0.7,0.0,United Kingdom
London,GB,2021-04-10,12:00:00,1618030800,6.3,3.6,8.6,23.1,58.0,0.0,0.0,United Kingdom
London,GB,2021-04-11,12:00:00,1618117200,3.9,-0.2,8.6,18.0,351.0,1.8,0.0,United Kingdom
London,GB,2021-04-12,12:00:00,1618203600,3.3,-1.8,9.2,10.2,282.0,1.1,0.49,United Kingdom
London,GB,2021-04-13,12:00:00,1618290000,4.9,-2.1,11.3,10.1,236.0,0.6,0.0,United Kingdom
London,GB,2021-04-14,12:00:00,1618376400,6.0,1.1,11.1,19.2,47.0,0.0,0.0,United Kingdom
London,GB,2021-04-15,12:00:00,1618462800,4.8,-0.5,9.6,21.3,37.0,0.7,0.0,United Kingdom
London,GB,2021-04-16,12:00:00,1618549200,5.0,-1.3,9.8,12.2,46.0,0.0,0.0,United Kingdom
London,GB,2021-04-17,12:00:00,1618635600,5.9,-1.5,11.9,15.1,52.0,0.0,0.0,United Kingdom
London,GB,2021-04-18,12:00:00,1618722000,7.5,2.1,13.2,11.5,54.0,0.0,0.0,United Kingdom
London,GB,2021-04-19,12:00:00,1618808400,8.5,1.3,15.4,15.0,99.0,0.0,0.0,United Kingdom
London,GB,2021-04-20,12:00:00,1618894800,9.3,2.3,15.7,11.6,83.0,0.0,0.0,United Kingdom
London,GB,2021-04-21,12:00:00,1618981200,9.0,4.8,13.7,23.4,70.0,0.4,0.0,United Kingdom
London,GB,2021-04-22,12:00:00,1619067600,7.1,2.7,12.1,18.0,74.0,0.0,0.0,United Kingdom
London,GB,2021-04-23,12:00:00,1619154000,7.8,1.5,15.2,19.1,86.0,0.0,0.0,United Kingdom
London,GB,2021-04-24,12:00:00,1619240400,9.1,4.2,14.9,23.2,78.0,0.0,0.0,United Kingdom
London,GB,2021-04-25,12:00:00,1619326800,7.9,4.3,12.7,26.6,61.0,0.0,0.0,United Kingdom
London,GB,2021-04-26,12:00:00,1619413200,7.3,3.6,11.9,20.4,63.0,0.0,0.0,United Kingdom
London,GB,2021-04-27,12:00:00,1619499600,8.2,1.3,14.7,14.2,63.0,0.0,0.0,United Kingdom
London,GB,2021-04-28,12:00:00,1619586000,8.1,4.6,12.4,23.5,46.0,4.6,0.0,United Kingdom
London,GB,2021-04-29,12:00:00,1619672400,7.3,3.2,11.3,19.8,356.0,0.4,0.0,United Kingdom
London,GB,2021-04-30,12:00:00,1619758800,6.6,0.9,11.4,14.1,360.0,0.3,0.0,United Kingdom
London,GB,2021-05-01,12:00:00,1619845200,7.0,1.0,12.3,16.4,14.0,0.6,0.0,United Kingdom
London,GB,2021-05-02,12:00:00,1619931600,8.0,2.0,12.7,16.6,246.0,0.3,0.0,United Kingdom
London,GB,2021-05-03,12:00:00,1620018000,8.8,4.7,12.3,46.4,215.0,4.7,0.0,United Kingdom
London,GB,2021-05-04,12:00:00,1620104400,9.9,6.2,13.2,40.5,268.0,1.8,0.0,United Kingdom
London,GB,2021-05-05,12:00:00,1620190800,6.8,3.4,12.3,24.3,274.0,3.0,0.0,United Kingdom
London,GB,2021-05-06,12:00:00,1620277200,6.6,1.1,11.4,18.4,283.0,2.6,0.0,United Kingdom
London,GB,2021-05-07,12:00:00,1620363600,8.3,3.6,12.7,18.9,257.0,0.1,0.0,United Kingdom
London,GB,2021-05-08,12:00:00,1620450000,11.6,4.2,16.4,40.5,194.0,9.4,0.0,United Kingdom
London,GB,2021-05-09,12:00:00,1620536400,15.4,12.6,19.4,27.9,200.0,2.0,0.0,United Kingdom
London,GB,2021-05-10,12:00:00,1620622800,12.6,9.2,15.2,33.4,207.0,1.9,0.0,United Kingdom
London,GB,2021-05-11,12:00:00,1620709200,11.4,6.0,15.8,26.0,185.0,0.6,0.0,United Kingdom
London,GB,2021-05-12,12:00:00,1620795600,12.0,8.2,15.2,20.8,201.0,1.1,0.0,United Kingdom
London,GB,2021-05-13,12:00:00,1620882000,10.8,8.5,12.9,18.3,92.0,5.3,0.0,United Kingdom
London,GB,2021-05-14,12:00:00,1620968400,10.3,8.0,12.9,17.8,23.0,0.5,0.0,United Kingdom
London,GB,2021-05-15,12:00:00,1621054800,10.5,8.1,13.0,16.9,178.0,3.4,0.0,United Kingdom
London,GB,2021-05-16,12:00:00,1621141200,10.6,7.3,13.7,21.7,208.0,7.8,0.0,United Kingdom
London,GB,2021-05-17,12:00:00,1621227600,11.7,8.1,16.4,18.5,286.0,3.7,0.0,United Kingdom
London,GB,2021-05-18,12:00:00,1621314000,11.2,6.9,15.4,28.1,249.0,3.3,0.0,United Kingdom
London,GB,2021-05-19,12:00:00,1621400400,11.3,8.4,15.9,23.1,291.0,5.7,0.0,United Kingdom
London,GB,2021-05-20,12:00:00,1621486800,10.4,5.6,13.1,39.0,202.0,0.6,0.0,United Kingdom
London,GB,2021-05-21,12:00:00,1621573200,11.2,9.8,13.3,47.9,226.0,4.0,0.0,United Kingdom
London,GB,2021-05-22,12:00:00,1621659600,10.7,8.1,14.0,25.8,268.0,4.8,0.0,United Kingdom
London,GB,2021-05-23,12:00:00,1621746000,9.8,5.0,12.7,34.2,205.0,6.8,0.0,United Kingdom
London,GB,2021-05-24,12:00:00,1621832400,10.2,7.9,12.5,31.8,224.0,10.4,0.0,United Kingdom
London,GB,2021-05-25,12:00:00,1621918800,10.6,6.8,14.6,27.8,268.0,0.8,0.0,United Kingdom
London,GB,2021-05-26,12:00:00,1622005200,10.8,5.9,15.4,18.8,294.0,0.6,0.0,United Kingdom
London,GB,2021-05-27,12:00:00,1622091600,13.3,6.2,18.6,13.0,291.0,0.0,0.0,United Kingdom
London,GB,2021-05-28,12:00:00,1622178000,14.1,9.5,18.6,9.8,131.0,0.5,0.0,United Kingdom
London,GB,2021-05-29,12:00:00,1622264400,14.2,9.5,19.7,17.3,77.0,0.0,0.0,United Kingdom
London,GB,2021-05-30,12:00:00,1622350800,12.7,7.7,19.3,19.5,71.0,0.0,0.0,United Kingdom
London,GB,2021-05-31,12:00:00,1622437200,15.4,8.2,22.3,18.1,82.0,0.0,0.0,United Kingdom
London,GB,2021-06-01,12:00:00,1622523600,17.5,10.7,24.1,23.8,85.0,0.0,0.0,United Kingdom
London,GB,2021-06-02,12:00:00,1622610000,19.0,11.6,25.8,19.3,88.0,0.1,0.0,United Kingdom
London,GB,2021-06-03,12:00:00,1622696400,19.2,15.2,23.6,18.3,237.0,2.0,0.0,United Kingdom
London,GB,2021-06-04,12:00:00,1622782800,14.6,12.0,17.7,14.4,343.0,6.7,0.0,United Kingdom
London,GB,2021-06-05,12:00:00,1622869200,16.9,12.4,21.2,12.4,276.0,0.0,0.0,United Kingdom
London,GB,2021-06-06,12:00:00,1622955600,16.7,11.4,20.6,10.1,224.0,1.1,0.0,United Kingdom
London,GB,2021-06-07,12:00:00,1623042000,17.2,11.6,21.6,14.5,202.0,0.2,0.0,United Kingdom
London,GB,2021-06-08,12:00:00,1623128400,17.6,11.3,23.1,14.0,234.0,0.0,0.0,United Kingdom
London,GB,2021-06-09,12:00:00,1623214800,18.0,10.3,24.0,16.5,238.0,0.0,0.0,United Kingdom
London,GB,2021-06-10,12:00:00,1623301200,18.4,14.3,22.8,18.8,231.0,0.4,0.0,United Kingdom
London,GB,2021-06-11,12:00:00,1623387600,19.3,15.0,24.1,22.9,249.0,0.0,0.0,United Kingdom
London,GB,2021-06-12,12:00:00,1623474000,18.5,13.8,22.2,13.8,305.0,0.0,0.0,United Kingdom
London,GB,2021-06-13,12:00:00,1623560400,19.6,12.1,26.3,14.1,198.0,0.0,0.0,United Kingdom
London,GB,2021-06-14,12:00:00,1623646800,21.0,13.8,27.4,14.8,293.0,0.2,0.0,United Kingdom
London,GB,2021-06-15,12:00:00,1623733200,19.1,14.6,24.2,17.9,54.0,0.2,0.0,United Kingdom
London,GB,2021-06-16,12:00:00,1623819600,20.9,12.7,27.1,16.5,200.0,0.8,0.0,United Kingdom
London,GB,2021-06-17,12:00:00,1623906000,19.6,17.2,22.1,13.2,16.0,11.2,0.0,United Kingdom
London,GB,2021-06-18,12:00:00,1623992400,15.0,12.5,17.4,26.4,11.0,29.1,0.0,United Kingdom
London,GB,2021-06-19,12:00:00,1624078800,13.9,11.0,17.0,18.5,51.0,3.0,0.0,United Kingdom
London,GB,2021-06-20,12:00:00,1624165200,14.9,12.5,18.1,18.6,50.0,5.5,0.0,United Kingdom
London,GB,2021-06-21,12:00:00,1624251600,12.7,11.3,13.9,25.0,39.0,11.4,0.0,United Kingdom
London,GB,2021-06-22,12:00:00,1624338000,13.0,10.3,15.7,27.0,26.0,0.6,0.0,United Kingdom
London,GB,2021-06-23,12:00:00,1624424400,13.9,6.3,19.6,11.4,18.0,0.0,0.0,United Kingdom
London,GB,2021-06-24,12:00:00,1624510800,14.9,7.7,20.0,15.2,257.0,0.4,0.0,United Kingdom
London,GB,2021-06-25,12:00:00,1624597200,16.5,13.4,19.7,15.2,247.0,2.2,0.0,United Kingdom
London,GB,2021-06-26,12:00:00,1624683600,16.0,11.3,21.1,13.6,96.0,0.1,0.0,United Kingdom
London,GB,2021-06-27,12:00:00,1624770000,16.8,13.3,20.0,24.4,53.0,14.4,0.0,United Kingdom
London,GB,2021-06-28,12:00:00,1624856400,17.2,14.8,20.0,17.8,52.0,7.8,0.0,United Kingdom
London,GB,2021-06-29,12:00:00,1624942800,16.2,14.2,18.0,19.8,20.0,1.2,0.0,United Kingdom
London,GB,2021-06-30,12:00:00,1625029200,14.4,11.9,16.4,14.5,340.0,0.4,0.0,United Kingdom
London,GB,2021-07-01,12:00:00,1625115600,16.4,11.5,19.9,12.7,343.0,0.1,0.0,United Kingdom
London,GB,2021-07-02,12:00:00,1625202000,18.2,13.6,22.7,14.5,207.0,0.9,0.0,United Kingdom
London,GB,2021-07-03,12:00:00,1625288400,17.8,15.4,20.9,22.2,204.0,2.6,0.0,United Kingdom
London,GB,2021-07-04,12:00:00,1625374800,16.6,14.7,20.3,27.8,203.0,5.0,0.0,United Kingdom
London,GB,2021-07-05,12:00:00,1625461200,16.1,13.8,19.1,22.0,206.0,4.0,0.0,United Kingdom
London,GB,2021-07-06,12:00:00,1625547600,15.5,13.1,18.2,36.6,221.0,8.5,0.0,United Kingdom
London,GB,2021-07-07,12:00:00,1625634000,16.3,13.0,19.8,27.6,211.0,2.4,0.0,United Kingdom
London,GB,2021-07-08,12:00:00,1625720400,16.6,13.3,20.4,14.1,225.0,2.0,0.0,United Kingdom
London,GB,2021-07-09,12:00:00,1625806800,17.6,13.2,22.2,14.3,232.0,0.6,0.0,United Kingdom
London,GB,2021-07-10,12:00:00,1625893200,15.5,13.4,17.9,10.3,228.0,1.5,0.0,United Kingdom
London,GB,2021-07-11,12:00:00,1625979600,16.1,10.7,20.1,15.4,196.0,1.7,0.0,United Kingdom
London,GB,2021-07-12,12:00:00,1626066000,16.5,14.1,20.6,13.2,52.0,16.0,0.0,United Kingdom
London,GB,2021-07-13,12:00:00,1626152400,18.0,14.9,22.0,18.4,359.0,1.6,0.0,United Kingdom
London,GB,2021-07-14,12:00:00,1626238800,18.6,14.0,23.1,21.1,329.0,0.3,0.0,United Kingdom
London,GB,2021-07-15,12:00:00,1626325200,18.0,13.7,22.1,19.7,355.0,0.0,0.0,United Kingdom
London,GB,2021-07-16,12:00:00,1626411600,17.9,10.4,24.4,17.0,18.0,0.0,0.0,United Kingdom
London,GB,2021-07-17,12:00:00,1626498000,20.0,13.3,25.8,13.2,34.0,0.0,0.0,United Kingdom
London,GB,2021-07-18,12:00:00,1626584400,22.3,13.9,29.2,9.3,286.0,0.0,0.0,United Kingdom
London,GB,2021-07-19,12:00:00,1626670800,22.5,17.3,28.1,10.8,83.0,0.3,0.0,United Kingdom
London,GB,2021-07-20,12:00:00,1626757200,22.7,16.5,28.8,17.3,164.0,0.0,0.0,United Kingdom
London,GB,2021-07-21,12:00:00,1626843600,22.4,17.2,28.0,11.6,63.0,0.6,0.0,United Kingdom
London,GB,2021-07-22,12:00:00,1626930000,21.1,15.8,26.3,14.1,83.0,0.0,0.0,United Kingdom
London,GB,2021-07-23,12:00:00,1627016400,18.2,14.4,22.9,25.3,73.0,0.0,0.0,United Kingdom
London,GB,2021-07-24,12:00:00,1627102800,18.3,15.6,22.0,24.6,69.0,14.3,0.0,United Kingdom
London,GB,2021-07-25,12:00:00,1627189200,18.3,15.9,21.3,14.7,22.0,4.5,0.0,United Kingdom
London,GB,2021-07-26,12:00:00,1627275600,19.3,15.8,23.6,15.3,247.0,2.2,0.0,United Kingdom
London,GB,2021-07-27,12:00:00,1627362000,18.1,15.2,20.1,20.7,215.0,3.4,0.0,United Kingdom
London,GB,2021-07-28,12:00:00,1627448400,16.7,14.5,19.5,31.0,235.0,6.1,0.0,United Kingdom
London,GB,2021-07-29,12:00:00,1627534800,16.7,12.8,21.2,27.8,243.0,0.2,0.0,United Kingdom
London,GB,2021-07-30,12:00:00,1627621200,16.7,14.7,19.5,39.2,218.0,2.6,0.0,United Kingdom
London,GB,2021-07-31,12:00:00,1627707600,16.4,13.6,19.5,17.2,266.0,5.7,0.0,United Kingdom
London,GB,2021-08-01,12:00:00,1627794000,16.4,13.6,20.0,15.2,301.0,4.2,0.0,United Kingdom
London,GB,2021-08-02,12:00:00,1627880400,15.2,12.1,18.6,12.3,126.0,0.4,0.0,United Kingdom
London,GB,2021-08-03,12:00:00,1627966800,15.7,10.7,20.4,11.0,130.0,0.8,0.0,United Kingdom
London,GB,2021-08-04,12:00:00,1628053200,16.3,10.6,20.4,9.7,126.0,0.7,0.0,United Kingdom
London,GB,2021-08-05,12:00:00,1628139600,16.5,13.3,19.9,26.0,179.0,2.1,0.0,United Kingdom
London,GB,2021-08-06,12:00:00,1628226000,17.1,14.3,20.8,28.8,226.0,8.1,0.0,United Kingdom
London,GB,2021-08-07,12:00:00,1628312400,16.0,13.7,19.4,26.8,217.0,3.7,0.0,United Kingdom
London,GB,2021-08-08,12:00:00,1628398800,16.1,13.5,19.7,30.6,232.0,4.6,0.0,United Kingdom
London,GB,2021-08-09,12:00:00,1628485200,15.9,13.2,20.1,24.4,227.0,10.1,0.0,United Kingdom
London,GB,2021-08-10,12:00:00,1628571600,17.2,12.6,21.7,15.0,241.0,0.1,0.0,United Kingdom
London,GB,2021-08-11,12:00:00,1628658000,17.3,12.4,22.5,19.0,224.0,0.0,0.0,United Kingdom
London,GB,2021-08-12,12:00:00,1628744400,18.3,14.5,21.6,23.0,218.0,0.4,0.0,United Kingdom
London,GB,2021-08-13,12:00:00,1628830800,17.4,13.2,21.7,24.0,233.0,0.3,0.0,United Kingdom
London,GB,2021-08-14,12:00:00,1628917200,18.4,13.9,23.0,19.4,229.0,0.0,0.0,United Kingdom
London,GB,2021-08-15,12:00:00,1629003600,18.1,14.7,22.2,24.5,236.0,1.2,0.0,United Kingdom
London,GB,2021-08-16,12:00:00,1629090000,15.7,12.4,17.6,23.5,298.0,0.3,0.0,United Kingdom
London,GB,2021-08-17,12:00:00,1629176400,15.3,10.8,18.8,21.9,274.0,0.6,0.0,United Kingdom
London,GB,2021-08-18,12:00:00,1629262800,18.0,15.5,21.4,22.8,270.0,0.7,0.0,United Kingdom
London,GB,2021-08-19,12:00:00,1629349200,16.6,14.0,20.3,17.4,244.0,0.5,0.0,United Kingdom
London,GB,2021-08-20,12:00:00,1629435600,18.0,14.9,20.7,13.0,242.0,0.4,0.0,United Kingdom
London,GB,2021-08-21,12:00:00,1629522000,17.3,14.0,20.3,12.5,175.0,5.5,0.0,United Kingdom
London,GB,2021-08-22,12:00:00,1629608400,17.7,15.4,20.9,19.9,301.0,9.6,0.0,United Kingdom
London,GB,2021-08-23,12:00:00,1629694800,17.1,13.5,20.5,16.9,25.0,0.1,0.0,United Kingdom
London,GB,2021-08-24,12:00:00,1629781200,16.5,12.2,21.4,22.5,50.0,0.2,0.0,United Kingdom
London,GB,2021-08-25,12:00:00,1629867600,16.8,13.3,21.2,18.3,33.0,0.0,0.0,United Kingdom
London,GB,2021-08-26,12:00:00,1629954000,16.3,14.7,18.3,22.4,8.0,0.0,0.0,United Kingdom
London,GB,2021-08-27,12:00:00,1630040400,15.3,11.9,18.1,16.4,6.0,0.0,0.0,United Kingdom
London,GB,2021-08-28,12:00:00,1630126800,15.4,10.9,20.1,23.6,18.0,0.3,0.0,United Kingdom
London,GB,2021-08-29,12:00:00,1630213200,14.7,9.7,18.4,20.2,15.0,0.0,0.0,United Kingdom
London,GB,2021-08-30,12:00:00,1630299600,15.8,13.3,18.7,24.4,18.0,0.4,0.0,United Kingdom
London,GB,2021-08-31,12:00:00,1630386000,15.9,14.0,19.6,23.9,23.0,0.2,0.0,United Kingdom
London,GB,2021-09-01,12:00:00,1630472400,15.9,13.4,18.6,19.5,30.0,0.1,0.0,United Kingdom
London,GB,2021-09-02,12:00:00,1630558800,16.1,14.2,18.5,21.3,44.0,0.0,0.0,United Kingdom
London,GB,2021-09-03,12:00:00,1630645200,16.4,12.7,20.8,16.3,69.0,0.2,0.0,United Kingdom
London,GB,2021-09-04,12:00:00,1630731600,15.7,12.7,19.2,17.9,65.0,0.4,0.0,United Kingdom
London,GB,2021-09-05,12:00:00,1630818000,17.8,13.2,24.1,12.2,73.0,0.0,0.0,United Kingdom
London,GB,2021-09-06,12:00:00,1630904400,19.6,12.9,26.4,10.5,93.0,0.0,0.0,United Kingdom
London,GB,2021-09-07,12:00:00,1630990800,21.2,15.6,27.7,13.8,103.0,0.0,0.0,United Kingdom
London,GB,2021-09-08,12:00:00,1631077200,21.4,15.7,27.9,18.2,101.0,0.0,0.0,United Kingdom
London,GB,2021-09-09,12:00:00,1631163600,18.9,15.9,22.0,21.9,202.0,3.5,0.0,United Kingdom
London,GB,2021-09-10,12:00:00,1631250000,18.3,16.1,20.9,18.1,220.0,3.4,0.0,United Kingdom
London,GB,2021-09-11,12:00:00,1631336400,18.0,13.9,21.2,19.8,252.0,0.1,0.0,United Kingdom
London,GB,2021-09-12,12:00:00,1631422800,16.2,12.4,20.1,13.0,323.0,0.2,0.0,United Kingdom
London,GB,2021-09-13,12:00:00,1631509200,16.4,13.2,19.9,18.0,83.0,0.0,0.0,United Kingdom
London,GB,2021-09-14,12:00:00,1631595600,16.7,14.7,18.8,14.8,56.0,14.7,0.0,United Kingdom
London,GB,2021-09-15,12:00:00,1631682000,16.8,13.3,19.7,14.9,347.0,0.1,0.0,United Kingdom
London,GB,2021-09-16,12:00:00,1631768400,16.1,10.3,21.4,12.2,232.0,0.0,0.0,United Kingdom
London,GB,2021-09-17,12:00:00,1631854800,16.2,12.1,21.2,18.8,203.0,0.2,0.0,United Kingdom
London,GB,2021-09-18,12:00:00,1631941200,17.4,12.2,22.5,13.8,128.0,0.6,0.0,United Kingdom
London,GB,2021-09-19,12:00:00,1632027600,16.1,14.0,18.6,11.2,299.0,3.3,0.0,United Kingdom
London,GB,2021-09-20,12:00:00,1632114000,15.5,12.1,19.1,19.1,351.0,0.1,0.0,United Kingdom
London,GB,2021-09-21,12:00:00,1632200400,15.1,10.3,20.1,8.3,296.0,0.0,0.0,United Kingdom
London,GB,2021-09-22,12:00:00,1632286800,15.0,9.3,20.6,17.8,242.0,0.0,0.0,United Kingdom
London,GB,2021-09-23,12:00:00,1632373200,15.9,11.6,20.7,23.1,255.0,0.2,0.0,United Kingdom
London,GB,2021-09-24,12:00:00,1632459600,16.8,12.6,22.7,16.4,242.0,0.0,0.0,United Kingdom
London,GB,2021-09-25,12:00:00,1632546000,16.8,12.7,19.9,9.4,213.0,0.1,0.0,United Kingdom
London,GB,2021-09-26,12:00:00,1632632400,16.8,13.0,21.3,20.8,204.0,0.4,0.0,United Kingdom
London,GB,2021-09-27,12:00:00,1632718800,15.8,12.3,17.3,39.9,217.0,4.2,0.0,United Kingdom
London,GB,2021-09-28,12:00:00,1632805200,13.5,10.6,16.8,26.9,196.0,12.0,0.0,United Kingdom
London,GB,2021-09-29,12:00:00,1632891600,11.4,8.3,14.8,28.0,276.0,0.2,0.0,United Kingdom
London,GB,2021-09-30,12:00:00,1632978000,12.3,6.7,16.3,36.0,212.0,2.9,0.0,United Kingdom
London,GB,2021-10-01,12:00:00,1633064400,14.7,8.8,16.7,30.9,230.0,7.6,0.0,United Kingdom
London,GB,2021-10-02,12:00:00,1633150800,12.1,7.3,17.0,37.1,187.0,21.9,0.0,United Kingdom
London,GB,2021-10-03,12:00:00,1633237200,12.5,10.5,15.5,31.0,230.0,0.7,0.0,United Kingdom
London,GB,2021-10-04,12:00:00,1633323600,12.9,10.6,15.8,25.0,207.0,1.1,0.0,United Kingdom
London,GB,2021-10-05,12:00:00,1633410000,12.8,11.0,14.6,33.0,246.0,17.3,0.0,United Kingdom
London,GB,2021-10-06,12:00:00,1633496400,12.1,9.8,16.3,27.0,276.0,0.0,0.0,United Kingdom
London,GB,2021-10-07,12:00:00,1633582800,15.1,11.1,18.8,14.0,212.0,0.1,0.0,United Kingdom
London,GB,2021-10-08,12:00:00,1633669200,15.8,12.9,18.8,11.2,125.0,0.1,0.0,United Kingdom
London,GB,2021-10-09,12:00:00,1633755600,12.3,7.8,17.8,10.2,54.0,0.0,0.0,United Kingdom
London,GB,2021-10-10,12:00:00,1633842000,12.9,8.3,18.0,15.2,336.0,0.2,0.0,United Kingdom
London,GB,2021-10-11,12:00:00,1633928400,11.2,8.1,15.9,18.9,324.0,0.0,0.0,United Kingdom
London,GB,2021-10-12,12:00:00,1634014800,11.1,7.3,15.4,18.2,317.0,0.3,0.0,United Kingdom
London,GB,2021-10-13,12:00:00,1634101200,11.5,6.9,15.4,10.8,248.0,0.0,0.0,United Kingdom
London,GB,2021-10-14,12:00:00,1634187600,12.5,9.0,17.0,21.1,246.0,0.2,0.0,United Kingdom
London,GB,2021-10-15,12:00:00,1634274000,11.9,9.7,13.9,16.3,324.0,0.0,0.0,United Kingdom
London,GB,2021-10-16,12:00:00,1634360400,11.8,8.1,15.3,13.3,173.0,1.3,0.0,United Kingdom
London,GB,2021-10-17,12:00:00,1634446800,12.5,8.6,15.9,16.9,193.0,1.2,0.0,United Kingdom
London,GB,2021-10-18,12:00:00,1634533200,13.2,7.9,16.3,21.9,187.0,4.8,0.0,United Kingdom
London,GB,2021-10-19,12:00:00,1634619600,18.0,16.4,20.6,36.4,216.0,1.8,0.0,United Kingdom
London,GB,2021-10-20,12:00:00,1634706000,15.3,12.1,17.5,33.9,219.0,34.0,0.0,United Kingdom
London,GB,2021-10-21,12:00:00,1634792400,9.1,5.0,11.8,29.8,298.0,6.3,0.0,United Kingdom
London,GB,2021-10-22,12:00:00,1634878800,8.2,5.0,12.9,24.8,262.0,0.0,0.0,United Kingdom
London,GB,2021-10-23,12:00:00,1634965200,9.1,3.6,13.8,19.0,208.0,0.0,0.0,United Kingdom
London,GB,2021-10-24,12:00:00,1635051600,12.2,8.1,14.9,22.8,191.0,0.0,0.0,United Kingdom
London,GB,2021-10-25,12:00:00,1635138000,11.7,8.6,15.1,20.7,225.0,4.6,0.0,United Kingdom
London,GB,2021-10-26,12:00:00,1635224400,12.0,7.5,16.5,27.7,225.0,0.0,0.0,United Kingdom
London,GB,2021-10-27,12:00:00,1635310800,14.6,13.0,16.9,31.9,218.0,0.0,0.0,United Kingdom
London,GB,2021-10-28,12:00:00,1635397200,13.7,12.2,16.4,26.3,189.0,0.0,0.0,United Kingdom
London,GB,2021-10-29,12:00:00,1635483600,13.2,9.5,14.9,35.9,193.0,4.6,0.0,United Kingdom
London,GB,2021-10-30,12:00:00,1635570000,11.3,8.7,14.4,21.2,201.0,4.4,0.0,United Kingdom
London,GB,2021-10-31,12:00:00,1635656400,11.4,8.4,14.1,46.4,194.0,10.1,0.0,United Kingdom
London,GB,2021-11-01,12:00:00,1635742800,9.6,5.6,13.1,27.3,228.0,0.7,0.0,United Kingdom
London,GB,2021-11-02,12:00:00,1635829200,6.5,2.2,11.1,8.9,255.0,0.0,0.0,United Kingdom
London,GB,2021-11-03,12:00:00,1635915600,5.7,1.3,10.0,14.8,327.0,0.4,0.0,United Kingdom
London,GB,2021-11-04,12:00:00,1636002000,6.8,3.9,9.3,27.0,335.0,0.0,0.0,United Kingdom
London,GB,2021-11-05,12:00:00,1636088400,5.2,0.0,9.2,11.3,260.0,0.0,0.0,United Kingdom
London,GB,2021-11-06,12:00:00,1636174800,10.0,6.3,13.1,32.1,238.0,0.1,0.0,United Kingdom
London,GB,2021-11-07,12:00:00,1636261200,9.8,5.8,12.2,23.5,283.0,0.0,0.0,United Kingdom
London,GB,2021-11-08,12:00:00,1636347600,7.6,2.6,11.8,11.9,240.0,0.0,0.0,United Kingdom
London,GB,2021-11-09,12:00:00,1636434000,12.3,10.9,14.9,20.6,225.0,0.0,0.0,United Kingdom
London,GB,2021-11-10,12:00:00,1636520400,11.7,9.8,13.3,11.0,226.0,0.0,0.0,United Kingdom
London,GB,2021-11-11,12:00:00,1636606800,10.9,8.4,14.0,12.5,217.0,0.1,0.0,United Kingdom
London,GB,2021-11-12,12:00:00,1636693200,11.9,8.4,15.0,25.8,218.0,1.1,0.0,United Kingdom
London,GB,2021-11-13,12:00:00,1636779600,11.2,9.8,13.0,19.4,300.0,0.0,0.0,United Kingdom
London,GB,2021-11-14,12:00:00,1636866000,10.2,7.1,13.2,19.0,12.0,0.0,0.0,United Kingdom
London,GB,2021-11-15,12:00:00,1636952400,9.8,6.9,12.1,7.8,26.0,0.0,0.0,United Kingdom
London,GB,2021-11-16,12:00:00,1637038800,8.2,5.0,11.1,10.9,229.0,0.3,0.0,United Kingdom
London,GB,2021-11-17,12:00:00,1637125200,7.9,4.6,11.5,12.7,259.0,0.0,0.0,United Kingdom
London,GB,2021-11-18,12:00:00,1637211600,9.3,4.6,13.8,20.8,247.0,0.0,0.0,United Kingdom
London,GB,2021-11-19,12:00:00,1637298000,10.9,10.0,12.0,14.9,257.0,0.0,0.0,United Kingdom
London,GB,2021-11-20,12:00:00,1637384400,10.0,8.4,11.0,13.7,250.0,0.1,0.0,United Kingdom
London,GB,2021-11-21,12:00:00,1637470800,6.6,4.2,9.2,25.6,351.0,0.4,0.0,United Kingdom
London,GB,2021-11-22,12:00:00,1637557200,5.8,4.0,9.8,21.3,15.0,0.0,0.0,United Kingdom
London,GB,2021-11-23,12:00:00,1637643600,4.3,2.0,8.3,10.5,355.0,0.0,0.0,United Kingdom
London,GB,2021-11-24,12:00:00,1637730000,5.3,3.2,7.2,9.7,263.0,0.0,0.0,United Kingdom
London,GB,2021-11-25,12:00:00,1637816400,4.0,-0.1,6.7,16.9,329.0,0.0,0.0,United Kingdom
London,GB,2021-11-26,12:00:00,1637902800,4.3,-0.0,8.4,28.1,267.0,2.9,0.0,United Kingdom
London,GB,2021-11-27,12:00:00,1637989200,3.3,2.1,5.5,38.1,330.0,4.2,0.98,United Kingdom
London,GB,2021-11-28,12:00:00,1638075600,1.4,-0.7,3.8,32.4,321.0,0.0,0.0,United Kingdom
London,GB,2021-11-29,12:00:00,1638162000,0.7,-2.3,3.9,17.1,272.0,0.0,0.0,United Kingdom
London,GB,2021-11-30,12:00:00,1638248400,8.7,4.2,11.6,29.1,246.0,0.4,0.0,United Kingdom
London,GB,2021-12-01,12:00:00,1638334800,7.8,3.2,10.7,32.5,279.0,2.1,0.0,United Kingdom
London,GB,2021-12-02,12:00:00,1638421200,1.6,-2.1,4.7,23.3,310.0,0.6,0.42,United Kingdom
London,GB,2021-12-03,12:00:00,1638507600,5.2,-0.7,8.9,20.5,223.0,2.5,0.35,United Kingdom
London,GB,2021-12-04,12:00:00,1638594000,5.3,3.3,7.6,25.1,262.0,4.9,0.0,United Kingdom
London,GB,2021-12-05,12:00:00,1638680400,5.3,4.2,7.0,27.5,321.0,3.7,0.07,United Kingdom
London,GB,2021-12-06,12:00:00,1638766800,3.8,0.5,7.1,29.7,248.0,2.1,0.0,United Kingdom
London,GB,2021-12-07,12:00:00,1638853200,4.3,-0.1,8.1,36.1,186.0,8.8,0.0,United Kingdom
London,GB,2021-12-08,12:00:00,1638939600,5.5,4.3,7.7,30.6,227.0,0.3,0.0,United Kingdom
London,GB,2021-12-09,12:00:00,1639026000,5.1,2.0,7.8,22.9,227.0,4.3,0.0,United Kingdom
London,GB,2021-12-10,12:00:00,1639112400,5.7,2.7,7.8,29.6,300.0,4.7,0.0,United Kingdom
London,GB,2021-12-11,12:00:00,1639198800,4.5,0.3,10.7,20.7,227.0,3.5,0.0,United Kingdom
London,GB,2021-12-12,12:00:00,1639285200,11.5,9.8,13.2,20.8,223.0,0.9,0.0,United Kingdom
London,GB,2021-12-13,12:00:00,1639371600,10.4,9.5,11.4,22.2,207.0,0.0,0.0,United Kingdom
London,GB,2021-12-14,12:00:00,1639458000,10.4,8.1,12.2,20.6,227.0,0.0,0.0,United Kingdom
London,GB,2021-12-15,12:00:00,1639544400,10.6,8.3,13.0,17.7,237.0,0.5,0.0,United Kingdom
London,GB,2021-12-16,12:00:00,1639630800,9.0,6.5,11.6,9.2,263.0,0.1,0.0,United Kingdom
London,GB,2021-12-17,12:00:00,1639717200,7.5,6.1,8.7,14.8,52.0,0.0,0.0,United Kingdom
London,GB,2021-12-18,12:00:00,1639803600,8.1,7.5,8.7,20.2,76.0,0.0,0.0,United Kingdom
London,GB,2021-12-19,12:00:00,1639890000,6.5,5.8,8.2,11.8,35.0,0.0,0.0,United Kingdom
London,GB,2021-12-20,12:00:00,1639976400,5.8,3.0,7.2,13.7,51.0,0.1,0.0,United Kingdom
London,GB,2021-12-21,12:00:00,1640062800,3.9,-1.4,6.1,11.1,88.0,0.0,0.0,United Kingdom
London,GB,2021-12-22,12:00:00,1640149200,0.8,-2.0,4.5,11.9,131.0,0.0,0.0,United Kingdom
London,GB,2021-12-23,12:00:00,1640235600,6.8,1.0,10.6,22.1,217.0,0.7,0.0,United Kingdom
London,GB,2021-12-24,12:00:00,1640322000,8.3,6.5,10.1,11.8,188.0,14.3,0.0,United Kingdom
London,GB,2021-12-25,12:00:00,1640408400,7.0,5.9,8.2,24.6,85.0,2.6,0.0,United Kingdom
London,GB,2021-12-26,12:00:00,1640494800,7.1,5.0,9.7,20.1,132.0,6.3,0.0,United Kingdom
London,GB,2021-12-27,12:00:00,1640581200,8.6,5.3,10.8,23.4,161.0,6.5,0.0,United Kingdom
London,GB,2021-12-28,12:00:00,1640667600,9.8,8.3,11.1,36.4,253.0,0.9,0.0,United Kingdom
London,GB,2021-12-29,12:00:00,1640754000,10.3,6.0,14.8,30.7,230.0,2.9,0.0,United Kingdom
London,GB,2021-12-30,12:00:00,1640840400,13.7,13.0,14.4,31.3,226.0,0.5,0.0,United Kingdom
London,GB,2021-12-31,12:00:00,1640926800,13.2,12.4,14.7,29.8,223.0,0.4,0.0,United Kingdom
London,GB,2022-01-01,12:00:00,1641013200,13.0,11.7,14.9,25.3,207.0,0.2,0.0,United Kingdom
London,GB,2022-01-02,12:00:00,1641099600,11.1,8.9,13.1,29.5,228.0,2.0,0.0,United Kingdom
London,GB,2022-01-03,12:00:00,1641186000,8.7,7.2,10.2,24.4,231.0,0.0,0.0,United Kingdom
London,GB,2022-01-04,12:00:00,1641272400,4.8,1.2,8.0,21.0,296.0,2.5,0.0,United Kingdom
London,GB,2022-01-05,12:00:00,1641358800,2.1,-1.6,5.7,21.3,283.0,0.0,0.0,United Kingdom
London,GB,2022-01-06,12:00:00,1641445200,1.4,-3.8,6.8,30.9,212.0,2.2,0.0,United Kingdom
London,GB,2022-01-07,12:00:00,1641531600,3.9,1.2,6.2,28.8,249.0,0.3,0.0,United Kingdom
London,GB,2022-01-08,12:00:00,1641618000,5.8,0.7,9.6,27.4,239.0,7.9,0.0,United Kingdom
London,GB,2022-01-09,12:00:00,1641704400,3.2,0.3,7.4,21.2,253.0,0.0,0.0,United Kingdom
London,GB,2022-01-10,12:00:00,1641790800,4.8,-0.5,8.3,12.6,185.0,0.6,0.0,United Kingdom
London,GB,2022-01-11,12:00:00,1641877200,8.5,7.8,9.5,15.6,200.0,2.5,0.0,United Kingdom
London,GB,2022-01-12,12:00:00,1641963600,4.0,1.3,7.6,9.2,308.0,0.0,0.0,United Kingdom
London,GB,2022-01-13,12:00:00,1642050000,1.7,-0.6,5.6,9.3,241.0,0.0,0.0,United Kingdom
London,GB,2022-01-14,12:00:00,1642136400,0.4,-1.5,3.8,10.7,352.0,0.0,0.0,United Kingdom
London,GB,2022-01-15,12:00:00,1642222800,1.5,-1.6,5.5,12.9,190.0,0.0,0.0,United Kingdom
London,GB,2022-01-16,12:00:00,1642309200,3.5,0.3,7.8,11.3,258.0,0.0,0.0,United Kingdom
London,GB,2022-01-17,12:00:00,1642395600,2.4,-0.3,7.3,9.8,260.0,0.0,0.0,United Kingdom
London,GB,2022-01-18,12:00:00,1642482000,2.3,-1.4,6.6,10.7,190.0,0.0,0.0,United Kingdom
London,GB,2022-01-19,12:00:00,1642568400,5.1,2.4,9.0,18.5,267.0,0.0,0.0,United Kingdom
London,GB,2022-01-20,12:00:00,1642654800,1.8,-0.7,5.2,16.0,335.0,0.0,0.0,United Kingdom
London,GB,2022-01-21,12:00:00,1642741200,0.2,-2.9,5.0,14.1,277.0,0.0,0.0,United Kingdom
London,GB,2022-01-22,12:00:00,1642827600,2.0,-1.6,6.6,12.5,279.0,0.0,0.0,United Kingdom
London,GB,2022-01-23,12:00:00,1642914000,4.4,3.0,5.9,5.8,201.0,0.0,0.0,United Kingdom
London,GB,2022-01-24,12:00:00,1643000400,3.4,0.4,4.9,8.5,87.0,0.0,0.0,United Kingdom
London,GB,2022-01-25,12:00:00,1643086800,2.0,0.6,3.1,8.0,305.0,0.0,0.0,United Kingdom
London,GB,2022-01-26,12:00:00,1643173200,3.5,0.4,7.9,17.3,251.0,0.0,0.0,United Kingdom
London,GB,2022-01-27,12:00:00,1643259600,6.7,2.0,12.0,21.4,262.0,0.0,0.0,United Kingdom
London,GB,2022-01-28,12:00:00,1643346000,4.1,-0.5,8.9,20.8,244.0,0.0,0.0,United Kingdom
London,GB,2022-01-29,12:00:00,1643432400,9.9,4.9,13.0,38.2,264.0,0.1,0.0,United Kingdom
London,GB,2022-01-30,12:00:00,1643518800,3.9,-0.7,7.3,26.4,250.0,0.0,0.0,United Kingdom
London,GB,2022-01-31,12:00:00,1643605200,5.9,3.4,8.0,33.9,299.0,0.7,0.0,United Kingdom
London,GB,2022-02-01,12:00:00,1643691600,9.1,3.3,13.1,33.4,270.0,0.7,0.0,United Kingdom
London,GB,2022-02-02,12:00:00,1643778000,9.3,5.8,11.6,23.9,263.0,0.0,0.0,United Kingdom
London,GB,2022-02-03,12:00:00,1643864400,8.2,6.1,10.2,19.5,241.0,0.0,0.0,United Kingdom
London,GB,2022-02-04,12:00:00,1643950800,6.5,3.1,9.2,29.8,253.0,3.7,0.0,United Kingdom
London,GB,2022-02-05,12:00:00,1644037200,6.0,1.3,10.1,35.8,243.0,0.0,0.0,United Kingdom
London,GB,2022-02-06,12:00:00,1644123600,9.1,6.0,10.8,39.2,263.0,4.0,0.0,United Kingdom
London,GB,2022-02-07,12:00:00,1644210000,6.4,1.2,10.7,27.7,256.0,0.0,0.0,United Kingdom
London,GB,2022-02-08,12:00:00,1644296400,10.4,8.9,12.3,30.1,243.0,0.0,0.0,United Kingdom
London,GB,2022-02-09,12:00:00,1644382800,9.5,7.4,12.2,22.8,237.0,3.2,0.0,United Kingdom
London,GB,2022-02-10,12:00:00,1644469200,6.2,2.6,8.6,18.4,273.0,0.6,0.0,United Kingdom
London,GB,2022-02-11,12:00:00,1644555600,3.4,-0.9,7.9,14.7,237.0,0.0,0.0,United Kingdom
London,GB,2022-02-12,12:00:00,1644642000,4.9,1.5,8.1,30.6,203.0,0.0,0.0,United Kingdom
London,GB,2022-02-13,12:00:00,1644728400,8.0,6.7,9.6,36.2,193.0,10.5,0.0,United Kingdom
London,GB,2022-02-14,12:00:00,1644814800,7.5,5.0,9.6,29.7,254.0,4.2,0.0,United Kingdom
London,GB,2022-02-15,12:00:00,1644901200,6.5,2.1,9.7,34.5,232.0,6.6,0.0,United Kingdom
London,GB,2022-02-16,12:00:00,1644987600,12.6,9.0,15.7,42.5,242.0,5.9,0.0,United Kingdom
London,GB,2022-02-17,12:00:00,1645074000,8.8,6.8,11.1,38.3,255.0,0.1,0.0,United Kingdom
London,GB,2022-02-18,12:00:00,1645160400,8.2,4.1,11.4,68.0,231.0,2.6,0.0,United Kingdom
London,GB,2022-02-19,12:00:00,1645246800,5.5,2.7,9.0,41.4,244.0,5.2,0.0,United Kingdom
London,GB,2022-02-20,12:00:00,1645333200,9.7,3.9,12.2,47.2,239.0,3.0,0.0,United Kingdom
London,GB,2022-02-21,12:00:00,1645419600,7.1,3.9,10.4,42.9,275.0,0.3,0.0,United Kingdom
London,GB,2022-02-22,12:00:00,1645506000,8.4,4.5,13.6,38.3,251.0,0.5,0.0,United Kingdom
London,GB,2022-02-23,12:00:00,1645592400,6.5,2.2,10.5,31.4,224.0,0.1,0.0,United Kingdom
London,GB,2022-02-24,12:00:00,1645678800,6.3,3.1,8.4,33.8,245.0,3.6,0.0,United Kingdom
London,GB,2022-02-25,12:00:00,1645765200,5.8,1.1,10.4,26.8,272.0,0.0,0.0,United Kingdom
London,GB,2022-02-26,12:00:00,1645851600,4.6,-0.3,10.1,22.0,164.0,0.0,0.0,United Kingdom
London,GB,2022-02-27,12:00:00,1645938000,5.2,1.8,9.5,20.4,138.0,0.0,0.0,United Kingdom
London,GB,2022-02-28,12:00:00,1646024400,8.6,5.2,12.6,26.1,187.0,3.0,0.0,United Kingdom
London,GB,2022-03-01,12:00:00,1646110800,8.2,6.6,10.0,21.5,51.0,9.8,0.0,United Kingdom
London,GB,2022-03-02,12:00:00,1646197200,6.5,4.6,8.0,16.2,97.0,9.2,0.0,United Kingdom
London,GB,2022-03-03,12:00:00,1646283600,8.5,4.3,12.6,15.7,141.0,0.1,0.0,United Kingdom
London,GB,2022-03-04,12:00:00,1646370000,7.3,5.0,9.1,14.1,322.0,2.3,0.0,United Kingdom
London,GB,2022-03-05,12:00:00,1646456400,5.9,4.1,8.1,33.4,1.0,1.4,0.0,United Kingdom
London,GB,2022-03-06,12:00:00,1646542800,4.5,2.6,7.1,28.5,49.0,0.3,0.0,United Kingdom
London,GB,2022-03-07,12:00:00,1646629200,4.3,1.9,6.9,26.0,76.0,0.0,0.0,United Kingdom
London,GB,2022-03-08,12:00:00,1646715600,5.4,0.1,10.8,20.6,128.0,0.0,0.0,United Kingdom
London,GB,2022-03-09,12:00:00,1646802000,9.2,6.3,11.9,27.6,174.0,0.1,0.0,United Kingdom
London,GB,2022-03-10,12:00:00,1646888400,10.9,7.7,14.3,21.3,157.0,0.0,0.0,United Kingdom
London,GB,2022-03-11,12:00:00,1646974800,10.0,8.1,12.4,29.4,154.0,3.2,0.0,United Kingdom
London,GB,2022-03-12,12:00:00,1647061200,9.1,6.8,11.7,29.4,181.0,1.6,0.0,United Kingdom
London,GB,2022-03-13,12:00:00,1647147600,8.5,5.3,11.7,23.9,169.0,1.7,0.0,United Kingdom
London,GB,2022-03-14,12:00:00,1647234000,7.0,2.0,12.4,16.3,218.0,1.2,0.0,United Kingdom
London,GB,2022-03-15,12:00:00,1647320400,8.5,3.0,14.5,11.3,125.0,0.0,0.0,United Kingdom
London,GB,2022-03-16,12:00:00,1647406800,9.7,6.5,12.8,20.8,157.0,10.7,0.0,United Kingdom
London,GB,2022-03-17,12:00:00,1647493200,7.2,1.7,13.1,20.1,262.0,0.0,0.0,United Kingdom
London,GB,2022-03-18,12:00:00,1647579600,8.0,2.9,14.7,18.8,75.0,0.0,0.0,United Kingdom
London,GB,2022-03-19,12:00:00,1647666000,9.2,6.5,13.0,28.4,80.0,0.0,0.0,United Kingdom
London,GB,2022-03-20,12:00:00,1647752400,6.8,2.4,10.5,21.6,91.0,0.1,0.0,United Kingdom
London,GB,2022-03-21,12:00:00,1647838800,7.5,-0.7,15.7,12.2,105.0,0.0,0.0,United Kingdom
London,GB,2022-03-22,12:00:00,1647925200,11.0,6.3,18.3,16.3,113.0,0.1,0.0,United Kingdom
London,GB,2022-03-23,12:00:00,1648011600,10.6,3.5,18.5,10.6,102.0,0.0,0.0,United Kingdom
London,GB,2022-03-24,12:00:00,1648098000,10.1,4.3,17.2,9.8,75.0,0.0,0.0,United Kingdom
London,GB,2022-03-25,12:00:00,1648184400,8.8,2.0,16.3,16.2,72.0,0.0,0.0,United Kingdom
London,GB,2022-03-26,12:00:00,1648270800,9.4,2.6,16.9,19.4,67.0,0.0,0.0,United Kingdom
London,GB,2022-03-27,12:00:00,1648357200,8.2,5.1,12.4,19.5,65.0,0.0,0.0,United Kingdom
London,GB,2022-03-28,12:00:00,1648443600,8.6,1.3,16.1,12.0,71.0,0.1,0.0,United Kingdom
London,GB,2022-03-29,12:00:00,1648530000,9.4,7.0,12.6,18.0,68.0,0.3,0.0,United Kingdom
London,GB,2022-03-30,12:00:00,1648616400,7.9,3.7,11.1,24.8,25.0,3.3,0.0,United Kingdom
London,GB,2022-03-31,12:00:00,1648702800,3.8,0.4,7.4,34.7,9.0,0.7,0.0,United Kingdom
London,GB,2022-04-01,12:00:00,1648789200,3.8,1.0,7.4,35.5,6.0,2.4,0.28,United Kingdom
London,GB,2022-04-02,12:00:00,1648875600,3.3,-0.9,8.5,15.0,16.0,0.8,0.07,United Kingdom
London,GB,2022-04-03,12:00:00,1648962000,3.5,-3.0,9.3,14.4,317.0,0.1,0.0,United Kingdom
London,GB,2022-04-04,12:00:00,1649048400,8.9,4.1,14.8,29.9,256.0,3.4,0.0,United Kingdom
London,GB,2022-04-05,12:00:00,1649134800,11.1,8.5,14.1,25.7,263.0,0.1,0.0,United Kingdom
London,GB,2022-04-06,12:00:00,1649221200,10.5,8.1,13.6,35.4,232.0,2.4,0.0,United Kingdom
London,GB,2022-04-07,12:00:00,1649307600,9.1,4.4,12.6,45.2,261.0,4.5,0.0,United Kingdom
London,GB,2022-04-08,12:00:00,1649394000,6.0,2.2,10.8,16.9,335.0,1.6,0.07,United Kingdom
London,GB,2022-04-09,12:00:00,1649480400,6.3,1.0,10.7,17.7,287.0,0.9,0.0,United Kingdom
London,GB,2022-04-10,12:00:00,1649566800,7.3,1.6,13.5,16.6,176.0,0.0,0.0,United Kingdom
London,GB,2022-04-11,12:00:00,1649653200,10.6,4.6,16.2,24.7,111.0,0.0,0.0,United Kingdom
London,GB,2022-04-12,12:00:00,1649739600,12.9,9.3,18.6,24.5,178.0,5.0,0.0,United Kingdom
London,GB,2022-04-13,12:00:00,1649826000,12.8,8.8,17.5,23.3,228.0,0.4,0.0,United Kingdom
London,GB,2022-04-14,12:00:00,1649912400,12.3,5.9,18.1,9.4,242.0,0.0,0.0,United Kingdom
London,GB,2022-04-15,12:00:00,1649998800,13.7,6.9,20.8,11.3,215.0,0.0,0.0,United Kingdom
London,GB,2022-04-16,12:00:00,1650085200,12.2,7.1,17.8,14.9,89.0,0.0,0.0,United Kingdom
London,GB,2022-04-17,12:00:00,1650171600,11.9,5.9,18.1,16.4,142.0,0.0,0.0,United Kingdom
London,GB,2022-04-18,12:00:00,1650258000,10.9,5.4,16.1,12.3,255.0,0.0,0.0,United Kingdom
London,GB,2022-04-19,12:00:00,1650344400,11.0,5.7,15.9,20.9,23.0,0.1,0.0,United Kingdom
London,GB,2022-04-20,12:00:00,1650430800,11.3,6.7,17.4,23.2,56.0,0.0,0.0,United Kingdom
London,GB,2022-04-21,12:00:00,1650517200,11.7,6.7,17.5,24.5,65.0,0.0,0.0,United Kingdom
London,GB,2022-04-22,12:00:00,1650603600,11.6,7.8,15.4,32.3,60.0,0.1,0.0,United Kingdom
London,GB,2022-04-23,12:00:00,1650690000,12.6,8.5,16.5,31.3,53.0,0.0,0.0,United Kingdom
London,GB,2022-04-24,12:00:00,1650776400,12.7,8.0,17.7,23.9,41.0,0.0,0.0,United Kingdom
London,GB,2022-04-25,12:00:00,1650862800,9.6,5.4,13.8,23.1,31.0,0.3,0.0,United Kingdom
London,GB,2022-04-26,12:00:00,1650949200,10.0,4.0,14.9,18.4,39.0,0.0,0.0,United Kingdom
London,GB,2022-04-27,12:00:00,1651035600,8.6,4.2,11.9,18.4,60.0,0.1,0.0,United Kingdom
London,GB,2022-04-28,12:00:00,1651122000,9.4,4.3,14.1,16.9,63.0,0.1,0.0,United Kingdom
London,GB,2022-04-29,12:00:00,1651208400,8.5,5.0,11.6,16.8,40.0,0.0,0.0,United Kingdom
London,GB,2022-04-30,12:00:00,1651294800,10.1,2.3,16.3,13.5,18.0,0.0,0.0,United Kingdom
London,GB,2022-05-01,12:00:00,1651381200,11.1,9.0,13.7,14.3,230.0,1.6,0.0,United Kingdom
London,GB,2022-05-02,12:00:00,1651467600,11.8,6.6,15.8,7.6,222.0,0.4,0.0,United Kingdom
London,GB,2022-05-03,12:00:00,1651554000,12.2,9.9,14.4,12.8,44.0,0.0,0.0,United Kingdom
London,GB,2022-05-04,12:00:00,1651640400,12.6,9.5,18.2,16.9,244.0,4.5,0.0,United Kingdom
London,GB,2022-05-05,12:00:00,1651726800,13.2,6.9,19.0,14.1,304.0,0.0,0.0,United Kingdom
London,GB,2022-05-06,12:00:00,1651813200,14.8,8.8,21.1,20.2,256.0,0.0,0.0,United Kingdom
London,GB,2022-05-07,12:00:00,1651899600,14.2,10.9,18.1,15.7,20.0,2.3,0.0,United Kingdom
London,GB,2022-05-08,12:00:00,1651986000,12.4,8.1,17.0,15.4,77.0,0.0,0.0,United Kingdom
London,GB,2022-05-09,12:00:00,1652072400,14.0,4.5,21.0,23.7,184.0,0.0,0.0,United Kingdom
London,GB,2022-05-10,12:00:00,1652158800,15.7,13.5,18.7,24.7,230.0,1.5,0.0,United Kingdom
London,GB,2022-05-11,12:00:00,1652245200,13.1,10.1,16.6,36.7,225.0,4.2,0.0,United Kingdom
London,GB,2022-05-12,12:00:00,1652331600,12.6,7.1,17.4,22.5,249.0,0.0,0.0,United Kingdom
London,GB,2022-05-13,12:00:00,1652418000,14.4,9.8,19.5,26.4,250.0,0.0,0.0,United Kingdom
London,GB,2022-05-14,12:00:00,1652504400,14.4,6.8,21.0,10.9,220.0,0.0,0.0,United Kingdom
London,GB,2022-05-15,12:00:00,1652590800,15.0,12.3,21.7,23.1,81.0,23.9,0.0,United Kingdom
London,GB,2022-05-16,12:00:00,1652677200,16.3,12.5,19.3,29.9,220.0,2.6,0.0,United Kingdom
London,GB,2022-05-17,12:00:00,1652763600,18.1,11.7,24.1,24.0,174.0,0.1,0.0,United Kingdom
London,GB,2022-05-18,12:00:00,1652850000,16.7,10.9,21.4,17.8,199.0,7.2,0.0,United Kingdom
London,GB,2022-05-19,12:00:00,1652936400,16.8,12.9,21.5,18.0,255.0,23.9,0.0,United Kingdom
London,GB,2022-05-20,12:00:00,1653022800,13.6,11.4,17.1,27.4,236.0,4.0,0.0,United Kingdom
London,GB,2022-05-21,12:00:00,1653109200,14.3,9.7,19.4,20.0,254.0,0.0,0.0,United Kingdom
London,GB,2022-05-22,12:00:00,1653195600,15.5,8.8,21.8,13.8,202.0,0.0,0.0,United Kingdom
London,GB,2022-05-23,12:00:00,1653282000,14.2,11.1,17.8,17.7,266.0,2.5,0.0,United Kingdom
London,GB,2022-05-24,12:00:00,1653368400,12.7,9.4,16.0,18.4,258.0,4.0,0.0,United Kingdom
London,GB,2022-05-25,12:00:00,1653454800,13.3,8.6,17.9,30.8,238.0,0.2,0.0,United Kingdom
London,GB,2022-05-26,12:00:00,1653541200,15.6,10.5,20.2,29.6,254.0,0.0,0.0,United Kingdom
London,GB,2022-05-27,12:00:00,1653627600,15.5,11.9,18.8,20.1,301.0,0.0,0.0,United Kingdom
London,GB,2022-05-28,12:00:00,1653714000,12.8,8.1,16.6,18.7,3.0,0.1,0.0,United Kingdom
London,GB,2022-05-29,12:00:00,1653800400,11.1,6.8,14.9,19.6,16.0,0.4,0.0,United Kingdom
London,GB,2022-05-30,12:00:00,1653886800,10.9,5.9,14.3,18.9,206.0,1.5,0.0,United Kingdom
London,GB,2022-05-31,12:00:00,1653973200,11.5,8.3,15.7,16.6,244.0,3.4,0.0,United Kingdom
London,GB,2022-06-01,12:00:00,1654059600,12.3,6.7,17.3,12.0,301.0,0.0,0.0,United Kingdom
London,GB,2022-06-02,12:00:00,1654146000,13.9,7.3,18.9,16.2,94.0,0.0,0.0,United Kingdom
London,GB,2022-06-03,12:00:00,1654232400,16.3,10.2,22.0,23.4,66.0,0.2,0.0,United Kingdom
London,GB,2022-06-04,12:00:00,1654318800,14.9,12.0,19.9,30.0,60.0,2.4,0.0,United Kingdom
London,GB,2022-06-05,12:00:00,1654405200,13.8,11.5,16.5,19.5,19.0,5.3,0.0,United Kingdom
London,GB,2022-06-06,12:00:00,1654491600,14.2,11.6,16.9,18.0,262.0,0.3,0.0,United Kingdom
London,GB,2022-06-07,12:00:00,1654578000,15.5,9.8,19.9,17.3,208.0,3.5,0.0,United Kingdom
London,GB,2022-06-08,12:00:00,1654664400,16.7,13.4,20.6,26.4,249.0,29.2,0.0,United Kingdom
London,GB,2022-06-09,12:00:00,1654750800,15.3,10.5,19.6,21.2,237.0,0.4,0.0,United Kingdom
London,GB,2022-06-10,12:00:00,1654837200,17.8,14.1,22.3,28.8,226.0,0.1,0.0,United Kingdom
London,GB,2022-06-11,12:00:00,1654923600,16.6,11.5,21.5,25.0,238.0,0.5,0.0,United Kingdom
London,GB,2022-06-12,12:00:00,1655010000,15.7,10.5,20.1,22.1,267.0,0.0,0.0,United Kingdom
London,GB,2022-06-13,12:00:00,1655096400,15.3,9.6,19.3,11.6,286.0,0.0,0.0,United Kingdom
London,GB,2022-06-14,12:00:00,1655182800,16.8,9.2,22.7,10.8,188.0,0.0,0.0,United Kingdom
London,GB,2022-06-15,12:00:00,1655269200,18.6,9.7,26.1,10.8,159.0,0.0,0.0,United Kingdom
London,GB,2022-06-16,12:00:00,1655355600,20.0,11.3,27.2,16.3,222.0,0.0,0.0,United Kingdom
London,GB,2022-06-17,12:00:00,1655442000,23.3,15.2,30.2,25.7,219.0,0.2,0.0,United Kingdom
London,GB,2022-06-18,12:00:00,1655528400,19.2,14.4,24.2,28.0,17.0,9.2,0.0,United Kingdom
London,GB,2022-06-19,12:00:00,1655614800,14.6,10.4,18.3,20.6,27.0,2.0,0.0,United Kingdom
London,GB,2022-06-20,12:00:00,1655701200,15.7,10.7,20.4,21.9,40.0,0.6,0.0,United Kingdom
London,GB,2022-06-21,12:00:00,1655787600,16.5,9.2,22.8,10.8,88.0,0.0,0.0,United Kingdom
London,GB,2022-06-22,12:00:00,1655874000,18.2,10.5,25.3,17.2,75.0,0.0,0.0,United Kingdom
London,GB,2022-06-23,12:00:00,1655960400,18.2,11.3,23.5,15.1,63.0,0.5,0.0,United Kingdom
London,GB,2022-06-24,12:00:00,1656046800,18.0,13.7,21.8,29.0,207.0,2.3,0.0,United Kingdom
London,GB,2022-06-25,12:00:00,1656133200,16.1,12.6,19.2,25.9,198.0,0.9,0.0,United Kingdom
London,GB,2022-06-26,12:00:00,1656219600,15.9,11.5,20.4,28.0,203.0,0.0,0.0,United Kingdom
London,GB,2022-06-27,12:00:00,1656306000,15.4,11.1,19.2,28.8,233.0,2.0,0.0,United Kingdom
London,GB,2022-06-28,12:00:00,1656392400,15.8,10.5,20.6,27.1,201.0,0.2,0.0,United Kingdom
London,GB,2022-06-29,12:00:00,1656478800,16.3,13.1,20.6,21.7,186.0,0.9,0.0,United Kingdom
London,GB,2022-06-30,12:00:00,1656565200,15.3,12.1,18.7,17.4,214.0,2.2,0.0,United Kingdom
London,GB,2022-07-01,12:00:00,1656651600,15.4,10.2,20.3,26.0,233.0,0.7,0.0,United Kingdom
London,GB,2022-07-02,12:00:00,1656738000,16.5,11.9,21.2,27.9,219.0,0.5,0.0,United Kingdom
London,GB,2022-07-03,12:00:00,1656824400,16.2,10.5,21.3,17.7,264.0,0.0,0.0,United Kingdom
London,GB,2022-07-04,12:00:00,1656910800,16.5,9.8,21.5,19.1,274.0,0.0,0.0,United Kingdom
London,GB,2022-07-05,12:00:00,1656997200,16.6,10.0,21.8,18.9,303.0,0.0,0.0,United Kingdom
London,GB,2022-07-06,12:00:00,1657083600,18.6,11.7,24.0,21.2,293.0,0.0,0.0,United Kingdom
London,GB,2022-07-07,12:00:00,1657170000,19.7,16.2,24.1,18.9,338.0,0.0,0.0,United Kingdom
London,GB,2022-07-08,12:00:00,1657256400,20.6,12.7,26.9,13.3,316.0,0.0,0.0,United Kingdom
London,GB,2022-07-09,12:00:00,1657342800,20.4,14.7,25.7,14.9,359.0,0.0,0.0,United Kingdom
London,GB,2022-07-10,12:00:00,1657429200,21.0,13.2,27.5,15.3,237.0,0.0,0.0,United Kingdom
London,GB,2022-07-11,12:00:00,1657515600,23.3,15.0,29.8,15.8,220.0,0.0,0.0,United Kingdom
London,GB,2022-07-12,12:00:00,1657602000,24.2,18.1,30.2,20.2,208.0,0.0,0.0,United Kingdom
London,GB,2022-07-13,12:00:00,1657688400,23.1,19.0,27.1,12.5,307.0,0.4,0.0,United Kingdom
London,GB,2022-07-14,12:00:00,1657774800,19.6,14.4,24.4,20.2,346.0,0.0,0.0,United Kingdom
London,GB,2022-07-15,12:00:00,1657861200,19.3,12.6,25.0,19.0,287.0,0.0,0.0,United Kingdom
London,GB,2022-07-16,12:00:00,1657947600,20.6,13.0,27.1,13.0,90.0,0.0,0.0,United Kingdom
London,GB,2022-07-17,12:00:00,1658034000,22.7,14.9,29.5,15.1,153.0,0.0,0.0,United Kingdom
London,GB,2022-07-18,12:00:00,1658120400,27.3,19.1,35.1,14.6,186.0,0.0,0.0,United Kingdom
London,GB,2022-07-19,12:00:00,1658206800,29.2,20.9,38.0,22.5,164.0,0.9,0.0,United Kingdom
London,GB,2022-07-20,12:00:00,1658293200,21.4,18.3,25.7,24.5,233.0,1.7,0.0,United Kingdom
London,GB,2022-07-21,12:00:00,1658379600,20.5,17.1,24.1,16.6,16.0,0.6,0.0,United Kingdom
London,GB,2022-07-22,12:00:00,1658466000,18.9,16.4,21.9,19.8,96.0,2.5,0.0,United Kingdom
London,GB,2022-07-23,12:00:00,1658552400,19.5,13.8,26.2,24.0,219.0,0.1,0.0,United Kingdom
London,GB,2022-07-24,12:00:00,1658638800,20.9,16.8,26.7,27.1,214.0,4.1,0.0,United Kingdom
London,GB,2022-07-25,12:00:00,1658725200,19.9,17.4,24.1,28.1,254.0,0.0,0.0,United Kingdom
London,GB,2022-07-26,12:00:00,1658811600,17.7,14.5,20.9,14.0,354.0,0.2,0.0,United Kingdom
London,GB,2022-07-27,12:00:00,1658898000,17.5,12.3,21.1,17.3,115.0,0.1,0.0,United Kingdom
London,GB,2022-07-28,12:00:00,1658984400,18.2,15.6,21.5,18.8,89.0,1.6,0.0,United Kingdom
London,GB,2022-07-29,12:00:00,1659070800,19.8,13.1,25.8,12.2,60.0,0.0,0.0,United Kingdom
London,GB,2022-07-30,12:00:00,1659157200,20.8,15.4,25.7,17.7,244.0,0.0,0.0,United Kingdom
London,GB,2022-07-31,12:00:00,1659243600,21.4,17.9,25.6,29.1,257.0,0.6,0.0,United Kingdom
London,GB,2022-08-01,12:00:00,1659330000,20.7,17.0,25.4,16.7,139.0,0.0,0.0,United Kingdom
London,GB,2022-08-02,12:00:00,1659416400,21.1,17.6,25.4,25.6,227.0,0.2,0.0,United Kingdom
London,GB,2022-08-03,12:00:00,1659502800,21.9,17.2,27.1,24.7,229.0,0.0,0.0,United Kingdom
London,GB,2022-08-04,12:00:00,1659589200,20.2,16.8,24.3,17.7,302.0,0.0,0.0,United Kingdom
London,GB,2022-08-05,12:00:00,1659675600,17.9,13.8,21.8,18.4,326.0,0.0,0.0,United Kingdom
London,GB,2022-08-06,12:00:00,1659762000,17.5,10.6,23.2,13.2,352.0,0.0,0.0,United Kingdom
London,GB,2022-08-07,12:00:00,1659848400,19.6,12.7,26.2,11.0,326.0,0.0,0.0,United Kingdom
London,GB,2022-08-08,12:00:00,1659934800,20.9,13.6,28.0,19.2,58.0,0.0,0.0,United Kingdom
London,GB,2022-08-09,12:00:00,1660021200,20.7,14.3,27.5,19.2,71.0,0.0,0.0,United Kingdom
London,GB,2022-08-10,12:00:00,1660107600,21.5,14.4,28.7,16.6,73.0,0.0,0.0,United Kingdom
London,GB,2022-08-11,12:00:00,1660194000,23.1,15.3,31.4,18.4,71.0,0.0,0.0,United Kingdom
London,GB,2022-08-12,12:00:00,1660280400,24.2,16.5,31.8,19.4,75.0,0.0,0.0,United Kingdom
London,GB,2022-08-13,12:00:00,1660366800,25.1,17.2,32.9,17.1,89.0,0.0,0.0,United Kingdom
London,GB,2022-08-14,12:00:00,1660453200,25.2,17.6,32.0,17.5,83.0,0.0,0.0,United Kingdom
London,GB,2022-08-15,12:00:00,1660539600,23.1,17.4,28.7,19.2,230.0,0.7,0.0,United Kingdom
London,GB,2022-08-16,12:00:00,1660626000,19.9,17.8,22.7,18.2,199.0,3.6,0.0,United Kingdom
London,GB,2022-08-17,12:00:00,1660712400,19.9,15.9,24.0,20.1,35.0,1.1,0.0,United Kingdom
London,GB,2022-08-18,12:00:00,1660798800,20.0,14.9,25.2,16.4,236.0,0.6,0.0,United Kingdom
London,GB,2022-08-19,12:00:00,1660885200,20.1,16.6,23.3,20.2,259.0,0.9,0.0,United Kingdom
London,GB,2022-08-20,12:00:00,1660971600,18.3,13.0,23.4,22.5,237.0,0.0,0.0,United Kingdom
London,GB,2022-08-21,12:00:00,1661058000,18.5,13.4,23.7,13.0,229.0,0.0,0.0,United Kingdom
London,GB,2022-08-22,12:00:00,1661144400,18.0,12.0,22.1,15.9,199.0,2.7,0.0,United Kingdom
London,GB,2022-08-23,12:00:00,1661230800,21.1,18.5,25.4,19.2,216.0,0.5,0.0,United Kingdom
London,GB,2022-08-24,12:00:00,1661317200,22.2,18.6,27.2,17.9,214.0,0.6,0.0,United Kingdom
London,GB,2022-08-25,12:00:00,1661403600,18.4,15.0,20.9,15.1,334.0,17.1,0.0,United Kingdom
London,GB,2022-08-26,12:00:00,1661490000,18.1,12.3,22.9,8.3,303.0,0.0,0.0,United Kingdom
London,GB,2022-08-27,12:00:00,1661576400,18.0,13.0,23.3,16.6,70.0,0.3,0.0,United Kingdom
London,GB,2022-08-28,12:00:00,1661662800,17.5,13.0,22.4,18.7,68.0,0.0,0.0,United Kingdom
London,GB,2022-08-29,12:00:00,1661749200,17.3,13.9,21.4,20.2,55.0,0.1,0.0,United Kingdom
London,GB,2022-08-30,12:00:00,1661835600,18.3,14.0,23.2,23.3,38.0,0.0,0.0,United Kingdom
London,GB,2022-08-31,12:00:00,1661922000,18.0,13.5,23.3,24.9,48.0,0.2,0.0,United Kingdom
London,GB,2022-09-01,12:00:00,1662008400,19.0,15.3,23.9,23.6,58.0,0.7,0.0,United Kingdom
London,GB,2022-09-02,12:00:00,1662094800,19.0,15.3,24.3,14.7,63.0,1.0,0.0,United Kingdom
London,GB,2022-09-03,12:00:00,1662181200,18.9,13.7,24.2,20.0,189.0,1.4,0.0,United Kingdom
London,GB,2022-09-04,12:00:00,1662267600,19.6,15.8,23.6,22.7,166.0,0.4,0.0,United Kingdom
London,GB,2022-09-05,12:00:00,1662354000,19.7,16.2,23.7,21.4,161.0,4.9,0.0,United Kingdom
London,GB,2022-09-06,12:00:00,1662440400,18.1,15.2,23.1,27.9,185.0,8.7,0.0,United Kingdom
London,GB,2022-09-07,12:00:00,1662526800,17.3,15.1,21.1,21.8,187.0,4.4,0.0,United Kingdom
London,GB,2022-09-08,12:00:00,1662613200,15.8,13.6,19.5,22.4,188.0,4.6,0.0,United Kingdom
London,GB,2022-09-09,12:00:00,1662699600,16.2,13.4,20.0,18.0,268.0,1.1,0.0,United Kingdom
London,GB,2022-09-10,12:00:00,1662786000,16.5,13.1,21.0,12.4,315.0,0.8,0.0,United Kingdom
London,GB,2022-09-11,12:00:00,1662872400,17.2,12.7,22.6,15.5,148.0,0.0,0.0,United Kingdom
London,GB,2022-09-12,12:00:00,1662958800,19.6,14.7,24.8,13.0,196.0,0.8,0.0,United Kingdom
London,GB,2022-09-13,12:00:00,1663045200,17.4,15.9,20.3,16.3,47.0,2.8,0.0,United Kingdom
London,GB,2022-09-14,12:00:00,1663131600,17.1,14.5,20.8,13.3,14.0,5.3,0.0,United Kingdom
London,GB,2022-09-15,12:00:00,1663218000,15.0,11.7,18.6,15.4,322.0,0.8,0.0,United Kingdom
London,GB,2022-09-16,12:00:00,1663304400,12.5,8.2,16.2,21.9,333.0,0.1,0.0,United Kingdom
London,GB,2022-09-17,12:00:00,1663390800,11.3,6.5,16.4,18.3,313.0,0.0,0.0,United Kingdom
London,GB,2022-09-18,12:00:00,1663477200,12.6,8.0,18.0,22.3,307.0,0.0,0.0,United Kingdom
London,GB,2022-09-19,12:00:00,1663563600,13.3,9.0,16.9,8.6,316.0,0.3,0.0,United Kingdom
London,GB,2022-09-20,12:00:00,1663650000,14.2,9.4,19.1,8.2,344.0,0.0,0.0,United Kingdom
London,GB,2022-09-21,12:00:00,1663736400,15.0,9.4,19.2,8.2,183.0,0.0,0.0,United Kingdom
London,GB,2022-09-22,12:00:00,1663822800,14.9,9.0,20.0,17.1,199.0,0.0,0.0,United Kingdom
London,GB,2022-09-23,12:00:00,1663909200,15.2,12.5,18.3,15.3,346.0,2.6,0.0,United Kingdom
London,GB,2022-09-24,12:00:00,1663995600,13.2,9.3,17.5,19.3,6.0,0.2,0.0,United Kingdom
London,GB,2022-09-25,12:00:00,1664082000,12.3,7.9,15.9,16.3,324.0,0.0,0.0,United Kingdom
London,GB,2022-09-26,12:00:00,1664168400,12.6,10.2,15.5,27.1,284.0,1.7,0.0,United Kingdom
London,GB,2022-09-27,12:00:00,1664254800,11.0,7.9,14.2,26.1,290.0,2.4,0.0,United Kingdom
London,GB,2022-09-28,12:00:00,1664341200,10.1,5.8,14.7,16.7,302.0,0.1,0.0,United Kingdom
London,GB,2022-09-29,12:00:00,1664427600,10.3,5.1,15.8,10.7,322.0,0.0,0.0,United Kingdom
London,GB,2022-09-30,12:00:00,1664514000,11.5,5.3,16.5,34.9,221.0,5.4,0.0,United Kingdom
London,GB,2022-10-01,12:00:00,1664600400,15.0,11.0,18.6,25.6,255.0,0.2,0.0,United Kingdom
London,GB,2022-10-02,12:00:00,1664686800,14.1,9.9,18.0,15.8,298.0,0.4,0.0,United Kingdom
London,GB,2022-10-03,12:00:00,1664773200,12.3,6.7,18.2,14.0,170.0,0.0,0.0,United Kingdom
London,GB,2022-10-04,12:00:00,1664859600,15.4,12.1,18.2,27.8,217.0,0.3,0.0,United Kingdom
London,GB,2022-10-05,12:00:00,1664946000,15.8,11.7,18.7,44.4,226.0,0.9,0.0,United Kingdom
London,GB,2022-10-06,12:00:00,1665032400,12.9,7.8,18.1,24.6,231.0,0.0,0.0,United Kingdom
London,GB,2022-10-07,12:00:00,1665118800,14.5,11.7,18.3,31.5,231.0,0.5,0.0,United Kingdom
London,GB,2022-10-08,12:00:00,1665205200,11.1,7.0,16.1,13.1,257.0,0.0,0.0,United Kingdom
London,GB,2022-10-09,12:00:00,1665291600,11.4,5.6,17.5,19.6,172.0,0.0,0.0,United Kingdom
London,GB,2022-10-10,12:00:00,1665378000,12.1,7.5,16.2,17.7,321.0,1.5,0.0,United Kingdom
London,GB,2022-10-11,12:00:00,1665464400,9.4,4.8,14.7,11.0,267.0,0.0,0.0,United Kingdom
London,GB,2022-10-12,12:00:00,1665550800,11.6,5.7,17.2,21.7,203.0,1.3,0.0,United Kingdom
London,GB,2022-10-13,12:00:00,1665637200,13.5,10.5,16.4,13.8,205.0,9.3,0.0,United Kingdom
London,GB,2022-10-14,12:00:00,1665723600,12.0,9.2,15.2,15.2,229.0,1.2,0.0,United Kingdom
London,GB,2022-10-15,12:00:00,1665810000,12.3,7.5,16.7,30.0,220.0,0.2,0.0,United Kingdom
London,GB,2022-10-16,12:00:00,1665896400,13.8,10.1,16.6,24.4,198.0,8.9,0.0,United Kingdom
London,GB,2022-10-17,12:00:00,1665982800,15.3,10.1,18.2,20.7,216.0,3.4,0.0,United Kingdom
London,GB,2022-10-18,12:00:00,1666069200,11.3,6.4,17.5,15.8,75.0,0.0,0.0,United Kingdom
London,GB,2022-10-19,12:00:00,1666155600,14.0,11.7,16.2,30.5,85.0,2.3,0.0,United Kingdom
London,GB,2022-10-20,12:00:00,1666242000,14.0,10.4,16.7,15.4,164.0,10.0,0.0,United Kingdom
London,GB,2022-10-21,12:00:00,1666328400,14.7,10.2,17.7,29.0,180.0,5.9,0.0,United Kingdom
London,GB,2022-10-22,12:00:00,1666414800,14.7,11.9,17.5,24.0,208.0,0.2,0.0,United Kingdom
London,GB,2022-10-23,12:00:00,1666501200,15.4,13.3,18.5,27.5,154.0,12.5,0.0,United Kingdom
London,GB,2022-10-24,12:00:00,1666587600,13.6,11.6,17.4,30.4,223.0,1.7,0.0,United Kingdom
London,GB,2022-10-25,12:00:00,1666674000,13.6,10.4,16.9,19.5,193.0,0.2,0.0,United Kingdom
London,GB,2022-10-26,12:00:00,1666760400,15.9,13.1,18.8,31.4,202.0,0.6,0.0,United Kingdom
London,GB,2022-10-27,12:00:00,1666846800,16.3,12.0,20.2,26.9,181.0,4.0,0.0,United Kingdom
London,GB,2022-10-28,12:00:00,1666933200,15.5,10.6,18.5,28.8,207.0,0.1,0.0,United Kingdom
London,GB,2022-10-29,12:00:00,1667019600,16.3,10.6,21.4,17.3,162.0,3.0,0.0,United Kingdom
London,GB,2022-10-30,12:00:00,1667106000,14.4,12.2,15.7,24.3,200.0,1.3,0.0,United Kingdom
London,GB,2022-10-31,12:00:00,1667192400,14.1,11.6,17.1,24.9,157.0,6.6,0.0,United Kingdom
London,GB,2022-11-01,12:00:00,1667278800,12.7,10.3,14.7,44.0,217.0,4.2,0.0,United Kingdom
London,GB,2022-11-02,12:00:00,1667365200,12.1,8.4,15.3,36.1,214.0,2.5,0.0,United Kingdom
London,GB,2022-11-03,12:00:00,1667451600,10.5,5.6,13.3,26.4,220.0,28.1,0.0,United Kingdom
London,GB,2022-11-04,12:00:00,1667538000,8.5,6.1,12.4,17.8,331.0,3.1,0.0,United Kingdom
London,GB,2022-11-05,12:00:00,1667624400,9.7,4.8,13.8,25.5,211.0,2.9,0.0,United Kingdom
London,GB,2022-11-06,12:00:00,1667710800,12.8,10.3,14.2,24.6,214.0,20.4,0.0,United Kingdom
London,GB,2022-11-07,12:00:00,1667797200,12.9,10.6,14.6,33.1,211.0,1.4,0.0,United Kingdom
London,GB,2022-11-08,12:00:00,1667883600,13.1,11.2,15.3,34.9,205.0,4.7,0.0,United Kingdom
London,GB,2022-11-09,12:00:00,1667970000,11.4,9.6,14.1,28.6,232.0,0.0,0.0,United Kingdom
London,GB,2022-11-10,12:00:00,1668056400,12.9,9.3,15.4,32.7,221.0,0.0,0.0,United Kingdom
London,GB,2022-11-11,12:00:00,1668142800,13.7,7.9,15.8,28.4,206.0,0.0,0.0,United Kingdom
London,GB,2022-11-12,12:00:00,1668229200,11.7,8.5,16.4,12.1,129.0,0.0,0.0,United Kingdom
London,GB,2022-11-13,12:00:00,1668315600,10.7,7.6,15.4,12.8,102.0,0.0,0.0,United Kingdom
London,GB,2022-11-14,12:00:00,1668402000,10.9,6.5,15.2,20.2,162.0,0.3,0.0,United Kingdom
London,GB,2022-11-15,12:00:00,1668488400,11.2,8.8,14.0,31.1,183.0,8.9,0.0,United Kingdom
London,GB,2022-11-16,12:00:00,1668574800,9.8,8.0,12.2,29.5,165.0,19.4,0.0,United Kingdom
London,GB,2022-11-17,12:00:00,1668661200,9.6,7.8,11.4,33.5,256.0,6.9,0.0,United Kingdom
London,GB,2022-11-18,12:00:00,1668747600,8.4,5.5,11.4,23.6,260.0,2.2,0.0,United Kingdom
London,GB,2022-11-19,12:00:00,1668834000,6.7,3.9,10.6,17.6,293.0,0.3,0.0,United Kingdom
London,GB,2022-11-20,12:00:00,1668920400,7.2,2.4,10.6,22.7,247.0,6.1,0.0,United Kingdom
London,GB,2022-11-21,12:00:00,1669006800,5.9,1.9,9.2,38.3,179.0,7.9,0.0,United Kingdom
London,GB,2022-11-22,12:00:00,1669093200,5.8,2.9,9.9,25.6,244.0,0.1,0.0,United Kingdom
London,GB,2022-11-23,12:00:00,1669179600,8.3,2.6,11.5,35.1,211.0,5.8,0.0,United Kingdom
London,GB,2022-11-24,12:00:00,1669266000,9.1,5.9,12.6,31.9,207.0,2.9,0.0,United Kingdom
London,GB,2022-11-25,12:00:00,1669352400,8.4,6.2,11.7,21.4,233.0,0.0,0.0,United Kingdom
London,GB,2022-11-26,12:00:00,1669438800,9.7,6.0,12.3,28.4,194.0,0.9,0.0,United Kingdom
London,GB,2022-11-27,12:00:00,1669525200,11.4,9.3,12.8,30.3,200.0,10.8,0.0,United Kingdom
London,GB,2022-11-28,12:00:00,1669611600,7.5,3.1,10.5,10.4,217.0,1.5,0.0,United Kingdom
London,GB,2022-11-29,12:00:00,1669698000,6.7,4.5,7.3,9.7,13.0,0.0,0.0,United Kingdom
London,GB,2022-11-30,12:00:00,1669784400,6.6,3.6,8.8,8.4,46.0,0.1,0.0,United Kingdom
London,GB,2022-12-01,12:00:00,1669870800,4.9,3.0,7.0,10.5,16.0,0.0,0.0,United Kingdom
London,GB,2022-12-02,12:00:00,1669957200,5.0,3.3,7.7,20.1,26.0,0.3,0.0,United Kingdom
London,GB,2022-12-03,12:00:00,1670043600,6.0,5.2,7.5,24.1,44.0,0.0,0.0,United Kingdom
London,GB,2022-12-04,12:00:00,1670130000,5.1,4.1,6.0,21.1,50.0,1.6,0.0,United Kingdom
London,GB,2022-12-05,12:00:00,1670216400,6.4,4.6,8.3,17.8,28.0,0.0,0.0,United Kingdom
London,GB,2022-12-06,12:00:00,1670302800,4.7,3.2,6.5,13.8,1.0,0.0,0.0,United Kingdom
London,GB,2022-12-07,12:00:00,1670389200,1.1,-2.5,4.6,11.7,317.0,0.0,0.0,United Kingdom
London,GB,2022-12-08,12:00:00,1670475600,-1.9,-3.9,2.8,11.5,303.0,0.0,0.0,United Kingdom
London,GB,2022-12-09,12:00:00,1670562000,-2.3,-4.3,2.8,11.3,297.0,0.0,0.0,United Kingdom
London,GB,2022-12-10,12:00:00,1670648400,-1.9,-3.8,3.0,11.5,229.0,0.0,0.0,United Kingdom
London,GB,2022-12-11,12:00:00,1670734800,-2.4,-4.1,-0.7,11.4,35.0,0.7,0.49,United Kingdom
London,GB,2022-12-12,12:00:00,1670821200,-0.0,-2.3,1.5,12.4,127.0,0.2,0.14,United Kingdom
London,GB,2022-12-13,12:00:00,1670907600,-1.6,-3.1,0.8,10.9,72.0,0.0,0.0,United Kingdom
London,GB,2022-12-14,12:00:00,1670994000,-1.3,-4.7,0.7,15.7,8.0,0.0,0.0,United Kingdom
London,GB,2022-12-15,12:00:00,1671080400,-3.0,-5.1,0.8,10.9,341.0,0.0,0.0,United Kingdom
London,GB,2022-12-16,12:00:00,1671166800,-2.7,-5.4,1.7,12.3,304.0,0.0,0.0,United Kingdom
London,GB,2022-12-17,12:00:00,1671253200,-0.8,-5.4,5.1,16.2,192.0,0.0,0.0,United Kingdom
London,GB,2022-12-18,12:00:00,1671339600,1.6,-3.6,8.1,30.6,153.0,9.9,0.0,United Kingdom
London,GB,2022-12-19,12:00:00,1671426000,11.7,8.6,12.9,37.3,203.0,4.9,0.0,United Kingdom
London,GB,2022-12-20,12:00:00,1671512400,9.4,4.0,12.7,33.0,214.0,3.5,0.0,United Kingdom
London,GB,2022-12-21,12:00:00,1671598800,7.0,3.6,10.7,20.7,214.0,0.9,0.0,United Kingdom
London,GB,2022-12-22,12:00:00,1671685200,8.1,3.7,11.1,18.1,231.0,0.8,0.0,United Kingdom
London,GB,2022-12-23,12:00:00,1671771600,9.4,7.8,12.8,25.4,232.0,7.8,0.0,United Kingdom
London,GB,2022-12-24,12:00:00,1671858000,8.4,5.8,10.9,21.4,217.0,0.0,0.0,United Kingdom
London,GB,2022-12-25,12:00:00,1671944400,9.9,8.3,11.1,20.7,205.0,0.1,0.0,United Kingdom
London,GB,2022-12-26,12:00:00,1672030800,6.2,3.0,9.6,25.9,243.0,0.0,0.0,United Kingdom
London,GB,2022-12-27,12:00:00,1672117200,6.0,2.0,9.9,34.7,217.0,3.8,0.0,United Kingdom
London,GB,2022-12-28,12:00:00,1672203600,10.6,9.7,11.5,37.6,214.0,4.0,0.0,United Kingdom
London,GB,2022-12-29,12:00:00,1672290000,8.0,5.0,9.8,33.4,233.0,0.3,0.0,United Kingdom
London,GB,2022-12-30,12:00:00,1672376400,9.4,4.6,13.2,35.7,204.0,5.9,0.0,United Kingdom
London,GB,2022-12-31,12:00:00,1672462800,12.1,9.8,13.2,35.8,215.0,10.6,0.0,United Kingdom
London,GB,2023-01-01,12:00:00,1672549200,10.4,8.7,12.1,34.1,217.0,3.9,0.0,United Kingdom
London,GB,2023-01-02,12:00:00,1672635600,5.9,1.0,8.6,15.5,237.0,0.6,0.0,United Kingdom
London,GB,2023-01-03,12:00:00,1672722000,7.9,1.3,12.4,37.4,199.0,3.2,0.0,United Kingdom
London,GB,2023-01-04,12:00:00,1672808400,12.0,10.0,13.1,35.9,238.0,0.9,0.0,United Kingdom
London,GB,2023-01-05,12:00:00,1672894800,10.5,7.8,13.0,28.9,231.0,0.1,0.0,United Kingdom
London,GB,2023-01-06,12:00:00,1672981200,9.6,5.8,12.0,32.3,216.0,1.2,0.0,United Kingdom
London,GB,2023-01-07,12:00:00,1673067600,10.3,7.3,11.7,36.7,198.0,5.0,0.0,United Kingdom
London,GB,2023-01-08,12:00:00,1673154000,7.4,4.8,9.0,28.8,208.0,1.4,0.0,United Kingdom
London,GB,2023-01-09,12:00:00,1673240400,5.8,4.1,8.3,26.0,259.0,0.7,0.0,United Kingdom
London,GB,2023-01-10,12:00:00,1673326800,8.3,3.2,12.6,36.7,212.0,6.4,0.0,United Kingdom
London,GB,2023-01-11,12:00:00,1673413200,8.8,6.7,12.1,34.5,240.0,2.6,0.0,United Kingdom
London,GB,2023-01-12,12:00:00,1673499600,10.5,7.2,12.2,40.7,235.0,5.7,0.0,United Kingdom
London,GB,2023-01-13,12:00:00,1673586000,7.5,5.1,10.3,33.9,249.0,0.0,0.0,United Kingdom
London,GB,2023-01-14,12:00:00,1673672400,8.9,5.7,12.2,40.4,226.0,11.4,0.0,United Kingdom
London,GB,2023-01-15,12:00:00,1673758800,4.9,1.1,7.7,29.6,240.0,0.0,0.0,United Kingdom
London,GB,2023-01-16,12:00:00,1673845200,2.4,-4.0,5.1,27.9,338.0,13.4,0.77,United Kingdom
London,GB,2023-01-17,12:00:00,1673931600,-2.2,-4.6,2.5,9.7,289.0,0.0,0.0,United Kingdom
London,GB,2023-01-18,12:00:00,1674018000,-0.5,-3.7,4.6,17.2,260.0,0.0,0.0,United Kingdom
London,GB,2023-01-19,12:00:00,1674104400,-0.3,-3.2,4.1,10.8,264.0,0.0,0.0,United Kingdom
London,GB,2023-01-20,12:00:00,1674190800,1.7,-1.1,6.0,17.7,291.0,0.0,0.0,United Kingdom
London,GB,2023-01-21,12:00:00,1674277200,1.3,-2.2,5.4,11.2,34.0,0.0,0.0,United Kingdom
London,GB,2023-01-22,12:00:00,1674363600,-1.8,-3.5,1.6,5.4,309.0,0.0,0.0,United Kingdom
London,GB,2023-01-23,12:00:00,1674450000,-1.1,-4.1,3.3,6.6,19.0,0.0,0.0,United Kingdom
London,GB,2023-01-24,12:00:00,1674536400,1.8,-1.6,4.8,9.6,23.0,0.0,0.0,United Kingdom
London,GB,2023-01-25,12:00:00,1674622800,0.7,-2.3,5.8,18.9,261.0,1.7,0.0,United Kingdom
London,GB,2023-01-26,12:00:00,1674709200,4.7,2.8,7.9,23.7,5.0,0.3,0.0,United Kingdom
London,GB,2023-01-27,12:00:00,1674795600,4.1,-1.4,7.2,21.5,18.0,0.0,0.0,United Kingdom
London,GB,2023-01-28,12:00:00,1674882000,2.2,-2.1,6.1,11.2,302.0,0.0,0.0,United Kingdom
London,GB,2023-01-29,12:00:00,1674968400,4.4,0.4,8.1,25.3,243.0,0.0,0.0,United Kingdom
London,GB,2023-01-30,12:00:00,1675054800,6.1,1.2,9.0,23.5,276.0,0.0,0.0,United Kingdom
London,GB,2023-01-31,12:00:00,1675141200,6.2,1.2,11.5,25.6,257.0,0.1,0.0,United Kingdom
London,GB,2023-02-01,12:00:00,1675227600,6.3,3.3,9.9,31.1,259.0,0.0,0.0,United Kingdom
London,GB,2023-02-02,12:00:00,1675314000,7.7,4.5,11.2,27.0,256.0,0.2,0.0,United Kingdom
London,GB,2023-02-03,12:00:00,1675400400,9.5,6.4,12.4,22.7,264.0,0.0,0.0,United Kingdom
London,GB,2023-02-04,12:00:00,1675486800,7.5,5.0,9.5,13.3,260.0,0.5,0.0,United Kingdom
London,GB,2023-02-05,12:00:00,1675573200,5.0,-0.2,8.6,16.9,353.0,0.0,0.0,United Kingdom
London,GB,2023-02-06,12:00:00,1675659600,2.3,-0.7,8.4,11.8,76.0,0.0,0.0,United Kingdom
London,GB,2023-02-07,12:00:00,1675746000,1.3,-1.2,5.9,10.6,125.0,0.0,0.0,United Kingdom
London,GB,2023-02-08,12:00:00,1675832400,0.5,-2.9,7.3,12.0,191.0,0.0,0.0,United Kingdom
London,GB,2023-02-09,12:00:00,1675918800,2.3,-1.5,9.3,11.7,271.0,0.0,0.0,United Kingdom
London,GB,2023-02-10,12:00:00,1676005200,2.3,-2.8,7.9,16.9,244.0,0.0,0.0,United Kingdom
London,GB,2023-02-11,12:00:00,1676091600,7.9,6.2,10.7,12.7,260.0,0.0,0.0,United Kingdom
London,GB,2023-02-12,12:00:00,1676178000,7.3,5.7,9.3,12.0,136.0,0.0,0.0,United Kingdom
London,GB,2023-02-13,12:00:00,1676264400,5.8,2.0,11.5,12.6,135.0,0.0,0.0,United Kingdom
London,GB,2023-02-14,12:00:00,1676350800,5.1,0.9,12.9,13.8,178.0,0.0,0.0,United Kingdom
London,GB,2023-02-15,12:00:00,1676437200,6.5,1.2,13.0,19.3,199.0,0.0,0.0,United Kingdom
London,GB,2023-02-16,12:00:00,1676523600,9.6,7.4,12.2,24.3,226.0,3.9,0.0,United Kingdom
London,GB,2023-02-17,12:00:00,1676610000,11.7,9.4,13.6,36.2,250.0,0.1,0.0,United Kingdom
London,GB,2023-02-18,12:00:00,1676696400,11.1,8.6,12.9,27.3,249.0,0.7,0.0,United Kingdom
London,GB,2023-02-19,12:00:00,1676782800,8.7,6.3,12.2,18.5,269.0,0.0,0.0,United Kingdom
London,GB,2023-02-20,12:00:00,1676869200,9.2,6.2,12.5,27.6,248.0,0.0,0.0,United Kingdom
London,GB,2023-02-21,12:00:00,1676955600,8.2,4.6,10.9,13.2,230.0,0.0,0.0,United Kingdom
London,GB,2023-02-22,12:00:00,1677042000,6.0,3.5,8.6,12.6,265.0,4.1,0.0,United Kingdom
London,GB,2023-02-23,12:00:00,1677128400,5.9,2.3,8.4,23.9,18.0,1.7,0.0,United Kingdom
London,GB,2023-02-24,12:00:00,1677214800,4.0,-1.1,9.2,15.2,336.0,0.0,0.0,United Kingdom
London,GB,2023-02-25,12:00:00,1677301200,4.3,1.7,7.4,27.0,17.0,0.0,0.0,United Kingdom
London,GB,2023-02-26,12:00:00,1677387600,4.1,1.2,7.8,27.6,41.0,0.0,0.0,United Kingdom
London,GB,2023-02-27,12:00:00,1677474000,3.8,-0.4,7.7,20.9,37.0,0.0,0.0,United Kingdom
London,GB,2023-02-28,12:00:00,1677560400,4.6,0.6,8.0,27.3,26.0,0.7,0.0,United Kingdom
London,GB,2023-03-01,12:00:00,1677646800,5.3,4.0,7.3,19.2,42.0,0.6,0.0,United Kingdom
London,GB,2023-03-02,12:00:00,1677733200,4.1,0.4,8.9,24.5,40.0,0.0,0.0,United Kingdom
London,GB,2023-03-03,12:00:00,1677819600,3.9,1.0,6.4,19.6,32.0,0.4,0.0,United Kingdom
London,GB,2023-03-04,12:00:00,1677906000,5.1,3.4,6.9,15.5,359.0,0.0,0.0,United Kingdom
London,GB,2023-03-05,12:00:00,1677992400,3.3,-0.0,5.0,13.5,298.0,0.3,0.0,United Kingdom
London,GB,2023-03-06,12:00:00,1678078800,3.7,-1.7,8.9,22.5,254.0,1.6,0.0,United Kingdom
London,GB,2023-03-07,12:00:00,1678165200,3.0,-1.7,4.5,12.9,286.0,4.1,0.0,United Kingdom
London,GB,2023-03-08,12:00:00,1678251600,1.3,-2.0,2.6,23.3,72.0,13.0,5.25,United Kingdom
London,GB,2023-03-09,12:00:00,1678338000,6.2,2.0,11.9,21.0,134.0,6.0,0.0,United Kingdom
London,GB,2023-03-10,12:00:00,1678424400,4.3,-1.5,8.6,33.2,340.0,4.6,0.35,United Kingdom
London,GB,2023-03-11,12:00:00,1678510800,2.5,-3.5,7.9,16.7,136.0,1.1,0.14,United Kingdom
London,GB,2023-03-12,12:00:00,1678597200,9.9,5.8,13.0,31.0,230.0,1.2,0.0,United Kingdom
London,GB,2023-03-13,12:00:00,1678683600,11.7,9.7,14.0,50.4,221.0,0.9,0.0,United Kingdom
London,GB,2023-03-14,12:00:00,1678770000,6.4,3.9,9.8,26.7,283.0,5.7,0.77,United Kingdom
London,GB,2023-03-15,12:00:00,1678856400,4.5,-1.0,8.4,22.0,204.0,1.7,0.0,United Kingdom
London,GB,2023-03-16,12:00:00,1678942800,10.4,7.6,14.0,28.1,198.0,2.4,0.0,United Kingdom
London,GB,2023-03-17,12:00:00,1679029200,10.8,8.5,13.7,19.5,197.0,1.9,0.0,United Kingdom
London,GB,2023-03-18,12:00:00,1679115600,10.1,8.1,13.1,14.0,198.0,4.0,0.0,United Kingdom
London,GB,2023-03-19,12:00:00,1679202000,8.3,5.4,10.6,19.7,285.0,1.7,0.0,United Kingdom
London,GB,2023-03-20,12:00:00,1679288400,9.8,7.2,12.9,25.6,223.0,3.2,0.0,United Kingdom
London,GB,2023-03-21,12:00:00,1679374800,10.8,8.6,14.0,31.1,215.0,1.5,0.0,United Kingdom
London,GB,2023-03-22,12:00:00,1679461200,11.4,10.1,14.6,35.0,211.0,2.2,0.0,United Kingdom
London,GB,2023-03-23,12:00:00,1679547600,10.8,7.9,13.9,36.2,217.0,8.9,0.0,United Kingdom
London,GB,2023-03-24,12:00:00,1679634000,9.8,7.4,12.9,35.4,226.0,1.7,0.0,United Kingdom
London,GB,2023-03-25,12:00:00,1679720400,10.0,7.6,13.6,38.5,248.0,0.5,0.0,United Kingdom
London,GB,2023-03-26,12:00:00,1679806800,7.5,3.2,8.7,22.2,24.0,8.1,0.0,United Kingdom
London,GB,2023-03-27,12:00:00,1679893200,5.3,1.9,9.7,9.8,327.0,0.0,0.0,United Kingdom
London,GB,2023-03-28,12:00:00,1679979600,7.0,3.5,9.1,25.8,181.0,1.9,0.0,United Kingdom
London,GB,2023-03-29,12:00:00,1680066000,11.4,8.1,14.1,29.6,207.0,3.3,0.0,United Kingdom
London,GB,2023-03-30,12:00:00,1680152400,12.1,10.2,15.1,31.8,226.0,2.9,0.0,United Kingdom
London,GB,2023-03-31,12:00:00,1680238800,10.9,10.0,13.4,33.7,232.0,13.2,0.0,United Kingdom
London,GB,2023-04-01,12:00:00,1680325200,9.7,8.2,11.6,21.2,335.0,1.2,0.0,United Kingdom
London,GB,2023-04-02,12:00:00,1680411600,7.9,3.0,11.4,23.0,21.0,0.0,0.0,United Kingdom
London,GB,2023-04-03,12:00:00,1680498000,5.6,0.4,11.1,18.5,70.0,0.0,0.0,United Kingdom
London,GB,2023-04-04,12:00:00,1680584400,5.7,-0.8,12.6,13.3,93.0,0.0,0.0,United Kingdom
London,GB,2023-04-05,12:00:00,1680670800,6.6,0.7,11.8,12.5,211.0,1.0,0.0,United Kingdom
London,GB,2023-04-06,12:00:00,1680757200,9.5,5.7,13.4,22.8,263.0,4.9,0.0,United Kingdom
London,GB,2023-04-07,12:00:00,1680843600,8.2,2.9,13.8,10.3,353.0,0.2,0.0,United Kingdom
London,GB,2023-04-08,12:00:00,1680930000,7.9,2.6,13.7,11.0,91.0,0.0,0.0,United Kingdom
London,GB,2023-04-09,12:00:00,1681016400,9.3,3.6,15.4,14.0,145.0,0.0,0.0,United Kingdom
London,GB,2023-04-10,12:00:00,1681102800,11.0,7.9,14.3,33.0,223.0,9.1,0.0,United Kingdom
London,GB,2023-04-11,12:00:00,1681189200,8.8,5.8,12.6,39.4,220.0,7.4,0.0,United Kingdom
London,GB,2023-04-12,12:00:00,1681275600,7.7,4.9,10.6,46.0,228.0,3.3,0.0,United Kingdom
London,GB,2023-04-13,12:00:00,1681362000,8.3,4.7,12.3,27.0,254.0,1.0,0.0,United Kingdom
London,GB,2023-04-14,12:00:00,1681448400,7.2,2.4,10.0,21.3,141.0,8.1,0.0,United Kingdom
London,GB,2023-04-15,12:00:00,1681534800,9.7,6.7,14.3,18.0,358.0,2.3,0.0,United Kingdom
London,GB,2023-04-16,12:00:00,1681621200,9.9,5.1,15.1,10.5,239.0,0.0,0.0,United Kingdom
London,GB,2023-04-17,12:00:00,1681707600,10.7,7.3,15.9,18.4,75.0,0.5,0.0,United Kingdom
London,GB,2023-04-18,12:00:00,1681794000,8.9,7.1,11.9,32.2,55.0,0.2,0.0,United Kingdom
London,GB,2023-04-19,12:00:00,1681880400,10.3,6.9,14.9,29.7,67.0,0.0,0.0,United Kingdom
London,GB,2023-04-20,12:00:00,1681966800,8.9,5.2,14.7,29.4,40.0,2.3,0.0,United Kingdom
London,GB,2023-04-21,12:00:00,1682053200,7.3,4.6,11.3,16.3,65.0,3.3,0.0,United Kingdom
London,GB,2023-04-22,12:00:00,1682139600,8.0,1.5,13.4,17.7,203.0,1.5,0.0,United Kingdom
London,GB,2023-04-23,12:00:00,1682226000,10.4,8.1,13.1,22.0,234.0,3.9,0.0,United Kingdom
London,GB,2023-04-24,12:00:00,1682312400,8.1,5.4,12.0,20.4,347.0,13.8,0.0,United Kingdom
London,GB,2023-04-25,12:00:00,1682398800,6.5,1.2,10.3,12.9,17.0,0.0,0.0,United Kingdom
London,GB,2023-04-26,12:00:00,1682485200,7.9,3.2,11.6,15.1,123.0,0.0,0.0,United Kingdom
London,GB,2023-04-27,12:00:00,1682571600,9.3,5.0,14.1,21.8,117.0,6.6,0.0,United Kingdom
London,GB,2023-04-28,12:00:00,1682658000,13.3,8.2,17.4,22.5,268.0,0.8,0.0,United Kingdom
London,GB,2023-04-29,12:00:00,1682744400,10.9,4.6,17.6,13.4,86.0,0.0,0.0,United Kingdom
London,GB,2023-04-30,12:00:00,1682830800,11.4,4.9,17.1,15.9,173.0,0.0,0.0,United Kingdom
London,GB,2023-05-01,12:00:00,1682917200,12.0,8.1,17.0,16.0,296.0,1.0,0.0,United Kingdom
London,GB,2023-05-02,12:00:00,1683003600,10.5,6.9,14.0,18.8,77.0,0.0,0.0,United Kingdom
London,GB,2023-05-03,12:00:00,1683090000,9.4,5.0,13.9,24.1,82.0,0.0,0.0,United Kingdom
London,GB,2023-05-04,12:00:00,1683176400,13.0,7.8,18.9,24.8,101.0,0.9,0.0,United Kingdom
London,GB,2023-05-05,12:00:00,1683262800,13.7,10.8,17.7,19.9,211.0,0.7,0.0,United Kingdom
London,GB,2023-05-06,12:00:00,1683349200,12.5,8.6,14.9,23.3,177.0,5.6,0.0,United Kingdom
London,GB,2023-05-07,12:00:00,1683435600,15.0,11.6,18.7,10.7,254.0,0.7,0.0,United Kingdom
London,GB,2023-05-08,12:00:00,1683522000,12.6,9.1,15.8,23.4,207.0,2.6,0.0,United Kingdom
London,GB,2023-05-09,12:00:00,1683608400,14.0,11.1,17.2,18.6,251.0,10.1,0.0,United Kingdom
London,GB,2023-05-10,12:00:00,1683694800,12.7,9.3,17.5,22.0,263.0,6.2,0.0,United Kingdom
London,GB,2023-05-11,12:00:00,1683781200,12.4,8.3,17.0,9.4,268.0,3.7,0.0,United Kingdom
London,GB,2023-05-12,12:00:00,1683867600,11.1,8.8,12.8,32.0,18.0,1.9,0.0,United Kingdom
London,GB,2023-05-13,12:00:00,1683954000,11.7,9.2,15.5,20.7,21.0,0.0,0.0,United Kingdom
London,GB,2023-05-14,12:00:00,1684040400,12.5,6.9,19.1,11.5,299.0,0.7,0.0,United Kingdom
London,GB,2023-05-15,12:00:00,1684126800,12.1,7.1,14.8,23.7,349.0,0.5,0.0,United Kingdom
London,GB,2023-05-16,12:00:00,1684213200,11.1,5.2,16.8,21.9,325.0,0.2,0.0,United Kingdom
London,GB,2023-05-17,12:00:00,1684299600,12.0,5.9,17.2,11.1,346.0,0.4,0.0,United Kingdom
London,GB,2023-05-18,12:00:00,1684386000,13.0,8.9,17.7,14.1,88.0,0.2,0.0,United Kingdom
London,GB,2023-05-19,12:00:00,1684472400,12.1,7.7,17.1,15.9,63.0,1.1,0.0,United Kingdom
London,GB,2023-05-20,12:00:00,1684558800,13.0,6.7,18.7,22.9,37.0,0.1,0.0,United Kingdom
London,GB,2023-05-21,12:00:00,1684645200,13.0,7.4,18.0,25.0,22.0,0.0,0.0,United Kingdom
London,GB,2023-05-22,12:00:00,1684731600,14.2,9.3,19.3,24.2,4.0,0.0,0.0,United Kingdom
London,GB,2023-05-23,12:00:00,1684818000,13.0,8.5,16.9,16.7,28.0,0.0,0.0,United Kingdom
London,GB,2023-05-24,12:00:00,1684904400,14.4,7.5,20.9,14.9,3.0,0.0,0.0,United Kingdom
London,GB,2023-05-25,12:00:00,1684990800,13.4,8.3,18.1,16.6,57.0,0.0,0.0,United Kingdom
London,GB,2023-05-26,12:00:00,1685077200,12.6,7.8,17.8,20.9,61.0,0.0,0.0,United Kingdom
London,GB,2023-05-27,12:00:00,1685163600,13.0,7.5,19.1,18.2,66.0,0.0,0.0,United Kingdom
London,GB,2023-05-28,12:00:00,1685250000,14.0,6.3,20.9,25.3,55.0,0.0,0.0,United Kingdom
London,GB,2023-05-29,12:00:00,1685336400,12.5,7.9,17.0,26.6,50.0,0.0,0.0,United Kingdom
London,GB,2023-05-30,12:00:00,1685422800,12.8,8.2,16.7,27.1,46.0,0.0,0.0,United Kingdom
London,GB,2023-05-31,12:00:00,1685509200,14.0,10.9,18.7,23.9,50.0,0.0,0.0,United Kingdom
London,GB,2023-06-01,12:00:00,1685595600,13.5,10.2,18.1,23.0,45.0,0.0,0.0,United Kingdom
London,GB,2023-06-02,12:00:00,1685682000,13.2,10.3,17.8,22.7,46.0,0.0,0.0,United Kingdom
London,GB,2023-06-03,12:00:00,1685768400,14.7,7.5,21.5,21.9,51.0,0.0,0.0,United Kingdom
London,GB,2023-06-04,12:00:00,1685854800,14.9,8.5,21.1,18.5,56.0,0.0,0.0,United Kingdom
London,GB,2023-06-05,12:00:00,1685941200,13.1,8.0,18.0,20.4,46.0,0.0,0.0,United Kingdom
London,GB,2023-06-06,12:00:00,1686027600,13.2,11.0,16.6,21.9,50.0,0.1,0.0,United Kingdom
London,GB,2023-06-07,12:00:00,1686114000,14.3,8.5,20.4,19.7,61.0,0.0,0.0,United Kingdom
London,GB,2023-06-08,12:00:00,1686200400,14.8,8.6,21.2,21.9,60.0,0.0,0.0,United Kingdom
London,GB,2023-06-09,12:00:00,1686286800,17.6,10.8,24.0,22.9,61.0,0.0,0.0,United Kingdom
London,GB,2023-06-10,12:00:00,1686373200,21.4,14.2,28.5,19.5,76.0,0.0,0.0,United Kingdom
London,GB,2023-06-11,12:00:00,1686459600,22.4,15.5,30.0,11.5,87.0,0.0,0.0,United Kingdom
London,GB,2023-06-12,12:00:00,1686546000,21.4,16.0,26.9,13.3,106.0,5.7,0.0,United Kingdom
London,GB,2023-06-13,12:00:00,1686632400,20.0,13.2,27.1,24.4,58.0,0.0,0.0,United Kingdom
London,GB,2023-06-14,12:00:00,1686718800,19.0,10.8,26.8,18.8,59.0,0.0,0.0,United Kingdom
London,GB,2023-06-15,12:00:00,1686805200,19.2,11.7,26.0,17.3,62.0,0.0,0.0,United Kingdom
London,GB,2023-06-16,12:00:00,1686891600,19.3,12.0,25.6,17.4,69.0,0.0,0.0,United Kingdom
London,GB,2023-06-17,12:00:00,1686978000,18.6,12.3,24.1,13.8,78.0,2.1,0.0,United Kingdom
London,GB,2023-06-18,12:00:00,1687064400,19.1,15.3,24.6,18.9,161.0,16.9,0.0,United Kingdom
London,GB,2023-06-19,12:00:00,1687150800,18.7,14.1,22.9,21.6,216.0,0.9,0.0,United Kingdom
London,GB,2023-06-20,12:00:00,1687237200,19.0,14.9,22.6,24.3,192.0,5.9,0.0,United Kingdom
London,GB,2023-06-21,12:00:00,1687323600,19.3,14.9,23.5,16.5,229.0,1.0,0.0,United Kingdom
London,GB,2023-06-22,12:00:00,1687410000,20.3,13.4,26.5,15.8,3.0,0.0,0.0,United Kingdom
London,GB,2023-06-23,12:00:00,1687496400,20.5,14.7,25.8,17.9,236.0,0.0,0.0,United Kingdom
London,GB,2023-06-24,12:00:00,1687582800,21.2,14.9,26.4,14.4,234.0,0.2,0.0,United Kingdom
London,GB,2023-06-25,12:00:00,1687669200,22.5,15.0,29.1,27.8,200.0,0.1,0.0,United Kingdom
London,GB,2023-06-26,12:00:00,1687755600,18.5,13.6,22.4,23.5,268.0,0.0,0.0,United Kingdom
London,GB,2023-06-27,12:00:00,1687842000,18.5,14.1,21.9,20.5,248.0,0.0,0.0,United Kingdom
London,GB,2023-06-28,12:00:00,1687928400,20.3,16.7,24.4,15.5,240.0,0.1,0.0,United Kingdom
London,GB,2023-06-29,12:00:00,1688014800,18.6,15.8,22.1,15.7,320.0,5.9,0.0,United Kingdom
London,GB,2023-06-30,12:00:00,1688101200,16.4,11.4,18.7,33.2,228.0,0.6,0.0,United Kingdom
London,GB,2023-07-01,12:00:00,1688187600,19.2,17.3,21.7,24.4,270.0,0.2,0.0,United Kingdom
London,GB,2023-07-02,12:00:00,1688274000,16.5,11.9,19.8,27.7,264.0,0.0,0.0,United Kingdom
London,GB,2023-07-03,12:00:00,1688360400,15.7,11.7,19.4,33.5,252.0,0.7,0.0,United Kingdom
London,GB,2023-07-04,12:00:00,1688446800,15.1,13.2,18.9,19.9,239.0,13.1,0.0,United Kingdom
London,GB,2023-07-05,12:00:00,1688533200,15.5,10.8,19.4,23.8,268.0,6.1,0.0,United Kingdom
London,GB,2023-07-06,12:00:00,1688619600,16.2,10.8,20.8,20.3,224.0,0.0,0.0,United Kingdom
London,GB,2023-07-07,12:00:00,1688706000,20.3,11.3,27.8,17.9,138.0,0.0,0.0,United Kingdom
London,GB,2023-07-08,12:00:00,1688792400,21.6,19.0,24.5,20.9,151.0,12.6,0.0,United Kingdom
London,GB,2023-07-09,12:00:00,1688878800,18.7,15.4,22.5,22.1,217.0,4.9,0.0,United Kingdom
London,GB,2023-07-10,12:00:00,1688965200,18.7,13.0,23.0,29.6,207.0,0.0,0.0,United Kingdom
London,GB,2023-07-11,12:00:00,1689051600,19.3,17.0,22.7,27.5,220.0,3.2,0.0,United Kingdom
London,GB,2023-07-12,12:00:00,1689138000,17.6,13.6,21.1,26.1,245.0,1.8,0.0,United Kingdom
London,GB,2023-07-13,12:00:00,1689224400,17.6,12.9,21.4,22.1,243.0,0.5,0.0,United Kingdom
London,GB,2023-07-14,12:00:00,1689310800,16.9,13.6,19.7,31.5,173.0,7.8,0.0,United Kingdom
London,GB,2023-07-15,12:00:00,1689397200,17.0,14.9,19.7,43.9,214.0,1.4,0.0,United Kingdom
London,GB,2023-07-16,12:00:00,1689483600,17.0,14.1,20.4,31.8,233.0,0.0,0.0,United Kingdom
London,GB,2023-07-17,12:00:00,1689570000,16.8,12.3,21.2,22.5,246.0,0.6,0.0,United Kingdom
London,GB,2023-07-18,12:00:00,1689656400,17.1,11.3,22.0,18.4,232.0,0.1,0.0,United Kingdom
London,GB,2023-07-19,12:00:00,1689742800,18.0,14.0,22.6,20.0,278.0,0.4,0.0,United Kingdom
London,GB,2023-07-20,12:00:00,1689829200,17.4,11.7,22.3,14.2,321.0,0.1,0.0,United Kingdom
London,GB,2023-07-21,12:00:00,1689915600,16.5,11.6,20.0,17.7,282.0,0.1,0.0,United Kingdom
London,GB,2023-07-22,12:00:00,1690002000,15.4,12.8,18.5,30.3,217.0,9.0,0.0,United Kingdom
London,GB,2023-07-23,12:00:00,1690088400,18.9,15.9,22.6,31.4,227.0,2.6,0.0,United Kingdom
London,GB,2023-07-24,12:00:00,1690174800,15.8,14.0,17.6,19.6,352.0,2.3,0.0,United Kingdom
London,GB,2023-07-25,12:00:00,1690261200,15.7,12.1,19.8,17.6,300.0,0.7,0.0,United Kingdom
London,GB,2023-07-26,12:00:00,1690347600,15.7,9.5,21.2,21.4,226.0,7.7,0.0,United Kingdom
London,GB,2023-07-27,12:00:00,1690434000,19.1,16.3,21.6,27.4,234.0,7.4,0.0,United Kingdom
London,GB,2023-07-28,12:00:00,1690520400,18.7,15.9,22.6,20.9,238.0,0.2,0.0,United Kingdom
London,GB,2023-07-29,12:00:00,1690606800,18.4,15.3,21.9,26.1,246.0,0.7,0.0,United Kingdom
London,GB,2023-07-30,12:00:00,1690693200,17.0,14.3,20.9,30.4,241.0,3.2,0.0,United Kingdom
London,GB,2023-07-31,12:00:00,1690779600,18.1,15.6,21.0,27.9,239.0,2.6,0.0,United Kingdom
London,GB,2023-08-01,12:00:00,1690866000,17.6,13.8,21.9,24.9,254.0,0.0,0.0,United Kingdom
London,GB,2023-08-02,12:00:00,1690952400,17.3,14.8,19.5,32.3,228.0,18.8,0.0,United Kingdom
London,GB,2023-08-03,12:00:00,1691038800,17.0,13.8,21.1,18.9,321.0,0.1,0.0,United Kingdom
London,GB,2023-08-04,12:00:00,1691125200,16.5,12.9,19.5,16.9,300.0,0.4,0.0,United Kingdom
London,GB,2023-08-05,12:00:00,1691211600,15.2,13.6,18.5,29.9,259.0,18.2,0.0,United Kingdom
London,GB,2023-08-06,12:00:00,1691298000,14.8,10.6,18.6,24.5,310.0,0.9,0.0,United Kingdom
London,GB,2023-08-07,12:00:00,1691384400,15.5,10.5,20.3,18.4,271.0,0.0,0.0,United Kingdom
London,GB,2023-08-08,12:00:00,1691470800,14.8,11.0,17.5,23.2,242.0,2.4,0.0,United Kingdom
London,GB,2023-08-09,12:00:00,1691557200,17.6,10.8,24.1,11.1,280.0,0.0,0.0,United Kingdom
London,GB,2023-08-10,12:00:00,1691643600,19.5,12.7,25.7,16.6,187.0,0.0,0.0,United Kingdom
London,GB,2023-08-11,12:00:00,1691730000,20.2,16.7,24.1,22.5,221.0,0.6,0.0,United Kingdom
London,GB,2023-08-12,12:00:00,1691816400,17.8,13.9,21.0,32.6,223.0,0.5,0.0,United Kingdom
London,GB,2023-08-13,12:00:00,1691902800,18.0,15.2,21.9,25.8,223.0,0.3,0.0,United Kingdom
London,GB,2023-08-14,12:00:00,1691989200,18.2,15.6,21.7,31.5,200.0,3.8,0.0,United Kingdom
London,GB,2023-08-15,12:00:00,1692075600,17.9,12.5,22.2,17.3,250.0,0.2,0.0,United Kingdom
London,GB,2023-08-16,12:00:00,1692162000,18.3,12.6,24.7,16.2,52.0,0.2,0.0,United Kingdom
London,GB,2023-08-17,12:00:00,1692248400,18.5,14.9,23.0,23.4,79.0,0.1,0.0,United Kingdom
London,GB,2023-08-18,12:00:00,1692334800,19.7,16.1,24.8,22.3,90.0,4.2,0.0,United Kingdom
London,GB,2023-08-19,12:00:00,1692421200,20.2,16.3,23.4,27.8,216.0,0.2,0.0,United Kingdom
London,GB,2023-08-20,12:00:00,1692507600,18.9,14.9,24.1,19.1,229.0,0.4,0.0,United Kingdom
London,GB,2023-08-21,12:00:00,1692594000,18.4,13.4,24.8,20.7,232.0,0.0,0.0,United Kingdom
London,GB,2023-08-22,12:00:00,1692680400,19.2,14.6,24.4,18.6,250.0,0.0,0.0,United Kingdom
London,GB,2023-08-23,12:00:00,1692766800,19.3,12.5,25.5,7.6,248.0,0.0,0.0,United Kingdom
London,GB,2023-08-24,12:00:00,1692853200,20.0,15.5,25.2,14.0,249.0,1.3,0.0,United Kingdom
London,GB,2023-08-25,12:00:00,1692939600,16.9,13.8,20.2,18.5,278.0,0.1,0.0,United Kingdom
London,GB,2023-08-26,12:00:00,1693026000,15.2,11.5,19.4,17.2,242.0,1.2,0.0,United Kingdom
London,GB,2023-08-27,12:00:00,1693112400,15.2,10.4,19.7,20.3,279.0,0.2,0.0,United Kingdom
London,GB,2023-08-28,12:00:00,1693198800,15.6,10.8,20.6,15.5,310.0,0.2,0.0,United Kingdom
London,GB,2023-08-29,12:00:00,1693285200,15.6,10.7,20.5,17.4,245.0,0.0,0.0,United Kingdom
London,GB,2023-08-30,12:00:00,1693371600,15.8,11.0,19.7,21.0,291.0,0.3,0.0,United Kingdom
London,GB,2023-08-31,12:00:00,1693458000,14.1,10.1,18.2,14.6,176.0,1.3,0.0,United Kingdom
London,GB,2023-09-01,12:00:00,1693544400,17.7,13.7,22.1,6.4,38.0,1.4,0.0,United Kingdom
London,GB,2023-09-02,12:00:00,1693630800,18.6,14.9,23.3,15.6,62.0,0.4,0.0,United Kingdom
London,GB,2023-09-03,12:00:00,1693717200,18.6,13.0,24.8,12.4,69.0,0.0,0.0,United Kingdom
London,GB,2023-09-04,12:00:00,1693803600,20.0,15.1,27.4,18.9,77.0,0.0,0.0,United Kingdom
London,GB,2023-09-05,12:00:00,1693890000,20.8,15.8,27.8,16.9,71.0,0.0,0.0,United Kingdom
London,GB,2023-09-06,12:00:00,1693976400,21.9,14.8,29.9,10.5,68.0,0.0,0.0,United Kingdom
London,GB,2023-09-07,12:00:00,1694062800,22.9,17.3,30.0,13.7,78.0,0.0,0.0,United Kingdom
London,GB,2023-09-08,12:00:00,1694149200,23.4,17.9,29.6,8.6,234.0,0.0,0.0,United Kingdom
London,GB,2023-09-09,12:00:00,1694235600,24.2,17.6,31.4,7.6,191.0,0.0,0.0,United Kingdom
London,GB,2023-09-10,12:00:00,1694322000,23.2,18.2,30.8,20.9,185.0,1.6,0.0,United Kingdom
London,GB,2023-09-11,12:00:00,1694408400,20.9,17.0,24.9,18.6,243.0,0.0,0.0,United Kingdom
London,GB,2023-09-12,12:00:00,1694494800,18.9,16.3,23.1,17.1,264.0,2.9,0.0,United Kingdom
London,GB,2023-09-13,12:00:00,1694581200,16.3,12.2,19.9,19.5,26.0,0.1,0.0,United Kingdom
London,GB,2023-09-14,12:00:00,1694667600,17.1,12.1,22.3,12.8,208.0,0.0,0.0,United Kingdom
London,GB,2023-09-15,12:00:00,1694754000,17.5,10.9,24.9,13.5,159.0,0.0,0.0,United Kingdom
London,GB,2023-09-16,12:00:00,1694840400,18.7,12.5,25.9,17.1,61.0,0.0,0.0,United Kingdom
London,GB,2023-09-17,12:00:00,1694926800,18.2,14.9,21.1,26.3,80.0,4.8,0.0,United Kingdom
London,GB,2023-09-18,12:00:00,1695013200,17.0,14.0,19.1,32.3,236.0,7.3,0.0,United Kingdom
London,GB,2023-09-19,12:00:00,1695099600,16.7,13.4,19.4,45.6,225.0,0.4,0.0,United Kingdom
London,GB,2023-09-20,12:00:00,1695186000,18.0,15.2,20.5,48.5,210.0,27.3,0.0,United Kingdom
London,GB,2023-09-21,12:00:00,1695272400,14.0,10.7,17.7,17.1,214.0,5.5,0.0,United Kingdom
London,GB,2023-09-22,12:00:00,1695358800,12.5,8.7,17.6,19.1,266.0,1.5,0.0,United Kingdom
London,GB,2023-09-23,12:00:00,1695445200,12.7,8.3,17.2,16.1,246.0,0.0,0.0,United Kingdom
London,GB,2023-09-24,12:00:00,1695531600,16.9,12.4,20.2,30.6,191.0,0.0,0.0,United Kingdom
London,GB,2023-09-25,12:00:00,1695618000,18.1,14.5,21.6,25.2,218.0,0.2,0.0,United Kingdom
London,GB,2023-09-26,12:00:00,1695704400,17.2,13.4,22.4,25.7,201.0,1.8,0.0,United Kingdom
London,GB,2023-09-27,12:00:00,1695790800,17.4,13.3,21.6,28.7,179.0,0.0,0.0,United Kingdom
London,GB,2023-09-28,12:00:00,1695877200,16.7,13.5,19.5,26.5,213.0,0.1,0.0,United Kingdom
London,GB,2023-09-29,12:00:00,1695963600,17.1,13.2,19.1,23.1,261.0,2.4,0.0,United Kingdom
London,GB,2023-09-30,12:00:00,1696050000,14.7,10.4,19.1,19.0,210.0,0.0,0.0,United Kingdom
London,GB,2023-10-01,12:00:00,1696136400,18.2,15.0,22.6,22.4,219.0,0.0,0.0,United Kingdom
London,GB,2023-10-02,12:00:00,1696222800,17.7,14.4,22.5,19.0,197.0,4.1,0.0,United Kingdom
London,GB,2023-10-03,12:00:00,1696309200,14.9,12.4,18.3,25.9,264.0,0.3,0.0,United Kingdom
London,GB,2023-10-04,12:00:00,1696395600,13.9,10.6,17.8,25.1,244.0,0.0,0.0,United Kingdom
London,GB,2023-10-05,12:00:00,1696482000,14.7,11.9,18.6,22.1,232.0,0.2,0.0,United Kingdom
London,GB,2023-10-06,12:00:00,1696568400,16.5,13.5,21.0,24.6,238.0,0.0,0.0,United Kingdom
London,GB,2023-10-07,12:00:00,1696654800,17.6,13.8,23.0,21.9,236.0,0.0,0.0,United Kingdom
London,GB,2023-10-08,12:00:00,1696741200,16.8,12.7,23.3,12.2,243.0,0.0,0.0,United Kingdom
London,GB,2023-10-09,12:00:00,1696827600,16.7,12.6,23.2,11.0,247.0,0.0,0.0,United Kingdom
London,GB,2023-10-10,12:00:00,1696914000,16.5,12.4,21.4,20.6,231.0,0.0,0.0,United Kingdom
London,GB,2023-10-11,12:00:00,1697000400,17.2,14.2,20.6,25.3,228.0,0.4,0.0,United Kingdom
London,GB,2023-10-12,12:00:00,1697086800,15.1,13.1,16.1,16.9,281.0,15.7,0.0,United Kingdom
London,GB,2023-10-13,12:00:00,1697173200,17.1,10.5,20.6,38.3,227.0,14.2,0.0,United Kingdom
London,GB,2023-10-14,12:00:00,1697259600,9.8,7.2,13.4,20.7,284.0,0.3,0.0,United Kingdom
London,GB,2023-10-15,12:00:00,1697346000,6.9,4.3,10.5,14.2,334.0,0.0,0.0,United Kingdom
London,GB,2023-10-16,12:00:00,1697432400,7.7,2.4,12.0,19.1,65.0,0.0,0.0,United Kingdom
London,GB,2023-10-17,12:00:00,1697518800,11.7,9.1,14.5,27.8,91.0,0.0,0.0,United Kingdom
London,GB,2023-10-18,12:00:00,1697605200,12.8,10.2,16.7,32.2,99.0,7.2,0.0,United Kingdom
London,GB,2023-10-19,12:00:00,1697691600,15.8,14.4,17.8,33.2,181.0,6.0,0.0,United Kingdom
London,GB,2023-10-20,12:00:00,1697778000,14.2,12.2,16.1,17.9,199.0,11.3,0.0,United Kingdom
London,GB,2023-10-21,12:00:00,1697864400,12.8,9.6,16.2,21.8,223.0,3.4,0.0,United Kingdom
London,GB,2023-10-22,12:00:00,1697950800,10.0,6.7,15.1,12.7,225.0,0.0,0.0,United Kingdom
London,GB,2023-10-23,12:00:00,1698037200,10.9,6.9,15.0,16.3,98.0,0.8,0.0,United Kingdom
London,GB,2023-10-24,12:00:00,1698123600,10.3,7.3,14.2,17.4,219.0,3.2,0.0,United Kingdom
London,GB,2023-10-25,12:00:00,1698210000,10.3,8.0,13.9,16.2,41.0,0.8,0.0,United Kingdom
London,GB,2023-10-26,12:00:00,1698296400,11.2,7.3,15.7,18.2,188.0,2.6,0.0,United Kingdom
London,GB,2023-10-27,12:00:00,1698382800,10.0,7.2,14.3,17.8,205.0,1.0,0.0,United Kingdom
London,GB,2023-10-28,12:00:00,1698469200,11.8,9.0,15.3,26.1,184.0,10.4,0.0,United Kingdom
London,GB,2023-10-29,12:00:00,1698555600,10.8,9.1,12.4,24.7,212.0,6.7,0.0,United Kingdom
London,GB,2023-10-30,12:00:00,1698642000,10.9,7.3,14.5,20.0,208.0,0.8,0.0,United Kingdom
London,GB,2023-10-31,12:00:00,1698728400,9.9,6.6,14.1,15.2,220.0,2.4,0.0,United Kingdom
London,GB,2023-11-01,12:00:00,1698814800,12.0,9.6,13.6,30.6,199.0,7.3,0.0,United Kingdom
London,GB,2023-11-02,12:00:00,1698901200,10.4,9.2,11.6,42.8,227.0,21.3,0.0,United Kingdom
London,GB,2023-11-03,12:00:00,1698987600,9.5,7.2,13.2,29.4,244.0,6.3,0.0,United Kingdom
London,GB,2023-11-04,12:00:00,1699074000,8.6,5.1,12.6,26.5,182.0,5.5,0.0,United Kingdom
London,GB,2023-11-05,12:00:00,1699160400,9.0,6.1,12.6,29.6,265.0,0.1,0.0,United Kingdom
London,GB,2023-11-06,12:00:00,1699246800,8.9,6.6,12.7,25.6,237.0,0.0,0.0,United Kingdom
London,GB,2023-11-07,12:00:00,1699333200,7.8,5.4,11.9,26.0,244.0,0.1,0.0,United Kingdom
London,GB,2023-11-08,12:00:00,1699419600,9.5,5.9,13.0,35.8,219.0,3.3,0.0,United Kingdom
London,GB,2023-11-09,12:00:00,1699506000,8.0,5.8,10.6,23.5,223.0,0.1,0.0,United Kingdom
London,GB,2023-11-10,12:00:00,1699592400,6.6,4.2,9.4,20.3,272.0,1.7,0.0,United Kingdom
London,GB,2023-11-11,12:00:00,1699678800,5.4,2.8,10.2,14.5,262.0,0.0,0.0,United Kingdom
London,GB,2023-11-12,12:00:00,1699765200,6.8,3.4,9.3,12.4,113.0,2.0,0.0,United Kingdom
London,GB,2023-11-13,12:00:00,1699851600,12.2,8.5,14.8,37.6,233.0,12.5,0.0,United Kingdom
London,GB,2023-11-14,12:00:00,1699938000,10.5,8.8,12.4,28.5,247.0,6.1,0.0,United Kingdom
London,GB,2023-11-15,12:00:00,1700024400,8.7,5.5,11.7,27.4,256.0,0.0,0.0,United Kingdom
London,GB,2023-11-16,12:00:00,1700110800,5.8,3.6,7.6,13.8,341.0,3.0,0.0,United Kingdom
London,GB,2023-11-17,12:00:00,1700197200,6.1,3.5,10.3,14.6,233.0,1.2,0.0,United Kingdom
London,GB,2023-11-18,12:00:00,1700283600,12.1,7.8,14.7,26.1,209.0,5.5,0.0,United Kingdom
London,GB,2023-11-19,12:00:00,1700370000,12.0,10.8,13.9,30.4,238.0,0.0,0.0,United Kingdom
London,GB,2023-11-20,12:00:00,1700456400,9.9,7.7,11.8,24.2,269.0,3.0,0.0,United Kingdom
London,GB,2023-11-21,12:00:00,1700542800,9.4,5.8,11.2,21.9,350.0,0.7,0.0,United Kingdom
London,GB,2023-11-22,12:00:00,1700629200,6.9,3.1,9.9,15.7,259.0,0.0,0.0,United Kingdom
London,GB,2023-11-23,12:00:00,1700715600,10.5,8.1,12.2,25.4,271.0,0.1,0.0,United Kingdom
London,GB,2023-11-24,12:00:00,1700802000,7.0,2.2,11.8,25.3,322.0,0.2,0.0,United Kingdom
London,GB,2023-11-25,12:00:00,1700888400,1.6,-0.4,5.3,13.4,299.0,0.0,0.0,United Kingdom
London,GB,2023-11-26,12:00:00,1700974800,3.4,-0.8,9.9,18.0,214.0,3.8,0.0,United Kingdom
London,GB,2023-11-27,12:00:00,1701061200,7.9,5.0,9.7,22.4,296.0,6.2,0.0,United Kingdom
London,GB,2023-11-28,12:00:00,1701147600,3.8,0.8,6.6,21.4,327.0,0.0,0.0,United Kingdom
London,GB,2023-11-29,12:00:00,1701234000,1.3,-1.0,4.4,10.0,341.0,0.0,0.0,United Kingdom
London,GB,2023-11-30,12:00:00,1701320400,0.1,-2.7,4.5,19.1,39.0,0.0,0.0,United Kingdom
London,GB,2023-12-01,12:00:00,1701406800,-0.0,-2.1,4.1,17.4,14.0,0.0,0.0,United Kingdom
London,GB,2023-12-02,12:00:00,1701493200,-2.4,-3.8,-0.4,9.0,258.0,0.0,0.0,United Kingdom
London,GB,2023-12-03,12:00:00,1701579600,4.3,-0.3,7.7,17.8,178.0,5.9,0.56,United Kingdom
London,GB,2023-12-04,12:00:00,1701666000,6.5,5.7,7.9,25.4,123.0,8.9,0.0,United Kingdom
London,GB,2023-12-05,12:00:00,1701752400,5.4,3.4,6.3,18.8,345.0,2.5,0.0,United Kingdom
London,GB,2023-12-06,12:00:00,1701838800,2.5,0.8,4.4,12.3,42.0,0.0,0.0,United Kingdom
London,GB,2023-12-07,12:00:00,1701925200,6.3,4.1,8.3,28.0,151.0,5.7,0.0,United Kingdom
London,GB,2023-12-08,12:00:00,1702011600,8.0,5.6,10.9,21.4,224.0,0.0,0.0,United Kingdom
London,GB,2023-12-09,12:00:00,1702098000,9.6,7.4,13.9,33.6,225.0,7.9,0.0,United Kingdom
London,GB,2023-12-10,12:00:00,1702184400,9.3,7.0,11.8,33.2,238.0,2.1,0.0,United Kingdom
London,GB,2023-12-11,12:00:00,1702270800,8.5,4.7,10.8,38.0,250.0,0.0,0.0,United Kingdom
London,GB,2023-12-12,12:00:00,1702357200,9.2,7.1,11.4,21.3,205.0,7.3,0.0,United Kingdom
London,GB,2023-12-13,12:00:00,1702443600,7.1,6.1,8.0,31.3,329.0,0.5,0.0,United Kingdom
London,GB,2023-12-14,12:00:00,1702530000,4.6,1.7,7.5,20.3,269.0,0.9,0.0,United Kingdom
London,GB,2023-12-15,12:00:00,1702616400,5.1,2.5,8.2,12.9,248.0,0.0,0.0,United Kingdom
London,GB,2023-12-16,12:00:00,1702702800,8.6,4.6,11.3,21.2,237.0,0.0,0.0,United Kingdom
London,GB,2023-12-17,12:00:00,1702789200,9.0,6.7,10.8,30.6,225.0,0.0,0.0,United Kingdom
London,GB,2023-12-18,12:00:00,1702875600,9.9,7.7,11.9,25.0,227.0,0.0,0.0,United Kingdom
London,GB,2023-12-19,12:00:00,1702962000,10.2,5.3,12.3,26.1,258.0,12.7,0.0,United Kingdom
London,GB,2023-12-20,12:00:00,1703048400,7.7,5.0,10.5,27.3,262.0,0.0,0.0,United Kingdom
London,GB,2023-12-21,12:00:00,1703134800,11.2,8.6,13.5,35.3,273.0,0.3,0.0,United Kingdom
London,GB,2023-12-22,12:00:00,1703221200,10.0,8.3,11.2,33.6,273.0,0.3,0.0,United Kingdom
London,GB,2023-12-23,12:00:00,1703307600,9.4,7.8,11.1,29.0,258.0,0.0,0.0,United Kingdom
London,GB,2023-12-24,12:00:00,1703394000,12.4,10.6,13.3,33.8,243.0,1.2,0.0,United Kingdom
London,GB,2023-12-25,12:00:00,1703480400,12.3,11.3,12.9,29.5,244.0,3.2,0.0,United Kingdom
London,GB,2023-12-26,12:00:00,1703566800,7.2,4.1,10.4,24.6,252.0,0.0,0.0,United Kingdom
London,GB,2023-12-27,12:00:00,1703653200,10.0,6.3,12.0,40.2,197.0,6.5,0.0,United Kingdom
London,GB,2023-12-28,12:00:00,1703739600,10.7,9.1,11.7,40.5,225.0,0.4,0.0,United Kingdom
London,GB,2023-12-29,12:00:00,1703826000,8.7,6.3,10.6,28.5,241.0,1.5,0.0,United Kingdom
London,GB,2023-12-30,12:00:00,1703912400,8.9,5.2,11.5,37.0,201.0,3.0,0.0,United Kingdom
London,GB,2023-12-31,12:00:00,1703998800,8.4,6.5,10.6,40.7,217.0,8.2,0.0,United Kingdom
London,GB,2024-01-01,12:00:00,1704085200,7.8,5.9,10.1,30.6,225.0,8.3,0.0,United Kingdom
London,GB,2024-01-02,12:00:00,1704171600,11.1,8.9,12.9,52.3,230.0,9.6,0.0,United Kingdom
London,GB,2024-01-03,12:00:00,1704258000,8.4,6.5,10.4,25.9,245.0,2.3,0.0,United Kingdom
London,GB,2024-01-04,12:00:00,1704344400,6.9,5.0,8.3,27.4,240.0,27.7,0.0,United Kingdom
London,GB,2024-01-05,12:00:00,1704430800,5.7,4.5,7.1,33.7,309.0,4.6,0.0,United Kingdom
London,GB,2024-01-06,12:00:00,1704517200,4.8,3.8,6.4,16.6,340.0,0.2,0.0,United Kingdom
London,GB,2024-01-07,12:00:00,1704603600,3.2,1.5,4.8,22.2,17.0,0.0,0.0,United Kingdom
London,GB,2024-01-08,12:00:00,1704690000,2.1,1.1,3.4,27.6,46.0,0.7,0.21,United Kingdom
London,GB,2024-01-09,12:00:00,1704776400,1.7,0.7,4.1,31.4,63.0,0.0,0.0,United Kingdom
London,GB,2024-01-10,12:00:00,1704862800,1.9,0.5,4.8,22.5,46.0,0.0,0.0,United Kingdom
London,GB,2024-01-11,12:00:00,1704949200,2.4,-0.8,5.6,24.0,31.0,0.0,0.0,United Kingdom
London,GB,2024-01-12,12:00:00,1705035600,5.2,3.9,6.9,18.1,24.0,0.0,0.0,United Kingdom
London,GB,2024-01-13,12:00:00,1705122000,3.3,1.6,4.5,10.7,270.0,0.0,0.0,United Kingdom
London,GB,2024-01-14,12:00:00,1705208400,3.6,1.7,5.8,17.1,279.0,1.6,0.0,United Kingdom
London,GB,2024-01-15,12:00:00,1705294800,-0.5,-3.9,2.5,18.8,299.0,0.0,0.0,United Kingdom
London,GB,2024-01-16,12:00:00,1705381200,-1.6,-4.4,3.9,11.8,231.0,0.0,0.0,United Kingdom
London,GB,2024-01-17,12:00:00,1705467600,0.3,-2.3,2.5,19.9,18.0,0.0,0.0,United Kingdom
London,GB,2024-01-18,12:00:00,1705554000,-2.2,-5.0,2.6,15.3,318.0,0.0,0.0,United Kingdom
London,GB,2024-01-19,12:00:00,1705640400,-0.8,-3.7,4.8,13.7,243.0,0.0,0.0,United Kingdom
London,GB,2024-01-20,12:00:00,1705726800,2.5,-0.9,5.2,26.9,203.0,0.0,0.0,United Kingdom
London,GB,2024-01-21,12:00:00,1705813200,9.0,4.2,11.8,49.0,210.0,1.3,0.0,United Kingdom
London,GB,2024-01-22,12:00:00,1705899600,9.6,6.9,12.5,50.1,241.0,6.0,0.0,United Kingdom
London,GB,2024-01-23,12:00:00,1705986000,8.7,4.1,12.9,37.4,226.0,2.9,0.0,United Kingdom
London,GB,2024-01-24,12:00:00,1706072400,9.7,6.7,13.0,36.1,252.0,0.1,0.0,United Kingdom
London,GB,2024-01-25,12:00:00,1706158800,9.0,3.7,11.9,27.1,215.0,0.1,0.0,United Kingdom
London,GB,2024-01-26,12:00:00,1706245200,8.1,2.6,12.1,33.2,251.0,1.6,0.0,United Kingdom
London,GB,2024-01-27,12:00:00,1706331600,3.8,-0.3,8.5,18.7,198.0,0.0,0.0,United Kingdom
London,GB,2024-01-28,12:00:00,1706418000,5.8,1.4,10.8,13.7,180.0,0.0,0.0,United Kingdom
London,GB,2024-01-29,12:00:00,1706504400,10.6,7.8,12.9,23.7,194.0,0.0,0.0,United Kingdom
London,GB,2024-01-30,12:00:00,1706590800,8.6,6.0,12.6,27.9,247.0,0.0,0.0,United Kingdom
London,GB,2024-01-31,12:00:00,1706677200,7.4,3.3,11.0,29.0,228.0,0.4,0.0,United Kingdom
London,GB,2024-02-01,12:00:00,1706763600,6.3,2.4,10.9,21.1,278.0,0.2,0.0,United Kingdom
London,GB,2024-02-02,12:00:00,1706850000,9.1,3.0,12.6,31.8,253.0,0.0,0.0,United Kingdom
London,GB,2024-02-03,12:00:00,1706936400,11.3,10.3,12.8,27.1,253.0,0.7,0.0,United Kingdom
London,GB,2024-02-04,12:00:00,1707022800,11.5,9.9,13.3,35.4,254.0,0.1,0.0,United Kingdom
London,GB,2024-02-05,12:00:00,1707109200,9.5,7.4,11.6,37.2,244.0,0.0,0.0,United Kingdom
London,GB,2024-02-06,12:00:00,1707195600,11.7,10.6,13.3,38.7,236.0,5.8,0.0,United Kingdom
London,GB,2024-02-07,12:00:00,1707282000,6.2,4.6,11.3,30.3,69.0,12.3,0.0,United Kingdom
London,GB,2024-02-08,12:00:00,1707368400,7.2,3.0,12.3,25.3,145.0,16.1,0.0,United Kingdom
London,GB,2024-02-09,12:00:00,1707454800,10.6,9.3,12.6,32.8,201.0,7.0,0.0,United Kingdom
London,GB,2024-02-10,12:00:00,1707541200,9.4,7.7,11.4,13.9,191.0,3.3,0.0,United Kingdom
London,GB,2024-02-11,12:00:00,1707627600,7.2,4.5,10.6,19.5,295.0,7.3,0.0,United Kingdom
London,GB,2024-02-12,12:00:00,1707714000,4.9,2.0,9.1,16.3,246.0,0.0,0.0,United Kingdom
London,GB,2024-02-13,12:00:00,1707800400,7.7,3.8,11.4,27.6,207.0,2.6,0.0,United Kingdom
London,GB,2024-02-14,12:00:00,1707886800,12.1,10.7,13.9,26.8,220.0,2.2,0.0,United Kingdom
London,GB,2024-02-15,12:00:00,1707973200,13.0,10.6,16.7,20.7,195.0,1.1,0.0,United Kingdom
London,GB,2024-02-16,12:00:00,1708059600,10.6,6.9,13.0,23.8,260.0,2.0,0.0,United Kingdom
London,GB,2024-02-17,12:00:00,1708146000,9.9,5.6,13.4,27.2,211.0,0.7,0.0,United Kingdom
London,GB,2024-02-18,12:00:00,1708232400,11.5,8.2,14.9,27.2,247.0,13.2,0.0,United Kingdom
London,GB,2024-02-19,12:00:00,1708318800,9.1,6.3,13.3,21.5,268.0,2.2,0.0,United Kingdom
London,GB,2024-02-20,12:00:00,1708405200,8.6,5.5,11.9,30.0,231.0,0.1,0.0,United Kingdom
London,GB,2024-02-21,12:00:00,1708491600,10.0,8.9,12.0,36.1,215.0,3.5,0.0,United Kingdom
London,GB,2024-02-22,12:00:00,1708578000,8.2,3.5,11.7,33.4,229.0,11.5,0.0,United Kingdom
London,GB,2024-02-23,12:00:00,1708664400,4.8,1.9,8.5,23.5,228.0,2.0,0.35,United Kingdom
London,GB,2024-02-24,12:00:00,1708750800,3.0,-1.5,8.1,8.7,238.0,1.6,0.0,United Kingdom
London,GB,2024-02-25,12:00:00,1708837200,4.4,-0.1,9.0,33.0,87.0,2.9,0.0,United Kingdom
London,GB,2024-02-26,12:00:00,1708923600,6.3,3.4,8.7,43.7,27.0,1.4,0.0,United Kingdom
London,GB,2024-02-27,12:00:00,1709010000,4.7,1.9,7.6,15.0,279.0,0.5,0.0,United Kingdom
London,GB,2024-02-28,12:00:00,1709096400,8.4,5.6,10.9,25.1,214.0,1.3,0.0,United Kingdom
London,GB,2024-02-29,12:00:00,1709182800,9.4,6.0,10.9,26.1,223.0,8.3,0.0,United Kingdom
London,GB,2024-03-01,12:00:00,1709269200,5.3,3.2,8.4,34.9,187.0,6.6,0.07,United Kingdom
London,GB,2024-03-02,12:00:00,1709355600,5.2,1.7,8.1,27.0,174.0,2.2,0.0,United Kingdom
London,GB,2024-03-03,12:00:00,1709442000,3.8,-0.9,9.1,12.0,253.0,0.0,0.0,United Kingdom
London,GB,2024-03-04,12:00:00,1709528400,5.1,-0.7,11.2,23.3,160.0,1.0,0.0,United Kingdom
London,GB,2024-03-05,12:00:00,1709614800,7.2,4.4,10.7,21.8,61.0,1.9,0.0,United Kingdom
London,GB,2024-03-06,12:00:00,1709701200,5.5,2.2,10.6,9.7,80.0,0.0,0.0,United Kingdom
London,GB,2024-03-07,12:00:00,1709787600,6.7,3.0,10.5,25.6,81.0,0.3,0.0,United Kingdom
London,GB,2024-03-08,12:00:00,1709874000,6.6,3.8,9.6,28.0,77.0,0.0,0.0,United Kingdom
London,GB,2024-03-09,12:00:00,1709960400,9.0,6.5,12.8,24.5,89.0,0.4,0.0,United Kingdom
London,GB,2024-03-10,12:00:00,1710046800,8.1,7.3,9.2,17.9,87.0,8.5,0.0,United Kingdom
London,GB,2024-03-11,12:00:00,1710133200,8.1,6.7,10.4,19.8,338.0,2.0,0.0,United Kingdom
London,GB,2024-03-12,12:00:00,1710219600,10.0,6.4,13.5,22.0,227.0,13.3,0.0,United Kingdom
London,GB,2024-03-13,12:00:00,1710306000,11.5,10.1,13.2,31.4,225.0,0.5,0.0,United Kingdom
London,GB,2024-03-14,12:00:00,1710392400,11.6,8.4,16.3,28.1,206.0,1.2,0.0,United Kingdom
London,GB,2024-03-15,12:00:00,1710478800,11.8,9.9,14.4,31.8,231.0,1.3,0.0,United Kingdom
London,GB,2024-03-16,12:00:00,1710565200,9.3,5.2,13.4,18.5,221.0,1.3,0.0,United Kingdom
London,GB,2024-03-17,12:00:00,1710651600,11.4,9.3,15.3,20.5,199.0,6.4,0.0,United Kingdom
London,GB,2024-03-18,12:00:00,1710738000,10.8,7.7,14.6,21.9,223.0,0.2,0.0,United Kingdom
London,GB,2024-03-19,12:00:00,1710824400,11.1,9.8,12.5,23.2,210.0,0.2,0.0,United Kingdom
London,GB,2024-03-20,12:00:00,1710910800,12.1,10.0,16.2,12.8,224.0,0.8,0.0,United Kingdom
London,GB,2024-03-21,12:00:00,1710997200,10.6,5.9,14.5,22.1,248.0,0.0,0.0,United Kingdom
London,GB,2024-03-22,12:00:00,1711083600,9.7,5.9,11.8,19.7,263.0,0.4,0.0,United Kingdom
London,GB,2024-03-23,12:00:00,1711170000,6.3,3.4,9.8,32.0,270.0,1.7,0.42,United Kingdom
London,GB,2024-03-24,12:00:00,1711256400,7.9,5.3,11.5,32.3,283.0,0.0,0.0,United Kingdom
London,GB,2024-03-25,12:00:00,1711342800,7.7,3.2,11.7,22.3,151.0,0.9,0.0,United Kingdom
London,GB,2024-03-26,12:00:00,1711429200,9.3,6.2,13.8,25.3,109.0,10.9,0.0,United Kingdom
London,GB,2024-03-27,12:00:00,1711515600,7.3,5.1,11.1,35.0,186.0,3.9,0.0,United Kingdom
London,GB,2024-03-28,12:00:00,1711602000,8.0,4.6,10.5,44.7,188.0,10.2,0.0,United Kingdom
London,GB,2024-03-29,12:00:00,1711688400,9.4,7.2,13.0,31.6,205.0,5.0,0.0,United Kingdom
London,GB,2024-03-30,12:00:00,1711774800,8.8,3.8,14.2,14.2,183.0,0.0,0.0,United Kingdom
London,GB,2024-03-31,12:00:00,1711861200,8.6,5.1,12.1,25.3,78.0,0.3,0.0,United Kingdom
London,GB,2024-04-01,12:00:00,1711947600,9.6,6.7,13.5,21.8,214.0,6.0,0.0,United Kingdom
London,GB,2024-04-02,12:00:00,1712034000,10.2,8.0,14.3,27.1,213.0,4.3,0.0,United Kingdom
London,GB,2024-04-03,12:00:00,1712120400,11.5,9.6,14.0,35.3,223.0,0.7,0.0,United Kingdom
London,GB,2024-04-04,12:00:00,1712206800,12.0,9.4,14.9,32.8,227.0,3.5,0.0,United Kingdom
London,GB,2024-04-05,12:00:00,1712293200,13.7,11.9,16.6,37.7,214.0,5.5,0.0,United Kingdom
London,GB,2024-04-06,12:00:00,1712379600,16.0,13.1,19.5,36.1,192.0,0.1,0.0,United Kingdom
London,GB,2024-04-07,12:00:00,1712466000,12.8,10.3,15.4,44.7,213.0,0.0,0.0,United Kingdom
London,GB,2024-04-08,12:00:00,1712552400,12.2,8.7,17.1,22.0,172.0,1.7,0.0,United Kingdom
London,GB,2024-04-09,12:00:00,1712638800,9.5,7.5,11.8,40.3,243.0,0.5,0.0,United Kingdom
London,GB,2024-04-10,12:00:00,1712725200,9.3,4.6,12.9,32.2,217.0,1.7,0.0,United Kingdom
London,GB,2024-04-11,12:00:00,1712811600,14.6,12.2,18.4,24.2,233.0,0.4,0.0,United Kingdom
London,GB,2024-04-12,12:00:00,1712898000,14.1,9.8,19.5,26.2,226.0,0.0,0.0,United Kingdom
London,GB,2024-04-13,12:00:00,1712984400,14.2,10.5,18.7,23.8,237.0,0.0,0.0,United Kingdom
London,GB,2024-04-14,12:00:00,1713070800,10.7,7.8,13.8,19.7,265.0,0.0,0.0,United Kingdom
London,GB,2024-04-15,12:00:00,1713157200,8.6,6.6,11.5,38.4,262.0,4.6,0.0,United Kingdom
London,GB,2024-04-16,12:00:00,1713243600,8.9,5.6,13.1,32.1,312.0,4.6,0.14,United Kingdom
London,GB,2024-04-17,12:00:00,1713330000,7.4,4.3,11.3,23.2,315.0,0.5,0.0,United Kingdom
London,GB,2024-04-18,12:00:00,1713416400,8.3,3.2,12.7,21.0,302.0,0.9,0.0,United Kingdom
London,GB,2024-04-19,12:00:00,1713502800,10.1,7.6,13.7,28.8,309.0,1.2,0.0,United Kingdom
London,GB,2024-04-20,12:00:00,1713589200,7.0,3.3,10.3,24.2,358.0,0.2,0.0,United Kingdom
London,GB,2024-04-21,12:00:00,1713675600,7.4,3.7,10.6,26.9,15.0,0.0,0.0,United Kingdom
London,GB,2024-04-22,12:00:00,1713762000,6.1,3.0,8.2,12.2,358.0,1.0,0.0,United Kingdom
London,GB,2024-04-23,12:00:00,1713848400,7.7,6.0,10.9,21.7,344.0,1.5,0.0,United Kingdom
London,GB,2024-04-24,12:00:00,1713934800,6.8,2.5,9.2,21.1,336.0,0.0,0.0,United Kingdom
London,GB,2024-04-25,12:00:00,1714021200,7.1,1.3,12.1,18.0,263.0,4.2,0.0,United Kingdom
London,GB,2024-04-26,12:00:00,1714107600,7.3,2.1,11.9,13.1,66.0,0.0,0.0,United Kingdom
London,GB,2024-04-27,12:00:00,1714194000,8.9,6.6,12.2,22.8,55.0,7.5,0.0,United Kingdom
London,GB,2024-04-28,12:00:00,1714280400,8.4,6.7,11.4,27.1,293.0,14.0,0.0,United Kingdom
London,GB,2024-04-29,12:00:00,1714366800,10.4,5.8,14.7,27.7,197.0,0.3,0.0,United Kingdom
London,GB,2024-04-30,12:00:00,1714453200,12.5,7.3,17.5,25.2,154.0,0.4,0.0,United Kingdom
London,GB,2024-05-01,12:00:00,1714539600,13.9,8.1,19.2,12.8,69.0,0.1,0.0,United Kingdom
London,GB,2024-05-02,12:00:00,1714626000,13.9,10.6,19.7,22.4,308.0,2.5,0.0,United Kingdom
London,GB,2024-05-03,12:00:00,1714712400,10.7,9.3,12.7,24.7,243.0,9.0,0.0,United Kingdom
London,GB,2024-05-04,12:00:00,1714798800,11.5,6.9,15.5,13.1,176.0,2.7,0.0,United Kingdom
London,GB,2024-05-05,12:00:00,1714885200,11.5,6.1,16.6,17.8,174.0,0.3,0.0,United Kingdom
London,GB,2024-05-06,12:00:00,1714971600,11.6,7.8,15.3,15.8,35.0,9.7,0.0,United Kingdom
London,GB,2024-05-07,12:00:00,1715058000,13.8,8.7,19.2,15.0,27.0,0.5,0.0,United Kingdom
London,GB,2024-05-08,12:00:00,1715144400,13.2,8.0,19.5,9.9,61.0,0.0,0.0,United Kingdom
London,GB,2024-05-09,12:00:00,1715230800,15.3,9.2,22.0,11.4,231.0,0.0,0.0,United Kingdom
London,GB,2024-05-10,12:00:00,1715317200,15.5,10.0,22.2,17.4,97.0,0.0,0.0,United Kingdom
London,GB,2024-05-11,12:00:00,1715403600,15.2,9.3,21.0,20.9,81.0,0.0,0.0,United Kingdom
London,GB,2024-05-12,12:00:00,1715490000,17.6,12.1,24.9,19.5,94.0,0.0,0.0,United Kingdom
London,GB,2024-05-13,12:00:00,1715576400,15.2,10.9,18.2,27.1,183.0,0.3,0.0,United Kingdom
London,GB,2024-05-14,12:00:00,1715662800,14.8,13.5,17.0,21.0,150.0,6.6,0.0,United Kingdom
London,GB,2024-05-15,12:00:00,1715749200,15.1,11.5,19.5,14.7,146.0,0.6,0.0,United Kingdom
London,GB,2024-05-16,12:00:00,1715835600,13.8,9.6,17.4,10.0,128.0,2.1,0.0,United Kingdom
London,GB,2024-05-17,12:00:00,1715922000,15.2,9.2,19.9,7.9,227.0,0.2,0.0,United Kingdom
London,GB,2024-05-18,12:00:00,1716008400,15.3,11.3,19.4,13.8,23.0,1.6,0.0,United Kingdom
London,GB,2024-05-19,12:00:00,1716094800,15.3,8.7,21.4,19.3,34.0,0.2,0.0,United Kingdom
London,GB,2024-05-20,12:00:00,1716181200,14.4,8.8,20.2,16.2,37.0,0.1,0.0,United Kingdom
London,GB,2024-05-21,12:00:00,1716267600,13.1,9.8,16.0,12.9,6.0,8.4,0.0,United Kingdom
London,GB,2024-05-22,12:00:00,1716354000,13.7,12.6,15.2,22.4,254.0,14.3,0.0,United Kingdom
London,GB,2024-05-23,12:00:00,1716440400,14.2,11.4,17.5,22.7,260.0,0.0,0.0,United Kingdom
London,GB,2024-05-24,12:00:00,1716526800,13.0,7.3,17.6,12.9,242.0,0.0,0.0,United Kingdom
London,GB,2024-05-25,12:00:00,1716613200,14.6,9.0,20.0,15.4,181.0,0.1,0.0,United Kingdom
London,GB,2024-05-26,12:00:00,1716699600,15.0,12.2,18.6,27.9,207.0,5.4,0.0,United Kingdom
London,GB,2024-05-27,12:00:00,1716786000,13.0,9.6,16.6,19.9,232.0,0.8,0.0,United Kingdom
London,GB,2024-05-28,12:00:00,1716872400,14.1,9.8,18.5,32.0,213.0,4.0,0.0,United Kingdom
London,GB,2024-05-29,12:00:00,1716958800,15.5,12.0,19.2,24.0,265.0,0.5,0.0,United Kingdom
London,GB,2024-05-30,12:00:00,1717045200,13.8,11.1,17.5,22.9,316.0,3.4,0.0,United Kingdom
London,GB,2024-05-31,12:00:00,1717131600,13.3,11.5,15.5,37.8,346.0,1.1,0.0,United Kingdom
London,GB,2024-06-01,12:00:00,1717218000,13.2,8.9,16.6,27.8,8.0,0.0,0.0,United Kingdom
London,GB,2024-06-02,12:00:00,1717304400,15.2,8.0,21.6,14.9,357.0,0.0,0.0,United Kingdom
London,GB,2024-06-03,12:00:00,1717390800,16.2,10.5,19.7,12.6,315.0,0.3,0.0,United Kingdom
London,GB,2024-06-04,12:00:00,1717477200,15.8,12.4,19.7,23.4,245.0,3.7,0.0,United Kingdom
London,GB,2024-06-05,12:00:00,1717563600,12.2,6.3,15.5,20.9,276.0,0.0,0.0,United Kingdom
London,GB,2024-06-06,12:00:00,1717650000,13.1,8.7,16.8,15.3,258.0,0.1,0.0,United Kingdom
London,GB,2024-06-07,12:00:00,1717736400,13.8,7.5,18.2,20.9,251.0,0.1,0.0,United Kingdom
London,GB,2024-06-08,12:00:00,1717822800,14.0,9.6,17.7,19.8,286.0,0.6,0.0,United Kingdom
London,GB,2024-06-09,12:00:00,1717909200,12.6,6.4,16.9,22.3,287.0,0.0,0.0,United Kingdom
London,GB,2024-06-10,12:00:00,1717995600,12.0,8.6,14.7,29.5,311.0,8.0,0.0,United Kingdom
London,GB,2024-06-11,12:00:00,1718082000,11.1,6.7,15.2,14.1,316.0,2.0,0.0,United Kingdom
London,GB,2024-06-12,12:00:00,1718168400,12.1,7.6,15.9,12.1,269.0,1.0,0.0,United Kingdom
London,GB,2024-06-13,12:00:00,1718254800,12.3,7.2,15.9,26.2,200.0,1.6,0.0,United Kingdom
London,GB,2024-06-14,12:00:00,1718341200,14.9,12.3,18.1,28.7,211.0,2.4,0.0,United Kingdom
London,GB,2024-06-15,12:00:00,1718427600,13.5,9.7,17.4,34.8,228.0,2.6,0.0,United Kingdom
London,GB,2024-06-16,12:00:00,1718514000,15.0,10.7,19.9,23.3,235.0,0.1,0.0,United Kingdom
London,GB,2024-06-17,12:00:00,1718600400,15.9,9.9,20.8,17.1,234.0,0.0,0.0,United Kingdom
London,GB,2024-06-18,12:00:00,1718686800,16.4,11.5,21.0,15.5,1.0,0.3,0.0,United Kingdom
London,GB,2024-06-19,12:00:00,1718773200,15.2,11.5,19.8,22.9,50.0,0.0,0.0,United Kingdom
London,GB,2024-06-20,12:00:00,1718859600,15.4,8.2,21.2,13.1,69.0,0.0,0.0,United Kingdom
London,GB,2024-06-21,12:00:00,1718946000,17.0,10.4,23.1,25.5,228.0,0.1,0.0,United Kingdom
London,GB,2024-06-22,12:00:00,1719032400,17.4,13.7,21.9,17.3,251.0,1.6,0.0,United Kingdom
London,GB,2024-06-23,12:00:00,1719118800,17.8,10.7,23.0,10.8,257.0,0.0,0.0,United Kingdom
London,GB,2024-06-24,12:00:00,1719205200,20.5,14.1,26.4,14.3,190.0,0.0,0.0,United Kingdom
London,GB,2024-06-25,12:00:00,1719291600,20.8,13.0,28.0,18.1,99.0,0.0,0.0,United Kingdom
London,GB,2024-06-26,12:00:00,1719378000,21.7,14.4,28.0,18.4,123.0,0.0,0.0,United Kingdom
London,GB,2024-06-27,12:00:00,1719464400,19.7,15.1,23.3,26.0,254.0,0.0,0.0,United Kingdom
London,GB,2024-06-28,12:00:00,1719550800,16.9,12.1,21.7,25.9,257.0,0.0,0.0,United Kingdom
London,GB,2024-06-29,12:00:00,1719637200,17.5,10.2,22.9,7.6,280.0,0.0,0.0,United Kingdom
London,GB,2024-06-30,12:00:00,1719723600,17.2,15.5,19.9,17.7,327.0,0.3,0.0,United Kingdom
London,GB,2024-07-01,12:00:00,1719810000,16.5,12.8,19.4,20.5,293.0,0.1,0.0,United Kingdom
London,GB,2024-07-02,12:00:00,1719896400,15.4,12.8,17.7,20.0,318.0,0.1,0.0,United Kingdom
London,GB,2024-07-03,12:00:00,1719982800,15.4,12.7,18.5,21.6,235.0,1.6,0.0,United Kingdom
London,GB,2024-07-04,12:00:00,1720069200,16.0,12.4,19.7,30.8,267.0,0.4,0.0,United Kingdom
London,GB,2024-07-05,12:00:00,1720155600,16.3,13.5,21.0,28.7,228.0,22.0,0.0,United Kingdom
London,GB,2024-07-06,12:00:00,1720242000,14.7,11.8,16.7,29.7,256.0,10.3,0.0,United Kingdom
London,GB,2024-07-07,12:00:00,1720328400,13.6,10.1,17.6,24.7,228.0,12.3,0.0,United Kingdom
London,GB,2024-07-08,12:00:00,1720414800,14.6,8.9,18.5,16.2,175.0,4.6,0.0,United Kingdom
London,GB,2024-07-09,12:00:00,1720501200,17.1,14.8,20.0,20.4,171.0,18.3,0.0,United Kingdom
London,GB,2024-07-10,12:00:00,1720587600,17.8,14.6,20.6,28.0,228.0,0.2,0.0,United Kingdom
London,GB,2024-07-11,12:00:00,1720674000,16.9,11.7,21.4,18.9,269.0,0.3,0.0,United Kingdom
London,GB,2024-07-12,12:00:00,1720760400,15.0,13.2,17.7,19.2,21.0,0.0,0.0,United Kingdom
London,GB,2024-07-13,12:00:00,1720846800,14.7,11.0,18.4,14.3,282.0,0.6,0.0,United Kingdom
London,GB,2024-07-14,12:00:00,1720933200,16.0,10.1,20.9,16.0,237.0,0.1,0.0,United Kingdom
London,GB,2024-07-15,12:00:00,1721019600,16.4,10.9,21.6,18.9,146.0,7.0,0.0,United Kingdom
London,GB,2024-07-16,12:00:00,1721106000,17.5,14.0,20.8,19.5,257.0,1.4,0.0,United Kingdom
London,GB,2024-07-17,12:00:00,1721192400,17.6,11.7,22.5,14.3,249.0,0.0,0.0,United Kingdom
London,GB,2024-07-18,12:00:00,1721278800,19.4,12.1,26.3,17.6,188.0,0.0,0.0,United Kingdom
London,GB,2024-07-19,12:00:00,1721365200,22.3,14.6,29.5,14.8,166.0,0.0,0.0,United Kingdom
London,GB,2024-07-20,12:00:00,1721451600,20.0,15.7,24.0,19.8,216.0,0.1,0.0,United Kingdom
London,GB,2024-07-21,12:00:00,1721538000,19.2,16.5,22.0,15.5,278.0,0.0,0.0,United Kingdom
London,GB,2024-07-22,12:00:00,1721624400,18.4,12.8,23.4,30.6,222.0,0.4,0.0,United Kingdom
London,GB,2024-07-23,12:00:00,1721710800,19.3,16.8,23.1,20.2,294.0,2.1,0.0,United Kingdom
London,GB,2024-07-24,12:00:00,1721797200,18.7,14.0,23.4,21.4,200.0,0.5,0.0,United Kingdom
London,GB,2024-07-25,12:00:00,1721883600,17.9,15.9,20.3,26.5,214.0,2.3,0.0,United Kingdom
London,GB,2024-07-26,12:00:00,1721970000,17.9,13.1,22.0,18.2,253.0,0.0,0.0,United Kingdom
London,GB,2024-07-27,12:00:00,1722056400,17.5,12.7,22.1,14.7,277.0,0.0,0.0,United Kingdom
London,GB,2024-07-28,12:00:00,1722142800,18.4,11.5,24.7,14.9,162.0,0.0,0.0,United Kingdom
London,GB,2024-07-29,12:00:00,1722229200,20.4,13.0,27.1,16.0,103.0,0.0,0.0,United Kingdom
London,GB,2024-07-30,12:00:00,1722315600,22.3,15.2,29.2,16.2,69.0,0.0,0.0,United Kingdom
London,GB,2024-07-31,12:00:00,1722402000,21.5,17.8,26.6,21.3,76.0,0.3,0.0,United Kingdom
London,GB,2024-08-01,12:00:00,1722488400,21.5,17.3,27.1,13.1,64.0,7.7,0.0,United Kingdom
London,GB,2024-08-02,12:00:00,1722574800,21.2,16.8,26.2,19.5,258.0,1.5,0.0,United Kingdom
London,GB,2024-08-03,12:00:00,1722661200,20.2,17.0,24.1,21.2,249.0,0.8,0.0,United Kingdom
London,GB,2024-08-04,12:00:00,1722747600,17.4,12.4,22.5,17.2,246.0,0.0,0.0,United Kingdom
London,GB,2024-08-05,12:00:00,1722834000,19.1,13.8,24.6,20.7,216.0,0.0,0.0,United Kingdom
London,GB,2024-08-06,12:00:00,1722920400,19.0,15.5,21.9,22.4,227.0,2.2,0.0,United Kingdom
London,GB,2024-08-07,12:00:00,1723006800,17.1,11.6,21.7,24.0,244.0,0.0,0.0,United Kingdom
London,GB,2024-08-08,12:00:00,1723093200,17.7,12.4,21.1,33.8,215.0,0.1,0.0,United Kingdom
London,GB,2024-08-09,12:00:00,1723179600,20.5,16.4,24.2,26.5,251.0,0.0,0.0,United Kingdom
London,GB,2024-08-10,12:00:00,1723266000,19.1,14.0,23.6,24.8,237.0,0.0,0.0,United Kingdom
London,GB,2024-08-11,12:00:00,1723352400,21.0,15.3,27.3,21.4,82.0,0.0,0.0,United Kingdom
London,GB,2024-08-12,12:00:00,1723438800,24.4,18.3,31.3,20.0,174.0,0.0,0.0,United Kingdom
London,GB,2024-08-13,12:00:00,1723525200,19.7,13.8,25.6,19.4,231.0,0.0,0.0,United Kingdom
London,GB,2024-08-14,12:00:00,1723611600,19.9,16.6,24.2,11.3,271.0,0.6,0.0,United Kingdom
London,GB,2024-08-15,12:00:00,1723698000,18.8,13.4,23.1,33.9,225.0,0.1,0.0,United Kingdom
London,GB,2024-08-16,12:00:00,1723784400,19.6,16.0,23.5,20.5,296.0,1.2,0.0,United Kingdom
London,GB,2024-08-17,12:00:00,1723870800,17.2,11.3,22.2,12.1,282.0,0.0,0.0,United Kingdom
London,GB,2024-08-18,12:00:00,1723957200,18.3,12.4,25.0,17.3,277.0,0.0,0.0,United Kingdom
London,GB,2024-08-19,12:00:00,1724043600,17.0,11.3,21.4,30.5,216.0,1.7,0.0,United Kingdom
London,GB,2024-08-20,12:00:00,1724130000,19.1,14.8,22.4,25.1,241.0,0.3,0.0,United Kingdom
London,GB,2024-08-21,12:00:00,1724216400,16.2,11.4,20.0,24.8,247.0,0.1,0.0,United Kingdom
London,GB,2024-08-22,12:00:00,1724302800,17.7,15.4,19.9,40.2,218.0,0.7,0.0,United Kingdom
London,GB,2024-08-23,12:00:00,1724389200,18.9,15.9,22.0,37.4,233.0,0.9,0.0,United Kingdom
London,GB,2024-08-24,12:00:00,1724475600,15.7,13.1,17.7,19.8,234.0,11.4,0.0,United Kingdom
London,GB,2024-08-25,12:00:00,1724562000,15.1,10.1,19.7,30.9,232.0,0.0,0.0,United Kingdom
London,GB,2024-08-26,12:00:00,1724648400,17.6,13.9,22.1,22.3,229.0,0.0,0.0,United Kingdom
London,GB,2024-08-27,12:00:00,1724734800,18.6,14.5,23.9,22.2,191.0,0.0,0.0,United Kingdom
London,GB,2024-08-28,12:00:00,1724821200,20.0,12.7,27.1,17.8,174.0,0.0,0.0,United Kingdom
London,GB,2024-08-29,12:00:00,1724907600,17.2,12.4,21.8,18.4,270.0,0.0,0.0,United Kingdom
London,GB,2024-08-30,12:00:00,1724994000,16.3,10.8,22.2,18.3,53.0,0.0,0.0,United Kingdom
London,GB,2024-08-31,12:00:00,1725080400,17.1,13.1,20.9,29.4,61.0,0.0,0.0,United Kingdom
London,GB,2024-09-01,12:00:00,1725166800,20.7,16.1,26.9,22.0,70.0,0.0,0.0,United Kingdom
London,GB,2024-09-02,12:00:00,1725253200,19.6,17.5,23.1,22.6,196.0,1.4,0.0,United Kingdom
London,GB,2024-09-03,12:00:00,1725339600,18.3,14.7,21.8,16.1,252.0,2.9,0.0,United Kingdom
London,GB,2024-09-04,12:00:00,1725426000,16.4,13.6,19.1,13.2,346.0,0.5,0.0,United Kingdom
London,GB,2024-09-05,12:00:00,1725512400,17.3,13.8,21.4,34.2,39.0,9.3,0.0,United Kingdom
London,GB,2024-09-06,12:00:00,1725598800,18.2,15.5,23.0,19.2,236.0,9.4,0.0,United Kingdom
London,GB,2024-09-07,12:00:00,1725685200,16.6,12.7,21.0,11.0,89.0,6.2,0.0,United Kingdom
London,GB,2024-09-08,12:00:00,1725771600,16.2,13.8,19.5,13.7,190.0,8.8,0.0,United Kingdom
London,GB,2024-09-09,12:00:00,1725858000,15.2,12.6,17.7,26.3,298.0,0.0,0.0,United Kingdom
London,GB,2024-09-10,12:00:00,1725944400,14.3,10.6,18.4,32.2,252.0,2.2,0.0,United Kingdom
London,GB,2024-09-11,12:00:00,1726030800,11.2,8.1,15.6,30.1,282.0,3.9,0.0,United Kingdom
London,GB,2024-09-12,12:00:00,1726117200,9.8,6.5,14.4,17.1,309.0,2.6,0.0,United Kingdom
London,GB,2024-09-13,12:00:00,1726203600,10.8,5.7,15.9,10.8,313.0,0.0,0.0,United Kingdom
London,GB,2024-09-14,12:00:00,1726290000,11.8,4.7,18.7,15.8,232.0,0.0,0.0,United Kingdom
London,GB,2024-09-15,12:00:00,1726376400,13.5,8.1,19.3,17.8,249.0,1.5,0.0,United Kingdom
London,GB,2024-09-16,12:00:00,1726462800,15.2,11.3,19.8,15.7,16.0,0.0,0.0,United Kingdom
London,GB,2024-09-17,12:00:00,1726549200,14.8,9.7,20.5,22.4,46.0,0.0,0.0,United Kingdom
London,GB,2024-09-18,12:00:00,1726635600,17.5,13.0,23.0,26.2,54.0,0.0,0.0,United Kingdom
London,GB,2024-09-19,12:00:00,1726722000,18.4,14.8,24.0,26.1,50.0,0.1,0.0,United Kingdom
London,GB,2024-09-20,12:00:00,1726808400,17.5,13.5,22.4,24.1,51.0,4.3,0.0,United Kingdom
London,GB,2024-09-21,12:00:00,1726894800,18.3,14.9,23.0,15.5,74.0,0.4,0.0,United Kingdom
London,GB,2024-09-22,12:00:00,1726981200,17.4,15.2,20.5,17.0,93.0,18.8,0.0,United Kingdom
London,GB,2024-09-23,12:00:00,1727067600,15.8,14.8,18.1,23.7,221.0,48.7,0.0,United Kingdom
London,GB,2024-09-24,12:00:00,1727154000,14.7,11.8,16.4,18.0,271.0,5.5,0.0,United Kingdom
London,GB,2024-09-25,12:00:00,1727240400,13.6,10.6,17.1,21.9,196.0,10.0,0.0,United Kingdom
London,GB,2024-09-26,12:00:00,1727326800,13.8,11.9,16.3,29.9,220.0,13.1,0.0,United Kingdom
London,GB,2024-09-27,12:00:00,1727413200,10.8,7.6,12.9,29.3,311.0,2.9,0.0,United Kingdom
London,GB,2024-09-28,12:00:00,1727499600,9.2,4.5,13.6,15.8,283.0,0.0,0.0,United Kingdom
London,GB,2024-09-29,12:00:00,1727586000,11.0,6.2,14.7,27.6,145.0,5.1,0.0,United Kingdom
London,GB,2024-09-30,12:00:00,1727672400,14.0,11.9,16.1,32.4,220.0,11.7,0.0,United Kingdom
London,GB,2024-10-01,12:00:00,1727758800,12.5,10.6,14.4,27.5,289.0,12.7,0.0,United Kingdom
London,GB,2024-10-02,12:00:00,1727845200,13.8,11.1,17.1,26.8,23.0,1.0,0.0,United Kingdom
London,GB,2024-10-03,12:00:00,1727931600,11.5,8.1,15.5,18.3,50.0,0.0,0.0,United Kingdom
London,GB,2024-10-04,12:00:00,1728018000,10.3,5.8,16.1,11.1,129.0,0.0,0.0,United Kingdom
London,GB,2024-10-05,12:00:00,1728104400,11.6,6.1,16.8,18.6,141.0,0.0,0.0,United Kingdom
London,GB,2024-10-06,12:00:00,1728190800,13.7,11.7,15.5,23.7,156.0,4.0,0.0,United Kingdom
London,GB,2024-10-07,12:00:00,1728277200,14.1,11.6,17.5,20.7,197.0,10.2,0.0,United Kingdom
London,GB,2024-10-08,12:00:00,1728363600,14.2,12.2,17.1,27.0,189.0,4.3,0.0,United Kingdom
London,GB,2024-10-09,12:00:00,1728450000,13.8,12.5,16.5,22.1,265.0,2.1,0.0,United Kingdom
London,GB,2024-10-10,12:00:00,1728536400,9.6,4.2,12.5,21.5,343.0,3.4,0.0,United Kingdom
London,GB,2024-10-11,12:00:00,1728622800,7.1,2.0,12.1,12.1,238.0,0.0,0.0,United Kingdom
London,GB,2024-10-12,12:00:00,1728709200,10.6,8.0,14.9,21.9,202.0,3.4,0.0,United Kingdom
London,GB,2024-10-13,12:00:00,1728795600,8.0,4.8,10.7,21.6,267.0,0.0,0.0,United Kingdom
London,GB,2024-10-14,12:00:00,1728882000,10.2,7.4,13.1,24.6,81.0,14.1,0.0,United Kingdom
London,GB,2024-10-15,12:00:00,1728968400,13.1,9.8,16.8,19.7,103.0,0.2,0.0,United Kingdom
London,GB,2024-10-16,12:00:00,1729054800,17.3,14.4,21.4,24.6,152.0,6.2,0.0,United Kingdom
London,GB,2024-10-17,12:00:00,1729141200,14.9,9.5,17.4,17.2,229.0,2.7,0.0,United Kingdom
London,GB,2024-10-18,12:00:00,1729227600,11.4,8.2,16.2,18.5,218.0,0.6,0.0,United Kingdom
London,GB,2024-10-19,12:00:00,1729314000,13.8,10.0,16.4,21.1,209.0,7.3,0.0,United Kingdom
London,GB,2024-10-20,12:00:00,1729400400,14.0,10.7,17.5,36.7,201.0,3.6,0.0,United Kingdom
London,GB,2024-10-21,12:00:00,1729486800,12.5,10.0,14.2,23.7,225.0,1.7,0.0,United Kingdom
London,GB,2024-10-22,12:00:00,1729573200,11.3,8.2,15.8,23.3,233.0,0.2,0.0,United Kingdom
London,GB,2024-10-23,12:00:00,1729659600,11.5,8.0,16.3,15.5,200.0,0.2,0.0,United Kingdom
London,GB,2024-10-24,12:00:00,1729746000,12.6,9.7,16.8,17.5,141.0,0.0,0.0,United Kingdom
London,GB,2024-10-25,12:00:00,1729832400,13.9,10.7,17.7,15.9,157.0,4.2,0.0,United Kingdom
London,GB,2024-10-26,12:00:00,1729918800,11.7,8.4,16.1,11.3,162.0,0.0,0.0,United Kingdom
London,GB,2024-10-27,12:00:00,1730005200,10.1,6.1,14.3,15.3,241.0,0.0,0.0,United Kingdom
London,GB,2024-10-28,12:00:00,1730091600,13.5,10.9,15.9,24.8,228.0,0.5,0.0,United Kingdom
London,GB,2024-10-29,12:00:00,1730178000,14.1,11.7,15.6,11.5,267.0,0.6,0.0,United Kingdom
London,GB,2024-10-30,12:00:00,1730264400,10.8,7.4,14.4,9.2,14.0,0.0,0.0,United Kingdom
London,GB,2024-10-31,12:00:00,1730350800,9.7,6.5,14.3,8.0,351.0,0.0,0.0,United Kingdom
London,GB,2024-11-01,12:00:00,1730437200,10.1,7.3,12.8,12.6,282.0,0.0,0.0,United Kingdom
London,GB,2024-11-02,12:00:00,1730523600,12.2,10.3,14.4,13.4,74.0,0.1,0.0,United Kingdom
London,GB,2024-11-03,12:00:00,1730610000,12.0,11.0,13.6,14.2,83.0,0.0,0.0,United Kingdom
London,GB,2024-11-04,12:00:00,1730696400,11.0,9.4,12.7,11.0,79.0,0.0,0.0,United Kingdom
London,GB,2024-11-05,12:00:00,1730782800,10.8,9.4,13.2,8.5,352.0,0.0,0.0,United Kingdom
London,GB,2024-11-06,12:00:00,1730869200,10.9,9.6,12.4,6.8,126.0,0.0,0.0,United Kingdom
London,GB,2024-11-07,12:00:00,1730955600,11.0,9.9,12.7,13.5,90.0,0.0,0.0,United Kingdom
London,GB,2024-11-08,12:00:00,1731042000,8.9,7.6,10.3,14.1,90.0,0.2,0.0,United Kingdom
London,GB,2024-11-09,12:00:00,1731128400,8.0,6.7,9.2,5.5,266.0,0.0,0.0,United Kingdom
London,GB,2024-11-10,12:00:00,1731214800,8.5,4.2,11.3,11.2,236.0,0.0,0.0,United Kingdom
London,GB,2024-11-11,12:00:00,1731301200,9.1,5.8,11.4,14.7,333.0,0.0,0.0,United Kingdom
London,GB,2024-11-12,12:00:00,1731387600,8.8,5.7,12.2,28.9,15.0,0.0,0.0,United Kingdom
London,GB,2024-11-13,12:00:00,1731474000,8.8,6.6,11.3,11.9,356.0,0.0,0.0,United Kingdom
London,GB,2024-11-14,12:00:00,1731560400,9.5,6.9,11.6,11.3,4.0,0.5,0.0,United Kingdom
London,GB,2024-11-15,12:00:00,1731646800,8.2,6.7,9.9,7.8,269.0,0.0,0.0,United Kingdom
London,GB,2024-11-16,12:00:00,1731733200,7.4,3.9,10.7,11.4,247.0,0.6,0.0,United Kingdom
London,GB,2024-11-17,12:00:00,1731819600,8.3,6.9,9.8,14.3,272.0,0.5,0.0,United Kingdom
London,GB,2024-11-18,12:00:00,1731906000,7.1,5.4,7.9,13.1,79.0,9.2,0.0,United Kingdom
London,GB,2024-11-19,12:00:00,1731992400,4.6,1.3,11.1,20.4,327.0,11.1,0.98,United Kingdom
London,GB,2024-11-20,12:00:00,1732078800,1.6,-0.1,4.8,16.5,281.0,0.0,0.0,United Kingdom
London,GB,2024-11-21,12:00:00,1732165200,0.6,-0.4,3.0,12.7,279.0,0.0,0.0,United Kingdom
London,GB,2024-11-22,12:00:00,1732251600,3.0,0.4,6.3,18.7,265.0,1.5,1.05,United Kingdom
London,GB,2024-11-23,12:00:00,1732338000,8.2,1.3,14.2,32.2,193.0,9.7,0.0,United Kingdom
London,GB,2024-11-24,12:00:00,1732424400,16.0,13.4,17.4,32.8,204.0,9.0,0.0,United Kingdom
London,GB,2024-11-25,12:00:00,1732510800,10.3,7.1,12.2,17.8,232.0,1.7,0.0,United Kingdom
London,GB,2024-11-26,12:00:00,1732597200,7.0,5.3,9.4,12.0,220.0,0.1,0.0,United Kingdom
London,GB,2024-11-27,12:00:00,1732683600,6.1,3.0,8.4,18.9,343.0,18.5,0.0,United Kingdom
London,GB,2024-11-28,12:00:00,1732770000,2.4,0.5,4.8,8.4,71.0,0.0,0.0,United Kingdom
London,GB,2024-11-29,12:00:00,1732856400,6.2,3.3,9.6,11.6,138.0,0.0,0.0,United Kingdom
London,GB,2024-11-30,12:00:00,1732942800,11.4,7.8,13.8,12.0,189.0,0.0,0.0,United Kingdom
London,GB,2024-12-01,12:00:00,1733029200,11.7,10.8,13.3,16.9,193.0,2.2,0.0,United Kingdom
London,GB,2024-12-02,12:00:00,1733115600,9.1,7.7,11.7,17.5,261.0,0.4,0.0,United Kingdom
London,GB,2024-12-03,12:00:00,1733202000,5.8,4.1,7.7,9.4,354.0,0.0,0.0,United Kingdom
London,GB,2024-12-04,12:00:00,1733288400,6.1,2.6,9.5,18.3,219.0,0.7,0.0,United Kingdom
London,GB,2024-12-05,12:00:00,1733374800,11.8,9.3,14.1,29.3,224.0,8.5,0.0,United Kingdom
London,GB,2024-12-06,12:00:00,1733461200,8.0,6.5,10.5,26.7,254.0,0.3,0.0,United Kingdom
London,GB,2024-12-07,12:00:00,1733547600,8.3,6.1,12.6,30.7,264.0,6.2,0.0,United Kingdom
London,GB,2024-12-08,12:00:00,1733634000,7.1,6.6,7.7,28.5,351.0,8.1,0.0,United Kingdom
London,GB,2024-12-09,12:00:00,1733720400,7.4,7.0,7.9,22.0,25.0,0.1,0.0,United Kingdom
London,GB,2024-12-10,12:00:00,1733806800,6.8,6.2,7.1,18.8,33.0,0.1,0.0,United Kingdom
London,GB,2024-12-11,12:00:00,1733893200,6.2,5.9,6.7,15.0,40.0,0.1,0.0,United Kingdom
London,GB,2024-12-12,12:00:00,1733979600,6.5,5.3,7.3,9.3,50.0,0.2,0.0,United Kingdom
London,GB,2024-12-13,12:00:00,1734066000,5.3,3.9,6.6,6.8,124.0,0.1,0.0,United Kingdom
London,GB,2024-12-14,12:00:00,1734152400,5.4,3.9,7.7,12.1,266.0,0.3,0.0,United Kingdom
London,GB,2024-12-15,12:00:00,1734238800,8.9,4.9,11.6,17.6,251.0,0.0,0.0,United Kingdom
London,GB,2024-12-16,12:00:00,1734325200,10.3,8.2,11.1,17.8,245.0,0.2,0.0,United Kingdom
London,GB,2024-12-17,12:00:00,1734411600,8.4,5.3,10.6,17.1,202.0,0.0,0.0,United Kingdom
London,GB,2024-12-18,12:00:00,1734498000,12.6,10.4,14.0,28.8,217.0,3.8,0.0,United Kingdom
London,GB,2024-12-19,12:00:00,1734584400,6.9,4.5,12.6,27.8,283.0,3.0,0.0,United Kingdom
London,GB,2024-12-20,12:00:00,1734670800,5.5,2.6,8.4,15.6,242.0,0.7,0.0,United Kingdom
London,GB,2024-12-21,12:00:00,1734757200,8.2,4.8,12.3,23.3,246.0,2.3,0.0,United Kingdom
London,GB,2024-12-22,12:00:00,1734843600,5.7,4.3,7.9,24.6,279.0,1.8,0.14,United Kingdom
London,GB,2024-12-23,12:00:00,1734930000,5.3,4.2,6.0,21.0,291.0,1.7,0.0,United Kingdom
London,GB,2024-12-24,12:00:00,1735016400,9.3,6.2,12.2,12.1,253.0,0.0,0.0,United Kingdom
London,GB,2024-12-25,12:00:00,1735102800,9.4,8.9,10.3,9.9,243.0,0.0,0.0,United Kingdom
London,GB,2024-12-26,12:00:00,1735189200,7.5,6.9,8.8,4.4,213.0,0.0,0.0,United Kingdom
London,GB,2024-12-27,12:00:00,1735275600,6.6,6.2,7.9,3.5,44.0,0.0,0.0,United Kingdom
London,GB,2024-12-28,12:00:00,1735362000,5.5,4.8,6.5,8.3,231.0,0.0,0.0,United Kingdom
London,GB,2024-12-29,12:00:00,1735448400,5.8,4.8,7.2,11.4,244.0,0.0,0.0,United Kingdom
London,GB,2024-12-30,12:00:00,1735534800,7.4,6.4,8.9,16.4,234.0,0.0,0.0,United Kingdom
London,GB,2024-12-31,12:00:00,1735621200,9.4,7.5,11.2,24.7,225.0,0.0,0.0,United Kingdom
London,GB,2025-01-01,12:00:00,1735707600,9.1,5.3,11.8,30.6,234.0,10.5,0.0,United Kingdom
London,GB,2025-01-02,12:00:00,1735794000,2.1,-0.3,4.4,9.2,318.0,0.0,0.0,United Kingdom
London,GB,2025-01-03,12:00:00,1735880400,0.4,-1.2,3.4,10.6,254.0,0.0,0.0,United Kingdom
London,GB,2025-01-04,12:00:00,1735966800,0.8,-1.6,3.2,15.5,132.0,1.8,0.77,United Kingdom
London,GB,2025-01-05,12:00:00,1736053200,7.7,0.7,12.6,24.9,189.0,23.5,3.57,United Kingdom
London,GB,2025-01-06,12:00:00,1736139600,7.3,2.5,12.0,31.6,229.0,7.4,0.0,United Kingdom
London,GB,2025-01-07,12:00:00,1736226000,2.5,0.8,5.0,13.3,251.0,0.1,0.07,United Kingdom
London,GB,2025-01-08,12:00:00,1736312400,0.6,-0.7,1.8,11.2,360.0,3.0,1.12,United Kingdom
London,GB,2025-01-09,12:00:00,1736398800,1.0,-0.8,3.1,11.7,303.0,0.6,0.07,United Kingdom
London,GB,2025-01-10,12:00:00,1736485200,-0.6,-1.9,1.4,7.6,337.0,0.0,0.0,United Kingdom
London,GB,2025-01-11,12:00:00,1736571600,-2.1,-3.7,1.7,4.8,285.0,0.0,0.0,United Kingdom
London,GB,2025-01-12,12:00:00,1736658000,-0.7,-4.4,3.2,8.6,210.0,0.0,0.0,United Kingdom
London,GB,2025-01-13,12:00:00,1736744400,3.3,1.6,6.0,11.0,205.0,0.0,0.0,United Kingdom
London,GB,2025-01-14,12:00:00,1736830800,5.3,2.5,8.9,11.8,239.0,0.0,0.0,United Kingdom
London,GB,2025-01-15,12:00:00,1736917200,8.7,7.7,10.1,7.0,270.0,0.0,0.0,United Kingdom
London,GB,2025-01-16,12:00:00,1737003600,7.5,6.1,9.7,10.8,195.0,0.0,0.0,United Kingdom
London,GB,2025-01-17,12:00:00,1737090000,5.4,3.6,6.5,8.1,208.0,0.0,0.0,United Kingdom
London,GB,2025-01-18,12:00:00,1737176400,2.6,2.2,3.5,7.5,108.0,0.0,0.0,United Kingdom
London,GB,2025-01-19,12:00:00,1737262800,2.6,1.8,3.4,8.5,160.0,0.2,0.0,United Kingdom
London,GB,2025-01-20,12:00:00,1737349200,3.6,2.2,6.1,8.6,208.0,0.1,0.0,United Kingdom
London,GB,2025-01-21,12:00:00,1737435600,2.3,-0.9,5.0,7.3,179.0,0.0,0.0,United Kingdom
London,GB,2025-01-22,12:00:00,1737522000,3.3,2.3,4.4,9.2,346.0,1.0,0.0,United Kingdom
London,GB,2025-01-23,12:00:00,1737608400,4.7,1.5,8.3,23.2,228.0,4.7,0.0,United Kingdom
London,GB,2025-01-24,12:00:00,1737694800,9.0,6.5,10.8,33.5,215.0,3.8,0.0,United Kingdom
London,GB,2025-01-25,12:00:00,1737781200,5.4,2.8,8.0,12.8,242.0,2.1,0.0,United Kingdom
London,GB,2025-01-26,12:00:00,1737867600,4.9,1.7,8.9,30.2,170.0,8.3,0.0,United Kingdom
London,GB,2025-01-27,12:00:00,1737954000,7.6,6.9,9.4,28.3,203.0,9.0,0.0,United Kingdom
London,GB,2025-01-28,12:00:00,1738040400,8.4,7.3,9.6,24.8,224.0,4.0,0.0,United Kingdom
London,GB,2025-01-29,12:00:00,1738126800,6.1,4.0,7.8,16.3,275.0,0.2,0.0,United Kingdom
London,GB,2025-01-30,12:00:00,1738213200,4.6,2.0,7.6,13.2,319.0,0.0,0.0,United Kingdom
London,GB,2025-01-31,12:00:00,1738299600,5.3,2.2,8.1,17.7,202.0,3.5,0.0,United Kingdom
London,GB,2025-02-01,12:00:00,1738386000,5.2,2.8,7.0,10.6,138.0,0.0,0.0,United Kingdom
London,GB,2025-02-02,12:00:00,1738472400,3.4,-0.3,7.6,9.6,163.0,0.0,0.0,United Kingdom
London,GB,2025-02-03,12:00:00,1738558800,4.2,-1.1,7.9,11.3,198.0,0.0,0.0,United Kingdom
London,GB,2025-02-04,12:00:00,1738645200,8.3,6.1,10.2,20.7,214.0,0.2,0.0,United Kingdom
London,GB,2025-02-05,12:00:00,1738731600,5.9,2.5,9.1,11.8,260.0,0.0,0.0,United Kingdom
London,GB,2025-02-06,12:00:00,1738818000,3.9,0.7,7.3,16.4,43.0,0.0,0.0,United Kingdom
London,GB,2025-02-07,12:00:00,1738904400,3.5,2.6,4.0,22.7,56.0,4.6,0.07,United Kingdom
London,GB,2025-02-08,12:00:00,1738990800,4.8,3.4,6.3,14.1,73.0,2.2,0.0,United Kingdom
London,GB,2025-02-09,12:00:00,1739077200,3.5,1.4,5.9,14.7,51.0,1.0,0.0,United Kingdom
London,GB,2025-02-10,12:00:00,1739163600,3.6,2.5,4.7,17.3,37.0,3.5,0.0,United Kingdom
London,GB,2025-02-11,12:00:00,1739250000,3.8,2.6,5.1,11.2,345.0,0.0,0.0,United Kingdom
London,GB,2025-02-12,12:00:00,1739336400,4.4,3.2,6.1,9.6,22.0,0.2,0.0,United Kingdom
London,GB,2025-02-13,12:00:00,1739422800,3.5,2.4,4.8,11.0,45.0,0.2,0.0,United Kingdom
London,GB,2025-02-14,12:00:00,1739509200,2.5,0.9,4.9,14.4,108.0,0.0,0.0,United Kingdom
London,GB,2025-02-15,12:00:00,1739595600,3.2,1.8,5.6,10.1,116.0,0.9,0.0,United Kingdom
London,GB,2025-02-16,12:00:00,1739682000,2.8,2.1,4.4,17.1,86.0,0.0,0.0,United Kingdom
London,GB,2025-02-17,12:00:00,1739768400,1.8,-0.4,5.2,12.4,87.0,0.0,0.0,United Kingdom
London,GB,2025-02-18,12:00:00,1739854800,2.5,-0.0,6.4,12.2,86.0,0.0,0.0,United Kingdom
London,GB,2025-02-19,12:00:00,1739941200,4.6,1.4,7.8,10.8,114.0,0.0,0.0,United Kingdom
London,GB,2025-02-20,12:00:00,1740027600,11.1,8.0,12.9,23.5,203.0,3.1,0.0,United Kingdom
London,GB,2025-02-21,12:00:00,1740114000,12.8,11.2,15.1,21.5,188.0,5.3,0.0,United Kingdom
London,GB,2025-02-22,12:00:00,1740200400,10.4,7.9,13.0,12.1,230.0,6.1,0.0,United Kingdom
London,GB,2025-02-23,12:00:00,1740286800,9.1,6.7,10.9,25.2,199.0,1.4,0.0,United Kingdom
London,GB,2025-02-24,12:00:00,1740373200,10.5,7.7,12.5,25.7,215.0,13.8,0.0,United Kingdom
London,GB,2025-02-25,12:00:00,1740459600,8.2,5.4,10.4,12.0,259.0,0.8,0.0,United Kingdom
London,GB,2025-02-26,12:00:00,1740546000,5.5,3.3,7.9,23.9,230.0,5.8,0.0,United Kingdom
London,GB,2025-02-27,12:00:00,1740632400,5.6,3.3,9.2,15.9,306.0,0.0,0.0,United Kingdom
London,GB,2025-02-28,12:00:00,1740718800,4.7,0.9,8.9,7.4,7.0,0.0,0.0,United Kingdom
London,GB,2025-03-01,12:00:00,1740805200,4.1,0.1,8.8,7.5,66.0,0.0,0.0,United Kingdom
London,GB,2025-03-02,12:00:00,1740891600,3.7,-1.2,8.8,6.3,72.0,0.0,0.0,United Kingdom
London,GB,2025-03-03,12:00:00,1740978000,4.4,-0.7,10.3,5.0,226.0,0.0,0.0,United Kingdom
London,GB,2025-03-04,12:00:00,1741064400,5.4,0.8,10.9,9.8,233.0,0.0,0.0,United Kingdom
London,GB,2025-03-05,12:00:00,1741150800,6.5,1.1,12.9,8.4,225.0,0.0,0.0,United Kingdom
London,GB,2025-03-06,12:00:00,1741237200,9.5,4.6,15.9,12.3,177.0,0.0,0.0,United Kingdom
London,GB,2025-03-07,12:00:00,1741323600,12.3,9.7,16.1,12.8,167.0,0.0,0.0,United Kingdom
London,GB,2025-03-08,12:00:00,1741410000,11.2,7.1,15.9,11.2,98.0,0.0,0.0,United Kingdom
London,GB,2025-03-09,12:00:00,1741496400,11.0,7.2,16.2,11.0,68.0,0.0,0.0,United Kingdom
London,GB,2025-03-10,12:00:00,1741582800,9.3,6.9,13.8,14.7,33.0,0.4,0.0,United Kingdom
London,GB,2025-03-11,12:00:00,1741669200,6.5,4.2,8.2,17.2,20.0,0.4,0.0,United Kingdom
London,GB,2025-03-12,12:00:00,1741755600,4.5,2.1,7.5,10.3,311.0,4.0,1.47,United Kingdom
London,GB,2025-03-13,12:00:00,1741842000,3.8,1.6,7.2,16.0,356.0,0.7,0.0,United Kingdom
London,GB,2025-03-14,12:00:00,1741928400,3.7,0.1,8.0,13.3,21.0,0.4,0.0,United Kingdom
London,GB,2025-03-15,12:00:00,1742014800,4.0,1.0,7.8,18.1,36.0,0.2,0.0,United Kingdom
London,GB,2025-03-16,12:00:00,1742101200,3.9,-0.3,8.1,17.4,32.0,0.0,0.0,United Kingdom
London,GB,2025-03-17,12:00:00,1742187600,5.9,4.0,8.2,15.7,61.0,0.3,0.0,United Kingdom
London,GB,2025-03-18,12:00:00,1742274000,5.7,2.4,10.1,14.8,80.0,0.0,0.0,United Kingdom
London,GB,2025-03-19,12:00:00,1742360400,8.6,2.0,16.6,8.7,100.0,0.0,0.0,United Kingdom
London,GB,2025-03-20,12:00:00,1742446800,12.4,5.7,19.2,10.4,105.0,0.0,0.0,United Kingdom
London,GB,2025-03-21,12:00:00,1742533200,13.1,9.6,17.1,14.4,105.0,0.8,0.0,United Kingdom
London,GB,2025-03-22,12:00:00,1742619600,13.0,11.0,15.6,12.4,123.0,1.4,0.0,United Kingdom
London,GB,2025-03-23,12:00:00,1742706000,10.9,8.2,14.7,16.0,24.0,2.8,0.0,United Kingdom
London,GB,2025-03-24,12:00:00,1742792400,9.4,7.1,12.7,12.7,7.0,0.0,0.0,United Kingdom
London,GB,2025-03-25,12:00:00,1742878800,10.2,4.9,14.5,11.7,286.0,0.2,0.0,United Kingdom
London,GB,2025-03-26,12:00:00,1742965200,12.0,9.4,15.6,9.3,289.0,0.3,0.0,United Kingdom
London,GB,2025-03-27,12:00:00,1743051600,10.1,5.8,14.9,11.9,235.0,0.0,0.0,United Kingdom
London,GB,2025-03-28,12:00:00,1743138000,10.2,7.5,14.3,16.3,260.0,0.8,0.0,United Kingdom
London,GB,2025-03-29,12:00:00,1743224400,8.7,3.7,13.7,17.6,254.0,0.0,0.0,United Kingdom
London,GB,2025-03-30,12:00:00,1743310800,12.2,9.6,15.9,20.0,295.0,0.0,0.0,United Kingdom
London,GB,2025-03-31,12:00:00,1743397200,10.7,5.9,16.4,10.8,63.0,0.0,0.0,United Kingdom
London,GB,2025-04-01,12:00:00,1743483600,9.2,5.4,13.7,19.8,78.0,0.0,0.0,United Kingdom
London,GB,2025-04-02,12:00:00,1743570000,11.1,7.3,16.0,22.1,68.0,0.0,0.0,United Kingdom
London,GB,2025-04-03,12:00:00,1743656400,13.3,8.8,18.6,16.9,75.0,0.0,0.0,United Kingdom
London,GB,2025-04-04,12:00:00,1743742800,14.9,10.2,21.5,16.3,67.0,0.0,0.0,United Kingdom
London,GB,2025-04-05,12:00:00,1743829200,11.4,6.5,17.9,18.0,52.0,0.0,0.0,United Kingdom
London,GB,2025-04-06,12:00:00,1743915600,9.9,6.3,15.3,15.7,62.0,0.0,0.0,United Kingdom
London,GB,2025-04-07,12:00:00,1744002000,9.3,4.2,15.0,11.8,64.0,0.0,0.0,United Kingdom
London,GB,2025-04-08,12:00:00,1744088400,9.9,4.2,16.1,11.5,65.0,0.0,0.0,United Kingdom
London,GB,2025-04-09,12:00:00,1744174800,9.0,3.9,13.6,13.8,44.0,0.0,0.0,United Kingdom
London,GB,2025-04-10,12:00:00,1744261200,10.7,5.5,16.1,10.4,43.0,0.0,0.0,United Kingdom
London,GB,2025-04-11,12:00:00,1744347600,14.4,6.5,22.6,10.4,202.0,0.0,0.0,United Kingdom
London,GB,2025-04-12,12:00:00,1744434000,15.4,8.1,22.3,12.5,126.0,0.0,0.0,United Kingdom
London,GB,2025-04-13,12:00:00,1744520400,13.7,11.1,16.6,16.6,250.0,0.3,0.0,United Kingdom
London,GB,2025-04-14,12:00:00,1744606800,11.4,6.4,15.2,17.6,185.0,0.1,0.0,United Kingdom
London,GB,2025-04-15,12:00:00,1744693200,12.7,10.0,17.5,17.9,125.0,9.8,0.0,United Kingdom
London,GB,2025-04-16,12:00:00,1744779600,11.1,8.5,15.0,25.1,206.0,0.2,0.0,United Kingdom
London,GB,2025-04-17,12:00:00,1744866000,11.7,5.8,17.4,12.2,184.0,0.0,0.0,United Kingdom
London,GB,2025-04-18,12:00:00,1744952400,13.0,9.2,17.0,21.3,137.0,0.1,0.0,United Kingdom
London,GB,2025-04-19,12:00:00,1745038800,12.6,8.1,16.1,19.9,80.0,0.2,0.0,United Kingdom
London,GB,2025-04-20,12:00:00,1745125200,10.2,5.5,15.4,13.4,66.0,0.0,0.0,United Kingdom
London,GB,2025-04-21,12:00:00,1745211600,12.2,9.7,16.2,11.7,249.0,3.7,0.0,United Kingdom
London,GB,2025-04-22,12:00:00,1745298000,12.0,7.0,17.4,15.4,229.0,0.0,0.0,United Kingdom
London,GB,2025-04-23,12:00:00,1745384400,10.1,8.4,12.0,20.1,96.0,9.5,0.0,United Kingdom
London,GB,2025-04-24,12:00:00,1745470800,11.1,7.4,14.7,10.0,23.0,0.0,0.0,United Kingdom
London,GB,2025-04-25,12:00:00,1745557200,10.6,6.0,15.3,11.4,95.0,0.0,0.0,United Kingdom
London,GB,2025-04-26,12:00:00,1745643600,12.4,8.2,17.1,10.3,82.0,0.0,0.0,United Kingdom
London,GB,2025-04-27,12:00:00,1745730000,14.9,8.1,20.7,8.9,232.0,0.0,0.0,United Kingdom
London,GB,2025-04-28,12:00:00,1745816400,17.2,10.2,24.0,13.9,120.0,0.0,0.0,United Kingdom
London,GB,2025-04-29,12:00:00,1745902800,16.9,10.6,23.1,12.3,85.0,0.0,0.0,United Kingdom
London,GB,2025-04-30,12:00:00,1745989200,17.8,9.7,25.9,12.4,79.0,0.0,0.0,United Kingdom
London,GB,2025-05-01,12:00:00,1746075600,20.7,11.8,28.6,11.8,161.0,0.0,0.0,United Kingdom
London,GB,2025-05-02,12:00:00,1746162000,19.8,14.9,25.4,11.8,41.0,1.5,0.0,United Kingdom
London,GB,2025-05-03,12:00:00,1746248400,14.8,10.9,21.4,19.9,14.0,0.0,0.0,United Kingdom
London,GB,2025-05-04,12:00:00,1746334800,10.3,7.6,13.4,19.1,19.0,0.0,0.0,United Kingdom
London,GB,2025-05-05,12:00:00,1746421200,9.4,5.2,13.5,25.1,32.0,0.9,0.0,United Kingdom
London,GB,2025-05-06,12:00:00,1746507600,10.1,6.4,14.0,15.2,33.0,0.1,0.0,United Kingdom
London,GB,2025-05-07,12:00:00,1746594000,11.2,6.1,16.7,17.2,32.0,0.0,0.0,United Kingdom
London,GB,2025-05-08,12:00:00,1746680400,12.0,8.6,15.9,16.3,36.0,0.0,0.0,United Kingdom
London,GB,2025-05-09,12:00:00,1746766800,12.8,6.2,18.1,16.5,64.0,0.0,0.0,United Kingdom
London,GB,2025-05-10,12:00:00,1746853200,15.9,9.2,22.6,17.1,87.0,0.0,0.0,United Kingdom
London,GB,2025-05-11,12:00:00,1746939600,17.9,11.1,24.0,14.1,87.0,0.0,0.0,United Kingdom
London,GB,2025-05-12,12:00:00,1747026000,18.1,13.9,23.1,15.8,133.0,4.7,0.0,United Kingdom
London,GB,2025-05-13,12:00:00,1747112400,17.8,12.9,23.5,15.2,65.0,0.0,0.0,United Kingdom
London,GB,2025-05-14,12:00:00,1747198800,15.9,9.2,22.6,16.6,37.0,0.0,0.0,United Kingdom
London,GB,2025-05-15,12:00:00,1747285200,12.3,8.7,15.2,19.0,22.0,0.0,0.0,United Kingdom
London,GB,2025-05-16,12:00:00,1747371600,13.2,7.7,18.6,14.6,19.0,0.0,0.0,United Kingdom
London,GB,2025-05-17,12:00:00,1747458000,14.1,9.0,18.7,13.8,24.0,0.0,0.0,United Kingdom
London,GB,2025-05-18,12:00:00,1747544400,13.6,9.4,17.8,12.9,35.0,0.0,0.0,United Kingdom
London,GB,2025-05-19,12:00:00,1747630800,14.7,10.5,19.6,14.9,79.0,0.2,0.0,United Kingdom
London,GB,2025-05-20,12:00:00,1747717200,,12.2,13.0,10.0,,0.0,,United Kingdom
