city,country_code,date,time,timestamp,temp,temp_min,temp_max,wind_speed,wind_deg,precipitation,snow,country
Hong Kong,HK,2005-05-25,12:00:00,1116997200,26.0,24.3,27.4,19.3,113.0,7.2,0.0,Hong Kong
Hong Kong,HK,2005-05-26,12:00:00,1117083600,25.7,24.3,27.3,22.3,122.0,4.1,0.0,Hong Kong
Hong Kong,HK,2005-05-27,12:00:00,1117170000,25.4,24.4,27.1,13.4,171.0,29.5,0.0,Hong Kong
Hong Kong,HK,2005-05-28,12:00:00,1117256400,25.1,24.3,26.8,17.2,105.0,23.2,0.0,Hong Kong
Hong Kong,HK,2005-05-29,12:00:00,1117342800,25.3,24.3,26.5,21.6,93.0,1.2,0.0,Hong Kong
Hong Kong,HK,2005-05-30,12:00:00,1117429200,25.5,24.1,27.4,19.7,95.0,0.0,0.0,Hong Kong
Hong Kong,HK,2005-05-31,12:00:00,1117515600,25.9,24.9,27.5,16.6,112.0,0.4,0.0,Hong Kong
Hong Kong,HK,2005-06-01,12:00:00,1117602000,27.2,24.4,29.9,20.7,188.0,2.7,0.0,Hong Kong
Hong Kong,HK,2005-06-02,12:00:00,1117688400,26.8,25.2,29.2,17.4,212.0,18.2,0.0,Hong Kong
Hong Kong,HK,2005-06-03,12:00:00,1117774800,27.6,26.4,30.0,12.7,204.0,27.3,0.0,Hong Kong
Hong Kong,HK,2005-06-04,12:00:00,1117861200,26.3,25.4,27.9,15.2,149.0,43.1,0.0,Hong Kong
Hong Kong,HK,2005-06-05,12:00:00,1117947600,25.7,24.8,27.1,15.4,109.0,19.3,0.0,Hong Kong
Hong Kong,HK,2005-06-06,12:00:00,1118034000,25.7,23.9,27.3,21.9,95.0,1.6,0.0,Hong Kong
Hong Kong,HK,2005-06-07,12:00:00,1118120400,25.4,24.6,26.5,21.3,99.0,4.3,0.0,Hong Kong
Hong Kong,HK,2005-06-08,12:00:00,1118206800,26.1,25.2,27.7,20.2,102.0,0.7,0.0,Hong Kong
Hong Kong,HK,2005-06-09,12:00:00,1118293200,25.8,24.5,27.5,16.8,94.0,0.1,0.0,Hong Kong
Hong Kong,HK,2005-06-10,12:00:00,1118379600,27.2,25.1,30.5,14.8,220.0,3.6,0.0,Hong Kong
Hong Kong,HK,2005-06-11,12:00:00,1118466000,28.1,26.5,30.6,18.2,224.0,4.0,0.0,Hong Kong
Hong Kong,HK,2005-06-12,12:00:00,1118552400,28.0,26.6,30.0,15.8,222.0,11.5,0.0,Hong Kong
Hong Kong,HK,2005-06-13,12:00:00,1118638800,26.8,25.5,28.4,17.3,215.0,24.1,0.0,Hong Kong
Hong Kong,HK,2005-06-14,12:00:00,1118725200,27.0,25.6,29.4,16.2,232.0,27.3,0.0,Hong Kong
Hong Kong,HK,2005-06-15,12:00:00,1118811600,26.9,26.1,28.3,13.7,202.0,50.5,0.0,Hong Kong
Hong Kong,HK,2005-06-16,12:00:00,1118898000,25.9,25.5,26.4,13.3,181.0,53.9,0.0,Hong Kong
Hong Kong,HK,2005-06-17,12:00:00,1118984400,26.4,25.1,27.5,17.3,178.0,17.5,0.0,Hong Kong
Hong Kong,HK,2005-06-18,12:00:00,1119070800,27.3,26.1,28.5,19.9,200.0,9.8,0.0,Hong Kong
Hong Kong,HK,2005-06-19,12:00:00,1119157200,28.0,26.5,29.9,23.4,207.0,5.7,0.0,Hong Kong
Hong Kong,HK,2005-06-20,12:00:00,1119243600,28.0,27.0,29.3,21.6,208.0,6.1,0.0,Hong Kong
Hong Kong,HK,2005-06-21,12:00:00,1119330000,27.9,26.9,29.1,23.2,205.0,18.5,0.0,Hong Kong
Hong Kong,HK,2005-06-22,12:00:00,1119416400,26.9,25.6,29.0,19.6,209.0,39.9,0.0,Hong Kong
Hong Kong,HK,2005-06-23,12:00:00,1119502800,26.3,25.7,26.8,19.5,184.0,32.0,0.0,Hong Kong
Hong Kong,HK,2005-06-24,12:00:00,1119589200,26.3,25.5,28.1,16.6,191.0,35.6,0.0,Hong Kong
Hong Kong,HK,2005-06-25,12:00:00,1119675600,27.4,25.9,29.5,20.4,185.0,13.5,0.0,Hong Kong
Hong Kong,HK,2005-06-26,12:00:00,1119762000,27.6,26.4,29.5,20.0,178.0,10.2,0.0,Hong Kong
Hong Kong,HK,2005-06-27,12:00:00,1119848400,27.5,26.6,28.9,19.7,167.0,9.3,0.0,Hong Kong
Hong Kong,HK,2005-06-28,12:00:00,1119934800,27.7,26.1,29.7,16.5,146.0,7.0,0.0,Hong Kong
Hong Kong,HK,2005-06-29,12:00:00,1120021200,26.9,25.7,29.1,15.0,112.0,6.0,0.0,Hong Kong
Hong Kong,HK,2005-06-30,12:00:00,1120107600,25.2,24.6,26.1,24.3,150.0,27.9,0.0,Hong Kong
Hong Kong,HK,2005-07-01,12:00:00,1120194000,26.4,25.1,28.8,19.7,156.0,21.8,0.0,Hong Kong
Hong Kong,HK,2005-07-02,12:00:00,1120280400,27.6,26.2,29.5,20.7,149.0,2.9,0.0,Hong Kong
Hong Kong,HK,2005-07-03,12:00:00,1120366800,28.2,26.6,30.1,11.6,141.0,0.4,0.0,Hong Kong
Hong Kong,HK,2005-07-04,12:00:00,1120453200,28.2,26.7,30.3,15.5,167.0,0.2,0.0,Hong Kong
Hong Kong,HK,2005-07-05,12:00:00,1120539600,28.2,26.3,30.7,14.1,186.0,0.4,0.0,Hong Kong
Hong Kong,HK,2005-07-06,12:00:00,1120626000,28.4,26.0,31.2,8.0,214.0,0.6,0.0,Hong Kong
Hong Kong,HK,2005-07-07,12:00:00,1120712400,26.9,25.7,29.3,9.7,154.0,24.2,0.0,Hong Kong
Hong Kong,HK,2005-07-08,12:00:00,1120798800,26.8,25.3,28.1,19.6,183.0,28.1,0.0,Hong Kong
Hong Kong,HK,2005-07-09,12:00:00,1120885200,27.3,25.2,29.6,21.2,173.0,10.8,0.0,Hong Kong
Hong Kong,HK,2005-07-10,12:00:00,1120971600,28.3,26.5,30.2,20.3,174.0,4.3,0.0,Hong Kong
Hong Kong,HK,2005-07-11,12:00:00,1121058000,28.4,26.6,30.3,15.5,177.0,0.2,0.0,Hong Kong
Hong Kong,HK,2005-07-12,12:00:00,1121144400,28.3,26.8,30.3,15.7,187.0,0.7,0.0,Hong Kong
Hong Kong,HK,2005-07-13,12:00:00,1121230800,28.1,26.6,30.6,13.8,204.0,0.8,0.0,Hong Kong
Hong Kong,HK,2005-07-14,12:00:00,1121317200,28.7,26.9,31.3,12.4,214.0,0.9,0.0,Hong Kong
Hong Kong,HK,2005-07-15,12:00:00,1121403600,28.7,26.0,31.0,10.9,170.0,0.0,0.0,Hong Kong
Hong Kong,HK,2005-07-16,12:00:00,1121490000,28.4,26.0,30.8,8.0,146.0,1.2,0.0,Hong Kong
Hong Kong,HK,2005-07-17,12:00:00,1121576400,29.3,26.9,32.3,11.0,259.0,0.0,0.0,Hong Kong
Hong Kong,HK,2005-07-18,12:00:00,1121662800,30.7,28.3,34.1,17.6,266.0,0.1,0.0,Hong Kong
Hong Kong,HK,2005-07-19,12:00:00,1121749200,31.4,29.2,34.6,19.2,282.0,0.0,0.0,Hong Kong
Hong Kong,HK,2005-07-20,12:00:00,1121835600,30.8,28.9,33.6,21.9,246.0,3.9,0.0,Hong Kong
Hong Kong,HK,2005-07-21,12:00:00,1121922000,28.9,27.6,31.3,19.1,219.0,11.0,0.0,Hong Kong
Hong Kong,HK,2005-07-22,12:00:00,1122008400,27.8,25.8,29.2,14.0,163.0,11.2,0.0,Hong Kong
Hong Kong,HK,2005-07-23,12:00:00,1122094800,27.4,26.0,29.5,13.7,174.0,9.2,0.0,Hong Kong
Hong Kong,HK,2005-07-24,12:00:00,1122181200,27.5,25.3,30.1,10.0,136.0,3.1,0.0,Hong Kong
Hong Kong,HK,2005-07-25,12:00:00,1122267600,28.1,25.0,30.9,12.0,186.0,0.0,0.0,Hong Kong
Hong Kong,HK,2005-07-26,12:00:00,1122354000,28.1,25.4,31.0,11.0,198.0,0.0,0.0,Hong Kong
Hong Kong,HK,2005-07-27,12:00:00,1122440400,28.0,26.1,30.1,14.9,126.0,0.0,0.0,Hong Kong
Hong Kong,HK,2005-07-28,12:00:00,1122526800,28.1,27.1,29.7,21.3,83.0,1.5,0.0,Hong Kong
Hong Kong,HK,2005-07-29,12:00:00,1122613200,27.0,26.0,28.3,25.5,94.0,21.9,0.0,Hong Kong
Hong Kong,HK,2005-07-30,12:00:00,1122699600,26.8,25.7,28.4,25.7,122.0,21.2,0.0,Hong Kong
Hong Kong,HK,2005-07-31,12:00:00,1122786000,26.6,25.6,28.3,20.6,134.0,17.2,0.0,Hong Kong
Hong Kong,HK,2005-08-01,12:00:00,1122872400,27.8,26.3,29.8,15.0,144.0,1.9,0.0,Hong Kong
Hong Kong,HK,2005-08-02,12:00:00,1122958800,28.1,26.3,30.5,12.1,187.0,0.2,0.0,Hong Kong
Hong Kong,HK,2005-08-03,12:00:00,1123045200,28.4,26.5,31.1,13.3,229.0,0.0,0.0,Hong Kong
Hong Kong,HK,2005-08-04,12:00:00,1123131600,28.9,27.0,31.6,15.9,229.0,0.0,0.0,Hong Kong
Hong Kong,HK,2005-08-05,12:00:00,1123218000,29.1,27.7,32.1,12.0,260.0,2.5,0.0,Hong Kong
Hong Kong,HK,2005-08-06,12:00:00,1123304400,29.4,27.6,32.5,17.1,245.0,2.3,0.0,Hong Kong
Hong Kong,HK,2005-08-07,12:00:00,1123390800,29.0,27.4,31.2,14.0,196.0,6.8,0.0,Hong Kong
Hong Kong,HK,2005-08-08,12:00:00,1123477200,27.8,25.8,29.7,17.1,122.0,2.8,0.0,Hong Kong
Hong Kong,HK,2005-08-09,12:00:00,1123563600,27.1,25.3,29.1,23.4,90.0,10.7,0.0,Hong Kong
Hong Kong,HK,2005-08-10,12:00:00,1123650000,26.9,25.5,28.7,26.3,103.0,7.3,0.0,Hong Kong
Hong Kong,HK,2005-08-11,12:00:00,1123736400,27.2,26.0,28.5,25.1,107.0,6.8,0.0,Hong Kong
Hong Kong,HK,2005-08-12,12:00:00,1123822800,28.8,25.8,32.6,17.4,309.0,7.4,0.0,Hong Kong
Hong Kong,HK,2005-08-13,12:00:00,1123909200,27.2,25.8,28.5,19.3,251.0,27.3,0.0,Hong Kong
Hong Kong,HK,2005-08-14,12:00:00,1123995600,28.1,26.9,29.6,24.0,209.0,3.8,0.0,Hong Kong
Hong Kong,HK,2005-08-15,12:00:00,1124082000,26.5,25.0,28.0,15.0,150.0,11.4,0.0,Hong Kong
Hong Kong,HK,2005-08-16,12:00:00,1124168400,25.4,24.6,26.9,20.1,113.0,11.8,0.0,Hong Kong
Hong Kong,HK,2005-08-17,12:00:00,1124254800,25.6,24.3,27.2,17.9,111.0,8.8,0.0,Hong Kong
Hong Kong,HK,2005-08-18,12:00:00,1124341200,25.4,24.4,26.9,16.6,168.0,18.1,0.0,Hong Kong
Hong Kong,HK,2005-08-19,12:00:00,1124427600,25.1,24.8,25.6,25.2,218.0,45.0,0.0,Hong Kong
Hong Kong,HK,2005-08-20,12:00:00,1124514000,25.3,25.0,25.7,23.7,233.0,202.9,0.0,Hong Kong
Hong Kong,HK,2005-08-21,12:00:00,1124600400,25.8,25.1,26.6,16.4,207.0,19.1,0.0,Hong Kong
Hong Kong,HK,2005-08-22,12:00:00,1124686800,27.3,26.0,29.5,14.7,193.0,7.0,0.0,Hong Kong
Hong Kong,HK,2005-08-23,12:00:00,1124773200,27.5,25.7,29.8,14.6,209.0,0.0,0.0,Hong Kong
Hong Kong,HK,2005-08-24,12:00:00,1124859600,27.1,25.7,30.2,10.2,286.0,8.4,0.0,Hong Kong
Hong Kong,HK,2005-08-25,12:00:00,1124946000,26.6,25.3,29.5,8.9,14.0,4.2,0.0,Hong Kong
Hong Kong,HK,2005-08-26,12:00:00,1125032400,26.4,25.1,28.2,10.3,102.0,9.0,0.0,Hong Kong
Hong Kong,HK,2005-08-27,12:00:00,1125118800,26.5,24.6,28.2,15.1,96.0,4.6,0.0,Hong Kong
Hong Kong,HK,2005-08-28,12:00:00,1125205200,26.9,25.7,28.5,20.8,98.0,1.9,0.0,Hong Kong
Hong Kong,HK,2005-08-29,12:00:00,1125291600,27.0,25.4,29.1,19.1,115.0,8.1,0.0,Hong Kong
Hong Kong,HK,2005-08-30,12:00:00,1125378000,27.5,25.7,29.6,10.5,128.0,0.6,0.0,Hong Kong
Hong Kong,HK,2005-08-31,12:00:00,1125464400,28.3,24.9,32.0,9.8,282.0,0.4,0.0,Hong Kong
Hong Kong,HK,2005-09-01,12:00:00,1125550800,29.1,27.4,31.3,21.6,307.0,0.0,0.0,Hong Kong
Hong Kong,HK,2005-09-02,12:00:00,1125637200,28.3,26.6,30.2,10.1,253.0,0.2,0.0,Hong Kong
Hong Kong,HK,2005-09-03,12:00:00,1125723600,26.6,25.4,28.1,14.2,135.0,2.9,0.0,Hong Kong
Hong Kong,HK,2005-09-04,12:00:00,1125810000,26.4,25.0,27.8,16.7,112.0,12.3,0.0,Hong Kong
Hong Kong,HK,2005-09-05,12:00:00,1125896400,27.4,25.5,30.1,8.0,89.0,1.1,0.0,Hong Kong
Hong Kong,HK,2005-09-06,12:00:00,1125982800,27.9,25.1,31.0,10.7,351.0,0.1,0.0,Hong Kong
Hong Kong,HK,2005-09-07,12:00:00,1126069200,27.7,25.9,30.2,12.4,36.0,0.0,0.0,Hong Kong
Hong Kong,HK,2005-09-08,12:00:00,1126155600,27.2,26.0,29.0,11.1,102.0,11.8,0.0,Hong Kong
Hong Kong,HK,2005-09-09,12:00:00,1126242000,27.2,26.0,29.1,10.7,90.0,0.9,0.0,Hong Kong
Hong Kong,HK,2005-09-10,12:00:00,1126328400,26.9,24.9,30.0,6.5,17.0,12.8,0.0,Hong Kong
Hong Kong,HK,2005-09-11,12:00:00,1126414800,27.6,24.6,31.0,11.2,330.0,0.0,0.0,Hong Kong
Hong Kong,HK,2005-09-12,12:00:00,1126501200,27.9,25.2,30.1,16.6,86.0,0.5,0.0,Hong Kong
Hong Kong,HK,2005-09-13,12:00:00,1126587600,27.4,25.8,29.7,20.7,91.0,12.5,0.0,Hong Kong
Hong Kong,HK,2005-09-14,12:00:00,1126674000,27.7,25.7,30.3,10.8,83.0,5.2,0.0,Hong Kong
Hong Kong,HK,2005-09-15,12:00:00,1126760400,28.2,26.9,30.5,13.8,84.0,0.0,0.0,Hong Kong
Hong Kong,HK,2005-09-16,12:00:00,1126846800,28.2,26.8,30.3,13.4,88.0,0.3,0.0,Hong Kong
Hong Kong,HK,2005-09-17,12:00:00,1126933200,27.0,25.4,28.9,30.2,78.0,18.3,0.0,Hong Kong
Hong Kong,HK,2005-09-18,12:00:00,1127019600,26.6,25.7,27.4,26.9,99.0,24.3,0.0,Hong Kong
Hong Kong,HK,2005-09-19,12:00:00,1127106000,27.1,25.4,28.6,16.1,110.0,7.3,0.0,Hong Kong
Hong Kong,HK,2005-09-20,12:00:00,1127192400,27.7,24.8,31.0,9.2,311.0,0.0,0.0,Hong Kong
Hong Kong,HK,2005-09-21,12:00:00,1127278800,28.4,25.6,31.4,11.3,286.0,0.4,0.0,Hong Kong
Hong Kong,HK,2005-09-22,12:00:00,1127365200,29.2,26.4,33.0,15.3,343.0,0.4,0.0,Hong Kong
Hong Kong,HK,2005-09-23,12:00:00,1127451600,27.1,25.3,29.9,21.4,8.0,2.6,0.0,Hong Kong
Hong Kong,HK,2005-09-24,12:00:00,1127538000,26.6,25.6,29.2,32.1,38.0,3.0,0.0,Hong Kong
Hong Kong,HK,2005-09-25,12:00:00,1127624400,24.9,24.1,25.6,35.3,77.0,12.6,0.0,Hong Kong
Hong Kong,HK,2005-09-26,12:00:00,1127710800,24.8,23.8,26.1,29.6,98.0,19.7,0.0,Hong Kong
Hong Kong,HK,2005-09-27,12:00:00,1127797200,25.1,24.2,26.3,20.2,106.0,16.0,0.0,Hong Kong
Hong Kong,HK,2005-09-28,12:00:00,1127883600,26.4,25.1,28.3,12.1,101.0,0.0,0.0,Hong Kong
Hong Kong,HK,2005-09-29,12:00:00,1127970000,26.4,24.9,28.9,7.6,114.0,1.9,0.0,Hong Kong
Hong Kong,HK,2005-09-30,12:00:00,1128056400,26.4,24.4,28.8,6.8,138.0,0.5,0.0,Hong Kong
Hong Kong,HK,2005-10-01,12:00:00,1128142800,27.1,23.8,30.4,8.0,253.0,0.1,0.0,Hong Kong
Hong Kong,HK,2005-10-02,12:00:00,1128229200,29.0,26.5,32.4,13.3,288.0,0.1,0.0,Hong Kong
Hong Kong,HK,2005-10-03,12:00:00,1128315600,27.9,26.2,30.3,14.8,347.0,1.0,0.0,Hong Kong
Hong Kong,HK,2005-10-04,12:00:00,1128402000,26.5,24.4,29.2,14.2,13.0,0.0,0.0,Hong Kong
Hong Kong,HK,2005-10-05,12:00:00,1128488400,26.1,23.4,28.6,15.1,29.0,0.7,0.0,Hong Kong
Hong Kong,HK,2005-10-06,12:00:00,1128574800,26.8,24.7,29.0,12.3,54.0,0.8,0.0,Hong Kong
Hong Kong,HK,2005-10-07,12:00:00,1128661200,27.4,25.7,30.0,16.6,41.0,0.3,0.0,Hong Kong
Hong Kong,HK,2005-10-08,12:00:00,1128747600,26.2,24.1,29.1,22.3,24.0,0.0,0.0,Hong Kong
Hong Kong,HK,2005-10-09,12:00:00,1128834000,25.6,23.6,27.5,19.6,32.0,0.0,0.0,Hong Kong
Hong Kong,HK,2005-10-10,12:00:00,1128920400,25.9,23.9,28.2,13.3,50.0,0.0,0.0,Hong Kong
Hong Kong,HK,2005-10-11,12:00:00,1129006800,26.2,24.8,28.0,15.5,83.0,0.0,0.0,Hong Kong
Hong Kong,HK,2005-10-12,12:00:00,1129093200,25.8,24.5,27.6,11.7,104.0,0.2,0.0,Hong Kong
Hong Kong,HK,2005-10-13,12:00:00,1129179600,25.9,24.2,28.7,9.4,96.0,0.0,0.0,Hong Kong
Hong Kong,HK,2005-10-14,12:00:00,1129266000,25.8,23.6,28.4,8.4,96.0,0.1,0.0,Hong Kong
Hong Kong,HK,2005-10-15,12:00:00,1129352400,25.8,24.2,28.6,13.9,34.0,0.0,0.0,Hong Kong
Hong Kong,HK,2005-10-16,12:00:00,1129438800,25.1,22.8,27.7,12.4,41.0,0.0,0.0,Hong Kong
Hong Kong,HK,2005-10-17,12:00:00,1129525200,25.3,23.8,27.1,10.7,87.0,0.8,0.0,Hong Kong
Hong Kong,HK,2005-10-18,12:00:00,1129611600,25.2,24.2,26.6,16.2,94.0,0.0,0.0,Hong Kong
Hong Kong,HK,2005-10-19,12:00:00,1129698000,24.8,23.2,26.6,17.9,87.0,0.0,0.0,Hong Kong
Hong Kong,HK,2005-10-20,12:00:00,1129784400,24.7,22.7,27.0,15.5,77.0,0.0,0.0,Hong Kong
Hong Kong,HK,2005-10-21,12:00:00,1129870800,25.4,23.0,28.6,12.7,40.0,0.0,0.0,Hong Kong
Hong Kong,HK,2005-10-22,12:00:00,1129957200,24.3,21.5,27.4,19.4,30.0,0.4,0.0,Hong Kong
Hong Kong,HK,2005-10-23,12:00:00,1130043600,23.0,19.8,26.1,18.6,23.0,0.0,0.0,Hong Kong
Hong Kong,HK,2005-10-24,12:00:00,1130130000,22.4,19.4,24.8,17.2,47.0,0.0,0.0,Hong Kong
Hong Kong,HK,2005-10-25,12:00:00,1130216400,23.6,22.2,25.6,14.8,78.0,0.1,0.0,Hong Kong
Hong Kong,HK,2005-10-26,12:00:00,1130302800,24.4,22.9,26.4,12.5,81.0,0.0,0.0,Hong Kong
Hong Kong,HK,2005-10-27,12:00:00,1130389200,24.7,23.0,26.9,14.8,90.0,0.0,0.0,Hong Kong
Hong Kong,HK,2005-10-28,12:00:00,1130475600,25.2,23.5,27.9,12.7,82.0,0.0,0.0,Hong Kong
Hong Kong,HK,2005-10-29,12:00:00,1130562000,23.8,20.9,27.5,21.6,24.0,0.0,0.0,Hong Kong
Hong Kong,HK,2005-10-30,12:00:00,1130648400,22.3,20.0,26.0,20.9,25.0,0.0,0.0,Hong Kong
Hong Kong,HK,2005-10-31,12:00:00,1130734800,22.1,20.4,23.8,21.0,56.0,0.0,0.0,Hong Kong
Hong Kong,HK,2005-11-01,12:00:00,1130821200,22.1,20.9,23.9,16.5,57.0,2.8,0.0,Hong Kong
Hong Kong,HK,2005-11-02,12:00:00,1130907600,24.3,22.9,26.3,17.0,80.0,0.0,0.0,Hong Kong
Hong Kong,HK,2005-11-03,12:00:00,1130994000,24.4,23.1,26.5,15.1,92.0,0.0,0.0,Hong Kong
Hong Kong,HK,2005-11-04,12:00:00,1131080400,24.4,22.6,27.0,11.4,100.0,0.0,0.0,Hong Kong
Hong Kong,HK,2005-11-05,12:00:00,1131166800,25.2,23.9,27.6,9.9,140.0,0.0,0.0,Hong Kong
Hong Kong,HK,2005-11-06,12:00:00,1131253200,25.8,23.2,29.1,8.9,231.0,0.0,0.0,Hong Kong
Hong Kong,HK,2005-11-07,12:00:00,1131339600,25.3,22.7,28.5,13.6,146.0,0.0,0.0,Hong Kong
Hong Kong,HK,2005-11-08,12:00:00,1131426000,25.1,23.8,27.3,12.4,121.0,0.0,0.0,Hong Kong
Hong Kong,HK,2005-11-09,12:00:00,1131512400,25.0,23.4,27.4,10.5,141.0,0.0,0.0,Hong Kong
Hong Kong,HK,2005-11-10,12:00:00,1131598800,25.3,22.7,28.2,11.8,160.0,0.0,0.0,Hong Kong
Hong Kong,HK,2005-11-11,12:00:00,1131685200,25.0,22.6,28.0,8.5,152.0,0.0,0.0,Hong Kong
Hong Kong,HK,2005-11-12,12:00:00,1131771600,24.7,22.1,28.2,16.2,93.0,0.0,0.0,Hong Kong
Hong Kong,HK,2005-11-13,12:00:00,1131858000,25.1,23.7,27.1,16.2,91.0,0.0,0.0,Hong Kong
Hong Kong,HK,2005-11-14,12:00:00,1131944400,24.8,23.9,26.4,10.3,79.0,7.6,0.0,Hong Kong
Hong Kong,HK,2005-11-15,12:00:00,1132030800,21.7,18.8,23.9,20.2,24.0,6.0,0.0,Hong Kong
Hong Kong,HK,2005-11-16,12:00:00,1132117200,20.4,17.6,23.8,19.6,26.0,0.0,0.0,Hong Kong
Hong Kong,HK,2005-11-17,12:00:00,1132203600,20.5,17.3,24.1,17.1,32.0,0.0,0.0,Hong Kong
Hong Kong,HK,2005-11-18,12:00:00,1132290000,20.5,17.4,23.6,17.9,27.0,0.0,0.0,Hong Kong
Hong Kong,HK,2005-11-19,12:00:00,1132376400,18.9,15.9,22.7,21.6,13.0,0.0,0.0,Hong Kong
Hong Kong,HK,2005-11-20,12:00:00,1132462800,17.7,14.0,21.7,23.5,16.0,0.0,0.0,Hong Kong
Hong Kong,HK,2005-11-21,12:00:00,1132549200,18.0,15.0,21.5,20.7,19.0,0.0,0.0,Hong Kong
Hong Kong,HK,2005-11-22,12:00:00,1132635600,18.4,14.6,22.0,18.3,23.0,0.0,0.0,Hong Kong
Hong Kong,HK,2005-11-23,12:00:00,1132722000,20.4,17.1,24.1,14.8,14.0,0.0,0.0,Hong Kong
Hong Kong,HK,2005-11-24,12:00:00,1132808400,20.2,17.7,23.5,15.8,24.0,0.0,0.0,Hong Kong
Hong Kong,HK,2005-11-25,12:00:00,1132894800,20.7,18.4,23.8,12.4,44.0,0.0,0.0,Hong Kong
Hong Kong,HK,2005-11-26,12:00:00,1132981200,21.1,18.6,24.8,8.0,58.0,0.0,0.0,Hong Kong
Hong Kong,HK,2005-11-27,12:00:00,1133067600,21.5,19.1,24.3,14.2,95.0,0.0,0.0,Hong Kong
Hong Kong,HK,2005-11-28,12:00:00,1133154000,22.9,21.1,26.1,11.7,61.0,0.0,0.0,Hong Kong
Hong Kong,HK,2005-11-29,12:00:00,1133240400,21.7,19.8,24.9,17.7,46.0,0.0,0.0,Hong Kong
Hong Kong,HK,2005-11-30,12:00:00,1133326800,20.8,19.0,22.8,13.7,85.0,0.0,0.0,Hong Kong
Hong Kong,HK,2005-12-01,12:00:00,1133413200,21.5,19.4,23.2,15.9,94.0,0.0,0.0,Hong Kong
Hong Kong,HK,2005-12-02,12:00:00,1133499600,21.8,19.1,25.3,11.4,71.0,0.0,0.0,Hong Kong
Hong Kong,HK,2005-12-03,12:00:00,1133586000,21.3,19.9,23.8,13.8,85.0,0.0,0.0,Hong Kong
Hong Kong,HK,2005-12-04,12:00:00,1133672400,18.4,15.3,21.0,27.8,23.0,0.0,0.0,Hong Kong
Hong Kong,HK,2005-12-05,12:00:00,1133758800,15.1,12.2,17.6,23.5,24.0,0.0,0.0,Hong Kong
Hong Kong,HK,2005-12-06,12:00:00,1133845200,11.6,10.9,13.0,22.9,17.0,0.0,0.0,Hong Kong
Hong Kong,HK,2005-12-07,12:00:00,1133931600,13.5,11.0,16.0,18.4,15.0,0.0,0.0,Hong Kong
Hong Kong,HK,2005-12-08,12:00:00,1134018000,17.0,13.8,19.7,15.0,33.0,0.0,0.0,Hong Kong
Hong Kong,HK,2005-12-09,12:00:00,1134104400,19.2,17.2,22.3,11.5,66.0,0.0,0.0,Hong Kong
Hong Kong,HK,2005-12-10,12:00:00,1134190800,20.6,19.3,23.6,9.7,55.0,0.0,0.0,Hong Kong
Hong Kong,HK,2005-12-11,12:00:00,1134277200,17.9,15.1,21.3,21.5,19.0,0.0,0.0,Hong Kong
Hong Kong,HK,2005-12-12,12:00:00,1134363600,15.6,12.4,18.4,24.8,21.0,0.0,0.0,Hong Kong
Hong Kong,HK,2005-12-13,12:00:00,1134450000,14.9,12.3,16.9,22.3,25.0,0.0,0.0,Hong Kong
Hong Kong,HK,2005-12-14,12:00:00,1134536400,14.6,12.7,16.2,22.9,26.0,0.0,0.0,Hong Kong
Hong Kong,HK,2005-12-15,12:00:00,1134622800,14.1,10.6,17.7,24.3,23.0,0.0,0.0,Hong Kong
Hong Kong,HK,2005-12-16,12:00:00,1134709200,14.3,10.5,17.9,19.5,35.0,0.0,0.0,Hong Kong
Hong Kong,HK,2005-12-17,12:00:00,1134795600,15.3,11.9,19.5,22.2,24.0,0.0,0.0,Hong Kong
Hong Kong,HK,2005-12-18,12:00:00,1134882000,13.5,10.3,16.4,21.7,35.0,0.0,0.0,Hong Kong
Hong Kong,HK,2005-12-19,12:00:00,1134968400,14.9,11.8,18.0,14.8,44.0,0.0,0.0,Hong Kong
Hong Kong,HK,2005-12-20,12:00:00,1135054800,17.1,14.3,20.6,13.7,26.0,0.0,0.0,Hong Kong
Hong Kong,HK,2005-12-21,12:00:00,1135141200,14.5,11.8,17.7,29.6,17.0,0.0,0.0,Hong Kong
Hong Kong,HK,2005-12-22,12:00:00,1135227600,12.2,8.9,15.8,26.1,21.0,0.0,0.0,Hong Kong
Hong Kong,HK,2005-12-23,12:00:00,1135314000,14.4,11.4,17.6,11.0,63.0,0.0,0.0,Hong Kong
Hong Kong,HK,2005-12-24,12:00:00,1135400400,17.3,14.3,20.8,8.8,77.0,0.0,0.0,Hong Kong
Hong Kong,HK,2005-12-25,12:00:00,1135486800,18.8,16.5,21.9,11.3,61.0,0.0,0.0,Hong Kong
Hong Kong,HK,2005-12-26,12:00:00,1135573200,18.5,15.3,22.2,11.7,69.0,0.0,0.0,Hong Kong
Hong Kong,HK,2005-12-27,12:00:00,1135659600,18.2,16.9,20.4,12.7,34.0,3.0,0.0,Hong Kong
Hong Kong,HK,2005-12-28,12:00:00,1135746000,16.6,16.1,17.5,14.6,17.0,1.1,0.0,Hong Kong
Hong Kong,HK,2005-12-29,12:00:00,1135832400,18.4,15.6,22.0,13.7,25.0,0.0,0.0,Hong Kong
Hong Kong,HK,2005-12-30,12:00:00,1135918800,18.8,17.0,20.3,12.5,33.0,0.0,0.0,Hong Kong
Hong Kong,HK,2005-12-31,12:00:00,1136005200,20.0,18.4,23.7,10.9,16.0,0.4,0.0,Hong Kong
Hong Kong,HK,2006-01-01,12:00:00,1136091600,19.1,17.2,22.2,15.7,47.0,0.0,0.0,Hong Kong
Hong Kong,HK,2006-01-02,12:00:00,1136178000,18.6,17.2,21.3,12.9,67.0,0.0,0.0,Hong Kong
Hong Kong,HK,2006-01-03,12:00:00,1136264400,18.4,17.1,20.0,17.3,100.0,0.0,0.0,Hong Kong
Hong Kong,HK,2006-01-04,12:00:00,1136350800,19.4,18.3,21.1,15.6,99.0,0.0,0.0,Hong Kong
Hong Kong,HK,2006-01-05,12:00:00,1136437200,15.8,11.4,18.3,22.7,23.0,1.4,0.0,Hong Kong
Hong Kong,HK,2006-01-06,12:00:00,1136523600,10.1,8.8,11.4,24.7,17.0,0.8,0.0,Hong Kong
Hong Kong,HK,2006-01-07,12:00:00,1136610000,10.1,6.6,13.7,24.1,22.0,0.0,0.0,Hong Kong
Hong Kong,HK,2006-01-08,12:00:00,1136696400,12.5,10.7,14.5,17.9,24.0,0.0,0.0,Hong Kong
Hong Kong,HK,2006-01-09,12:00:00,1136782800,13.9,11.1,16.6,14.5,18.0,0.0,0.0,Hong Kong
Hong Kong,HK,2006-01-10,12:00:00,1136869200,16.0,14.3,18.1,11.2,31.0,0.0,0.0,Hong Kong
Hong Kong,HK,2006-01-11,12:00:00,1136955600,17.4,15.5,20.3,10.8,76.0,0.0,0.0,Hong Kong
Hong Kong,HK,2006-01-12,12:00:00,1137042000,19.0,16.8,22.7,9.4,98.0,0.0,0.0,Hong Kong
Hong Kong,HK,2006-01-13,12:00:00,1137128400,18.5,13.8,24.1,8.8,188.0,0.0,0.0,Hong Kong
Hong Kong,HK,2006-01-14,12:00:00,1137214800,17.9,16.1,21.0,11.0,120.0,0.0,0.0,Hong Kong
Hong Kong,HK,2006-01-15,12:00:00,1137301200,18.8,16.0,22.2,9.0,94.0,0.0,0.0,Hong Kong
Hong Kong,HK,2006-01-16,12:00:00,1137387600,19.9,18.7,22.8,8.7,101.0,0.3,0.0,Hong Kong
Hong Kong,HK,2006-01-17,12:00:00,1137474000,19.9,18.8,22.0,19.3,98.0,0.1,0.0,Hong Kong
Hong Kong,HK,2006-01-18,12:00:00,1137560400,20.6,19.2,22.3,20.8,106.0,0.0,0.0,Hong Kong
Hong Kong,HK,2006-01-19,12:00:00,1137646800,21.2,20.1,22.9,19.7,114.0,0.0,0.0,Hong Kong
Hong Kong,HK,2006-01-20,12:00:00,1137733200,16.5,13.4,20.5,20.8,17.0,3.8,0.0,Hong Kong
Hong Kong,HK,2006-01-21,12:00:00,1137819600,13.2,11.1,16.7,21.5,10.0,1.2,0.0,Hong Kong
Hong Kong,HK,2006-01-22,12:00:00,1137906000,12.4,11.7,13.8,18.6,14.0,0.2,0.0,Hong Kong
Hong Kong,HK,2006-01-23,12:00:00,1137992400,12.7,10.3,15.6,21.7,21.0,0.0,0.0,Hong Kong
Hong Kong,HK,2006-01-24,12:00:00,1138078800,13.9,10.6,16.8,18.0,20.0,0.0,0.0,Hong Kong
Hong Kong,HK,2006-01-25,12:00:00,1138165200,16.5,12.9,20.4,16.1,17.0,0.0,0.0,Hong Kong
Hong Kong,HK,2006-01-26,12:00:00,1138251600,15.6,11.8,19.7,19.9,17.0,0.0,0.0,Hong Kong
Hong Kong,HK,2006-01-27,12:00:00,1138338000,16.5,13.2,19.6,15.1,42.0,0.0,0.0,Hong Kong
Hong Kong,HK,2006-01-28,12:00:00,1138424400,17.2,16.4,18.3,15.8,63.0,1.1,0.0,Hong Kong
Hong Kong,HK,2006-01-29,12:00:00,1138510800,18.7,17.0,21.5,8.9,76.0,0.4,0.0,Hong Kong
Hong Kong,HK,2006-01-30,12:00:00,1138597200,19.8,17.1,23.2,11.9,91.0,0.0,0.0,Hong Kong
Hong Kong,HK,2006-01-31,12:00:00,1138683600,20.1,15.8,25.1,6.6,291.0,0.0,0.0,Hong Kong
Hong Kong,HK,2006-02-01,12:00:00,1138770000,19.2,17.3,22.6,13.0,93.0,0.0,0.0,Hong Kong
Hong Kong,HK,2006-02-02,12:00:00,1138856400,17.9,16.5,20.0,19.9,101.0,0.0,0.0,Hong Kong
Hong Kong,HK,2006-02-03,12:00:00,1138942800,18.9,17.1,22.5,15.5,86.0,0.0,0.0,Hong Kong
Hong Kong,HK,2006-02-04,12:00:00,1139029200,16.7,14.4,19.2,19.0,48.0,0.0,0.0,Hong Kong
Hong Kong,HK,2006-02-05,12:00:00,1139115600,16.3,14.1,18.6,16.0,76.0,0.0,0.0,Hong Kong
Hong Kong,HK,2006-02-06,12:00:00,1139202000,18.9,15.5,22.9,6.2,32.0,0.0,0.0,Hong Kong
Hong Kong,HK,2006-02-07,12:00:00,1139288400,18.9,15.8,22.9,14.9,63.0,0.0,0.0,Hong Kong
Hong Kong,HK,2006-02-08,12:00:00,1139374800,18.0,16.6,20.6,20.1,90.0,0.0,0.0,Hong Kong
Hong Kong,HK,2006-02-09,12:00:00,1139461200,16.8,15.4,19.0,22.4,81.0,0.0,0.0,Hong Kong
Hong Kong,HK,2006-02-10,12:00:00,1139547600,17.3,14.7,21.2,11.8,51.0,0.0,0.0,Hong Kong
Hong Kong,HK,2006-02-11,12:00:00,1139634000,17.9,13.3,22.6,7.2,133.0,0.0,0.0,Hong Kong
Hong Kong,HK,2006-02-12,12:00:00,1139720400,18.5,15.3,21.4,19.5,103.0,0.0,0.0,Hong Kong
Hong Kong,HK,2006-02-13,12:00:00,1139806800,18.7,17.0,20.4,18.4,95.0,0.0,0.0,Hong Kong
Hong Kong,HK,2006-02-14,12:00:00,1139893200,19.8,18.7,21.8,12.8,98.0,2.5,0.0,Hong Kong
Hong Kong,HK,2006-02-15,12:00:00,1139979600,21.6,19.3,25.1,12.3,155.0,0.0,0.0,Hong Kong
Hong Kong,HK,2006-02-16,12:00:00,1140066000,22.0,18.3,25.8,16.8,71.0,0.9,0.0,Hong Kong
Hong Kong,HK,2006-02-17,12:00:00,1140152400,18.3,16.8,20.2,19.2,35.0,0.0,0.0,Hong Kong
Hong Kong,HK,2006-02-18,12:00:00,1140238800,14.7,12.7,17.1,19.2,21.0,2.2,0.0,Hong Kong
Hong Kong,HK,2006-02-19,12:00:00,1140325200,16.0,13.0,20.1,14.8,15.0,1.3,0.0,Hong Kong
Hong Kong,HK,2006-02-20,12:00:00,1140411600,17.6,14.7,21.3,12.4,13.0,0.0,0.0,Hong Kong
Hong Kong,HK,2006-02-21,12:00:00,1140498000,19.3,17.0,22.5,9.3,96.0,0.0,0.0,Hong Kong
Hong Kong,HK,2006-02-22,12:00:00,1140584400,20.4,18.2,23.8,16.2,31.0,4.8,0.0,Hong Kong
Hong Kong,HK,2006-02-23,12:00:00,1140670800,18.0,16.4,20.6,17.4,31.0,0.0,0.0,Hong Kong
Hong Kong,HK,2006-02-24,12:00:00,1140757200,18.2,16.9,20.5,12.7,56.0,0.0,0.0,Hong Kong
Hong Kong,HK,2006-02-25,12:00:00,1140843600,18.6,16.9,20.7,10.8,71.0,1.7,0.0,Hong Kong
Hong Kong,HK,2006-02-26,12:00:00,1140930000,18.9,16.8,21.7,20.2,64.0,0.0,0.0,Hong Kong
Hong Kong,HK,2006-02-27,12:00:00,1141016400,16.6,15.8,17.9,24.5,84.0,11.6,0.0,Hong Kong
Hong Kong,HK,2006-02-28,12:00:00,1141102800,13.8,9.2,15.9,26.3,18.0,18.6,0.0,Hong Kong
Hong Kong,HK,2006-03-01,12:00:00,1141189200,10.6,7.0,15.2,25.4,11.0,1.3,0.0,Hong Kong
Hong Kong,HK,2006-03-02,12:00:00,1141275600,12.1,8.5,16.1,20.1,24.0,0.0,0.0,Hong Kong
Hong Kong,HK,2006-03-03,12:00:00,1141362000,15.7,11.7,19.2,12.1,72.0,0.0,0.0,Hong Kong
Hong Kong,HK,2006-03-04,12:00:00,1141448400,16.7,15.2,18.0,15.5,69.0,1.9,0.0,Hong Kong
Hong Kong,HK,2006-03-05,12:00:00,1141534800,18.9,16.9,21.1,12.0,60.0,6.1,0.0,Hong Kong
Hong Kong,HK,2006-03-06,12:00:00,1141621200,20.6,19.1,23.1,10.0,51.0,7.7,0.0,Hong Kong
Hong Kong,HK,2006-03-07,12:00:00,1141707600,20.7,19.8,22.2,13.7,95.0,0.1,0.0,Hong Kong
Hong Kong,HK,2006-03-08,12:00:00,1141794000,20.6,19.3,22.9,15.5,107.0,0.4,0.0,Hong Kong
Hong Kong,HK,2006-03-09,12:00:00,1141880400,21.5,19.0,25.0,8.1,17.0,0.5,0.0,Hong Kong
Hong Kong,HK,2006-03-10,12:00:00,1141966800,20.4,17.0,23.1,15.9,122.0,0.0,0.0,Hong Kong
Hong Kong,HK,2006-03-11,12:00:00,1142053200,21.4,19.4,24.1,16.4,120.0,0.4,0.0,Hong Kong
Hong Kong,HK,2006-03-12,12:00:00,1142139600,21.1,15.1,24.9,23.8,66.0,6.3,0.0,Hong Kong
Hong Kong,HK,2006-03-13,12:00:00,1142226000,11.9,9.6,14.8,23.8,22.0,2.7,0.0,Hong Kong
Hong Kong,HK,2006-03-14,12:00:00,1142312400,12.7,9.3,16.0,19.6,22.0,0.0,0.0,Hong Kong
Hong Kong,HK,2006-03-15,12:00:00,1142398800,18.2,15.5,20.6,10.5,48.0,0.1,0.0,Hong Kong
Hong Kong,HK,2006-03-16,12:00:00,1142485200,20.8,17.5,25.2,7.1,340.0,0.0,0.0,Hong Kong
Hong Kong,HK,2006-03-17,12:00:00,1142571600,21.8,19.2,24.3,20.5,126.0,0.4,0.0,Hong Kong
Hong Kong,HK,2006-03-18,12:00:00,1142658000,23.0,21.0,26.2,11.3,176.0,0.3,0.0,Hong Kong
Hong Kong,HK,2006-03-19,12:00:00,1142744400,21.5,20.3,23.8,19.1,82.0,0.7,0.0,Hong Kong
Hong Kong,HK,2006-03-20,12:00:00,1142830800,20.6,19.2,21.9,22.1,104.0,0.0,0.0,Hong Kong
Hong Kong,HK,2006-03-21,12:00:00,1142917200,22.3,20.5,24.4,17.9,128.0,5.7,0.0,Hong Kong
Hong Kong,HK,2006-03-22,12:00:00,1143003600,23.3,21.4,25.6,17.4,146.0,2.1,0.0,Hong Kong
Hong Kong,HK,2006-03-23,12:00:00,1143090000,23.7,21.0,26.2,22.4,178.0,6.0,0.0,Hong Kong
Hong Kong,HK,2006-03-24,12:00:00,1143176400,19.2,18.6,20.4,17.1,56.0,19.6,0.0,Hong Kong
Hong Kong,HK,2006-03-25,12:00:00,1143262800,20.4,18.4,22.4,21.0,87.0,3.2,0.0,Hong Kong
Hong Kong,HK,2006-03-26,12:00:00,1143349200,21.0,19.2,22.9,15.5,63.0,10.8,0.0,Hong Kong
Hong Kong,HK,2006-03-27,12:00:00,1143435600,20.5,19.1,22.8,15.3,42.0,7.6,0.0,Hong Kong
Hong Kong,HK,2006-03-28,12:00:00,1143522000,19.7,16.7,22.9,14.5,47.0,0.0,0.0,Hong Kong
Hong Kong,HK,2006-03-29,12:00:00,1143608400,20.2,18.7,21.6,19.3,94.0,0.0,0.0,Hong Kong
Hong Kong,HK,2006-03-30,12:00:00,1143694800,21.2,19.6,23.0,16.9,105.0,0.0,0.0,Hong Kong
Hong Kong,HK,2006-03-31,12:00:00,1143781200,22.3,20.5,24.4,18.9,111.0,3.7,0.0,Hong Kong
Hong Kong,HK,2006-04-01,12:00:00,1143867600,23.7,21.9,26.5,15.8,143.0,0.9,0.0,Hong Kong
Hong Kong,HK,2006-04-02,12:00:00,1143954000,23.4,21.2,26.0,6.7,176.0,0.3,0.0,Hong Kong
Hong Kong,HK,2006-04-03,12:00:00,1144040400,24.0,21.3,27.0,15.5,148.0,0.0,0.0,Hong Kong
Hong Kong,HK,2006-04-04,12:00:00,1144126800,25.2,23.2,27.9,21.3,186.0,1.7,0.0,Hong Kong
Hong Kong,HK,2006-04-05,12:00:00,1144213200,25.7,24.0,28.5,16.6,204.0,0.3,0.0,Hong Kong
Hong Kong,HK,2006-04-06,12:00:00,1144299600,24.7,23.3,26.4,13.1,161.0,3.9,0.0,Hong Kong
Hong Kong,HK,2006-04-07,12:00:00,1144386000,23.3,21.9,25.1,13.4,68.0,1.8,0.0,Hong Kong
Hong Kong,HK,2006-04-08,12:00:00,1144472400,22.9,21.2,24.9,16.2,114.0,0.0,0.0,Hong Kong
Hong Kong,HK,2006-04-09,12:00:00,1144558800,24.7,22.8,27.3,17.4,156.0,1.1,0.0,Hong Kong
Hong Kong,HK,2006-04-10,12:00:00,1144645200,25.7,23.8,27.9,23.5,208.0,8.8,0.0,Hong Kong
Hong Kong,HK,2006-04-11,12:00:00,1144731600,26.3,24.9,28.4,24.6,192.0,1.3,0.0,Hong Kong
Hong Kong,HK,2006-04-12,12:00:00,1144818000,26.5,25.2,28.6,27.9,193.0,1.2,0.0,Hong Kong
Hong Kong,HK,2006-04-13,12:00:00,1144904400,21.4,19.5,24.8,20.5,19.0,5.7,0.0,Hong Kong
Hong Kong,HK,2006-04-14,12:00:00,1144990800,19.8,17.4,23.0,17.6,16.0,0.0,0.0,Hong Kong
Hong Kong,HK,2006-04-15,12:00:00,1145077200,17.3,15.8,19.3,18.4,9.0,0.4,0.0,Hong Kong
Hong Kong,HK,2006-04-16,12:00:00,1145163600,18.3,15.3,20.8,18.2,42.0,0.0,0.0,Hong Kong
Hong Kong,HK,2006-04-17,12:00:00,1145250000,21.1,18.8,23.5,12.2,96.0,0.0,0.0,Hong Kong
Hong Kong,HK,2006-04-18,12:00:00,1145336400,22.8,20.9,25.6,12.3,109.0,0.0,0.0,Hong Kong
Hong Kong,HK,2006-04-19,12:00:00,1145422800,24.1,20.6,28.3,5.5,246.0,0.0,0.0,Hong Kong
Hong Kong,HK,2006-04-20,12:00:00,1145509200,24.1,21.3,28.5,18.4,136.0,0.1,0.0,Hong Kong
Hong Kong,HK,2006-04-21,12:00:00,1145595600,23.6,21.6,25.9,17.6,131.0,0.0,0.0,Hong Kong
Hong Kong,HK,2006-04-22,12:00:00,1145682000,25.2,22.0,28.1,17.7,190.0,0.4,0.0,Hong Kong
Hong Kong,HK,2006-04-23,12:00:00,1145768400,26.0,24.0,28.6,15.5,190.0,6.8,0.0,Hong Kong
Hong Kong,HK,2006-04-24,12:00:00,1145854800,24.6,22.9,27.2,18.5,134.0,14.5,0.0,Hong Kong
Hong Kong,HK,2006-04-25,12:00:00,1145941200,25.0,23.3,27.2,22.2,133.0,1.0,0.0,Hong Kong
Hong Kong,HK,2006-04-26,12:00:00,1146027600,26.1,24.4,28.6,21.2,198.0,4.5,0.0,Hong Kong
Hong Kong,HK,2006-04-27,12:00:00,1146114000,25.8,23.4,28.3,20.1,197.0,4.5,0.0,Hong Kong
Hong Kong,HK,2006-04-28,12:00:00,1146200400,24.0,23.1,26.0,13.4,74.0,51.2,0.0,Hong Kong
Hong Kong,HK,2006-04-29,12:00:00,1146286800,23.6,22.4,25.8,8.8,45.0,6.3,0.0,Hong Kong
Hong Kong,HK,2006-04-30,12:00:00,1146373200,25.4,22.7,28.3,14.7,193.0,1.8,0.0,Hong Kong
Hong Kong,HK,2006-05-01,12:00:00,1146459600,26.4,24.8,28.7,23.3,209.0,0.9,0.0,Hong Kong
Hong Kong,HK,2006-05-02,12:00:00,1146546000,25.7,24.0,28.2,15.0,215.0,11.8,0.0,Hong Kong
Hong Kong,HK,2006-05-03,12:00:00,1146632400,24.5,22.8,26.9,15.3,113.0,26.9,0.0,Hong Kong
Hong Kong,HK,2006-05-04,12:00:00,1146718800,25.5,24.0,27.8,20.9,123.0,5.7,0.0,Hong Kong
Hong Kong,HK,2006-05-05,12:00:00,1146805200,25.6,24.4,26.9,16.6,168.0,13.8,0.0,Hong Kong
Hong Kong,HK,2006-05-06,12:00:00,1146891600,27.0,25.5,29.1,20.3,197.0,0.1,0.0,Hong Kong
Hong Kong,HK,2006-05-07,12:00:00,1146978000,27.1,25.3,29.5,16.8,191.0,0.4,0.0,Hong Kong
Hong Kong,HK,2006-05-08,12:00:00,1147064400,27.1,25.5,29.8,16.2,182.0,0.5,0.0,Hong Kong
Hong Kong,HK,2006-05-09,12:00:00,1147150800,27.1,25.1,29.6,18.0,194.0,0.0,0.0,Hong Kong
Hong Kong,HK,2006-05-10,12:00:00,1147237200,27.4,24.9,30.3,12.3,205.0,0.1,0.0,Hong Kong
Hong Kong,HK,2006-05-11,12:00:00,1147323600,26.7,24.3,29.8,21.0,112.0,1.0,0.0,Hong Kong
Hong Kong,HK,2006-05-12,12:00:00,1147410000,26.1,24.5,28.5,18.5,102.0,0.2,0.0,Hong Kong
Hong Kong,HK,2006-05-13,12:00:00,1147496400,25.7,20.7,29.4,25.6,16.0,0.0,0.0,Hong Kong
Hong Kong,HK,2006-05-14,12:00:00,1147582800,22.8,19.2,26.8,23.5,19.0,0.0,0.0,Hong Kong
Hong Kong,HK,2006-05-15,12:00:00,1147669200,23.6,21.7,26.4,17.9,34.0,1.6,0.0,Hong Kong
Hong Kong,HK,2006-05-16,12:00:00,1147755600,23.2,21.7,24.9,28.2,32.0,16.9,0.0,Hong Kong
Hong Kong,HK,2006-05-17,12:00:00,1147842000,21.3,20.7,22.1,34.8,349.0,55.4,0.0,Hong Kong
Hong Kong,HK,2006-05-18,12:00:00,1147928400,24.0,20.8,27.8,24.4,327.0,2.4,0.0,Hong Kong
Hong Kong,HK,2006-05-19,12:00:00,1148014800,24.5,21.1,27.9,8.4,49.0,0.0,0.0,Hong Kong
Hong Kong,HK,2006-05-20,12:00:00,1148101200,23.6,22.5,24.9,17.4,111.0,1.3,0.0,Hong Kong
Hong Kong,HK,2006-05-21,12:00:00,1148187600,23.9,22.2,25.2,24.8,103.0,30.5,0.0,Hong Kong
Hong Kong,HK,2006-05-22,12:00:00,1148274000,25.2,23.9,27.2,19.3,182.0,22.6,0.0,Hong Kong
Hong Kong,HK,2006-05-23,12:00:00,1148360400,25.3,23.6,28.4,12.3,209.0,8.2,0.0,Hong Kong
Hong Kong,HK,2006-05-24,12:00:00,1148446800,25.3,23.8,27.3,9.4,169.0,10.8,0.0,Hong Kong
Hong Kong,HK,2006-05-25,12:00:00,1148533200,26.3,24.5,28.5,15.9,177.0,1.1,0.0,Hong Kong
Hong Kong,HK,2006-05-26,12:00:00,1148619600,26.7,25.1,28.8,20.3,202.0,0.7,0.0,Hong Kong
Hong Kong,HK,2006-05-27,12:00:00,1148706000,25.7,24.9,27.3,12.5,224.0,28.9,0.0,Hong Kong
Hong Kong,HK,2006-05-28,12:00:00,1148792400,24.3,22.4,25.1,23.7,255.0,68.4,0.0,Hong Kong
Hong Kong,HK,2006-05-29,12:00:00,1148878800,23.0,21.9,24.5,14.9,59.0,19.6,0.0,Hong Kong
Hong Kong,HK,2006-05-30,12:00:00,1148965200,24.9,23.2,27.1,13.0,101.0,19.1,0.0,Hong Kong
Hong Kong,HK,2006-05-31,12:00:00,1149051600,25.5,24.0,28.0,16.9,179.0,16.2,0.0,Hong Kong
Hong Kong,HK,2006-06-01,12:00:00,1149138000,25.8,24.7,26.9,14.6,204.0,14.6,0.0,Hong Kong
Hong Kong,HK,2006-06-02,12:00:00,1149224400,25.0,24.2,26.1,14.1,187.0,20.7,0.0,Hong Kong
Hong Kong,HK,2006-06-03,12:00:00,1149310800,25.7,24.4,26.7,13.2,164.0,15.6,0.0,Hong Kong
Hong Kong,HK,2006-06-04,12:00:00,1149397200,27.0,25.5,28.7,18.8,196.0,9.9,0.0,Hong Kong
Hong Kong,HK,2006-06-05,12:00:00,1149483600,27.3,25.7,29.1,20.6,203.0,10.7,0.0,Hong Kong
Hong Kong,HK,2006-06-06,12:00:00,1149570000,28.0,26.8,29.4,23.5,202.0,5.2,0.0,Hong Kong
Hong Kong,HK,2006-06-07,12:00:00,1149656400,28.1,27.0,29.5,21.2,205.0,5.2,0.0,Hong Kong
Hong Kong,HK,2006-06-08,12:00:00,1149742800,27.1,26.2,28.3,24.5,224.0,24.7,0.0,Hong Kong
Hong Kong,HK,2006-06-09,12:00:00,1149829200,25.6,24.7,27.1,22.3,241.0,37.3,0.0,Hong Kong
Hong Kong,HK,2006-06-10,12:00:00,1149915600,25.0,24.4,26.0,11.0,28.0,21.3,0.0,Hong Kong
Hong Kong,HK,2006-06-11,12:00:00,1150002000,25.1,23.8,27.1,14.4,119.0,8.4,0.0,Hong Kong
Hong Kong,HK,2006-06-12,12:00:00,1150088400,25.8,24.6,27.3,13.2,147.0,30.7,0.0,Hong Kong
Hong Kong,HK,2006-06-13,12:00:00,1150174800,26.9,24.9,28.6,16.9,179.0,11.0,0.0,Hong Kong
Hong Kong,HK,2006-06-14,12:00:00,1150261200,27.8,26.6,29.4,17.7,200.0,5.1,0.0,Hong Kong
Hong Kong,HK,2006-06-15,12:00:00,1150347600,27.8,26.6,29.4,18.9,209.0,7.6,0.0,Hong Kong
Hong Kong,HK,2006-06-16,12:00:00,1150434000,28.1,26.7,30.0,16.2,193.0,3.4,0.0,Hong Kong
Hong Kong,HK,2006-06-17,12:00:00,1150520400,28.3,26.8,30.2,15.5,180.0,0.0,0.0,Hong Kong
Hong Kong,HK,2006-06-18,12:00:00,1150606800,27.7,26.3,30.1,11.2,162.0,7.7,0.0,Hong Kong
Hong Kong,HK,2006-06-19,12:00:00,1150693200,27.3,25.2,28.7,9.8,156.0,7.8,0.0,Hong Kong
Hong Kong,HK,2006-06-20,12:00:00,1150779600,27.8,26.4,29.7,7.9,129.0,8.0,0.0,Hong Kong
Hong Kong,HK,2006-06-21,12:00:00,1150866000,27.5,25.6,29.4,11.7,117.0,5.2,0.0,Hong Kong
Hong Kong,HK,2006-06-22,12:00:00,1150952400,27.5,25.9,29.6,9.5,132.0,7.5,0.0,Hong Kong
Hong Kong,HK,2006-06-23,12:00:00,1151038800,28.2,25.9,30.5,12.0,193.0,0.4,0.0,Hong Kong
Hong Kong,HK,2006-06-24,12:00:00,1151125200,28.7,26.8,30.8,13.0,203.0,0.9,0.0,Hong Kong
Hong Kong,HK,2006-06-25,12:00:00,1151211600,28.8,27.3,30.8,14.6,188.0,0.9,0.0,Hong Kong
Hong Kong,HK,2006-06-26,12:00:00,1151298000,28.8,26.8,30.9,9.8,161.0,2.0,0.0,Hong Kong
Hong Kong,HK,2006-06-27,12:00:00,1151384400,28.1,26.5,29.4,15.0,105.0,5.6,0.0,Hong Kong
Hong Kong,HK,2006-06-28,12:00:00,1151470800,27.5,26.7,28.2,20.8,117.0,14.6,0.0,Hong Kong
Hong Kong,HK,2006-06-29,12:00:00,1151557200,27.7,26.3,29.9,21.6,144.0,14.7,0.0,Hong Kong
Hong Kong,HK,2006-06-30,12:00:00,1151643600,27.2,25.8,28.7,25.4,133.0,12.0,0.0,Hong Kong
Hong Kong,HK,2006-07-01,12:00:00,1151730000,28.2,26.0,30.7,15.5,124.0,5.2,0.0,Hong Kong
Hong Kong,HK,2006-07-02,12:00:00,1151816400,28.5,26.8,30.6,14.6,121.0,5.8,0.0,Hong Kong
Hong Kong,HK,2006-07-03,12:00:00,1151902800,28.5,27.6,30.1,22.5,138.0,2.4,0.0,Hong Kong
Hong Kong,HK,2006-07-04,12:00:00,1151989200,27.9,26.0,29.7,19.1,161.0,9.8,0.0,Hong Kong
Hong Kong,HK,2006-07-05,12:00:00,1152075600,28.7,27.5,30.3,16.4,182.0,1.4,0.0,Hong Kong
Hong Kong,HK,2006-07-06,12:00:00,1152162000,29.0,27.6,30.7,17.0,205.0,2.0,0.0,Hong Kong
Hong Kong,HK,2006-07-07,12:00:00,1152248400,29.0,27.4,30.7,16.1,208.0,5.2,0.0,Hong Kong
Hong Kong,HK,2006-07-08,12:00:00,1152334800,29.3,28.2,31.0,18.2,210.0,0.9,0.0,Hong Kong
Hong Kong,HK,2006-07-09,12:00:00,1152421200,29.0,27.6,30.3,18.2,202.0,3.8,0.0,Hong Kong
Hong Kong,HK,2006-07-10,12:00:00,1152507600,28.7,27.3,29.7,17.2,185.0,7.1,0.0,Hong Kong
Hong Kong,HK,2006-07-11,12:00:00,1152594000,28.4,26.8,30.4,14.9,174.0,6.3,0.0,Hong Kong
Hong Kong,HK,2006-07-12,12:00:00,1152680400,29.2,27.0,31.6,7.7,210.0,0.7,0.0,Hong Kong
Hong Kong,HK,2006-07-13,12:00:00,1152766800,30.2,28.0,33.7,16.9,274.0,1.2,0.0,Hong Kong
Hong Kong,HK,2006-07-14,12:00:00,1152853200,29.8,28.4,32.1,29.8,247.0,1.1,0.0,Hong Kong
Hong Kong,HK,2006-07-15,12:00:00,1152939600,28.3,27.4,29.2,30.9,218.0,15.0,0.0,Hong Kong
Hong Kong,HK,2006-07-16,12:00:00,1153026000,27.4,26.2,29.0,29.3,197.0,38.5,0.0,Hong Kong
Hong Kong,HK,2006-07-17,12:00:00,1153112400,27.2,26.1,28.6,26.8,171.0,27.4,0.0,Hong Kong
Hong Kong,HK,2006-07-18,12:00:00,1153198800,28.4,26.8,30.1,16.8,166.0,3.3,0.0,Hong Kong
Hong Kong,HK,2006-07-19,12:00:00,1153285200,28.5,26.5,30.8,11.0,191.0,0.8,0.0,Hong Kong
Hong Kong,HK,2006-07-20,12:00:00,1153371600,28.5,26.3,30.8,11.4,207.0,0.5,0.0,Hong Kong
Hong Kong,HK,2006-07-21,12:00:00,1153458000,28.5,26.5,30.9,12.7,196.0,0.0,0.0,Hong Kong
Hong Kong,HK,2006-07-22,12:00:00,1153544400,28.6,26.5,30.9,6.7,157.0,0.9,0.0,Hong Kong
Hong Kong,HK,2006-07-23,12:00:00,1153630800,28.8,26.1,31.3,6.6,160.0,0.9,0.0,Hong Kong
Hong Kong,HK,2006-07-24,12:00:00,1153717200,30.0,26.9,33.7,10.0,263.0,0.2,0.0,Hong Kong
Hong Kong,HK,2006-07-25,12:00:00,1153803600,30.3,28.3,33.7,15.8,270.0,0.5,0.0,Hong Kong
Hong Kong,HK,2006-07-26,12:00:00,1153890000,28.4,26.6,29.6,16.1,243.0,3.5,0.0,Hong Kong
Hong Kong,HK,2006-07-27,12:00:00,1153976400,26.3,25.3,27.8,17.8,182.0,22.1,0.0,Hong Kong
Hong Kong,HK,2006-07-28,12:00:00,1154062800,25.7,24.7,27.5,20.6,138.0,17.2,0.0,Hong Kong
Hong Kong,HK,2006-07-29,12:00:00,1154149200,25.1,24.3,25.9,21.4,119.0,30.1,0.0,Hong Kong
Hong Kong,HK,2006-07-30,12:00:00,1154235600,27.0,25.1,28.5,19.0,105.0,2.6,0.0,Hong Kong
Hong Kong,HK,2006-07-31,12:00:00,1154322000,27.6,26.4,29.7,15.5,99.0,0.3,0.0,Hong Kong
Hong Kong,HK,2006-08-01,12:00:00,1154408400,28.0,25.6,31.2,10.6,43.0,0.3,0.0,Hong Kong
Hong Kong,HK,2006-08-02,12:00:00,1154494800,26.2,25.2,27.4,37.1,71.0,18.3,0.0,Hong Kong
Hong Kong,HK,2006-08-03,12:00:00,1154581200,25.4,25.1,26.3,47.5,102.0,97.9,0.0,Hong Kong
Hong Kong,HK,2006-08-04,12:00:00,1154667600,26.3,25.1,27.9,37.0,130.0,41.5,0.0,Hong Kong
Hong Kong,HK,2006-08-05,12:00:00,1154754000,26.4,24.7,28.7,17.2,115.0,10.1,0.0,Hong Kong
Hong Kong,HK,2006-08-06,12:00:00,1154840400,26.8,24.7,29.0,14.7,114.0,8.9,0.0,Hong Kong
Hong Kong,HK,2006-08-07,12:00:00,1154926800,27.3,25.4,29.3,7.9,148.0,1.4,0.0,Hong Kong
Hong Kong,HK,2006-08-08,12:00:00,1155013200,27.7,25.3,30.2,7.6,163.0,5.5,0.0,Hong Kong
Hong Kong,HK,2006-08-09,12:00:00,1155099600,28.0,25.6,31.5,8.7,320.0,4.7,0.0,Hong Kong
Hong Kong,HK,2006-08-10,12:00:00,1155186000,26.4,24.4,28.5,11.6,309.0,19.3,0.0,Hong Kong
Hong Kong,HK,2006-08-11,12:00:00,1155272400,27.5,26.4,29.0,21.1,108.0,3.3,0.0,Hong Kong
Hong Kong,HK,2006-08-12,12:00:00,1155358800,27.3,26.0,28.8,18.7,105.0,1.5,0.0,Hong Kong
Hong Kong,HK,2006-08-13,12:00:00,1155445200,28.2,26.1,30.5,8.8,94.0,0.1,0.0,Hong Kong
Hong Kong,HK,2006-08-14,12:00:00,1155531600,27.9,26.3,30.3,10.6,121.0,0.0,0.0,Hong Kong
Hong Kong,HK,2006-08-15,12:00:00,1155618000,27.8,26.1,29.9,10.9,120.0,0.1,0.0,Hong Kong
Hong Kong,HK,2006-08-16,12:00:00,1155704400,28.2,26.2,30.5,11.4,157.0,1.2,0.0,Hong Kong
Hong Kong,HK,2006-08-17,12:00:00,1155790800,28.6,26.6,31.3,10.0,221.0,0.5,0.0,Hong Kong
Hong Kong,HK,2006-08-18,12:00:00,1155877200,29.2,27.0,32.0,8.2,246.0,3.2,0.0,Hong Kong
Hong Kong,HK,2006-08-19,12:00:00,1155963600,27.9,25.1,31.0,8.4,291.0,9.1,0.0,Hong Kong
Hong Kong,HK,2006-08-20,12:00:00,1156050000,28.3,26.0,31.4,8.7,261.0,3.2,0.0,Hong Kong
Hong Kong,HK,2006-08-21,12:00:00,1156136400,27.7,25.3,30.1,12.3,93.0,0.7,0.0,Hong Kong
Hong Kong,HK,2006-08-22,12:00:00,1156222800,27.7,26.2,29.8,10.6,97.0,0.2,0.0,Hong Kong
Hong Kong,HK,2006-08-23,12:00:00,1156309200,27.7,26.2,29.6,11.3,101.0,0.5,0.0,Hong Kong
Hong Kong,HK,2006-08-24,12:00:00,1156395600,27.0,25.6,28.7,17.4,104.0,10.7,0.0,Hong Kong
Hong Kong,HK,2006-08-25,12:00:00,1156482000,26.7,25.4,28.6,18.3,152.0,19.8,0.0,Hong Kong
Hong Kong,HK,2006-08-26,12:00:00,1156568400,27.3,25.2,29.6,15.2,164.0,5.1,0.0,Hong Kong
Hong Kong,HK,2006-08-27,12:00:00,1156654800,27.6,26.4,29.5,9.4,128.0,6.1,0.0,Hong Kong
Hong Kong,HK,2006-08-28,12:00:00,1156741200,26.8,25.9,28.1,15.0,106.0,13.4,0.0,Hong Kong
Hong Kong,HK,2006-08-29,12:00:00,1156827600,28.3,26.6,30.3,16.6,142.0,3.6,0.0,Hong Kong
Hong Kong,HK,2006-08-30,12:00:00,1156914000,28.6,27.0,30.7,12.1,198.0,0.3,0.0,Hong Kong
Hong Kong,HK,2006-08-31,12:00:00,1157000400,28.7,27.3,31.1,14.8,245.0,0.0,0.0,Hong Kong
Hong Kong,HK,2006-09-01,12:00:00,1157086800,29.2,27.4,31.9,16.4,255.0,0.0,0.0,Hong Kong
Hong Kong,HK,2006-09-02,12:00:00,1157173200,29.3,27.9,31.6,13.5,232.0,2.6,0.0,Hong Kong
Hong Kong,HK,2006-09-03,12:00:00,1157259600,27.9,26.6,29.4,12.1,205.0,9.8,0.0,Hong Kong
Hong Kong,HK,2006-09-04,12:00:00,1157346000,27.6,26.1,29.6,13.2,209.0,8.2,0.0,Hong Kong
Hong Kong,HK,2006-09-05,12:00:00,1157432400,27.6,25.7,29.9,15.1,209.0,9.0,0.0,Hong Kong
Hong Kong,HK,2006-09-06,12:00:00,1157518800,27.4,25.5,30.1,8.2,267.0,7.2,0.0,Hong Kong
Hong Kong,HK,2006-09-07,12:00:00,1157605200,27.0,25.6,29.2,6.6,217.0,8.2,0.0,Hong Kong
Hong Kong,HK,2006-09-08,12:00:00,1157691600,27.2,24.7,29.1,10.8,149.0,8.7,0.0,Hong Kong
Hong Kong,HK,2006-09-09,12:00:00,1157778000,25.6,23.4,27.1,20.0,21.0,37.5,0.0,Hong Kong
Hong Kong,HK,2006-09-10,12:00:00,1157864400,23.7,21.7,26.1,21.7,11.0,4.6,0.0,Hong Kong
Hong Kong,HK,2006-09-11,12:00:00,1157950800,22.9,20.5,27.0,21.7,12.0,9.3,0.0,Hong Kong
Hong Kong,HK,2006-09-12,12:00:00,1158037200,22.6,21.3,24.7,23.0,12.0,11.0,0.0,Hong Kong
Hong Kong,HK,2006-09-13,12:00:00,1158123600,24.8,22.8,26.3,27.4,56.0,21.4,0.0,Hong Kong
Hong Kong,HK,2006-09-14,12:00:00,1158210000,25.8,24.4,28.0,9.7,105.0,18.7,0.0,Hong Kong
Hong Kong,HK,2006-09-15,12:00:00,1158296400,26.2,24.0,29.8,8.9,4.0,6.0,0.0,Hong Kong
Hong Kong,HK,2006-09-16,12:00:00,1158382800,26.2,23.7,29.4,13.0,353.0,0.0,0.0,Hong Kong
Hong Kong,HK,2006-09-17,12:00:00,1158469200,25.8,23.8,28.2,16.2,6.0,0.0,0.0,Hong Kong
Hong Kong,HK,2006-09-18,12:00:00,1158555600,25.2,23.1,27.5,12.3,48.0,0.0,0.0,Hong Kong
Hong Kong,HK,2006-09-19,12:00:00,1158642000,25.6,24.5,27.2,12.2,82.0,0.0,0.0,Hong Kong
Hong Kong,HK,2006-09-20,12:00:00,1158728400,25.6,23.9,27.8,8.6,73.0,0.0,0.0,Hong Kong
Hong Kong,HK,2006-09-21,12:00:00,1158814800,25.8,24.2,28.2,10.5,81.0,0.0,0.0,Hong Kong
Hong Kong,HK,2006-09-22,12:00:00,1158901200,26.3,24.7,28.8,13.8,71.0,0.0,0.0,Hong Kong
Hong Kong,HK,2006-09-23,12:00:00,1158987600,26.2,25.1,28.0,21.3,74.0,0.0,0.0,Hong Kong
Hong Kong,HK,2006-09-24,12:00:00,1159074000,25.8,25.1,26.2,22.7,79.0,0.8,0.0,Hong Kong
Hong Kong,HK,2006-09-25,12:00:00,1159160400,25.9,25.0,27.4,20.5,89.0,0.1,0.0,Hong Kong
Hong Kong,HK,2006-09-26,12:00:00,1159246800,25.6,24.3,27.3,16.6,95.0,0.0,0.0,Hong Kong
Hong Kong,HK,2006-09-27,12:00:00,1159333200,25.3,24.0,26.9,16.3,96.0,0.0,0.0,Hong Kong
Hong Kong,HK,2006-09-28,12:00:00,1159419600,25.7,24.3,27.6,14.9,92.0,0.0,0.0,Hong Kong
Hong Kong,HK,2006-09-29,12:00:00,1159506000,26.6,24.3,29.5,17.2,75.0,0.0,0.0,Hong Kong
Hong Kong,HK,2006-09-30,12:00:00,1159592400,26.3,25.9,27.2,19.6,86.0,0.5,0.0,Hong Kong
Hong Kong,HK,2006-10-01,12:00:00,1159678800,26.3,25.3,27.8,14.9,73.0,0.8,0.0,Hong Kong
Hong Kong,HK,2006-10-02,12:00:00,1159765200,26.4,24.7,28.9,13.6,40.0,1.5,0.0,Hong Kong
Hong Kong,HK,2006-10-03,12:00:00,1159851600,26.5,24.8,28.8,9.5,18.0,0.0,0.0,Hong Kong
Hong Kong,HK,2006-10-04,12:00:00,1159938000,26.2,23.2,28.9,8.5,14.0,0.0,0.0,Hong Kong
Hong Kong,HK,2006-10-05,12:00:00,1160024400,25.7,23.2,28.2,8.4,93.0,0.0,0.0,Hong Kong
Hong Kong,HK,2006-10-06,12:00:00,1160110800,25.1,22.8,27.6,10.4,151.0,0.0,0.0,Hong Kong
Hong Kong,HK,2006-10-07,12:00:00,1160197200,25.3,22.6,28.1,11.0,154.0,0.0,0.0,Hong Kong
Hong Kong,HK,2006-10-08,12:00:00,1160283600,25.6,24.1,27.7,10.3,142.0,0.3,0.0,Hong Kong
Hong Kong,HK,2006-10-09,12:00:00,1160370000,25.2,24.1,26.5,11.3,110.0,4.2,0.0,Hong Kong
Hong Kong,HK,2006-10-10,12:00:00,1160456400,25.7,24.1,27.6,6.9,113.0,0.5,0.0,Hong Kong
Hong Kong,HK,2006-10-11,12:00:00,1160542800,25.9,24.4,28.3,7.6,99.0,1.5,0.0,Hong Kong
Hong Kong,HK,2006-10-12,12:00:00,1160629200,26.0,24.6,28.1,10.3,105.0,0.0,0.0,Hong Kong
Hong Kong,HK,2006-10-13,12:00:00,1160715600,26.0,24.5,28.2,9.7,125.0,0.0,0.0,Hong Kong
Hong Kong,HK,2006-10-14,12:00:00,1160802000,26.0,24.2,28.0,10.5,168.0,1.0,0.0,Hong Kong
Hong Kong,HK,2006-10-15,12:00:00,1160888400,25.7,24.2,28.0,10.8,122.0,6.8,0.0,Hong Kong
Hong Kong,HK,2006-10-16,12:00:00,1160974800,25.9,24.6,27.5,14.2,109.0,0.0,0.0,Hong Kong
Hong Kong,HK,2006-10-17,12:00:00,1161061200,26.1,25.0,27.9,10.6,113.0,1.8,0.0,Hong Kong
Hong Kong,HK,2006-10-18,12:00:00,1161147600,26.0,24.8,27.6,11.2,118.0,0.4,0.0,Hong Kong
Hong Kong,HK,2006-10-19,12:00:00,1161234000,25.8,24.4,27.7,13.3,109.0,0.0,0.0,Hong Kong
Hong Kong,HK,2006-10-20,12:00:00,1161320400,25.8,23.4,28.4,5.5,83.0,0.5,0.0,Hong Kong
Hong Kong,HK,2006-10-21,12:00:00,1161406800,26.0,24.6,28.0,13.3,108.0,0.0,0.0,Hong Kong
Hong Kong,HK,2006-10-22,12:00:00,1161493200,26.1,24.1,29.0,7.9,97.0,0.0,0.0,Hong Kong
Hong Kong,HK,2006-10-23,12:00:00,1161579600,26.4,23.3,29.8,11.5,65.0,0.2,0.0,Hong Kong
Hong Kong,HK,2006-10-24,12:00:00,1161666000,25.9,24.8,27.7,16.5,80.0,0.2,0.0,Hong Kong
Hong Kong,HK,2006-10-25,12:00:00,1161752400,25.6,24.3,27.6,12.6,80.0,0.3,0.0,Hong Kong
Hong Kong,HK,2006-10-26,12:00:00,1161838800,25.3,23.7,27.7,14.7,56.0,0.0,0.0,Hong Kong
Hong Kong,HK,2006-10-27,12:00:00,1161925200,24.9,22.1,27.9,15.8,40.0,0.0,0.0,Hong Kong
Hong Kong,HK,2006-10-28,12:00:00,1162011600,25.6,22.8,29.0,11.9,23.0,0.0,0.0,Hong Kong
Hong Kong,HK,2006-10-29,12:00:00,1162098000,25.7,22.7,29.2,13.9,32.0,0.0,0.0,Hong Kong
Hong Kong,HK,2006-10-30,12:00:00,1162184400,25.7,23.2,29.3,13.4,22.0,0.0,0.0,Hong Kong
Hong Kong,HK,2006-10-31,12:00:00,1162270800,25.4,22.8,29.3,17.3,24.0,0.0,0.0,Hong Kong
Hong Kong,HK,2006-11-01,12:00:00,1162357200,25.2,22.7,28.2,25.6,17.0,0.0,0.0,Hong Kong
Hong Kong,HK,2006-11-02,12:00:00,1162443600,22.7,21.0,25.1,21.9,34.0,0.0,0.0,Hong Kong
Hong Kong,HK,2006-11-03,12:00:00,1162530000,23.1,21.0,26.7,12.5,45.0,0.0,0.0,Hong Kong
Hong Kong,HK,2006-11-04,12:00:00,1162616400,23.4,20.5,26.9,9.5,69.0,0.0,0.0,Hong Kong
Hong Kong,HK,2006-11-05,12:00:00,1162702800,23.6,21.3,26.9,10.1,77.0,0.0,0.0,Hong Kong
Hong Kong,HK,2006-11-06,12:00:00,1162789200,24.0,21.1,28.3,15.0,42.0,0.0,0.0,Hong Kong
Hong Kong,HK,2006-11-07,12:00:00,1162875600,23.1,20.5,25.8,14.3,61.0,0.0,0.0,Hong Kong
Hong Kong,HK,2006-11-08,12:00:00,1162962000,23.2,21.5,25.5,15.1,98.0,0.0,0.0,Hong Kong
Hong Kong,HK,2006-11-09,12:00:00,1163048400,24.1,22.1,27.0,8.6,106.0,0.0,0.0,Hong Kong
Hong Kong,HK,2006-11-10,12:00:00,1163134800,24.4,22.1,27.8,7.9,121.0,0.0,0.0,Hong Kong
Hong Kong,HK,2006-11-11,12:00:00,1163221200,25.1,20.8,29.9,17.4,24.0,0.0,0.0,Hong Kong
Hong Kong,HK,2006-11-12,12:00:00,1163307600,22.8,20.7,24.9,17.3,73.0,0.0,0.0,Hong Kong
Hong Kong,HK,2006-11-13,12:00:00,1163394000,23.0,21.5,24.8,17.1,95.0,0.0,0.0,Hong Kong
Hong Kong,HK,2006-11-14,12:00:00,1163480400,24.0,22.9,25.9,10.8,78.0,0.0,0.0,Hong Kong
Hong Kong,HK,2006-11-15,12:00:00,1163566800,22.4,20.0,24.5,18.1,81.0,6.1,0.0,Hong Kong
Hong Kong,HK,2006-11-16,12:00:00,1163653200,22.9,21.1,25.0,14.2,86.0,2.2,0.0,Hong Kong
Hong Kong,HK,2006-11-17,12:00:00,1163739600,23.8,22.3,25.7,17.8,104.0,0.0,0.0,Hong Kong
Hong Kong,HK,2006-11-18,12:00:00,1163826000,24.1,23.0,25.9,12.8,113.0,1.6,0.0,Hong Kong
Hong Kong,HK,2006-11-19,12:00:00,1163912400,23.5,21.7,26.0,13.0,14.0,0.1,0.0,Hong Kong
Hong Kong,HK,2006-11-20,12:00:00,1163998800,22.9,20.5,25.6,13.4,61.0,0.2,0.0,Hong Kong
Hong Kong,HK,2006-11-21,12:00:00,1164085200,22.5,22.1,23.1,18.0,89.0,38.2,0.0,Hong Kong
Hong Kong,HK,2006-11-22,12:00:00,1164171600,21.8,20.7,23.3,8.8,355.0,5.7,0.0,Hong Kong
Hong Kong,HK,2006-11-23,12:00:00,1164258000,21.8,20.0,24.2,11.6,20.0,0.2,0.0,Hong Kong
Hong Kong,HK,2006-11-24,12:00:00,1164344400,21.9,20.2,23.8,14.6,72.0,1.1,0.0,Hong Kong
Hong Kong,HK,2006-11-25,12:00:00,1164430800,23.2,22.4,24.4,18.1,105.0,0.5,0.0,Hong Kong
Hong Kong,HK,2006-11-26,12:00:00,1164517200,24.2,22.8,26.4,14.8,140.0,0.7,0.0,Hong Kong
Hong Kong,HK,2006-11-27,12:00:00,1164603600,22.2,20.0,24.7,16.7,15.0,0.8,0.0,Hong Kong
Hong Kong,HK,2006-11-28,12:00:00,1164690000,18.5,16.0,20.5,22.0,26.0,6.3,0.0,Hong Kong
Hong Kong,HK,2006-11-29,12:00:00,1164776400,19.7,18.4,20.5,16.0,36.0,5.0,0.0,Hong Kong
Hong Kong,HK,2006-11-30,12:00:00,1164862800,19.3,16.8,22.2,19.6,27.0,0.5,0.0,Hong Kong
Hong Kong,HK,2006-12-01,12:00:00,1164949200,17.1,15.5,19.5,20.7,19.0,0.0,0.0,Hong Kong
Hong Kong,HK,2006-12-02,12:00:00,1165035600,17.3,14.3,20.5,19.5,23.0,0.0,0.0,Hong Kong
Hong Kong,HK,2006-12-03,12:00:00,1165122000,18.5,15.9,21.2,17.4,28.0,0.0,0.0,Hong Kong
Hong Kong,HK,2006-12-04,12:00:00,1165208400,18.3,15.1,21.1,18.4,36.0,0.0,0.0,Hong Kong
Hong Kong,HK,2006-12-05,12:00:00,1165294800,19.8,16.8,22.8,13.1,40.0,0.0,0.0,Hong Kong
Hong Kong,HK,2006-12-06,12:00:00,1165381200,20.6,18.8,22.5,17.4,84.0,0.0,0.0,Hong Kong
Hong Kong,HK,2006-12-07,12:00:00,1165467600,22.3,20.4,25.0,11.8,50.0,0.2,0.0,Hong Kong
Hong Kong,HK,2006-12-08,12:00:00,1165554000,22.0,19.4,25.3,12.0,57.0,0.0,0.0,Hong Kong
Hong Kong,HK,2006-12-09,12:00:00,1165640400,19.4,15.5,22.6,22.1,21.0,0.0,0.0,Hong Kong
Hong Kong,HK,2006-12-10,12:00:00,1165726800,16.7,13.7,20.1,21.3,20.0,0.0,0.0,Hong Kong
Hong Kong,HK,2006-12-11,12:00:00,1165813200,18.6,15.8,22.2,13.2,20.0,0.0,0.0,Hong Kong
Hong Kong,HK,2006-12-12,12:00:00,1165899600,20.1,16.8,23.3,11.6,36.0,0.0,0.0,Hong Kong
Hong Kong,HK,2006-12-13,12:00:00,1165986000,18.5,14.8,21.3,22.6,16.0,10.2,0.0,Hong Kong
Hong Kong,HK,2006-12-14,12:00:00,1166072400,14.7,13.8,15.5,22.2,17.0,8.2,0.0,Hong Kong
Hong Kong,HK,2006-12-15,12:00:00,1166158800,15.5,14.5,16.3,17.3,23.0,0.5,0.0,Hong Kong
Hong Kong,HK,2006-12-16,12:00:00,1166245200,15.1,14.0,16.6,24.2,18.0,0.4,0.0,Hong Kong
Hong Kong,HK,2006-12-17,12:00:00,1166331600,14.4,12.2,17.2,23.4,28.0,0.0,0.0,Hong Kong
Hong Kong,HK,2006-12-18,12:00:00,1166418000,14.1,11.7,17.2,21.8,38.0,0.0,0.0,Hong Kong
Hong Kong,HK,2006-12-19,12:00:00,1166504400,15.2,12.0,18.6,17.9,26.0,0.0,0.0,Hong Kong
Hong Kong,HK,2006-12-20,12:00:00,1166590800,15.8,12.7,19.8,17.8,15.0,0.0,0.0,Hong Kong
Hong Kong,HK,2006-12-21,12:00:00,1166677200,16.2,13.3,20.1,19.5,17.0,0.0,0.0,Hong Kong
Hong Kong,HK,2006-12-22,12:00:00,1166763600,16.5,13.3,20.5,16.6,28.0,0.0,0.0,Hong Kong
Hong Kong,HK,2006-12-23,12:00:00,1166850000,17.1,14.2,19.6,14.9,58.0,0.0,0.0,Hong Kong
Hong Kong,HK,2006-12-24,12:00:00,1166936400,18.2,14.4,21.1,9.9,28.0,0.0,0.0,Hong Kong
Hong Kong,HK,2006-12-25,12:00:00,1167022800,16.9,13.5,21.4,12.6,37.0,0.0,0.0,Hong Kong
Hong Kong,HK,2006-12-26,12:00:00,1167109200,16.3,11.9,20.8,9.9,43.0,0.0,0.0,Hong Kong
Hong Kong,HK,2006-12-27,12:00:00,1167195600,16.6,12.0,20.7,10.8,62.0,0.0,0.0,Hong Kong
Hong Kong,HK,2006-12-28,12:00:00,1167282000,17.1,14.6,20.3,18.5,35.0,0.0,0.0,Hong Kong
Hong Kong,HK,2006-12-29,12:00:00,1167368400,14.9,11.9,17.4,20.2,51.0,0.0,0.0,Hong Kong
Hong Kong,HK,2006-12-30,12:00:00,1167454800,16.0,13.5,19.1,17.7,66.0,0.0,0.0,Hong Kong
Hong Kong,HK,2006-12-31,12:00:00,1167541200,17.5,14.9,20.3,17.9,72.0,0.0,0.0,Hong Kong
Hong Kong,HK,2007-01-01,12:00:00,1167627600,18.8,16.9,21.9,12.6,81.0,0.0,0.0,Hong Kong
Hong Kong,HK,2007-01-02,12:00:00,1167714000,19.1,17.7,21.4,15.5,84.0,1.9,0.0,Hong Kong
Hong Kong,HK,2007-01-03,12:00:00,1167800400,18.6,17.0,20.8,16.3,45.0,3.7,0.0,Hong Kong
Hong Kong,HK,2007-01-04,12:00:00,1167886800,15.8,13.8,19.2,19.1,18.0,0.0,0.0,Hong Kong
Hong Kong,HK,2007-01-05,12:00:00,1167973200,14.5,11.9,18.9,19.7,16.0,0.0,0.0,Hong Kong
Hong Kong,HK,2007-01-06,12:00:00,1168059600,13.3,10.7,16.3,24.8,14.0,0.0,0.0,Hong Kong
Hong Kong,HK,2007-01-07,12:00:00,1168146000,13.0,10.1,16.3,23.6,25.0,0.0,0.0,Hong Kong
Hong Kong,HK,2007-01-08,12:00:00,1168232400,12.6,8.9,16.5,19.8,27.0,0.0,0.0,Hong Kong
Hong Kong,HK,2007-01-09,12:00:00,1168318800,13.9,10.3,18.1,16.3,18.0,0.0,0.0,Hong Kong
Hong Kong,HK,2007-01-10,12:00:00,1168405200,15.9,14.2,17.8,14.7,48.0,0.0,0.0,Hong Kong
Hong Kong,HK,2007-01-11,12:00:00,1168491600,17.8,16.1,19.6,16.4,55.0,0.2,0.0,Hong Kong
Hong Kong,HK,2007-01-12,12:00:00,1168578000,17.9,15.1,20.7,16.6,21.0,0.0,0.0,Hong Kong
Hong Kong,HK,2007-01-13,12:00:00,1168664400,16.3,13.1,20.5,16.9,23.0,0.0,0.0,Hong Kong
Hong Kong,HK,2007-01-14,12:00:00,1168750800,16.3,13.4,19.2,16.2,53.0,0.0,0.0,Hong Kong
Hong Kong,HK,2007-01-15,12:00:00,1168837200,18.0,16.7,20.2,11.8,83.0,0.0,0.0,Hong Kong
Hong Kong,HK,2007-01-16,12:00:00,1168923600,19.9,18.3,23.2,10.1,71.0,1.0,0.0,Hong Kong
Hong Kong,HK,2007-01-17,12:00:00,1169010000,15.1,13.2,19.4,18.0,20.0,9.9,0.0,Hong Kong
Hong Kong,HK,2007-01-18,12:00:00,1169096400,15.1,12.6,18.0,18.3,24.0,0.0,0.0,Hong Kong
Hong Kong,HK,2007-01-19,12:00:00,1169182800,16.4,13.2,19.3,13.9,21.0,0.0,0.0,Hong Kong
Hong Kong,HK,2007-01-20,12:00:00,1169269200,17.6,16.3,19.0,15.3,58.0,2.5,0.0,Hong Kong
Hong Kong,HK,2007-01-21,12:00:00,1169355600,15.9,14.4,18.0,18.2,15.0,0.5,0.0,Hong Kong
Hong Kong,HK,2007-01-22,12:00:00,1169442000,16.5,14.2,19.1,14.6,29.0,0.0,0.0,Hong Kong
Hong Kong,HK,2007-01-23,12:00:00,1169528400,15.4,13.0,17.1,20.7,9.0,0.4,0.0,Hong Kong
Hong Kong,HK,2007-01-24,12:00:00,1169614800,13.6,10.6,16.9,22.0,20.0,0.0,0.0,Hong Kong
Hong Kong,HK,2007-01-25,12:00:00,1169701200,15.1,12.4,18.6,12.3,12.0,0.0,0.0,Hong Kong
Hong Kong,HK,2007-01-26,12:00:00,1169787600,15.3,11.1,19.3,18.0,15.0,0.0,0.0,Hong Kong
Hong Kong,HK,2007-01-27,12:00:00,1169874000,14.8,10.7,19.5,19.5,13.0,0.0,0.0,Hong Kong
Hong Kong,HK,2007-01-28,12:00:00,1169960400,14.6,11.8,18.4,21.9,26.0,0.0,0.0,Hong Kong
Hong Kong,HK,2007-01-29,12:00:00,1170046800,13.8,10.6,17.2,14.9,63.0,0.0,0.0,Hong Kong
Hong Kong,HK,2007-01-30,12:00:00,1170133200,15.6,12.8,20.1,9.4,70.0,0.0,0.0,Hong Kong
Hong Kong,HK,2007-01-31,12:00:00,1170219600,15.5,10.1,20.2,9.8,76.0,0.0,0.0,Hong Kong
Hong Kong,HK,2007-02-01,12:00:00,1170306000,16.3,12.3,21.0,23.2,23.0,0.0,0.0,Hong Kong
Hong Kong,HK,2007-02-02,12:00:00,1170392400,15.0,11.5,18.9,16.9,48.0,0.0,0.0,Hong Kong
Hong Kong,HK,2007-02-03,12:00:00,1170478800,15.6,13.5,18.3,12.3,100.0,0.0,0.0,Hong Kong
Hong Kong,HK,2007-02-04,12:00:00,1170565200,16.9,14.2,19.4,11.2,103.0,0.0,0.0,Hong Kong
Hong Kong,HK,2007-02-05,12:00:00,1170651600,18.6,16.5,21.6,10.5,113.0,0.0,0.0,Hong Kong
Hong Kong,HK,2007-02-06,12:00:00,1170738000,19.1,16.0,22.6,13.2,106.0,0.0,0.0,Hong Kong
Hong Kong,HK,2007-02-07,12:00:00,1170824400,20.3,18.4,23.2,13.9,105.0,0.0,0.0,Hong Kong
Hong Kong,HK,2007-02-08,12:00:00,1170910800,20.8,19.1,23.6,10.1,107.0,0.5,0.0,Hong Kong
Hong Kong,HK,2007-02-09,12:00:00,1170997200,21.2,18.2,25.0,7.6,137.0,0.7,0.0,Hong Kong
Hong Kong,HK,2007-02-10,12:00:00,1171083600,20.7,17.4,25.1,6.8,27.0,0.0,0.0,Hong Kong
Hong Kong,HK,2007-02-11,12:00:00,1171170000,19.6,18.4,21.9,13.8,89.0,0.0,0.0,Hong Kong
Hong Kong,HK,2007-02-12,12:00:00,1171256400,19.7,18.0,22.3,17.1,131.0,0.0,0.0,Hong Kong
Hong Kong,HK,2007-02-13,12:00:00,1171342800,21.5,19.7,24.2,17.3,159.0,0.2,0.0,Hong Kong
Hong Kong,HK,2007-02-14,12:00:00,1171429200,21.8,19.5,26.0,5.6,225.0,0.0,0.0,Hong Kong
Hong Kong,HK,2007-02-15,12:00:00,1171515600,19.9,18.2,21.4,25.2,105.0,0.3,0.0,Hong Kong
Hong Kong,HK,2007-02-16,12:00:00,1171602000,22.3,20.6,25.0,18.7,147.0,0.2,0.0,Hong Kong
Hong Kong,HK,2007-02-17,12:00:00,1171688400,22.6,21.0,25.4,17.0,176.0,0.0,0.0,Hong Kong
Hong Kong,HK,2007-02-18,12:00:00,1171774800,22.8,21.0,25.3,11.2,198.0,1.0,0.0,Hong Kong
Hong Kong,HK,2007-02-19,12:00:00,1171861200,20.6,19.7,21.9,15.2,71.0,0.0,0.0,Hong Kong
Hong Kong,HK,2007-02-20,12:00:00,1171947600,20.4,19.3,22.3,18.2,106.0,0.0,0.0,Hong Kong
Hong Kong,HK,2007-02-21,12:00:00,1172034000,20.1,18.9,21.9,19.3,105.0,0.0,0.0,Hong Kong
Hong Kong,HK,2007-02-22,12:00:00,1172120400,19.4,18.4,21.8,13.4,81.0,12.3,0.0,Hong Kong
Hong Kong,HK,2007-02-23,12:00:00,1172206800,19.6,17.8,21.7,20.0,91.0,1.7,0.0,Hong Kong
Hong Kong,HK,2007-02-24,12:00:00,1172293200,19.5,18.5,21.0,22.7,103.0,5.6,0.0,Hong Kong
Hong Kong,HK,2007-02-25,12:00:00,1172379600,19.8,18.2,23.2,14.8,49.0,3.3,0.0,Hong Kong
Hong Kong,HK,2007-02-26,12:00:00,1172466000,18.5,17.4,20.3,16.8,107.0,0.0,0.0,Hong Kong
Hong Kong,HK,2007-02-27,12:00:00,1172552400,18.5,16.6,20.3,19.1,104.0,0.0,0.0,Hong Kong
Hong Kong,HK,2007-02-28,12:00:00,1172638800,19.6,17.9,21.8,20.9,101.0,0.0,0.0,Hong Kong
Hong Kong,HK,2007-03-01,12:00:00,1172725200,19.8,19.3,21.0,19.8,94.0,2.5,0.0,Hong Kong
Hong Kong,HK,2007-03-02,12:00:00,1172811600,20.9,19.1,23.5,15.0,105.0,0.0,0.0,Hong Kong
Hong Kong,HK,2007-03-03,12:00:00,1172898000,21.5,19.5,24.5,15.4,129.0,0.0,0.0,Hong Kong
Hong Kong,HK,2007-03-04,12:00:00,1172984400,22.3,20.3,25.4,12.2,159.0,0.8,0.0,Hong Kong
Hong Kong,HK,2007-03-05,12:00:00,1173070800,20.2,17.7,22.7,22.1,30.0,1.8,0.0,Hong Kong
Hong Kong,HK,2007-03-06,12:00:00,1173157200,15.7,13.3,19.1,22.3,33.0,3.6,0.0,Hong Kong
Hong Kong,HK,2007-03-07,12:00:00,1173243600,13.1,11.5,14.7,21.3,31.0,4.6,0.0,Hong Kong
Hong Kong,HK,2007-03-08,12:00:00,1173330000,15.7,14.1,17.9,15.6,33.0,3.2,0.0,Hong Kong
Hong Kong,HK,2007-03-09,12:00:00,1173416400,17.8,14.7,20.5,13.0,58.0,1.5,0.0,Hong Kong
Hong Kong,HK,2007-03-10,12:00:00,1173502800,21.0,19.0,23.7,15.9,88.0,2.3,0.0,Hong Kong
Hong Kong,HK,2007-03-11,12:00:00,1173589200,18.9,16.8,20.4,16.8,49.0,0.9,0.0,Hong Kong
Hong Kong,HK,2007-03-12,12:00:00,1173675600,19.4,17.9,21.3,21.4,101.0,0.0,0.0,Hong Kong
Hong Kong,HK,2007-03-13,12:00:00,1173762000,21.4,19.3,23.8,15.6,122.0,0.1,0.0,Hong Kong
Hong Kong,HK,2007-03-14,12:00:00,1173848400,22.3,20.9,24.7,22.7,133.0,0.1,0.0,Hong Kong
Hong Kong,HK,2007-03-15,12:00:00,1173934800,23.0,20.9,25.8,21.0,156.0,0.2,0.0,Hong Kong
Hong Kong,HK,2007-03-16,12:00:00,1174021200,23.0,21.1,25.7,16.5,150.0,0.5,0.0,Hong Kong
Hong Kong,HK,2007-03-17,12:00:00,1174107600,20.3,18.7,21.6,22.0,90.0,1.2,0.0,Hong Kong
Hong Kong,HK,2007-03-18,12:00:00,1174194000,18.7,17.8,20.0,16.0,72.0,0.5,0.0,Hong Kong
Hong Kong,HK,2007-03-19,12:00:00,1174280400,18.7,15.9,22.3,20.0,21.0,1.3,0.0,Hong Kong
Hong Kong,HK,2007-03-20,12:00:00,1174366800,17.0,13.6,20.5,20.0,23.0,0.0,0.0,Hong Kong
Hong Kong,HK,2007-03-21,12:00:00,1174453200,18.6,16.8,21.0,15.0,93.0,0.0,0.0,Hong Kong
Hong Kong,HK,2007-03-22,12:00:00,1174539600,20.4,18.8,23.1,14.8,95.0,0.0,0.0,Hong Kong
Hong Kong,HK,2007-03-23,12:00:00,1174626000,21.5,19.7,23.6,21.2,107.0,0.0,0.0,Hong Kong
Hong Kong,HK,2007-03-24,12:00:00,1174712400,23.1,21.1,26.3,14.5,163.0,7.5,0.0,Hong Kong
Hong Kong,HK,2007-03-25,12:00:00,1174798800,23.2,20.6,26.3,13.0,163.0,1.3,0.0,Hong Kong
Hong Kong,HK,2007-03-26,12:00:00,1174885200,23.4,21.7,25.8,20.9,155.0,3.8,0.0,Hong Kong
Hong Kong,HK,2007-03-27,12:00:00,1174971600,24.8,23.2,28.2,14.6,208.0,2.1,0.0,Hong Kong
Hong Kong,HK,2007-03-28,12:00:00,1175058000,22.8,21.6,24.4,15.7,102.0,0.2,0.0,Hong Kong
Hong Kong,HK,2007-03-29,12:00:00,1175144400,24.1,21.8,27.2,17.1,185.0,0.6,0.0,Hong Kong
Hong Kong,HK,2007-03-30,12:00:00,1175230800,24.5,22.0,27.4,20.6,198.0,0.6,0.0,Hong Kong
Hong Kong,HK,2007-03-31,12:00:00,1175317200,24.9,23.0,27.4,21.3,189.0,0.0,0.0,Hong Kong
Hong Kong,HK,2007-04-01,12:00:00,1175403600,25.3,23.3,28.0,22.5,177.0,0.0,0.0,Hong Kong
Hong Kong,HK,2007-04-02,12:00:00,1175490000,23.4,17.2,27.5,26.0,79.0,21.4,0.0,Hong Kong
Hong Kong,HK,2007-04-03,12:00:00,1175576400,16.3,15.1,17.7,25.6,27.0,5.0,0.0,Hong Kong
Hong Kong,HK,2007-04-04,12:00:00,1175662800,15.9,13.6,17.9,19.6,33.0,4.1,0.0,Hong Kong
Hong Kong,HK,2007-04-05,12:00:00,1175749200,17.7,16.4,19.5,13.8,30.0,2.4,0.0,Hong Kong
Hong Kong,HK,2007-04-06,12:00:00,1175835600,19.3,17.3,23.0,12.4,17.0,2.1,0.0,Hong Kong
Hong Kong,HK,2007-04-07,12:00:00,1175922000,20.0,18.2,22.3,11.3,27.0,0.8,0.0,Hong Kong
Hong Kong,HK,2007-04-08,12:00:00,1176008400,20.2,18.7,22.5,9.7,28.0,0.7,0.0,Hong Kong
Hong Kong,HK,2007-04-09,12:00:00,1176094800,20.8,19.3,22.8,15.1,96.0,0.0,0.0,Hong Kong
Hong Kong,HK,2007-04-10,12:00:00,1176181200,19.1,18.5,20.1,12.8,54.0,11.4,0.0,Hong Kong
Hong Kong,HK,2007-04-11,12:00:00,1176267600,20.0,18.0,22.3,11.8,83.0,0.0,0.0,Hong Kong
Hong Kong,HK,2007-04-12,12:00:00,1176354000,20.4,18.7,22.8,15.2,105.0,0.0,0.0,Hong Kong
Hong Kong,HK,2007-04-13,12:00:00,1176440400,21.4,18.2,25.2,9.5,147.0,0.0,0.0,Hong Kong
Hong Kong,HK,2007-04-14,12:00:00,1176526800,22.1,18.7,25.6,15.1,182.0,1.4,0.0,Hong Kong
Hong Kong,HK,2007-04-15,12:00:00,1176613200,23.6,20.0,27.6,11.2,228.0,0.1,0.0,Hong Kong
Hong Kong,HK,2007-04-16,12:00:00,1176699600,24.5,21.8,28.9,15.7,205.0,0.0,0.0,Hong Kong
Hong Kong,HK,2007-04-17,12:00:00,1176786000,24.1,22.0,26.9,23.9,185.0,22.6,0.0,Hong Kong
Hong Kong,HK,2007-04-18,12:00:00,1176872400,20.1,16.0,24.6,25.2,12.0,2.8,0.0,Hong Kong
Hong Kong,HK,2007-04-19,12:00:00,1176958800,20.7,19.0,22.7,16.2,115.0,0.0,0.0,Hong Kong
Hong Kong,HK,2007-04-20,12:00:00,1177045200,22.4,20.4,25.0,13.8,117.0,0.5,0.0,Hong Kong
Hong Kong,HK,2007-04-21,12:00:00,1177131600,24.2,22.3,26.3,15.7,149.0,3.3,0.0,Hong Kong
Hong Kong,HK,2007-04-22,12:00:00,1177218000,25.5,23.7,28.0,22.5,180.0,0.0,0.0,Hong Kong
Hong Kong,HK,2007-04-23,12:00:00,1177304400,25.7,24.5,28.0,18.6,203.0,4.3,0.0,Hong Kong
Hong Kong,HK,2007-04-24,12:00:00,1177390800,24.3,20.5,26.5,16.1,114.0,10.0,0.0,Hong Kong
Hong Kong,HK,2007-04-25,12:00:00,1177477200,21.0,19.9,22.4,17.4,27.0,0.2,0.0,Hong Kong
Hong Kong,HK,2007-04-26,12:00:00,1177563600,22.7,21.2,24.7,14.6,102.0,0.0,0.0,Hong Kong
Hong Kong,HK,2007-04-27,12:00:00,1177650000,23.3,21.6,26.1,13.1,116.0,0.0,0.0,Hong Kong
Hong Kong,HK,2007-04-28,12:00:00,1177736400,23.0,21.4,25.3,15.7,102.0,0.0,0.0,Hong Kong
Hong Kong,HK,2007-04-29,12:00:00,1177822800,22.7,21.6,24.1,18.1,94.0,2.4,0.0,Hong Kong
Hong Kong,HK,2007-04-30,12:00:00,1177909200,22.9,21.7,24.5,10.6,1.0,23.0,0.0,Hong Kong
Hong Kong,HK,2007-05-01,12:00:00,1177995600,23.8,20.9,28.0,8.2,18.0,0.0,0.0,Hong Kong
Hong Kong,HK,2007-05-02,12:00:00,1178082000,23.9,20.9,28.1,9.0,162.0,0.0,0.0,Hong Kong
Hong Kong,HK,2007-05-03,12:00:00,1178168400,23.8,21.0,26.8,11.5,127.0,0.0,0.0,Hong Kong
Hong Kong,HK,2007-05-04,12:00:00,1178254800,23.8,21.8,26.6,7.3,127.0,15.6,0.0,Hong Kong
Hong Kong,HK,2007-05-05,12:00:00,1178341200,23.4,21.7,25.4,10.1,223.0,39.7,0.0,Hong Kong
Hong Kong,HK,2007-05-06,12:00:00,1178427600,24.9,21.8,28.6,13.0,32.0,0.0,0.0,Hong Kong
Hong Kong,HK,2007-05-07,12:00:00,1178514000,23.8,18.9,28.2,13.2,103.0,0.0,0.0,Hong Kong
Hong Kong,HK,2007-05-08,12:00:00,1178600400,24.3,22.5,26.8,15.6,98.0,0.0,0.0,Hong Kong
Hong Kong,HK,2007-05-09,12:00:00,1178686800,24.5,22.8,26.5,20.0,94.0,0.0,0.0,Hong Kong
Hong Kong,HK,2007-05-10,12:00:00,1178773200,24.8,23.5,26.7,21.3,95.0,0.7,0.0,Hong Kong
Hong Kong,HK,2007-05-11,12:00:00,1178859600,24.4,23.3,26.3,21.7,102.0,0.0,0.0,Hong Kong
Hong Kong,HK,2007-05-12,12:00:00,1178946000,25.1,23.0,28.0,10.8,101.0,0.0,0.0,Hong Kong
Hong Kong,HK,2007-05-13,12:00:00,1179032400,24.5,22.3,27.7,15.2,82.0,0.0,0.0,Hong Kong
Hong Kong,HK,2007-05-14,12:00:00,1179118800,24.5,22.5,27.2,11.8,131.0,0.0,0.0,Hong Kong
Hong Kong,HK,2007-05-15,12:00:00,1179205200,25.1,22.1,28.3,12.6,159.0,0.0,0.0,Hong Kong
Hong Kong,HK,2007-05-16,12:00:00,1179291600,26.3,23.0,30.4,15.3,223.0,0.0,0.0,Hong Kong
Hong Kong,HK,2007-05-17,12:00:00,1179378000,27.2,24.4,30.8,12.5,257.0,0.0,0.0,Hong Kong
Hong Kong,HK,2007-05-18,12:00:00,1179464400,26.9,24.7,30.4,21.6,228.0,23.3,0.0,Hong Kong
Hong Kong,HK,2007-05-19,12:00:00,1179550800,24.4,23.4,25.9,10.0,79.0,38.9,0.0,Hong Kong
Hong Kong,HK,2007-05-20,12:00:00,1179637200,23.7,22.6,24.8,21.7,92.0,95.4,0.0,Hong Kong
Hong Kong,HK,2007-05-21,12:00:00,1179723600,24.2,22.3,26.5,16.1,112.0,11.5,0.0,Hong Kong
Hong Kong,HK,2007-05-22,12:00:00,1179810000,26.0,24.5,27.9,19.0,141.0,14.5,0.0,Hong Kong
Hong Kong,HK,2007-05-23,12:00:00,1179896400,27.6,25.9,29.8,21.1,174.0,0.0,0.0,Hong Kong
Hong Kong,HK,2007-05-24,12:00:00,1179982800,28.0,26.2,30.2,18.0,182.0,0.0,0.0,Hong Kong
Hong Kong,HK,2007-05-25,12:00:00,1180069200,28.1,26.4,30.3,13.8,188.0,1.6,0.0,Hong Kong
Hong Kong,HK,2007-05-26,12:00:00,1180155600,27.8,26.5,30.0,15.3,174.0,7.3,0.0,Hong Kong
Hong Kong,HK,2007-05-27,12:00:00,1180242000,25.9,24.7,27.2,17.6,191.0,17.7,0.0,Hong Kong
Hong Kong,HK,2007-05-28,12:00:00,1180328400,26.9,24.5,29.5,12.6,183.0,11.3,0.0,Hong Kong
Hong Kong,HK,2007-05-29,12:00:00,1180414800,27.6,25.8,30.0,11.6,174.0,0.3,0.0,Hong Kong
Hong Kong,HK,2007-05-30,12:00:00,1180501200,27.6,25.6,29.9,15.3,159.0,0.5,0.0,Hong Kong
Hong Kong,HK,2007-05-31,12:00:00,1180587600,27.4,25.4,29.8,12.6,165.0,4.2,0.0,Hong Kong
Hong Kong,HK,2007-06-01,12:00:00,1180674000,28.4,26.6,30.7,18.5,199.0,1.3,0.0,Hong Kong
Hong Kong,HK,2007-06-02,12:00:00,1180760400,28.2,26.7,30.4,17.5,207.0,7.5,0.0,Hong Kong
Hong Kong,HK,2007-06-03,12:00:00,1180846800,28.5,26.7,31.0,15.6,198.0,3.7,0.0,Hong Kong
Hong Kong,HK,2007-06-04,12:00:00,1180933200,28.4,26.9,30.7,15.5,208.0,2.4,0.0,Hong Kong
Hong Kong,HK,2007-06-05,12:00:00,1181019600,28.6,26.8,30.9,17.7,225.0,0.5,0.0,Hong Kong
Hong Kong,HK,2007-06-06,12:00:00,1181106000,28.3,26.9,30.7,14.9,212.0,3.7,0.0,Hong Kong
Hong Kong,HK,2007-06-07,12:00:00,1181192400,27.7,26.7,29.5,17.4,207.0,12.6,0.0,Hong Kong
Hong Kong,HK,2007-06-08,12:00:00,1181278800,27.5,27.1,28.3,17.9,216.0,34.0,0.0,Hong Kong
Hong Kong,HK,2007-06-09,12:00:00,1181365200,27.5,26.5,29.2,18.3,199.0,21.9,0.0,Hong Kong
Hong Kong,HK,2007-06-10,12:00:00,1181451600,26.2,25.3,27.1,18.9,209.0,43.3,0.0,Hong Kong
Hong Kong,HK,2007-06-11,12:00:00,1181538000,27.3,24.9,30.2,12.7,217.0,9.5,0.0,Hong Kong
Hong Kong,HK,2007-06-12,12:00:00,1181624400,27.0,25.1,29.1,14.2,201.0,9.7,0.0,Hong Kong
Hong Kong,HK,2007-06-13,12:00:00,1181710800,27.3,25.5,29.5,22.0,204.0,21.8,0.0,Hong Kong
Hong Kong,HK,2007-06-14,12:00:00,1181797200,26.1,25.4,27.1,18.6,217.0,43.5,0.0,Hong Kong
Hong Kong,HK,2007-06-15,12:00:00,1181883600,26.2,24.7,28.2,9.8,189.0,2.0,0.0,Hong Kong
Hong Kong,HK,2007-06-16,12:00:00,1181970000,26.8,24.7,28.7,15.1,183.0,9.8,0.0,Hong Kong
Hong Kong,HK,2007-06-17,12:00:00,1182056400,27.0,25.2,28.9,14.4,156.0,9.8,0.0,Hong Kong
Hong Kong,HK,2007-06-18,12:00:00,1182142800,27.8,26.0,29.9,12.5,141.0,0.4,0.0,Hong Kong
Hong Kong,HK,2007-06-19,12:00:00,1182229200,28.1,26.0,30.1,9.2,129.0,0.6,0.0,Hong Kong
Hong Kong,HK,2007-06-20,12:00:00,1182315600,28.2,26.3,30.1,9.9,129.0,0.2,0.0,Hong Kong
Hong Kong,HK,2007-06-21,12:00:00,1182402000,28.2,26.5,30.2,9.7,146.0,0.3,0.0,Hong Kong
Hong Kong,HK,2007-06-22,12:00:00,1182488400,28.6,26.6,30.7,10.2,156.0,0.8,0.0,Hong Kong
Hong Kong,HK,2007-06-23,12:00:00,1182574800,28.8,26.2,31.2,13.5,200.0,0.0,0.0,Hong Kong
Hong Kong,HK,2007-06-24,12:00:00,1182661200,28.6,27.0,30.7,17.9,210.0,2.6,0.0,Hong Kong
Hong Kong,HK,2007-06-25,12:00:00,1182747600,28.3,26.9,30.1,19.5,203.0,0.9,0.0,Hong Kong
Hong Kong,HK,2007-06-26,12:00:00,1182834000,27.9,26.4,29.5,19.1,174.0,9.1,0.0,Hong Kong
Hong Kong,HK,2007-06-27,12:00:00,1182920400,27.7,26.5,29.4,17.2,167.0,12.8,0.0,Hong Kong
Hong Kong,HK,2007-06-28,12:00:00,1183006800,27.3,25.6,28.9,14.5,162.0,15.8,0.0,Hong Kong
Hong Kong,HK,2007-06-29,12:00:00,1183093200,26.4,25.3,27.7,17.4,152.0,20.1,0.0,Hong Kong
Hong Kong,HK,2007-06-30,12:00:00,1183179600,26.4,25.3,28.2,23.9,152.0,21.5,0.0,Hong Kong
Hong Kong,HK,2007-07-01,12:00:00,1183266000,27.0,25.5,28.8,20.8,146.0,20.3,0.0,Hong Kong
Hong Kong,HK,2007-07-02,12:00:00,1183352400,27.4,26.0,29.6,17.1,134.0,15.2,0.0,Hong Kong
Hong Kong,HK,2007-07-03,12:00:00,1183438800,28.1,26.9,30.0,20.6,127.0,5.6,0.0,Hong Kong
Hong Kong,HK,2007-07-04,12:00:00,1183525200,27.7,26.7,29.3,19.3,134.0,6.8,0.0,Hong Kong
Hong Kong,HK,2007-07-05,12:00:00,1183611600,28.0,26.8,29.8,24.7,154.0,5.4,0.0,Hong Kong
Hong Kong,HK,2007-07-06,12:00:00,1183698000,28.3,27.1,30.3,16.7,163.0,2.4,0.0,Hong Kong
Hong Kong,HK,2007-07-07,12:00:00,1183784400,28.6,27.1,30.6,12.4,165.0,0.8,0.0,Hong Kong
Hong Kong,HK,2007-07-08,12:00:00,1183870800,28.5,26.8,30.5,17.0,181.0,0.9,0.0,Hong Kong
Hong Kong,HK,2007-07-09,12:00:00,1183957200,28.4,26.6,30.5,15.6,196.0,0.2,0.0,Hong Kong
Hong Kong,HK,2007-07-10,12:00:00,1184043600,28.6,27.0,30.8,13.5,216.0,0.1,0.0,Hong Kong
Hong Kong,HK,2007-07-11,12:00:00,1184130000,28.8,27.1,31.3,13.3,214.0,0.4,0.0,Hong Kong
Hong Kong,HK,2007-07-12,12:00:00,1184216400,28.9,27.0,31.6,9.4,212.0,0.0,0.0,Hong Kong
Hong Kong,HK,2007-07-13,12:00:00,1184302800,29.1,27.2,31.7,13.5,211.0,0.0,0.0,Hong Kong
Hong Kong,HK,2007-07-14,12:00:00,1184389200,29.4,27.7,31.8,14.3,193.0,0.2,0.0,Hong Kong
Hong Kong,HK,2007-07-15,12:00:00,1184475600,29.2,28.0,31.3,19.8,191.0,0.8,0.0,Hong Kong
Hong Kong,HK,2007-07-16,12:00:00,1184562000,28.8,27.1,30.6,19.4,181.0,1.5,0.0,Hong Kong
Hong Kong,HK,2007-07-17,12:00:00,1184648400,29.3,27.8,31.1,20.8,189.0,1.5,0.0,Hong Kong
Hong Kong,HK,2007-07-18,12:00:00,1184734800,29.1,27.9,30.8,25.6,195.0,1.9,0.0,Hong Kong
Hong Kong,HK,2007-07-19,12:00:00,1184821200,29.0,27.7,30.8,23.4,204.0,1.0,0.0,Hong Kong
Hong Kong,HK,2007-07-20,12:00:00,1184907600,28.9,27.6,30.9,19.3,209.0,1.2,0.0,Hong Kong
Hong Kong,HK,2007-07-21,12:00:00,1184994000,28.8,27.3,31.0,16.5,218.0,0.8,0.0,Hong Kong
Hong Kong,HK,2007-07-22,12:00:00,1185080400,29.0,27.1,31.6,13.2,224.0,0.0,0.0,Hong Kong
Hong Kong,HK,2007-07-23,12:00:00,1185166800,29.1,27.2,32.0,15.0,219.0,0.0,0.0,Hong Kong
Hong Kong,HK,2007-07-24,12:00:00,1185253200,29.0,27.2,31.6,16.3,205.0,0.3,0.0,Hong Kong
Hong Kong,HK,2007-07-25,12:00:00,1185339600,29.0,26.9,32.0,14.2,206.0,0.0,0.0,Hong Kong
Hong Kong,HK,2007-07-26,12:00:00,1185426000,28.6,25.3,31.4,11.9,179.0,0.0,0.0,Hong Kong
Hong Kong,HK,2007-07-27,12:00:00,1185512400,28.6,26.2,30.9,10.2,133.0,1.6,0.0,Hong Kong
Hong Kong,HK,2007-07-28,12:00:00,1185598800,28.7,26.9,30.4,14.6,131.0,5.4,0.0,Hong Kong
Hong Kong,HK,2007-07-29,12:00:00,1185685200,28.5,26.7,30.5,11.0,142.0,4.6,0.0,Hong Kong
Hong Kong,HK,2007-07-30,12:00:00,1185771600,28.7,26.3,31.2,11.2,164.0,3.3,0.0,Hong Kong
Hong Kong,HK,2007-07-31,12:00:00,1185858000,28.6,26.3,31.2,14.6,202.0,1.5,0.0,Hong Kong
Hong Kong,HK,2007-08-01,12:00:00,1185944400,29.2,27.0,31.9,14.0,227.0,0.4,0.0,Hong Kong
Hong Kong,HK,2007-08-02,12:00:00,1186030800,29.6,27.3,32.4,12.3,221.0,0.1,0.0,Hong Kong
Hong Kong,HK,2007-08-03,12:00:00,1186117200,29.4,26.5,31.8,14.1,163.0,0.5,0.0,Hong Kong
Hong Kong,HK,2007-08-04,12:00:00,1186203600,29.0,27.0,31.1,16.5,120.0,1.5,0.0,Hong Kong
Hong Kong,HK,2007-08-05,12:00:00,1186290000,28.1,27.0,30.0,18.8,110.0,1.0,0.0,Hong Kong
Hong Kong,HK,2007-08-06,12:00:00,1186376400,27.4,25.6,29.1,20.3,109.0,11.1,0.0,Hong Kong
Hong Kong,HK,2007-08-07,12:00:00,1186462800,28.0,26.3,29.9,17.1,112.0,4.3,0.0,Hong Kong
Hong Kong,HK,2007-08-08,12:00:00,1186549200,28.5,25.8,32.7,11.2,326.0,16.9,0.0,Hong Kong
Hong Kong,HK,2007-08-09,12:00:00,1186635600,27.1,25.6,29.6,24.5,86.0,16.6,0.0,Hong Kong
Hong Kong,HK,2007-08-10,12:00:00,1186722000,26.2,25.7,27.9,22.8,124.0,47.0,0.0,Hong Kong
Hong Kong,HK,2007-08-11,12:00:00,1186808400,26.4,25.7,28.2,21.0,222.0,37.6,0.0,Hong Kong
Hong Kong,HK,2007-08-12,12:00:00,1186894800,27.6,26.3,29.3,17.1,235.0,28.0,0.0,Hong Kong
Hong Kong,HK,2007-08-13,12:00:00,1186981200,28.4,27.4,29.9,20.1,208.0,6.3,0.0,Hong Kong
Hong Kong,HK,2007-08-14,12:00:00,1187067600,26.3,25.7,27.9,10.8,236.0,37.5,0.0,Hong Kong
Hong Kong,HK,2007-08-15,12:00:00,1187154000,27.1,25.6,29.6,15.3,340.0,2.4,0.0,Hong Kong
Hong Kong,HK,2007-08-16,12:00:00,1187240400,25.9,25.3,27.3,18.8,51.0,31.9,0.0,Hong Kong
Hong Kong,HK,2007-08-17,12:00:00,1187326800,26.6,25.2,28.4,23.1,110.0,10.3,0.0,Hong Kong
Hong Kong,HK,2007-08-18,12:00:00,1187413200,28.8,25.7,32.3,15.1,300.0,0.0,0.0,Hong Kong
Hong Kong,HK,2007-08-19,12:00:00,1187499600,28.8,27.0,31.5,16.3,245.0,0.2,0.0,Hong Kong
Hong Kong,HK,2007-08-20,12:00:00,1187586000,28.1,27.1,29.5,21.7,218.0,1.1,0.0,Hong Kong
Hong Kong,HK,2007-08-21,12:00:00,1187672400,27.3,26.3,28.9,20.9,209.0,4.5,0.0,Hong Kong
Hong Kong,HK,2007-08-22,12:00:00,1187758800,26.9,25.3,28.7,17.4,201.0,6.9,0.0,Hong Kong
Hong Kong,HK,2007-08-23,12:00:00,1187845200,27.0,25.3,28.9,12.0,172.0,7.9,0.0,Hong Kong
Hong Kong,HK,2007-08-24,12:00:00,1187931600,27.4,25.5,29.8,10.0,161.0,5.6,0.0,Hong Kong
Hong Kong,HK,2007-08-25,12:00:00,1188018000,27.3,25.5,29.5,8.2,89.0,6.7,0.0,Hong Kong
Hong Kong,HK,2007-08-26,12:00:00,1188104400,27.3,25.4,30.1,9.9,66.0,6.0,0.0,Hong Kong
Hong Kong,HK,2007-08-27,12:00:00,1188190800,26.4,25.1,27.7,17.5,101.0,16.9,0.0,Hong Kong
Hong Kong,HK,2007-08-28,12:00:00,1188277200,27.1,25.7,28.8,14.8,95.0,7.6,0.0,Hong Kong
Hong Kong,HK,2007-08-29,12:00:00,1188363600,27.3,25.5,29.6,13.4,111.0,6.1,0.0,Hong Kong
Hong Kong,HK,2007-08-30,12:00:00,1188450000,27.7,25.9,30.4,10.5,148.0,4.0,0.0,Hong Kong
Hong Kong,HK,2007-08-31,12:00:00,1188536400,27.9,25.8,30.3,10.9,172.0,1.6,0.0,Hong Kong
Hong Kong,HK,2007-09-01,12:00:00,1188622800,28.2,26.7,30.2,9.9,177.0,3.2,0.0,Hong Kong
Hong Kong,HK,2007-09-02,12:00:00,1188709200,27.5,26.4,29.0,11.6,182.0,5.0,0.0,Hong Kong
Hong Kong,HK,2007-09-03,12:00:00,1188795600,27.2,25.9,28.8,13.9,196.0,12.4,0.0,Hong Kong
Hong Kong,HK,2007-09-04,12:00:00,1188882000,26.6,25.1,28.8,11.9,238.0,7.7,0.0,Hong Kong
Hong Kong,HK,2007-09-05,12:00:00,1188968400,26.4,24.4,29.1,11.6,9.0,1.1,0.0,Hong Kong
Hong Kong,HK,2007-09-06,12:00:00,1189054800,26.2,23.9,29.0,11.3,10.0,0.0,0.0,Hong Kong
Hong Kong,HK,2007-09-07,12:00:00,1189141200,26.4,24.3,28.4,12.1,78.0,1.7,0.0,Hong Kong
Hong Kong,HK,2007-09-08,12:00:00,1189227600,26.9,25.4,28.7,15.0,100.0,0.2,0.0,Hong Kong
Hong Kong,HK,2007-09-09,12:00:00,1189314000,26.9,25.7,28.1,15.5,98.0,10.3,0.0,Hong Kong
Hong Kong,HK,2007-09-10,12:00:00,1189400400,27.2,26.0,28.4,20.4,94.0,0.3,0.0,Hong Kong
Hong Kong,HK,2007-09-11,12:00:00,1189486800,27.4,26.1,29.3,14.4,88.0,0.0,0.0,Hong Kong
Hong Kong,HK,2007-09-12,12:00:00,1189573200,27.1,26.1,28.8,13.2,88.0,0.0,0.0,Hong Kong
Hong Kong,HK,2007-09-13,12:00:00,1189659600,27.1,25.8,29.1,13.2,95.0,0.0,0.0,Hong Kong
Hong Kong,HK,2007-09-14,12:00:00,1189746000,27.8,25.8,30.5,9.1,215.0,0.7,0.0,Hong Kong
Hong Kong,HK,2007-09-15,12:00:00,1189832400,28.7,26.3,31.8,8.8,311.0,0.0,0.0,Hong Kong
Hong Kong,HK,2007-09-16,12:00:00,1189918800,27.8,26.3,30.6,9.3,47.0,2.1,0.0,Hong Kong
Hong Kong,HK,2007-09-17,12:00:00,1190005200,27.3,25.3,29.8,8.7,20.0,0.5,0.0,Hong Kong
Hong Kong,HK,2007-09-18,12:00:00,1190091600,27.2,25.2,30.2,21.8,335.0,0.0,0.0,Hong Kong
Hong Kong,HK,2007-09-19,12:00:00,1190178000,26.6,24.1,30.1,20.0,332.0,0.0,0.0,Hong Kong
Hong Kong,HK,2007-09-20,12:00:00,1190264400,27.1,25.5,29.3,17.0,22.0,0.0,0.0,Hong Kong
Hong Kong,HK,2007-09-21,12:00:00,1190350800,27.2,25.2,30.7,15.3,28.0,0.0,0.0,Hong Kong
Hong Kong,HK,2007-09-22,12:00:00,1190437200,27.8,24.9,31.3,18.8,11.0,0.0,0.0,Hong Kong
Hong Kong,HK,2007-09-23,12:00:00,1190523600,24.8,23.2,26.7,23.1,8.0,21.7,0.0,Hong Kong
Hong Kong,HK,2007-09-24,12:00:00,1190610000,25.5,24.9,26.1,26.1,82.0,22.1,0.0,Hong Kong
Hong Kong,HK,2007-09-25,12:00:00,1190696400,26.2,24.9,28.3,17.8,104.0,6.2,0.0,Hong Kong
Hong Kong,HK,2007-09-26,12:00:00,1190782800,26.4,24.9,28.2,17.0,95.0,0.0,0.0,Hong Kong
Hong Kong,HK,2007-09-27,12:00:00,1190869200,26.8,25.3,29.1,9.8,89.0,0.0,0.0,Hong Kong
Hong Kong,HK,2007-09-28,12:00:00,1190955600,27.0,25.4,29.3,10.2,87.0,0.0,0.0,Hong Kong
Hong Kong,HK,2007-09-29,12:00:00,1191042000,27.8,26.1,30.7,9.9,67.0,0.0,0.0,Hong Kong
Hong Kong,HK,2007-09-30,12:00:00,1191128400,28.1,26.1,30.7,16.6,49.0,0.0,0.0,Hong Kong
Hong Kong,HK,2007-10-01,12:00:00,1191214800,27.2,25.2,28.8,22.6,59.0,6.4,0.0,Hong Kong
Hong Kong,HK,2007-10-02,12:00:00,1191301200,25.5,24.9,26.4,31.7,83.0,16.1,0.0,Hong Kong
Hong Kong,HK,2007-10-03,12:00:00,1191387600,25.9,25.0,27.0,26.5,91.0,9.9,0.0,Hong Kong
Hong Kong,HK,2007-10-04,12:00:00,1191474000,26.8,25.1,28.6,17.0,95.0,0.0,0.0,Hong Kong
Hong Kong,HK,2007-10-05,12:00:00,1191560400,27.1,23.7,30.9,11.1,297.0,0.0,0.0,Hong Kong
Hong Kong,HK,2007-10-06,12:00:00,1191646800,28.0,25.2,31.4,14.0,297.0,0.0,0.0,Hong Kong
Hong Kong,HK,2007-10-07,12:00:00,1191733200,28.0,25.1,30.9,13.4,289.0,0.0,0.0,Hong Kong
Hong Kong,HK,2007-10-08,12:00:00,1191819600,28.3,25.9,31.5,14.5,349.0,0.2,0.0,Hong Kong
Hong Kong,HK,2007-10-09,12:00:00,1191906000,24.8,22.4,27.3,20.7,27.0,0.0,0.0,Hong Kong
Hong Kong,HK,2007-10-10,12:00:00,1191992400,25.1,23.3,27.4,15.9,48.0,0.0,0.0,Hong Kong
Hong Kong,HK,2007-10-11,12:00:00,1192078800,25.5,24.5,27.1,15.6,68.0,0.1,0.0,Hong Kong
Hong Kong,HK,2007-10-12,12:00:00,1192165200,25.8,24.8,27.3,15.1,70.0,3.2,0.0,Hong Kong
Hong Kong,HK,2007-10-13,12:00:00,1192251600,25.2,24.1,26.8,15.8,67.0,5.3,0.0,Hong Kong
Hong Kong,HK,2007-10-14,12:00:00,1192338000,25.4,24.3,27.6,15.9,45.0,0.0,0.0,Hong Kong
Hong Kong,HK,2007-10-15,12:00:00,1192424400,24.5,22.2,27.0,18.4,29.0,0.0,0.0,Hong Kong
Hong Kong,HK,2007-10-16,12:00:00,1192510800,23.5,20.4,26.6,19.4,24.0,0.0,0.0,Hong Kong
Hong Kong,HK,2007-10-17,12:00:00,1192597200,23.2,20.7,25.8,17.4,35.0,0.0,0.0,Hong Kong
Hong Kong,HK,2007-10-18,12:00:00,1192683600,23.5,22.3,25.9,11.8,69.0,0.0,0.0,Hong Kong
Hong Kong,HK,2007-10-19,12:00:00,1192770000,23.5,21.1,27.0,15.8,32.0,0.0,0.0,Hong Kong
Hong Kong,HK,2007-10-20,12:00:00,1192856400,23.1,21.2,25.6,12.5,65.0,0.0,0.0,Hong Kong
Hong Kong,HK,2007-10-21,12:00:00,1192942800,23.0,21.4,25.0,15.5,94.0,0.0,0.0,Hong Kong
Hong Kong,HK,2007-10-22,12:00:00,1193029200,23.5,22.0,25.6,11.9,94.0,0.0,0.0,Hong Kong
Hong Kong,HK,2007-10-23,12:00:00,1193115600,23.5,21.7,25.6,14.1,93.0,0.0,0.0,Hong Kong
Hong Kong,HK,2007-10-24,12:00:00,1193202000,24.3,22.2,27.3,15.2,84.0,0.0,0.0,Hong Kong
Hong Kong,HK,2007-10-25,12:00:00,1193288400,24.9,23.1,28.1,11.2,68.0,0.0,0.0,Hong Kong
Hong Kong,HK,2007-10-26,12:00:00,1193374800,25.1,22.6,28.7,11.3,72.0,0.0,0.0,Hong Kong
Hong Kong,HK,2007-10-27,12:00:00,1193461200,24.0,22.7,26.0,14.0,116.0,0.0,0.0,Hong Kong
Hong Kong,HK,2007-10-28,12:00:00,1193547600,23.9,22.2,26.2,13.3,113.0,0.0,0.0,Hong Kong
Hong Kong,HK,2007-10-29,12:00:00,1193634000,24.4,22.3,27.6,15.7,69.0,0.0,0.0,Hong Kong
Hong Kong,HK,2007-10-30,12:00:00,1193720400,23.5,21.8,26.0,19.1,44.0,3.1,0.0,Hong Kong
Hong Kong,HK,2007-10-31,12:00:00,1193806800,22.8,21.0,24.3,16.8,27.0,3.7,0.0,Hong Kong
Hong Kong,HK,2007-11-01,12:00:00,1193893200,19.8,17.5,21.4,25.6,12.0,7.0,0.0,Hong Kong
Hong Kong,HK,2007-11-02,12:00:00,1193979600,19.2,16.7,22.2,23.2,18.0,0.9,0.0,Hong Kong
Hong Kong,HK,2007-11-03,12:00:00,1194066000,20.7,18.2,23.5,16.6,27.0,0.0,0.0,Hong Kong
Hong Kong,HK,2007-11-04,12:00:00,1194152400,20.8,18.2,23.9,15.8,30.0,0.0,0.0,Hong Kong
Hong Kong,HK,2007-11-05,12:00:00,1194238800,21.3,17.9,25.2,16.6,16.0,0.0,0.0,Hong Kong
Hong Kong,HK,2007-11-06,12:00:00,1194325200,22.4,19.1,26.5,18.9,10.0,0.0,0.0,Hong Kong
Hong Kong,HK,2007-11-07,12:00:00,1194411600,21.4,19.5,23.6,19.6,16.0,1.7,0.0,Hong Kong
Hong Kong,HK,2007-11-08,12:00:00,1194498000,20.7,18.9,24.4,14.7,26.0,3.7,0.0,Hong Kong
Hong Kong,HK,2007-11-09,12:00:00,1194584400,22.5,20.2,26.1,15.2,28.0,0.0,0.0,Hong Kong
Hong Kong,HK,2007-11-10,12:00:00,1194670800,21.8,19.7,24.7,11.7,53.0,0.0,0.0,Hong Kong
Hong Kong,HK,2007-11-11,12:00:00,1194757200,21.2,19.1,23.9,13.5,70.0,0.0,0.0,Hong Kong
Hong Kong,HK,2007-11-12,12:00:00,1194843600,20.6,18.9,22.8,15.0,89.0,0.0,0.0,Hong Kong
Hong Kong,HK,2007-11-13,12:00:00,1194930000,20.7,19.4,23.1,17.0,93.0,0.0,0.0,Hong Kong
Hong Kong,HK,2007-11-14,12:00:00,1195016400,21.0,19.4,23.3,14.0,94.0,0.0,0.0,Hong Kong
Hong Kong,HK,2007-11-15,12:00:00,1195102800,21.5,19.7,23.9,13.3,88.0,0.0,0.0,Hong Kong
Hong Kong,HK,2007-11-16,12:00:00,1195189200,22.1,20.3,24.9,13.0,83.0,0.0,0.0,Hong Kong
Hong Kong,HK,2007-11-17,12:00:00,1195275600,22.3,20.5,25.1,15.5,85.0,0.0,0.0,Hong Kong
Hong Kong,HK,2007-11-18,12:00:00,1195362000,21.9,19.9,24.7,19.4,26.0,0.0,0.0,Hong Kong
Hong Kong,HK,2007-11-19,12:00:00,1195448400,20.2,17.2,23.2,18.6,22.0,0.0,0.0,Hong Kong
Hong Kong,HK,2007-11-20,12:00:00,1195534800,19.6,16.3,23.4,18.5,27.0,0.0,0.0,Hong Kong
Hong Kong,HK,2007-11-21,12:00:00,1195621200,20.4,18.2,24.1,13.7,43.0,0.0,0.0,Hong Kong
Hong Kong,HK,2007-11-22,12:00:00,1195707600,20.7,19.1,23.4,14.0,46.0,0.0,0.0,Hong Kong
Hong Kong,HK,2007-11-23,12:00:00,1195794000,20.7,18.0,23.9,14.1,35.0,0.0,0.0,Hong Kong
Hong Kong,HK,2007-11-24,12:00:00,1195880400,20.8,18.4,24.0,14.8,44.0,0.0,0.0,Hong Kong
Hong Kong,HK,2007-11-25,12:00:00,1195966800,21.9,19.0,24.7,13.7,17.0,0.0,0.0,Hong Kong
Hong Kong,HK,2007-11-26,12:00:00,1196053200,21.2,18.4,24.9,27.0,3.0,0.0,0.0,Hong Kong
Hong Kong,HK,2007-11-27,12:00:00,1196139600,18.4,15.3,21.4,29.2,3.0,0.0,0.0,Hong Kong
Hong Kong,HK,2007-11-28,12:00:00,1196226000,15.7,11.9,19.9,24.4,13.0,0.0,0.0,Hong Kong
Hong Kong,HK,2007-11-29,12:00:00,1196312400,15.8,12.1,20.0,16.8,30.0,0.0,0.0,Hong Kong
Hong Kong,HK,2007-11-30,12:00:00,1196398800,16.0,10.5,19.8,12.2,77.0,0.0,0.0,Hong Kong
Hong Kong,HK,2007-12-01,12:00:00,1196485200,18.4,16.3,20.8,15.2,93.0,0.0,0.0,Hong Kong
Hong Kong,HK,2007-12-02,12:00:00,1196571600,19.9,16.9,23.5,14.1,59.0,0.0,0.0,Hong Kong
Hong Kong,HK,2007-12-03,12:00:00,1196658000,19.0,15.7,23.4,20.9,30.0,0.0,0.0,Hong Kong
Hong Kong,HK,2007-12-04,12:00:00,1196744400,18.5,15.8,21.8,15.1,52.0,0.0,0.0,Hong Kong
Hong Kong,HK,2007-12-05,12:00:00,1196830800,18.3,16.5,20.0,16.3,47.0,0.0,0.0,Hong Kong
Hong Kong,HK,2007-12-06,12:00:00,1196917200,19.5,17.3,22.6,11.5,19.0,0.0,0.0,Hong Kong
Hong Kong,HK,2007-12-07,12:00:00,1197003600,18.4,15.1,22.2,17.7,27.0,0.0,0.0,Hong Kong
Hong Kong,HK,2007-12-08,12:00:00,1197090000,17.7,15.4,20.1,13.7,69.0,0.0,0.0,Hong Kong
Hong Kong,HK,2007-12-09,12:00:00,1197176400,19.1,17.2,21.3,16.2,84.0,0.0,0.0,Hong Kong
Hong Kong,HK,2007-12-10,12:00:00,1197262800,20.1,18.4,23.0,12.6,98.0,0.0,0.0,Hong Kong
Hong Kong,HK,2007-12-11,12:00:00,1197349200,20.5,17.8,24.0,13.0,97.0,0.0,0.0,Hong Kong
Hong Kong,HK,2007-12-12,12:00:00,1197435600,20.8,18.4,24.2,10.3,104.0,0.0,0.0,Hong Kong
Hong Kong,HK,2007-12-13,12:00:00,1197522000,20.1,16.1,25.0,18.2,13.0,0.0,0.0,Hong Kong
Hong Kong,HK,2007-12-14,12:00:00,1197608400,18.4,16.0,21.1,16.3,61.0,0.0,0.0,Hong Kong
Hong Kong,HK,2007-12-15,12:00:00,1197694800,19.0,17.2,22.0,14.1,90.0,0.0,0.0,Hong Kong
Hong Kong,HK,2007-12-16,12:00:00,1197781200,19.2,17.9,21.1,14.4,93.0,0.0,0.0,Hong Kong
Hong Kong,HK,2007-12-17,12:00:00,1197867600,20.5,19.2,22.8,9.7,76.0,0.0,0.0,Hong Kong
Hong Kong,HK,2007-12-18,12:00:00,1197954000,20.1,18.1,23.1,11.1,71.0,0.0,0.0,Hong Kong
Hong Kong,HK,2007-12-19,12:00:00,1198040400,19.7,17.0,22.8,11.3,26.0,0.0,0.0,Hong Kong
Hong Kong,HK,2007-12-20,12:00:00,1198126800,19.2,17.0,21.3,18.9,99.0,0.0,0.0,Hong Kong
Hong Kong,HK,2007-12-21,12:00:00,1198213200,20.4,18.9,23.3,12.3,117.0,0.0,0.0,Hong Kong
Hong Kong,HK,2007-12-22,12:00:00,1198299600,20.9,19.1,23.9,8.6,68.0,0.1,0.0,Hong Kong
Hong Kong,HK,2007-12-23,12:00:00,1198386000,20.1,17.7,22.0,14.3,29.0,2.7,0.0,Hong Kong
Hong Kong,HK,2007-12-24,12:00:00,1198472400,17.8,15.9,20.2,16.4,15.0,1.7,0.0,Hong Kong
Hong Kong,HK,2007-12-25,12:00:00,1198558800,17.2,14.5,20.5,17.3,27.0,0.0,0.0,Hong Kong
Hong Kong,HK,2007-12-26,12:00:00,1198645200,17.5,14.4,20.3,15.9,54.0,0.0,0.0,Hong Kong
Hong Kong,HK,2007-12-27,12:00:00,1198731600,18.5,16.1,21.5,12.0,59.0,0.0,0.0,Hong Kong
Hong Kong,HK,2007-12-28,12:00:00,1198818000,19.3,16.9,22.9,15.4,30.0,0.0,0.0,Hong Kong
Hong Kong,HK,2007-12-29,12:00:00,1198904400,17.2,14.4,21.0,20.2,13.0,0.0,0.0,Hong Kong
Hong Kong,HK,2007-12-30,12:00:00,1198990800,15.1,12.3,18.4,22.9,21.0,0.0,0.0,Hong Kong
Hong Kong,HK,2007-12-31,12:00:00,1199077200,13.4,10.4,17.4,23.4,21.0,0.0,0.0,Hong Kong
Hong Kong,HK,2008-01-01,12:00:00,1199163600,12.1,8.7,16.4,24.3,23.0,0.0,0.0,Hong Kong
Hong Kong,HK,2008-01-02,12:00:00,1199250000,12.8,9.1,16.7,21.6,31.0,0.0,0.0,Hong Kong
Hong Kong,HK,2008-01-03,12:00:00,1199336400,14.8,11.6,18.6,12.8,30.0,0.0,0.0,Hong Kong
Hong Kong,HK,2008-01-04,12:00:00,1199422800,16.0,13.6,19.0,12.3,73.0,0.0,0.0,Hong Kong
Hong Kong,HK,2008-01-05,12:00:00,1199509200,16.5,13.0,20.6,12.2,66.0,0.0,0.0,Hong Kong
Hong Kong,HK,2008-01-06,12:00:00,1199595600,17.9,15.6,21.6,11.9,97.0,0.0,0.0,Hong Kong
Hong Kong,HK,2008-01-07,12:00:00,1199682000,19.3,16.7,23.3,7.8,79.0,0.0,0.0,Hong Kong
Hong Kong,HK,2008-01-08,12:00:00,1199768400,19.9,17.8,22.4,9.6,98.0,0.9,0.0,Hong Kong
Hong Kong,HK,2008-01-09,12:00:00,1199854800,20.5,18.8,23.3,13.0,112.0,0.0,0.0,Hong Kong
Hong Kong,HK,2008-01-10,12:00:00,1199941200,20.6,19.2,22.7,18.9,115.0,0.5,0.0,Hong Kong
Hong Kong,HK,2008-01-11,12:00:00,1200027600,21.5,19.9,24.1,15.3,147.0,0.2,0.0,Hong Kong
Hong Kong,HK,2008-01-12,12:00:00,1200114000,21.2,18.4,24.3,8.3,122.0,1.4,0.0,Hong Kong
Hong Kong,HK,2008-01-13,12:00:00,1200200400,17.9,14.2,20.3,22.5,28.0,0.6,0.0,Hong Kong
Hong Kong,HK,2008-01-14,12:00:00,1200286800,14.5,11.3,17.7,24.1,22.0,0.0,0.0,Hong Kong
Hong Kong,HK,2008-01-15,12:00:00,1200373200,13.8,12.2,15.6,22.9,19.0,0.0,0.0,Hong Kong
Hong Kong,HK,2008-01-16,12:00:00,1200459600,13.1,9.9,17.1,23.6,18.0,0.0,0.0,Hong Kong
Hong Kong,HK,2008-01-17,12:00:00,1200546000,11.7,9.7,14.7,21.3,15.0,0.1,0.0,Hong Kong
Hong Kong,HK,2008-01-18,12:00:00,1200632400,14.9,10.8,17.9,16.0,53.0,0.2,0.0,Hong Kong
Hong Kong,HK,2008-01-19,12:00:00,1200718800,18.0,16.5,19.7,18.0,87.0,0.0,0.0,Hong Kong
Hong Kong,HK,2008-01-20,12:00:00,1200805200,19.4,16.4,23.0,14.0,49.0,0.0,0.0,Hong Kong
Hong Kong,HK,2008-01-21,12:00:00,1200891600,17.4,12.9,21.6,18.3,3.0,0.0,0.0,Hong Kong
Hong Kong,HK,2008-01-22,12:00:00,1200978000,17.0,13.3,21.0,16.4,11.0,0.0,0.0,Hong Kong
Hong Kong,HK,2008-01-23,12:00:00,1201064400,15.7,12.3,19.5,19.8,17.0,0.0,0.0,Hong Kong
Hong Kong,HK,2008-01-24,12:00:00,1201150800,12.1,11.0,15.4,22.9,27.0,0.8,0.0,Hong Kong
Hong Kong,HK,2008-01-25,12:00:00,1201237200,13.1,12.1,14.9,17.7,29.0,6.0,0.0,Hong Kong
Hong Kong,HK,2008-01-26,12:00:00,1201323600,11.9,9.6,13.4,21.7,21.0,1.2,0.0,Hong Kong
Hong Kong,HK,2008-01-27,12:00:00,1201410000,10.5,9.2,12.0,19.1,16.0,0.6,0.0,Hong Kong
Hong Kong,HK,2008-01-28,12:00:00,1201496400,14.2,11.1,18.1,10.9,15.0,0.0,0.0,Hong Kong
Hong Kong,HK,2008-01-29,12:00:00,1201582800,12.8,11.8,15.0,19.1,11.0,1.1,0.0,Hong Kong
Hong Kong,HK,2008-01-30,12:00:00,1201669200,11.2,8.6,13.4,22.7,17.0,7.7,0.0,Hong Kong
Hong Kong,HK,2008-01-31,12:00:00,1201755600,8.9,7.6,9.8,21.8,18.0,1.6,0.0,Hong Kong
Hong Kong,HK,2008-02-01,12:00:00,1201842000,11.5,8.9,15.6,17.6,18.0,0.0,0.0,Hong Kong
Hong Kong,HK,2008-02-02,12:00:00,1201928400,8.1,7.2,10.2,22.6,5.0,9.7,0.0,Hong Kong
Hong Kong,HK,2008-02-03,12:00:00,1202014800,9.8,6.0,14.4,22.8,17.0,0.0,0.0,Hong Kong
Hong Kong,HK,2008-02-04,12:00:00,1202101200,11.5,10.2,13.5,15.3,27.0,5.1,0.0,Hong Kong
Hong Kong,HK,2008-02-05,12:00:00,1202187600,12.7,10.4,14.4,20.4,7.0,6.9,0.0,Hong Kong
Hong Kong,HK,2008-02-06,12:00:00,1202274000,11.1,8.4,14.6,22.6,14.0,0.0,0.0,Hong Kong
Hong Kong,HK,2008-02-07,12:00:00,1202360400,11.1,8.8,14.3,18.1,21.0,0.0,0.0,Hong Kong
Hong Kong,HK,2008-02-08,12:00:00,1202446800,11.7,8.6,15.4,22.3,16.0,0.0,0.0,Hong Kong
Hong Kong,HK,2008-02-09,12:00:00,1202533200,11.2,7.3,15.3,23.2,21.0,0.0,0.0,Hong Kong
Hong Kong,HK,2008-02-10,12:00:00,1202619600,12.2,10.1,15.0,18.5,24.0,0.0,0.0,Hong Kong
Hong Kong,HK,2008-02-11,12:00:00,1202706000,11.4,9.4,13.2,21.1,10.0,0.5,0.0,Hong Kong
Hong Kong,HK,2008-02-12,12:00:00,1202792400,10.7,7.6,14.8,23.8,16.0,0.0,0.0,Hong Kong
Hong Kong,HK,2008-02-13,12:00:00,1202878800,12.0,9.9,14.6,20.0,29.0,0.0,0.0,Hong Kong
Hong Kong,HK,2008-02-14,12:00:00,1202965200,13.0,11.1,15.1,17.3,18.0,0.0,0.0,Hong Kong
Hong Kong,HK,2008-02-15,12:00:00,1203051600,13.9,10.8,17.3,15.9,50.0,0.0,0.0,Hong Kong
Hong Kong,HK,2008-02-16,12:00:00,1203138000,15.3,13.2,16.8,16.3,64.0,0.0,0.0,Hong Kong
Hong Kong,HK,2008-02-17,12:00:00,1203224400,16.2,14.2,18.1,14.6,33.0,1.4,0.0,Hong Kong
Hong Kong,HK,2008-02-18,12:00:00,1203310800,17.3,15.0,20.7,15.1,25.0,0.0,0.0,Hong Kong
Hong Kong,HK,2008-02-19,12:00:00,1203397200,16.5,12.7,21.3,15.4,23.0,0.0,0.0,Hong Kong
Hong Kong,HK,2008-02-20,12:00:00,1203483600,16.3,12.1,20.6,15.3,34.0,0.0,0.0,Hong Kong
Hong Kong,HK,2008-02-21,12:00:00,1203570000,17.9,15.4,21.4,10.6,86.0,0.0,0.0,Hong Kong
Hong Kong,HK,2008-02-22,12:00:00,1203656400,18.1,17.0,19.7,8.8,57.0,2.6,0.0,Hong Kong
Hong Kong,HK,2008-02-23,12:00:00,1203742800,19.1,17.7,20.5,18.1,68.0,0.7,0.0,Hong Kong
Hong Kong,HK,2008-02-24,12:00:00,1203829200,17.3,16.3,18.4,22.0,85.0,6.2,0.0,Hong Kong
Hong Kong,HK,2008-02-25,12:00:00,1203915600,17.4,15.8,19.1,20.2,85.0,4.0,0.0,Hong Kong
Hong Kong,HK,2008-02-26,12:00:00,1204002000,16.6,11.5,19.2,26.9,13.0,0.2,0.0,Hong Kong
Hong Kong,HK,2008-02-27,12:00:00,1204088400,13.9,10.5,18.3,25.5,21.0,0.0,0.0,Hong Kong
Hong Kong,HK,2008-02-28,12:00:00,1204174800,15.4,12.1,19.0,14.9,17.0,0.0,0.0,Hong Kong
Hong Kong,HK,2008-02-29,12:00:00,1204261200,15.8,12.5,18.8,15.2,2.0,0.0,0.0,Hong Kong
Hong Kong,HK,2008-03-01,12:00:00,1204347600,16.4,12.5,20.7,9.7,60.0,0.0,0.0,Hong Kong
Hong Kong,HK,2008-03-02,12:00:00,1204434000,18.4,13.7,23.7,9.1,25.0,0.0,0.0,Hong Kong
Hong Kong,HK,2008-03-03,12:00:00,1204520400,18.3,12.3,24.6,12.0,61.0,0.0,0.0,Hong Kong
Hong Kong,HK,2008-03-04,12:00:00,1204606800,18.5,16.2,21.5,16.5,87.0,0.0,0.0,Hong Kong
Hong Kong,HK,2008-03-05,12:00:00,1204693200,17.8,15.8,20.3,19.6,98.0,0.0,0.0,Hong Kong
Hong Kong,HK,2008-03-06,12:00:00,1204779600,18.5,16.2,21.1,16.9,100.0,0.0,0.0,Hong Kong
Hong Kong,HK,2008-03-07,12:00:00,1204866000,19.3,17.0,22.2,14.5,102.0,0.0,0.0,Hong Kong
Hong Kong,HK,2008-03-08,12:00:00,1204952400,19.0,16.5,22.3,15.2,73.0,0.0,0.0,Hong Kong
Hong Kong,HK,2008-03-09,12:00:00,1205038800,19.3,16.5,22.9,12.2,83.0,0.0,0.0,Hong Kong
Hong Kong,HK,2008-03-10,12:00:00,1205125200,19.5,17.3,22.9,12.7,114.0,0.0,0.0,Hong Kong
Hong Kong,HK,2008-03-11,12:00:00,1205211600,20.2,17.6,24.0,11.0,119.0,0.0,0.0,Hong Kong
Hong Kong,HK,2008-03-12,12:00:00,1205298000,20.5,18.2,23.9,16.2,114.0,0.0,0.0,Hong Kong
Hong Kong,HK,2008-03-13,12:00:00,1205384400,20.9,19.1,23.6,12.1,95.0,0.0,0.0,Hong Kong
Hong Kong,HK,2008-03-14,12:00:00,1205470800,21.3,18.7,25.1,17.0,77.0,0.0,0.0,Hong Kong
Hong Kong,HK,2008-03-15,12:00:00,1205557200,20.2,18.4,23.1,16.0,112.0,0.0,0.0,Hong Kong
Hong Kong,HK,2008-03-16,12:00:00,1205643600,21.1,19.1,23.7,11.4,136.0,0.1,0.0,Hong Kong
Hong Kong,HK,2008-03-17,12:00:00,1205730000,21.6,19.4,24.6,14.5,144.0,0.2,0.0,Hong Kong
Hong Kong,HK,2008-03-18,12:00:00,1205816400,22.4,20.5,25.2,13.5,133.0,0.6,0.0,Hong Kong
Hong Kong,HK,2008-03-19,12:00:00,1205902800,22.7,19.7,26.8,20.0,81.0,4.0,0.0,Hong Kong
Hong Kong,HK,2008-03-20,12:00:00,1205989200,20.8,19.1,22.9,21.4,105.0,0.0,0.0,Hong Kong
Hong Kong,HK,2008-03-21,12:00:00,1206075600,21.3,19.8,23.5,19.8,116.0,0.7,0.0,Hong Kong
Hong Kong,HK,2008-03-22,12:00:00,1206162000,21.9,19.4,24.7,18.8,108.0,22.9,0.0,Hong Kong
Hong Kong,HK,2008-03-23,12:00:00,1206248400,19.6,17.5,23.8,18.8,23.0,0.8,0.0,Hong Kong
Hong Kong,HK,2008-03-24,12:00:00,1206334800,20.7,19.1,23.4,13.0,89.0,0.0,0.0,Hong Kong
Hong Kong,HK,2008-03-25,12:00:00,1206421200,20.1,18.7,22.1,13.6,62.0,0.0,0.0,Hong Kong
Hong Kong,HK,2008-03-26,12:00:00,1206507600,19.0,17.2,20.4,7.2,43.0,1.0,0.0,Hong Kong
Hong Kong,HK,2008-03-27,12:00:00,1206594000,19.7,15.5,22.9,15.0,118.0,0.7,0.0,Hong Kong
Hong Kong,HK,2008-03-28,12:00:00,1206680400,21.8,20.4,24.2,21.5,147.0,7.6,0.0,Hong Kong
Hong Kong,HK,2008-03-29,12:00:00,1206766800,23.3,21.6,26.1,14.5,160.0,0.0,0.0,Hong Kong
Hong Kong,HK,2008-03-30,12:00:00,1206853200,23.0,21.2,25.3,6.6,106.0,6.6,0.0,Hong Kong
Hong Kong,HK,2008-03-31,12:00:00,1206939600,20.8,19.5,22.2,22.4,88.0,2.2,0.0,Hong Kong
Hong Kong,HK,2008-04-01,12:00:00,1207026000,19.5,18.7,20.4,22.3,88.0,2.7,0.0,Hong Kong
Hong Kong,HK,2008-04-02,12:00:00,1207112400,20.0,18.5,23.0,14.8,41.0,0.0,0.0,Hong Kong
Hong Kong,HK,2008-04-03,12:00:00,1207198800,20.8,18.7,23.6,17.7,71.0,0.0,0.0,Hong Kong
Hong Kong,HK,2008-04-04,12:00:00,1207285200,22.4,21.1,24.3,19.2,119.0,0.0,0.0,Hong Kong
Hong Kong,HK,2008-04-05,12:00:00,1207371600,23.0,21.2,25.7,14.5,126.0,0.0,0.0,Hong Kong
Hong Kong,HK,2008-04-06,12:00:00,1207458000,23.4,21.0,27.2,12.1,179.0,0.0,0.0,Hong Kong
Hong Kong,HK,2008-04-07,12:00:00,1207544400,24.5,21.5,28.4,16.2,198.0,0.0,0.0,Hong Kong
Hong Kong,HK,2008-04-08,12:00:00,1207630800,25.2,23.5,27.6,25.2,191.0,0.1,0.0,Hong Kong
Hong Kong,HK,2008-04-09,12:00:00,1207717200,25.8,23.8,28.7,22.2,197.0,0.0,0.0,Hong Kong
Hong Kong,HK,2008-04-10,12:00:00,1207803600,25.5,23.4,28.2,17.7,172.0,1.9,0.0,Hong Kong
Hong Kong,HK,2008-04-11,12:00:00,1207890000,24.6,23.1,27.2,20.4,131.0,3.3,0.0,Hong Kong
Hong Kong,HK,2008-04-12,12:00:00,1207976400,24.3,22.6,26.9,17.9,132.0,0.1,0.0,Hong Kong
Hong Kong,HK,2008-04-13,12:00:00,1208062800,23.7,22.5,25.9,15.7,112.0,0.9,0.0,Hong Kong
Hong Kong,HK,2008-04-14,12:00:00,1208149200,23.1,21.7,25.0,18.4,116.0,0.0,0.0,Hong Kong
Hong Kong,HK,2008-04-15,12:00:00,1208235600,23.4,21.6,26.1,14.8,116.0,0.2,0.0,Hong Kong
Hong Kong,HK,2008-04-16,12:00:00,1208322000,24.5,21.9,28.0,10.2,127.0,0.0,0.0,Hong Kong
Hong Kong,HK,2008-04-17,12:00:00,1208408400,24.0,22.0,27.2,19.8,87.0,0.0,0.0,Hong Kong
Hong Kong,HK,2008-04-18,12:00:00,1208494800,23.2,21.9,25.3,28.7,94.0,0.0,0.0,Hong Kong
Hong Kong,HK,2008-04-19,12:00:00,1208581200,22.4,21.3,24.0,36.2,115.0,60.5,0.0,Hong Kong
Hong Kong,HK,2008-04-20,12:00:00,1208667600,25.0,23.5,27.3,27.2,193.0,2.7,0.0,Hong Kong
Hong Kong,HK,2008-04-21,12:00:00,1208754000,24.9,23.5,27.4,10.5,157.0,1.0,0.0,Hong Kong
Hong Kong,HK,2008-04-22,12:00:00,1208840400,25.3,23.2,28.0,13.8,7.0,0.5,0.0,Hong Kong
Hong Kong,HK,2008-04-23,12:00:00,1208926800,22.4,20.6,25.4,19.2,14.0,0.0,0.0,Hong Kong
Hong Kong,HK,2008-04-24,12:00:00,1209013200,20.6,18.4,22.1,18.3,42.0,1.3,0.0,Hong Kong
Hong Kong,HK,2008-04-25,12:00:00,1209099600,21.1,19.8,23.2,10.2,58.0,7.7,0.0,Hong Kong
Hong Kong,HK,2008-04-26,12:00:00,1209186000,22.0,19.2,25.2,7.9,91.0,0.3,0.0,Hong Kong
Hong Kong,HK,2008-04-27,12:00:00,1209272400,23.1,21.6,24.7,14.5,112.0,3.6,0.0,Hong Kong
Hong Kong,HK,2008-04-28,12:00:00,1209358800,22.2,19.6,25.3,15.5,57.0,8.3,0.0,Hong Kong
Hong Kong,HK,2008-04-29,12:00:00,1209445200,22.6,20.9,24.8,9.3,102.0,0.3,0.0,Hong Kong
Hong Kong,HK,2008-04-30,12:00:00,1209531600,23.5,21.6,26.0,10.0,133.0,1.4,0.0,Hong Kong
Hong Kong,HK,2008-05-01,12:00:00,1209618000,24.1,21.7,27.4,13.2,193.0,3.6,0.0,Hong Kong
Hong Kong,HK,2008-05-02,12:00:00,1209704400,23.8,22.4,25.8,12.8,124.0,8.4,0.0,Hong Kong
Hong Kong,HK,2008-05-03,12:00:00,1209790800,24.7,23.2,26.7,18.1,124.0,1.3,0.0,Hong Kong
Hong Kong,HK,2008-05-04,12:00:00,1209877200,25.8,23.7,28.8,12.1,142.0,0.0,0.0,Hong Kong
Hong Kong,HK,2008-05-05,12:00:00,1209963600,25.3,22.6,28.3,20.9,92.0,10.0,0.0,Hong Kong
Hong Kong,HK,2008-05-06,12:00:00,1210050000,24.0,22.1,25.8,22.9,104.0,1.9,0.0,Hong Kong
Hong Kong,HK,2008-05-07,12:00:00,1210136400,25.2,23.9,27.3,17.6,125.0,1.3,0.0,Hong Kong
Hong Kong,HK,2008-05-08,12:00:00,1210222800,26.4,24.2,29.2,13.6,172.0,1.0,0.0,Hong Kong
Hong Kong,HK,2008-05-09,12:00:00,1210309200,27.3,25.1,30.2,11.4,242.0,2.8,0.0,Hong Kong
Hong Kong,HK,2008-05-10,12:00:00,1210395600,25.1,23.1,28.2,20.2,24.0,0.5,0.0,Hong Kong
Hong Kong,HK,2008-05-11,12:00:00,1210482000,22.9,21.0,24.1,12.7,30.0,2.9,0.0,Hong Kong
Hong Kong,HK,2008-05-12,12:00:00,1210568400,23.4,21.7,25.9,13.5,97.0,0.0,0.0,Hong Kong
Hong Kong,HK,2008-05-13,12:00:00,1210654800,24.0,22.0,26.6,15.6,87.0,0.0,0.0,Hong Kong
Hong Kong,HK,2008-05-14,12:00:00,1210741200,24.2,22.0,26.8,14.1,88.0,0.0,0.0,Hong Kong
Hong Kong,HK,2008-05-15,12:00:00,1210827600,24.3,21.5,27.3,12.4,105.0,0.0,0.0,Hong Kong
Hong Kong,HK,2008-05-16,12:00:00,1210914000,24.3,22.1,26.9,12.3,146.0,0.0,0.0,Hong Kong
Hong Kong,HK,2008-05-17,12:00:00,1211000400,24.7,22.4,27.7,10.0,152.0,0.0,0.0,Hong Kong
Hong Kong,HK,2008-05-18,12:00:00,1211086800,25.3,21.8,28.3,14.2,191.0,0.0,0.0,Hong Kong
Hong Kong,HK,2008-05-19,12:00:00,1211173200,24.0,22.8,25.5,12.2,20.0,15.4,0.0,Hong Kong
Hong Kong,HK,2008-05-20,12:00:00,1211259600,22.0,21.2,23.2,21.6,74.0,15.7,0.0,Hong Kong
Hong Kong,HK,2008-05-21,12:00:00,1211346000,24.5,21.3,27.5,19.9,84.0,4.4,0.0,Hong Kong
Hong Kong,HK,2008-05-22,12:00:00,1211432400,25.4,23.7,27.8,13.8,126.0,9.3,0.0,Hong Kong
Hong Kong,HK,2008-05-23,12:00:00,1211518800,26.0,24.1,28.9,15.1,167.0,4.3,0.0,Hong Kong
Hong Kong,HK,2008-05-24,12:00:00,1211605200,26.6,24.5,29.1,15.4,195.0,4.9,0.0,Hong Kong
Hong Kong,HK,2008-05-25,12:00:00,1211691600,26.8,24.8,29.3,11.8,193.0,5.8,0.0,Hong Kong
Hong Kong,HK,2008-05-26,12:00:00,1211778000,26.4,25.0,28.0,14.8,177.0,7.0,0.0,Hong Kong
Hong Kong,HK,2008-05-27,12:00:00,1211864400,27.3,25.4,29.7,20.2,186.0,2.5,0.0,Hong Kong
Hong Kong,HK,2008-05-28,12:00:00,1211950800,27.7,26.5,29.6,22.5,198.0,4.2,0.0,Hong Kong
Hong Kong,HK,2008-05-29,12:00:00,1212037200,27.3,25.9,29.4,16.9,201.0,16.3,0.0,Hong Kong
Hong Kong,HK,2008-05-30,12:00:00,1212123600,25.9,24.8,27.2,8.2,298.0,21.2,0.0,Hong Kong
Hong Kong,HK,2008-05-31,12:00:00,1212210000,25.8,24.5,27.8,17.4,118.0,13.1,0.0,Hong Kong
Hong Kong,HK,2008-06-01,12:00:00,1212296400,25.6,24.0,28.0,18.2,156.0,18.6,0.0,Hong Kong
Hong Kong,HK,2008-06-02,12:00:00,1212382800,26.1,24.3,28.4,11.4,181.0,7.8,0.0,Hong Kong
Hong Kong,HK,2008-06-03,12:00:00,1212469200,25.2,23.9,27.8,8.1,180.0,33.8,0.0,Hong Kong
Hong Kong,HK,2008-06-04,12:00:00,1212555600,24.9,24.1,26.0,9.1,104.0,58.7,0.0,Hong Kong
Hong Kong,HK,2008-06-05,12:00:00,1212642000,25.4,23.7,27.8,14.2,170.0,4.8,0.0,Hong Kong
Hong Kong,HK,2008-06-06,12:00:00,1212728400,24.6,24.1,25.2,22.7,159.0,77.9,0.0,Hong Kong
Hong Kong,HK,2008-06-07,12:00:00,1212814800,25.4,24.5,26.3,25.3,198.0,52.2,0.0,Hong Kong
Hong Kong,HK,2008-06-08,12:00:00,1212901200,27.0,25.2,29.2,16.0,177.0,6.0,0.0,Hong Kong
Hong Kong,HK,2008-06-09,12:00:00,1212987600,27.3,25.6,29.2,19.1,179.0,2.6,0.0,Hong Kong
Hong Kong,HK,2008-06-10,12:00:00,1213074000,27.2,26.0,29.0,22.5,190.0,5.7,0.0,Hong Kong
Hong Kong,HK,2008-06-11,12:00:00,1213160400,26.5,24.9,28.6,18.4,213.0,16.8,0.0,Hong Kong
Hong Kong,HK,2008-06-12,12:00:00,1213246800,26.4,24.8,28.5,16.2,186.0,18.6,0.0,Hong Kong
Hong Kong,HK,2008-06-13,12:00:00,1213333200,25.2,24.6,26.1,25.6,186.0,38.0,0.0,Hong Kong
Hong Kong,HK,2008-06-14,12:00:00,1213419600,26.1,24.6,28.4,16.8,205.0,21.0,0.0,Hong Kong
Hong Kong,HK,2008-06-15,12:00:00,1213506000,26.2,25.0,28.4,13.3,175.0,21.3,0.0,Hong Kong
Hong Kong,HK,2008-06-16,12:00:00,1213592400,26.4,24.4,29.1,13.7,167.0,18.3,0.0,Hong Kong
Hong Kong,HK,2008-06-17,12:00:00,1213678800,25.1,24.7,25.6,22.5,201.0,23.9,0.0,Hong Kong
Hong Kong,HK,2008-06-18,12:00:00,1213765200,25.4,24.7,26.9,22.8,188.0,39.4,0.0,Hong Kong
Hong Kong,HK,2008-06-19,12:00:00,1213851600,26.8,25.2,29.0,17.3,166.0,8.5,0.0,Hong Kong
Hong Kong,HK,2008-06-20,12:00:00,1213938000,27.7,26.1,29.5,15.3,162.0,0.3,0.0,Hong Kong
Hong Kong,HK,2008-06-21,12:00:00,1214024400,27.7,25.7,30.2,10.5,187.0,0.0,0.0,Hong Kong
Hong Kong,HK,2008-06-22,12:00:00,1214110800,27.5,24.4,31.0,8.3,225.0,0.0,0.0,Hong Kong
Hong Kong,HK,2008-06-23,12:00:00,1214197200,28.0,24.9,32.0,10.1,167.0,0.0,0.0,Hong Kong
Hong Kong,HK,2008-06-24,12:00:00,1214283600,28.2,26.8,30.7,19.2,44.0,11.1,0.0,Hong Kong
Hong Kong,HK,2008-06-25,12:00:00,1214370000,26.4,25.5,28.0,35.4,251.0,175.5,0.0,Hong Kong
Hong Kong,HK,2008-06-26,12:00:00,1214456400,27.2,26.1,28.0,24.0,217.0,25.0,0.0,Hong Kong
Hong Kong,HK,2008-06-27,12:00:00,1214542800,27.5,26.9,28.1,17.4,206.0,13.0,0.0,Hong Kong
Hong Kong,HK,2008-06-28,12:00:00,1214629200,26.7,25.8,27.9,16.4,197.0,13.2,0.0,Hong Kong
Hong Kong,HK,2008-06-29,12:00:00,1214715600,26.4,25.2,27.9,18.4,178.0,30.6,0.0,Hong Kong
Hong Kong,HK,2008-06-30,12:00:00,1214802000,26.3,25.2,27.7,16.8,172.0,20.7,0.0,Hong Kong
Hong Kong,HK,2008-07-01,12:00:00,1214888400,27.0,25.0,29.6,18.1,169.0,11.0,0.0,Hong Kong
Hong Kong,HK,2008-07-02,12:00:00,1214974800,27.6,26.0,29.7,15.5,175.0,1.1,0.0,Hong Kong
Hong Kong,HK,2008-07-03,12:00:00,1215061200,27.8,26.0,29.7,15.1,173.0,0.7,0.0,Hong Kong
Hong Kong,HK,2008-07-04,12:00:00,1215147600,27.8,26.0,30.1,11.4,165.0,0.2,0.0,Hong Kong
Hong Kong,HK,2008-07-05,12:00:00,1215234000,27.9,26.1,30.3,13.5,133.0,2.6,0.0,Hong Kong
Hong Kong,HK,2008-07-06,12:00:00,1215320400,26.0,24.8,27.9,17.4,109.0,20.0,0.0,Hong Kong
Hong Kong,HK,2008-07-07,12:00:00,1215406800,25.9,24.8,28.0,16.9,89.0,27.3,0.0,Hong Kong
Hong Kong,HK,2008-07-08,12:00:00,1215493200,26.3,25.0,28.1,16.5,189.0,17.3,0.0,Hong Kong
Hong Kong,HK,2008-07-09,12:00:00,1215579600,26.8,25.4,28.4,18.0,175.0,5.1,0.0,Hong Kong
Hong Kong,HK,2008-07-10,12:00:00,1215666000,26.8,25.6,28.2,15.5,200.0,13.4,0.0,Hong Kong
Hong Kong,HK,2008-07-11,12:00:00,1215752400,26.6,25.1,28.1,14.5,202.0,12.8,0.0,Hong Kong
Hong Kong,HK,2008-07-12,12:00:00,1215838800,26.8,25.2,28.6,11.7,179.0,5.1,0.0,Hong Kong
Hong Kong,HK,2008-07-13,12:00:00,1215925200,26.9,25.3,28.6,19.2,185.0,13.5,0.0,Hong Kong
Hong Kong,HK,2008-07-14,12:00:00,1216011600,27.3,25.8,29.0,14.2,173.0,13.7,0.0,Hong Kong
Hong Kong,HK,2008-07-15,12:00:00,1216098000,27.1,25.5,29.2,14.4,157.0,8.6,0.0,Hong Kong
Hong Kong,HK,2008-07-16,12:00:00,1216184400,27.4,25.5,29.5,11.8,165.0,17.3,0.0,Hong Kong
Hong Kong,HK,2008-07-17,12:00:00,1216270800,28.0,25.9,31.0,14.1,216.0,1.4,0.0,Hong Kong
Hong Kong,HK,2008-07-18,12:00:00,1216357200,28.4,27.2,29.9,18.3,228.0,1.4,0.0,Hong Kong
Hong Kong,HK,2008-07-19,12:00:00,1216443600,27.9,26.4,30.0,16.8,212.0,5.7,0.0,Hong Kong
Hong Kong,HK,2008-07-20,12:00:00,1216530000,28.6,27.3,30.8,13.6,206.0,0.8,0.0,Hong Kong
Hong Kong,HK,2008-07-21,12:00:00,1216616400,28.5,27.0,30.8,15.5,197.0,0.0,0.0,Hong Kong
Hong Kong,HK,2008-07-22,12:00:00,1216702800,28.5,27.2,30.2,21.7,196.0,0.3,0.0,Hong Kong
Hong Kong,HK,2008-07-23,12:00:00,1216789200,28.6,27.1,30.6,17.3,189.0,0.0,0.0,Hong Kong
Hong Kong,HK,2008-07-24,12:00:00,1216875600,28.6,26.4,31.4,10.1,213.0,0.0,0.0,Hong Kong
Hong Kong,HK,2008-07-25,12:00:00,1216962000,28.8,26.1,32.0,9.2,236.0,0.0,0.0,Hong Kong
Hong Kong,HK,2008-07-26,12:00:00,1217048400,29.1,26.5,32.5,8.4,232.0,0.0,0.0,Hong Kong
Hong Kong,HK,2008-07-27,12:00:00,1217134800,30.0,27.2,33.2,9.4,267.0,0.3,0.0,Hong Kong
Hong Kong,HK,2008-07-28,12:00:00,1217221200,30.7,28.1,34.2,16.4,277.0,0.0,0.0,Hong Kong
Hong Kong,HK,2008-07-29,12:00:00,1217307600,30.2,29.1,32.2,20.0,231.0,0.2,0.0,Hong Kong
Hong Kong,HK,2008-07-30,12:00:00,1217394000,29.1,27.8,30.6,22.4,202.0,0.2,0.0,Hong Kong
Hong Kong,HK,2008-07-31,12:00:00,1217480400,26.7,25.3,28.3,15.5,161.0,6.9,0.0,Hong Kong
Hong Kong,HK,2008-08-01,12:00:00,1217566800,27.2,25.5,29.5,15.6,115.0,5.0,0.0,Hong Kong
Hong Kong,HK,2008-08-02,12:00:00,1217653200,27.4,25.5,29.9,9.0,112.0,0.3,0.0,Hong Kong
Hong Kong,HK,2008-08-03,12:00:00,1217739600,27.7,25.6,30.0,8.7,121.0,0.3,0.0,Hong Kong
Hong Kong,HK,2008-08-04,12:00:00,1217826000,28.1,26.4,32.3,11.2,39.0,9.2,0.0,Hong Kong
Hong Kong,HK,2008-08-05,12:00:00,1217912400,26.2,25.2,28.3,24.7,13.0,24.1,0.0,Hong Kong
Hong Kong,HK,2008-08-06,12:00:00,1217998800,25.9,25.2,26.8,44.5,84.0,43.4,0.0,Hong Kong
Hong Kong,HK,2008-08-07,12:00:00,1218085200,25.8,25.0,28.3,29.9,117.0,34.7,0.0,Hong Kong
Hong Kong,HK,2008-08-08,12:00:00,1218171600,25.7,24.6,27.3,16.3,118.0,18.3,0.0,Hong Kong
Hong Kong,HK,2008-08-09,12:00:00,1218258000,26.4,24.5,28.6,10.0,121.0,0.8,0.0,Hong Kong
Hong Kong,HK,2008-08-10,12:00:00,1218344400,26.5,24.4,29.0,11.9,185.0,0.8,0.0,Hong Kong
Hong Kong,HK,2008-08-11,12:00:00,1218430800,25.5,24.8,26.8,9.2,149.0,23.3,0.0,Hong Kong
Hong Kong,HK,2008-08-12,12:00:00,1218517200,26.9,25.1,29.1,13.8,155.0,5.1,0.0,Hong Kong
Hong Kong,HK,2008-08-13,12:00:00,1218603600,27.6,25.1,30.2,11.0,199.0,0.1,0.0,Hong Kong
Hong Kong,HK,2008-08-14,12:00:00,1218690000,28.2,26.5,30.9,13.0,235.0,0.0,0.0,Hong Kong
Hong Kong,HK,2008-08-15,12:00:00,1218776400,28.3,27.0,30.4,15.3,223.0,0.4,0.0,Hong Kong
Hong Kong,HK,2008-08-16,12:00:00,1218862800,28.4,26.9,30.5,15.7,199.0,0.0,0.0,Hong Kong
Hong Kong,HK,2008-08-17,12:00:00,1218949200,28.3,26.9,30.2,15.2,170.0,0.9,0.0,Hong Kong
Hong Kong,HK,2008-08-18,12:00:00,1219035600,28.1,26.5,30.3,11.7,135.0,1.3,0.0,Hong Kong
Hong Kong,HK,2008-08-19,12:00:00,1219122000,28.4,27.0,30.4,13.6,147.0,0.6,0.0,Hong Kong
Hong Kong,HK,2008-08-20,12:00:00,1219208400,29.1,26.6,32.6,9.9,274.0,0.0,0.0,Hong Kong
Hong Kong,HK,2008-08-21,12:00:00,1219294800,29.0,26.4,32.1,10.4,180.0,5.2,0.0,Hong Kong
Hong Kong,HK,2008-08-22,12:00:00,1219381200,27.2,25.7,28.7,54.4,343.0,39.8,0.0,Hong Kong
Hong Kong,HK,2008-08-23,12:00:00,1219467600,26.8,25.1,28.5,40.7,194.0,87.8,0.0,Hong Kong
Hong Kong,HK,2008-08-24,12:00:00,1219554000,27.0,25.1,28.9,18.4,178.0,11.8,0.0,Hong Kong
Hong Kong,HK,2008-08-25,12:00:00,1219640400,27.4,25.7,29.6,15.1,180.0,2.7,0.0,Hong Kong
Hong Kong,HK,2008-08-26,12:00:00,1219726800,27.5,25.9,30.0,10.7,204.0,1.5,0.0,Hong Kong
Hong Kong,HK,2008-08-27,12:00:00,1219813200,27.6,25.5,30.3,10.1,200.0,0.3,0.0,Hong Kong
Hong Kong,HK,2008-08-28,12:00:00,1219899600,27.4,24.9,30.0,10.7,185.0,1.1,0.0,Hong Kong
Hong Kong,HK,2008-08-29,12:00:00,1219986000,27.9,26.0,30.2,12.7,202.0,0.5,0.0,Hong Kong
Hong Kong,HK,2008-08-30,12:00:00,1220072400,27.9,26.0,30.3,11.2,186.0,0.7,0.0,Hong Kong
Hong Kong,HK,2008-08-31,12:00:00,1220158800,28.1,26.5,30.4,10.8,219.0,0.4,0.0,Hong Kong
Hong Kong,HK,2008-09-01,12:00:00,1220245200,28.2,26.7,30.9,11.5,247.0,3.0,0.0,Hong Kong
Hong Kong,HK,2008-09-02,12:00:00,1220331600,27.3,24.8,30.3,8.4,203.0,9.5,0.0,Hong Kong
Hong Kong,HK,2008-09-03,12:00:00,1220418000,27.1,25.5,29.1,9.4,155.0,8.6,0.0,Hong Kong
Hong Kong,HK,2008-09-04,12:00:00,1220504400,27.4,25.6,29.7,12.6,170.0,1.4,0.0,Hong Kong
Hong Kong,HK,2008-09-05,12:00:00,1220590800,26.9,25.1,29.5,14.6,182.0,7.4,0.0,Hong Kong
Hong Kong,HK,2008-09-06,12:00:00,1220677200,27.0,25.2,29.7,5.4,98.0,9.2,0.0,Hong Kong
Hong Kong,HK,2008-09-07,12:00:00,1220763600,27.1,25.7,29.4,10.6,84.0,6.1,0.0,Hong Kong
Hong Kong,HK,2008-09-08,12:00:00,1220850000,27.1,25.0,29.5,10.7,79.0,0.5,0.0,Hong Kong
Hong Kong,HK,2008-09-09,12:00:00,1220936400,27.7,26.1,29.9,11.5,81.0,0.0,0.0,Hong Kong
Hong Kong,HK,2008-09-10,12:00:00,1221022800,28.3,26.4,31.3,10.5,57.0,0.0,0.0,Hong Kong
Hong Kong,HK,2008-09-11,12:00:00,1221109200,28.7,26.0,31.6,12.4,269.0,2.2,0.0,Hong Kong
Hong Kong,HK,2008-09-12,12:00:00,1221195600,29.2,27.2,31.9,11.3,345.0,0.0,0.0,Hong Kong
Hong Kong,HK,2008-09-13,12:00:00,1221282000,29.0,27.2,31.9,14.2,348.0,0.0,0.0,Hong Kong
Hong Kong,HK,2008-09-14,12:00:00,1221368400,29.0,26.6,32.1,14.0,336.0,0.0,0.0,Hong Kong
Hong Kong,HK,2008-09-15,12:00:00,1221454800,29.2,26.4,32.1,12.4,337.0,0.0,0.0,Hong Kong
Hong Kong,HK,2008-09-16,12:00:00,1221541200,29.4,27.5,32.2,8.7,321.0,0.0,0.0,Hong Kong
Hong Kong,HK,2008-09-17,12:00:00,1221627600,29.0,27.2,31.7,8.7,158.0,1.6,0.0,Hong Kong
Hong Kong,HK,2008-09-18,12:00:00,1221714000,28.1,25.9,30.5,13.0,130.0,7.1,0.0,Hong Kong
Hong Kong,HK,2008-09-19,12:00:00,1221800400,27.1,25.9,28.7,13.5,104.0,15.7,0.0,Hong Kong
Hong Kong,HK,2008-09-20,12:00:00,1221886800,28.3,26.7,30.3,9.3,107.0,1.6,0.0,Hong Kong
Hong Kong,HK,2008-09-21,12:00:00,1221973200,28.7,25.8,31.4,7.4,202.0,0.4,0.0,Hong Kong
Hong Kong,HK,2008-09-22,12:00:00,1222059600,30.1,27.5,33.9,14.5,312.0,0.0,0.0,Hong Kong
Hong Kong,HK,2008-09-23,12:00:00,1222146000,28.3,26.1,30.4,49.6,30.0,13.6,0.0,Hong Kong
Hong Kong,HK,2008-09-24,12:00:00,1222232400,27.0,25.8,28.2,53.0,121.0,45.9,0.0,Hong Kong
Hong Kong,HK,2008-09-25,12:00:00,1222318800,27.2,25.9,28.4,21.2,104.0,8.3,0.0,Hong Kong
Hong Kong,HK,2008-09-26,12:00:00,1222405200,27.0,25.6,29.5,13.8,77.0,9.2,0.0,Hong Kong
Hong Kong,HK,2008-09-27,12:00:00,1222491600,26.7,25.1,28.9,13.6,51.0,7.8,0.0,Hong Kong
Hong Kong,HK,2008-09-28,12:00:00,1222578000,26.6,23.7,29.5,17.7,12.0,0.0,0.0,Hong Kong
Hong Kong,HK,2008-09-29,12:00:00,1222664400,26.2,23.3,29.8,20.1,21.0,0.0,0.0,Hong Kong
Hong Kong,HK,2008-09-30,12:00:00,1222750800,26.0,23.6,29.0,17.0,30.0,0.1,0.0,Hong Kong
Hong Kong,HK,2008-10-01,12:00:00,1222837200,25.6,23.2,28.6,16.1,34.0,0.0,0.0,Hong Kong
Hong Kong,HK,2008-10-02,12:00:00,1222923600,25.7,24.4,27.7,11.8,78.0,0.8,0.0,Hong Kong
Hong Kong,HK,2008-10-03,12:00:00,1223010000,25.8,24.9,27.1,23.0,85.0,1.0,0.0,Hong Kong
Hong Kong,HK,2008-10-04,12:00:00,1223096400,26.3,25.0,28.5,22.1,120.0,5.9,0.0,Hong Kong
Hong Kong,HK,2008-10-05,12:00:00,1223182800,25.1,24.3,26.2,26.4,170.0,27.2,0.0,Hong Kong
Hong Kong,HK,2008-10-06,12:00:00,1223269200,23.9,22.2,26.4,21.2,325.0,2.3,0.0,Hong Kong
Hong Kong,HK,2008-10-07,12:00:00,1223355600,23.7,22.5,25.4,13.1,20.0,0.0,0.0,Hong Kong
Hong Kong,HK,2008-10-08,12:00:00,1223442000,24.8,23.4,26.7,10.5,63.0,0.0,0.0,Hong Kong
Hong Kong,HK,2008-10-09,12:00:00,1223528400,25.9,24.7,27.8,13.4,83.0,0.0,0.0,Hong Kong
Hong Kong,HK,2008-10-10,12:00:00,1223614800,26.3,24.8,28.5,10.6,77.0,0.0,0.0,Hong Kong
Hong Kong,HK,2008-10-11,12:00:00,1223701200,26.4,24.9,28.5,15.5,66.0,0.0,0.0,Hong Kong
Hong Kong,HK,2008-10-12,12:00:00,1223787600,25.6,24.5,26.9,18.1,64.0,0.9,0.0,Hong Kong
Hong Kong,HK,2008-10-13,12:00:00,1223874000,24.1,23.0,25.1,16.2,47.0,13.1,0.0,Hong Kong
Hong Kong,HK,2008-10-14,12:00:00,1223960400,24.9,23.3,26.7,12.9,47.0,1.5,0.0,Hong Kong
Hong Kong,HK,2008-10-15,12:00:00,1224046800,25.4,24.0,27.2,14.7,69.0,0.0,0.0,Hong Kong
Hong Kong,HK,2008-10-16,12:00:00,1224133200,25.6,23.4,28.2,9.3,66.0,0.0,0.0,Hong Kong
Hong Kong,HK,2008-10-17,12:00:00,1224219600,25.9,24.8,27.5,15.1,74.0,0.1,0.0,Hong Kong
Hong Kong,HK,2008-10-18,12:00:00,1224306000,26.0,25.0,27.8,14.9,83.0,1.5,0.0,Hong Kong
Hong Kong,HK,2008-10-19,12:00:00,1224392400,25.8,24.1,28.0,10.0,82.0,0.0,0.0,Hong Kong
Hong Kong,HK,2008-10-20,12:00:00,1224478800,25.8,24.5,27.7,14.4,97.0,0.0,0.0,Hong Kong
Hong Kong,HK,2008-10-21,12:00:00,1224565200,25.6,24.5,27.4,15.2,101.0,0.0,0.0,Hong Kong
Hong Kong,HK,2008-10-22,12:00:00,1224651600,25.9,24.5,28.2,11.3,133.0,0.0,0.0,Hong Kong
Hong Kong,HK,2008-10-23,12:00:00,1224738000,26.4,22.6,30.1,9.5,335.0,0.0,0.0,Hong Kong
Hong Kong,HK,2008-10-24,12:00:00,1224824400,25.8,24.0,27.9,18.0,59.0,0.4,0.0,Hong Kong
Hong Kong,HK,2008-10-25,12:00:00,1224910800,25.5,24.3,27.1,18.6,86.0,0.0,0.0,Hong Kong
Hong Kong,HK,2008-10-26,12:00:00,1224997200,25.8,24.0,28.8,9.9,69.0,0.0,0.0,Hong Kong
Hong Kong,HK,2008-10-27,12:00:00,1225083600,25.6,24.1,28.1,14.7,59.0,0.0,0.0,Hong Kong
Hong Kong,HK,2008-10-28,12:00:00,1225170000,25.1,23.7,26.9,12.5,80.0,0.0,0.0,Hong Kong
Hong Kong,HK,2008-10-29,12:00:00,1225256400,25.4,23.9,27.6,13.1,94.0,0.1,0.0,Hong Kong
Hong Kong,HK,2008-10-30,12:00:00,1225342800,26.2,24.9,28.1,13.2,98.0,0.0,0.0,Hong Kong
Hong Kong,HK,2008-10-31,12:00:00,1225429200,26.1,24.9,28.0,14.8,98.0,0.0,0.0,Hong Kong
Hong Kong,HK,2008-11-01,12:00:00,1225515600,25.9,24.9,27.4,22.5,94.0,0.0,0.0,Hong Kong
Hong Kong,HK,2008-11-02,12:00:00,1225602000,26.2,25.0,27.8,19.9,104.0,0.7,0.0,Hong Kong
Hong Kong,HK,2008-11-03,12:00:00,1225688400,24.9,24.0,26.5,14.7,26.0,8.6,0.0,Hong Kong
Hong Kong,HK,2008-11-04,12:00:00,1225774800,25.0,24.2,26.4,14.3,74.0,0.1,0.0,Hong Kong
Hong Kong,HK,2008-11-05,12:00:00,1225861200,25.2,24.2,26.8,16.4,95.0,0.0,0.0,Hong Kong
Hong Kong,HK,2008-11-06,12:00:00,1225947600,25.6,24.4,27.2,14.3,101.0,0.6,0.0,Hong Kong
Hong Kong,HK,2008-11-07,12:00:00,1226034000,26.0,23.8,28.1,11.6,86.0,2.3,0.0,Hong Kong
Hong Kong,HK,2008-11-08,12:00:00,1226120400,22.7,19.5,25.4,25.6,12.0,0.7,0.0,Hong Kong
Hong Kong,HK,2008-11-09,12:00:00,1226206800,20.5,18.7,23.0,26.2,19.0,0.2,0.0,Hong Kong
Hong Kong,HK,2008-11-10,12:00:00,1226293200,19.1,16.1,22.4,23.6,19.0,0.0,0.0,Hong Kong
Hong Kong,HK,2008-11-11,12:00:00,1226379600,18.6,15.2,22.1,20.9,20.0,0.0,0.0,Hong Kong
Hong Kong,HK,2008-11-12,12:00:00,1226466000,19.0,15.3,22.6,16.3,35.0,0.0,0.0,Hong Kong
Hong Kong,HK,2008-11-13,12:00:00,1226552400,21.6,18.7,25.0,15.1,31.0,0.0,0.0,Hong Kong
Hong Kong,HK,2008-11-14,12:00:00,1226638800,22.7,20.5,25.8,11.6,45.0,0.0,0.0,Hong Kong
Hong Kong,HK,2008-11-15,12:00:00,1226725200,23.0,20.5,26.6,10.1,49.0,0.0,0.0,Hong Kong
Hong Kong,HK,2008-11-16,12:00:00,1226811600,23.0,20.0,26.7,10.8,83.0,0.0,0.0,Hong Kong
Hong Kong,HK,2008-11-17,12:00:00,1226898000,22.8,20.9,25.4,12.5,86.0,0.0,0.0,Hong Kong
Hong Kong,HK,2008-11-18,12:00:00,1226984400,21.0,17.4,23.9,23.1,28.0,0.0,0.0,Hong Kong
Hong Kong,HK,2008-11-19,12:00:00,1227070800,18.3,15.8,21.7,23.6,21.0,0.0,0.0,Hong Kong
Hong Kong,HK,2008-11-20,12:00:00,1227157200,17.3,14.1,20.2,21.3,39.0,0.0,0.0,Hong Kong
Hong Kong,HK,2008-11-21,12:00:00,1227243600,19.6,16.4,22.5,13.7,55.0,0.0,0.0,Hong Kong
Hong Kong,HK,2008-11-22,12:00:00,1227330000,21.3,19.7,23.2,15.3,65.0,0.0,0.0,Hong Kong
Hong Kong,HK,2008-11-23,12:00:00,1227416400,22.2,20.8,25.6,9.3,11.0,0.2,0.0,Hong Kong
Hong Kong,HK,2008-11-24,12:00:00,1227502800,21.3,18.1,24.9,21.8,17.0,0.0,0.0,Hong Kong
Hong Kong,HK,2008-11-25,12:00:00,1227589200,20.6,18.1,23.7,16.9,36.0,0.0,0.0,Hong Kong
Hong Kong,HK,2008-11-26,12:00:00,1227675600,20.6,18.3,23.8,16.0,23.0,0.0,0.0,Hong Kong
Hong Kong,HK,2008-11-27,12:00:00,1227762000,18.6,14.5,22.1,26.0,17.0,0.0,0.0,Hong Kong
Hong Kong,HK,2008-11-28,12:00:00,1227848400,14.8,11.1,18.4,24.7,31.0,0.0,0.0,Hong Kong
Hong Kong,HK,2008-11-29,12:00:00,1227934800,16.4,12.5,20.6,17.4,26.0,0.0,0.0,Hong Kong
Hong Kong,HK,2008-11-30,12:00:00,1228021200,16.9,13.8,20.4,16.3,44.0,0.0,0.0,Hong Kong
Hong Kong,HK,2008-12-01,12:00:00,1228107600,17.8,14.7,21.8,10.0,36.0,0.0,0.0,Hong Kong
Hong Kong,HK,2008-12-02,12:00:00,1228194000,17.9,13.0,22.2,11.9,80.0,0.0,0.0,Hong Kong
Hong Kong,HK,2008-12-03,12:00:00,1228280400,20.2,18.3,22.6,15.3,88.0,0.0,0.0,Hong Kong
Hong Kong,HK,2008-12-04,12:00:00,1228366800,21.4,19.1,24.3,25.6,21.0,0.1,0.0,Hong Kong
Hong Kong,HK,2008-12-05,12:00:00,1228453200,16.7,14.1,19.8,30.1,21.0,0.0,0.0,Hong Kong
Hong Kong,HK,2008-12-06,12:00:00,1228539600,14.6,12.3,17.5,23.1,33.0,0.0,0.0,Hong Kong
Hong Kong,HK,2008-12-07,12:00:00,1228626000,15.7,13.0,17.9,14.5,46.0,0.0,0.0,Hong Kong
Hong Kong,HK,2008-12-08,12:00:00,1228712400,17.8,15.5,21.3,17.6,15.0,0.0,0.0,Hong Kong
Hong Kong,HK,2008-12-09,12:00:00,1228798800,17.2,13.8,21.9,10.0,33.0,0.0,0.0,Hong Kong
Hong Kong,HK,2008-12-10,12:00:00,1228885200,17.6,12.9,22.3,8.7,68.0,0.0,0.0,Hong Kong
Hong Kong,HK,2008-12-11,12:00:00,1228971600,18.3,12.7,23.8,10.2,36.0,0.0,0.0,Hong Kong
Hong Kong,HK,2008-12-12,12:00:00,1229058000,19.8,18.2,21.9,16.4,89.0,0.0,0.0,Hong Kong
Hong Kong,HK,2008-12-13,12:00:00,1229144400,20.4,18.5,23.2,10.7,18.0,0.2,0.0,Hong Kong
Hong Kong,HK,2008-12-14,12:00:00,1229230800,18.0,15.2,21.2,20.3,24.0,0.0,0.0,Hong Kong
Hong Kong,HK,2008-12-15,12:00:00,1229317200,15.8,12.5,18.9,19.0,39.0,0.0,0.0,Hong Kong
Hong Kong,HK,2008-12-16,12:00:00,1229403600,16.8,14.0,19.9,10.7,44.0,0.0,0.0,Hong Kong
Hong Kong,HK,2008-12-17,12:00:00,1229490000,16.9,13.0,21.6,8.2,49.0,0.0,0.0,Hong Kong
Hong Kong,HK,2008-12-18,12:00:00,1229576400,17.8,12.5,22.4,13.0,71.0,0.0,0.0,Hong Kong
Hong Kong,HK,2008-12-19,12:00:00,1229662800,18.6,16.4,21.3,17.2,86.0,0.0,0.0,Hong Kong
Hong Kong,HK,2008-12-20,12:00:00,1229749200,19.7,17.2,23.0,13.9,95.0,0.0,0.0,Hong Kong
Hong Kong,HK,2008-12-21,12:00:00,1229835600,20.6,18.6,23.8,12.4,80.0,0.0,0.0,Hong Kong
Hong Kong,HK,2008-12-22,12:00:00,1229922000,14.3,10.9,18.3,29.0,23.0,0.0,0.0,Hong Kong
Hong Kong,HK,2008-12-23,12:00:00,1230008400,12.4,8.7,16.4,22.1,22.0,0.0,0.0,Hong Kong
Hong Kong,HK,2008-12-24,12:00:00,1230094800,16.8,13.9,21.1,12.3,8.0,0.0,0.0,Hong Kong
Hong Kong,HK,2008-12-25,12:00:00,1230181200,18.5,15.2,22.4,13.4,30.0,0.0,0.0,Hong Kong
Hong Kong,HK,2008-12-26,12:00:00,1230267600,18.4,16.8,20.0,17.1,75.0,0.1,0.0,Hong Kong
Hong Kong,HK,2008-12-27,12:00:00,1230354000,19.1,18.2,20.4,11.6,75.0,0.0,0.0,Hong Kong
Hong Kong,HK,2008-12-28,12:00:00,1230440400,19.6,19.0,20.5,18.4,64.0,0.0,0.0,Hong Kong
Hong Kong,HK,2008-12-29,12:00:00,1230526800,17.7,15.7,19.2,16.6,20.0,1.4,0.0,Hong Kong
Hong Kong,HK,2008-12-30,12:00:00,1230613200,14.1,12.6,15.5,20.1,21.0,6.9,0.0,Hong Kong
Hong Kong,HK,2008-12-31,12:00:00,1230699600,12.7,11.0,14.6,23.3,21.0,1.0,0.0,Hong Kong
Hong Kong,HK,2009-01-01,12:00:00,1230786000,13.7,10.9,17.2,21.3,23.0,0.0,0.0,Hong Kong
Hong Kong,HK,2009-01-02,12:00:00,1230872400,13.1,9.7,16.4,20.2,36.0,0.0,0.0,Hong Kong
Hong Kong,HK,2009-01-03,12:00:00,1230958800,15.1,12.6,17.2,14.5,66.0,0.0,0.0,Hong Kong
Hong Kong,HK,2009-01-04,12:00:00,1231045200,17.6,15.1,20.5,12.7,66.0,0.0,0.0,Hong Kong
Hong Kong,HK,2009-01-05,12:00:00,1231131600,18.1,16.1,20.9,15.7,80.0,0.0,0.0,Hong Kong
Hong Kong,HK,2009-01-06,12:00:00,1231218000,18.0,16.2,20.5,16.8,85.0,0.0,0.0,Hong Kong
Hong Kong,HK,2009-01-07,12:00:00,1231304400,16.6,12.6,20.9,19.2,15.0,0.0,0.0,Hong Kong
Hong Kong,HK,2009-01-08,12:00:00,1231390800,14.1,10.0,18.8,22.5,11.0,0.0,0.0,Hong Kong
Hong Kong,HK,2009-01-09,12:00:00,1231477200,12.2,8.5,16.5,26.0,16.0,0.0,0.0,Hong Kong
Hong Kong,HK,2009-01-10,12:00:00,1231563600,12.0,8.8,15.9,26.7,23.0,0.0,0.0,Hong Kong
Hong Kong,HK,2009-01-11,12:00:00,1231650000,12.6,9.3,16.7,15.6,36.0,0.0,0.0,Hong Kong
Hong Kong,HK,2009-01-12,12:00:00,1231736400,13.4,9.3,18.1,21.9,30.0,0.0,0.0,Hong Kong
Hong Kong,HK,2009-01-13,12:00:00,1231822800,12.0,8.1,16.3,21.6,26.0,0.0,0.0,Hong Kong
Hong Kong,HK,2009-01-14,12:00:00,1231909200,12.6,9.3,16.7,15.8,34.0,0.0,0.0,Hong Kong
Hong Kong,HK,2009-01-15,12:00:00,1231995600,13.5,10.4,16.7,14.9,58.0,0.0,0.0,Hong Kong
Hong Kong,HK,2009-01-16,12:00:00,1232082000,15.3,12.4,18.4,12.1,84.0,0.0,0.0,Hong Kong
Hong Kong,HK,2009-01-17,12:00:00,1232168400,17.0,14.5,20.0,12.8,90.0,0.0,0.0,Hong Kong
Hong Kong,HK,2009-01-18,12:00:00,1232254800,18.4,15.5,23.0,9.4,64.0,0.0,0.0,Hong Kong
Hong Kong,HK,2009-01-19,12:00:00,1232341200,17.8,13.6,21.8,15.9,101.0,0.0,0.0,Hong Kong
Hong Kong,HK,2009-01-20,12:00:00,1232427600,18.6,16.6,21.2,18.9,99.0,0.0,0.0,Hong Kong
Hong Kong,HK,2009-01-21,12:00:00,1232514000,19.7,17.7,23.4,8.9,37.0,0.0,0.0,Hong Kong
Hong Kong,HK,2009-01-22,12:00:00,1232600400,18.7,15.6,22.5,10.8,313.0,0.1,0.0,Hong Kong
Hong Kong,HK,2009-01-23,12:00:00,1232686800,16.8,11.7,20.8,26.2,29.0,0.0,0.0,Hong Kong
Hong Kong,HK,2009-01-24,12:00:00,1232773200,9.8,8.8,11.0,26.8,19.0,0.0,0.0,Hong Kong
Hong Kong,HK,2009-01-25,12:00:00,1232859600,13.2,9.5,15.8,16.3,43.0,0.0,0.0,Hong Kong
Hong Kong,HK,2009-01-26,12:00:00,1232946000,13.8,10.0,16.4,19.6,30.0,2.6,0.0,Hong Kong
Hong Kong,HK,2009-01-27,12:00:00,1233032400,11.1,9.7,12.6,18.2,14.0,3.5,0.0,Hong Kong
Hong Kong,HK,2009-01-28,12:00:00,1233118800,16.4,12.5,19.7,10.2,46.0,0.0,0.0,Hong Kong
Hong Kong,HK,2009-01-29,12:00:00,1233205200,18.3,15.9,21.0,15.4,3.0,0.3,0.0,Hong Kong
Hong Kong,HK,2009-01-30,12:00:00,1233291600,16.8,13.4,21.3,17.3,3.0,0.0,0.0,Hong Kong
Hong Kong,HK,2009-01-31,12:00:00,1233378000,16.7,13.7,19.7,17.0,69.0,0.0,0.0,Hong Kong
Hong Kong,HK,2009-02-01,12:00:00,1233464400,17.8,16.1,20.1,17.3,90.0,0.0,0.0,Hong Kong
Hong Kong,HK,2009-02-02,12:00:00,1233550800,19.1,17.1,21.8,14.1,100.0,0.0,0.0,Hong Kong
Hong Kong,HK,2009-02-03,12:00:00,1233637200,19.0,16.0,23.8,9.5,121.0,0.0,0.0,Hong Kong
Hong Kong,HK,2009-02-04,12:00:00,1233723600,18.7,16.4,21.6,11.7,114.0,0.0,0.0,Hong Kong
Hong Kong,HK,2009-02-05,12:00:00,1233810000,19.2,16.6,23.0,10.9,92.0,0.0,0.0,Hong Kong
Hong Kong,HK,2009-02-06,12:00:00,1233896400,19.5,17.4,22.5,13.1,92.0,0.0,0.0,Hong Kong
Hong Kong,HK,2009-02-07,12:00:00,1233982800,19.2,16.9,22.5,13.0,96.0,0.0,0.0,Hong Kong
Hong Kong,HK,2009-02-08,12:00:00,1234069200,20.0,18.5,22.8,14.1,93.0,0.0,0.0,Hong Kong
Hong Kong,HK,2009-02-09,12:00:00,1234155600,20.2,17.7,23.9,13.1,101.0,0.0,0.0,Hong Kong
Hong Kong,HK,2009-02-10,12:00:00,1234242000,19.3,15.1,23.5,11.6,114.0,0.0,0.0,Hong Kong
Hong Kong,HK,2009-02-11,12:00:00,1234328400,19.6,15.9,23.7,12.8,149.0,0.0,0.0,Hong Kong
Hong Kong,HK,2009-02-12,12:00:00,1234414800,20.9,17.5,24.2,21.6,170.0,0.0,0.0,Hong Kong
Hong Kong,HK,2009-02-13,12:00:00,1234501200,22.9,21.0,25.9,23.0,197.0,0.0,0.0,Hong Kong
Hong Kong,HK,2009-02-14,12:00:00,1234587600,23.6,22.0,26.4,15.2,167.0,0.6,0.0,Hong Kong
Hong Kong,HK,2009-02-15,12:00:00,1234674000,23.0,21.5,25.5,14.7,137.0,1.0,0.0,Hong Kong
Hong Kong,HK,2009-02-16,12:00:00,1234760400,21.2,18.9,23.0,20.1,107.0,0.0,0.0,Hong Kong
Hong Kong,HK,2009-02-17,12:00:00,1234846800,19.1,18.1,20.7,22.0,102.0,0.0,0.0,Hong Kong
Hong Kong,HK,2009-02-18,12:00:00,1234933200,19.8,18.2,22.1,16.2,101.0,0.0,0.0,Hong Kong
Hong Kong,HK,2009-02-19,12:00:00,1235019600,20.8,19.6,23.5,15.1,114.0,0.0,0.0,Hong Kong
Hong Kong,HK,2009-02-20,12:00:00,1235106000,20.9,17.4,25.2,19.0,2.0,0.0,0.0,Hong Kong
Hong Kong,HK,2009-02-21,12:00:00,1235192400,19.9,17.9,21.5,24.3,115.0,0.1,0.0,Hong Kong
Hong Kong,HK,2009-02-22,12:00:00,1235278800,22.8,20.7,25.9,22.5,157.0,0.0,0.0,Hong Kong
Hong Kong,HK,2009-02-23,12:00:00,1235365200,23.2,21.5,26.3,16.2,153.0,0.0,0.0,Hong Kong
Hong Kong,HK,2009-02-24,12:00:00,1235451600,23.2,21.3,26.3,15.2,147.0,0.0,0.0,Hong Kong
Hong Kong,HK,2009-02-25,12:00:00,1235538000,22.8,20.8,25.9,12.7,147.0,0.0,0.0,Hong Kong
Hong Kong,HK,2009-02-26,12:00:00,1235624400,22.5,21.2,25.2,19.5,110.0,0.0,0.0,Hong Kong
Hong Kong,HK,2009-02-27,12:00:00,1235710800,22.0,20.6,24.8,15.6,107.0,0.0,0.0,Hong Kong
Hong Kong,HK,2009-02-28,12:00:00,1235797200,21.1,20.0,23.1,17.8,86.0,0.0,0.0,Hong Kong
Hong Kong,HK,2009-03-01,12:00:00,1235883600,20.7,19.2,22.7,16.9,54.0,0.0,0.0,Hong Kong
Hong Kong,HK,2009-03-02,12:00:00,1235970000,19.6,17.9,21.4,13.3,50.0,0.0,0.0,Hong Kong
Hong Kong,HK,2009-03-03,12:00:00,1236056400,19.5,16.8,22.0,15.5,71.0,0.0,0.0,Hong Kong
Hong Kong,HK,2009-03-04,12:00:00,1236142800,20.2,18.4,22.6,21.1,105.0,0.0,0.0,Hong Kong
Hong Kong,HK,2009-03-05,12:00:00,1236229200,21.5,16.8,25.4,24.2,117.0,20.1,0.0,Hong Kong
Hong Kong,HK,2009-03-06,12:00:00,1236315600,14.7,13.6,16.0,20.2,22.0,21.4,0.0,Hong Kong
Hong Kong,HK,2009-03-07,12:00:00,1236402000,14.7,13.4,16.9,18.1,27.0,10.1,0.0,Hong Kong
Hong Kong,HK,2009-03-08,12:00:00,1236488400,16.9,15.0,18.6,14.8,33.0,3.6,0.0,Hong Kong
Hong Kong,HK,2009-03-09,12:00:00,1236574800,17.5,15.3,20.3,14.5,36.0,1.3,0.0,Hong Kong
Hong Kong,HK,2009-03-10,12:00:00,1236661200,19.2,17.7,21.1,19.6,95.0,0.0,0.0,Hong Kong
Hong Kong,HK,2009-03-11,12:00:00,1236747600,20.2,18.5,22.4,24.0,107.0,0.0,0.0,Hong Kong
Hong Kong,HK,2009-03-12,12:00:00,1236834000,20.8,19.6,22.3,22.6,104.0,0.0,0.0,Hong Kong
Hong Kong,HK,2009-03-13,12:00:00,1236920400,20.3,12.5,25.4,31.3,23.0,1.8,0.0,Hong Kong
Hong Kong,HK,2009-03-14,12:00:00,1237006800,14.7,11.2,18.6,27.7,24.0,0.0,0.0,Hong Kong
Hong Kong,HK,2009-03-15,12:00:00,1237093200,17.5,15.1,20.3,11.1,87.0,0.0,0.0,Hong Kong
Hong Kong,HK,2009-03-16,12:00:00,1237179600,19.8,17.5,22.6,10.9,120.0,0.0,0.0,Hong Kong
Hong Kong,HK,2009-03-17,12:00:00,1237266000,20.2,15.9,24.2,12.8,144.0,0.0,0.0,Hong Kong
Hong Kong,HK,2009-03-18,12:00:00,1237352400,21.6,17.7,25.6,13.2,166.0,0.0,0.0,Hong Kong
Hong Kong,HK,2009-03-19,12:00:00,1237438800,23.1,20.0,27.1,10.7,202.0,0.0,0.0,Hong Kong
Hong Kong,HK,2009-03-20,12:00:00,1237525200,22.9,19.7,26.9,12.2,209.0,0.0,0.0,Hong Kong
Hong Kong,HK,2009-03-21,12:00:00,1237611600,23.6,21.3,26.1,18.6,151.0,0.9,0.0,Hong Kong
Hong Kong,HK,2009-03-22,12:00:00,1237698000,24.8,23.2,27.7,17.6,189.0,1.1,0.0,Hong Kong
Hong Kong,HK,2009-03-23,12:00:00,1237784400,24.6,23.1,27.2,19.5,162.0,2.0,0.0,Hong Kong
Hong Kong,HK,2009-03-24,12:00:00,1237870800,21.1,19.7,22.5,18.8,66.0,27.0,0.0,Hong Kong
Hong Kong,HK,2009-03-25,12:00:00,1237957200,19.4,18.7,20.9,19.9,53.0,10.0,0.0,Hong Kong
Hong Kong,HK,2009-03-26,12:00:00,1238043600,20.4,19.1,21.4,21.7,88.0,1.0,0.0,Hong Kong
Hong Kong,HK,2009-03-27,12:00:00,1238130000,22.2,20.9,24.5,19.5,105.0,10.9,0.0,Hong Kong
Hong Kong,HK,2009-03-28,12:00:00,1238216400,23.0,21.5,25.7,11.8,127.0,20.4,0.0,Hong Kong
Hong Kong,HK,2009-03-29,12:00:00,1238302800,20.0,18.8,21.3,20.0,51.0,22.9,0.0,Hong Kong
Hong Kong,HK,2009-03-30,12:00:00,1238389200,19.9,18.6,21.7,17.2,47.0,1.9,0.0,Hong Kong
Hong Kong,HK,2009-03-31,12:00:00,1238475600,20.4,18.5,23.0,14.3,45.0,0.6,0.0,Hong Kong
Hong Kong,HK,2009-04-01,12:00:00,1238562000,20.2,19.0,21.9,17.1,77.0,0.0,0.0,Hong Kong
Hong Kong,HK,2009-04-02,12:00:00,1238648400,19.0,17.5,20.5,24.0,91.0,0.2,0.0,Hong Kong
Hong Kong,HK,2009-04-03,12:00:00,1238734800,20.4,19.1,21.7,23.1,97.0,0.0,0.0,Hong Kong
Hong Kong,HK,2009-04-04,12:00:00,1238821200,21.6,20.4,23.4,19.3,102.0,5.4,0.0,Hong Kong
Hong Kong,HK,2009-04-05,12:00:00,1238907600,22.2,19.2,25.2,16.4,6.0,1.5,0.0,Hong Kong
Hong Kong,HK,2009-04-06,12:00:00,1238994000,19.2,18.7,20.6,16.0,41.0,0.6,0.0,Hong Kong
Hong Kong,HK,2009-04-07,12:00:00,1239080400,19.0,17.8,20.4,12.3,90.0,2.0,0.0,Hong Kong
Hong Kong,HK,2009-04-08,12:00:00,1239166800,20.4,18.0,23.2,13.4,94.0,1.3,0.0,Hong Kong
Hong Kong,HK,2009-04-09,12:00:00,1239253200,20.4,19.2,22.4,18.4,94.0,1.7,0.0,Hong Kong
Hong Kong,HK,2009-04-10,12:00:00,1239339600,20.6,18.7,22.7,16.4,94.0,0.0,0.0,Hong Kong
Hong Kong,HK,2009-04-11,12:00:00,1239426000,21.1,19.4,23.4,16.6,110.0,0.0,0.0,Hong Kong
Hong Kong,HK,2009-04-12,12:00:00,1239512400,22.1,20.1,24.6,12.6,115.0,2.2,0.0,Hong Kong
Hong Kong,HK,2009-04-13,12:00:00,1239598800,23.1,20.5,26.8,15.9,185.0,4.7,0.0,Hong Kong
Hong Kong,HK,2009-04-14,12:00:00,1239685200,23.3,20.4,27.3,7.1,205.0,1.9,0.0,Hong Kong
Hong Kong,HK,2009-04-15,12:00:00,1239771600,22.8,20.8,25.1,16.1,118.0,0.1,0.0,Hong Kong
Hong Kong,HK,2009-04-16,12:00:00,1239858000,22.5,21.0,24.5,12.3,143.0,34.1,0.0,Hong Kong
Hong Kong,HK,2009-04-17,12:00:00,1239944400,22.6,20.6,25.0,19.2,100.0,1.1,0.0,Hong Kong
Hong Kong,HK,2009-04-18,12:00:00,1240030800,22.1,20.9,24.0,25.0,104.0,12.1,0.0,Hong Kong
Hong Kong,HK,2009-04-19,12:00:00,1240117200,25.0,22.4,27.0,22.4,165.0,6.8,0.0,Hong Kong
Hong Kong,HK,2009-04-20,12:00:00,1240203600,25.8,23.6,28.9,13.8,336.0,7.7,0.0,Hong Kong
Hong Kong,HK,2009-04-21,12:00:00,1240290000,24.4,22.5,27.1,18.9,71.0,0.2,0.0,Hong Kong
Hong Kong,HK,2009-04-22,12:00:00,1240376400,22.4,21.9,24.1,20.4,94.0,5.0,0.0,Hong Kong
Hong Kong,HK,2009-04-23,12:00:00,1240462800,23.0,22.0,24.5,19.2,103.0,0.0,0.0,Hong Kong
Hong Kong,HK,2009-04-24,12:00:00,1240549200,24.0,22.5,25.9,18.1,121.0,0.4,0.0,Hong Kong
Hong Kong,HK,2009-04-25,12:00:00,1240635600,22.3,19.7,23.9,19.6,36.0,33.1,0.0,Hong Kong
Hong Kong,HK,2009-04-26,12:00:00,1240722000,20.4,19.4,21.4,17.0,55.0,2.3,0.0,Hong Kong
Hong Kong,HK,2009-04-27,12:00:00,1240808400,21.3,20.3,22.7,16.7,92.0,0.1,0.0,Hong Kong
Hong Kong,HK,2009-04-28,12:00:00,1240894800,21.5,20.1,23.2,20.5,95.0,0.0,0.0,Hong Kong
Hong Kong,HK,2009-04-29,12:00:00,1240981200,21.8,20.5,23.8,17.7,96.0,0.0,0.0,Hong Kong
Hong Kong,HK,2009-04-30,12:00:00,1241067600,22.1,20.7,24.0,15.5,95.0,0.2,0.0,Hong Kong
Hong Kong,HK,2009-05-01,12:00:00,1241154000,22.3,20.4,24.6,14.2,96.0,0.0,0.0,Hong Kong
Hong Kong,HK,2009-05-02,12:00:00,1241240400,22.4,20.1,25.0,12.0,104.0,0.0,0.0,Hong Kong
Hong Kong,HK,2009-05-03,12:00:00,1241326800,23.1,19.3,26.5,11.4,38.0,0.2,0.0,Hong Kong
Hong Kong,HK,2009-05-04,12:00:00,1241413200,23.1,21.6,25.1,13.1,88.0,0.1,0.0,Hong Kong
Hong Kong,HK,2009-05-05,12:00:00,1241499600,22.7,21.0,24.9,14.3,105.0,0.0,0.0,Hong Kong
Hong Kong,HK,2009-05-06,12:00:00,1241586000,22.8,21.1,24.9,18.1,99.0,0.0,0.0,Hong Kong
Hong Kong,HK,2009-05-07,12:00:00,1241672400,22.8,20.9,25.2,15.1,94.0,0.0,0.0,Hong Kong
Hong Kong,HK,2009-05-08,12:00:00,1241758800,23.2,21.3,25.5,15.3,112.0,0.0,0.0,Hong Kong
Hong Kong,HK,2009-05-09,12:00:00,1241845200,23.9,22.0,26.2,18.4,112.0,0.0,0.0,Hong Kong
Hong Kong,HK,2009-05-10,12:00:00,1241931600,24.8,23.1,27.0,17.4,115.0,0.4,0.0,Hong Kong
Hong Kong,HK,2009-05-11,12:00:00,1242018000,25.1,23.4,27.5,14.4,126.0,1.1,0.0,Hong Kong
Hong Kong,HK,2009-05-12,12:00:00,1242104400,25.6,22.1,28.6,14.6,171.0,0.0,0.0,Hong Kong
Hong Kong,HK,2009-05-13,12:00:00,1242190800,26.2,23.2,29.6,14.2,175.0,0.4,0.0,Hong Kong
Hong Kong,HK,2009-05-14,12:00:00,1242277200,25.1,23.8,27.1,18.6,115.0,0.0,0.0,Hong Kong
Hong Kong,HK,2009-05-15,12:00:00,1242363600,25.3,23.7,27.6,15.9,126.0,0.0,0.0,Hong Kong
Hong Kong,HK,2009-05-16,12:00:00,1242450000,25.5,23.7,27.7,12.0,153.0,0.0,0.0,Hong Kong
Hong Kong,HK,2009-05-17,12:00:00,1242536400,26.5,23.1,29.9,11.2,232.0,0.2,0.0,Hong Kong
Hong Kong,HK,2009-05-18,12:00:00,1242622800,26.8,24.9,29.5,12.6,233.0,0.9,0.0,Hong Kong
Hong Kong,HK,2009-05-19,12:00:00,1242709200,26.8,24.6,29.6,18.8,181.0,2.3,0.0,Hong Kong
Hong Kong,HK,2009-05-20,12:00:00,1242795600,26.7,25.2,29.0,20.6,174.0,5.0,0.0,Hong Kong
Hong Kong,HK,2009-05-21,12:00:00,1242882000,26.7,24.2,29.1,10.5,171.0,7.3,0.0,Hong Kong
Hong Kong,HK,2009-05-22,12:00:00,1242968400,26.1,24.5,28.0,15.3,91.0,10.2,0.0,Hong Kong
Hong Kong,HK,2009-05-23,12:00:00,1243054800,24.8,24.4,25.3,21.1,79.0,45.5,0.0,Hong Kong
Hong Kong,HK,2009-05-24,12:00:00,1243141200,24.4,23.8,25.1,22.9,109.0,28.5,0.0,Hong Kong
Hong Kong,HK,2009-05-25,12:00:00,1243227600,24.8,24.0,26.0,23.9,112.0,10.5,0.0,Hong Kong
Hong Kong,HK,2009-05-26,12:00:00,1243314000,25.7,24.4,27.9,17.9,111.0,6.0,0.0,Hong Kong
Hong Kong,HK,2009-05-27,12:00:00,1243400400,25.3,24.3,26.9,26.1,111.0,16.8,0.0,Hong Kong
Hong Kong,HK,2009-05-28,12:00:00,1243486800,24.5,23.9,25.3,24.4,100.0,5.2,0.0,Hong Kong
Hong Kong,HK,2009-05-29,12:00:00,1243573200,22.9,22.2,24.5,17.3,69.0,0.7,0.0,Hong Kong
Hong Kong,HK,2009-05-30,12:00:00,1243659600,24.1,21.4,27.6,10.8,4.0,0.0,0.0,Hong Kong
Hong Kong,HK,2009-05-31,12:00:00,1243746000,25.6,22.6,28.5,9.5,223.0,0.0,0.0,Hong Kong
Hong Kong,HK,2009-06-01,12:00:00,1243832400,25.9,22.7,28.4,13.6,180.0,0.0,0.0,Hong Kong
Hong Kong,HK,2009-06-02,12:00:00,1243918800,26.8,25.0,28.9,17.9,173.0,0.2,0.0,Hong Kong
Hong Kong,HK,2009-06-03,12:00:00,1244005200,26.7,25.3,28.9,19.1,207.0,18.6,0.0,Hong Kong
Hong Kong,HK,2009-06-04,12:00:00,1244091600,26.6,24.4,29.3,13.6,292.0,8.1,0.0,Hong Kong
Hong Kong,HK,2009-06-05,12:00:00,1244178000,26.7,23.4,29.8,11.5,213.0,0.0,0.0,Hong Kong
Hong Kong,HK,2009-06-06,12:00:00,1244264400,26.8,24.0,29.9,12.8,191.0,0.0,0.0,Hong Kong
Hong Kong,HK,2009-06-07,12:00:00,1244350800,26.7,24.6,29.1,18.2,158.0,1.4,0.0,Hong Kong
Hong Kong,HK,2009-06-08,12:00:00,1244437200,26.7,25.6,28.4,21.1,142.0,2.3,0.0,Hong Kong
Hong Kong,HK,2009-06-09,12:00:00,1244523600,26.5,24.9,28.1,15.2,156.0,14.6,0.0,Hong Kong
Hong Kong,HK,2009-06-10,12:00:00,1244610000,26.3,24.5,28.3,13.0,170.0,26.2,0.0,Hong Kong
Hong Kong,HK,2009-06-11,12:00:00,1244696400,26.2,24.9,28.5,11.0,218.0,16.7,0.0,Hong Kong
Hong Kong,HK,2009-06-12,12:00:00,1244782800,27.1,25.2,29.5,11.9,198.0,14.9,0.0,Hong Kong
Hong Kong,HK,2009-06-13,12:00:00,1244869200,27.5,25.9,30.0,12.8,190.0,12.9,0.0,Hong Kong
Hong Kong,HK,2009-06-14,12:00:00,1244955600,26.8,24.8,28.6,13.4,143.0,9.1,0.0,Hong Kong
Hong Kong,HK,2009-06-15,12:00:00,1245042000,26.5,25.4,28.2,12.8,115.0,16.5,0.0,Hong Kong
Hong Kong,HK,2009-06-16,12:00:00,1245128400,26.5,24.9,28.0,15.9,116.0,12.1,0.0,Hong Kong
Hong Kong,HK,2009-06-17,12:00:00,1245214800,27.3,25.5,29.8,13.1,124.0,1.2,0.0,Hong Kong
Hong Kong,HK,2009-06-18,12:00:00,1245301200,27.8,24.7,30.7,7.7,213.0,0.1,0.0,Hong Kong
Hong Kong,HK,2009-06-19,12:00:00,1245387600,28.1,25.2,30.6,7.7,155.0,0.2,0.0,Hong Kong
Hong Kong,HK,2009-06-20,12:00:00,1245474000,28.8,26.1,31.6,7.1,231.0,1.0,0.0,Hong Kong
Hong Kong,HK,2009-06-21,12:00:00,1245560400,29.1,27.3,31.5,18.5,230.0,1.8,0.0,Hong Kong
Hong Kong,HK,2009-06-22,12:00:00,1245646800,28.7,28.0,29.6,18.2,205.0,3.5,0.0,Hong Kong
Hong Kong,HK,2009-06-23,12:00:00,1245733200,28.5,27.5,30.3,12.6,181.0,6.7,0.0,Hong Kong
Hong Kong,HK,2009-06-24,12:00:00,1245819600,28.3,26.8,30.1,14.1,186.0,8.3,0.0,Hong Kong
Hong Kong,HK,2009-06-25,12:00:00,1245906000,27.9,26.6,29.4,11.5,151.0,5.5,0.0,Hong Kong
Hong Kong,HK,2009-06-26,12:00:00,1245992400,27.5,26.4,28.7,19.7,67.0,4.0,0.0,Hong Kong
Hong Kong,HK,2009-06-27,12:00:00,1246078800,25.9,25.4,26.8,21.8,219.0,26.3,0.0,Hong Kong
Hong Kong,HK,2009-06-28,12:00:00,1246165200,26.3,25.2,27.3,20.7,193.0,16.3,0.0,Hong Kong
Hong Kong,HK,2009-06-29,12:00:00,1246251600,27.9,26.4,29.5,19.0,178.0,8.0,0.0,Hong Kong
Hong Kong,HK,2009-06-30,12:00:00,1246338000,28.4,27.0,30.3,21.0,193.0,1.6,0.0,Hong Kong
Hong Kong,HK,2009-07-01,12:00:00,1246424400,28.5,27.2,30.4,20.7,203.0,1.5,0.0,Hong Kong
Hong Kong,HK,2009-07-02,12:00:00,1246510800,28.5,27.0,30.2,20.9,213.0,1.5,0.0,Hong Kong
Hong Kong,HK,2009-07-03,12:00:00,1246597200,28.4,26.4,30.0,22.3,205.0,3.7,0.0,Hong Kong
Hong Kong,HK,2009-07-04,12:00:00,1246683600,26.9,26.1,28.7,18.2,181.0,13.7,0.0,Hong Kong
Hong Kong,HK,2009-07-05,12:00:00,1246770000,26.6,25.7,28.2,19.4,165.0,20.1,0.0,Hong Kong
Hong Kong,HK,2009-07-06,12:00:00,1246856400,26.9,24.8,28.9,15.0,153.0,11.3,0.0,Hong Kong
Hong Kong,HK,2009-07-07,12:00:00,1246942800,28.1,26.4,30.5,13.0,194.0,0.8,0.0,Hong Kong
Hong Kong,HK,2009-07-08,12:00:00,1247029200,28.2,26.0,30.7,9.7,207.0,0.8,0.0,Hong Kong
Hong Kong,HK,2009-07-09,12:00:00,1247115600,28.6,26.6,31.5,8.5,235.0,0.0,0.0,Hong Kong
Hong Kong,HK,2009-07-10,12:00:00,1247202000,29.2,26.9,32.7,10.2,269.0,0.0,0.0,Hong Kong
Hong Kong,HK,2009-07-11,12:00:00,1247288400,28.3,27.3,30.1,29.2,85.0,6.4,0.0,Hong Kong
Hong Kong,HK,2009-07-12,12:00:00,1247374800,28.4,27.2,30.2,21.6,123.0,1.3,0.0,Hong Kong
Hong Kong,HK,2009-07-13,12:00:00,1247461200,28.5,25.9,30.8,10.3,170.0,0.3,0.0,Hong Kong
Hong Kong,HK,2009-07-14,12:00:00,1247547600,28.5,27.0,30.5,12.0,197.0,0.0,0.0,Hong Kong
Hong Kong,HK,2009-07-15,12:00:00,1247634000,27.6,25.5,29.7,20.7,103.0,7.7,0.0,Hong Kong
Hong Kong,HK,2009-07-16,12:00:00,1247720400,27.9,26.7,29.7,18.6,111.0,2.3,0.0,Hong Kong
Hong Kong,HK,2009-07-17,12:00:00,1247806800,28.9,26.9,31.3,11.4,152.0,0.8,0.0,Hong Kong
Hong Kong,HK,2009-07-18,12:00:00,1247893200,29.3,26.4,33.2,23.0,316.0,10.5,0.0,Hong Kong
Hong Kong,HK,2009-07-19,12:00:00,1247979600,27.2,25.6,28.6,36.0,191.0,85.7,0.0,Hong Kong
Hong Kong,HK,2009-07-20,12:00:00,1248066000,27.6,26.6,29.4,19.0,139.0,6.4,0.0,Hong Kong
Hong Kong,HK,2009-07-21,12:00:00,1248152400,28.0,26.6,29.9,13.7,144.0,0.2,0.0,Hong Kong
Hong Kong,HK,2009-07-22,12:00:00,1248238800,27.9,26.3,29.6,14.8,158.0,1.5,0.0,Hong Kong
Hong Kong,HK,2009-07-23,12:00:00,1248325200,28.1,26.5,30.2,14.3,182.0,2.5,0.0,Hong Kong
Hong Kong,HK,2009-07-24,12:00:00,1248411600,28.1,26.7,29.9,15.6,197.0,3.2,0.0,Hong Kong
Hong Kong,HK,2009-07-25,12:00:00,1248498000,28.6,27.4,30.6,17.2,195.0,2.9,0.0,Hong Kong
Hong Kong,HK,2009-07-26,12:00:00,1248584400,28.3,26.3,30.4,14.4,176.0,4.2,0.0,Hong Kong
Hong Kong,HK,2009-07-27,12:00:00,1248670800,28.0,26.7,29.6,15.9,170.0,6.1,0.0,Hong Kong
Hong Kong,HK,2009-07-28,12:00:00,1248757200,28.0,26.5,30.0,13.9,162.0,4.8,0.0,Hong Kong
Hong Kong,HK,2009-07-29,12:00:00,1248843600,28.3,27.0,29.9,16.1,145.0,7.7,0.0,Hong Kong
Hong Kong,HK,2009-07-30,12:00:00,1248930000,27.6,26.6,29.2,18.1,107.0,3.8,0.0,Hong Kong
Hong Kong,HK,2009-07-31,12:00:00,1249016400,28.0,26.7,29.9,19.6,114.0,3.8,0.0,Hong Kong
Hong Kong,HK,2009-08-01,12:00:00,1249102800,29.3,26.3,32.5,9.0,332.0,0.1,0.0,Hong Kong
Hong Kong,HK,2009-08-02,12:00:00,1249189200,29.5,26.3,32.6,7.0,315.0,0.2,0.0,Hong Kong
Hong Kong,HK,2009-08-03,12:00:00,1249275600,29.1,27.7,31.9,17.3,86.0,4.9,0.0,Hong Kong
Hong Kong,HK,2009-08-04,12:00:00,1249362000,27.5,26.7,28.7,27.5,71.0,20.0,0.0,Hong Kong
Hong Kong,HK,2009-08-05,12:00:00,1249448400,27.3,26.1,29.7,29.4,135.0,46.4,0.0,Hong Kong
Hong Kong,HK,2009-08-06,12:00:00,1249534800,27.5,26.5,29.5,19.5,129.0,15.9,0.0,Hong Kong
Hong Kong,HK,2009-08-07,12:00:00,1249621200,28.5,26.1,31.5,13.0,239.0,0.6,0.0,Hong Kong
Hong Kong,HK,2009-08-08,12:00:00,1249707600,28.9,27.1,32.2,14.9,271.0,2.4,0.0,Hong Kong
Hong Kong,HK,2009-08-09,12:00:00,1249794000,29.1,27.1,32.3,11.2,270.0,1.3,0.0,Hong Kong
Hong Kong,HK,2009-08-10,12:00:00,1249880400,28.9,26.8,31.4,6.4,182.0,6.1,0.0,Hong Kong
Hong Kong,HK,2009-08-11,12:00:00,1249966800,27.3,25.8,30.4,9.9,108.0,32.1,0.0,Hong Kong
Hong Kong,HK,2009-08-12,12:00:00,1250053200,26.2,25.3,26.8,11.2,158.0,30.0,0.0,Hong Kong
Hong Kong,HK,2009-08-13,12:00:00,1250139600,26.7,25.6,28.6,13.3,186.0,21.5,0.0,Hong Kong
Hong Kong,HK,2009-08-14,12:00:00,1250226000,27.3,25.8,29.1,12.3,185.0,11.4,0.0,Hong Kong
Hong Kong,HK,2009-08-15,12:00:00,1250312400,27.8,26.1,30.4,14.2,194.0,2.9,0.0,Hong Kong
Hong Kong,HK,2009-08-16,12:00:00,1250398800,28.1,25.9,30.9,9.6,185.0,5.1,0.0,Hong Kong
Hong Kong,HK,2009-08-17,12:00:00,1250485200,27.7,25.7,30.5,8.1,143.0,9.3,0.0,Hong Kong
Hong Kong,HK,2009-08-18,12:00:00,1250571600,28.1,26.1,30.4,8.2,132.0,6.6,0.0,Hong Kong
Hong Kong,HK,2009-08-19,12:00:00,1250658000,28.4,26.3,30.8,9.9,166.0,1.0,0.0,Hong Kong
Hong Kong,HK,2009-08-20,12:00:00,1250744400,28.4,25.7,31.0,11.4,207.0,0.3,0.0,Hong Kong
Hong Kong,HK,2009-08-21,12:00:00,1250830800,28.8,26.6,31.7,10.0,213.0,0.0,0.0,Hong Kong
Hong Kong,HK,2009-08-22,12:00:00,1250917200,29.1,26.6,32.1,7.6,238.0,0.0,0.0,Hong Kong
Hong Kong,HK,2009-08-23,12:00:00,1251003600,29.4,27.3,32.9,13.1,277.0,4.5,0.0,Hong Kong
Hong Kong,HK,2009-08-24,12:00:00,1251090000,27.7,25.5,31.2,9.6,109.0,15.8,0.0,Hong Kong
Hong Kong,HK,2009-08-25,12:00:00,1251176400,28.1,26.4,30.2,10.4,99.0,3.5,0.0,Hong Kong
Hong Kong,HK,2009-08-26,12:00:00,1251262800,28.3,26.9,30.4,8.8,136.0,3.7,0.0,Hong Kong
Hong Kong,HK,2009-08-27,12:00:00,1251349200,28.4,26.3,31.2,12.3,164.0,2.0,0.0,Hong Kong
Hong Kong,HK,2009-08-28,12:00:00,1251435600,29.3,26.7,32.7,8.9,255.0,0.1,0.0,Hong Kong
Hong Kong,HK,2009-08-29,12:00:00,1251522000,29.5,27.9,31.9,9.4,201.0,3.6,0.0,Hong Kong
Hong Kong,HK,2009-08-30,12:00:00,1251608400,28.7,27.3,31.1,7.1,61.0,5.1,0.0,Hong Kong
Hong Kong,HK,2009-08-31,12:00:00,1251694800,28.1,26.5,31.1,10.5,37.0,5.2,0.0,Hong Kong
Hong Kong,HK,2009-09-01,12:00:00,1251781200,27.9,26.4,30.8,13.7,68.0,1.6,0.0,Hong Kong
Hong Kong,HK,2009-09-02,12:00:00,1251867600,28.4,26.4,30.7,12.0,67.0,0.1,0.0,Hong Kong
Hong Kong,HK,2009-09-03,12:00:00,1251954000,29.1,27.5,31.2,13.0,64.0,0.2,0.0,Hong Kong
Hong Kong,HK,2009-09-04,12:00:00,1252040400,29.2,27.4,31.9,10.4,83.0,0.3,0.0,Hong Kong
Hong Kong,HK,2009-09-05,12:00:00,1252126800,28.7,27.2,30.8,9.2,106.0,0.3,0.0,Hong Kong
Hong Kong,HK,2009-09-06,12:00:00,1252213200,28.8,27.2,31.2,12.1,93.0,0.0,0.0,Hong Kong
Hong Kong,HK,2009-09-07,12:00:00,1252299600,28.6,27.1,30.7,11.0,109.0,0.2,0.0,Hong Kong
Hong Kong,HK,2009-09-08,12:00:00,1252386000,28.4,25.5,31.2,10.0,97.0,0.0,0.0,Hong Kong
Hong Kong,HK,2009-09-09,12:00:00,1252472400,28.5,27.0,30.4,10.7,83.0,1.7,0.0,Hong Kong
Hong Kong,HK,2009-09-10,12:00:00,1252558800,27.3,25.8,28.6,25.2,72.0,2.6,0.0,Hong Kong
Hong Kong,HK,2009-09-11,12:00:00,1252645200,26.8,25.4,28.6,25.1,97.0,7.7,0.0,Hong Kong
Hong Kong,HK,2009-09-12,12:00:00,1252731600,27.5,25.7,29.4,18.1,99.0,5.6,0.0,Hong Kong
Hong Kong,HK,2009-09-13,12:00:00,1252818000,28.6,25.9,32.7,10.0,0.0,21.8,0.0,Hong Kong
Hong Kong,HK,2009-09-14,12:00:00,1252904400,27.0,26.2,28.7,45.5,34.0,24.0,0.0,Hong Kong
Hong Kong,HK,2009-09-15,12:00:00,1252990800,26.9,26.1,28.9,48.4,129.0,54.6,0.0,Hong Kong
Hong Kong,HK,2009-09-16,12:00:00,1253077200,27.5,26.3,29.2,15.8,138.0,8.4,0.0,Hong Kong
Hong Kong,HK,2009-09-17,12:00:00,1253163600,28.0,26.5,30.3,10.9,168.0,1.7,0.0,Hong Kong
Hong Kong,HK,2009-09-18,12:00:00,1253250000,28.6,26.4,31.8,9.4,250.0,0.0,0.0,Hong Kong
Hong Kong,HK,2009-09-19,12:00:00,1253336400,29.6,27.4,32.7,8.7,244.0,0.0,0.0,Hong Kong
Hong Kong,HK,2009-09-20,12:00:00,1253422800,28.6,27.3,30.6,13.7,138.0,0.6,0.0,Hong Kong
Hong Kong,HK,2009-09-21,12:00:00,1253509200,28.2,26.5,31.4,13.0,82.0,3.9,0.0,Hong Kong
Hong Kong,HK,2009-09-22,12:00:00,1253595600,27.3,24.9,29.7,17.7,25.0,0.6,0.0,Hong Kong
Hong Kong,HK,2009-09-23,12:00:00,1253682000,27.6,25.3,29.8,14.4,53.0,0.0,0.0,Hong Kong
Hong Kong,HK,2009-09-24,12:00:00,1253768400,28.2,27.0,29.9,19.8,85.0,0.0,0.0,Hong Kong
Hong Kong,HK,2009-09-25,12:00:00,1253854800,28.1,27.1,29.6,17.5,93.0,0.0,0.0,Hong Kong
Hong Kong,HK,2009-09-26,12:00:00,1253941200,28.2,26.8,30.8,11.5,70.0,0.8,0.0,Hong Kong
Hong Kong,HK,2009-09-27,12:00:00,1254027600,28.7,26.7,31.5,19.8,42.0,0.0,0.0,Hong Kong
Hong Kong,HK,2009-09-28,12:00:00,1254114000,26.5,25.3,27.9,21.9,38.0,40.6,0.0,Hong Kong
Hong Kong,HK,2009-09-29,12:00:00,1254200400,25.2,24.4,26.0,24.0,45.0,47.8,0.0,Hong Kong
Hong Kong,HK,2009-09-30,12:00:00,1254286800,26.0,24.9,28.1,17.7,54.0,16.3,0.0,Hong Kong
Hong Kong,HK,2009-10-01,12:00:00,1254373200,26.9,24.9,29.8,12.2,30.0,1.3,0.0,Hong Kong
Hong Kong,HK,2009-10-02,12:00:00,1254459600,27.4,25.4,30.2,13.0,31.0,0.0,0.0,Hong Kong
Hong Kong,HK,2009-10-03,12:00:00,1254546000,27.1,25.5,29.9,11.3,13.0,0.0,0.0,Hong Kong
Hong Kong,HK,2009-10-04,12:00:00,1254632400,26.4,23.7,29.3,14.8,353.0,0.0,0.0,Hong Kong
Hong Kong,HK,2009-10-05,12:00:00,1254718800,26.3,23.5,29.2,15.2,357.0,0.0,0.0,Hong Kong
Hong Kong,HK,2009-10-06,12:00:00,1254805200,26.3,24.3,29.5,12.3,359.0,0.0,0.0,Hong Kong
Hong Kong,HK,2009-10-07,12:00:00,1254891600,26.3,24.2,29.3,8.3,37.0,0.1,0.0,Hong Kong
Hong Kong,HK,2009-10-08,12:00:00,1254978000,25.0,22.6,27.5,11.0,83.0,0.1,0.0,Hong Kong
Hong Kong,HK,2009-10-09,12:00:00,1255064400,24.9,21.4,28.4,10.5,14.0,0.0,0.0,Hong Kong
Hong Kong,HK,2009-10-10,12:00:00,1255150800,25.6,23.5,28.4,11.5,40.0,0.0,0.0,Hong Kong
Hong Kong,HK,2009-10-11,12:00:00,1255237200,25.9,25.0,27.1,19.1,74.0,0.5,0.0,Hong Kong
Hong Kong,HK,2009-10-12,12:00:00,1255323600,25.9,24.8,27.0,23.9,91.0,0.6,0.0,Hong Kong
Hong Kong,HK,2009-10-13,12:00:00,1255410000,25.9,24.7,27.6,17.3,93.0,0.0,0.0,Hong Kong
Hong Kong,HK,2009-10-14,12:00:00,1255496400,25.8,24.9,27.4,14.3,61.0,0.8,0.0,Hong Kong
Hong Kong,HK,2009-10-15,12:00:00,1255582800,25.2,23.3,27.6,14.1,53.0,0.0,0.0,Hong Kong
Hong Kong,HK,2009-10-16,12:00:00,1255669200,25.4,23.8,27.5,10.6,83.0,0.0,0.0,Hong Kong
Hong Kong,HK,2009-10-17,12:00:00,1255755600,25.8,24.0,28.3,13.8,78.0,0.0,0.0,Hong Kong
Hong Kong,HK,2009-10-18,12:00:00,1255842000,25.6,24.3,27.1,17.0,93.0,0.0,0.0,Hong Kong
Hong Kong,HK,2009-10-19,12:00:00,1255928400,25.8,24.9,27.2,19.8,104.0,4.3,0.0,Hong Kong
Hong Kong,HK,2009-10-20,12:00:00,1256014800,24.3,23.2,25.6,19.6,78.0,9.2,0.0,Hong Kong
Hong Kong,HK,2009-10-21,12:00:00,1256101200,24.4,23.3,25.9,14.9,82.0,1.1,0.0,Hong Kong
Hong Kong,HK,2009-10-22,12:00:00,1256187600,24.9,22.9,27.5,8.3,11.0,0.0,0.0,Hong Kong
Hong Kong,HK,2009-10-23,12:00:00,1256274000,25.2,22.8,28.6,9.4,351.0,0.0,0.0,Hong Kong
Hong Kong,HK,2009-10-24,12:00:00,1256360400,24.9,23.0,27.9,9.7,341.0,0.0,0.0,Hong Kong
Hong Kong,HK,2009-10-25,12:00:00,1256446800,24.5,21.3,26.9,7.9,179.0,0.2,0.0,Hong Kong
Hong Kong,HK,2009-10-26,12:00:00,1256533200,24.0,21.8,26.2,13.8,121.0,0.0,0.0,Hong Kong
Hong Kong,HK,2009-10-27,12:00:00,1256619600,23.7,22.5,25.2,15.9,103.0,0.0,0.0,Hong Kong
Hong Kong,HK,2009-10-28,12:00:00,1256706000,23.8,22.1,26.2,17.3,97.0,0.0,0.0,Hong Kong
Hong Kong,HK,2009-10-29,12:00:00,1256792400,23.9,22.2,26.3,13.3,103.0,0.0,0.0,Hong Kong
Hong Kong,HK,2009-10-30,12:00:00,1256878800,23.9,22.4,26.0,12.6,111.0,0.0,0.0,Hong Kong
Hong Kong,HK,2009-10-31,12:00:00,1256965200,24.6,22.2,28.0,12.0,65.0,0.0,0.0,Hong Kong
Hong Kong,HK,2009-11-01,12:00:00,1257051600,25.3,21.7,29.5,22.5,32.0,0.0,0.0,Hong Kong
Hong Kong,HK,2009-11-02,12:00:00,1257138000,22.8,19.4,26.5,28.5,25.0,0.0,0.0,Hong Kong
Hong Kong,HK,2009-11-03,12:00:00,1257224400,18.1,14.6,20.4,26.4,36.0,0.0,0.0,Hong Kong
Hong Kong,HK,2009-11-04,12:00:00,1257310800,20.3,16.5,23.9,13.9,31.0,0.0,0.0,Hong Kong
Hong Kong,HK,2009-11-05,12:00:00,1257397200,22.8,20.4,26.0,9.7,36.0,0.0,0.0,Hong Kong
Hong Kong,HK,2009-11-06,12:00:00,1257483600,23.3,21.3,25.9,9.3,102.0,0.0,0.0,Hong Kong
Hong Kong,HK,2009-11-07,12:00:00,1257570000,24.0,22.3,26.5,13.0,108.0,0.0,0.0,Hong Kong
Hong Kong,HK,2009-11-08,12:00:00,1257656400,24.6,23.3,26.9,10.3,114.0,0.3,0.0,Hong Kong
Hong Kong,HK,2009-11-09,12:00:00,1257742800,24.7,23.2,26.8,11.2,148.0,1.8,0.0,Hong Kong
Hong Kong,HK,2009-11-10,12:00:00,1257829200,24.9,22.5,28.2,7.6,207.0,1.5,0.0,Hong Kong
Hong Kong,HK,2009-11-11,12:00:00,1257915600,23.9,22.2,25.9,23.0,121.0,5.0,0.0,Hong Kong
Hong Kong,HK,2009-11-12,12:00:00,1258002000,23.6,18.8,26.2,20.6,109.0,17.8,0.0,Hong Kong
Hong Kong,HK,2009-11-13,12:00:00,1258088400,17.0,14.7,19.9,24.5,5.0,3.3,0.0,Hong Kong
Hong Kong,HK,2009-11-14,12:00:00,1258174800,16.3,13.7,18.9,20.3,20.0,0.0,0.0,Hong Kong
Hong Kong,HK,2009-11-15,12:00:00,1258261200,20.0,17.1,21.9,17.4,39.0,2.9,0.0,Hong Kong
Hong Kong,HK,2009-11-16,12:00:00,1258347600,14.9,10.9,20.6,28.9,11.0,17.3,0.0,Hong Kong
Hong Kong,HK,2009-11-17,12:00:00,1258434000,10.1,8.8,12.6,30.0,9.0,0.4,0.0,Hong Kong
Hong Kong,HK,2009-11-18,12:00:00,1258520400,11.1,8.8,14.2,25.1,13.0,0.0,0.0,Hong Kong
Hong Kong,HK,2009-11-19,12:00:00,1258606800,13.3,9.9,17.7,21.0,11.0,0.0,0.0,Hong Kong
Hong Kong,HK,2009-11-20,12:00:00,1258693200,13.4,10.8,17.9,25.9,9.0,0.0,0.0,Hong Kong
Hong Kong,HK,2009-11-21,12:00:00,1258779600,13.6,10.8,17.6,25.5,11.0,0.0,0.0,Hong Kong
Hong Kong,HK,2009-11-22,12:00:00,1258866000,14.8,11.1,18.9,19.8,13.0,0.0,0.0,Hong Kong
Hong Kong,HK,2009-11-23,12:00:00,1258952400,17.7,14.6,21.4,11.9,39.0,0.0,0.0,Hong Kong
Hong Kong,HK,2009-11-24,12:00:00,1259038800,20.0,16.9,23.8,7.3,17.0,0.0,0.0,Hong Kong
Hong Kong,HK,2009-11-25,12:00:00,1259125200,19.6,15.7,23.8,7.6,88.0,0.0,0.0,Hong Kong
Hong Kong,HK,2009-11-26,12:00:00,1259211600,20.4,18.9,22.7,13.6,92.0,0.0,0.0,Hong Kong
Hong Kong,HK,2009-11-27,12:00:00,1259298000,21.2,19.5,24.2,9.2,72.0,0.0,0.0,Hong Kong
Hong Kong,HK,2009-11-28,12:00:00,1259384400,20.8,19.6,22.8,17.7,102.0,0.0,0.0,Hong Kong
Hong Kong,HK,2009-11-29,12:00:00,1259470800,19.7,17.7,22.9,15.9,43.0,0.0,0.0,Hong Kong
Hong Kong,HK,2009-11-30,12:00:00,1259557200,18.5,15.3,22.1,15.6,29.0,0.0,0.0,Hong Kong
Hong Kong,HK,2009-12-01,12:00:00,1259643600,17.9,14.9,20.9,14.2,41.0,0.0,0.0,Hong Kong
Hong Kong,HK,2009-12-02,12:00:00,1259730000,19.0,17.5,21.8,17.3,23.0,0.0,0.0,Hong Kong
Hong Kong,HK,2009-12-03,12:00:00,1259816400,16.6,13.8,19.9,22.8,20.0,0.0,0.0,Hong Kong
Hong Kong,HK,2009-12-04,12:00:00,1259902800,16.8,14.6,19.7,11.4,15.0,0.0,0.0,Hong Kong
Hong Kong,HK,2009-12-05,12:00:00,1259989200,16.6,13.8,19.4,16.3,51.0,0.0,0.0,Hong Kong
Hong Kong,HK,2009-12-06,12:00:00,1260075600,18.2,16.2,20.2,17.2,86.0,0.0,0.0,Hong Kong
Hong Kong,HK,2009-12-07,12:00:00,1260162000,18.3,17.4,19.1,17.4,69.0,7.5,0.0,Hong Kong
Hong Kong,HK,2009-12-08,12:00:00,1260248400,19.4,18.1,20.7,18.6,46.0,5.0,0.0,Hong Kong
Hong Kong,HK,2009-12-09,12:00:00,1260334800,18.7,17.6,20.4,16.4,29.0,4.0,0.0,Hong Kong
Hong Kong,HK,2009-12-10,12:00:00,1260421200,19.7,17.3,23.3,9.4,20.0,0.0,0.0,Hong Kong
Hong Kong,HK,2009-12-11,12:00:00,1260507600,20.3,18.2,23.2,12.0,83.0,0.0,0.0,Hong Kong
Hong Kong,HK,2009-12-12,12:00:00,1260594000,20.5,19.3,22.4,13.8,94.0,0.0,0.0,Hong Kong
Hong Kong,HK,2009-12-13,12:00:00,1260680400,20.0,17.9,23.5,9.3,48.0,0.0,0.0,Hong Kong
Hong Kong,HK,2009-12-14,12:00:00,1260766800,19.3,17.0,21.6,18.8,84.0,0.0,0.0,Hong Kong
Hong Kong,HK,2009-12-15,12:00:00,1260853200,18.9,13.5,21.5,25.2,69.0,5.6,0.0,Hong Kong
Hong Kong,HK,2009-12-16,12:00:00,1260939600,13.5,12.2,14.6,23.2,19.0,3.0,0.0,Hong Kong
Hong Kong,HK,2009-12-17,12:00:00,1261026000,12.6,11.6,14.1,20.3,16.0,0.0,0.0,Hong Kong
Hong Kong,HK,2009-12-18,12:00:00,1261112400,12.8,10.3,15.6,18.8,24.0,0.0,0.0,Hong Kong
Hong Kong,HK,2009-12-19,12:00:00,1261198800,13.3,10.8,15.6,19.7,28.0,0.0,0.0,Hong Kong
Hong Kong,HK,2009-12-20,12:00:00,1261285200,13.0,10.1,16.2,18.3,26.0,0.0,0.0,Hong Kong
Hong Kong,HK,2009-12-21,12:00:00,1261371600,14.2,11.9,16.9,17.8,49.0,0.0,0.0,Hong Kong
Hong Kong,HK,2009-12-22,12:00:00,1261458000,16.2,14.1,18.4,14.8,91.0,0.0,0.0,Hong Kong
Hong Kong,HK,2009-12-23,12:00:00,1261544400,18.0,16.0,20.5,13.9,96.0,0.0,0.0,Hong Kong
Hong Kong,HK,2009-12-24,12:00:00,1261630800,18.9,16.1,22.4,11.9,102.0,0.0,0.0,Hong Kong
Hong Kong,HK,2009-12-25,12:00:00,1261717200,18.7,15.7,23.3,14.2,24.0,0.0,0.0,Hong Kong
Hong Kong,HK,2009-12-26,12:00:00,1261803600,17.7,15.9,19.5,21.3,87.0,0.0,0.0,Hong Kong
Hong Kong,HK,2009-12-27,12:00:00,1261890000,15.3,10.0,19.1,30.4,52.0,2.7,0.0,Hong Kong
Hong Kong,HK,2009-12-28,12:00:00,1261976400,12.5,9.1,16.3,23.6,36.0,0.4,0.0,Hong Kong
Hong Kong,HK,2009-12-29,12:00:00,1262062800,17.6,16.6,19.7,23.9,99.0,8.5,0.0,Hong Kong
Hong Kong,HK,2009-12-30,12:00:00,1262149200,16.6,15.2,17.6,20.2,36.0,11.6,0.0,Hong Kong
Hong Kong,HK,2009-12-31,12:00:00,1262235600,16.5,15.5,17.9,15.9,51.0,0.2,0.0,Hong Kong
Hong Kong,HK,2010-01-01,12:00:00,1262322000,16.9,15.2,18.2,17.2,80.0,1.3,0.0,Hong Kong
Hong Kong,HK,2010-01-02,12:00:00,1262408400,18.0,15.8,19.6,15.9,57.0,8.7,0.0,Hong Kong
Hong Kong,HK,2010-01-03,12:00:00,1262494800,17.1,15.2,19.0,12.0,61.0,0.9,0.0,Hong Kong
Hong Kong,HK,2010-01-04,12:00:00,1262581200,18.5,17.3,20.4,11.9,104.0,0.0,0.0,Hong Kong
Hong Kong,HK,2010-01-05,12:00:00,1262667600,18.4,17.8,18.9,25.6,96.0,5.3,0.0,Hong Kong
Hong Kong,HK,2010-01-06,12:00:00,1262754000,14.8,12.5,17.6,18.4,39.0,5.5,0.0,Hong Kong
Hong Kong,HK,2010-01-07,12:00:00,1262840400,11.9,11.5,12.6,17.4,21.0,6.6,0.0,Hong Kong
Hong Kong,HK,2010-01-08,12:00:00,1262926800,13.0,10.9,15.4,16.7,22.0,1.0,0.0,Hong Kong
Hong Kong,HK,2010-01-09,12:00:00,1263013200,16.2,14.0,18.3,16.6,78.0,0.0,0.0,Hong Kong
Hong Kong,HK,2010-01-10,12:00:00,1263099600,17.7,16.3,19.4,20.6,82.0,1.9,0.0,Hong Kong
Hong Kong,HK,2010-01-11,12:00:00,1263186000,13.4,9.5,18.1,23.9,14.0,6.5,0.0,Hong Kong
Hong Kong,HK,2010-01-12,12:00:00,1263272400,10.7,7.9,14.5,25.7,14.0,0.0,0.0,Hong Kong
Hong Kong,HK,2010-01-13,12:00:00,1263358800,12.2,9.4,15.7,18.3,33.0,0.0,0.0,Hong Kong
Hong Kong,HK,2010-01-14,12:00:00,1263445200,14.4,11.5,17.7,16.6,69.0,0.0,0.0,Hong Kong
Hong Kong,HK,2010-01-15,12:00:00,1263531600,16.2,14.5,18.6,17.2,85.0,0.0,0.0,Hong Kong
Hong Kong,HK,2010-01-16,12:00:00,1263618000,17.0,14.8,20.0,12.7,55.0,0.0,0.0,Hong Kong
Hong Kong,HK,2010-01-17,12:00:00,1263704400,16.6,14.1,19.3,11.7,57.0,0.0,0.0,Hong Kong
Hong Kong,HK,2010-01-18,12:00:00,1263790800,16.9,14.9,19.2,12.9,85.0,0.0,0.0,Hong Kong
Hong Kong,HK,2010-01-19,12:00:00,1263877200,18.6,16.2,21.2,14.8,91.0,0.0,0.0,Hong Kong
Hong Kong,HK,2010-01-20,12:00:00,1263963600,20.9,19.0,23.1,13.4,80.0,0.0,0.0,Hong Kong
Hong Kong,HK,2010-01-21,12:00:00,1264050000,21.8,20.2,24.3,13.4,112.0,0.1,0.0,Hong Kong
Hong Kong,HK,2010-01-22,12:00:00,1264136400,18.4,14.7,20.1,19.2,54.0,0.0,0.0,Hong Kong
Hong Kong,HK,2010-01-23,12:00:00,1264222800,14.5,13.7,16.0,16.3,26.0,0.0,0.0,Hong Kong
Hong Kong,HK,2010-01-24,12:00:00,1264309200,16.9,13.9,19.9,12.6,52.0,0.0,0.0,Hong Kong
Hong Kong,HK,2010-01-25,12:00:00,1264395600,18.1,15.6,20.7,19.6,12.0,0.0,0.0,Hong Kong
Hong Kong,HK,2010-01-26,12:00:00,1264482000,16.0,14.3,17.3,18.4,46.0,0.0,0.0,Hong Kong
Hong Kong,HK,2010-01-27,12:00:00,1264568400,18.8,17.2,20.8,15.1,95.0,0.0,0.0,Hong Kong
Hong Kong,HK,2010-01-28,12:00:00,1264654800,20.5,19.0,23.1,11.1,94.0,1.7,0.0,Hong Kong
Hong Kong,HK,2010-01-29,12:00:00,1264741200,19.0,18.0,20.5,20.1,104.0,1.7,0.0,Hong Kong
Hong Kong,HK,2010-01-30,12:00:00,1264827600,19.8,18.3,22.0,16.1,110.0,0.0,0.0,Hong Kong
Hong Kong,HK,2010-01-31,12:00:00,1264914000,21.0,19.4,23.6,14.6,144.0,0.0,0.0,Hong Kong
Hong Kong,HK,2010-02-01,12:00:00,1265000400,21.1,19.1,24.2,8.4,206.0,0.0,0.0,Hong Kong
Hong Kong,HK,2010-02-02,12:00:00,1265086800,19.9,16.9,21.5,22.6,114.0,0.0,0.0,Hong Kong
Hong Kong,HK,2010-02-03,12:00:00,1265173200,20.0,18.9,21.6,20.6,109.0,0.0,0.0,Hong Kong
Hong Kong,HK,2010-02-04,12:00:00,1265259600,19.7,18.6,21.3,21.1,107.0,0.0,0.0,Hong Kong
Hong Kong,HK,2010-02-05,12:00:00,1265346000,20.0,18.9,21.9,22.5,110.0,0.0,0.0,Hong Kong
Hong Kong,HK,2010-02-06,12:00:00,1265432400,20.1,18.5,21.4,20.5,109.0,1.3,0.0,Hong Kong
Hong Kong,HK,2010-02-07,12:00:00,1265518800,19.9,18.8,22.5,21.3,101.0,52.8,0.0,Hong Kong
Hong Kong,HK,2010-02-08,12:00:00,1265605200,20.6,18.6,22.6,16.1,113.0,7.2,0.0,Hong Kong
Hong Kong,HK,2010-02-09,12:00:00,1265691600,22.6,21.2,24.6,25.2,164.0,0.6,0.0,Hong Kong
Hong Kong,HK,2010-02-10,12:00:00,1265778000,23.2,21.9,25.3,24.2,180.0,0.5,0.0,Hong Kong
Hong Kong,HK,2010-02-11,12:00:00,1265864400,23.5,20.3,25.7,22.9,192.0,4.3,0.0,Hong Kong
Hong Kong,HK,2010-02-12,12:00:00,1265950800,13.2,11.4,15.3,26.9,17.0,0.5,0.0,Hong Kong
Hong Kong,HK,2010-02-13,12:00:00,1266037200,14.2,10.1,18.4,20.5,53.0,0.7,0.0,Hong Kong
Hong Kong,HK,2010-02-14,12:00:00,1266123600,17.7,12.9,19.5,20.6,44.0,4.0,0.0,Hong Kong
Hong Kong,HK,2010-02-15,12:00:00,1266210000,11.4,9.6,12.6,22.5,16.0,3.1,0.0,Hong Kong
Hong Kong,HK,2010-02-16,12:00:00,1266296400,9.5,7.9,10.8,25.8,20.0,8.8,0.0,Hong Kong
Hong Kong,HK,2010-02-17,12:00:00,1266382800,9.0,7.9,9.7,21.6,16.0,7.7,0.0,Hong Kong
Hong Kong,HK,2010-02-18,12:00:00,1266469200,9.7,9.1,10.2,20.7,19.0,3.4,0.0,Hong Kong
Hong Kong,HK,2010-02-19,12:00:00,1266555600,10.5,8.3,12.5,17.3,22.0,5.9,0.0,Hong Kong
Hong Kong,HK,2010-02-20,12:00:00,1266642000,14.3,10.9,17.1,12.1,49.0,0.8,0.0,Hong Kong
Hong Kong,HK,2010-02-21,12:00:00,1266728400,17.9,15.9,20.0,12.7,86.0,2.2,0.0,Hong Kong
Hong Kong,HK,2010-02-22,12:00:00,1266814800,19.6,18.7,21.5,9.8,92.0,12.8,0.0,Hong Kong
Hong Kong,HK,2010-02-23,12:00:00,1266901200,20.4,19.0,22.7,12.2,124.0,0.1,0.0,Hong Kong
Hong Kong,HK,2010-02-24,12:00:00,1266987600,22.0,20.3,24.1,26.6,161.0,0.2,0.0,Hong Kong
Hong Kong,HK,2010-02-25,12:00:00,1267074000,23.4,21.8,25.7,22.1,186.0,0.0,0.0,Hong Kong
Hong Kong,HK,2010-02-26,12:00:00,1267160400,23.5,22.4,25.5,17.0,185.0,0.1,0.0,Hong Kong
Hong Kong,HK,2010-02-27,12:00:00,1267246800,23.8,22.6,25.8,14.5,181.0,0.4,0.0,Hong Kong
Hong Kong,HK,2010-02-28,12:00:00,1267333200,23.4,22.3,25.1,21.3,151.0,0.2,0.0,Hong Kong
Hong Kong,HK,2010-03-01,12:00:00,1267419600,23.4,22.0,25.6,19.5,159.0,0.3,0.0,Hong Kong
Hong Kong,HK,2010-03-02,12:00:00,1267506000,23.8,22.5,25.8,19.9,172.0,0.5,0.0,Hong Kong
Hong Kong,HK,2010-03-03,12:00:00,1267592400,23.7,22.8,25.3,23.0,158.0,0.4,0.0,Hong Kong
Hong Kong,HK,2010-03-04,12:00:00,1267678800,23.8,22.4,25.6,23.8,165.0,1.4,0.0,Hong Kong
Hong Kong,HK,2010-03-05,12:00:00,1267765200,24.3,22.9,26.2,26.7,171.0,0.5,0.0,Hong Kong
Hong Kong,HK,2010-03-06,12:00:00,1267851600,24.2,23.1,25.9,23.5,177.0,3.3,0.0,Hong Kong
Hong Kong,HK,2010-03-07,12:00:00,1267938000,17.4,15.6,22.9,19.5,25.0,4.6,0.0,Hong Kong
Hong Kong,HK,2010-03-08,12:00:00,1268024400,17.4,12.0,21.2,24.9,28.0,4.0,0.0,Hong Kong
Hong Kong,HK,2010-03-09,12:00:00,1268110800,10.1,8.6,12.0,29.6,12.0,5.0,0.0,Hong Kong
Hong Kong,HK,2010-03-10,12:00:00,1268197200,11.1,7.5,14.9,26.9,25.0,0.0,0.0,Hong Kong
Hong Kong,HK,2010-03-11,12:00:00,1268283600,15.2,12.0,18.0,10.7,81.0,0.0,0.0,Hong Kong
Hong Kong,HK,2010-03-12,12:00:00,1268370000,18.1,16.8,19.7,12.3,74.0,1.7,0.0,Hong Kong
Hong Kong,HK,2010-03-13,12:00:00,1268456400,20.7,18.6,22.8,15.8,107.0,0.0,0.0,Hong Kong
Hong Kong,HK,2010-03-14,12:00:00,1268542800,22.6,20.7,25.4,21.0,132.0,0.4,0.0,Hong Kong
Hong Kong,HK,2010-03-15,12:00:00,1268629200,23.4,20.8,26.0,11.7,171.0,0.0,0.0,Hong Kong
Hong Kong,HK,2010-03-16,12:00:00,1268715600,19.6,17.3,21.0,22.3,26.0,0.0,0.0,Hong Kong
Hong Kong,HK,2010-03-17,12:00:00,1268802000,19.7,17.9,21.8,13.8,69.0,0.0,0.0,Hong Kong
Hong Kong,HK,2010-03-18,12:00:00,1268888400,20.2,16.8,23.9,9.0,8.0,0.0,0.0,Hong Kong
Hong Kong,HK,2010-03-19,12:00:00,1268974800,20.4,17.9,23.5,11.4,146.0,0.0,0.0,Hong Kong
Hong Kong,HK,2010-03-20,12:00:00,1269061200,21.4,17.5,25.7,12.5,193.0,0.0,0.0,Hong Kong
Hong Kong,HK,2010-03-21,12:00:00,1269147600,22.0,18.4,26.3,17.9,125.0,0.0,0.0,Hong Kong
Hong Kong,HK,2010-03-22,12:00:00,1269234000,22.0,20.6,24.4,17.6,112.0,0.0,0.0,Hong Kong
Hong Kong,HK,2010-03-23,12:00:00,1269320400,23.1,21.3,25.9,14.5,134.0,0.0,0.0,Hong Kong
Hong Kong,HK,2010-03-24,12:00:00,1269406800,23.3,21.1,26.4,19.1,156.0,2.9,0.0,Hong Kong
Hong Kong,HK,2010-03-25,12:00:00,1269493200,16.4,13.7,21.9,32.1,14.0,5.5,0.0,Hong Kong
Hong Kong,HK,2010-03-26,12:00:00,1269579600,17.4,14.7,19.9,21.7,56.0,0.0,0.0,Hong Kong
Hong Kong,HK,2010-03-27,12:00:00,1269666000,18.4,16.6,21.2,17.7,69.0,0.0,0.0,Hong Kong
Hong Kong,HK,2010-03-28,12:00:00,1269752400,19.3,16.7,22.7,17.3,81.0,0.0,0.0,Hong Kong
Hong Kong,HK,2010-03-29,12:00:00,1269838800,19.1,17.2,20.6,20.1,94.0,0.0,0.0,Hong Kong
Hong Kong,HK,2010-03-30,12:00:00,1269925200,20.7,19.2,22.7,27.7,102.0,0.0,0.0,Hong Kong
Hong Kong,HK,2010-03-31,12:00:00,1270011600,21.8,19.9,24.1,19.4,113.0,1.0,0.0,Hong Kong
Hong Kong,HK,2010-04-01,12:00:00,1270098000,23.2,21.2,26.0,15.7,161.0,0.0,0.0,Hong Kong
Hong Kong,HK,2010-04-02,12:00:00,1270184400,21.4,19.3,23.5,17.7,28.0,2.9,0.0,Hong Kong
Hong Kong,HK,2010-04-03,12:00:00,1270270800,20.3,18.8,22.0,22.0,93.0,0.0,0.0,Hong Kong
Hong Kong,HK,2010-04-04,12:00:00,1270357200,21.8,19.9,24.0,21.4,121.0,0.0,0.0,Hong Kong
Hong Kong,HK,2010-04-05,12:00:00,1270443600,22.9,20.8,25.3,15.9,134.0,1.8,0.0,Hong Kong
Hong Kong,HK,2010-04-06,12:00:00,1270530000,23.9,22.3,26.0,18.0,154.0,1.4,0.0,Hong Kong
Hong Kong,HK,2010-04-07,12:00:00,1270616400,21.5,19.8,22.6,19.4,77.0,7.9,0.0,Hong Kong
Hong Kong,HK,2010-04-08,12:00:00,1270702800,19.8,18.5,22.6,21.7,60.0,13.5,0.0,Hong Kong
Hong Kong,HK,2010-04-09,12:00:00,1270789200,20.6,17.9,23.2,14.3,87.0,0.0,0.0,Hong Kong
Hong Kong,HK,2010-04-10,12:00:00,1270875600,22.7,21.5,24.6,23.5,116.0,2.8,0.0,Hong Kong
Hong Kong,HK,2010-04-11,12:00:00,1270962000,24.3,22.6,26.5,26.4,163.0,1.3,0.0,Hong Kong
Hong Kong,HK,2010-04-12,12:00:00,1271048400,25.2,23.6,27.5,22.3,177.0,0.5,0.0,Hong Kong
Hong Kong,HK,2010-04-13,12:00:00,1271134800,24.7,22.0,27.6,22.4,112.0,9.7,0.0,Hong Kong
Hong Kong,HK,2010-04-14,12:00:00,1271221200,21.9,20.7,23.5,27.4,102.0,0.4,0.0,Hong Kong
Hong Kong,HK,2010-04-15,12:00:00,1271307600,17.2,13.4,21.5,22.6,23.0,7.0,0.0,Hong Kong
Hong Kong,HK,2010-04-16,12:00:00,1271394000,16.9,14.1,19.9,16.3,38.0,1.7,0.0,Hong Kong
Hong Kong,HK,2010-04-17,12:00:00,1271480400,20.6,19.7,21.4,17.3,83.0,4.6,0.0,Hong Kong
Hong Kong,HK,2010-04-18,12:00:00,1271566800,21.6,19.7,23.6,18.2,96.0,6.4,0.0,Hong Kong
Hong Kong,HK,2010-04-19,12:00:00,1271653200,23.3,21.8,25.7,14.7,128.0,0.4,0.0,Hong Kong
Hong Kong,HK,2010-04-20,12:00:00,1271739600,24.2,22.0,26.9,20.3,149.0,2.4,0.0,Hong Kong
Hong Kong,HK,2010-04-21,12:00:00,1271826000,25.1,23.5,27.5,23.4,170.0,1.6,0.0,Hong Kong
Hong Kong,HK,2010-04-22,12:00:00,1271912400,23.1,16.5,26.0,21.6,293.0,29.9,0.0,Hong Kong
Hong Kong,HK,2010-04-23,12:00:00,1271998800,19.9,16.2,23.6,23.7,26.0,3.5,0.0,Hong Kong
Hong Kong,HK,2010-04-24,12:00:00,1272085200,20.9,19.4,22.8,19.5,91.0,0.0,0.0,Hong Kong
Hong Kong,HK,2010-04-25,12:00:00,1272171600,21.1,20.1,22.8,20.9,100.0,6.7,0.0,Hong Kong
Hong Kong,HK,2010-04-26,12:00:00,1272258000,21.8,19.9,24.6,17.9,68.0,2.9,0.0,Hong Kong
Hong Kong,HK,2010-04-27,12:00:00,1272344400,20.7,17.8,24.2,15.0,39.0,3.2,0.0,Hong Kong
Hong Kong,HK,2010-04-28,12:00:00,1272430800,22.6,21.0,24.6,6.6,134.0,0.8,0.0,Hong Kong
Hong Kong,HK,2010-04-29,12:00:00,1272517200,21.8,19.7,25.3,21.5,95.0,26.9,0.0,Hong Kong
Hong Kong,HK,2010-04-30,12:00:00,1272603600,21.3,19.4,23.8,21.6,89.0,0.6,0.0,Hong Kong
Hong Kong,HK,2010-05-01,12:00:00,1272690000,22.8,20.6,25.7,8.7,114.0,0.2,0.0,Hong Kong
Hong Kong,HK,2010-05-02,12:00:00,1272776400,23.6,20.7,27.0,9.2,183.0,0.8,0.0,Hong Kong
Hong Kong,HK,2010-05-03,12:00:00,1272862800,23.1,19.6,25.6,14.0,129.0,0.0,0.0,Hong Kong
Hong Kong,HK,2010-05-04,12:00:00,1272949200,24.0,21.9,26.3,20.0,128.0,1.1,0.0,Hong Kong
Hong Kong,HK,2010-05-05,12:00:00,1273035600,25.4,23.5,27.8,19.9,162.0,1.1,0.0,Hong Kong
Hong Kong,HK,2010-05-06,12:00:00,1273122000,26.1,24.3,28.0,21.7,178.0,4.7,0.0,Hong Kong
Hong Kong,HK,2010-05-07,12:00:00,1273208400,25.6,24.3,27.6,16.4,204.0,23.8,0.0,Hong Kong
Hong Kong,HK,2010-05-08,12:00:00,1273294800,26.4,24.1,28.9,20.4,177.0,2.1,0.0,Hong Kong
Hong Kong,HK,2010-05-09,12:00:00,1273381200,26.9,25.2,29.0,20.8,193.0,0.3,0.0,Hong Kong
Hong Kong,HK,2010-05-10,12:00:00,1273467600,25.4,24.1,26.4,13.8,27.0,9.7,0.0,Hong Kong
Hong Kong,HK,2010-05-11,12:00:00,1273554000,24.7,23.4,26.6,14.6,97.0,0.8,0.0,Hong Kong
Hong Kong,HK,2010-05-12,12:00:00,1273640400,24.4,23.0,26.2,17.7,115.0,0.0,0.0,Hong Kong
Hong Kong,HK,2010-05-13,12:00:00,1273726800,25.1,23.6,26.7,20.2,123.0,1.0,0.0,Hong Kong
Hong Kong,HK,2010-05-14,12:00:00,1273813200,25.9,24.6,27.9,17.1,134.0,3.5,0.0,Hong Kong
Hong Kong,HK,2010-05-15,12:00:00,1273899600,25.7,24.0,27.9,15.0,123.0,6.1,0.0,Hong Kong
Hong Kong,HK,2010-05-16,12:00:00,1273986000,25.6,24.5,27.3,17.4,125.0,1.0,0.0,Hong Kong
Hong Kong,HK,2010-05-17,12:00:00,1274072400,25.9,24.8,27.5,17.0,134.0,1.1,0.0,Hong Kong
Hong Kong,HK,2010-05-18,12:00:00,1274158800,27.0,24.9,29.5,19.8,182.0,0.1,0.0,Hong Kong
Hong Kong,HK,2010-05-19,12:00:00,1274245200,26.6,24.3,28.6,18.4,189.0,14.6,0.0,Hong Kong
Hong Kong,HK,2010-05-20,12:00:00,1274331600,26.0,23.7,28.5,14.4,164.0,20.1,0.0,Hong Kong
Hong Kong,HK,2010-05-21,12:00:00,1274418000,27.2,26.1,29.2,20.7,171.0,11.1,0.0,Hong Kong
Hong Kong,HK,2010-05-22,12:00:00,1274504400,27.5,26.4,28.6,22.1,199.0,25.7,0.0,Hong Kong
Hong Kong,HK,2010-05-23,12:00:00,1274590800,24.6,23.4,26.0,24.4,292.0,37.1,0.0,Hong Kong
Hong Kong,HK,2010-05-24,12:00:00,1274677200,24.7,22.1,27.9,10.5,63.0,0.0,0.0,Hong Kong
Hong Kong,HK,2010-05-25,12:00:00,1274763600,24.9,22.4,27.5,13.8,103.0,0.0,0.0,Hong Kong
Hong Kong,HK,2010-05-26,12:00:00,1274850000,25.6,24.1,27.6,15.3,95.0,0.5,0.0,Hong Kong
Hong Kong,HK,2010-05-27,12:00:00,1274936400,26.1,24.9,28.2,13.3,95.0,3.7,0.0,Hong Kong
Hong Kong,HK,2010-05-28,12:00:00,1275022800,26.3,24.8,28.4,15.3,135.0,5.2,0.0,Hong Kong
Hong Kong,HK,2010-05-29,12:00:00,1275109200,26.7,25.3,28.7,15.0,201.0,16.5,0.0,Hong Kong
Hong Kong,HK,2010-05-30,12:00:00,1275195600,26.1,24.9,27.4,8.9,296.0,15.5,0.0,Hong Kong
Hong Kong,HK,2010-05-31,12:00:00,1275282000,25.4,24.5,26.6,17.7,113.0,9.7,0.0,Hong Kong
Hong Kong,HK,2010-06-01,12:00:00,1275368400,25.0,24.1,25.8,23.3,105.0,10.0,0.0,Hong Kong
Hong Kong,HK,2010-06-02,12:00:00,1275454800,22.6,20.7,24.4,21.9,57.0,33.0,0.0,Hong Kong
Hong Kong,HK,2010-06-03,12:00:00,1275541200,23.3,21.7,25.8,12.1,38.0,0.0,0.0,Hong Kong
Hong Kong,HK,2010-06-04,12:00:00,1275627600,24.9,22.2,27.6,6.9,340.0,1.5,0.0,Hong Kong
Hong Kong,HK,2010-06-05,12:00:00,1275714000,24.6,22.2,27.0,9.8,147.0,2.9,0.0,Hong Kong
Hong Kong,HK,2010-06-06,12:00:00,1275800400,24.7,23.1,26.7,12.3,133.0,0.4,0.0,Hong Kong
Hong Kong,HK,2010-06-07,12:00:00,1275886800,24.8,22.9,26.7,15.9,131.0,0.0,0.0,Hong Kong
Hong Kong,HK,2010-06-08,12:00:00,1275973200,25.7,24.3,27.4,20.2,130.0,0.0,0.0,Hong Kong
Hong Kong,HK,2010-06-09,12:00:00,1276059600,25.7,24.7,27.0,15.7,154.0,13.4,0.0,Hong Kong
Hong Kong,HK,2010-06-10,12:00:00,1276146000,25.3,24.3,26.4,10.8,201.0,25.5,0.0,Hong Kong
Hong Kong,HK,2010-06-11,12:00:00,1276232400,26.0,24.6,28.7,8.6,186.0,17.7,0.0,Hong Kong
Hong Kong,HK,2010-06-12,12:00:00,1276318800,26.3,24.4,28.9,8.9,231.0,12.1,0.0,Hong Kong
Hong Kong,HK,2010-06-13,12:00:00,1276405200,27.0,24.9,29.6,18.0,207.0,10.4,0.0,Hong Kong
Hong Kong,HK,2010-06-14,12:00:00,1276491600,27.8,26.4,29.6,19.0,208.0,10.4,0.0,Hong Kong
Hong Kong,HK,2010-06-15,12:00:00,1276578000,27.8,27.0,29.2,17.5,212.0,5.8,0.0,Hong Kong
Hong Kong,HK,2010-06-16,12:00:00,1276664400,27.8,26.5,29.5,17.1,198.0,15.9,0.0,Hong Kong
Hong Kong,HK,2010-06-17,12:00:00,1276750800,28.2,27.3,29.6,23.5,197.0,6.2,0.0,Hong Kong
Hong Kong,HK,2010-06-18,12:00:00,1276837200,28.4,27.3,29.9,23.8,200.0,0.0,0.0,Hong Kong
Hong Kong,HK,2010-06-19,12:00:00,1276923600,28.6,27.5,30.4,20.3,193.0,0.0,0.0,Hong Kong
Hong Kong,HK,2010-06-20,12:00:00,1277010000,28.6,27.4,30.4,18.1,201.0,0.0,0.0,Hong Kong
Hong Kong,HK,2010-06-21,12:00:00,1277096400,28.0,25.7,30.4,14.3,204.0,5.2,0.0,Hong Kong
Hong Kong,HK,2010-06-22,12:00:00,1277182800,27.3,25.7,30.0,14.8,188.0,11.3,0.0,Hong Kong
Hong Kong,HK,2010-06-23,12:00:00,1277269200,27.5,26.4,29.2,17.9,200.0,10.3,0.0,Hong Kong
Hong Kong,HK,2010-06-24,12:00:00,1277355600,28.2,27.0,29.8,21.1,210.0,10.4,0.0,Hong Kong
Hong Kong,HK,2010-06-25,12:00:00,1277442000,27.7,26.6,28.9,21.4,225.0,33.3,0.0,Hong Kong
Hong Kong,HK,2010-06-26,12:00:00,1277528400,26.4,25.7,27.4,15.9,220.0,51.5,0.0,Hong Kong
Hong Kong,HK,2010-06-27,12:00:00,1277614800,26.4,25.8,27.0,12.6,162.0,32.4,0.0,Hong Kong
Hong Kong,HK,2010-06-28,12:00:00,1277701200,26.3,25.5,27.5,15.3,160.0,23.6,0.0,Hong Kong
Hong Kong,HK,2010-06-29,12:00:00,1277787600,27.7,26.0,29.7,14.6,150.0,4.6,0.0,Hong Kong
Hong Kong,HK,2010-06-30,12:00:00,1277874000,28.3,26.1,30.7,11.7,169.0,0.7,0.0,Hong Kong
Hong Kong,HK,2010-07-01,12:00:00,1277960400,28.3,25.4,31.1,11.4,201.0,0.1,0.0,Hong Kong
Hong Kong,HK,2010-07-02,12:00:00,1278046800,28.7,27.1,31.0,13.0,217.0,0.4,0.0,Hong Kong
Hong Kong,HK,2010-07-03,12:00:00,1278133200,28.8,27.2,31.2,15.6,214.0,0.4,0.0,Hong Kong
Hong Kong,HK,2010-07-04,12:00:00,1278219600,29.2,27.8,31.3,18.7,220.0,0.4,0.0,Hong Kong
Hong Kong,HK,2010-07-05,12:00:00,1278306000,29.3,27.9,31.5,20.0,219.0,0.0,0.0,Hong Kong
Hong Kong,HK,2010-07-06,12:00:00,1278392400,29.2,28.0,31.2,21.9,213.0,0.2,0.0,Hong Kong
Hong Kong,HK,2010-07-07,12:00:00,1278478800,29.2,27.9,31.2,17.7,200.0,0.0,0.0,Hong Kong
Hong Kong,HK,2010-07-08,12:00:00,1278565200,29.2,27.7,31.3,17.8,196.0,0.1,0.0,Hong Kong
Hong Kong,HK,2010-07-09,12:00:00,1278651600,29.0,27.7,30.9,18.6,198.0,0.0,0.0,Hong Kong
Hong Kong,HK,2010-07-10,12:00:00,1278738000,28.9,27.6,30.8,17.9,194.0,0.2,0.0,Hong Kong
Hong Kong,HK,2010-07-11,12:00:00,1278824400,28.7,26.5,30.8,15.6,194.0,1.2,0.0,Hong Kong
Hong Kong,HK,2010-07-12,12:00:00,1278910800,28.9,27.5,30.9,15.1,183.0,0.9,0.0,Hong Kong
Hong Kong,HK,2010-07-13,12:00:00,1278997200,28.6,26.7,30.7,13.9,144.0,0.4,0.0,Hong Kong
Hong Kong,HK,2010-07-14,12:00:00,1279083600,28.7,27.1,30.4,14.8,102.0,4.1,0.0,Hong Kong
Hong Kong,HK,2010-07-15,12:00:00,1279170000,28.4,26.9,30.7,19.3,102.0,3.7,0.0,Hong Kong
Hong Kong,HK,2010-07-16,12:00:00,1279256400,27.6,26.1,29.3,23.5,117.0,10.1,0.0,Hong Kong
Hong Kong,HK,2010-07-17,12:00:00,1279342800,27.8,26.5,29.4,19.1,136.0,11.1,0.0,Hong Kong
Hong Kong,HK,2010-07-18,12:00:00,1279429200,28.5,26.6,30.7,12.2,135.0,0.2,0.0,Hong Kong
Hong Kong,HK,2010-07-19,12:00:00,1279515600,28.5,25.6,31.1,10.3,164.0,0.2,0.0,Hong Kong
Hong Kong,HK,2010-07-20,12:00:00,1279602000,28.8,25.8,31.1,11.2,140.0,0.0,0.0,Hong Kong
Hong Kong,HK,2010-07-21,12:00:00,1279688400,27.4,26.3,28.3,25.1,98.0,12.9,0.0,Hong Kong
Hong Kong,HK,2010-07-22,12:00:00,1279774800,26.7,26.1,28.0,25.9,119.0,15.0,0.0,Hong Kong
Hong Kong,HK,2010-07-23,12:00:00,1279861200,26.9,25.3,28.9,15.8,133.0,10.6,0.0,Hong Kong
Hong Kong,HK,2010-07-24,12:00:00,1279947600,27.2,25.3,29.7,10.7,125.0,9.3,0.0,Hong Kong
Hong Kong,HK,2010-07-25,12:00:00,1280034000,27.4,25.1,30.2,10.4,128.0,6.8,0.0,Hong Kong
Hong Kong,HK,2010-07-26,12:00:00,1280120400,27.4,25.9,29.5,11.6,126.0,10.3,0.0,Hong Kong
Hong Kong,HK,2010-07-27,12:00:00,1280206800,26.4,25.4,27.6,17.1,206.0,26.7,0.0,Hong Kong
Hong Kong,HK,2010-07-28,12:00:00,1280293200,26.2,25.2,27.9,14.0,217.0,35.2,0.0,Hong Kong
Hong Kong,HK,2010-07-29,12:00:00,1280379600,27.9,26.7,30.0,16.6,214.0,9.9,0.0,Hong Kong
Hong Kong,HK,2010-07-30,12:00:00,1280466000,28.8,27.3,31.3,15.2,193.0,0.7,0.0,Hong Kong
Hong Kong,HK,2010-07-31,12:00:00,1280552400,28.9,27.5,30.8,14.7,181.0,0.5,0.0,Hong Kong
Hong Kong,HK,2010-08-01,12:00:00,1280638800,28.7,27.0,30.5,14.0,149.0,3.4,0.0,Hong Kong
Hong Kong,HK,2010-08-02,12:00:00,1280725200,27.8,26.4,29.7,14.9,159.0,7.0,0.0,Hong Kong
Hong Kong,HK,2010-08-03,12:00:00,1280811600,28.2,26.4,30.9,12.5,229.0,1.0,0.0,Hong Kong
Hong Kong,HK,2010-08-04,12:00:00,1280898000,29.2,26.7,32.5,10.6,269.0,0.0,0.0,Hong Kong
Hong Kong,HK,2010-08-05,12:00:00,1280984400,29.1,27.2,31.9,12.4,59.0,5.5,0.0,Hong Kong
Hong Kong,HK,2010-08-06,12:00:00,1281070800,27.6,26.2,29.8,12.8,64.0,8.5,0.0,Hong Kong
Hong Kong,HK,2010-08-07,12:00:00,1281157200,27.6,25.3,30.3,12.4,95.0,9.6,0.0,Hong Kong
Hong Kong,HK,2010-08-08,12:00:00,1281243600,27.9,25.8,30.1,14.6,92.0,1.0,0.0,Hong Kong
Hong Kong,HK,2010-08-09,12:00:00,1281330000,28.2,26.6,30.3,12.6,132.0,0.6,0.0,Hong Kong
Hong Kong,HK,2010-08-10,12:00:00,1281416400,28.4,26.9,30.5,15.6,172.0,1.8,0.0,Hong Kong
Hong Kong,HK,2010-08-11,12:00:00,1281502800,28.0,26.8,29.1,15.1,163.0,16.9,0.0,Hong Kong
Hong Kong,HK,2010-08-12,12:00:00,1281589200,28.3,26.9,31.0,14.4,183.0,7.0,0.0,Hong Kong
Hong Kong,HK,2010-08-13,12:00:00,1281675600,28.2,27.1,30.0,13.5,194.0,8.3,0.0,Hong Kong
Hong Kong,HK,2010-08-14,12:00:00,1281762000,28.0,26.4,30.4,11.9,187.0,8.1,0.0,Hong Kong
Hong Kong,HK,2010-08-15,12:00:00,1281848400,27.5,25.3,29.7,11.2,183.0,7.3,0.0,Hong Kong
Hong Kong,HK,2010-08-16,12:00:00,1281934800,27.0,25.8,28.7,13.2,194.0,11.5,0.0,Hong Kong
Hong Kong,HK,2010-08-17,12:00:00,1282021200,27.3,25.7,29.2,12.5,168.0,4.4,0.0,Hong Kong
Hong Kong,HK,2010-08-18,12:00:00,1282107600,27.6,26.0,29.6,14.7,105.0,8.3,0.0,Hong Kong
Hong Kong,HK,2010-08-19,12:00:00,1282194000,27.6,26.6,29.4,16.8,95.0,6.4,0.0,Hong Kong
Hong Kong,HK,2010-08-20,12:00:00,1282280400,27.6,26.2,29.5,11.9,107.0,1.1,0.0,Hong Kong
Hong Kong,HK,2010-08-21,12:00:00,1282366800,28.3,25.8,30.7,9.4,78.0,0.0,0.0,Hong Kong
Hong Kong,HK,2010-08-22,12:00:00,1282453200,28.0,27.2,29.4,17.0,95.0,3.8,0.0,Hong Kong
Hong Kong,HK,2010-08-23,12:00:00,1282539600,27.1,26.1,28.0,19.3,107.0,5.7,0.0,Hong Kong
Hong Kong,HK,2010-08-24,12:00:00,1282626000,26.9,25.5,28.1,13.3,123.0,18.0,0.0,Hong Kong
Hong Kong,HK,2010-08-25,12:00:00,1282712400,27.0,25.2,28.5,11.8,160.0,15.2,0.0,Hong Kong
Hong Kong,HK,2010-08-26,12:00:00,1282798800,27.6,26.2,30.1,12.5,164.0,13.2,0.0,Hong Kong
Hong Kong,HK,2010-08-27,12:00:00,1282885200,27.6,24.7,30.2,7.6,160.0,1.7,0.0,Hong Kong
Hong Kong,HK,2010-08-28,12:00:00,1282971600,27.6,25.3,30.8,7.9,18.0,7.8,0.0,Hong Kong
Hong Kong,HK,2010-08-29,12:00:00,1283058000,28.3,25.6,31.3,14.5,13.0,0.1,0.0,Hong Kong
Hong Kong,HK,2010-08-30,12:00:00,1283144400,28.7,26.8,31.1,12.7,328.0,0.0,0.0,Hong Kong
Hong Kong,HK,2010-08-31,12:00:00,1283230800,29.2,26.1,32.5,10.8,324.0,0.0,0.0,Hong Kong
Hong Kong,HK,2010-09-01,12:00:00,1283317200,29.7,27.5,32.7,12.4,322.0,0.1,0.0,Hong Kong
Hong Kong,HK,2010-09-02,12:00:00,1283403600,28.2,26.1,31.1,13.2,302.0,8.8,0.0,Hong Kong
Hong Kong,HK,2010-09-03,12:00:00,1283490000,26.2,25.7,27.5,17.3,202.0,57.5,0.0,Hong Kong
Hong Kong,HK,2010-09-04,12:00:00,1283576400,26.7,25.3,28.1,19.6,125.0,15.7,0.0,Hong Kong
Hong Kong,HK,2010-09-05,12:00:00,1283662800,27.3,25.3,29.3,13.8,111.0,3.1,0.0,Hong Kong
Hong Kong,HK,2010-09-06,12:00:00,1283749200,28.0,25.8,30.3,12.5,199.0,0.1,0.0,Hong Kong
Hong Kong,HK,2010-09-07,12:00:00,1283835600,28.2,26.8,30.8,15.9,213.0,1.6,0.0,Hong Kong
Hong Kong,HK,2010-09-08,12:00:00,1283922000,28.9,26.4,31.7,9.4,252.0,7.1,0.0,Hong Kong
Hong Kong,HK,2010-09-09,12:00:00,1284008400,27.8,25.4,30.8,11.0,271.0,14.5,0.0,Hong Kong
Hong Kong,HK,2010-09-10,12:00:00,1284094800,27.4,25.3,30.3,10.1,234.0,13.9,0.0,Hong Kong
Hong Kong,HK,2010-09-11,12:00:00,1284181200,25.7,24.9,26.5,12.4,208.0,39.0,0.0,Hong Kong
Hong Kong,HK,2010-09-12,12:00:00,1284267600,25.8,24.6,27.8,17.1,206.0,42.4,0.0,Hong Kong
Hong Kong,HK,2010-09-13,12:00:00,1284354000,27.2,25.4,29.3,13.8,128.0,1.7,0.0,Hong Kong
Hong Kong,HK,2010-09-14,12:00:00,1284440400,26.6,25.3,28.3,13.0,101.0,7.0,0.0,Hong Kong
Hong Kong,HK,2010-09-15,12:00:00,1284526800,27.2,26.0,29.3,9.5,104.0,4.4,0.0,Hong Kong
Hong Kong,HK,2010-09-16,12:00:00,1284613200,27.5,24.7,30.4,8.8,178.0,0.0,0.0,Hong Kong
Hong Kong,HK,2010-09-17,12:00:00,1284699600,28.0,25.8,31.0,11.0,224.0,0.0,0.0,Hong Kong
Hong Kong,HK,2010-09-18,12:00:00,1284786000,28.5,26.3,31.5,9.8,234.0,0.2,0.0,Hong Kong
Hong Kong,HK,2010-09-19,12:00:00,1284872400,29.6,27.3,32.5,15.5,277.0,0.0,0.0,Hong Kong
Hong Kong,HK,2010-09-20,12:00:00,1284958800,28.1,26.4,29.9,21.4,264.0,59.1,0.0,Hong Kong
Hong Kong,HK,2010-09-21,12:00:00,1285045200,26.0,25.1,26.9,28.2,194.0,124.6,0.0,Hong Kong
Hong Kong,HK,2010-09-22,12:00:00,1285131600,25.4,24.8,26.3,18.0,147.0,41.4,0.0,Hong Kong
Hong Kong,HK,2010-09-23,12:00:00,1285218000,26.1,24.8,28.3,8.7,52.0,14.9,0.0,Hong Kong
Hong Kong,HK,2010-09-24,12:00:00,1285304400,26.6,25.0,28.5,9.4,85.0,3.4,0.0,Hong Kong
Hong Kong,HK,2010-09-25,12:00:00,1285390800,26.6,25.3,28.1,11.4,106.0,5.5,0.0,Hong Kong
Hong Kong,HK,2010-09-26,12:00:00,1285477200,27.1,25.8,28.8,11.4,91.0,0.0,0.0,Hong Kong
Hong Kong,HK,2010-09-27,12:00:00,1285563600,27.2,25.7,29.4,8.1,100.0,0.7,0.0,Hong Kong
Hong Kong,HK,2010-09-28,12:00:00,1285650000,27.5,25.9,29.4,8.9,83.0,0.4,0.0,Hong Kong
Hong Kong,HK,2010-09-29,12:00:00,1285736400,27.1,25.5,29.1,14.5,75.0,9.2,0.0,Hong Kong
Hong Kong,HK,2010-09-30,12:00:00,1285822800,26.7,25.4,29.0,11.9,53.0,1.9,0.0,Hong Kong
Hong Kong,HK,2010-10-01,12:00:00,1285909200,27.0,25.5,29.0,16.0,65.0,0.1,0.0,Hong Kong
Hong Kong,HK,2010-10-02,12:00:00,1285995600,27.4,25.7,30.0,15.5,47.0,0.5,0.0,Hong Kong
Hong Kong,HK,2010-10-03,12:00:00,1286082000,26.9,25.2,29.5,18.6,30.0,0.7,0.0,Hong Kong
Hong Kong,HK,2010-10-04,12:00:00,1286168400,25.0,23.7,26.5,19.8,33.0,0.4,0.0,Hong Kong
Hong Kong,HK,2010-10-05,12:00:00,1286254800,24.2,22.6,25.7,16.3,39.0,3.5,0.0,Hong Kong
Hong Kong,HK,2010-10-06,12:00:00,1286341200,23.7,21.6,24.9,16.6,67.0,2.5,0.0,Hong Kong
Hong Kong,HK,2010-10-07,12:00:00,1286427600,25.2,24.3,26.4,15.8,65.0,5.7,0.0,Hong Kong
Hong Kong,HK,2010-10-08,12:00:00,1286514000,25.3,23.9,26.8,13.0,47.0,2.8,0.0,Hong Kong
Hong Kong,HK,2010-10-09,12:00:00,1286600400,25.2,24.6,26.2,12.8,67.0,6.2,0.0,Hong Kong
Hong Kong,HK,2010-10-10,12:00:00,1286686800,25.9,25.1,27.0,25.0,103.0,7.2,0.0,Hong Kong
Hong Kong,HK,2010-10-11,12:00:00,1286773200,26.1,24.7,27.9,20.2,110.0,7.2,0.0,Hong Kong
Hong Kong,HK,2010-10-12,12:00:00,1286859600,26.8,25.4,28.7,10.3,94.0,0.1,0.0,Hong Kong
Hong Kong,HK,2010-10-13,12:00:00,1286946000,26.6,25.2,28.5,9.3,96.0,0.0,0.0,Hong Kong
Hong Kong,HK,2010-10-14,12:00:00,1287032400,26.7,25.5,28.7,9.5,78.0,1.3,0.0,Hong Kong
Hong Kong,HK,2010-10-15,12:00:00,1287118800,25.1,23.1,26.7,18.2,37.0,7.0,0.0,Hong Kong
Hong Kong,HK,2010-10-16,12:00:00,1287205200,24.9,23.0,26.7,17.6,44.0,0.0,0.0,Hong Kong
Hong Kong,HK,2010-10-17,12:00:00,1287291600,25.7,24.2,27.4,14.9,64.0,0.0,0.0,Hong Kong
Hong Kong,HK,2010-10-18,12:00:00,1287378000,25.8,24.2,28.7,14.1,28.0,0.0,0.0,Hong Kong
Hong Kong,HK,2010-10-19,12:00:00,1287464400,25.3,22.9,27.8,18.9,13.0,0.0,0.0,Hong Kong
Hong Kong,HK,2010-10-20,12:00:00,1287550800,25.1,23.3,28.1,24.8,6.0,0.0,0.0,Hong Kong
Hong Kong,HK,2010-10-21,12:00:00,1287637200,23.9,22.6,26.6,30.3,1.0,2.8,0.0,Hong Kong
Hong Kong,HK,2010-10-22,12:00:00,1287723600,23.0,21.6,25.4,25.1,351.0,0.3,0.0,Hong Kong
Hong Kong,HK,2010-10-23,12:00:00,1287810000,23.5,21.0,26.9,21.4,327.0,0.4,0.0,Hong Kong
Hong Kong,HK,2010-10-24,12:00:00,1287896400,24.5,21.6,27.6,11.5,343.0,0.0,0.0,Hong Kong
Hong Kong,HK,2010-10-25,12:00:00,1287982800,24.1,21.8,27.3,17.2,20.0,0.0,0.0,Hong Kong
Hong Kong,HK,2010-10-26,12:00:00,1288069200,21.7,18.7,23.8,22.7,23.0,1.1,0.0,Hong Kong
Hong Kong,HK,2010-10-27,12:00:00,1288155600,19.0,16.4,21.8,23.4,19.0,0.0,0.0,Hong Kong
Hong Kong,HK,2010-10-28,12:00:00,1288242000,17.7,14.6,21.1,23.7,18.0,0.0,0.0,Hong Kong
Hong Kong,HK,2010-10-29,12:00:00,1288328400,18.2,15.3,21.4,21.3,20.0,0.0,0.0,Hong Kong
Hong Kong,HK,2010-10-30,12:00:00,1288414800,18.4,14.9,22.1,21.5,22.0,0.0,0.0,Hong Kong
Hong Kong,HK,2010-10-31,12:00:00,1288501200,19.4,16.0,23.1,18.8,29.0,0.0,0.0,Hong Kong
Hong Kong,HK,2010-11-01,12:00:00,1288587600,20.5,18.0,23.7,15.0,59.0,0.0,0.0,Hong Kong
Hong Kong,HK,2010-11-02,12:00:00,1288674000,21.0,18.8,23.9,14.9,68.0,0.0,0.0,Hong Kong
Hong Kong,HK,2010-11-03,12:00:00,1288760400,21.2,18.2,24.5,18.5,33.0,0.0,0.0,Hong Kong
Hong Kong,HK,2010-11-04,12:00:00,1288846800,19.9,19.3,20.9,15.9,36.0,2.1,0.0,Hong Kong
Hong Kong,HK,2010-11-05,12:00:00,1288933200,18.8,17.3,20.1,13.2,29.0,7.7,0.0,Hong Kong
Hong Kong,HK,2010-11-06,12:00:00,1289019600,18.7,17.1,19.9,13.2,32.0,6.3,0.0,Hong Kong
Hong Kong,HK,2010-11-07,12:00:00,1289106000,21.8,19.3,25.4,10.9,23.0,0.0,0.0,Hong Kong
Hong Kong,HK,2010-11-08,12:00:00,1289192400,21.0,17.0,25.5,17.6,24.0,0.0,0.0,Hong Kong
Hong Kong,HK,2010-11-09,12:00:00,1289278800,20.3,18.1,23.6,16.8,43.0,0.0,0.0,Hong Kong
Hong Kong,HK,2010-11-10,12:00:00,1289365200,20.3,18.4,23.2,10.8,81.0,0.0,0.0,Hong Kong
Hong Kong,HK,2010-11-11,12:00:00,1289451600,20.7,17.8,24.9,11.8,55.0,0.0,0.0,Hong Kong
Hong Kong,HK,2010-11-12,12:00:00,1289538000,21.4,19.1,24.1,15.5,78.0,0.0,0.0,Hong Kong
Hong Kong,HK,2010-11-13,12:00:00,1289624400,22.1,20.4,24.7,13.1,74.0,0.0,0.0,Hong Kong
Hong Kong,HK,2010-11-14,12:00:00,1289710800,22.3,21.2,24.2,13.4,82.0,0.2,0.0,Hong Kong
Hong Kong,HK,2010-11-15,12:00:00,1289797200,22.8,21.3,25.4,13.7,70.0,0.0,0.0,Hong Kong
Hong Kong,HK,2010-11-16,12:00:00,1289883600,21.2,18.6,24.0,18.0,32.0,0.0,0.0,Hong Kong
Hong Kong,HK,2010-11-17,12:00:00,1289970000,20.1,16.6,23.4,15.5,28.0,0.0,0.0,Hong Kong
Hong Kong,HK,2010-11-18,12:00:00,1290056400,21.0,18.4,24.0,10.8,28.0,0.0,0.0,Hong Kong
Hong Kong,HK,2010-11-19,12:00:00,1290142800,21.2,18.8,24.6,14.1,17.0,0.0,0.0,Hong Kong
Hong Kong,HK,2010-11-20,12:00:00,1290229200,20.4,18.1,22.8,13.8,87.0,0.0,0.0,Hong Kong
Hong Kong,HK,2010-11-21,12:00:00,1290315600,21.7,20.0,24.0,10.8,119.0,0.0,0.0,Hong Kong
Hong Kong,HK,2010-11-22,12:00:00,1290402000,21.9,18.6,25.7,13.4,10.0,0.0,0.0,Hong Kong
Hong Kong,HK,2010-11-23,12:00:00,1290488400,21.1,18.8,24.3,14.2,29.0,0.0,0.0,Hong Kong
Hong Kong,HK,2010-11-24,12:00:00,1290574800,20.3,18.8,22.6,14.5,82.0,0.0,0.0,Hong Kong
Hong Kong,HK,2010-11-25,12:00:00,1290661200,19.9,17.4,23.2,18.7,31.0,0.0,0.0,Hong Kong
Hong Kong,HK,2010-11-26,12:00:00,1290747600,19.1,16.6,21.9,12.9,49.0,0.0,0.0,Hong Kong
Hong Kong,HK,2010-11-27,12:00:00,1290834000,19.5,17.8,21.6,14.6,91.0,0.0,0.0,Hong Kong
Hong Kong,HK,2010-11-28,12:00:00,1290920400,20.5,18.8,23.0,15.1,87.0,0.0,0.0,Hong Kong
Hong Kong,HK,2010-11-29,12:00:00,1291006800,20.7,18.8,23.3,10.7,76.0,0.0,0.0,Hong Kong
Hong Kong,HK,2010-11-30,12:00:00,1291093200,21.2,18.6,25.3,11.8,5.0,0.0,0.0,Hong Kong
Hong Kong,HK,2010-12-01,12:00:00,1291179600,20.3,17.7,23.6,14.6,23.0,0.0,0.0,Hong Kong
Hong Kong,HK,2010-12-02,12:00:00,1291266000,21.1,18.2,25.2,16.3,20.0,0.0,0.0,Hong Kong
Hong Kong,HK,2010-12-03,12:00:00,1291352400,20.5,17.7,23.6,17.1,50.0,0.0,0.0,Hong Kong
Hong Kong,HK,2010-12-04,12:00:00,1291438800,19.8,18.3,22.3,15.1,91.0,0.0,0.0,Hong Kong
Hong Kong,HK,2010-12-05,12:00:00,1291525200,21.0,18.7,24.9,10.3,83.0,0.0,0.0,Hong Kong
Hong Kong,HK,2010-12-06,12:00:00,1291611600,22.1,17.3,26.8,13.7,32.0,0.0,0.0,Hong Kong
Hong Kong,HK,2010-12-07,12:00:00,1291698000,18.7,15.9,21.2,26.0,17.0,0.0,0.0,Hong Kong
Hong Kong,HK,2010-12-08,12:00:00,1291784400,16.4,13.1,20.3,19.4,17.0,0.0,0.0,Hong Kong
Hong Kong,HK,2010-12-09,12:00:00,1291870800,16.9,13.8,19.5,14.8,74.0,0.0,0.0,Hong Kong
Hong Kong,HK,2010-12-10,12:00:00,1291957200,19.0,17.4,20.7,15.8,84.0,0.0,0.0,Hong Kong
Hong Kong,HK,2010-12-11,12:00:00,1292043600,19.4,18.0,20.8,14.0,61.0,0.8,0.0,Hong Kong
Hong Kong,HK,2010-12-12,12:00:00,1292130000,20.6,19.3,22.6,25.0,96.0,0.0,0.0,Hong Kong
Hong Kong,HK,2010-12-13,12:00:00,1292216400,22.1,20.2,24.9,14.5,125.0,0.1,0.0,Hong Kong
Hong Kong,HK,2010-12-14,12:00:00,1292302800,20.9,19.3,23.1,17.1,38.0,0.0,0.0,Hong Kong
Hong Kong,HK,2010-12-15,12:00:00,1292389200,17.0,8.5,19.7,31.2,40.0,15.9,0.0,Hong Kong
Hong Kong,HK,2010-12-16,12:00:00,1292475600,6.9,5.5,8.1,32.1,9.0,5.3,0.0,Hong Kong
Hong Kong,HK,2010-12-17,12:00:00,1292562000,9.3,4.6,14.3,20.5,19.0,0.0,0.0,Hong Kong
Hong Kong,HK,2010-12-18,12:00:00,1292648400,14.1,9.5,17.3,13.7,63.0,0.0,0.0,Hong Kong
Hong Kong,HK,2010-12-19,12:00:00,1292734800,17.9,16.1,20.8,13.2,35.0,0.0,0.0,Hong Kong
Hong Kong,HK,2010-12-20,12:00:00,1292821200,18.2,14.6,22.1,6.9,56.0,0.0,0.0,Hong Kong
Hong Kong,HK,2010-12-21,12:00:00,1292907600,18.5,15.9,21.5,8.2,227.0,0.0,0.0,Hong Kong
Hong Kong,HK,2010-12-22,12:00:00,1292994000,18.1,15.1,21.4,16.1,58.0,0.0,0.0,Hong Kong
Hong Kong,HK,2010-12-23,12:00:00,1293080400,18.1,16.1,20.6,12.5,88.0,0.0,0.0,Hong Kong
Hong Kong,HK,2010-12-24,12:00:00,1293166800,18.7,17.4,20.6,17.0,89.0,0.0,0.0,Hong Kong
Hong Kong,HK,2010-12-25,12:00:00,1293253200,15.0,8.8,17.7,25.6,35.0,2.6,0.0,Hong Kong
Hong Kong,HK,2010-12-26,12:00:00,1293339600,11.4,8.3,15.5,25.6,16.0,0.5,0.0,Hong Kong
Hong Kong,HK,2010-12-27,12:00:00,1293426000,12.4,8.4,16.5,15.5,46.0,0.0,0.0,Hong Kong
Hong Kong,HK,2010-12-28,12:00:00,1293512400,14.9,11.6,19.6,9.2,57.0,0.0,0.0,Hong Kong
Hong Kong,HK,2010-12-29,12:00:00,1293598800,16.6,11.6,20.3,9.9,78.0,0.0,0.0,Hong Kong
Hong Kong,HK,2010-12-30,12:00:00,1293685200,17.2,14.6,21.4,21.1,22.0,0.0,0.0,Hong Kong
Hong Kong,HK,2010-12-31,12:00:00,1293771600,15.0,11.9,18.6,19.8,32.0,0.0,0.0,Hong Kong
Hong Kong,HK,2011-01-01,12:00:00,1293858000,14.7,11.9,17.5,17.8,61.0,0.0,0.0,Hong Kong
Hong Kong,HK,2011-01-02,12:00:00,1293944400,15.1,13.3,17.1,20.2,55.0,0.0,0.0,Hong Kong
Hong Kong,HK,2011-01-03,12:00:00,1294030800,12.0,10.5,14.8,22.7,22.0,0.7,0.0,Hong Kong
Hong Kong,HK,2011-01-04,12:00:00,1294117200,11.1,9.2,13.5,19.3,26.0,3.2,0.0,Hong Kong
Hong Kong,HK,2011-01-05,12:00:00,1294203600,15.2,12.1,18.7,13.6,25.0,0.0,0.0,Hong Kong
Hong Kong,HK,2011-01-06,12:00:00,1294290000,11.4,8.5,15.0,24.9,13.0,0.0,0.0,Hong Kong
Hong Kong,HK,2011-01-07,12:00:00,1294376400,10.3,7.4,14.2,23.3,17.0,0.0,0.0,Hong Kong
Hong Kong,HK,2011-01-08,12:00:00,1294462800,12.4,8.9,16.3,16.3,25.0,0.0,0.0,Hong Kong
Hong Kong,HK,2011-01-09,12:00:00,1294549200,13.6,11.4,17.8,23.8,11.0,0.0,0.0,Hong Kong
Hong Kong,HK,2011-01-10,12:00:00,1294635600,12.3,9.0,16.2,22.5,16.0,0.0,0.0,Hong Kong
Hong Kong,HK,2011-01-11,12:00:00,1294722000,8.9,6.6,12.4,23.7,13.0,1.4,0.0,Hong Kong
Hong Kong,HK,2011-01-12,12:00:00,1294808400,8.1,5.4,11.2,22.1,27.0,4.1,0.0,Hong Kong
Hong Kong,HK,2011-01-13,12:00:00,1294894800,13.5,10.8,16.6,12.1,21.0,0.0,0.0,Hong Kong
Hong Kong,HK,2011-01-14,12:00:00,1294981200,16.4,13.7,19.8,9.5,5.0,0.0,0.0,Hong Kong
Hong Kong,HK,2011-01-15,12:00:00,1295067600,13.0,10.1,15.7,28.6,14.0,0.0,0.0,Hong Kong
Hong Kong,HK,2011-01-16,12:00:00,1295154000,10.8,8.1,13.6,23.4,35.0,0.0,0.0,Hong Kong
Hong Kong,HK,2011-01-17,12:00:00,1295240400,12.4,8.9,15.4,18.9,46.0,0.0,0.0,Hong Kong
Hong Kong,HK,2011-01-18,12:00:00,1295326800,14.8,12.8,17.7,15.6,45.0,0.0,0.0,Hong Kong
Hong Kong,HK,2011-01-19,12:00:00,1295413200,16.2,13.5,19.0,15.6,36.0,0.0,0.0,Hong Kong
Hong Kong,HK,2011-01-20,12:00:00,1295499600,14.9,11.3,18.1,20.4,12.0,0.0,0.0,Hong Kong
Hong Kong,HK,2011-01-21,12:00:00,1295586000,12.7,9.5,17.3,22.4,12.0,0.0,0.0,Hong Kong
Hong Kong,HK,2011-01-22,12:00:00,1295672400,13.2,9.8,16.3,17.1,29.0,0.0,0.0,Hong Kong
Hong Kong,HK,2011-01-23,12:00:00,1295758800,14.8,12.4,18.5,18.4,9.0,0.3,0.0,Hong Kong
Hong Kong,HK,2011-01-24,12:00:00,1295845200,12.8,10.7,16.1,20.4,19.0,0.0,0.0,Hong Kong
Hong Kong,HK,2011-01-25,12:00:00,1295931600,14.4,11.7,17.0,14.6,24.0,0.0,0.0,Hong Kong
Hong Kong,HK,2011-01-26,12:00:00,1296018000,15.5,12.3,18.5,14.8,17.0,0.0,0.0,Hong Kong
Hong Kong,HK,2011-01-27,12:00:00,1296104400,16.1,13.6,19.0,14.3,40.0,0.0,0.0,Hong Kong
Hong Kong,HK,2011-01-28,12:00:00,1296190800,14.7,12.4,16.7,23.9,15.0,0.0,0.0,Hong Kong
Hong Kong,HK,2011-01-29,12:00:00,1296277200,11.8,7.9,16.2,25.4,19.0,0.0,0.0,Hong Kong
Hong Kong,HK,2011-01-30,12:00:00,1296363600,11.7,8.6,15.6,22.2,21.0,0.0,0.0,Hong Kong
Hong Kong,HK,2011-01-31,12:00:00,1296450000,12.9,9.5,16.4,20.0,41.0,0.0,0.0,Hong Kong
Hong Kong,HK,2011-02-01,12:00:00,1296536400,15.0,12.7,17.6,14.6,17.0,0.0,0.0,Hong Kong
Hong Kong,HK,2011-02-02,12:00:00,1296622800,14.8,11.8,18.9,12.8,21.0,0.0,0.0,Hong Kong
Hong Kong,HK,2011-02-03,12:00:00,1296709200,16.5,14.3,19.9,11.2,107.0,0.0,0.0,Hong Kong
Hong Kong,HK,2011-02-04,12:00:00,1296795600,16.5,12.4,21.3,8.8,155.0,0.0,0.0,Hong Kong
Hong Kong,HK,2011-02-05,12:00:00,1296882000,16.9,11.6,21.5,10.4,121.0,0.0,0.0,Hong Kong
Hong Kong,HK,2011-02-06,12:00:00,1296968400,18.2,15.4,22.1,9.5,93.0,0.0,0.0,Hong Kong
Hong Kong,HK,2011-02-07,12:00:00,1297054800,18.5,15.4,21.7,14.3,112.0,0.0,0.0,Hong Kong
Hong Kong,HK,2011-02-08,12:00:00,1297141200,19.9,17.4,22.8,9.5,130.0,0.0,0.0,Hong Kong
Hong Kong,HK,2011-02-09,12:00:00,1297227600,20.2,18.0,23.4,17.2,121.0,0.0,0.0,Hong Kong
Hong Kong,HK,2011-02-10,12:00:00,1297314000,19.4,17.5,22.2,17.5,118.0,0.0,0.0,Hong Kong
Hong Kong,HK,2011-02-11,12:00:00,1297400400,17.2,14.3,19.2,19.2,30.0,0.0,0.0,Hong Kong
Hong Kong,HK,2011-02-12,12:00:00,1297486800,15.0,12.7,17.4,18.8,62.0,0.0,0.0,Hong Kong
Hong Kong,HK,2011-02-13,12:00:00,1297573200,13.2,9.8,15.9,21.2,26.0,12.3,0.0,Hong Kong
Hong Kong,HK,2011-02-14,12:00:00,1297659600,11.4,8.4,15.5,23.8,27.0,0.6,0.0,Hong Kong
Hong Kong,HK,2011-02-15,12:00:00,1297746000,13.3,11.9,14.6,19.6,47.0,5.2,0.0,Hong Kong
Hong Kong,HK,2011-02-16,12:00:00,1297832400,17.8,15.0,20.2,17.3,60.0,1.8,0.0,Hong Kong
Hong Kong,HK,2011-02-17,12:00:00,1297918800,17.4,14.5,19.0,15.5,1.0,0.7,0.0,Hong Kong
Hong Kong,HK,2011-02-18,12:00:00,1298005200,15.4,13.8,18.1,13.3,29.0,0.6,0.0,Hong Kong
Hong Kong,HK,2011-02-19,12:00:00,1298091600,14.0,12.1,15.3,17.0,26.0,7.6,0.0,Hong Kong
Hong Kong,HK,2011-02-20,12:00:00,1298178000,14.6,12.0,17.7,17.2,27.0,0.6,0.0,Hong Kong
Hong Kong,HK,2011-02-21,12:00:00,1298264400,16.8,15.4,18.4,14.2,44.0,0.8,0.0,Hong Kong
Hong Kong,HK,2011-02-22,12:00:00,1298350800,17.4,16.0,18.7,19.2,88.0,0.9,0.0,Hong Kong
Hong Kong,HK,2011-02-23,12:00:00,1298437200,18.7,17.1,21.7,9.9,84.0,0.0,0.0,Hong Kong
Hong Kong,HK,2011-02-24,12:00:00,1298523600,19.1,15.9,22.8,11.2,137.0,0.0,0.0,Hong Kong
Hong Kong,HK,2011-02-25,12:00:00,1298610000,19.8,18.3,22.4,16.9,108.0,0.0,0.0,Hong Kong
Hong Kong,HK,2011-02-26,12:00:00,1298696400,19.6,18.0,22.4,18.8,105.0,0.0,0.0,Hong Kong
Hong Kong,HK,2011-02-27,12:00:00,1298782800,20.7,18.7,23.4,13.3,117.0,0.0,0.0,Hong Kong
Hong Kong,HK,2011-02-28,12:00:00,1298869200,20.4,17.2,24.5,11.2,123.0,0.0,0.0,Hong Kong
Hong Kong,HK,2011-03-01,12:00:00,1298955600,20.7,18.5,23.6,17.6,44.0,0.6,0.0,Hong Kong
Hong Kong,HK,2011-03-02,12:00:00,1299042000,17.8,14.9,20.9,18.7,36.0,0.0,0.0,Hong Kong
Hong Kong,HK,2011-03-03,12:00:00,1299128400,18.6,16.8,22.1,17.8,45.0,0.0,0.0,Hong Kong
Hong Kong,HK,2011-03-04,12:00:00,1299214800,16.7,14.5,19.0,18.6,65.0,0.0,0.0,Hong Kong
Hong Kong,HK,2011-03-05,12:00:00,1299301200,17.8,15.9,19.5,20.3,98.0,0.0,0.0,Hong Kong
Hong Kong,HK,2011-03-06,12:00:00,1299387600,20.0,18.2,22.3,16.5,107.0,0.8,0.0,Hong Kong
Hong Kong,HK,2011-03-07,12:00:00,1299474000,18.7,14.5,22.4,24.7,16.0,0.9,0.0,Hong Kong
Hong Kong,HK,2011-03-08,12:00:00,1299560400,16.7,14.1,18.6,18.3,51.0,0.9,0.0,Hong Kong
Hong Kong,HK,2011-03-09,12:00:00,1299646800,17.0,14.6,19.0,18.7,54.0,4.3,0.0,Hong Kong
Hong Kong,HK,2011-03-10,12:00:00,1299733200,17.4,14.7,20.1,15.1,28.0,1.4,0.0,Hong Kong
Hong Kong,HK,2011-03-11,12:00:00,1299819600,18.2,16.3,20.5,12.2,47.0,0.0,0.0,Hong Kong
Hong Kong,HK,2011-03-12,12:00:00,1299906000,19.6,17.8,22.2,9.1,83.0,0.0,0.0,Hong Kong
Hong Kong,HK,2011-03-13,12:00:00,1299992400,19.7,15.4,23.7,13.4,141.0,0.0,0.0,Hong Kong
Hong Kong,HK,2011-03-14,12:00:00,1300078800,21.7,18.5,26.1,8.2,43.0,0.0,0.0,Hong Kong
Hong Kong,HK,2011-03-15,12:00:00,1300165200,18.5,13.2,23.1,30.5,28.0,0.4,0.0,Hong Kong
Hong Kong,HK,2011-03-16,12:00:00,1300251600,15.2,12.1,18.9,26.5,22.0,0.0,0.0,Hong Kong
Hong Kong,HK,2011-03-17,12:00:00,1300338000,16.7,14.3,19.5,18.1,45.0,2.5,0.0,Hong Kong
Hong Kong,HK,2011-03-18,12:00:00,1300424400,17.1,15.5,19.1,18.1,42.0,5.2,0.0,Hong Kong
Hong Kong,HK,2011-03-19,12:00:00,1300510800,19.3,15.3,21.0,18.3,52.0,4.7,0.0,Hong Kong
Hong Kong,HK,2011-03-20,12:00:00,1300597200,22.0,20.4,25.0,12.3,158.0,2.6,0.0,Hong Kong
Hong Kong,HK,2011-03-21,12:00:00,1300683600,22.7,20.4,25.7,14.2,155.0,0.0,0.0,Hong Kong
Hong Kong,HK,2011-03-22,12:00:00,1300770000,18.9,14.6,22.8,23.2,20.0,0.0,0.0,Hong Kong
Hong Kong,HK,2011-03-23,12:00:00,1300856400,16.2,13.5,18.9,19.9,25.0,0.0,0.0,Hong Kong
Hong Kong,HK,2011-03-24,12:00:00,1300942800,17.7,15.4,21.3,18.7,15.0,0.0,0.0,Hong Kong
Hong Kong,HK,2011-03-25,12:00:00,1301029200,17.4,14.3,20.6,18.1,23.0,0.0,0.0,Hong Kong
Hong Kong,HK,2011-03-26,12:00:00,1301115600,18.2,16.2,20.8,15.1,47.0,0.0,0.0,Hong Kong
Hong Kong,HK,2011-03-27,12:00:00,1301202000,15.8,14.1,18.1,15.4,26.0,0.0,0.0,Hong Kong
Hong Kong,HK,2011-03-28,12:00:00,1301288400,17.4,14.7,21.1,15.3,51.0,0.0,0.0,Hong Kong
Hong Kong,HK,2011-03-29,12:00:00,1301374800,18.8,16.4,21.3,13.5,61.0,0.0,0.0,Hong Kong
Hong Kong,HK,2011-03-30,12:00:00,1301461200,18.9,18.1,20.1,14.9,90.0,0.0,0.0,Hong Kong
Hong Kong,HK,2011-03-31,12:00:00,1301547600,19.0,17.6,21.6,14.0,99.0,0.4,0.0,Hong Kong
Hong Kong,HK,2011-04-01,12:00:00,1301634000,20.3,18.1,22.8,12.4,116.0,0.0,0.0,Hong Kong
Hong Kong,HK,2011-04-02,12:00:00,1301720400,21.2,18.6,25.0,14.8,150.0,0.0,0.0,Hong Kong
Hong Kong,HK,2011-04-03,12:00:00,1301806800,21.5,17.7,25.6,12.7,194.0,0.0,0.0,Hong Kong
Hong Kong,HK,2011-04-04,12:00:00,1301893200,20.0,19.1,22.6,17.8,32.0,0.0,0.0,Hong Kong
Hong Kong,HK,2011-04-05,12:00:00,1301979600,19.6,18.1,22.0,16.4,85.0,0.0,0.0,Hong Kong
Hong Kong,HK,2011-04-06,12:00:00,1302066000,19.8,18.0,22.5,18.5,109.0,0.0,0.0,Hong Kong
Hong Kong,HK,2011-04-07,12:00:00,1302152400,21.5,19.3,24.4,9.7,132.0,0.0,0.0,Hong Kong
Hong Kong,HK,2011-04-08,12:00:00,1302238800,21.9,17.2,26.3,10.1,143.0,0.0,0.0,Hong Kong
Hong Kong,HK,2011-04-09,12:00:00,1302325200,22.1,20.0,24.8,14.1,119.0,0.0,0.0,Hong Kong
Hong Kong,HK,2011-04-10,12:00:00,1302411600,22.5,19.8,26.0,12.4,155.0,0.0,0.0,Hong Kong
Hong Kong,HK,2011-04-11,12:00:00,1302498000,23.3,18.4,29.0,18.6,192.0,0.0,0.0,Hong Kong
Hong Kong,HK,2011-04-12,12:00:00,1302584400,21.8,20.1,24.4,20.8,110.0,0.0,0.0,Hong Kong
Hong Kong,HK,2011-04-13,12:00:00,1302670800,22.5,20.3,25.6,16.3,136.0,0.0,0.0,Hong Kong
Hong Kong,HK,2011-04-14,12:00:00,1302757200,22.7,18.2,26.5,15.5,168.0,0.0,0.0,Hong Kong
Hong Kong,HK,2011-04-15,12:00:00,1302843600,23.5,20.1,27.0,15.0,192.0,0.0,0.0,Hong Kong
Hong Kong,HK,2011-04-16,12:00:00,1302930000,25.0,22.0,29.0,19.2,217.0,0.0,0.0,Hong Kong
Hong Kong,HK,2011-04-17,12:00:00,1303016400,24.8,23.1,27.5,18.9,219.0,19.5,0.0,Hong Kong
Hong Kong,HK,2011-04-18,12:00:00,1303102800,23.3,21.0,26.6,14.1,47.0,1.0,0.0,Hong Kong
Hong Kong,HK,2011-04-19,12:00:00,1303189200,22.6,20.2,25.5,16.5,92.0,0.0,0.0,Hong Kong
Hong Kong,HK,2011-04-20,12:00:00,1303275600,21.8,20.1,23.9,22.5,102.0,0.0,0.0,Hong Kong
Hong Kong,HK,2011-04-21,12:00:00,1303362000,23.0,21.1,25.4,19.4,127.0,0.0,0.0,Hong Kong
Hong Kong,HK,2011-04-22,12:00:00,1303448400,23.8,20.5,26.9,13.7,343.0,0.9,0.0,Hong Kong
Hong Kong,HK,2011-04-23,12:00:00,1303534800,21.7,20.5,22.4,17.7,60.0,1.1,0.0,Hong Kong
Hong Kong,HK,2011-04-24,12:00:00,1303621200,22.5,18.7,26.1,8.4,94.0,0.0,0.0,Hong Kong
Hong Kong,HK,2011-04-25,12:00:00,1303707600,23.0,20.1,26.9,13.7,172.0,0.0,0.0,Hong Kong
Hong Kong,HK,2011-04-26,12:00:00,1303794000,23.5,19.4,27.8,15.0,194.0,0.0,0.0,Hong Kong
Hong Kong,HK,2011-04-27,12:00:00,1303880400,25.5,22.4,30.5,15.7,228.0,0.0,0.0,Hong Kong
Hong Kong,HK,2011-04-28,12:00:00,1303966800,24.8,23.1,27.6,14.7,151.0,0.4,0.0,Hong Kong
Hong Kong,HK,2011-04-29,12:00:00,1304053200,23.4,22.8,25.1,17.5,118.0,16.6,0.0,Hong Kong
Hong Kong,HK,2011-04-30,12:00:00,1304139600,25.1,23.2,28.3,14.0,175.0,0.0,0.0,Hong Kong
Hong Kong,HK,2011-05-01,12:00:00,1304226000,25.6,23.4,28.8,14.4,180.0,0.6,0.0,Hong Kong
Hong Kong,HK,2011-05-02,12:00:00,1304312400,26.1,24.2,28.8,20.2,168.0,0.6,0.0,Hong Kong
Hong Kong,HK,2011-05-03,12:00:00,1304398800,25.8,23.5,28.7,15.5,179.0,2.0,0.0,Hong Kong
Hong Kong,HK,2011-05-04,12:00:00,1304485200,25.2,22.9,28.0,12.5,2.0,0.3,0.0,Hong Kong
Hong Kong,HK,2011-05-05,12:00:00,1304571600,25.4,23.0,28.5,10.2,101.0,1.2,0.0,Hong Kong
Hong Kong,HK,2011-05-06,12:00:00,1304658000,26.2,23.9,29.1,18.6,177.0,0.3,0.0,Hong Kong
Hong Kong,HK,2011-05-07,12:00:00,1304744400,26.6,24.6,28.8,17.7,166.0,0.1,0.0,Hong Kong
Hong Kong,HK,2011-05-08,12:00:00,1304830800,26.7,25.1,29.2,18.4,141.0,0.0,0.0,Hong Kong
Hong Kong,HK,2011-05-09,12:00:00,1304917200,26.9,24.8,29.7,15.5,149.0,0.2,0.0,Hong Kong
Hong Kong,HK,2011-05-10,12:00:00,1305003600,27.6,25.1,30.7,17.7,183.0,0.0,0.0,Hong Kong
Hong Kong,HK,2011-05-11,12:00:00,1305090000,28.5,26.4,31.3,17.5,198.0,0.9,0.0,Hong Kong
Hong Kong,HK,2011-05-12,12:00:00,1305176400,28.1,25.5,31.0,15.1,184.0,12.7,0.0,Hong Kong
Hong Kong,HK,2011-05-13,12:00:00,1305262800,25.9,24.8,27.9,12.0,48.0,15.0,0.0,Hong Kong
Hong Kong,HK,2011-05-14,12:00:00,1305349200,25.6,24.3,28.0,15.5,98.0,12.8,0.0,Hong Kong
Hong Kong,HK,2011-05-15,12:00:00,1305435600,25.3,24.0,27.4,16.0,126.0,9.9,0.0,Hong Kong
Hong Kong,HK,2011-05-16,12:00:00,1305522000,24.9,23.5,27.1,11.6,282.0,25.4,0.0,Hong Kong
Hong Kong,HK,2011-05-17,12:00:00,1305608400,23.4,22.0,24.9,13.6,73.0,2.5,0.0,Hong Kong
Hong Kong,HK,2011-05-18,12:00:00,1305694800,24.2,23.0,25.9,15.6,96.0,0.0,0.0,Hong Kong
Hong Kong,HK,2011-05-19,12:00:00,1305781200,24.8,23.0,27.5,10.7,109.0,0.0,0.0,Hong Kong
Hong Kong,HK,2011-05-20,12:00:00,1305867600,25.5,23.3,28.1,9.2,141.0,1.0,0.0,Hong Kong
Hong Kong,HK,2011-05-21,12:00:00,1305954000,25.1,23.4,27.4,13.9,135.0,17.2,0.0,Hong Kong
Hong Kong,HK,2011-05-22,12:00:00,1306040400,25.2,23.8,26.8,16.5,171.0,18.3,0.0,Hong Kong
Hong Kong,HK,2011-05-23,12:00:00,1306126800,24.7,22.4,27.0,18.0,360.0,21.1,0.0,Hong Kong
Hong Kong,HK,2011-05-24,12:00:00,1306213200,22.5,20.2,24.5,18.0,30.0,0.2,0.0,Hong Kong
Hong Kong,HK,2011-05-25,12:00:00,1306299600,23.6,21.5,26.1,15.3,28.0,0.1,0.0,Hong Kong
Hong Kong,HK,2011-05-26,12:00:00,1306386000,24.6,22.5,27.7,14.6,14.0,0.0,0.0,Hong Kong
Hong Kong,HK,2011-05-27,12:00:00,1306472400,25.5,22.3,28.7,9.8,8.0,0.0,0.0,Hong Kong
Hong Kong,HK,2011-05-28,12:00:00,1306558800,26.6,23.1,30.2,11.1,350.0,0.0,0.0,Hong Kong
Hong Kong,HK,2011-05-29,12:00:00,1306645200,25.7,23.4,28.0,18.6,108.0,1.3,0.0,Hong Kong
Hong Kong,HK,2011-05-30,12:00:00,1306731600,24.9,23.2,27.0,13.8,113.0,0.0,0.0,Hong Kong
Hong Kong,HK,2011-05-31,12:00:00,1306818000,25.0,20.8,29.3,12.5,85.0,0.0,0.0,Hong Kong
Hong Kong,HK,2011-06-01,12:00:00,1306904400,27.1,23.9,30.9,10.4,226.0,0.0,0.0,Hong Kong
Hong Kong,HK,2011-06-02,12:00:00,1306990800,27.2,24.9,30.0,12.3,163.0,0.3,0.0,Hong Kong
Hong Kong,HK,2011-06-03,12:00:00,1307077200,27.4,25.5,30.1,17.3,185.0,0.0,0.0,Hong Kong
Hong Kong,HK,2011-06-04,12:00:00,1307163600,27.5,25.9,29.7,20.4,178.0,2.0,0.0,Hong Kong
Hong Kong,HK,2011-06-05,12:00:00,1307250000,28.3,26.4,30.5,19.2,189.0,0.4,0.0,Hong Kong
Hong Kong,HK,2011-06-06,12:00:00,1307336400,28.2,26.5,30.6,19.8,197.0,0.6,0.0,Hong Kong
Hong Kong,HK,2011-06-07,12:00:00,1307422800,28.5,26.8,31.2,19.2,205.0,0.4,0.0,Hong Kong
Hong Kong,HK,2011-06-08,12:00:00,1307509200,28.4,26.7,30.7,20.8,194.0,0.7,0.0,Hong Kong
Hong Kong,HK,2011-06-09,12:00:00,1307595600,28.7,26.9,31.1,18.4,174.0,2.3,0.0,Hong Kong
Hong Kong,HK,2011-06-10,12:00:00,1307682000,28.5,25.8,31.3,13.6,167.0,0.0,0.0,Hong Kong
Hong Kong,HK,2011-06-11,12:00:00,1307768400,28.3,25.9,31.2,18.1,196.0,3.2,0.0,Hong Kong
Hong Kong,HK,2011-06-12,12:00:00,1307854800,27.3,25.5,28.4,14.3,182.0,16.5,0.0,Hong Kong
Hong Kong,HK,2011-06-13,12:00:00,1307941200,27.9,25.7,30.0,18.0,176.0,4.6,0.0,Hong Kong
Hong Kong,HK,2011-06-14,12:00:00,1308027600,28.1,26.6,30.0,19.4,185.0,7.3,0.0,Hong Kong
Hong Kong,HK,2011-06-15,12:00:00,1308114000,28.1,27.0,30.0,22.8,184.0,2.4,0.0,Hong Kong
Hong Kong,HK,2011-06-16,12:00:00,1308200400,26.8,25.6,28.1,17.6,137.0,8.7,0.0,Hong Kong
Hong Kong,HK,2011-06-17,12:00:00,1308286800,27.1,25.4,29.1,17.6,143.0,22.0,0.0,Hong Kong
Hong Kong,HK,2011-06-18,12:00:00,1308373200,28.0,26.8,29.8,19.4,146.0,2.1,0.0,Hong Kong
Hong Kong,HK,2011-06-19,12:00:00,1308459600,28.2,26.6,30.1,13.2,125.0,0.3,0.0,Hong Kong
Hong Kong,HK,2011-06-20,12:00:00,1308546000,28.5,26.7,30.4,11.4,114.0,0.6,0.0,Hong Kong
Hong Kong,HK,2011-06-21,12:00:00,1308632400,27.7,26.9,29.4,19.0,68.0,6.2,0.0,Hong Kong
Hong Kong,HK,2011-06-22,12:00:00,1308718800,26.3,25.6,27.4,34.2,83.0,22.1,0.0,Hong Kong
Hong Kong,HK,2011-06-23,12:00:00,1308805200,27.2,25.6,28.8,34.0,122.0,7.3,0.0,Hong Kong
Hong Kong,HK,2011-06-24,12:00:00,1308891600,27.8,26.2,29.7,20.0,133.0,0.3,0.0,Hong Kong
Hong Kong,HK,2011-06-25,12:00:00,1308978000,27.7,25.4,30.6,19.8,223.0,4.1,0.0,Hong Kong
Hong Kong,HK,2011-06-26,12:00:00,1309064400,27.1,25.4,29.7,12.3,218.0,14.4,0.0,Hong Kong
Hong Kong,HK,2011-06-27,12:00:00,1309150800,28.0,26.1,30.3,17.0,196.0,4.0,0.0,Hong Kong
Hong Kong,HK,2011-06-28,12:00:00,1309237200,26.7,25.7,28.7,17.9,186.0,20.1,0.0,Hong Kong
Hong Kong,HK,2011-06-29,12:00:00,1309323600,25.7,25.1,26.2,19.6,165.0,47.4,0.0,Hong Kong
Hong Kong,HK,2011-06-30,12:00:00,1309410000,26.3,25.3,28.0,20.6,159.0,44.5,0.0,Hong Kong
Hong Kong,HK,2011-07-01,12:00:00,1309496400,27.4,26.0,29.4,18.2,164.0,3.1,0.0,Hong Kong
Hong Kong,HK,2011-07-02,12:00:00,1309582800,27.9,26.3,30.0,15.9,177.0,0.9,0.0,Hong Kong
Hong Kong,HK,2011-07-03,12:00:00,1309669200,28.2,26.5,30.5,14.7,195.0,0.3,0.0,Hong Kong
Hong Kong,HK,2011-07-04,12:00:00,1309755600,28.5,26.6,31.0,12.6,196.0,0.9,0.0,Hong Kong
Hong Kong,HK,2011-07-05,12:00:00,1309842000,28.6,26.7,31.2,13.3,213.0,1.3,0.0,Hong Kong
Hong Kong,HK,2011-07-06,12:00:00,1309928400,28.6,26.9,31.0,15.8,208.0,0.2,0.0,Hong Kong
Hong Kong,HK,2011-07-07,12:00:00,1310014800,28.8,27.2,31.1,14.7,205.0,0.2,0.0,Hong Kong
Hong Kong,HK,2011-07-08,12:00:00,1310101200,29.1,27.3,31.9,12.7,213.0,0.0,0.0,Hong Kong
Hong Kong,HK,2011-07-09,12:00:00,1310187600,29.1,27.4,31.8,13.0,232.0,1.6,0.0,Hong Kong
Hong Kong,HK,2011-07-10,12:00:00,1310274000,28.8,26.8,31.7,9.9,261.0,2.4,0.0,Hong Kong
Hong Kong,HK,2011-07-11,12:00:00,1310360400,27.4,25.8,29.1,8.0,255.0,38.0,0.0,Hong Kong
Hong Kong,HK,2011-07-12,12:00:00,1310446800,27.2,25.7,29.6,9.3,116.0,11.2,0.0,Hong Kong
Hong Kong,HK,2011-07-13,12:00:00,1310533200,27.1,25.5,29.7,17.0,101.0,11.9,0.0,Hong Kong
Hong Kong,HK,2011-07-14,12:00:00,1310619600,26.8,25.4,29.2,14.4,101.0,23.6,0.0,Hong Kong
Hong Kong,HK,2011-07-15,12:00:00,1310706000,26.3,25.2,27.5,13.3,183.0,15.5,0.0,Hong Kong
Hong Kong,HK,2011-07-16,12:00:00,1310792400,26.7,25.4,28.2,20.9,232.0,24.1,0.0,Hong Kong
Hong Kong,HK,2011-07-17,12:00:00,1310878800,27.3,26.7,28.2,14.3,218.0,9.4,0.0,Hong Kong
Hong Kong,HK,2011-07-18,12:00:00,1310965200,27.4,25.7,29.8,18.2,239.0,12.7,0.0,Hong Kong
Hong Kong,HK,2011-07-19,12:00:00,1311051600,26.5,25.1,27.8,16.8,210.0,23.1,0.0,Hong Kong
Hong Kong,HK,2011-07-20,12:00:00,1311138000,26.5,24.9,28.4,18.8,201.0,17.5,0.0,Hong Kong
Hong Kong,HK,2011-07-21,12:00:00,1311224400,27.4,25.7,29.5,14.6,192.0,4.4,0.0,Hong Kong
Hong Kong,HK,2011-07-22,12:00:00,1311310800,27.9,26.1,30.1,14.7,167.0,3.3,0.0,Hong Kong
Hong Kong,HK,2011-07-23,12:00:00,1311397200,28.2,26.3,30.4,11.9,175.0,1.0,0.0,Hong Kong
Hong Kong,HK,2011-07-24,12:00:00,1311483600,28.6,25.5,31.6,8.5,233.0,0.0,0.0,Hong Kong
Hong Kong,HK,2011-07-25,12:00:00,1311570000,29.1,27.1,32.2,11.2,213.0,0.1,0.0,Hong Kong
Hong Kong,HK,2011-07-26,12:00:00,1311656400,28.5,27.1,30.5,13.2,162.0,1.1,0.0,Hong Kong
Hong Kong,HK,2011-07-27,12:00:00,1311742800,28.5,26.9,30.4,12.0,120.0,0.3,0.0,Hong Kong
Hong Kong,HK,2011-07-28,12:00:00,1311829200,28.3,25.9,30.8,20.7,55.0,2.2,0.0,Hong Kong
Hong Kong,HK,2011-07-29,12:00:00,1311915600,26.9,25.6,28.6,31.0,101.0,11.4,0.0,Hong Kong
Hong Kong,HK,2011-07-30,12:00:00,1312002000,27.2,26.0,29.2,18.6,110.0,6.1,0.0,Hong Kong
Hong Kong,HK,2011-07-31,12:00:00,1312088400,27.2,25.7,29.3,11.4,112.0,4.2,0.0,Hong Kong
Hong Kong,HK,2011-08-01,12:00:00,1312174800,27.9,25.5,30.8,8.6,190.0,0.6,0.0,Hong Kong
Hong Kong,HK,2011-08-02,12:00:00,1312261200,28.3,25.3,31.3,10.6,209.0,0.0,0.0,Hong Kong
Hong Kong,HK,2011-08-03,12:00:00,1312347600,28.5,26.4,31.7,11.8,227.0,0.0,0.0,Hong Kong
Hong Kong,HK,2011-08-04,12:00:00,1312434000,28.8,26.6,32.0,11.3,212.0,0.0,0.0,Hong Kong
Hong Kong,HK,2011-08-05,12:00:00,1312520400,29.0,26.8,31.7,11.2,187.0,0.0,0.0,Hong Kong
Hong Kong,HK,2011-08-06,12:00:00,1312606800,29.3,27.0,31.8,11.1,205.0,0.0,0.0,Hong Kong
Hong Kong,HK,2011-08-07,12:00:00,1312693200,28.9,27.4,31.1,14.1,185.0,0.9,0.0,Hong Kong
Hong Kong,HK,2011-08-08,12:00:00,1312779600,27.9,26.8,30.1,12.2,177.0,10.5,0.0,Hong Kong
Hong Kong,HK,2011-08-09,12:00:00,1312866000,26.5,25.5,28.0,11.5,140.0,15.4,0.0,Hong Kong
Hong Kong,HK,2011-08-10,12:00:00,1312952400,26.4,25.2,27.3,19.1,154.0,15.9,0.0,Hong Kong
Hong Kong,HK,2011-08-11,12:00:00,1313038800,27.3,25.7,28.8,18.2,157.0,6.7,0.0,Hong Kong
Hong Kong,HK,2011-08-12,12:00:00,1313125200,28.0,26.7,30.0,14.6,159.0,2.0,0.0,Hong Kong
Hong Kong,HK,2011-08-13,12:00:00,1313211600,28.5,26.9,30.6,13.8,188.0,1.1,0.0,Hong Kong
Hong Kong,HK,2011-08-14,12:00:00,1313298000,28.7,27.1,31.1,14.1,186.0,0.1,0.0,Hong Kong
Hong Kong,HK,2011-08-15,12:00:00,1313384400,28.8,27.2,31.2,13.4,195.0,0.1,0.0,Hong Kong
Hong Kong,HK,2011-08-16,12:00:00,1313470800,28.3,26.1,30.8,9.8,191.0,1.0,0.0,Hong Kong
Hong Kong,HK,2011-08-17,12:00:00,1313557200,28.0,26.2,30.1,19.7,158.0,3.8,0.0,Hong Kong
Hong Kong,HK,2011-08-18,12:00:00,1313643600,28.0,25.9,30.5,13.7,151.0,5.2,0.0,Hong Kong
Hong Kong,HK,2011-08-19,12:00:00,1313730000,28.4,26.4,30.6,10.0,103.0,0.8,0.0,Hong Kong
Hong Kong,HK,2011-08-20,12:00:00,1313816400,28.2,26.8,30.0,8.7,113.0,1.0,0.0,Hong Kong
Hong Kong,HK,2011-08-21,12:00:00,1313902800,27.9,25.9,30.4,8.0,139.0,7.1,0.0,Hong Kong
Hong Kong,HK,2011-08-22,12:00:00,1313989200,28.1,26.2,30.5,11.2,193.0,3.0,0.0,Hong Kong
Hong Kong,HK,2011-08-23,12:00:00,1314075600,28.5,26.5,31.0,13.8,193.0,2.4,0.0,Hong Kong
Hong Kong,HK,2011-08-24,12:00:00,1314162000,28.5,26.6,31.3,9.4,217.0,3.3,0.0,Hong Kong
Hong Kong,HK,2011-08-25,12:00:00,1314248400,27.7,25.1,31.0,6.6,12.0,4.8,0.0,Hong Kong
Hong Kong,HK,2011-08-26,12:00:00,1314334800,28.2,25.8,31.0,11.5,17.0,1.9,0.0,Hong Kong
Hong Kong,HK,2011-08-27,12:00:00,1314421200,29.1,26.7,32.3,12.9,354.0,0.0,0.0,Hong Kong
Hong Kong,HK,2011-08-28,12:00:00,1314507600,29.5,26.5,32.7,13.3,334.0,0.0,0.0,Hong Kong
Hong Kong,HK,2011-08-29,12:00:00,1314594000,30.1,27.7,33.3,15.6,309.0,0.0,0.0,Hong Kong
Hong Kong,HK,2011-08-30,12:00:00,1314680400,30.5,27.9,33.5,16.5,292.0,0.0,0.0,Hong Kong
Hong Kong,HK,2011-08-31,12:00:00,1314766800,30.0,27.4,33.5,16.9,316.0,0.7,0.0,Hong Kong
Hong Kong,HK,2011-09-01,12:00:00,1314853200,28.0,26.7,30.9,12.1,297.0,2.5,0.0,Hong Kong
Hong Kong,HK,2011-09-02,12:00:00,1314939600,27.5,25.0,29.9,11.6,175.0,2.9,0.0,Hong Kong
Hong Kong,HK,2011-09-03,12:00:00,1315026000,27.7,25.9,29.9,12.2,132.0,3.6,0.0,Hong Kong
Hong Kong,HK,2011-09-04,12:00:00,1315112400,27.8,25.3,30.7,7.1,107.0,13.5,0.0,Hong Kong
Hong Kong,HK,2011-09-05,12:00:00,1315198800,27.9,25.4,30.5,11.0,156.0,3.0,0.0,Hong Kong
Hong Kong,HK,2011-09-06,12:00:00,1315285200,28.2,26.3,30.1,12.8,141.0,1.5,0.0,Hong Kong
Hong Kong,HK,2011-09-07,12:00:00,1315371600,28.5,27.1,30.0,12.8,138.0,0.0,0.0,Hong Kong
Hong Kong,HK,2011-09-08,12:00:00,1315458000,28.0,26.7,29.3,15.3,116.0,2.3,0.0,Hong Kong
Hong Kong,HK,2011-09-09,12:00:00,1315544400,28.4,27.0,30.1,16.5,93.0,0.4,0.0,Hong Kong
Hong Kong,HK,2011-09-10,12:00:00,1315630800,27.9,25.8,30.2,18.1,87.0,0.8,0.0,Hong Kong
Hong Kong,HK,2011-09-11,12:00:00,1315717200,27.1,25.6,28.8,20.5,90.0,1.7,0.0,Hong Kong
Hong Kong,HK,2011-09-12,12:00:00,1315803600,27.3,25.9,29.2,17.0,100.0,0.1,0.0,Hong Kong
Hong Kong,HK,2011-09-13,12:00:00,1315890000,27.8,26.2,30.1,12.9,111.0,0.0,0.0,Hong Kong
Hong Kong,HK,2011-09-14,12:00:00,1315976400,28.3,25.9,31.0,10.8,104.0,0.0,0.0,Hong Kong
Hong Kong,HK,2011-09-15,12:00:00,1316062800,28.0,26.1,30.3,12.9,91.0,2.5,0.0,Hong Kong
Hong Kong,HK,2011-09-16,12:00:00,1316149200,27.7,26.1,29.7,13.0,86.0,1.4,0.0,Hong Kong
Hong Kong,HK,2011-09-17,12:00:00,1316235600,28.0,26.3,30.1,13.8,88.0,4.8,0.0,Hong Kong
Hong Kong,HK,2011-09-18,12:00:00,1316322000,28.0,26.6,29.9,18.8,99.0,0.1,0.0,Hong Kong
Hong Kong,HK,2011-09-19,12:00:00,1316408400,27.5,25.7,29.9,15.4,64.0,9.6,0.0,Hong Kong
Hong Kong,HK,2011-09-20,12:00:00,1316494800,24.8,22.9,26.6,18.5,23.0,1.0,0.0,Hong Kong
Hong Kong,HK,2011-09-21,12:00:00,1316581200,24.9,22.1,27.5,18.7,20.0,0.0,0.0,Hong Kong
Hong Kong,HK,2011-09-22,12:00:00,1316667600,25.4,22.0,28.1,19.5,38.0,0.0,0.0,Hong Kong
Hong Kong,HK,2011-09-23,12:00:00,1316754000,25.3,24.1,26.4,18.6,47.0,0.4,0.0,Hong Kong
Hong Kong,HK,2011-09-24,12:00:00,1316840400,24.8,23.3,26.6,21.8,41.0,3.8,0.0,Hong Kong
Hong Kong,HK,2011-09-25,12:00:00,1316926800,24.0,21.1,25.8,20.4,37.0,10.8,0.0,Hong Kong
Hong Kong,HK,2011-09-26,12:00:00,1317013200,26.1,24.1,28.7,18.2,64.0,4.1,0.0,Hong Kong
Hong Kong,HK,2011-09-27,12:00:00,1317099600,27.3,25.1,30.4,9.9,63.0,0.0,0.0,Hong Kong
Hong Kong,HK,2011-09-28,12:00:00,1317186000,27.6,25.4,31.4,32.1,49.0,3.3,0.0,Hong Kong
Hong Kong,HK,2011-09-29,12:00:00,1317272400,26.6,25.5,27.8,42.9,93.0,33.9,0.0,Hong Kong
Hong Kong,HK,2011-09-30,12:00:00,1317358800,26.6,25.2,28.0,24.0,108.0,13.5,0.0,Hong Kong
Hong Kong,HK,2011-10-01,12:00:00,1317445200,25.9,24.7,27.6,21.7,97.0,10.3,0.0,Hong Kong
Hong Kong,HK,2011-10-02,12:00:00,1317531600,25.0,23.1,26.4,20.4,31.0,7.5,0.0,Hong Kong
Hong Kong,HK,2011-10-03,12:00:00,1317618000,22.9,20.5,26.1,30.8,23.0,10.0,0.0,Hong Kong
Hong Kong,HK,2011-10-04,12:00:00,1317704400,23.6,21.5,25.7,23.0,39.0,0.0,0.0,Hong Kong
Hong Kong,HK,2011-10-05,12:00:00,1317790800,23.6,21.0,25.9,18.3,38.0,0.0,0.0,Hong Kong
Hong Kong,HK,2011-10-06,12:00:00,1317877200,24.1,22.4,25.7,14.8,42.0,4.1,0.0,Hong Kong
Hong Kong,HK,2011-10-07,12:00:00,1317963600,24.8,23.9,26.3,14.2,66.0,0.6,0.0,Hong Kong
Hong Kong,HK,2011-10-08,12:00:00,1318050000,25.1,23.7,27.6,10.4,67.0,0.0,0.0,Hong Kong
Hong Kong,HK,2011-10-09,12:00:00,1318136400,25.5,23.7,28.2,13.3,64.0,0.2,0.0,Hong Kong
Hong Kong,HK,2011-10-10,12:00:00,1318222800,25.0,24.1,26.7,18.8,72.0,13.1,0.0,Hong Kong
Hong Kong,HK,2011-10-11,12:00:00,1318309200,24.9,23.9,26.2,18.5,76.0,11.9,0.0,Hong Kong
Hong Kong,HK,2011-10-12,12:00:00,1318395600,24.9,24.0,26.0,17.4,93.0,38.5,0.0,Hong Kong
Hong Kong,HK,2011-10-13,12:00:00,1318482000,25.1,24.0,26.8,11.7,114.0,20.9,0.0,Hong Kong
Hong Kong,HK,2011-10-14,12:00:00,1318568400,24.9,23.1,27.7,12.3,37.0,12.0,0.0,Hong Kong
Hong Kong,HK,2011-10-15,12:00:00,1318654800,24.4,22.5,27.0,18.0,19.0,0.8,0.0,Hong Kong
Hong Kong,HK,2011-10-16,12:00:00,1318741200,24.2,22.1,27.1,14.4,26.0,0.0,0.0,Hong Kong
Hong Kong,HK,2011-10-17,12:00:00,1318827600,23.8,22.0,26.9,13.1,30.0,0.0,0.0,Hong Kong
Hong Kong,HK,2011-10-18,12:00:00,1318914000,23.6,22.0,25.7,11.9,61.0,0.0,0.0,Hong Kong
Hong Kong,HK,2011-10-19,12:00:00,1319000400,23.1,21.8,24.7,12.3,90.0,0.0,0.0,Hong Kong
Hong Kong,HK,2011-10-20,12:00:00,1319086800,23.2,21.4,25.8,10.3,69.0,0.0,0.0,Hong Kong
Hong Kong,HK,2011-10-21,12:00:00,1319173200,23.5,21.5,26.6,10.2,53.0,0.0,0.0,Hong Kong
Hong Kong,HK,2011-10-22,12:00:00,1319259600,23.8,20.7,26.2,13.0,98.0,0.0,0.0,Hong Kong
Hong Kong,HK,2011-10-23,12:00:00,1319346000,24.2,23.0,26.0,14.8,106.0,0.0,0.0,Hong Kong
Hong Kong,HK,2011-10-24,12:00:00,1319432400,24.8,22.7,27.6,7.0,56.0,0.0,0.0,Hong Kong
Hong Kong,HK,2011-10-25,12:00:00,1319518800,23.8,22.0,26.2,19.4,34.0,0.1,0.0,Hong Kong
Hong Kong,HK,2011-10-26,12:00:00,1319605200,22.6,20.5,24.5,15.0,44.0,0.0,0.0,Hong Kong
Hong Kong,HK,2011-10-27,12:00:00,1319691600,23.1,21.7,24.9,14.0,72.0,0.0,0.0,Hong Kong
Hong Kong,HK,2011-10-28,12:00:00,1319778000,23.4,21.6,26.3,12.3,35.0,0.0,0.0,Hong Kong
Hong Kong,HK,2011-10-29,12:00:00,1319864400,23.1,20.2,26.4,13.4,17.0,0.0,0.0,Hong Kong
Hong Kong,HK,2011-10-30,12:00:00,1319950800,23.2,20.7,26.0,14.5,37.0,0.0,0.0,Hong Kong
Hong Kong,HK,2011-10-31,12:00:00,1320037200,23.4,22.0,25.5,15.4,77.0,0.0,0.0,Hong Kong
Hong Kong,HK,2011-11-01,12:00:00,1320123600,23.5,21.9,26.5,12.4,69.0,0.0,0.0,Hong Kong
Hong Kong,HK,2011-11-02,12:00:00,1320210000,24.4,22.1,27.5,11.3,42.0,0.0,0.0,Hong Kong
Hong Kong,HK,2011-11-03,12:00:00,1320296400,25.0,23.3,27.6,12.3,46.0,0.2,0.0,Hong Kong
Hong Kong,HK,2011-11-04,12:00:00,1320382800,25.3,24.0,27.7,10.1,67.0,0.5,0.0,Hong Kong
Hong Kong,HK,2011-11-05,12:00:00,1320469200,25.4,23.5,27.9,9.6,58.0,0.0,0.0,Hong Kong
Hong Kong,HK,2011-11-06,12:00:00,1320555600,25.6,24.7,27.8,15.4,72.0,1.1,0.0,Hong Kong
Hong Kong,HK,2011-11-07,12:00:00,1320642000,24.1,23.0,25.5,23.6,68.0,12.6,0.0,Hong Kong
Hong Kong,HK,2011-11-08,12:00:00,1320728400,22.3,21.4,23.3,20.5,33.0,22.5,0.0,Hong Kong
Hong Kong,HK,2011-11-09,12:00:00,1320814800,18.9,17.4,21.2,27.3,14.0,32.5,0.0,Hong Kong
Hong Kong,HK,2011-11-10,12:00:00,1320901200,18.6,16.7,21.5,24.9,11.0,0.2,0.0,Hong Kong
Hong Kong,HK,2011-11-11,12:00:00,1320987600,19.2,17.2,21.9,18.1,16.0,0.0,0.0,Hong Kong
Hong Kong,HK,2011-11-12,12:00:00,1321074000,21.0,18.6,24.2,7.6,40.0,0.0,0.0,Hong Kong
Hong Kong,HK,2011-11-13,12:00:00,1321160400,21.6,18.9,25.1,11.1,36.0,0.0,0.0,Hong Kong
Hong Kong,HK,2011-11-14,12:00:00,1321246800,22.4,20.9,24.7,11.5,59.0,0.0,0.0,Hong Kong
Hong Kong,HK,2011-11-15,12:00:00,1321333200,22.9,21.8,25.1,13.4,72.0,0.0,0.0,Hong Kong
Hong Kong,HK,2011-11-16,12:00:00,1321419600,22.9,21.3,25.2,13.1,70.0,0.0,0.0,Hong Kong
Hong Kong,HK,2011-11-17,12:00:00,1321506000,22.9,22.5,23.3,14.6,53.0,9.1,0.0,Hong Kong
Hong Kong,HK,2011-11-18,12:00:00,1321592400,23.7,22.5,26.0,11.8,64.0,6.8,0.0,Hong Kong
Hong Kong,HK,2011-11-19,12:00:00,1321678800,24.2,22.6,26.7,16.2,5.0,3.1,0.0,Hong Kong
Hong Kong,HK,2011-11-20,12:00:00,1321765200,22.3,20.8,24.3,19.5,40.0,0.0,0.0,Hong Kong
Hong Kong,HK,2011-11-21,12:00:00,1321851600,20.9,20.2,21.7,17.8,64.0,0.0,0.0,Hong Kong
Hong Kong,HK,2011-11-22,12:00:00,1321938000,21.2,19.9,23.3,11.3,42.0,0.0,0.0,Hong Kong
Hong Kong,HK,2011-11-23,12:00:00,1322024400,21.1,19.6,23.5,18.2,28.0,0.0,0.0,Hong Kong
Hong Kong,HK,2011-11-24,12:00:00,1322110800,19.9,17.9,21.7,18.0,49.0,0.0,0.0,Hong Kong
Hong Kong,HK,2011-11-25,12:00:00,1322197200,20.1,18.5,21.1,14.3,73.0,0.4,0.0,Hong Kong
Hong Kong,HK,2011-11-26,12:00:00,1322283600,20.7,19.8,21.9,16.7,52.0,2.5,0.0,Hong Kong
Hong Kong,HK,2011-11-27,12:00:00,1322370000,21.1,18.6,24.2,9.4,55.0,0.0,0.0,Hong Kong
Hong Kong,HK,2011-11-28,12:00:00,1322456400,20.7,18.2,23.7,7.9,92.0,0.0,0.0,Hong Kong
Hong Kong,HK,2011-11-29,12:00:00,1322542800,21.3,19.3,24.1,9.2,86.0,0.0,0.0,Hong Kong
Hong Kong,HK,2011-11-30,12:00:00,1322629200,21.8,18.9,25.7,15.8,31.0,0.0,0.0,Hong Kong
Hong Kong,HK,2011-12-01,12:00:00,1322715600,16.3,12.1,19.2,25.9,13.0,0.0,0.0,Hong Kong
Hong Kong,HK,2011-12-02,12:00:00,1322802000,13.3,11.0,17.1,23.8,11.0,0.0,0.0,Hong Kong
Hong Kong,HK,2011-12-03,12:00:00,1322888400,14.0,10.1,17.9,19.1,28.0,0.0,0.0,Hong Kong
Hong Kong,HK,2011-12-04,12:00:00,1322974800,17.0,14.6,19.4,15.0,51.0,0.0,0.0,Hong Kong
Hong Kong,HK,2011-12-05,12:00:00,1323061200,18.6,17.7,19.3,16.1,64.0,0.0,0.0,Hong Kong
Hong Kong,HK,2011-12-06,12:00:00,1323147600,20.0,18.6,21.9,13.9,49.0,0.7,0.0,Hong Kong
Hong Kong,HK,2011-12-07,12:00:00,1323234000,21.6,19.7,24.9,14.4,10.0,0.0,0.0,Hong Kong
Hong Kong,HK,2011-12-08,12:00:00,1323320400,17.0,12.8,19.7,27.3,11.0,0.0,0.0,Hong Kong
Hong Kong,HK,2011-12-09,12:00:00,1323406800,13.1,12.2,14.6,27.0,18.0,0.0,0.0,Hong Kong
Hong Kong,HK,2011-12-10,12:00:00,1323493200,12.0,9.5,15.3,26.6,15.0,0.0,0.0,Hong Kong
Hong Kong,HK,2011-12-11,12:00:00,1323579600,11.9,8.3,15.9,24.4,18.0,0.0,0.0,Hong Kong
Hong Kong,HK,2011-12-12,12:00:00,1323666000,14.0,10.1,18.5,18.2,18.0,0.0,0.0,Hong Kong
Hong Kong,HK,2011-12-13,12:00:00,1323752400,16.1,12.4,20.2,12.7,22.0,0.0,0.0,Hong Kong
Hong Kong,HK,2011-12-14,12:00:00,1323838800,17.4,16.2,19.1,12.6,20.0,0.0,0.0,Hong Kong
Hong Kong,HK,2011-12-15,12:00:00,1323925200,17.4,15.1,20.5,19.6,18.0,0.0,0.0,Hong Kong
Hong Kong,HK,2011-12-16,12:00:00,1324011600,14.6,12.6,16.2,24.0,20.0,0.0,0.0,Hong Kong
Hong Kong,HK,2011-12-17,12:00:00,1324098000,14.7,12.3,17.0,20.1,41.0,0.0,0.0,Hong Kong
Hong Kong,HK,2011-12-18,12:00:00,1324184400,15.7,12.8,18.8,14.8,36.0,0.0,0.0,Hong Kong
Hong Kong,HK,2011-12-19,12:00:00,1324270800,15.5,12.4,18.3,14.9,50.0,0.0,0.0,Hong Kong
Hong Kong,HK,2011-12-20,12:00:00,1324357200,17.1,15.6,18.8,14.9,45.0,0.0,0.0,Hong Kong
Hong Kong,HK,2011-12-21,12:00:00,1324443600,18.2,15.6,21.2,14.8,28.0,0.0,0.0,Hong Kong
Hong Kong,HK,2011-12-22,12:00:00,1324530000,16.4,13.6,19.9,20.4,22.0,0.0,0.0,Hong Kong
Hong Kong,HK,2011-12-23,12:00:00,1324616400,14.1,10.8,17.8,22.7,20.0,0.0,0.0,Hong Kong
Hong Kong,HK,2011-12-24,12:00:00,1324702800,12.5,9.9,15.6,24.0,22.0,0.0,0.0,Hong Kong
Hong Kong,HK,2011-12-25,12:00:00,1324789200,12.8,9.1,16.0,18.7,34.0,0.0,0.0,Hong Kong
Hong Kong,HK,2011-12-26,12:00:00,1324875600,15.4,13.6,17.4,15.8,53.0,0.0,0.0,Hong Kong
Hong Kong,HK,2011-12-27,12:00:00,1324962000,16.2,14.1,18.9,15.6,79.0,0.0,0.0,Hong Kong
Hong Kong,HK,2011-12-28,12:00:00,1325048400,17.0,14.4,20.5,8.8,64.0,0.0,0.0,Hong Kong
Hong Kong,HK,2011-12-29,12:00:00,1325134800,17.3,15.2,20.5,11.8,76.0,0.0,0.0,Hong Kong
Hong Kong,HK,2011-12-30,12:00:00,1325221200,16.3,14.1,18.9,18.2,29.0,0.0,0.0,Hong Kong
Hong Kong,HK,2011-12-31,12:00:00,1325307600,16.3,14.0,19.7,15.3,25.0,0.0,0.0,Hong Kong
Hong Kong,HK,2012-01-01,12:00:00,1325394000,16.0,14.3,19.1,13.6,36.0,0.0,0.0,Hong Kong
Hong Kong,HK,2012-01-02,12:00:00,1325480400,15.8,14.6,17.8,13.5,82.0,0.0,0.0,Hong Kong
Hong Kong,HK,2012-01-03,12:00:00,1325566800,16.0,14.0,18.3,20.6,65.0,0.0,0.0,Hong Kong
Hong Kong,HK,2012-01-04,12:00:00,1325653200,12.3,10.0,15.4,23.5,24.0,0.0,0.0,Hong Kong
Hong Kong,HK,2012-01-05,12:00:00,1325739600,10.6,9.1,12.9,19.3,24.0,2.2,0.0,Hong Kong
Hong Kong,HK,2012-01-06,12:00:00,1325826000,11.8,10.0,14.4,15.6,17.0,2.6,0.0,Hong Kong
Hong Kong,HK,2012-01-07,12:00:00,1325912400,13.4,11.4,16.6,15.3,23.0,0.1,0.0,Hong Kong
Hong Kong,HK,2012-01-08,12:00:00,1325998800,14.9,11.3,18.9,13.0,7.0,0.0,0.0,Hong Kong
Hong Kong,HK,2012-01-09,12:00:00,1326085200,15.1,11.7,19.5,17.0,17.0,0.0,0.0,Hong Kong
Hong Kong,HK,2012-01-10,12:00:00,1326171600,15.4,11.9,19.3,15.3,26.0,0.0,0.0,Hong Kong
Hong Kong,HK,2012-01-11,12:00:00,1326258000,15.3,13.3,17.2,19.3,29.0,0.6,0.0,Hong Kong
Hong Kong,HK,2012-01-12,12:00:00,1326344400,15.2,13.8,17.6,14.1,35.0,2.4,0.0,Hong Kong
Hong Kong,HK,2012-01-13,12:00:00,1326430800,15.5,14.3,16.4,11.5,31.0,2.9,0.0,Hong Kong
Hong Kong,HK,2012-01-14,12:00:00,1326517200,17.5,16.3,19.5,10.2,55.0,0.9,0.0,Hong Kong
Hong Kong,HK,2012-01-15,12:00:00,1326603600,16.2,14.0,17.6,14.1,36.0,16.8,0.0,Hong Kong
Hong Kong,HK,2012-01-16,12:00:00,1326690000,16.3,14.2,19.5,14.2,9.0,3.0,0.0,Hong Kong
Hong Kong,HK,2012-01-17,12:00:00,1326776400,15.8,14.4,17.6,15.6,63.0,0.0,0.0,Hong Kong
Hong Kong,HK,2012-01-18,12:00:00,1326862800,17.7,15.9,20.1,17.6,105.0,0.0,0.0,Hong Kong
Hong Kong,HK,2012-01-19,12:00:00,1326949200,19.3,17.6,22.1,10.5,76.0,0.0,0.0,Hong Kong
Hong Kong,HK,2012-01-20,12:00:00,1327035600,17.9,17.1,19.1,16.9,86.0,0.3,0.0,Hong Kong
Hong Kong,HK,2012-01-21,12:00:00,1327122000,17.4,16.8,18.6,18.0,80.0,1.6,0.0,Hong Kong
Hong Kong,HK,2012-01-22,12:00:00,1327208400,11.8,8.4,16.9,23.6,22.0,6.4,0.0,Hong Kong
Hong Kong,HK,2012-01-23,12:00:00,1327294800,9.5,7.3,11.2,24.6,25.0,6.0,0.0,Hong Kong
Hong Kong,HK,2012-01-24,12:00:00,1327381200,10.0,7.6,11.7,23.0,20.0,6.6,0.0,Hong Kong
Hong Kong,HK,2012-01-25,12:00:00,1327467600,7.7,6.3,10.2,24.3,19.0,2.0,0.0,Hong Kong
Hong Kong,HK,2012-01-26,12:00:00,1327554000,13.0,9.2,15.6,15.7,45.0,1.6,0.0,Hong Kong
Hong Kong,HK,2012-01-27,12:00:00,1327640400,17.4,15.6,19.5,13.1,59.0,0.1,0.0,Hong Kong
Hong Kong,HK,2012-01-28,12:00:00,1327726800,18.1,15.9,20.8,12.0,27.0,0.0,0.0,Hong Kong
Hong Kong,HK,2012-01-29,12:00:00,1327813200,15.6,13.1,18.4,16.0,12.0,0.0,0.0,Hong Kong
Hong Kong,HK,2012-01-30,12:00:00,1327899600,15.3,12.4,18.3,18.9,17.0,0.0,0.0,Hong Kong
Hong Kong,HK,2012-01-31,12:00:00,1327986000,14.1,10.7,17.8,20.3,22.0,0.0,0.0,Hong Kong
Hong Kong,HK,2012-02-01,12:00:00,1328072400,16.1,12.4,18.6,13.2,80.0,0.0,0.0,Hong Kong
Hong Kong,HK,2012-02-02,12:00:00,1328158800,16.6,14.7,18.0,17.1,50.0,0.9,0.0,Hong Kong
Hong Kong,HK,2012-02-03,12:00:00,1328245200,14.5,12.0,16.8,17.1,34.0,0.0,0.0,Hong Kong
Hong Kong,HK,2012-02-04,12:00:00,1328331600,17.0,15.3,18.5,15.7,72.0,0.0,0.0,Hong Kong
Hong Kong,HK,2012-02-05,12:00:00,1328418000,19.0,17.3,20.9,16.2,96.0,0.4,0.0,Hong Kong
Hong Kong,HK,2012-02-06,12:00:00,1328504400,21.0,19.1,23.7,16.9,150.0,3.1,0.0,Hong Kong
Hong Kong,HK,2012-02-07,12:00:00,1328590800,16.4,12.5,20.3,24.4,16.0,9.0,0.0,Hong Kong
Hong Kong,HK,2012-02-08,12:00:00,1328677200,13.1,11.6,14.8,20.9,32.0,0.2,0.0,Hong Kong
Hong Kong,HK,2012-02-09,12:00:00,1328763600,15.0,12.2,17.1,22.5,75.0,0.4,0.0,Hong Kong
Hong Kong,HK,2012-02-10,12:00:00,1328850000,16.4,12.1,20.6,19.8,40.0,0.0,0.0,Hong Kong
Hong Kong,HK,2012-02-11,12:00:00,1328936400,14.2,11.4,17.1,17.7,22.0,0.0,0.0,Hong Kong
Hong Kong,HK,2012-02-12,12:00:00,1329022800,16.6,13.6,19.2,12.4,45.0,0.0,0.0,Hong Kong
Hong Kong,HK,2012-02-13,12:00:00,1329109200,19.5,17.4,22.5,12.1,77.0,0.0,0.0,Hong Kong
Hong Kong,HK,2012-02-14,12:00:00,1329195600,20.5,19.0,22.9,12.2,95.0,0.3,0.0,Hong Kong
Hong Kong,HK,2012-02-15,12:00:00,1329282000,20.9,18.9,24.0,15.2,107.0,0.0,0.0,Hong Kong
Hong Kong,HK,2012-02-16,12:00:00,1329368400,17.0,14.3,18.8,18.1,26.0,0.4,0.0,Hong Kong
Hong Kong,HK,2012-02-17,12:00:00,1329454800,14.1,12.4,16.2,21.1,27.0,0.0,0.0,Hong Kong
Hong Kong,HK,2012-02-18,12:00:00,1329541200,14.4,11.7,16.7,21.4,35.0,0.0,0.0,Hong Kong
Hong Kong,HK,2012-02-19,12:00:00,1329627600,14.9,12.1,17.5,17.7,48.0,0.0,0.0,Hong Kong
Hong Kong,HK,2012-02-20,12:00:00,1329714000,16.7,14.6,19.2,18.0,80.0,0.0,0.0,Hong Kong
Hong Kong,HK,2012-02-21,12:00:00,1329800400,18.3,17.3,19.6,14.5,80.0,5.4,0.0,Hong Kong
Hong Kong,HK,2012-02-22,12:00:00,1329886800,19.9,18.5,21.7,15.7,109.0,3.3,0.0,Hong Kong
Hong Kong,HK,2012-02-23,12:00:00,1329973200,21.4,19.6,24.5,16.6,153.0,4.3,0.0,Hong Kong
Hong Kong,HK,2012-02-24,12:00:00,1330059600,19.8,18.7,21.5,19.0,109.0,8.8,0.0,Hong Kong
Hong Kong,HK,2012-02-25,12:00:00,1330146000,17.0,14.2,18.7,19.8,37.0,8.8,0.0,Hong Kong
Hong Kong,HK,2012-02-26,12:00:00,1330232400,12.3,11.3,13.7,21.8,27.0,2.6,0.0,Hong Kong
Hong Kong,HK,2012-02-27,12:00:00,1330318800,12.4,10.2,15.0,20.3,28.0,1.8,0.0,Hong Kong
Hong Kong,HK,2012-02-28,12:00:00,1330405200,12.7,9.4,15.6,19.5,27.0,9.6,0.0,Hong Kong
Hong Kong,HK,2012-02-29,12:00:00,1330491600,18.0,16.0,20.0,21.2,83.0,1.8,0.0,Hong Kong
Hong Kong,HK,2012-03-01,12:00:00,1330578000,19.7,18.1,22.2,11.6,91.0,0.0,0.0,Hong Kong
Hong Kong,HK,2012-03-02,12:00:00,1330664400,20.8,19.0,23.5,12.7,105.0,0.5,0.0,Hong Kong
Hong Kong,HK,2012-03-03,12:00:00,1330750800,20.4,19.3,21.9,21.5,97.0,0.9,0.0,Hong Kong
Hong Kong,HK,2012-03-04,12:00:00,1330837200,20.4,19.1,22.7,18.7,108.0,0.0,0.0,Hong Kong
Hong Kong,HK,2012-03-05,12:00:00,1330923600,22.0,19.5,24.8,19.3,158.0,0.9,0.0,Hong Kong
Hong Kong,HK,2012-03-06,12:00:00,1331010000,22.7,20.8,25.3,21.7,158.0,3.6,0.0,Hong Kong
Hong Kong,HK,2012-03-07,12:00:00,1331096400,21.0,19.7,21.9,17.9,112.0,22.2,0.0,Hong Kong
Hong Kong,HK,2012-03-08,12:00:00,1331182800,20.0,18.7,21.6,19.9,76.0,9.0,0.0,Hong Kong
Hong Kong,HK,2012-03-09,12:00:00,1331269200,16.1,13.1,19.2,20.8,25.0,1.3,0.0,Hong Kong
Hong Kong,HK,2012-03-10,12:00:00,1331355600,13.5,11.8,15.7,20.9,24.0,2.3,0.0,Hong Kong
Hong Kong,HK,2012-03-11,12:00:00,1331442000,13.3,11.7,14.3,17.8,27.0,11.2,0.0,Hong Kong
Hong Kong,HK,2012-03-12,12:00:00,1331528400,14.4,12.8,15.2,16.6,43.0,5.1,0.0,Hong Kong
Hong Kong,HK,2012-03-13,12:00:00,1331614800,15.6,13.9,17.0,13.1,38.0,3.2,0.0,Hong Kong
Hong Kong,HK,2012-03-14,12:00:00,1331701200,17.6,16.0,19.9,17.9,87.0,1.1,0.0,Hong Kong
Hong Kong,HK,2012-03-15,12:00:00,1331787600,18.6,17.2,20.8,20.2,98.0,0.0,0.0,Hong Kong
Hong Kong,HK,2012-03-16,12:00:00,1331874000,20.6,18.4,23.9,13.0,123.0,0.3,0.0,Hong Kong
Hong Kong,HK,2012-03-17,12:00:00,1331960400,20.9,18.2,24.6,10.9,151.0,0.0,0.0,Hong Kong
Hong Kong,HK,2012-03-18,12:00:00,1332046800,22.1,18.7,26.3,10.6,183.0,0.0,0.0,Hong Kong
Hong Kong,HK,2012-03-19,12:00:00,1332133200,21.1,18.4,23.4,17.7,120.0,0.0,0.0,Hong Kong
Hong Kong,HK,2012-03-20,12:00:00,1332219600,21.6,20.2,24.0,14.5,110.0,0.4,0.0,Hong Kong
Hong Kong,HK,2012-03-21,12:00:00,1332306000,20.1,19.1,21.8,23.5,102.0,0.0,0.0,Hong Kong
Hong Kong,HK,2012-03-22,12:00:00,1332392400,20.9,19.2,23.4,20.9,102.0,0.0,0.0,Hong Kong
Hong Kong,HK,2012-03-23,12:00:00,1332478800,21.0,15.1,26.6,30.0,7.0,0.3,0.0,Hong Kong
Hong Kong,HK,2012-03-24,12:00:00,1332565200,17.0,14.2,20.6,28.4,28.0,0.3,0.0,Hong Kong
Hong Kong,HK,2012-03-25,12:00:00,1332651600,18.7,15.9,21.7,13.7,72.0,0.0,0.0,Hong Kong
Hong Kong,HK,2012-03-26,12:00:00,1332738000,19.5,17.0,22.4,16.5,86.0,0.0,0.0,Hong Kong
Hong Kong,HK,2012-03-27,12:00:00,1332824400,20.2,18.0,22.8,16.2,89.0,0.0,0.0,Hong Kong
Hong Kong,HK,2012-03-28,12:00:00,1332910800,21.0,18.9,23.5,17.9,98.0,0.0,0.0,Hong Kong
Hong Kong,HK,2012-03-29,12:00:00,1332997200,21.8,19.5,24.6,19.8,104.0,0.0,0.0,Hong Kong
Hong Kong,HK,2012-03-30,12:00:00,1333083600,22.5,20.4,25.2,14.2,108.0,1.8,0.0,Hong Kong
Hong Kong,HK,2012-03-31,12:00:00,1333170000,21.6,19.0,25.5,23.9,33.0,3.0,0.0,Hong Kong
Hong Kong,HK,2012-04-01,12:00:00,1333256400,20.4,19.0,22.1,18.6,101.0,0.0,0.0,Hong Kong
Hong Kong,HK,2012-04-02,12:00:00,1333342800,22.3,20.2,24.9,14.7,129.0,0.7,0.0,Hong Kong
Hong Kong,HK,2012-04-03,12:00:00,1333429200,23.4,20.2,27.7,11.5,63.0,0.0,0.0,Hong Kong
Hong Kong,HK,2012-04-04,12:00:00,1333515600,22.0,20.6,23.7,22.2,106.0,0.0,0.0,Hong Kong
Hong Kong,HK,2012-04-05,12:00:00,1333602000,23.1,21.5,25.4,12.1,134.0,7.5,0.0,Hong Kong
Hong Kong,HK,2012-04-06,12:00:00,1333688400,21.0,19.7,22.3,20.2,81.0,15.7,0.0,Hong Kong
Hong Kong,HK,2012-04-07,12:00:00,1333774800,20.3,18.9,22.1,17.8,75.0,0.9,0.0,Hong Kong
Hong Kong,HK,2012-04-08,12:00:00,1333861200,21.3,20.6,22.9,19.9,84.0,14.0,0.0,Hong Kong
Hong Kong,HK,2012-04-09,12:00:00,1333947600,22.1,20.5,25.0,14.8,86.0,24.8,0.0,Hong Kong
Hong Kong,HK,2012-04-10,12:00:00,1334034000,22.8,21.4,25.4,14.0,134.0,0.0,0.0,Hong Kong
Hong Kong,HK,2012-04-11,12:00:00,1334120400,23.6,21.3,27.3,14.2,192.0,0.0,0.0,Hong Kong
Hong Kong,HK,2012-04-12,12:00:00,1334206800,24.3,21.4,27.4,20.6,176.0,0.0,0.0,Hong Kong
Hong Kong,HK,2012-04-13,12:00:00,1334293200,25.2,23.2,27.7,15.4,183.0,4.9,0.0,Hong Kong
Hong Kong,HK,2012-04-14,12:00:00,1334379600,25.5,23.3,28.0,16.4,173.0,4.6,0.0,Hong Kong
Hong Kong,HK,2012-04-15,12:00:00,1334466000,25.9,24.4,28.2,20.7,193.0,0.6,0.0,Hong Kong
Hong Kong,HK,2012-04-16,12:00:00,1334552400,25.2,23.3,28.2,12.1,209.0,13.8,0.0,Hong Kong
Hong Kong,HK,2012-04-17,12:00:00,1334638800,24.2,22.7,25.6,24.5,115.0,20.8,0.0,Hong Kong
Hong Kong,HK,2012-04-18,12:00:00,1334725200,24.2,22.6,25.4,20.8,111.0,4.0,0.0,Hong Kong
Hong Kong,HK,2012-04-19,12:00:00,1334811600,24.0,22.6,26.2,15.8,119.0,14.7,0.0,Hong Kong
Hong Kong,HK,2012-04-20,12:00:00,1334898000,22.9,22.0,24.3,8.9,164.0,47.4,0.0,Hong Kong
Hong Kong,HK,2012-04-21,12:00:00,1334984400,22.7,21.0,25.2,10.9,325.0,13.5,0.0,Hong Kong
Hong Kong,HK,2012-04-22,12:00:00,1335070800,23.2,19.6,25.9,15.9,111.0,0.0,0.0,Hong Kong
Hong Kong,HK,2012-04-23,12:00:00,1335157200,24.7,23.3,26.9,22.8,150.0,18.5,0.0,Hong Kong
Hong Kong,HK,2012-04-24,12:00:00,1335243600,26.5,25.0,28.3,29.7,186.0,2.7,0.0,Hong Kong
Hong Kong,HK,2012-04-25,12:00:00,1335330000,26.6,24.0,28.7,24.0,202.0,11.1,0.0,Hong Kong
Hong Kong,HK,2012-04-26,12:00:00,1335416400,23.0,21.1,26.1,17.4,54.0,1.3,0.0,Hong Kong
Hong Kong,HK,2012-04-27,12:00:00,1335502800,23.7,23.1,25.4,21.9,108.0,26.1,0.0,Hong Kong
Hong Kong,HK,2012-04-28,12:00:00,1335589200,25.0,22.8,27.0,19.5,137.0,29.5,0.0,Hong Kong
Hong Kong,HK,2012-04-29,12:00:00,1335675600,25.4,23.9,27.3,20.4,167.0,37.8,0.0,Hong Kong
Hong Kong,HK,2012-04-30,12:00:00,1335762000,27.0,24.8,29.2,22.3,187.0,10.4,0.0,Hong Kong
Hong Kong,HK,2012-05-01,12:00:00,1335848400,27.4,26.0,29.3,21.7,190.0,6.1,0.0,Hong Kong
Hong Kong,HK,2012-05-02,12:00:00,1335934800,27.5,26.1,29.7,18.8,194.0,6.0,0.0,Hong Kong
Hong Kong,HK,2012-05-03,12:00:00,1336021200,26.0,24.6,27.4,14.4,187.0,19.5,0.0,Hong Kong
Hong Kong,HK,2012-05-04,12:00:00,1336107600,26.0,23.8,28.3,10.4,120.0,9.7,0.0,Hong Kong
Hong Kong,HK,2012-05-05,12:00:00,1336194000,25.0,23.7,26.4,15.9,95.0,11.4,0.0,Hong Kong
Hong Kong,HK,2012-05-06,12:00:00,1336280400,25.4,24.2,27.0,14.1,118.0,2.2,0.0,Hong Kong
Hong Kong,HK,2012-05-07,12:00:00,1336366800,26.3,24.5,28.3,13.4,141.0,0.1,0.0,Hong Kong
Hong Kong,HK,2012-05-08,12:00:00,1336453200,27.7,25.2,30.2,14.7,203.0,0.3,0.0,Hong Kong
Hong Kong,HK,2012-05-09,12:00:00,1336539600,28.8,27.0,31.6,15.8,230.0,0.3,0.0,Hong Kong
Hong Kong,HK,2012-05-10,12:00:00,1336626000,28.7,26.4,31.2,14.9,220.0,2.8,0.0,Hong Kong
Hong Kong,HK,2012-05-11,12:00:00,1336712400,26.4,25.2,27.9,19.3,114.0,8.1,0.0,Hong Kong
Hong Kong,HK,2012-05-12,12:00:00,1336798800,26.9,24.7,28.9,20.2,139.0,2.0,0.0,Hong Kong
Hong Kong,HK,2012-05-13,12:00:00,1336885200,27.9,26.7,30.0,16.1,191.0,1.3,0.0,Hong Kong
Hong Kong,HK,2012-05-14,12:00:00,1336971600,27.8,26.2,30.0,18.1,185.0,0.8,0.0,Hong Kong
Hong Kong,HK,2012-05-15,12:00:00,1337058000,26.6,24.6,29.0,9.3,130.0,6.9,0.0,Hong Kong
Hong Kong,HK,2012-05-16,12:00:00,1337144400,25.4,24.5,27.1,10.1,92.0,19.6,0.0,Hong Kong
Hong Kong,HK,2012-05-17,12:00:00,1337230800,25.8,24.4,28.6,12.9,108.0,27.5,0.0,Hong Kong
Hong Kong,HK,2012-05-18,12:00:00,1337317200,25.4,24.7,26.6,17.4,113.0,28.9,0.0,Hong Kong
Hong Kong,HK,2012-05-19,12:00:00,1337403600,25.9,24.7,27.8,14.9,144.0,34.6,0.0,Hong Kong
Hong Kong,HK,2012-05-20,12:00:00,1337490000,26.4,24.5,29.6,10.2,83.0,9.3,0.0,Hong Kong
Hong Kong,HK,2012-05-21,12:00:00,1337576400,25.0,24.2,26.4,21.0,101.0,0.0,0.0,Hong Kong
Hong Kong,HK,2012-05-22,12:00:00,1337662800,24.4,23.2,25.8,22.4,100.0,0.0,0.0,Hong Kong
Hong Kong,HK,2012-05-23,12:00:00,1337749200,25.0,24.0,26.3,23.1,102.0,0.0,0.0,Hong Kong
Hong Kong,HK,2012-05-24,12:00:00,1337835600,26.1,24.7,27.7,21.9,99.0,0.0,0.0,Hong Kong
Hong Kong,HK,2012-05-25,12:00:00,1337922000,26.6,25.2,28.5,17.5,92.0,0.8,0.0,Hong Kong
Hong Kong,HK,2012-05-26,12:00:00,1338008400,26.3,25.5,27.3,14.1,86.0,7.6,0.0,Hong Kong
Hong Kong,HK,2012-05-27,12:00:00,1338094800,26.6,25.2,28.8,13.0,110.0,19.1,0.0,Hong Kong
Hong Kong,HK,2012-05-28,12:00:00,1338181200,25.7,24.6,27.3,19.8,108.0,14.2,0.0,Hong Kong
Hong Kong,HK,2012-05-29,12:00:00,1338267600,25.7,24.9,26.9,23.1,103.0,4.6,0.0,Hong Kong
Hong Kong,HK,2012-05-30,12:00:00,1338354000,26.1,24.8,27.9,15.6,106.0,2.2,0.0,Hong Kong
Hong Kong,HK,2012-05-31,12:00:00,1338440400,26.4,25.1,29.1,18.1,71.0,4.9,0.0,Hong Kong
Hong Kong,HK,2012-06-01,12:00:00,1338526800,25.6,24.4,27.1,18.7,90.0,0.2,0.0,Hong Kong
Hong Kong,HK,2012-06-02,12:00:00,1338613200,25.6,24.6,27.7,10.7,91.0,2.5,0.0,Hong Kong
Hong Kong,HK,2012-06-03,12:00:00,1338699600,25.6,24.7,27.2,14.5,109.0,0.8,0.0,Hong Kong
Hong Kong,HK,2012-06-04,12:00:00,1338786000,26.4,24.9,28.3,12.8,140.0,0.6,0.0,Hong Kong
Hong Kong,HK,2012-06-05,12:00:00,1338872400,27.2,24.5,29.9,12.6,160.0,0.0,0.0,Hong Kong
Hong Kong,HK,2012-06-06,12:00:00,1338958800,27.4,25.9,29.3,15.9,136.0,0.2,0.0,Hong Kong
Hong Kong,HK,2012-06-07,12:00:00,1339045200,27.5,26.2,29.4,14.6,132.0,1.2,0.0,Hong Kong
Hong Kong,HK,2012-06-08,12:00:00,1339131600,27.5,26.1,30.0,16.2,163.0,5.7,0.0,Hong Kong
Hong Kong,HK,2012-06-09,12:00:00,1339218000,27.1,25.9,28.9,21.1,202.0,7.9,0.0,Hong Kong
Hong Kong,HK,2012-06-10,12:00:00,1339304400,27.8,26.4,29.1,22.2,217.0,15.0,0.0,Hong Kong
Hong Kong,HK,2012-06-11,12:00:00,1339390800,28.7,27.7,30.1,25.5,226.0,4.8,0.0,Hong Kong
Hong Kong,HK,2012-06-12,12:00:00,1339477200,27.4,25.6,29.6,11.8,260.0,22.9,0.0,Hong Kong
Hong Kong,HK,2012-06-13,12:00:00,1339563600,26.2,25.5,27.0,8.0,173.0,28.7,0.0,Hong Kong
Hong Kong,HK,2012-06-14,12:00:00,1339650000,26.7,24.5,28.8,15.6,132.0,0.0,0.0,Hong Kong
Hong Kong,HK,2012-06-15,12:00:00,1339736400,26.5,25.6,28.2,15.1,101.0,12.8,0.0,Hong Kong
Hong Kong,HK,2012-06-16,12:00:00,1339822800,26.2,25.3,27.7,22.8,83.0,11.8,0.0,Hong Kong
Hong Kong,HK,2012-06-17,12:00:00,1339909200,26.1,25.0,28.2,21.4,105.0,26.9,0.0,Hong Kong
Hong Kong,HK,2012-06-18,12:00:00,1339995600,26.9,25.3,28.4,21.9,91.0,9.4,0.0,Hong Kong
Hong Kong,HK,2012-06-19,12:00:00,1340082000,27.7,25.8,29.6,21.1,43.0,2.8,0.0,Hong Kong
Hong Kong,HK,2012-06-20,12:00:00,1340168400,28.4,26.6,31.3,19.6,264.0,0.5,0.0,Hong Kong
Hong Kong,HK,2012-06-21,12:00:00,1340254800,26.7,25.6,28.2,17.4,183.0,23.4,0.0,Hong Kong
Hong Kong,HK,2012-06-22,12:00:00,1340341200,26.5,25.3,28.2,22.5,196.0,31.1,0.0,Hong Kong
Hong Kong,HK,2012-06-23,12:00:00,1340427600,26.9,25.7,28.8,24.4,191.0,20.7,0.0,Hong Kong
Hong Kong,HK,2012-06-24,12:00:00,1340514000,26.8,25.8,28.5,23.8,192.0,22.6,0.0,Hong Kong
Hong Kong,HK,2012-06-25,12:00:00,1340600400,27.3,25.8,29.2,24.7,197.0,9.9,0.0,Hong Kong
Hong Kong,HK,2012-06-26,12:00:00,1340686800,28.0,26.9,29.3,23.6,179.0,8.1,0.0,Hong Kong
Hong Kong,HK,2012-06-27,12:00:00,1340773200,28.3,26.9,29.9,19.7,165.0,2.5,0.0,Hong Kong
Hong Kong,HK,2012-06-28,12:00:00,1340859600,28.0,26.4,30.2,11.2,165.0,0.5,0.0,Hong Kong
Hong Kong,HK,2012-06-29,12:00:00,1340946000,28.1,26.2,31.6,29.2,12.0,2.7,0.0,Hong Kong
Hong Kong,HK,2012-06-30,12:00:00,1341032400,27.1,26.3,28.2,30.9,130.0,2.1,0.0,Hong Kong
Hong Kong,HK,2012-07-01,12:00:00,1341118800,27.1,25.8,28.8,23.0,122.0,3.5,0.0,Hong Kong
Hong Kong,HK,2012-07-02,12:00:00,1341205200,27.5,25.6,29.4,18.5,139.0,2.2,0.0,Hong Kong
Hong Kong,HK,2012-07-03,12:00:00,1341291600,27.6,26.0,29.6,11.3,144.0,0.9,0.0,Hong Kong
Hong Kong,HK,2012-07-04,12:00:00,1341378000,27.9,26.0,29.9,13.6,120.0,0.3,0.0,Hong Kong
Hong Kong,HK,2012-07-05,12:00:00,1341464400,26.9,25.2,28.3,14.3,108.0,12.7,0.0,Hong Kong
Hong Kong,HK,2012-07-06,12:00:00,1341550800,27.4,25.5,29.6,15.7,150.0,5.4,0.0,Hong Kong
Hong Kong,HK,2012-07-07,12:00:00,1341637200,27.2,26.0,28.5,17.6,161.0,10.3,0.0,Hong Kong
Hong Kong,HK,2012-07-08,12:00:00,1341723600,28.0,26.6,29.5,16.7,174.0,1.8,0.0,Hong Kong
Hong Kong,HK,2012-07-09,12:00:00,1341810000,28.5,27.0,30.5,15.2,187.0,1.0,0.0,Hong Kong
Hong Kong,HK,2012-07-10,12:00:00,1341896400,28.5,26.9,30.6,16.6,208.0,0.9,0.0,Hong Kong
Hong Kong,HK,2012-07-11,12:00:00,1341982800,28.5,26.9,30.5,17.4,211.0,0.5,0.0,Hong Kong
Hong Kong,HK,2012-07-12,12:00:00,1342069200,28.6,27.2,30.6,16.3,203.0,0.0,0.0,Hong Kong
Hong Kong,HK,2012-07-13,12:00:00,1342155600,28.1,26.6,30.2,19.2,198.0,2.0,0.0,Hong Kong
Hong Kong,HK,2012-07-14,12:00:00,1342242000,28.5,26.5,31.0,18.5,207.0,0.4,0.0,Hong Kong
Hong Kong,HK,2012-07-15,12:00:00,1342328400,29.0,27.6,31.1,17.3,203.0,1.2,0.0,Hong Kong
Hong Kong,HK,2012-07-16,12:00:00,1342414800,28.6,27.1,30.3,18.8,186.0,2.4,0.0,Hong Kong
Hong Kong,HK,2012-07-17,12:00:00,1342501200,28.6,27.4,30.7,15.5,186.0,2.7,0.0,Hong Kong
Hong Kong,HK,2012-07-18,12:00:00,1342587600,28.0,26.0,30.6,12.0,184.0,8.2,0.0,Hong Kong
Hong Kong,HK,2012-07-19,12:00:00,1342674000,28.2,25.9,31.1,9.5,186.0,9.3,0.0,Hong Kong
Hong Kong,HK,2012-07-20,12:00:00,1342760400,28.6,25.7,31.9,5.4,242.0,2.6,0.0,Hong Kong
Hong Kong,HK,2012-07-21,12:00:00,1342846800,29.5,26.6,33.5,15.6,316.0,4.8,0.0,Hong Kong
Hong Kong,HK,2012-07-22,12:00:00,1342933200,27.8,26.3,30.8,21.6,65.0,4.9,0.0,Hong Kong
Hong Kong,HK,2012-07-23,12:00:00,1343019600,26.1,25.7,26.7,46.8,52.0,31.4,0.0,Hong Kong
Hong Kong,HK,2012-07-24,12:00:00,1343106000,26.3,25.4,27.9,49.4,125.0,57.4,0.0,Hong Kong
Hong Kong,HK,2012-07-25,12:00:00,1343192400,25.6,25.3,26.3,23.1,138.0,31.1,0.0,Hong Kong
Hong Kong,HK,2012-07-26,12:00:00,1343278800,25.3,24.7,25.8,16.0,136.0,59.8,0.0,Hong Kong
Hong Kong,HK,2012-07-27,12:00:00,1343365200,26.3,25.3,27.7,14.5,131.0,11.4,0.0,Hong Kong
Hong Kong,HK,2012-07-28,12:00:00,1343451600,27.3,25.1,29.5,8.7,143.0,5.1,0.0,Hong Kong
Hong Kong,HK,2012-07-29,12:00:00,1343538000,27.4,25.3,29.9,6.3,131.0,3.9,0.0,Hong Kong
Hong Kong,HK,2012-07-30,12:00:00,1343624400,28.1,25.0,31.1,9.0,240.0,0.0,0.0,Hong Kong
Hong Kong,HK,2012-07-31,12:00:00,1343710800,28.9,26.5,32.5,8.4,256.0,0.6,0.0,Hong Kong
Hong Kong,HK,2012-08-01,12:00:00,1343797200,29.8,27.5,33.4,10.2,290.0,0.3,0.0,Hong Kong
Hong Kong,HK,2012-08-02,12:00:00,1343883600,30.3,27.7,33.6,13.0,312.0,0.0,0.0,Hong Kong
Hong Kong,HK,2012-08-03,12:00:00,1343970000,29.7,27.4,33.1,8.0,271.0,0.4,0.0,Hong Kong
Hong Kong,HK,2012-08-04,12:00:00,1344056400,28.3,27.1,29.6,10.7,212.0,1.3,0.0,Hong Kong
Hong Kong,HK,2012-08-05,12:00:00,1344142800,27.5,26.0,30.1,14.8,170.0,7.5,0.0,Hong Kong
Hong Kong,HK,2012-08-06,12:00:00,1344229200,27.4,25.4,29.4,10.4,129.0,1.2,0.0,Hong Kong
Hong Kong,HK,2012-08-07,12:00:00,1344315600,28.4,25.6,31.5,9.9,272.0,3.1,0.0,Hong Kong
Hong Kong,HK,2012-08-08,12:00:00,1344402000,28.7,26.2,31.8,10.1,265.0,6.0,0.0,Hong Kong
Hong Kong,HK,2012-08-09,12:00:00,1344488400,29.2,27.7,32.0,18.5,233.0,1.2,0.0,Hong Kong
Hong Kong,HK,2012-08-10,12:00:00,1344574800,28.2,27.0,29.6,17.6,219.0,5.6,0.0,Hong Kong
Hong Kong,HK,2012-08-11,12:00:00,1344661200,27.5,25.7,29.1,15.9,203.0,6.0,0.0,Hong Kong
Hong Kong,HK,2012-08-12,12:00:00,1344747600,26.7,25.2,29.0,13.9,195.0,14.6,0.0,Hong Kong
Hong Kong,HK,2012-08-13,12:00:00,1344834000,26.6,25.5,27.4,12.6,169.0,12.9,0.0,Hong Kong
Hong Kong,HK,2012-08-14,12:00:00,1344920400,27.4,25.5,29.7,13.2,148.0,11.1,0.0,Hong Kong
Hong Kong,HK,2012-08-15,12:00:00,1345006800,28.5,25.5,31.5,5.9,24.0,2.3,0.0,Hong Kong
Hong Kong,HK,2012-08-16,12:00:00,1345093200,27.7,25.7,31.0,34.3,70.0,26.6,0.0,Hong Kong
Hong Kong,HK,2012-08-17,12:00:00,1345179600,27.6,26.7,28.7,31.3,110.0,6.2,0.0,Hong Kong
Hong Kong,HK,2012-08-18,12:00:00,1345266000,27.7,26.1,29.8,14.8,137.0,4.3,0.0,Hong Kong
Hong Kong,HK,2012-08-19,12:00:00,1345352400,27.8,26.4,30.1,10.1,175.0,4.2,0.0,Hong Kong
Hong Kong,HK,2012-08-20,12:00:00,1345438800,27.8,25.4,30.5,9.7,186.0,1.1,0.0,Hong Kong
Hong Kong,HK,2012-08-21,12:00:00,1345525200,27.7,25.8,30.5,12.3,182.0,7.3,0.0,Hong Kong
Hong Kong,HK,2012-08-22,12:00:00,1345611600,27.8,26.0,30.1,9.4,249.0,3.6,0.0,Hong Kong
Hong Kong,HK,2012-08-23,12:00:00,1345698000,28.0,25.1,31.1,7.4,323.0,1.2,0.0,Hong Kong
Hong Kong,HK,2012-08-24,12:00:00,1345784400,28.4,26.5,31.7,14.7,339.0,0.0,0.0,Hong Kong
Hong Kong,HK,2012-08-25,12:00:00,1345870800,28.3,26.4,31.0,18.3,327.0,1.1,0.0,Hong Kong
Hong Kong,HK,2012-08-26,12:00:00,1345957200,28.6,26.9,31.0,20.5,353.0,0.0,0.0,Hong Kong
Hong Kong,HK,2012-08-27,12:00:00,1346043600,29.1,26.1,32.6,13.2,303.0,0.0,0.0,Hong Kong
Hong Kong,HK,2012-08-28,12:00:00,1346130000,29.5,27.6,32.4,9.1,249.0,0.3,0.0,Hong Kong
Hong Kong,HK,2012-08-29,12:00:00,1346216400,28.7,27.2,31.4,14.0,213.0,4.1,0.0,Hong Kong
Hong Kong,HK,2012-08-30,12:00:00,1346302800,28.2,26.6,30.6,10.9,180.0,5.8,0.0,Hong Kong
Hong Kong,HK,2012-08-31,12:00:00,1346389200,27.1,25.8,28.8,14.5,121.0,2.6,0.0,Hong Kong
Hong Kong,HK,2012-09-01,12:00:00,1346475600,27.0,25.8,29.1,18.9,102.0,0.9,0.0,Hong Kong
Hong Kong,HK,2012-09-02,12:00:00,1346562000,27.3,26.0,29.1,16.3,108.0,2.4,0.0,Hong Kong
Hong Kong,HK,2012-09-03,12:00:00,1346648400,27.5,26.1,29.2,13.8,101.0,1.2,0.0,Hong Kong
Hong Kong,HK,2012-09-04,12:00:00,1346734800,26.8,25.6,29.0,15.9,77.0,1.8,0.0,Hong Kong
Hong Kong,HK,2012-09-05,12:00:00,1346821200,27.3,25.6,29.1,18.2,76.0,0.6,0.0,Hong Kong
Hong Kong,HK,2012-09-06,12:00:00,1346907600,27.0,25.6,29.2,18.1,86.0,15.7,0.0,Hong Kong
Hong Kong,HK,2012-09-07,12:00:00,1346994000,27.2,25.9,28.9,14.7,109.0,8.0,0.0,Hong Kong
Hong Kong,HK,2012-09-08,12:00:00,1347080400,27.8,25.7,30.4,5.5,110.0,3.8,0.0,Hong Kong
Hong Kong,HK,2012-09-09,12:00:00,1347166800,27.8,25.8,30.5,6.4,147.0,2.5,0.0,Hong Kong
Hong Kong,HK,2012-09-10,12:00:00,1347253200,27.9,25.3,30.7,6.0,155.0,1.7,0.0,Hong Kong
Hong Kong,HK,2012-09-11,12:00:00,1347339600,27.5,26.0,29.7,12.4,102.0,1.3,0.0,Hong Kong
Hong Kong,HK,2012-09-12,12:00:00,1347426000,27.6,26.1,29.5,12.5,127.0,1.3,0.0,Hong Kong
Hong Kong,HK,2012-09-13,12:00:00,1347512400,27.3,25.0,30.4,11.9,28.0,3.6,0.0,Hong Kong
Hong Kong,HK,2012-09-14,12:00:00,1347598800,25.5,23.1,28.8,22.3,15.0,0.1,0.0,Hong Kong
Hong Kong,HK,2012-09-15,12:00:00,1347685200,25.4,22.7,28.2,16.9,14.0,0.3,0.0,Hong Kong
Hong Kong,HK,2012-09-16,12:00:00,1347771600,25.8,22.9,29.0,14.8,7.0,0.0,0.0,Hong Kong
Hong Kong,HK,2012-09-17,12:00:00,1347858000,25.1,21.9,28.4,15.7,13.0,0.0,0.0,Hong Kong
Hong Kong,HK,2012-09-18,12:00:00,1347944400,25.8,22.0,28.8,11.9,42.0,0.0,0.0,Hong Kong
Hong Kong,HK,2012-09-19,12:00:00,1348030800,25.8,24.0,27.4,8.8,94.0,0.7,0.0,Hong Kong
Hong Kong,HK,2012-09-20,12:00:00,1348117200,26.7,25.4,28.5,17.3,88.0,0.2,0.0,Hong Kong
Hong Kong,HK,2012-09-21,12:00:00,1348203600,26.8,25.2,28.6,21.3,98.0,5.4,0.0,Hong Kong
Hong Kong,HK,2012-09-22,12:00:00,1348290000,27.1,25.6,29.3,12.3,114.0,2.1,0.0,Hong Kong
Hong Kong,HK,2012-09-23,12:00:00,1348376400,27.1,25.2,29.8,6.8,133.0,8.8,0.0,Hong Kong
Hong Kong,HK,2012-09-24,12:00:00,1348462800,26.5,25.4,29.2,13.0,89.0,17.6,0.0,Hong Kong
Hong Kong,HK,2012-09-25,12:00:00,1348549200,26.5,25.3,28.0,15.3,83.0,1.5,0.0,Hong Kong
Hong Kong,HK,2012-09-26,12:00:00,1348635600,26.5,24.8,27.9,9.4,58.0,1.9,0.0,Hong Kong
Hong Kong,HK,2012-09-27,12:00:00,1348722000,26.6,23.7,30.4,16.3,8.0,0.0,0.0,Hong Kong
Hong Kong,HK,2012-09-28,12:00:00,1348808400,27.1,24.3,30.2,18.4,7.0,0.0,0.0,Hong Kong
Hong Kong,HK,2012-09-29,12:00:00,1348894800,26.4,24.0,29.3,18.6,20.0,0.0,0.0,Hong Kong
Hong Kong,HK,2012-09-30,12:00:00,1348981200,25.3,23.2,27.6,16.9,39.0,0.0,0.0,Hong Kong
Hong Kong,HK,2012-10-01,12:00:00,1349067600,25.3,24.4,26.3,15.8,75.0,0.0,0.0,Hong Kong
Hong Kong,HK,2012-10-02,12:00:00,1349154000,25.4,23.8,27.1,12.6,82.0,0.0,0.0,Hong Kong
Hong Kong,HK,2012-10-03,12:00:00,1349240400,25.3,23.7,27.4,12.2,91.0,0.0,0.0,Hong Kong
Hong Kong,HK,2012-10-04,12:00:00,1349326800,25.3,23.3,27.7,11.6,100.0,0.0,0.0,Hong Kong
Hong Kong,HK,2012-10-05,12:00:00,1349413200,25.6,24.1,27.5,17.0,92.0,0.0,0.0,Hong Kong
Hong Kong,HK,2012-10-06,12:00:00,1349499600,26.1,24.4,28.5,14.3,82.0,0.0,0.0,Hong Kong
Hong Kong,HK,2012-10-07,12:00:00,1349586000,25.8,24.5,27.7,14.5,85.0,0.0,0.0,Hong Kong
Hong Kong,HK,2012-10-08,12:00:00,1349672400,25.8,24.3,27.7,12.2,85.0,0.0,0.0,Hong Kong
Hong Kong,HK,2012-10-09,12:00:00,1349758800,26.0,24.0,28.9,9.6,66.0,0.0,0.0,Hong Kong
Hong Kong,HK,2012-10-10,12:00:00,1349845200,25.6,23.1,28.8,18.9,23.0,0.0,0.0,Hong Kong
Hong Kong,HK,2012-10-11,12:00:00,1349931600,25.0,22.8,27.5,13.2,54.0,0.0,0.0,Hong Kong
Hong Kong,HK,2012-10-12,12:00:00,1350018000,24.6,22.4,27.5,10.7,125.0,0.0,0.0,Hong Kong
Hong Kong,HK,2012-10-13,12:00:00,1350104400,24.7,22.5,27.9,11.3,143.0,0.0,0.0,Hong Kong
Hong Kong,HK,2012-10-14,12:00:00,1350190800,25.2,22.4,28.5,11.2,158.0,0.0,0.0,Hong Kong
Hong Kong,HK,2012-10-15,12:00:00,1350277200,25.1,22.8,27.8,11.2,140.0,0.0,0.0,Hong Kong
Hong Kong,HK,2012-10-16,12:00:00,1350363600,25.6,23.6,28.0,8.4,175.0,0.0,0.0,Hong Kong
Hong Kong,HK,2012-10-17,12:00:00,1350450000,26.0,23.8,29.4,24.7,7.0,0.0,0.0,Hong Kong
Hong Kong,HK,2012-10-18,12:00:00,1350536400,24.3,22.6,26.1,16.8,59.0,0.0,0.0,Hong Kong
Hong Kong,HK,2012-10-19,12:00:00,1350622800,24.1,22.8,25.9,19.5,101.0,0.0,0.0,Hong Kong
Hong Kong,HK,2012-10-20,12:00:00,1350709200,24.3,22.7,26.4,17.0,103.0,0.0,0.0,Hong Kong
Hong Kong,HK,2012-10-21,12:00:00,1350795600,24.3,22.6,26.7,14.8,104.0,0.0,0.0,Hong Kong
Hong Kong,HK,2012-10-22,12:00:00,1350882000,24.8,22.2,28.3,9.0,79.0,0.0,0.0,Hong Kong
Hong Kong,HK,2012-10-23,12:00:00,1350968400,24.9,20.5,29.0,17.5,86.0,0.0,0.0,Hong Kong
Hong Kong,HK,2012-10-24,12:00:00,1351054800,24.7,23.0,27.1,18.8,97.0,0.0,0.0,Hong Kong
Hong Kong,HK,2012-10-25,12:00:00,1351141200,25.1,23.2,27.8,14.2,92.0,0.0,0.0,Hong Kong
Hong Kong,HK,2012-10-26,12:00:00,1351227600,24.9,23.4,26.9,15.8,63.0,0.7,0.0,Hong Kong
Hong Kong,HK,2012-10-27,12:00:00,1351314000,25.3,24.2,26.0,18.4,64.0,2.3,0.0,Hong Kong
Hong Kong,HK,2012-10-28,12:00:00,1351400400,25.6,24.0,27.6,20.5,76.0,0.0,0.0,Hong Kong
Hong Kong,HK,2012-10-29,12:00:00,1351486800,25.0,24.1,26.1,23.1,89.0,0.1,0.0,Hong Kong
Hong Kong,HK,2012-10-30,12:00:00,1351573200,22.9,19.6,24.2,23.8,63.0,31.1,0.0,Hong Kong
Hong Kong,HK,2012-10-31,12:00:00,1351659600,19.6,17.4,22.3,24.5,21.0,22.6,0.0,Hong Kong
Hong Kong,HK,2012-11-01,12:00:00,1351746000,20.3,17.2,23.1,17.7,34.0,0.0,0.0,Hong Kong
Hong Kong,HK,2012-11-02,12:00:00,1351832400,21.8,19.9,23.7,12.2,69.0,0.0,0.0,Hong Kong
Hong Kong,HK,2012-11-03,12:00:00,1351918800,22.7,21.6,24.4,15.0,83.0,0.0,0.0,Hong Kong
Hong Kong,HK,2012-11-04,12:00:00,1352005200,22.9,21.0,26.0,20.6,23.0,0.0,0.0,Hong Kong
Hong Kong,HK,2012-11-05,12:00:00,1352091600,22.4,20.4,25.0,13.8,42.0,0.3,0.0,Hong Kong
Hong Kong,HK,2012-11-06,12:00:00,1352178000,22.8,21.4,25.0,14.5,66.0,0.0,0.0,Hong Kong
Hong Kong,HK,2012-11-07,12:00:00,1352264400,22.4,21.2,23.9,19.4,99.0,0.0,0.0,Hong Kong
Hong Kong,HK,2012-11-08,12:00:00,1352350800,23.2,21.8,24.5,20.7,112.0,0.4,0.0,Hong Kong
Hong Kong,HK,2012-11-09,12:00:00,1352437200,24.5,23.1,26.7,13.1,135.0,0.6,0.0,Hong Kong
Hong Kong,HK,2012-11-10,12:00:00,1352523600,24.8,22.9,27.2,9.8,155.0,0.7,0.0,Hong Kong
Hong Kong,HK,2012-11-11,12:00:00,1352610000,20.3,18.4,23.0,23.7,18.0,0.4,0.0,Hong Kong
Hong Kong,HK,2012-11-12,12:00:00,1352696400,21.2,19.0,23.7,14.4,32.0,0.0,0.0,Hong Kong
Hong Kong,HK,2012-11-13,12:00:00,1352782800,22.0,19.8,25.5,11.2,15.0,0.0,0.0,Hong Kong
Hong Kong,HK,2012-11-14,12:00:00,1352869200,22.4,20.0,24.9,16.1,100.0,0.0,0.0,Hong Kong
Hong Kong,HK,2012-11-15,12:00:00,1352955600,23.3,22.1,25.0,20.9,92.0,0.1,0.0,Hong Kong
Hong Kong,HK,2012-11-16,12:00:00,1353042000,23.1,22.0,24.5,23.5,84.0,1.8,0.0,Hong Kong
Hong Kong,HK,2012-11-17,12:00:00,1353128400,19.4,17.4,22.8,24.8,23.0,9.7,0.0,Hong Kong
Hong Kong,HK,2012-11-18,12:00:00,1353214800,19.9,18.2,22.6,12.7,44.0,0.0,0.0,Hong Kong
Hong Kong,HK,2012-11-19,12:00:00,1353301200,21.2,20.2,23.0,11.6,87.0,0.0,0.0,Hong Kong
Hong Kong,HK,2012-11-20,12:00:00,1353387600,21.6,21.0,22.4,18.4,91.0,1.4,0.0,Hong Kong
Hong Kong,HK,2012-11-21,12:00:00,1353474000,22.8,21.6,24.3,20.9,109.0,7.3,0.0,Hong Kong
Hong Kong,HK,2012-11-22,12:00:00,1353560400,24.1,21.9,26.6,16.5,169.0,0.0,0.0,Hong Kong
Hong Kong,HK,2012-11-23,12:00:00,1353646800,20.7,18.2,24.1,22.3,13.0,21.1,0.0,Hong Kong
Hong Kong,HK,2012-11-24,12:00:00,1353733200,19.2,17.0,21.7,18.0,51.0,1.7,0.0,Hong Kong
Hong Kong,HK,2012-11-25,12:00:00,1353819600,22.9,21.5,24.8,22.3,101.0,3.5,0.0,Hong Kong
Hong Kong,HK,2012-11-26,12:00:00,1353906000,18.5,14.5,22.5,25.5,15.0,6.0,0.0,Hong Kong
Hong Kong,HK,2012-11-27,12:00:00,1353992400,16.0,13.0,19.7,18.3,37.0,14.7,0.0,Hong Kong
Hong Kong,HK,2012-11-28,12:00:00,1354078800,20.7,19.5,22.3,18.4,58.0,11.1,0.0,Hong Kong
Hong Kong,HK,2012-11-29,12:00:00,1354165200,20.0,18.0,21.6,14.8,54.0,5.5,0.0,Hong Kong
Hong Kong,HK,2012-11-30,12:00:00,1354251600,21.0,20.0,22.2,16.1,74.0,14.0,0.0,Hong Kong
Hong Kong,HK,2012-12-01,12:00:00,1354338000,21.2,20.4,22.2,18.4,80.0,1.8,0.0,Hong Kong
Hong Kong,HK,2012-12-02,12:00:00,1354424400,16.8,15.6,20.2,21.3,15.0,4.2,0.0,Hong Kong
Hong Kong,HK,2012-12-03,12:00:00,1354510800,16.0,15.0,17.1,16.9,23.0,7.0,0.0,Hong Kong
Hong Kong,HK,2012-12-04,12:00:00,1354597200,17.0,14.8,18.7,16.8,36.0,4.9,0.0,Hong Kong
Hong Kong,HK,2012-12-05,12:00:00,1354683600,15.4,14.7,17.2,25.5,22.0,6.5,0.0,Hong Kong
Hong Kong,HK,2012-12-06,12:00:00,1354770000,16.9,14.8,19.0,16.3,55.0,0.0,0.0,Hong Kong
Hong Kong,HK,2012-12-07,12:00:00,1354856400,18.3,16.6,20.5,12.3,60.0,0.0,0.0,Hong Kong
Hong Kong,HK,2012-12-08,12:00:00,1354942800,18.6,17.3,19.2,15.6,43.0,0.0,0.0,Hong Kong
Hong Kong,HK,2012-12-09,12:00:00,1355029200,18.3,16.5,20.6,12.8,61.0,0.0,0.0,Hong Kong
Hong Kong,HK,2012-12-10,12:00:00,1355115600,17.8,16.3,19.3,16.3,92.0,0.0,0.0,Hong Kong
Hong Kong,HK,2012-12-11,12:00:00,1355202000,17.6,14.9,19.9,17.0,43.0,0.0,0.0,Hong Kong
Hong Kong,HK,2012-12-12,12:00:00,1355288400,16.6,14.3,18.7,16.4,48.0,0.6,0.0,Hong Kong
Hong Kong,HK,2012-12-13,12:00:00,1355374800,18.5,16.7,20.3,21.9,83.0,0.0,0.0,Hong Kong
Hong Kong,HK,2012-12-14,12:00:00,1355461200,20.7,19.1,22.7,12.8,93.0,0.0,0.0,Hong Kong
Hong Kong,HK,2012-12-15,12:00:00,1355547600,21.5,19.8,24.0,10.4,121.0,0.0,0.0,Hong Kong
Hong Kong,HK,2012-12-16,12:00:00,1355634000,21.7,19.8,24.7,9.4,100.0,0.2,0.0,Hong Kong
Hong Kong,HK,2012-12-17,12:00:00,1355720400,20.8,19.5,22.0,18.1,85.0,1.8,0.0,Hong Kong
Hong Kong,HK,2012-12-18,12:00:00,1355806800,15.5,11.6,19.2,26.7,28.0,2.5,0.0,Hong Kong
Hong Kong,HK,2012-12-19,12:00:00,1355893200,14.7,10.7,17.4,22.0,58.0,0.0,0.0,Hong Kong
Hong Kong,HK,2012-12-20,12:00:00,1355979600,19.2,17.1,21.6,29.4,95.0,0.0,0.0,Hong Kong
Hong Kong,HK,2012-12-21,12:00:00,1356066000,21.3,19.3,23.5,15.6,92.0,1.4,0.0,Hong Kong
Hong Kong,HK,2012-12-22,12:00:00,1356152400,15.7,12.2,19.0,23.7,9.0,0.0,0.0,Hong Kong
Hong Kong,HK,2012-12-23,12:00:00,1356238800,11.5,9.6,14.4,28.5,16.0,0.0,0.0,Hong Kong
Hong Kong,HK,2012-12-24,12:00:00,1356325200,12.3,8.8,15.2,19.5,43.0,0.0,0.0,Hong Kong
Hong Kong,HK,2012-12-25,12:00:00,1356411600,16.9,14.1,19.5,13.9,42.0,0.0,0.0,Hong Kong
Hong Kong,HK,2012-12-26,12:00:00,1356498000,17.9,17.0,19.3,15.5,37.0,0.0,0.0,Hong Kong
Hong Kong,HK,2012-12-27,12:00:00,1356584400,17.7,16.1,19.5,14.8,24.0,0.2,0.0,Hong Kong
Hong Kong,HK,2012-12-28,12:00:00,1356670800,18.3,16.0,21.6,12.6,46.0,0.0,0.0,Hong Kong
Hong Kong,HK,2012-12-29,12:00:00,1356757200,17.9,9.8,20.4,32.7,44.0,11.3,0.0,Hong Kong
Hong Kong,HK,2012-12-30,12:00:00,1356843600,8.5,6.9,11.0,34.2,12.0,0.9,0.0,Hong Kong
Hong Kong,HK,2012-12-31,12:00:00,1356930000,9.1,6.0,12.4,23.9,24.0,0.0,0.0,Hong Kong
Hong Kong,HK,2013-01-01,12:00:00,1357016400,12.9,10.2,15.8,10.3,30.0,0.0,0.0,Hong Kong
Hong Kong,HK,2013-01-02,12:00:00,1357102800,16.1,13.0,20.0,11.7,43.0,0.0,0.0,Hong Kong
Hong Kong,HK,2013-01-03,12:00:00,1357189200,14.6,9.9,17.3,21.8,23.0,0.0,0.0,Hong Kong
Hong Kong,HK,2013-01-04,12:00:00,1357275600,11.0,8.8,14.3,19.7,18.0,0.0,0.0,Hong Kong
Hong Kong,HK,2013-01-05,12:00:00,1357362000,13.0,9.7,17.2,16.9,9.0,0.0,0.0,Hong Kong
Hong Kong,HK,2013-01-06,12:00:00,1357448400,13.3,10.1,17.4,16.8,2.0,0.0,0.0,Hong Kong
Hong Kong,HK,2013-01-07,12:00:00,1357534800,14.0,10.1,18.6,13.9,359.0,0.0,0.0,Hong Kong
Hong Kong,HK,2013-01-08,12:00:00,1357621200,15.7,13.4,19.4,12.3,5.0,0.0,0.0,Hong Kong
Hong Kong,HK,2013-01-09,12:00:00,1357707600,14.2,11.7,17.1,19.5,15.0,0.0,0.0,Hong Kong
Hong Kong,HK,2013-01-10,12:00:00,1357794000,13.9,11.3,16.5,18.9,31.0,0.0,0.0,Hong Kong
Hong Kong,HK,2013-01-11,12:00:00,1357880400,15.9,13.7,18.8,13.9,32.0,0.0,0.0,Hong Kong
Hong Kong,HK,2013-01-12,12:00:00,1357966800,15.6,12.5,19.2,14.0,9.0,0.0,0.0,Hong Kong
Hong Kong,HK,2013-01-13,12:00:00,1358053200,16.2,12.3,20.9,16.9,343.0,0.0,0.0,Hong Kong
Hong Kong,HK,2013-01-14,12:00:00,1358139600,14.5,11.0,18.3,19.0,49.0,0.0,0.0,Hong Kong
Hong Kong,HK,2013-01-15,12:00:00,1358226000,15.6,13.6,17.7,17.3,83.0,0.0,0.0,Hong Kong
Hong Kong,HK,2013-01-16,12:00:00,1358312400,17.1,14.6,20.5,8.6,73.0,0.0,0.0,Hong Kong
Hong Kong,HK,2013-01-17,12:00:00,1358398800,16.7,13.5,20.1,20.5,33.0,0.0,0.0,Hong Kong
Hong Kong,HK,2013-01-18,12:00:00,1358485200,14.4,12.5,16.9,17.2,38.0,0.0,0.0,Hong Kong
Hong Kong,HK,2013-01-19,12:00:00,1358571600,14.9,12.7,16.6,16.1,88.0,0.0,0.0,Hong Kong
Hong Kong,HK,2013-01-20,12:00:00,1358658000,17.8,16.2,20.1,17.3,87.0,0.0,0.0,Hong Kong
Hong Kong,HK,2013-01-21,12:00:00,1358744400,19.3,17.6,22.1,12.5,81.0,0.2,0.0,Hong Kong
Hong Kong,HK,2013-01-22,12:00:00,1358830800,20.2,17.7,24.1,13.2,39.0,0.0,0.0,Hong Kong
Hong Kong,HK,2013-01-23,12:00:00,1358917200,18.1,16.1,20.7,15.9,53.0,0.0,0.0,Hong Kong
Hong Kong,HK,2013-01-24,12:00:00,1359003600,18.4,16.1,21.5,11.7,49.0,0.0,0.0,Hong Kong
Hong Kong,HK,2013-01-25,12:00:00,1359090000,17.0,14.4,20.3,16.9,40.0,0.0,0.0,Hong Kong
Hong Kong,HK,2013-01-26,12:00:00,1359176400,17.3,15.7,20.0,14.1,79.0,2.9,0.0,Hong Kong
Hong Kong,HK,2013-01-27,12:00:00,1359262800,16.9,15.1,19.5,15.2,44.0,0.7,0.0,Hong Kong
Hong Kong,HK,2013-01-28,12:00:00,1359349200,16.4,14.5,18.2,16.7,93.0,0.0,0.0,Hong Kong
Hong Kong,HK,2013-01-29,12:00:00,1359435600,17.7,16.2,20.6,11.6,89.0,0.0,0.0,Hong Kong
Hong Kong,HK,2013-01-30,12:00:00,1359522000,17.8,15.7,20.2,19.1,103.0,0.0,0.0,Hong Kong
Hong Kong,HK,2013-01-31,12:00:00,1359608400,18.4,16.8,20.8,16.1,104.0,0.0,0.0,Hong Kong
Hong Kong,HK,2013-02-01,12:00:00,1359694800,19.7,16.9,23.5,13.8,97.0,0.0,0.0,Hong Kong
Hong Kong,HK,2013-02-02,12:00:00,1359781200,20.0,16.9,24.7,18.3,91.0,0.0,0.0,Hong Kong
Hong Kong,HK,2013-02-03,12:00:00,1359867600,19.3,18.2,21.2,21.4,101.0,0.0,0.0,Hong Kong
Hong Kong,HK,2013-02-04,12:00:00,1359954000,20.9,19.2,23.5,9.6,92.0,0.8,0.0,Hong Kong
Hong Kong,HK,2013-02-05,12:00:00,1360040400,21.0,18.8,24.3,10.9,109.0,1.9,0.0,Hong Kong
Hong Kong,HK,2013-02-06,12:00:00,1360126800,21.0,19.4,23.5,14.2,131.0,0.0,0.0,Hong Kong
Hong Kong,HK,2013-02-07,12:00:00,1360213200,20.4,19.1,22.5,19.3,113.0,0.1,0.0,Hong Kong
Hong Kong,HK,2013-02-08,12:00:00,1360299600,17.2,11.9,19.6,21.6,46.0,0.9,0.0,Hong Kong
Hong Kong,HK,2013-02-09,12:00:00,1360386000,12.9,10.7,15.6,20.4,21.0,0.0,0.0,Hong Kong
Hong Kong,HK,2013-02-10,12:00:00,1360472400,15.8,12.8,18.8,12.5,39.0,0.0,0.0,Hong Kong
Hong Kong,HK,2013-02-11,12:00:00,1360558800,17.9,16.8,20.1,17.0,92.0,0.0,0.0,Hong Kong
Hong Kong,HK,2013-02-12,12:00:00,1360645200,18.8,14.8,23.5,20.1,27.0,0.0,0.0,Hong Kong
Hong Kong,HK,2013-02-13,12:00:00,1360731600,16.3,13.2,19.5,17.4,51.0,0.0,0.0,Hong Kong
Hong Kong,HK,2013-02-14,12:00:00,1360818000,18.7,17.3,21.0,12.0,101.0,0.0,0.0,Hong Kong
Hong Kong,HK,2013-02-15,12:00:00,1360904400,20.7,18.2,24.4,15.3,11.0,0.5,0.0,Hong Kong
Hong Kong,HK,2013-02-16,12:00:00,1360990800,17.5,15.8,18.9,16.4,78.0,0.0,0.0,Hong Kong
Hong Kong,HK,2013-02-17,12:00:00,1361077200,18.9,17.5,21.4,17.3,92.0,0.0,0.0,Hong Kong
Hong Kong,HK,2013-02-18,12:00:00,1361163600,20.6,18.4,23.9,10.1,152.0,0.2,0.0,Hong Kong
Hong Kong,HK,2013-02-19,12:00:00,1361250000,20.2,16.5,25.6,20.2,30.0,0.0,0.0,Hong Kong
Hong Kong,HK,2013-02-20,12:00:00,1361336400,17.2,15.3,19.4,17.6,36.0,0.0,0.0,Hong Kong
Hong Kong,HK,2013-02-21,12:00:00,1361422800,17.7,15.9,20.3,13.8,34.0,0.0,0.0,Hong Kong
Hong Kong,HK,2013-02-22,12:00:00,1361509200,18.7,15.7,22.7,17.0,15.0,0.0,0.0,Hong Kong
Hong Kong,HK,2013-02-23,12:00:00,1361595600,17.6,15.3,20.9,16.8,46.0,0.0,0.0,Hong Kong
Hong Kong,HK,2013-02-24,12:00:00,1361682000,18.4,16.3,21.0,14.4,78.0,0.0,0.0,Hong Kong
Hong Kong,HK,2013-02-25,12:00:00,1361768400,19.7,18.5,22.0,17.4,100.0,0.0,0.0,Hong Kong
Hong Kong,HK,2013-02-26,12:00:00,1361854800,20.8,19.2,23.1,12.1,116.0,0.0,0.0,Hong Kong
Hong Kong,HK,2013-02-27,12:00:00,1361941200,22.1,19.8,25.5,7.1,155.0,0.6,0.0,Hong Kong
Hong Kong,HK,2013-02-28,12:00:00,1362027600,20.6,19.1,22.4,23.9,116.0,0.1,0.0,Hong Kong
Hong Kong,HK,2013-03-01,12:00:00,1362114000,21.9,20.3,24.8,18.1,121.0,0.4,0.0,Hong Kong
Hong Kong,HK,2013-03-02,12:00:00,1362200400,18.0,14.0,21.3,22.7,37.0,2.1,0.0,Hong Kong
Hong Kong,HK,2013-03-03,12:00:00,1362286800,14.0,12.0,16.6,19.2,15.0,1.8,0.0,Hong Kong
Hong Kong,HK,2013-03-04,12:00:00,1362373200,16.1,12.2,20.5,16.8,38.0,0.0,0.0,Hong Kong
Hong Kong,HK,2013-03-05,12:00:00,1362459600,18.1,15.9,21.2,13.9,93.0,0.0,0.0,Hong Kong
Hong Kong,HK,2013-03-06,12:00:00,1362546000,18.7,15.8,22.1,11.3,108.0,0.0,0.0,Hong Kong
Hong Kong,HK,2013-03-07,12:00:00,1362632400,18.9,13.9,24.1,8.8,160.0,0.0,0.0,Hong Kong
Hong Kong,HK,2013-03-08,12:00:00,1362718800,20.3,16.0,25.7,12.9,208.0,0.0,0.0,Hong Kong
Hong Kong,HK,2013-03-09,12:00:00,1362805200,20.4,16.5,24.6,16.3,173.0,0.0,0.0,Hong Kong
Hong Kong,HK,2013-03-10,12:00:00,1362891600,20.6,16.4,24.9,12.0,155.0,0.0,0.0,Hong Kong
Hong Kong,HK,2013-03-11,12:00:00,1362978000,19.7,15.6,23.3,19.7,113.0,0.0,0.0,Hong Kong
Hong Kong,HK,2013-03-12,12:00:00,1363064400,20.3,18.4,23.2,18.1,125.0,0.0,0.0,Hong Kong
Hong Kong,HK,2013-03-13,12:00:00,1363150800,22.0,19.2,25.8,14.3,218.0,0.0,0.0,Hong Kong
Hong Kong,HK,2013-03-14,12:00:00,1363237200,20.1,18.5,21.7,17.6,72.0,0.7,0.0,Hong Kong
Hong Kong,HK,2013-03-15,12:00:00,1363323600,19.4,18.0,21.6,14.5,102.0,0.0,0.0,Hong Kong
Hong Kong,HK,2013-03-16,12:00:00,1363410000,19.6,17.5,22.3,16.6,117.0,0.0,0.0,Hong Kong
Hong Kong,HK,2013-03-17,12:00:00,1363496400,21.5,19.0,24.6,16.1,143.0,0.0,0.0,Hong Kong
Hong Kong,HK,2013-03-18,12:00:00,1363582800,22.9,20.2,26.2,14.5,205.0,0.4,0.0,Hong Kong
Hong Kong,HK,2013-03-19,12:00:00,1363669200,23.8,21.8,26.7,24.7,169.0,1.1,0.0,Hong Kong
Hong Kong,HK,2013-03-20,12:00:00,1363755600,23.7,22.1,26.2,15.3,188.0,14.8,0.0,Hong Kong
Hong Kong,HK,2013-03-21,12:00:00,1363842000,21.8,20.3,23.1,25.1,104.0,1.1,0.0,Hong Kong
Hong Kong,HK,2013-03-22,12:00:00,1363928400,22.1,20.4,25.0,19.0,127.0,0.0,0.0,Hong Kong
Hong Kong,HK,2013-03-23,12:00:00,1364014800,22.7,20.0,26.1,15.8,172.0,0.0,0.0,Hong Kong
Hong Kong,HK,2013-03-24,12:00:00,1364101200,23.2,19.3,27.4,14.8,195.0,2.7,0.0,Hong Kong
Hong Kong,HK,2013-03-25,12:00:00,1364187600,21.7,20.8,22.4,29.6,103.0,1.1,0.0,Hong Kong
Hong Kong,HK,2013-03-26,12:00:00,1364274000,21.4,20.1,23.2,31.0,107.0,17.0,0.0,Hong Kong
Hong Kong,HK,2013-03-27,12:00:00,1364360400,21.0,18.4,23.6,12.7,38.0,5.8,0.0,Hong Kong
Hong Kong,HK,2013-03-28,12:00:00,1364446800,21.1,20.0,23.3,18.6,92.0,36.8,0.0,Hong Kong
Hong Kong,HK,2013-03-29,12:00:00,1364533200,21.1,20.1,22.8,12.0,61.0,22.9,0.0,Hong Kong
Hong Kong,HK,2013-03-30,12:00:00,1364619600,20.4,19.1,22.2,30.6,101.0,21.8,0.0,Hong Kong
Hong Kong,HK,2013-03-31,12:00:00,1364706000,20.6,19.4,22.5,15.6,86.0,43.4,0.0,Hong Kong
Hong Kong,HK,2013-04-01,12:00:00,1364792400,20.8,19.4,22.9,17.8,106.0,1.6,0.0,Hong Kong
Hong Kong,HK,2013-04-02,12:00:00,1364878800,21.1,19.7,23.7,10.9,101.0,24.2,0.0,Hong Kong
Hong Kong,HK,2013-04-03,12:00:00,1364965200,20.6,19.2,22.2,22.8,104.0,7.9,0.0,Hong Kong
Hong Kong,HK,2013-04-04,12:00:00,1365051600,21.4,19.9,22.7,21.9,110.0,2.1,0.0,Hong Kong
Hong Kong,HK,2013-04-05,12:00:00,1365138000,24.2,21.7,26.7,27.2,172.0,14.6,0.0,Hong Kong
Hong Kong,HK,2013-04-06,12:00:00,1365224400,19.5,16.2,22.0,28.2,5.0,2.8,0.0,Hong Kong
Hong Kong,HK,2013-04-07,12:00:00,1365310800,17.5,14.8,19.8,19.7,54.0,0.0,0.0,Hong Kong
Hong Kong,HK,2013-04-08,12:00:00,1365397200,20.1,18.6,21.4,17.3,81.0,2.4,0.0,Hong Kong
Hong Kong,HK,2013-04-09,12:00:00,1365483600,20.4,18.8,22.4,16.5,48.0,6.0,0.0,Hong Kong
Hong Kong,HK,2013-04-10,12:00:00,1365570000,19.9,18.5,21.8,17.1,43.0,10.3,0.0,Hong Kong
Hong Kong,HK,2013-04-11,12:00:00,1365656400,18.9,17.8,20.1,15.4,42.0,3.2,0.0,Hong Kong
Hong Kong,HK,2013-04-12,12:00:00,1365742800,18.5,17.5,20.0,14.3,47.0,0.0,0.0,Hong Kong
Hong Kong,HK,2013-04-13,12:00:00,1365829200,19.8,18.0,21.7,9.0,85.0,0.5,0.0,Hong Kong
Hong Kong,HK,2013-04-14,12:00:00,1365915600,21.4,19.0,25.2,11.0,283.0,0.7,0.0,Hong Kong
Hong Kong,HK,2013-04-15,12:00:00,1366002000,21.7,18.3,25.0,14.3,169.0,0.0,0.0,Hong Kong
Hong Kong,HK,2013-04-16,12:00:00,1366088400,23.2,20.5,25.9,16.0,172.0,0.2,0.0,Hong Kong
Hong Kong,HK,2013-04-17,12:00:00,1366174800,24.2,23.2,26.0,16.6,189.0,6.3,0.0,Hong Kong
Hong Kong,HK,2013-04-18,12:00:00,1366261200,24.4,22.7,26.7,14.5,179.0,5.7,0.0,Hong Kong
Hong Kong,HK,2013-04-19,12:00:00,1366347600,24.5,22.9,26.7,13.7,143.0,17.1,0.0,Hong Kong
Hong Kong,HK,2013-04-20,12:00:00,1366434000,24.1,22.9,25.9,15.8,132.0,4.3,0.0,Hong Kong
Hong Kong,HK,2013-04-21,12:00:00,1366520400,22.4,20.9,23.5,18.0,59.0,2.4,0.0,Hong Kong
Hong Kong,HK,2013-04-22,12:00:00,1366606800,21.8,20.8,23.3,24.4,99.0,1.7,0.0,Hong Kong
Hong Kong,HK,2013-04-23,12:00:00,1366693200,23.1,21.7,25.3,18.3,110.0,0.0,0.0,Hong Kong
Hong Kong,HK,2013-04-24,12:00:00,1366779600,24.2,21.7,27.1,14.0,163.0,0.0,0.0,Hong Kong
Hong Kong,HK,2013-04-25,12:00:00,1366866000,25.0,22.2,28.4,12.4,204.0,12.1,0.0,Hong Kong
Hong Kong,HK,2013-04-26,12:00:00,1366952400,22.7,21.2,24.4,18.4,71.0,7.0,0.0,Hong Kong
Hong Kong,HK,2013-04-27,12:00:00,1367038800,21.9,20.0,23.2,22.3,94.0,2.5,0.0,Hong Kong
Hong Kong,HK,2013-04-28,12:00:00,1367125200,23.1,22.3,24.9,20.8,102.0,2.3,0.0,Hong Kong
Hong Kong,HK,2013-04-29,12:00:00,1367211600,24.3,23.0,26.3,19.7,125.0,2.9,0.0,Hong Kong
Hong Kong,HK,2013-04-30,12:00:00,1367298000,24.9,22.9,27.7,19.4,186.0,15.3,0.0,Hong Kong
Hong Kong,HK,2013-05-01,12:00:00,1367384400,22.6,21.0,25.8,21.1,65.0,0.7,0.0,Hong Kong
Hong Kong,HK,2013-05-02,12:00:00,1367470800,20.4,18.9,22.5,21.5,79.0,14.0,0.0,Hong Kong
Hong Kong,HK,2013-05-03,12:00:00,1367557200,21.3,18.9,23.9,16.0,53.0,7.5,0.0,Hong Kong
Hong Kong,HK,2013-05-04,12:00:00,1367643600,21.5,20.1,23.1,14.8,44.0,2.6,0.0,Hong Kong
Hong Kong,HK,2013-05-05,12:00:00,1367730000,22.7,21.4,24.7,14.3,79.0,0.0,0.0,Hong Kong
Hong Kong,HK,2013-05-06,12:00:00,1367816400,23.1,22.1,25.7,14.7,107.0,0.9,0.0,Hong Kong
Hong Kong,HK,2013-05-07,12:00:00,1367902800,23.5,22.1,25.7,16.6,109.0,2.3,0.0,Hong Kong
Hong Kong,HK,2013-05-08,12:00:00,1367989200,24.0,22.9,25.2,20.6,114.0,7.3,0.0,Hong Kong
Hong Kong,HK,2013-05-09,12:00:00,1368075600,24.4,22.5,26.7,12.3,135.0,4.0,0.0,Hong Kong
Hong Kong,HK,2013-05-10,12:00:00,1368162000,25.0,22.9,27.7,15.3,184.0,18.0,0.0,Hong Kong
Hong Kong,HK,2013-05-11,12:00:00,1368248400,25.0,22.9,28.0,9.4,252.0,14.0,0.0,Hong Kong
Hong Kong,HK,2013-05-12,12:00:00,1368334800,25.1,22.8,27.9,11.1,136.0,5.6,0.0,Hong Kong
Hong Kong,HK,2013-05-13,12:00:00,1368421200,25.5,23.2,28.1,11.5,135.0,0.5,0.0,Hong Kong
Hong Kong,HK,2013-05-14,12:00:00,1368507600,26.3,24.2,28.7,16.9,147.0,1.1,0.0,Hong Kong
Hong Kong,HK,2013-05-15,12:00:00,1368594000,27.4,25.8,29.4,18.4,165.0,3.4,0.0,Hong Kong
Hong Kong,HK,2013-05-16,12:00:00,1368680400,27.0,25.1,28.5,18.1,194.0,20.4,0.0,Hong Kong
Hong Kong,HK,2013-05-17,12:00:00,1368766800,26.0,24.5,28.2,10.3,164.0,18.3,0.0,Hong Kong
Hong Kong,HK,2013-05-18,12:00:00,1368853200,27.1,24.6,29.9,17.9,188.0,7.7,0.0,Hong Kong
Hong Kong,HK,2013-05-19,12:00:00,1368939600,27.7,26.5,29.3,15.0,216.0,8.1,0.0,Hong Kong
Hong Kong,HK,2013-05-20,12:00:00,1369026000,27.4,25.3,29.8,17.4,203.0,8.9,0.0,Hong Kong
Hong Kong,HK,2013-05-21,12:00:00,1369112400,25.8,24.9,27.3,14.3,190.0,19.6,0.0,Hong Kong
Hong Kong,HK,2013-05-22,12:00:00,1369198800,25.8,24.8,28.3,17.6,194.0,45.4,0.0,Hong Kong
Hong Kong,HK,2013-05-23,12:00:00,1369285200,26.3,24.8,28.8,14.4,165.0,6.8,0.0,Hong Kong
Hong Kong,HK,2013-05-24,12:00:00,1369371600,26.8,24.2,29.5,13.4,180.0,3.3,0.0,Hong Kong
Hong Kong,HK,2013-05-25,12:00:00,1369458000,25.7,25.0,27.4,16.8,140.0,12.7,0.0,Hong Kong
Hong Kong,HK,2013-05-26,12:00:00,1369544400,27.2,25.2,29.0,21.1,180.0,5.5,0.0,Hong Kong
Hong Kong,HK,2013-05-27,12:00:00,1369630800,27.2,26.6,28.2,20.9,207.0,27.0,0.0,Hong Kong
Hong Kong,HK,2013-05-28,12:00:00,1369717200,28.0,26.2,29.8,16.2,187.0,5.5,0.0,Hong Kong
Hong Kong,HK,2013-05-29,12:00:00,1369803600,27.9,25.5,30.2,16.1,178.0,9.9,0.0,Hong Kong
Hong Kong,HK,2013-05-30,12:00:00,1369890000,27.8,25.5,30.2,13.3,192.0,4.5,0.0,Hong Kong
Hong Kong,HK,2013-05-31,12:00:00,1369976400,28.2,25.7,31.0,13.2,204.0,0.1,0.0,Hong Kong
Hong Kong,HK,2013-06-01,12:00:00,1370062800,28.6,27.0,30.9,15.2,216.0,0.0,0.0,Hong Kong
Hong Kong,HK,2013-06-02,12:00:00,1370149200,29.0,27.3,31.4,15.6,235.0,0.0,0.0,Hong Kong
Hong Kong,HK,2013-06-03,12:00:00,1370235600,29.1,27.4,31.6,12.3,235.0,1.7,0.0,Hong Kong
Hong Kong,HK,2013-06-04,12:00:00,1370322000,27.4,26.0,29.0,13.6,170.0,14.0,0.0,Hong Kong
Hong Kong,HK,2013-06-05,12:00:00,1370408400,26.5,24.8,28.8,12.4,143.0,12.8,0.0,Hong Kong
Hong Kong,HK,2013-06-06,12:00:00,1370494800,27.3,24.7,29.3,16.0,152.0,4.9,0.0,Hong Kong
Hong Kong,HK,2013-06-07,12:00:00,1370581200,28.4,26.6,30.3,18.2,188.0,1.4,0.0,Hong Kong
Hong Kong,HK,2013-06-08,12:00:00,1370667600,28.4,27.3,30.0,17.7,209.0,1.8,0.0,Hong Kong
Hong Kong,HK,2013-06-09,12:00:00,1370754000,28.3,27.2,30.8,16.5,208.0,10.7,0.0,Hong Kong
Hong Kong,HK,2013-06-10,12:00:00,1370840400,27.3,26.1,28.7,14.8,199.0,19.7,0.0,Hong Kong
Hong Kong,HK,2013-06-11,12:00:00,1370926800,24.2,22.3,26.3,17.1,13.0,43.7,0.0,Hong Kong
Hong Kong,HK,2013-06-12,12:00:00,1371013200,24.0,22.3,26.0,18.4,28.0,5.8,0.0,Hong Kong
Hong Kong,HK,2013-06-13,12:00:00,1371099600,24.7,22.6,26.9,18.6,41.0,13.1,0.0,Hong Kong
Hong Kong,HK,2013-06-14,12:00:00,1371186000,25.1,23.9,26.6,18.7,48.0,16.9,0.0,Hong Kong
Hong Kong,HK,2013-06-15,12:00:00,1371272400,25.9,25.3,27.4,20.6,104.0,22.9,0.0,Hong Kong
Hong Kong,HK,2013-06-16,12:00:00,1371358800,26.9,25.8,28.5,19.0,112.0,14.7,0.0,Hong Kong
Hong Kong,HK,2013-06-17,12:00:00,1371445200,27.3,25.9,28.8,17.6,120.0,6.4,0.0,Hong Kong
Hong Kong,HK,2013-06-18,12:00:00,1371531600,28.3,26.1,30.6,11.3,151.0,1.3,0.0,Hong Kong
Hong Kong,HK,2013-06-19,12:00:00,1371618000,28.5,25.8,31.2,8.7,203.0,0.5,0.0,Hong Kong
Hong Kong,HK,2013-06-20,12:00:00,1371704400,29.1,27.0,31.8,12.1,198.0,0.2,0.0,Hong Kong
Hong Kong,HK,2013-06-21,12:00:00,1371790800,28.1,27.0,29.7,22.4,77.0,4.6,0.0,Hong Kong
Hong Kong,HK,2013-06-22,12:00:00,1371877200,27.5,26.3,29.0,23.9,106.0,13.5,0.0,Hong Kong
Hong Kong,HK,2013-06-23,12:00:00,1371963600,26.9,25.4,28.8,19.0,143.0,14.7,0.0,Hong Kong
Hong Kong,HK,2013-06-24,12:00:00,1372050000,26.5,25.6,28.2,16.9,181.0,29.4,0.0,Hong Kong
Hong Kong,HK,2013-06-25,12:00:00,1372136400,27.5,25.2,29.0,21.7,195.0,25.0,0.0,Hong Kong
Hong Kong,HK,2013-06-26,12:00:00,1372222800,28.7,27.3,30.4,24.6,202.0,0.3,0.0,Hong Kong
Hong Kong,HK,2013-06-27,12:00:00,1372309200,28.9,27.5,30.6,23.9,203.0,0.2,0.0,Hong Kong
Hong Kong,HK,2013-06-28,12:00:00,1372395600,28.7,27.4,30.5,21.8,197.0,1.1,0.0,Hong Kong
Hong Kong,HK,2013-06-29,12:00:00,1372482000,28.8,27.4,30.7,18.1,179.0,0.7,0.0,Hong Kong
Hong Kong,HK,2013-06-30,12:00:00,1372568400,28.8,27.3,30.7,14.5,146.0,0.7,0.0,Hong Kong
Hong Kong,HK,2013-07-01,12:00:00,1372654800,27.5,26.3,28.9,25.0,107.0,13.0,0.0,Hong Kong
Hong Kong,HK,2013-07-02,12:00:00,1372741200,28.2,26.9,29.9,24.5,150.0,2.5,0.0,Hong Kong
Hong Kong,HK,2013-07-03,12:00:00,1372827600,28.4,26.9,30.1,16.5,160.0,1.3,0.0,Hong Kong
Hong Kong,HK,2013-07-04,12:00:00,1372914000,28.6,27.0,30.7,14.7,187.0,0.0,0.0,Hong Kong
Hong Kong,HK,2013-07-05,12:00:00,1373000400,28.5,26.9,30.6,12.7,192.0,0.0,0.0,Hong Kong
Hong Kong,HK,2013-07-06,12:00:00,1373086800,27.3,26.2,29.0,16.3,184.0,13.2,0.0,Hong Kong
Hong Kong,HK,2013-07-07,12:00:00,1373173200,27.3,26.5,28.6,20.9,190.0,13.3,0.0,Hong Kong
Hong Kong,HK,2013-07-08,12:00:00,1373259600,28.0,26.0,29.9,15.6,179.0,3.0,0.0,Hong Kong
Hong Kong,HK,2013-07-09,12:00:00,1373346000,27.4,25.9,29.3,14.2,154.0,4.2,0.0,Hong Kong
Hong Kong,HK,2013-07-10,12:00:00,1373432400,26.9,24.7,28.8,10.8,133.0,11.8,0.0,Hong Kong
Hong Kong,HK,2013-07-11,12:00:00,1373518800,27.8,26.0,30.1,7.9,156.0,2.7,0.0,Hong Kong
Hong Kong,HK,2013-07-12,12:00:00,1373605200,29.0,26.6,32.0,9.7,266.0,0.4,0.0,Hong Kong
Hong Kong,HK,2013-07-13,12:00:00,1373691600,29.5,27.6,32.3,17.9,247.0,0.0,0.0,Hong Kong
Hong Kong,HK,2013-07-14,12:00:00,1373778000,27.8,26.5,28.9,18.8,201.0,5.7,0.0,Hong Kong
Hong Kong,HK,2013-07-15,12:00:00,1373864400,26.8,25.4,28.8,15.0,164.0,9.1,0.0,Hong Kong
Hong Kong,HK,2013-07-16,12:00:00,1373950800,26.7,25.5,28.6,11.5,143.0,25.4,0.0,Hong Kong
Hong Kong,HK,2013-07-17,12:00:00,1374037200,26.0,25.0,27.9,15.0,110.0,24.1,0.0,Hong Kong
Hong Kong,HK,2013-07-18,12:00:00,1374123600,27.1,25.4,29.3,9.6,90.0,1.3,0.0,Hong Kong
Hong Kong,HK,2013-07-19,12:00:00,1374210000,26.8,25.4,28.1,20.5,112.0,11.0,0.0,Hong Kong
Hong Kong,HK,2013-07-20,12:00:00,1374296400,26.9,25.7,29.4,17.8,133.0,16.8,0.0,Hong Kong
Hong Kong,HK,2013-07-21,12:00:00,1374382800,27.2,26.1,28.8,16.6,107.0,7.4,0.0,Hong Kong
Hong Kong,HK,2013-07-22,12:00:00,1374469200,27.1,26.2,28.9,16.1,102.0,9.1,0.0,Hong Kong
Hong Kong,HK,2013-07-23,12:00:00,1374555600,27.3,25.8,29.6,15.1,104.0,4.6,0.0,Hong Kong
Hong Kong,HK,2013-07-24,12:00:00,1374642000,26.2,25.5,27.6,17.9,117.0,13.2,0.0,Hong Kong
Hong Kong,HK,2013-07-25,12:00:00,1374728400,25.6,24.7,26.3,22.9,149.0,18.6,0.0,Hong Kong
Hong Kong,HK,2013-07-26,12:00:00,1374814800,25.4,24.7,26.8,23.2,163.0,32.3,0.0,Hong Kong
Hong Kong,HK,2013-07-27,12:00:00,1374901200,25.6,24.7,26.8,17.2,158.0,12.5,0.0,Hong Kong
Hong Kong,HK,2013-07-28,12:00:00,1374987600,26.6,25.7,27.9,16.7,157.0,17.4,0.0,Hong Kong
Hong Kong,HK,2013-07-29,12:00:00,1375074000,27.8,25.6,30.3,10.8,137.0,4.1,0.0,Hong Kong
Hong Kong,HK,2013-07-30,12:00:00,1375160400,27.9,25.6,30.4,9.2,111.0,0.0,0.0,Hong Kong
Hong Kong,HK,2013-07-31,12:00:00,1375246800,28.1,26.9,30.0,19.3,94.0,4.7,0.0,Hong Kong
Hong Kong,HK,2013-08-01,12:00:00,1375333200,27.6,26.9,28.8,23.8,86.0,6.4,0.0,Hong Kong
Hong Kong,HK,2013-08-02,12:00:00,1375419600,27.0,25.4,27.9,24.8,94.0,16.0,0.0,Hong Kong
Hong Kong,HK,2013-08-03,12:00:00,1375506000,27.3,26.2,28.7,24.8,137.0,12.0,0.0,Hong Kong
Hong Kong,HK,2013-08-04,12:00:00,1375592400,28.0,26.4,30.1,13.8,152.0,0.4,0.0,Hong Kong
Hong Kong,HK,2013-08-05,12:00:00,1375678800,28.3,25.1,31.1,8.0,208.0,0.3,0.0,Hong Kong
Hong Kong,HK,2013-08-06,12:00:00,1375765200,28.2,25.5,30.5,15.3,133.0,0.7,0.0,Hong Kong
Hong Kong,HK,2013-08-07,12:00:00,1375851600,27.5,26.7,28.8,19.7,135.0,8.4,0.0,Hong Kong
Hong Kong,HK,2013-08-08,12:00:00,1375938000,27.8,26.0,30.4,11.5,165.0,5.1,0.0,Hong Kong
Hong Kong,HK,2013-08-09,12:00:00,1376024400,28.6,25.8,31.8,9.8,258.0,0.0,0.0,Hong Kong
Hong Kong,HK,2013-08-10,12:00:00,1376110800,29.1,27.0,31.6,11.2,201.0,1.3,0.0,Hong Kong
Hong Kong,HK,2013-08-11,12:00:00,1376197200,28.4,26.8,30.5,12.8,109.0,3.5,0.0,Hong Kong
Hong Kong,HK,2013-08-12,12:00:00,1376283600,28.7,26.6,31.9,12.6,83.0,0.8,0.0,Hong Kong
Hong Kong,HK,2013-08-13,12:00:00,1376370000,27.0,25.8,28.4,29.7,62.0,25.9,0.0,Hong Kong
Hong Kong,HK,2013-08-14,12:00:00,1376456400,27.2,26.0,29.4,37.4,117.0,17.8,0.0,Hong Kong
Hong Kong,HK,2013-08-15,12:00:00,1376542800,27.1,25.8,28.3,30.3,174.0,42.5,0.0,Hong Kong
Hong Kong,HK,2013-08-16,12:00:00,1376629200,26.1,25.6,26.8,25.3,183.0,72.4,0.0,Hong Kong
Hong Kong,HK,2013-08-17,12:00:00,1376715600,26.3,25.6,27.4,19.8,180.0,65.7,0.0,Hong Kong
Hong Kong,HK,2013-08-18,12:00:00,1376802000,26.4,25.6,28.2,14.0,148.0,27.3,0.0,Hong Kong
Hong Kong,HK,2013-08-19,12:00:00,1376888400,27.1,25.6,28.9,13.4,142.0,11.1,0.0,Hong Kong
Hong Kong,HK,2013-08-20,12:00:00,1376974800,28.3,26.3,31.1,7.6,315.0,8.7,0.0,Hong Kong
Hong Kong,HK,2013-08-21,12:00:00,1377061200,28.3,26.3,31.4,11.8,302.0,4.8,0.0,Hong Kong
Hong Kong,HK,2013-08-22,12:00:00,1377147600,28.1,26.8,30.0,17.4,246.0,21.5,0.0,Hong Kong
Hong Kong,HK,2013-08-23,12:00:00,1377234000,27.4,26.3,29.4,22.4,207.0,33.3,0.0,Hong Kong
Hong Kong,HK,2013-08-24,12:00:00,1377320400,27.0,25.4,29.0,18.4,175.0,9.5,0.0,Hong Kong
Hong Kong,HK,2013-08-25,12:00:00,1377406800,27.4,25.8,29.2,14.0,118.0,4.0,0.0,Hong Kong
Hong Kong,HK,2013-08-26,12:00:00,1377493200,28.0,26.3,30.1,8.8,126.0,3.1,0.0,Hong Kong
Hong Kong,HK,2013-08-27,12:00:00,1377579600,28.2,25.9,30.9,9.0,176.0,0.3,0.0,Hong Kong
Hong Kong,HK,2013-08-28,12:00:00,1377666000,28.3,25.4,31.4,11.2,202.0,0.3,0.0,Hong Kong
Hong Kong,HK,2013-08-29,12:00:00,1377752400,28.9,26.7,31.7,10.8,214.0,1.1,0.0,Hong Kong
Hong Kong,HK,2013-08-30,12:00:00,1377838800,27.9,26.3,28.9,13.6,262.0,17.1,0.0,Hong Kong
Hong Kong,HK,2013-08-31,12:00:00,1377925200,26.2,25.2,28.2,9.9,262.0,24.4,0.0,Hong Kong
Hong Kong,HK,2013-09-01,12:00:00,1378011600,26.7,25.3,27.8,13.4,171.0,22.1,0.0,Hong Kong
Hong Kong,HK,2013-09-02,12:00:00,1378098000,26.5,24.8,28.1,12.4,189.0,10.7,0.0,Hong Kong
Hong Kong,HK,2013-09-03,12:00:00,1378184400,26.0,24.6,28.6,14.0,149.0,12.0,0.0,Hong Kong
Hong Kong,HK,2013-09-04,12:00:00,1378270800,25.5,25.0,26.9,18.2,132.0,32.8,0.0,Hong Kong
Hong Kong,HK,2013-09-05,12:00:00,1378357200,25.3,24.4,26.9,15.0,114.0,16.2,0.0,Hong Kong
Hong Kong,HK,2013-09-06,12:00:00,1378443600,26.5,24.6,28.4,12.0,90.0,2.3,0.0,Hong Kong
Hong Kong,HK,2013-09-07,12:00:00,1378530000,27.2,25.7,29.3,10.2,70.0,0.0,0.0,Hong Kong
Hong Kong,HK,2013-09-08,12:00:00,1378616400,27.5,26.1,29.7,10.5,77.0,0.0,0.0,Hong Kong
Hong Kong,HK,2013-09-09,12:00:00,1378702800,27.4,26.0,29.3,11.3,87.0,0.0,0.0,Hong Kong
Hong Kong,HK,2013-09-10,12:00:00,1378789200,27.3,26.0,29.1,13.6,96.0,0.4,0.0,Hong Kong
Hong Kong,HK,2013-09-11,12:00:00,1378875600,27.3,25.7,29.1,13.7,106.0,0.1,0.0,Hong Kong
Hong Kong,HK,2013-09-12,12:00:00,1378962000,27.3,26.1,29.2,14.0,93.0,1.2,0.0,Hong Kong
Hong Kong,HK,2013-09-13,12:00:00,1379048400,26.6,25.1,28.2,12.3,89.0,7.6,0.0,Hong Kong
Hong Kong,HK,2013-09-14,12:00:00,1379134800,26.9,25.2,28.8,9.5,80.0,3.4,0.0,Hong Kong
Hong Kong,HK,2013-09-15,12:00:00,1379221200,27.5,25.0,30.2,10.0,69.0,8.2,0.0,Hong Kong
Hong Kong,HK,2013-09-16,12:00:00,1379307600,27.3,25.6,29.3,18.5,88.0,1.3,0.0,Hong Kong
Hong Kong,HK,2013-09-17,12:00:00,1379394000,27.2,26.1,28.6,19.4,79.0,0.0,0.0,Hong Kong
Hong Kong,HK,2013-09-18,12:00:00,1379480400,27.0,25.8,28.5,20.3,81.0,0.0,0.0,Hong Kong
Hong Kong,HK,2013-09-19,12:00:00,1379566800,27.6,26.2,29.9,15.1,72.0,1.3,0.0,Hong Kong
Hong Kong,HK,2013-09-20,12:00:00,1379653200,28.5,25.5,31.9,10.6,332.0,0.0,0.0,Hong Kong
Hong Kong,HK,2013-09-21,12:00:00,1379739600,29.1,26.8,32.4,18.5,335.0,0.2,0.0,Hong Kong
Hong Kong,HK,2013-09-22,12:00:00,1379826000,27.5,25.7,29.1,40.9,314.0,23.4,0.0,Hong Kong
Hong Kong,HK,2013-09-23,12:00:00,1379912400,26.8,25.7,28.6,40.2,187.0,52.5,0.0,Hong Kong
Hong Kong,HK,2013-09-24,12:00:00,1379998800,27.0,25.8,28.7,19.3,116.0,2.5,0.0,Hong Kong
Hong Kong,HK,2013-09-25,12:00:00,1380085200,27.3,26.3,29.2,14.8,73.0,0.4,0.0,Hong Kong
Hong Kong,HK,2013-09-26,12:00:00,1380171600,25.8,23.5,28.2,18.8,32.0,0.0,0.0,Hong Kong
Hong Kong,HK,2013-09-27,12:00:00,1380258000,25.4,22.7,27.9,15.3,45.0,0.0,0.0,Hong Kong
Hong Kong,HK,2013-09-28,12:00:00,1380344400,25.9,25.0,27.6,15.3,40.0,1.5,0.0,Hong Kong
Hong Kong,HK,2013-09-29,12:00:00,1380430800,24.4,23.7,25.2,19.3,32.0,9.4,0.0,Hong Kong
Hong Kong,HK,2013-09-30,12:00:00,1380517200,25.8,24.6,27.4,21.9,56.0,4.5,0.0,Hong Kong
Hong Kong,HK,2013-10-01,12:00:00,1380603600,26.6,25.3,28.9,13.0,57.0,0.1,0.0,Hong Kong
Hong Kong,HK,2013-10-02,12:00:00,1380690000,26.2,23.7,29.5,14.2,24.0,0.0,0.0,Hong Kong
Hong Kong,HK,2013-10-03,12:00:00,1380776400,25.3,22.9,28.1,13.2,44.0,0.0,0.0,Hong Kong
Hong Kong,HK,2013-10-04,12:00:00,1380862800,24.8,22.4,27.4,12.7,41.0,0.0,0.0,Hong Kong
Hong Kong,HK,2013-10-05,12:00:00,1380949200,24.4,21.6,27.9,9.5,24.0,0.0,0.0,Hong Kong
Hong Kong,HK,2013-10-06,12:00:00,1381035600,25.1,22.0,29.0,17.7,339.0,0.0,0.0,Hong Kong
Hong Kong,HK,2013-10-07,12:00:00,1381122000,26.1,23.2,30.2,22.7,330.0,0.0,0.0,Hong Kong
Hong Kong,HK,2013-10-08,12:00:00,1381208400,25.7,24.1,28.2,16.7,341.0,0.1,0.0,Hong Kong
Hong Kong,HK,2013-10-09,12:00:00,1381294800,25.6,23.6,28.1,13.4,50.0,0.7,0.0,Hong Kong
Hong Kong,HK,2013-10-10,12:00:00,1381381200,26.0,24.1,28.5,13.0,71.0,0.1,0.0,Hong Kong
Hong Kong,HK,2013-10-11,12:00:00,1381467600,26.6,23.2,29.8,12.4,37.0,0.3,0.0,Hong Kong
Hong Kong,HK,2013-10-12,12:00:00,1381554000,26.8,25.0,29.9,12.5,91.0,0.0,0.0,Hong Kong
Hong Kong,HK,2013-10-13,12:00:00,1381640400,26.2,25.2,28.1,17.2,86.0,0.0,0.0,Hong Kong
Hong Kong,HK,2013-10-14,12:00:00,1381726800,24.7,23.0,25.3,21.4,85.0,6.0,0.0,Hong Kong
Hong Kong,HK,2013-10-15,12:00:00,1381813200,25.9,24.7,28.0,13.2,60.0,0.0,0.0,Hong Kong
Hong Kong,HK,2013-10-16,12:00:00,1381899600,24.6,23.1,26.4,20.5,57.0,0.2,0.0,Hong Kong
Hong Kong,HK,2013-10-17,12:00:00,1381986000,23.8,22.8,25.3,18.4,74.0,0.0,0.0,Hong Kong
Hong Kong,HK,2013-10-18,12:00:00,1382072400,23.9,22.7,25.8,16.9,35.0,0.0,0.0,Hong Kong
Hong Kong,HK,2013-10-19,12:00:00,1382158800,24.0,21.4,27.2,15.6,22.0,0.3,0.0,Hong Kong
Hong Kong,HK,2013-10-20,12:00:00,1382245200,24.0,21.1,27.3,15.9,23.0,0.0,0.0,Hong Kong
Hong Kong,HK,2013-10-21,12:00:00,1382331600,24.2,21.9,26.9,14.7,21.0,0.0,0.0,Hong Kong
Hong Kong,HK,2013-10-22,12:00:00,1382418000,24.3,21.7,27.7,15.5,19.0,0.0,0.0,Hong Kong
Hong Kong,HK,2013-10-23,12:00:00,1382504400,23.2,20.9,26.8,15.5,14.0,0.0,0.0,Hong Kong
Hong Kong,HK,2013-10-24,12:00:00,1382590800,23.3,20.2,26.9,17.4,13.0,0.0,0.0,Hong Kong
Hong Kong,HK,2013-10-25,12:00:00,1382677200,23.1,20.8,26.3,18.9,24.0,0.0,0.0,Hong Kong
Hong Kong,HK,2013-10-26,12:00:00,1382763600,21.2,18.7,23.9,17.2,48.0,0.0,0.0,Hong Kong
Hong Kong,HK,2013-10-27,12:00:00,1382850000,21.6,19.8,23.6,14.3,90.0,0.0,0.0,Hong Kong
Hong Kong,HK,2013-10-28,12:00:00,1382936400,22.4,20.5,24.5,15.7,88.0,0.0,0.0,Hong Kong
Hong Kong,HK,2013-10-29,12:00:00,1383022800,23.0,21.2,25.0,14.7,66.0,0.0,0.0,Hong Kong
Hong Kong,HK,2013-10-30,12:00:00,1383109200,23.7,22.5,25.6,11.5,106.0,0.0,0.0,Hong Kong
Hong Kong,HK,2013-10-31,12:00:00,1383195600,24.5,22.3,27.5,9.7,68.0,0.0,0.0,Hong Kong
Hong Kong,HK,2013-11-01,12:00:00,1383282000,24.8,21.3,28.9,15.0,30.0,0.0,0.0,Hong Kong
Hong Kong,HK,2013-11-02,12:00:00,1383368400,25.3,23.7,27.6,22.1,23.0,0.0,0.0,Hong Kong
Hong Kong,HK,2013-11-03,12:00:00,1383454800,24.7,22.4,26.8,26.1,29.0,0.3,0.0,Hong Kong
Hong Kong,HK,2013-11-04,12:00:00,1383541200,22.9,21.8,24.3,19.8,33.0,5.1,0.0,Hong Kong
Hong Kong,HK,2013-11-05,12:00:00,1383627600,22.6,20.8,24.7,13.6,24.0,2.7,0.0,Hong Kong
Hong Kong,HK,2013-11-06,12:00:00,1383714000,23.4,22.2,25.8,11.3,37.0,1.5,0.0,Hong Kong
Hong Kong,HK,2013-11-07,12:00:00,1383800400,23.6,22.1,26.0,13.5,81.0,0.0,0.0,Hong Kong
Hong Kong,HK,2013-11-08,12:00:00,1383886800,23.6,22.0,26.1,13.4,83.0,0.0,0.0,Hong Kong
Hong Kong,HK,2013-11-09,12:00:00,1383973200,24.8,22.5,27.2,19.7,75.0,0.0,0.0,Hong Kong
Hong Kong,HK,2013-11-10,12:00:00,1384059600,24.6,23.9,25.4,23.1,81.0,6.6,0.0,Hong Kong
Hong Kong,HK,2013-11-11,12:00:00,1384146000,24.0,22.5,25.3,28.5,91.0,0.0,0.0,Hong Kong
Hong Kong,HK,2013-11-12,12:00:00,1384232400,22.9,21.4,24.3,33.8,98.0,9.1,0.0,Hong Kong
Hong Kong,HK,2013-11-13,12:00:00,1384318800,20.2,19.2,21.9,19.5,25.0,0.6,0.0,Hong Kong
Hong Kong,HK,2013-11-14,12:00:00,1384405200,20.0,17.8,22.2,18.2,14.0,0.0,0.0,Hong Kong
Hong Kong,HK,2013-11-15,12:00:00,1384491600,20.7,17.7,24.3,19.9,20.0,0.0,0.0,Hong Kong
Hong Kong,HK,2013-11-16,12:00:00,1384578000,21.1,17.8,24.7,14.0,16.0,0.0,0.0,Hong Kong
Hong Kong,HK,2013-11-17,12:00:00,1384664400,20.7,17.9,23.6,16.3,31.0,0.0,0.0,Hong Kong
Hong Kong,HK,2013-11-18,12:00:00,1384750800,20.5,18.9,22.9,16.0,47.0,0.0,0.0,Hong Kong
Hong Kong,HK,2013-11-19,12:00:00,1384837200,20.3,18.6,22.0,13.8,64.0,0.0,0.0,Hong Kong
Hong Kong,HK,2013-11-20,12:00:00,1384923600,20.0,18.9,21.0,16.3,73.0,0.0,0.0,Hong Kong
Hong Kong,HK,2013-11-21,12:00:00,1385010000,20.5,18.8,22.7,11.9,68.0,1.0,0.0,Hong Kong
Hong Kong,HK,2013-11-22,12:00:00,1385096400,20.7,19.0,22.3,15.2,78.0,2.6,0.0,Hong Kong
Hong Kong,HK,2013-11-23,12:00:00,1385182800,21.4,19.8,23.2,16.9,91.0,0.1,0.0,Hong Kong
Hong Kong,HK,2013-11-24,12:00:00,1385269200,22.0,19.9,25.2,19.1,36.0,6.7,0.0,Hong Kong
Hong Kong,HK,2013-11-25,12:00:00,1385355600,18.3,14.9,22.0,22.5,20.0,0.0,0.0,Hong Kong
Hong Kong,HK,2013-11-26,12:00:00,1385442000,19.1,16.5,21.0,13.1,70.0,0.0,0.0,Hong Kong
Hong Kong,HK,2013-11-27,12:00:00,1385528400,19.8,15.6,22.6,24.5,35.0,0.9,0.0,Hong Kong
Hong Kong,HK,2013-11-28,12:00:00,1385614800,15.8,13.6,19.1,24.8,23.0,2.7,0.0,Hong Kong
Hong Kong,HK,2013-11-29,12:00:00,1385701200,14.7,12.4,17.5,23.7,29.0,0.0,0.0,Hong Kong
Hong Kong,HK,2013-11-30,12:00:00,1385787600,15.3,12.5,18.5,12.2,29.0,0.0,0.0,Hong Kong
Hong Kong,HK,2013-12-01,12:00:00,1385874000,16.8,13.0,20.9,13.4,30.0,0.0,0.0,Hong Kong
Hong Kong,HK,2013-12-02,12:00:00,1385960400,17.7,14.2,21.7,12.3,52.0,0.0,0.0,Hong Kong
Hong Kong,HK,2013-12-03,12:00:00,1386046800,18.3,14.5,21.5,13.2,72.0,0.0,0.0,Hong Kong
Hong Kong,HK,2013-12-04,12:00:00,1386133200,17.9,12.6,23.4,17.9,27.0,0.0,0.0,Hong Kong
Hong Kong,HK,2013-12-05,12:00:00,1386219600,17.5,14.5,21.0,14.3,43.0,0.0,0.0,Hong Kong
Hong Kong,HK,2013-12-06,12:00:00,1386306000,17.3,13.7,22.3,15.5,25.0,0.0,0.0,Hong Kong
Hong Kong,HK,2013-12-07,12:00:00,1386392400,18.0,14.0,22.5,11.1,35.0,0.0,0.0,Hong Kong
Hong Kong,HK,2013-12-08,12:00:00,1386478800,18.8,16.7,20.7,9.6,59.0,0.5,0.0,Hong Kong
Hong Kong,HK,2013-12-09,12:00:00,1386565200,21.2,18.6,24.9,16.9,17.0,0.6,0.0,Hong Kong
Hong Kong,HK,2013-12-10,12:00:00,1386651600,18.9,16.9,20.8,17.8,44.0,0.0,0.0,Hong Kong
Hong Kong,HK,2013-12-11,12:00:00,1386738000,18.7,17.9,20.1,18.6,40.0,0.0,0.0,Hong Kong
Hong Kong,HK,2013-12-12,12:00:00,1386824400,17.9,16.2,19.1,16.2,57.0,0.0,0.0,Hong Kong
Hong Kong,HK,2013-12-13,12:00:00,1386910800,18.7,17.2,21.0,15.5,19.0,0.6,0.0,Hong Kong
Hong Kong,HK,2013-12-14,12:00:00,1386997200,17.6,16.2,19.0,15.7,33.0,17.8,0.0,Hong Kong
Hong Kong,HK,2013-12-15,12:00:00,1387083600,16.2,15.2,17.4,19.6,30.0,23.8,0.0,Hong Kong
Hong Kong,HK,2013-12-16,12:00:00,1387170000,12.3,10.9,14.8,26.0,7.0,23.7,0.0,Hong Kong
Hong Kong,HK,2013-12-17,12:00:00,1387256400,10.9,9.6,11.7,20.3,357.0,30.0,0.0,Hong Kong
Hong Kong,HK,2013-12-18,12:00:00,1387342800,10.3,7.8,13.4,25.5,12.0,0.0,0.0,Hong Kong
Hong Kong,HK,2013-12-19,12:00:00,1387429200,11.4,9.1,14.4,22.1,19.0,0.0,0.0,Hong Kong
Hong Kong,HK,2013-12-20,12:00:00,1387515600,12.9,10.7,15.0,18.7,24.0,0.0,0.0,Hong Kong
Hong Kong,HK,2013-12-21,12:00:00,1387602000,13.4,11.4,15.7,18.9,18.0,0.0,0.0,Hong Kong
Hong Kong,HK,2013-12-22,12:00:00,1387688400,11.9,8.7,15.3,18.5,22.0,0.0,0.0,Hong Kong
Hong Kong,HK,2013-12-23,12:00:00,1387774800,13.2,9.9,17.1,14.5,17.0,0.0,0.0,Hong Kong
Hong Kong,HK,2013-12-24,12:00:00,1387861200,13.2,9.9,16.9,15.5,19.0,0.0,0.0,Hong Kong
Hong Kong,HK,2013-12-25,12:00:00,1387947600,13.6,10.7,17.0,15.5,16.0,0.0,0.0,Hong Kong
Hong Kong,HK,2013-12-26,12:00:00,1388034000,13.1,10.2,16.7,20.4,14.0,0.0,0.0,Hong Kong
Hong Kong,HK,2013-12-27,12:00:00,1388120400,11.6,9.6,14.8,23.3,19.0,0.0,0.0,Hong Kong
Hong Kong,HK,2013-12-28,12:00:00,1388206800,10.4,7.4,13.8,17.1,21.0,0.0,0.0,Hong Kong
Hong Kong,HK,2013-12-29,12:00:00,1388293200,10.8,7.6,14.5,18.1,32.0,0.0,0.0,Hong Kong
Hong Kong,HK,2013-12-30,12:00:00,1388379600,12.5,9.5,16.8,10.4,8.0,0.0,0.0,Hong Kong
Hong Kong,HK,2013-12-31,12:00:00,1388466000,13.7,10.4,18.3,10.4,5.0,0.0,0.0,Hong Kong
Hong Kong,HK,2014-01-01,12:00:00,1388552400,14.1,10.5,18.4,10.4,63.0,0.0,0.0,Hong Kong
Hong Kong,HK,2014-01-02,12:00:00,1388638800,16.1,12.6,19.5,9.8,91.0,0.0,0.0,Hong Kong
Hong Kong,HK,2014-01-03,12:00:00,1388725200,18.8,15.9,23.0,10.0,334.0,0.0,0.0,Hong Kong
Hong Kong,HK,2014-01-04,12:00:00,1388811600,17.4,14.9,21.1,18.4,13.0,0.0,0.0,Hong Kong
Hong Kong,HK,2014-01-05,12:00:00,1388898000,15.7,13.1,18.3,14.7,79.0,0.0,0.0,Hong Kong
Hong Kong,HK,2014-01-06,12:00:00,1388984400,16.5,14.4,18.5,18.6,96.0,0.0,0.0,Hong Kong
Hong Kong,HK,2014-01-07,12:00:00,1389070800,18.0,16.7,19.7,20.0,97.0,0.0,0.0,Hong Kong
Hong Kong,HK,2014-01-08,12:00:00,1389157200,18.4,13.9,22.1,20.5,16.0,0.2,0.0,Hong Kong
Hong Kong,HK,2014-01-09,12:00:00,1389243600,14.6,12.6,17.0,22.7,27.0,0.0,0.0,Hong Kong
Hong Kong,HK,2014-01-10,12:00:00,1389330000,15.5,14.4,17.1,18.1,72.0,0.0,0.0,Hong Kong
Hong Kong,HK,2014-01-11,12:00:00,1389416400,16.7,14.9,19.6,14.1,83.0,0.0,0.0,Hong Kong
Hong Kong,HK,2014-01-12,12:00:00,1389502800,17.2,13.1,21.1,22.3,17.0,0.0,0.0,Hong Kong
Hong Kong,HK,2014-01-13,12:00:00,1389589200,12.5,10.4,15.8,21.9,15.0,0.0,0.0,Hong Kong
Hong Kong,HK,2014-01-14,12:00:00,1389675600,12.8,9.5,16.7,19.6,20.0,0.0,0.0,Hong Kong
Hong Kong,HK,2014-01-15,12:00:00,1389762000,12.6,9.4,15.6,18.3,46.0,0.0,0.0,Hong Kong
Hong Kong,HK,2014-01-16,12:00:00,1389848400,14.0,11.9,16.7,13.4,73.0,0.0,0.0,Hong Kong
Hong Kong,HK,2014-01-17,12:00:00,1389934800,15.3,12.6,19.4,11.6,33.0,0.0,0.0,Hong Kong
Hong Kong,HK,2014-01-18,12:00:00,1390021200,15.4,12.3,19.8,20.1,27.0,0.0,0.0,Hong Kong
Hong Kong,HK,2014-01-19,12:00:00,1390107600,13.9,12.0,15.9,15.3,71.0,0.0,0.0,Hong Kong
Hong Kong,HK,2014-01-20,12:00:00,1390194000,16.0,13.1,20.1,18.4,21.0,0.0,0.0,Hong Kong
Hong Kong,HK,2014-01-21,12:00:00,1390280400,14.3,11.4,18.0,22.4,22.0,0.0,0.0,Hong Kong
Hong Kong,HK,2014-01-22,12:00:00,1390366800,12.9,9.4,16.7,17.1,37.0,0.0,0.0,Hong Kong
Hong Kong,HK,2014-01-23,12:00:00,1390453200,13.4,11.2,15.7,14.8,101.0,0.0,0.0,Hong Kong
Hong Kong,HK,2014-01-24,12:00:00,1390539600,15.8,13.5,18.5,18.2,91.0,0.0,0.0,Hong Kong
Hong Kong,HK,2014-01-25,12:00:00,1390626000,17.7,15.2,20.9,9.7,53.0,0.0,0.0,Hong Kong
Hong Kong,HK,2014-01-26,12:00:00,1390712400,18.3,15.8,22.3,16.2,86.0,0.0,0.0,Hong Kong
Hong Kong,HK,2014-01-27,12:00:00,1390798800,16.6,15.1,19.1,17.7,106.0,0.0,0.0,Hong Kong
Hong Kong,HK,2014-01-28,12:00:00,1390885200,16.8,14.9,19.7,14.2,107.0,0.0,0.0,Hong Kong
Hong Kong,HK,2014-01-29,12:00:00,1390971600,16.8,13.9,20.7,9.9,105.0,0.0,0.0,Hong Kong
Hong Kong,HK,2014-01-30,12:00:00,1391058000,17.4,13.9,22.3,8.3,147.0,0.0,0.0,Hong Kong
Hong Kong,HK,2014-01-31,12:00:00,1391144400,18.0,11.6,22.2,13.9,133.0,0.0,0.0,Hong Kong
Hong Kong,HK,2014-02-01,12:00:00,1391230800,18.5,15.1,22.6,9.6,119.0,0.0,0.0,Hong Kong
Hong Kong,HK,2014-02-02,12:00:00,1391317200,18.5,14.2,24.1,9.7,213.0,0.0,0.0,Hong Kong
Hong Kong,HK,2014-02-03,12:00:00,1391403600,19.5,14.6,24.9,8.4,256.0,0.0,0.0,Hong Kong
Hong Kong,HK,2014-02-04,12:00:00,1391490000,18.0,15.0,20.1,24.0,105.0,0.0,0.0,Hong Kong
Hong Kong,HK,2014-02-05,12:00:00,1391576400,17.5,16.3,19.0,21.7,97.0,0.0,0.0,Hong Kong
Hong Kong,HK,2014-02-06,12:00:00,1391662800,19.4,17.8,22.2,12.6,108.0,0.0,0.0,Hong Kong
Hong Kong,HK,2014-02-07,12:00:00,1391749200,20.4,18.7,23.1,14.9,143.0,1.6,0.0,Hong Kong
Hong Kong,HK,2014-02-08,12:00:00,1391835600,16.9,14.6,19.0,18.5,39.0,2.3,0.0,Hong Kong
Hong Kong,HK,2014-02-09,12:00:00,1391922000,14.4,8.1,18.4,25.8,33.0,10.3,0.0,Hong Kong
Hong Kong,HK,2014-02-10,12:00:00,1392008400,8.0,6.3,8.9,26.9,16.0,2.4,0.0,Hong Kong
Hong Kong,HK,2014-02-11,12:00:00,1392094800,7.4,6.2,9.1,21.2,17.0,0.9,0.0,Hong Kong
Hong Kong,HK,2014-02-12,12:00:00,1392181200,8.9,7.4,10.9,20.2,19.0,5.0,0.0,Hong Kong
Hong Kong,HK,2014-02-13,12:00:00,1392267600,7.9,6.6,8.7,22.3,10.0,8.6,0.0,Hong Kong
Hong Kong,HK,2014-02-14,12:00:00,1392354000,10.7,6.8,15.1,21.6,16.0,0.0,0.0,Hong Kong
Hong Kong,HK,2014-02-15,12:00:00,1392440400,12.7,9.2,16.2,16.6,44.0,0.2,0.0,Hong Kong
Hong Kong,HK,2014-02-16,12:00:00,1392526800,18.0,16.4,20.1,17.7,91.0,0.3,0.0,Hong Kong
Hong Kong,HK,2014-02-17,12:00:00,1392613200,19.5,17.9,22.0,13.1,110.0,0.3,0.0,Hong Kong
Hong Kong,HK,2014-02-18,12:00:00,1392699600,17.7,10.6,23.3,26.9,359.0,2.1,0.0,Hong Kong
Hong Kong,HK,2014-02-19,12:00:00,1392786000,9.2,7.9,10.3,26.3,12.0,4.7,0.0,Hong Kong
Hong Kong,HK,2014-02-20,12:00:00,1392872400,12.2,7.1,16.6,18.0,38.0,0.0,0.0,Hong Kong
Hong Kong,HK,2014-02-21,12:00:00,1392958800,14.8,13.1,16.4,22.3,88.0,0.0,0.0,Hong Kong
Hong Kong,HK,2014-02-22,12:00:00,1393045200,16.0,14.5,17.7,21.9,73.0,1.2,0.0,Hong Kong
Hong Kong,HK,2014-02-23,12:00:00,1393131600,17.1,15.6,19.2,16.1,83.0,0.0,0.0,Hong Kong
Hong Kong,HK,2014-02-24,12:00:00,1393218000,18.2,16.3,20.0,20.3,97.0,0.0,0.0,Hong Kong
Hong Kong,HK,2014-02-25,12:00:00,1393304400,19.5,17.5,22.0,19.2,108.0,0.4,0.0,Hong Kong
Hong Kong,HK,2014-02-26,12:00:00,1393390800,20.3,18.3,23.6,8.2,61.0,0.7,0.0,Hong Kong
Hong Kong,HK,2014-02-27,12:00:00,1393477200,20.0,18.4,22.3,18.7,94.0,0.0,0.0,Hong Kong
Hong Kong,HK,2014-02-28,12:00:00,1393563600,20.0,18.6,21.3,20.5,108.0,2.0,0.0,Hong Kong
Hong Kong,HK,2014-03-01,12:00:00,1393650000,21.0,19.5,23.5,14.8,140.0,0.1,0.0,Hong Kong
Hong Kong,HK,2014-03-02,12:00:00,1393736400,19.2,16.7,20.7,16.0,69.0,3.0,0.0,Hong Kong
Hong Kong,HK,2014-03-03,12:00:00,1393822800,18.7,17.3,20.6,23.8,94.0,0.9,0.0,Hong Kong
Hong Kong,HK,2014-03-04,12:00:00,1393909200,19.5,17.6,22.5,19.5,85.0,1.9,0.0,Hong Kong
Hong Kong,HK,2014-03-05,12:00:00,1393995600,17.4,15.6,19.2,17.7,58.0,1.7,0.0,Hong Kong
Hong Kong,HK,2014-03-06,12:00:00,1394082000,18.6,17.3,20.6,28.2,97.0,2.8,0.0,Hong Kong
Hong Kong,HK,2014-03-07,12:00:00,1394168400,17.3,16.3,18.8,23.4,86.0,1.9,0.0,Hong Kong
Hong Kong,HK,2014-03-08,12:00:00,1394254800,18.1,16.5,20.3,20.5,81.0,2.5,0.0,Hong Kong
Hong Kong,HK,2014-03-09,12:00:00,1394341200,15.3,14.1,16.6,19.2,34.0,3.0,0.0,Hong Kong
Hong Kong,HK,2014-03-10,12:00:00,1394427600,16.0,15.5,16.7,18.6,68.0,3.2,0.0,Hong Kong
Hong Kong,HK,2014-03-11,12:00:00,1394514000,18.8,17.0,20.5,23.5,96.0,3.9,0.0,Hong Kong
Hong Kong,HK,2014-03-12,12:00:00,1394600400,21.6,19.4,24.6,18.8,155.0,8.2,0.0,Hong Kong
Hong Kong,HK,2014-03-13,12:00:00,1394686800,20.2,18.0,22.4,20.8,20.0,2.5,0.0,Hong Kong
Hong Kong,HK,2014-03-14,12:00:00,1394773200,17.9,17.0,18.8,19.5,34.0,0.2,0.0,Hong Kong
Hong Kong,HK,2014-03-15,12:00:00,1394859600,17.9,16.3,19.5,13.9,77.0,0.7,0.0,Hong Kong
Hong Kong,HK,2014-03-16,12:00:00,1394946000,19.6,17.8,22.3,14.0,102.0,0.2,0.0,Hong Kong
Hong Kong,HK,2014-03-17,12:00:00,1395032400,20.6,18.5,23.2,11.7,112.0,0.0,0.0,Hong Kong
Hong Kong,HK,2014-03-18,12:00:00,1395118800,21.7,19.7,24.2,13.0,136.0,0.0,0.0,Hong Kong
Hong Kong,HK,2014-03-19,12:00:00,1395205200,22.5,20.2,25.5,10.7,159.0,0.0,0.0,Hong Kong
Hong Kong,HK,2014-03-20,12:00:00,1395291600,21.7,16.9,27.0,27.0,12.0,0.0,0.0,Hong Kong
Hong Kong,HK,2014-03-21,12:00:00,1395378000,16.9,15.3,18.7,22.3,30.0,0.2,0.0,Hong Kong
Hong Kong,HK,2014-03-22,12:00:00,1395464400,17.8,16.0,20.1,15.2,71.0,0.7,0.0,Hong Kong
Hong Kong,HK,2014-03-23,12:00:00,1395550800,18.5,16.5,21.0,17.1,94.0,0.0,0.0,Hong Kong
Hong Kong,HK,2014-03-24,12:00:00,1395637200,19.6,17.1,22.5,15.2,105.0,0.0,0.0,Hong Kong
Hong Kong,HK,2014-03-25,12:00:00,1395723600,21.0,18.7,24.0,12.8,124.0,0.2,0.0,Hong Kong
Hong Kong,HK,2014-03-26,12:00:00,1395810000,21.9,18.8,26.3,9.6,154.0,0.0,0.0,Hong Kong
Hong Kong,HK,2014-03-27,12:00:00,1395896400,22.1,18.7,26.0,13.6,176.0,0.0,0.0,Hong Kong
Hong Kong,HK,2014-03-28,12:00:00,1395982800,22.9,21.0,25.4,18.8,132.0,0.8,0.0,Hong Kong
Hong Kong,HK,2014-03-29,12:00:00,1396069200,24.1,21.8,27.5,10.3,170.0,4.1,0.0,Hong Kong
Hong Kong,HK,2014-03-30,12:00:00,1396155600,23.4,21.0,25.9,22.5,128.0,28.0,0.0,Hong Kong
Hong Kong,HK,2014-03-31,12:00:00,1396242000,22.3,20.9,24.9,20.9,115.0,31.1,0.0,Hong Kong
Hong Kong,HK,2014-04-01,12:00:00,1396328400,21.3,20.8,21.9,15.0,60.0,25.6,0.0,Hong Kong
Hong Kong,HK,2014-04-02,12:00:00,1396414800,21.2,20.5,22.0,21.3,97.0,10.8,0.0,Hong Kong
Hong Kong,HK,2014-04-03,12:00:00,1396501200,20.9,19.6,22.9,17.3,87.0,33.2,0.0,Hong Kong
Hong Kong,HK,2014-04-04,12:00:00,1396587600,20.3,18.8,22.0,16.4,90.0,0.2,0.0,Hong Kong
Hong Kong,HK,2014-04-05,12:00:00,1396674000,20.4,18.5,22.7,13.4,104.0,0.0,0.0,Hong Kong
Hong Kong,HK,2014-04-06,12:00:00,1396760400,19.9,18.5,21.9,19.5,82.0,22.1,0.0,Hong Kong
Hong Kong,HK,2014-04-07,12:00:00,1396846800,19.7,18.4,21.7,22.1,89.0,11.3,0.0,Hong Kong
Hong Kong,HK,2014-04-08,12:00:00,1396933200,21.0,20.0,23.1,14.4,95.0,2.5,0.0,Hong Kong
Hong Kong,HK,2014-04-09,12:00:00,1397019600,21.8,19.8,24.7,11.0,105.0,0.1,0.0,Hong Kong
Hong Kong,HK,2014-04-10,12:00:00,1397106000,21.7,20.6,23.5,15.7,106.0,0.0,0.0,Hong Kong
Hong Kong,HK,2014-04-11,12:00:00,1397192400,22.2,20.4,24.3,15.8,113.0,0.0,0.0,Hong Kong
Hong Kong,HK,2014-04-12,12:00:00,1397278800,23.2,21.4,25.8,12.6,133.0,0.0,0.0,Hong Kong
Hong Kong,HK,2014-04-13,12:00:00,1397365200,24.1,20.9,27.9,7.1,236.0,0.0,0.0,Hong Kong
Hong Kong,HK,2014-04-14,12:00:00,1397451600,22.8,21.4,24.2,18.7,101.0,2.5,0.0,Hong Kong
Hong Kong,HK,2014-04-15,12:00:00,1397538000,21.8,20.3,23.7,20.0,108.0,1.0,0.0,Hong Kong
Hong Kong,HK,2014-04-16,12:00:00,1397624400,22.9,21.6,24.7,18.6,116.0,0.3,0.0,Hong Kong
Hong Kong,HK,2014-04-17,12:00:00,1397710800,23.8,22.1,26.4,14.1,139.0,0.2,0.0,Hong Kong
Hong Kong,HK,2014-04-18,12:00:00,1397797200,23.6,21.2,26.5,14.2,148.0,0.0,0.0,Hong Kong
Hong Kong,HK,2014-04-19,12:00:00,1397883600,24.1,21.4,26.9,10.9,147.0,0.1,0.0,Hong Kong
Hong Kong,HK,2014-04-20,12:00:00,1397970000,24.8,21.8,28.3,8.8,178.0,2.0,0.0,Hong Kong
Hong Kong,HK,2014-04-21,12:00:00,1398056400,24.7,23.0,26.8,21.2,125.0,0.8,0.0,Hong Kong
Hong Kong,HK,2014-04-22,12:00:00,1398142800,24.9,23.2,27.2,9.7,103.0,1.3,0.0,Hong Kong
Hong Kong,HK,2014-04-23,12:00:00,1398229200,23.8,23.1,24.9,24.0,114.0,2.2,0.0,Hong Kong
Hong Kong,HK,2014-04-24,12:00:00,1398315600,23.8,22.6,25.6,22.0,111.0,0.3,0.0,Hong Kong
Hong Kong,HK,2014-04-25,12:00:00,1398402000,24.4,23.3,26.3,19.5,119.0,0.9,0.0,Hong Kong
Hong Kong,HK,2014-04-26,12:00:00,1398488400,24.5,22.9,26.5,15.2,106.0,1.7,0.0,Hong Kong
Hong Kong,HK,2014-04-27,12:00:00,1398574800,25.0,21.7,28.6,16.4,353.0,0.8,0.0,Hong Kong
Hong Kong,HK,2014-04-28,12:00:00,1398661200,24.3,21.9,27.4,17.0,18.0,0.1,0.0,Hong Kong
Hong Kong,HK,2014-04-29,12:00:00,1398747600,23.7,22.1,25.7,11.8,98.0,3.0,0.0,Hong Kong
Hong Kong,HK,2014-04-30,12:00:00,1398834000,23.5,22.3,25.7,11.6,53.0,31.3,0.0,Hong Kong
Hong Kong,HK,2014-05-01,12:00:00,1398920400,22.4,21.7,23.7,17.5,72.0,36.8,0.0,Hong Kong
Hong Kong,HK,2014-05-02,12:00:00,1399006800,23.2,22.2,24.9,15.5,90.0,0.0,0.0,Hong Kong
Hong Kong,HK,2014-05-03,12:00:00,1399093200,23.8,22.3,25.6,20.7,96.0,0.0,0.0,Hong Kong
Hong Kong,HK,2014-05-04,12:00:00,1399179600,23.9,22.9,25.2,19.9,101.0,4.6,0.0,Hong Kong
Hong Kong,HK,2014-05-05,12:00:00,1399266000,22.1,20.3,23.3,19.0,31.0,3.5,0.0,Hong Kong
Hong Kong,HK,2014-05-06,12:00:00,1399352400,20.3,19.6,21.2,13.4,64.0,8.6,0.0,Hong Kong
Hong Kong,HK,2014-05-07,12:00:00,1399438800,21.6,20.4,22.7,13.5,77.0,20.0,0.0,Hong Kong
Hong Kong,HK,2014-05-08,12:00:00,1399525200,23.8,22.6,25.4,20.0,114.0,6.0,0.0,Hong Kong
Hong Kong,HK,2014-05-09,12:00:00,1399611600,23.7,22.2,24.8,17.8,122.0,25.7,0.0,Hong Kong
Hong Kong,HK,2014-05-10,12:00:00,1399698000,25.2,23.9,27.1,27.7,143.0,11.2,0.0,Hong Kong
Hong Kong,HK,2014-05-11,12:00:00,1399784400,24.1,23.4,25.7,19.5,147.0,59.7,0.0,Hong Kong
Hong Kong,HK,2014-05-12,12:00:00,1399870800,24.9,23.3,27.3,12.9,169.0,17.2,0.0,Hong Kong
Hong Kong,HK,2014-05-13,12:00:00,1399957200,25.8,23.8,27.8,19.5,173.0,14.2,0.0,Hong Kong
Hong Kong,HK,2014-05-14,12:00:00,1400043600,27.3,25.8,29.2,26.1,195.0,1.2,0.0,Hong Kong
Hong Kong,HK,2014-05-15,12:00:00,1400130000,27.3,25.9,29.4,16.4,208.0,9.0,0.0,Hong Kong
Hong Kong,HK,2014-05-16,12:00:00,1400216400,26.5,24.5,29.0,15.3,167.0,18.6,0.0,Hong Kong
Hong Kong,HK,2014-05-17,12:00:00,1400302800,27.0,25.4,28.8,18.0,177.0,9.9,0.0,Hong Kong
Hong Kong,HK,2014-05-18,12:00:00,1400389200,26.3,25.2,28.2,14.1,181.0,18.2,0.0,Hong Kong
Hong Kong,HK,2014-05-19,12:00:00,1400475600,27.0,25.3,29.0,15.8,202.0,8.6,0.0,Hong Kong
Hong Kong,HK,2014-05-20,12:00:00,1400562000,26.4,24.2,28.8,12.0,221.0,25.6,0.0,Hong Kong
Hong Kong,HK,2014-05-21,12:00:00,1400648400,27.2,24.4,29.7,19.2,184.0,15.0,0.0,Hong Kong
Hong Kong,HK,2014-05-22,12:00:00,1400734800,28.0,27.4,29.1,21.0,190.0,4.9,0.0,Hong Kong
Hong Kong,HK,2014-05-23,12:00:00,1400821200,27.1,25.8,28.4,13.2,161.0,11.2,0.0,Hong Kong
Hong Kong,HK,2014-05-24,12:00:00,1400907600,27.7,26.6,29.4,16.2,160.0,3.9,0.0,Hong Kong
Hong Kong,HK,2014-05-25,12:00:00,1400994000,28.1,26.3,30.6,17.8,188.0,1.3,0.0,Hong Kong
Hong Kong,HK,2014-05-26,12:00:00,1401080400,28.3,26.4,30.7,14.2,234.0,0.3,0.0,Hong Kong
Hong Kong,HK,2014-05-27,12:00:00,1401166800,28.6,26.6,31.3,13.3,236.0,1.1,0.0,Hong Kong
Hong Kong,HK,2014-05-28,12:00:00,1401253200,28.5,26.9,30.7,17.0,227.0,1.7,0.0,Hong Kong
Hong Kong,HK,2014-05-29,12:00:00,1401339600,28.3,27.0,30.4,18.4,208.0,3.2,0.0,Hong Kong
Hong Kong,HK,2014-05-30,12:00:00,1401426000,28.5,26.9,30.8,16.1,191.0,0.3,0.0,Hong Kong
Hong Kong,HK,2014-05-31,12:00:00,1401512400,28.9,27.2,30.9,14.5,187.0,0.3,0.0,Hong Kong
Hong Kong,HK,2014-06-01,12:00:00,1401598800,29.1,27.5,31.2,18.1,202.0,0.1,0.0,Hong Kong
Hong Kong,HK,2014-06-02,12:00:00,1401685200,29.0,27.5,31.2,16.1,218.0,0.1,0.0,Hong Kong
Hong Kong,HK,2014-06-03,12:00:00,1401771600,28.5,27.6,29.9,12.8,222.0,5.5,0.0,Hong Kong
Hong Kong,HK,2014-06-04,12:00:00,1401858000,28.8,26.6,31.5,13.7,205.0,0.8,0.0,Hong Kong
Hong Kong,HK,2014-06-05,12:00:00,1401944400,28.8,27.5,30.5,14.9,196.0,4.3,0.0,Hong Kong
Hong Kong,HK,2014-06-06,12:00:00,1402030800,28.1,27.0,30.1,14.7,200.0,7.1,0.0,Hong Kong
Hong Kong,HK,2014-06-07,12:00:00,1402117200,26.9,25.8,28.3,12.0,233.0,22.0,0.0,Hong Kong
Hong Kong,HK,2014-06-08,12:00:00,1402203600,28.0,25.5,31.3,10.2,315.0,8.0,0.0,Hong Kong
Hong Kong,HK,2014-06-09,12:00:00,1402290000,27.2,25.6,29.2,19.1,115.0,1.6,0.0,Hong Kong
Hong Kong,HK,2014-06-10,12:00:00,1402376400,27.4,26.4,29.0,12.7,111.0,2.3,0.0,Hong Kong
Hong Kong,HK,2014-06-11,12:00:00,1402462800,27.3,26.4,28.5,13.7,94.0,2.3,0.0,Hong Kong
Hong Kong,HK,2014-06-12,12:00:00,1402549200,27.4,25.9,29.9,10.5,85.0,0.3,0.0,Hong Kong
Hong Kong,HK,2014-06-13,12:00:00,1402635600,27.4,24.5,30.8,12.5,64.0,0.4,0.0,Hong Kong
Hong Kong,HK,2014-06-14,12:00:00,1402722000,28.3,25.8,32.4,12.6,4.0,1.0,0.0,Hong Kong
Hong Kong,HK,2014-06-15,12:00:00,1402808400,27.3,25.5,30.4,12.7,261.0,6.1,0.0,Hong Kong
Hong Kong,HK,2014-06-16,12:00:00,1402894800,29.0,27.6,31.5,19.2,212.0,0.6,0.0,Hong Kong
Hong Kong,HK,2014-06-17,12:00:00,1402981200,28.3,26.9,30.4,15.6,196.0,7.3,0.0,Hong Kong
Hong Kong,HK,2014-06-18,12:00:00,1403067600,28.2,26.8,30.4,16.8,191.0,12.0,0.0,Hong Kong
Hong Kong,HK,2014-06-19,12:00:00,1403154000,28.7,27.1,30.6,18.6,183.0,4.3,0.0,Hong Kong
Hong Kong,HK,2014-06-20,12:00:00,1403240400,28.4,27.2,30.0,17.8,175.0,7.7,0.0,Hong Kong
Hong Kong,HK,2014-06-21,12:00:00,1403326800,28.7,27.1,30.6,15.5,158.0,11.9,0.0,Hong Kong
Hong Kong,HK,2014-06-22,12:00:00,1403413200,27.3,26.4,29.0,14.1,169.0,13.2,0.0,Hong Kong
Hong Kong,HK,2014-06-23,12:00:00,1403499600,27.3,25.9,29.5,14.5,167.0,14.4,0.0,Hong Kong
Hong Kong,HK,2014-06-24,12:00:00,1403586000,27.9,26.0,29.7,16.6,172.0,6.1,0.0,Hong Kong
Hong Kong,HK,2014-06-25,12:00:00,1403672400,27.9,26.9,29.1,16.1,178.0,6.9,0.0,Hong Kong
Hong Kong,HK,2014-06-26,12:00:00,1403758800,28.7,26.5,30.7,15.5,174.0,1.4,0.0,Hong Kong
Hong Kong,HK,2014-06-27,12:00:00,1403845200,29.0,27.2,31.2,11.5,170.0,2.5,0.0,Hong Kong
Hong Kong,HK,2014-06-28,12:00:00,1403931600,29.2,27.6,31.4,9.4,157.0,0.6,0.0,Hong Kong
Hong Kong,HK,2014-06-29,12:00:00,1404018000,28.3,26.9,29.8,15.5,108.0,5.3,0.0,Hong Kong
Hong Kong,HK,2014-06-30,12:00:00,1404104400,27.8,26.4,30.3,17.9,135.0,11.7,0.0,Hong Kong
Hong Kong,HK,2014-07-01,12:00:00,1404190800,27.8,25.8,29.4,17.5,150.0,4.7,0.0,Hong Kong
Hong Kong,HK,2014-07-02,12:00:00,1404277200,28.5,26.4,31.0,15.5,179.0,3.2,0.0,Hong Kong
Hong Kong,HK,2014-07-03,12:00:00,1404363600,29.2,27.2,31.6,13.5,208.0,0.9,0.0,Hong Kong
Hong Kong,HK,2014-07-04,12:00:00,1404450000,29.6,27.9,31.6,14.1,191.0,0.3,0.0,Hong Kong
Hong Kong,HK,2014-07-05,12:00:00,1404536400,29.6,27.9,31.8,12.7,190.0,0.9,0.0,Hong Kong
Hong Kong,HK,2014-07-06,12:00:00,1404622800,29.1,27.2,31.8,8.4,202.0,3.8,0.0,Hong Kong
Hong Kong,HK,2014-07-07,12:00:00,1404709200,28.9,27.3,31.2,8.0,250.0,7.8,0.0,Hong Kong
Hong Kong,HK,2014-07-08,12:00:00,1404795600,29.3,28.1,32.2,9.5,269.0,7.0,0.0,Hong Kong
Hong Kong,HK,2014-07-09,12:00:00,1404882000,29.3,26.9,32.0,11.8,195.0,3.2,0.0,Hong Kong
Hong Kong,HK,2014-07-10,12:00:00,1404968400,28.2,26.7,30.0,11.8,173.0,14.6,0.0,Hong Kong
Hong Kong,HK,2014-07-11,12:00:00,1405054800,28.1,26.5,30.4,10.2,166.0,10.2,0.0,Hong Kong
Hong Kong,HK,2014-07-12,12:00:00,1405141200,28.1,26.9,29.4,16.6,163.0,10.6,0.0,Hong Kong
Hong Kong,HK,2014-07-13,12:00:00,1405227600,28.5,25.9,31.0,16.7,184.0,9.6,0.0,Hong Kong
Hong Kong,HK,2014-07-14,12:00:00,1405314000,28.8,26.6,31.2,14.6,185.0,2.6,0.0,Hong Kong
Hong Kong,HK,2014-07-15,12:00:00,1405400400,29.4,27.2,31.4,13.0,185.0,1.6,0.0,Hong Kong
Hong Kong,HK,2014-07-16,12:00:00,1405486800,29.1,26.0,31.2,10.5,136.0,0.5,0.0,Hong Kong
Hong Kong,HK,2014-07-17,12:00:00,1405573200,27.9,26.7,29.5,30.6,84.0,9.1,0.0,Hong Kong
Hong Kong,HK,2014-07-18,12:00:00,1405659600,27.1,26.4,28.4,34.1,104.0,20.1,0.0,Hong Kong
Hong Kong,HK,2014-07-19,12:00:00,1405746000,27.7,26.2,29.9,23.0,127.0,15.1,0.0,Hong Kong
Hong Kong,HK,2014-07-20,12:00:00,1405832400,27.9,26.6,30.0,12.6,120.0,3.2,0.0,Hong Kong
Hong Kong,HK,2014-07-21,12:00:00,1405918800,28.2,25.8,31.1,6.5,5.0,2.7,0.0,Hong Kong
Hong Kong,HK,2014-07-22,12:00:00,1406005200,29.0,26.2,32.5,12.1,263.0,0.5,0.0,Hong Kong
Hong Kong,HK,2014-07-23,12:00:00,1406091600,30.1,28.5,32.6,20.2,247.0,0.1,0.0,Hong Kong
Hong Kong,HK,2014-07-24,12:00:00,1406178000,29.3,28.4,30.8,22.2,214.0,2.8,0.0,Hong Kong
Hong Kong,HK,2014-07-25,12:00:00,1406264400,29.0,27.4,31.6,12.4,181.0,2.4,0.0,Hong Kong
Hong Kong,HK,2014-07-26,12:00:00,1406350800,27.2,26.1,28.7,14.7,115.0,9.4,0.0,Hong Kong
Hong Kong,HK,2014-07-27,12:00:00,1406437200,27.2,25.6,28.8,16.6,110.0,6.6,0.0,Hong Kong
Hong Kong,HK,2014-07-28,12:00:00,1406523600,28.1,25.2,30.9,10.1,116.0,0.4,0.0,Hong Kong
Hong Kong,HK,2014-07-29,12:00:00,1406610000,28.7,26.2,31.3,9.5,130.0,0.2,0.0,Hong Kong
Hong Kong,HK,2014-07-30,12:00:00,1406696400,28.9,26.5,31.6,8.7,146.0,1.5,0.0,Hong Kong
Hong Kong,HK,2014-07-31,12:00:00,1406782800,29.9,27.7,32.9,12.9,239.0,0.0,0.0,Hong Kong
Hong Kong,HK,2014-08-01,12:00:00,1406869200,30.3,28.0,33.7,15.8,239.0,5.3,0.0,Hong Kong
Hong Kong,HK,2014-08-02,12:00:00,1406955600,29.5,27.1,32.7,12.1,236.0,15.3,0.0,Hong Kong
Hong Kong,HK,2014-08-03,12:00:00,1407042000,29.1,26.5,31.8,14.2,202.0,4.7,0.0,Hong Kong
Hong Kong,HK,2014-08-04,12:00:00,1407128400,29.2,27.2,31.4,11.4,175.0,1.9,0.0,Hong Kong
Hong Kong,HK,2014-08-05,12:00:00,1407214800,28.5,27.1,30.3,9.4,130.0,18.0,0.0,Hong Kong
Hong Kong,HK,2014-08-06,12:00:00,1407301200,27.6,26.4,29.4,11.6,181.0,9.7,0.0,Hong Kong
Hong Kong,HK,2014-08-07,12:00:00,1407387600,27.8,26.4,30.0,12.5,209.0,10.2,0.0,Hong Kong
Hong Kong,HK,2014-08-08,12:00:00,1407474000,28.2,26.8,29.9,17.2,216.0,1.8,0.0,Hong Kong
Hong Kong,HK,2014-08-09,12:00:00,1407560400,27.9,26.3,30.4,18.7,217.0,6.1,0.0,Hong Kong
Hong Kong,HK,2014-08-10,12:00:00,1407646800,28.6,26.9,30.9,18.4,219.0,2.9,0.0,Hong Kong
Hong Kong,HK,2014-08-11,12:00:00,1407733200,28.9,27.9,30.5,17.6,209.0,4.5,0.0,Hong Kong
Hong Kong,HK,2014-08-12,12:00:00,1407819600,28.3,27.7,29.4,18.1,206.0,17.6,0.0,Hong Kong
Hong Kong,HK,2014-08-13,12:00:00,1407906000,27.0,26.0,27.8,26.0,199.0,26.9,0.0,Hong Kong
Hong Kong,HK,2014-08-14,12:00:00,1407992400,27.6,26.1,29.4,16.6,208.0,15.8,0.0,Hong Kong
Hong Kong,HK,2014-08-15,12:00:00,1408078800,28.5,26.7,30.9,13.2,212.0,1.5,0.0,Hong Kong
Hong Kong,HK,2014-08-16,12:00:00,1408165200,28.6,26.9,30.7,13.8,239.0,0.8,0.0,Hong Kong
Hong Kong,HK,2014-08-17,12:00:00,1408251600,28.5,27.0,30.8,12.5,229.0,0.3,0.0,Hong Kong
Hong Kong,HK,2014-08-18,12:00:00,1408338000,28.5,27.0,31.0,13.1,212.0,0.1,0.0,Hong Kong
Hong Kong,HK,2014-08-19,12:00:00,1408424400,27.0,25.7,28.8,17.6,211.0,22.1,0.0,Hong Kong
Hong Kong,HK,2014-08-20,12:00:00,1408510800,26.3,25.1,27.8,14.0,195.0,17.4,0.0,Hong Kong
Hong Kong,HK,2014-08-21,12:00:00,1408597200,27.0,24.7,29.2,12.4,184.0,3.2,0.0,Hong Kong
Hong Kong,HK,2014-08-22,12:00:00,1408683600,27.6,25.3,30.1,10.9,177.0,4.2,0.0,Hong Kong
Hong Kong,HK,2014-08-23,12:00:00,1408770000,27.9,25.9,30.5,12.6,182.0,1.8,0.0,Hong Kong
Hong Kong,HK,2014-08-24,12:00:00,1408856400,28.0,25.3,30.7,10.6,156.0,0.0,0.0,Hong Kong
Hong Kong,HK,2014-08-25,12:00:00,1408942800,27.9,25.6,30.2,10.4,105.0,1.1,0.0,Hong Kong
Hong Kong,HK,2014-08-26,12:00:00,1409029200,28.1,26.8,30.1,14.2,100.0,0.5,0.0,Hong Kong
Hong Kong,HK,2014-08-27,12:00:00,1409115600,27.0,25.7,28.3,23.3,88.0,7.1,0.0,Hong Kong
Hong Kong,HK,2014-08-28,12:00:00,1409202000,27.4,26.2,29.1,21.1,112.0,8.6,0.0,Hong Kong
Hong Kong,HK,2014-08-29,12:00:00,1409288400,27.9,26.1,30.1,9.9,97.0,0.1,0.0,Hong Kong
Hong Kong,HK,2014-08-30,12:00:00,1409374800,27.8,26.5,30.1,13.7,100.0,4.8,0.0,Hong Kong
Hong Kong,HK,2014-08-31,12:00:00,1409461200,27.6,25.9,29.8,15.5,111.0,12.3,0.0,Hong Kong
Hong Kong,HK,2014-09-01,12:00:00,1409547600,28.3,26.9,30.4,12.4,126.0,0.4,0.0,Hong Kong
Hong Kong,HK,2014-09-02,12:00:00,1409634000,28.1,25.3,30.9,8.8,188.0,0.2,0.0,Hong Kong
Hong Kong,HK,2014-09-03,12:00:00,1409720400,28.8,26.7,31.8,10.5,245.0,0.2,0.0,Hong Kong
Hong Kong,HK,2014-09-04,12:00:00,1409806800,29.2,27.1,32.4,7.3,354.0,3.1,0.0,Hong Kong
Hong Kong,HK,2014-09-05,12:00:00,1409893200,27.9,26.8,29.8,12.1,105.0,5.1,0.0,Hong Kong
Hong Kong,HK,2014-09-06,12:00:00,1409979600,28.4,26.1,31.0,9.8,56.0,1.2,0.0,Hong Kong
Hong Kong,HK,2014-09-07,12:00:00,1410066000,27.7,26.8,29.4,20.0,91.0,4.7,0.0,Hong Kong
Hong Kong,HK,2014-09-08,12:00:00,1410152400,27.8,26.3,29.6,15.3,123.0,5.2,0.0,Hong Kong
Hong Kong,HK,2014-09-09,12:00:00,1410238800,28.5,26.7,30.9,12.0,179.0,0.5,0.0,Hong Kong
Hong Kong,HK,2014-09-10,12:00:00,1410325200,28.6,26.8,30.5,10.5,175.0,0.5,0.0,Hong Kong
Hong Kong,HK,2014-09-11,12:00:00,1410411600,27.9,25.8,30.5,11.0,111.0,2.7,0.0,Hong Kong
Hong Kong,HK,2014-09-12,12:00:00,1410498000,27.1,25.4,28.8,16.0,83.0,9.3,0.0,Hong Kong
Hong Kong,HK,2014-09-13,12:00:00,1410584400,27.8,25.8,30.3,15.5,105.0,7.2,0.0,Hong Kong
Hong Kong,HK,2014-09-14,12:00:00,1410670800,28.5,26.9,30.9,10.0,76.0,4.0,0.0,Hong Kong
Hong Kong,HK,2014-09-15,12:00:00,1410757200,28.2,25.8,31.6,39.2,49.0,7.6,0.0,Hong Kong
Hong Kong,HK,2014-09-16,12:00:00,1410843600,26.2,25.7,26.8,41.4,106.0,39.3,0.0,Hong Kong
Hong Kong,HK,2014-09-17,12:00:00,1410930000,27.2,25.5,29.1,22.4,128.0,9.0,0.0,Hong Kong
Hong Kong,HK,2014-09-18,12:00:00,1411016400,28.0,25.7,30.2,8.6,126.0,0.1,0.0,Hong Kong
Hong Kong,HK,2014-09-19,12:00:00,1411102800,29.2,26.6,32.5,13.0,315.0,0.3,0.0,Hong Kong
Hong Kong,HK,2014-09-20,12:00:00,1411189200,27.7,25.6,30.2,17.2,355.0,0.2,0.0,Hong Kong
Hong Kong,HK,2014-09-21,12:00:00,1411275600,26.5,24.7,29.0,16.6,344.0,0.1,0.0,Hong Kong
Hong Kong,HK,2014-09-22,12:00:00,1411362000,26.3,24.4,28.8,14.8,11.0,0.4,0.0,Hong Kong
Hong Kong,HK,2014-09-23,12:00:00,1411448400,26.4,23.9,29.4,10.7,28.0,0.2,0.0,Hong Kong
Hong Kong,HK,2014-09-24,12:00:00,1411534800,27.0,23.6,29.9,8.8,352.0,0.3,0.0,Hong Kong
Hong Kong,HK,2014-09-25,12:00:00,1411621200,27.1,23.9,30.0,7.6,152.0,0.0,0.0,Hong Kong
Hong Kong,HK,2014-09-26,12:00:00,1411707600,27.2,24.9,29.7,9.2,165.0,1.5,0.0,Hong Kong
Hong Kong,HK,2014-09-27,12:00:00,1411794000,27.9,25.9,30.2,9.6,144.0,0.0,0.0,Hong Kong
Hong Kong,HK,2014-09-28,12:00:00,1411880400,27.8,25.7,30.2,7.9,146.0,0.0,0.0,Hong Kong
Hong Kong,HK,2014-09-29,12:00:00,1411966800,28.2,25.5,31.2,6.6,218.0,0.0,0.0,Hong Kong
Hong Kong,HK,2014-09-30,12:00:00,1412053200,29.0,26.4,32.7,9.0,335.0,2.4,0.0,Hong Kong
Hong Kong,HK,2014-10-01,12:00:00,1412139600,26.9,24.4,29.5,12.3,71.0,12.4,0.0,Hong Kong
Hong Kong,HK,2014-10-02,12:00:00,1412226000,27.3,24.9,30.3,7.7,352.0,3.7,0.0,Hong Kong
Hong Kong,HK,2014-10-03,12:00:00,1412312400,26.8,24.3,29.3,13.7,97.0,4.8,0.0,Hong Kong
Hong Kong,HK,2014-10-04,12:00:00,1412398800,25.9,24.2,27.5,11.2,110.0,6.9,0.0,Hong Kong
Hong Kong,HK,2014-10-05,12:00:00,1412485200,25.9,24.3,28.6,15.6,48.0,0.0,0.0,Hong Kong
Hong Kong,HK,2014-10-06,12:00:00,1412571600,25.5,23.7,27.8,16.0,48.0,0.0,0.0,Hong Kong
Hong Kong,HK,2014-10-07,12:00:00,1412658000,24.9,23.5,26.8,14.8,57.0,0.0,0.0,Hong Kong
Hong Kong,HK,2014-10-08,12:00:00,1412744400,24.9,23.3,27.3,13.8,43.0,0.0,0.0,Hong Kong
Hong Kong,HK,2014-10-09,12:00:00,1412830800,25.4,23.4,28.3,10.5,18.0,0.0,0.0,Hong Kong
Hong Kong,HK,2014-10-10,12:00:00,1412917200,25.4,21.9,28.8,12.8,11.0,0.0,0.0,Hong Kong
Hong Kong,HK,2014-10-11,12:00:00,1413003600,26.0,22.8,29.9,13.8,5.0,0.0,0.0,Hong Kong
Hong Kong,HK,2014-10-12,12:00:00,1413090000,25.7,22.5,29.6,17.3,10.0,0.0,0.0,Hong Kong
Hong Kong,HK,2014-10-13,12:00:00,1413176400,25.0,22.5,28.0,22.5,19.0,0.0,0.0,Hong Kong
Hong Kong,HK,2014-10-14,12:00:00,1413262800,24.2,21.9,26.9,18.8,30.0,0.0,0.0,Hong Kong
Hong Kong,HK,2014-10-15,12:00:00,1413349200,23.9,21.9,26.4,13.5,65.0,0.0,0.0,Hong Kong
Hong Kong,HK,2014-10-16,12:00:00,1413435600,24.3,22.8,26.1,17.5,92.0,0.0,0.0,Hong Kong
Hong Kong,HK,2014-10-17,12:00:00,1413522000,24.0,22.4,25.9,17.4,89.0,0.0,0.0,Hong Kong
Hong Kong,HK,2014-10-18,12:00:00,1413608400,24.4,22.4,26.6,15.7,92.0,0.0,0.0,Hong Kong
Hong Kong,HK,2014-10-19,12:00:00,1413694800,25.0,23.8,26.8,17.2,94.0,0.0,0.0,Hong Kong
Hong Kong,HK,2014-10-20,12:00:00,1413781200,25.4,23.7,27.7,11.7,105.0,0.0,0.0,Hong Kong
Hong Kong,HK,2014-10-21,12:00:00,1413867600,26.5,23.3,30.5,5.5,334.0,0.0,0.0,Hong Kong
Hong Kong,HK,2014-10-22,12:00:00,1413954000,26.4,23.9,30.1,20.9,19.0,1.4,0.0,Hong Kong
Hong Kong,HK,2014-10-23,12:00:00,1414040400,24.4,23.0,26.1,12.6,63.0,2.0,0.0,Hong Kong
Hong Kong,HK,2014-10-24,12:00:00,1414126800,24.5,23.7,26.1,15.2,92.0,0.0,0.0,Hong Kong
Hong Kong,HK,2014-10-25,12:00:00,1414213200,24.4,23.4,25.9,13.1,89.0,0.0,0.0,Hong Kong
Hong Kong,HK,2014-10-26,12:00:00,1414299600,24.6,23.5,26.5,11.3,70.0,0.2,0.0,Hong Kong
Hong Kong,HK,2014-10-27,12:00:00,1414386000,25.5,23.7,28.3,19.4,88.0,0.0,0.0,Hong Kong
Hong Kong,HK,2014-10-28,12:00:00,1414472400,24.7,23.5,26.6,23.5,95.0,0.0,0.0,Hong Kong
Hong Kong,HK,2014-10-29,12:00:00,1414558800,24.6,23.2,26.6,18.1,97.0,0.0,0.0,Hong Kong
Hong Kong,HK,2014-10-30,12:00:00,1414645200,24.9,23.6,27.0,20.6,103.0,0.0,0.0,Hong Kong
Hong Kong,HK,2014-10-31,12:00:00,1414731600,24.9,23.3,27.6,11.6,111.0,0.0,0.0,Hong Kong
Hong Kong,HK,2014-11-01,12:00:00,1414818000,25.0,21.7,28.1,8.0,134.0,0.0,0.0,Hong Kong
Hong Kong,HK,2014-11-02,12:00:00,1414904400,25.1,21.8,28.9,23.0,24.0,0.0,0.0,Hong Kong
Hong Kong,HK,2014-11-03,12:00:00,1414990800,21.2,20.1,22.2,21.1,21.0,0.0,0.0,Hong Kong
Hong Kong,HK,2014-11-04,12:00:00,1415077200,22.8,21.6,24.5,12.6,61.0,0.0,0.0,Hong Kong
Hong Kong,HK,2014-11-05,12:00:00,1415163600,23.7,22.7,25.4,18.8,114.0,0.0,0.0,Hong Kong
Hong Kong,HK,2014-11-06,12:00:00,1415250000,24.3,22.7,26.5,12.9,43.0,0.0,0.0,Hong Kong
Hong Kong,HK,2014-11-07,12:00:00,1415336400,23.1,21.6,24.3,23.6,87.0,4.5,0.0,Hong Kong
Hong Kong,HK,2014-11-08,12:00:00,1415422800,21.0,19.8,23.1,20.2,31.0,6.6,0.0,Hong Kong
Hong Kong,HK,2014-11-09,12:00:00,1415509200,21.2,18.2,24.0,16.1,41.0,1.5,0.0,Hong Kong
Hong Kong,HK,2014-11-10,12:00:00,1415595600,22.7,21.9,24.0,18.0,53.0,0.0,0.0,Hong Kong
Hong Kong,HK,2014-11-11,12:00:00,1415682000,22.7,21.4,24.7,11.9,38.0,4.3,0.0,Hong Kong
Hong Kong,HK,2014-11-12,12:00:00,1415768400,20.2,19.4,21.5,18.4,21.0,2.9,0.0,Hong Kong
Hong Kong,HK,2014-11-13,12:00:00,1415854800,19.2,17.8,21.4,18.3,24.0,1.2,0.0,Hong Kong
Hong Kong,HK,2014-11-14,12:00:00,1415941200,20.1,18.1,22.5,14.8,39.0,0.0,0.0,Hong Kong
Hong Kong,HK,2014-11-15,12:00:00,1416027600,21.3,19.2,23.7,16.1,71.0,0.0,0.0,Hong Kong
Hong Kong,HK,2014-11-16,12:00:00,1416114000,22.2,20.0,25.4,16.3,30.0,0.0,0.0,Hong Kong
Hong Kong,HK,2014-11-17,12:00:00,1416200400,20.2,17.0,23.8,20.4,19.0,0.0,0.0,Hong Kong
Hong Kong,HK,2014-11-18,12:00:00,1416286800,19.6,16.6,23.0,18.7,21.0,0.0,0.0,Hong Kong
Hong Kong,HK,2014-11-19,12:00:00,1416373200,20.2,17.5,23.2,12.8,27.0,0.0,0.0,Hong Kong
Hong Kong,HK,2014-11-20,12:00:00,1416459600,20.8,19.1,23.0,12.9,76.0,0.0,0.0,Hong Kong
Hong Kong,HK,2014-11-21,12:00:00,1416546000,21.5,19.9,24.2,15.0,73.0,0.0,0.0,Hong Kong
Hong Kong,HK,2014-11-22,12:00:00,1416632400,22.0,20.2,24.7,13.9,93.0,0.0,0.0,Hong Kong
Hong Kong,HK,2014-11-23,12:00:00,1416718800,22.5,21.2,24.5,18.0,96.0,0.0,0.0,Hong Kong
Hong Kong,HK,2014-11-24,12:00:00,1416805200,22.7,21.5,25.2,11.9,101.0,0.0,0.0,Hong Kong
Hong Kong,HK,2014-11-25,12:00:00,1416891600,22.8,19.9,26.6,6.3,5.0,0.0,0.0,Hong Kong
Hong Kong,HK,2014-11-26,12:00:00,1416978000,22.2,20.4,24.6,14.7,77.0,0.0,0.0,Hong Kong
Hong Kong,HK,2014-11-27,12:00:00,1417064400,21.9,20.8,23.1,16.5,93.0,0.8,0.0,Hong Kong
Hong Kong,HK,2014-11-28,12:00:00,1417150800,23.1,21.6,25.8,12.9,102.0,0.0,0.0,Hong Kong
Hong Kong,HK,2014-11-29,12:00:00,1417237200,23.4,22.4,24.5,19.4,101.0,0.8,0.0,Hong Kong
Hong Kong,HK,2014-11-30,12:00:00,1417323600,24.0,22.8,26.0,16.2,94.0,0.6,0.0,Hong Kong
Hong Kong,HK,2014-12-01,12:00:00,1417410000,19.0,16.4,22.9,27.9,21.0,2.6,0.0,Hong Kong
Hong Kong,HK,2014-12-02,12:00:00,1417496400,16.4,14.3,18.0,20.1,33.0,8.1,0.0,Hong Kong
Hong Kong,HK,2014-12-03,12:00:00,1417582800,19.0,17.5,20.9,19.4,61.0,7.6,0.0,Hong Kong
Hong Kong,HK,2014-12-04,12:00:00,1417669200,13.5,12.4,16.0,31.0,21.0,3.7,0.0,Hong Kong
Hong Kong,HK,2014-12-05,12:00:00,1417755600,14.4,12.9,15.8,20.2,31.0,0.3,0.0,Hong Kong
Hong Kong,HK,2014-12-06,12:00:00,1417842000,17.2,15.5,19.2,19.8,64.0,0.0,0.0,Hong Kong
Hong Kong,HK,2014-12-07,12:00:00,1417928400,16.4,15.6,17.4,18.7,31.0,3.4,0.0,Hong Kong
Hong Kong,HK,2014-12-08,12:00:00,1418014800,16.5,14.6,19.5,19.2,17.0,0.3,0.0,Hong Kong
Hong Kong,HK,2014-12-09,12:00:00,1418101200,18.8,17.1,21.1,16.3,60.0,0.0,0.0,Hong Kong
Hong Kong,HK,2014-12-10,12:00:00,1418187600,18.9,17.8,20.8,13.2,28.0,0.0,0.0,Hong Kong
Hong Kong,HK,2014-12-11,12:00:00,1418274000,17.0,14.8,19.4,21.1,13.0,0.0,0.0,Hong Kong
Hong Kong,HK,2014-12-12,12:00:00,1418360400,13.8,11.8,16.6,25.5,15.0,0.0,0.0,Hong Kong
Hong Kong,HK,2014-12-13,12:00:00,1418446800,13.8,10.3,17.4,21.1,26.0,0.0,0.0,Hong Kong
Hong Kong,HK,2014-12-14,12:00:00,1418533200,15.6,12.7,18.4,14.3,56.0,0.0,0.0,Hong Kong
Hong Kong,HK,2014-12-15,12:00:00,1418619600,18.0,16.1,20.6,12.6,34.0,0.0,0.0,Hong Kong
Hong Kong,HK,2014-12-16,12:00:00,1418706000,15.9,12.4,18.4,30.1,12.0,0.0,0.0,Hong Kong
Hong Kong,HK,2014-12-17,12:00:00,1418792400,12.5,9.7,15.7,27.2,24.0,0.0,0.0,Hong Kong
Hong Kong,HK,2014-12-18,12:00:00,1418878800,13.2,10.9,15.2,17.6,38.0,1.0,0.0,Hong Kong
Hong Kong,HK,2014-12-19,12:00:00,1418965200,12.5,11.0,14.3,18.4,19.0,6.6,0.0,Hong Kong
Hong Kong,HK,2014-12-20,12:00:00,1419051600,14.6,11.3,18.3,17.6,47.0,0.0,0.0,Hong Kong
Hong Kong,HK,2014-12-21,12:00:00,1419138000,16.1,12.3,19.0,22.6,28.0,0.0,0.0,Hong Kong
Hong Kong,HK,2014-12-22,12:00:00,1419224400,12.9,9.5,15.8,22.1,41.0,0.0,0.0,Hong Kong
Hong Kong,HK,2014-12-23,12:00:00,1419310800,15.7,14.1,18.0,15.0,33.0,0.0,0.0,Hong Kong
Hong Kong,HK,2014-12-24,12:00:00,1419397200,17.6,14.6,21.1,11.4,33.0,0.0,0.0,Hong Kong
Hong Kong,HK,2014-12-25,12:00:00,1419483600,17.1,15.5,18.4,17.4,65.0,6.0,0.0,Hong Kong
Hong Kong,HK,2014-12-26,12:00:00,1419570000,16.3,15.5,17.1,19.4,56.0,1.9,0.0,Hong Kong
Hong Kong,HK,2014-12-27,12:00:00,1419656400,15.8,13.9,16.9,17.0,35.0,2.7,0.0,Hong Kong
Hong Kong,HK,2014-12-28,12:00:00,1419742800,13.5,11.9,16.1,20.6,3.0,0.8,0.0,Hong Kong
Hong Kong,HK,2014-12-29,12:00:00,1419829200,13.2,9.8,17.7,18.8,21.0,0.0,0.0,Hong Kong
Hong Kong,HK,2014-12-30,12:00:00,1419915600,14.2,8.0,18.5,11.0,69.0,0.0,0.0,Hong Kong
Hong Kong,HK,2014-12-31,12:00:00,1420002000,14.9,9.5,21.1,13.7,28.0,0.0,0.0,Hong Kong
Hong Kong,HK,2015-01-01,12:00:00,1420088400,15.0,12.4,18.5,20.0,39.0,0.0,0.0,Hong Kong
Hong Kong,HK,2015-01-02,12:00:00,1420174800,14.6,12.2,17.2,14.0,69.0,0.0,0.0,Hong Kong
Hong Kong,HK,2015-01-03,12:00:00,1420261200,15.3,13.4,17.6,15.5,96.0,0.0,0.0,Hong Kong
Hong Kong,HK,2015-01-04,12:00:00,1420347600,17.0,14.9,19.5,13.1,95.0,0.0,0.0,Hong Kong
Hong Kong,HK,2015-01-05,12:00:00,1420434000,18.8,17.0,21.5,14.8,106.0,0.0,0.0,Hong Kong
Hong Kong,HK,2015-01-06,12:00:00,1420520400,19.7,17.0,23.1,8.8,135.0,0.0,0.0,Hong Kong
Hong Kong,HK,2015-01-07,12:00:00,1420606800,16.8,14.4,18.2,20.4,20.0,0.0,0.0,Hong Kong
Hong Kong,HK,2015-01-08,12:00:00,1420693200,15.1,13.0,18.2,20.1,30.0,0.0,0.0,Hong Kong
Hong Kong,HK,2015-01-09,12:00:00,1420779600,14.6,12.4,16.8,14.5,56.0,0.0,0.0,Hong Kong
Hong Kong,HK,2015-01-10,12:00:00,1420866000,15.4,13.3,18.6,16.9,63.0,0.0,0.0,Hong Kong
Hong Kong,HK,2015-01-11,12:00:00,1420952400,15.9,14.2,18.2,15.8,29.0,0.0,0.0,Hong Kong
Hong Kong,HK,2015-01-12,12:00:00,1421038800,13.9,11.8,16.4,22.6,23.0,16.4,0.0,Hong Kong
Hong Kong,HK,2015-01-13,12:00:00,1421125200,12.1,10.7,13.6,19.4,6.0,20.6,0.0,Hong Kong
Hong Kong,HK,2015-01-14,12:00:00,1421211600,12.8,9.3,17.1,22.8,10.0,0.0,0.0,Hong Kong
Hong Kong,HK,2015-01-15,12:00:00,1421298000,13.2,9.7,17.4,17.6,27.0,0.0,0.0,Hong Kong
Hong Kong,HK,2015-01-16,12:00:00,1421384400,16.1,13.7,19.8,13.0,20.0,0.0,0.0,Hong Kong
Hong Kong,HK,2015-01-17,12:00:00,1421470800,14.9,12.4,17.7,17.1,49.0,0.0,0.0,Hong Kong
Hong Kong,HK,2015-01-18,12:00:00,1421557200,15.4,13.1,18.8,16.8,42.0,0.0,0.0,Hong Kong
Hong Kong,HK,2015-01-19,12:00:00,1421643600,14.8,11.4,18.6,16.1,37.0,0.0,0.0,Hong Kong
Hong Kong,HK,2015-01-20,12:00:00,1421730000,15.7,14.1,18.4,11.9,95.0,0.0,0.0,Hong Kong
Hong Kong,HK,2015-01-21,12:00:00,1421816400,16.0,11.1,21.1,9.8,359.0,0.0,0.0,Hong Kong
Hong Kong,HK,2015-01-22,12:00:00,1421902800,16.3,13.9,20.0,15.0,67.0,0.0,0.0,Hong Kong
Hong Kong,HK,2015-01-23,12:00:00,1421989200,15.4,12.9,18.1,17.7,99.0,0.0,0.0,Hong Kong
Hong Kong,HK,2015-01-24,12:00:00,1422075600,16.8,15.4,18.9,21.9,95.0,0.0,0.0,Hong Kong
Hong Kong,HK,2015-01-25,12:00:00,1422162000,17.7,16.3,20.3,14.8,88.0,0.8,0.0,Hong Kong
Hong Kong,HK,2015-01-26,12:00:00,1422248400,18.2,15.7,21.6,10.5,90.0,0.0,0.0,Hong Kong
Hong Kong,HK,2015-01-27,12:00:00,1422334800,17.9,16.2,20.2,14.8,98.0,0.0,0.0,Hong Kong
Hong Kong,HK,2015-01-28,12:00:00,1422421200,17.0,15.9,18.3,23.4,104.0,0.0,0.0,Hong Kong
Hong Kong,HK,2015-01-29,12:00:00,1422507600,16.7,14.7,19.5,17.5,103.0,0.0,0.0,Hong Kong
Hong Kong,HK,2015-01-30,12:00:00,1422594000,16.2,13.3,19.4,17.2,26.0,0.0,0.0,Hong Kong
Hong Kong,HK,2015-01-31,12:00:00,1422680400,15.0,12.5,17.3,17.2,34.0,0.0,0.0,Hong Kong
Hong Kong,HK,2015-02-01,12:00:00,1422766800,15.2,13.1,17.5,16.7,43.0,0.0,0.0,Hong Kong
Hong Kong,HK,2015-02-02,12:00:00,1422853200,16.2,14.7,18.5,14.0,71.0,0.0,0.0,Hong Kong
Hong Kong,HK,2015-02-03,12:00:00,1422939600,17.3,15.4,20.3,10.4,77.0,0.0,0.0,Hong Kong
Hong Kong,HK,2015-02-04,12:00:00,1423026000,16.0,12.7,18.7,19.2,19.0,0.0,0.0,Hong Kong
Hong Kong,HK,2015-02-05,12:00:00,1423112400,12.3,10.8,14.8,20.2,19.0,0.0,0.0,Hong Kong
Hong Kong,HK,2015-02-06,12:00:00,1423198800,13.5,10.7,16.0,15.0,38.0,0.0,0.0,Hong Kong
Hong Kong,HK,2015-02-07,12:00:00,1423285200,15.7,14.5,17.9,13.4,30.0,0.6,0.0,Hong Kong
Hong Kong,HK,2015-02-08,12:00:00,1423371600,15.5,13.3,18.6,22.6,25.0,0.0,0.0,Hong Kong
Hong Kong,HK,2015-02-09,12:00:00,1423458000,14.6,12.7,17.1,15.1,68.0,0.0,0.0,Hong Kong
Hong Kong,HK,2015-02-10,12:00:00,1423544400,14.5,12.3,17.0,14.6,107.0,0.0,0.0,Hong Kong
Hong Kong,HK,2015-02-11,12:00:00,1423630800,15.8,12.1,19.3,13.0,349.0,0.0,0.0,Hong Kong
Hong Kong,HK,2015-02-12,12:00:00,1423717200,16.7,12.8,21.0,12.2,52.0,0.0,0.0,Hong Kong
Hong Kong,HK,2015-02-13,12:00:00,1423803600,17.2,14.5,20.4,13.7,98.0,0.0,0.0,Hong Kong
Hong Kong,HK,2015-02-14,12:00:00,1423890000,18.5,16.5,21.0,21.7,99.0,0.1,0.0,Hong Kong
Hong Kong,HK,2015-02-15,12:00:00,1423976400,18.8,17.4,20.6,14.3,87.0,6.8,0.0,Hong Kong
Hong Kong,HK,2015-02-16,12:00:00,1424062800,19.8,17.2,23.5,6.5,38.0,0.0,0.0,Hong Kong
Hong Kong,HK,2015-02-17,12:00:00,1424149200,18.6,16.1,22.1,12.9,111.0,0.0,0.0,Hong Kong
Hong Kong,HK,2015-02-18,12:00:00,1424235600,18.5,16.9,20.4,18.1,100.0,0.0,0.0,Hong Kong
Hong Kong,HK,2015-02-19,12:00:00,1424322000,18.2,16.9,20.2,22.4,100.0,1.0,0.0,Hong Kong
Hong Kong,HK,2015-02-20,12:00:00,1424408400,18.9,17.4,21.1,23.3,106.0,0.0,0.0,Hong Kong
Hong Kong,HK,2015-02-21,12:00:00,1424494800,20.5,18.5,23.5,15.3,136.0,1.2,0.0,Hong Kong
Hong Kong,HK,2015-02-22,12:00:00,1424581200,19.9,18.1,22.5,12.6,114.0,10.2,0.0,Hong Kong
Hong Kong,HK,2015-02-23,12:00:00,1424667600,19.8,19.2,20.8,14.5,111.0,5.6,0.0,Hong Kong
Hong Kong,HK,2015-02-24,12:00:00,1424754000,20.3,18.8,22.1,16.0,118.0,1.0,0.0,Hong Kong
Hong Kong,HK,2015-02-25,12:00:00,1424840400,21.3,19.9,23.5,17.9,134.0,2.0,0.0,Hong Kong
Hong Kong,HK,2015-02-26,12:00:00,1424926800,21.7,19.9,24.1,15.0,134.0,0.2,0.0,Hong Kong
Hong Kong,HK,2015-02-27,12:00:00,1425013200,20.7,19.9,21.6,27.3,110.0,0.0,0.0,Hong Kong
Hong Kong,HK,2015-02-28,12:00:00,1425099600,20.4,19.4,22.3,23.7,109.0,0.0,0.0,Hong Kong
Hong Kong,HK,2015-03-01,12:00:00,1425186000,18.0,14.8,20.6,24.1,21.0,0.5,0.0,Hong Kong
Hong Kong,HK,2015-03-02,12:00:00,1425272400,18.9,17.4,20.3,19.6,97.0,0.0,0.0,Hong Kong
Hong Kong,HK,2015-03-03,12:00:00,1425358800,20.4,17.0,23.2,19.9,113.0,4.5,0.0,Hong Kong
Hong Kong,HK,2015-03-04,12:00:00,1425445200,18.1,15.7,20.0,20.6,63.0,1.6,0.0,Hong Kong
Hong Kong,HK,2015-03-05,12:00:00,1425531600,19.4,17.8,21.4,28.3,105.0,0.0,0.0,Hong Kong
Hong Kong,HK,2015-03-06,12:00:00,1425618000,19.4,18.4,20.6,15.8,61.0,0.1,0.0,Hong Kong
Hong Kong,HK,2015-03-07,12:00:00,1425704400,19.3,17.1,21.7,15.6,80.0,0.0,0.0,Hong Kong
Hong Kong,HK,2015-03-08,12:00:00,1425790800,19.8,18.5,22.2,20.1,105.0,0.0,0.0,Hong Kong
Hong Kong,HK,2015-03-09,12:00:00,1425877200,20.7,17.7,24.5,7.7,60.0,0.8,0.0,Hong Kong
Hong Kong,HK,2015-03-10,12:00:00,1425963600,18.3,17.0,20.0,20.9,90.0,1.1,0.0,Hong Kong
Hong Kong,HK,2015-03-11,12:00:00,1426050000,17.5,15.9,19.2,18.7,72.0,2.4,0.0,Hong Kong
Hong Kong,HK,2015-03-12,12:00:00,1426136400,17.1,15.4,18.7,14.2,47.0,3.3,0.0,Hong Kong
Hong Kong,HK,2015-03-13,12:00:00,1426222800,19.3,17.5,21.3,19.8,104.0,0.4,0.0,Hong Kong
Hong Kong,HK,2015-03-14,12:00:00,1426309200,20.6,18.7,22.9,17.7,113.0,0.2,0.0,Hong Kong
Hong Kong,HK,2015-03-15,12:00:00,1426395600,21.9,20.1,24.5,18.6,129.0,1.4,0.0,Hong Kong
Hong Kong,HK,2015-03-16,12:00:00,1426482000,22.7,21.1,24.8,16.5,137.0,0.7,0.0,Hong Kong
Hong Kong,HK,2015-03-17,12:00:00,1426568400,23.2,21.7,25.7,23.6,145.0,0.0,0.0,Hong Kong
Hong Kong,HK,2015-03-18,12:00:00,1426654800,23.6,22.2,25.9,21.7,153.0,0.2,0.0,Hong Kong
Hong Kong,HK,2015-03-19,12:00:00,1426741200,24.2,22.3,26.7,15.9,162.0,0.2,0.0,Hong Kong
Hong Kong,HK,2015-03-20,12:00:00,1426827600,23.6,20.5,26.3,12.1,156.0,0.0,0.0,Hong Kong
Hong Kong,HK,2015-03-21,12:00:00,1426914000,22.4,19.6,25.7,11.6,92.0,0.0,0.0,Hong Kong
Hong Kong,HK,2015-03-22,12:00:00,1427000400,21.7,20.3,23.7,17.7,108.0,0.0,0.0,Hong Kong
Hong Kong,HK,2015-03-23,12:00:00,1427086800,20.6,19.2,22.9,19.3,94.0,1.0,0.0,Hong Kong
Hong Kong,HK,2015-03-24,12:00:00,1427173200,19.6,18.5,21.7,16.7,84.0,1.5,0.0,Hong Kong
Hong Kong,HK,2015-03-25,12:00:00,1427259600,18.6,17.7,19.8,16.3,70.0,0.3,0.0,Hong Kong
Hong Kong,HK,2015-03-26,12:00:00,1427346000,19.1,17.2,21.1,13.2,63.0,1.1,0.0,Hong Kong
Hong Kong,HK,2015-03-27,12:00:00,1427432400,20.9,18.7,24.3,10.6,39.0,0.3,0.0,Hong Kong
Hong Kong,HK,2015-03-28,12:00:00,1427518800,20.9,19.2,23.7,11.5,104.0,0.0,0.0,Hong Kong
Hong Kong,HK,2015-03-29,12:00:00,1427605200,21.4,18.9,24.4,13.4,131.0,0.0,0.0,Hong Kong
Hong Kong,HK,2015-03-30,12:00:00,1427691600,22.6,20.5,25.8,15.6,146.0,0.5,0.0,Hong Kong
Hong Kong,HK,2015-03-31,12:00:00,1427778000,23.4,21.1,26.4,16.2,162.0,0.1,0.0,Hong Kong
Hong Kong,HK,2015-04-01,12:00:00,1427864400,23.9,21.8,27.0,20.2,157.0,0.0,0.0,Hong Kong
Hong Kong,HK,2015-04-02,12:00:00,1427950800,24.7,22.6,27.5,24.7,174.0,0.0,0.0,Hong Kong
Hong Kong,HK,2015-04-03,12:00:00,1428037200,25.4,23.7,28.0,23.6,174.0,0.3,0.0,Hong Kong
Hong Kong,HK,2015-04-04,12:00:00,1428123600,25.7,24.2,28.2,21.3,164.0,0.0,0.0,Hong Kong
Hong Kong,HK,2015-04-05,12:00:00,1428210000,25.0,22.8,27.7,13.3,143.0,0.0,0.0,Hong Kong
Hong Kong,HK,2015-04-06,12:00:00,1428296400,25.9,23.0,29.8,11.6,155.0,0.0,0.0,Hong Kong
Hong Kong,HK,2015-04-07,12:00:00,1428382800,24.7,20.3,27.6,23.4,76.0,3.0,0.0,Hong Kong
Hong Kong,HK,2015-04-08,12:00:00,1428469200,18.3,17.1,20.3,22.4,25.0,1.2,0.0,Hong Kong
Hong Kong,HK,2015-04-09,12:00:00,1428555600,19.5,15.9,22.6,15.2,37.0,0.9,0.0,Hong Kong
Hong Kong,HK,2015-04-10,12:00:00,1428642000,18.4,17.2,20.2,16.4,21.0,2.6,0.0,Hong Kong
Hong Kong,HK,2015-04-11,12:00:00,1428728400,17.3,15.8,18.8,15.4,29.0,18.9,0.0,Hong Kong
Hong Kong,HK,2015-04-12,12:00:00,1428814800,20.0,17.1,23.8,15.3,2.0,0.1,0.0,Hong Kong
Hong Kong,HK,2015-04-13,12:00:00,1428901200,21.8,18.4,26.3,16.1,8.0,0.0,0.0,Hong Kong
Hong Kong,HK,2015-04-14,12:00:00,1428987600,20.1,16.2,23.7,13.9,57.0,0.0,0.0,Hong Kong
Hong Kong,HK,2015-04-15,12:00:00,1429074000,20.9,16.7,24.7,16.2,172.0,0.0,0.0,Hong Kong
Hong Kong,HK,2015-04-16,12:00:00,1429160400,22.2,19.0,26.1,13.9,193.0,0.0,0.0,Hong Kong
Hong Kong,HK,2015-04-17,12:00:00,1429246800,22.5,18.2,26.1,19.9,160.0,0.0,0.0,Hong Kong
Hong Kong,HK,2015-04-18,12:00:00,1429333200,24.8,22.3,27.3,25.7,168.0,1.5,0.0,Hong Kong
Hong Kong,HK,2015-04-19,12:00:00,1429419600,26.0,24.4,28.8,25.0,191.0,0.1,0.0,Hong Kong
Hong Kong,HK,2015-04-20,12:00:00,1429506000,25.7,22.1,29.1,21.3,222.0,15.2,0.0,Hong Kong
Hong Kong,HK,2015-04-21,12:00:00,1429592400,21.6,19.5,23.8,19.0,39.0,3.5,0.0,Hong Kong
Hong Kong,HK,2015-04-22,12:00:00,1429678800,22.3,20.5,24.6,15.5,81.0,0.0,0.0,Hong Kong
Hong Kong,HK,2015-04-23,12:00:00,1429765200,22.0,21.3,23.4,14.8,77.0,4.1,0.0,Hong Kong
Hong Kong,HK,2015-04-24,12:00:00,1429851600,23.0,21.2,26.1,10.6,61.0,0.3,0.0,Hong Kong
Hong Kong,HK,2015-04-25,12:00:00,1429938000,22.9,21.1,25.5,13.3,110.0,0.0,0.0,Hong Kong
Hong Kong,HK,2015-04-26,12:00:00,1430024400,23.0,21.4,25.2,11.4,117.0,0.0,0.0,Hong Kong
Hong Kong,HK,2015-04-27,12:00:00,1430110800,23.5,21.2,26.5,13.4,150.0,0.0,0.0,Hong Kong
Hong Kong,HK,2015-04-28,12:00:00,1430197200,24.8,21.5,28.1,16.5,197.0,0.0,0.0,Hong Kong
Hong Kong,HK,2015-04-29,12:00:00,1430283600,25.8,22.8,29.3,15.8,216.0,0.5,0.0,Hong Kong
Hong Kong,HK,2015-04-30,12:00:00,1430370000,26.4,23.8,29.5,12.9,193.0,1.1,0.0,Hong Kong
Hong Kong,HK,2015-05-01,12:00:00,1430456400,26.2,24.2,28.8,23.1,164.0,1.0,0.0,Hong Kong
Hong Kong,HK,2015-05-02,12:00:00,1430542800,26.7,24.8,29.1,24.2,193.0,2.7,0.0,Hong Kong
Hong Kong,HK,2015-05-03,12:00:00,1430629200,26.7,24.6,29.7,16.9,203.0,7.8,0.0,Hong Kong
Hong Kong,HK,2015-05-04,12:00:00,1430715600,26.7,24.8,29.5,14.4,202.0,6.5,0.0,Hong Kong
Hong Kong,HK,2015-05-05,12:00:00,1430802000,26.1,24.1,28.8,15.9,178.0,8.7,0.0,Hong Kong
Hong Kong,HK,2015-05-06,12:00:00,1430888400,26.5,24.5,28.7,22.0,165.0,4.0,0.0,Hong Kong
Hong Kong,HK,2015-05-07,12:00:00,1430974800,26.6,24.5,29.5,16.5,156.0,2.7,0.0,Hong Kong
Hong Kong,HK,2015-05-08,12:00:00,1431061200,27.2,25.6,29.1,22.7,173.0,3.5,0.0,Hong Kong
Hong Kong,HK,2015-05-09,12:00:00,1431147600,26.8,25.4,29.5,14.5,220.0,13.6,0.0,Hong Kong
Hong Kong,HK,2015-05-10,12:00:00,1431234000,26.2,24.6,28.1,16.6,138.0,6.8,0.0,Hong Kong
Hong Kong,HK,2015-05-11,12:00:00,1431320400,26.3,24.3,28.7,16.3,180.0,11.8,0.0,Hong Kong
Hong Kong,HK,2015-05-12,12:00:00,1431406800,24.8,21.3,27.9,18.3,34.0,0.6,0.0,Hong Kong
Hong Kong,HK,2015-05-13,12:00:00,1431493200,26.3,24.3,28.4,18.5,140.0,1.1,0.0,Hong Kong
Hong Kong,HK,2015-05-14,12:00:00,1431579600,27.6,25.8,29.9,19.8,170.0,0.0,0.0,Hong Kong
Hong Kong,HK,2015-05-15,12:00:00,1431666000,27.9,26.1,30.3,20.6,182.0,1.1,0.0,Hong Kong
Hong Kong,HK,2015-05-16,12:00:00,1431752400,27.2,25.8,29.2,16.2,208.0,12.4,0.0,Hong Kong
Hong Kong,HK,2015-05-17,12:00:00,1431838800,25.9,25.1,27.7,24.1,195.0,27.4,0.0,Hong Kong
Hong Kong,HK,2015-05-18,12:00:00,1431925200,26.9,25.0,28.8,20.8,195.0,18.1,0.0,Hong Kong
Hong Kong,HK,2015-05-19,12:00:00,1432011600,26.9,25.9,28.2,21.8,199.0,12.0,0.0,Hong Kong
Hong Kong,HK,2015-05-20,12:00:00,1432098000,26.2,25.2,27.4,15.3,191.0,35.9,0.0,Hong Kong
Hong Kong,HK,2015-05-21,12:00:00,1432184400,25.4,23.6,28.5,16.9,125.0,29.7,0.0,Hong Kong
Hong Kong,HK,2015-05-22,12:00:00,1432270800,24.7,23.6,26.0,19.8,106.0,23.0,0.0,Hong Kong
Hong Kong,HK,2015-05-23,12:00:00,1432357200,25.2,24.6,26.3,12.5,160.0,54.8,0.0,Hong Kong
Hong Kong,HK,2015-05-24,12:00:00,1432443600,25.4,24.4,26.8,10.5,216.0,37.2,0.0,Hong Kong
Hong Kong,HK,2015-05-25,12:00:00,1432530000,26.4,24.5,28.3,17.3,162.0,19.6,0.0,Hong Kong
Hong Kong,HK,2015-05-26,12:00:00,1432616400,26.0,25.2,27.4,15.6,161.0,45.5,0.0,Hong Kong
Hong Kong,HK,2015-05-27,12:00:00,1432702800,26.9,25.3,29.2,18.1,181.0,17.9,0.0,Hong Kong
Hong Kong,HK,2015-05-28,12:00:00,1432789200,28.2,26.9,29.9,21.2,196.0,2.8,0.0,Hong Kong
Hong Kong,HK,2015-05-29,12:00:00,1432875600,28.7,27.4,30.5,21.1,194.0,1.3,0.0,Hong Kong
Hong Kong,HK,2015-05-30,12:00:00,1432962000,28.5,27.0,30.2,18.2,204.0,8.9,0.0,Hong Kong
Hong Kong,HK,2015-05-31,12:00:00,1433048400,28.2,26.4,30.4,13.9,197.0,8.5,0.0,Hong Kong
Hong Kong,HK,2015-06-01,12:00:00,1433134800,28.0,26.5,29.7,18.0,176.0,10.3,0.0,Hong Kong
Hong Kong,HK,2015-06-02,12:00:00,1433221200,28.4,27.1,30.2,20.7,184.0,1.7,0.0,Hong Kong
Hong Kong,HK,2015-06-03,12:00:00,1433307600,28.7,27.2,30.5,18.4,199.0,0.4,0.0,Hong Kong
Hong Kong,HK,2015-06-04,12:00:00,1433394000,28.6,27.0,30.6,17.8,212.0,1.1,0.0,Hong Kong
Hong Kong,HK,2015-06-05,12:00:00,1433480400,27.7,26.3,29.7,17.6,236.0,9.6,0.0,Hong Kong
Hong Kong,HK,2015-06-06,12:00:00,1433566800,28.1,26.2,30.0,16.1,193.0,0.9,0.0,Hong Kong
Hong Kong,HK,2015-06-07,12:00:00,1433653200,28.7,27.2,30.4,21.0,188.0,0.8,0.0,Hong Kong
Hong Kong,HK,2015-06-08,12:00:00,1433739600,28.7,26.9,30.8,21.3,193.0,1.4,0.0,Hong Kong
Hong Kong,HK,2015-06-09,12:00:00,1433826000,28.9,27.5,30.6,20.2,203.0,3.5,0.0,Hong Kong
Hong Kong,HK,2015-06-10,12:00:00,1433912400,28.7,27.3,30.2,18.6,193.0,7.5,0.0,Hong Kong
Hong Kong,HK,2015-06-11,12:00:00,1433998800,28.7,26.9,30.8,17.5,199.0,7.5,0.0,Hong Kong
Hong Kong,HK,2015-06-12,12:00:00,1434085200,28.5,26.7,30.9,15.8,201.0,5.1,0.0,Hong Kong
Hong Kong,HK,2015-06-13,12:00:00,1434171600,28.5,27.7,29.9,21.1,193.0,0.3,0.0,Hong Kong
Hong Kong,HK,2015-06-14,12:00:00,1434258000,28.3,26.5,30.2,15.9,171.0,4.0,0.0,Hong Kong
Hong Kong,HK,2015-06-15,12:00:00,1434344400,28.6,26.3,31.0,13.7,181.0,1.7,0.0,Hong Kong
Hong Kong,HK,2015-06-16,12:00:00,1434430800,28.9,26.2,31.4,15.9,194.0,0.4,0.0,Hong Kong
Hong Kong,HK,2015-06-17,12:00:00,1434517200,29.2,27.2,31.4,19.2,211.0,1.0,0.0,Hong Kong
Hong Kong,HK,2015-06-18,12:00:00,1434603600,29.4,27.7,31.7,14.0,217.0,0.8,0.0,Hong Kong
Hong Kong,HK,2015-06-19,12:00:00,1434690000,29.4,27.7,31.9,12.8,210.0,1.1,0.0,Hong Kong
Hong Kong,HK,2015-06-20,12:00:00,1434776400,29.3,26.9,31.9,12.3,146.0,1.2,0.0,Hong Kong
Hong Kong,HK,2015-06-21,12:00:00,1434862800,28.4,27.4,30.1,20.9,105.0,7.0,0.0,Hong Kong
Hong Kong,HK,2015-06-22,12:00:00,1434949200,27.8,26.3,29.5,19.5,107.0,13.3,0.0,Hong Kong
Hong Kong,HK,2015-06-23,12:00:00,1435035600,27.7,26.1,29.8,23.6,138.0,10.2,0.0,Hong Kong
Hong Kong,HK,2015-06-24,12:00:00,1435122000,27.7,25.8,29.8,21.3,154.0,6.2,0.0,Hong Kong
Hong Kong,HK,2015-06-25,12:00:00,1435208400,28.2,26.1,30.3,16.6,177.0,7.1,0.0,Hong Kong
Hong Kong,HK,2015-06-26,12:00:00,1435294800,28.9,26.8,30.9,19.7,183.0,1.1,0.0,Hong Kong
Hong Kong,HK,2015-06-27,12:00:00,1435381200,29.4,27.8,31.3,17.8,187.0,0.1,0.0,Hong Kong
Hong Kong,HK,2015-06-28,12:00:00,1435467600,29.4,27.2,31.6,18.4,193.0,0.9,0.0,Hong Kong
Hong Kong,HK,2015-06-29,12:00:00,1435554000,29.5,27.8,31.6,19.0,202.0,0.9,0.0,Hong Kong
Hong Kong,HK,2015-06-30,12:00:00,1435640400,29.6,28.2,31.6,21.0,204.0,0.4,0.0,Hong Kong
Hong Kong,HK,2015-07-01,12:00:00,1435726800,29.9,28.4,31.9,20.3,204.0,0.4,0.0,Hong Kong
Hong Kong,HK,2015-07-02,12:00:00,1435813200,29.9,28.5,32.0,19.7,199.0,0.5,0.0,Hong Kong
Hong Kong,HK,2015-07-03,12:00:00,1435899600,29.6,27.9,31.7,18.4,183.0,0.0,0.0,Hong Kong
Hong Kong,HK,2015-07-04,12:00:00,1435986000,29.5,27.9,31.9,14.6,172.0,0.0,0.0,Hong Kong
Hong Kong,HK,2015-07-05,12:00:00,1436072400,28.6,27.0,30.8,8.4,132.0,2.8,0.0,Hong Kong
Hong Kong,HK,2015-07-06,12:00:00,1436158800,28.4,26.1,31.0,12.6,355.0,0.3,0.0,Hong Kong
Hong Kong,HK,2015-07-07,12:00:00,1436245200,28.4,26.0,31.2,16.2,6.0,0.0,0.0,Hong Kong
Hong Kong,HK,2015-07-08,12:00:00,1436331600,27.8,25.1,31.1,17.7,1.0,0.0,0.0,Hong Kong
Hong Kong,HK,2015-07-09,12:00:00,1436418000,26.5,24.4,29.1,26.7,333.0,25.2,0.0,Hong Kong
Hong Kong,HK,2015-07-10,12:00:00,1436504400,27.4,25.6,30.0,21.3,97.0,21.3,0.0,Hong Kong
Hong Kong,HK,2015-07-11,12:00:00,1436590800,29.0,26.2,32.5,13.3,317.0,0.0,0.0,Hong Kong
Hong Kong,HK,2015-07-12,12:00:00,1436677200,29.6,27.2,33.1,9.6,240.0,0.7,0.0,Hong Kong
Hong Kong,HK,2015-07-13,12:00:00,1436763600,29.3,27.3,32.0,12.0,203.0,1.2,0.0,Hong Kong
Hong Kong,HK,2015-07-14,12:00:00,1436850000,28.8,27.4,31.3,15.2,175.0,0.9,0.0,Hong Kong
Hong Kong,HK,2015-07-15,12:00:00,1436936400,28.3,26.4,31.1,11.2,167.0,2.8,0.0,Hong Kong
Hong Kong,HK,2015-07-16,12:00:00,1437022800,28.4,26.1,31.5,14.0,205.0,7.3,0.0,Hong Kong
Hong Kong,HK,2015-07-17,12:00:00,1437109200,27.7,26.3,29.6,13.0,235.0,25.3,0.0,Hong Kong
Hong Kong,HK,2015-07-18,12:00:00,1437195600,27.6,26.3,29.8,14.4,97.0,10.4,0.0,Hong Kong
Hong Kong,HK,2015-07-19,12:00:00,1437282000,27.5,25.7,29.9,18.6,67.0,4.5,0.0,Hong Kong
Hong Kong,HK,2015-07-20,12:00:00,1437368400,26.6,25.7,27.8,23.0,119.0,34.3,0.0,Hong Kong
Hong Kong,HK,2015-07-21,12:00:00,1437454800,26.1,25.6,27.1,24.1,232.0,94.2,0.0,Hong Kong
Hong Kong,HK,2015-07-22,12:00:00,1437541200,27.5,26.2,28.6,20.9,209.0,10.2,0.0,Hong Kong
Hong Kong,HK,2015-07-23,12:00:00,1437627600,27.5,26.8,28.3,24.0,193.0,17.7,0.0,Hong Kong
Hong Kong,HK,2015-07-24,12:00:00,1437714000,27.1,26.1,28.1,20.9,198.0,22.6,0.0,Hong Kong
Hong Kong,HK,2015-07-25,12:00:00,1437800400,27.3,26.1,28.6,20.5,197.0,13.5,0.0,Hong Kong
Hong Kong,HK,2015-07-26,12:00:00,1437886800,27.5,26.0,29.6,20.9,193.0,6.5,0.0,Hong Kong
Hong Kong,HK,2015-07-27,12:00:00,1437973200,27.4,25.3,30.0,17.5,177.0,9.2,0.0,Hong Kong
Hong Kong,HK,2015-07-28,12:00:00,1438059600,27.3,25.9,29.3,16.2,167.0,6.5,0.0,Hong Kong
Hong Kong,HK,2015-07-29,12:00:00,1438146000,26.9,25.6,28.4,16.3,171.0,10.9,0.0,Hong Kong
Hong Kong,HK,2015-07-30,12:00:00,1438232400,27.1,25.4,28.9,16.1,154.0,4.2,0.0,Hong Kong
Hong Kong,HK,2015-07-31,12:00:00,1438318800,27.6,25.4,29.5,13.5,148.0,0.3,0.0,Hong Kong
Hong Kong,HK,2015-08-01,12:00:00,1438405200,27.6,24.7,29.6,14.0,131.0,0.4,0.0,Hong Kong
Hong Kong,HK,2015-08-02,12:00:00,1438491600,27.8,24.9,30.3,10.6,132.0,0.0,0.0,Hong Kong
Hong Kong,HK,2015-08-03,12:00:00,1438578000,27.9,25.4,30.6,11.4,151.0,0.1,0.0,Hong Kong
Hong Kong,HK,2015-08-04,12:00:00,1438664400,28.1,25.8,30.4,7.7,176.0,0.0,0.0,Hong Kong
Hong Kong,HK,2015-08-05,12:00:00,1438750800,28.2,25.5,31.2,7.7,193.0,0.0,0.0,Hong Kong
Hong Kong,HK,2015-08-06,12:00:00,1438837200,28.6,25.8,31.6,6.5,196.0,0.9,0.0,Hong Kong
Hong Kong,HK,2015-08-07,12:00:00,1438923600,29.8,26.4,33.7,13.3,310.0,0.4,0.0,Hong Kong
Hong Kong,HK,2015-08-08,12:00:00,1439010000,31.3,28.8,34.2,22.2,313.0,0.0,0.0,Hong Kong
Hong Kong,HK,2015-08-09,12:00:00,1439096400,30.4,29.0,32.9,16.4,260.0,0.4,0.0,Hong Kong
Hong Kong,HK,2015-08-10,12:00:00,1439182800,27.5,25.9,29.0,18.0,205.0,48.2,0.0,Hong Kong
Hong Kong,HK,2015-08-11,12:00:00,1439269200,27.9,26.0,30.3,13.1,202.0,12.6,0.0,Hong Kong
Hong Kong,HK,2015-08-12,12:00:00,1439355600,28.0,26.5,30.8,13.7,184.0,12.3,0.0,Hong Kong
Hong Kong,HK,2015-08-13,12:00:00,1439442000,27.5,26.0,28.9,16.3,198.0,7.9,0.0,Hong Kong
Hong Kong,HK,2015-08-14,12:00:00,1439528400,27.3,25.6,29.0,16.2,205.0,15.6,0.0,Hong Kong
Hong Kong,HK,2015-08-15,12:00:00,1439614800,27.2,25.9,28.3,11.5,191.0,29.2,0.0,Hong Kong
Hong Kong,HK,2015-08-16,12:00:00,1439701200,28.5,27.0,30.1,14.3,203.0,5.3,0.0,Hong Kong
Hong Kong,HK,2015-08-17,12:00:00,1439787600,28.6,27.4,30.3,15.0,204.0,3.3,0.0,Hong Kong
Hong Kong,HK,2015-08-18,12:00:00,1439874000,28.9,27.5,31.0,14.5,203.0,0.7,0.0,Hong Kong
Hong Kong,HK,2015-08-19,12:00:00,1439960400,29.0,27.2,31.7,10.2,204.0,1.0,0.0,Hong Kong
Hong Kong,HK,2015-08-20,12:00:00,1440046800,28.5,27.0,30.6,8.6,286.0,10.3,0.0,Hong Kong
Hong Kong,HK,2015-08-21,12:00:00,1440133200,28.8,26.6,32.2,12.0,332.0,7.0,0.0,Hong Kong
Hong Kong,HK,2015-08-22,12:00:00,1440219600,29.2,27.2,31.8,12.9,332.0,0.9,0.0,Hong Kong
Hong Kong,HK,2015-08-23,12:00:00,1440306000,29.4,27.3,32.5,11.4,328.0,0.0,0.0,Hong Kong
Hong Kong,HK,2015-08-24,12:00:00,1440392400,29.5,27.3,32.1,9.7,336.0,0.0,0.0,Hong Kong
Hong Kong,HK,2015-08-25,12:00:00,1440478800,28.9,26.9,31.7,13.1,42.0,0.0,0.0,Hong Kong
Hong Kong,HK,2015-08-26,12:00:00,1440565200,27.1,25.3,28.9,11.4,116.0,0.5,0.0,Hong Kong
Hong Kong,HK,2015-08-27,12:00:00,1440651600,27.3,25.4,29.8,14.6,132.0,2.3,0.0,Hong Kong
Hong Kong,HK,2015-08-28,12:00:00,1440738000,26.9,25.0,29.0,12.5,179.0,15.3,0.0,Hong Kong
Hong Kong,HK,2015-08-29,12:00:00,1440824400,26.3,24.9,28.9,12.9,185.0,17.6,0.0,Hong Kong
Hong Kong,HK,2015-08-30,12:00:00,1440910800,25.5,24.8,26.5,10.0,180.0,18.5,0.0,Hong Kong
Hong Kong,HK,2015-08-31,12:00:00,1440997200,26.4,25.2,28.2,13.0,158.0,13.3,0.0,Hong Kong
Hong Kong,HK,2015-09-01,12:00:00,1441083600,26.2,25.2,27.5,14.6,144.0,24.9,0.0,Hong Kong
Hong Kong,HK,2015-09-02,12:00:00,1441170000,26.4,25.3,27.6,14.3,133.0,11.3,0.0,Hong Kong
Hong Kong,HK,2015-09-03,12:00:00,1441256400,27.1,25.8,28.9,14.5,120.0,10.3,0.0,Hong Kong
Hong Kong,HK,2015-09-04,12:00:00,1441342800,27.8,26.0,30.2,12.6,134.0,0.8,0.0,Hong Kong
Hong Kong,HK,2015-09-05,12:00:00,1441429200,28.0,25.7,30.6,13.3,210.0,0.1,0.0,Hong Kong
Hong Kong,HK,2015-09-06,12:00:00,1441515600,28.9,27.5,31.1,14.7,235.0,0.9,0.0,Hong Kong
Hong Kong,HK,2015-09-07,12:00:00,1441602000,27.4,26.4,29.2,12.6,296.0,12.4,0.0,Hong Kong
Hong Kong,HK,2015-09-08,12:00:00,1441688400,27.1,25.7,28.8,14.6,95.0,3.2,0.0,Hong Kong
Hong Kong,HK,2015-09-09,12:00:00,1441774800,27.2,26.1,28.9,15.5,94.0,0.0,0.0,Hong Kong
Hong Kong,HK,2015-09-10,12:00:00,1441861200,27.0,25.9,28.6,12.6,97.0,0.0,0.0,Hong Kong
Hong Kong,HK,2015-09-11,12:00:00,1441947600,26.8,25.7,28.5,12.8,102.0,0.3,0.0,Hong Kong
Hong Kong,HK,2015-09-12,12:00:00,1442034000,26.8,25.5,28.8,11.7,84.0,1.3,0.0,Hong Kong
Hong Kong,HK,2015-09-13,12:00:00,1442120400,26.6,25.1,28.7,18.9,50.0,0.1,0.0,Hong Kong
Hong Kong,HK,2015-09-14,12:00:00,1442206800,26.5,24.8,28.5,19.3,68.0,0.0,0.0,Hong Kong
Hong Kong,HK,2015-09-15,12:00:00,1442293200,27.0,25.8,28.6,17.6,73.0,0.0,0.0,Hong Kong
Hong Kong,HK,2015-09-16,12:00:00,1442379600,26.2,25.1,28.0,21.3,83.0,12.0,0.0,Hong Kong
Hong Kong,HK,2015-09-17,12:00:00,1442466000,26.7,25.2,28.4,17.1,91.0,0.1,0.0,Hong Kong
Hong Kong,HK,2015-09-18,12:00:00,1442552400,26.9,25.7,29.0,9.4,116.0,0.6,0.0,Hong Kong
Hong Kong,HK,2015-09-19,12:00:00,1442638800,27.3,25.0,29.5,13.7,187.0,0.9,0.0,Hong Kong
Hong Kong,HK,2015-09-20,12:00:00,1442725200,27.1,25.4,29.4,11.9,198.0,8.6,0.0,Hong Kong
Hong Kong,HK,2015-09-21,12:00:00,1442811600,25.9,23.6,28.8,9.0,190.0,16.2,0.0,Hong Kong
Hong Kong,HK,2015-09-22,12:00:00,1442898000,26.6,23.6,29.0,14.9,117.0,4.6,0.0,Hong Kong
Hong Kong,HK,2015-09-23,12:00:00,1442984400,27.7,25.8,30.1,12.0,161.0,0.2,0.0,Hong Kong
Hong Kong,HK,2015-09-24,12:00:00,1443070800,28.2,26.4,30.9,13.0,228.0,0.0,0.0,Hong Kong
Hong Kong,HK,2015-09-25,12:00:00,1443157200,28.8,26.8,31.2,11.5,230.0,0.0,0.0,Hong Kong
Hong Kong,HK,2015-09-26,12:00:00,1443243600,28.3,26.6,30.9,9.1,59.0,2.6,0.0,Hong Kong
Hong Kong,HK,2015-09-27,12:00:00,1443330000,27.5,26.0,29.4,11.6,34.0,0.7,0.0,Hong Kong
Hong Kong,HK,2015-09-28,12:00:00,1443416400,27.7,25.6,30.7,14.1,348.0,0.0,0.0,Hong Kong
Hong Kong,HK,2015-09-29,12:00:00,1443502800,27.5,25.3,30.3,15.8,319.0,0.0,0.0,Hong Kong
Hong Kong,HK,2015-09-30,12:00:00,1443589200,28.2,26.0,30.3,11.8,147.0,0.0,0.0,Hong Kong
Hong Kong,HK,2015-10-01,12:00:00,1443675600,27.6,25.9,29.9,7.1,35.0,4.8,0.0,Hong Kong
Hong Kong,HK,2015-10-02,12:00:00,1443762000,26.6,24.4,29.2,18.4,43.0,1.1,0.0,Hong Kong
Hong Kong,HK,2015-10-03,12:00:00,1443848400,25.8,25.1,27.2,30.6,67.0,18.0,0.0,Hong Kong
Hong Kong,HK,2015-10-04,12:00:00,1443934800,25.4,25.1,25.8,35.0,102.0,56.2,0.0,Hong Kong
Hong Kong,HK,2015-10-05,12:00:00,1444021200,25.7,24.9,26.7,27.3,112.0,10.0,0.0,Hong Kong
Hong Kong,HK,2015-10-06,12:00:00,1444107600,26.0,25.1,27.5,18.5,119.0,5.6,0.0,Hong Kong
Hong Kong,HK,2015-10-07,12:00:00,1444194000,26.0,24.4,28.1,11.7,142.0,13.3,0.0,Hong Kong
Hong Kong,HK,2015-10-08,12:00:00,1444280400,26.4,24.0,29.5,12.2,328.0,1.5,0.0,Hong Kong
Hong Kong,HK,2015-10-09,12:00:00,1444366800,25.6,23.7,28.0,16.8,16.0,0.0,0.0,Hong Kong
Hong Kong,HK,2015-10-10,12:00:00,1444453200,23.9,21.6,26.0,23.2,25.0,1.0,0.0,Hong Kong
Hong Kong,HK,2015-10-11,12:00:00,1444539600,20.0,19.3,21.1,23.7,24.0,3.0,0.0,Hong Kong
Hong Kong,HK,2015-10-12,12:00:00,1444626000,23.1,21.3,24.8,16.4,40.0,0.0,0.0,Hong Kong
Hong Kong,HK,2015-10-13,12:00:00,1444712400,24.0,22.9,25.9,13.5,67.0,0.5,0.0,Hong Kong
Hong Kong,HK,2015-10-14,12:00:00,1444798800,24.2,22.7,26.1,10.4,85.0,0.0,0.0,Hong Kong
Hong Kong,HK,2015-10-15,12:00:00,1444885200,24.4,22.8,27.0,8.4,81.0,0.0,0.0,Hong Kong
Hong Kong,HK,2015-10-16,12:00:00,1444971600,23.8,21.1,27.4,9.3,39.0,0.0,0.0,Hong Kong
Hong Kong,HK,2015-10-17,12:00:00,1445058000,24.5,21.0,28.3,10.9,39.0,0.0,0.0,Hong Kong
Hong Kong,HK,2015-10-18,12:00:00,1445144400,24.6,21.7,27.9,12.6,28.0,0.0,0.0,Hong Kong
Hong Kong,HK,2015-10-19,12:00:00,1445230800,23.7,19.9,27.3,14.8,4.0,0.0,0.0,Hong Kong
Hong Kong,HK,2015-10-20,12:00:00,1445317200,24.1,22.1,27.5,14.4,350.0,0.0,0.0,Hong Kong
Hong Kong,HK,2015-10-21,12:00:00,1445403600,25.2,23.0,28.1,11.2,12.0,0.0,0.0,Hong Kong
Hong Kong,HK,2015-10-22,12:00:00,1445490000,25.6,22.5,28.8,10.8,16.0,0.2,0.0,Hong Kong
Hong Kong,HK,2015-10-23,12:00:00,1445576400,25.7,23.1,29.0,9.5,46.0,0.0,0.0,Hong Kong
Hong Kong,HK,2015-10-24,12:00:00,1445662800,25.0,22.7,27.7,8.2,102.0,0.0,0.0,Hong Kong
Hong Kong,HK,2015-10-25,12:00:00,1445749200,25.2,24.5,26.7,18.7,92.0,0.3,0.0,Hong Kong
Hong Kong,HK,2015-10-26,12:00:00,1445835600,24.9,23.8,26.0,15.9,103.0,0.0,0.0,Hong Kong
Hong Kong,HK,2015-10-27,12:00:00,1445922000,25.7,24.0,27.9,6.5,62.0,0.0,0.0,Hong Kong
Hong Kong,HK,2015-10-28,12:00:00,1446008400,25.6,23.3,27.7,16.2,101.0,1.0,0.0,Hong Kong
Hong Kong,HK,2015-10-29,12:00:00,1446094800,25.5,24.5,26.8,15.5,116.0,0.6,0.0,Hong Kong
Hong Kong,HK,2015-10-30,12:00:00,1446181200,25.5,24.0,27.9,11.8,80.0,0.0,0.0,Hong Kong
Hong Kong,HK,2015-10-31,12:00:00,1446267600,24.6,23.2,26.7,19.5,57.0,0.4,0.0,Hong Kong
Hong Kong,HK,2015-11-01,12:00:00,1446354000,21.6,18.0,24.2,21.8,15.0,0.0,0.0,Hong Kong
Hong Kong,HK,2015-11-02,12:00:00,1446440400,20.7,17.3,24.4,19.5,23.0,0.0,0.0,Hong Kong
Hong Kong,HK,2015-11-03,12:00:00,1446526800,22.6,20.5,24.7,15.0,55.0,0.0,0.0,Hong Kong
Hong Kong,HK,2015-11-04,12:00:00,1446613200,23.7,22.2,25.9,12.3,72.0,0.0,0.0,Hong Kong
Hong Kong,HK,2015-11-05,12:00:00,1446699600,24.8,23.3,26.7,13.2,91.0,0.0,0.0,Hong Kong
Hong Kong,HK,2015-11-06,12:00:00,1446786000,24.8,23.7,26.8,18.1,101.0,0.0,0.0,Hong Kong
Hong Kong,HK,2015-11-07,12:00:00,1446872400,25.2,24.0,27.1,17.3,102.0,0.4,0.0,Hong Kong
Hong Kong,HK,2015-11-08,12:00:00,1446958800,25.6,24.3,27.7,13.4,105.0,0.3,0.0,Hong Kong
Hong Kong,HK,2015-11-09,12:00:00,1447045200,25.9,23.7,28.9,12.8,40.0,0.0,0.0,Hong Kong
Hong Kong,HK,2015-11-10,12:00:00,1447131600,23.7,22.7,25.3,19.7,72.0,0.2,0.0,Hong Kong
Hong Kong,HK,2015-11-11,12:00:00,1447218000,23.3,22.3,25.0,18.4,93.0,0.4,0.0,Hong Kong
Hong Kong,HK,2015-11-12,12:00:00,1447304400,23.8,22.5,25.3,23.2,94.0,0.0,0.0,Hong Kong
Hong Kong,HK,2015-11-13,12:00:00,1447390800,23.3,20.5,25.3,15.2,55.0,7.8,0.0,Hong Kong
Hong Kong,HK,2015-11-14,12:00:00,1447477200,23.0,20.6,26.1,9.4,29.0,0.1,0.0,Hong Kong
Hong Kong,HK,2015-11-15,12:00:00,1447563600,24.1,23.1,25.6,23.1,102.0,0.0,0.0,Hong Kong
Hong Kong,HK,2015-11-16,12:00:00,1447650000,24.7,23.5,26.6,21.6,119.0,1.5,0.0,Hong Kong
Hong Kong,HK,2015-11-17,12:00:00,1447736400,25.1,23.8,27.4,13.4,130.0,0.0,0.0,Hong Kong
Hong Kong,HK,2015-11-18,12:00:00,1447822800,25.0,22.4,28.2,6.1,58.0,0.0,0.0,Hong Kong
Hong Kong,HK,2015-11-19,12:00:00,1447909200,24.5,22.3,26.8,12.0,86.0,0.0,0.0,Hong Kong
Hong Kong,HK,2015-11-20,12:00:00,1447995600,24.5,23.3,26.2,15.2,92.0,0.0,0.0,Hong Kong
Hong Kong,HK,2015-11-21,12:00:00,1448082000,24.2,23.3,25.7,16.9,78.0,1.1,0.0,Hong Kong
Hong Kong,HK,2015-11-22,12:00:00,1448168400,24.4,22.9,26.9,12.7,56.0,0.0,0.0,Hong Kong
Hong Kong,HK,2015-11-23,12:00:00,1448254800,24.1,21.9,27.4,15.7,35.0,0.0,0.0,Hong Kong
Hong Kong,HK,2015-11-24,12:00:00,1448341200,23.5,22.2,25.7,13.6,61.0,0.4,0.0,Hong Kong
Hong Kong,HK,2015-11-25,12:00:00,1448427600,21.2,15.6,24.5,24.3,15.0,0.5,0.0,Hong Kong
Hong Kong,HK,2015-11-26,12:00:00,1448514000,17.1,14.4,21.1,24.8,23.0,0.1,0.0,Hong Kong
Hong Kong,HK,2015-11-27,12:00:00,1448600400,17.2,13.6,19.9,20.3,53.0,0.0,0.0,Hong Kong
Hong Kong,HK,2015-11-28,12:00:00,1448686800,20.2,18.4,22.1,18.7,76.0,0.0,0.0,Hong Kong
Hong Kong,HK,2015-11-29,12:00:00,1448773200,21.8,19.6,25.1,12.9,12.0,0.0,0.0,Hong Kong
Hong Kong,HK,2015-11-30,12:00:00,1448859600,21.0,18.1,24.1,10.5,13.0,0.1,0.0,Hong Kong
Hong Kong,HK,2015-12-01,12:00:00,1448946000,22.1,21.1,23.9,15.2,96.0,0.0,0.0,Hong Kong
Hong Kong,HK,2015-12-02,12:00:00,1449032400,22.6,19.8,25.2,17.5,80.0,0.5,0.0,Hong Kong
Hong Kong,HK,2015-12-03,12:00:00,1449118800,19.0,18.1,20.3,17.6,24.0,1.9,0.0,Hong Kong
Hong Kong,HK,2015-12-04,12:00:00,1449205200,19.1,17.3,21.3,17.9,38.0,0.0,0.0,Hong Kong
Hong Kong,HK,2015-12-05,12:00:00,1449291600,18.6,14.9,21.0,23.4,44.0,6.0,0.0,Hong Kong
Hong Kong,HK,2015-12-06,12:00:00,1449378000,14.9,12.9,17.3,22.9,14.0,3.6,0.0,Hong Kong
Hong Kong,HK,2015-12-07,12:00:00,1449464400,16.4,13.4,19.7,18.0,17.0,0.0,0.0,Hong Kong
Hong Kong,HK,2015-12-08,12:00:00,1449550800,16.9,15.6,18.5,15.6,24.0,5.4,0.0,Hong Kong
Hong Kong,HK,2015-12-09,12:00:00,1449637200,16.7,15.9,18.3,21.5,20.0,57.6,0.0,Hong Kong
Hong Kong,HK,2015-12-10,12:00:00,1449723600,18.2,15.8,21.8,14.8,357.0,6.7,0.0,Hong Kong
Hong Kong,HK,2015-12-11,12:00:00,1449810000,18.2,15.8,20.9,15.1,35.0,0.0,0.0,Hong Kong
Hong Kong,HK,2015-12-12,12:00:00,1449896400,20.0,18.9,21.3,22.8,93.0,0.5,0.0,Hong Kong
Hong Kong,HK,2015-12-13,12:00:00,1449982800,20.2,19.0,21.8,18.9,98.0,0.0,0.0,Hong Kong
Hong Kong,HK,2015-12-14,12:00:00,1450069200,19.1,16.1,20.8,17.7,22.0,0.0,0.0,Hong Kong
Hong Kong,HK,2015-12-15,12:00:00,1450155600,15.9,14.3,18.4,21.4,14.0,0.0,0.0,Hong Kong
Hong Kong,HK,2015-12-16,12:00:00,1450242000,13.4,11.6,16.0,28.3,15.0,0.0,0.0,Hong Kong
Hong Kong,HK,2015-12-17,12:00:00,1450328400,11.6,9.7,13.9,25.9,23.0,0.0,0.0,Hong Kong
Hong Kong,HK,2015-12-18,12:00:00,1450414800,12.5,9.8,15.4,16.3,35.0,0.0,0.0,Hong Kong
Hong Kong,HK,2015-12-19,12:00:00,1450501200,15.2,12.7,17.8,16.4,30.0,0.0,0.0,Hong Kong
Hong Kong,HK,2015-12-20,12:00:00,1450587600,16.6,15.7,17.3,11.7,36.0,0.2,0.0,Hong Kong
Hong Kong,HK,2015-12-21,12:00:00,1450674000,18.1,16.4,20.0,11.7,49.0,0.3,0.0,Hong Kong
Hong Kong,HK,2015-12-22,12:00:00,1450760400,20.0,18.8,21.4,19.3,85.0,0.0,0.0,Hong Kong
Hong Kong,HK,2015-12-23,12:00:00,1450846800,20.9,19.4,22.9,14.5,115.0,0.0,0.0,Hong Kong
Hong Kong,HK,2015-12-24,12:00:00,1450933200,21.7,20.0,24.1,15.1,130.0,3.8,0.0,Hong Kong
Hong Kong,HK,2015-12-25,12:00:00,1451019600,15.9,14.6,17.4,23.7,14.0,1.0,0.0,Hong Kong
Hong Kong,HK,2015-12-26,12:00:00,1451106000,16.1,14.5,18.4,15.8,26.0,0.0,0.0,Hong Kong
Hong Kong,HK,2015-12-27,12:00:00,1451192400,16.2,15.1,17.2,16.3,18.0,2.7,0.0,Hong Kong
Hong Kong,HK,2015-12-28,12:00:00,1451278800,17.0,15.5,19.1,16.3,33.0,0.0,0.0,Hong Kong
Hong Kong,HK,2015-12-29,12:00:00,1451365200,17.1,15.6,19.2,17.3,49.0,0.0,0.0,Hong Kong
Hong Kong,HK,2015-12-30,12:00:00,1451451600,16.1,13.4,18.8,15.3,23.0,3.2,0.0,Hong Kong
Hong Kong,HK,2015-12-31,12:00:00,1451538000,16.3,13.9,19.4,17.1,27.0,0.0,0.0,Hong Kong
Hong Kong,HK,2016-01-01,12:00:00,1451624400,17.3,15.5,20.0,13.5,45.0,0.0,0.0,Hong Kong
Hong Kong,HK,2016-01-02,12:00:00,1451710800,18.1,16.3,20.5,8.4,60.0,1.7,0.0,Hong Kong
Hong Kong,HK,2016-01-03,12:00:00,1451797200,18.7,17.7,20.1,9.4,91.0,1.2,0.0,Hong Kong
Hong Kong,HK,2016-01-04,12:00:00,1451883600,19.6,18.8,21.6,9.7,105.0,0.1,0.0,Hong Kong
Hong Kong,HK,2016-01-05,12:00:00,1451970000,20.0,19.1,21.4,17.3,114.0,47.4,0.0,Hong Kong
Hong Kong,HK,2016-01-06,12:00:00,1452056400,19.8,17.1,22.6,17.1,23.0,0.2,0.0,Hong Kong
Hong Kong,HK,2016-01-07,12:00:00,1452142800,17.4,15.3,20.1,16.4,43.0,0.0,0.0,Hong Kong
Hong Kong,HK,2016-01-08,12:00:00,1452229200,17.6,16.4,20.1,14.0,45.0,0.0,0.0,Hong Kong
Hong Kong,HK,2016-01-09,12:00:00,1452315600,17.4,16.5,18.6,23.1,87.0,0.0,0.0,Hong Kong
Hong Kong,HK,2016-01-10,12:00:00,1452402000,17.8,17.1,18.9,22.2,92.0,7.5,0.0,Hong Kong
Hong Kong,HK,2016-01-11,12:00:00,1452488400,16.9,15.5,18.5,15.5,36.0,18.5,0.0,Hong Kong
Hong Kong,HK,2016-01-12,12:00:00,1452574800,15.3,14.1,17.1,18.7,28.0,0.0,0.0,Hong Kong
Hong Kong,HK,2016-01-13,12:00:00,1452661200,15.3,12.7,18.1,17.0,40.0,0.0,0.0,Hong Kong
Hong Kong,HK,2016-01-14,12:00:00,1452747600,15.9,14.7,17.2,16.9,56.0,4.0,0.0,Hong Kong
Hong Kong,HK,2016-01-15,12:00:00,1452834000,15.1,13.9,16.2,16.4,49.0,20.8,0.0,Hong Kong
Hong Kong,HK,2016-01-16,12:00:00,1452920400,18.4,15.8,19.7,24.4,88.0,4.3,0.0,Hong Kong
Hong Kong,HK,2016-01-17,12:00:00,1453006800,18.1,14.1,20.1,17.9,23.0,15.2,0.0,Hong Kong
Hong Kong,HK,2016-01-18,12:00:00,1453093200,14.4,10.8,17.2,20.4,36.0,0.0,0.0,Hong Kong
Hong Kong,HK,2016-01-19,12:00:00,1453179600,16.2,15.2,17.0,16.5,48.0,1.0,0.0,Hong Kong
Hong Kong,HK,2016-01-20,12:00:00,1453266000,16.5,15.2,17.1,23.0,79.0,5.6,0.0,Hong Kong
Hong Kong,HK,2016-01-21,12:00:00,1453352400,16.0,13.4,17.1,16.1,36.0,2.9,0.0,Hong Kong
Hong Kong,HK,2016-01-22,12:00:00,1453438800,12.8,8.8,15.2,26.4,22.0,6.0,0.0,Hong Kong
Hong Kong,HK,2016-01-23,12:00:00,1453525200,7.1,6.6,8.3,33.4,14.0,2.4,0.0,Hong Kong
Hong Kong,HK,2016-01-24,12:00:00,1453611600,4.9,4.1,6.5,31.7,18.0,4.4,0.21,Hong Kong
Hong Kong,HK,2016-01-25,12:00:00,1453698000,6.5,3.1,9.9,25.5,27.0,0.0,0.0,Hong Kong
Hong Kong,HK,2016-01-26,12:00:00,1453784400,9.2,7.9,11.9,17.1,20.0,4.9,0.0,Hong Kong
Hong Kong,HK,2016-01-27,12:00:00,1453870800,12.9,9.3,17.1,18.2,37.0,10.2,0.0,Hong Kong
Hong Kong,HK,2016-01-28,12:00:00,1453957200,17.1,16.6,17.9,18.1,57.0,39.0,0.0,Hong Kong
Hong Kong,HK,2016-01-29,12:00:00,1454043600,17.2,15.3,18.5,14.9,68.0,28.6,0.0,Hong Kong
Hong Kong,HK,2016-01-30,12:00:00,1454130000,17.1,14.5,20.1,15.4,40.0,0.8,0.0,Hong Kong
Hong Kong,HK,2016-01-31,12:00:00,1454216400,16.9,16.0,17.3,25.6,75.0,1.7,0.0,Hong Kong
Hong Kong,HK,2016-02-01,12:00:00,1454302800,10.6,8.1,17.1,26.0,18.0,6.6,0.0,Hong Kong
Hong Kong,HK,2016-02-02,12:00:00,1454389200,8.6,7.7,9.8,22.5,15.0,2.2,0.0,Hong Kong
Hong Kong,HK,2016-02-03,12:00:00,1454475600,11.7,9.2,14.6,16.6,27.0,0.0,0.0,Hong Kong
Hong Kong,HK,2016-02-04,12:00:00,1454562000,15.2,11.9,19.1,15.3,359.0,0.0,0.0,Hong Kong
Hong Kong,HK,2016-02-05,12:00:00,1454648400,13.3,11.1,16.6,19.5,8.0,0.0,0.0,Hong Kong
Hong Kong,HK,2016-02-06,12:00:00,1454734800,12.2,10.1,15.4,25.5,16.0,0.0,0.0,Hong Kong
Hong Kong,HK,2016-02-07,12:00:00,1454821200,11.7,8.0,16.0,19.8,20.0,0.0,0.0,Hong Kong
Hong Kong,HK,2016-02-08,12:00:00,1454907600,14.3,11.1,17.9,11.7,56.0,0.0,0.0,Hong Kong
Hong Kong,HK,2016-02-09,12:00:00,1454994000,16.3,13.2,19.9,12.0,78.0,0.0,0.0,Hong Kong
Hong Kong,HK,2016-02-10,12:00:00,1455080400,18.0,16.6,20.2,15.6,93.0,0.4,0.0,Hong Kong
Hong Kong,HK,2016-02-11,12:00:00,1455166800,19.8,17.3,22.8,11.9,124.0,0.6,0.0,Hong Kong
Hong Kong,HK,2016-02-12,12:00:00,1455253200,21.2,19.4,23.7,19.0,152.0,2.2,0.0,Hong Kong
Hong Kong,HK,2016-02-13,12:00:00,1455339600,22.1,20.7,24.2,21.5,194.0,2.5,0.0,Hong Kong
Hong Kong,HK,2016-02-14,12:00:00,1455426000,19.4,13.5,21.5,25.3,19.0,3.0,0.0,Hong Kong
Hong Kong,HK,2016-02-15,12:00:00,1455512400,11.0,9.9,12.5,27.0,19.0,0.4,0.0,Hong Kong
Hong Kong,HK,2016-02-16,12:00:00,1455598800,11.2,9.5,13.4,20.0,19.0,0.0,0.0,Hong Kong
Hong Kong,HK,2016-02-17,12:00:00,1455685200,12.8,11.7,13.7,12.6,31.0,0.4,0.0,Hong Kong
Hong Kong,HK,2016-02-18,12:00:00,1455771600,14.9,13.1,16.6,9.9,52.0,3.0,0.0,Hong Kong
Hong Kong,HK,2016-02-19,12:00:00,1455858000,15.5,14.8,16.2,16.6,26.0,11.3,0.0,Hong Kong
Hong Kong,HK,2016-02-20,12:00:00,1455944400,15.7,12.4,19.3,21.9,25.0,1.2,0.0,Hong Kong
Hong Kong,HK,2016-02-21,12:00:00,1456030800,16.7,15.5,18.0,24.2,91.0,0.3,0.0,Hong Kong
Hong Kong,HK,2016-02-22,12:00:00,1456117200,19.5,17.5,21.7,22.5,93.0,3.8,0.0,Hong Kong
Hong Kong,HK,2016-02-23,12:00:00,1456203600,15.5,13.1,17.1,21.0,22.0,0.2,0.0,Hong Kong
Hong Kong,HK,2016-02-24,12:00:00,1456290000,13.2,12.0,14.3,21.9,27.0,0.5,0.0,Hong Kong
Hong Kong,HK,2016-02-25,12:00:00,1456376400,14.8,13.3,16.9,14.9,27.0,0.0,0.0,Hong Kong
Hong Kong,HK,2016-02-26,12:00:00,1456462800,14.8,13.5,16.6,13.4,15.0,0.0,0.0,Hong Kong
Hong Kong,HK,2016-02-27,12:00:00,1456549200,16.0,13.5,20.0,11.9,5.0,0.0,0.0,Hong Kong
Hong Kong,HK,2016-02-28,12:00:00,1456635600,16.5,12.3,20.5,9.5,10.0,0.0,0.0,Hong Kong
Hong Kong,HK,2016-02-29,12:00:00,1456722000,17.5,12.0,22.8,17.8,45.0,0.0,0.0,Hong Kong
Hong Kong,HK,2016-03-01,12:00:00,1456808400,16.7,14.8,18.9,17.3,100.0,0.0,0.0,Hong Kong
Hong Kong,HK,2016-03-02,12:00:00,1456894800,16.6,15.0,19.0,18.4,100.0,0.0,0.0,Hong Kong
Hong Kong,HK,2016-03-03,12:00:00,1456981200,17.9,15.5,21.2,10.0,113.0,0.0,0.0,Hong Kong
Hong Kong,HK,2016-03-04,12:00:00,1457067600,19.1,17.2,22.2,10.7,110.0,0.0,0.0,Hong Kong
Hong Kong,HK,2016-03-05,12:00:00,1457154000,19.9,18.7,22.0,11.4,108.0,0.0,0.0,Hong Kong
Hong Kong,HK,2016-03-06,12:00:00,1457240400,20.5,17.7,24.1,9.7,189.0,0.0,0.0,Hong Kong
Hong Kong,HK,2016-03-07,12:00:00,1457326800,19.6,16.0,22.3,16.1,128.0,0.8,0.0,Hong Kong
Hong Kong,HK,2016-03-08,12:00:00,1457413200,21.0,18.7,23.7,18.0,135.0,0.4,0.0,Hong Kong
Hong Kong,HK,2016-03-09,12:00:00,1457499600,21.3,19.5,23.5,18.2,137.0,25.0,0.0,Hong Kong
Hong Kong,HK,2016-03-10,12:00:00,1457586000,13.0,9.0,19.0,27.1,25.0,18.5,0.0,Hong Kong
Hong Kong,HK,2016-03-11,12:00:00,1457672400,11.0,8.7,13.3,22.1,24.0,1.9,0.0,Hong Kong
Hong Kong,HK,2016-03-12,12:00:00,1457758800,15.6,13.0,17.5,17.3,69.0,3.6,0.0,Hong Kong
Hong Kong,HK,2016-03-13,12:00:00,1457845200,17.9,15.6,20.7,19.2,57.0,9.0,0.0,Hong Kong
Hong Kong,HK,2016-03-14,12:00:00,1457931600,15.5,12.7,18.0,20.8,29.0,0.0,0.0,Hong Kong
Hong Kong,HK,2016-03-15,12:00:00,1458018000,16.2,15.4,16.7,14.8,68.0,1.9,0.0,Hong Kong
Hong Kong,HK,2016-03-16,12:00:00,1458104400,17.5,15.9,19.4,18.1,80.0,4.9,0.0,Hong Kong
Hong Kong,HK,2016-03-17,12:00:00,1458190800,19.6,17.7,21.4,24.5,105.0,2.7,0.0,Hong Kong
Hong Kong,HK,2016-03-18,12:00:00,1458277200,21.6,19.5,23.7,13.0,137.0,0.2,0.0,Hong Kong
Hong Kong,HK,2016-03-19,12:00:00,1458363600,22.7,21.2,25.3,13.4,149.0,2.6,0.0,Hong Kong
Hong Kong,HK,2016-03-20,12:00:00,1458450000,21.3,20.5,22.3,28.2,109.0,0.3,0.0,Hong Kong
Hong Kong,HK,2016-03-21,12:00:00,1458536400,19.9,18.5,21.4,23.7,101.0,25.5,0.0,Hong Kong
Hong Kong,HK,2016-03-22,12:00:00,1458622800,19.9,18.4,21.5,24.3,102.0,10.1,0.0,Hong Kong
Hong Kong,HK,2016-03-23,12:00:00,1458709200,20.9,17.7,24.5,17.1,86.0,31.8,0.0,Hong Kong
Hong Kong,HK,2016-03-24,12:00:00,1458795600,15.8,12.5,17.5,21.6,32.0,23.0,0.0,Hong Kong
Hong Kong,HK,2016-03-25,12:00:00,1458882000,14.0,11.6,16.6,19.5,20.0,5.3,0.0,Hong Kong
Hong Kong,HK,2016-03-26,12:00:00,1458968400,15.8,13.0,18.6,12.1,63.0,0.0,0.0,Hong Kong
Hong Kong,HK,2016-03-27,12:00:00,1459054800,16.1,12.6,19.9,17.9,40.0,0.0,0.0,Hong Kong
Hong Kong,HK,2016-03-28,12:00:00,1459141200,16.5,14.0,18.9,16.3,95.0,0.0,0.0,Hong Kong
Hong Kong,HK,2016-03-29,12:00:00,1459227600,18.2,15.6,20.8,10.4,85.0,0.0,0.0,Hong Kong
Hong Kong,HK,2016-03-30,12:00:00,1459314000,20.1,18.1,22.4,10.4,100.0,0.4,0.0,Hong Kong
Hong Kong,HK,2016-03-31,12:00:00,1459400400,21.2,18.4,24.6,10.3,228.0,0.0,0.0,Hong Kong
Hong Kong,HK,2016-04-01,12:00:00,1459486800,21.2,19.0,24.4,13.8,157.0,0.0,0.0,Hong Kong
Hong Kong,HK,2016-04-02,12:00:00,1459573200,21.5,19.8,24.2,15.1,133.0,0.0,0.0,Hong Kong
Hong Kong,HK,2016-04-03,12:00:00,1459659600,22.2,20.4,24.9,12.6,155.0,0.0,0.0,Hong Kong
Hong Kong,HK,2016-04-04,12:00:00,1459746000,22.9,20.3,25.7,19.9,175.0,5.5,0.0,Hong Kong
Hong Kong,HK,2016-04-05,12:00:00,1459832400,22.8,20.9,25.5,20.2,123.0,0.6,0.0,Hong Kong
Hong Kong,HK,2016-04-06,12:00:00,1459918800,23.5,21.7,26.4,17.4,142.0,0.0,0.0,Hong Kong
Hong Kong,HK,2016-04-07,12:00:00,1460005200,23.9,22.3,26.5,18.4,156.0,0.0,0.0,Hong Kong
Hong Kong,HK,2016-04-08,12:00:00,1460091600,24.4,22.8,26.7,18.5,173.0,0.7,0.0,Hong Kong
Hong Kong,HK,2016-04-09,12:00:00,1460178000,24.6,23.0,27.0,20.8,179.0,0.4,0.0,Hong Kong
Hong Kong,HK,2016-04-10,12:00:00,1460264400,24.4,22.7,26.3,26.7,194.0,13.4,0.0,Hong Kong
Hong Kong,HK,2016-04-11,12:00:00,1460350800,21.8,20.9,23.5,17.5,113.0,14.3,0.0,Hong Kong
Hong Kong,HK,2016-04-12,12:00:00,1460437200,22.3,20.9,24.0,23.0,107.0,25.7,0.0,Hong Kong
Hong Kong,HK,2016-04-13,12:00:00,1460523600,24.3,22.7,26.3,14.3,165.0,27.8,0.0,Hong Kong
Hong Kong,HK,2016-04-14,12:00:00,1460610000,24.7,22.4,27.0,20.9,146.0,3.2,0.0,Hong Kong
Hong Kong,HK,2016-04-15,12:00:00,1460696400,24.1,23.0,25.5,22.0,125.0,2.0,0.0,Hong Kong
Hong Kong,HK,2016-04-16,12:00:00,1460782800,25.3,23.6,27.6,24.9,172.0,1.3,0.0,Hong Kong
Hong Kong,HK,2016-04-17,12:00:00,1460869200,25.5,23.9,27.3,24.2,164.0,1.2,0.0,Hong Kong
Hong Kong,HK,2016-04-18,12:00:00,1460955600,23.5,21.0,25.0,21.1,28.0,2.9,0.0,Hong Kong
Hong Kong,HK,2016-04-19,12:00:00,1461042000,21.9,20.9,23.8,25.0,103.0,4.9,0.0,Hong Kong
Hong Kong,HK,2016-04-20,12:00:00,1461128400,23.0,21.3,25.0,20.9,116.0,0.0,0.0,Hong Kong
Hong Kong,HK,2016-04-21,12:00:00,1461214800,24.4,22.2,27.3,10.9,182.0,1.4,0.0,Hong Kong
Hong Kong,HK,2016-04-22,12:00:00,1461301200,24.8,22.6,27.8,21.5,194.0,2.4,0.0,Hong Kong
Hong Kong,HK,2016-04-23,12:00:00,1461387600,24.7,23.2,26.8,20.2,189.0,32.1,0.0,Hong Kong
Hong Kong,HK,2016-04-24,12:00:00,1461474000,23.5,22.0,25.5,22.2,184.0,41.9,0.0,Hong Kong
Hong Kong,HK,2016-04-25,12:00:00,1461560400,24.3,22.6,27.0,14.4,185.0,22.9,0.0,Hong Kong
Hong Kong,HK,2016-04-26,12:00:00,1461646800,25.6,23.7,28.2,24.2,181.0,6.2,0.0,Hong Kong
Hong Kong,HK,2016-04-27,12:00:00,1461733200,24.9,22.7,27.9,12.0,241.0,7.6,0.0,Hong Kong
Hong Kong,HK,2016-04-28,12:00:00,1461819600,25.2,23.0,28.1,12.8,50.0,1.4,0.0,Hong Kong
Hong Kong,HK,2016-04-29,12:00:00,1461906000,23.5,22.6,24.9,17.0,100.0,0.0,0.0,Hong Kong
Hong Kong,HK,2016-04-30,12:00:00,1461992400,23.2,22.5,24.8,20.0,107.0,2.4,0.0,Hong Kong
Hong Kong,HK,2016-05-01,12:00:00,1462078800,24.1,21.8,26.8,19.1,113.0,5.1,0.0,Hong Kong
Hong Kong,HK,2016-05-02,12:00:00,1462165200,25.9,23.7,28.5,20.9,164.0,0.1,0.0,Hong Kong
Hong Kong,HK,2016-05-03,12:00:00,1462251600,26.1,23.9,28.4,11.5,197.0,8.0,0.0,Hong Kong
Hong Kong,HK,2016-05-04,12:00:00,1462338000,25.5,22.8,28.0,12.9,135.0,3.9,0.0,Hong Kong
Hong Kong,HK,2016-05-05,12:00:00,1462424400,26.8,25.1,29.0,21.0,176.0,2.4,0.0,Hong Kong
Hong Kong,HK,2016-05-06,12:00:00,1462510800,27.1,25.4,29.3,21.4,178.0,2.6,0.0,Hong Kong
Hong Kong,HK,2016-05-07,12:00:00,1462597200,27.2,25.5,29.3,19.8,172.0,0.0,0.0,Hong Kong
Hong Kong,HK,2016-05-08,12:00:00,1462683600,27.1,25.8,29.0,16.3,158.0,1.7,0.0,Hong Kong
Hong Kong,HK,2016-05-09,12:00:00,1462770000,27.6,25.8,29.7,20.6,170.0,1.0,0.0,Hong Kong
Hong Kong,HK,2016-05-10,12:00:00,1462856400,26.0,24.5,27.1,14.8,265.0,19.3,0.0,Hong Kong
Hong Kong,HK,2016-05-11,12:00:00,1462942800,24.7,22.2,27.4,16.8,63.0,0.0,0.0,Hong Kong
Hong Kong,HK,2016-05-12,12:00:00,1463029200,24.9,23.1,26.8,15.8,109.0,0.0,0.0,Hong Kong
Hong Kong,HK,2016-05-13,12:00:00,1463115600,25.5,24.1,27.2,13.5,103.0,0.0,0.0,Hong Kong
Hong Kong,HK,2016-05-14,12:00:00,1463202000,25.6,24.1,27.3,20.3,104.0,1.2,0.0,Hong Kong
Hong Kong,HK,2016-05-15,12:00:00,1463288400,26.2,24.7,28.4,13.5,111.0,1.5,0.0,Hong Kong
Hong Kong,HK,2016-05-16,12:00:00,1463374800,23.4,19.6,27.0,21.5,10.0,0.8,0.0,Hong Kong
Hong Kong,HK,2016-05-17,12:00:00,1463461200,23.6,22.7,24.8,16.2,96.0,0.4,0.0,Hong Kong
Hong Kong,HK,2016-05-18,12:00:00,1463547600,24.3,23.3,26.0,18.3,106.0,0.0,0.0,Hong Kong
Hong Kong,HK,2016-05-19,12:00:00,1463634000,25.2,23.8,26.9,19.3,119.0,0.1,0.0,Hong Kong
Hong Kong,HK,2016-05-20,12:00:00,1463720400,24.9,23.7,26.3,17.1,132.0,20.7,0.0,Hong Kong
Hong Kong,HK,2016-05-21,12:00:00,1463806800,25.4,24.0,27.6,12.7,349.0,163.5,0.0,Hong Kong
Hong Kong,HK,2016-05-22,12:00:00,1463893200,26.1,23.8,29.0,14.7,12.0,0.5,0.0,Hong Kong
Hong Kong,HK,2016-05-23,12:00:00,1463979600,25.8,23.5,28.5,9.5,22.0,0.2,0.0,Hong Kong
Hong Kong,HK,2016-05-24,12:00:00,1464066000,26.3,23.7,29.0,10.8,171.0,2.1,0.0,Hong Kong
Hong Kong,HK,2016-05-25,12:00:00,1464152400,27.0,24.8,29.3,16.4,118.0,0.0,0.0,Hong Kong
Hong Kong,HK,2016-05-26,12:00:00,1464238800,27.1,25.7,28.8,20.1,92.0,0.1,0.0,Hong Kong
Hong Kong,HK,2016-05-27,12:00:00,1464325200,27.2,25.6,29.0,29.4,142.0,7.4,0.0,Hong Kong
Hong Kong,HK,2016-05-28,12:00:00,1464411600,26.8,25.7,29.2,24.0,194.0,12.1,0.0,Hong Kong
Hong Kong,HK,2016-05-29,12:00:00,1464498000,27.3,25.6,29.3,16.0,180.0,9.2,0.0,Hong Kong
Hong Kong,HK,2016-05-30,12:00:00,1464584400,28.1,26.4,30.1,15.1,195.0,5.5,0.0,Hong Kong
Hong Kong,HK,2016-05-31,12:00:00,1464670800,28.5,26.7,30.6,19.9,199.0,0.4,0.0,Hong Kong
Hong Kong,HK,2016-06-01,12:00:00,1464757200,29.1,27.6,31.0,22.0,215.0,0.9,0.0,Hong Kong
Hong Kong,HK,2016-06-02,12:00:00,1464843600,29.2,27.8,31.2,20.6,211.0,0.3,0.0,Hong Kong
Hong Kong,HK,2016-06-03,12:00:00,1464930000,29.3,27.9,31.1,21.6,204.0,0.4,0.0,Hong Kong
Hong Kong,HK,2016-06-04,12:00:00,1465016400,28.4,26.8,30.9,14.5,222.0,31.1,0.0,Hong Kong
Hong Kong,HK,2016-06-05,12:00:00,1465102800,26.8,25.3,28.3,7.8,291.0,20.3,0.0,Hong Kong
Hong Kong,HK,2016-06-06,12:00:00,1465189200,26.5,25.2,27.8,9.5,186.0,29.5,0.0,Hong Kong
Hong Kong,HK,2016-06-07,12:00:00,1465275600,27.3,24.6,30.2,13.7,151.0,4.6,0.0,Hong Kong
Hong Kong,HK,2016-06-08,12:00:00,1465362000,26.5,25.3,28.8,10.0,169.0,16.8,0.0,Hong Kong
Hong Kong,HK,2016-06-09,12:00:00,1465448400,26.5,25.3,28.4,9.6,107.0,17.0,0.0,Hong Kong
Hong Kong,HK,2016-06-10,12:00:00,1465534800,27.0,25.1,29.4,11.6,132.0,9.3,0.0,Hong Kong
Hong Kong,HK,2016-06-11,12:00:00,1465621200,26.3,25.1,27.4,20.0,196.0,24.0,0.0,Hong Kong
Hong Kong,HK,2016-06-12,12:00:00,1465707600,26.6,25.2,28.3,17.9,201.0,52.2,0.0,Hong Kong
Hong Kong,HK,2016-06-13,12:00:00,1465794000,27.7,25.8,30.6,15.9,208.0,27.7,0.0,Hong Kong
Hong Kong,HK,2016-06-14,12:00:00,1465880400,28.7,27.7,30.4,20.2,196.0,7.3,0.0,Hong Kong
Hong Kong,HK,2016-06-15,12:00:00,1465966800,28.9,27.3,30.6,20.7,190.0,3.8,0.0,Hong Kong
Hong Kong,HK,2016-06-16,12:00:00,1466053200,28.0,27.1,29.7,19.0,222.0,11.8,0.0,Hong Kong
Hong Kong,HK,2016-06-17,12:00:00,1466139600,28.2,26.5,30.1,15.8,188.0,5.9,0.0,Hong Kong
Hong Kong,HK,2016-06-18,12:00:00,1466226000,28.4,27.2,29.9,16.6,180.0,3.3,0.0,Hong Kong
Hong Kong,HK,2016-06-19,12:00:00,1466312400,29.0,27.2,31.1,12.9,147.0,0.0,0.0,Hong Kong
Hong Kong,HK,2016-06-20,12:00:00,1466398800,29.0,26.9,31.2,13.7,157.0,1.8,0.0,Hong Kong
Hong Kong,HK,2016-06-21,12:00:00,1466485200,29.1,27.5,31.0,14.1,177.0,0.8,0.0,Hong Kong
Hong Kong,HK,2016-06-22,12:00:00,1466571600,29.0,27.1,31.4,12.8,195.0,0.4,0.0,Hong Kong
Hong Kong,HK,2016-06-23,12:00:00,1466658000,29.0,26.6,31.3,12.9,193.0,0.1,0.0,Hong Kong
Hong Kong,HK,2016-06-24,12:00:00,1466744400,29.2,26.8,31.5,13.8,186.0,0.3,0.0,Hong Kong
Hong Kong,HK,2016-06-25,12:00:00,1466830800,29.3,27.4,32.0,14.5,168.0,1.6,0.0,Hong Kong
Hong Kong,HK,2016-06-26,12:00:00,1466917200,29.5,27.9,31.7,16.2,145.0,1.8,0.0,Hong Kong
Hong Kong,HK,2016-06-27,12:00:00,1467003600,29.5,27.9,31.5,12.5,114.0,1.6,0.0,Hong Kong
Hong Kong,HK,2016-06-28,12:00:00,1467090000,27.9,26.4,29.5,16.1,152.0,11.1,0.0,Hong Kong
Hong Kong,HK,2016-06-29,12:00:00,1467176400,27.7,26.0,29.2,20.3,140.0,10.4,0.0,Hong Kong
Hong Kong,HK,2016-06-30,12:00:00,1467262800,28.2,26.3,30.6,17.3,164.0,10.4,0.0,Hong Kong
Hong Kong,HK,2016-07-01,12:00:00,1467349200,28.5,27.0,30.2,19.4,166.0,1.3,0.0,Hong Kong
Hong Kong,HK,2016-07-02,12:00:00,1467435600,28.5,27.0,30.3,18.5,179.0,2.9,0.0,Hong Kong
Hong Kong,HK,2016-07-03,12:00:00,1467522000,27.9,27.0,29.6,17.7,171.0,11.2,0.0,Hong Kong
Hong Kong,HK,2016-07-04,12:00:00,1467608400,27.7,26.5,29.2,21.6,167.0,8.9,0.0,Hong Kong
Hong Kong,HK,2016-07-05,12:00:00,1467694800,27.7,26.4,29.0,18.1,123.0,3.8,0.0,Hong Kong
Hong Kong,HK,2016-07-06,12:00:00,1467781200,27.4,25.6,28.8,16.2,93.0,5.6,0.0,Hong Kong
Hong Kong,HK,2016-07-07,12:00:00,1467867600,28.5,26.9,31.5,9.3,85.0,2.1,0.0,Hong Kong
Hong Kong,HK,2016-07-08,12:00:00,1467954000,30.0,27.4,33.5,17.4,284.0,0.3,0.0,Hong Kong
Hong Kong,HK,2016-07-09,12:00:00,1468040400,30.8,28.7,34.2,17.4,252.0,1.2,0.0,Hong Kong
Hong Kong,HK,2016-07-10,12:00:00,1468126800,28.6,26.7,30.8,19.6,228.0,38.6,0.0,Hong Kong
Hong Kong,HK,2016-07-11,12:00:00,1468213200,28.2,26.3,30.6,14.9,208.0,20.0,0.0,Hong Kong
Hong Kong,HK,2016-07-12,12:00:00,1468299600,26.8,26.1,27.8,15.6,197.0,20.3,0.0,Hong Kong
Hong Kong,HK,2016-07-13,12:00:00,1468386000,27.6,25.9,29.2,12.6,181.0,9.2,0.0,Hong Kong
Hong Kong,HK,2016-07-14,12:00:00,1468472400,27.9,26.1,29.9,15.4,181.0,9.9,0.0,Hong Kong
Hong Kong,HK,2016-07-15,12:00:00,1468558800,28.8,27.4,30.8,21.1,206.0,1.8,0.0,Hong Kong
Hong Kong,HK,2016-07-16,12:00:00,1468645200,29.3,27.7,31.1,17.6,207.0,1.9,0.0,Hong Kong
Hong Kong,HK,2016-07-17,12:00:00,1468731600,29.5,28.2,31.3,18.2,207.0,0.8,0.0,Hong Kong
Hong Kong,HK,2016-07-18,12:00:00,1468818000,29.0,27.4,30.9,18.8,192.0,1.3,0.0,Hong Kong
Hong Kong,HK,2016-07-19,12:00:00,1468904400,28.3,26.7,30.5,21.5,181.0,2.5,0.0,Hong Kong
Hong Kong,HK,2016-07-20,12:00:00,1468990800,28.8,27.1,30.7,18.6,187.0,1.4,0.0,Hong Kong
Hong Kong,HK,2016-07-21,12:00:00,1469077200,28.8,27.1,31.0,16.1,189.0,1.2,0.0,Hong Kong
Hong Kong,HK,2016-07-22,12:00:00,1469163600,28.9,26.9,31.5,11.6,210.0,0.7,0.0,Hong Kong
Hong Kong,HK,2016-07-23,12:00:00,1469250000,29.2,27.4,31.9,11.5,226.0,0.2,0.0,Hong Kong
Hong Kong,HK,2016-07-24,12:00:00,1469336400,29.4,27.4,32.5,10.0,219.0,0.0,0.0,Hong Kong
Hong Kong,HK,2016-07-25,12:00:00,1469422800,29.3,26.6,32.4,11.5,183.0,0.0,0.0,Hong Kong
Hong Kong,HK,2016-07-26,12:00:00,1469509200,28.2,26.6,29.9,16.4,115.0,4.6,0.0,Hong Kong
Hong Kong,HK,2016-07-27,12:00:00,1469595600,28.9,26.7,30.7,13.5,170.0,3.1,0.0,Hong Kong
Hong Kong,HK,2016-07-28,12:00:00,1469682000,29.1,27.0,31.6,12.4,227.0,1.4,0.0,Hong Kong
Hong Kong,HK,2016-07-29,12:00:00,1469768400,29.6,27.2,32.9,12.1,259.0,0.0,0.0,Hong Kong
Hong Kong,HK,2016-07-30,12:00:00,1469854800,30.0,27.9,33.1,11.1,295.0,3.0,0.0,Hong Kong
Hong Kong,HK,2016-07-31,12:00:00,1469941200,29.2,27.2,31.3,9.0,106.0,1.5,0.0,Hong Kong
Hong Kong,HK,2016-08-01,12:00:00,1470027600,28.6,26.6,32.0,26.5,317.0,8.8,0.0,Hong Kong
Hong Kong,HK,2016-08-02,12:00:00,1470114000,26.6,25.8,27.5,43.2,205.0,133.6,0.0,Hong Kong
Hong Kong,HK,2016-08-03,12:00:00,1470200400,27.1,26.3,28.1,24.0,142.0,11.6,0.0,Hong Kong
Hong Kong,HK,2016-08-04,12:00:00,1470286800,27.3,26.0,29.2,15.8,112.0,18.2,0.0,Hong Kong
Hong Kong,HK,2016-08-05,12:00:00,1470373200,28.5,26.6,31.0,9.2,145.0,4.6,0.0,Hong Kong
Hong Kong,HK,2016-08-06,12:00:00,1470459600,29.3,27.2,32.4,10.6,253.0,0.2,0.0,Hong Kong
Hong Kong,HK,2016-08-07,12:00:00,1470546000,29.6,28.0,32.1,9.2,224.0,0.4,0.0,Hong Kong
Hong Kong,HK,2016-08-08,12:00:00,1470632400,29.4,27.8,32.1,12.5,229.0,2.9,0.0,Hong Kong
Hong Kong,HK,2016-08-09,12:00:00,1470718800,29.7,28.0,32.0,8.3,279.0,2.3,0.0,Hong Kong
Hong Kong,HK,2016-08-10,12:00:00,1470805200,26.8,25.8,28.0,11.6,121.0,28.7,0.0,Hong Kong
Hong Kong,HK,2016-08-11,12:00:00,1470891600,27.5,25.5,29.8,8.1,101.0,4.9,0.0,Hong Kong
Hong Kong,HK,2016-08-12,12:00:00,1470978000,27.3,26.3,29.9,10.7,210.0,11.6,0.0,Hong Kong
Hong Kong,HK,2016-08-13,12:00:00,1471064400,27.5,25.7,30.0,9.0,110.0,7.5,0.0,Hong Kong
Hong Kong,HK,2016-08-14,12:00:00,1471150800,26.8,25.7,28.2,14.9,82.0,14.3,0.0,Hong Kong
Hong Kong,HK,2016-08-15,12:00:00,1471237200,26.2,25.4,27.4,11.8,43.0,18.0,0.0,Hong Kong
Hong Kong,HK,2016-08-16,12:00:00,1471323600,26.3,25.5,28.1,16.8,59.0,23.1,0.0,Hong Kong
Hong Kong,HK,2016-08-17,12:00:00,1471410000,27.1,25.8,29.0,24.5,79.0,18.2,0.0,Hong Kong
Hong Kong,HK,2016-08-18,12:00:00,1471496400,27.6,26.3,29.7,26.0,124.0,11.1,0.0,Hong Kong
Hong Kong,HK,2016-08-19,12:00:00,1471582800,27.9,26.0,29.8,18.7,125.0,5.3,0.0,Hong Kong
Hong Kong,HK,2016-08-20,12:00:00,1471669200,28.4,26.7,31.1,8.4,117.0,5.2,0.0,Hong Kong
Hong Kong,HK,2016-08-21,12:00:00,1471755600,28.0,25.9,31.1,7.5,222.0,24.0,0.0,Hong Kong
Hong Kong,HK,2016-08-22,12:00:00,1471842000,28.1,26.5,30.2,12.6,105.0,0.0,0.0,Hong Kong
Hong Kong,HK,2016-08-23,12:00:00,1471928400,28.5,26.3,31.7,7.6,59.0,0.9,0.0,Hong Kong
Hong Kong,HK,2016-08-24,12:00:00,1472014800,28.8,26.2,31.5,6.6,90.0,0.5,0.0,Hong Kong
Hong Kong,HK,2016-08-25,12:00:00,1472101200,28.8,26.7,31.3,8.6,107.0,0.0,0.0,Hong Kong
Hong Kong,HK,2016-08-26,12:00:00,1472187600,29.4,26.4,32.8,7.6,251.0,3.8,0.0,Hong Kong
Hong Kong,HK,2016-08-27,12:00:00,1472274000,28.3,26.1,30.8,11.7,22.0,33.2,0.0,Hong Kong
Hong Kong,HK,2016-08-28,12:00:00,1472360400,27.4,25.6,29.5,12.0,12.0,8.3,0.0,Hong Kong
Hong Kong,HK,2016-08-29,12:00:00,1472446800,26.6,25.6,28.3,15.0,49.0,0.0,0.0,Hong Kong
Hong Kong,HK,2016-08-30,12:00:00,1472533200,27.2,25.4,29.7,7.1,51.0,0.0,0.0,Hong Kong
Hong Kong,HK,2016-08-31,12:00:00,1472619600,27.5,25.3,30.0,12.4,192.0,3.6,0.0,Hong Kong
Hong Kong,HK,2016-09-01,12:00:00,1472706000,27.5,25.8,29.1,19.6,206.0,16.7,0.0,Hong Kong
Hong Kong,HK,2016-09-02,12:00:00,1472792400,26.8,25.6,27.8,18.1,212.0,23.0,0.0,Hong Kong
Hong Kong,HK,2016-09-03,12:00:00,1472878800,26.2,25.3,27.3,6.6,119.0,22.0,0.0,Hong Kong
Hong Kong,HK,2016-09-04,12:00:00,1472965200,27.0,25.6,29.3,14.3,96.0,7.5,0.0,Hong Kong
Hong Kong,HK,2016-09-05,12:00:00,1473051600,26.9,26.1,28.1,18.1,85.0,4.9,0.0,Hong Kong
Hong Kong,HK,2016-09-06,12:00:00,1473138000,26.3,25.4,27.6,9.5,111.0,48.9,0.0,Hong Kong
Hong Kong,HK,2016-09-07,12:00:00,1473224400,26.4,25.4,28.4,12.0,223.0,28.6,0.0,Hong Kong
Hong Kong,HK,2016-09-08,12:00:00,1473310800,26.5,25.3,28.9,6.9,192.0,39.3,0.0,Hong Kong
Hong Kong,HK,2016-09-09,12:00:00,1473397200,27.0,25.7,29.0,9.5,209.0,14.3,0.0,Hong Kong
Hong Kong,HK,2016-09-10,12:00:00,1473483600,26.8,25.2,28.0,14.2,175.0,20.5,0.0,Hong Kong
Hong Kong,HK,2016-09-11,12:00:00,1473570000,27.1,24.8,29.8,9.1,148.0,9.0,0.0,Hong Kong
Hong Kong,HK,2016-09-12,12:00:00,1473656400,27.5,25.3,30.2,11.3,57.0,0.8,0.0,Hong Kong
Hong Kong,HK,2016-09-13,12:00:00,1473742800,27.3,25.9,29.3,12.9,71.0,2.7,0.0,Hong Kong
Hong Kong,HK,2016-09-14,12:00:00,1473829200,28.1,25.8,30.8,18.5,326.0,0.0,0.0,Hong Kong
Hong Kong,HK,2016-09-15,12:00:00,1473915600,28.6,26.7,30.9,14.6,319.0,0.1,0.0,Hong Kong
Hong Kong,HK,2016-09-16,12:00:00,1474002000,28.0,26.3,30.3,14.4,19.0,0.1,0.0,Hong Kong
Hong Kong,HK,2016-09-17,12:00:00,1474088400,28.1,25.5,30.8,15.1,17.0,0.3,0.0,Hong Kong
Hong Kong,HK,2016-09-18,12:00:00,1474174800,27.3,25.1,29.9,14.7,12.0,0.0,0.0,Hong Kong
Hong Kong,HK,2016-09-19,12:00:00,1474261200,27.2,25.8,29.8,15.8,39.0,1.1,0.0,Hong Kong
Hong Kong,HK,2016-09-20,12:00:00,1474347600,26.1,23.8,28.4,16.7,46.0,6.0,0.0,Hong Kong
Hong Kong,HK,2016-09-21,12:00:00,1474434000,26.8,25.5,28.6,15.8,67.0,0.0,0.0,Hong Kong
Hong Kong,HK,2016-09-22,12:00:00,1474520400,26.8,25.7,28.3,13.9,84.0,0.0,0.0,Hong Kong
Hong Kong,HK,2016-09-23,12:00:00,1474606800,26.7,25.7,28.0,16.5,90.0,1.4,0.0,Hong Kong
Hong Kong,HK,2016-09-24,12:00:00,1474693200,27.0,25.9,28.7,14.8,99.0,0.0,0.0,Hong Kong
Hong Kong,HK,2016-09-25,12:00:00,1474779600,27.4,26.0,29.7,11.5,98.0,0.0,0.0,Hong Kong
Hong Kong,HK,2016-09-26,12:00:00,1474866000,27.8,26.1,30.3,7.7,220.0,1.3,0.0,Hong Kong
Hong Kong,HK,2016-09-27,12:00:00,1474952400,29.9,26.9,33.6,18.1,310.0,0.0,0.0,Hong Kong
Hong Kong,HK,2016-09-28,12:00:00,1475038800,29.2,27.7,31.2,28.3,308.0,0.0,0.0,Hong Kong
Hong Kong,HK,2016-09-29,12:00:00,1475125200,24.7,22.7,27.7,18.9,331.0,6.4,0.0,Hong Kong
Hong Kong,HK,2016-09-30,12:00:00,1475211600,24.9,22.3,28.2,12.3,342.0,0.5,0.0,Hong Kong
Hong Kong,HK,2016-10-01,12:00:00,1475298000,26.3,24.5,28.4,14.5,68.0,9.4,0.0,Hong Kong
Hong Kong,HK,2016-10-02,12:00:00,1475384400,26.6,24.7,29.3,13.5,15.0,1.8,0.0,Hong Kong
Hong Kong,HK,2016-10-03,12:00:00,1475470800,26.6,24.9,29.7,9.7,53.0,5.7,0.0,Hong Kong
Hong Kong,HK,2016-10-04,12:00:00,1475557200,26.7,24.9,28.8,9.6,74.0,3.0,0.0,Hong Kong
Hong Kong,HK,2016-10-05,12:00:00,1475643600,27.3,25.6,29.4,12.6,43.0,4.8,0.0,Hong Kong
Hong Kong,HK,2016-10-06,12:00:00,1475730000,27.5,25.5,30.3,12.4,24.0,0.7,0.0,Hong Kong
Hong Kong,HK,2016-10-07,12:00:00,1475816400,27.3,25.8,30.2,14.4,5.0,9.5,0.0,Hong Kong
Hong Kong,HK,2016-10-08,12:00:00,1475902800,26.7,24.5,29.2,21.4,1.0,1.1,0.0,Hong Kong
Hong Kong,HK,2016-10-09,12:00:00,1475989200,24.7,23.7,26.7,19.1,13.0,0.9,0.0,Hong Kong
Hong Kong,HK,2016-10-10,12:00:00,1476075600,24.0,22.2,26.2,17.8,25.0,0.0,0.0,Hong Kong
Hong Kong,HK,2016-10-11,12:00:00,1476162000,23.6,22.5,25.1,17.5,21.0,0.5,0.0,Hong Kong
Hong Kong,HK,2016-10-12,12:00:00,1476248400,23.4,21.8,25.2,18.8,29.0,9.0,0.0,Hong Kong
Hong Kong,HK,2016-10-13,12:00:00,1476334800,24.8,22.4,27.7,19.5,44.0,0.0,0.0,Hong Kong
Hong Kong,HK,2016-10-14,12:00:00,1476421200,25.4,23.4,28.1,17.0,55.0,0.0,0.0,Hong Kong
Hong Kong,HK,2016-10-15,12:00:00,1476507600,25.9,23.3,28.7,16.1,37.0,0.0,0.0,Hong Kong
Hong Kong,HK,2016-10-16,12:00:00,1476594000,26.9,24.4,29.9,18.4,26.0,0.0,0.0,Hong Kong
Hong Kong,HK,2016-10-17,12:00:00,1476680400,26.0,24.9,28.3,20.9,42.0,16.6,0.0,Hong Kong
Hong Kong,HK,2016-10-18,12:00:00,1476766800,25.0,24.5,25.7,30.3,80.0,50.5,0.0,Hong Kong
Hong Kong,HK,2016-10-19,12:00:00,1476853200,25.6,24.7,26.8,24.1,109.0,26.3,0.0,Hong Kong
Hong Kong,HK,2016-10-20,12:00:00,1476939600,27.0,24.2,30.2,15.1,15.0,0.0,0.0,Hong Kong
Hong Kong,HK,2016-10-21,12:00:00,1477026000,25.3,24.2,26.9,44.2,286.0,74.5,0.0,Hong Kong
Hong Kong,HK,2016-10-22,12:00:00,1477112400,26.7,25.3,28.4,17.0,191.0,0.3,0.0,Hong Kong
Hong Kong,HK,2016-10-23,12:00:00,1477198800,26.3,24.8,28.6,6.9,114.0,5.0,0.0,Hong Kong
Hong Kong,HK,2016-10-24,12:00:00,1477285200,26.2,24.5,28.2,12.0,119.0,3.7,0.0,Hong Kong
Hong Kong,HK,2016-10-25,12:00:00,1477371600,26.3,25.2,28.0,15.0,119.0,1.2,0.0,Hong Kong
Hong Kong,HK,2016-10-26,12:00:00,1477458000,26.4,25.2,28.4,11.3,102.0,0.2,0.0,Hong Kong
Hong Kong,HK,2016-10-27,12:00:00,1477544400,26.5,24.7,29.2,7.6,109.0,0.0,0.0,Hong Kong
Hong Kong,HK,2016-10-28,12:00:00,1477630800,26.4,23.8,29.6,7.7,55.0,0.0,0.0,Hong Kong
Hong Kong,HK,2016-10-29,12:00:00,1477717200,24.8,21.2,27.3,22.8,37.0,1.1,0.0,Hong Kong
Hong Kong,HK,2016-10-30,12:00:00,1477803600,23.0,20.3,25.9,21.3,36.0,0.1,0.0,Hong Kong
Hong Kong,HK,2016-10-31,12:00:00,1477890000,24.0,21.3,27.0,18.7,29.0,0.0,0.0,Hong Kong
Hong Kong,HK,2016-11-01,12:00:00,1477976400,22.5,20.6,25.3,23.0,28.0,0.0,0.0,Hong Kong
Hong Kong,HK,2016-11-02,12:00:00,1478062800,21.3,19.2,24.7,20.8,26.0,0.0,0.0,Hong Kong
Hong Kong,HK,2016-11-03,12:00:00,1478149200,20.3,17.8,23.0,20.1,26.0,0.0,0.0,Hong Kong
Hong Kong,HK,2016-11-04,12:00:00,1478235600,21.2,18.6,24.1,13.5,29.0,0.0,0.0,Hong Kong
Hong Kong,HK,2016-11-05,12:00:00,1478322000,22.8,20.6,25.2,8.8,105.0,0.0,0.0,Hong Kong
Hong Kong,HK,2016-11-06,12:00:00,1478408400,23.1,20.2,25.3,13.3,94.0,0.0,0.0,Hong Kong
Hong Kong,HK,2016-11-07,12:00:00,1478494800,24.2,22.6,26.2,12.2,96.0,0.1,0.0,Hong Kong
Hong Kong,HK,2016-11-08,12:00:00,1478581200,23.6,19.2,26.1,21.7,34.0,1.0,0.0,Hong Kong
Hong Kong,HK,2016-11-09,12:00:00,1478667600,19.8,17.5,22.3,20.9,26.0,0.5,0.0,Hong Kong
Hong Kong,HK,2016-11-10,12:00:00,1478754000,15.5,14.5,17.0,21.0,16.0,12.2,0.0,Hong Kong
Hong Kong,HK,2016-11-11,12:00:00,1478840400,18.2,14.7,22.1,13.9,28.0,4.4,0.0,Hong Kong
Hong Kong,HK,2016-11-12,12:00:00,1478926800,23.2,21.7,25.1,12.1,88.0,0.0,0.0,Hong Kong
Hong Kong,HK,2016-11-13,12:00:00,1479013200,24.2,23.1,25.8,14.8,108.0,0.0,0.0,Hong Kong
Hong Kong,HK,2016-11-14,12:00:00,1479099600,24.3,22.6,27.1,8.1,86.0,0.0,0.0,Hong Kong
Hong Kong,HK,2016-11-15,12:00:00,1479186000,24.0,21.1,27.6,14.6,100.0,0.0,0.0,Hong Kong
Hong Kong,HK,2016-11-16,12:00:00,1479272400,23.7,22.5,25.3,19.1,101.0,0.0,0.0,Hong Kong
Hong Kong,HK,2016-11-17,12:00:00,1479358800,23.6,22.3,25.3,12.7,88.0,0.0,0.0,Hong Kong
Hong Kong,HK,2016-11-18,12:00:00,1479445200,23.8,22.7,25.6,14.2,92.0,3.1,0.0,Hong Kong
Hong Kong,HK,2016-11-19,12:00:00,1479531600,24.6,23.2,26.2,15.7,93.0,1.6,0.0,Hong Kong
Hong Kong,HK,2016-11-20,12:00:00,1479618000,24.6,23.5,26.0,19.5,89.0,0.6,0.0,Hong Kong
Hong Kong,HK,2016-11-21,12:00:00,1479704400,23.9,23.1,25.2,14.9,89.0,7.8,0.0,Hong Kong
Hong Kong,HK,2016-11-22,12:00:00,1479790800,22.6,21.6,23.5,17.4,58.0,70.4,0.0,Hong Kong
Hong Kong,HK,2016-11-23,12:00:00,1479877200,19.3,14.0,21.7,26.4,29.0,14.0,0.0,Hong Kong
Hong Kong,HK,2016-11-24,12:00:00,1479963600,15.4,13.2,18.5,25.3,23.0,0.0,0.0,Hong Kong
Hong Kong,HK,2016-11-25,12:00:00,1480050000,18.1,15.0,20.9,18.0,29.0,0.6,0.0,Hong Kong
Hong Kong,HK,2016-11-26,12:00:00,1480136400,15.5,12.1,19.7,28.0,10.0,13.2,0.0,Hong Kong
Hong Kong,HK,2016-11-27,12:00:00,1480222800,14.7,11.1,18.5,24.2,17.0,5.1,0.0,Hong Kong
Hong Kong,HK,2016-11-28,12:00:00,1480309200,16.8,13.7,19.4,18.9,33.0,0.0,0.0,Hong Kong
Hong Kong,HK,2016-11-29,12:00:00,1480395600,18.7,16.9,21.1,17.8,27.0,0.0,0.0,Hong Kong
Hong Kong,HK,2016-11-30,12:00:00,1480482000,18.6,16.3,20.9,21.2,14.0,0.0,0.0,Hong Kong
Hong Kong,HK,2016-12-01,12:00:00,1480568400,17.7,14.7,21.1,18.3,19.0,0.0,0.0,Hong Kong
Hong Kong,HK,2016-12-02,12:00:00,1480654800,18.7,16.3,21.2,16.3,29.0,0.0,0.0,Hong Kong
Hong Kong,HK,2016-12-03,12:00:00,1480741200,19.9,18.0,22.1,13.0,28.0,0.0,0.0,Hong Kong
Hong Kong,HK,2016-12-04,12:00:00,1480827600,20.9,19.3,23.6,9.8,8.0,0.0,0.0,Hong Kong
Hong Kong,HK,2016-12-05,12:00:00,1480914000,21.5,18.8,24.9,16.6,21.0,0.0,0.0,Hong Kong
Hong Kong,HK,2016-12-06,12:00:00,1481000400,19.4,18.0,20.9,21.7,23.0,0.0,0.0,Hong Kong
Hong Kong,HK,2016-12-07,12:00:00,1481086800,18.6,16.5,21.2,15.4,26.0,0.0,0.0,Hong Kong
Hong Kong,HK,2016-12-08,12:00:00,1481173200,18.0,15.6,20.7,14.0,27.0,0.0,0.0,Hong Kong
Hong Kong,HK,2016-12-09,12:00:00,1481259600,18.3,15.2,21.4,11.5,47.0,0.0,0.0,Hong Kong
Hong Kong,HK,2016-12-10,12:00:00,1481346000,19.9,18.0,22.1,13.0,45.0,0.0,0.0,Hong Kong
Hong Kong,HK,2016-12-11,12:00:00,1481432400,19.8,18.4,21.6,19.3,86.0,0.0,0.0,Hong Kong
Hong Kong,HK,2016-12-12,12:00:00,1481518800,20.3,18.9,22.5,17.3,87.0,0.0,0.0,Hong Kong
Hong Kong,HK,2016-12-13,12:00:00,1481605200,21.5,18.6,24.8,14.1,31.0,0.0,0.0,Hong Kong
Hong Kong,HK,2016-12-14,12:00:00,1481691600,18.5,16.1,21.4,22.7,21.0,0.0,0.0,Hong Kong
Hong Kong,HK,2016-12-15,12:00:00,1481778000,15.7,13.8,18.2,22.6,23.0,0.0,0.0,Hong Kong
Hong Kong,HK,2016-12-16,12:00:00,1481864400,13.8,11.1,16.4,22.5,28.0,0.0,0.0,Hong Kong
Hong Kong,HK,2016-12-17,12:00:00,1481950800,16.0,13.0,18.3,15.9,62.0,0.0,0.0,Hong Kong
Hong Kong,HK,2016-12-18,12:00:00,1482037200,18.7,17.0,21.0,14.9,76.0,0.0,0.0,Hong Kong
Hong Kong,HK,2016-12-19,12:00:00,1482123600,19.7,18.1,21.9,14.0,87.0,0.0,0.0,Hong Kong
Hong Kong,HK,2016-12-20,12:00:00,1482210000,20.8,19.6,22.5,11.9,81.0,0.0,0.0,Hong Kong
Hong Kong,HK,2016-12-21,12:00:00,1482296400,21.6,20.7,22.9,12.4,56.0,4.3,0.0,Hong Kong
Hong Kong,HK,2016-12-22,12:00:00,1482382800,20.4,17.1,23.3,19.9,16.0,1.4,0.0,Hong Kong
Hong Kong,HK,2016-12-23,12:00:00,1482469200,18.4,16.6,20.3,17.6,35.0,0.0,0.0,Hong Kong
Hong Kong,HK,2016-12-24,12:00:00,1482555600,17.8,16.2,18.9,17.0,77.0,1.5,0.0,Hong Kong
Hong Kong,HK,2016-12-25,12:00:00,1482642000,19.4,18.2,21.1,19.2,89.0,0.0,0.0,Hong Kong
Hong Kong,HK,2016-12-26,12:00:00,1482728400,20.4,18.3,23.6,24.5,39.0,0.0,0.0,Hong Kong
Hong Kong,HK,2016-12-27,12:00:00,1482814800,14.9,12.1,17.4,31.5,13.0,0.0,0.0,Hong Kong
Hong Kong,HK,2016-12-28,12:00:00,1482901200,12.4,10.0,14.6,23.6,25.0,0.0,0.0,Hong Kong
Hong Kong,HK,2016-12-29,12:00:00,1482987600,14.2,11.9,15.7,22.1,25.0,0.0,0.0,Hong Kong
Hong Kong,HK,2016-12-30,12:00:00,1483074000,15.5,13.3,17.6,16.6,33.0,0.0,0.0,Hong Kong
Hong Kong,HK,2016-12-31,12:00:00,1483160400,17.9,16.1,20.3,14.8,49.0,0.0,0.0,Hong Kong
Hong Kong,HK,2017-01-01,12:00:00,1483246800,18.7,17.4,20.7,22.0,68.0,0.0,0.0,Hong Kong
Hong Kong,HK,2017-01-02,12:00:00,1483333200,19.4,17.7,22.6,18.1,64.0,0.0,0.0,Hong Kong
Hong Kong,HK,2017-01-03,12:00:00,1483419600,19.0,16.9,21.8,21.4,67.0,0.0,0.0,Hong Kong
Hong Kong,HK,2017-01-04,12:00:00,1483506000,18.9,17.6,21.2,23.5,72.0,0.0,0.0,Hong Kong
Hong Kong,HK,2017-01-05,12:00:00,1483592400,20.1,18.0,23.5,13.5,64.0,0.1,0.0,Hong Kong
Hong Kong,HK,2017-01-06,12:00:00,1483678800,20.5,18.2,24.1,14.2,64.0,0.0,0.0,Hong Kong
Hong Kong,HK,2017-01-07,12:00:00,1483765200,19.8,18.6,21.7,18.9,74.0,0.0,0.0,Hong Kong
Hong Kong,HK,2017-01-08,12:00:00,1483851600,20.9,17.7,24.8,14.7,36.0,0.0,0.0,Hong Kong
Hong Kong,HK,2017-01-09,12:00:00,1483938000,18.7,15.8,21.8,16.4,44.0,0.0,0.0,Hong Kong
Hong Kong,HK,2017-01-10,12:00:00,1484024400,18.5,17.2,19.8,28.0,77.0,0.0,0.0,Hong Kong
Hong Kong,HK,2017-01-11,12:00:00,1484110800,19.0,17.4,20.6,23.5,69.0,0.2,0.0,Hong Kong
Hong Kong,HK,2017-01-12,12:00:00,1484197200,17.6,14.5,20.1,24.6,42.0,0.2,0.0,Hong Kong
Hong Kong,HK,2017-01-13,12:00:00,1484283600,13.8,12.9,15.0,19.9,13.0,0.6,0.0,Hong Kong
Hong Kong,HK,2017-01-14,12:00:00,1484370000,14.0,12.6,15.3,17.1,26.0,1.1,0.0,Hong Kong
Hong Kong,HK,2017-01-15,12:00:00,1484456400,14.1,12.3,15.4,18.0,32.0,1.6,0.0,Hong Kong
Hong Kong,HK,2017-01-16,12:00:00,1484542800,14.7,12.7,16.6,22.9,52.0,1.6,0.0,Hong Kong
Hong Kong,HK,2017-01-17,12:00:00,1484629200,17.2,15.4,19.0,25.1,68.0,0.0,0.0,Hong Kong
Hong Kong,HK,2017-01-18,12:00:00,1484715600,18.5,16.8,20.9,18.0,59.0,0.6,0.0,Hong Kong
Hong Kong,HK,2017-01-19,12:00:00,1484802000,19.4,17.0,22.7,15.2,41.0,0.1,0.0,Hong Kong
Hong Kong,HK,2017-01-20,12:00:00,1484888400,15.2,12.3,17.8,26.3,17.0,0.0,0.0,Hong Kong
Hong Kong,HK,2017-01-21,12:00:00,1484974800,15.5,11.9,19.9,19.5,29.0,0.0,0.0,Hong Kong
Hong Kong,HK,2017-01-22,12:00:00,1485061200,14.7,11.5,18.8,15.8,36.0,0.0,0.0,Hong Kong
Hong Kong,HK,2017-01-23,12:00:00,1485147600,15.6,12.2,18.6,21.7,62.0,0.0,0.0,Hong Kong
Hong Kong,HK,2017-01-24,12:00:00,1485234000,16.1,14.3,18.0,25.6,71.0,0.0,0.0,Hong Kong
Hong Kong,HK,2017-01-25,12:00:00,1485320400,16.9,14.6,20.5,23.2,63.0,0.0,0.0,Hong Kong
Hong Kong,HK,2017-01-26,12:00:00,1485406800,15.9,13.4,18.5,15.2,66.0,0.0,0.0,Hong Kong
Hong Kong,HK,2017-01-27,12:00:00,1485493200,16.8,13.9,21.4,18.1,69.0,0.0,0.0,Hong Kong
Hong Kong,HK,2017-01-28,12:00:00,1485579600,16.7,14.3,18.8,20.3,71.0,0.6,0.0,Hong Kong
Hong Kong,HK,2017-01-29,12:00:00,1485666000,18.8,17.2,21.9,18.3,63.0,0.2,0.0,Hong Kong
Hong Kong,HK,2017-01-30,12:00:00,1485752400,19.5,17.3,22.5,22.9,40.0,1.3,0.0,Hong Kong
Hong Kong,HK,2017-01-31,12:00:00,1485838800,16.7,14.7,18.7,22.5,56.0,0.4,0.0,Hong Kong
Hong Kong,HK,2017-02-01,12:00:00,1485925200,17.9,15.8,21.9,15.6,50.0,1.3,0.0,Hong Kong
Hong Kong,HK,2017-02-02,12:00:00,1486011600,16.5,14.1,18.6,21.7,59.0,0.0,0.0,Hong Kong
Hong Kong,HK,2017-02-03,12:00:00,1486098000,16.4,14.9,18.2,27.7,71.0,0.0,0.0,Hong Kong
Hong Kong,HK,2017-02-04,12:00:00,1486184400,17.7,16.2,20.3,19.6,67.0,4.5,0.0,Hong Kong
Hong Kong,HK,2017-02-05,12:00:00,1486270800,18.2,16.5,21.4,13.9,20.0,4.0,0.0,Hong Kong
Hong Kong,HK,2017-02-06,12:00:00,1486357200,18.2,16.8,20.3,28.9,74.0,0.0,0.0,Hong Kong
Hong Kong,HK,2017-02-07,12:00:00,1486443600,16.6,15.5,17.6,33.3,77.0,0.0,0.0,Hong Kong
Hong Kong,HK,2017-02-08,12:00:00,1486530000,16.8,13.4,18.3,26.6,49.0,0.9,0.0,Hong Kong
Hong Kong,HK,2017-02-09,12:00:00,1486616400,11.6,8.4,15.8,32.1,14.0,0.0,0.0,Hong Kong
Hong Kong,HK,2017-02-10,12:00:00,1486702800,11.2,7.8,15.1,21.7,22.0,0.0,0.0,Hong Kong
Hong Kong,HK,2017-02-11,12:00:00,1486789200,12.3,8.8,16.3,18.8,39.0,0.0,0.0,Hong Kong
Hong Kong,HK,2017-02-12,12:00:00,1486875600,13.8,10.2,17.6,12.7,58.0,0.0,0.0,Hong Kong
Hong Kong,HK,2017-02-13,12:00:00,1486962000,15.7,12.6,18.7,18.3,66.0,0.0,0.0,Hong Kong
Hong Kong,HK,2017-02-14,12:00:00,1487048400,16.7,14.6,19.0,24.0,69.0,0.0,0.0,Hong Kong
Hong Kong,HK,2017-02-15,12:00:00,1487134800,16.7,14.7,18.8,24.4,77.0,0.0,0.0,Hong Kong
Hong Kong,HK,2017-02-16,12:00:00,1487221200,17.4,15.1,21.2,11.4,82.0,0.0,0.0,Hong Kong
Hong Kong,HK,2017-02-17,12:00:00,1487307600,18.4,14.4,23.1,10.8,78.0,0.0,0.0,Hong Kong
Hong Kong,HK,2017-02-18,12:00:00,1487394000,18.7,14.6,24.3,17.0,69.0,0.0,0.0,Hong Kong
Hong Kong,HK,2017-02-19,12:00:00,1487480400,18.0,16.8,19.9,26.9,75.0,0.5,0.0,Hong Kong
Hong Kong,HK,2017-02-20,12:00:00,1487566800,19.6,17.2,23.8,13.2,82.0,0.6,0.0,Hong Kong
Hong Kong,HK,2017-02-21,12:00:00,1487653200,19.1,17.4,20.0,29.2,79.0,6.8,0.0,Hong Kong
Hong Kong,HK,2017-02-22,12:00:00,1487739600,19.6,17.4,22.5,19.5,79.0,5.3,0.0,Hong Kong
Hong Kong,HK,2017-02-23,12:00:00,1487826000,16.3,12.2,20.2,21.8,16.0,0.4,0.0,Hong Kong
Hong Kong,HK,2017-02-24,12:00:00,1487912400,11.3,10.6,12.2,20.7,15.0,0.5,0.0,Hong Kong
Hong Kong,HK,2017-02-25,12:00:00,1487998800,11.2,9.9,12.9,19.1,12.0,0.0,0.0,Hong Kong
Hong Kong,HK,2017-02-26,12:00:00,1488085200,13.7,9.6,17.7,19.6,30.0,0.5,0.0,Hong Kong
Hong Kong,HK,2017-02-27,12:00:00,1488171600,16.6,14.3,18.5,22.4,68.0,0.0,0.0,Hong Kong
Hong Kong,HK,2017-02-28,12:00:00,1488258000,17.4,15.6,19.8,20.2,76.0,0.0,0.0,Hong Kong
Hong Kong,HK,2017-03-01,12:00:00,1488344400,18.7,15.7,22.6,15.3,29.0,0.3,0.0,Hong Kong
Hong Kong,HK,2017-03-02,12:00:00,1488430800,18.1,14.9,22.2,22.6,36.0,0.0,0.0,Hong Kong
Hong Kong,HK,2017-03-03,12:00:00,1488517200,17.3,15.4,19.3,20.9,83.0,0.0,0.0,Hong Kong
Hong Kong,HK,2017-03-04,12:00:00,1488603600,19.0,17.1,21.6,18.4,81.0,0.0,0.0,Hong Kong
Hong Kong,HK,2017-03-05,12:00:00,1488690000,20.5,18.4,23.4,12.6,89.0,0.0,0.0,Hong Kong
Hong Kong,HK,2017-03-06,12:00:00,1488776400,19.9,15.9,24.1,19.9,48.0,0.4,0.0,Hong Kong
Hong Kong,HK,2017-03-07,12:00:00,1488862800,18.2,17.2,20.1,22.2,79.0,0.1,0.0,Hong Kong
Hong Kong,HK,2017-03-08,12:00:00,1488949200,16.5,14.7,17.9,17.9,45.0,2.1,0.0,Hong Kong
Hong Kong,HK,2017-03-09,12:00:00,1489035600,17.4,16.0,18.7,23.2,75.0,2.9,0.0,Hong Kong
Hong Kong,HK,2017-03-10,12:00:00,1489122000,20.3,18.5,22.7,20.2,100.0,3.1,0.0,Hong Kong
Hong Kong,HK,2017-03-11,12:00:00,1489208400,19.2,17.6,20.9,26.4,76.0,1.6,0.0,Hong Kong
Hong Kong,HK,2017-03-12,12:00:00,1489294800,20.3,19.2,22.0,21.3,87.0,0.2,0.0,Hong Kong
Hong Kong,HK,2017-03-13,12:00:00,1489381200,21.9,20.0,24.6,13.0,141.0,0.6,0.0,Hong Kong
Hong Kong,HK,2017-03-14,12:00:00,1489467600,19.0,16.3,21.7,29.0,54.0,1.2,0.0,Hong Kong
Hong Kong,HK,2017-03-15,12:00:00,1489554000,18.1,16.8,19.2,27.4,80.0,2.6,0.0,Hong Kong
Hong Kong,HK,2017-03-16,12:00:00,1489640400,19.0,17.3,20.6,22.6,74.0,0.0,0.0,Hong Kong
Hong Kong,HK,2017-03-17,12:00:00,1489726800,19.9,18.7,21.5,23.4,81.0,0.2,0.0,Hong Kong
Hong Kong,HK,2017-03-18,12:00:00,1489813200,20.3,19.1,22.1,25.6,76.0,1.9,0.0,Hong Kong
Hong Kong,HK,2017-03-19,12:00:00,1489899600,20.3,19.6,20.8,20.5,79.0,16.0,0.0,Hong Kong
Hong Kong,HK,2017-03-20,12:00:00,1489986000,21.7,19.9,25.6,16.8,91.0,0.2,0.0,Hong Kong
Hong Kong,HK,2017-03-21,12:00:00,1490072400,22.4,20.1,26.5,22.0,77.0,0.5,0.0,Hong Kong
Hong Kong,HK,2017-03-22,12:00:00,1490158800,20.1,19.4,20.7,25.6,86.0,2.8,0.0,Hong Kong
Hong Kong,HK,2017-03-23,12:00:00,1490245200,21.0,19.3,23.6,16.8,82.0,0.1,0.0,Hong Kong
Hong Kong,HK,2017-03-24,12:00:00,1490331600,21.2,20.1,22.8,23.5,90.0,0.0,0.0,Hong Kong
Hong Kong,HK,2017-03-25,12:00:00,1490418000,18.9,15.0,23.2,22.0,21.0,0.3,0.0,Hong Kong
Hong Kong,HK,2017-03-26,12:00:00,1490504400,14.9,12.8,16.8,23.7,24.0,1.5,0.0,Hong Kong
Hong Kong,HK,2017-03-27,12:00:00,1490590800,18.5,15.6,21.1,23.1,69.0,0.0,0.0,Hong Kong
Hong Kong,HK,2017-03-28,12:00:00,1490677200,20.7,19.0,22.8,22.8,84.0,0.0,0.0,Hong Kong
Hong Kong,HK,2017-03-29,12:00:00,1490763600,21.6,20.0,24.0,24.5,79.0,0.1,0.0,Hong Kong
Hong Kong,HK,2017-03-30,12:00:00,1490850000,22.0,20.5,23.6,20.3,86.0,0.0,0.0,Hong Kong
Hong Kong,HK,2017-03-31,12:00:00,1490936400,19.9,15.5,23.2,28.5,25.0,16.6,0.0,Hong Kong
Hong Kong,HK,2017-04-01,12:00:00,1491022800,17.1,13.2,21.7,24.8,38.0,1.4,0.0,Hong Kong
Hong Kong,HK,2017-04-02,12:00:00,1491109200,18.8,16.5,21.0,23.2,74.0,0.0,0.0,Hong Kong
Hong Kong,HK,2017-04-03,12:00:00,1491195600,19.9,18.1,21.8,22.3,83.0,0.0,0.0,Hong Kong
Hong Kong,HK,2017-04-04,12:00:00,1491282000,20.6,18.2,22.7,21.6,79.0,0.0,0.0,Hong Kong
Hong Kong,HK,2017-04-05,12:00:00,1491368400,21.7,19.2,24.4,17.3,75.0,0.0,0.0,Hong Kong
Hong Kong,HK,2017-04-06,12:00:00,1491454800,22.3,21.3,23.9,17.7,80.0,1.0,0.0,Hong Kong
Hong Kong,HK,2017-04-07,12:00:00,1491541200,23.0,21.8,25.0,10.2,140.0,0.2,0.0,Hong Kong
Hong Kong,HK,2017-04-08,12:00:00,1491627600,23.5,21.2,26.2,13.0,137.0,0.0,0.0,Hong Kong
Hong Kong,HK,2017-04-09,12:00:00,1491714000,24.2,22.6,26.0,17.7,180.0,4.7,0.0,Hong Kong
Hong Kong,HK,2017-04-10,12:00:00,1491800400,24.9,24.2,26.5,25.6,202.0,4.6,0.0,Hong Kong
Hong Kong,HK,2017-04-11,12:00:00,1491886800,25.1,23.8,26.6,17.5,218.0,9.3,0.0,Hong Kong
Hong Kong,HK,2017-04-12,12:00:00,1491973200,19.4,17.9,22.4,23.5,34.0,17.9,0.0,Hong Kong
Hong Kong,HK,2017-04-13,12:00:00,1492059600,19.3,17.2,21.6,17.3,49.0,0.2,0.0,Hong Kong
Hong Kong,HK,2017-04-14,12:00:00,1492146000,21.4,19.6,23.8,14.6,82.0,0.0,0.0,Hong Kong
Hong Kong,HK,2017-04-15,12:00:00,1492232400,23.1,21.3,25.4,14.2,89.0,0.0,0.0,Hong Kong
Hong Kong,HK,2017-04-16,12:00:00,1492318800,23.8,22.3,26.1,11.7,94.0,0.0,0.0,Hong Kong
Hong Kong,HK,2017-04-17,12:00:00,1492405200,24.1,21.6,27.7,16.7,228.0,0.0,0.0,Hong Kong
Hong Kong,HK,2017-04-18,12:00:00,1492491600,24.8,22.8,28.4,15.1,241.0,0.0,0.0,Hong Kong
Hong Kong,HK,2017-04-19,12:00:00,1492578000,25.0,23.6,27.0,19.4,222.0,0.0,0.0,Hong Kong
Hong Kong,HK,2017-04-20,12:00:00,1492664400,24.9,24.2,26.8,18.9,174.0,5.6,0.0,Hong Kong
Hong Kong,HK,2017-04-21,12:00:00,1492750800,24.8,22.9,26.4,20.2,209.0,12.4,0.0,Hong Kong
Hong Kong,HK,2017-04-22,12:00:00,1492837200,19.6,18.0,21.3,26.9,20.0,2.2,0.0,Hong Kong
Hong Kong,HK,2017-04-23,12:00:00,1492923600,20.8,19.6,22.0,17.2,61.0,0.5,0.0,Hong Kong
Hong Kong,HK,2017-04-24,12:00:00,1493010000,22.1,20.8,23.3,22.0,85.0,0.8,0.0,Hong Kong
Hong Kong,HK,2017-04-25,12:00:00,1493096400,22.7,21.9,24.1,21.1,108.0,23.9,0.0,Hong Kong
Hong Kong,HK,2017-04-26,12:00:00,1493182800,23.7,21.8,26.1,11.5,139.0,4.0,0.0,Hong Kong
Hong Kong,HK,2017-04-27,12:00:00,1493269200,21.1,19.7,22.4,21.0,16.0,9.0,0.0,Hong Kong
Hong Kong,HK,2017-04-28,12:00:00,1493355600,20.3,18.7,22.5,16.6,48.0,0.0,0.0,Hong Kong
Hong Kong,HK,2017-04-29,12:00:00,1493442000,21.8,18.4,24.2,10.7,129.0,0.0,0.0,Hong Kong
Hong Kong,HK,2017-04-30,12:00:00,1493528400,22.5,19.2,24.9,10.8,138.0,0.0,0.0,Hong Kong
Hong Kong,HK,2017-05-01,12:00:00,1493614800,23.7,21.9,25.8,11.4,114.0,0.0,0.0,Hong Kong
Hong Kong,HK,2017-05-02,12:00:00,1493701200,25.0,23.1,27.6,11.4,132.0,0.6,0.0,Hong Kong
Hong Kong,HK,2017-05-03,12:00:00,1493787600,25.3,24.2,26.9,17.9,153.0,5.3,0.0,Hong Kong
Hong Kong,HK,2017-05-04,12:00:00,1493874000,24.6,23.0,25.9,15.9,181.0,4.9,0.0,Hong Kong
Hong Kong,HK,2017-05-05,12:00:00,1493960400,25.1,22.4,26.8,9.7,225.0,0.1,0.0,Hong Kong
Hong Kong,HK,2017-05-06,12:00:00,1494046800,25.9,23.7,28.9,13.0,55.0,3.6,0.0,Hong Kong
Hong Kong,HK,2017-05-07,12:00:00,1494133200,24.9,24.1,26.1,20.5,93.0,2.2,0.0,Hong Kong
Hong Kong,HK,2017-05-08,12:00:00,1494219600,25.5,24.1,27.1,15.8,122.0,3.9,0.0,Hong Kong
Hong Kong,HK,2017-05-09,12:00:00,1494306000,25.5,23.5,28.4,8.2,282.0,3.9,0.0,Hong Kong
Hong Kong,HK,2017-05-10,12:00:00,1494392400,26.1,23.7,29.3,9.9,60.0,3.5,0.0,Hong Kong
Hong Kong,HK,2017-05-11,12:00:00,1494478800,25.8,24.5,27.8,14.4,95.0,0.0,0.0,Hong Kong
Hong Kong,HK,2017-05-12,12:00:00,1494565200,26.6,25.1,29.6,13.9,229.0,1.2,0.0,Hong Kong
Hong Kong,HK,2017-05-13,12:00:00,1494651600,25.0,23.3,26.8,11.8,287.0,4.6,0.0,Hong Kong
Hong Kong,HK,2017-05-14,12:00:00,1494738000,25.6,22.9,28.0,11.4,163.0,0.9,0.0,Hong Kong
Hong Kong,HK,2017-05-15,12:00:00,1494824400,24.8,23.8,25.5,17.9,185.0,21.8,0.0,Hong Kong
Hong Kong,HK,2017-05-16,12:00:00,1494910800,24.5,22.1,25.9,20.9,22.0,60.4,0.0,Hong Kong
Hong Kong,HK,2017-05-17,12:00:00,1494997200,25.1,22.9,27.6,12.0,83.0,0.2,0.0,Hong Kong
Hong Kong,HK,2017-05-18,12:00:00,1495083600,24.2,23.6,24.7,22.3,78.0,0.2,0.0,Hong Kong
Hong Kong,HK,2017-05-19,12:00:00,1495170000,24.0,23.2,25.3,22.8,63.0,2.7,0.0,Hong Kong
Hong Kong,HK,2017-05-20,12:00:00,1495256400,23.9,22.8,24.9,21.1,76.0,3.0,0.0,Hong Kong
Hong Kong,HK,2017-05-21,12:00:00,1495342800,24.9,23.8,26.4,24.4,83.0,0.0,0.0,Hong Kong
Hong Kong,HK,2017-05-22,12:00:00,1495429200,25.2,24.5,26.4,24.6,91.0,5.3,0.0,Hong Kong
Hong Kong,HK,2017-05-23,12:00:00,1495515600,25.9,24.6,28.1,16.7,108.0,7.7,0.0,Hong Kong
Hong Kong,HK,2017-05-24,12:00:00,1495602000,25.5,24.1,26.7,17.7,351.0,13.4,0.0,Hong Kong
Hong Kong,HK,2017-05-25,12:00:00,1495688400,25.0,23.0,28.1,17.8,35.0,0.6,0.0,Hong Kong
Hong Kong,HK,2017-05-26,12:00:00,1495774800,24.4,23.6,25.9,14.8,55.0,0.1,0.0,Hong Kong
Hong Kong,HK,2017-05-27,12:00:00,1495861200,25.0,23.5,27.6,15.3,70.0,0.0,0.0,Hong Kong
Hong Kong,HK,2017-05-28,12:00:00,1495947600,25.3,23.8,27.7,18.4,80.0,0.0,0.0,Hong Kong
Hong Kong,HK,2017-05-29,12:00:00,1496034000,24.9,23.8,26.4,21.6,80.0,0.0,0.0,Hong Kong
Hong Kong,HK,2017-05-30,12:00:00,1496120400,25.4,23.8,27.6,14.3,88.0,0.0,0.0,Hong Kong
Hong Kong,HK,2017-05-31,12:00:00,1496206800,26.3,24.7,28.1,14.2,199.0,0.0,0.0,Hong Kong
Hong Kong,HK,2017-06-01,12:00:00,1496293200,27.3,26.2,28.6,26.0,224.0,1.9,0.0,Hong Kong
Hong Kong,HK,2017-06-02,12:00:00,1496379600,27.9,27.1,29.4,26.9,228.0,6.6,0.0,Hong Kong
Hong Kong,HK,2017-06-03,12:00:00,1496466000,28.2,27.2,29.8,20.3,218.0,0.1,0.0,Hong Kong
Hong Kong,HK,2017-06-04,12:00:00,1496552400,27.9,27.3,28.8,19.7,189.0,3.6,0.0,Hong Kong
Hong Kong,HK,2017-06-05,12:00:00,1496638800,27.9,27.0,29.5,20.8,156.0,4.6,0.0,Hong Kong
Hong Kong,HK,2017-06-06,12:00:00,1496725200,28.0,27.0,29.5,17.8,145.0,5.1,0.0,Hong Kong
Hong Kong,HK,2017-06-07,12:00:00,1496811600,28.0,26.8,29.4,14.6,152.0,6.3,0.0,Hong Kong
Hong Kong,HK,2017-06-08,12:00:00,1496898000,28.2,26.8,30.1,15.1,138.0,2.8,0.0,Hong Kong
Hong Kong,HK,2017-06-09,12:00:00,1496984400,28.3,26.5,30.1,15.5,123.0,5.5,0.0,Hong Kong
Hong Kong,HK,2017-06-10,12:00:00,1497070800,28.6,27.3,29.9,15.5,154.0,0.9,0.0,Hong Kong
Hong Kong,HK,2017-06-11,12:00:00,1497157200,28.8,26.2,30.6,10.0,151.0,1.5,0.0,Hong Kong
Hong Kong,HK,2017-06-12,12:00:00,1497243600,27.3,25.3,28.9,45.9,44.0,21.9,0.0,Hong Kong
Hong Kong,HK,2017-06-13,12:00:00,1497330000,26.5,25.3,28.5,43.0,240.0,256.7,0.0,Hong Kong
Hong Kong,HK,2017-06-14,12:00:00,1497416400,27.7,26.0,29.3,20.4,220.0,15.1,0.0,Hong Kong
Hong Kong,HK,2017-06-15,12:00:00,1497502800,27.8,26.5,28.9,20.6,227.0,7.3,0.0,Hong Kong
Hong Kong,HK,2017-06-16,12:00:00,1497589200,27.3,26.6,28.0,26.5,230.0,37.0,0.0,Hong Kong
Hong Kong,HK,2017-06-17,12:00:00,1497675600,26.1,25.1,27.3,26.0,239.0,105.3,0.0,Hong Kong
Hong Kong,HK,2017-06-18,12:00:00,1497762000,25.8,25.0,27.2,24.5,220.0,28.7,0.0,Hong Kong
Hong Kong,HK,2017-06-19,12:00:00,1497848400,26.3,25.7,27.0,32.5,214.0,61.1,0.0,Hong Kong
Hong Kong,HK,2017-06-20,12:00:00,1497934800,26.7,25.3,28.4,23.6,219.0,28.6,0.0,Hong Kong
Hong Kong,HK,2017-06-21,12:00:00,1498021200,26.9,25.6,28.1,22.8,210.0,23.3,0.0,Hong Kong
Hong Kong,HK,2017-06-22,12:00:00,1498107600,27.9,26.9,29.3,20.7,194.0,10.0,0.0,Hong Kong
Hong Kong,HK,2017-06-23,12:00:00,1498194000,28.0,26.7,29.6,18.8,180.0,7.7,0.0,Hong Kong
Hong Kong,HK,2017-06-24,12:00:00,1498280400,27.9,26.7,29.4,20.0,198.0,4.8,0.0,Hong Kong
Hong Kong,HK,2017-06-25,12:00:00,1498366800,28.0,26.6,29.7,23.2,213.0,7.7,0.0,Hong Kong
Hong Kong,HK,2017-06-26,12:00:00,1498453200,28.0,26.6,29.4,24.3,219.0,9.3,0.0,Hong Kong
Hong Kong,HK,2017-06-27,12:00:00,1498539600,28.3,27.0,29.8,21.0,221.0,5.6,0.0,Hong Kong
Hong Kong,HK,2017-06-28,12:00:00,1498626000,28.4,27.5,29.7,16.4,212.0,1.8,0.0,Hong Kong
Hong Kong,HK,2017-06-29,12:00:00,1498712400,28.4,27.3,29.7,10.9,201.0,0.5,0.0,Hong Kong
Hong Kong,HK,2017-06-30,12:00:00,1498798800,28.0,27.0,29.5,11.8,156.0,0.3,0.0,Hong Kong
Hong Kong,HK,2017-07-01,12:00:00,1498885200,28.0,26.0,29.9,20.4,188.0,6.7,0.0,Hong Kong
Hong Kong,HK,2017-07-02,12:00:00,1498971600,28.0,26.5,29.5,20.4,198.0,10.6,0.0,Hong Kong
Hong Kong,HK,2017-07-03,12:00:00,1499058000,27.1,25.9,28.1,18.9,189.0,14.4,0.0,Hong Kong
Hong Kong,HK,2017-07-04,12:00:00,1499144400,27.2,25.7,29.0,16.6,152.0,9.3,0.0,Hong Kong
Hong Kong,HK,2017-07-05,12:00:00,1499230800,27.0,26.0,28.3,20.8,109.0,12.9,0.0,Hong Kong
Hong Kong,HK,2017-07-06,12:00:00,1499317200,26.8,25.9,28.6,22.9,129.0,24.9,0.0,Hong Kong
Hong Kong,HK,2017-07-07,12:00:00,1499403600,26.7,25.5,27.6,21.6,173.0,20.2,0.0,Hong Kong
Hong Kong,HK,2017-07-08,12:00:00,1499490000,26.7,25.6,28.3,19.6,186.0,25.4,0.0,Hong Kong
Hong Kong,HK,2017-07-09,12:00:00,1499576400,28.1,26.0,30.0,17.9,188.0,7.2,0.0,Hong Kong
Hong Kong,HK,2017-07-10,12:00:00,1499662800,28.0,27.1,29.2,19.6,195.0,4.1,0.0,Hong Kong
Hong Kong,HK,2017-07-11,12:00:00,1499749200,28.3,26.7,30.2,13.3,152.0,1.8,0.0,Hong Kong
Hong Kong,HK,2017-07-12,12:00:00,1499835600,28.0,26.6,29.4,13.0,100.0,2.6,0.0,Hong Kong
Hong Kong,HK,2017-07-13,12:00:00,1499922000,28.3,27.2,29.6,20.8,95.0,2.7,0.0,Hong Kong
Hong Kong,HK,2017-07-14,12:00:00,1500008400,28.0,26.2,30.1,20.2,115.0,6.5,0.0,Hong Kong
Hong Kong,HK,2017-07-15,12:00:00,1500094800,27.1,25.5,28.9,24.6,101.0,15.9,0.0,Hong Kong
Hong Kong,HK,2017-07-16,12:00:00,1500181200,26.8,25.6,28.8,26.9,98.0,35.5,0.0,Hong Kong
Hong Kong,HK,2017-07-17,12:00:00,1500267600,26.1,25.2,27.3,25.8,125.0,54.7,0.0,Hong Kong
Hong Kong,HK,2017-07-18,12:00:00,1500354000,25.9,25.2,27.1,19.0,138.0,34.1,0.0,Hong Kong
Hong Kong,HK,2017-07-19,12:00:00,1500440400,26.7,25.3,28.3,13.9,109.0,3.9,0.0,Hong Kong
Hong Kong,HK,2017-07-20,12:00:00,1500526800,27.1,25.9,28.5,14.6,96.0,1.1,0.0,Hong Kong
Hong Kong,HK,2017-07-21,12:00:00,1500613200,27.0,25.8,29.0,20.9,82.0,9.9,0.0,Hong Kong
Hong Kong,HK,2017-07-22,12:00:00,1500699600,27.7,26.2,29.6,16.9,82.0,4.1,0.0,Hong Kong
Hong Kong,HK,2017-07-23,12:00:00,1500786000,26.6,25.5,27.9,21.6,99.0,8.0,0.0,Hong Kong
Hong Kong,HK,2017-07-24,12:00:00,1500872400,27.5,26.0,29.1,16.4,97.0,2.2,0.0,Hong Kong
Hong Kong,HK,2017-07-25,12:00:00,1500958800,28.2,27.2,30.1,14.5,98.0,0.3,0.0,Hong Kong
Hong Kong,HK,2017-07-26,12:00:00,1501045200,28.1,25.9,30.5,12.4,95.0,0.3,0.0,Hong Kong
Hong Kong,HK,2017-07-27,12:00:00,1501131600,27.7,26.6,29.8,21.1,67.0,10.8,0.0,Hong Kong
Hong Kong,HK,2017-07-28,12:00:00,1501218000,29.1,27.2,31.8,17.1,61.0,0.5,0.0,Hong Kong
Hong Kong,HK,2017-07-29,12:00:00,1501304400,29.7,27.4,32.5,12.6,314.0,6.4,0.0,Hong Kong
Hong Kong,HK,2017-07-30,12:00:00,1501390800,30.5,28.5,33.8,19.7,281.0,0.0,0.0,Hong Kong
Hong Kong,HK,2017-07-31,12:00:00,1501477200,29.3,28.8,30.4,28.0,238.0,3.4,0.0,Hong Kong
Hong Kong,HK,2017-08-01,12:00:00,1501563600,28.7,27.2,30.5,20.1,222.0,7.9,0.0,Hong Kong
Hong Kong,HK,2017-08-02,12:00:00,1501650000,28.4,27.3,30.5,17.6,202.0,5.0,0.0,Hong Kong
Hong Kong,HK,2017-08-03,12:00:00,1501736400,27.5,26.8,28.4,14.0,170.0,9.0,0.0,Hong Kong
Hong Kong,HK,2017-08-04,12:00:00,1501822800,27.3,26.1,28.6,15.5,176.0,12.4,0.0,Hong Kong
Hong Kong,HK,2017-08-05,12:00:00,1501909200,28.5,27.2,30.6,12.2,180.0,1.7,0.0,Hong Kong
Hong Kong,HK,2017-08-06,12:00:00,1501995600,28.8,27.5,30.8,12.9,228.0,1.8,0.0,Hong Kong
Hong Kong,HK,2017-08-07,12:00:00,1502082000,29.2,28.4,30.5,19.9,229.0,2.5,0.0,Hong Kong
Hong Kong,HK,2017-08-08,12:00:00,1502168400,29.2,28.1,30.6,24.2,225.0,3.1,0.0,Hong Kong
Hong Kong,HK,2017-08-09,12:00:00,1502254800,28.9,27.5,29.8,25.7,223.0,4.6,0.0,Hong Kong
Hong Kong,HK,2017-08-10,12:00:00,1502341200,28.7,27.3,29.9,23.3,223.0,6.9,0.0,Hong Kong
Hong Kong,HK,2017-08-11,12:00:00,1502427600,28.7,27.5,29.6,19.4,209.0,5.9,0.0,Hong Kong
Hong Kong,HK,2017-08-12,12:00:00,1502514000,28.9,28.0,30.3,20.5,210.0,2.0,0.0,Hong Kong
Hong Kong,HK,2017-08-13,12:00:00,1502600400,28.7,28.0,30.3,22.2,211.0,1.7,0.0,Hong Kong
Hong Kong,HK,2017-08-14,12:00:00,1502686800,28.6,27.7,29.8,22.0,213.0,2.5,0.0,Hong Kong
Hong Kong,HK,2017-08-15,12:00:00,1502773200,28.5,27.5,29.9,17.4,218.0,0.1,0.0,Hong Kong
Hong Kong,HK,2017-08-16,12:00:00,1502859600,28.2,27.3,29.5,15.0,220.0,0.9,0.0,Hong Kong
Hong Kong,HK,2017-08-17,12:00:00,1502946000,28.6,27.3,30.4,11.4,212.0,0.3,0.0,Hong Kong
Hong Kong,HK,2017-08-18,12:00:00,1503032400,28.5,26.4,30.5,10.3,158.0,0.2,0.0,Hong Kong
Hong Kong,HK,2017-08-19,12:00:00,1503118800,28.7,26.6,30.8,8.2,157.0,0.0,0.0,Hong Kong
Hong Kong,HK,2017-08-20,12:00:00,1503205200,29.1,26.7,32.0,12.2,244.0,0.2,0.0,Hong Kong
Hong Kong,HK,2017-08-21,12:00:00,1503291600,30.5,28.3,33.6,14.4,271.0,0.0,0.0,Hong Kong
Hong Kong,HK,2017-08-22,12:00:00,1503378000,30.1,27.1,34.5,16.8,360.0,6.9,0.0,Hong Kong
Hong Kong,HK,2017-08-23,12:00:00,1503464400,26.8,26.1,28.2,76.6,106.0,93.2,0.0,Hong Kong
Hong Kong,HK,2017-08-24,12:00:00,1503550800,28.2,26.2,30.6,24.7,138.0,10.0,0.0,Hong Kong
Hong Kong,HK,2017-08-25,12:00:00,1503637200,27.2,26.4,28.6,19.6,88.0,13.1,0.0,Hong Kong
Hong Kong,HK,2017-08-26,12:00:00,1503723600,28.2,26.1,31.1,30.3,64.0,4.8,0.0,Hong Kong
Hong Kong,HK,2017-08-27,12:00:00,1503810000,26.2,25.2,27.3,57.0,118.0,79.6,0.0,Hong Kong
Hong Kong,HK,2017-08-28,12:00:00,1503896400,25.4,24.4,25.9,27.5,154.0,54.3,0.0,Hong Kong
Hong Kong,HK,2017-08-29,12:00:00,1503982800,27.7,24.9,30.6,7.9,173.0,2.7,0.0,Hong Kong
Hong Kong,HK,2017-08-30,12:00:00,1504069200,28.3,25.2,31.1,6.6,303.0,3.2,0.0,Hong Kong
Hong Kong,HK,2017-08-31,12:00:00,1504155600,28.4,26.3,31.5,11.3,318.0,4.1,0.0,Hong Kong
Hong Kong,HK,2017-09-01,12:00:00,1504242000,27.7,25.7,30.1,13.4,315.0,3.6,0.0,Hong Kong
Hong Kong,HK,2017-09-02,12:00:00,1504328400,27.5,26.4,28.7,8.9,288.0,5.6,0.0,Hong Kong
Hong Kong,HK,2017-09-03,12:00:00,1504414800,27.1,25.9,28.8,21.4,273.0,15.8,0.0,Hong Kong
Hong Kong,HK,2017-09-04,12:00:00,1504501200,26.9,26.3,27.4,28.3,238.0,46.3,0.0,Hong Kong
Hong Kong,HK,2017-09-05,12:00:00,1504587600,27.5,26.1,29.0,13.3,191.0,6.9,0.0,Hong Kong
Hong Kong,HK,2017-09-06,12:00:00,1504674000,27.8,26.2,29.9,9.8,211.0,7.1,0.0,Hong Kong
Hong Kong,HK,2017-09-07,12:00:00,1504760400,27.4,26.5,28.8,12.7,209.0,2.7,0.0,Hong Kong
Hong Kong,HK,2017-09-08,12:00:00,1504846800,27.6,26.6,29.0,14.0,194.0,3.9,0.0,Hong Kong
Hong Kong,HK,2017-09-09,12:00:00,1504933200,27.3,26.0,28.5,13.0,201.0,3.2,0.0,Hong Kong
Hong Kong,HK,2017-09-10,12:00:00,1505019600,27.6,25.8,29.3,12.4,176.0,8.6,0.0,Hong Kong
Hong Kong,HK,2017-09-11,12:00:00,1505106000,28.2,26.1,30.2,9.9,221.0,4.0,0.0,Hong Kong
Hong Kong,HK,2017-09-12,12:00:00,1505192400,29.2,26.9,32.4,11.9,11.0,1.9,0.0,Hong Kong
Hong Kong,HK,2017-09-13,12:00:00,1505278800,28.6,27.2,30.6,19.2,54.0,0.7,0.0,Hong Kong
Hong Kong,HK,2017-09-14,12:00:00,1505365200,27.9,26.6,29.7,24.9,70.0,0.8,0.0,Hong Kong
Hong Kong,HK,2017-09-15,12:00:00,1505451600,28.4,26.7,30.5,12.6,81.0,0.8,0.0,Hong Kong
Hong Kong,HK,2017-09-16,12:00:00,1505538000,28.7,26.5,31.6,9.5,293.0,1.0,0.0,Hong Kong
Hong Kong,HK,2017-09-17,12:00:00,1505624400,29.0,27.1,32.2,10.5,256.0,1.3,0.0,Hong Kong
Hong Kong,HK,2017-09-18,12:00:00,1505710800,28.2,26.4,29.9,15.4,113.0,0.7,0.0,Hong Kong
Hong Kong,HK,2017-09-19,12:00:00,1505797200,27.8,26.0,29.1,14.8,109.0,0.3,0.0,Hong Kong
Hong Kong,HK,2017-09-20,12:00:00,1505883600,27.9,26.6,29.6,12.6,94.0,0.4,0.0,Hong Kong
Hong Kong,HK,2017-09-21,12:00:00,1505970000,28.0,25.8,30.4,11.2,86.0,6.5,0.0,Hong Kong
Hong Kong,HK,2017-09-22,12:00:00,1506056400,27.5,26.5,28.9,17.7,88.0,8.5,0.0,Hong Kong
Hong Kong,HK,2017-09-23,12:00:00,1506142800,27.7,25.9,29.4,21.5,84.0,10.4,0.0,Hong Kong
Hong Kong,HK,2017-09-24,12:00:00,1506229200,27.8,26.5,29.7,27.0,99.0,6.2,0.0,Hong Kong
Hong Kong,HK,2017-09-25,12:00:00,1506315600,28.1,27.5,29.5,24.5,140.0,4.7,0.0,Hong Kong
Hong Kong,HK,2017-09-26,12:00:00,1506402000,28.4,27.1,30.1,12.0,139.0,0.1,0.0,Hong Kong
Hong Kong,HK,2017-09-27,12:00:00,1506488400,28.5,25.8,31.8,12.3,206.0,0.3,0.0,Hong Kong
Hong Kong,HK,2017-09-28,12:00:00,1506574800,28.5,26.4,31.0,10.3,184.0,0.0,0.0,Hong Kong
Hong Kong,HK,2017-09-29,12:00:00,1506661200,28.3,27.1,29.7,17.7,105.0,1.8,0.0,Hong Kong
Hong Kong,HK,2017-09-30,12:00:00,1506747600,27.0,26.0,28.5,21.1,93.0,17.2,0.0,Hong Kong
Hong Kong,HK,2017-10-01,12:00:00,1506834000,27.1,25.9,28.5,18.7,92.0,13.8,0.0,Hong Kong
Hong Kong,HK,2017-10-02,12:00:00,1506920400,27.5,26.2,29.0,18.6,84.0,4.0,0.0,Hong Kong
Hong Kong,HK,2017-10-03,12:00:00,1507006800,28.3,26.1,30.3,16.2,95.0,4.6,0.0,Hong Kong
Hong Kong,HK,2017-10-04,12:00:00,1507093200,27.2,25.9,28.6,22.0,79.0,16.2,0.0,Hong Kong
Hong Kong,HK,2017-10-05,12:00:00,1507179600,27.1,25.6,28.8,19.5,69.0,4.2,0.0,Hong Kong
Hong Kong,HK,2017-10-06,12:00:00,1507266000,27.6,26.3,29.4,21.1,69.0,0.7,0.0,Hong Kong
Hong Kong,HK,2017-10-07,12:00:00,1507352400,27.6,25.5,29.8,20.3,71.0,2.5,0.0,Hong Kong
Hong Kong,HK,2017-10-08,12:00:00,1507438800,27.7,26.3,29.6,24.6,73.0,0.3,0.0,Hong Kong
Hong Kong,HK,2017-10-09,12:00:00,1507525200,28.2,26.7,29.8,37.1,71.0,1.2,0.0,Hong Kong
Hong Kong,HK,2017-10-10,12:00:00,1507611600,28.4,27.3,30.1,23.9,77.0,0.1,0.0,Hong Kong
Hong Kong,HK,2017-10-11,12:00:00,1507698000,28.4,27.2,30.2,21.1,76.0,0.0,0.0,Hong Kong
Hong Kong,HK,2017-10-12,12:00:00,1507784400,27.5,24.2,30.4,18.3,29.0,1.7,0.0,Hong Kong
Hong Kong,HK,2017-10-13,12:00:00,1507870800,24.7,21.6,27.8,23.9,8.0,0.0,0.0,Hong Kong
Hong Kong,HK,2017-10-14,12:00:00,1507957200,23.2,21.3,25.4,34.2,2.0,0.2,0.0,Hong Kong
Hong Kong,HK,2017-10-15,12:00:00,1508043600,21.6,18.7,26.4,45.0,30.0,70.3,0.0,Hong Kong
Hong Kong,HK,2017-10-16,12:00:00,1508130000,25.2,22.3,26.5,31.3,90.0,70.4,0.0,Hong Kong
Hong Kong,HK,2017-10-17,12:00:00,1508216400,24.3,21.1,27.9,26.1,38.0,4.3,0.0,Hong Kong
Hong Kong,HK,2017-10-18,12:00:00,1508302800,24.6,21.8,28.2,18.2,19.0,0.0,0.0,Hong Kong
Hong Kong,HK,2017-10-19,12:00:00,1508389200,23.2,20.2,26.4,19.7,13.0,0.0,0.0,Hong Kong
Hong Kong,HK,2017-10-20,12:00:00,1508475600,22.4,19.9,26.2,21.3,13.0,0.0,0.0,Hong Kong
Hong Kong,HK,2017-10-21,12:00:00,1508562000,21.8,19.0,26.1,21.0,15.0,0.0,0.0,Hong Kong
Hong Kong,HK,2017-10-22,12:00:00,1508648400,21.3,18.4,24.5,20.0,16.0,0.0,0.0,Hong Kong
Hong Kong,HK,2017-10-23,12:00:00,1508734800,21.5,18.5,24.9,15.5,33.0,0.0,0.0,Hong Kong
Hong Kong,HK,2017-10-24,12:00:00,1508821200,22.8,20.2,24.9,19.5,58.0,0.0,0.0,Hong Kong
Hong Kong,HK,2017-10-25,12:00:00,1508907600,23.0,21.8,24.5,19.8,67.0,0.0,0.0,Hong Kong
Hong Kong,HK,2017-10-26,12:00:00,1508994000,23.0,21.1,25.6,11.2,76.0,0.0,0.0,Hong Kong
Hong Kong,HK,2017-10-27,12:00:00,1509080400,23.0,20.3,26.4,16.7,15.0,0.0,0.0,Hong Kong
Hong Kong,HK,2017-10-28,12:00:00,1509166800,22.8,20.2,26.4,17.7,13.0,0.0,0.0,Hong Kong
Hong Kong,HK,2017-10-29,12:00:00,1509253200,22.5,19.2,25.7,20.7,20.0,0.0,0.0,Hong Kong
Hong Kong,HK,2017-10-30,12:00:00,1509339600,21.3,18.4,24.3,20.7,34.0,0.0,0.0,Hong Kong
Hong Kong,HK,2017-10-31,12:00:00,1509426000,20.3,16.7,23.2,18.7,43.0,0.1,0.0,Hong Kong
Hong Kong,HK,2017-11-01,12:00:00,1509512400,21.7,19.0,24.6,14.5,56.0,0.0,0.0,Hong Kong
Hong Kong,HK,2017-11-02,12:00:00,1509598800,22.4,18.4,26.9,14.0,40.0,0.0,0.0,Hong Kong
Hong Kong,HK,2017-11-03,12:00:00,1509685200,23.1,20.2,26.9,21.1,34.0,0.0,0.0,Hong Kong
Hong Kong,HK,2017-11-04,12:00:00,1509771600,22.3,20.6,23.9,22.7,37.0,0.6,0.0,Hong Kong
Hong Kong,HK,2017-11-05,12:00:00,1509858000,21.6,19.0,23.8,17.1,40.0,0.0,0.0,Hong Kong
Hong Kong,HK,2017-11-06,12:00:00,1509944400,22.0,19.7,25.3,15.1,33.0,1.0,0.0,Hong Kong
Hong Kong,HK,2017-11-07,12:00:00,1510030800,22.0,19.9,25.3,15.0,13.0,0.6,0.0,Hong Kong
Hong Kong,HK,2017-11-08,12:00:00,1510117200,23.3,20.6,26.4,19.0,42.0,0.0,0.0,Hong Kong
Hong Kong,HK,2017-11-09,12:00:00,1510203600,23.6,22.5,25.5,21.8,71.0,0.0,0.0,Hong Kong
Hong Kong,HK,2017-11-10,12:00:00,1510290000,23.8,22.1,26.8,19.3,70.0,0.0,0.0,Hong Kong
Hong Kong,HK,2017-11-11,12:00:00,1510376400,24.1,22.6,27.1,24.9,64.0,0.1,0.0,Hong Kong
Hong Kong,HK,2017-11-12,12:00:00,1510462800,22.1,21.3,23.4,25.4,68.0,5.5,0.0,Hong Kong
Hong Kong,HK,2017-11-13,12:00:00,1510549200,22.1,21.1,23.6,25.1,72.0,1.0,0.0,Hong Kong
Hong Kong,HK,2017-11-14,12:00:00,1510635600,22.7,21.2,24.8,17.6,67.0,2.2,0.0,Hong Kong
Hong Kong,HK,2017-11-15,12:00:00,1510722000,22.4,21.6,23.2,20.7,71.0,1.4,0.0,Hong Kong
Hong Kong,HK,2017-11-16,12:00:00,1510808400,22.7,21.9,24.2,23.0,76.0,0.0,0.0,Hong Kong
Hong Kong,HK,2017-11-17,12:00:00,1510894800,23.2,21.8,25.4,13.6,84.0,0.0,0.0,Hong Kong
Hong Kong,HK,2017-11-18,12:00:00,1510981200,22.6,19.9,26.1,22.4,20.0,0.5,0.0,Hong Kong
Hong Kong,HK,2017-11-19,12:00:00,1511067600,19.3,17.1,21.2,20.7,42.0,0.0,0.0,Hong Kong
Hong Kong,HK,2017-11-20,12:00:00,1511154000,16.9,15.1,18.8,23.0,18.0,0.0,0.0,Hong Kong
Hong Kong,HK,2017-11-21,12:00:00,1511240400,17.5,14.5,21.5,19.7,23.0,0.0,0.0,Hong Kong
Hong Kong,HK,2017-11-22,12:00:00,1511326800,17.7,15.0,21.5,26.1,9.0,0.0,0.0,Hong Kong
Hong Kong,HK,2017-11-23,12:00:00,1511413200,15.6,13.2,18.4,26.3,14.0,0.0,0.0,Hong Kong
Hong Kong,HK,2017-11-24,12:00:00,1511499600,15.4,13.8,17.7,21.5,16.0,0.0,0.0,Hong Kong
Hong Kong,HK,2017-11-25,12:00:00,1511586000,15.7,14.5,17.2,16.3,18.0,2.1,0.0,Hong Kong
Hong Kong,HK,2017-11-26,12:00:00,1511672400,17.1,15.2,19.7,17.7,13.0,0.0,0.0,Hong Kong
Hong Kong,HK,2017-11-27,12:00:00,1511758800,18.7,15.7,20.9,20.6,57.0,0.1,0.0,Hong Kong
Hong Kong,HK,2017-11-28,12:00:00,1511845200,21.5,19.9,24.0,21.2,58.0,0.6,0.0,Hong Kong
Hong Kong,HK,2017-11-29,12:00:00,1511931600,22.4,19.9,25.0,20.0,60.0,0.0,0.0,Hong Kong
Hong Kong,HK,2017-11-30,12:00:00,1512018000,21.8,20.1,23.6,19.0,58.0,0.0,0.0,Hong Kong
Hong Kong,HK,2017-12-01,12:00:00,1512104400,18.7,15.6,21.8,22.6,21.0,0.0,0.0,Hong Kong
Hong Kong,HK,2017-12-02,12:00:00,1512190800,18.4,15.2,21.5,19.9,25.0,0.0,0.0,Hong Kong
Hong Kong,HK,2017-12-03,12:00:00,1512277200,19.1,16.0,22.8,12.7,38.0,0.0,0.0,Hong Kong
Hong Kong,HK,2017-12-04,12:00:00,1512363600,18.5,16.1,22.0,19.1,17.0,0.0,0.0,Hong Kong
Hong Kong,HK,2017-12-05,12:00:00,1512450000,17.4,15.6,20.0,23.2,24.0,0.0,0.0,Hong Kong
Hong Kong,HK,2017-12-06,12:00:00,1512536400,17.8,16.4,19.9,20.3,68.0,0.0,0.0,Hong Kong
Hong Kong,HK,2017-12-07,12:00:00,1512622800,18.5,16.3,21.7,18.4,59.0,0.0,0.0,Hong Kong
Hong Kong,HK,2017-12-08,12:00:00,1512709200,16.2,13.7,19.1,30.1,14.0,0.0,0.0,Hong Kong
Hong Kong,HK,2017-12-09,12:00:00,1512795600,14.4,10.5,17.6,21.5,33.0,0.0,0.0,Hong Kong
Hong Kong,HK,2017-12-10,12:00:00,1512882000,16.5,11.7,21.0,14.3,15.0,0.0,0.0,Hong Kong
Hong Kong,HK,2017-12-11,12:00:00,1512968400,16.9,13.1,20.5,19.0,42.0,0.0,0.0,Hong Kong
Hong Kong,HK,2017-12-12,12:00:00,1513054800,17.3,15.0,19.6,24.4,57.0,0.0,0.0,Hong Kong
Hong Kong,HK,2017-12-13,12:00:00,1513141200,18.0,17.1,19.1,27.9,72.0,1.4,0.0,Hong Kong
Hong Kong,HK,2017-12-14,12:00:00,1513227600,18.5,15.9,20.8,27.8,66.0,2.9,0.0,Hong Kong
Hong Kong,HK,2017-12-15,12:00:00,1513314000,18.7,15.9,20.8,23.9,56.0,0.0,0.0,Hong Kong
Hong Kong,HK,2017-12-16,12:00:00,1513400400,13.5,10.2,16.3,29.4,9.0,0.4,0.0,Hong Kong
Hong Kong,HK,2017-12-17,12:00:00,1513486800,10.7,9.2,13.4,28.9,13.0,0.0,0.0,Hong Kong
Hong Kong,HK,2017-12-18,12:00:00,1513573200,11.7,8.0,16.6,25.0,9.0,0.0,0.0,Hong Kong
Hong Kong,HK,2017-12-19,12:00:00,1513659600,12.1,8.0,16.4,27.0,11.0,0.0,0.0,Hong Kong
Hong Kong,HK,2017-12-20,12:00:00,1513746000,13.7,10.1,17.9,27.1,14.0,0.0,0.0,Hong Kong
Hong Kong,HK,2017-12-21,12:00:00,1513832400,13.6,9.6,17.1,21.6,44.0,0.0,0.0,Hong Kong
Hong Kong,HK,2017-12-22,12:00:00,1513918800,16.1,13.6,18.7,21.5,65.0,0.0,0.0,Hong Kong
Hong Kong,HK,2017-12-23,12:00:00,1514005200,18.3,16.2,21.3,18.2,55.0,0.0,0.0,Hong Kong
Hong Kong,HK,2017-12-24,12:00:00,1514091600,19.6,17.1,23.4,23.0,13.0,0.0,0.0,Hong Kong
Hong Kong,HK,2017-12-25,12:00:00,1514178000,16.4,13.2,19.8,21.8,42.0,0.0,0.0,Hong Kong
Hong Kong,HK,2017-12-26,12:00:00,1514264400,16.8,15.3,19.6,20.4,64.0,0.0,0.0,Hong Kong
Hong Kong,HK,2017-12-27,12:00:00,1514350800,16.6,15.1,18.2,26.8,66.0,0.3,0.0,Hong Kong
Hong Kong,HK,2017-12-28,12:00:00,1514437200,17.5,16.5,18.8,22.5,62.0,0.0,0.0,Hong Kong
Hong Kong,HK,2017-12-29,12:00:00,1514523600,17.6,14.8,20.8,18.0,65.0,0.0,0.0,Hong Kong
Hong Kong,HK,2017-12-30,12:00:00,1514610000,18.7,16.0,22.5,23.3,48.0,0.0,0.0,Hong Kong
Hong Kong,HK,2017-12-31,12:00:00,1514696400,16.3,12.9,20.6,22.5,32.0,0.0,0.0,Hong Kong
Hong Kong,HK,2018-01-01,12:00:00,1514782800,16.2,14.1,18.2,20.7,70.0,0.0,0.0,Hong Kong
Hong Kong,HK,2018-01-02,12:00:00,1514869200,17.3,15.6,19.1,25.8,67.0,0.0,0.0,Hong Kong
Hong Kong,HK,2018-01-03,12:00:00,1514955600,18.6,17.3,21.1,27.7,70.0,0.0,0.0,Hong Kong
Hong Kong,HK,2018-01-04,12:00:00,1515042000,17.9,16.9,19.3,24.9,68.0,0.3,0.0,Hong Kong
Hong Kong,HK,2018-01-05,12:00:00,1515128400,19.0,17.1,22.2,22.9,56.0,0.7,0.0,Hong Kong
Hong Kong,HK,2018-01-06,12:00:00,1515214800,16.5,15.7,17.3,28.2,69.0,9.7,0.0,Hong Kong
Hong Kong,HK,2018-01-07,12:00:00,1515301200,17.1,15.3,18.8,26.6,66.0,24.1,0.0,Hong Kong
Hong Kong,HK,2018-01-08,12:00:00,1515387600,14.7,8.6,21.7,32.6,19.0,2.0,0.0,Hong Kong
Hong Kong,HK,2018-01-09,12:00:00,1515474000,8.0,6.2,10.1,32.7,16.0,3.7,0.0,Hong Kong
Hong Kong,HK,2018-01-10,12:00:00,1515560400,11.5,9.6,12.9,23.7,20.0,0.0,0.0,Hong Kong
Hong Kong,HK,2018-01-11,12:00:00,1515646800,12.5,10.1,15.2,22.5,23.0,0.0,0.0,Hong Kong
Hong Kong,HK,2018-01-12,12:00:00,1515733200,11.0,7.9,14.3,22.9,34.0,0.0,0.0,Hong Kong
Hong Kong,HK,2018-01-13,12:00:00,1515819600,12.0,9.4,13.8,24.1,65.0,0.0,0.0,Hong Kong
Hong Kong,HK,2018-01-14,12:00:00,1515906000,13.5,11.4,15.8,22.9,66.0,0.0,0.0,Hong Kong
Hong Kong,HK,2018-01-15,12:00:00,1515992400,14.6,12.6,17.0,19.5,67.0,0.0,0.0,Hong Kong
Hong Kong,HK,2018-01-16,12:00:00,1516078800,16.4,13.4,20.5,13.3,40.0,0.0,0.0,Hong Kong
Hong Kong,HK,2018-01-17,12:00:00,1516165200,17.6,12.9,22.9,12.5,27.0,0.0,0.0,Hong Kong
Hong Kong,HK,2018-01-18,12:00:00,1516251600,18.1,15.6,21.8,17.2,60.0,0.0,0.0,Hong Kong
Hong Kong,HK,2018-01-19,12:00:00,1516338000,18.5,17.8,19.6,17.4,55.0,0.8,0.0,Hong Kong
Hong Kong,HK,2018-01-20,12:00:00,1516424400,17.9,16.9,19.9,18.4,68.0,0.0,0.0,Hong Kong
Hong Kong,HK,2018-01-21,12:00:00,1516510800,17.6,16.3,19.5,21.3,69.0,0.0,0.0,Hong Kong
Hong Kong,HK,2018-01-22,12:00:00,1516597200,18.8,16.3,22.8,14.3,50.0,0.0,0.0,Hong Kong
Hong Kong,HK,2018-01-23,12:00:00,1516683600,17.7,15.8,20.2,21.7,71.0,0.0,0.0,Hong Kong
Hong Kong,HK,2018-01-24,12:00:00,1516770000,17.2,16.0,18.8,29.6,80.0,0.0,0.0,Hong Kong
Hong Kong,HK,2018-01-25,12:00:00,1516856400,17.3,16.6,18.3,28.4,78.0,0.7,0.0,Hong Kong
Hong Kong,HK,2018-01-26,12:00:00,1516942800,16.7,14.2,19.6,22.1,54.0,0.0,0.0,Hong Kong
Hong Kong,HK,2018-01-27,12:00:00,1517029200,14.7,12.7,16.1,26.0,65.0,0.5,0.0,Hong Kong
Hong Kong,HK,2018-01-28,12:00:00,1517115600,14.3,8.8,17.4,25.2,17.0,1.8,0.0,Hong Kong
Hong Kong,HK,2018-01-29,12:00:00,1517202000,7.1,6.2,7.9,28.9,10.0,0.3,0.0,Hong Kong
Hong Kong,HK,2018-01-30,12:00:00,1517288400,7.4,5.3,8.7,22.5,15.0,3.1,0.0,Hong Kong
Hong Kong,HK,2018-01-31,12:00:00,1517374800,7.6,6.1,8.4,29.6,6.0,5.8,0.0,Hong Kong
Hong Kong,HK,2018-02-01,12:00:00,1517461200,9.3,5.1,13.4,29.5,21.0,0.0,0.0,Hong Kong
Hong Kong,HK,2018-02-02,12:00:00,1517547600,9.4,8.0,11.8,25.8,14.0,0.1,0.0,Hong Kong
Hong Kong,HK,2018-02-03,12:00:00,1517634000,9.5,6.4,13.6,25.9,16.0,0.0,0.0,Hong Kong
Hong Kong,HK,2018-02-04,12:00:00,1517720400,9.2,5.8,13.5,22.4,18.0,0.0,0.0,Hong Kong
Hong Kong,HK,2018-02-05,12:00:00,1517806800,8.9,6.1,12.8,21.4,11.0,0.0,0.0,Hong Kong
Hong Kong,HK,2018-02-06,12:00:00,1517893200,9.8,5.5,13.9,20.5,33.0,0.0,0.0,Hong Kong
Hong Kong,HK,2018-02-07,12:00:00,1517979600,11.9,9.4,15.2,15.8,38.0,0.0,0.0,Hong Kong
Hong Kong,HK,2018-02-08,12:00:00,1518066000,13.3,9.1,16.4,16.9,55.0,0.0,0.0,Hong Kong
Hong Kong,HK,2018-02-09,12:00:00,1518152400,16.3,14.6,18.3,19.4,71.0,0.2,0.0,Hong Kong
Hong Kong,HK,2018-02-10,12:00:00,1518238800,17.6,15.2,22.3,20.0,48.0,0.0,0.0,Hong Kong
Hong Kong,HK,2018-02-11,12:00:00,1518325200,14.7,11.7,18.6,24.8,31.0,0.0,0.0,Hong Kong
Hong Kong,HK,2018-02-12,12:00:00,1518411600,13.8,9.5,18.6,20.4,26.0,0.0,0.0,Hong Kong
Hong Kong,HK,2018-02-13,12:00:00,1518498000,14.7,11.5,17.5,18.2,67.0,0.0,0.0,Hong Kong
Hong Kong,HK,2018-02-14,12:00:00,1518584400,17.1,14.2,19.8,18.4,80.0,0.0,0.0,Hong Kong
Hong Kong,HK,2018-02-15,12:00:00,1518670800,19.2,16.2,23.3,9.1,86.0,0.1,0.0,Hong Kong
Hong Kong,HK,2018-02-16,12:00:00,1518757200,20.9,14.7,25.6,16.0,296.0,0.0,0.0,Hong Kong
Hong Kong,HK,2018-02-17,12:00:00,1518843600,17.9,16.9,19.4,28.4,79.0,0.0,0.0,Hong Kong
Hong Kong,HK,2018-02-18,12:00:00,1518930000,19.0,17.7,21.5,21.5,73.0,0.6,0.0,Hong Kong
Hong Kong,HK,2018-02-19,12:00:00,1519016400,20.0,18.0,21.9,11.1,68.0,2.4,0.0,Hong Kong
Hong Kong,HK,2018-02-20,12:00:00,1519102800,20.7,18.6,24.0,13.0,76.0,0.9,0.0,Hong Kong
Hong Kong,HK,2018-02-21,12:00:00,1519189200,19.2,17.8,21.0,22.4,64.0,0.2,0.0,Hong Kong
Hong Kong,HK,2018-02-22,12:00:00,1519275600,15.2,12.2,17.6,23.4,38.0,7.2,0.0,Hong Kong
Hong Kong,HK,2018-02-23,12:00:00,1519362000,15.2,12.3,17.6,21.1,62.0,0.2,0.0,Hong Kong
Hong Kong,HK,2018-02-24,12:00:00,1519448400,18.5,16.5,21.1,23.5,74.0,0.0,0.0,Hong Kong
Hong Kong,HK,2018-02-25,12:00:00,1519534800,19.7,16.6,23.6,18.6,30.0,0.4,0.0,Hong Kong
Hong Kong,HK,2018-02-26,12:00:00,1519621200,17.3,15.3,20.2,20.9,61.0,0.0,0.0,Hong Kong
Hong Kong,HK,2018-02-27,12:00:00,1519707600,17.8,15.7,20.4,21.5,79.0,0.2,0.0,Hong Kong
Hong Kong,HK,2018-02-28,12:00:00,1519794000,19.9,17.8,23.9,12.5,79.0,0.0,0.0,Hong Kong
Hong Kong,HK,2018-03-01,12:00:00,1519880400,20.3,17.3,23.7,12.2,90.0,0.0,0.0,Hong Kong
Hong Kong,HK,2018-03-02,12:00:00,1519966800,20.7,19.0,23.7,15.6,72.0,0.0,0.0,Hong Kong
Hong Kong,HK,2018-03-03,12:00:00,1520053200,22.0,19.9,24.6,12.5,96.0,0.0,0.0,Hong Kong
Hong Kong,HK,2018-03-04,12:00:00,1520139600,22.8,21.7,24.2,17.9,161.0,2.2,0.0,Hong Kong
Hong Kong,HK,2018-03-05,12:00:00,1520226000,23.4,22.1,25.9,14.9,188.0,0.2,0.0,Hong Kong
Hong Kong,HK,2018-03-06,12:00:00,1520312400,19.7,18.4,22.2,28.5,75.0,0.5,0.0,Hong Kong
Hong Kong,HK,2018-03-07,12:00:00,1520398800,19.6,18.5,21.7,28.1,77.0,0.2,0.0,Hong Kong
Hong Kong,HK,2018-03-08,12:00:00,1520485200,13.0,11.9,16.0,28.2,13.0,2.9,0.0,Hong Kong
Hong Kong,HK,2018-03-09,12:00:00,1520571600,13.5,9.4,18.5,23.1,36.0,0.0,0.0,Hong Kong
Hong Kong,HK,2018-03-10,12:00:00,1520658000,15.8,11.6,18.8,16.6,70.0,0.0,0.0,Hong Kong
Hong Kong,HK,2018-03-11,12:00:00,1520744400,17.2,14.6,20.5,23.7,76.0,0.0,0.0,Hong Kong
Hong Kong,HK,2018-03-12,12:00:00,1520830800,18.6,15.9,22.3,14.5,76.0,0.0,0.0,Hong Kong
Hong Kong,HK,2018-03-13,12:00:00,1520917200,19.6,16.8,23.1,12.6,76.0,0.0,0.0,Hong Kong
Hong Kong,HK,2018-03-14,12:00:00,1521003600,19.4,18.8,20.3,15.9,61.0,4.4,0.0,Hong Kong
Hong Kong,HK,2018-03-15,12:00:00,1521090000,20.1,18.3,23.5,11.5,80.0,2.6,0.0,Hong Kong
Hong Kong,HK,2018-03-16,12:00:00,1521176400,21.0,18.3,24.7,11.4,88.0,1.2,0.0,Hong Kong
Hong Kong,HK,2018-03-17,12:00:00,1521262800,19.6,18.2,21.2,30.4,78.0,0.2,0.0,Hong Kong
Hong Kong,HK,2018-03-18,12:00:00,1521349200,20.7,19.0,23.5,22.9,81.0,0.0,0.0,Hong Kong
Hong Kong,HK,2018-03-19,12:00:00,1521435600,21.7,19.6,24.4,14.5,112.0,4.4,0.0,Hong Kong
Hong Kong,HK,2018-03-20,12:00:00,1521522000,19.7,15.4,23.0,21.7,1.0,4.6,0.0,Hong Kong
Hong Kong,HK,2018-03-21,12:00:00,1521608400,16.6,11.7,21.7,26.7,16.0,0.0,0.0,Hong Kong
Hong Kong,HK,2018-03-22,12:00:00,1521694800,17.1,13.5,20.2,16.4,57.0,0.0,0.0,Hong Kong
Hong Kong,HK,2018-03-23,12:00:00,1521781200,18.6,16.2,22.0,16.6,78.0,0.0,0.0,Hong Kong
Hong Kong,HK,2018-03-24,12:00:00,1521867600,19.8,17.5,21.9,19.6,71.0,0.7,0.0,Hong Kong
Hong Kong,HK,2018-03-25,12:00:00,1521954000,19.9,18.1,22.0,18.6,69.0,1.9,0.0,Hong Kong
Hong Kong,HK,2018-03-26,12:00:00,1522040400,20.8,18.3,24.2,12.1,71.0,0.0,0.0,Hong Kong
Hong Kong,HK,2018-03-27,12:00:00,1522126800,20.8,18.1,23.4,11.2,85.0,0.0,0.0,Hong Kong
Hong Kong,HK,2018-03-28,12:00:00,1522213200,20.6,17.7,23.4,15.1,86.0,0.0,0.0,Hong Kong
Hong Kong,HK,2018-03-29,12:00:00,1522299600,21.4,19.8,23.6,17.2,85.0,0.5,0.0,Hong Kong
Hong Kong,HK,2018-03-30,12:00:00,1522386000,22.1,19.3,24.9,14.0,80.0,0.0,0.0,Hong Kong
Hong Kong,HK,2018-03-31,12:00:00,1522472400,22.3,20.5,25.4,19.6,81.0,0.0,0.0,Hong Kong
Hong Kong,HK,2018-04-01,12:00:00,1522558800,22.1,19.8,25.3,12.3,105.0,0.3,0.0,Hong Kong
Hong Kong,HK,2018-04-02,12:00:00,1522645200,22.3,19.4,25.6,11.2,169.0,0.0,0.0,Hong Kong
Hong Kong,HK,2018-04-03,12:00:00,1522731600,22.6,19.6,25.7,11.0,160.0,0.0,0.0,Hong Kong
Hong Kong,HK,2018-04-04,12:00:00,1522818000,22.6,18.8,25.8,12.0,119.0,0.0,0.0,Hong Kong
Hong Kong,HK,2018-04-05,12:00:00,1522904400,22.8,20.0,25.7,13.8,133.0,2.0,0.0,Hong Kong
Hong Kong,HK,2018-04-06,12:00:00,1522990800,21.3,15.4,25.9,31.3,15.0,0.1,0.0,Hong Kong
Hong Kong,HK,2018-04-07,12:00:00,1523077200,17.6,13.9,22.8,31.9,23.0,0.0,0.0,Hong Kong
Hong Kong,HK,2018-04-08,12:00:00,1523163600,18.2,13.9,22.4,15.6,64.0,0.0,0.0,Hong Kong
Hong Kong,HK,2018-04-09,12:00:00,1523250000,20.4,14.7,24.5,15.5,97.0,0.8,0.0,Hong Kong
Hong Kong,HK,2018-04-10,12:00:00,1523336400,22.4,19.9,25.3,12.5,103.0,0.1,0.0,Hong Kong
Hong Kong,HK,2018-04-11,12:00:00,1523422800,23.1,20.3,26.3,10.4,128.0,0.0,0.0,Hong Kong
Hong Kong,HK,2018-04-12,12:00:00,1523509200,23.9,22.0,26.2,9.4,148.0,0.0,0.0,Hong Kong
Hong Kong,HK,2018-04-13,12:00:00,1523595600,24.7,22.8,27.6,13.0,133.0,0.0,0.0,Hong Kong
Hong Kong,HK,2018-04-14,12:00:00,1523682000,24.9,22.0,27.6,10.0,169.0,0.3,0.0,Hong Kong
Hong Kong,HK,2018-04-15,12:00:00,1523768400,19.4,18.0,23.8,23.7,13.0,21.3,0.0,Hong Kong
Hong Kong,HK,2018-04-16,12:00:00,1523854800,18.5,15.8,21.5,15.7,16.0,6.0,0.0,Hong Kong
Hong Kong,HK,2018-04-17,12:00:00,1523941200,19.5,16.6,22.9,14.6,50.0,0.4,0.0,Hong Kong
Hong Kong,HK,2018-04-18,12:00:00,1524027600,22.0,20.8,24.1,19.9,84.0,0.2,0.0,Hong Kong
Hong Kong,HK,2018-04-19,12:00:00,1524114000,22.5,21.1,24.6,19.9,90.0,0.0,0.0,Hong Kong
Hong Kong,HK,2018-04-20,12:00:00,1524200400,23.0,21.7,25.0,22.3,87.0,1.6,0.0,Hong Kong
Hong Kong,HK,2018-04-21,12:00:00,1524286800,23.6,22.2,25.8,19.5,100.0,2.5,0.0,Hong Kong
Hong Kong,HK,2018-04-22,12:00:00,1524373200,24.2,22.6,26.7,13.7,116.0,2.0,0.0,Hong Kong
Hong Kong,HK,2018-04-23,12:00:00,1524459600,24.5,23.3,26.4,12.0,183.0,1.2,0.0,Hong Kong
Hong Kong,HK,2018-04-24,12:00:00,1524546000,23.7,23.0,24.3,6.1,287.0,43.0,0.0,Hong Kong
Hong Kong,HK,2018-04-25,12:00:00,1524632400,22.8,21.4,24.6,23.3,60.0,5.8,0.0,Hong Kong
Hong Kong,HK,2018-04-26,12:00:00,1524718800,22.6,22.1,23.4,18.7,76.0,30.5,0.0,Hong Kong
Hong Kong,HK,2018-04-27,12:00:00,1524805200,23.9,22.3,26.1,10.7,73.0,0.1,0.0,Hong Kong
Hong Kong,HK,2018-04-28,12:00:00,1524891600,23.6,22.5,25.7,18.4,83.0,0.0,0.0,Hong Kong
Hong Kong,HK,2018-04-29,12:00:00,1524978000,24.2,22.6,26.4,15.3,92.0,0.0,0.0,Hong Kong
Hong Kong,HK,2018-04-30,12:00:00,1525064400,24.5,23.0,26.6,10.8,104.0,1.6,0.0,Hong Kong
Hong Kong,HK,2018-05-01,12:00:00,1525150800,25.3,23.9,27.4,9.4,172.0,0.3,0.0,Hong Kong
Hong Kong,HK,2018-05-02,12:00:00,1525237200,25.8,24.1,27.9,13.2,228.0,0.4,0.0,Hong Kong
Hong Kong,HK,2018-05-03,12:00:00,1525323600,25.7,23.2,30.2,25.8,67.0,2.6,0.0,Hong Kong
Hong Kong,HK,2018-05-04,12:00:00,1525410000,23.7,22.0,25.5,28.9,78.0,4.9,0.0,Hong Kong
Hong Kong,HK,2018-05-05,12:00:00,1525496400,24.9,23.6,26.6,22.6,94.0,1.1,0.0,Hong Kong
Hong Kong,HK,2018-05-06,12:00:00,1525582800,25.4,24.4,27.2,19.2,185.0,6.2,0.0,Hong Kong
Hong Kong,HK,2018-05-07,12:00:00,1525669200,25.1,24.0,25.9,19.8,219.0,20.6,0.0,Hong Kong
Hong Kong,HK,2018-05-08,12:00:00,1525755600,25.0,23.6,27.0,14.3,148.0,9.3,0.0,Hong Kong
Hong Kong,HK,2018-05-09,12:00:00,1525842000,24.3,23.1,25.8,30.2,82.0,11.4,0.0,Hong Kong
Hong Kong,HK,2018-05-10,12:00:00,1525928400,23.9,22.7,25.5,29.3,86.0,2.2,0.0,Hong Kong
Hong Kong,HK,2018-05-11,12:00:00,1526014800,24.3,23.3,25.7,24.9,93.0,0.2,0.0,Hong Kong
Hong Kong,HK,2018-05-12,12:00:00,1526101200,24.9,23.4,27.0,11.7,128.0,0.2,0.0,Hong Kong
Hong Kong,HK,2018-05-13,12:00:00,1526187600,25.5,23.1,27.3,14.3,223.0,0.3,0.0,Hong Kong
Hong Kong,HK,2018-05-14,12:00:00,1526274000,26.4,25.0,28.2,14.9,215.0,0.0,0.0,Hong Kong
Hong Kong,HK,2018-05-15,12:00:00,1526360400,26.7,25.3,28.4,13.8,177.0,0.7,0.0,Hong Kong
Hong Kong,HK,2018-05-16,12:00:00,1526446800,26.9,25.2,28.6,12.3,173.0,0.1,0.0,Hong Kong
Hong Kong,HK,2018-05-17,12:00:00,1526533200,27.3,25.9,28.9,15.9,194.0,1.2,0.0,Hong Kong
Hong Kong,HK,2018-05-18,12:00:00,1526619600,27.7,26.6,29.2,13.3,211.0,0.9,0.0,Hong Kong
Hong Kong,HK,2018-05-19,12:00:00,1526706000,27.8,26.5,29.4,13.9,217.0,0.5,0.0,Hong Kong
Hong Kong,HK,2018-05-20,12:00:00,1526792400,27.7,26.3,29.5,13.2,217.0,0.2,0.0,Hong Kong
Hong Kong,HK,2018-05-21,12:00:00,1526878800,27.9,26.6,29.6,10.5,201.0,0.8,0.0,Hong Kong
Hong Kong,HK,2018-05-22,12:00:00,1526965200,28.0,26.6,29.6,8.8,180.0,1.2,0.0,Hong Kong
Hong Kong,HK,2018-05-23,12:00:00,1527051600,28.8,26.3,32.2,14.9,236.0,0.0,0.0,Hong Kong
Hong Kong,HK,2018-05-24,12:00:00,1527138000,27.7,26.0,29.8,16.7,160.0,3.6,0.0,Hong Kong
Hong Kong,HK,2018-05-25,12:00:00,1527224400,28.2,26.4,30.0,17.9,201.0,1.4,0.0,Hong Kong
Hong Kong,HK,2018-05-26,12:00:00,1527310800,28.7,27.5,30.5,16.7,219.0,1.4,0.0,Hong Kong
Hong Kong,HK,2018-05-27,12:00:00,1527397200,28.4,27.0,30.5,20.1,239.0,4.0,0.0,Hong Kong
Hong Kong,HK,2018-05-28,12:00:00,1527483600,28.4,26.1,31.0,15.7,250.0,3.4,0.0,Hong Kong
Hong Kong,HK,2018-05-29,12:00:00,1527570000,29.3,27.4,31.8,15.0,237.0,1.5,0.0,Hong Kong
Hong Kong,HK,2018-05-30,12:00:00,1527656400,28.9,27.3,31.5,15.6,230.0,0.0,0.0,Hong Kong
Hong Kong,HK,2018-05-31,12:00:00,1527742800,29.1,27.6,31.1,15.6,222.0,0.0,0.0,Hong Kong
Hong Kong,HK,2018-06-01,12:00:00,1527829200,28.5,26.2,30.9,17.7,113.0,5.5,0.0,Hong Kong
Hong Kong,HK,2018-06-02,12:00:00,1527915600,27.5,26.0,29.2,19.8,87.0,4.8,0.0,Hong Kong
Hong Kong,HK,2018-06-03,12:00:00,1528002000,27.7,26.4,29.2,19.6,87.0,0.3,0.0,Hong Kong
Hong Kong,HK,2018-06-04,12:00:00,1528088400,26.9,25.4,28.5,24.1,94.0,8.2,0.0,Hong Kong
Hong Kong,HK,2018-06-05,12:00:00,1528174800,26.4,25.4,27.9,20.4,125.0,59.7,0.0,Hong Kong
Hong Kong,HK,2018-06-06,12:00:00,1528261200,26.6,25.7,28.7,23.4,143.0,37.6,0.0,Hong Kong
Hong Kong,HK,2018-06-07,12:00:00,1528347600,26.2,25.7,27.2,25.5,134.0,70.6,0.0,Hong Kong
Hong Kong,HK,2018-06-08,12:00:00,1528434000,26.2,25.6,26.9,31.0,154.0,126.8,0.0,Hong Kong
Hong Kong,HK,2018-06-09,12:00:00,1528520400,27.7,26.2,29.7,21.2,227.0,12.7,0.0,Hong Kong
Hong Kong,HK,2018-06-10,12:00:00,1528606800,28.5,26.3,31.3,16.1,303.0,1.5,0.0,Hong Kong
Hong Kong,HK,2018-06-11,12:00:00,1528693200,28.3,25.4,31.3,11.8,78.0,0.0,0.0,Hong Kong
Hong Kong,HK,2018-06-12,12:00:00,1528779600,27.2,25.6,29.0,16.6,147.0,21.5,0.0,Hong Kong
Hong Kong,HK,2018-06-13,12:00:00,1528866000,26.1,25.3,26.9,22.7,34.0,67.3,0.0,Hong Kong
Hong Kong,HK,2018-06-14,12:00:00,1528952400,26.0,24.7,28.4,13.1,54.0,15.3,0.0,Hong Kong
Hong Kong,HK,2018-06-15,12:00:00,1529038800,25.9,23.9,28.0,17.0,56.0,0.6,0.0,Hong Kong
Hong Kong,HK,2018-06-16,12:00:00,1529125200,27.2,26.0,28.4,28.5,82.0,0.7,0.0,Hong Kong
Hong Kong,HK,2018-06-17,12:00:00,1529211600,27.2,25.3,30.0,23.6,61.0,0.0,0.0,Hong Kong
Hong Kong,HK,2018-06-18,12:00:00,1529298000,27.4,25.6,29.3,25.2,238.0,2.0,0.0,Hong Kong
Hong Kong,HK,2018-06-19,12:00:00,1529384400,27.7,26.3,29.1,21.9,217.0,12.2,0.0,Hong Kong
Hong Kong,HK,2018-06-20,12:00:00,1529470800,28.1,27.1,29.4,20.4,221.0,7.2,0.0,Hong Kong
Hong Kong,HK,2018-06-21,12:00:00,1529557200,28.0,26.6,29.5,22.8,219.0,3.4,0.0,Hong Kong
Hong Kong,HK,2018-06-22,12:00:00,1529643600,27.2,26.7,27.6,21.9,199.0,9.9,0.0,Hong Kong
Hong Kong,HK,2018-06-23,12:00:00,1529730000,26.8,25.9,28.0,23.9,197.0,21.6,0.0,Hong Kong
Hong Kong,HK,2018-06-24,12:00:00,1529816400,27.5,25.6,29.4,20.4,153.0,5.2,0.0,Hong Kong
Hong Kong,HK,2018-06-25,12:00:00,1529902800,26.6,25.6,27.6,20.1,163.0,20.0,0.0,Hong Kong
Hong Kong,HK,2018-06-26,12:00:00,1529989200,27.2,25.4,29.1,14.6,169.0,4.8,0.0,Hong Kong
Hong Kong,HK,2018-06-27,12:00:00,1530075600,27.4,25.2,28.8,9.8,199.0,0.9,0.0,Hong Kong
Hong Kong,HK,2018-06-28,12:00:00,1530162000,28.1,26.5,29.8,14.8,235.0,0.9,0.0,Hong Kong
Hong Kong,HK,2018-06-29,12:00:00,1530248400,28.7,27.6,30.0,18.9,235.0,1.6,0.0,Hong Kong
Hong Kong,HK,2018-06-30,12:00:00,1530334800,28.5,27.7,29.8,19.4,225.0,5.4,0.0,Hong Kong
Hong Kong,HK,2018-07-01,12:00:00,1530421200,28.3,27.3,29.8,22.8,221.0,5.8,0.0,Hong Kong
Hong Kong,HK,2018-07-02,12:00:00,1530507600,28.0,26.7,29.4,23.2,218.0,10.4,0.0,Hong Kong
Hong Kong,HK,2018-07-03,12:00:00,1530594000,28.3,26.8,29.0,23.2,213.0,8.5,0.0,Hong Kong
Hong Kong,HK,2018-07-04,12:00:00,1530680400,28.7,27.2,30.1,26.2,212.0,7.6,0.0,Hong Kong
Hong Kong,HK,2018-07-05,12:00:00,1530766800,28.5,27.5,29.4,22.9,215.0,4.2,0.0,Hong Kong
Hong Kong,HK,2018-07-06,12:00:00,1530853200,28.4,27.1,29.4,18.7,201.0,2.9,0.0,Hong Kong
Hong Kong,HK,2018-07-07,12:00:00,1530939600,27.6,26.6,28.6,14.3,173.0,6.9,0.0,Hong Kong
Hong Kong,HK,2018-07-08,12:00:00,1531026000,27.4,26.2,28.8,14.8,112.0,7.4,0.0,Hong Kong
Hong Kong,HK,2018-07-09,12:00:00,1531112400,27.0,25.7,28.3,25.9,89.0,9.6,0.0,Hong Kong
Hong Kong,HK,2018-07-10,12:00:00,1531198800,27.8,26.3,29.5,21.7,90.0,1.2,0.0,Hong Kong
Hong Kong,HK,2018-07-11,12:00:00,1531285200,28.2,25.5,30.4,15.8,207.0,0.0,0.0,Hong Kong
Hong Kong,HK,2018-07-12,12:00:00,1531371600,27.7,26.4,29.2,20.3,121.0,3.5,0.0,Hong Kong
Hong Kong,HK,2018-07-13,12:00:00,1531458000,26.2,25.5,27.4,21.3,105.0,31.5,0.0,Hong Kong
Hong Kong,HK,2018-07-14,12:00:00,1531544400,26.2,25.2,27.5,29.5,100.0,36.0,0.0,Hong Kong
Hong Kong,HK,2018-07-15,12:00:00,1531630800,25.9,25.5,26.6,33.8,93.0,52.6,0.0,Hong Kong
Hong Kong,HK,2018-07-16,12:00:00,1531717200,27.2,25.4,29.3,29.4,86.0,22.9,0.0,Hong Kong
Hong Kong,HK,2018-07-17,12:00:00,1531803600,28.5,26.0,31.4,29.1,73.0,7.4,0.0,Hong Kong
Hong Kong,HK,2018-07-18,12:00:00,1531890000,27.5,26.2,29.2,32.1,92.0,9.0,0.0,Hong Kong
Hong Kong,HK,2018-07-19,12:00:00,1531976400,26.8,25.9,28.0,23.8,99.0,14.5,0.0,Hong Kong
Hong Kong,HK,2018-07-20,12:00:00,1532062800,27.4,25.7,28.9,21.6,96.0,6.1,0.0,Hong Kong
Hong Kong,HK,2018-07-21,12:00:00,1532149200,28.0,25.6,30.1,12.3,208.0,0.3,0.0,Hong Kong
Hong Kong,HK,2018-07-22,12:00:00,1532235600,28.1,26.9,29.7,17.4,229.0,0.2,0.0,Hong Kong
Hong Kong,HK,2018-07-23,12:00:00,1532322000,27.5,26.5,28.8,23.8,138.0,25.1,0.0,Hong Kong
Hong Kong,HK,2018-07-24,12:00:00,1532408400,27.7,26.5,29.2,22.5,162.0,8.9,0.0,Hong Kong
Hong Kong,HK,2018-07-25,12:00:00,1532494800,27.6,26.6,29.9,15.5,134.0,11.9,0.0,Hong Kong
Hong Kong,HK,2018-07-26,12:00:00,1532581200,27.6,25.7,28.9,13.2,127.0,5.4,0.0,Hong Kong
Hong Kong,HK,2018-07-27,12:00:00,1532667600,27.7,25.8,29.1,10.2,153.0,6.8,0.0,Hong Kong
Hong Kong,HK,2018-07-28,12:00:00,1532754000,28.4,26.8,30.1,11.2,156.0,0.7,0.0,Hong Kong
Hong Kong,HK,2018-07-29,12:00:00,1532840400,28.4,26.0,30.0,14.1,188.0,1.2,0.0,Hong Kong
Hong Kong,HK,2018-07-30,12:00:00,1532926800,28.2,26.7,30.1,13.6,209.0,3.6,0.0,Hong Kong
Hong Kong,HK,2018-07-31,12:00:00,1533013200,28.8,27.5,30.0,15.3,221.0,0.3,0.0,Hong Kong
Hong Kong,HK,2018-08-01,12:00:00,1533099600,28.8,27.5,29.7,15.2,225.0,2.0,0.0,Hong Kong
Hong Kong,HK,2018-08-02,12:00:00,1533186000,28.2,26.7,29.4,17.4,235.0,14.1,0.0,Hong Kong
Hong Kong,HK,2018-08-03,12:00:00,1533272400,28.1,26.4,29.8,16.8,231.0,10.0,0.0,Hong Kong
Hong Kong,HK,2018-08-04,12:00:00,1533358800,27.9,25.8,29.5,9.8,200.0,6.1,0.0,Hong Kong
Hong Kong,HK,2018-08-05,12:00:00,1533445200,28.5,27.1,30.4,9.1,191.0,4.4,0.0,Hong Kong
Hong Kong,HK,2018-08-06,12:00:00,1533531600,28.5,26.8,30.5,8.2,120.0,4.5,0.0,Hong Kong
Hong Kong,HK,2018-08-07,12:00:00,1533618000,28.3,26.1,30.2,11.8,77.0,1.7,0.0,Hong Kong
Hong Kong,HK,2018-08-08,12:00:00,1533704400,28.4,26.6,30.0,19.1,79.0,1.6,0.0,Hong Kong
Hong Kong,HK,2018-08-09,12:00:00,1533790800,28.4,27.0,29.8,28.2,86.0,10.9,0.0,Hong Kong
Hong Kong,HK,2018-08-10,12:00:00,1533877200,26.9,26.1,28.1,20.0,126.0,34.3,0.0,Hong Kong
Hong Kong,HK,2018-08-11,12:00:00,1533963600,26.5,25.9,27.3,22.9,129.0,62.1,0.0,Hong Kong
Hong Kong,HK,2018-08-12,12:00:00,1534050000,26.4,25.7,27.5,20.4,108.0,132.3,0.0,Hong Kong
Hong Kong,HK,2018-08-13,12:00:00,1534136400,27.7,26.1,29.1,23.9,90.0,9.7,0.0,Hong Kong
Hong Kong,HK,2018-08-14,12:00:00,1534222800,27.3,26.2,28.8,28.1,93.0,34.5,0.0,Hong Kong
Hong Kong,HK,2018-08-15,12:00:00,1534309200,27.2,26.4,28.2,22.1,133.0,17.5,0.0,Hong Kong
Hong Kong,HK,2018-08-16,12:00:00,1534395600,26.9,26.1,27.8,18.6,141.0,32.9,0.0,Hong Kong
Hong Kong,HK,2018-08-17,12:00:00,1534482000,26.6,25.8,27.4,9.2,199.0,27.7,0.0,Hong Kong
Hong Kong,HK,2018-08-18,12:00:00,1534568400,27.3,25.6,28.8,12.1,218.0,11.0,0.0,Hong Kong
Hong Kong,HK,2018-08-19,12:00:00,1534654800,27.0,25.7,28.7,13.9,232.0,17.1,0.0,Hong Kong
Hong Kong,HK,2018-08-20,12:00:00,1534741200,27.1,25.5,28.3,12.5,263.0,25.5,0.0,Hong Kong
Hong Kong,HK,2018-08-21,12:00:00,1534827600,27.4,25.2,29.5,11.0,267.0,12.7,0.0,Hong Kong
Hong Kong,HK,2018-08-22,12:00:00,1534914000,27.9,25.8,30.5,13.3,247.0,9.4,0.0,Hong Kong
Hong Kong,HK,2018-08-23,12:00:00,1535000400,28.7,27.1,31.0,13.2,271.0,3.1,0.0,Hong Kong
Hong Kong,HK,2018-08-24,12:00:00,1535086800,28.4,27.0,31.1,16.9,276.0,13.5,0.0,Hong Kong
Hong Kong,HK,2018-08-25,12:00:00,1535173200,28.9,27.0,31.5,15.6,281.0,4.6,0.0,Hong Kong
Hong Kong,HK,2018-08-26,12:00:00,1535259600,27.9,26.0,30.9,8.2,280.0,11.1,0.0,Hong Kong
Hong Kong,HK,2018-08-27,12:00:00,1535346000,26.7,25.7,28.7,19.5,231.0,26.8,0.0,Hong Kong
Hong Kong,HK,2018-08-28,12:00:00,1535432400,26.2,25.5,27.1,24.0,219.0,40.6,0.0,Hong Kong
Hong Kong,HK,2018-08-29,12:00:00,1535518800,26.3,25.4,27.2,22.7,212.0,41.1,0.0,Hong Kong
Hong Kong,HK,2018-08-30,12:00:00,1535605200,26.2,25.4,27.5,24.5,189.0,38.0,0.0,Hong Kong
Hong Kong,HK,2018-08-31,12:00:00,1535691600,26.4,25.2,27.8,22.8,174.0,35.4,0.0,Hong Kong
Hong Kong,HK,2018-09-01,12:00:00,1535778000,26.3,25.1,27.1,16.5,187.0,21.2,0.0,Hong Kong
Hong Kong,HK,2018-09-02,12:00:00,1535864400,25.7,24.7,26.8,16.0,205.0,30.3,0.0,Hong Kong
Hong Kong,HK,2018-09-03,12:00:00,1535950800,26.8,25.3,28.1,16.1,223.0,5.6,0.0,Hong Kong
Hong Kong,HK,2018-09-04,12:00:00,1536037200,28.0,26.5,30.3,16.0,247.0,0.9,0.0,Hong Kong
Hong Kong,HK,2018-09-05,12:00:00,1536123600,28.5,27.1,30.7,13.1,254.0,1.2,0.0,Hong Kong
Hong Kong,HK,2018-09-06,12:00:00,1536210000,27.9,26.3,29.7,8.8,140.0,3.7,0.0,Hong Kong
Hong Kong,HK,2018-09-07,12:00:00,1536296400,27.5,26.6,29.3,8.0,156.0,3.0,0.0,Hong Kong
Hong Kong,HK,2018-09-08,12:00:00,1536382800,26.2,24.5,28.0,14.5,27.0,11.3,0.0,Hong Kong
Hong Kong,HK,2018-09-09,12:00:00,1536469200,26.0,23.4,28.7,15.4,47.0,1.7,0.0,Hong Kong
Hong Kong,HK,2018-09-10,12:00:00,1536555600,25.9,24.8,28.2,15.5,58.0,5.9,0.0,Hong Kong
Hong Kong,HK,2018-09-11,12:00:00,1536642000,27.0,24.3,30.3,13.4,3.0,0.0,0.0,Hong Kong
Hong Kong,HK,2018-09-12,12:00:00,1536728400,26.5,25.2,28.3,31.5,66.0,2.2,0.0,Hong Kong
Hong Kong,HK,2018-09-13,12:00:00,1536814800,26.5,24.8,27.5,20.5,91.0,9.8,0.0,Hong Kong
Hong Kong,HK,2018-09-14,12:00:00,1536901200,27.5,25.9,30.4,12.9,64.0,3.9,0.0,Hong Kong
Hong Kong,HK,2018-09-15,12:00:00,1536987600,29.0,26.0,32.8,19.8,360.0,1.4,0.0,Hong Kong
Hong Kong,HK,2018-09-16,12:00:00,1537074000,26.1,24.6,29.1,92.0,83.0,176.5,0.0,Hong Kong
Hong Kong,HK,2018-09-17,12:00:00,1537160400,26.4,25.5,27.9,47.1,135.0,43.2,0.0,Hong Kong
Hong Kong,HK,2018-09-18,12:00:00,1537246800,27.2,25.9,28.9,21.6,105.0,5.4,0.0,Hong Kong
Hong Kong,HK,2018-09-19,12:00:00,1537333200,27.6,25.7,29.9,11.4,282.0,1.4,0.0,Hong Kong
Hong Kong,HK,2018-09-20,12:00:00,1537419600,27.3,25.5,29.2,7.8,201.0,2.2,0.0,Hong Kong
Hong Kong,HK,2018-09-21,12:00:00,1537506000,27.3,25.6,29.6,9.5,220.0,0.3,0.0,Hong Kong
Hong Kong,HK,2018-09-22,12:00:00,1537592400,27.4,24.6,29.2,9.2,118.0,0.1,0.0,Hong Kong
Hong Kong,HK,2018-09-23,12:00:00,1537678800,26.8,25.2,28.7,9.5,78.0,3.4,0.0,Hong Kong
Hong Kong,HK,2018-09-24,12:00:00,1537765200,25.9,24.4,27.7,10.4,70.0,7.8,0.0,Hong Kong
Hong Kong,HK,2018-09-25,12:00:00,1537851600,26.3,24.5,27.9,14.5,93.0,3.7,0.0,Hong Kong
Hong Kong,HK,2018-09-26,12:00:00,1537938000,26.1,25.0,27.4,9.7,115.0,1.5,0.0,Hong Kong
Hong Kong,HK,2018-09-27,12:00:00,1538024400,26.1,24.5,27.3,10.4,135.0,2.5,0.0,Hong Kong
Hong Kong,HK,2018-09-28,12:00:00,1538110800,26.3,23.3,29.0,17.8,4.0,0.0,0.0,Hong Kong
Hong Kong,HK,2018-09-29,12:00:00,1538197200,25.6,23.0,28.4,18.1,8.0,0.0,0.0,Hong Kong
Hong Kong,HK,2018-09-30,12:00:00,1538283600,25.5,22.9,28.1,16.9,34.0,0.0,0.0,Hong Kong
Hong Kong,HK,2018-10-01,12:00:00,1538370000,25.5,23.8,27.5,11.8,49.0,0.2,0.0,Hong Kong
Hong Kong,HK,2018-10-02,12:00:00,1538456400,25.1,23.0,27.5,13.5,57.0,0.0,0.0,Hong Kong
Hong Kong,HK,2018-10-03,12:00:00,1538542800,24.9,22.9,27.7,11.4,58.0,0.0,0.0,Hong Kong
Hong Kong,HK,2018-10-04,12:00:00,1538629200,24.6,21.1,28.0,14.3,11.0,0.0,0.0,Hong Kong
Hong Kong,HK,2018-10-05,12:00:00,1538715600,24.3,21.2,27.5,15.2,356.0,0.0,0.0,Hong Kong
Hong Kong,HK,2018-10-06,12:00:00,1538802000,24.2,21.1,27.9,17.8,29.0,0.0,0.0,Hong Kong
Hong Kong,HK,2018-10-07,12:00:00,1538888400,25.0,21.9,27.9,12.9,73.0,0.0,0.0,Hong Kong
Hong Kong,HK,2018-10-08,12:00:00,1538974800,25.3,23.7,27.5,16.4,83.0,0.0,0.0,Hong Kong
Hong Kong,HK,2018-10-09,12:00:00,1539061200,25.4,23.7,27.4,10.8,90.0,1.2,0.0,Hong Kong
Hong Kong,HK,2018-10-10,12:00:00,1539147600,24.7,21.3,27.6,18.7,29.0,5.0,0.0,Hong Kong
Hong Kong,HK,2018-10-11,12:00:00,1539234000,22.0,19.7,25.2,18.0,16.0,0.0,0.0,Hong Kong
Hong Kong,HK,2018-10-12,12:00:00,1539320400,22.1,20.1,24.1,19.6,48.0,0.4,0.0,Hong Kong
Hong Kong,HK,2018-10-13,12:00:00,1539406800,23.7,22.5,25.3,21.3,72.0,1.1,0.0,Hong Kong
Hong Kong,HK,2018-10-14,12:00:00,1539493200,24.5,23.3,25.8,21.0,93.0,0.3,0.0,Hong Kong
Hong Kong,HK,2018-10-15,12:00:00,1539579600,24.9,23.9,26.7,15.9,114.0,6.5,0.0,Hong Kong
Hong Kong,HK,2018-10-16,12:00:00,1539666000,23.8,21.7,25.1,11.1,43.0,33.5,0.0,Hong Kong
Hong Kong,HK,2018-10-17,12:00:00,1539752400,21.9,20.1,23.7,15.7,22.0,6.1,0.0,Hong Kong
Hong Kong,HK,2018-10-18,12:00:00,1539838800,22.1,20.4,23.7,23.8,49.0,8.7,0.0,Hong Kong
Hong Kong,HK,2018-10-19,12:00:00,1539925200,23.4,22.4,24.9,28.3,71.0,0.5,0.0,Hong Kong
Hong Kong,HK,2018-10-20,12:00:00,1540011600,23.5,22.1,25.0,25.3,78.0,0.0,0.0,Hong Kong
Hong Kong,HK,2018-10-21,12:00:00,1540098000,23.8,23.0,25.3,19.6,87.0,0.0,0.0,Hong Kong
Hong Kong,HK,2018-10-22,12:00:00,1540184400,24.1,22.7,25.9,11.8,89.0,0.1,0.0,Hong Kong
Hong Kong,HK,2018-10-23,12:00:00,1540270800,23.8,21.0,26.3,16.4,47.0,0.0,0.0,Hong Kong
Hong Kong,HK,2018-10-24,12:00:00,1540357200,23.8,22.1,25.4,18.8,76.0,1.6,0.0,Hong Kong
Hong Kong,HK,2018-10-25,12:00:00,1540443600,24.3,23.2,26.0,15.9,88.0,0.2,0.0,Hong Kong
Hong Kong,HK,2018-10-26,12:00:00,1540530000,24.8,21.9,27.6,19.5,359.0,2.1,0.0,Hong Kong
Hong Kong,HK,2018-10-27,12:00:00,1540616400,23.5,20.9,26.2,21.2,20.0,0.0,0.0,Hong Kong
Hong Kong,HK,2018-10-28,12:00:00,1540702800,21.8,19.0,25.1,14.7,18.0,0.0,0.0,Hong Kong
Hong Kong,HK,2018-10-29,12:00:00,1540789200,22.0,18.7,25.7,18.1,15.0,0.0,0.0,Hong Kong
Hong Kong,HK,2018-10-30,12:00:00,1540875600,22.6,19.3,25.9,22.0,11.0,0.0,0.0,Hong Kong
Hong Kong,HK,2018-10-31,12:00:00,1540962000,22.7,19.7,25.0,25.3,14.0,0.0,0.0,Hong Kong
Hong Kong,HK,2018-11-01,12:00:00,1541048400,22.1,19.0,24.0,27.3,12.0,0.9,0.0,Hong Kong
Hong Kong,HK,2018-11-02,12:00:00,1541134800,19.9,16.4,22.7,21.7,6.0,4.9,0.0,Hong Kong
Hong Kong,HK,2018-11-03,12:00:00,1541221200,21.5,18.6,25.0,13.4,21.0,0.1,0.0,Hong Kong
Hong Kong,HK,2018-11-04,12:00:00,1541307600,22.9,21.1,25.0,19.7,65.0,0.0,0.0,Hong Kong
Hong Kong,HK,2018-11-05,12:00:00,1541394000,23.6,22.2,25.9,21.3,70.0,0.6,0.0,Hong Kong
Hong Kong,HK,2018-11-06,12:00:00,1541480400,23.5,22.1,25.4,23.4,73.0,0.0,0.0,Hong Kong
Hong Kong,HK,2018-11-07,12:00:00,1541566800,23.8,22.4,26.3,18.8,71.0,0.0,0.0,Hong Kong
Hong Kong,HK,2018-11-08,12:00:00,1541653200,23.7,20.5,26.7,16.7,16.0,0.2,0.0,Hong Kong
Hong Kong,HK,2018-11-09,12:00:00,1541739600,22.5,19.3,25.7,19.1,50.0,0.3,0.0,Hong Kong
Hong Kong,HK,2018-11-10,12:00:00,1541826000,23.3,22.3,25.2,28.4,79.0,0.0,0.0,Hong Kong
Hong Kong,HK,2018-11-11,12:00:00,1541912400,23.1,21.5,25.5,22.5,71.0,0.0,0.0,Hong Kong
Hong Kong,HK,2018-11-12,12:00:00,1541998800,23.9,21.6,27.7,9.4,70.0,0.3,0.0,Hong Kong
Hong Kong,HK,2018-11-13,12:00:00,1542085200,22.7,19.2,25.4,19.1,63.0,0.2,0.0,Hong Kong
Hong Kong,HK,2018-11-14,12:00:00,1542171600,22.6,21.2,24.1,23.3,82.0,0.2,0.0,Hong Kong
Hong Kong,HK,2018-11-15,12:00:00,1542258000,22.9,22.1,24.1,25.9,82.0,0.4,0.0,Hong Kong
Hong Kong,HK,2018-11-16,12:00:00,1542344400,23.4,22.5,24.7,20.8,78.0,0.4,0.0,Hong Kong
Hong Kong,HK,2018-11-17,12:00:00,1542430800,23.0,21.6,24.4,19.6,73.0,0.7,0.0,Hong Kong
Hong Kong,HK,2018-11-18,12:00:00,1542517200,23.3,21.7,25.6,19.0,69.0,0.0,0.0,Hong Kong
Hong Kong,HK,2018-11-19,12:00:00,1542603600,21.8,17.8,25.0,20.4,34.0,0.0,0.0,Hong Kong
Hong Kong,HK,2018-11-20,12:00:00,1542690000,22.1,20.4,24.2,23.5,76.0,1.1,0.0,Hong Kong
Hong Kong,HK,2018-11-21,12:00:00,1542776400,22.5,18.1,26.2,26.1,56.0,3.4,0.0,Hong Kong
Hong Kong,HK,2018-11-22,12:00:00,1542862800,18.1,15.8,20.3,27.5,14.0,0.5,0.0,Hong Kong
Hong Kong,HK,2018-11-23,12:00:00,1542949200,19.8,15.7,23.9,19.6,36.0,0.0,0.0,Hong Kong
Hong Kong,HK,2018-11-24,12:00:00,1543035600,20.9,18.8,23.3,20.0,70.0,0.0,0.0,Hong Kong
Hong Kong,HK,2018-11-25,12:00:00,1543122000,18.8,17.1,20.3,17.6,32.0,11.5,0.0,Hong Kong
Hong Kong,HK,2018-11-26,12:00:00,1543208400,19.1,17.0,22.2,17.2,39.0,14.1,0.0,Hong Kong
Hong Kong,HK,2018-11-27,12:00:00,1543294800,19.3,18.7,20.8,14.7,35.0,16.0,0.0,Hong Kong
Hong Kong,HK,2018-11-28,12:00:00,1543381200,19.6,18.9,20.4,18.7,53.0,17.1,0.0,Hong Kong
Hong Kong,HK,2018-11-29,12:00:00,1543467600,20.4,18.4,22.5,19.4,59.0,0.0,0.0,Hong Kong
Hong Kong,HK,2018-11-30,12:00:00,1543554000,20.4,19.0,21.3,23.4,73.0,0.0,0.0,Hong Kong
Hong Kong,HK,2018-12-01,12:00:00,1543640400,21.1,19.7,22.5,17.4,71.0,0.0,0.0,Hong Kong
Hong Kong,HK,2018-12-02,12:00:00,1543726800,21.5,20.5,23.2,19.1,84.0,0.0,0.0,Hong Kong
Hong Kong,HK,2018-12-03,12:00:00,1543813200,22.3,20.7,24.5,14.6,69.0,0.0,0.0,Hong Kong
Hong Kong,HK,2018-12-04,12:00:00,1543899600,23.0,20.9,26.1,9.8,64.0,0.0,0.0,Hong Kong
Hong Kong,HK,2018-12-05,12:00:00,1543986000,22.1,20.9,23.9,26.8,70.0,0.2,0.0,Hong Kong
Hong Kong,HK,2018-12-06,12:00:00,1544072400,22.5,21.2,24.0,21.3,68.0,0.3,0.0,Hong Kong
Hong Kong,HK,2018-12-07,12:00:00,1544158800,18.4,15.2,20.7,22.2,19.0,0.7,0.0,Hong Kong
Hong Kong,HK,2018-12-08,12:00:00,1544245200,15.5,13.5,18.7,20.3,19.0,0.2,0.0,Hong Kong
Hong Kong,HK,2018-12-09,12:00:00,1544331600,12.9,11.7,15.3,20.0,14.0,0.9,0.0,Hong Kong
Hong Kong,HK,2018-12-10,12:00:00,1544418000,14.2,11.3,17.4,18.4,9.0,2.0,0.0,Hong Kong
Hong Kong,HK,2018-12-11,12:00:00,1544504400,14.8,11.8,18.2,29.7,6.0,0.3,0.0,Hong Kong
Hong Kong,HK,2018-12-12,12:00:00,1544590800,11.4,8.5,14.7,29.6,9.0,0.0,0.0,Hong Kong
Hong Kong,HK,2018-12-13,12:00:00,1544677200,12.7,9.7,16.4,20.2,14.0,0.0,0.0,Hong Kong
Hong Kong,HK,2018-12-14,12:00:00,1544763600,14.5,10.7,18.5,18.4,19.0,0.0,0.0,Hong Kong
Hong Kong,HK,2018-12-15,12:00:00,1544850000,16.7,13.0,20.4,16.8,32.0,0.0,0.0,Hong Kong
Hong Kong,HK,2018-12-16,12:00:00,1544936400,16.7,14.4,18.3,19.9,7.0,0.0,0.0,Hong Kong
Hong Kong,HK,2018-12-17,12:00:00,1545022800,14.9,11.8,19.1,23.5,18.0,0.0,0.0,Hong Kong
Hong Kong,HK,2018-12-18,12:00:00,1545109200,15.9,12.2,18.6,18.4,66.0,0.0,0.0,Hong Kong
Hong Kong,HK,2018-12-19,12:00:00,1545195600,18.8,16.8,20.7,21.8,70.0,0.0,0.0,Hong Kong
Hong Kong,HK,2018-12-20,12:00:00,1545282000,20.5,18.7,23.1,13.7,75.0,0.0,0.0,Hong Kong
Hong Kong,HK,2018-12-21,12:00:00,1545368400,21.1,19.7,23.5,16.4,76.0,0.0,0.0,Hong Kong
Hong Kong,HK,2018-12-22,12:00:00,1545454800,20.9,18.6,24.0,15.8,65.0,0.0,0.0,Hong Kong
Hong Kong,HK,2018-12-23,12:00:00,1545541200,18.7,16.1,21.0,22.1,18.0,11.4,0.0,Hong Kong
Hong Kong,HK,2018-12-24,12:00:00,1545627600,16.3,14.5,18.2,21.4,23.0,4.1,0.0,Hong Kong
Hong Kong,HK,2018-12-25,12:00:00,1545714000,18.4,17.0,20.6,16.8,64.0,0.0,0.0,Hong Kong
Hong Kong,HK,2018-12-26,12:00:00,1545800400,19.7,17.2,23.8,8.7,17.0,0.0,0.0,Hong Kong
Hong Kong,HK,2018-12-27,12:00:00,1545886800,18.5,14.9,21.6,19.3,36.0,1.9,0.0,Hong Kong
Hong Kong,HK,2018-12-28,12:00:00,1545973200,15.9,12.2,19.7,21.7,23.0,0.2,0.0,Hong Kong
Hong Kong,HK,2018-12-29,12:00:00,1546059600,10.9,8.4,14.0,25.4,14.0,0.2,0.0,Hong Kong
Hong Kong,HK,2018-12-30,12:00:00,1546146000,9.5,6.5,11.7,30.4,10.0,0.3,0.0,Hong Kong
Hong Kong,HK,2018-12-31,12:00:00,1546232400,9.8,7.6,13.0,23.9,9.0,0.1,0.0,Hong Kong
Hong Kong,HK,2019-01-01,12:00:00,1546318800,10.6,6.7,14.0,22.9,9.0,2.6,0.0,Hong Kong
Hong Kong,HK,2019-01-02,12:00:00,1546405200,11.7,9.2,14.8,21.3,10.0,1.0,0.0,Hong Kong
Hong Kong,HK,2019-01-03,12:00:00,1546491600,13.8,10.9,17.1,21.7,36.0,3.4,0.0,Hong Kong
Hong Kong,HK,2019-01-04,12:00:00,1546578000,18.2,16.2,20.1,22.9,65.0,0.2,0.0,Hong Kong
Hong Kong,HK,2019-01-05,12:00:00,1546664400,19.8,17.9,23.1,13.4,5.0,0.4,0.0,Hong Kong
Hong Kong,HK,2019-01-06,12:00:00,1546750800,16.6,14.5,19.3,16.6,34.0,0.7,0.0,Hong Kong
Hong Kong,HK,2019-01-07,12:00:00,1546837200,17.3,16.3,18.4,19.9,65.0,0.3,0.0,Hong Kong
Hong Kong,HK,2019-01-08,12:00:00,1546923600,17.7,15.2,19.7,17.2,29.0,0.5,0.0,Hong Kong
Hong Kong,HK,2019-01-09,12:00:00,1547010000,16.4,13.9,18.8,23.7,61.0,0.0,0.0,Hong Kong
Hong Kong,HK,2019-01-10,12:00:00,1547096400,18.3,16.6,20.6,20.8,66.0,0.5,0.0,Hong Kong
Hong Kong,HK,2019-01-11,12:00:00,1547182800,19.1,17.4,22.4,15.0,60.0,0.0,0.0,Hong Kong
Hong Kong,HK,2019-01-12,12:00:00,1547269200,19.8,17.2,23.8,11.2,30.0,0.0,0.0,Hong Kong
Hong Kong,HK,2019-01-13,12:00:00,1547355600,18.4,17.1,20.8,18.3,72.0,0.1,0.0,Hong Kong
Hong Kong,HK,2019-01-14,12:00:00,1547442000,18.0,16.8,20.1,20.7,74.0,0.8,0.0,Hong Kong
Hong Kong,HK,2019-01-15,12:00:00,1547528400,18.2,16.8,19.6,21.3,29.0,3.6,0.0,Hong Kong
Hong Kong,HK,2019-01-16,12:00:00,1547614800,15.0,11.9,18.5,22.0,15.0,0.2,0.0,Hong Kong
Hong Kong,HK,2019-01-17,12:00:00,1547701200,14.4,10.7,19.2,17.7,22.0,0.0,0.0,Hong Kong
Hong Kong,HK,2019-01-18,12:00:00,1547787600,15.4,11.9,18.7,20.2,58.0,0.4,0.0,Hong Kong
Hong Kong,HK,2019-01-19,12:00:00,1547874000,17.8,15.9,20.9,15.5,66.0,0.2,0.0,Hong Kong
Hong Kong,HK,2019-01-20,12:00:00,1547960400,18.9,16.4,22.5,16.6,42.0,3.3,0.0,Hong Kong
Hong Kong,HK,2019-01-21,12:00:00,1548046800,14.9,11.2,18.7,24.8,16.0,0.0,0.0,Hong Kong
Hong Kong,HK,2019-01-22,12:00:00,1548133200,13.8,9.9,18.4,21.0,14.0,0.0,0.0,Hong Kong
Hong Kong,HK,2019-01-23,12:00:00,1548219600,13.9,10.3,17.4,14.5,50.0,0.0,0.0,Hong Kong
Hong Kong,HK,2019-01-24,12:00:00,1548306000,15.6,12.9,18.2,18.3,74.0,0.0,0.0,Hong Kong
Hong Kong,HK,2019-01-25,12:00:00,1548392400,17.0,14.2,22.2,16.2,60.0,0.0,0.0,Hong Kong
Hong Kong,HK,2019-01-26,12:00:00,1548478800,16.8,13.7,20.8,18.1,52.0,0.0,0.0,Hong Kong
Hong Kong,HK,2019-01-27,12:00:00,1548565200,15.9,14.2,18.0,22.5,70.0,0.0,0.0,Hong Kong
Hong Kong,HK,2019-01-28,12:00:00,1548651600,16.4,14.8,19.3,21.6,72.0,0.0,0.0,Hong Kong
Hong Kong,HK,2019-01-29,12:00:00,1548738000,17.0,14.9,19.5,22.3,72.0,0.0,0.0,Hong Kong
Hong Kong,HK,2019-01-30,12:00:00,1548824400,17.9,15.6,20.6,17.4,67.0,0.0,0.0,Hong Kong
Hong Kong,HK,2019-01-31,12:00:00,1548910800,20.0,16.4,23.8,17.0,29.0,0.4,0.0,Hong Kong
Hong Kong,HK,2019-02-01,12:00:00,1548997200,16.8,12.8,19.7,23.6,38.0,0.3,0.0,Hong Kong
Hong Kong,HK,2019-02-02,12:00:00,1549083600,17.9,16.1,20.1,19.6,77.0,0.1,0.0,Hong Kong
Hong Kong,HK,2019-02-03,12:00:00,1549170000,20.3,17.8,23.9,11.6,96.0,0.0,0.0,Hong Kong
Hong Kong,HK,2019-02-04,12:00:00,1549256400,20.5,16.8,24.5,19.0,72.0,0.0,0.0,Hong Kong
Hong Kong,HK,2019-02-05,12:00:00,1549342800,19.5,17.9,21.7,20.4,81.0,0.3,0.0,Hong Kong
Hong Kong,HK,2019-02-06,12:00:00,1549429200,20.7,18.2,23.1,14.6,145.0,1.2,0.0,Hong Kong
Hong Kong,HK,2019-02-07,12:00:00,1549515600,21.6,20.1,24.1,15.3,162.0,0.4,0.0,Hong Kong
Hong Kong,HK,2019-02-08,12:00:00,1549602000,21.0,19.3,23.8,21.6,108.0,3.0,0.0,Hong Kong
Hong Kong,HK,2019-02-09,12:00:00,1549688400,20.0,18.8,22.0,22.3,83.0,1.8,0.0,Hong Kong
Hong Kong,HK,2019-02-10,12:00:00,1549774800,19.2,17.7,21.0,23.5,74.0,1.1,0.0,Hong Kong
Hong Kong,HK,2019-02-11,12:00:00,1549861200,17.6,13.4,20.8,18.4,48.0,0.2,0.0,Hong Kong
Hong Kong,HK,2019-02-12,12:00:00,1549947600,18.4,16.3,21.0,18.1,67.0,0.5,0.0,Hong Kong
Hong Kong,HK,2019-02-13,12:00:00,1550034000,20.2,17.7,23.8,13.4,77.0,0.0,0.0,Hong Kong
Hong Kong,HK,2019-02-14,12:00:00,1550120400,20.0,18.3,22.3,20.5,76.0,0.0,0.0,Hong Kong
Hong Kong,HK,2019-02-15,12:00:00,1550206800,19.5,18.3,21.1,20.0,72.0,0.9,0.0,Hong Kong
Hong Kong,HK,2019-02-16,12:00:00,1550293200,21.1,18.6,24.3,17.7,80.0,0.1,0.0,Hong Kong
Hong Kong,HK,2019-02-17,12:00:00,1550379600,19.3,18.2,21.0,27.8,79.0,1.5,0.0,Hong Kong
Hong Kong,HK,2019-02-18,12:00:00,1550466000,19.1,17.8,20.7,30.7,92.0,8.7,0.0,Hong Kong
Hong Kong,HK,2019-02-19,12:00:00,1550552400,20.1,18.6,21.8,15.5,86.0,21.3,0.0,Hong Kong
Hong Kong,HK,2019-02-20,12:00:00,1550638800,22.2,20.4,24.1,16.7,129.0,3.7,0.0,Hong Kong
Hong Kong,HK,2019-02-21,12:00:00,1550725200,21.6,20.6,22.9,16.9,86.0,1.3,0.0,Hong Kong
Hong Kong,HK,2019-02-22,12:00:00,1550811600,18.7,13.9,21.7,20.5,28.0,3.2,0.0,Hong Kong
Hong Kong,HK,2019-02-23,12:00:00,1550898000,16.9,12.6,20.0,31.8,56.0,19.7,0.0,Hong Kong
Hong Kong,HK,2019-02-24,12:00:00,1550984400,15.6,11.6,20.3,20.8,36.0,1.9,0.0,Hong Kong
Hong Kong,HK,2019-02-25,12:00:00,1551070800,16.7,13.9,19.4,14.4,38.0,2.0,0.0,Hong Kong
Hong Kong,HK,2019-02-26,12:00:00,1551157200,18.9,16.7,21.0,24.2,76.0,1.0,0.0,Hong Kong
Hong Kong,HK,2019-02-27,12:00:00,1551243600,20.3,18.0,23.1,19.3,84.0,0.1,0.0,Hong Kong
Hong Kong,HK,2019-02-28,12:00:00,1551330000,20.8,17.4,24.2,9.8,82.0,0.0,0.0,Hong Kong
Hong Kong,HK,2019-03-01,12:00:00,1551416400,20.5,19.0,22.7,22.4,77.0,0.4,0.0,Hong Kong
Hong Kong,HK,2019-03-02,12:00:00,1551502800,21.1,20.0,22.7,18.0,90.0,0.0,0.0,Hong Kong
Hong Kong,HK,2019-03-03,12:00:00,1551589200,21.0,19.0,23.8,13.7,42.0,32.5,0.0,Hong Kong
Hong Kong,HK,2019-03-04,12:00:00,1551675600,19.8,17.2,22.2,24.6,69.0,3.9,0.0,Hong Kong
Hong Kong,HK,2019-03-05,12:00:00,1551762000,21.7,19.5,24.4,28.4,131.0,26.3,0.0,Hong Kong
Hong Kong,HK,2019-03-06,12:00:00,1551848400,20.6,19.0,21.8,21.7,58.0,22.2,0.0,Hong Kong
Hong Kong,HK,2019-03-07,12:00:00,1551934800,17.0,15.9,18.3,28.0,58.0,27.7,0.0,Hong Kong
Hong Kong,HK,2019-03-08,12:00:00,1552021200,16.8,14.8,18.3,29.9,78.0,9.8,0.0,Hong Kong
Hong Kong,HK,2019-03-09,12:00:00,1552107600,19.2,17.4,21.5,24.6,61.0,10.4,0.0,Hong Kong
Hong Kong,HK,2019-03-10,12:00:00,1552194000,17.1,15.1,19.9,16.7,12.0,2.9,0.0,Hong Kong
Hong Kong,HK,2019-03-11,12:00:00,1552280400,17.1,14.0,21.9,15.0,32.0,5.3,0.0,Hong Kong
Hong Kong,HK,2019-03-12,12:00:00,1552366800,18.7,15.3,21.6,13.5,68.0,0.0,0.0,Hong Kong
Hong Kong,HK,2019-03-13,12:00:00,1552453200,19.9,18.0,22.2,21.0,71.0,2.1,0.0,Hong Kong
Hong Kong,HK,2019-03-14,12:00:00,1552539600,19.3,17.7,21.1,23.2,57.0,9.0,0.0,Hong Kong
Hong Kong,HK,2019-03-15,12:00:00,1552626000,17.8,16.0,21.3,21.4,34.0,4.8,0.0,Hong Kong
Hong Kong,HK,2019-03-16,12:00:00,1552712400,19.3,17.5,21.0,18.6,67.0,0.8,0.0,Hong Kong
Hong Kong,HK,2019-03-17,12:00:00,1552798800,20.3,18.8,22.1,22.8,74.0,0.0,0.0,Hong Kong
Hong Kong,HK,2019-03-18,12:00:00,1552885200,20.4,18.9,22.7,17.4,74.0,0.4,0.0,Hong Kong
Hong Kong,HK,2019-03-19,12:00:00,1552971600,21.6,18.6,24.5,11.9,100.0,0.0,0.0,Hong Kong
Hong Kong,HK,2019-03-20,12:00:00,1553058000,22.8,21.5,25.0,16.7,136.0,2.3,0.0,Hong Kong
Hong Kong,HK,2019-03-21,12:00:00,1553144400,23.5,22.2,25.0,13.8,190.0,1.7,0.0,Hong Kong
Hong Kong,HK,2019-03-22,12:00:00,1553230800,23.9,22.4,25.6,13.7,188.0,1.5,0.0,Hong Kong
Hong Kong,HK,2019-03-23,12:00:00,1553317200,19.5,15.6,22.2,24.7,55.0,12.7,0.0,Hong Kong
Hong Kong,HK,2019-03-24,12:00:00,1553403600,17.5,14.8,19.6,26.7,67.0,4.6,0.0,Hong Kong
Hong Kong,HK,2019-03-25,12:00:00,1553490000,20.0,17.2,23.1,20.3,56.0,0.7,0.0,Hong Kong
Hong Kong,HK,2019-03-26,12:00:00,1553576400,21.4,19.2,23.4,20.2,85.0,0.0,0.0,Hong Kong
Hong Kong,HK,2019-03-27,12:00:00,1553662800,21.6,19.8,23.9,17.6,79.0,0.0,0.0,Hong Kong
Hong Kong,HK,2019-03-28,12:00:00,1553749200,22.7,20.7,25.3,10.8,150.0,0.0,0.0,Hong Kong
Hong Kong,HK,2019-03-29,12:00:00,1553835600,23.3,22.0,25.3,17.1,225.0,0.4,0.0,Hong Kong
Hong Kong,HK,2019-03-30,12:00:00,1553922000,22.4,20.3,24.0,17.9,69.0,1.7,0.0,Hong Kong
Hong Kong,HK,2019-03-31,12:00:00,1554008400,21.6,20.1,23.1,29.0,78.0,15.8,0.0,Hong Kong
Hong Kong,HK,2019-04-01,12:00:00,1554094800,19.6,18.8,20.6,26.0,72.0,3.2,0.0,Hong Kong
Hong Kong,HK,2019-04-02,12:00:00,1554181200,20.6,18.7,22.5,25.1,81.0,0.0,0.0,Hong Kong
Hong Kong,HK,2019-04-03,12:00:00,1554267600,22.1,20.6,24.1,18.9,77.0,0.0,0.0,Hong Kong
Hong Kong,HK,2019-04-04,12:00:00,1554354000,21.4,20.0,23.2,23.9,82.0,0.0,0.0,Hong Kong
Hong Kong,HK,2019-04-05,12:00:00,1554440400,22.4,19.0,25.5,10.4,233.0,0.2,0.0,Hong Kong
Hong Kong,HK,2019-04-06,12:00:00,1554526800,23.1,20.7,25.8,11.4,236.0,0.0,0.0,Hong Kong
Hong Kong,HK,2019-04-07,12:00:00,1554613200,23.6,21.2,25.6,14.3,224.0,0.0,0.0,Hong Kong
Hong Kong,HK,2019-04-08,12:00:00,1554699600,24.4,23.2,25.9,13.4,196.0,1.1,0.0,Hong Kong
Hong Kong,HK,2019-04-09,12:00:00,1554786000,24.7,23.5,26.5,16.3,189.0,1.7,0.0,Hong Kong
Hong Kong,HK,2019-04-10,12:00:00,1554872400,25.1,23.7,27.0,15.6,210.0,0.6,0.0,Hong Kong
Hong Kong,HK,2019-04-11,12:00:00,1554958800,25.3,23.0,27.5,19.5,200.0,11.4,0.0,Hong Kong
Hong Kong,HK,2019-04-12,12:00:00,1555045200,22.6,21.9,23.3,30.7,79.0,2.4,0.0,Hong Kong
Hong Kong,HK,2019-04-13,12:00:00,1555131600,22.9,21.5,24.9,26.7,89.0,6.2,0.0,Hong Kong
Hong Kong,HK,2019-04-14,12:00:00,1555218000,23.3,22.1,25.4,17.8,80.0,9.9,0.0,Hong Kong
Hong Kong,HK,2019-04-15,12:00:00,1555304400,22.3,21.1,24.2,25.0,74.0,4.8,0.0,Hong Kong
Hong Kong,HK,2019-04-16,12:00:00,1555390800,21.3,20.6,22.5,22.7,69.0,24.5,0.0,Hong Kong
Hong Kong,HK,2019-04-17,12:00:00,1555477200,23.1,20.8,25.0,10.7,113.0,0.7,0.0,Hong Kong
Hong Kong,HK,2019-04-18,12:00:00,1555563600,23.6,22.4,25.4,19.7,118.0,61.4,0.0,Hong Kong
Hong Kong,HK,2019-04-19,12:00:00,1555650000,23.5,22.1,25.2,17.5,134.0,27.0,0.0,Hong Kong
Hong Kong,HK,2019-04-20,12:00:00,1555736400,23.8,23.0,26.1,13.3,95.0,19.4,0.0,Hong Kong
Hong Kong,HK,2019-04-21,12:00:00,1555822800,25.1,23.3,27.0,15.0,180.0,2.9,0.0,Hong Kong
Hong Kong,HK,2019-04-22,12:00:00,1555909200,25.5,23.4,27.6,18.7,186.0,2.1,0.0,Hong Kong
Hong Kong,HK,2019-04-23,12:00:00,1555995600,25.8,23.8,27.6,16.8,205.0,3.3,0.0,Hong Kong
Hong Kong,HK,2019-04-24,12:00:00,1556082000,26.1,24.7,27.8,15.7,208.0,1.6,0.0,Hong Kong
Hong Kong,HK,2019-04-25,12:00:00,1556168400,26.5,24.9,28.3,19.7,218.0,0.8,0.0,Hong Kong
Hong Kong,HK,2019-04-26,12:00:00,1556254800,26.1,23.6,28.2,14.8,165.0,10.9,0.0,Hong Kong
Hong Kong,HK,2019-04-27,12:00:00,1556341200,24.9,23.8,26.2,25.2,88.0,2.9,0.0,Hong Kong
Hong Kong,HK,2019-04-28,12:00:00,1556427600,24.6,23.0,26.2,24.1,91.0,2.1,0.0,Hong Kong
Hong Kong,HK,2019-04-29,12:00:00,1556514000,25.7,24.3,27.3,15.6,132.0,2.2,0.0,Hong Kong
Hong Kong,HK,2019-04-30,12:00:00,1556600400,25.5,24.0,27.2,25.0,230.0,13.9,0.0,Hong Kong
Hong Kong,HK,2019-05-01,12:00:00,1556686800,24.0,21.8,26.4,12.5,25.0,4.6,0.0,Hong Kong
Hong Kong,HK,2019-05-02,12:00:00,1556773200,22.7,20.8,24.8,23.9,64.0,12.1,0.0,Hong Kong
Hong Kong,HK,2019-05-03,12:00:00,1556859600,21.6,19.6,23.4,22.2,70.0,2.1,0.0,Hong Kong
Hong Kong,HK,2019-05-04,12:00:00,1556946000,22.6,20.8,23.6,25.8,79.0,19.5,0.0,Hong Kong
Hong Kong,HK,2019-05-05,12:00:00,1557032400,22.8,21.3,24.2,29.7,86.0,14.8,0.0,Hong Kong
Hong Kong,HK,2019-05-06,12:00:00,1557118800,22.6,20.8,24.4,25.2,66.0,7.7,0.0,Hong Kong
Hong Kong,HK,2019-05-07,12:00:00,1557205200,21.0,20.1,23.1,30.9,72.0,23.1,0.0,Hong Kong
Hong Kong,HK,2019-05-08,12:00:00,1557291600,20.9,19.1,22.7,27.6,66.0,19.7,0.0,Hong Kong
Hong Kong,HK,2019-05-09,12:00:00,1557378000,22.7,20.0,25.8,16.9,46.0,4.7,0.0,Hong Kong
Hong Kong,HK,2019-05-10,12:00:00,1557464400,24.0,22.8,26.0,9.7,107.0,2.6,0.0,Hong Kong
Hong Kong,HK,2019-05-11,12:00:00,1557550800,24.5,22.1,26.7,14.1,86.0,0.0,0.0,Hong Kong
Hong Kong,HK,2019-05-12,12:00:00,1557637200,24.6,23.1,26.4,17.5,83.0,0.0,0.0,Hong Kong
Hong Kong,HK,2019-05-13,12:00:00,1557723600,25.1,23.8,26.6,14.3,94.0,0.2,0.0,Hong Kong
Hong Kong,HK,2019-05-14,12:00:00,1557810000,26.0,24.3,27.8,12.4,126.0,0.1,0.0,Hong Kong
Hong Kong,HK,2019-05-15,12:00:00,1557896400,26.2,25.0,27.8,12.0,190.0,1.5,0.0,Hong Kong
Hong Kong,HK,2019-05-16,12:00:00,1557982800,26.9,25.8,28.2,19.7,223.0,1.5,0.0,Hong Kong
Hong Kong,HK,2019-05-17,12:00:00,1558069200,27.2,26.2,28.5,18.6,223.0,2.4,0.0,Hong Kong
Hong Kong,HK,2019-05-18,12:00:00,1558155600,27.6,26.8,29.0,20.0,212.0,2.6,0.0,Hong Kong
Hong Kong,HK,2019-05-19,12:00:00,1558242000,27.9,27.1,29.2,21.7,209.0,5.6,0.0,Hong Kong
Hong Kong,HK,2019-05-20,12:00:00,1558328400,27.5,25.0,29.4,12.7,259.0,31.9,0.0,Hong Kong
Hong Kong,HK,2019-05-21,12:00:00,1558414800,24.8,23.8,26.1,22.1,77.0,15.1,0.0,Hong Kong
Hong Kong,HK,2019-05-22,12:00:00,1558501200,25.1,23.7,27.2,17.4,93.0,5.7,0.0,Hong Kong
Hong Kong,HK,2019-05-23,12:00:00,1558587600,25.6,24.1,27.4,22.0,116.0,6.6,0.0,Hong Kong
Hong Kong,HK,2019-05-24,12:00:00,1558674000,25.3,24.5,26.5,24.1,105.0,6.9,0.0,Hong Kong
Hong Kong,HK,2019-05-25,12:00:00,1558760400,26.0,25.0,27.7,21.5,128.0,8.1,0.0,Hong Kong
Hong Kong,HK,2019-05-26,12:00:00,1558846800,25.7,24.9,27.0,16.4,161.0,24.8,0.0,Hong Kong
Hong Kong,HK,2019-05-27,12:00:00,1558933200,25.8,24.5,27.3,12.3,167.0,22.9,0.0,Hong Kong
Hong Kong,HK,2019-05-28,12:00:00,1559019600,25.6,25.1,26.6,12.6,182.0,14.4,0.0,Hong Kong
Hong Kong,HK,2019-05-29,12:00:00,1559106000,24.5,23.7,25.1,21.4,75.0,101.5,0.0,Hong Kong
Hong Kong,HK,2019-05-30,12:00:00,1559192400,24.5,23.5,25.8,23.9,87.0,12.4,0.0,Hong Kong
Hong Kong,HK,2019-05-31,12:00:00,1559278800,25.3,24.5,26.5,14.6,157.0,20.8,0.0,Hong Kong
Hong Kong,HK,2019-06-01,12:00:00,1559365200,26.2,25.1,27.7,21.8,230.0,18.9,0.0,Hong Kong
Hong Kong,HK,2019-06-02,12:00:00,1559451600,26.7,25.8,27.9,22.1,229.0,15.0,0.0,Hong Kong
Hong Kong,HK,2019-06-03,12:00:00,1559538000,26.3,25.1,27.9,23.3,230.0,33.8,0.0,Hong Kong
Hong Kong,HK,2019-06-04,12:00:00,1559624400,26.6,25.3,28.2,12.6,217.0,6.5,0.0,Hong Kong
Hong Kong,HK,2019-06-05,12:00:00,1559710800,27.3,25.8,29.0,15.9,176.0,8.8,0.0,Hong Kong
Hong Kong,HK,2019-06-06,12:00:00,1559797200,28.1,26.6,29.8,15.5,176.0,3.7,0.0,Hong Kong
Hong Kong,HK,2019-06-07,12:00:00,1559883600,28.2,27.0,29.8,15.7,207.0,2.1,0.0,Hong Kong
Hong Kong,HK,2019-06-08,12:00:00,1559970000,28.3,27.2,29.7,21.4,214.0,3.2,0.0,Hong Kong
Hong Kong,HK,2019-06-09,12:00:00,1560056400,28.3,27.2,29.5,27.5,217.0,4.5,0.0,Hong Kong
Hong Kong,HK,2019-06-10,12:00:00,1560142800,28.4,26.4,30.0,25.2,224.0,5.1,0.0,Hong Kong
Hong Kong,HK,2019-06-11,12:00:00,1560229200,27.2,26.1,28.8,16.3,238.0,25.0,0.0,Hong Kong
Hong Kong,HK,2019-06-12,12:00:00,1560315600,27.2,25.8,29.1,14.1,170.0,18.6,0.0,Hong Kong
Hong Kong,HK,2019-06-13,12:00:00,1560402000,27.7,26.1,29.0,28.3,227.0,15.8,0.0,Hong Kong
Hong Kong,HK,2019-06-14,12:00:00,1560488400,27.1,24.3,30.3,14.1,27.0,15.2,0.0,Hong Kong
Hong Kong,HK,2019-06-15,12:00:00,1560574800,27.1,25.0,29.4,15.2,87.0,2.1,0.0,Hong Kong
Hong Kong,HK,2019-06-16,12:00:00,1560661200,27.1,25.7,28.6,23.8,94.0,0.9,0.0,Hong Kong
Hong Kong,HK,2019-06-17,12:00:00,1560747600,26.8,26.4,27.7,28.2,106.0,21.6,0.0,Hong Kong
Hong Kong,HK,2019-06-18,12:00:00,1560834000,27.5,26.4,28.7,14.6,168.0,10.9,0.0,Hong Kong
Hong Kong,HK,2019-06-19,12:00:00,1560920400,28.0,26.8,29.4,14.1,191.0,6.1,0.0,Hong Kong
Hong Kong,HK,2019-06-20,12:00:00,1561006800,28.3,27.2,29.6,17.9,211.0,3.5,0.0,Hong Kong
Hong Kong,HK,2019-06-21,12:00:00,1561093200,28.7,27.6,29.7,24.8,214.0,6.7,0.0,Hong Kong
Hong Kong,HK,2019-06-22,12:00:00,1561179600,28.9,27.8,30.0,25.5,220.0,4.3,0.0,Hong Kong
Hong Kong,HK,2019-06-23,12:00:00,1561266000,28.9,27.4,30.5,26.0,224.0,7.4,0.0,Hong Kong
Hong Kong,HK,2019-06-24,12:00:00,1561352400,27.8,25.9,28.9,19.4,232.0,11.5,0.0,Hong Kong
Hong Kong,HK,2019-06-25,12:00:00,1561438800,27.4,25.7,28.8,13.0,198.0,18.2,0.0,Hong Kong
Hong Kong,HK,2019-06-26,12:00:00,1561525200,26.7,25.2,28.8,15.6,226.0,25.7,0.0,Hong Kong
Hong Kong,HK,2019-06-27,12:00:00,1561611600,28.5,26.0,29.8,16.2,210.0,3.4,0.0,Hong Kong
Hong Kong,HK,2019-06-28,12:00:00,1561698000,28.5,27.6,29.7,19.4,192.0,6.3,0.0,Hong Kong
Hong Kong,HK,2019-06-29,12:00:00,1561784400,28.7,27.4,29.8,18.7,196.0,5.9,0.0,Hong Kong
Hong Kong,HK,2019-06-30,12:00:00,1561870800,28.5,27.4,30.3,11.2,179.0,21.6,0.0,Hong Kong
Hong Kong,HK,2019-07-01,12:00:00,1561957200,28.3,26.7,29.8,22.0,87.0,15.2,0.0,Hong Kong
Hong Kong,HK,2019-07-02,12:00:00,1562043600,27.8,26.2,29.4,24.6,85.0,15.1,0.0,Hong Kong
Hong Kong,HK,2019-07-03,12:00:00,1562130000,27.4,26.1,28.6,26.5,163.0,33.4,0.0,Hong Kong
Hong Kong,HK,2019-07-04,12:00:00,1562216400,28.4,26.6,30.2,27.7,190.0,7.7,0.0,Hong Kong
Hong Kong,HK,2019-07-05,12:00:00,1562302800,28.5,27.4,30.1,22.8,217.0,4.9,0.0,Hong Kong
Hong Kong,HK,2019-07-06,12:00:00,1562389200,28.4,27.3,29.5,25.7,220.0,7.0,0.0,Hong Kong
Hong Kong,HK,2019-07-07,12:00:00,1562475600,28.3,26.5,30.0,25.4,210.0,6.8,0.0,Hong Kong
Hong Kong,HK,2019-07-08,12:00:00,1562562000,28.6,27.5,29.7,25.2,209.0,7.7,0.0,Hong Kong
Hong Kong,HK,2019-07-09,12:00:00,1562648400,28.5,27.3,29.9,29.0,216.0,9.7,0.0,Hong Kong
Hong Kong,HK,2019-07-10,12:00:00,1562734800,27.5,26.5,28.3,23.0,233.0,16.5,0.0,Hong Kong
Hong Kong,HK,2019-07-11,12:00:00,1562821200,27.0,25.5,28.3,18.4,221.0,53.5,0.0,Hong Kong
Hong Kong,HK,2019-07-12,12:00:00,1562907600,28.1,25.7,29.6,21.7,205.0,4.3,0.0,Hong Kong
Hong Kong,HK,2019-07-13,12:00:00,1562994000,28.6,27.8,29.7,29.4,216.0,5.4,0.0,Hong Kong
Hong Kong,HK,2019-07-14,12:00:00,1563080400,28.5,27.9,29.4,24.2,212.0,4.2,0.0,Hong Kong
Hong Kong,HK,2019-07-15,12:00:00,1563166800,28.7,27.8,30.0,16.1,198.0,1.5,0.0,Hong Kong
Hong Kong,HK,2019-07-16,12:00:00,1563253200,28.5,26.8,30.3,8.7,213.0,1.6,0.0,Hong Kong
Hong Kong,HK,2019-07-17,12:00:00,1563339600,29.9,27.3,33.1,11.8,281.0,1.5,0.0,Hong Kong
Hong Kong,HK,2019-07-18,12:00:00,1563426000,29.6,28.3,31.5,16.8,285.0,10.2,0.0,Hong Kong
Hong Kong,HK,2019-07-19,12:00:00,1563512400,29.0,27.5,31.0,19.7,245.0,16.8,0.0,Hong Kong
Hong Kong,HK,2019-07-20,12:00:00,1563598800,28.6,27.9,29.9,19.7,228.0,10.8,0.0,Hong Kong
Hong Kong,HK,2019-07-21,12:00:00,1563685200,28.2,27.3,29.2,15.8,216.0,5.5,0.0,Hong Kong
Hong Kong,HK,2019-07-22,12:00:00,1563771600,27.7,26.2,28.7,9.5,195.0,9.1,0.0,Hong Kong
Hong Kong,HK,2019-07-23,12:00:00,1563858000,27.6,26.2,29.3,14.4,159.0,4.2,0.0,Hong Kong
Hong Kong,HK,2019-07-24,12:00:00,1563944400,27.8,26.2,29.2,13.1,161.0,3.1,0.0,Hong Kong
Hong Kong,HK,2019-07-25,12:00:00,1564030800,28.3,26.7,29.8,13.4,195.0,1.8,0.0,Hong Kong
Hong Kong,HK,2019-07-26,12:00:00,1564117200,28.9,27.5,30.3,17.1,223.0,1.3,0.0,Hong Kong
Hong Kong,HK,2019-07-27,12:00:00,1564203600,29.1,28.0,30.4,15.3,226.0,0.6,0.0,Hong Kong
Hong Kong,HK,2019-07-28,12:00:00,1564290000,28.2,26.9,28.9,11.9,169.0,8.1,0.0,Hong Kong
Hong Kong,HK,2019-07-29,12:00:00,1564376400,27.2,26.0,29.3,20.9,88.0,18.2,0.0,Hong Kong
Hong Kong,HK,2019-07-30,12:00:00,1564462800,27.3,26.3,29.2,32.8,81.0,13.2,0.0,Hong Kong
Hong Kong,HK,2019-07-31,12:00:00,1564549200,26.0,25.4,27.2,42.9,82.0,56.5,0.0,Hong Kong
Hong Kong,HK,2019-08-01,12:00:00,1564635600,25.9,25.5,26.3,42.4,119.0,90.8,0.0,Hong Kong
Hong Kong,HK,2019-08-02,12:00:00,1564722000,26.6,25.7,27.9,25.8,122.0,32.6,0.0,Hong Kong
Hong Kong,HK,2019-08-03,12:00:00,1564808400,26.2,25.4,27.1,18.8,92.0,21.5,0.0,Hong Kong
Hong Kong,HK,2019-08-04,12:00:00,1564894800,27.5,25.7,29.8,18.9,78.0,6.1,0.0,Hong Kong
Hong Kong,HK,2019-08-05,12:00:00,1564981200,28.4,26.4,30.7,14.5,78.0,0.6,0.0,Hong Kong
Hong Kong,HK,2019-08-06,12:00:00,1565067600,28.6,26.9,31.0,10.2,38.0,4.7,0.0,Hong Kong
Hong Kong,HK,2019-08-07,12:00:00,1565154000,28.6,26.6,30.6,10.7,88.0,0.0,0.0,Hong Kong
Hong Kong,HK,2019-08-08,12:00:00,1565240400,29.2,26.5,32.3,14.6,279.0,2.8,0.0,Hong Kong
Hong Kong,HK,2019-08-09,12:00:00,1565326800,30.1,27.7,33.4,18.3,268.0,0.0,0.0,Hong Kong
Hong Kong,HK,2019-08-10,12:00:00,1565413200,29.3,27.8,31.4,26.1,240.0,2.0,0.0,Hong Kong
Hong Kong,HK,2019-08-11,12:00:00,1565499600,29.0,26.7,31.0,28.5,237.0,8.0,0.0,Hong Kong
Hong Kong,HK,2019-08-12,12:00:00,1565586000,28.8,27.3,30.7,19.0,243.0,21.5,0.0,Hong Kong
Hong Kong,HK,2019-08-13,12:00:00,1565672400,28.9,26.3,31.0,21.4,241.0,5.4,0.0,Hong Kong
Hong Kong,HK,2019-08-14,12:00:00,1565758800,29.0,27.0,30.9,19.0,237.0,5.8,0.0,Hong Kong
Hong Kong,HK,2019-08-15,12:00:00,1565845200,28.7,27.2,30.1,24.0,240.0,10.7,0.0,Hong Kong
Hong Kong,HK,2019-08-16,12:00:00,1565931600,28.3,27.4,29.4,20.7,236.0,17.7,0.0,Hong Kong
Hong Kong,HK,2019-08-17,12:00:00,1566018000,27.6,26.4,28.6,21.6,223.0,19.7,0.0,Hong Kong
Hong Kong,HK,2019-08-18,12:00:00,1566104400,27.2,26.0,28.4,28.2,236.0,19.8,0.0,Hong Kong
Hong Kong,HK,2019-08-19,12:00:00,1566190800,27.4,26.0,30.3,12.6,267.0,15.8,0.0,Hong Kong
Hong Kong,HK,2019-08-20,12:00:00,1566277200,27.6,25.8,29.2,18.6,88.0,2.8,0.0,Hong Kong
Hong Kong,HK,2019-08-21,12:00:00,1566363600,28.1,26.4,30.2,12.3,95.0,0.0,0.0,Hong Kong
Hong Kong,HK,2019-08-22,12:00:00,1566450000,28.3,25.7,30.1,7.2,172.0,0.4,0.0,Hong Kong
Hong Kong,HK,2019-08-23,12:00:00,1566536400,27.8,25.7,29.7,7.5,126.0,15.6,0.0,Hong Kong
Hong Kong,HK,2019-08-24,12:00:00,1566622800,29.9,26.2,32.8,17.6,287.0,0.6,0.0,Hong Kong
Hong Kong,HK,2019-08-25,12:00:00,1566709200,28.5,27.3,30.6,23.0,257.0,24.1,0.0,Hong Kong
Hong Kong,HK,2019-08-26,12:00:00,1566795600,27.6,26.4,28.6,29.7,192.0,14.8,0.0,Hong Kong
Hong Kong,HK,2019-08-27,12:00:00,1566882000,27.9,26.8,29.4,12.4,137.0,4.4,0.0,Hong Kong
Hong Kong,HK,2019-08-28,12:00:00,1566968400,29.1,25.4,33.1,18.7,38.0,0.0,0.0,Hong Kong
Hong Kong,HK,2019-08-29,12:00:00,1567054800,27.7,26.4,29.4,27.5,90.0,9.3,0.0,Hong Kong
Hong Kong,HK,2019-08-30,12:00:00,1567141200,26.6,25.5,27.9,14.4,113.0,25.3,0.0,Hong Kong
Hong Kong,HK,2019-08-31,12:00:00,1567227600,26.1,25.4,26.9,16.4,88.0,25.0,0.0,Hong Kong
Hong Kong,HK,2019-09-01,12:00:00,1567314000,26.2,25.4,28.5,34.8,69.0,34.0,0.0,Hong Kong
Hong Kong,HK,2019-09-02,12:00:00,1567400400,26.1,25.2,26.8,30.0,77.0,33.3,0.0,Hong Kong
Hong Kong,HK,2019-09-03,12:00:00,1567486800,26.8,25.3,29.2,26.9,69.0,10.4,0.0,Hong Kong
Hong Kong,HK,2019-09-04,12:00:00,1567573200,25.8,25.1,26.8,23.7,78.0,24.5,0.0,Hong Kong
Hong Kong,HK,2019-09-05,12:00:00,1567659600,26.1,25.1,27.4,19.4,85.0,24.9,0.0,Hong Kong
Hong Kong,HK,2019-09-06,12:00:00,1567746000,27.5,25.3,29.5,15.7,74.0,2.0,0.0,Hong Kong
Hong Kong,HK,2019-09-07,12:00:00,1567832400,27.9,25.5,31.3,7.6,276.0,6.2,0.0,Hong Kong
Hong Kong,HK,2019-09-08,12:00:00,1567918800,28.6,26.6,31.3,6.8,229.0,3.8,0.0,Hong Kong
Hong Kong,HK,2019-09-09,12:00:00,1568005200,28.0,26.2,30.0,9.0,168.0,2.8,0.0,Hong Kong
Hong Kong,HK,2019-09-10,12:00:00,1568091600,28.2,26.2,29.9,12.2,113.0,1.7,0.0,Hong Kong
Hong Kong,HK,2019-09-11,12:00:00,1568178000,28.7,27.1,30.4,10.3,109.0,0.4,0.0,Hong Kong
Hong Kong,HK,2019-09-12,12:00:00,1568264400,28.7,26.1,31.2,9.3,82.0,0.6,0.0,Hong Kong
Hong Kong,HK,2019-09-13,12:00:00,1568350800,28.1,26.1,29.9,8.6,93.0,1.4,0.0,Hong Kong
Hong Kong,HK,2019-09-14,12:00:00,1568437200,28.1,26.1,30.2,9.0,91.0,3.9,0.0,Hong Kong
Hong Kong,HK,2019-09-15,12:00:00,1568523600,27.5,25.4,29.8,11.1,87.0,4.5,0.0,Hong Kong
Hong Kong,HK,2019-09-16,12:00:00,1568610000,27.8,25.4,30.5,13.5,75.0,20.4,0.0,Hong Kong
Hong Kong,HK,2019-09-17,12:00:00,1568696400,27.3,25.4,29.4,13.4,80.0,5.8,0.0,Hong Kong
Hong Kong,HK,2019-09-18,12:00:00,1568782800,27.6,25.8,30.1,12.2,89.0,2.4,0.0,Hong Kong
Hong Kong,HK,2019-09-19,12:00:00,1568869200,27.2,24.6,30.5,13.0,78.0,2.1,0.0,Hong Kong
Hong Kong,HK,2019-09-20,12:00:00,1568955600,26.5,23.8,30.1,14.5,352.0,0.0,0.0,Hong Kong
Hong Kong,HK,2019-09-21,12:00:00,1569042000,26.1,23.5,29.7,17.7,345.0,0.0,0.0,Hong Kong
Hong Kong,HK,2019-09-22,12:00:00,1569128400,26.0,23.0,28.4,22.5,9.0,0.0,0.0,Hong Kong
Hong Kong,HK,2019-09-23,12:00:00,1569214800,25.6,23.0,28.1,17.7,49.0,0.5,0.0,Hong Kong
Hong Kong,HK,2019-09-24,12:00:00,1569301200,26.0,23.7,28.5,14.5,80.0,0.2,0.0,Hong Kong
Hong Kong,HK,2019-09-25,12:00:00,1569387600,25.6,22.9,27.8,13.1,86.0,0.8,0.0,Hong Kong
Hong Kong,HK,2019-09-26,12:00:00,1569474000,25.6,23.2,27.6,10.6,89.0,0.5,0.0,Hong Kong
Hong Kong,HK,2019-09-27,12:00:00,1569560400,25.8,23.3,29.5,10.8,93.0,0.3,0.0,Hong Kong
Hong Kong,HK,2019-09-28,12:00:00,1569646800,26.2,22.0,29.8,8.1,119.0,0.1,0.0,Hong Kong
Hong Kong,HK,2019-09-29,12:00:00,1569733200,27.7,23.5,31.7,5.5,265.0,0.0,0.0,Hong Kong
Hong Kong,HK,2019-09-30,12:00:00,1569819600,28.7,25.3,33.3,10.8,303.0,0.0,0.0,Hong Kong
Hong Kong,HK,2019-10-01,12:00:00,1569906000,28.6,26.4,32.6,15.3,259.0,0.0,0.0,Hong Kong
Hong Kong,HK,2019-10-02,12:00:00,1569992400,28.2,26.6,30.7,14.0,234.0,0.0,0.0,Hong Kong
Hong Kong,HK,2019-10-03,12:00:00,1570078800,27.5,25.9,30.0,13.4,223.0,0.6,0.0,Hong Kong
Hong Kong,HK,2019-10-04,12:00:00,1570165200,26.9,23.5,29.5,9.0,200.0,0.2,0.0,Hong Kong
Hong Kong,HK,2019-10-05,12:00:00,1570251600,27.8,24.4,30.9,8.2,198.0,0.1,0.0,Hong Kong
Hong Kong,HK,2019-10-06,12:00:00,1570338000,26.6,24.3,28.8,28.3,77.0,18.3,0.0,Hong Kong
Hong Kong,HK,2019-10-07,12:00:00,1570424400,26.1,24.4,28.0,26.6,85.0,12.6,0.0,Hong Kong
Hong Kong,HK,2019-10-08,12:00:00,1570510800,26.7,24.8,29.0,15.1,72.0,1.7,0.0,Hong Kong
Hong Kong,HK,2019-10-09,12:00:00,1570597200,26.6,25.2,28.3,17.9,83.0,1.3,0.0,Hong Kong
Hong Kong,HK,2019-10-10,12:00:00,1570683600,26.1,24.5,27.9,12.9,97.0,1.9,0.0,Hong Kong
Hong Kong,HK,2019-10-11,12:00:00,1570770000,27.0,24.2,30.0,9.8,257.0,0.2,0.0,Hong Kong
Hong Kong,HK,2019-10-12,12:00:00,1570856400,27.4,25.6,29.5,7.9,206.0,3.4,0.0,Hong Kong
Hong Kong,HK,2019-10-13,12:00:00,1570942800,25.3,24.0,26.9,12.9,60.0,38.0,0.0,Hong Kong
Hong Kong,HK,2019-10-14,12:00:00,1571029200,25.1,23.9,27.5,18.3,51.0,9.7,0.0,Hong Kong
Hong Kong,HK,2019-10-15,12:00:00,1571115600,25.0,22.4,27.0,22.7,63.0,17.5,0.0,Hong Kong
Hong Kong,HK,2019-10-16,12:00:00,1571202000,24.5,23.1,25.9,23.5,71.0,1.4,0.0,Hong Kong
Hong Kong,HK,2019-10-17,12:00:00,1571288400,24.4,21.7,27.1,14.3,48.0,0.0,0.0,Hong Kong
Hong Kong,HK,2019-10-18,12:00:00,1571374800,24.6,21.3,27.4,15.0,45.0,0.5,0.0,Hong Kong
Hong Kong,HK,2019-10-19,12:00:00,1571461200,24.3,21.9,27.0,12.4,63.0,0.2,0.0,Hong Kong
Hong Kong,HK,2019-10-20,12:00:00,1571547600,24.1,22.9,25.8,18.3,84.0,0.5,0.0,Hong Kong
Hong Kong,HK,2019-10-21,12:00:00,1571634000,23.8,22.5,25.9,15.0,87.0,0.0,0.0,Hong Kong
Hong Kong,HK,2019-10-22,12:00:00,1571720400,23.4,21.6,24.9,18.7,90.0,0.4,0.0,Hong Kong
Hong Kong,HK,2019-10-23,12:00:00,1571806800,24.1,22.6,25.7,15.5,84.0,0.0,0.0,Hong Kong
Hong Kong,HK,2019-10-24,12:00:00,1571893200,24.7,22.9,26.6,18.5,68.0,0.0,0.0,Hong Kong
Hong Kong,HK,2019-10-25,12:00:00,1571979600,24.9,23.6,26.3,18.9,74.0,0.0,0.0,Hong Kong
Hong Kong,HK,2019-10-26,12:00:00,1572066000,25.0,24.1,26.3,18.3,76.0,0.9,0.0,Hong Kong
Hong Kong,HK,2019-10-27,12:00:00,1572152400,23.9,21.1,26.3,14.7,61.0,0.1,0.0,Hong Kong
Hong Kong,HK,2019-10-28,12:00:00,1572238800,24.0,20.1,26.9,18.4,45.0,3.8,0.0,Hong Kong
Hong Kong,HK,2019-10-29,12:00:00,1572325200,21.5,17.9,24.8,23.0,25.0,0.0,0.0,Hong Kong
Hong Kong,HK,2019-10-30,12:00:00,1572411600,22.6,19.6,26.2,17.4,36.0,0.0,0.0,Hong Kong
Hong Kong,HK,2019-10-31,12:00:00,1572498000,22.7,21.1,24.1,15.3,36.0,1.1,0.0,Hong Kong
Hong Kong,HK,2019-11-01,12:00:00,1572584400,24.4,23.1,26.8,20.6,67.0,0.0,0.0,Hong Kong
Hong Kong,HK,2019-11-02,12:00:00,1572670800,24.1,22.8,26.4,17.8,79.0,0.0,0.0,Hong Kong
Hong Kong,HK,2019-11-03,12:00:00,1572757200,24.5,21.8,27.5,12.3,58.0,0.0,0.0,Hong Kong
Hong Kong,HK,2019-11-04,12:00:00,1572843600,24.0,21.5,28.2,21.3,28.0,0.0,0.0,Hong Kong
Hong Kong,HK,2019-11-05,12:00:00,1572930000,22.5,19.6,26.6,16.4,37.0,0.0,0.0,Hong Kong
Hong Kong,HK,2019-11-06,12:00:00,1573016400,22.3,19.3,24.9,16.3,63.0,0.0,0.0,Hong Kong
Hong Kong,HK,2019-11-07,12:00:00,1573102800,22.8,19.1,26.6,17.6,23.0,0.0,0.0,Hong Kong
Hong Kong,HK,2019-11-08,12:00:00,1573189200,22.0,18.7,26.5,20.7,23.0,0.0,0.0,Hong Kong
Hong Kong,HK,2019-11-09,12:00:00,1573275600,21.3,18.2,24.5,18.2,57.0,0.0,0.0,Hong Kong
Hong Kong,HK,2019-11-10,12:00:00,1573362000,21.2,18.9,24.5,14.5,71.0,0.0,0.0,Hong Kong
Hong Kong,HK,2019-11-11,12:00:00,1573448400,21.3,17.1,24.8,19.2,77.0,0.0,0.0,Hong Kong
Hong Kong,HK,2019-11-12,12:00:00,1573534800,22.5,21.1,24.1,22.0,83.0,0.0,0.0,Hong Kong
Hong Kong,HK,2019-11-13,12:00:00,1573621200,22.9,20.8,25.4,19.0,71.0,0.0,0.0,Hong Kong
Hong Kong,HK,2019-11-14,12:00:00,1573707600,22.0,18.9,25.7,25.6,36.0,0.0,0.0,Hong Kong
Hong Kong,HK,2019-11-15,12:00:00,1573794000,21.6,20.2,23.6,15.1,87.0,0.0,0.0,Hong Kong
Hong Kong,HK,2019-11-16,12:00:00,1573880400,21.5,20.1,23.6,15.6,90.0,0.0,0.0,Hong Kong
Hong Kong,HK,2019-11-17,12:00:00,1573966800,22.3,20.4,24.9,12.6,94.0,0.0,0.0,Hong Kong
Hong Kong,HK,2019-11-18,12:00:00,1574053200,23.0,17.7,28.4,27.0,12.0,0.0,0.0,Hong Kong
Hong Kong,HK,2019-11-19,12:00:00,1574139600,18.6,13.8,22.7,25.1,18.0,0.0,0.0,Hong Kong
Hong Kong,HK,2019-11-20,12:00:00,1574226000,19.7,16.2,23.7,16.8,49.0,0.0,0.0,Hong Kong
Hong Kong,HK,2019-11-21,12:00:00,1574312400,20.8,16.7,24.9,14.5,39.0,0.0,0.0,Hong Kong
Hong Kong,HK,2019-11-22,12:00:00,1574398800,20.4,15.9,25.4,9.5,52.0,0.0,0.0,Hong Kong
Hong Kong,HK,2019-11-23,12:00:00,1574485200,21.9,19.1,25.9,12.9,87.0,0.0,0.0,Hong Kong
Hong Kong,HK,2019-11-24,12:00:00,1574571600,21.6,18.1,25.5,13.1,62.0,0.0,0.0,Hong Kong
Hong Kong,HK,2019-11-25,12:00:00,1574658000,23.2,21.4,26.4,19.8,62.0,0.7,0.0,Hong Kong
Hong Kong,HK,2019-11-26,12:00:00,1574744400,20.6,17.0,23.1,19.5,52.0,0.1,0.0,Hong Kong
Hong Kong,HK,2019-11-27,12:00:00,1574830800,21.7,19.1,24.6,19.7,65.0,0.0,0.0,Hong Kong
Hong Kong,HK,2019-11-28,12:00:00,1574917200,17.8,13.8,21.4,27.4,18.0,0.0,0.0,Hong Kong
Hong Kong,HK,2019-11-29,12:00:00,1575003600,17.6,13.6,21.9,22.1,46.0,0.0,0.0,Hong Kong
Hong Kong,HK,2019-11-30,12:00:00,1575090000,19.2,14.8,22.8,22.5,58.0,0.0,0.0,Hong Kong
Hong Kong,HK,2019-12-01,12:00:00,1575176400,20.6,16.7,26.1,25.3,31.0,0.0,0.0,Hong Kong
Hong Kong,HK,2019-12-02,12:00:00,1575262800,15.8,11.8,19.5,28.9,10.0,0.0,0.0,Hong Kong
Hong Kong,HK,2019-12-03,12:00:00,1575349200,15.0,11.7,18.9,23.7,19.0,0.0,0.0,Hong Kong
Hong Kong,HK,2019-12-04,12:00:00,1575435600,16.4,11.4,20.7,20.3,19.0,0.0,0.0,Hong Kong
Hong Kong,HK,2019-12-05,12:00:00,1575522000,14.4,12.1,17.5,26.4,28.0,2.8,0.0,Hong Kong
Hong Kong,HK,2019-12-06,12:00:00,1575608400,15.4,12.8,19.0,26.7,12.0,0.9,0.0,Hong Kong
Hong Kong,HK,2019-12-07,12:00:00,1575694800,15.2,10.8,19.8,25.2,14.0,0.0,0.0,Hong Kong
Hong Kong,HK,2019-12-08,12:00:00,1575781200,14.7,10.8,19.5,18.3,34.0,0.0,0.0,Hong Kong
Hong Kong,HK,2019-12-09,12:00:00,1575867600,15.3,10.4,20.5,14.3,45.0,0.0,0.0,Hong Kong
Hong Kong,HK,2019-12-10,12:00:00,1575954000,17.2,12.6,20.7,12.1,59.0,0.0,0.0,Hong Kong
Hong Kong,HK,2019-12-11,12:00:00,1576040400,16.9,12.2,22.3,11.5,52.0,0.0,0.0,Hong Kong
Hong Kong,HK,2019-12-12,12:00:00,1576126800,18.3,15.8,21.2,19.6,69.0,0.1,0.0,Hong Kong
Hong Kong,HK,2019-12-13,12:00:00,1576213200,18.5,17.1,21.3,21.3,67.0,0.0,0.0,Hong Kong
Hong Kong,HK,2019-12-14,12:00:00,1576299600,18.7,16.5,22.3,17.3,71.0,0.0,0.0,Hong Kong
Hong Kong,HK,2019-12-15,12:00:00,1576386000,19.1,17.3,21.4,24.0,72.0,0.0,0.0,Hong Kong
Hong Kong,HK,2019-12-16,12:00:00,1576472400,20.2,18.5,23.0,20.4,75.0,0.0,0.0,Hong Kong
Hong Kong,HK,2019-12-17,12:00:00,1576558800,21.4,18.5,24.8,11.6,70.0,0.0,0.0,Hong Kong
Hong Kong,HK,2019-12-18,12:00:00,1576645200,21.5,18.9,25.8,19.5,69.0,0.0,0.0,Hong Kong
Hong Kong,HK,2019-12-19,12:00:00,1576731600,19.7,17.0,23.6,21.8,51.0,0.0,0.0,Hong Kong
Hong Kong,HK,2019-12-20,12:00:00,1576818000,17.3,13.4,20.9,17.8,46.0,0.2,0.0,Hong Kong
Hong Kong,HK,2019-12-21,12:00:00,1576904400,18.0,15.4,20.6,16.0,52.0,0.4,0.0,Hong Kong
Hong Kong,HK,2019-12-22,12:00:00,1576990800,19.5,15.9,23.1,9.8,116.0,0.4,0.0,Hong Kong
Hong Kong,HK,2019-12-23,12:00:00,1577077200,19.0,16.1,21.4,22.1,80.0,0.0,0.0,Hong Kong
Hong Kong,HK,2019-12-24,12:00:00,1577163600,19.3,17.7,22.1,17.7,80.0,0.0,0.0,Hong Kong
Hong Kong,HK,2019-12-25,12:00:00,1577250000,19.1,17.9,21.3,20.7,79.0,0.0,0.0,Hong Kong
Hong Kong,HK,2019-12-26,12:00:00,1577336400,20.5,15.7,25.8,26.3,18.0,0.0,0.0,Hong Kong
Hong Kong,HK,2019-12-27,12:00:00,1577422800,16.2,11.8,20.5,26.5,31.0,0.0,0.0,Hong Kong
Hong Kong,HK,2019-12-28,12:00:00,1577509200,16.8,14.0,19.0,17.3,62.0,0.0,0.0,Hong Kong
Hong Kong,HK,2019-12-29,12:00:00,1577595600,18.0,16.6,19.0,19.4,56.0,14.1,0.0,Hong Kong
Hong Kong,HK,2019-12-30,12:00:00,1577682000,19.6,17.8,22.0,13.1,59.0,4.5,0.0,Hong Kong
Hong Kong,HK,2019-12-31,12:00:00,1577768400,18.7,17.2,20.6,19.6,55.0,0.1,0.0,Hong Kong
Hong Kong,HK,2020-01-01,12:00:00,1577854800,17.2,16.0,18.5,22.1,76.0,0.0,0.0,Hong Kong
Hong Kong,HK,2020-01-02,12:00:00,1577941200,17.4,16.2,19.6,20.7,76.0,0.0,0.0,Hong Kong
Hong Kong,HK,2020-01-03,12:00:00,1578027600,18.2,16.4,21.3,16.8,68.0,0.0,0.0,Hong Kong
Hong Kong,HK,2020-01-04,12:00:00,1578114000,18.6,16.4,21.9,14.1,71.0,0.0,0.0,Hong Kong
Hong Kong,HK,2020-01-05,12:00:00,1578200400,19.0,17.5,21.0,24.9,74.0,0.0,0.0,Hong Kong
Hong Kong,HK,2020-01-06,12:00:00,1578286800,19.7,18.4,22.0,21.1,75.0,0.0,0.0,Hong Kong
Hong Kong,HK,2020-01-07,12:00:00,1578373200,20.9,18.7,23.9,11.2,81.0,0.2,0.0,Hong Kong
Hong Kong,HK,2020-01-08,12:00:00,1578459600,20.6,18.3,25.1,19.2,51.0,0.0,0.0,Hong Kong
Hong Kong,HK,2020-01-09,12:00:00,1578546000,18.4,17.5,19.6,26.9,80.0,0.0,0.0,Hong Kong
Hong Kong,HK,2020-01-10,12:00:00,1578632400,19.2,18.1,21.5,19.3,82.0,0.0,0.0,Hong Kong
Hong Kong,HK,2020-01-11,12:00:00,1578718800,20.1,15.8,23.8,21.3,55.0,0.8,0.0,Hong Kong
Hong Kong,HK,2020-01-12,12:00:00,1578805200,16.0,11.6,20.0,22.7,22.0,0.0,0.0,Hong Kong
Hong Kong,HK,2020-01-13,12:00:00,1578891600,16.8,13.7,19.5,21.1,67.0,1.1,0.0,Hong Kong
Hong Kong,HK,2020-01-14,12:00:00,1578978000,17.9,15.9,20.3,22.4,77.0,0.0,0.0,Hong Kong
Hong Kong,HK,2020-01-15,12:00:00,1579064400,18.8,17.4,20.2,25.3,82.0,0.2,0.0,Hong Kong
Hong Kong,HK,2020-01-16,12:00:00,1579150800,19.4,17.6,22.1,21.3,76.0,0.0,0.0,Hong Kong
Hong Kong,HK,2020-01-17,12:00:00,1579237200,16.8,13.1,20.3,22.0,20.0,0.0,0.0,Hong Kong
Hong Kong,HK,2020-01-18,12:00:00,1579323600,16.2,12.2,18.8,16.1,52.0,0.0,0.0,Hong Kong
Hong Kong,HK,2020-01-19,12:00:00,1579410000,16.3,14.3,17.8,17.3,32.0,0.4,0.0,Hong Kong
Hong Kong,HK,2020-01-20,12:00:00,1579496400,16.2,13.0,19.1,14.5,56.0,0.0,0.0,Hong Kong
Hong Kong,HK,2020-01-21,12:00:00,1579582800,17.8,15.0,19.9,23.3,79.0,0.0,0.0,Hong Kong
Hong Kong,HK,2020-01-22,12:00:00,1579669200,19.6,17.7,22.4,14.2,69.0,0.0,0.0,Hong Kong
Hong Kong,HK,2020-01-23,12:00:00,1579755600,20.9,18.9,23.8,13.0,81.0,0.0,0.0,Hong Kong
Hong Kong,HK,2020-01-24,12:00:00,1579842000,21.0,19.5,23.4,21.3,75.0,0.8,0.0,Hong Kong
Hong Kong,HK,2020-01-25,12:00:00,1579928400,19.5,16.6,22.3,25.4,68.0,7.5,0.0,Hong Kong
Hong Kong,HK,2020-01-26,12:00:00,1580014800,14.5,12.4,16.3,24.1,4.0,8.5,0.0,Hong Kong
Hong Kong,HK,2020-01-27,12:00:00,1580101200,12.3,8.3,17.1,23.4,10.0,0.4,0.0,Hong Kong
Hong Kong,HK,2020-01-28,12:00:00,1580187600,11.8,8.5,16.4,22.2,14.0,1.4,0.0,Hong Kong
Hong Kong,HK,2020-01-29,12:00:00,1580274000,12.5,8.9,17.0,23.7,16.0,0.0,0.0,Hong Kong
Hong Kong,HK,2020-01-30,12:00:00,1580360400,13.3,9.2,17.6,23.7,20.0,0.0,0.0,Hong Kong
Hong Kong,HK,2020-01-31,12:00:00,1580446800,13.6,10.0,16.6,16.3,52.0,0.0,0.0,Hong Kong
Hong Kong,HK,2020-02-01,12:00:00,1580533200,15.2,13.4,16.9,21.6,76.0,0.0,0.0,Hong Kong
Hong Kong,HK,2020-02-02,12:00:00,1580619600,16.5,15.1,18.0,23.2,74.0,0.2,0.0,Hong Kong
Hong Kong,HK,2020-02-03,12:00:00,1580706000,17.4,15.2,20.0,21.0,69.0,1.0,0.0,Hong Kong
Hong Kong,HK,2020-02-04,12:00:00,1580792400,16.8,14.3,19.5,23.8,61.0,3.7,0.0,Hong Kong
Hong Kong,HK,2020-02-05,12:00:00,1580878800,17.2,15.0,19.8,25.6,72.0,0.0,0.0,Hong Kong
Hong Kong,HK,2020-02-06,12:00:00,1580965200,17.1,15.7,18.8,30.8,85.0,0.3,0.0,Hong Kong
Hong Kong,HK,2020-02-07,12:00:00,1581051600,18.6,17.1,21.2,17.7,64.0,0.2,0.0,Hong Kong
Hong Kong,HK,2020-02-08,12:00:00,1581138000,16.5,13.8,19.8,17.3,42.0,0.0,0.0,Hong Kong
Hong Kong,HK,2020-02-09,12:00:00,1581224400,15.3,12.6,18.8,17.6,37.0,0.0,0.0,Hong Kong
Hong Kong,HK,2020-02-10,12:00:00,1581310800,16.1,13.7,18.1,15.5,65.0,0.0,0.0,Hong Kong
Hong Kong,HK,2020-02-11,12:00:00,1581397200,17.7,16.2,19.9,19.7,70.0,2.3,0.0,Hong Kong
Hong Kong,HK,2020-02-12,12:00:00,1581483600,19.9,17.2,23.2,12.2,78.0,0.0,0.0,Hong Kong
Hong Kong,HK,2020-02-13,12:00:00,1581570000,19.2,17.8,20.9,11.9,77.0,5.8,0.0,Hong Kong
Hong Kong,HK,2020-02-14,12:00:00,1581656400,20.1,18.9,22.1,14.4,100.0,9.7,0.0,Hong Kong
Hong Kong,HK,2020-02-15,12:00:00,1581742800,21.2,20.0,22.9,21.0,131.0,6.0,0.0,Hong Kong
Hong Kong,HK,2020-02-16,12:00:00,1581829200,12.4,9.7,17.1,33.8,9.0,6.9,0.0,Hong Kong
Hong Kong,HK,2020-02-17,12:00:00,1581915600,11.8,8.6,15.7,27.2,19.0,0.0,0.0,Hong Kong
Hong Kong,HK,2020-02-18,12:00:00,1582002000,12.9,9.4,15.5,18.0,47.0,0.0,0.0,Hong Kong
Hong Kong,HK,2020-02-19,12:00:00,1582088400,15.3,13.2,17.6,19.2,73.0,0.0,0.0,Hong Kong
Hong Kong,HK,2020-02-20,12:00:00,1582174800,16.8,14.7,19.0,20.7,73.0,0.0,0.0,Hong Kong
Hong Kong,HK,2020-02-21,12:00:00,1582261200,17.5,15.7,20.2,23.7,67.0,0.0,0.0,Hong Kong
Hong Kong,HK,2020-02-22,12:00:00,1582347600,18.3,14.1,22.2,19.6,56.0,0.0,0.0,Hong Kong
Hong Kong,HK,2020-02-23,12:00:00,1582434000,18.2,16.5,20.9,24.0,68.0,0.0,0.0,Hong Kong
Hong Kong,HK,2020-02-24,12:00:00,1582520400,18.6,17.1,20.7,19.8,72.0,0.0,0.0,Hong Kong
Hong Kong,HK,2020-02-25,12:00:00,1582606800,20.4,18.1,23.5,13.4,69.0,0.0,0.0,Hong Kong
Hong Kong,HK,2020-02-26,12:00:00,1582693200,21.2,18.5,24.6,7.7,79.0,0.3,0.0,Hong Kong
Hong Kong,HK,2020-02-27,12:00:00,1582779600,19.4,18.1,21.1,26.8,78.0,0.0,0.0,Hong Kong
Hong Kong,HK,2020-02-28,12:00:00,1582866000,19.2,17.5,21.7,24.3,77.0,0.1,0.0,Hong Kong
Hong Kong,HK,2020-02-29,12:00:00,1582952400,20.5,17.9,23.9,9.3,91.0,0.0,0.0,Hong Kong
Hong Kong,HK,2020-03-01,12:00:00,1583038800,21.7,18.5,25.3,14.0,254.0,0.0,0.0,Hong Kong
Hong Kong,HK,2020-03-02,12:00:00,1583125200,19.7,18.2,21.0,28.7,73.0,0.0,0.0,Hong Kong
Hong Kong,HK,2020-03-03,12:00:00,1583211600,19.3,17.5,21.7,25.2,79.0,0.0,0.0,Hong Kong
Hong Kong,HK,2020-03-04,12:00:00,1583298000,19.3,15.9,22.2,19.7,57.0,3.3,0.0,Hong Kong
Hong Kong,HK,2020-03-05,12:00:00,1583384400,17.0,14.1,20.0,21.4,55.0,2.9,0.0,Hong Kong
Hong Kong,HK,2020-03-06,12:00:00,1583470800,18.1,17.0,19.6,26.0,87.0,0.6,0.0,Hong Kong
Hong Kong,HK,2020-03-07,12:00:00,1583557200,20.7,18.7,23.5,15.0,98.0,0.6,0.0,Hong Kong
Hong Kong,HK,2020-03-08,12:00:00,1583643600,21.7,20.3,23.5,18.9,124.0,5.2,0.0,Hong Kong
Hong Kong,HK,2020-03-09,12:00:00,1583730000,22.4,21.5,24.1,19.2,171.0,2.8,0.0,Hong Kong
Hong Kong,HK,2020-03-10,12:00:00,1583816400,21.0,17.7,23.9,28.2,15.0,3.4,0.0,Hong Kong
Hong Kong,HK,2020-03-11,12:00:00,1583902800,18.0,16.4,20.0,26.7,68.0,3.6,0.0,Hong Kong
Hong Kong,HK,2020-03-12,12:00:00,1583989200,20.3,18.6,22.0,23.8,86.0,3.5,0.0,Hong Kong
Hong Kong,HK,2020-03-13,12:00:00,1584075600,21.8,20.4,24.0,12.1,103.0,0.6,0.0,Hong Kong
Hong Kong,HK,2020-03-14,12:00:00,1584162000,19.8,17.2,23.1,26.0,40.0,3.0,0.0,Hong Kong
Hong Kong,HK,2020-03-15,12:00:00,1584248400,18.9,16.4,21.3,19.3,69.0,0.0,0.0,Hong Kong
Hong Kong,HK,2020-03-16,12:00:00,1584334800,19.4,17.6,20.8,25.9,82.0,0.0,0.0,Hong Kong
Hong Kong,HK,2020-03-17,12:00:00,1584421200,20.2,18.8,22.6,17.7,74.0,0.6,0.0,Hong Kong
Hong Kong,HK,2020-03-18,12:00:00,1584507600,20.2,18.9,23.1,12.5,75.0,5.7,0.0,Hong Kong
Hong Kong,HK,2020-03-19,12:00:00,1584594000,21.0,19.2,23.6,13.7,87.0,3.2,0.0,Hong Kong
Hong Kong,HK,2020-03-20,12:00:00,1584680400,21.2,20.0,23.4,16.0,84.0,4.5,0.0,Hong Kong
Hong Kong,HK,2020-03-21,12:00:00,1584766800,22.1,20.9,23.9,15.8,117.0,3.0,0.0,Hong Kong
Hong Kong,HK,2020-03-22,12:00:00,1584853200,22.4,20.7,24.3,11.8,193.0,1.3,0.0,Hong Kong
Hong Kong,HK,2020-03-23,12:00:00,1584939600,22.3,19.6,25.2,15.5,191.0,0.0,0.0,Hong Kong
Hong Kong,HK,2020-03-24,12:00:00,1585026000,21.5,20.4,23.9,21.3,84.0,0.4,0.0,Hong Kong
Hong Kong,HK,2020-03-25,12:00:00,1585112400,21.8,20.7,23.8,20.4,87.0,0.2,0.0,Hong Kong
Hong Kong,HK,2020-03-26,12:00:00,1585198800,22.7,21.2,25.0,14.5,101.0,2.8,0.0,Hong Kong
Hong Kong,HK,2020-03-27,12:00:00,1585285200,23.1,21.6,24.9,15.7,99.0,0.4,0.0,Hong Kong
Hong Kong,HK,2020-03-28,12:00:00,1585371600,22.8,19.5,26.2,21.3,64.0,12.3,0.0,Hong Kong
Hong Kong,HK,2020-03-29,12:00:00,1585458000,21.3,19.6,23.9,31.6,93.0,0.8,0.0,Hong Kong
Hong Kong,HK,2020-03-30,12:00:00,1585544400,21.7,20.5,23.2,21.0,85.0,7.9,0.0,Hong Kong
Hong Kong,HK,2020-03-31,12:00:00,1585630800,22.0,19.4,24.5,20.5,87.0,13.9,0.0,Hong Kong
Hong Kong,HK,2020-04-01,12:00:00,1585717200,19.7,17.2,22.2,21.5,51.0,1.7,0.0,Hong Kong
Hong Kong,HK,2020-04-02,12:00:00,1585803600,21.0,19.3,23.0,29.4,83.0,1.0,0.0,Hong Kong
Hong Kong,HK,2020-04-03,12:00:00,1585890000,21.3,20.3,23.4,24.9,79.0,2.4,0.0,Hong Kong
Hong Kong,HK,2020-04-04,12:00:00,1585976400,21.0,19.2,23.2,21.5,65.0,2.0,0.0,Hong Kong
Hong Kong,HK,2020-04-05,12:00:00,1586062800,18.4,17.2,20.4,25.5,72.0,10.6,0.0,Hong Kong
Hong Kong,HK,2020-04-06,12:00:00,1586149200,17.2,16.3,17.9,25.0,63.0,19.5,0.0,Hong Kong
Hong Kong,HK,2020-04-07,12:00:00,1586235600,18.8,16.3,22.1,14.7,55.0,2.7,0.0,Hong Kong
Hong Kong,HK,2020-04-08,12:00:00,1586322000,19.9,18.7,21.6,18.3,77.0,0.1,0.0,Hong Kong
Hong Kong,HK,2020-04-09,12:00:00,1586408400,20.5,18.5,22.7,14.6,84.0,0.0,0.0,Hong Kong
Hong Kong,HK,2020-04-10,12:00:00,1586494800,20.7,19.3,22.3,23.8,82.0,0.0,0.0,Hong Kong
Hong Kong,HK,2020-04-11,12:00:00,1586581200,22.1,19.0,24.3,20.1,89.0,12.7,0.0,Hong Kong
Hong Kong,HK,2020-04-12,12:00:00,1586667600,18.7,15.0,21.7,30.1,15.0,0.5,0.0,Hong Kong
Hong Kong,HK,2020-04-13,12:00:00,1586754000,17.9,14.3,21.5,21.6,40.0,0.0,0.0,Hong Kong
Hong Kong,HK,2020-04-14,12:00:00,1586840400,19.4,16.0,21.6,13.7,71.0,0.0,0.0,Hong Kong
Hong Kong,HK,2020-04-15,12:00:00,1586926800,19.6,15.6,22.6,10.7,182.0,0.0,0.0,Hong Kong
Hong Kong,HK,2020-04-16,12:00:00,1587013200,21.1,17.2,23.6,10.0,154.0,0.0,0.0,Hong Kong
Hong Kong,HK,2020-04-17,12:00:00,1587099600,22.3,20.2,25.3,13.0,103.0,0.0,0.0,Hong Kong
Hong Kong,HK,2020-04-18,12:00:00,1587186000,22.4,19.6,25.1,9.8,123.0,0.0,0.0,Hong Kong
Hong Kong,HK,2020-04-19,12:00:00,1587272400,23.4,21.1,25.5,9.4,192.0,0.0,0.0,Hong Kong
Hong Kong,HK,2020-04-20,12:00:00,1587358800,24.3,22.1,26.6,12.9,219.0,0.4,0.0,Hong Kong
Hong Kong,HK,2020-04-21,12:00:00,1587445200,24.3,23.4,25.7,16.3,155.0,6.1,0.0,Hong Kong
Hong Kong,HK,2020-04-22,12:00:00,1587531600,22.4,19.8,23.9,24.9,83.0,9.0,0.0,Hong Kong
Hong Kong,HK,2020-04-23,12:00:00,1587618000,20.3,19.4,21.0,26.6,69.0,7.1,0.0,Hong Kong
Hong Kong,HK,2020-04-24,12:00:00,1587704400,19.0,17.3,21.9,15.5,26.0,2.0,0.0,Hong Kong
Hong Kong,HK,2020-04-25,12:00:00,1587790800,19.6,17.2,22.2,12.7,40.0,0.7,0.0,Hong Kong
Hong Kong,HK,2020-04-26,12:00:00,1587877200,21.1,18.1,25.4,13.2,297.0,1.7,0.0,Hong Kong
Hong Kong,HK,2020-04-27,12:00:00,1587963600,22.7,19.9,25.7,13.3,72.0,0.0,0.0,Hong Kong
Hong Kong,HK,2020-04-28,12:00:00,1588050000,22.4,19.7,25.2,19.1,79.0,0.0,0.0,Hong Kong
Hong Kong,HK,2020-04-29,12:00:00,1588136400,22.2,19.5,24.6,21.8,80.0,0.0,0.0,Hong Kong
Hong Kong,HK,2020-04-30,12:00:00,1588222800,22.6,18.9,25.7,13.4,101.0,0.0,0.0,Hong Kong
Hong Kong,HK,2020-05-01,12:00:00,1588309200,23.8,21.1,26.2,9.2,156.0,0.2,0.0,Hong Kong
Hong Kong,HK,2020-05-02,12:00:00,1588395600,24.0,21.5,26.1,14.8,202.0,0.4,0.0,Hong Kong
Hong Kong,HK,2020-05-03,12:00:00,1588482000,25.3,23.3,28.2,16.9,229.0,0.0,0.0,Hong Kong
Hong Kong,HK,2020-05-04,12:00:00,1588568400,26.1,24.3,28.8,20.3,223.0,0.4,0.0,Hong Kong
Hong Kong,HK,2020-05-05,12:00:00,1588654800,26.2,24.9,27.9,23.7,220.0,3.0,0.0,Hong Kong
Hong Kong,HK,2020-05-06,12:00:00,1588741200,26.6,25.7,28.3,18.0,202.0,5.3,0.0,Hong Kong
Hong Kong,HK,2020-05-07,12:00:00,1588827600,26.9,25.9,28.7,22.0,181.0,5.7,0.0,Hong Kong
Hong Kong,HK,2020-05-08,12:00:00,1588914000,27.0,26.0,28.4,21.7,190.0,9.2,0.0,Hong Kong
Hong Kong,HK,2020-05-09,12:00:00,1589000400,27.2,26.3,28.9,19.9,206.0,7.6,0.0,Hong Kong
Hong Kong,HK,2020-05-10,12:00:00,1589086800,27.2,25.2,29.2,18.1,222.0,1.4,0.0,Hong Kong
Hong Kong,HK,2020-05-11,12:00:00,1589173200,27.0,24.9,30.0,14.5,234.0,8.3,0.0,Hong Kong
Hong Kong,HK,2020-05-12,12:00:00,1589259600,26.1,23.9,28.7,7.7,290.0,23.2,0.0,Hong Kong
Hong Kong,HK,2020-05-13,12:00:00,1589346000,26.1,24.4,27.6,21.6,101.0,5.5,0.0,Hong Kong
Hong Kong,HK,2020-05-14,12:00:00,1589432400,26.6,25.5,28.0,18.8,125.0,3.1,0.0,Hong Kong
Hong Kong,HK,2020-05-15,12:00:00,1589518800,27.1,26.0,28.9,14.6,143.0,2.1,0.0,Hong Kong
Hong Kong,HK,2020-05-16,12:00:00,1589605200,26.9,25.2,28.7,11.5,129.0,0.8,0.0,Hong Kong
Hong Kong,HK,2020-05-17,12:00:00,1589691600,27.2,25.8,29.1,17.6,208.0,0.3,0.0,Hong Kong
Hong Kong,HK,2020-05-18,12:00:00,1589778000,26.1,24.8,27.3,23.3,235.0,24.5,0.0,Hong Kong
Hong Kong,HK,2020-05-19,12:00:00,1589864400,26.0,24.3,27.9,12.5,204.0,8.5,0.0,Hong Kong
Hong Kong,HK,2020-05-20,12:00:00,1589950800,26.2,24.7,28.3,18.0,120.0,9.5,0.0,Hong Kong
Hong Kong,HK,2020-05-21,12:00:00,1590037200,26.4,25.3,28.0,28.3,213.0,50.8,0.0,Hong Kong
Hong Kong,HK,2020-05-22,12:00:00,1590123600,26.9,25.0,28.4,27.3,253.0,27.8,0.0,Hong Kong
Hong Kong,HK,2020-05-23,12:00:00,1590210000,25.7,25.1,27.1,16.7,81.0,2.8,0.0,Hong Kong
Hong Kong,HK,2020-05-24,12:00:00,1590296400,26.1,25.1,27.5,16.2,98.0,1.0,0.0,Hong Kong
Hong Kong,HK,2020-05-25,12:00:00,1590382800,26.5,25.3,27.5,14.5,155.0,28.1,0.0,Hong Kong
Hong Kong,HK,2020-05-26,12:00:00,1590469200,26.9,25.3,28.5,16.1,232.0,10.2,0.0,Hong Kong
Hong Kong,HK,2020-05-27,12:00:00,1590555600,26.3,25.3,27.3,12.3,208.0,10.4,0.0,Hong Kong
Hong Kong,HK,2020-05-28,12:00:00,1590642000,26.3,24.5,27.9,12.0,119.0,2.9,0.0,Hong Kong
Hong Kong,HK,2020-05-29,12:00:00,1590728400,26.7,24.8,28.4,12.7,141.0,2.5,0.0,Hong Kong
Hong Kong,HK,2020-05-30,12:00:00,1590814800,26.0,24.8,27.1,22.0,222.0,35.3,0.0,Hong Kong
Hong Kong,HK,2020-05-31,12:00:00,1590901200,26.4,25.0,27.6,17.8,220.0,42.9,0.0,Hong Kong
Hong Kong,HK,2020-06-01,12:00:00,1590987600,27.4,25.8,28.5,19.0,219.0,2.6,0.0,Hong Kong
Hong Kong,HK,2020-06-02,12:00:00,1591074000,27.5,26.0,29.0,19.9,209.0,5.9,0.0,Hong Kong
Hong Kong,HK,2020-06-03,12:00:00,1591160400,28.0,26.7,29.7,21.6,204.0,3.2,0.0,Hong Kong
Hong Kong,HK,2020-06-04,12:00:00,1591246800,27.9,26.8,29.5,23.4,208.0,6.3,0.0,Hong Kong
Hong Kong,HK,2020-06-05,12:00:00,1591333200,28.1,27.1,29.3,25.6,212.0,9.4,0.0,Hong Kong
Hong Kong,HK,2020-06-06,12:00:00,1591419600,26.6,24.6,28.5,23.5,217.0,20.1,0.0,Hong Kong
Hong Kong,HK,2020-06-07,12:00:00,1591506000,25.8,25.0,27.3,25.3,214.0,84.5,0.0,Hong Kong
Hong Kong,HK,2020-06-08,12:00:00,1591592400,26.5,25.2,28.2,21.4,211.0,39.3,0.0,Hong Kong
Hong Kong,HK,2020-06-09,12:00:00,1591678800,27.5,26.1,28.5,21.7,207.0,7.6,0.0,Hong Kong
Hong Kong,HK,2020-06-10,12:00:00,1591765200,28.0,26.3,29.7,16.9,206.0,3.8,0.0,Hong Kong
Hong Kong,HK,2020-06-11,12:00:00,1591851600,28.0,26.9,29.3,13.2,200.0,2.5,0.0,Hong Kong
Hong Kong,HK,2020-06-12,12:00:00,1591938000,27.8,26.5,29.7,11.2,154.0,2.5,0.0,Hong Kong
Hong Kong,HK,2020-06-13,12:00:00,1592024400,28.1,26.6,30.1,30.5,75.0,7.3,0.0,Hong Kong
Hong Kong,HK,2020-06-14,12:00:00,1592110800,27.5,25.9,29.0,31.3,153.0,16.3,0.0,Hong Kong
Hong Kong,HK,2020-06-15,12:00:00,1592197200,27.4,25.8,29.2,22.1,185.0,16.9,0.0,Hong Kong
Hong Kong,HK,2020-06-16,12:00:00,1592283600,28.0,26.8,29.6,21.6,203.0,4.1,0.0,Hong Kong
Hong Kong,HK,2020-06-17,12:00:00,1592370000,28.2,27.1,29.7,21.3,201.0,3.0,0.0,Hong Kong
Hong Kong,HK,2020-06-18,12:00:00,1592456400,28.1,27.2,29.3,18.9,207.0,4.5,0.0,Hong Kong
Hong Kong,HK,2020-06-19,12:00:00,1592542800,28.4,27.1,30.0,15.6,209.0,1.3,0.0,Hong Kong
Hong Kong,HK,2020-06-20,12:00:00,1592629200,28.5,27.4,30.1,18.8,213.0,1.4,0.0,Hong Kong
Hong Kong,HK,2020-06-21,12:00:00,1592715600,28.4,27.3,30.0,23.9,216.0,5.9,0.0,Hong Kong
Hong Kong,HK,2020-06-22,12:00:00,1592802000,28.7,27.6,30.0,21.5,215.0,4.7,0.0,Hong Kong
Hong Kong,HK,2020-06-23,12:00:00,1592888400,28.8,28.0,30.2,24.2,223.0,2.2,0.0,Hong Kong
Hong Kong,HK,2020-06-24,12:00:00,1592974800,28.7,27.4,30.1,24.1,218.0,3.1,0.0,Hong Kong
Hong Kong,HK,2020-06-25,12:00:00,1593061200,28.2,26.9,29.5,24.4,209.0,5.4,0.0,Hong Kong
Hong Kong,HK,2020-06-26,12:00:00,1593147600,28.5,27.0,29.9,22.1,201.0,4.1,0.0,Hong Kong
Hong Kong,HK,2020-06-27,12:00:00,1593234000,28.2,27.4,29.3,18.3,195.0,3.2,0.0,Hong Kong
Hong Kong,HK,2020-06-28,12:00:00,1593320400,28.4,27.2,29.9,15.9,195.0,2.8,0.0,Hong Kong
Hong Kong,HK,2020-06-29,12:00:00,1593406800,28.1,26.5,29.2,14.4,181.0,4.2,0.0,Hong Kong
Hong Kong,HK,2020-06-30,12:00:00,1593493200,28.6,27.4,30.0,12.7,193.0,1.1,0.0,Hong Kong
Hong Kong,HK,2020-07-01,12:00:00,1593579600,28.3,27.4,29.6,15.0,146.0,2.7,0.0,Hong Kong
Hong Kong,HK,2020-07-02,12:00:00,1593666000,28.1,27.0,29.1,18.7,173.0,6.4,0.0,Hong Kong
Hong Kong,HK,2020-07-03,12:00:00,1593752400,27.6,26.7,28.5,19.8,175.0,9.1,0.0,Hong Kong
Hong Kong,HK,2020-07-04,12:00:00,1593838800,27.8,26.9,28.8,15.7,188.0,9.1,0.0,Hong Kong
Hong Kong,HK,2020-07-05,12:00:00,1593925200,28.0,27.2,29.5,19.7,206.0,5.7,0.0,Hong Kong
Hong Kong,HK,2020-07-06,12:00:00,1594011600,28.5,27.2,30.1,22.4,209.0,4.8,0.0,Hong Kong
Hong Kong,HK,2020-07-07,12:00:00,1594098000,28.7,27.5,30.0,21.6,212.0,5.2,0.0,Hong Kong
Hong Kong,HK,2020-07-08,12:00:00,1594184400,28.6,27.6,30.1,28.0,225.0,2.3,0.0,Hong Kong
Hong Kong,HK,2020-07-09,12:00:00,1594270800,28.9,28.3,29.9,29.5,219.0,4.0,0.0,Hong Kong
Hong Kong,HK,2020-07-10,12:00:00,1594357200,28.7,28.0,29.6,26.5,203.0,7.7,0.0,Hong Kong
Hong Kong,HK,2020-07-11,12:00:00,1594443600,28.7,27.9,30.1,24.5,197.0,4.6,0.0,Hong Kong
Hong Kong,HK,2020-07-12,12:00:00,1594530000,28.4,27.2,30.0,16.3,192.0,2.6,0.0,Hong Kong
Hong Kong,HK,2020-07-13,12:00:00,1594616400,28.4,26.9,29.8,15.5,218.0,2.5,0.0,Hong Kong
Hong Kong,HK,2020-07-14,12:00:00,1594702800,29.1,27.5,31.3,17.1,240.0,0.0,0.0,Hong Kong
Hong Kong,HK,2020-07-15,12:00:00,1594789200,29.1,28.3,30.9,19.4,234.0,0.0,0.0,Hong Kong
Hong Kong,HK,2020-07-16,12:00:00,1594875600,28.8,27.6,30.1,20.7,218.0,2.6,0.0,Hong Kong
Hong Kong,HK,2020-07-17,12:00:00,1594962000,28.5,26.7,30.3,20.7,205.0,4.4,0.0,Hong Kong
Hong Kong,HK,2020-07-18,12:00:00,1595048400,28.8,27.5,30.5,19.7,207.0,2.0,0.0,Hong Kong
Hong Kong,HK,2020-07-19,12:00:00,1595134800,28.7,27.8,30.0,21.3,205.0,4.2,0.0,Hong Kong
Hong Kong,HK,2020-07-20,12:00:00,1595221200,28.8,27.6,30.4,14.9,199.0,0.7,0.0,Hong Kong
Hong Kong,HK,2020-07-21,12:00:00,1595307600,28.5,26.8,30.2,9.4,137.0,1.7,0.0,Hong Kong
Hong Kong,HK,2020-07-22,12:00:00,1595394000,28.6,27.7,29.9,12.5,119.0,4.7,0.0,Hong Kong
Hong Kong,HK,2020-07-23,12:00:00,1595480400,29.0,27.7,30.9,12.3,179.0,1.2,0.0,Hong Kong
Hong Kong,HK,2020-07-24,12:00:00,1595566800,29.1,27.4,31.5,15.9,220.0,1.0,0.0,Hong Kong
Hong Kong,HK,2020-07-25,12:00:00,1595653200,29.5,28.2,32.1,18.4,223.0,0.0,0.0,Hong Kong
Hong Kong,HK,2020-07-26,12:00:00,1595739600,29.4,28.3,31.4,20.9,221.0,1.0,0.0,Hong Kong
Hong Kong,HK,2020-07-27,12:00:00,1595826000,28.8,27.4,30.5,19.2,211.0,3.4,0.0,Hong Kong
Hong Kong,HK,2020-07-28,12:00:00,1595912400,28.8,27.4,30.4,16.5,203.0,1.9,0.0,Hong Kong
Hong Kong,HK,2020-07-29,12:00:00,1595998800,28.9,26.9,31.0,13.3,140.0,6.1,0.0,Hong Kong
Hong Kong,HK,2020-07-30,12:00:00,1596085200,28.3,26.6,30.3,18.8,81.0,5.4,0.0,Hong Kong
Hong Kong,HK,2020-07-31,12:00:00,1596171600,26.7,25.9,27.5,39.6,87.0,28.9,0.0,Hong Kong
Hong Kong,HK,2020-08-01,12:00:00,1596258000,26.4,25.8,27.5,38.1,106.0,50.0,0.0,Hong Kong
Hong Kong,HK,2020-08-02,12:00:00,1596344400,26.1,25.6,27.1,26.6,120.0,55.2,0.0,Hong Kong
Hong Kong,HK,2020-08-03,12:00:00,1596430800,26.1,25.5,27.1,19.4,132.0,43.5,0.0,Hong Kong
Hong Kong,HK,2020-08-04,12:00:00,1596517200,26.3,25.2,27.6,11.4,163.0,22.5,0.0,Hong Kong
Hong Kong,HK,2020-08-05,12:00:00,1596603600,26.4,25.2,28.3,26.1,167.0,54.2,0.0,Hong Kong
Hong Kong,HK,2020-08-06,12:00:00,1596690000,27.8,26.3,29.8,14.2,103.0,7.1,0.0,Hong Kong
Hong Kong,HK,2020-08-07,12:00:00,1596776400,28.0,26.3,29.7,15.6,105.0,3.2,0.0,Hong Kong
Hong Kong,HK,2020-08-08,12:00:00,1596862800,28.4,27.0,30.0,12.5,119.0,1.8,0.0,Hong Kong
Hong Kong,HK,2020-08-09,12:00:00,1596949200,28.5,26.8,30.5,13.3,184.0,0.2,0.0,Hong Kong
Hong Kong,HK,2020-08-10,12:00:00,1597035600,28.6,27.5,30.3,12.7,208.0,1.0,0.0,Hong Kong
Hong Kong,HK,2020-08-11,12:00:00,1597122000,28.4,27.2,30.4,19.6,186.0,4.0,0.0,Hong Kong
Hong Kong,HK,2020-08-12,12:00:00,1597208400,26.6,25.9,27.7,19.2,153.0,22.5,0.0,Hong Kong
Hong Kong,HK,2020-08-13,12:00:00,1597294800,27.0,25.8,28.6,18.0,139.0,14.8,0.0,Hong Kong
Hong Kong,HK,2020-08-14,12:00:00,1597381200,27.5,25.7,29.5,11.5,159.0,4.4,0.0,Hong Kong
Hong Kong,HK,2020-08-15,12:00:00,1597467600,27.8,26.8,29.3,10.8,183.0,1.4,0.0,Hong Kong
Hong Kong,HK,2020-08-16,12:00:00,1597554000,27.5,26.1,29.4,15.2,103.0,6.1,0.0,Hong Kong
Hong Kong,HK,2020-08-17,12:00:00,1597640400,26.8,25.7,28.5,14.4,97.0,11.4,0.0,Hong Kong
Hong Kong,HK,2020-08-18,12:00:00,1597726800,26.6,25.4,29.1,40.1,53.0,38.3,0.0,Hong Kong
Hong Kong,HK,2020-08-19,12:00:00,1597813200,26.1,25.3,26.8,53.1,138.0,91.9,0.0,Hong Kong
Hong Kong,HK,2020-08-20,12:00:00,1597899600,27.5,26.5,28.8,15.5,101.0,7.8,0.0,Hong Kong
Hong Kong,HK,2020-08-21,12:00:00,1597986000,27.9,26.4,29.7,11.8,92.0,2.9,0.0,Hong Kong
Hong Kong,HK,2020-08-22,12:00:00,1598072400,28.0,25.5,30.3,8.3,131.0,1.3,0.0,Hong Kong
Hong Kong,HK,2020-08-23,12:00:00,1598158800,28.3,25.8,30.6,9.3,172.0,0.9,0.0,Hong Kong
Hong Kong,HK,2020-08-24,12:00:00,1598245200,28.9,27.4,31.0,18.9,243.0,1.6,0.0,Hong Kong
Hong Kong,HK,2020-08-25,12:00:00,1598331600,28.8,27.8,30.9,22.1,239.0,2.7,0.0,Hong Kong
Hong Kong,HK,2020-08-26,12:00:00,1598418000,27.6,26.4,28.4,24.0,231.0,17.2,0.0,Hong Kong
Hong Kong,HK,2020-08-27,12:00:00,1598504400,27.0,25.8,28.1,14.1,247.0,17.0,0.0,Hong Kong
Hong Kong,HK,2020-08-28,12:00:00,1598590800,27.9,25.5,31.5,8.3,197.0,3.0,0.0,Hong Kong
Hong Kong,HK,2020-08-29,12:00:00,1598677200,28.5,26.0,30.8,6.6,239.0,2.3,0.0,Hong Kong
Hong Kong,HK,2020-08-30,12:00:00,1598763600,28.6,26.5,30.5,11.7,95.0,0.6,0.0,Hong Kong
Hong Kong,HK,2020-08-31,12:00:00,1598850000,28.2,26.6,30.6,12.2,38.0,10.2,0.0,Hong Kong
Hong Kong,HK,2020-09-01,12:00:00,1598936400,28.4,25.8,31.5,9.9,267.0,16.6,0.0,Hong Kong
Hong Kong,HK,2020-09-02,12:00:00,1599022800,29.2,26.6,32.0,12.6,273.0,2.1,0.0,Hong Kong
Hong Kong,HK,2020-09-03,12:00:00,1599109200,29.0,27.2,31.4,9.0,246.0,3.9,0.0,Hong Kong
Hong Kong,HK,2020-09-04,12:00:00,1599195600,27.7,26.1,29.3,12.8,117.0,3.6,0.0,Hong Kong
Hong Kong,HK,2020-09-05,12:00:00,1599282000,27.3,25.6,28.8,13.0,90.0,9.8,0.0,Hong Kong
Hong Kong,HK,2020-09-06,12:00:00,1599368400,27.2,26.2,28.0,10.0,142.0,6.9,0.0,Hong Kong
Hong Kong,HK,2020-09-07,12:00:00,1599454800,26.5,25.6,27.4,11.8,147.0,28.3,0.0,Hong Kong
Hong Kong,HK,2020-09-08,12:00:00,1599541200,26.5,25.8,27.6,13.0,154.0,20.5,0.0,Hong Kong
Hong Kong,HK,2020-09-09,12:00:00,1599627600,26.8,25.3,27.8,8.4,150.0,11.6,0.0,Hong Kong
Hong Kong,HK,2020-09-10,12:00:00,1599714000,26.4,25.6,27.5,16.2,212.0,66.6,0.0,Hong Kong
Hong Kong,HK,2020-09-11,12:00:00,1599800400,27.6,25.9,28.8,12.5,215.0,5.5,0.0,Hong Kong
Hong Kong,HK,2020-09-12,12:00:00,1599886800,27.1,25.7,30.5,8.8,246.0,20.7,0.0,Hong Kong
Hong Kong,HK,2020-09-13,12:00:00,1599973200,26.7,25.1,29.0,13.0,77.0,18.7,0.0,Hong Kong
Hong Kong,HK,2020-09-14,12:00:00,1600059600,26.7,25.5,28.4,19.2,79.0,15.0,0.0,Hong Kong
Hong Kong,HK,2020-09-15,12:00:00,1600146000,26.4,25.7,27.5,24.8,101.0,18.7,0.0,Hong Kong
Hong Kong,HK,2020-09-16,12:00:00,1600232400,27.8,26.2,29.7,19.9,91.0,5.9,0.0,Hong Kong
Hong Kong,HK,2020-09-17,12:00:00,1600318800,27.4,26.2,29.1,27.1,81.0,17.0,0.0,Hong Kong
Hong Kong,HK,2020-09-18,12:00:00,1600405200,26.8,26.2,27.9,26.3,101.0,24.7,0.0,Hong Kong
Hong Kong,HK,2020-09-19,12:00:00,1600491600,26.6,25.9,28.2,20.6,131.0,33.3,0.0,Hong Kong
Hong Kong,HK,2020-09-20,12:00:00,1600578000,27.3,26.1,29.0,14.3,90.0,4.9,0.0,Hong Kong
Hong Kong,HK,2020-09-21,12:00:00,1600664400,26.6,25.6,27.8,15.8,98.0,16.6,0.0,Hong Kong
Hong Kong,HK,2020-09-22,12:00:00,1600750800,27.4,25.7,29.0,18.7,105.0,3.8,0.0,Hong Kong
Hong Kong,HK,2020-09-23,12:00:00,1600837200,27.9,26.5,29.3,12.4,119.0,3.8,0.0,Hong Kong
Hong Kong,HK,2020-09-24,12:00:00,1600923600,26.6,24.5,28.6,7.6,28.0,16.5,0.0,Hong Kong
Hong Kong,HK,2020-09-25,12:00:00,1601010000,26.1,23.8,28.3,16.9,69.0,2.1,0.0,Hong Kong
Hong Kong,HK,2020-09-26,12:00:00,1601096400,26.7,25.7,27.9,23.5,89.0,3.1,0.0,Hong Kong
Hong Kong,HK,2020-09-27,12:00:00,1601182800,26.5,24.9,27.6,25.9,80.0,3.7,0.0,Hong Kong
Hong Kong,HK,2020-09-28,12:00:00,1601269200,26.3,25.0,27.7,24.0,76.0,8.5,0.0,Hong Kong
Hong Kong,HK,2020-09-29,12:00:00,1601355600,25.7,24.8,26.7,19.4,77.0,111.7,0.0,Hong Kong
Hong Kong,HK,2020-09-30,12:00:00,1601442000,26.5,25.1,28.5,21.5,88.0,64.1,0.0,Hong Kong
Hong Kong,HK,2020-10-01,12:00:00,1601528400,25.9,24.6,27.0,24.6,77.0,15.2,0.0,Hong Kong
Hong Kong,HK,2020-10-02,12:00:00,1601614800,26.5,25.9,27.4,23.4,84.0,0.0,0.0,Hong Kong
Hong Kong,HK,2020-10-03,12:00:00,1601701200,26.6,25.7,28.1,19.5,85.0,0.2,0.0,Hong Kong
Hong Kong,HK,2020-10-04,12:00:00,1601787600,27.2,25.6,29.0,9.9,96.0,0.3,0.0,Hong Kong
Hong Kong,HK,2020-10-05,12:00:00,1601874000,26.3,24.3,28.8,22.4,57.0,8.8,0.0,Hong Kong
Hong Kong,HK,2020-10-06,12:00:00,1601960400,24.5,21.7,27.3,19.5,29.0,0.9,0.0,Hong Kong
Hong Kong,HK,2020-10-07,12:00:00,1602046800,23.4,20.4,26.9,20.2,19.0,0.0,0.0,Hong Kong
Hong Kong,HK,2020-10-08,12:00:00,1602133200,23.1,20.0,26.4,20.0,21.0,0.0,0.0,Hong Kong
Hong Kong,HK,2020-10-09,12:00:00,1602219600,23.8,20.9,26.5,19.9,25.0,0.0,0.0,Hong Kong
Hong Kong,HK,2020-10-10,12:00:00,1602306000,24.3,21.5,27.0,16.8,44.0,0.0,0.0,Hong Kong
Hong Kong,HK,2020-10-11,12:00:00,1602392400,25.3,23.1,27.8,16.8,62.0,0.0,0.0,Hong Kong
Hong Kong,HK,2020-10-12,12:00:00,1602478800,26.5,24.2,29.2,26.1,58.0,0.1,0.0,Hong Kong
Hong Kong,HK,2020-10-13,12:00:00,1602565200,24.0,23.3,26.5,41.6,69.0,56.4,0.0,Hong Kong
Hong Kong,HK,2020-10-14,12:00:00,1602651600,24.9,23.3,26.3,36.1,76.0,16.8,0.0,Hong Kong
Hong Kong,HK,2020-10-15,12:00:00,1602738000,25.3,24.0,26.5,30.2,71.0,0.0,0.0,Hong Kong
Hong Kong,HK,2020-10-16,12:00:00,1602824400,25.5,23.4,28.2,23.2,53.0,1.3,0.0,Hong Kong
Hong Kong,HK,2020-10-17,12:00:00,1602910800,23.4,20.8,26.6,23.7,40.0,2.3,0.0,Hong Kong
Hong Kong,HK,2020-10-18,12:00:00,1602997200,22.8,19.7,26.5,21.5,36.0,0.1,0.0,Hong Kong
Hong Kong,HK,2020-10-19,12:00:00,1603083600,22.8,19.6,26.1,19.8,25.0,0.0,0.0,Hong Kong
Hong Kong,HK,2020-10-20,12:00:00,1603170000,23.1,19.5,26.3,19.6,18.0,0.0,0.0,Hong Kong
Hong Kong,HK,2020-10-21,12:00:00,1603256400,22.7,19.5,26.1,23.1,4.0,0.0,0.0,Hong Kong
Hong Kong,HK,2020-10-22,12:00:00,1603342800,22.6,20.0,25.4,27.8,10.0,0.0,0.0,Hong Kong
Hong Kong,HK,2020-10-23,12:00:00,1603429200,22.6,20.4,25.1,27.6,32.0,0.0,0.0,Hong Kong
Hong Kong,HK,2020-10-24,12:00:00,1603515600,21.4,17.5,23.8,25.9,50.0,9.1,0.0,Hong Kong
Hong Kong,HK,2020-10-25,12:00:00,1603602000,22.9,21.6,24.2,27.9,70.0,0.0,0.0,Hong Kong
Hong Kong,HK,2020-10-26,12:00:00,1603688400,23.6,22.1,25.7,19.1,71.0,0.0,0.0,Hong Kong
Hong Kong,HK,2020-10-27,12:00:00,1603774800,24.3,22.3,27.5,24.1,65.0,0.0,0.0,Hong Kong
Hong Kong,HK,2020-10-28,12:00:00,1603861200,23.1,22.0,24.4,26.5,61.0,34.4,0.0,Hong Kong
Hong Kong,HK,2020-10-29,12:00:00,1603947600,23.1,21.1,25.1,27.1,46.0,7.0,0.0,Hong Kong
Hong Kong,HK,2020-10-30,12:00:00,1604034000,22.6,20.4,25.0,15.1,53.0,1.5,0.0,Hong Kong
Hong Kong,HK,2020-10-31,12:00:00,1604120400,22.1,21.4,23.0,24.1,75.0,0.0,0.0,Hong Kong
Hong Kong,HK,2020-11-01,12:00:00,1604206800,22.4,20.3,24.7,12.5,73.0,0.0,0.0,Hong Kong
Hong Kong,HK,2020-11-02,12:00:00,1604293200,23.4,20.8,26.5,19.9,18.0,0.0,0.0,Hong Kong
Hong Kong,HK,2020-11-03,12:00:00,1604379600,22.1,19.2,25.0,21.0,36.0,0.1,0.0,Hong Kong
Hong Kong,HK,2020-11-04,12:00:00,1604466000,21.9,20.8,23.3,21.6,72.0,0.0,0.0,Hong Kong
Hong Kong,HK,2020-11-05,12:00:00,1604552400,21.6,19.9,23.3,23.2,70.0,0.0,0.0,Hong Kong
Hong Kong,HK,2020-11-06,12:00:00,1604638800,22.9,19.4,27.1,12.1,17.0,0.0,0.0,Hong Kong
Hong Kong,HK,2020-11-07,12:00:00,1604725200,24.6,21.3,27.8,20.2,10.0,0.0,0.0,Hong Kong
Hong Kong,HK,2020-11-08,12:00:00,1604811600,23.4,21.6,26.1,21.5,35.0,0.0,0.0,Hong Kong
Hong Kong,HK,2020-11-09,12:00:00,1604898000,22.3,19.8,24.9,18.2,46.0,0.0,0.0,Hong Kong
Hong Kong,HK,2020-11-10,12:00:00,1604984400,20.8,19.9,21.6,16.5,39.0,1.2,0.0,Hong Kong
Hong Kong,HK,2020-11-11,12:00:00,1605070800,21.2,19.5,23.6,19.5,61.0,0.0,0.0,Hong Kong
Hong Kong,HK,2020-11-12,12:00:00,1605157200,20.4,17.6,24.9,15.8,39.0,0.0,0.0,Hong Kong
Hong Kong,HK,2020-11-13,12:00:00,1605243600,20.6,18.7,24.2,27.0,45.0,1.5,0.0,Hong Kong
Hong Kong,HK,2020-11-14,12:00:00,1605330000,21.6,20.1,23.3,21.2,45.0,1.6,0.0,Hong Kong
Hong Kong,HK,2020-11-15,12:00:00,1605416400,21.3,20.5,22.9,22.7,63.0,0.8,0.0,Hong Kong
Hong Kong,HK,2020-11-16,12:00:00,1605502800,22.4,20.4,25.5,17.7,68.0,0.0,0.0,Hong Kong
Hong Kong,HK,2020-11-17,12:00:00,1605589200,22.6,21.2,24.7,23.2,76.0,0.0,0.0,Hong Kong
Hong Kong,HK,2020-11-18,12:00:00,1605675600,23.4,21.5,26.1,17.0,75.0,0.2,0.0,Hong Kong
Hong Kong,HK,2020-11-19,12:00:00,1605762000,23.8,22.5,26.1,10.9,78.0,0.4,0.0,Hong Kong
Hong Kong,HK,2020-11-20,12:00:00,1605848400,24.3,22.8,27.4,10.5,75.0,0.2,0.0,Hong Kong
Hong Kong,HK,2020-11-21,12:00:00,1605934800,23.2,22.4,24.5,25.7,80.0,1.3,0.0,Hong Kong
Hong Kong,HK,2020-11-22,12:00:00,1606021200,24.0,22.5,26.7,17.8,67.0,0.0,0.0,Hong Kong
Hong Kong,HK,2020-11-23,12:00:00,1606107600,22.3,20.6,24.9,20.1,55.0,0.3,0.0,Hong Kong
Hong Kong,HK,2020-11-24,12:00:00,1606194000,22.0,18.5,25.2,16.9,54.0,0.0,0.0,Hong Kong
Hong Kong,HK,2020-11-25,12:00:00,1606280400,22.1,19.2,25.5,20.1,63.0,0.0,0.0,Hong Kong
Hong Kong,HK,2020-11-26,12:00:00,1606366800,23.1,19.9,27.2,17.4,49.0,0.0,0.0,Hong Kong
Hong Kong,HK,2020-11-27,12:00:00,1606453200,20.9,16.4,25.3,20.9,16.0,0.0,0.0,Hong Kong
Hong Kong,HK,2020-11-28,12:00:00,1606539600,18.7,14.7,23.1,23.1,16.0,0.0,0.0,Hong Kong
Hong Kong,HK,2020-11-29,12:00:00,1606626000,17.7,13.6,21.3,23.0,18.0,0.0,0.0,Hong Kong
Hong Kong,HK,2020-11-30,12:00:00,1606712400,17.4,13.7,21.8,23.3,20.0,0.0,0.0,Hong Kong
Hong Kong,HK,2020-12-01,12:00:00,1606798800,17.6,13.3,21.9,19.8,21.0,0.0,0.0,Hong Kong
Hong Kong,HK,2020-12-02,12:00:00,1606885200,18.3,13.8,22.5,18.8,15.0,0.0,0.0,Hong Kong
Hong Kong,HK,2020-12-03,12:00:00,1606971600,16.5,12.8,20.7,25.7,14.0,0.0,0.0,Hong Kong
Hong Kong,HK,2020-12-04,12:00:00,1607058000,14.9,10.9,19.2,24.9,13.0,0.0,0.0,Hong Kong
Hong Kong,HK,2020-12-05,12:00:00,1607144400,14.9,10.0,20.2,21.3,14.0,0.0,0.0,Hong Kong
Hong Kong,HK,2020-12-06,12:00:00,1607230800,16.4,12.1,21.4,14.0,28.0,0.0,0.0,Hong Kong
Hong Kong,HK,2020-12-07,12:00:00,1607317200,18.8,14.9,23.3,18.2,13.0,0.0,0.0,Hong Kong
Hong Kong,HK,2020-12-08,12:00:00,1607403600,18.2,14.4,22.0,20.6,19.0,0.0,0.0,Hong Kong
Hong Kong,HK,2020-12-09,12:00:00,1607490000,17.4,14.9,19.3,15.0,26.0,0.7,0.0,Hong Kong
Hong Kong,HK,2020-12-10,12:00:00,1607576400,20.0,17.0,23.2,13.7,35.0,0.4,0.0,Hong Kong
Hong Kong,HK,2020-12-11,12:00:00,1607662800,20.2,17.1,23.0,15.3,52.0,1.0,0.0,Hong Kong
Hong Kong,HK,2020-12-12,12:00:00,1607749200,19.6,16.6,21.8,15.0,52.0,0.6,0.0,Hong Kong
Hong Kong,HK,2020-12-13,12:00:00,1607835600,19.6,18.7,21.4,22.6,75.0,1.9,0.0,Hong Kong
Hong Kong,HK,2020-12-14,12:00:00,1607922000,17.7,12.4,21.0,21.4,30.0,0.0,0.0,Hong Kong
Hong Kong,HK,2020-12-15,12:00:00,1608008400,13.4,10.2,17.7,23.7,19.0,0.0,0.0,Hong Kong
Hong Kong,HK,2020-12-16,12:00:00,1608094800,13.1,10.0,16.7,21.4,16.0,0.0,0.0,Hong Kong
Hong Kong,HK,2020-12-17,12:00:00,1608181200,13.8,10.0,18.2,18.7,22.0,0.0,0.0,Hong Kong
Hong Kong,HK,2020-12-18,12:00:00,1608267600,14.7,11.2,19.0,23.4,11.0,0.0,0.0,Hong Kong
Hong Kong,HK,2020-12-19,12:00:00,1608354000,12.7,8.7,17.8,25.6,10.0,0.0,0.0,Hong Kong
Hong Kong,HK,2020-12-20,12:00:00,1608440400,13.0,9.3,17.4,26.3,12.0,0.0,0.0,Hong Kong
Hong Kong,HK,2020-12-21,12:00:00,1608526800,14.5,10.6,18.9,24.5,15.0,0.0,0.0,Hong Kong
Hong Kong,HK,2020-12-22,12:00:00,1608613200,15.8,12.7,18.4,18.4,36.0,0.0,0.0,Hong Kong
Hong Kong,HK,2020-12-23,12:00:00,1608699600,17.3,16.0,18.3,17.2,38.0,8.2,0.0,Hong Kong
Hong Kong,HK,2020-12-24,12:00:00,1608786000,18.9,15.6,23.1,17.4,17.0,0.0,0.0,Hong Kong
Hong Kong,HK,2020-12-25,12:00:00,1608872400,17.1,15.7,19.3,19.6,53.0,0.0,0.0,Hong Kong
Hong Kong,HK,2020-12-26,12:00:00,1608958800,18.0,16.7,19.8,24.9,80.0,0.0,0.0,Hong Kong
Hong Kong,HK,2020-12-27,12:00:00,1609045200,19.3,16.2,24.3,12.0,65.0,0.0,0.0,Hong Kong
Hong Kong,HK,2020-12-28,12:00:00,1609131600,18.9,16.2,22.1,24.0,73.0,0.0,0.0,Hong Kong
Hong Kong,HK,2020-12-29,12:00:00,1609218000,19.9,17.6,23.2,20.2,66.0,0.2,0.0,Hong Kong
Hong Kong,HK,2020-12-30,12:00:00,1609304400,12.9,9.1,20.2,38.6,12.0,0.0,0.0,Hong Kong
Hong Kong,HK,2020-12-31,12:00:00,1609390800,9.2,5.3,13.0,30.1,18.0,0.0,0.0,Hong Kong
Hong Kong,HK,2021-01-01,12:00:00,1609477200,9.8,5.2,14.9,21.2,21.0,0.0,0.0,Hong Kong
Hong Kong,HK,2021-01-02,12:00:00,1609563600,12.4,8.1,16.4,18.6,48.0,0.0,0.0,Hong Kong
Hong Kong,HK,2021-01-03,12:00:00,1609650000,15.3,11.0,18.8,20.9,52.0,0.0,0.0,Hong Kong
Hong Kong,HK,2021-01-04,12:00:00,1609736400,16.7,14.8,19.0,15.1,45.0,0.0,0.0,Hong Kong
Hong Kong,HK,2021-01-05,12:00:00,1609822800,17.3,14.5,21.4,13.8,50.0,0.0,0.0,Hong Kong
Hong Kong,HK,2021-01-06,12:00:00,1609909200,15.4,11.3,18.4,18.1,51.0,0.0,0.0,Hong Kong
Hong Kong,HK,2021-01-07,12:00:00,1609995600,13.7,8.7,17.4,27.2,20.0,0.0,0.0,Hong Kong
Hong Kong,HK,2021-01-08,12:00:00,1610082000,8.0,5.4,11.0,29.6,14.0,0.0,0.0,Hong Kong
Hong Kong,HK,2021-01-09,12:00:00,1610168400,9.3,5.4,12.4,25.3,23.0,0.0,0.0,Hong Kong
Hong Kong,HK,2021-01-10,12:00:00,1610254800,11.9,9.8,14.3,17.7,29.0,0.0,0.0,Hong Kong
Hong Kong,HK,2021-01-11,12:00:00,1610341200,9.0,7.4,11.0,26.0,8.0,1.7,0.0,Hong Kong
Hong Kong,HK,2021-01-12,12:00:00,1610427600,10.4,6.8,15.9,27.3,13.0,0.0,0.0,Hong Kong
Hong Kong,HK,2021-01-13,12:00:00,1610514000,11.1,5.7,15.6,12.7,52.0,0.0,0.0,Hong Kong
Hong Kong,HK,2021-01-14,12:00:00,1610600400,13.0,7.5,18.4,13.4,60.0,0.0,0.0,Hong Kong
Hong Kong,HK,2021-01-15,12:00:00,1610686800,15.3,12.6,19.5,14.0,71.0,0.0,0.0,Hong Kong
Hong Kong,HK,2021-01-16,12:00:00,1610773200,15.6,10.9,19.6,24.9,68.0,0.0,0.0,Hong Kong
Hong Kong,HK,2021-01-17,12:00:00,1610859600,15.4,12.5,18.5,24.2,27.0,0.0,0.0,Hong Kong
Hong Kong,HK,2021-01-18,12:00:00,1610946000,12.9,9.5,17.0,20.6,33.0,0.0,0.0,Hong Kong
Hong Kong,HK,2021-01-19,12:00:00,1611032400,14.4,10.8,17.0,22.6,67.0,0.0,0.0,Hong Kong
Hong Kong,HK,2021-01-20,12:00:00,1611118800,17.1,15.3,19.6,23.8,66.0,0.0,0.0,Hong Kong
Hong Kong,HK,2021-01-21,12:00:00,1611205200,18.8,16.6,22.1,21.7,63.0,0.1,0.0,Hong Kong
Hong Kong,HK,2021-01-22,12:00:00,1611291600,20.2,16.0,25.1,14.1,320.0,0.0,0.0,Hong Kong
Hong Kong,HK,2021-01-23,12:00:00,1611378000,19.1,16.3,23.6,15.7,6.0,0.0,0.0,Hong Kong
Hong Kong,HK,2021-01-24,12:00:00,1611464400,17.1,14.9,18.9,24.3,75.0,0.1,0.0,Hong Kong
Hong Kong,HK,2021-01-25,12:00:00,1611550800,17.7,15.8,20.6,21.1,72.0,0.1,0.0,Hong Kong
Hong Kong,HK,2021-01-26,12:00:00,1611637200,18.1,15.4,22.3,11.0,53.0,0.0,0.0,Hong Kong
Hong Kong,HK,2021-01-27,12:00:00,1611723600,17.6,15.9,19.8,21.9,69.0,0.0,0.0,Hong Kong
Hong Kong,HK,2021-01-28,12:00:00,1611810000,18.4,15.1,23.0,21.4,29.0,0.0,0.0,Hong Kong
Hong Kong,HK,2021-01-29,12:00:00,1611896400,15.3,12.2,18.2,21.5,59.0,0.0,0.0,Hong Kong
Hong Kong,HK,2021-01-30,12:00:00,1611982800,15.7,13.3,17.9,24.1,77.0,0.0,0.0,Hong Kong
Hong Kong,HK,2021-01-31,12:00:00,1612069200,17.1,14.5,20.0,21.0,70.0,0.0,0.0,Hong Kong
Hong Kong,HK,2021-02-01,12:00:00,1612155600,18.8,16.1,22.9,14.0,73.0,0.0,0.0,Hong Kong
Hong Kong,HK,2021-02-02,12:00:00,1612242000,19.1,15.2,24.7,23.5,65.0,0.0,0.0,Hong Kong
Hong Kong,HK,2021-02-03,12:00:00,1612328400,17.7,15.6,20.7,25.5,74.0,0.0,0.0,Hong Kong
Hong Kong,HK,2021-02-04,12:00:00,1612414800,18.3,15.8,22.0,16.3,71.0,0.0,0.0,Hong Kong
Hong Kong,HK,2021-02-05,12:00:00,1612501200,18.0,15.6,21.2,20.8,71.0,0.0,0.0,Hong Kong
Hong Kong,HK,2021-02-06,12:00:00,1612587600,18.2,13.0,23.9,9.2,79.0,0.0,0.0,Hong Kong
Hong Kong,HK,2021-02-07,12:00:00,1612674000,19.1,13.3,22.4,18.1,69.0,0.0,0.0,Hong Kong
Hong Kong,HK,2021-02-08,12:00:00,1612760400,19.1,16.9,21.8,28.2,73.0,0.0,0.0,Hong Kong
Hong Kong,HK,2021-02-09,12:00:00,1612846800,18.0,17.1,20.1,33.2,72.0,0.1,0.0,Hong Kong
Hong Kong,HK,2021-02-10,12:00:00,1612933200,16.1,15.0,17.3,38.8,49.0,36.9,0.0,Hong Kong
Hong Kong,HK,2021-02-11,12:00:00,1613019600,16.8,13.8,20.7,13.8,9.0,0.0,0.0,Hong Kong
Hong Kong,HK,2021-02-12,12:00:00,1613106000,16.8,13.4,20.7,13.8,27.0,0.0,0.0,Hong Kong
Hong Kong,HK,2021-02-13,12:00:00,1613192400,17.2,13.7,20.8,9.9,70.0,0.0,0.0,Hong Kong
Hong Kong,HK,2021-02-14,12:00:00,1613278800,17.8,13.9,21.9,11.7,234.0,0.3,0.0,Hong Kong
Hong Kong,HK,2021-02-15,12:00:00,1613365200,18.9,14.0,23.6,13.5,62.0,0.0,0.0,Hong Kong
Hong Kong,HK,2021-02-16,12:00:00,1613451600,18.8,16.5,20.8,18.1,76.0,0.0,0.0,Hong Kong
Hong Kong,HK,2021-02-17,12:00:00,1613538000,18.3,15.2,21.7,22.9,45.0,0.0,0.0,Hong Kong
Hong Kong,HK,2021-02-18,12:00:00,1613624400,16.9,14.8,18.9,18.5,69.0,0.0,0.0,Hong Kong
Hong Kong,HK,2021-02-19,12:00:00,1613710800,16.5,14.6,19.5,16.4,83.0,0.0,0.0,Hong Kong
Hong Kong,HK,2021-02-20,12:00:00,1613797200,16.9,13.0,20.7,12.7,109.0,0.0,0.0,Hong Kong
Hong Kong,HK,2021-02-21,12:00:00,1613883600,18.1,14.0,21.4,10.8,100.0,0.0,0.0,Hong Kong
Hong Kong,HK,2021-02-22,12:00:00,1613970000,19.2,14.4,22.8,9.5,119.0,0.0,0.0,Hong Kong
Hong Kong,HK,2021-02-23,12:00:00,1614056400,19.9,16.1,23.8,16.0,80.0,0.0,0.0,Hong Kong
Hong Kong,HK,2021-02-24,12:00:00,1614142800,19.6,18.1,21.7,29.4,82.0,0.1,0.0,Hong Kong
Hong Kong,HK,2021-02-25,12:00:00,1614229200,19.9,18.8,21.8,20.9,78.0,2.2,0.0,Hong Kong
Hong Kong,HK,2021-02-26,12:00:00,1614315600,21.2,18.5,23.7,11.6,71.0,3.7,0.0,Hong Kong
Hong Kong,HK,2021-02-27,12:00:00,1614402000,17.3,14.8,19.2,18.2,34.0,2.3,0.0,Hong Kong
Hong Kong,HK,2021-02-28,12:00:00,1614488400,19.3,17.2,21.3,26.4,78.0,0.1,0.0,Hong Kong
Hong Kong,HK,2021-03-01,12:00:00,1614574800,20.9,18.6,23.4,14.4,70.0,0.3,0.0,Hong Kong
Hong Kong,HK,2021-03-02,12:00:00,1614661200,19.1,14.9,22.4,26.1,32.0,1.2,0.0,Hong Kong
Hong Kong,HK,2021-03-03,12:00:00,1614747600,18.1,16.8,19.2,29.5,78.0,0.1,0.0,Hong Kong
Hong Kong,HK,2021-03-04,12:00:00,1614834000,18.5,17.6,19.6,21.0,75.0,5.2,0.0,Hong Kong
Hong Kong,HK,2021-03-05,12:00:00,1614920400,20.0,18.6,21.3,18.1,78.0,10.4,0.0,Hong Kong
Hong Kong,HK,2021-03-06,12:00:00,1615006800,20.9,19.9,22.5,14.5,76.0,2.8,0.0,Hong Kong
Hong Kong,HK,2021-03-07,12:00:00,1615093200,19.7,17.8,21.3,17.1,49.0,0.8,0.0,Hong Kong
Hong Kong,HK,2021-03-08,12:00:00,1615179600,19.1,18.0,20.9,25.7,75.0,0.0,0.0,Hong Kong
Hong Kong,HK,2021-03-09,12:00:00,1615266000,19.3,17.7,21.3,20.1,76.0,0.0,0.0,Hong Kong
Hong Kong,HK,2021-03-10,12:00:00,1615352400,19.3,18.3,21.1,28.2,76.0,1.3,0.0,Hong Kong
Hong Kong,HK,2021-03-11,12:00:00,1615438800,19.8,18.0,22.3,26.6,76.0,1.0,0.0,Hong Kong
Hong Kong,HK,2021-03-12,12:00:00,1615525200,21.4,18.7,25.3,11.0,72.0,0.2,0.0,Hong Kong
Hong Kong,HK,2021-03-13,12:00:00,1615611600,20.8,19.1,22.8,21.1,75.0,0.4,0.0,Hong Kong
Hong Kong,HK,2021-03-14,12:00:00,1615698000,20.4,18.7,22.4,18.8,84.0,0.0,0.0,Hong Kong
Hong Kong,HK,2021-03-15,12:00:00,1615784400,21.1,19.4,23.2,17.3,87.0,0.0,0.0,Hong Kong
Hong Kong,HK,2021-03-16,12:00:00,1615870800,22.1,20.1,25.0,10.4,108.0,0.0,0.0,Hong Kong
Hong Kong,HK,2021-03-17,12:00:00,1615957200,22.4,18.8,25.6,10.7,101.0,0.0,0.0,Hong Kong
Hong Kong,HK,2021-03-18,12:00:00,1616043600,22.8,21.7,25.0,18.6,94.0,0.5,0.0,Hong Kong
Hong Kong,HK,2021-03-19,12:00:00,1616130000,23.1,22.0,25.1,17.7,102.0,0.4,0.0,Hong Kong
Hong Kong,HK,2021-03-20,12:00:00,1616216400,23.1,20.4,25.9,11.1,147.0,0.0,0.0,Hong Kong
Hong Kong,HK,2021-03-21,12:00:00,1616302800,19.8,14.7,23.7,25.3,15.0,0.0,0.0,Hong Kong
Hong Kong,HK,2021-03-22,12:00:00,1616389200,16.1,13.6,18.6,25.6,28.0,1.1,0.0,Hong Kong
Hong Kong,HK,2021-03-23,12:00:00,1616475600,18.5,16.6,20.7,17.3,69.0,1.7,0.0,Hong Kong
Hong Kong,HK,2021-03-24,12:00:00,1616562000,19.3,16.0,23.7,13.7,339.0,0.2,0.0,Hong Kong
Hong Kong,HK,2021-03-25,12:00:00,1616648400,20.5,17.6,22.8,21.7,83.0,0.0,0.0,Hong Kong
Hong Kong,HK,2021-03-26,12:00:00,1616734800,20.8,18.8,22.6,26.1,90.0,0.0,0.0,Hong Kong
Hong Kong,HK,2021-03-27,12:00:00,1616821200,22.5,20.8,25.4,15.5,104.0,0.3,0.0,Hong Kong
Hong Kong,HK,2021-03-28,12:00:00,1616907600,23.2,21.1,26.0,15.1,222.0,0.2,0.0,Hong Kong
Hong Kong,HK,2021-03-29,12:00:00,1616994000,23.8,22.3,25.8,19.7,210.0,2.5,0.0,Hong Kong
Hong Kong,HK,2021-03-30,12:00:00,1617080400,24.5,23.5,26.5,19.7,192.0,4.0,0.0,Hong Kong
Hong Kong,HK,2021-03-31,12:00:00,1617166800,24.6,23.7,26.3,18.8,175.0,4.0,0.0,Hong Kong
Hong Kong,HK,2021-04-01,12:00:00,1617253200,24.6,23.6,26.3,15.5,173.0,6.4,0.0,Hong Kong
Hong Kong,HK,2021-04-02,12:00:00,1617339600,24.8,22.7,27.2,14.3,180.0,1.3,0.0,Hong Kong
Hong Kong,HK,2021-04-03,12:00:00,1617426000,24.8,22.0,27.7,13.9,223.0,0.0,0.0,Hong Kong
Hong Kong,HK,2021-04-04,12:00:00,1617512400,24.1,22.5,26.9,24.8,64.0,3.2,0.0,Hong Kong
Hong Kong,HK,2021-04-05,12:00:00,1617598800,22.5,21.2,23.9,25.6,80.0,2.3,0.0,Hong Kong
Hong Kong,HK,2021-04-06,12:00:00,1617685200,22.8,21.3,25.2,15.9,91.0,0.2,0.0,Hong Kong
Hong Kong,HK,2021-04-07,12:00:00,1617771600,22.2,21.4,23.7,22.4,93.0,0.0,0.0,Hong Kong
Hong Kong,HK,2021-04-08,12:00:00,1617858000,22.4,20.9,23.6,18.4,80.0,0.0,0.0,Hong Kong
Hong Kong,HK,2021-04-09,12:00:00,1617944400,20.6,19.7,21.5,23.0,73.0,1.6,0.0,Hong Kong
Hong Kong,HK,2021-04-10,12:00:00,1618030800,21.1,19.4,23.0,23.4,80.0,0.0,0.0,Hong Kong
Hong Kong,HK,2021-04-11,12:00:00,1618117200,21.8,20.1,24.1,22.7,84.0,0.0,0.0,Hong Kong
Hong Kong,HK,2021-04-12,12:00:00,1618203600,23.2,21.0,26.0,12.8,101.0,0.0,0.0,Hong Kong
Hong Kong,HK,2021-04-13,12:00:00,1618290000,23.6,20.6,26.7,10.9,159.0,0.0,0.0,Hong Kong
Hong Kong,HK,2021-04-14,12:00:00,1618376400,23.6,21.7,25.6,20.6,103.0,2.5,0.0,Hong Kong
Hong Kong,HK,2021-04-15,12:00:00,1618462800,22.8,21.7,24.4,23.9,94.0,3.9,0.0,Hong Kong
Hong Kong,HK,2021-04-16,12:00:00,1618549200,23.0,21.9,25.0,19.4,83.0,1.1,0.0,Hong Kong
Hong Kong,HK,2021-04-17,12:00:00,1618635600,22.8,21.8,23.9,15.5,72.0,4.0,0.0,Hong Kong
Hong Kong,HK,2021-04-18,12:00:00,1618722000,23.0,22.0,24.5,27.6,83.0,0.0,0.0,Hong Kong
Hong Kong,HK,2021-04-19,12:00:00,1618808400,21.7,20.8,22.8,30.0,83.0,0.4,0.0,Hong Kong
Hong Kong,HK,2021-04-20,12:00:00,1618894800,22.2,21.1,23.8,24.9,88.0,0.8,0.0,Hong Kong
Hong Kong,HK,2021-04-21,12:00:00,1618981200,23.1,21.1,25.4,19.2,93.0,0.0,0.0,Hong Kong
Hong Kong,HK,2021-04-22,12:00:00,1619067600,23.5,21.2,26.2,11.9,146.0,0.0,0.0,Hong Kong
Hong Kong,HK,2021-04-23,12:00:00,1619154000,24.9,22.7,28.1,13.2,231.0,0.0,0.0,Hong Kong
Hong Kong,HK,2021-04-24,12:00:00,1619240400,24.2,23.0,26.3,21.7,103.0,1.7,0.0,Hong Kong
Hong Kong,HK,2021-04-25,12:00:00,1619326800,24.0,22.2,25.6,20.7,102.0,4.7,0.0,Hong Kong
Hong Kong,HK,2021-04-26,12:00:00,1619413200,22.7,22.0,24.2,26.0,80.0,4.1,0.0,Hong Kong
Hong Kong,HK,2021-04-27,12:00:00,1619499600,22.7,22.2,23.2,25.3,86.0,48.9,0.0,Hong Kong
Hong Kong,HK,2021-04-28,12:00:00,1619586000,23.7,21.8,25.4,17.1,85.0,7.5,0.0,Hong Kong
Hong Kong,HK,2021-04-29,12:00:00,1619672400,22.7,19.2,27.1,17.7,12.0,2.9,0.0,Hong Kong
Hong Kong,HK,2021-04-30,12:00:00,1619758800,23.5,19.9,26.1,11.1,168.0,0.0,0.0,Hong Kong
Hong Kong,HK,2021-05-01,12:00:00,1619845200,24.2,21.0,27.0,13.2,222.0,0.0,0.0,Hong Kong
Hong Kong,HK,2021-05-02,12:00:00,1619931600,24.8,22.3,27.2,17.4,126.0,7.8,0.0,Hong Kong
Hong Kong,HK,2021-05-03,12:00:00,1620018000,23.5,21.2,25.1,24.6,93.0,11.0,0.0,Hong Kong
Hong Kong,HK,2021-05-04,12:00:00,1620104400,25.5,24.3,27.7,14.5,164.0,6.9,0.0,Hong Kong
Hong Kong,HK,2021-05-05,12:00:00,1620190800,25.7,23.4,29.3,21.0,22.0,6.5,0.0,Hong Kong
Hong Kong,HK,2021-05-06,12:00:00,1620277200,24.2,23.0,26.0,21.9,85.0,0.1,0.0,Hong Kong
Hong Kong,HK,2021-05-07,12:00:00,1620363600,25.0,22.7,27.4,10.7,174.0,0.0,0.0,Hong Kong
Hong Kong,HK,2021-05-08,12:00:00,1620450000,25.9,24.0,27.6,16.6,222.0,0.0,0.0,Hong Kong
Hong Kong,HK,2021-05-09,12:00:00,1620536400,26.5,25.3,28.1,19.5,216.0,0.5,0.0,Hong Kong
Hong Kong,HK,2021-05-10,12:00:00,1620622800,26.8,25.1,28.6,16.0,191.0,1.5,0.0,Hong Kong
Hong Kong,HK,2021-05-11,12:00:00,1620709200,27.4,26.0,29.6,19.9,188.0,2.4,0.0,Hong Kong
Hong Kong,HK,2021-05-12,12:00:00,1620795600,27.4,26.3,29.0,19.9,198.0,5.3,0.0,Hong Kong
Hong Kong,HK,2021-05-13,12:00:00,1620882000,27.8,26.4,29.7,17.2,177.0,2.8,0.0,Hong Kong
Hong Kong,HK,2021-05-14,12:00:00,1620968400,27.7,26.7,29.1,15.6,169.0,5.2,0.0,Hong Kong
Hong Kong,HK,2021-05-15,12:00:00,1621054800,28.2,26.7,29.9,16.8,181.0,0.9,0.0,Hong Kong
Hong Kong,HK,2021-05-16,12:00:00,1621141200,28.5,27.0,30.4,18.7,201.0,1.3,0.0,Hong Kong
Hong Kong,HK,2021-05-17,12:00:00,1621227600,28.2,26.5,30.5,17.4,203.0,2.9,0.0,Hong Kong
Hong Kong,HK,2021-05-18,12:00:00,1621314000,28.1,26.3,29.6,19.3,209.0,3.8,0.0,Hong Kong
Hong Kong,HK,2021-05-19,12:00:00,1621400400,28.8,27.4,30.6,21.1,195.0,2.3,0.0,Hong Kong
Hong Kong,HK,2021-05-20,12:00:00,1621486800,28.6,27.4,30.3,21.7,209.0,5.9,0.0,Hong Kong
Hong Kong,HK,2021-05-21,12:00:00,1621573200,28.3,26.6,30.0,23.1,209.0,6.6,0.0,Hong Kong
Hong Kong,HK,2021-05-22,12:00:00,1621659600,28.9,27.2,30.8,17.6,186.0,2.3,0.0,Hong Kong
Hong Kong,HK,2021-05-23,12:00:00,1621746000,29.0,27.6,31.0,17.7,171.0,2.4,0.0,Hong Kong
Hong Kong,HK,2021-05-24,12:00:00,1621832400,28.2,26.7,29.5,11.5,191.0,5.0,0.0,Hong Kong
Hong Kong,HK,2021-05-25,12:00:00,1621918800,27.6,26.1,29.4,10.8,134.0,15.7,0.0,Hong Kong
Hong Kong,HK,2021-05-26,12:00:00,1622005200,27.5,26.2,29.0,16.2,179.0,9.4,0.0,Hong Kong
Hong Kong,HK,2021-05-27,12:00:00,1622091600,28.9,27.3,30.6,20.9,223.0,1.3,0.0,Hong Kong
Hong Kong,HK,2021-05-28,12:00:00,1622178000,29.2,28.0,30.8,25.0,228.0,1.3,0.0,Hong Kong
Hong Kong,HK,2021-05-29,12:00:00,1622264400,29.3,28.2,31.2,30.0,231.0,3.4,0.0,Hong Kong
Hong Kong,HK,2021-05-30,12:00:00,1622350800,29.3,28.2,30.8,23.7,233.0,2.6,0.0,Hong Kong
Hong Kong,HK,2021-05-31,12:00:00,1622437200,27.7,26.1,30.1,22.2,232.0,27.0,0.0,Hong Kong
Hong Kong,HK,2021-06-01,12:00:00,1622523600,27.0,25.7,28.6,17.7,192.0,18.9,0.0,Hong Kong
Hong Kong,HK,2021-06-02,12:00:00,1622610000,27.6,26.1,28.7,18.4,182.0,9.2,0.0,Hong Kong
Hong Kong,HK,2021-06-03,12:00:00,1622696400,28.8,27.5,30.4,18.1,193.0,0.9,0.0,Hong Kong
Hong Kong,HK,2021-06-04,12:00:00,1622782800,27.4,25.2,28.4,16.5,260.0,20.6,0.0,Hong Kong
Hong Kong,HK,2021-06-05,12:00:00,1622869200,26.6,23.4,29.8,14.2,306.0,3.0,0.0,Hong Kong
Hong Kong,HK,2021-06-06,12:00:00,1622955600,27.4,25.7,29.4,13.4,174.0,1.6,0.0,Hong Kong
Hong Kong,HK,2021-06-07,12:00:00,1623042000,27.1,24.9,29.1,14.8,89.0,2.9,0.0,Hong Kong
Hong Kong,HK,2021-06-08,12:00:00,1623128400,27.2,25.3,29.6,12.7,121.0,2.5,0.0,Hong Kong
Hong Kong,HK,2021-06-09,12:00:00,1623214800,26.7,25.2,28.4,12.8,115.0,14.4,0.0,Hong Kong
Hong Kong,HK,2021-06-10,12:00:00,1623301200,27.4,26.2,29.2,19.9,89.0,8.9,0.0,Hong Kong
Hong Kong,HK,2021-06-11,12:00:00,1623387600,27.2,25.8,29.6,26.7,83.0,11.5,0.0,Hong Kong
Hong Kong,HK,2021-06-12,12:00:00,1623474000,26.7,25.7,28.2,29.2,117.0,30.1,0.0,Hong Kong
Hong Kong,HK,2021-06-13,12:00:00,1623560400,26.8,25.7,29.0,21.2,148.0,21.6,0.0,Hong Kong
Hong Kong,HK,2021-06-14,12:00:00,1623646800,27.7,26.2,29.3,18.4,187.0,4.1,0.0,Hong Kong
Hong Kong,HK,2021-06-15,12:00:00,1623733200,28.0,26.7,29.6,22.7,209.0,5.5,0.0,Hong Kong
Hong Kong,HK,2021-06-16,12:00:00,1623819600,28.4,27.1,29.7,20.9,207.0,7.3,0.0,Hong Kong
Hong Kong,HK,2021-06-17,12:00:00,1623906000,28.6,27.7,29.9,21.8,216.0,5.2,0.0,Hong Kong
Hong Kong,HK,2021-06-18,12:00:00,1623992400,28.9,27.3,30.7,23.3,229.0,3.0,0.0,Hong Kong
Hong Kong,HK,2021-06-19,12:00:00,1624078800,29.1,28.3,30.4,23.7,225.0,4.4,0.0,Hong Kong
Hong Kong,HK,2021-06-20,12:00:00,1624165200,29.3,28.4,30.5,23.7,222.0,3.3,0.0,Hong Kong
Hong Kong,HK,2021-06-21,12:00:00,1624251600,29.0,28.1,30.1,22.2,224.0,8.2,0.0,Hong Kong
Hong Kong,HK,2021-06-22,12:00:00,1624338000,27.5,26.3,28.9,16.8,238.0,29.5,0.0,Hong Kong
Hong Kong,HK,2021-06-23,12:00:00,1624424400,26.2,25.4,27.1,13.6,217.0,69.2,0.0,Hong Kong
Hong Kong,HK,2021-06-24,12:00:00,1624510800,26.1,24.9,27.2,18.7,183.0,50.3,0.0,Hong Kong
Hong Kong,HK,2021-06-25,12:00:00,1624597200,26.8,25.3,27.7,18.7,204.0,8.2,0.0,Hong Kong
Hong Kong,HK,2021-06-26,12:00:00,1624683600,26.9,25.6,28.3,19.8,207.0,12.5,0.0,Hong Kong
Hong Kong,HK,2021-06-27,12:00:00,1624770000,27.9,26.5,29.2,23.6,216.0,9.9,0.0,Hong Kong
Hong Kong,HK,2021-06-28,12:00:00,1624856400,27.4,26.2,28.6,21.4,212.0,19.5,0.0,Hong Kong
Hong Kong,HK,2021-06-29,12:00:00,1624942800,28.3,27.3,29.0,27.1,213.0,7.3,0.0,Hong Kong
Hong Kong,HK,2021-06-30,12:00:00,1625029200,28.1,25.8,29.7,26.3,205.0,7.9,0.0,Hong Kong
Hong Kong,HK,2021-07-01,12:00:00,1625115600,28.4,27.3,29.8,26.2,208.0,5.5,0.0,Hong Kong
Hong Kong,HK,2021-07-02,12:00:00,1625202000,28.5,27.5,29.9,23.9,204.0,5.9,0.0,Hong Kong
Hong Kong,HK,2021-07-03,12:00:00,1625288400,28.4,27.7,29.5,19.9,196.0,3.1,0.0,Hong Kong
Hong Kong,HK,2021-07-04,12:00:00,1625374800,28.3,26.9,29.7,15.1,149.0,2.8,0.0,Hong Kong
Hong Kong,HK,2021-07-05,12:00:00,1625461200,28.0,27.1,29.6,18.4,83.0,2.4,0.0,Hong Kong
Hong Kong,HK,2021-07-06,12:00:00,1625547600,27.9,27.2,29.6,19.1,105.0,6.8,0.0,Hong Kong
Hong Kong,HK,2021-07-07,12:00:00,1625634000,27.7,26.2,29.5,23.1,130.0,11.8,0.0,Hong Kong
Hong Kong,HK,2021-07-08,12:00:00,1625720400,28.2,26.4,30.0,17.2,142.0,3.7,0.0,Hong Kong
Hong Kong,HK,2021-07-09,12:00:00,1625806800,28.5,25.7,30.3,9.7,134.0,0.0,0.0,Hong Kong
Hong Kong,HK,2021-07-10,12:00:00,1625893200,28.3,26.2,30.0,14.6,113.0,2.0,0.0,Hong Kong
Hong Kong,HK,2021-07-11,12:00:00,1625979600,28.8,27.5,30.4,13.3,124.0,2.6,0.0,Hong Kong
Hong Kong,HK,2021-07-12,12:00:00,1626066000,28.6,27.5,30.1,12.5,161.0,1.5,0.0,Hong Kong
Hong Kong,HK,2021-07-13,12:00:00,1626152400,28.9,27.6,30.5,12.7,204.0,0.4,0.0,Hong Kong
Hong Kong,HK,2021-07-14,12:00:00,1626238800,29.1,26.9,30.7,10.9,166.0,0.2,0.0,Hong Kong
Hong Kong,HK,2021-07-15,12:00:00,1626325200,29.2,27.3,31.1,10.8,150.0,1.4,0.0,Hong Kong
Hong Kong,HK,2021-07-16,12:00:00,1626411600,28.3,26.8,29.7,8.7,133.0,11.4,0.0,Hong Kong
Hong Kong,HK,2021-07-17,12:00:00,1626498000,27.4,26.2,28.5,15.2,92.0,13.0,0.0,Hong Kong
Hong Kong,HK,2021-07-18,12:00:00,1626584400,26.6,25.5,27.6,22.8,79.0,32.7,0.0,Hong Kong
Hong Kong,HK,2021-07-19,12:00:00,1626670800,26.2,25.4,27.3,27.4,100.0,33.5,0.0,Hong Kong
Hong Kong,HK,2021-07-20,12:00:00,1626757200,26.2,25.6,27.1,29.3,114.0,57.7,0.0,Hong Kong
Hong Kong,HK,2021-07-21,12:00:00,1626843600,26.4,25.6,27.2,19.7,123.0,26.9,0.0,Hong Kong
Hong Kong,HK,2021-07-22,12:00:00,1626930000,28.1,25.9,30.0,11.7,141.0,4.7,0.0,Hong Kong
Hong Kong,HK,2021-07-23,12:00:00,1627016400,29.6,27.2,33.1,13.4,270.0,0.4,0.0,Hong Kong
Hong Kong,HK,2021-07-24,12:00:00,1627102800,28.6,26.6,30.8,13.5,230.0,2.1,0.0,Hong Kong
Hong Kong,HK,2021-07-25,12:00:00,1627189200,28.9,28.0,31.0,15.3,241.0,17.7,0.0,Hong Kong
Hong Kong,HK,2021-07-26,12:00:00,1627275600,29.4,27.2,32.5,13.9,242.0,1.7,0.0,Hong Kong
Hong Kong,HK,2021-07-27,12:00:00,1627362000,30.0,27.3,32.8,16.1,257.0,16.5,0.0,Hong Kong
Hong Kong,HK,2021-07-28,12:00:00,1627448400,29.6,28.7,30.9,19.5,239.0,10.5,0.0,Hong Kong
Hong Kong,HK,2021-07-29,12:00:00,1627534800,28.0,26.4,29.2,19.4,227.0,11.8,0.0,Hong Kong
Hong Kong,HK,2021-07-30,12:00:00,1627621200,27.5,26.3,29.3,17.8,225.0,19.2,0.0,Hong Kong
Hong Kong,HK,2021-07-31,12:00:00,1627707600,27.6,26.2,28.7,21.2,231.0,20.2,0.0,Hong Kong
Hong Kong,HK,2021-08-01,12:00:00,1627794000,28.4,27.7,29.4,18.2,238.0,11.3,0.0,Hong Kong
Hong Kong,HK,2021-08-02,12:00:00,1627880400,28.2,26.4,29.5,17.1,238.0,9.8,0.0,Hong Kong
Hong Kong,HK,2021-08-03,12:00:00,1627966800,27.1,26.1,28.1,23.1,103.0,19.0,0.0,Hong Kong
Hong Kong,HK,2021-08-04,12:00:00,1628053200,27.2,25.9,30.2,18.1,350.0,57.6,0.0,Hong Kong
Hong Kong,HK,2021-08-05,12:00:00,1628139600,27.1,26.2,28.4,20.3,280.0,49.0,0.0,Hong Kong
Hong Kong,HK,2021-08-06,12:00:00,1628226000,27.5,26.0,29.6,21.4,260.0,42.9,0.0,Hong Kong
Hong Kong,HK,2021-08-07,12:00:00,1628312400,27.7,26.1,29.3,18.0,256.0,16.3,0.0,Hong Kong
Hong Kong,HK,2021-08-08,12:00:00,1628398800,27.5,26.3,28.3,18.6,222.0,15.5,0.0,Hong Kong
Hong Kong,HK,2021-08-09,12:00:00,1628485200,27.7,26.8,28.9,19.2,210.0,9.9,0.0,Hong Kong
Hong Kong,HK,2021-08-10,12:00:00,1628571600,27.4,26.5,28.3,14.8,185.0,11.1,0.0,Hong Kong
Hong Kong,HK,2021-08-11,12:00:00,1628658000,27.4,26.0,29.1,15.7,174.0,5.1,0.0,Hong Kong
Hong Kong,HK,2021-08-12,12:00:00,1628744400,27.5,26.0,28.6,12.7,188.0,6.4,0.0,Hong Kong
Hong Kong,HK,2021-08-13,12:00:00,1628830800,27.3,25.9,28.8,20.2,214.0,10.8,0.0,Hong Kong
Hong Kong,HK,2021-08-14,12:00:00,1628917200,26.5,25.9,27.6,20.7,210.0,43.3,0.0,Hong Kong
Hong Kong,HK,2021-08-15,12:00:00,1629003600,26.5,25.5,27.6,17.1,196.0,18.4,0.0,Hong Kong
Hong Kong,HK,2021-08-16,12:00:00,1629090000,26.8,26.0,27.8,13.0,211.0,5.6,0.0,Hong Kong
Hong Kong,HK,2021-08-17,12:00:00,1629176400,28.1,26.4,30.3,13.2,226.0,0.7,0.0,Hong Kong
Hong Kong,HK,2021-08-18,12:00:00,1629262800,28.0,26.9,29.7,9.7,217.0,7.9,0.0,Hong Kong
Hong Kong,HK,2021-08-19,12:00:00,1629349200,27.4,26.0,28.9,12.6,158.0,2.2,0.0,Hong Kong
Hong Kong,HK,2021-08-20,12:00:00,1629435600,27.8,26.2,29.5,10.2,213.0,2.6,0.0,Hong Kong
Hong Kong,HK,2021-08-21,12:00:00,1629522000,28.5,27.4,30.2,15.9,226.0,0.6,0.0,Hong Kong
Hong Kong,HK,2021-08-22,12:00:00,1629608400,28.6,27.3,30.3,14.5,219.0,1.1,0.0,Hong Kong
Hong Kong,HK,2021-08-23,12:00:00,1629694800,28.3,27.2,29.7,18.4,202.0,4.3,0.0,Hong Kong
Hong Kong,HK,2021-08-24,12:00:00,1629781200,27.6,26.5,28.8,14.9,192.0,4.1,0.0,Hong Kong
Hong Kong,HK,2021-08-25,12:00:00,1629867600,27.4,26.5,28.9,13.3,157.0,9.8,0.0,Hong Kong
Hong Kong,HK,2021-08-26,12:00:00,1629954000,27.8,26.3,29.6,12.9,121.0,4.7,0.0,Hong Kong
Hong Kong,HK,2021-08-27,12:00:00,1630040400,26.8,25.1,27.8,23.1,91.0,4.3,0.0,Hong Kong
Hong Kong,HK,2021-08-28,12:00:00,1630126800,26.9,25.4,28.7,17.7,80.0,10.9,0.0,Hong Kong
Hong Kong,HK,2021-08-29,12:00:00,1630213200,27.5,26.2,29.0,15.6,90.0,3.5,0.0,Hong Kong
Hong Kong,HK,2021-08-30,12:00:00,1630299600,27.7,25.5,29.4,17.0,89.0,4.0,0.0,Hong Kong
Hong Kong,HK,2021-08-31,12:00:00,1630386000,26.4,24.8,28.0,19.0,70.0,18.9,0.0,Hong Kong
Hong Kong,HK,2021-09-01,12:00:00,1630472400,26.6,25.2,28.7,20.9,90.0,22.6,0.0,Hong Kong
Hong Kong,HK,2021-09-02,12:00:00,1630558800,27.4,26.2,29.2,15.5,98.0,4.4,0.0,Hong Kong
Hong Kong,HK,2021-09-03,12:00:00,1630645200,27.8,26.3,29.7,9.0,154.0,1.6,0.0,Hong Kong
Hong Kong,HK,2021-09-04,12:00:00,1630731600,27.5,26.5,28.8,10.9,139.0,5.0,0.0,Hong Kong
Hong Kong,HK,2021-09-05,12:00:00,1630818000,27.6,26.1,28.8,11.6,118.0,3.2,0.0,Hong Kong
Hong Kong,HK,2021-09-06,12:00:00,1630904400,28.2,26.3,30.1,14.0,84.0,1.6,0.0,Hong Kong
Hong Kong,HK,2021-09-07,12:00:00,1630990800,27.9,26.2,29.5,19.4,81.0,9.1,0.0,Hong Kong
Hong Kong,HK,2021-09-08,12:00:00,1631077200,28.3,26.6,30.5,11.0,90.0,0.9,0.0,Hong Kong
Hong Kong,HK,2021-09-09,12:00:00,1631163600,28.4,25.2,31.2,10.3,70.0,0.9,0.0,Hong Kong
Hong Kong,HK,2021-09-10,12:00:00,1631250000,28.6,27.2,30.5,16.4,71.0,0.0,0.0,Hong Kong
Hong Kong,HK,2021-09-11,12:00:00,1631336400,28.9,26.9,31.7,15.1,263.0,1.4,0.0,Hong Kong
Hong Kong,HK,2021-09-12,12:00:00,1631422800,29.8,27.4,32.0,20.2,248.0,0.7,0.0,Hong Kong
Hong Kong,HK,2021-09-13,12:00:00,1631509200,29.4,27.7,32.0,15.7,231.0,0.9,0.0,Hong Kong
Hong Kong,HK,2021-09-14,12:00:00,1631595600,28.1,27.2,29.5,12.5,209.0,7.7,0.0,Hong Kong
Hong Kong,HK,2021-09-15,12:00:00,1631682000,29.1,27.1,31.7,13.9,278.0,1.0,0.0,Hong Kong
Hong Kong,HK,2021-09-16,12:00:00,1631768400,28.2,26.5,30.9,13.7,306.0,8.4,0.0,Hong Kong
Hong Kong,HK,2021-09-17,12:00:00,1631854800,28.2,26.5,30.8,9.4,351.0,7.2,0.0,Hong Kong
Hong Kong,HK,2021-09-18,12:00:00,1631941200,27.9,25.9,29.8,16.2,96.0,2.6,0.0,Hong Kong
Hong Kong,HK,2021-09-19,12:00:00,1632027600,27.9,25.9,29.2,16.7,111.0,4.7,0.0,Hong Kong
Hong Kong,HK,2021-09-20,12:00:00,1632114000,27.8,25.8,29.7,12.3,118.0,3.5,0.0,Hong Kong
Hong Kong,HK,2021-09-21,12:00:00,1632200400,27.9,26.2,29.5,6.8,120.0,3.4,0.0,Hong Kong
Hong Kong,HK,2021-09-22,12:00:00,1632286800,27.7,26.2,30.2,18.8,80.0,6.4,0.0,Hong Kong
Hong Kong,HK,2021-09-23,12:00:00,1632373200,27.2,25.6,28.5,19.8,93.0,11.3,0.0,Hong Kong
Hong Kong,HK,2021-09-24,12:00:00,1632459600,27.9,25.7,29.5,23.8,91.0,8.0,0.0,Hong Kong
Hong Kong,HK,2021-09-25,12:00:00,1632546000,27.9,26.3,29.7,20.8,77.0,2.1,0.0,Hong Kong
Hong Kong,HK,2021-09-26,12:00:00,1632632400,27.6,26.7,28.6,20.2,79.0,0.4,0.0,Hong Kong
Hong Kong,HK,2021-09-27,12:00:00,1632718800,27.7,26.6,29.7,13.6,92.0,0.5,0.0,Hong Kong
Hong Kong,HK,2021-09-28,12:00:00,1632805200,27.8,25.7,29.5,8.9,147.0,0.7,0.0,Hong Kong
Hong Kong,HK,2021-09-29,12:00:00,1632891600,28.1,25.8,29.6,10.9,228.0,2.8,0.0,Hong Kong
Hong Kong,HK,2021-09-30,12:00:00,1632978000,28.9,26.6,31.6,11.0,244.0,2.0,0.0,Hong Kong
Hong Kong,HK,2021-10-01,12:00:00,1633064400,28.2,26.9,30.0,9.4,230.0,0.3,0.0,Hong Kong
Hong Kong,HK,2021-10-02,12:00:00,1633150800,28.1,26.5,29.5,14.0,128.0,1.3,0.0,Hong Kong
Hong Kong,HK,2021-10-03,12:00:00,1633237200,27.4,25.3,28.3,18.1,95.0,9.2,0.0,Hong Kong
Hong Kong,HK,2021-10-04,12:00:00,1633323600,28.0,26.0,29.3,22.0,76.0,1.3,0.0,Hong Kong
Hong Kong,HK,2021-10-05,12:00:00,1633410000,28.2,26.9,30.0,23.8,74.0,0.7,0.0,Hong Kong
Hong Kong,HK,2021-10-06,12:00:00,1633496400,28.2,26.1,30.2,23.5,68.0,0.0,0.0,Hong Kong
Hong Kong,HK,2021-10-07,12:00:00,1633582800,27.2,25.4,29.2,36.8,71.0,39.3,0.0,Hong Kong
Hong Kong,HK,2021-10-08,12:00:00,1633669200,25.5,24.9,26.0,44.0,91.0,203.2,0.0,Hong Kong
Hong Kong,HK,2021-10-09,12:00:00,1633755600,26.0,25.5,27.2,43.1,104.0,106.9,0.0,Hong Kong
Hong Kong,HK,2021-10-10,12:00:00,1633842000,26.4,25.2,28.0,33.2,85.0,40.9,0.0,Hong Kong
Hong Kong,HK,2021-10-11,12:00:00,1633928400,27.0,24.4,29.7,29.2,356.0,0.0,0.0,Hong Kong
Hong Kong,HK,2021-10-12,12:00:00,1634014800,23.2,21.5,25.3,41.2,357.0,7.9,0.0,Hong Kong
Hong Kong,HK,2021-10-13,12:00:00,1634101200,24.6,21.6,26.6,45.4,69.0,114.5,0.0,Hong Kong
Hong Kong,HK,2021-10-14,12:00:00,1634187600,25.9,24.2,27.5,27.8,75.0,12.6,0.0,Hong Kong
Hong Kong,HK,2021-10-15,12:00:00,1634274000,24.9,23.9,26.7,19.7,36.0,18.6,0.0,Hong Kong
Hong Kong,HK,2021-10-16,12:00:00,1634360400,24.4,22.2,27.5,26.7,16.0,1.5,0.0,Hong Kong
Hong Kong,HK,2021-10-17,12:00:00,1634446800,22.1,19.5,25.5,27.4,19.0,0.0,0.0,Hong Kong
Hong Kong,HK,2021-10-18,12:00:00,1634533200,21.3,18.2,24.2,19.6,26.0,0.0,0.0,Hong Kong
Hong Kong,HK,2021-10-19,12:00:00,1634619600,23.8,21.2,26.1,14.1,62.0,0.0,0.0,Hong Kong
Hong Kong,HK,2021-10-20,12:00:00,1634706000,25.7,23.7,27.3,18.4,91.0,0.2,0.0,Hong Kong
Hong Kong,HK,2021-10-21,12:00:00,1634792400,22.6,17.6,26.0,24.7,21.0,0.7,0.0,Hong Kong
Hong Kong,HK,2021-10-22,12:00:00,1634878800,17.7,16.1,19.1,23.2,12.0,0.3,0.0,Hong Kong
Hong Kong,HK,2021-10-23,12:00:00,1634965200,19.5,17.5,22.1,20.0,17.0,0.2,0.0,Hong Kong
Hong Kong,HK,2021-10-24,12:00:00,1635051600,20.4,17.8,24.0,19.4,14.0,0.0,0.0,Hong Kong
Hong Kong,HK,2021-10-25,12:00:00,1635138000,21.0,18.2,24.5,19.5,19.0,0.0,0.0,Hong Kong
Hong Kong,HK,2021-10-26,12:00:00,1635224400,23.2,20.0,26.1,17.8,41.0,0.0,0.0,Hong Kong
Hong Kong,HK,2021-10-27,12:00:00,1635310800,24.0,22.9,25.2,15.3,56.0,1.0,0.0,Hong Kong
Hong Kong,HK,2021-10-28,12:00:00,1635397200,23.9,22.6,25.4,19.5,64.0,2.1,0.0,Hong Kong
Hong Kong,HK,2021-10-29,12:00:00,1635483600,24.1,22.5,25.7,21.2,72.0,0.8,0.0,Hong Kong
Hong Kong,HK,2021-10-30,12:00:00,1635570000,23.4,21.6,25.4,18.7,60.0,0.8,0.0,Hong Kong
Hong Kong,HK,2021-10-31,12:00:00,1635656400,23.2,21.1,25.0,22.5,66.0,0.2,0.0,Hong Kong
Hong Kong,HK,2021-11-01,12:00:00,1635742800,23.8,22.1,25.4,20.2,68.0,0.0,0.0,Hong Kong
Hong Kong,HK,2021-11-02,12:00:00,1635829200,23.9,22.3,25.6,20.2,71.0,0.1,0.0,Hong Kong
Hong Kong,HK,2021-11-03,12:00:00,1635915600,24.1,22.2,26.3,18.4,75.0,0.0,0.0,Hong Kong
Hong Kong,HK,2021-11-04,12:00:00,1636002000,24.3,23.0,26.1,17.5,88.0,0.0,0.0,Hong Kong
Hong Kong,HK,2021-11-05,12:00:00,1636088400,24.8,23.7,26.7,16.6,99.0,0.7,0.0,Hong Kong
Hong Kong,HK,2021-11-06,12:00:00,1636174800,24.7,22.2,27.8,10.9,175.0,0.0,0.0,Hong Kong
Hong Kong,HK,2021-11-07,12:00:00,1636261200,25.0,22.0,27.3,18.0,100.0,0.8,0.0,Hong Kong
Hong Kong,HK,2021-11-08,12:00:00,1636347600,17.7,14.0,24.0,36.8,9.0,1.7,0.0,Hong Kong
Hong Kong,HK,2021-11-09,12:00:00,1636434000,17.2,14.0,21.2,23.7,14.0,0.0,0.0,Hong Kong
Hong Kong,HK,2021-11-10,12:00:00,1636520400,18.4,15.4,22.2,20.6,14.0,0.4,0.0,Hong Kong
Hong Kong,HK,2021-11-11,12:00:00,1636606800,19.2,16.0,22.7,14.8,36.0,0.0,0.0,Hong Kong
Hong Kong,HK,2021-11-12,12:00:00,1636693200,20.5,17.3,24.6,15.6,29.0,0.8,0.0,Hong Kong
Hong Kong,HK,2021-11-13,12:00:00,1636779600,20.2,15.6,24.3,17.5,22.0,1.8,0.0,Hong Kong
Hong Kong,HK,2021-11-14,12:00:00,1636866000,20.1,17.3,23.1,15.7,48.0,0.0,0.0,Hong Kong
Hong Kong,HK,2021-11-15,12:00:00,1636952400,21.1,19.0,23.5,17.3,66.0,0.0,0.0,Hong Kong
Hong Kong,HK,2021-11-16,12:00:00,1637038800,22.0,19.3,25.3,15.6,54.0,0.0,0.0,Hong Kong
Hong Kong,HK,2021-11-17,12:00:00,1637125200,21.8,18.9,24.5,15.8,45.0,0.0,0.0,Hong Kong
Hong Kong,HK,2021-11-18,12:00:00,1637211600,21.3,17.3,25.8,17.7,32.0,0.0,0.0,Hong Kong
Hong Kong,HK,2021-11-19,12:00:00,1637298000,21.4,18.2,24.1,14.0,68.0,0.0,0.0,Hong Kong
Hong Kong,HK,2021-11-20,12:00:00,1637384400,22.7,20.9,24.4,24.0,83.0,0.6,0.0,Hong Kong
Hong Kong,HK,2021-11-21,12:00:00,1637470800,23.1,21.3,25.3,17.1,82.0,0.0,0.0,Hong Kong
Hong Kong,HK,2021-11-22,12:00:00,1637557200,18.6,15.3,22.8,29.2,10.0,2.0,0.0,Hong Kong
Hong Kong,HK,2021-11-23,12:00:00,1637643600,15.1,13.2,17.0,22.5,12.0,0.3,0.0,Hong Kong
Hong Kong,HK,2021-11-24,12:00:00,1637730000,17.6,14.4,21.4,19.0,38.0,0.0,0.0,Hong Kong
Hong Kong,HK,2021-11-25,12:00:00,1637816400,19.6,16.3,24.3,9.7,36.0,0.0,0.0,Hong Kong
Hong Kong,HK,2021-11-26,12:00:00,1637902800,20.7,16.8,25.3,16.6,38.0,0.0,0.0,Hong Kong
Hong Kong,HK,2021-11-27,12:00:00,1637989200,20.3,16.8,24.3,17.3,44.0,0.0,0.0,Hong Kong
Hong Kong,HK,2021-11-28,12:00:00,1638075600,20.2,17.0,24.2,17.8,42.0,0.0,0.0,Hong Kong
Hong Kong,HK,2021-11-29,12:00:00,1638162000,21.6,17.3,26.6,14.9,26.0,0.0,0.0,Hong Kong
Hong Kong,HK,2021-11-30,12:00:00,1638248400,20.4,15.9,25.0,27.9,14.0,0.0,0.0,Hong Kong
Hong Kong,HK,2021-12-01,12:00:00,1638334800,16.1,12.7,20.1,28.1,15.0,0.0,0.0,Hong Kong
Hong Kong,HK,2021-12-02,12:00:00,1638421200,15.9,11.7,20.6,19.2,18.0,0.0,0.0,Hong Kong
Hong Kong,HK,2021-12-03,12:00:00,1638507600,16.7,12.3,21.6,19.6,16.0,0.0,0.0,Hong Kong
Hong Kong,HK,2021-12-04,12:00:00,1638594000,17.0,13.4,20.3,16.9,44.0,0.0,0.0,Hong Kong
Hong Kong,HK,2021-12-05,12:00:00,1638680400,18.1,15.3,21.7,18.8,41.0,0.0,0.0,Hong Kong
Hong Kong,HK,2021-12-06,12:00:00,1638766800,17.3,13.6,22.6,16.6,29.0,0.0,0.0,Hong Kong
Hong Kong,HK,2021-12-07,12:00:00,1638853200,18.4,14.4,22.7,21.7,48.0,0.0,0.0,Hong Kong
Hong Kong,HK,2021-12-08,12:00:00,1638939600,19.3,17.0,22.1,22.6,68.0,0.0,0.0,Hong Kong
Hong Kong,HK,2021-12-09,12:00:00,1639026000,19.3,17.1,23.3,18.6,71.0,0.0,0.0,Hong Kong
Hong Kong,HK,2021-12-10,12:00:00,1639112400,19.7,16.4,23.0,21.4,67.0,0.0,0.0,Hong Kong
Hong Kong,HK,2021-12-11,12:00:00,1639198800,20.2,18.5,23.1,21.8,64.0,0.0,0.0,Hong Kong
Hong Kong,HK,2021-12-12,12:00:00,1639285200,20.5,17.4,25.0,22.2,45.0,0.1,0.0,Hong Kong
Hong Kong,HK,2021-12-13,12:00:00,1639371600,17.9,13.8,21.8,22.0,27.0,0.0,0.0,Hong Kong
Hong Kong,HK,2021-12-14,12:00:00,1639458000,19.1,15.1,22.8,16.9,58.0,0.2,0.0,Hong Kong
Hong Kong,HK,2021-12-15,12:00:00,1639544400,20.3,18.5,22.7,20.6,65.0,0.2,0.0,Hong Kong
Hong Kong,HK,2021-12-16,12:00:00,1639630800,21.7,19.9,24.2,21.0,64.0,0.2,0.0,Hong Kong
Hong Kong,HK,2021-12-17,12:00:00,1639717200,19.8,16.0,21.8,25.2,15.0,0.6,0.0,Hong Kong
Hong Kong,HK,2021-12-18,12:00:00,1639803600,16.2,13.4,20.0,24.2,17.0,0.0,0.0,Hong Kong
Hong Kong,HK,2021-12-19,12:00:00,1639890000,16.0,12.9,18.5,25.5,40.0,0.0,0.0,Hong Kong
Hong Kong,HK,2021-12-20,12:00:00,1639976400,16.1,14.4,18.2,26.7,50.0,26.3,0.0,Hong Kong
Hong Kong,HK,2021-12-21,12:00:00,1640062800,15.6,14.2,16.4,28.5,13.0,6.8,0.0,Hong Kong
Hong Kong,HK,2021-12-22,12:00:00,1640149200,17.3,14.4,20.5,15.8,20.0,0.0,0.0,Hong Kong
Hong Kong,HK,2021-12-23,12:00:00,1640235600,18.6,17.2,20.5,22.9,61.0,0.8,0.0,Hong Kong
Hong Kong,HK,2021-12-24,12:00:00,1640322000,18.8,16.7,21.5,8.9,46.0,10.8,0.0,Hong Kong
Hong Kong,HK,2021-12-25,12:00:00,1640408400,18.0,15.2,20.7,21.6,40.0,0.4,0.0,Hong Kong
Hong Kong,HK,2021-12-26,12:00:00,1640494800,12.8,9.2,15.2,23.5,19.0,7.1,0.0,Hong Kong
Hong Kong,HK,2021-12-27,12:00:00,1640581200,9.2,6.4,11.4,23.4,15.0,6.3,0.0,Hong Kong
Hong Kong,HK,2021-12-28,12:00:00,1640667600,13.7,9.5,17.3,16.1,26.0,0.0,0.0,Hong Kong
Hong Kong,HK,2021-12-29,12:00:00,1640754000,17.2,14.6,21.4,14.2,6.0,0.0,0.0,Hong Kong
Hong Kong,HK,2021-12-30,12:00:00,1640840400,15.4,11.8,19.6,18.6,28.0,0.0,0.0,Hong Kong
Hong Kong,HK,2021-12-31,12:00:00,1640926800,15.9,12.7,18.1,15.5,45.0,0.1,0.0,Hong Kong
Hong Kong,HK,2022-01-01,12:00:00,1641013200,16.5,14.8,19.1,14.4,63.0,0.0,0.0,Hong Kong
Hong Kong,HK,2022-01-02,12:00:00,1641099600,16.6,13.4,20.7,13.7,48.0,0.0,0.0,Hong Kong
Hong Kong,HK,2022-01-03,12:00:00,1641186000,17.0,15.3,19.1,17.2,65.0,0.0,0.0,Hong Kong
Hong Kong,HK,2022-01-04,12:00:00,1641272400,17.9,16.4,20.1,22.6,68.0,0.0,0.0,Hong Kong
Hong Kong,HK,2022-01-05,12:00:00,1641358800,18.8,17.0,22.0,19.6,69.0,0.4,0.0,Hong Kong
Hong Kong,HK,2022-01-06,12:00:00,1641445200,18.7,15.9,22.6,17.7,47.0,0.0,0.0,Hong Kong
Hong Kong,HK,2022-01-07,12:00:00,1641531600,17.4,14.2,20.6,19.8,55.0,0.0,0.0,Hong Kong
Hong Kong,HK,2022-01-08,12:00:00,1641618000,16.0,12.7,19.0,13.8,51.0,0.0,0.0,Hong Kong
Hong Kong,HK,2022-01-09,12:00:00,1641704400,16.9,14.9,19.8,14.1,66.0,0.2,0.0,Hong Kong
Hong Kong,HK,2022-01-10,12:00:00,1641790800,16.6,13.7,19.0,17.5,59.0,0.0,0.0,Hong Kong
Hong Kong,HK,2022-01-11,12:00:00,1641877200,14.7,11.6,17.8,25.8,14.0,0.3,0.0,Hong Kong
Hong Kong,HK,2022-01-12,12:00:00,1641963600,14.9,12.4,17.1,23.2,56.0,0.0,0.0,Hong Kong
Hong Kong,HK,2022-01-13,12:00:00,1642050000,16.2,14.0,19.5,15.8,23.0,0.2,0.0,Hong Kong
Hong Kong,HK,2022-01-14,12:00:00,1642136400,16.2,13.1,18.5,25.9,80.0,0.0,0.0,Hong Kong
Hong Kong,HK,2022-01-15,12:00:00,1642222800,17.3,15.9,19.0,21.0,77.0,0.0,0.0,Hong Kong
Hong Kong,HK,2022-01-16,12:00:00,1642309200,17.8,16.0,20.3,17.7,66.0,0.0,0.0,Hong Kong
Hong Kong,HK,2022-01-17,12:00:00,1642395600,17.7,16.2,20.7,21.5,64.0,0.2,0.0,Hong Kong
Hong Kong,HK,2022-01-18,12:00:00,1642482000,16.4,13.9,18.5,14.7,28.0,0.0,0.0,Hong Kong
Hong Kong,HK,2022-01-19,12:00:00,1642568400,15.5,11.9,19.6,14.3,33.0,0.0,0.0,Hong Kong
Hong Kong,HK,2022-01-20,12:00:00,1642654800,16.0,12.7,19.3,18.9,57.0,0.0,0.0,Hong Kong
Hong Kong,HK,2022-01-21,12:00:00,1642741200,17.2,15.7,19.1,25.6,73.0,3.3,0.0,Hong Kong
Hong Kong,HK,2022-01-22,12:00:00,1642827600,17.0,15.8,18.2,24.7,75.0,1.2,0.0,Hong Kong
Hong Kong,HK,2022-01-23,12:00:00,1642914000,18.9,17.2,21.4,21.4,74.0,0.3,0.0,Hong Kong
Hong Kong,HK,2022-01-24,12:00:00,1643000400,19.1,17.4,22.0,18.0,69.0,1.8,0.0,Hong Kong
Hong Kong,HK,2022-01-25,12:00:00,1643086800,17.8,14.9,20.5,20.9,62.0,0.0,0.0,Hong Kong
Hong Kong,HK,2022-01-26,12:00:00,1643173200,18.5,17.0,20.6,21.5,72.0,3.7,0.0,Hong Kong
Hong Kong,HK,2022-01-27,12:00:00,1643259600,19.0,17.4,21.7,18.8,66.0,0.0,0.0,Hong Kong
Hong Kong,HK,2022-01-28,12:00:00,1643346000,18.4,17.5,20.0,18.1,63.0,0.1,0.0,Hong Kong
Hong Kong,HK,2022-01-29,12:00:00,1643432400,17.5,14.9,20.2,15.0,40.0,0.0,0.0,Hong Kong
Hong Kong,HK,2022-01-30,12:00:00,1643518800,13.8,10.0,17.7,25.1,14.0,0.0,0.0,Hong Kong
Hong Kong,HK,2022-01-31,12:00:00,1643605200,12.9,11.0,15.6,23.7,34.0,0.7,0.0,Hong Kong
Hong Kong,HK,2022-02-01,12:00:00,1643691600,13.0,10.9,14.2,22.8,29.0,2.2,0.0,Hong Kong
Hong Kong,HK,2022-02-02,12:00:00,1643778000,15.0,12.4,18.0,26.9,44.0,5.3,0.0,Hong Kong
Hong Kong,HK,2022-02-03,12:00:00,1643864400,11.9,9.6,14.9,20.9,6.0,4.8,0.0,Hong Kong
Hong Kong,HK,2022-02-04,12:00:00,1643950800,12.6,9.3,16.9,19.5,13.0,0.0,0.0,Hong Kong
Hong Kong,HK,2022-02-05,12:00:00,1644037200,13.1,10.0,16.5,19.6,29.0,0.0,0.0,Hong Kong
Hong Kong,HK,2022-02-06,12:00:00,1644123600,15.3,13.5,17.2,24.8,67.0,0.0,0.0,Hong Kong
Hong Kong,HK,2022-02-07,12:00:00,1644210000,16.6,15.0,19.3,29.5,69.0,7.0,0.0,Hong Kong
Hong Kong,HK,2022-02-08,12:00:00,1644296400,14.5,11.5,17.2,23.1,31.0,0.7,0.0,Hong Kong
Hong Kong,HK,2022-02-09,12:00:00,1644382800,15.0,12.7,17.6,15.1,31.0,1.7,0.0,Hong Kong
Hong Kong,HK,2022-02-10,12:00:00,1644469200,16.1,13.3,18.8,19.8,55.0,0.3,0.0,Hong Kong
Hong Kong,HK,2022-02-11,12:00:00,1644555600,17.9,16.0,19.9,23.1,71.0,0.0,0.0,Hong Kong
Hong Kong,HK,2022-02-12,12:00:00,1644642000,18.0,16.0,21.0,14.8,60.0,0.0,0.0,Hong Kong
Hong Kong,HK,2022-02-13,12:00:00,1644728400,16.0,12.7,17.8,18.6,31.0,2.3,0.0,Hong Kong
Hong Kong,HK,2022-02-14,12:00:00,1644814800,15.0,10.9,19.8,22.2,31.0,1.1,0.0,Hong Kong
Hong Kong,HK,2022-02-15,12:00:00,1644901200,16.3,13.6,18.7,20.3,64.0,0.1,0.0,Hong Kong
Hong Kong,HK,2022-02-16,12:00:00,1644987600,16.7,15.3,18.5,26.3,81.0,0.5,0.0,Hong Kong
Hong Kong,HK,2022-02-17,12:00:00,1645074000,16.4,15.0,17.5,29.2,79.0,6.9,0.0,Hong Kong
Hong Kong,HK,2022-02-18,12:00:00,1645160400,16.5,15.3,18.4,28.9,79.0,0.9,0.0,Hong Kong
Hong Kong,HK,2022-02-19,12:00:00,1645246800,10.7,7.7,15.8,28.4,16.0,18.0,0.0,Hong Kong
Hong Kong,HK,2022-02-20,12:00:00,1645333200,7.3,6.7,8.6,27.9,17.0,37.6,0.0,Hong Kong
Hong Kong,HK,2022-02-21,12:00:00,1645419600,7.6,6.7,8.7,23.5,16.0,55.1,0.0,Hong Kong
Hong Kong,HK,2022-02-22,12:00:00,1645506000,9.0,7.5,10.8,21.1,9.0,22.2,0.0,Hong Kong
Hong Kong,HK,2022-02-23,12:00:00,1645592400,10.7,7.4,16.3,23.1,10.0,8.8,0.0,Hong Kong
Hong Kong,HK,2022-02-24,12:00:00,1645678800,11.3,7.7,15.1,19.7,21.0,0.0,0.0,Hong Kong
Hong Kong,HK,2022-02-25,12:00:00,1645765200,13.6,10.7,17.4,14.8,47.0,0.0,0.0,Hong Kong
Hong Kong,HK,2022-02-26,12:00:00,1645851600,15.8,12.5,19.3,8.9,78.0,0.0,0.0,Hong Kong
Hong Kong,HK,2022-02-27,12:00:00,1645938000,17.1,12.4,19.4,16.3,73.0,0.0,0.0,Hong Kong
Hong Kong,HK,2022-02-28,12:00:00,1646024400,18.4,16.8,20.5,18.3,67.0,0.0,0.0,Hong Kong
Hong Kong,HK,2022-03-01,12:00:00,1646110800,20.1,17.7,24.4,10.0,37.0,0.6,0.0,Hong Kong
Hong Kong,HK,2022-03-02,12:00:00,1646197200,20.1,17.2,23.7,19.1,58.0,0.0,0.0,Hong Kong
Hong Kong,HK,2022-03-03,12:00:00,1646283600,18.6,17.2,20.7,23.0,72.0,0.0,0.0,Hong Kong
Hong Kong,HK,2022-03-04,12:00:00,1646370000,19.4,17.0,23.0,10.2,103.0,0.0,0.0,Hong Kong
Hong Kong,HK,2022-03-05,12:00:00,1646456400,19.8,17.0,22.6,17.4,154.0,0.0,0.0,Hong Kong
Hong Kong,HK,2022-03-06,12:00:00,1646542800,19.3,17.7,21.0,22.9,81.0,3.4,0.0,Hong Kong
Hong Kong,HK,2022-03-07,12:00:00,1646629200,18.9,16.5,21.5,19.0,26.0,9.0,0.0,Hong Kong
Hong Kong,HK,2022-03-08,12:00:00,1646715600,15.7,13.0,18.0,19.0,63.0,0.0,0.0,Hong Kong
Hong Kong,HK,2022-03-09,12:00:00,1646802000,17.2,14.1,21.0,21.2,70.0,0.0,0.0,Hong Kong
Hong Kong,HK,2022-03-10,12:00:00,1646888400,18.8,16.2,21.8,19.1,68.0,0.0,0.0,Hong Kong
Hong Kong,HK,2022-03-11,12:00:00,1646974800,19.6,17.2,22.6,13.6,72.0,0.0,0.0,Hong Kong
Hong Kong,HK,2022-03-12,12:00:00,1647061200,20.0,17.6,23.2,16.9,68.0,0.1,0.0,Hong Kong
Hong Kong,HK,2022-03-13,12:00:00,1647147600,20.9,18.6,24.1,14.6,70.0,0.0,0.0,Hong Kong
Hong Kong,HK,2022-03-14,12:00:00,1647234000,21.4,19.0,25.3,8.2,120.0,0.0,0.0,Hong Kong
Hong Kong,HK,2022-03-15,12:00:00,1647320400,21.4,18.9,24.1,11.5,103.0,0.0,0.0,Hong Kong
Hong Kong,HK,2022-03-16,12:00:00,1647406800,21.3,19.8,23.6,17.5,77.0,0.0,0.0,Hong Kong
Hong Kong,HK,2022-03-17,12:00:00,1647493200,22.8,21.4,25.3,20.0,128.0,0.3,0.0,Hong Kong
Hong Kong,HK,2022-03-18,12:00:00,1647579600,22.9,19.8,25.3,7.1,316.0,1.3,0.0,Hong Kong
Hong Kong,HK,2022-03-19,12:00:00,1647666000,22.4,21.1,24.7,16.2,95.0,1.4,0.0,Hong Kong
Hong Kong,HK,2022-03-20,12:00:00,1647752400,21.5,20.7,22.4,23.8,87.0,3.4,0.0,Hong Kong
Hong Kong,HK,2022-03-21,12:00:00,1647838800,22.8,21.1,25.1,16.2,86.0,0.0,0.0,Hong Kong
Hong Kong,HK,2022-03-22,12:00:00,1647925200,23.6,22.0,25.8,13.5,132.0,4.2,0.0,Hong Kong
Hong Kong,HK,2022-03-23,12:00:00,1648011600,17.0,15.1,22.5,23.3,26.0,48.5,0.0,Hong Kong
Hong Kong,HK,2022-03-24,12:00:00,1648098000,18.1,15.4,19.7,29.2,80.0,5.7,0.0,Hong Kong
Hong Kong,HK,2022-03-25,12:00:00,1648184400,22.8,20.6,24.2,25.2,169.0,11.0,0.0,Hong Kong
Hong Kong,HK,2022-03-26,12:00:00,1648270800,23.9,23.0,25.3,18.3,225.0,1.4,0.0,Hong Kong
Hong Kong,HK,2022-03-27,12:00:00,1648357200,19.9,16.6,23.2,19.9,18.0,4.6,0.0,Hong Kong
Hong Kong,HK,2022-03-28,12:00:00,1648443600,16.5,15.3,17.9,16.8,30.0,8.0,0.0,Hong Kong
Hong Kong,HK,2022-03-29,12:00:00,1648530000,18.6,17.0,20.6,21.6,67.0,12.0,0.0,Hong Kong
Hong Kong,HK,2022-03-30,12:00:00,1648616400,21.4,19.4,23.8,20.6,67.0,0.8,0.0,Hong Kong
Hong Kong,HK,2022-03-31,12:00:00,1648702800,22.9,21.1,25.5,18.9,63.0,0.6,0.0,Hong Kong
Hong Kong,HK,2022-04-01,12:00:00,1648789200,19.0,14.7,21.8,23.9,32.0,3.4,0.0,Hong Kong
Hong Kong,HK,2022-04-02,12:00:00,1648875600,13.8,12.6,14.7,24.8,14.0,4.7,0.0,Hong Kong
Hong Kong,HK,2022-04-03,12:00:00,1648962000,16.9,13.5,21.0,19.2,42.0,0.0,0.0,Hong Kong
Hong Kong,HK,2022-04-04,12:00:00,1649048400,18.3,16.3,21.3,18.8,69.0,0.0,0.0,Hong Kong
Hong Kong,HK,2022-04-05,12:00:00,1649134800,19.5,16.9,24.0,17.1,75.0,0.0,0.0,Hong Kong
Hong Kong,HK,2022-04-06,12:00:00,1649221200,19.8,16.2,23.4,12.2,79.0,0.0,0.0,Hong Kong
Hong Kong,HK,2022-04-07,12:00:00,1649307600,20.9,18.8,23.6,13.8,75.0,0.0,0.0,Hong Kong
Hong Kong,HK,2022-04-08,12:00:00,1649394000,21.4,19.2,25.5,14.7,75.0,0.0,0.0,Hong Kong
Hong Kong,HK,2022-04-09,12:00:00,1649480400,20.7,18.5,24.0,17.7,74.0,0.0,0.0,Hong Kong
Hong Kong,HK,2022-04-10,12:00:00,1649566800,21.1,18.5,24.3,15.5,72.0,0.0,0.0,Hong Kong
Hong Kong,HK,2022-04-11,12:00:00,1649653200,22.1,18.3,25.9,11.6,102.0,0.4,0.0,Hong Kong
Hong Kong,HK,2022-04-12,12:00:00,1649739600,22.5,19.3,25.5,9.6,130.0,0.9,0.0,Hong Kong
Hong Kong,HK,2022-04-13,12:00:00,1649826000,23.3,21.5,25.1,14.5,227.0,4.4,0.0,Hong Kong
Hong Kong,HK,2022-04-14,12:00:00,1649912400,23.7,19.8,28.2,17.1,29.0,0.2,0.0,Hong Kong
Hong Kong,HK,2022-04-15,12:00:00,1649998800,22.7,21.7,24.4,23.5,80.0,0.0,0.0,Hong Kong
Hong Kong,HK,2022-04-16,12:00:00,1650085200,21.7,20.9,22.8,28.2,86.0,0.0,0.0,Hong Kong
Hong Kong,HK,2022-04-17,12:00:00,1650171600,20.6,18.8,22.3,23.9,73.0,3.5,0.0,Hong Kong
Hong Kong,HK,2022-04-18,12:00:00,1650258000,21.2,18.9,23.8,17.8,57.0,21.9,0.0,Hong Kong
Hong Kong,HK,2022-04-19,12:00:00,1650344400,19.2,17.5,21.6,14.9,31.0,3.6,0.0,Hong Kong
Hong Kong,HK,2022-04-20,12:00:00,1650430800,20.7,18.6,23.1,15.1,72.0,0.4,0.0,Hong Kong
Hong Kong,HK,2022-04-21,12:00:00,1650517200,22.6,20.8,25.0,11.6,96.0,0.0,0.0,Hong Kong
Hong Kong,HK,2022-04-22,12:00:00,1650603600,23.8,22.3,25.6,14.5,109.0,2.9,0.0,Hong Kong
Hong Kong,HK,2022-04-23,12:00:00,1650690000,24.6,23.2,26.5,11.7,150.0,1.3,0.0,Hong Kong
Hong Kong,HK,2022-04-24,12:00:00,1650776400,24.8,22.2,27.0,12.6,150.0,2.1,0.0,Hong Kong
Hong Kong,HK,2022-04-25,12:00:00,1650862800,25.4,24.0,27.2,17.2,177.0,2.7,0.0,Hong Kong
Hong Kong,HK,2022-04-26,12:00:00,1650949200,25.7,24.4,27.6,17.0,179.0,2.0,0.0,Hong Kong
Hong Kong,HK,2022-04-27,12:00:00,1651035600,26.0,23.9,27.8,14.2,175.0,4.3,0.0,Hong Kong
Hong Kong,HK,2022-04-28,12:00:00,1651122000,26.3,25.1,28.7,15.0,136.0,2.0,0.0,Hong Kong
Hong Kong,HK,2022-04-29,12:00:00,1651208400,26.4,25.0,28.3,11.5,129.0,0.6,0.0,Hong Kong
Hong Kong,HK,2022-04-30,12:00:00,1651294800,24.8,23.6,26.0,20.9,79.0,3.7,0.0,Hong Kong
Hong Kong,HK,2022-05-01,12:00:00,1651381200,19.8,16.6,23.7,24.1,33.0,36.9,0.0,Hong Kong
Hong Kong,HK,2022-05-02,12:00:00,1651467600,17.3,15.5,19.0,24.9,17.0,21.7,0.0,Hong Kong
Hong Kong,HK,2022-05-03,12:00:00,1651554000,20.8,17.6,23.8,16.8,46.0,0.0,0.0,Hong Kong
Hong Kong,HK,2022-05-04,12:00:00,1651640400,22.9,20.7,25.5,16.3,70.0,0.0,0.0,Hong Kong
Hong Kong,HK,2022-05-05,12:00:00,1651726800,23.6,22.3,25.6,14.7,84.0,0.0,0.0,Hong Kong
Hong Kong,HK,2022-05-06,12:00:00,1651813200,23.8,22.3,25.9,14.1,97.0,0.0,0.0,Hong Kong
Hong Kong,HK,2022-05-07,12:00:00,1651899600,23.9,22.5,26.3,17.7,82.0,2.2,0.0,Hong Kong
Hong Kong,HK,2022-05-08,12:00:00,1651986000,23.6,22.7,25.4,20.8,72.0,5.5,0.0,Hong Kong
Hong Kong,HK,2022-05-09,12:00:00,1652072400,23.6,22.1,25.0,18.4,83.0,2.5,0.0,Hong Kong
Hong Kong,HK,2022-05-10,12:00:00,1652158800,24.7,23.0,26.4,18.2,126.0,9.2,0.0,Hong Kong
Hong Kong,HK,2022-05-11,12:00:00,1652245200,23.9,22.7,25.1,23.9,203.0,67.0,0.0,Hong Kong
Hong Kong,HK,2022-05-12,12:00:00,1652331600,24.6,23.5,25.4,21.6,223.0,39.3,0.0,Hong Kong
Hong Kong,HK,2022-05-13,12:00:00,1652418000,24.5,23.7,26.1,20.8,230.0,97.3,0.0,Hong Kong
Hong Kong,HK,2022-05-14,12:00:00,1652504400,24.9,23.0,27.0,17.8,173.0,34.1,0.0,Hong Kong
Hong Kong,HK,2022-05-15,12:00:00,1652590800,23.0,21.4,24.2,26.3,65.0,30.6,0.0,Hong Kong
Hong Kong,HK,2022-05-16,12:00:00,1652677200,19.8,18.3,21.3,19.1,20.0,11.0,0.0,Hong Kong
Hong Kong,HK,2022-05-17,12:00:00,1652763600,21.4,18.3,24.8,18.2,60.0,0.0,0.0,Hong Kong
Hong Kong,HK,2022-05-18,12:00:00,1652850000,22.8,20.9,24.4,20.5,73.0,0.0,0.0,Hong Kong
Hong Kong,HK,2022-05-19,12:00:00,1652936400,24.5,22.5,27.5,18.7,71.0,0.0,0.0,Hong Kong
Hong Kong,HK,2022-05-20,12:00:00,1653022800,24.7,23.0,26.8,11.5,136.0,0.3,0.0,Hong Kong
Hong Kong,HK,2022-05-21,12:00:00,1653109200,25.4,23.8,27.8,15.7,137.0,0.5,0.0,Hong Kong
Hong Kong,HK,2022-05-22,12:00:00,1653195600,24.4,23.6,25.8,23.5,92.0,2.3,0.0,Hong Kong
Hong Kong,HK,2022-05-23,12:00:00,1653282000,24.3,23.6,25.4,23.4,87.0,3.0,0.0,Hong Kong
Hong Kong,HK,2022-05-24,12:00:00,1653368400,24.5,24.0,25.4,22.2,73.0,5.4,0.0,Hong Kong
Hong Kong,HK,2022-05-25,12:00:00,1653454800,24.4,24.0,24.9,15.6,93.0,20.1,0.0,Hong Kong
Hong Kong,HK,2022-05-26,12:00:00,1653541200,25.4,23.7,27.2,12.6,187.0,1.3,0.0,Hong Kong
Hong Kong,HK,2022-05-27,12:00:00,1653627600,25.4,24.6,26.4,18.4,194.0,17.3,0.0,Hong Kong
Hong Kong,HK,2022-05-28,12:00:00,1653714000,26.1,24.8,27.8,17.6,176.0,6.7,0.0,Hong Kong
Hong Kong,HK,2022-05-29,12:00:00,1653800400,26.9,25.4,28.9,17.0,174.0,4.2,0.0,Hong Kong
Hong Kong,HK,2022-05-30,12:00:00,1653886800,26.9,25.7,28.7,12.2,158.0,6.5,0.0,Hong Kong
Hong Kong,HK,2022-05-31,12:00:00,1653973200,26.4,25.2,27.2,17.3,189.0,14.8,0.0,Hong Kong
Hong Kong,HK,2022-06-01,12:00:00,1654059600,26.8,25.6,28.2,17.0,202.0,9.9,0.0,Hong Kong
Hong Kong,HK,2022-06-02,12:00:00,1654146000,26.9,25.6,28.4,23.0,213.0,5.0,0.0,Hong Kong
Hong Kong,HK,2022-06-03,12:00:00,1654232400,26.5,25.2,27.6,22.4,206.0,13.1,0.0,Hong Kong
Hong Kong,HK,2022-06-04,12:00:00,1654318800,27.5,25.4,29.1,25.6,208.0,9.4,0.0,Hong Kong
Hong Kong,HK,2022-06-05,12:00:00,1654405200,27.9,27.0,29.3,29.1,212.0,10.0,0.0,Hong Kong
Hong Kong,HK,2022-06-06,12:00:00,1654491600,27.6,25.7,29.5,23.9,224.0,7.9,0.0,Hong Kong
Hong Kong,HK,2022-06-07,12:00:00,1654578000,26.1,25.0,27.4,20.2,223.0,26.9,0.0,Hong Kong
Hong Kong,HK,2022-06-08,12:00:00,1654664400,25.1,24.1,26.2,23.2,193.0,41.5,0.0,Hong Kong
Hong Kong,HK,2022-06-09,12:00:00,1654750800,25.5,24.3,27.5,23.5,212.0,38.7,0.0,Hong Kong
Hong Kong,HK,2022-06-10,12:00:00,1654837200,25.6,24.7,26.3,25.3,211.0,20.7,0.0,Hong Kong
Hong Kong,HK,2022-06-11,12:00:00,1654923600,25.9,25.0,27.2,16.8,216.0,30.8,0.0,Hong Kong
Hong Kong,HK,2022-06-12,12:00:00,1655010000,26.8,25.4,28.1,24.0,215.0,20.9,0.0,Hong Kong
Hong Kong,HK,2022-06-13,12:00:00,1655096400,27.5,26.0,29.1,26.3,222.0,7.6,0.0,Hong Kong
Hong Kong,HK,2022-06-14,12:00:00,1655182800,26.5,24.5,27.4,24.8,232.0,9.4,0.0,Hong Kong
Hong Kong,HK,2022-06-15,12:00:00,1655269200,25.9,23.9,28.0,16.1,221.0,18.6,0.0,Hong Kong
Hong Kong,HK,2022-06-16,12:00:00,1655355600,26.2,24.7,27.8,21.0,222.0,11.1,0.0,Hong Kong
Hong Kong,HK,2022-06-17,12:00:00,1655442000,27.2,25.8,28.9,26.6,210.0,11.6,0.0,Hong Kong
Hong Kong,HK,2022-06-18,12:00:00,1655528400,27.8,26.6,29.4,25.3,200.0,5.2,0.0,Hong Kong
Hong Kong,HK,2022-06-19,12:00:00,1655614800,27.5,25.7,29.2,26.0,195.0,12.9,0.0,Hong Kong
Hong Kong,HK,2022-06-20,12:00:00,1655701200,27.6,26.1,29.0,25.5,198.0,5.8,0.0,Hong Kong
Hong Kong,HK,2022-06-21,12:00:00,1655787600,27.7,26.5,29.1,25.8,195.0,6.8,0.0,Hong Kong
Hong Kong,HK,2022-06-22,12:00:00,1655874000,27.9,26.8,29.5,18.3,190.0,3.7,0.0,Hong Kong
Hong Kong,HK,2022-06-23,12:00:00,1655960400,27.9,26.6,29.6,10.9,178.0,1.6,0.0,Hong Kong
Hong Kong,HK,2022-06-24,12:00:00,1656046800,27.8,25.8,29.6,10.4,199.0,1.4,0.0,Hong Kong
Hong Kong,HK,2022-06-25,12:00:00,1656133200,28.1,26.8,29.6,15.1,210.0,0.4,0.0,Hong Kong
Hong Kong,HK,2022-06-26,12:00:00,1656219600,28.2,27.0,29.5,13.4,193.0,1.4,0.0,Hong Kong
Hong Kong,HK,2022-06-27,12:00:00,1656306000,28.1,26.1,29.6,11.9,176.0,1.0,0.0,Hong Kong
Hong Kong,HK,2022-06-28,12:00:00,1656392400,28.6,27.2,30.2,10.2,173.0,0.1,0.0,Hong Kong
Hong Kong,HK,2022-06-29,12:00:00,1656478800,27.7,26.4,29.6,22.5,84.0,4.2,0.0,Hong Kong
Hong Kong,HK,2022-06-30,12:00:00,1656565200,26.8,25.5,28.0,27.3,79.0,25.1,0.0,Hong Kong
Hong Kong,HK,2022-07-01,12:00:00,1656651600,26.4,25.3,27.5,42.2,80.0,31.9,0.0,Hong Kong
Hong Kong,HK,2022-07-02,12:00:00,1656738000,26.1,25.6,26.9,42.1,135.0,87.5,0.0,Hong Kong
Hong Kong,HK,2022-07-03,12:00:00,1656824400,27.3,25.8,29.6,38.4,184.0,24.8,0.0,Hong Kong
Hong Kong,HK,2022-07-04,12:00:00,1656910800,27.3,26.3,28.5,31.4,203.0,27.3,0.0,Hong Kong
Hong Kong,HK,2022-07-05,12:00:00,1656997200,27.2,26.4,28.3,26.8,207.0,35.0,0.0,Hong Kong
Hong Kong,HK,2022-07-06,12:00:00,1657083600,26.6,25.5,27.4,19.5,202.0,29.2,0.0,Hong Kong
Hong Kong,HK,2022-07-07,12:00:00,1657170000,26.7,25.5,28.1,19.3,155.0,14.2,0.0,Hong Kong
Hong Kong,HK,2022-07-08,12:00:00,1657256400,27.8,26.1,29.6,15.2,107.0,1.4,0.0,Hong Kong
Hong Kong,HK,2022-07-09,12:00:00,1657342800,27.9,26.1,29.8,16.9,96.0,1.5,0.0,Hong Kong
Hong Kong,HK,2022-07-10,12:00:00,1657429200,28.5,27.1,30.3,14.8,124.0,2.4,0.0,Hong Kong
Hong Kong,HK,2022-07-11,12:00:00,1657515600,28.5,27.1,30.3,9.8,134.0,1.1,0.0,Hong Kong
Hong Kong,HK,2022-07-12,12:00:00,1657602000,28.6,27.1,30.4,11.7,122.0,2.1,0.0,Hong Kong
Hong Kong,HK,2022-07-13,12:00:00,1657688400,28.9,26.9,30.6,11.0,124.0,0.0,0.0,Hong Kong
Hong Kong,HK,2022-07-14,12:00:00,1657774800,28.9,26.3,30.7,12.4,190.0,0.1,0.0,Hong Kong
Hong Kong,HK,2022-07-15,12:00:00,1657861200,28.9,27.4,30.8,14.7,208.0,3.0,0.0,Hong Kong
Hong Kong,HK,2022-07-16,12:00:00,1657947600,28.9,27.7,30.4,24.0,225.0,3.7,0.0,Hong Kong
Hong Kong,HK,2022-07-17,12:00:00,1658034000,29.1,27.7,30.9,23.7,225.0,3.5,0.0,Hong Kong
Hong Kong,HK,2022-07-18,12:00:00,1658120400,29.0,27.9,30.6,21.9,211.0,1.9,0.0,Hong Kong
Hong Kong,HK,2022-07-19,12:00:00,1658206800,28.4,26.6,29.9,16.6,168.0,4.4,0.0,Hong Kong
Hong Kong,HK,2022-07-20,12:00:00,1658293200,28.8,27.7,30.4,20.0,145.0,5.0,0.0,Hong Kong
Hong Kong,HK,2022-07-21,12:00:00,1658379600,29.0,27.4,30.8,14.0,155.0,1.5,0.0,Hong Kong
Hong Kong,HK,2022-07-22,12:00:00,1658466000,29.4,26.1,32.8,12.7,244.0,0.0,0.0,Hong Kong
Hong Kong,HK,2022-07-23,12:00:00,1658552400,29.9,28.0,32.2,14.4,225.0,1.2,0.0,Hong Kong
Hong Kong,HK,2022-07-24,12:00:00,1658638800,30.3,28.6,32.7,16.9,228.0,0.1,0.0,Hong Kong
Hong Kong,HK,2022-07-25,12:00:00,1658725200,30.3,28.8,32.3,15.8,213.0,0.0,0.0,Hong Kong
Hong Kong,HK,2022-07-26,12:00:00,1658811600,29.9,28.2,31.8,13.7,195.0,0.0,0.0,Hong Kong
Hong Kong,HK,2022-07-27,12:00:00,1658898000,29.8,28.2,32.2,17.3,214.0,0.4,0.0,Hong Kong
Hong Kong,HK,2022-07-28,12:00:00,1658984400,30.5,28.3,34.1,17.2,230.0,0.0,0.0,Hong Kong
Hong Kong,HK,2022-07-29,12:00:00,1659070800,30.7,29.2,33.5,14.1,220.0,0.6,0.0,Hong Kong
Hong Kong,HK,2022-07-30,12:00:00,1659157200,28.7,26.1,30.6,10.8,235.0,30.6,0.0,Hong Kong
Hong Kong,HK,2022-07-31,12:00:00,1659243600,29.5,26.6,32.1,14.7,229.0,1.7,0.0,Hong Kong
Hong Kong,HK,2022-08-01,12:00:00,1659330000,30.3,28.6,32.7,15.0,217.0,0.0,0.0,Hong Kong
Hong Kong,HK,2022-08-02,12:00:00,1659416400,29.4,26.5,32.8,10.1,190.0,4.7,0.0,Hong Kong
Hong Kong,HK,2022-08-03,12:00:00,1659502800,27.1,26.5,28.3,10.9,100.0,13.1,0.0,Hong Kong
Hong Kong,HK,2022-08-04,12:00:00,1659589200,26.2,25.5,27.2,22.9,224.0,19.3,0.0,Hong Kong
Hong Kong,HK,2022-08-05,12:00:00,1659675600,26.3,25.1,27.9,19.3,156.0,34.3,0.0,Hong Kong
Hong Kong,HK,2022-08-06,12:00:00,1659762000,27.8,26.6,29.3,19.4,99.0,4.9,0.0,Hong Kong
Hong Kong,HK,2022-08-07,12:00:00,1659848400,28.8,27.6,30.6,24.0,89.0,4.2,0.0,Hong Kong
Hong Kong,HK,2022-08-08,12:00:00,1659934800,26.5,24.7,29.2,26.9,88.0,31.8,0.0,Hong Kong
Hong Kong,HK,2022-08-09,12:00:00,1660021200,25.7,24.2,27.8,36.7,88.0,57.7,0.0,Hong Kong
Hong Kong,HK,2022-08-10,12:00:00,1660107600,26.3,25.0,27.8,34.5,119.0,56.8,0.0,Hong Kong
Hong Kong,HK,2022-08-11,12:00:00,1660194000,26.3,25.4,28.1,23.0,127.0,25.4,0.0,Hong Kong
Hong Kong,HK,2022-08-12,12:00:00,1660280400,26.2,25.2,27.2,20.2,140.0,17.3,0.0,Hong Kong
Hong Kong,HK,2022-08-13,12:00:00,1660366800,27.1,25.9,28.4,12.0,186.0,5.5,0.0,Hong Kong
Hong Kong,HK,2022-08-14,12:00:00,1660453200,27.8,25.8,29.8,9.2,192.0,4.5,0.0,Hong Kong
Hong Kong,HK,2022-08-15,12:00:00,1660539600,28.4,26.4,30.6,10.9,161.0,1.4,0.0,Hong Kong
Hong Kong,HK,2022-08-16,12:00:00,1660626000,27.3,24.9,29.1,16.7,89.0,20.5,0.0,Hong Kong
Hong Kong,HK,2022-08-17,12:00:00,1660712400,27.1,26.1,28.5,18.8,114.0,14.8,0.0,Hong Kong
Hong Kong,HK,2022-08-18,12:00:00,1660798800,27.4,25.7,29.3,12.1,141.0,4.6,0.0,Hong Kong
Hong Kong,HK,2022-08-19,12:00:00,1660885200,27.2,25.8,28.5,21.5,106.0,15.4,0.0,Hong Kong
Hong Kong,HK,2022-08-20,12:00:00,1660971600,27.3,26.3,29.2,24.8,144.0,5.3,0.0,Hong Kong
Hong Kong,HK,2022-08-21,12:00:00,1661058000,28.1,26.2,30.1,17.4,159.0,6.3,0.0,Hong Kong
Hong Kong,HK,2022-08-22,12:00:00,1661144400,28.8,27.4,30.5,13.9,227.0,1.3,0.0,Hong Kong
Hong Kong,HK,2022-08-23,12:00:00,1661230800,29.7,27.5,32.7,11.5,271.0,0.8,0.0,Hong Kong
Hong Kong,HK,2022-08-24,12:00:00,1661317200,29.3,27.8,32.1,42.1,57.0,0.5,0.0,Hong Kong
Hong Kong,HK,2022-08-25,12:00:00,1661403600,27.0,25.3,28.4,46.3,131.0,18.5,0.0,Hong Kong
Hong Kong,HK,2022-08-26,12:00:00,1661490000,27.6,25.3,29.3,18.5,155.0,7.2,0.0,Hong Kong
Hong Kong,HK,2022-08-27,12:00:00,1661576400,28.8,26.3,31.9,15.1,255.0,0.0,0.0,Hong Kong
Hong Kong,HK,2022-08-28,12:00:00,1661662800,29.0,27.6,31.7,9.5,225.0,1.1,0.0,Hong Kong
Hong Kong,HK,2022-08-29,12:00:00,1661749200,27.9,26.6,29.2,10.0,107.0,4.1,0.0,Hong Kong
Hong Kong,HK,2022-08-30,12:00:00,1661835600,28.2,26.7,30.1,6.7,261.0,5.1,0.0,Hong Kong
Hong Kong,HK,2022-08-31,12:00:00,1661922000,28.3,26.0,30.6,6.0,30.0,2.1,0.0,Hong Kong
Hong Kong,HK,2022-09-01,12:00:00,1662008400,27.3,25.4,30.7,17.1,4.0,21.9,0.0,Hong Kong
Hong Kong,HK,2022-09-02,12:00:00,1662094800,28.0,25.4,31.5,17.6,348.0,0.0,0.0,Hong Kong
Hong Kong,HK,2022-09-03,12:00:00,1662181200,27.6,24.6,30.5,16.3,327.0,0.0,0.0,Hong Kong
Hong Kong,HK,2022-09-04,12:00:00,1662267600,28.1,25.3,31.1,16.6,330.0,0.0,0.0,Hong Kong
Hong Kong,HK,2022-09-05,12:00:00,1662354000,28.9,26.4,31.9,9.4,325.0,0.0,0.0,Hong Kong
Hong Kong,HK,2022-09-06,12:00:00,1662440400,28.5,25.6,31.5,14.4,69.0,0.0,0.0,Hong Kong
Hong Kong,HK,2022-09-07,12:00:00,1662526800,26.7,25.3,28.1,23.3,85.0,23.8,0.0,Hong Kong
Hong Kong,HK,2022-09-08,12:00:00,1662613200,27.1,23.7,30.0,19.9,72.0,3.0,0.0,Hong Kong
Hong Kong,HK,2022-09-09,12:00:00,1662699600,27.2,23.6,30.4,10.6,90.0,0.2,0.0,Hong Kong
Hong Kong,HK,2022-09-10,12:00:00,1662786000,27.1,25.1,28.4,8.3,150.0,1.2,0.0,Hong Kong
Hong Kong,HK,2022-09-11,12:00:00,1662872400,28.3,25.9,31.2,10.9,258.0,0.8,0.0,Hong Kong
Hong Kong,HK,2022-09-12,12:00:00,1662958800,28.7,26.4,32.0,10.7,271.0,1.0,0.0,Hong Kong
Hong Kong,HK,2022-09-13,12:00:00,1663045200,29.4,26.2,33.7,11.8,326.0,0.0,0.0,Hong Kong
Hong Kong,HK,2022-09-14,12:00:00,1663131600,29.3,26.1,33.0,14.8,325.0,0.0,0.0,Hong Kong
Hong Kong,HK,2022-09-15,12:00:00,1663218000,28.6,25.7,32.6,14.5,250.0,0.0,0.0,Hong Kong
Hong Kong,HK,2022-09-16,12:00:00,1663304400,29.3,26.9,33.0,12.1,224.0,0.7,0.0,Hong Kong
Hong Kong,HK,2022-09-17,12:00:00,1663390800,28.6,25.5,31.5,14.2,239.0,1.8,0.0,Hong Kong
Hong Kong,HK,2022-09-18,12:00:00,1663477200,28.5,25.7,32.6,15.1,268.0,5.9,0.0,Hong Kong
Hong Kong,HK,2022-09-19,12:00:00,1663563600,28.5,26.0,32.9,12.9,268.0,1.3,0.0,Hong Kong
Hong Kong,HK,2022-09-20,12:00:00,1663650000,27.8,25.2,29.4,22.5,82.0,5.2,0.0,Hong Kong
Hong Kong,HK,2022-09-21,12:00:00,1663736400,27.3,24.5,29.5,26.3,87.0,2.0,0.0,Hong Kong
Hong Kong,HK,2022-09-22,12:00:00,1663822800,27.3,25.8,28.8,21.2,88.0,2.2,0.0,Hong Kong
Hong Kong,HK,2022-09-23,12:00:00,1663909200,27.1,24.6,29.9,15.5,78.0,0.9,0.0,Hong Kong
Hong Kong,HK,2022-09-24,12:00:00,1663995600,27.0,23.8,29.0,22.0,75.0,4.8,0.0,Hong Kong
Hong Kong,HK,2022-09-25,12:00:00,1664082000,27.4,25.5,29.7,15.9,79.0,0.0,0.0,Hong Kong
Hong Kong,HK,2022-09-26,12:00:00,1664168400,28.0,25.7,31.3,21.4,71.0,0.1,0.0,Hong Kong
Hong Kong,HK,2022-09-27,12:00:00,1664254800,28.2,26.7,30.2,28.6,72.0,0.3,0.0,Hong Kong
Hong Kong,HK,2022-09-28,12:00:00,1664341200,27.7,26.5,29.5,29.7,81.0,1.5,0.0,Hong Kong
Hong Kong,HK,2022-09-29,12:00:00,1664427600,26.8,24.4,28.6,26.7,95.0,11.9,0.0,Hong Kong
Hong Kong,HK,2022-09-30,12:00:00,1664514000,25.4,24.1,26.2,25.2,104.0,28.9,0.0,Hong Kong
Hong Kong,HK,2022-10-01,12:00:00,1664600400,26.3,25.3,28.0,21.2,99.0,8.7,0.0,Hong Kong
Hong Kong,HK,2022-10-02,12:00:00,1664686800,27.3,25.7,29.6,19.2,101.0,3.2,0.0,Hong Kong
Hong Kong,HK,2022-10-03,12:00:00,1664773200,27.9,26.6,29.7,15.3,89.0,1.1,0.0,Hong Kong
Hong Kong,HK,2022-10-04,12:00:00,1664859600,27.5,25.9,29.8,10.6,110.0,0.7,0.0,Hong Kong
Hong Kong,HK,2022-10-05,12:00:00,1664946000,27.4,25.4,29.4,23.4,88.0,0.8,0.0,Hong Kong
Hong Kong,HK,2022-10-06,12:00:00,1665032400,26.9,25.6,28.7,21.0,80.0,3.2,0.0,Hong Kong
Hong Kong,HK,2022-10-07,12:00:00,1665118800,26.6,23.9,29.7,20.3,65.0,8.2,0.0,Hong Kong
Hong Kong,HK,2022-10-08,12:00:00,1665205200,25.6,22.2,28.3,19.2,51.0,0.0,0.0,Hong Kong
Hong Kong,HK,2022-10-09,12:00:00,1665291600,26.5,22.3,30.3,29.7,34.0,0.4,0.0,Hong Kong
Hong Kong,HK,2022-10-10,12:00:00,1665378000,22.7,19.5,25.6,28.7,13.0,0.0,0.0,Hong Kong
Hong Kong,HK,2022-10-11,12:00:00,1665464400,22.2,18.6,25.6,21.5,33.0,0.0,0.0,Hong Kong
Hong Kong,HK,2022-10-12,12:00:00,1665550800,23.2,19.6,27.0,17.0,40.0,0.0,0.0,Hong Kong
Hong Kong,HK,2022-10-13,12:00:00,1665637200,24.6,20.8,28.9,17.1,41.0,0.0,0.0,Hong Kong
Hong Kong,HK,2022-10-14,12:00:00,1665723600,25.5,22.6,29.2,20.2,61.0,0.0,0.0,Hong Kong
Hong Kong,HK,2022-10-15,12:00:00,1665810000,25.9,22.0,30.2,17.1,19.0,0.0,0.0,Hong Kong
Hong Kong,HK,2022-10-16,12:00:00,1665896400,27.5,23.6,31.2,23.6,1.0,0.0,0.0,Hong Kong
Hong Kong,HK,2022-10-17,12:00:00,1665982800,26.0,23.5,28.5,32.6,9.0,1.4,0.0,Hong Kong
Hong Kong,HK,2022-10-18,12:00:00,1666069200,19.8,16.0,25.6,34.3,29.0,29.0,0.0,Hong Kong
Hong Kong,HK,2022-10-19,12:00:00,1666155600,21.8,18.5,23.9,31.1,56.0,0.0,0.0,Hong Kong
Hong Kong,HK,2022-10-20,12:00:00,1666242000,23.1,21.7,24.4,27.7,70.0,0.0,0.0,Hong Kong
Hong Kong,HK,2022-10-21,12:00:00,1666328400,23.6,22.2,26.0,22.9,73.0,0.0,0.0,Hong Kong
Hong Kong,HK,2022-10-22,12:00:00,1666414800,24.5,20.9,28.9,13.7,58.0,0.5,0.0,Hong Kong
Hong Kong,HK,2022-10-23,12:00:00,1666501200,24.5,22.5,27.3,22.1,51.0,0.0,0.0,Hong Kong
Hong Kong,HK,2022-10-24,12:00:00,1666587600,24.1,23.1,25.5,27.0,79.0,0.1,0.0,Hong Kong
Hong Kong,HK,2022-10-25,12:00:00,1666674000,22.7,21.3,24.0,28.0,81.0,0.0,0.0,Hong Kong
Hong Kong,HK,2022-10-26,12:00:00,1666760400,22.5,21.4,23.7,24.1,82.0,0.0,0.0,Hong Kong
Hong Kong,HK,2022-10-27,12:00:00,1666846800,23.5,22.1,26.2,18.3,80.0,0.0,0.0,Hong Kong
Hong Kong,HK,2022-10-28,12:00:00,1666933200,24.3,21.6,28.6,17.1,61.0,0.0,0.0,Hong Kong
Hong Kong,HK,2022-10-29,12:00:00,1667019600,24.1,20.9,28.9,17.9,37.0,0.0,0.0,Hong Kong
Hong Kong,HK,2022-10-30,12:00:00,1667106000,24.5,20.6,29.0,23.9,17.0,0.0,0.0,Hong Kong
Hong Kong,HK,2022-10-31,12:00:00,1667192400,24.5,21.4,27.3,32.6,13.0,0.0,0.0,Hong Kong
Hong Kong,HK,2022-11-01,12:00:00,1667278800,21.3,18.4,23.9,32.6,11.0,20.5,0.0,Hong Kong
Hong Kong,HK,2022-11-02,12:00:00,1667365200,18.9,17.0,21.3,45.8,12.0,40.0,0.0,Hong Kong
Hong Kong,HK,2022-11-03,12:00:00,1667451600,21.8,20.9,22.5,41.0,113.0,25.7,0.0,Hong Kong
Hong Kong,HK,2022-11-04,12:00:00,1667538000,22.2,20.4,23.5,20.7,70.0,8.7,0.0,Hong Kong
Hong Kong,HK,2022-11-05,12:00:00,1667624400,20.7,19.4,22.1,18.2,39.0,2.3,0.0,Hong Kong
Hong Kong,HK,2022-11-06,12:00:00,1667710800,19.4,18.8,20.5,14.5,30.0,10.1,0.0,Hong Kong
Hong Kong,HK,2022-11-07,12:00:00,1667797200,20.5,18.7,22.6,15.4,32.0,46.4,0.0,Hong Kong
Hong Kong,HK,2022-11-08,12:00:00,1667883600,21.0,19.4,21.9,15.0,44.0,75.4,0.0,Hong Kong
Hong Kong,HK,2022-11-09,12:00:00,1667970000,22.8,21.1,25.4,14.4,59.0,0.1,0.0,Hong Kong
Hong Kong,HK,2022-11-10,12:00:00,1668056400,23.0,21.4,26.3,17.7,70.0,0.0,0.0,Hong Kong
Hong Kong,HK,2022-11-11,12:00:00,1668142800,22.8,20.4,25.5,21.9,69.0,0.1,0.0,Hong Kong
Hong Kong,HK,2022-11-12,12:00:00,1668229200,22.4,20.3,25.2,17.1,61.0,0.0,0.0,Hong Kong
Hong Kong,HK,2022-11-13,12:00:00,1668315600,23.2,20.8,26.4,11.5,59.0,0.0,0.0,Hong Kong
Hong Kong,HK,2022-11-14,12:00:00,1668402000,23.2,21.8,24.8,26.0,69.0,0.0,0.0,Hong Kong
Hong Kong,HK,2022-11-15,12:00:00,1668488400,23.5,22.5,25.3,15.8,64.0,0.0,0.0,Hong Kong
Hong Kong,HK,2022-11-16,12:00:00,1668574800,23.0,22.0,24.4,25.2,78.0,0.5,0.0,Hong Kong
Hong Kong,HK,2022-11-17,12:00:00,1668661200,23.0,21.8,25.1,18.7,72.0,0.1,0.0,Hong Kong
Hong Kong,HK,2022-11-18,12:00:00,1668747600,23.5,22.1,25.5,15.9,69.0,0.0,0.0,Hong Kong
Hong Kong,HK,2022-11-19,12:00:00,1668834000,23.7,22.4,26.3,16.6,62.0,0.0,0.0,Hong Kong
Hong Kong,HK,2022-11-20,12:00:00,1668920400,23.3,20.7,26.4,15.4,55.0,0.0,0.0,Hong Kong
Hong Kong,HK,2022-11-21,12:00:00,1669006800,23.1,22.3,24.5,28.0,69.0,2.0,0.0,Hong Kong
Hong Kong,HK,2022-11-22,12:00:00,1669093200,22.7,21.9,23.6,27.7,71.0,18.4,0.0,Hong Kong
Hong Kong,HK,2022-11-23,12:00:00,1669179600,23.0,22.5,24.3,24.3,69.0,26.1,0.0,Hong Kong
Hong Kong,HK,2022-11-24,12:00:00,1669266000,22.0,21.4,22.4,25.0,71.0,9.9,0.0,Hong Kong
Hong Kong,HK,2022-11-25,12:00:00,1669352400,22.5,21.6,24.1,22.5,73.0,8.5,0.0,Hong Kong
Hong Kong,HK,2022-11-26,12:00:00,1669438800,22.4,21.2,23.8,19.8,65.0,4.1,0.0,Hong Kong
Hong Kong,HK,2022-11-27,12:00:00,1669525200,23.4,22.1,24.3,22.9,105.0,2.2,0.0,Hong Kong
Hong Kong,HK,2022-11-28,12:00:00,1669611600,24.2,23.2,26.0,10.8,129.0,1.9,0.0,Hong Kong
Hong Kong,HK,2022-11-29,12:00:00,1669698000,24.2,22.2,25.7,13.7,93.0,0.1,0.0,Hong Kong
Hong Kong,HK,2022-11-30,12:00:00,1669784400,19.8,15.5,22.7,22.2,17.0,0.0,0.0,Hong Kong
Hong Kong,HK,2022-12-01,12:00:00,1669870800,13.3,11.2,16.1,24.2,11.0,1.1,0.0,Hong Kong
Hong Kong,HK,2022-12-02,12:00:00,1669957200,13.3,10.0,17.1,24.6,7.0,0.0,0.0,Hong Kong
Hong Kong,HK,2022-12-03,12:00:00,1670043600,16.9,13.7,20.3,14.9,12.0,0.0,0.0,Hong Kong
Hong Kong,HK,2022-12-04,12:00:00,1670130000,18.6,16.1,21.5,17.1,12.0,0.4,0.0,Hong Kong
Hong Kong,HK,2022-12-05,12:00:00,1670216400,14.8,12.3,17.6,25.7,7.0,0.0,0.0,Hong Kong
Hong Kong,HK,2022-12-06,12:00:00,1670302800,13.8,11.4,16.6,22.5,12.0,0.0,0.0,Hong Kong
Hong Kong,HK,2022-12-07,12:00:00,1670389200,16.2,12.7,20.6,18.1,19.0,0.0,0.0,Hong Kong
Hong Kong,HK,2022-12-08,12:00:00,1670475600,17.7,14.6,21.5,13.4,28.0,0.0,0.0,Hong Kong
Hong Kong,HK,2022-12-09,12:00:00,1670562000,17.4,13.9,21.4,17.2,12.0,0.0,0.0,Hong Kong
Hong Kong,HK,2022-12-10,12:00:00,1670648400,16.4,13.1,20.4,19.8,12.0,0.0,0.0,Hong Kong
Hong Kong,HK,2022-12-11,12:00:00,1670734800,15.2,13.1,18.3,22.5,6.0,0.2,0.0,Hong Kong
Hong Kong,HK,2022-12-12,12:00:00,1670821200,13.9,12.4,16.3,25.5,8.0,0.1,0.0,Hong Kong
Hong Kong,HK,2022-12-13,12:00:00,1670907600,12.2,11.1,13.1,22.9,8.0,4.2,0.0,Hong Kong
Hong Kong,HK,2022-12-14,12:00:00,1670994000,10.9,10.0,11.7,23.2,12.0,10.2,0.0,Hong Kong
Hong Kong,HK,2022-12-15,12:00:00,1671080400,13.3,11.2,15.5,16.7,31.0,7.4,0.0,Hong Kong
Hong Kong,HK,2022-12-16,12:00:00,1671166800,15.5,13.6,16.9,26.6,14.0,4.9,0.0,Hong Kong
Hong Kong,HK,2022-12-17,12:00:00,1671253200,11.5,9.9,13.0,37.4,11.0,2.1,0.0,Hong Kong
Hong Kong,HK,2022-12-18,12:00:00,1671339600,9.9,7.2,12.0,34.8,17.0,0.0,0.0,Hong Kong
Hong Kong,HK,2022-12-19,12:00:00,1671426000,11.6,7.7,14.7,19.8,36.0,0.0,0.0,Hong Kong
Hong Kong,HK,2022-12-20,12:00:00,1671512400,15.4,13.3,17.2,21.9,54.0,0.0,0.0,Hong Kong
Hong Kong,HK,2022-12-21,12:00:00,1671598800,15.6,12.9,18.8,22.1,7.0,0.0,0.0,Hong Kong
Hong Kong,HK,2022-12-22,12:00:00,1671685200,14.5,10.9,18.5,17.0,16.0,0.0,0.0,Hong Kong
Hong Kong,HK,2022-12-23,12:00:00,1671771600,14.7,11.1,18.2,19.3,31.0,0.0,0.0,Hong Kong
Hong Kong,HK,2022-12-24,12:00:00,1671858000,14.1,11.2,18.1,18.8,38.0,0.0,0.0,Hong Kong
Hong Kong,HK,2022-12-25,12:00:00,1671944400,14.4,11.8,16.5,17.1,60.0,0.0,0.0,Hong Kong
Hong Kong,HK,2022-12-26,12:00:00,1672030800,14.8,12.9,17.0,18.4,67.0,0.0,0.0,Hong Kong
Hong Kong,HK,2022-12-27,12:00:00,1672117200,15.5,13.0,17.3,21.4,65.0,0.0,0.0,Hong Kong
Hong Kong,HK,2022-12-28,12:00:00,1672203600,15.9,12.1,19.2,19.0,37.0,0.0,0.0,Hong Kong
Hong Kong,HK,2022-12-29,12:00:00,1672290000,14.3,10.4,18.5,19.4,14.0,0.0,0.0,Hong Kong
Hong Kong,HK,2022-12-30,12:00:00,1672376400,12.9,8.8,17.5,21.7,13.0,0.0,0.0,Hong Kong
Hong Kong,HK,2022-12-31,12:00:00,1672462800,13.5,9.1,18.6,21.4,22.0,0.0,0.0,Hong Kong
Hong Kong,HK,2023-01-01,12:00:00,1672549200,13.6,11.6,15.5,15.6,14.0,1.4,0.0,Hong Kong
Hong Kong,HK,2023-01-02,12:00:00,1672635600,15.9,13.6,18.7,19.0,15.0,0.4,0.0,Hong Kong
Hong Kong,HK,2023-01-03,12:00:00,1672722000,15.1,12.7,18.1,21.0,15.0,0.0,0.0,Hong Kong
Hong Kong,HK,2023-01-04,12:00:00,1672808400,15.4,12.9,17.8,16.0,37.0,0.0,0.0,Hong Kong
Hong Kong,HK,2023-01-05,12:00:00,1672894800,17.2,14.5,21.8,17.2,55.0,0.0,0.0,Hong Kong
Hong Kong,HK,2023-01-06,12:00:00,1672981200,17.9,15.2,22.1,22.1,21.0,0.0,0.0,Hong Kong
Hong Kong,HK,2023-01-07,12:00:00,1673067600,17.4,14.7,20.1,20.5,45.0,0.0,0.0,Hong Kong
Hong Kong,HK,2023-01-08,12:00:00,1673154000,17.3,15.8,19.1,26.8,60.0,4.0,0.0,Hong Kong
Hong Kong,HK,2023-01-09,12:00:00,1673240400,18.2,16.2,20.4,21.9,51.0,1.0,0.0,Hong Kong
Hong Kong,HK,2023-01-10,12:00:00,1673326800,16.9,16.5,17.7,15.5,36.0,3.9,0.0,Hong Kong
Hong Kong,HK,2023-01-11,12:00:00,1673413200,17.5,16.5,18.5,23.7,71.0,2.0,0.0,Hong Kong
Hong Kong,HK,2023-01-12,12:00:00,1673499600,18.6,17.2,20.1,23.0,75.0,0.3,0.0,Hong Kong
Hong Kong,HK,2023-01-13,12:00:00,1673586000,20.6,19.2,21.7,16.0,170.0,8.4,0.0,Hong Kong
Hong Kong,HK,2023-01-14,12:00:00,1673672400,21.3,19.6,23.5,13.7,232.0,1.9,0.0,Hong Kong
Hong Kong,HK,2023-01-15,12:00:00,1673758800,16.2,10.1,20.5,26.5,10.0,0.9,0.0,Hong Kong
Hong Kong,HK,2023-01-16,12:00:00,1673845200,10.3,7.8,12.8,26.6,8.0,0.3,0.0,Hong Kong
Hong Kong,HK,2023-01-17,12:00:00,1673931600,11.9,9.2,15.8,18.0,11.0,0.0,0.0,Hong Kong
Hong Kong,HK,2023-01-18,12:00:00,1674018000,11.7,8.0,16.0,19.8,13.0,0.0,0.0,Hong Kong
Hong Kong,HK,2023-01-19,12:00:00,1674104400,14.2,10.5,18.3,12.9,34.0,0.0,0.0,Hong Kong
Hong Kong,HK,2023-01-20,12:00:00,1674190800,15.4,13.3,18.6,19.3,30.0,1.0,0.0,Hong Kong
Hong Kong,HK,2023-01-21,12:00:00,1674277200,15.8,14.2,16.8,24.6,71.0,2.6,0.0,Hong Kong
Hong Kong,HK,2023-01-22,12:00:00,1674363600,17.4,15.2,20.9,16.5,63.0,4.3,0.0,Hong Kong
Hong Kong,HK,2023-01-23,12:00:00,1674450000,17.8,15.4,21.5,9.0,56.0,0.0,0.0,Hong Kong
Hong Kong,HK,2023-01-24,12:00:00,1674536400,13.1,10.2,16.2,33.7,15.0,0.0,0.0,Hong Kong
Hong Kong,HK,2023-01-25,12:00:00,1674622800,10.9,8.2,13.9,22.5,39.0,0.0,0.0,Hong Kong
Hong Kong,HK,2023-01-26,12:00:00,1674709200,14.0,11.8,16.7,17.6,58.0,0.3,0.0,Hong Kong
Hong Kong,HK,2023-01-27,12:00:00,1674795600,13.3,11.2,15.8,28.3,14.0,0.3,0.0,Hong Kong
Hong Kong,HK,2023-01-28,12:00:00,1674882000,11.1,7.6,14.6,25.0,19.0,0.0,0.0,Hong Kong
Hong Kong,HK,2023-01-29,12:00:00,1674968400,10.7,7.0,15.2,17.9,25.0,0.0,0.0,Hong Kong
Hong Kong,HK,2023-01-30,12:00:00,1675054800,13.2,9.5,17.3,19.0,53.0,0.0,0.0,Hong Kong
Hong Kong,HK,2023-01-31,12:00:00,1675141200,15.6,12.2,18.0,19.6,72.0,0.0,0.0,Hong Kong
Hong Kong,HK,2023-02-01,12:00:00,1675227600,18.1,15.3,21.8,13.1,61.0,0.1,0.0,Hong Kong
Hong Kong,HK,2023-02-02,12:00:00,1675314000,18.0,16.5,20.2,25.0,69.0,0.0,0.0,Hong Kong
Hong Kong,HK,2023-02-03,12:00:00,1675400400,17.1,15.6,19.2,26.3,76.0,0.2,0.0,Hong Kong
Hong Kong,HK,2023-02-04,12:00:00,1675486800,16.3,15.5,16.9,23.2,73.0,2.7,0.0,Hong Kong
Hong Kong,HK,2023-02-05,12:00:00,1675573200,16.9,15.9,18.6,22.1,70.0,2.3,0.0,Hong Kong
Hong Kong,HK,2023-02-06,12:00:00,1675659600,18.0,16.5,21.0,14.7,70.0,0.6,0.0,Hong Kong
Hong Kong,HK,2023-02-07,12:00:00,1675746000,19.8,17.8,23.2,12.8,73.0,2.4,0.0,Hong Kong
Hong Kong,HK,2023-02-08,12:00:00,1675832400,18.4,17.0,20.3,22.3,76.0,0.1,0.0,Hong Kong
Hong Kong,HK,2023-02-09,12:00:00,1675918800,18.5,17.2,20.5,24.5,72.0,0.2,0.0,Hong Kong
Hong Kong,HK,2023-02-10,12:00:00,1676005200,20.0,17.9,23.0,14.3,70.0,0.4,0.0,Hong Kong
Hong Kong,HK,2023-02-11,12:00:00,1676091600,20.0,18.4,21.4,18.5,86.0,0.8,0.0,Hong Kong
Hong Kong,HK,2023-02-12,12:00:00,1676178000,20.9,19.3,23.3,18.1,89.0,0.7,0.0,Hong Kong
Hong Kong,HK,2023-02-13,12:00:00,1676264400,21.6,18.4,23.9,17.9,81.0,5.6,0.0,Hong Kong
Hong Kong,HK,2023-02-14,12:00:00,1676350800,16.0,12.3,19.1,28.7,17.0,0.4,0.0,Hong Kong
Hong Kong,HK,2023-02-15,12:00:00,1676437200,14.2,9.9,18.3,24.1,25.0,0.0,0.0,Hong Kong
Hong Kong,HK,2023-02-16,12:00:00,1676523600,14.7,10.8,17.9,19.8,41.0,0.0,0.0,Hong Kong
Hong Kong,HK,2023-02-17,12:00:00,1676610000,17.7,15.1,22.3,22.7,68.0,0.0,0.0,Hong Kong
Hong Kong,HK,2023-02-18,12:00:00,1676696400,18.7,14.3,22.3,13.8,54.0,0.2,0.0,Hong Kong
Hong Kong,HK,2023-02-19,12:00:00,1676782800,21.1,17.9,26.6,20.1,43.0,0.8,0.0,Hong Kong
Hong Kong,HK,2023-02-20,12:00:00,1676869200,18.5,15.7,21.8,18.3,53.0,0.0,0.0,Hong Kong
Hong Kong,HK,2023-02-21,12:00:00,1676955600,16.6,15.4,18.5,25.2,81.0,0.0,0.0,Hong Kong
Hong Kong,HK,2023-02-22,12:00:00,1677042000,15.3,13.2,17.8,26.1,78.0,0.0,0.0,Hong Kong
Hong Kong,HK,2023-02-23,12:00:00,1677128400,16.9,14.4,20.4,17.7,96.0,0.0,0.0,Hong Kong
Hong Kong,HK,2023-02-24,12:00:00,1677214800,19.3,13.7,25.1,24.6,26.0,0.0,0.0,Hong Kong
Hong Kong,HK,2023-02-25,12:00:00,1677301200,15.8,11.7,21.9,24.4,24.0,0.0,0.0,Hong Kong
Hong Kong,HK,2023-02-26,12:00:00,1677387600,15.3,13.1,18.9,20.1,52.0,0.0,0.0,Hong Kong
Hong Kong,HK,2023-02-27,12:00:00,1677474000,14.8,12.4,16.9,22.6,75.0,0.0,0.0,Hong Kong
Hong Kong,HK,2023-02-28,12:00:00,1677560400,16.0,13.4,19.6,23.3,78.0,0.0,0.0,Hong Kong
Hong Kong,HK,2023-03-01,12:00:00,1677646800,18.0,13.6,24.0,14.4,17.0,0.0,0.0,Hong Kong
Hong Kong,HK,2023-03-02,12:00:00,1677733200,18.4,16.1,21.1,23.4,70.0,0.0,0.0,Hong Kong
Hong Kong,HK,2023-03-03,12:00:00,1677819600,17.0,15.1,19.8,23.7,73.0,0.0,0.0,Hong Kong
Hong Kong,HK,2023-03-04,12:00:00,1677906000,17.8,15.2,21.4,15.0,79.0,0.0,0.0,Hong Kong
Hong Kong,HK,2023-03-05,12:00:00,1677992400,17.9,15.7,21.2,19.7,70.0,0.0,0.0,Hong Kong
Hong Kong,HK,2023-03-06,12:00:00,1678078800,18.0,15.8,21.2,19.5,74.0,0.0,0.0,Hong Kong
Hong Kong,HK,2023-03-07,12:00:00,1678165200,18.3,16.0,21.2,17.9,77.0,0.0,0.0,Hong Kong
Hong Kong,HK,2023-03-08,12:00:00,1678251600,19.4,15.4,22.8,9.8,92.0,0.0,0.0,Hong Kong
Hong Kong,HK,2023-03-09,12:00:00,1678338000,20.4,16.0,24.9,11.9,220.0,0.3,0.0,Hong Kong
Hong Kong,HK,2023-03-10,12:00:00,1678424400,20.5,18.2,23.4,20.7,83.0,0.0,0.0,Hong Kong
Hong Kong,HK,2023-03-11,12:00:00,1678510800,20.7,18.6,23.8,17.5,82.0,0.0,0.0,Hong Kong
Hong Kong,HK,2023-03-12,12:00:00,1678597200,20.7,17.2,24.9,21.5,20.0,2.7,0.0,Hong Kong
Hong Kong,HK,2023-03-13,12:00:00,1678683600,19.2,16.9,21.1,21.7,52.0,1.2,0.0,Hong Kong
Hong Kong,HK,2023-03-14,12:00:00,1678770000,18.6,17.0,20.2,18.0,93.0,0.1,0.0,Hong Kong
Hong Kong,HK,2023-03-15,12:00:00,1678856400,20.0,17.6,22.5,15.1,108.0,0.0,0.0,Hong Kong
Hong Kong,HK,2023-03-16,12:00:00,1678942800,20.2,16.7,23.6,19.1,84.0,0.0,0.0,Hong Kong
Hong Kong,HK,2023-03-17,12:00:00,1679029200,21.0,19.2,23.9,18.4,88.0,0.0,0.0,Hong Kong
Hong Kong,HK,2023-03-18,12:00:00,1679115600,21.3,19.1,25.1,18.0,102.0,0.1,0.0,Hong Kong
Hong Kong,HK,2023-03-19,12:00:00,1679202000,20.7,19.5,22.3,23.7,88.0,0.2,0.0,Hong Kong
Hong Kong,HK,2023-03-20,12:00:00,1679288400,21.5,20.2,23.6,20.2,109.0,1.8,0.0,Hong Kong
Hong Kong,HK,2023-03-21,12:00:00,1679374800,22.2,21.1,23.6,16.8,174.0,4.9,0.0,Hong Kong
Hong Kong,HK,2023-03-22,12:00:00,1679461200,23.1,22.0,25.4,18.5,187.0,2.7,0.0,Hong Kong
Hong Kong,HK,2023-03-23,12:00:00,1679547600,23.2,22.4,24.9,18.0,180.0,3.3,0.0,Hong Kong
Hong Kong,HK,2023-03-24,12:00:00,1679634000,23.2,22.2,24.8,18.2,142.0,7.6,0.0,Hong Kong
Hong Kong,HK,2023-03-25,12:00:00,1679720400,22.3,20.5,23.9,20.1,107.0,17.6,0.0,Hong Kong
Hong Kong,HK,2023-03-26,12:00:00,1679806800,19.1,17.6,20.6,19.1,47.0,18.5,0.0,Hong Kong
Hong Kong,HK,2023-03-27,12:00:00,1679893200,18.5,16.9,19.5,31.9,68.0,7.4,0.0,Hong Kong
Hong Kong,HK,2023-03-28,12:00:00,1679979600,18.6,16.9,20.2,25.5,72.0,9.9,0.0,Hong Kong
Hong Kong,HK,2023-03-29,12:00:00,1680066000,19.7,18.1,21.8,26.2,83.0,11.8,0.0,Hong Kong
Hong Kong,HK,2023-03-30,12:00:00,1680152400,20.5,19.4,21.7,19.4,84.0,3.3,0.0,Hong Kong
Hong Kong,HK,2023-03-31,12:00:00,1680238800,20.7,20.0,22.2,22.7,95.0,3.2,0.0,Hong Kong
Hong Kong,HK,2023-04-01,12:00:00,1680325200,21.0,19.9,22.4,17.7,93.0,2.0,0.0,Hong Kong
Hong Kong,HK,2023-04-02,12:00:00,1680411600,21.7,20.6,23.0,22.5,99.0,6.6,0.0,Hong Kong
Hong Kong,HK,2023-04-03,12:00:00,1680498000,21.9,21.1,23.6,24.4,94.0,1.1,0.0,Hong Kong
Hong Kong,HK,2023-04-04,12:00:00,1680584400,23.5,21.5,25.0,26.5,148.0,7.5,0.0,Hong Kong
Hong Kong,HK,2023-04-05,12:00:00,1680670800,23.7,22.6,25.3,22.5,172.0,7.8,0.0,Hong Kong
Hong Kong,HK,2023-04-06,12:00:00,1680757200,23.9,21.2,25.1,20.1,198.0,5.2,0.0,Hong Kong
Hong Kong,HK,2023-04-07,12:00:00,1680843600,20.1,16.9,23.2,22.8,31.0,1.9,0.0,Hong Kong
Hong Kong,HK,2023-04-08,12:00:00,1680930000,19.9,19.1,21.2,25.1,70.0,1.4,0.0,Hong Kong
Hong Kong,HK,2023-04-09,12:00:00,1681016400,19.4,18.1,21.0,19.0,76.0,0.0,0.0,Hong Kong
Hong Kong,HK,2023-04-10,12:00:00,1681102800,20.9,19.2,22.4,19.5,90.0,0.0,0.0,Hong Kong
Hong Kong,HK,2023-04-11,12:00:00,1681189200,22.8,21.5,24.9,15.9,106.0,0.0,0.0,Hong Kong
Hong Kong,HK,2023-04-12,12:00:00,1681275600,23.3,20.6,26.1,18.4,103.0,0.0,0.0,Hong Kong
Hong Kong,HK,2023-04-13,12:00:00,1681362000,22.3,21.0,24.2,24.4,84.0,0.1,0.0,Hong Kong
Hong Kong,HK,2023-04-14,12:00:00,1681448400,23.4,21.7,25.9,15.3,112.0,0.3,0.0,Hong Kong
Hong Kong,HK,2023-04-15,12:00:00,1681534800,25.0,22.0,29.2,12.9,333.0,1.4,0.0,Hong Kong
Hong Kong,HK,2023-04-16,12:00:00,1681621200,24.5,22.1,27.1,13.3,83.0,0.0,0.0,Hong Kong
Hong Kong,HK,2023-04-17,12:00:00,1681707600,23.6,20.2,26.1,16.1,126.0,6.2,0.0,Hong Kong
Hong Kong,HK,2023-04-18,12:00:00,1681794000,24.8,23.1,26.8,18.5,165.0,4.6,0.0,Hong Kong
Hong Kong,HK,2023-04-19,12:00:00,1681880400,24.8,23.3,25.9,25.4,211.0,15.2,0.0,Hong Kong
Hong Kong,HK,2023-04-20,12:00:00,1681966800,23.9,23.0,24.6,19.6,214.0,25.3,0.0,Hong Kong
Hong Kong,HK,2023-04-21,12:00:00,1682053200,23.9,22.1,25.2,21.4,121.0,9.9,0.0,Hong Kong
Hong Kong,HK,2023-04-22,12:00:00,1682139600,23.7,22.6,24.8,29.6,93.0,4.6,0.0,Hong Kong
Hong Kong,HK,2023-04-23,12:00:00,1682226000,23.9,23.0,25.1,23.7,96.0,0.6,0.0,Hong Kong
Hong Kong,HK,2023-04-24,12:00:00,1682312400,23.7,22.8,25.3,16.2,83.0,3.2,0.0,Hong Kong
Hong Kong,HK,2023-04-25,12:00:00,1682398800,22.0,19.5,23.8,15.2,15.0,1.2,0.0,Hong Kong
Hong Kong,HK,2023-04-26,12:00:00,1682485200,20.7,17.2,24.1,21.5,45.0,0.1,0.0,Hong Kong
Hong Kong,HK,2023-04-27,12:00:00,1682571600,22.3,21.2,24.0,26.7,85.0,0.3,0.0,Hong Kong
Hong Kong,HK,2023-04-28,12:00:00,1682658000,23.6,22.3,25.6,18.3,92.0,0.0,0.0,Hong Kong
Hong Kong,HK,2023-04-29,12:00:00,1682744400,24.4,22.5,26.4,17.4,62.0,5.0,0.0,Hong Kong
Hong Kong,HK,2023-04-30,12:00:00,1682830800,22.4,19.1,25.8,18.3,37.0,0.0,0.0,Hong Kong
Hong Kong,HK,2023-05-01,12:00:00,1682917200,23.1,22.3,24.5,20.4,87.0,0.0,0.0,Hong Kong
Hong Kong,HK,2023-05-02,12:00:00,1683003600,23.5,22.5,25.0,22.0,88.0,0.0,0.0,Hong Kong
Hong Kong,HK,2023-05-03,12:00:00,1683090000,24.2,22.6,26.0,15.5,95.0,0.9,0.0,Hong Kong
Hong Kong,HK,2023-05-04,12:00:00,1683176400,25.5,24.1,27.4,16.6,126.0,4.3,0.0,Hong Kong
Hong Kong,HK,2023-05-05,12:00:00,1683262800,25.6,24.0,27.5,14.0,158.0,0.5,0.0,Hong Kong
Hong Kong,HK,2023-05-06,12:00:00,1683349200,26.2,24.9,28.2,22.6,178.0,7.2,0.0,Hong Kong
Hong Kong,HK,2023-05-07,12:00:00,1683435600,25.4,23.9,26.7,15.1,100.0,10.4,0.0,Hong Kong
Hong Kong,HK,2023-05-08,12:00:00,1683522000,22.5,20.3,25.1,20.8,44.0,22.0,0.0,Hong Kong
Hong Kong,HK,2023-05-09,12:00:00,1683608400,23.0,22.4,24.1,26.5,80.0,0.9,0.0,Hong Kong
Hong Kong,HK,2023-05-10,12:00:00,1683694800,23.2,22.4,24.2,25.0,84.0,0.0,0.0,Hong Kong
Hong Kong,HK,2023-05-11,12:00:00,1683781200,23.1,21.3,24.6,22.4,74.0,18.0,0.0,Hong Kong
Hong Kong,HK,2023-05-12,12:00:00,1683867600,22.4,20.8,24.2,16.4,56.0,12.3,0.0,Hong Kong
Hong Kong,HK,2023-05-13,12:00:00,1683954000,22.4,21.5,23.8,9.4,24.0,10.4,0.0,Hong Kong
Hong Kong,HK,2023-05-14,12:00:00,1684040400,21.6,21.1,22.4,16.4,60.0,30.4,0.0,Hong Kong
Hong Kong,HK,2023-05-15,12:00:00,1684126800,23.5,21.5,26.5,12.8,85.0,0.1,0.0,Hong Kong
Hong Kong,HK,2023-05-16,12:00:00,1684213200,24.4,21.3,26.4,17.1,135.0,4.8,0.0,Hong Kong
Hong Kong,HK,2023-05-17,12:00:00,1684299600,25.6,24.4,26.8,15.9,178.0,3.4,0.0,Hong Kong
Hong Kong,HK,2023-05-18,12:00:00,1684386000,27.0,25.9,28.7,13.5,219.0,0.5,0.0,Hong Kong
Hong Kong,HK,2023-05-19,12:00:00,1684472400,26.7,25.2,28.3,12.0,145.0,1.1,0.0,Hong Kong
Hong Kong,HK,2023-05-20,12:00:00,1684558800,26.0,24.5,27.5,14.5,126.0,5.4,0.0,Hong Kong
Hong Kong,HK,2023-05-21,12:00:00,1684645200,27.1,24.2,28.9,21.6,188.0,6.8,0.0,Hong Kong
Hong Kong,HK,2023-05-22,12:00:00,1684731600,28.1,27.0,29.7,19.7,218.0,2.6,0.0,Hong Kong
Hong Kong,HK,2023-05-23,12:00:00,1684818000,25.6,24.1,26.9,22.8,68.0,7.2,0.0,Hong Kong
Hong Kong,HK,2023-05-24,12:00:00,1684904400,25.9,24.7,27.3,22.4,104.0,10.0,0.0,Hong Kong
Hong Kong,HK,2023-05-25,12:00:00,1684990800,26.4,25.1,28.1,20.1,111.0,3.9,0.0,Hong Kong
Hong Kong,HK,2023-05-26,12:00:00,1685077200,27.3,25.7,29.2,15.9,121.0,2.6,0.0,Hong Kong
Hong Kong,HK,2023-05-27,12:00:00,1685163600,27.2,25.8,28.5,16.4,106.0,1.2,0.0,Hong Kong
Hong Kong,HK,2023-05-28,12:00:00,1685250000,26.9,25.8,28.5,14.8,106.0,2.6,0.0,Hong Kong
Hong Kong,HK,2023-05-29,12:00:00,1685336400,27.4,24.8,29.6,15.8,224.0,0.0,0.0,Hong Kong
Hong Kong,HK,2023-05-30,12:00:00,1685422800,29.4,26.2,31.8,11.8,257.0,0.0,0.0,Hong Kong
Hong Kong,HK,2023-05-31,12:00:00,1685509200,29.4,26.7,31.3,14.7,328.0,7.5,0.0,Hong Kong
Hong Kong,HK,2023-06-01,12:00:00,1685595600,28.1,25.3,30.1,11.1,175.0,4.9,0.0,Hong Kong
Hong Kong,HK,2023-06-02,12:00:00,1685682000,29.3,28.1,32.5,13.8,216.0,4.1,0.0,Hong Kong
Hong Kong,HK,2023-06-03,12:00:00,1685768400,28.6,27.2,30.1,12.8,131.0,14.2,0.0,Hong Kong
Hong Kong,HK,2023-06-04,12:00:00,1685854800,28.0,26.5,29.6,17.5,101.0,11.2,0.0,Hong Kong
Hong Kong,HK,2023-06-05,12:00:00,1685941200,27.5,25.6,29.7,22.1,98.0,5.3,0.0,Hong Kong
Hong Kong,HK,2023-06-06,12:00:00,1686027600,26.3,24.7,27.6,20.0,105.0,25.8,0.0,Hong Kong
Hong Kong,HK,2023-06-07,12:00:00,1686114000,27.0,25.9,28.9,18.0,143.0,16.5,0.0,Hong Kong
Hong Kong,HK,2023-06-08,12:00:00,1686200400,27.2,26.0,28.9,13.3,141.0,5.4,0.0,Hong Kong
Hong Kong,HK,2023-06-09,12:00:00,1686286800,27.0,25.5,28.9,10.9,155.0,12.3,0.0,Hong Kong
Hong Kong,HK,2023-06-10,12:00:00,1686373200,27.0,25.2,29.0,9.9,145.0,20.7,0.0,Hong Kong
Hong Kong,HK,2023-06-11,12:00:00,1686459600,26.7,25.3,28.7,13.7,90.0,43.4,0.0,Hong Kong
Hong Kong,HK,2023-06-12,12:00:00,1686546000,28.1,26.4,29.8,14.8,86.0,0.7,0.0,Hong Kong
Hong Kong,HK,2023-06-13,12:00:00,1686632400,27.4,25.8,29.5,9.2,107.0,11.1,0.0,Hong Kong
Hong Kong,HK,2023-06-14,12:00:00,1686718800,27.0,25.7,28.7,13.0,255.0,15.9,0.0,Hong Kong
Hong Kong,HK,2023-06-15,12:00:00,1686805200,26.4,25.2,27.8,16.3,203.0,25.5,0.0,Hong Kong
Hong Kong,HK,2023-06-16,12:00:00,1686891600,26.1,25.5,26.7,16.4,201.0,32.4,0.0,Hong Kong
Hong Kong,HK,2023-06-17,12:00:00,1686978000,26.2,24.6,27.1,17.7,156.0,23.7,0.0,Hong Kong
Hong Kong,HK,2023-06-18,12:00:00,1687064400,27.2,26.0,28.1,20.9,183.0,5.5,0.0,Hong Kong
Hong Kong,HK,2023-06-19,12:00:00,1687150800,27.7,25.7,29.5,22.2,208.0,11.6,0.0,Hong Kong
Hong Kong,HK,2023-06-20,12:00:00,1687237200,28.3,27.1,30.0,21.5,209.0,6.2,0.0,Hong Kong
Hong Kong,HK,2023-06-21,12:00:00,1687323600,28.9,27.2,30.4,22.7,215.0,3.2,0.0,Hong Kong
Hong Kong,HK,2023-06-22,12:00:00,1687410000,29.1,27.8,30.4,21.8,210.0,3.2,0.0,Hong Kong
Hong Kong,HK,2023-06-23,12:00:00,1687496400,27.4,25.8,28.8,19.7,201.0,18.9,0.0,Hong Kong
Hong Kong,HK,2023-06-24,12:00:00,1687582800,26.4,24.5,27.9,18.9,189.0,11.3,0.0,Hong Kong
Hong Kong,HK,2023-06-25,12:00:00,1687669200,27.6,25.2,29.5,12.8,155.0,6.8,0.0,Hong Kong
Hong Kong,HK,2023-06-26,12:00:00,1687755600,26.8,24.4,28.6,15.1,74.0,8.0,0.0,Hong Kong
Hong Kong,HK,2023-06-27,12:00:00,1687842000,27.5,25.2,30.3,19.1,93.0,3.8,0.0,Hong Kong
Hong Kong,HK,2023-06-28,12:00:00,1687928400,27.5,25.9,30.3,14.9,101.0,4.0,0.0,Hong Kong
Hong Kong,HK,2023-06-29,12:00:00,1688014800,27.7,25.5,29.8,9.4,108.0,1.1,0.0,Hong Kong
Hong Kong,HK,2023-06-30,12:00:00,1688101200,27.8,26.5,29.4,13.9,199.0,8.4,0.0,Hong Kong
Hong Kong,HK,2023-07-01,12:00:00,1688187600,27.5,26.2,29.2,14.5,170.0,11.6,0.0,Hong Kong
Hong Kong,HK,2023-07-02,12:00:00,1688274000,26.8,26.0,27.8,15.1,181.0,21.9,0.0,Hong Kong
Hong Kong,HK,2023-07-03,12:00:00,1688360400,26.7,25.0,29.6,19.9,198.0,23.1,0.0,Hong Kong
Hong Kong,HK,2023-07-04,12:00:00,1688446800,27.4,25.1,29.6,18.6,219.0,15.7,0.0,Hong Kong
Hong Kong,HK,2023-07-05,12:00:00,1688533200,28.8,27.0,30.8,20.6,217.0,3.7,0.0,Hong Kong
Hong Kong,HK,2023-07-06,12:00:00,1688619600,29.0,27.8,30.5,23.5,214.0,3.0,0.0,Hong Kong
Hong Kong,HK,2023-07-07,12:00:00,1688706000,29.0,27.3,31.3,20.7,211.0,0.5,0.0,Hong Kong
Hong Kong,HK,2023-07-08,12:00:00,1688792400,28.8,27.2,30.7,18.6,209.0,1.2,0.0,Hong Kong
Hong Kong,HK,2023-07-09,12:00:00,1688878800,28.8,27.6,31.0,16.2,216.0,1.1,0.0,Hong Kong
Hong Kong,HK,2023-07-10,12:00:00,1688965200,29.0,27.4,31.4,17.5,224.0,2.4,0.0,Hong Kong
Hong Kong,HK,2023-07-11,12:00:00,1689051600,28.8,27.3,30.6,15.6,212.0,1.3,0.0,Hong Kong
Hong Kong,HK,2023-07-12,12:00:00,1689138000,28.7,26.5,30.8,12.7,189.0,2.4,0.0,Hong Kong
Hong Kong,HK,2023-07-13,12:00:00,1689224400,28.8,25.6,31.4,11.8,150.0,0.0,0.0,Hong Kong
Hong Kong,HK,2023-07-14,12:00:00,1689310800,29.7,26.3,33.3,12.7,196.0,1.2,0.0,Hong Kong
Hong Kong,HK,2023-07-15,12:00:00,1689397200,30.4,27.9,33.7,9.2,145.0,2.3,0.0,Hong Kong
Hong Kong,HK,2023-07-16,12:00:00,1689483600,28.0,25.8,31.4,33.8,57.0,6.8,0.0,Hong Kong
Hong Kong,HK,2023-07-17,12:00:00,1689570000,26.4,24.9,28.3,40.4,99.0,45.8,0.0,Hong Kong
Hong Kong,HK,2023-07-18,12:00:00,1689656400,27.0,25.7,29.1,25.9,141.0,47.9,0.0,Hong Kong
Hong Kong,HK,2023-07-19,12:00:00,1689742800,27.3,25.6,30.0,17.6,124.0,7.6,0.0,Hong Kong
Hong Kong,HK,2023-07-20,12:00:00,1689829200,28.3,25.6,30.7,13.5,144.0,3.8,0.0,Hong Kong
Hong Kong,HK,2023-07-21,12:00:00,1689915600,28.4,26.0,30.6,9.9,146.0,2.9,0.0,Hong Kong
Hong Kong,HK,2023-07-22,12:00:00,1690002000,28.6,26.2,30.7,11.3,157.0,0.3,0.0,Hong Kong
Hong Kong,HK,2023-07-23,12:00:00,1690088400,28.3,26.2,30.6,10.9,130.0,2.1,0.0,Hong Kong
Hong Kong,HK,2023-07-24,12:00:00,1690174800,28.4,25.6,31.3,9.7,136.0,1.1,0.0,Hong Kong
Hong Kong,HK,2023-07-25,12:00:00,1690261200,29.1,25.8,32.4,11.9,247.0,0.6,0.0,Hong Kong
Hong Kong,HK,2023-07-26,12:00:00,1690347600,30.2,26.8,34.2,11.5,322.0,1.6,0.0,Hong Kong
Hong Kong,HK,2023-07-27,12:00:00,1690434000,30.5,27.2,34.2,10.8,331.0,10.6,0.0,Hong Kong
Hong Kong,HK,2023-07-28,12:00:00,1690520400,29.9,27.3,33.6,14.0,267.0,1.2,0.0,Hong Kong
Hong Kong,HK,2023-07-29,12:00:00,1690606800,27.5,25.3,29.1,14.8,190.0,49.1,0.0,Hong Kong
Hong Kong,HK,2023-07-30,12:00:00,1690693200,27.5,25.3,29.6,14.5,127.0,11.8,0.0,Hong Kong
Hong Kong,HK,2023-07-31,12:00:00,1690779600,27.8,27.0,29.8,14.8,102.0,3.2,0.0,Hong Kong
Hong Kong,HK,2023-08-01,12:00:00,1690866000,27.4,26.2,29.1,11.6,93.0,13.1,0.0,Hong Kong
Hong Kong,HK,2023-08-02,12:00:00,1690952400,28.0,25.3,31.3,10.5,98.0,0.1,0.0,Hong Kong
Hong Kong,HK,2023-08-03,12:00:00,1691038800,28.9,25.8,32.3,14.7,185.0,0.3,0.0,Hong Kong
Hong Kong,HK,2023-08-04,12:00:00,1691125200,28.9,27.4,31.0,18.9,229.0,8.7,0.0,Hong Kong
Hong Kong,HK,2023-08-05,12:00:00,1691211600,29.1,27.0,31.4,24.4,233.0,6.3,0.0,Hong Kong
Hong Kong,HK,2023-08-06,12:00:00,1691298000,28.8,25.7,31.1,20.0,227.0,4.1,0.0,Hong Kong
Hong Kong,HK,2023-08-07,12:00:00,1691384400,29.0,27.5,30.9,17.7,226.0,2.7,0.0,Hong Kong
Hong Kong,HK,2023-08-08,12:00:00,1691470800,29.1,27.9,31.5,14.6,227.0,3.9,0.0,Hong Kong
Hong Kong,HK,2023-08-09,12:00:00,1691557200,29.6,27.8,31.7,14.0,237.0,4.9,0.0,Hong Kong
Hong Kong,HK,2023-08-10,12:00:00,1691643600,28.1,25.3,30.7,13.0,253.0,14.3,0.0,Hong Kong
Hong Kong,HK,2023-08-11,12:00:00,1691730000,26.5,24.6,29.3,14.8,254.0,30.5,0.0,Hong Kong
Hong Kong,HK,2023-08-12,12:00:00,1691816400,27.6,24.7,29.9,19.4,226.0,9.8,0.0,Hong Kong
Hong Kong,HK,2023-08-13,12:00:00,1691902800,27.4,25.1,29.9,20.2,218.0,15.9,0.0,Hong Kong
Hong Kong,HK,2023-08-14,12:00:00,1691989200,28.0,25.7,30.3,16.2,210.0,7.9,0.0,Hong Kong
Hong Kong,HK,2023-08-15,12:00:00,1692075600,28.5,26.7,30.8,14.1,217.0,0.6,0.0,Hong Kong
Hong Kong,HK,2023-08-16,12:00:00,1692162000,29.1,27.6,31.5,13.9,232.0,0.9,0.0,Hong Kong
Hong Kong,HK,2023-08-17,12:00:00,1692248400,29.0,26.5,31.9,15.5,254.0,5.8,0.0,Hong Kong
Hong Kong,HK,2023-08-18,12:00:00,1692334800,27.8,25.3,31.0,14.5,253.0,4.6,0.0,Hong Kong
Hong Kong,HK,2023-08-19,12:00:00,1692421200,27.4,24.9,30.2,13.0,235.0,8.2,0.0,Hong Kong
Hong Kong,HK,2023-08-20,12:00:00,1692507600,27.6,25.6,30.1,9.5,140.0,9.3,0.0,Hong Kong
Hong Kong,HK,2023-08-21,12:00:00,1692594000,27.7,26.4,29.4,12.7,139.0,6.2,0.0,Hong Kong
Hong Kong,HK,2023-08-22,12:00:00,1692680400,27.8,25.8,30.1,11.9,196.0,1.4,0.0,Hong Kong
Hong Kong,HK,2023-08-23,12:00:00,1692766800,27.4,25.3,29.8,12.6,168.0,2.5,0.0,Hong Kong
Hong Kong,HK,2023-08-24,12:00:00,1692853200,27.1,25.5,29.5,10.3,132.0,10.7,0.0,Hong Kong
Hong Kong,HK,2023-08-25,12:00:00,1692939600,27.5,26.1,31.1,8.4,146.0,13.8,0.0,Hong Kong
Hong Kong,HK,2023-08-26,12:00:00,1693026000,27.4,26.0,29.0,11.6,152.0,6.5,0.0,Hong Kong
Hong Kong,HK,2023-08-27,12:00:00,1693112400,27.8,25.5,30.2,12.8,147.0,3.5,0.0,Hong Kong
Hong Kong,HK,2023-08-28,12:00:00,1693198800,27.7,25.3,30.6,10.2,171.0,7.3,0.0,Hong Kong
Hong Kong,HK,2023-08-29,12:00:00,1693285200,26.8,24.5,30.9,12.8,31.0,11.7,0.0,Hong Kong
Hong Kong,HK,2023-08-30,12:00:00,1693371600,26.9,23.9,31.2,15.9,6.0,3.1,0.0,Hong Kong
Hong Kong,HK,2023-08-31,12:00:00,1693458000,27.6,25.0,31.8,19.5,358.0,1.7,0.0,Hong Kong
Hong Kong,HK,2023-09-01,12:00:00,1693544400,25.1,24.3,25.9,63.5,355.0,61.3,0.0,Hong Kong
Hong Kong,HK,2023-09-02,12:00:00,1693630800,26.1,25.3,27.9,51.1,102.0,68.2,0.0,Hong Kong
Hong Kong,HK,2023-09-03,12:00:00,1693717200,28.0,25.3,31.0,22.5,84.0,6.3,0.0,Hong Kong
Hong Kong,HK,2023-09-04,12:00:00,1693803600,29.0,25.9,32.7,11.1,336.0,0.9,0.0,Hong Kong
Hong Kong,HK,2023-09-05,12:00:00,1693890000,28.0,25.6,30.1,13.0,316.0,0.8,0.0,Hong Kong
Hong Kong,HK,2023-09-06,12:00:00,1693976400,28.0,25.8,31.4,12.2,290.0,4.5,0.0,Hong Kong
Hong Kong,HK,2023-09-07,12:00:00,1694062800,26.0,24.9,27.5,15.0,186.0,32.4,0.0,Hong Kong
Hong Kong,HK,2023-09-08,12:00:00,1694149200,25.1,24.5,25.7,19.4,125.0,117.9,0.0,Hong Kong
Hong Kong,HK,2023-09-09,12:00:00,1694235600,25.4,24.7,26.6,14.8,104.0,16.6,0.0,Hong Kong
Hong Kong,HK,2023-09-10,12:00:00,1694322000,24.8,24.3,25.7,14.3,131.0,33.2,0.0,Hong Kong
Hong Kong,HK,2023-09-11,12:00:00,1694408400,25.7,24.3,27.4,13.8,133.0,14.4,0.0,Hong Kong
Hong Kong,HK,2023-09-12,12:00:00,1694494800,26.6,24.7,29.2,14.4,134.0,6.1,0.0,Hong Kong
Hong Kong,HK,2023-09-13,12:00:00,1694581200,26.7,24.9,29.2,15.6,119.0,5.4,0.0,Hong Kong
Hong Kong,HK,2023-09-14,12:00:00,1694667600,25.7,24.5,27.3,11.0,130.0,41.2,0.0,Hong Kong
Hong Kong,HK,2023-09-15,12:00:00,1694754000,25.4,24.5,27.7,13.3,86.0,10.2,0.0,Hong Kong
Hong Kong,HK,2023-09-16,12:00:00,1694840400,25.7,24.6,27.4,12.9,100.0,15.2,0.0,Hong Kong
Hong Kong,HK,2023-09-17,12:00:00,1694926800,26.5,25.3,27.9,14.1,104.0,1.7,0.0,Hong Kong
Hong Kong,HK,2023-09-18,12:00:00,1695013200,27.1,24.5,29.8,10.9,102.0,2.2,0.0,Hong Kong
Hong Kong,HK,2023-09-19,12:00:00,1695099600,27.4,25.1,30.8,9.5,107.0,0.5,0.0,Hong Kong
Hong Kong,HK,2023-09-20,12:00:00,1695186000,28.1,25.8,30.5,7.0,159.0,1.1,0.0,Hong Kong
Hong Kong,HK,2023-09-21,12:00:00,1695272400,28.0,25.6,31.7,7.1,263.0,1.8,0.0,Hong Kong
Hong Kong,HK,2023-09-22,12:00:00,1695358800,27.0,23.6,31.0,11.6,48.0,5.2,0.0,Hong Kong
Hong Kong,HK,2023-09-23,12:00:00,1695445200,27.5,24.5,30.4,16.6,72.0,0.7,0.0,Hong Kong
Hong Kong,HK,2023-09-24,12:00:00,1695531600,27.5,24.9,29.9,21.6,74.0,5.6,0.0,Hong Kong
Hong Kong,HK,2023-09-25,12:00:00,1695618000,28.0,26.1,30.2,20.2,82.0,1.4,0.0,Hong Kong
Hong Kong,HK,2023-09-26,12:00:00,1695704400,27.9,26.2,29.9,22.1,84.0,1.2,0.0,Hong Kong
Hong Kong,HK,2023-09-27,12:00:00,1695790800,28.3,27.0,30.7,17.7,82.0,0.6,0.0,Hong Kong
Hong Kong,HK,2023-09-28,12:00:00,1695877200,27.7,25.7,30.2,20.9,74.0,2.3,0.0,Hong Kong
Hong Kong,HK,2023-09-29,12:00:00,1695963600,27.4,25.7,30.0,17.2,70.0,2.6,0.0,Hong Kong
Hong Kong,HK,2023-09-30,12:00:00,1696050000,27.9,25.0,31.1,7.3,22.0,1.8,0.0,Hong Kong
Hong Kong,HK,2023-10-01,12:00:00,1696136400,27.5,24.4,31.7,14.4,80.0,4.0,0.0,Hong Kong
Hong Kong,HK,2023-10-02,12:00:00,1696222800,27.6,25.7,29.8,21.6,83.0,2.0,0.0,Hong Kong
Hong Kong,HK,2023-10-03,12:00:00,1696309200,27.8,25.2,30.6,10.5,199.0,2.4,0.0,Hong Kong
Hong Kong,HK,2023-10-04,12:00:00,1696395600,29.2,25.8,33.6,13.3,329.0,1.0,0.0,Hong Kong
Hong Kong,HK,2023-10-05,12:00:00,1696482000,28.3,25.0,31.8,16.4,354.0,0.0,0.0,Hong Kong
Hong Kong,HK,2023-10-06,12:00:00,1696568400,26.7,24.1,30.2,18.8,5.0,0.0,0.0,Hong Kong
Hong Kong,HK,2023-10-07,12:00:00,1696654800,22.2,20.4,24.0,28.2,356.0,26.0,0.0,Hong Kong
Hong Kong,HK,2023-10-08,12:00:00,1696741200,21.7,19.6,24.4,39.7,23.0,87.3,0.0,Hong Kong
Hong Kong,HK,2023-10-09,12:00:00,1696827600,24.0,21.8,25.2,37.2,79.0,89.0,0.0,Hong Kong
Hong Kong,HK,2023-10-10,12:00:00,1696914000,24.1,22.3,27.4,23.2,43.0,5.5,0.0,Hong Kong
Hong Kong,HK,2023-10-11,12:00:00,1697000400,23.9,20.8,27.2,20.1,29.0,0.1,0.0,Hong Kong
Hong Kong,HK,2023-10-12,12:00:00,1697086800,24.2,21.0,27.3,12.6,38.0,0.0,0.0,Hong Kong
Hong Kong,HK,2023-10-13,12:00:00,1697173200,24.5,21.6,27.5,13.0,38.0,0.0,0.0,Hong Kong
Hong Kong,HK,2023-10-14,12:00:00,1697259600,24.7,21.6,28.2,11.4,24.0,0.0,0.0,Hong Kong
Hong Kong,HK,2023-10-15,12:00:00,1697346000,24.5,22.2,27.2,14.5,48.0,1.4,0.0,Hong Kong
Hong Kong,HK,2023-10-16,12:00:00,1697432400,24.6,22.6,26.5,23.2,61.0,0.5,0.0,Hong Kong
Hong Kong,HK,2023-10-17,12:00:00,1697518800,23.8,20.4,25.4,26.2,65.0,7.2,0.0,Hong Kong
Hong Kong,HK,2023-10-18,12:00:00,1697605200,24.1,22.5,25.3,32.8,78.0,7.2,0.0,Hong Kong
Hong Kong,HK,2023-10-19,12:00:00,1697691600,24.6,23.8,25.5,21.4,91.0,10.9,0.0,Hong Kong
Hong Kong,HK,2023-10-20,12:00:00,1697778000,24.4,20.7,26.9,19.1,43.0,1.9,0.0,Hong Kong
Hong Kong,HK,2023-10-21,12:00:00,1697864400,20.4,18.7,24.0,19.9,18.0,2.4,0.0,Hong Kong
Hong Kong,HK,2023-10-22,12:00:00,1697950800,21.5,17.9,25.4,14.9,20.0,0.0,0.0,Hong Kong
Hong Kong,HK,2023-10-23,12:00:00,1698037200,24.0,21.0,27.0,13.2,51.0,0.0,0.0,Hong Kong
Hong Kong,HK,2023-10-24,12:00:00,1698123600,25.2,23.4,27.9,16.6,67.0,0.0,0.0,Hong Kong
Hong Kong,HK,2023-10-25,12:00:00,1698210000,25.2,23.6,27.6,15.3,71.0,0.0,0.0,Hong Kong
Hong Kong,HK,2023-10-26,12:00:00,1698296400,24.8,23.3,27.5,15.6,78.0,0.0,0.0,Hong Kong
Hong Kong,HK,2023-10-27,12:00:00,1698382800,24.9,22.2,28.0,11.3,83.0,0.8,0.0,Hong Kong
Hong Kong,HK,2023-10-28,12:00:00,1698469200,24.7,23.0,27.3,12.6,85.0,12.0,0.0,Hong Kong
Hong Kong,HK,2023-10-29,12:00:00,1698555600,24.1,22.4,26.1,17.2,70.0,0.5,0.0,Hong Kong
Hong Kong,HK,2023-10-30,12:00:00,1698642000,24.5,22.4,26.9,14.3,49.0,1.4,0.0,Hong Kong
Hong Kong,HK,2023-10-31,12:00:00,1698728400,24.2,22.1,27.2,14.7,63.0,0.4,0.0,Hong Kong
Hong Kong,HK,2023-11-01,12:00:00,1698814800,24.2,21.6,27.3,15.0,67.0,0.0,0.0,Hong Kong
Hong Kong,HK,2023-11-02,12:00:00,1698901200,24.0,22.1,26.5,14.6,73.0,0.0,0.0,Hong Kong
Hong Kong,HK,2023-11-03,12:00:00,1698987600,24.6,22.3,27.3,11.5,83.0,0.1,0.0,Hong Kong
Hong Kong,HK,2023-11-04,12:00:00,1699074000,25.0,23.1,27.9,13.7,86.0,0.0,0.0,Hong Kong
Hong Kong,HK,2023-11-05,12:00:00,1699160400,25.2,23.1,28.4,12.5,94.0,0.0,0.0,Hong Kong
Hong Kong,HK,2023-11-06,12:00:00,1699246800,25.8,22.0,29.6,18.7,20.0,0.2,0.0,Hong Kong
Hong Kong,HK,2023-11-07,12:00:00,1699333200,24.2,21.5,26.3,24.6,58.0,0.4,0.0,Hong Kong
Hong Kong,HK,2023-11-08,12:00:00,1699419600,24.7,23.3,26.7,22.9,83.0,0.0,0.0,Hong Kong
Hong Kong,HK,2023-11-09,12:00:00,1699506000,25.3,24.2,26.8,22.0,91.0,1.2,0.0,Hong Kong
Hong Kong,HK,2023-11-10,12:00:00,1699592400,25.9,24.3,28.8,13.2,85.0,2.3,0.0,Hong Kong
Hong Kong,HK,2023-11-11,12:00:00,1699678800,24.7,23.5,26.3,24.3,78.0,3.3,0.0,Hong Kong
Hong Kong,HK,2023-11-12,12:00:00,1699765200,22.7,18.6,27.8,20.1,26.0,0.3,0.0,Hong Kong
Hong Kong,HK,2023-11-13,12:00:00,1699851600,19.1,16.5,23.3,21.1,17.0,0.0,0.0,Hong Kong
Hong Kong,HK,2023-11-14,12:00:00,1699938000,18.8,14.3,23.6,15.5,19.0,0.0,0.0,Hong Kong
Hong Kong,HK,2023-11-15,12:00:00,1700024400,21.0,16.9,24.9,18.4,55.0,0.0,0.0,Hong Kong
Hong Kong,HK,2023-11-16,12:00:00,1700110800,20.0,15.8,23.4,27.8,10.0,0.0,0.0,Hong Kong
Hong Kong,HK,2023-11-17,12:00:00,1700197200,17.0,13.1,21.3,26.6,14.0,0.0,0.0,Hong Kong
Hong Kong,HK,2023-11-18,12:00:00,1700283600,17.7,13.6,22.5,16.6,27.0,0.0,0.0,Hong Kong
Hong Kong,HK,2023-11-19,12:00:00,1700370000,17.7,12.9,22.3,10.9,50.0,0.0,0.0,Hong Kong
Hong Kong,HK,2023-11-20,12:00:00,1700456400,19.2,14.7,23.6,15.6,56.0,0.0,0.0,Hong Kong
Hong Kong,HK,2023-11-21,12:00:00,1700542800,20.5,18.1,24.3,15.1,73.0,0.0,0.0,Hong Kong
Hong Kong,HK,2023-11-22,12:00:00,1700629200,21.2,18.4,24.6,14.9,73.0,0.0,0.0,Hong Kong
Hong Kong,HK,2023-11-23,12:00:00,1700715600,22.0,15.5,27.0,8.1,50.0,0.0,0.0,Hong Kong
Hong Kong,HK,2023-11-24,12:00:00,1700802000,21.1,16.8,24.9,28.5,73.0,0.0,0.0,Hong Kong
Hong Kong,HK,2023-11-25,12:00:00,1700888400,21.0,18.1,24.1,23.5,72.0,0.0,0.0,Hong Kong
Hong Kong,HK,2023-11-26,12:00:00,1700974800,20.7,17.6,25.1,19.1,66.0,0.0,0.0,Hong Kong
Hong Kong,HK,2023-11-27,12:00:00,1701061200,21.0,15.3,27.4,11.5,22.0,0.0,0.0,Hong Kong
Hong Kong,HK,2023-11-28,12:00:00,1701147600,21.3,17.1,25.0,21.8,59.0,0.0,0.0,Hong Kong
Hong Kong,HK,2023-11-29,12:00:00,1701234000,22.4,20.9,25.0,21.7,72.0,0.6,0.0,Hong Kong
Hong Kong,HK,2023-11-30,12:00:00,1701320400,23.3,20.9,27.0,16.3,56.0,0.0,0.0,Hong Kong
Hong Kong,HK,2023-12-01,12:00:00,1701406800,19.4,16.1,23.1,19.6,19.0,0.0,0.0,Hong Kong
Hong Kong,HK,2023-12-02,12:00:00,1701493200,18.8,15.1,23.5,15.3,40.0,0.0,0.0,Hong Kong
Hong Kong,HK,2023-12-03,12:00:00,1701579600,20.8,16.8,25.0,13.6,54.0,0.0,0.0,Hong Kong
Hong Kong,HK,2023-12-04,12:00:00,1701666000,21.0,16.8,26.0,8.8,8.0,0.7,0.0,Hong Kong
Hong Kong,HK,2023-12-05,12:00:00,1701752400,20.2,15.4,25.7,10.9,19.0,0.0,0.0,Hong Kong
Hong Kong,HK,2023-12-06,12:00:00,1701838800,20.5,17.8,24.2,17.5,13.0,0.6,0.0,Hong Kong
Hong Kong,HK,2023-12-07,12:00:00,1701925200,19.3,15.6,25.0,15.3,36.0,0.0,0.0,Hong Kong
Hong Kong,HK,2023-12-08,12:00:00,1702011600,19.2,14.3,23.6,14.8,72.0,0.0,0.0,Hong Kong
Hong Kong,HK,2023-12-09,12:00:00,1702098000,22.3,20.1,25.3,14.3,100.0,0.0,0.0,Hong Kong
Hong Kong,HK,2023-12-10,12:00:00,1702184400,23.0,20.1,26.5,14.6,82.0,0.0,0.0,Hong Kong
Hong Kong,HK,2023-12-11,12:00:00,1702270800,23.7,21.0,27.5,9.4,88.0,0.1,0.0,Hong Kong
Hong Kong,HK,2023-12-12,12:00:00,1702357200,23.8,19.9,29.3,18.2,46.0,1.1,0.0,Hong Kong
Hong Kong,HK,2023-12-13,12:00:00,1702443600,21.6,20.2,23.8,22.0,75.0,0.3,0.0,Hong Kong
Hong Kong,HK,2023-12-14,12:00:00,1702530000,22.6,20.7,25.4,19.1,79.0,0.0,0.0,Hong Kong
Hong Kong,HK,2023-12-15,12:00:00,1702616400,23.6,21.5,27.2,13.8,95.0,0.0,0.0,Hong Kong
Hong Kong,HK,2023-12-16,12:00:00,1702702800,15.4,9.9,22.2,27.6,12.0,4.1,0.0,Hong Kong
Hong Kong,HK,2023-12-17,12:00:00,1702789200,11.1,8.5,14.8,22.8,12.0,0.0,0.0,Hong Kong
Hong Kong,HK,2023-12-18,12:00:00,1702875600,16.5,11.3,19.5,24.3,57.0,0.2,0.0,Hong Kong
Hong Kong,HK,2023-12-19,12:00:00,1702962000,15.4,11.6,19.4,19.8,360.0,0.0,0.0,Hong Kong
Hong Kong,HK,2023-12-20,12:00:00,1703048400,11.2,7.7,16.0,23.4,8.0,0.0,0.0,Hong Kong
Hong Kong,HK,2023-12-21,12:00:00,1703134800,9.2,6.3,12.5,23.3,10.0,0.0,0.0,Hong Kong
Hong Kong,HK,2023-12-22,12:00:00,1703221200,8.9,5.1,11.7,24.8,14.0,0.0,0.0,Hong Kong
Hong Kong,HK,2023-12-23,12:00:00,1703307600,9.0,5.7,12.9,20.2,7.0,0.6,0.0,Hong Kong
Hong Kong,HK,2023-12-24,12:00:00,1703394000,11.5,6.7,17.5,18.3,9.0,0.0,0.0,Hong Kong
Hong Kong,HK,2023-12-25,12:00:00,1703480400,12.6,8.3,17.9,16.5,36.0,0.0,0.0,Hong Kong
Hong Kong,HK,2023-12-26,12:00:00,1703566800,15.7,12.8,20.3,12.7,56.0,0.0,0.0,Hong Kong
Hong Kong,HK,2023-12-27,12:00:00,1703653200,17.6,13.5,22.0,10.5,57.0,1.6,0.0,Hong Kong
Hong Kong,HK,2023-12-28,12:00:00,1703739600,18.8,16.1,23.4,13.7,62.0,0.5,0.0,Hong Kong
Hong Kong,HK,2023-12-29,12:00:00,1703826000,18.4,16.5,21.1,19.2,68.0,0.0,0.0,Hong Kong
Hong Kong,HK,2023-12-30,12:00:00,1703912400,19.9,16.2,24.7,11.4,55.0,0.0,0.0,Hong Kong
Hong Kong,HK,2023-12-31,12:00:00,1703998800,21.2,16.0,27.2,15.6,56.0,0.0,0.0,Hong Kong
Hong Kong,HK,2024-01-01,12:00:00,1704085200,19.0,17.5,21.1,21.9,74.0,0.0,0.0,Hong Kong
Hong Kong,HK,2024-01-02,12:00:00,1704171600,17.6,15.9,20.0,20.4,79.0,0.0,0.0,Hong Kong
Hong Kong,HK,2024-01-03,12:00:00,1704258000,17.3,13.2,21.9,20.8,18.0,0.0,0.0,Hong Kong
Hong Kong,HK,2024-01-04,12:00:00,1704344400,14.8,11.4,18.0,22.5,61.0,0.0,0.0,Hong Kong
Hong Kong,HK,2024-01-05,12:00:00,1704430800,17.1,14.4,21.0,15.3,75.0,0.0,0.0,Hong Kong
Hong Kong,HK,2024-01-06,12:00:00,1704517200,17.9,13.5,24.2,9.8,68.0,0.0,0.0,Hong Kong
Hong Kong,HK,2024-01-07,12:00:00,1704603600,18.5,15.8,21.2,23.0,76.0,0.0,0.0,Hong Kong
Hong Kong,HK,2024-01-08,12:00:00,1704690000,18.3,15.8,20.9,19.9,76.0,0.3,0.0,Hong Kong
Hong Kong,HK,2024-01-09,12:00:00,1704776400,19.3,16.1,23.7,11.8,67.0,0.7,0.0,Hong Kong
Hong Kong,HK,2024-01-10,12:00:00,1704862800,18.7,14.6,24.3,17.9,34.0,0.1,0.0,Hong Kong
Hong Kong,HK,2024-01-11,12:00:00,1704949200,17.2,15.3,20.1,18.2,72.0,0.0,0.0,Hong Kong
Hong Kong,HK,2024-01-12,12:00:00,1705035600,17.7,15.4,21.4,14.6,81.0,0.0,0.0,Hong Kong
Hong Kong,HK,2024-01-13,12:00:00,1705122000,18.0,15.3,21.1,21.0,72.0,0.0,0.0,Hong Kong
Hong Kong,HK,2024-01-14,12:00:00,1705208400,19.0,16.3,22.5,16.6,67.0,0.0,0.0,Hong Kong
Hong Kong,HK,2024-01-15,12:00:00,1705294800,18.8,13.2,23.5,23.7,75.0,0.0,0.0,Hong Kong
Hong Kong,HK,2024-01-16,12:00:00,1705381200,17.7,16.1,19.5,27.0,78.0,0.0,0.0,Hong Kong
Hong Kong,HK,2024-01-17,12:00:00,1705467600,18.3,15.7,21.3,20.0,75.0,0.0,0.0,Hong Kong
Hong Kong,HK,2024-01-18,12:00:00,1705554000,20.1,18.2,23.5,14.4,80.0,0.0,0.0,Hong Kong
Hong Kong,HK,2024-01-19,12:00:00,1705640400,20.0,17.1,23.9,18.0,73.0,0.0,0.0,Hong Kong
Hong Kong,HK,2024-01-20,12:00:00,1705726800,20.7,17.3,25.6,16.9,44.0,1.3,0.0,Hong Kong
Hong Kong,HK,2024-01-21,12:00:00,1705813200,16.8,11.3,21.4,19.1,33.0,0.0,0.0,Hong Kong
Hong Kong,HK,2024-01-22,12:00:00,1705899600,13.0,6.6,17.3,26.8,13.0,0.0,0.0,Hong Kong
Hong Kong,HK,2024-01-23,12:00:00,1705986000,5.3,3.3,7.4,26.8,10.0,5.6,0.0,Hong Kong
Hong Kong,HK,2024-01-24,12:00:00,1706072400,7.4,2.2,13.0,20.3,15.0,0.0,0.0,Hong Kong
Hong Kong,HK,2024-01-25,12:00:00,1706158800,10.1,6.5,15.0,14.8,14.0,0.1,0.0,Hong Kong
Hong Kong,HK,2024-01-26,12:00:00,1706245200,13.1,8.5,16.6,12.8,31.0,0.0,0.0,Hong Kong
Hong Kong,HK,2024-01-27,12:00:00,1706331600,14.3,12.2,17.8,14.1,14.0,0.0,0.0,Hong Kong
Hong Kong,HK,2024-01-28,12:00:00,1706418000,13.0,9.2,18.1,14.6,33.0,0.6,0.0,Hong Kong
Hong Kong,HK,2024-01-29,12:00:00,1706504400,15.2,12.0,17.7,15.1,62.0,0.0,0.0,Hong Kong
Hong Kong,HK,2024-01-30,12:00:00,1706590800,18.5,16.7,21.9,15.6,70.0,0.4,0.0,Hong Kong
Hong Kong,HK,2024-01-31,12:00:00,1706677200,19.9,18.1,23.4,14.0,72.0,0.1,0.0,Hong Kong
Hong Kong,HK,2024-02-01,12:00:00,1706763600,21.1,18.4,24.8,12.5,91.0,0.0,0.0,Hong Kong
Hong Kong,HK,2024-02-02,12:00:00,1706850000,21.6,19.5,25.5,19.1,90.0,0.2,0.0,Hong Kong
Hong Kong,HK,2024-02-03,12:00:00,1706936400,20.1,18.6,22.5,19.8,86.0,1.0,0.0,Hong Kong
Hong Kong,HK,2024-02-04,12:00:00,1707022800,20.2,19.2,22.0,15.2,85.0,1.1,0.0,Hong Kong
Hong Kong,HK,2024-02-05,12:00:00,1707109200,18.7,14.9,21.5,13.8,57.0,0.0,0.0,Hong Kong
Hong Kong,HK,2024-02-06,12:00:00,1707195600,19.0,17.1,21.1,20.7,81.0,0.8,0.0,Hong Kong
Hong Kong,HK,2024-02-07,12:00:00,1707282000,15.8,11.1,18.5,16.3,34.0,2.0,0.0,Hong Kong
Hong Kong,HK,2024-02-08,12:00:00,1707368400,11.2,9.0,14.6,17.8,9.0,3.7,0.0,Hong Kong
Hong Kong,HK,2024-02-09,12:00:00,1707454800,11.0,7.9,16.0,18.7,11.0,2.5,0.0,Hong Kong
Hong Kong,HK,2024-02-10,12:00:00,1707541200,13.4,9.7,19.3,15.5,28.0,1.4,0.0,Hong Kong
Hong Kong,HK,2024-02-11,12:00:00,1707627600,15.1,8.6,21.5,13.2,52.0,0.0,0.0,Hong Kong
Hong Kong,HK,2024-02-12,12:00:00,1707714000,16.6,14.2,19.6,24.2,77.0,0.0,0.0,Hong Kong
Hong Kong,HK,2024-02-13,12:00:00,1707800400,18.2,15.5,22.0,18.1,74.0,0.0,0.0,Hong Kong
Hong Kong,HK,2024-02-14,12:00:00,1707886800,19.1,16.1,23.5,14.8,76.0,0.0,0.0,Hong Kong
Hong Kong,HK,2024-02-15,12:00:00,1707973200,20.0,14.6,26.2,10.8,304.0,0.0,0.0,Hong Kong
Hong Kong,HK,2024-02-16,12:00:00,1708059600,19.0,14.6,22.6,18.4,58.0,0.0,0.0,Hong Kong
Hong Kong,HK,2024-02-17,12:00:00,1708146000,19.6,17.8,22.3,19.6,92.0,0.1,0.0,Hong Kong
Hong Kong,HK,2024-02-18,12:00:00,1708232400,21.7,19.4,25.2,14.0,113.0,1.4,0.0,Hong Kong
Hong Kong,HK,2024-02-19,12:00:00,1708318800,21.7,19.6,24.2,13.0,134.0,1.6,0.0,Hong Kong
Hong Kong,HK,2024-02-20,12:00:00,1708405200,22.8,21.0,25.4,17.9,152.0,6.9,0.0,Hong Kong
Hong Kong,HK,2024-02-21,12:00:00,1708491600,23.1,21.0,26.3,15.7,160.0,0.0,0.0,Hong Kong
Hong Kong,HK,2024-02-22,12:00:00,1708578000,22.4,21.1,24.9,14.0,114.0,2.7,0.0,Hong Kong
Hong Kong,HK,2024-02-23,12:00:00,1708664400,19.5,16.6,22.6,20.7,58.0,0.3,0.0,Hong Kong
Hong Kong,HK,2024-02-24,12:00:00,1708750800,17.0,13.9,20.6,13.6,29.0,0.1,0.0,Hong Kong
Hong Kong,HK,2024-02-25,12:00:00,1708837200,14.9,12.1,19.5,15.5,14.0,0.0,0.0,Hong Kong
Hong Kong,HK,2024-02-26,12:00:00,1708923600,16.3,12.7,20.6,14.0,42.0,0.1,0.0,Hong Kong
Hong Kong,HK,2024-02-27,12:00:00,1709010000,15.8,11.9,19.7,14.2,44.0,0.0,0.0,Hong Kong
Hong Kong,HK,2024-02-28,12:00:00,1709096400,18.5,17.1,20.8,21.1,77.0,0.6,0.0,Hong Kong
Hong Kong,HK,2024-02-29,12:00:00,1709182800,18.9,13.6,23.7,21.8,35.0,1.8,0.0,Hong Kong
Hong Kong,HK,2024-03-01,12:00:00,1709269200,11.6,8.9,13.7,22.0,5.0,0.4,0.0,Hong Kong
Hong Kong,HK,2024-03-02,12:00:00,1709355600,10.8,7.4,14.8,18.6,11.0,1.2,0.0,Hong Kong
Hong Kong,HK,2024-03-03,12:00:00,1709442000,16.3,12.4,19.0,21.3,87.0,0.7,0.0,Hong Kong
Hong Kong,HK,2024-03-04,12:00:00,1709528400,20.8,18.5,23.8,23.9,136.0,11.3,0.0,Hong Kong
Hong Kong,HK,2024-03-05,12:00:00,1709614800,23.0,21.4,25.1,21.0,183.0,4.7,0.0,Hong Kong
Hong Kong,HK,2024-03-06,12:00:00,1709701200,22.3,16.6,25.1,20.5,27.0,6.1,0.0,Hong Kong
Hong Kong,HK,2024-03-07,12:00:00,1709787600,16.8,14.6,19.7,19.3,26.0,5.2,0.0,Hong Kong
Hong Kong,HK,2024-03-08,12:00:00,1709874000,16.4,13.2,19.7,19.1,51.0,2.1,0.0,Hong Kong
Hong Kong,HK,2024-03-09,12:00:00,1709960400,16.2,13.9,17.6,25.9,72.0,2.8,0.0,Hong Kong
Hong Kong,HK,2024-03-10,12:00:00,1710046800,15.3,14.1,17.7,31.0,71.0,9.7,0.0,Hong Kong
Hong Kong,HK,2024-03-11,12:00:00,1710133200,16.7,15.6,17.9,23.3,47.0,15.1,0.0,Hong Kong
Hong Kong,HK,2024-03-12,12:00:00,1710219600,17.2,13.3,20.8,17.4,55.0,0.0,0.0,Hong Kong
Hong Kong,HK,2024-03-13,12:00:00,1710306000,18.6,16.8,20.8,26.2,78.0,0.0,0.0,Hong Kong
Hong Kong,HK,2024-03-14,12:00:00,1710392400,19.3,17.4,21.2,22.0,77.0,0.0,0.0,Hong Kong
Hong Kong,HK,2024-03-15,12:00:00,1710478800,20.1,18.8,21.6,25.1,74.0,0.4,0.0,Hong Kong
Hong Kong,HK,2024-03-16,12:00:00,1710565200,20.9,19.8,22.3,16.9,71.0,1.0,0.0,Hong Kong
Hong Kong,HK,2024-03-17,12:00:00,1710651600,21.9,19.8,25.6,10.6,94.0,0.0,0.0,Hong Kong
Hong Kong,HK,2024-03-18,12:00:00,1710738000,20.7,18.8,22.1,17.3,80.0,0.9,0.0,Hong Kong
Hong Kong,HK,2024-03-19,12:00:00,1710824400,19.7,16.7,23.1,20.9,23.0,0.2,0.0,Hong Kong
Hong Kong,HK,2024-03-20,12:00:00,1710910800,18.6,15.1,21.7,17.7,59.0,0.0,0.0,Hong Kong
Hong Kong,HK,2024-03-21,12:00:00,1710997200,19.0,16.6,21.0,19.9,87.0,0.0,0.0,Hong Kong
Hong Kong,HK,2024-03-22,12:00:00,1711083600,21.8,19.1,25.1,15.3,102.0,0.1,0.0,Hong Kong
Hong Kong,HK,2024-03-23,12:00:00,1711170000,23.2,20.5,26.2,16.9,149.0,1.4,0.0,Hong Kong
Hong Kong,HK,2024-03-24,12:00:00,1711256400,24.2,22.1,27.8,14.3,137.0,0.0,0.0,Hong Kong
Hong Kong,HK,2024-03-25,12:00:00,1711342800,24.0,22.0,27.6,13.8,186.0,0.4,0.0,Hong Kong
Hong Kong,HK,2024-03-26,12:00:00,1711429200,24.9,21.7,30.0,14.9,77.0,0.1,0.0,Hong Kong
Hong Kong,HK,2024-03-27,12:00:00,1711515600,21.8,20.7,23.6,19.2,83.0,1.1,0.0,Hong Kong
Hong Kong,HK,2024-03-28,12:00:00,1711602000,24.3,21.4,28.5,16.0,168.0,0.7,0.0,Hong Kong
Hong Kong,HK,2024-03-29,12:00:00,1711688400,24.2,21.0,28.3,9.5,198.0,1.6,0.0,Hong Kong
Hong Kong,HK,2024-03-30,12:00:00,1711774800,24.7,21.4,28.6,16.1,192.0,2.7,0.0,Hong Kong
Hong Kong,HK,2024-03-31,12:00:00,1711861200,24.5,21.9,27.1,16.2,201.0,15.5,0.0,Hong Kong
Hong Kong,HK,2024-04-01,12:00:00,1711947600,24.7,22.2,27.3,24.5,163.0,12.7,0.0,Hong Kong
Hong Kong,HK,2024-04-02,12:00:00,1712034000,25.3,23.7,28.4,24.3,174.0,3.8,0.0,Hong Kong
Hong Kong,HK,2024-04-03,12:00:00,1712120400,25.5,24.1,27.8,23.3,176.0,8.7,0.0,Hong Kong
Hong Kong,HK,2024-04-04,12:00:00,1712206800,25.6,23.8,28.0,23.5,167.0,6.4,0.0,Hong Kong
Hong Kong,HK,2024-04-05,12:00:00,1712293200,25.2,23.1,27.8,19.9,134.0,4.3,0.0,Hong Kong
Hong Kong,HK,2024-04-06,12:00:00,1712379600,23.7,22.1,26.2,24.3,126.0,17.4,0.0,Hong Kong
Hong Kong,HK,2024-04-07,12:00:00,1712466000,24.9,23.4,27.8,17.0,158.0,10.9,0.0,Hong Kong
Hong Kong,HK,2024-04-08,12:00:00,1712552400,24.8,20.6,27.7,15.5,151.0,5.2,0.0,Hong Kong
Hong Kong,HK,2024-04-09,12:00:00,1712638800,21.3,19.2,23.4,23.2,51.0,0.7,0.0,Hong Kong
Hong Kong,HK,2024-04-10,12:00:00,1712725200,22.3,20.3,24.8,22.0,78.0,0.0,0.0,Hong Kong
Hong Kong,HK,2024-04-11,12:00:00,1712811600,23.0,21.3,25.7,17.3,89.0,0.0,0.0,Hong Kong
Hong Kong,HK,2024-04-12,12:00:00,1712898000,23.9,21.4,27.7,11.2,148.0,0.0,0.0,Hong Kong
Hong Kong,HK,2024-04-13,12:00:00,1712984400,24.7,20.8,28.1,11.6,183.0,0.2,0.0,Hong Kong
Hong Kong,HK,2024-04-14,12:00:00,1713070800,25.7,23.6,28.8,17.1,170.0,2.2,0.0,Hong Kong
Hong Kong,HK,2024-04-15,12:00:00,1713157200,25.8,23.1,28.9,16.0,198.0,1.6,0.0,Hong Kong
Hong Kong,HK,2024-04-16,12:00:00,1713243600,25.6,21.3,29.2,20.1,207.0,0.9,0.0,Hong Kong
Hong Kong,HK,2024-04-17,12:00:00,1713330000,26.5,24.7,29.0,21.2,200.0,4.2,0.0,Hong Kong
Hong Kong,HK,2024-04-18,12:00:00,1713416400,25.4,24.1,26.7,14.8,200.0,2.7,0.0,Hong Kong
Hong Kong,HK,2024-04-19,12:00:00,1713502800,25.8,23.3,28.0,25.5,170.0,15.3,0.0,Hong Kong
Hong Kong,HK,2024-04-20,12:00:00,1713589200,26.2,23.1,28.8,23.1,178.0,27.4,0.0,Hong Kong
Hong Kong,HK,2024-04-21,12:00:00,1713675600,24.8,22.9,26.4,26.0,173.0,23.5,0.0,Hong Kong
Hong Kong,HK,2024-04-22,12:00:00,1713762000,24.7,22.3,28.4,18.6,206.0,42.2,0.0,Hong Kong
Hong Kong,HK,2024-04-23,12:00:00,1713848400,24.0,22.5,26.1,16.1,230.0,36.8,0.0,Hong Kong
Hong Kong,HK,2024-04-24,12:00:00,1713934800,25.2,22.7,28.1,15.5,135.0,7.2,0.0,Hong Kong
Hong Kong,HK,2024-04-25,12:00:00,1714021200,24.2,22.8,25.8,23.8,163.0,38.3,0.0,Hong Kong
Hong Kong,HK,2024-04-26,12:00:00,1714107600,24.4,22.5,27.2,27.5,195.0,79.9,0.0,Hong Kong
Hong Kong,HK,2024-04-27,12:00:00,1714194000,24.9,22.7,28.8,14.1,119.0,60.4,0.0,Hong Kong
Hong Kong,HK,2024-04-28,12:00:00,1714280400,24.4,22.4,26.2,20.2,120.0,73.9,0.0,Hong Kong
Hong Kong,HK,2024-04-29,12:00:00,1714366800,26.7,24.8,28.8,20.8,157.0,9.1,0.0,Hong Kong
Hong Kong,HK,2024-04-30,12:00:00,1714453200,26.6,23.4,29.2,23.6,199.0,50.9,0.0,Hong Kong
Hong Kong,HK,2024-05-01,12:00:00,1714539600,23.7,22.8,25.3,12.9,71.0,41.7,0.0,Hong Kong
Hong Kong,HK,2024-05-02,12:00:00,1714626000,23.6,21.3,25.1,22.0,78.0,1.4,0.0,Hong Kong
Hong Kong,HK,2024-05-03,12:00:00,1714712400,24.4,23.3,26.0,26.1,91.0,2.8,0.0,Hong Kong
Hong Kong,HK,2024-05-04,12:00:00,1714798800,23.8,22.2,25.2,18.6,116.0,30.8,0.0,Hong Kong
Hong Kong,HK,2024-05-05,12:00:00,1714885200,24.3,21.1,27.2,11.8,117.0,5.9,0.0,Hong Kong
Hong Kong,HK,2024-05-06,12:00:00,1714971600,25.7,22.5,28.9,12.2,125.0,2.8,0.0,Hong Kong
Hong Kong,HK,2024-05-07,12:00:00,1715058000,25.2,22.2,29.0,15.7,60.0,5.7,0.0,Hong Kong
Hong Kong,HK,2024-05-08,12:00:00,1715144400,25.3,23.2,29.0,10.7,60.0,8.3,0.0,Hong Kong
Hong Kong,HK,2024-05-09,12:00:00,1715230800,24.7,23.9,26.2,25.5,77.0,0.0,0.0,Hong Kong
Hong Kong,HK,2024-05-10,12:00:00,1715317200,24.6,23.2,26.3,23.9,86.0,0.0,0.0,Hong Kong
Hong Kong,HK,2024-05-11,12:00:00,1715403600,25.7,23.7,28.1,16.2,98.0,0.6,0.0,Hong Kong
Hong Kong,HK,2024-05-12,12:00:00,1715490000,26.1,24.0,29.4,7.2,125.0,9.7,0.0,Hong Kong
Hong Kong,HK,2024-05-13,12:00:00,1715576400,24.8,22.9,29.4,18.8,42.0,25.8,0.0,Hong Kong
Hong Kong,HK,2024-05-14,12:00:00,1715662800,23.8,22.1,26.0,18.9,82.0,0.2,0.0,Hong Kong
Hong Kong,HK,2024-05-15,12:00:00,1715749200,24.3,22.1,27.1,13.0,77.0,0.0,0.0,Hong Kong
Hong Kong,HK,2024-05-16,12:00:00,1715835600,23.9,21.7,26.3,26.5,77.0,0.0,0.0,Hong Kong
Hong Kong,HK,2024-05-17,12:00:00,1715922000,24.1,22.3,26.6,15.0,82.0,3.1,0.0,Hong Kong
Hong Kong,HK,2024-05-18,12:00:00,1716008400,24.8,23.1,27.3,18.0,79.0,1.0,0.0,Hong Kong
Hong Kong,HK,2024-05-19,12:00:00,1716094800,23.6,21.2,26.4,26.3,77.0,15.3,0.0,Hong Kong
Hong Kong,HK,2024-05-20,12:00:00,1716181200,24.0,22.8,25.4,20.3,70.0,41.2,0.0,Hong Kong
Hong Kong,HK,2024-05-21,12:00:00,1716267600,25.0,22.9,27.5,19.4,101.0,31.9,0.0,Hong Kong
Hong Kong,HK,2024-05-22,12:00:00,1716354000,25.0,23.9,26.6,12.0,154.0,14.7,0.0,Hong Kong
Hong Kong,HK,2024-05-23,12:00:00,1716440400,24.9,24.0,26.1,15.6,156.0,27.8,0.0,Hong Kong
Hong Kong,HK,2024-05-24,12:00:00,1716526800,24.5,23.8,25.2,17.3,143.0,44.0,0.0,Hong Kong
Hong Kong,HK,2024-05-25,12:00:00,1716613200,25.1,23.1,27.4,11.9,147.0,61.1,0.0,Hong Kong
Hong Kong,HK,2024-05-26,12:00:00,1716699600,26.3,24.5,28.5,14.8,177.0,6.1,0.0,Hong Kong
Hong Kong,HK,2024-05-27,12:00:00,1716786000,26.4,25.0,28.3,22.8,217.0,31.8,0.0,Hong Kong
Hong Kong,HK,2024-05-28,12:00:00,1716872400,26.3,24.2,29.8,25.2,102.0,33.2,0.0,Hong Kong
Hong Kong,HK,2024-05-29,12:00:00,1716958800,25.1,24.0,26.0,27.3,79.0,0.0,0.0,Hong Kong
Hong Kong,HK,2024-05-30,12:00:00,1717045200,25.5,24.4,27.0,24.7,80.0,2.4,0.0,Hong Kong
Hong Kong,HK,2024-05-31,12:00:00,1717131600,26.4,25.2,28.2,20.9,118.0,21.7,0.0,Hong Kong
Hong Kong,HK,2024-06-01,12:00:00,1717218000,25.7,25.0,26.4,30.4,198.0,43.2,0.0,Hong Kong
Hong Kong,HK,2024-06-02,12:00:00,1717304400,27.4,25.3,30.6,18.0,247.0,16.6,0.0,Hong Kong
Hong Kong,HK,2024-06-03,12:00:00,1717390800,25.3,24.0,26.3,21.3,90.0,15.3,0.0,Hong Kong
Hong Kong,HK,2024-06-04,12:00:00,1717477200,24.6,23.3,26.5,27.8,88.0,4.4,0.0,Hong Kong
Hong Kong,HK,2024-06-05,12:00:00,1717563600,25.2,23.5,27.1,21.7,83.0,1.0,0.0,Hong Kong
Hong Kong,HK,2024-06-06,12:00:00,1717650000,25.7,24.5,28.6,11.4,92.0,28.8,0.0,Hong Kong
Hong Kong,HK,2024-06-07,12:00:00,1717736400,25.7,24.8,26.7,16.9,101.0,4.8,0.0,Hong Kong
Hong Kong,HK,2024-06-08,12:00:00,1717822800,26.0,24.8,27.8,16.1,140.0,7.6,0.0,Hong Kong
Hong Kong,HK,2024-06-09,12:00:00,1717909200,26.0,24.9,27.5,13.9,162.0,15.9,0.0,Hong Kong
Hong Kong,HK,2024-06-10,12:00:00,1717995600,26.8,25.7,28.9,16.4,172.0,9.0,0.0,Hong Kong
Hong Kong,HK,2024-06-11,12:00:00,1718082000,26.6,25.2,28.2,14.7,206.0,15.0,0.0,Hong Kong
Hong Kong,HK,2024-06-12,12:00:00,1718168400,28.0,26.8,30.4,21.2,222.0,3.1,0.0,Hong Kong
Hong Kong,HK,2024-06-13,12:00:00,1718254800,27.6,25.6,29.2,17.3,217.0,18.5,0.0,Hong Kong
Hong Kong,HK,2024-06-14,12:00:00,1718341200,27.5,25.7,29.0,20.8,211.0,14.8,0.0,Hong Kong
Hong Kong,HK,2024-06-15,12:00:00,1718427600,27.1,25.3,28.5,20.8,211.0,11.1,0.0,Hong Kong
Hong Kong,HK,2024-06-16,12:00:00,1718514000,27.0,26.1,28.2,18.2,206.0,17.2,0.0,Hong Kong
Hong Kong,HK,2024-06-17,12:00:00,1718600400,28.3,26.6,30.2,19.9,194.0,5.0,0.0,Hong Kong
Hong Kong,HK,2024-06-18,12:00:00,1718686800,27.6,26.6,28.9,18.0,187.0,9.7,0.0,Hong Kong
Hong Kong,HK,2024-06-19,12:00:00,1718773200,28.5,26.7,30.3,17.6,178.0,2.7,0.0,Hong Kong
Hong Kong,HK,2024-06-20,12:00:00,1718859600,28.5,26.2,30.6,17.4,173.0,3.5,0.0,Hong Kong
Hong Kong,HK,2024-06-21,12:00:00,1718946000,28.8,27.2,30.6,14.4,174.0,3.0,0.0,Hong Kong
Hong Kong,HK,2024-06-22,12:00:00,1719032400,29.1,27.6,31.3,17.8,158.0,3.0,0.0,Hong Kong
Hong Kong,HK,2024-06-23,12:00:00,1719118800,28.7,26.4,30.9,20.7,165.0,6.4,0.0,Hong Kong
Hong Kong,HK,2024-06-24,12:00:00,1719205200,28.1,26.7,29.9,20.0,158.0,10.8,0.0,Hong Kong
Hong Kong,HK,2024-06-25,12:00:00,1719291600,27.7,25.5,30.0,17.3,164.0,9.1,0.0,Hong Kong
Hong Kong,HK,2024-06-26,12:00:00,1719378000,28.0,25.4,31.0,16.0,88.0,1.4,0.0,Hong Kong
Hong Kong,HK,2024-06-27,12:00:00,1719464400,28.3,25.6,31.1,15.5,105.0,4.0,0.0,Hong Kong
Hong Kong,HK,2024-06-28,12:00:00,1719550800,28.6,27.0,30.9,17.1,179.0,7.1,0.0,Hong Kong
Hong Kong,HK,2024-06-29,12:00:00,1719637200,27.9,26.1,29.3,24.4,209.0,8.7,0.0,Hong Kong
Hong Kong,HK,2024-06-30,12:00:00,1719723600,28.4,26.3,30.3,24.4,214.0,11.7,0.0,Hong Kong
Hong Kong,HK,2024-07-01,12:00:00,1719810000,28.9,27.1,31.1,26.1,206.0,6.7,0.0,Hong Kong
Hong Kong,HK,2024-07-02,12:00:00,1719896400,28.9,28.0,30.2,22.7,197.0,4.9,0.0,Hong Kong
Hong Kong,HK,2024-07-03,12:00:00,1719982800,28.8,26.6,31.1,16.1,146.0,1.5,0.0,Hong Kong
Hong Kong,HK,2024-07-04,12:00:00,1720069200,28.6,26.9,31.3,10.7,143.0,1.1,0.0,Hong Kong
Hong Kong,HK,2024-07-05,12:00:00,1720155600,28.7,26.2,31.4,9.8,144.0,0.5,0.0,Hong Kong
Hong Kong,HK,2024-07-06,12:00:00,1720242000,29.2,27.3,31.0,10.8,133.0,3.5,0.0,Hong Kong
Hong Kong,HK,2024-07-07,12:00:00,1720328400,28.8,27.2,30.7,15.0,153.0,3.8,0.0,Hong Kong
Hong Kong,HK,2024-07-08,12:00:00,1720414800,28.7,27.5,31.0,13.6,179.0,1.4,0.0,Hong Kong
Hong Kong,HK,2024-07-09,12:00:00,1720501200,29.6,27.9,31.7,13.3,187.0,0.1,0.0,Hong Kong
Hong Kong,HK,2024-07-10,12:00:00,1720587600,29.2,27.4,31.1,13.3,182.0,0.7,0.0,Hong Kong
Hong Kong,HK,2024-07-11,12:00:00,1720674000,28.8,26.5,31.1,13.8,188.0,1.9,0.0,Hong Kong
Hong Kong,HK,2024-07-12,12:00:00,1720760400,28.3,26.9,29.8,14.0,188.0,18.0,0.0,Hong Kong
Hong Kong,HK,2024-07-13,12:00:00,1720846800,29.2,27.1,31.6,14.5,174.0,1.6,0.0,Hong Kong
Hong Kong,HK,2024-07-14,12:00:00,1720933200,29.6,28.0,32.5,23.9,103.0,1.3,0.0,Hong Kong
Hong Kong,HK,2024-07-15,12:00:00,1721019600,28.9,26.4,31.8,21.6,96.0,4.6,0.0,Hong Kong
Hong Kong,HK,2024-07-16,12:00:00,1721106000,28.2,26.7,29.8,21.0,99.0,11.8,0.0,Hong Kong
Hong Kong,HK,2024-07-17,12:00:00,1721192400,28.9,27.7,30.8,18.5,119.0,3.8,0.0,Hong Kong
Hong Kong,HK,2024-07-18,12:00:00,1721278800,29.1,27.8,31.4,17.1,122.0,2.2,0.0,Hong Kong
Hong Kong,HK,2024-07-19,12:00:00,1721365200,28.2,26.4,30.6,15.0,113.0,10.5,0.0,Hong Kong
Hong Kong,HK,2024-07-20,12:00:00,1721451600,28.8,26.7,31.6,20.7,103.0,6.7,0.0,Hong Kong
Hong Kong,HK,2024-07-21,12:00:00,1721538000,27.9,26.0,30.5,19.5,105.0,10.8,0.0,Hong Kong
Hong Kong,HK,2024-07-22,12:00:00,1721624400,28.7,26.8,31.3,18.0,125.0,2.7,0.0,Hong Kong
Hong Kong,HK,2024-07-23,12:00:00,1721710800,29.0,26.7,31.6,13.6,201.0,1.0,0.0,Hong Kong
Hong Kong,HK,2024-07-24,12:00:00,1721797200,29.5,27.3,32.2,17.7,262.0,0.2,0.0,Hong Kong
Hong Kong,HK,2024-07-25,12:00:00,1721883600,30.2,28.1,33.4,27.3,251.0,1.9,0.0,Hong Kong
Hong Kong,HK,2024-07-26,12:00:00,1721970000,28.6,27.1,30.3,29.7,230.0,25.3,0.0,Hong Kong
Hong Kong,HK,2024-07-27,12:00:00,1722056400,27.9,26.0,28.9,23.7,200.0,19.3,0.0,Hong Kong
Hong Kong,HK,2024-07-28,12:00:00,1722142800,26.3,25.8,27.1,18.6,154.0,44.7,0.0,Hong Kong
Hong Kong,HK,2024-07-29,12:00:00,1722229200,26.3,24.9,28.0,18.9,128.0,29.0,0.0,Hong Kong
Hong Kong,HK,2024-07-30,12:00:00,1722315600,26.2,24.9,28.5,15.3,156.0,38.4,0.0,Hong Kong
Hong Kong,HK,2024-07-31,12:00:00,1722402000,27.0,24.8,29.0,20.1,200.0,17.3,0.0,Hong Kong
Hong Kong,HK,2024-08-01,12:00:00,1722488400,28.1,25.8,30.8,19.2,203.0,8.5,0.0,Hong Kong
Hong Kong,HK,2024-08-02,12:00:00,1722574800,28.5,27.0,30.4,17.9,206.0,4.1,0.0,Hong Kong
Hong Kong,HK,2024-08-03,12:00:00,1722661200,28.9,27.2,31.5,14.8,226.0,0.4,0.0,Hong Kong
Hong Kong,HK,2024-08-04,12:00:00,1722747600,29.5,26.8,33.3,13.2,256.0,0.0,0.0,Hong Kong
Hong Kong,HK,2024-08-05,12:00:00,1722834000,29.3,25.5,32.9,7.7,277.0,14.5,0.0,Hong Kong
Hong Kong,HK,2024-08-06,12:00:00,1722920400,28.5,25.9,31.5,9.4,86.0,4.7,0.0,Hong Kong
Hong Kong,HK,2024-08-07,12:00:00,1723006800,30.0,26.5,32.8,11.0,240.0,1.6,0.0,Hong Kong
Hong Kong,HK,2024-08-08,12:00:00,1723093200,29.8,28.1,32.2,17.7,238.0,1.6,0.0,Hong Kong
Hong Kong,HK,2024-08-09,12:00:00,1723179600,29.6,28.1,32.1,17.8,230.0,0.0,0.0,Hong Kong
Hong Kong,HK,2024-08-10,12:00:00,1723266000,29.0,25.7,31.5,15.5,229.0,14.8,0.0,Hong Kong
Hong Kong,HK,2024-08-11,12:00:00,1723352400,29.4,28.0,31.9,12.2,227.0,1.5,0.0,Hong Kong
Hong Kong,HK,2024-08-12,12:00:00,1723438800,27.5,25.8,29.4,11.9,222.0,24.2,0.0,Hong Kong
Hong Kong,HK,2024-08-13,12:00:00,1723525200,28.0,26.8,30.2,12.6,221.0,17.7,0.0,Hong Kong
Hong Kong,HK,2024-08-14,12:00:00,1723611600,28.0,26.3,30.1,13.6,236.0,3.0,0.0,Hong Kong
Hong Kong,HK,2024-08-15,12:00:00,1723698000,27.6,26.3,29.3,13.6,231.0,4.1,0.0,Hong Kong
Hong Kong,HK,2024-08-16,12:00:00,1723784400,27.0,24.9,29.2,16.9,214.0,15.1,0.0,Hong Kong
Hong Kong,HK,2024-08-17,12:00:00,1723870800,26.2,25.1,28.0,17.8,213.0,55.5,0.0,Hong Kong
Hong Kong,HK,2024-08-18,12:00:00,1723957200,26.8,25.3,29.1,21.4,234.0,34.1,0.0,Hong Kong
Hong Kong,HK,2024-08-19,12:00:00,1724043600,26.7,25.7,28.2,21.1,235.0,48.3,0.0,Hong Kong
Hong Kong,HK,2024-08-20,12:00:00,1724130000,26.3,25.5,27.5,22.5,239.0,39.4,0.0,Hong Kong
Hong Kong,HK,2024-08-21,12:00:00,1724216400,26.2,25.4,27.3,17.3,223.0,37.7,0.0,Hong Kong
Hong Kong,HK,2024-08-22,12:00:00,1724302800,27.7,26.6,29.2,12.3,219.0,6.5,0.0,Hong Kong
Hong Kong,HK,2024-08-23,12:00:00,1724389200,28.2,26.6,30.3,11.0,231.0,1.2,0.0,Hong Kong
Hong Kong,HK,2024-08-24,12:00:00,1724475600,28.5,26.7,31.9,9.7,234.0,1.9,0.0,Hong Kong
Hong Kong,HK,2024-08-25,12:00:00,1724562000,28.5,26.1,32.2,9.7,240.0,0.6,0.0,Hong Kong
Hong Kong,HK,2024-08-26,12:00:00,1724648400,28.6,25.8,31.8,10.0,242.0,1.0,0.0,Hong Kong
Hong Kong,HK,2024-08-27,12:00:00,1724734800,29.3,27.1,32.3,11.6,250.0,0.2,0.0,Hong Kong
Hong Kong,HK,2024-08-28,12:00:00,1724821200,29.4,26.8,33.6,11.4,291.0,5.0,0.0,Hong Kong
Hong Kong,HK,2024-08-29,12:00:00,1724907600,27.7,25.3,30.6,11.0,54.0,11.5,0.0,Hong Kong
Hong Kong,HK,2024-08-30,12:00:00,1724994000,28.0,26.0,30.2,16.5,90.0,1.4,0.0,Hong Kong
Hong Kong,HK,2024-08-31,12:00:00,1725080400,27.5,26.4,29.6,21.9,88.0,15.6,0.0,Hong Kong
Hong Kong,HK,2024-09-01,12:00:00,1725166800,28.5,26.0,31.3,8.9,108.0,3.7,0.0,Hong Kong
Hong Kong,HK,2024-09-02,12:00:00,1725253200,28.6,25.4,32.0,6.6,342.0,5.4,0.0,Hong Kong
Hong Kong,HK,2024-09-03,12:00:00,1725339600,28.0,24.3,32.1,10.8,35.0,17.0,0.0,Hong Kong
Hong Kong,HK,2024-09-04,12:00:00,1725426000,28.2,25.3,31.9,11.2,26.0,4.5,0.0,Hong Kong
Hong Kong,HK,2024-09-05,12:00:00,1725512400,27.5,24.8,31.6,37.6,51.0,16.4,0.0,Hong Kong
Hong Kong,HK,2024-09-06,12:00:00,1725598800,25.9,25.0,27.6,40.0,89.0,60.0,0.0,Hong Kong
Hong Kong,HK,2024-09-07,12:00:00,1725685200,27.3,25.4,30.1,27.9,113.0,20.8,0.0,Hong Kong
Hong Kong,HK,2024-09-08,12:00:00,1725771600,27.1,25.5,28.8,14.9,96.0,6.3,0.0,Hong Kong
Hong Kong,HK,2024-09-09,12:00:00,1725858000,26.5,25.2,28.3,12.7,86.0,26.1,0.0,Hong Kong
Hong Kong,HK,2024-09-10,12:00:00,1725944400,27.4,24.7,30.9,11.8,64.0,2.7,0.0,Hong Kong
Hong Kong,HK,2024-09-11,12:00:00,1726030800,27.6,25.3,30.9,7.6,107.0,3.3,0.0,Hong Kong
Hong Kong,HK,2024-09-12,12:00:00,1726117200,28.0,25.4,30.6,7.3,357.0,4.0,0.0,Hong Kong
Hong Kong,HK,2024-09-13,12:00:00,1726203600,28.0,25.4,31.8,9.4,76.0,4.8,0.0,Hong Kong
Hong Kong,HK,2024-09-14,12:00:00,1726290000,27.3,24.6,31.1,9.5,38.0,1.1,0.0,Hong Kong
Hong Kong,HK,2024-09-15,12:00:00,1726376400,27.0,24.7,31.4,8.4,332.0,4.2,0.0,Hong Kong
Hong Kong,HK,2024-09-16,12:00:00,1726462800,27.1,24.7,29.6,14.7,71.0,4.9,0.0,Hong Kong
Hong Kong,HK,2024-09-17,12:00:00,1726549200,28.7,26.0,32.8,19.5,33.0,4.7,0.0,Hong Kong
Hong Kong,HK,2024-09-18,12:00:00,1726635600,28.5,25.5,31.8,23.0,68.0,1.1,0.0,Hong Kong
Hong Kong,HK,2024-09-19,12:00:00,1726722000,28.6,27.5,30.5,20.5,76.0,0.8,0.0,Hong Kong
Hong Kong,HK,2024-09-20,12:00:00,1726808400,27.7,26.2,30.1,8.2,74.0,3.5,0.0,Hong Kong
Hong Kong,HK,2024-09-21,12:00:00,1726894800,26.7,24.6,28.5,20.2,69.0,50.8,0.0,Hong Kong
Hong Kong,HK,2024-09-22,12:00:00,1726981200,25.1,23.3,26.9,19.1,37.0,71.0,0.0,Hong Kong
Hong Kong,HK,2024-09-23,12:00:00,1727067600,24.0,21.8,26.4,16.8,33.0,29.9,0.0,Hong Kong
Hong Kong,HK,2024-09-24,12:00:00,1727154000,25.2,24.4,26.2,18.0,198.0,44.8,0.0,Hong Kong
Hong Kong,HK,2024-09-25,12:00:00,1727240400,27.1,25.3,29.9,10.3,212.0,7.7,0.0,Hong Kong
Hong Kong,HK,2024-09-26,12:00:00,1727326800,27.7,25.0,30.7,13.1,255.0,1.5,0.0,Hong Kong
Hong Kong,HK,2024-09-27,12:00:00,1727413200,28.1,26.2,31.1,11.2,269.0,0.7,0.0,Hong Kong
Hong Kong,HK,2024-09-28,12:00:00,1727499600,27.1,24.7,30.3,13.1,51.0,11.3,0.0,Hong Kong
Hong Kong,HK,2024-09-29,12:00:00,1727586000,27.3,25.5,30.7,11.5,67.0,3.2,0.0,Hong Kong
Hong Kong,HK,2024-09-30,12:00:00,1727672400,28.6,25.2,32.8,15.2,323.0,0.0,0.0,Hong Kong
Hong Kong,HK,2024-10-01,12:00:00,1727758800,28.8,26.1,31.9,21.6,348.0,0.2,0.0,Hong Kong
Hong Kong,HK,2024-10-02,12:00:00,1727845200,24.5,21.7,26.8,24.0,353.0,0.0,0.0,Hong Kong
Hong Kong,HK,2024-10-03,12:00:00,1727931600,23.5,20.4,25.9,20.2,8.0,0.0,0.0,Hong Kong
Hong Kong,HK,2024-10-04,12:00:00,1728018000,23.9,21.0,27.5,16.6,13.0,0.0,0.0,Hong Kong
Hong Kong,HK,2024-10-05,12:00:00,1728104400,25.3,22.4,28.6,15.0,19.0,0.0,0.0,Hong Kong
Hong Kong,HK,2024-10-06,12:00:00,1728190800,26.6,22.8,30.6,11.6,35.0,0.0,0.0,Hong Kong
Hong Kong,HK,2024-10-07,12:00:00,1728277200,27.2,24.6,30.9,16.3,20.0,0.4,0.0,Hong Kong
Hong Kong,HK,2024-10-08,12:00:00,1728363600,26.1,22.7,29.6,16.5,27.0,0.0,0.0,Hong Kong
Hong Kong,HK,2024-10-09,12:00:00,1728450000,24.2,22.3,26.4,14.6,21.0,0.6,0.0,Hong Kong
Hong Kong,HK,2024-10-10,12:00:00,1728536400,25.1,21.6,29.2,12.9,52.0,0.5,0.0,Hong Kong
Hong Kong,HK,2024-10-11,12:00:00,1728622800,24.3,22.8,26.0,14.4,68.0,6.1,0.0,Hong Kong
Hong Kong,HK,2024-10-12,12:00:00,1728709200,25.6,23.8,27.7,18.5,77.0,0.0,0.0,Hong Kong
Hong Kong,HK,2024-10-13,12:00:00,1728795600,26.1,23.7,29.1,16.5,73.0,0.0,0.0,Hong Kong
Hong Kong,HK,2024-10-14,12:00:00,1728882000,26.6,24.6,29.2,19.9,78.0,0.1,0.0,Hong Kong
Hong Kong,HK,2024-10-15,12:00:00,1728968400,26.8,24.5,29.5,16.8,75.0,0.8,0.0,Hong Kong
Hong Kong,HK,2024-10-16,12:00:00,1729054800,27.0,24.9,29.2,23.1,77.0,0.1,0.0,Hong Kong
Hong Kong,HK,2024-10-17,12:00:00,1729141200,26.7,25.3,28.5,25.3,84.0,1.5,0.0,Hong Kong
Hong Kong,HK,2024-10-18,12:00:00,1729227600,26.8,25.4,29.1,17.3,87.0,1.2,0.0,Hong Kong
Hong Kong,HK,2024-10-19,12:00:00,1729314000,27.3,22.9,32.4,13.0,71.0,0.0,0.0,Hong Kong
Hong Kong,HK,2024-10-20,12:00:00,1729400400,26.7,24.7,29.5,27.9,71.0,1.1,0.0,Hong Kong
Hong Kong,HK,2024-10-21,12:00:00,1729486800,26.2,22.8,30.8,14.9,54.0,0.0,0.0,Hong Kong
Hong Kong,HK,2024-10-22,12:00:00,1729573200,27.0,23.3,31.3,21.3,21.0,0.0,0.0,Hong Kong
Hong Kong,HK,2024-10-23,12:00:00,1729659600,24.4,21.1,28.4,23.9,9.0,0.0,0.0,Hong Kong
Hong Kong,HK,2024-10-24,12:00:00,1729746000,23.2,19.0,27.9,20.7,2.0,0.0,0.0,Hong Kong
Hong Kong,HK,2024-10-25,12:00:00,1729832400,24.3,20.7,28.5,25.3,7.0,0.0,0.0,Hong Kong
Hong Kong,HK,2024-10-26,12:00:00,1729918800,25.3,21.3,29.4,29.2,39.0,3.0,0.0,Hong Kong
Hong Kong,HK,2024-10-27,12:00:00,1730005200,25.4,22.4,28.9,18.0,43.0,1.2,0.0,Hong Kong
Hong Kong,HK,2024-10-28,12:00:00,1730091600,24.0,21.2,27.1,18.6,25.0,0.0,0.0,Hong Kong
Hong Kong,HK,2024-10-29,12:00:00,1730178000,23.9,21.3,27.3,16.0,46.0,0.0,0.0,Hong Kong
Hong Kong,HK,2024-10-30,12:00:00,1730264400,24.5,20.9,28.6,14.2,18.0,0.6,0.0,Hong Kong
Hong Kong,HK,2024-10-31,12:00:00,1730350800,25.5,21.2,30.6,21.7,343.0,0.0,0.0,Hong Kong
Hong Kong,HK,2024-11-01,12:00:00,1730437200,25.9,22.5,30.5,21.7,6.0,0.0,0.0,Hong Kong
Hong Kong,HK,2024-11-02,12:00:00,1730523600,24.2,20.5,28.7,21.0,37.0,0.0,0.0,Hong Kong
Hong Kong,HK,2024-11-03,12:00:00,1730610000,24.9,22.5,28.3,17.3,63.0,0.2,0.0,Hong Kong
Hong Kong,HK,2024-11-04,12:00:00,1730696400,25.2,22.8,28.5,13.7,70.0,0.1,0.0,Hong Kong
Hong Kong,HK,2024-11-05,12:00:00,1730782800,24.9,21.4,28.6,14.5,32.0,0.7,0.0,Hong Kong
Hong Kong,HK,2024-11-06,12:00:00,1730869200,23.8,20.7,28.4,17.3,49.0,0.1,0.0,Hong Kong
Hong Kong,HK,2024-11-07,12:00:00,1730955600,22.0,18.6,26.6,15.8,39.0,0.4,0.0,Hong Kong
Hong Kong,HK,2024-11-08,12:00:00,1731042000,22.7,17.4,27.4,15.5,20.0,0.1,0.0,Hong Kong
Hong Kong,HK,2024-11-09,12:00:00,1731128400,24.0,21.4,28.2,26.5,51.0,1.9,0.0,Hong Kong
Hong Kong,HK,2024-11-10,12:00:00,1731214800,23.5,22.3,25.6,23.3,47.0,6.7,0.0,Hong Kong
Hong Kong,HK,2024-11-11,12:00:00,1731301200,23.4,20.9,26.9,17.8,56.0,0.2,0.0,Hong Kong
Hong Kong,HK,2024-11-12,12:00:00,1731387600,24.6,20.8,29.6,12.5,53.0,0.0,0.0,Hong Kong
Hong Kong,HK,2024-11-13,12:00:00,1731474000,24.3,22.3,27.6,24.1,27.0,19.6,0.0,Hong Kong
Hong Kong,HK,2024-11-14,12:00:00,1731560400,23.3,22.6,24.0,40.2,67.0,75.1,0.0,Hong Kong
Hong Kong,HK,2024-11-15,12:00:00,1731646800,23.9,23.2,25.1,16.0,78.0,31.9,0.0,Hong Kong
Hong Kong,HK,2024-11-16,12:00:00,1731733200,24.2,22.5,27.9,9.1,338.0,26.9,0.0,Hong Kong
Hong Kong,HK,2024-11-17,12:00:00,1731819600,24.4,22.5,27.8,11.9,43.0,3.6,0.0,Hong Kong
Hong Kong,HK,2024-11-18,12:00:00,1731906000,22.8,20.1,26.3,19.2,25.0,0.5,0.0,Hong Kong
Hong Kong,HK,2024-11-19,12:00:00,1731992400,18.5,17.1,20.3,18.6,17.0,3.9,0.0,Hong Kong
Hong Kong,HK,2024-11-20,12:00:00,1732078800,16.7,15.7,17.3,18.3,13.0,21.9,0.0,Hong Kong
Hong Kong,HK,2024-11-21,12:00:00,1732165200,18.0,15.6,21.7,16.9,15.0,11.7,0.0,Hong Kong
Hong Kong,HK,2024-11-22,12:00:00,1732251600,19.0,15.5,23.7,13.7,18.0,0.0,0.0,Hong Kong
Hong Kong,HK,2024-11-23,12:00:00,1732338000,18.6,15.9,20.5,12.8,33.0,0.4,0.0,Hong Kong
Hong Kong,HK,2024-11-24,12:00:00,1732424400,19.5,18.3,21.8,16.4,57.0,76.2,0.0,Hong Kong
Hong Kong,HK,2024-11-25,12:00:00,1732510800,20.0,18.6,21.4,13.7,37.0,23.0,0.0,Hong Kong
Hong Kong,HK,2024-11-26,12:00:00,1732597200,18.8,15.8,22.2,23.8,14.0,0.0,0.0,Hong Kong
Hong Kong,HK,2024-11-27,12:00:00,1732683600,16.3,12.4,20.7,16.5,15.0,0.0,0.0,Hong Kong
Hong Kong,HK,2024-11-28,12:00:00,1732770000,16.6,13.5,20.6,18.4,14.0,0.0,0.0,Hong Kong
Hong Kong,HK,2024-11-29,12:00:00,1732856400,16.1,13.0,20.2,18.5,21.0,0.0,0.0,Hong Kong
Hong Kong,HK,2024-11-30,12:00:00,1732942800,16.3,12.0,21.0,8.7,50.0,0.0,0.0,Hong Kong
Hong Kong,HK,2024-12-01,12:00:00,1733029200,17.7,14.5,21.7,10.3,60.0,0.0,0.0,Hong Kong
Hong Kong,HK,2024-12-02,12:00:00,1733115600,19.1,15.4,23.3,11.2,60.0,0.0,0.0,Hong Kong
Hong Kong,HK,2024-12-03,12:00:00,1733202000,20.5,17.3,24.7,11.3,62.0,0.0,0.0,Hong Kong
Hong Kong,HK,2024-12-04,12:00:00,1733288400,21.2,19.4,24.2,16.4,70.0,0.0,0.0,Hong Kong
Hong Kong,HK,2024-12-05,12:00:00,1733374800,20.4,18.3,23.5,13.7,68.0,0.0,0.0,Hong Kong
Hong Kong,HK,2024-12-06,12:00:00,1733461200,19.8,16.1,24.2,12.4,25.0,0.0,0.0,Hong Kong
Hong Kong,HK,2024-12-07,12:00:00,1733547600,18.4,14.1,23.4,18.1,18.0,0.0,0.0,Hong Kong
Hong Kong,HK,2024-12-08,12:00:00,1733634000,16.0,11.6,20.5,19.5,16.0,0.0,0.0,Hong Kong
Hong Kong,HK,2024-12-09,12:00:00,1733720400,17.3,13.5,21.1,13.5,42.0,0.0,0.0,Hong Kong
Hong Kong,HK,2024-12-10,12:00:00,1733806800,19.8,17.6,23.0,17.3,73.0,0.0,0.0,Hong Kong
Hong Kong,HK,2024-12-11,12:00:00,1733893200,21.2,16.8,26.2,18.4,36.0,0.0,0.0,Hong Kong
Hong Kong,HK,2024-12-12,12:00:00,1733979600,17.3,12.7,21.7,19.5,21.0,0.0,0.0,Hong Kong
Hong Kong,HK,2024-12-13,12:00:00,1734066000,15.9,12.5,19.9,21.7,12.0,0.0,0.0,Hong Kong
Hong Kong,HK,2024-12-14,12:00:00,1734152400,12.9,9.7,16.9,23.7,14.0,0.0,0.0,Hong Kong
Hong Kong,HK,2024-12-15,12:00:00,1734238800,11.9,9.3,14.4,21.0,12.0,0.0,0.0,Hong Kong
Hong Kong,HK,2024-12-16,12:00:00,1734325200,14.2,11.6,18.3,13.9,16.0,0.0,0.0,Hong Kong
Hong Kong,HK,2024-12-17,12:00:00,1734411600,16.4,12.3,21.3,10.4,23.0,0.0,0.0,Hong Kong
Hong Kong,HK,2024-12-18,12:00:00,1734498000,17.1,13.9,21.4,18.6,19.0,0.0,0.0,Hong Kong
Hong Kong,HK,2024-12-19,12:00:00,1734584400,13.8,9.7,17.9,16.9,18.0,0.0,0.0,Hong Kong
Hong Kong,HK,2024-12-20,12:00:00,1734670800,12.9,8.0,18.0,14.9,22.0,0.0,0.0,Hong Kong
Hong Kong,HK,2024-12-21,12:00:00,1734757200,14.7,10.1,20.3,18.7,13.0,0.0,0.0,Hong Kong
Hong Kong,HK,2024-12-22,12:00:00,1734843600,14.0,9.8,18.2,18.4,28.0,0.0,0.0,Hong Kong
Hong Kong,HK,2024-12-23,12:00:00,1734930000,13.8,12.1,16.0,13.5,21.0,0.0,0.0,Hong Kong
Hong Kong,HK,2024-12-24,12:00:00,1735016400,15.5,12.1,18.5,15.3,22.0,0.0,0.0,Hong Kong
Hong Kong,HK,2024-12-25,12:00:00,1735102800,17.0,14.0,21.3,13.7,19.0,0.0,0.0,Hong Kong
Hong Kong,HK,2024-12-26,12:00:00,1735189200,18.7,15.4,23.3,11.4,31.0,0.0,0.0,Hong Kong
Hong Kong,HK,2024-12-27,12:00:00,1735275600,18.1,15.6,21.3,17.3,37.0,0.1,0.0,Hong Kong
Hong Kong,HK,2024-12-28,12:00:00,1735362000,14.9,11.8,18.4,22.5,17.0,0.0,0.0,Hong Kong
Hong Kong,HK,2024-12-29,12:00:00,1735448400,13.2,9.4,16.5,18.5,52.0,0.0,0.0,Hong Kong
Hong Kong,HK,2024-12-30,12:00:00,1735534800,16.8,11.7,22.5,10.1,29.0,0.0,0.0,Hong Kong
Hong Kong,HK,2024-12-31,12:00:00,1735621200,18.2,13.8,22.2,17.1,18.0,0.0,0.0,Hong Kong
Hong Kong,HK,2025-01-01,12:00:00,1735707600,16.4,15.5,18.0,13.1,66.0,0.7,0.0,Hong Kong
Hong Kong,HK,2025-01-02,12:00:00,1735794000,17.5,15.2,20.5,10.7,40.0,0.2,0.0,Hong Kong
Hong Kong,HK,2025-01-03,12:00:00,1735880400,17.1,13.4,21.3,18.5,26.0,0.0,0.0,Hong Kong
Hong Kong,HK,2025-01-04,12:00:00,1735966800,16.0,11.8,19.5,14.3,55.0,1.5,0.0,Hong Kong
Hong Kong,HK,2025-01-05,12:00:00,1736053200,18.2,14.2,22.5,12.3,20.0,0.0,0.0,Hong Kong
Hong Kong,HK,2025-01-06,12:00:00,1736139600,16.6,12.5,21.4,12.2,45.0,0.0,0.0,Hong Kong
Hong Kong,HK,2025-01-07,12:00:00,1736226000,16.3,14.2,19.3,18.0,69.0,0.0,0.0,Hong Kong
Hong Kong,HK,2025-01-08,12:00:00,1736312400,16.9,14.1,21.5,14.7,64.0,0.0,0.0,Hong Kong
Hong Kong,HK,2025-01-09,12:00:00,1736398800,16.3,11.8,21.0,17.7,44.0,0.0,0.0,Hong Kong
Hong Kong,HK,2025-01-10,12:00:00,1736485200,12.3,7.9,16.6,20.8,20.0,0.0,0.0,Hong Kong
Hong Kong,HK,2025-01-11,12:00:00,1736571600,11.8,7.5,16.2,17.0,17.0,0.0,0.0,Hong Kong
Hong Kong,HK,2025-01-12,12:00:00,1736658000,12.8,8.2,18.2,15.4,32.0,0.0,0.0,Hong Kong
Hong Kong,HK,2025-01-13,12:00:00,1736744400,14.8,11.4,18.5,17.7,61.0,0.0,0.0,Hong Kong
Hong Kong,HK,2025-01-14,12:00:00,1736830800,16.8,15.0,20.0,19.5,64.0,1.0,0.0,Hong Kong
Hong Kong,HK,2025-01-15,12:00:00,1736917200,17.7,15.1,21.9,19.2,24.0,0.7,0.0,Hong Kong
Hong Kong,HK,2025-01-16,12:00:00,1737003600,14.8,10.2,19.7,17.0,19.0,0.0,0.0,Hong Kong
Hong Kong,HK,2025-01-17,12:00:00,1737090000,13.9,9.5,18.6,12.6,60.0,0.0,0.0,Hong Kong
Hong Kong,HK,2025-01-18,12:00:00,1737176400,15.3,12.1,20.1,12.6,60.0,0.0,0.0,Hong Kong
Hong Kong,HK,2025-01-19,12:00:00,1737262800,16.1,10.6,22.4,7.9,40.0,0.0,0.0,Hong Kong
Hong Kong,HK,2025-01-20,12:00:00,1737349200,16.5,12.4,21.5,10.6,77.0,0.0,0.0,Hong Kong
Hong Kong,HK,2025-01-21,12:00:00,1737435600,16.6,14.1,19.4,17.9,68.0,0.0,0.0,Hong Kong
Hong Kong,HK,2025-01-22,12:00:00,1737522000,16.2,15.0,17.3,18.7,56.0,13.0,0.0,Hong Kong
Hong Kong,HK,2025-01-23,12:00:00,1737608400,17.8,16.1,21.2,13.6,66.0,0.2,0.0,Hong Kong
Hong Kong,HK,2025-01-24,12:00:00,1737694800,17.3,15.9,19.6,18.2,73.0,0.0,0.0,Hong Kong
Hong Kong,HK,2025-01-25,12:00:00,1737781200,17.1,15.7,19.2,23.5,78.0,0.0,0.0,Hong Kong
Hong Kong,HK,2025-01-26,12:00:00,1737867600,14.2,11.1,16.3,26.3,21.0,0.1,0.0,Hong Kong
Hong Kong,HK,2025-01-27,12:00:00,1737954000,12.3,8.0,17.1,22.5,18.0,0.0,0.0,Hong Kong
Hong Kong,HK,2025-01-28,12:00:00,1738040400,14.0,9.3,19.6,16.7,27.0,0.0,0.0,Hong Kong
Hong Kong,HK,2025-01-29,12:00:00,1738126800,14.5,11.0,18.3,15.4,65.0,0.0,0.0,Hong Kong
Hong Kong,HK,2025-01-30,12:00:00,1738213200,15.5,13.0,17.6,18.8,74.0,0.0,0.0,Hong Kong
Hong Kong,HK,2025-01-31,12:00:00,1738299600,17.6,15.5,20.4,18.9,71.0,1.2,0.0,Hong Kong
Hong Kong,HK,2025-02-01,12:00:00,1738386000,18.9,16.4,22.2,13.7,70.0,1.1,0.0,Hong Kong
Hong Kong,HK,2025-02-02,12:00:00,1738472400,18.2,16.1,20.7,17.2,70.0,0.0,0.0,Hong Kong
Hong Kong,HK,2025-02-03,12:00:00,1738558800,14.5,11.7,17.5,20.7,17.0,2.3,0.0,Hong Kong
Hong Kong,HK,2025-02-04,12:00:00,1738645200,12.7,9.1,17.6,20.9,31.0,0.0,0.0,Hong Kong
Hong Kong,HK,2025-02-05,12:00:00,1738731600,14.5,11.2,17.3,14.3,66.0,0.0,0.0,Hong Kong
Hong Kong,HK,2025-02-06,12:00:00,1738818000,16.8,14.8,20.0,15.5,59.0,0.0,0.0,Hong Kong
Hong Kong,HK,2025-02-07,12:00:00,1738904400,13.8,10.9,16.5,21.9,15.0,0.0,0.0,Hong Kong
Hong Kong,HK,2025-02-08,12:00:00,1738990800,12.2,8.3,16.2,20.1,18.0,0.0,0.0,Hong Kong
Hong Kong,HK,2025-02-09,12:00:00,1739077200,11.5,6.0,16.1,15.0,46.0,0.0,0.0,Hong Kong
Hong Kong,HK,2025-02-10,12:00:00,1739163600,15.3,11.0,19.9,17.8,75.0,0.0,0.0,Hong Kong
Hong Kong,HK,2025-02-11,12:00:00,1739250000,17.1,14.4,20.6,17.8,67.0,0.2,0.0,Hong Kong
Hong Kong,HK,2025-02-12,12:00:00,1739336400,18.9,17.0,21.7,13.9,55.0,11.2,0.0,Hong Kong
Hong Kong,HK,2025-02-13,12:00:00,1739422800,17.3,13.8,20.7,20.0,46.0,0.0,0.0,Hong Kong
Hong Kong,HK,2025-02-14,12:00:00,1739509200,16.5,15.2,18.6,14.0,70.0,0.2,0.0,Hong Kong
Hong Kong,HK,2025-02-15,12:00:00,1739595600,18.6,16.1,22.6,13.2,93.0,0.1,0.0,Hong Kong
Hong Kong,HK,2025-02-16,12:00:00,1739682000,20.7,15.7,27.6,8.3,71.0,0.0,0.0,Hong Kong
Hong Kong,HK,2025-02-17,12:00:00,1739768400,18.3,15.7,21.5,17.1,68.0,0.0,0.0,Hong Kong
Hong Kong,HK,2025-02-18,12:00:00,1739854800,17.5,15.5,21.2,15.7,77.0,0.0,0.0,Hong Kong
Hong Kong,HK,2025-02-19,12:00:00,1739941200,16.5,14.7,18.8,19.9,76.0,0.0,0.0,Hong Kong
Hong Kong,HK,2025-02-20,12:00:00,1740027600,17.8,15.6,21.4,18.2,72.0,0.0,0.0,Hong Kong
Hong Kong,HK,2025-02-21,12:00:00,1740114000,17.5,14.8,21.5,17.4,67.0,0.0,0.0,Hong Kong
Hong Kong,HK,2025-02-22,12:00:00,1740200400,16.4,15.0,18.4,19.4,68.0,1.0,0.0,Hong Kong
Hong Kong,HK,2025-02-23,12:00:00,1740286800,15.8,12.6,18.9,17.2,23.0,1.8,0.0,Hong Kong
Hong Kong,HK,2025-02-24,12:00:00,1740373200,13.6,8.8,18.2,17.3,44.0,0.0,0.0,Hong Kong
Hong Kong,HK,2025-02-25,12:00:00,1740459600,16.1,13.5,20.5,22.7,61.0,0.2,0.0,Hong Kong
Hong Kong,HK,2025-02-26,12:00:00,1740546000,16.4,14.3,20.6,12.7,64.0,2.5,0.0,Hong Kong
Hong Kong,HK,2025-02-27,12:00:00,1740632400,17.7,15.2,22.2,13.5,81.0,0.0,0.0,Hong Kong
Hong Kong,HK,2025-02-28,12:00:00,1740718800,19.6,16.1,24.0,11.9,77.0,0.0,0.0,Hong Kong
Hong Kong,HK,2025-03-01,12:00:00,1740805200,20.9,19.0,23.6,12.3,76.0,0.1,0.0,Hong Kong
Hong Kong,HK,2025-03-02,12:00:00,1740891600,22.9,20.3,26.9,11.8,137.0,0.4,0.0,Hong Kong
Hong Kong,HK,2025-03-03,12:00:00,1740978000,23.3,20.8,27.5,10.2,148.0,0.2,0.0,Hong Kong
Hong Kong,HK,2025-03-04,12:00:00,1741064400,22.7,20.3,27.0,10.8,105.0,20.8,0.0,Hong Kong
Hong Kong,HK,2025-03-05,12:00:00,1741150800,18.2,16.4,20.3,20.2,63.0,4.8,0.0,Hong Kong
Hong Kong,HK,2025-03-06,12:00:00,1741237200,12.8,10.1,16.7,19.6,14.0,7.2,0.0,Hong Kong
Hong Kong,HK,2025-03-07,12:00:00,1741323600,12.5,9.9,15.2,17.2,17.0,7.5,0.0,Hong Kong
Hong Kong,HK,2025-03-08,12:00:00,1741410000,15.3,10.6,21.1,10.0,48.0,0.1,0.0,Hong Kong
Hong Kong,HK,2025-03-09,12:00:00,1741496400,17.2,15.2,19.9,18.5,74.0,0.0,0.0,Hong Kong
Hong Kong,HK,2025-03-10,12:00:00,1741582800,19.0,15.9,23.3,13.9,68.0,0.0,0.0,Hong Kong
Hong Kong,HK,2025-03-11,12:00:00,1741669200,20.4,17.4,24.5,12.1,72.0,0.2,0.0,Hong Kong
Hong Kong,HK,2025-03-12,12:00:00,1741755600,21.3,18.3,25.7,10.7,74.0,0.0,0.0,Hong Kong
Hong Kong,HK,2025-03-13,12:00:00,1741842000,23.6,20.0,28.3,9.3,106.0,0.0,0.0,Hong Kong
Hong Kong,HK,2025-03-14,12:00:00,1741928400,22.0,20.3,24.5,12.9,78.0,0.0,0.0,Hong Kong
Hong Kong,HK,2025-03-15,12:00:00,1742014800,21.6,16.9,27.3,20.9,39.0,5.8,0.0,Hong Kong
Hong Kong,HK,2025-03-16,12:00:00,1742101200,16.4,12.8,20.4,24.8,16.0,0.0,0.0,Hong Kong
Hong Kong,HK,2025-03-17,12:00:00,1742187600,15.4,11.8,19.6,16.4,37.0,0.0,0.0,Hong Kong
Hong Kong,HK,2025-03-18,12:00:00,1742274000,16.4,13.7,21.2,14.0,25.0,0.4,0.0,Hong Kong
Hong Kong,HK,2025-03-19,12:00:00,1742360400,16.5,12.4,21.2,12.7,62.0,0.0,0.0,Hong Kong
Hong Kong,HK,2025-03-20,12:00:00,1742446800,18.0,13.9,22.6,11.7,72.0,0.0,0.0,Hong Kong
Hong Kong,HK,2025-03-21,12:00:00,1742533200,18.8,13.9,24.2,13.4,75.0,0.0,0.0,Hong Kong
Hong Kong,HK,2025-03-22,12:00:00,1742619600,19.7,15.0,25.0,10.9,87.0,0.0,0.0,Hong Kong
Hong Kong,HK,2025-03-23,12:00:00,1742706000,20.1,14.9,25.6,9.9,150.0,0.0,0.0,Hong Kong
Hong Kong,HK,2025-03-24,12:00:00,1742792400,20.7,15.9,26.9,13.0,223.0,0.0,0.0,Hong Kong
Hong Kong,HK,2025-03-25,12:00:00,1742878800,21.8,17.9,28.5,13.2,223.0,0.0,0.0,Hong Kong
Hong Kong,HK,2025-03-26,12:00:00,1742965200,22.3,19.2,25.7,15.0,201.0,0.0,0.0,Hong Kong
Hong Kong,HK,2025-03-27,12:00:00,1743051600,23.2,20.4,26.8,15.4,193.0,4.7,0.0,Hong Kong
Hong Kong,HK,2025-03-28,12:00:00,1743138000,23.3,17.4,27.0,21.0,128.0,22.7,0.0,Hong Kong
Hong Kong,HK,2025-03-29,12:00:00,1743224400,15.9,12.0,19.0,20.2,27.0,0.2,0.0,Hong Kong
Hong Kong,HK,2025-03-30,12:00:00,1743310800,12.2,10.5,16.0,15.7,11.0,6.5,0.0,Hong Kong
Hong Kong,HK,2025-03-31,12:00:00,1743397200,12.0,9.9,14.8,14.5,7.0,4.9,0.0,Hong Kong
Hong Kong,HK,2025-04-01,12:00:00,1743483600,15.1,10.3,22.1,14.2,11.0,0.3,0.0,Hong Kong
Hong Kong,HK,2025-04-02,12:00:00,1743570000,16.7,12.1,21.6,12.7,79.0,0.0,0.0,Hong Kong
Hong Kong,HK,2025-04-03,12:00:00,1743656400,19.0,15.1,24.2,11.1,86.0,0.0,0.0,Hong Kong
Hong Kong,HK,2025-04-04,12:00:00,1743742800,19.3,17.2,21.7,19.4,76.0,0.2,0.0,Hong Kong
Hong Kong,HK,2025-04-05,12:00:00,1743829200,19.3,17.9,20.8,11.4,49.0,5.8,0.0,Hong Kong
Hong Kong,HK,2025-04-06,12:00:00,1743915600,19.8,17.5,24.7,6.7,60.0,0.0,0.0,Hong Kong
Hong Kong,HK,2025-04-07,12:00:00,1744002000,20.3,17.6,23.9,14.8,72.0,0.0,0.0,Hong Kong
Hong Kong,HK,2025-04-08,12:00:00,1744088400,21.6,18.4,25.6,10.9,87.0,0.0,0.0,Hong Kong
Hong Kong,HK,2025-04-09,12:00:00,1744174800,22.7,19.7,27.0,11.6,180.0,0.0,0.0,Hong Kong
Hong Kong,HK,2025-04-10,12:00:00,1744261200,23.4,21.3,28.3,14.6,219.0,0.1,0.0,Hong Kong
Hong Kong,HK,2025-04-11,12:00:00,1744347600,23.5,20.7,26.3,16.1,175.0,2.3,0.0,Hong Kong
Hong Kong,HK,2025-04-12,12:00:00,1744434000,22.4,16.6,25.5,29.3,223.0,16.1,0.0,Hong Kong
Hong Kong,HK,2025-04-13,12:00:00,1744520400,19.5,16.6,23.3,22.3,20.0,0.0,0.0,Hong Kong
Hong Kong,HK,2025-04-14,12:00:00,1744606800,20.9,15.6,26.6,11.9,303.0,0.0,0.0,Hong Kong
Hong Kong,HK,2025-04-15,12:00:00,1744693200,24.2,18.3,31.2,16.6,53.0,0.0,0.0,Hong Kong
Hong Kong,HK,2025-04-16,12:00:00,1744779600,22.6,19.3,26.5,13.3,94.0,0.0,0.0,Hong Kong
Hong Kong,HK,2025-04-17,12:00:00,1744866000,23.2,19.9,27.0,11.5,135.0,0.0,0.0,Hong Kong
Hong Kong,HK,2025-04-18,12:00:00,1744952400,24.3,22.0,27.8,13.9,156.0,2.6,0.0,Hong Kong
Hong Kong,HK,2025-04-19,12:00:00,1745038800,25.2,23.6,28.2,17.4,190.0,2.6,0.0,Hong Kong
Hong Kong,HK,2025-04-20,12:00:00,1745125200,25.3,24.0,28.4,15.3,193.0,2.1,0.0,Hong Kong
Hong Kong,HK,2025-04-21,12:00:00,1745211600,25.6,23.4,29.0,15.9,195.0,0.6,0.0,Hong Kong
Hong Kong,HK,2025-04-22,12:00:00,1745298000,25.5,23.6,28.2,18.3,212.0,1.8,0.0,Hong Kong
Hong Kong,HK,2025-04-23,12:00:00,1745384400,26.2,24.3,29.2,18.0,219.0,1.4,0.0,Hong Kong
Hong Kong,HK,2025-04-24,12:00:00,1745470800,26.1,24.0,29.2,19.7,206.0,4.3,0.0,Hong Kong
Hong Kong,HK,2025-04-25,12:00:00,1745557200,24.1,22.3,27.3,15.0,116.0,25.6,0.0,Hong Kong
Hong Kong,HK,2025-04-26,12:00:00,1745643600,22.8,21.1,24.6,18.9,88.0,21.2,0.0,Hong Kong
Hong Kong,HK,2025-04-27,12:00:00,1745730000,23.9,22.4,26.3,17.0,106.0,1.0,0.0,Hong Kong
Hong Kong,HK,2025-04-28,12:00:00,1745816400,24.9,22.8,28.1,7.9,20.0,5.8,0.0,Hong Kong
Hong Kong,HK,2025-04-29,12:00:00,1745902800,24.0,22.4,26.2,18.7,76.0,0.0,0.0,Hong Kong
Hong Kong,HK,2025-04-30,12:00:00,1745989200,24.1,22.1,27.0,10.7,106.0,0.0,0.0,Hong Kong
Hong Kong,HK,2025-05-01,12:00:00,1746075600,24.8,22.8,27.9,5.8,227.0,9.9,0.0,Hong Kong
Hong Kong,HK,2025-05-02,12:00:00,1746162000,26.0,22.8,30.6,13.8,91.0,0.0,0.0,Hong Kong
Hong Kong,HK,2025-05-03,12:00:00,1746248400,25.6,23.3,28.4,10.2,145.0,2.7,0.0,Hong Kong
Hong Kong,HK,2025-05-04,12:00:00,1746334800,25.9,23.2,28.6,15.7,152.0,2.7,0.0,Hong Kong
Hong Kong,HK,2025-05-05,12:00:00,1746421200,26.5,24.3,29.0,14.4,177.0,0.9,0.0,Hong Kong
Hong Kong,HK,2025-05-06,12:00:00,1746507600,26.5,24.8,31.0,10.5,242.0,13.5,0.0,Hong Kong
Hong Kong,HK,2025-05-07,12:00:00,1746594000,25.1,23.6,26.9,17.7,122.0,35.7,0.0,Hong Kong
Hong Kong,HK,2025-05-08,12:00:00,1746680400,26.0,24.1,28.2,19.5,122.0,5.5,0.0,Hong Kong
Hong Kong,HK,2025-05-09,12:00:00,1746766800,26.8,24.8,31.1,12.9,163.0,11.9,0.0,Hong Kong
Hong Kong,HK,2025-05-10,12:00:00,1746853200,25.9,23.3,30.4,12.7,42.0,14.9,0.0,Hong Kong
Hong Kong,HK,2025-05-11,12:00:00,1746939600,22.4,16.5,27.3,23.1,23.0,13.1,0.0,Hong Kong
Hong Kong,HK,2025-05-12,12:00:00,1747026000,23.2,18.9,26.9,13.4,83.0,0.0,0.0,Hong Kong
Hong Kong,HK,2025-05-13,12:00:00,1747112400,24.3,22.3,26.7,15.7,91.0,0.0,0.0,Hong Kong
Hong Kong,HK,2025-05-14,12:00:00,1747198800,25.6,23.7,28.2,15.4,93.0,0.1,0.0,Hong Kong
Hong Kong,HK,2025-05-15,12:00:00,1747285200,26.4,24.4,28.9,12.4,109.0,1.1,0.0,Hong Kong
Hong Kong,HK,2025-05-16,12:00:00,1747371600,26.8,24.8,29.5,13.5,133.0,2.5,0.0,Hong Kong
Hong Kong,HK,2025-05-17,12:00:00,1747458000,27.1,24.9,30.1,9.7,163.0,1.2,0.0,Hong Kong
Hong Kong,HK,2025-05-18,12:00:00,1747544400,26.9,25.3,29.5,11.2,212.0,4.2,0.0,Hong Kong
Hong Kong,HK,2025-05-19,12:00:00,1747630800,27.6,25.3,31.3,18.5,208.0,1.7,0.0,Hong Kong
Hong Kong,HK,2025-05-20,12:00:00,1747717200,,25.9,27.4,8.3,,0.0,,Hong Kong
