city,country_code,date,time,timestamp,temp,temp_min,temp_max,wind_speed,wind_deg,precipitation,snow,country
Tokyo,JP,2020-05-29,12:00:00,1590728400,19.5,14.5,24.5,20.3,208.0,2.0,0.0,Japan
Tokyo,JP,2020-05-30,12:00:00,1590814800,20.4,14.8,25.8,23.8,202.0,0.0,0.0,Japan
Tokyo,JP,2020-05-31,12:00:00,1590901200,20.2,18.2,22.9,25.7,188.0,0.4,0.0,Japan
Tokyo,JP,2020-06-01,12:00:00,1590987600,19.9,17.9,21.8,14.6,144.0,1.5,0.0,Japan
Tokyo,JP,2020-06-02,12:00:00,1591074000,21.5,17.6,25.3,23.6,167.0,0.7,0.0,Japan
Tokyo,JP,2020-06-03,12:00:00,1591160400,22.5,19.2,27.0,19.8,118.0,0.0,0.0,Japan
Tokyo,JP,2020-06-04,12:00:00,1591246800,22.3,18.8,26.9,23.1,152.0,0.0,0.0,Japan
Tokyo,JP,2020-06-05,12:00:00,1591333200,23.3,18.5,28.6,29.5,198.0,0.0,0.0,Japan
Tokyo,JP,2020-06-06,12:00:00,1591419600,23.5,19.8,28.0,20.4,35.0,6.3,0.0,Japan
Tokyo,JP,2020-06-07,12:00:00,1591506000,21.8,18.6,26.5,21.9,58.0,3.1,0.0,Japan
Tokyo,JP,2020-06-08,12:00:00,1591592400,22.2,18.5,26.6,26.6,169.0,4.2,0.0,Japan
Tokyo,JP,2020-06-09,12:00:00,1591678800,24.0,18.8,30.0,34.4,196.0,0.0,0.0,Japan
Tokyo,JP,2020-06-10,12:00:00,1591765200,24.5,19.1,30.7,53.3,202.0,0.2,0.0,Japan
Tokyo,JP,2020-06-11,12:00:00,1591851600,24.9,22.2,29.9,53.8,199.0,14.1,0.0,Japan
Tokyo,JP,2020-06-12,12:00:00,1591938000,25.7,22.1,29.9,29.2,231.0,5.8,0.0,Japan
Tokyo,JP,2020-06-13,12:00:00,1592024400,21.6,19.7,23.3,28.7,17.0,36.9,0.0,Japan
Tokyo,JP,2020-06-14,12:00:00,1592110800,21.7,18.8,24.7,30.8,111.0,4.9,0.0,Japan
Tokyo,JP,2020-06-15,12:00:00,1592197200,25.4,20.0,31.0,21.6,210.0,4.9,0.0,Japan
Tokyo,JP,2020-06-16,12:00:00,1592283600,23.4,19.8,27.2,30.6,234.0,0.0,0.0,Japan
Tokyo,JP,2020-06-17,12:00:00,1592370000,22.3,18.4,27.1,31.8,110.0,0.0,0.0,Japan
Tokyo,JP,2020-06-18,12:00:00,1592456400,21.2,18.5,24.5,14.2,168.0,1.5,0.0,Japan
Tokyo,JP,2020-06-19,12:00:00,1592542800,18.5,16.4,21.0,22.3,352.0,28.1,0.0,Japan
Tokyo,JP,2020-06-20,12:00:00,1592629200,21.7,16.2,26.0,23.3,207.0,0.4,0.0,Japan
Tokyo,JP,2020-06-21,12:00:00,1592715600,21.7,19.6,24.8,20.7,87.0,5.7,0.0,Japan
Tokyo,JP,2020-06-22,12:00:00,1592802000,19.7,18.7,20.8,34.9,6.0,19.6,0.0,Japan
Tokyo,JP,2020-06-23,12:00:00,1592888400,21.8,18.6,26.3,32.2,163.0,1.2,0.0,Japan
Tokyo,JP,2020-06-24,12:00:00,1592974800,21.7,19.2,25.1,20.8,65.0,0.9,0.0,Japan
Tokyo,JP,2020-06-25,12:00:00,1593061200,21.0,18.7,24.6,19.7,47.0,8.3,0.0,Japan
Tokyo,JP,2020-06-26,12:00:00,1593147600,24.0,20.1,28.8,23.8,28.0,0.1,0.0,Japan
Tokyo,JP,2020-06-27,12:00:00,1593234000,24.9,21.8,28.3,14.4,85.0,0.1,0.0,Japan
Tokyo,JP,2020-06-28,12:00:00,1593320400,22.4,21.1,24.2,25.6,1.0,41.5,0.0,Japan
Tokyo,JP,2020-06-29,12:00:00,1593406800,23.5,18.9,27.5,23.4,189.0,0.3,0.0,Japan
Tokyo,JP,2020-06-30,12:00:00,1593493200,23.7,20.7,26.7,51.6,187.0,11.1,0.0,Japan
Tokyo,JP,2020-07-01,12:00:00,1593579600,24.7,22.7,26.1,55.1,196.0,41.8,0.0,Japan
Tokyo,JP,2020-07-02,12:00:00,1593666000,25.2,22.3,29.3,44.3,205.0,6.9,0.0,Japan
Tokyo,JP,2020-07-03,12:00:00,1593752400,23.4,21.0,26.6,23.8,81.0,6.5,0.0,Japan
Tokyo,JP,2020-07-04,12:00:00,1593838800,23.8,19.6,28.2,51.4,201.0,45.5,0.0,Japan
Tokyo,JP,2020-07-05,12:00:00,1593925200,23.9,20.9,26.9,30.4,211.0,5.9,0.0,Japan
Tokyo,JP,2020-07-06,12:00:00,1594011600,24.7,23.6,25.7,46.4,196.0,25.1,0.0,Japan
Tokyo,JP,2020-07-07,12:00:00,1594098000,26.2,25.1,27.5,45.7,198.0,1.4,0.0,Japan
Tokyo,JP,2020-07-08,12:00:00,1594184400,25.4,23.9,27.1,50.0,203.0,2.3,0.0,Japan
Tokyo,JP,2020-07-09,12:00:00,1594270800,24.1,22.7,26.4,35.3,203.0,33.8,0.0,Japan
Tokyo,JP,2020-07-10,12:00:00,1594357200,25.0,22.3,28.6,32.3,199.0,2.7,0.0,Japan
Tokyo,JP,2020-07-11,12:00:00,1594443600,26.4,24.5,28.7,42.1,200.0,3.0,0.0,Japan
Tokyo,JP,2020-07-12,12:00:00,1594530000,25.9,20.5,31.1,32.1,352.0,7.0,0.0,Japan
Tokyo,JP,2020-07-13,12:00:00,1594616400,21.1,19.7,23.6,22.6,150.0,10.3,0.0,Japan
Tokyo,JP,2020-07-14,12:00:00,1594702800,22.7,21.0,25.6,20.1,265.0,26.0,0.0,Japan
Tokyo,JP,2020-07-15,12:00:00,1594789200,21.1,18.4,23.1,23.5,64.0,4.8,0.0,Japan
Tokyo,JP,2020-07-16,12:00:00,1594875600,20.8,17.8,24.5,16.9,56.0,1.9,0.0,Japan
Tokyo,JP,2020-07-17,12:00:00,1594962000,19.9,18.8,21.5,15.8,23.0,28.6,0.0,Japan
Tokyo,JP,2020-07-18,12:00:00,1595048400,20.9,18.9,23.5,17.6,37.0,9.0,0.0,Japan
Tokyo,JP,2020-07-19,12:00:00,1595134800,23.9,20.5,28.2,22.8,190.0,0.7,0.0,Japan
Tokyo,JP,2020-07-20,12:00:00,1595221200,25.5,21.8,30.3,16.2,87.0,1.2,0.0,Japan
Tokyo,JP,2020-07-21,12:00:00,1595307600,24.6,22.0,28.0,17.8,167.0,2.2,0.0,Japan
Tokyo,JP,2020-07-22,12:00:00,1595394000,25.7,23.9,28.0,20.6,201.0,8.9,0.0,Japan
Tokyo,JP,2020-07-23,12:00:00,1595480400,23.5,22.5,24.5,16.2,30.0,18.9,0.0,Japan
Tokyo,JP,2020-07-24,12:00:00,1595566800,24.4,21.3,27.4,14.1,154.0,2.3,0.0,Japan
Tokyo,JP,2020-07-25,12:00:00,1595653200,25.2,23.6,27.3,27.8,193.0,12.5,0.0,Japan
Tokyo,JP,2020-07-26,12:00:00,1595739600,25.8,24.1,29.8,29.3,196.0,1.8,0.0,Japan
Tokyo,JP,2020-07-27,12:00:00,1595826000,26.3,23.9,30.2,30.5,209.0,5.0,0.0,Japan
Tokyo,JP,2020-07-28,12:00:00,1595912400,26.0,23.5,29.7,16.9,243.0,5.7,0.0,Japan
Tokyo,JP,2020-07-29,12:00:00,1595998800,23.2,21.0,25.0,21.1,59.0,3.6,0.0,Japan
Tokyo,JP,2020-07-30,12:00:00,1596085200,22.4,20.4,25.5,11.7,62.0,4.0,0.0,Japan
Tokyo,JP,2020-07-31,12:00:00,1596171600,24.5,21.3,28.6,15.0,151.0,11.4,0.0,Japan
Tokyo,JP,2020-08-01,12:00:00,1596258000,25.2,22.3,28.8,20.4,29.0,4.3,0.0,Japan
Tokyo,JP,2020-08-02,12:00:00,1596344400,25.3,21.3,29.5,15.6,66.0,0.5,0.0,Japan
Tokyo,JP,2020-08-03,12:00:00,1596430800,25.5,21.6,30.2,18.9,170.0,0.0,0.0,Japan
Tokyo,JP,2020-08-04,12:00:00,1596517200,26.9,23.8,31.1,23.1,184.0,0.4,0.0,Japan
Tokyo,JP,2020-08-05,12:00:00,1596603600,27.4,23.9,31.7,23.5,184.0,0.0,0.0,Japan
Tokyo,JP,2020-08-06,12:00:00,1596690000,27.1,23.7,30.7,35.0,185.0,0.1,0.0,Japan
Tokyo,JP,2020-08-07,12:00:00,1596776400,28.0,24.3,32.6,26.8,197.0,0.0,0.0,Japan
Tokyo,JP,2020-08-08,12:00:00,1596862800,27.6,25.0,31.5,23.1,133.0,0.7,0.0,Japan
Tokyo,JP,2020-08-09,12:00:00,1596949200,27.7,22.5,33.3,17.7,197.0,0.0,0.0,Japan
Tokyo,JP,2020-08-10,12:00:00,1597035600,29.3,25.0,33.9,20.2,229.0,0.3,0.0,Japan
Tokyo,JP,2020-08-11,12:00:00,1597122000,29.9,25.7,34.6,35.0,206.0,0.0,0.0,Japan
Tokyo,JP,2020-08-12,12:00:00,1597208400,29.8,26.3,33.7,19.3,327.0,6.0,0.0,Japan
Tokyo,JP,2020-08-13,12:00:00,1597294800,29.3,25.1,34.5,14.7,249.0,3.4,0.0,Japan
Tokyo,JP,2020-08-14,12:00:00,1597381200,29.0,24.7,33.9,17.6,138.0,0.0,0.0,Japan
Tokyo,JP,2020-08-15,12:00:00,1597467600,30.5,25.7,35.6,15.2,214.0,0.1,0.0,Japan
Tokyo,JP,2020-08-16,12:00:00,1597554000,30.5,26.5,35.2,17.7,65.0,1.2,0.0,Japan
Tokyo,JP,2020-08-17,12:00:00,1597640400,30.5,26.8,36.1,27.2,192.0,0.3,0.0,Japan
Tokyo,JP,2020-08-18,12:00:00,1597726800,29.8,26.7,34.0,18.4,61.0,0.8,0.0,Japan
Tokyo,JP,2020-08-19,12:00:00,1597813200,28.7,24.7,34.0,24.4,173.0,0.1,0.0,Japan
Tokyo,JP,2020-08-20,12:00:00,1597899600,29.5,25.7,34.7,27.0,188.0,0.0,0.0,Japan
Tokyo,JP,2020-08-21,12:00:00,1597986000,30.2,25.9,36.0,24.7,183.0,0.1,0.0,Japan
Tokyo,JP,2020-08-22,12:00:00,1598072400,29.9,25.8,35.5,21.4,136.0,2.2,0.0,Japan
Tokyo,JP,2020-08-23,12:00:00,1598158800,25.7,23.3,27.2,13.9,60.0,19.4,0.0,Japan
Tokyo,JP,2020-08-24,12:00:00,1598245200,26.3,23.0,30.1,17.6,36.0,1.2,0.0,Japan
Tokyo,JP,2020-08-25,12:00:00,1598331600,26.6,22.8,30.9,17.6,147.0,0.0,0.0,Japan
Tokyo,JP,2020-08-26,12:00:00,1598418000,27.3,22.8,32.1,21.9,117.0,1.1,0.0,Japan
Tokyo,JP,2020-08-27,12:00:00,1598504400,28.5,25.0,32.2,20.6,169.0,1.8,0.0,Japan
Tokyo,JP,2020-08-28,12:00:00,1598590800,28.9,25.9,33.1,25.5,182.0,3.3,0.0,Japan
Tokyo,JP,2020-08-29,12:00:00,1598677200,29.2,25.6,33.9,26.5,191.0,0.0,0.0,Japan
Tokyo,JP,2020-08-30,12:00:00,1598763600,29.5,25.6,34.6,26.7,189.0,0.0,0.0,Japan
Tokyo,JP,2020-08-31,12:00:00,1598850000,28.2,24.2,33.2,22.9,81.0,5.4,0.0,Japan
Tokyo,JP,2020-09-01,12:00:00,1598936400,26.0,23.1,28.8,18.2,21.0,3.7,0.0,Japan
Tokyo,JP,2020-09-02,12:00:00,1599022800,27.9,25.1,32.2,17.4,77.0,8.6,0.0,Japan
Tokyo,JP,2020-09-03,12:00:00,1599109200,28.3,26.4,31.7,39.8,185.0,5.2,0.0,Japan
Tokyo,JP,2020-09-04,12:00:00,1599195600,28.9,24.9,34.4,23.2,276.0,0.3,0.0,Japan
Tokyo,JP,2020-09-05,12:00:00,1599282000,27.3,24.8,32.0,22.3,40.0,15.4,0.0,Japan
Tokyo,JP,2020-09-06,12:00:00,1599368400,26.2,24.0,29.2,19.4,106.0,9.8,0.0,Japan
Tokyo,JP,2020-09-07,12:00:00,1599454800,26.9,24.7,30.8,45.8,190.0,10.0,0.0,Japan
Tokyo,JP,2020-09-08,12:00:00,1599541200,28.0,25.8,31.3,38.1,196.0,0.0,0.0,Japan
Tokyo,JP,2020-09-09,12:00:00,1599627600,27.9,24.8,32.2,25.3,198.0,0.0,0.0,Japan
Tokyo,JP,2020-09-10,12:00:00,1599714000,27.0,25.0,30.7,30.5,189.0,2.2,0.0,Japan
Tokyo,JP,2020-09-11,12:00:00,1599800400,27.5,23.7,31.7,22.0,191.0,0.8,0.0,Japan
Tokyo,JP,2020-09-12,12:00:00,1599886800,24.5,23.0,25.4,25.8,26.0,25.4,0.0,Japan
Tokyo,JP,2020-09-13,12:00:00,1599973200,24.7,22.0,27.9,23.5,124.0,5.1,0.0,Japan
Tokyo,JP,2020-09-14,12:00:00,1600059600,23.5,21.0,27.4,18.4,40.0,3.9,0.0,Japan
Tokyo,JP,2020-09-15,12:00:00,1600146000,23.4,21.4,27.0,12.8,63.0,7.4,0.0,Japan
Tokyo,JP,2020-09-16,12:00:00,1600232400,23.0,20.2,25.8,10.5,40.0,1.8,0.0,Japan
Tokyo,JP,2020-09-17,12:00:00,1600318800,24.8,21.5,27.7,18.9,165.0,0.7,0.0,Japan
Tokyo,JP,2020-09-18,12:00:00,1600405200,27.6,25.2,30.5,44.3,212.0,0.0,0.0,Japan
Tokyo,JP,2020-09-19,12:00:00,1600491600,23.6,21.2,26.5,25.1,29.0,11.1,0.0,Japan
Tokyo,JP,2020-09-20,12:00:00,1600578000,21.4,20.5,23.6,16.6,7.0,2.5,0.0,Japan
Tokyo,JP,2020-09-21,12:00:00,1600664400,21.2,18.9,24.8,16.8,33.0,1.7,0.0,Japan
Tokyo,JP,2020-09-22,12:00:00,1600750800,21.2,18.4,25.7,18.2,21.0,4.6,0.0,Japan
Tokyo,JP,2020-09-23,12:00:00,1600837200,20.2,18.7,21.8,28.0,3.0,20.0,0.0,Japan
Tokyo,JP,2020-09-24,12:00:00,1600923600,19.5,18.2,20.5,32.6,354.0,7.9,0.0,Japan
Tokyo,JP,2020-09-25,12:00:00,1601010000,19.9,17.8,21.8,35.8,340.0,5.6,0.0,Japan
Tokyo,JP,2020-09-26,12:00:00,1601096400,19.1,18.1,20.0,18.9,15.0,5.0,0.0,Japan
Tokyo,JP,2020-09-27,12:00:00,1601182800,19.6,17.3,22.9,12.6,4.0,3.1,0.0,Japan
Tokyo,JP,2020-09-28,12:00:00,1601269200,20.6,17.2,25.4,20.7,19.0,0.0,0.0,Japan
Tokyo,JP,2020-09-29,12:00:00,1601355600,18.3,16.0,21.8,24.7,22.0,0.1,0.0,Japan
Tokyo,JP,2020-09-30,12:00:00,1601442000,18.4,14.1,23.1,18.4,23.0,0.0,0.0,Japan
Tokyo,JP,2020-10-01,12:00:00,1601528400,18.5,16.7,21.8,12.9,11.0,1.5,0.0,Japan
Tokyo,JP,2020-10-02,12:00:00,1601614800,19.4,14.1,24.5,15.3,118.0,0.0,0.0,Japan
Tokyo,JP,2020-10-03,12:00:00,1601701200,20.5,17.2,24.7,12.4,110.0,0.0,0.0,Japan
Tokyo,JP,2020-10-04,12:00:00,1601787600,21.1,18.3,25.1,13.4,162.0,0.0,0.0,Japan
Tokyo,JP,2020-10-05,12:00:00,1601874000,20.7,18.9,23.6,20.4,352.0,0.8,0.0,Japan
Tokyo,JP,2020-10-06,12:00:00,1601960400,19.2,16.6,22.4,20.5,16.0,0.5,0.0,Japan
Tokyo,JP,2020-10-07,12:00:00,1602046800,18.1,15.0,22.4,20.9,23.0,15.1,0.0,Japan
Tokyo,JP,2020-10-08,12:00:00,1602133200,15.0,14.2,16.1,23.7,353.0,48.2,0.0,Japan
Tokyo,JP,2020-10-09,12:00:00,1602219600,14.7,14.1,15.3,27.2,345.0,42.7,0.0,Japan
Tokyo,JP,2020-10-10,12:00:00,1602306000,16.2,14.2,17.6,28.7,344.0,67.0,0.0,Japan
Tokyo,JP,2020-10-11,12:00:00,1602392400,19.7,16.8,24.0,30.8,357.0,1.6,0.0,Japan
Tokyo,JP,2020-10-12,12:00:00,1602478800,21.0,18.7,24.1,19.1,359.0,0.2,0.0,Japan
Tokyo,JP,2020-10-13,12:00:00,1602565200,20.9,18.4,24.7,17.5,41.0,1.8,0.0,Japan
Tokyo,JP,2020-10-14,12:00:00,1602651600,19.4,16.1,22.4,13.3,48.0,0.1,0.0,Japan
Tokyo,JP,2020-10-15,12:00:00,1602738000,16.4,14.7,18.1,19.4,16.0,5.7,0.0,Japan
Tokyo,JP,2020-10-16,12:00:00,1602824400,14.7,12.5,17.5,20.6,21.0,2.2,0.0,Japan
Tokyo,JP,2020-10-17,12:00:00,1602910800,12.3,11.0,13.7,20.3,345.0,25.3,0.0,Japan
Tokyo,JP,2020-10-18,12:00:00,1602997200,14.1,10.9,18.7,18.5,350.0,3.9,0.0,Japan
Tokyo,JP,2020-10-19,12:00:00,1603083600,12.8,9.2,16.6,14.4,331.0,11.7,0.0,Japan
Tokyo,JP,2020-10-20,12:00:00,1603170000,14.3,9.2,20.3,19.1,10.0,0.0,0.0,Japan
Tokyo,JP,2020-10-21,12:00:00,1603256400,14.4,10.1,18.9,19.3,9.0,0.0,0.0,Japan
Tokyo,JP,2020-10-22,12:00:00,1603342800,15.9,12.6,19.8,21.1,337.0,0.2,0.0,Japan
Tokyo,JP,2020-10-23,12:00:00,1603429200,16.4,15.2,17.5,23.8,338.0,6.8,0.0,Japan
Tokyo,JP,2020-10-24,12:00:00,1603515600,15.8,11.9,19.2,32.3,344.0,0.0,0.0,Japan
Tokyo,JP,2020-10-25,12:00:00,1603602000,13.7,9.1,19.2,22.5,300.0,0.0,0.0,Japan
Tokyo,JP,2020-10-26,12:00:00,1603688400,14.7,9.2,21.0,15.6,332.0,0.0,0.0,Japan
Tokyo,JP,2020-10-27,12:00:00,1603774800,14.8,11.5,19.1,17.7,13.0,0.0,0.0,Japan
Tokyo,JP,2020-10-28,12:00:00,1603861200,15.1,11.2,18.9,13.4,334.0,0.0,0.0,Japan
Tokyo,JP,2020-10-29,12:00:00,1603947600,15.2,11.3,20.2,29.3,338.0,0.0,0.0,Japan
Tokyo,JP,2020-10-30,12:00:00,1604034000,13.1,9.9,17.1,31.9,349.0,0.0,0.0,Japan
Tokyo,JP,2020-10-31,12:00:00,1604120400,11.7,7.2,16.8,23.4,21.0,0.0,0.0,Japan
Tokyo,JP,2020-11-01,12:00:00,1604206800,12.4,6.9,17.8,15.7,318.0,0.0,0.0,Japan
Tokyo,JP,2020-11-02,12:00:00,1604293200,14.9,11.2,22.0,18.5,307.0,7.5,0.0,Japan
Tokyo,JP,2020-11-03,12:00:00,1604379600,14.7,13.0,18.4,18.0,358.0,9.9,0.0,Japan
Tokyo,JP,2020-11-04,12:00:00,1604466000,12.3,7.9,16.3,32.7,342.0,0.0,0.0,Japan
Tokyo,JP,2020-11-05,12:00:00,1604552400,11.5,6.5,17.7,16.1,346.0,0.0,0.0,Japan
Tokyo,JP,2020-11-06,12:00:00,1604638800,10.6,7.3,14.5,14.8,339.0,0.0,0.0,Japan
Tokyo,JP,2020-11-07,12:00:00,1604725200,13.7,8.9,19.0,13.8,344.0,1.2,0.0,Japan
Tokyo,JP,2020-11-08,12:00:00,1604811600,16.7,13.2,21.1,30.9,340.0,1.1,0.0,Japan
Tokyo,JP,2020-11-09,12:00:00,1604898000,12.1,9.1,15.9,41.3,339.0,0.0,0.0,Japan
Tokyo,JP,2020-11-10,12:00:00,1604984400,10.2,5.9,14.8,22.1,344.0,0.0,0.0,Japan
Tokyo,JP,2020-11-11,12:00:00,1605070800,9.7,5.9,14.7,35.5,348.0,0.0,0.0,Japan
Tokyo,JP,2020-11-12,12:00:00,1605157200,8.5,4.3,13.4,21.0,359.0,0.0,0.0,Japan
Tokyo,JP,2020-11-13,12:00:00,1605243600,11.7,6.8,17.4,14.7,344.0,0.0,0.0,Japan
Tokyo,JP,2020-11-14,12:00:00,1605330000,13.2,7.9,18.1,28.8,350.0,0.0,0.0,Japan
Tokyo,JP,2020-11-15,12:00:00,1605416400,10.9,4.4,17.4,20.9,242.0,0.0,0.0,Japan
Tokyo,JP,2020-11-16,12:00:00,1605502800,13.2,6.6,19.3,23.8,341.0,0.0,0.0,Japan
Tokyo,JP,2020-11-17,12:00:00,1605589200,13.5,9.1,19.1,21.5,47.0,0.0,0.0,Japan
Tokyo,JP,2020-11-18,12:00:00,1605675600,13.7,8.4,20.2,15.7,290.0,0.0,0.0,Japan
Tokyo,JP,2020-11-19,12:00:00,1605762000,17.4,10.6,23.1,36.2,203.0,0.0,0.0,Japan
Tokyo,JP,2020-11-20,12:00:00,1605848400,20.1,17.4,22.4,43.0,210.0,4.0,0.0,Japan
Tokyo,JP,2020-11-21,12:00:00,1605934800,14.2,9.2,18.0,43.9,348.0,0.4,0.0,Japan
Tokyo,JP,2020-11-22,12:00:00,1606021200,13.0,6.4,19.1,36.2,213.0,0.0,0.0,Japan
Tokyo,JP,2020-11-23,12:00:00,1606107600,14.4,10.8,18.6,39.9,339.0,0.0,0.0,Japan
Tokyo,JP,2020-11-24,12:00:00,1606194000,10.3,8.4,12.1,26.7,353.0,1.6,0.0,Japan
Tokyo,JP,2020-11-25,12:00:00,1606280400,10.2,9.1,12.4,19.7,347.0,5.4,0.0,Japan
Tokyo,JP,2020-11-26,12:00:00,1606366800,10.7,5.3,16.0,16.8,306.0,0.0,0.0,Japan
Tokyo,JP,2020-11-27,12:00:00,1606453200,10.6,8.8,13.5,18.8,35.0,0.0,0.0,Japan
Tokyo,JP,2020-11-28,12:00:00,1606539600,10.3,6.9,15.9,44.4,344.0,0.0,0.0,Japan
Tokyo,JP,2020-11-29,12:00:00,1606626000,8.3,5.7,11.7,23.5,4.0,0.0,0.0,Japan
Tokyo,JP,2020-11-30,12:00:00,1606712400,8.1,3.0,13.7,13.9,352.0,0.0,0.0,Japan
Tokyo,JP,2020-12-01,12:00:00,1606798800,8.4,3.9,13.0,12.2,12.0,0.0,0.0,Japan
Tokyo,JP,2020-12-02,12:00:00,1606885200,7.2,5.2,8.7,18.1,356.0,3.6,0.0,Japan
Tokyo,JP,2020-12-03,12:00:00,1606971600,7.6,5.8,9.9,20.3,341.0,1.0,0.0,Japan
Tokyo,JP,2020-12-04,12:00:00,1607058000,7.9,5.0,12.3,21.0,4.0,0.0,0.0,Japan
Tokyo,JP,2020-12-05,12:00:00,1607144400,5.3,4.5,6.5,18.1,338.0,2.1,0.0,Japan
Tokyo,JP,2020-12-06,12:00:00,1607230800,7.3,3.4,12.9,16.3,358.0,0.0,0.0,Japan
Tokyo,JP,2020-12-07,12:00:00,1607317200,8.3,3.1,14.3,13.5,339.0,0.0,0.0,Japan
Tokyo,JP,2020-12-08,12:00:00,1607403600,9.6,4.6,15.6,27.8,346.0,0.9,0.0,Japan
Tokyo,JP,2020-12-09,12:00:00,1607490000,8.4,6.6,11.0,12.6,17.0,0.0,0.0,Japan
Tokyo,JP,2020-12-10,12:00:00,1607576400,8.0,5.8,11.9,21.2,344.0,0.7,0.0,Japan
Tokyo,JP,2020-12-11,12:00:00,1607662800,8.1,3.2,12.5,15.4,351.0,0.0,0.0,Japan
Tokyo,JP,2020-12-12,12:00:00,1607749200,9.4,6.6,13.4,15.3,3.0,0.0,0.0,Japan
Tokyo,JP,2020-12-13,12:00:00,1607835600,8.3,5.5,13.2,28.2,355.0,0.0,0.0,Japan
Tokyo,JP,2020-12-14,12:00:00,1607922000,6.0,2.5,11.6,31.2,357.0,1.8,0.0,Japan
Tokyo,JP,2020-12-15,12:00:00,1608008400,4.1,-0.3,8.8,20.5,329.0,0.1,0.0,Japan
Tokyo,JP,2020-12-16,12:00:00,1608094800,2.8,-2.5,7.8,27.6,330.0,0.0,0.0,Japan
Tokyo,JP,2020-12-17,12:00:00,1608181200,1.8,-3.0,8.6,22.3,329.0,0.0,0.0,Japan
Tokyo,JP,2020-12-18,12:00:00,1608267600,3.1,-3.3,10.0,13.1,265.0,0.0,0.0,Japan
Tokyo,JP,2020-12-19,12:00:00,1608354000,3.7,0.1,8.9,21.3,358.0,0.0,0.0,Japan
Tokyo,JP,2020-12-20,12:00:00,1608440400,2.2,-2.2,8.2,37.8,343.0,0.0,0.0,Japan
Tokyo,JP,2020-12-21,12:00:00,1608526800,3.5,-0.9,9.9,17.8,338.0,0.0,0.0,Japan
Tokyo,JP,2020-12-22,12:00:00,1608613200,3.7,-1.8,9.7,16.5,349.0,0.0,0.0,Japan
Tokyo,JP,2020-12-23,12:00:00,1608699600,5.5,-1.7,12.7,16.5,295.0,0.0,0.0,Japan
Tokyo,JP,2020-12-24,12:00:00,1608786000,6.3,-0.5,11.4,13.1,300.0,0.0,0.0,Japan
Tokyo,JP,2020-12-25,12:00:00,1608872400,6.5,2.9,12.0,22.4,348.0,0.0,0.0,Japan
Tokyo,JP,2020-12-26,12:00:00,1608958800,4.6,-1.4,10.6,16.4,339.0,0.0,0.0,Japan
Tokyo,JP,2020-12-27,12:00:00,1609045200,5.1,-0.3,11.5,17.2,352.0,0.0,0.0,Japan
Tokyo,JP,2020-12-28,12:00:00,1609131600,6.7,3.6,11.2,16.9,338.0,0.1,0.0,Japan
Tokyo,JP,2020-12-29,12:00:00,1609218000,7.4,1.5,13.0,13.9,355.0,0.0,0.0,Japan
Tokyo,JP,2020-12-30,12:00:00,1609304400,7.2,2.5,12.2,48.5,331.0,4.3,0.0,Japan
Tokyo,JP,2020-12-31,12:00:00,1609390800,1.5,-2.9,6.1,30.4,348.0,0.0,0.0,Japan
Tokyo,JP,2021-01-01,12:00:00,1609477200,1.9,-4.7,9.4,28.2,348.0,0.0,0.0,Japan
Tokyo,JP,2021-01-02,12:00:00,1609563600,2.3,-3.3,8.5,18.4,359.0,0.0,0.0,Japan
Tokyo,JP,2021-01-03,12:00:00,1609650000,2.3,-1.1,7.0,15.6,340.0,0.0,0.0,Japan
Tokyo,JP,2021-01-04,12:00:00,1609736400,4.0,-1.4,9.9,17.3,342.0,0.0,0.0,Japan
Tokyo,JP,2021-01-05,12:00:00,1609822800,3.5,-1.0,8.8,18.8,339.0,0.0,0.0,Japan
Tokyo,JP,2021-01-06,12:00:00,1609909200,4.2,1.2,7.5,19.9,8.0,0.0,0.0,Japan
Tokyo,JP,2021-01-07,12:00:00,1609995600,4.1,-0.1,10.7,62.5,247.0,0.0,0.0,Japan
Tokyo,JP,2021-01-08,12:00:00,1610082000,0.1,-4.7,4.9,30.6,339.0,0.0,0.0,Japan
Tokyo,JP,2021-01-09,12:00:00,1610168400,1.1,-3.8,7.6,19.5,265.0,0.0,0.0,Japan
Tokyo,JP,2021-01-10,12:00:00,1610254800,0.5,-5.1,7.1,18.2,337.0,0.0,0.0,Japan
Tokyo,JP,2021-01-11,12:00:00,1610341200,1.0,-3.9,6.1,23.2,347.0,0.0,0.0,Japan
Tokyo,JP,2021-01-12,12:00:00,1610427600,1.6,-0.6,3.8,21.0,339.0,3.5,0.0,Japan
Tokyo,JP,2021-01-13,12:00:00,1610514000,4.4,-0.9,10.2,13.3,265.0,0.0,0.0,Japan
Tokyo,JP,2021-01-14,12:00:00,1610600400,5.7,-0.9,13.1,28.0,327.0,0.0,0.0,Japan
Tokyo,JP,2021-01-15,12:00:00,1610686800,4.6,1.1,7.4,20.2,351.0,0.7,0.0,Japan
Tokyo,JP,2021-01-16,12:00:00,1610773200,7.7,0.4,17.7,33.8,324.0,0.0,0.0,Japan
Tokyo,JP,2021-01-17,12:00:00,1610859600,4.7,2.4,7.5,26.1,360.0,0.2,0.0,Japan
Tokyo,JP,2021-01-18,12:00:00,1610946000,3.4,0.7,7.4,21.8,357.0,0.0,0.0,Japan
Tokyo,JP,2021-01-19,12:00:00,1611032400,1.9,-2.6,8.2,48.9,340.0,0.0,0.0,Japan
Tokyo,JP,2021-01-20,12:00:00,1611118800,2.5,-2.2,8.2,35.7,357.0,0.0,0.0,Japan
Tokyo,JP,2021-01-21,12:00:00,1611205200,3.4,-2.9,10.0,16.8,339.0,0.0,0.0,Japan
Tokyo,JP,2021-01-22,12:00:00,1611291600,6.2,-0.6,12.5,12.2,339.0,0.0,0.0,Japan
Tokyo,JP,2021-01-23,12:00:00,1611378000,5.4,1.6,7.4,30.8,357.0,18.0,0.0,Japan
Tokyo,JP,2021-01-24,12:00:00,1611464400,3.7,1.1,6.9,32.8,341.0,16.4,1.12,Japan
Tokyo,JP,2021-01-25,12:00:00,1611550800,6.4,1.5,12.3,19.1,15.0,2.3,0.0,Japan
Tokyo,JP,2021-01-26,12:00:00,1611637200,5.6,0.1,11.1,17.5,338.0,0.0,0.0,Japan
Tokyo,JP,2021-01-27,12:00:00,1611723600,8.0,4.7,15.4,40.9,348.0,3.6,0.0,Japan
Tokyo,JP,2021-01-28,12:00:00,1611810000,3.1,1.2,6.0,22.0,347.0,8.9,2.66,Japan
Tokyo,JP,2021-01-29,12:00:00,1611896400,3.5,-0.7,9.7,33.6,334.0,0.0,0.0,Japan
Tokyo,JP,2021-01-30,12:00:00,1611982800,1.5,-3.5,8.0,26.2,326.0,0.0,0.0,Japan
Tokyo,JP,2021-01-31,12:00:00,1612069200,2.7,-3.2,10.1,32.8,344.0,0.0,0.0,Japan
Tokyo,JP,2021-02-01,12:00:00,1612155600,4.6,-1.9,11.7,35.0,230.0,0.0,0.0,Japan
Tokyo,JP,2021-02-02,12:00:00,1612242000,8.3,2.2,12.9,34.4,314.0,10.8,0.0,Japan
Tokyo,JP,2021-02-03,12:00:00,1612328400,3.4,-2.6,9.4,17.0,347.0,0.0,0.0,Japan
Tokyo,JP,2021-02-04,12:00:00,1612414800,4.0,-2.7,12.7,35.9,296.0,0.0,0.0,Japan
Tokyo,JP,2021-02-05,12:00:00,1612501200,4.1,-0.6,9.7,19.4,348.0,0.0,0.0,Japan
Tokyo,JP,2021-02-06,12:00:00,1612587600,6.2,1.2,11.8,19.4,343.0,0.0,0.0,Japan
Tokyo,JP,2021-02-07,12:00:00,1612674000,7.8,1.6,14.8,27.5,322.0,0.3,0.0,Japan
Tokyo,JP,2021-02-08,12:00:00,1612760400,4.1,1.1,7.8,31.5,3.0,0.0,0.0,Japan
Tokyo,JP,2021-02-09,12:00:00,1612846800,2.6,-1.4,9.1,38.4,338.0,0.0,0.0,Japan
Tokyo,JP,2021-02-10,12:00:00,1612933200,4.1,-1.8,9.7,18.5,293.0,0.0,0.0,Japan
Tokyo,JP,2021-02-11,12:00:00,1613019600,6.4,0.4,12.8,41.9,332.0,0.0,0.0,Japan
Tokyo,JP,2021-02-12,12:00:00,1613106000,5.8,0.1,11.5,21.7,30.0,0.0,0.0,Japan
Tokyo,JP,2021-02-13,12:00:00,1613192400,8.7,2.7,14.8,24.7,204.0,0.0,0.0,Japan
Tokyo,JP,2021-02-14,12:00:00,1613278800,10.6,4.5,17.4,33.2,195.0,0.0,0.0,Japan
Tokyo,JP,2021-02-15,12:00:00,1613365200,12.0,9.0,14.0,45.3,235.0,48.7,0.0,Japan
Tokyo,JP,2021-02-16,12:00:00,1613451600,8.4,3.2,14.2,31.3,281.0,0.0,0.0,Japan
Tokyo,JP,2021-02-17,12:00:00,1613538000,5.5,-0.0,11.2,43.0,267.0,1.5,0.28,Japan
Tokyo,JP,2021-02-18,12:00:00,1613624400,1.7,-3.6,7.4,21.2,304.0,0.0,0.0,Japan
Tokyo,JP,2021-02-19,12:00:00,1613710800,4.2,-1.3,10.6,23.9,244.0,0.0,0.0,Japan
Tokyo,JP,2021-02-20,12:00:00,1613797200,7.0,-1.4,15.6,44.6,224.0,0.0,0.0,Japan
Tokyo,JP,2021-02-21,12:00:00,1613883600,11.3,3.5,19.8,22.8,222.0,0.0,0.0,Japan
Tokyo,JP,2021-02-22,12:00:00,1613970000,11.9,4.4,19.9,34.8,228.0,0.0,0.0,Japan
Tokyo,JP,2021-02-23,12:00:00,1614056400,8.6,3.8,14.0,46.9,341.0,0.0,0.0,Japan
Tokyo,JP,2021-02-24,12:00:00,1614142800,5.2,2.0,9.6,34.5,349.0,0.0,0.0,Japan
Tokyo,JP,2021-02-25,12:00:00,1614229200,5.0,-0.3,9.8,34.2,7.0,0.0,0.0,Japan
Tokyo,JP,2021-02-26,12:00:00,1614315600,7.0,3.6,11.6,30.3,340.0,0.2,0.0,Japan
Tokyo,JP,2021-02-27,12:00:00,1614402000,4.3,0.5,7.7,37.8,2.0,0.0,0.0,Japan
Tokyo,JP,2021-02-28,12:00:00,1614488400,4.4,-3.0,11.3,19.2,237.0,0.0,0.0,Japan
Tokyo,JP,2021-03-01,12:00:00,1614574800,9.7,0.9,17.5,37.2,194.0,0.0,0.0,Japan
Tokyo,JP,2021-03-02,12:00:00,1614661200,13.2,7.0,20.0,55.7,225.0,13.3,0.0,Japan
Tokyo,JP,2021-03-03,12:00:00,1614747600,6.1,2.1,10.0,49.6,353.0,0.0,0.0,Japan
Tokyo,JP,2021-03-04,12:00:00,1614834000,7.0,0.1,13.0,18.8,31.0,0.0,0.0,Japan
Tokyo,JP,2021-03-05,12:00:00,1614920400,10.7,5.4,16.3,13.1,355.0,1.1,0.0,Japan
Tokyo,JP,2021-03-06,12:00:00,1615006800,11.9,8.2,20.3,44.8,343.0,2.3,0.0,Japan
Tokyo,JP,2021-03-07,12:00:00,1615093200,6.6,3.7,9.7,21.9,56.0,0.0,0.0,Japan
Tokyo,JP,2021-03-08,12:00:00,1615179600,6.4,5.0,8.4,20.2,7.0,7.6,0.0,Japan
Tokyo,JP,2021-03-09,12:00:00,1615266000,8.5,3.8,13.7,19.3,18.0,0.0,0.0,Japan
Tokyo,JP,2021-03-10,12:00:00,1615352400,9.2,4.7,16.8,56.9,344.0,0.0,0.0,Japan
Tokyo,JP,2021-03-11,12:00:00,1615438800,7.7,0.5,14.1,21.5,172.0,0.0,0.0,Japan
Tokyo,JP,2021-03-12,12:00:00,1615525200,10.9,5.2,15.5,15.2,291.0,1.9,0.0,Japan
Tokyo,JP,2021-03-13,12:00:00,1615611600,11.4,8.3,15.7,44.4,340.0,63.8,0.0,Japan
Tokyo,JP,2021-03-14,12:00:00,1615698000,10.5,6.2,16.4,49.2,327.0,0.0,0.0,Japan
Tokyo,JP,2021-03-15,12:00:00,1615784400,10.4,6.1,16.7,34.7,331.0,0.0,0.0,Japan
Tokyo,JP,2021-03-16,12:00:00,1615870800,11.0,2.8,19.5,42.0,262.0,0.0,0.0,Japan
Tokyo,JP,2021-03-17,12:00:00,1615957200,10.4,5.7,16.1,37.8,339.0,0.0,0.0,Japan
Tokyo,JP,2021-03-18,12:00:00,1616043600,9.2,1.6,15.7,27.2,19.0,0.0,0.0,Japan
Tokyo,JP,2021-03-19,12:00:00,1616130000,11.0,7.0,16.4,22.7,33.0,0.0,0.0,Japan
Tokyo,JP,2021-03-20,12:00:00,1616216400,12.6,8.7,18.1,16.7,2.0,0.2,0.0,Japan
Tokyo,JP,2021-03-21,12:00:00,1616302800,16.5,13.7,18.4,57.3,186.0,27.7,0.0,Japan
Tokyo,JP,2021-03-22,12:00:00,1616389200,10.9,6.9,14.7,45.3,343.0,3.2,0.0,Japan
Tokyo,JP,2021-03-23,12:00:00,1616475600,8.7,3.3,13.1,18.5,204.0,0.0,0.0,Japan
Tokyo,JP,2021-03-24,12:00:00,1616562000,11.5,3.7,17.8,30.9,204.0,0.0,0.0,Japan
Tokyo,JP,2021-03-25,12:00:00,1616648400,13.2,10.6,16.9,25.6,208.0,0.1,0.0,Japan
Tokyo,JP,2021-03-26,12:00:00,1616734800,12.4,8.0,18.3,43.6,337.0,0.0,0.0,Japan
Tokyo,JP,2021-03-27,12:00:00,1616821200,11.3,4.4,16.7,24.1,162.0,0.0,0.0,Japan
Tokyo,JP,2021-03-28,12:00:00,1616907600,15.5,13.0,18.4,40.3,188.0,8.1,0.0,Japan
Tokyo,JP,2021-03-29,12:00:00,1616994000,16.9,13.5,21.1,43.2,183.0,33.6,0.0,Japan
Tokyo,JP,2021-03-30,12:00:00,1617080400,16.7,13.1,22.2,15.5,41.0,0.2,0.0,Japan
Tokyo,JP,2021-03-31,12:00:00,1617166800,16.2,12.6,20.9,31.3,8.0,2.1,0.0,Japan
Tokyo,JP,2021-04-01,12:00:00,1617253200,14.9,11.5,19.7,26.2,97.0,0.8,0.0,Japan
Tokyo,JP,2021-04-02,12:00:00,1617339600,14.6,11.8,19.3,22.0,51.0,0.0,0.0,Japan
Tokyo,JP,2021-04-03,12:00:00,1617426000,15.3,9.9,20.9,25.6,172.0,0.0,0.0,Japan
Tokyo,JP,2021-04-04,12:00:00,1617512400,16.8,13.8,21.0,37.8,194.0,5.6,0.0,Japan
Tokyo,JP,2021-04-05,12:00:00,1617598800,13.0,8.4,17.0,33.6,17.0,23.9,0.0,Japan
Tokyo,JP,2021-04-06,12:00:00,1617685200,9.4,5.7,13.0,23.2,26.0,0.0,0.0,Japan
Tokyo,JP,2021-04-07,12:00:00,1617771600,11.4,6.0,16.6,19.7,293.0,0.2,0.0,Japan
Tokyo,JP,2021-04-08,12:00:00,1617858000,12.0,8.1,16.2,26.3,73.0,0.2,0.0,Japan
Tokyo,JP,2021-04-09,12:00:00,1617944400,10.3,5.3,15.8,37.2,349.0,0.1,0.0,Japan
Tokyo,JP,2021-04-10,12:00:00,1618030800,9.2,5.6,13.7,26.5,60.0,0.0,0.0,Japan
Tokyo,JP,2021-04-11,12:00:00,1618117200,11.3,5.2,17.0,27.2,105.0,0.0,0.0,Japan
Tokyo,JP,2021-04-12,12:00:00,1618203600,13.5,6.6,18.5,27.2,134.0,0.0,0.0,Japan
Tokyo,JP,2021-04-13,12:00:00,1618290000,15.3,12.3,20.1,41.1,190.0,2.8,0.0,Japan
Tokyo,JP,2021-04-14,12:00:00,1618376400,15.8,9.3,19.7,38.6,230.0,13.0,0.0,Japan
Tokyo,JP,2021-04-15,12:00:00,1618462800,9.9,5.8,14.2,24.1,72.0,0.6,0.0,Japan
Tokyo,JP,2021-04-16,12:00:00,1618549200,12.4,7.3,17.4,18.1,133.0,0.0,0.0,Japan
Tokyo,JP,2021-04-17,12:00:00,1618635600,15.0,12.7,18.2,49.8,153.0,23.6,0.0,Japan
Tokyo,JP,2021-04-18,12:00:00,1618722000,14.7,9.3,19.9,38.5,258.0,26.3,0.0,Japan
Tokyo,JP,2021-04-19,12:00:00,1618808400,13.4,7.6,19.8,31.9,269.0,0.0,0.0,Japan
Tokyo,JP,2021-04-20,12:00:00,1618894800,14.5,7.6,21.3,26.6,218.0,0.0,0.0,Japan
Tokyo,JP,2021-04-21,12:00:00,1618981200,16.6,11.9,23.6,36.6,352.0,0.0,0.0,Japan
Tokyo,JP,2021-04-22,12:00:00,1619067600,16.4,9.5,25.5,48.1,348.0,0.0,0.0,Japan
Tokyo,JP,2021-04-23,12:00:00,1619154000,12.4,7.0,18.5,19.9,61.0,0.0,0.0,Japan
Tokyo,JP,2021-04-24,12:00:00,1619240400,13.7,7.0,19.6,24.5,178.0,0.0,0.0,Japan
Tokyo,JP,2021-04-25,12:00:00,1619326800,15.7,10.6,21.4,41.1,318.0,0.5,0.0,Japan
Tokyo,JP,2021-04-26,12:00:00,1619413200,12.3,7.0,18.0,40.6,356.0,0.0,0.0,Japan
Tokyo,JP,2021-04-27,12:00:00,1619499600,13.4,7.5,18.4,31.0,181.0,0.0,0.0,Japan
Tokyo,JP,2021-04-28,12:00:00,1619586000,17.1,9.3,22.8,39.5,214.0,0.0,0.0,Japan
Tokyo,JP,2021-04-29,12:00:00,1619672400,16.8,16.0,18.0,40.9,190.0,40.7,0.0,Japan
Tokyo,JP,2021-04-30,12:00:00,1619758800,17.7,12.1,22.5,38.7,238.0,2.2,0.0,Japan
Tokyo,JP,2021-05-01,12:00:00,1619845200,16.7,12.0,21.4,46.1,184.0,0.6,0.0,Japan
Tokyo,JP,2021-05-02,12:00:00,1619931600,16.1,11.2,21.3,41.6,284.0,2.1,0.0,Japan
Tokyo,JP,2021-05-03,12:00:00,1620018000,14.8,8.9,19.7,40.5,268.0,1.4,0.0,Japan
Tokyo,JP,2021-05-04,12:00:00,1620104400,16.3,8.5,23.5,24.9,197.0,0.0,0.0,Japan
Tokyo,JP,2021-05-05,12:00:00,1620190800,17.5,12.8,21.5,48.5,205.0,0.1,0.0,Japan
Tokyo,JP,2021-05-06,12:00:00,1620277200,18.4,15.2,23.0,28.2,62.0,4.9,0.0,Japan
Tokyo,JP,2021-05-07,12:00:00,1620363600,16.9,13.6,19.6,19.1,180.0,2.7,0.0,Japan
Tokyo,JP,2021-05-08,12:00:00,1620450000,18.1,11.3,23.2,24.0,192.0,0.0,0.0,Japan
Tokyo,JP,2021-05-09,12:00:00,1620536400,21.6,17.1,26.9,38.1,221.0,0.0,0.0,Japan
Tokyo,JP,2021-05-10,12:00:00,1620622800,19.0,13.6,23.8,38.1,266.0,0.0,0.0,Japan
Tokyo,JP,2021-05-11,12:00:00,1620709200,17.2,14.2,19.1,25.9,84.0,0.0,0.0,Japan
Tokyo,JP,2021-05-12,12:00:00,1620795600,18.0,14.6,21.3,23.3,113.0,0.1,0.0,Japan
Tokyo,JP,2021-05-13,12:00:00,1620882000,18.1,16.0,20.5,18.4,63.0,5.1,0.0,Japan
Tokyo,JP,2021-05-14,12:00:00,1620968400,21.2,16.4,27.9,25.3,145.0,0.0,0.0,Japan
Tokyo,JP,2021-05-15,12:00:00,1621054800,21.3,17.6,26.8,35.6,168.0,0.0,0.0,Japan
Tokyo,JP,2021-05-16,12:00:00,1621141200,20.3,17.6,22.8,33.2,187.0,1.7,0.0,Japan
Tokyo,JP,2021-05-17,12:00:00,1621227600,22.7,20.0,25.2,48.1,204.0,1.1,0.0,Japan
Tokyo,JP,2021-05-18,12:00:00,1621314000,21.3,17.1,24.5,35.0,59.0,3.9,0.0,Japan
Tokyo,JP,2021-05-19,12:00:00,1621400400,17.8,16.3,19.5,19.9,15.0,22.7,0.0,Japan
Tokyo,JP,2021-05-20,12:00:00,1621486800,18.8,15.5,22.1,17.7,95.0,5.4,0.0,Japan
Tokyo,JP,2021-05-21,12:00:00,1621573200,21.8,17.9,25.3,45.1,202.0,16.4,0.0,Japan
Tokyo,JP,2021-05-22,12:00:00,1621659600,19.4,17.3,22.3,42.2,219.0,2.6,0.0,Japan
Tokyo,JP,2021-05-23,12:00:00,1621746000,18.6,15.0,22.4,28.8,187.0,1.6,0.0,Japan
Tokyo,JP,2021-05-24,12:00:00,1621832400,20.1,14.8,26.0,31.1,194.0,0.0,0.0,Japan
Tokyo,JP,2021-05-25,12:00:00,1621918800,21.1,16.3,26.5,33.1,197.0,0.0,0.0,Japan
Tokyo,JP,2021-05-26,12:00:00,1622005200,19.6,14.6,23.6,27.2,95.0,0.0,0.0,Japan
Tokyo,JP,2021-05-27,12:00:00,1622091600,16.5,14.4,19.0,22.0,8.0,42.4,0.0,Japan
Tokyo,JP,2021-05-28,12:00:00,1622178000,19.7,14.8,24.4,35.9,187.0,0.0,0.0,Japan
Tokyo,JP,2021-05-29,12:00:00,1622264400,21.6,18.0,26.4,35.8,209.0,0.0,0.0,Japan
Tokyo,JP,2021-05-30,12:00:00,1622350800,20.2,17.2,24.3,21.7,27.0,5.8,0.0,Japan
Tokyo,JP,2021-05-31,12:00:00,1622437200,19.7,16.0,23.5,21.5,145.0,2.4,0.0,Japan
Tokyo,JP,2021-06-01,12:00:00,1622523600,19.7,15.6,24.4,25.8,125.0,3.1,0.0,Japan
Tokyo,JP,2021-06-02,12:00:00,1622610000,20.9,17.7,25.3,26.5,189.0,0.3,0.0,Japan
Tokyo,JP,2021-06-03,12:00:00,1622696400,21.5,17.7,25.3,24.5,160.0,0.6,0.0,Japan
Tokyo,JP,2021-06-04,12:00:00,1622782800,21.3,19.8,23.3,53.0,179.0,15.3,0.0,Japan
Tokyo,JP,2021-06-05,12:00:00,1622869200,21.0,18.6,24.4,22.5,125.0,0.9,0.0,Japan
Tokyo,JP,2021-06-06,12:00:00,1622955600,20.3,18.5,22.4,14.0,203.0,5.7,0.0,Japan
Tokyo,JP,2021-06-07,12:00:00,1623042000,21.6,18.4,26.4,14.3,182.0,0.0,0.0,Japan
Tokyo,JP,2021-06-08,12:00:00,1623128400,23.1,17.6,29.7,24.7,3.0,0.2,0.0,Japan
Tokyo,JP,2021-06-09,12:00:00,1623214800,23.3,17.9,29.5,25.6,71.0,0.0,0.0,Japan
Tokyo,JP,2021-06-10,12:00:00,1623301200,22.6,17.2,28.4,22.6,165.0,0.0,0.0,Japan
Tokyo,JP,2021-06-11,12:00:00,1623387600,22.9,19.2,28.0,28.6,176.0,0.1,0.0,Japan
Tokyo,JP,2021-06-12,12:00:00,1623474000,23.3,19.6,27.3,35.0,187.0,0.0,0.0,Japan
Tokyo,JP,2021-06-13,12:00:00,1623560400,23.6,19.7,27.6,27.6,205.0,0.1,0.0,Japan
Tokyo,JP,2021-06-14,12:00:00,1623646800,21.3,20.4,22.5,16.2,187.0,8.5,0.0,Japan
Tokyo,JP,2021-06-15,12:00:00,1623733200,22.9,18.5,27.5,20.8,158.0,1.7,0.0,Japan
Tokyo,JP,2021-06-16,12:00:00,1623819600,22.4,20.1,26.4,20.1,128.0,4.9,0.0,Japan
Tokyo,JP,2021-06-17,12:00:00,1623906000,21.6,18.7,25.5,28.4,32.0,3.9,0.0,Japan
Tokyo,JP,2021-06-18,12:00:00,1623992400,21.8,16.4,26.4,30.9,180.0,0.0,0.0,Japan
Tokyo,JP,2021-06-19,12:00:00,1624078800,21.2,20.4,21.7,30.8,186.0,17.4,0.0,Japan
Tokyo,JP,2021-06-20,12:00:00,1624165200,22.4,19.3,27.5,30.0,339.0,16.5,0.0,Japan
Tokyo,JP,2021-06-21,12:00:00,1624251600,22.2,19.8,25.4,19.2,160.0,0.4,0.0,Japan
Tokyo,JP,2021-06-22,12:00:00,1624338000,22.4,19.1,25.9,16.8,147.0,0.3,0.0,Japan
Tokyo,JP,2021-06-23,12:00:00,1624424400,21.4,19.2,24.0,14.8,62.0,2.1,0.0,Japan
Tokyo,JP,2021-06-24,12:00:00,1624510800,21.8,17.7,25.4,18.8,139.0,3.0,0.0,Japan
Tokyo,JP,2021-06-25,12:00:00,1624597200,23.0,20.4,26.3,17.1,150.0,1.1,0.0,Japan
Tokyo,JP,2021-06-26,12:00:00,1624683600,23.3,18.9,27.8,19.4,162.0,0.7,0.0,Japan
Tokyo,JP,2021-06-27,12:00:00,1624770000,23.4,21.1,26.9,17.6,93.0,0.9,0.0,Japan
Tokyo,JP,2021-06-28,12:00:00,1624856400,24.0,19.3,28.9,20.8,88.0,2.5,0.0,Japan
Tokyo,JP,2021-06-29,12:00:00,1624942800,22.4,19.6,27.4,31.6,5.0,30.0,0.0,Japan
Tokyo,JP,2021-06-30,12:00:00,1625029200,21.2,18.6,23.7,19.4,72.0,2.7,0.0,Japan
Tokyo,JP,2021-07-01,12:00:00,1625115600,21.4,20.3,22.9,17.3,94.0,56.6,0.0,Japan
Tokyo,JP,2021-07-02,12:00:00,1625202000,20.6,20.0,21.4,17.7,5.0,95.4,0.0,Japan
Tokyo,JP,2021-07-03,12:00:00,1625288400,21.7,20.2,24.4,25.0,41.0,95.6,0.0,Japan
Tokyo,JP,2021-07-04,12:00:00,1625374800,20.3,19.4,21.5,13.8,69.0,16.7,0.0,Japan
Tokyo,JP,2021-07-05,12:00:00,1625461200,22.0,19.6,25.8,17.3,16.0,2.8,0.0,Japan
Tokyo,JP,2021-07-06,12:00:00,1625547600,24.2,20.7,27.8,11.0,102.0,2.3,0.0,Japan
Tokyo,JP,2021-07-07,12:00:00,1625634000,25.4,23.5,28.3,15.8,119.0,2.7,0.0,Japan
Tokyo,JP,2021-07-08,12:00:00,1625720400,23.1,21.8,24.9,16.3,74.0,34.0,0.0,Japan
Tokyo,JP,2021-07-09,12:00:00,1625806800,24.3,22.0,27.5,14.7,110.0,26.5,0.0,Japan
Tokyo,JP,2021-07-10,12:00:00,1625893200,26.4,22.9,30.8,32.9,62.0,0.0,0.0,Japan
Tokyo,JP,2021-07-11,12:00:00,1625979600,25.4,22.6,29.1,16.8,3.0,7.7,0.0,Japan
Tokyo,JP,2021-07-12,12:00:00,1626066000,25.5,22.0,29.7,16.6,190.0,0.7,0.0,Japan
Tokyo,JP,2021-07-13,12:00:00,1626152400,24.1,21.8,27.4,12.8,48.0,28.1,0.0,Japan
Tokyo,JP,2021-07-14,12:00:00,1626238800,24.2,21.9,27.6,19.5,97.0,8.8,0.0,Japan
Tokyo,JP,2021-07-15,12:00:00,1626325200,25.5,22.3,29.0,16.7,167.0,4.1,0.0,Japan
Tokyo,JP,2021-07-16,12:00:00,1626411600,26.3,23.0,30.9,17.8,184.0,1.9,0.0,Japan
Tokyo,JP,2021-07-17,12:00:00,1626498000,26.0,22.7,30.8,21.5,187.0,0.0,0.0,Japan
Tokyo,JP,2021-07-18,12:00:00,1626584400,26.4,22.7,30.5,29.3,191.0,0.0,0.0,Japan
Tokyo,JP,2021-07-19,12:00:00,1626670800,26.9,23.1,32.0,22.1,200.0,0.0,0.0,Japan
Tokyo,JP,2021-07-20,12:00:00,1626757200,26.9,23.8,31.4,22.0,191.0,0.0,0.0,Japan
Tokyo,JP,2021-07-21,12:00:00,1626843600,27.0,23.3,31.6,20.5,190.0,0.0,0.0,Japan
Tokyo,JP,2021-07-22,12:00:00,1626930000,27.1,23.8,31.8,24.9,185.0,0.0,0.0,Japan
Tokyo,JP,2021-07-23,12:00:00,1627016400,27.4,24.3,31.4,22.4,177.0,0.1,0.0,Japan
Tokyo,JP,2021-07-24,12:00:00,1627102800,27.7,24.3,31.5,17.5,147.0,1.5,0.0,Japan
Tokyo,JP,2021-07-25,12:00:00,1627189200,27.7,23.3,32.3,22.9,104.0,0.2,0.0,Japan
Tokyo,JP,2021-07-26,12:00:00,1627275600,27.0,23.5,32.9,28.4,45.0,0.6,0.0,Japan
Tokyo,JP,2021-07-27,12:00:00,1627362000,25.2,22.7,27.8,32.6,335.0,11.1,0.0,Japan
Tokyo,JP,2021-07-28,12:00:00,1627448400,27.1,23.7,31.0,28.6,193.0,1.4,0.0,Japan
Tokyo,JP,2021-07-29,12:00:00,1627534800,26.6,23.0,30.3,29.7,190.0,4.5,0.0,Japan
Tokyo,JP,2021-07-30,12:00:00,1627621200,26.1,23.9,29.2,20.5,162.0,11.5,0.0,Japan
Tokyo,JP,2021-07-31,12:00:00,1627707600,26.2,23.1,30.3,21.1,64.0,4.5,0.0,Japan
Tokyo,JP,2021-08-01,12:00:00,1627794000,27.9,24.6,32.1,28.1,180.0,0.1,0.0,Japan
Tokyo,JP,2021-08-02,12:00:00,1627880400,28.0,25.3,31.9,25.7,158.0,2.5,0.0,Japan
Tokyo,JP,2021-08-03,12:00:00,1627966800,28.2,25.4,31.8,32.4,181.0,2.4,0.0,Japan
Tokyo,JP,2021-08-04,12:00:00,1628053200,28.4,24.8,33.5,24.3,189.0,0.0,0.0,Japan
Tokyo,JP,2021-08-05,12:00:00,1628139600,28.1,23.1,33.6,18.4,135.0,0.0,0.0,Japan
Tokyo,JP,2021-08-06,12:00:00,1628226000,28.7,24.2,34.4,22.0,151.0,0.9,0.0,Japan
Tokyo,JP,2021-08-07,12:00:00,1628312400,27.9,25.5,31.5,21.1,108.0,7.9,0.0,Japan
Tokyo,JP,2021-08-08,12:00:00,1628398800,26.0,24.7,28.0,35.8,358.0,59.2,0.0,Japan
Tokyo,JP,2021-08-09,12:00:00,1628485200,27.7,26.2,30.0,58.2,196.0,3.4,0.0,Japan
Tokyo,JP,2021-08-10,12:00:00,1628571600,29.2,25.0,35.1,61.7,231.0,0.0,0.0,Japan
Tokyo,JP,2021-08-11,12:00:00,1628658000,27.8,24.4,32.0,25.7,210.0,0.2,0.0,Japan
Tokyo,JP,2021-08-12,12:00:00,1628744400,25.5,23.5,28.6,18.7,54.0,3.9,0.0,Japan
Tokyo,JP,2021-08-13,12:00:00,1628830800,22.9,21.1,25.6,42.6,74.0,25.0,0.0,Japan
Tokyo,JP,2021-08-14,12:00:00,1628917200,22.8,20.1,25.9,40.2,312.0,53.7,0.0,Japan
Tokyo,JP,2021-08-15,12:00:00,1629003600,20.1,18.7,21.5,24.4,346.0,63.6,0.0,Japan
Tokyo,JP,2021-08-16,12:00:00,1629090000,21.0,19.7,22.6,18.9,350.0,6.1,0.0,Japan
Tokyo,JP,2021-08-17,12:00:00,1629176400,23.4,20.5,26.6,32.0,166.0,5.8,0.0,Japan
Tokyo,JP,2021-08-18,12:00:00,1629262800,26.6,24.6,29.7,45.6,193.0,0.3,0.0,Japan
Tokyo,JP,2021-08-19,12:00:00,1629349200,26.8,24.1,30.7,37.8,194.0,0.0,0.0,Japan
Tokyo,JP,2021-08-20,12:00:00,1629435600,26.9,24.1,31.1,32.1,196.0,0.0,0.0,Japan
Tokyo,JP,2021-08-21,12:00:00,1629522000,26.0,22.8,30.2,22.5,211.0,0.0,0.0,Japan
Tokyo,JP,2021-08-22,12:00:00,1629608400,27.1,24.2,30.6,22.6,212.0,0.0,0.0,Japan
Tokyo,JP,2021-08-23,12:00:00,1629694800,26.1,24.3,28.4,17.5,48.0,1.3,0.0,Japan
Tokyo,JP,2021-08-24,12:00:00,1629781200,26.3,23.1,29.7,27.7,178.0,0.6,0.0,Japan
Tokyo,JP,2021-08-25,12:00:00,1629867600,27.6,24.7,32.1,20.1,224.0,0.2,0.0,Japan
Tokyo,JP,2021-08-26,12:00:00,1629954000,29.2,25.4,33.1,11.1,306.0,0.7,0.0,Japan
Tokyo,JP,2021-08-27,12:00:00,1630040400,28.7,25.4,32.9,20.7,63.0,0.2,0.0,Japan
Tokyo,JP,2021-08-28,12:00:00,1630126800,28.6,25.0,33.3,17.7,174.0,0.0,0.0,Japan
Tokyo,JP,2021-08-29,12:00:00,1630213200,27.9,25.2,31.6,22.6,87.0,0.3,0.0,Japan
Tokyo,JP,2021-08-30,12:00:00,1630299600,28.5,24.3,32.6,31.8,210.0,0.2,0.0,Japan
Tokyo,JP,2021-08-31,12:00:00,1630386000,26.5,23.6,30.3,29.3,53.0,3.2,0.0,Japan
Tokyo,JP,2021-09-01,12:00:00,1630472400,21.4,18.5,24.1,25.4,18.0,4.7,0.0,Japan
Tokyo,JP,2021-09-02,12:00:00,1630558800,19.4,18.0,20.7,21.0,4.0,38.1,0.0,Japan
Tokyo,JP,2021-09-03,12:00:00,1630645200,20.4,19.2,21.6,19.0,340.0,17.1,0.0,Japan
Tokyo,JP,2021-09-04,12:00:00,1630731600,21.2,19.8,24.0,26.3,21.0,9.8,0.0,Japan
Tokyo,JP,2021-09-05,12:00:00,1630818000,20.8,18.9,23.7,23.1,13.0,1.6,0.0,Japan
Tokyo,JP,2021-09-06,12:00:00,1630904400,19.8,18.3,22.0,23.8,13.0,16.3,0.0,Japan
Tokyo,JP,2021-09-07,12:00:00,1630990800,19.5,16.7,23.0,19.6,33.0,0.2,0.0,Japan
Tokyo,JP,2021-09-08,12:00:00,1631077200,20.0,16.1,24.3,14.0,350.0,6.4,0.0,Japan
Tokyo,JP,2021-09-09,12:00:00,1631163600,19.7,17.9,22.5,16.3,356.0,29.6,0.0,Japan
Tokyo,JP,2021-09-10,12:00:00,1631250000,24.0,20.6,27.7,19.2,195.0,0.3,0.0,Japan
Tokyo,JP,2021-09-11,12:00:00,1631336400,24.3,22.2,27.4,13.7,158.0,1.8,0.0,Japan
Tokyo,JP,2021-09-12,12:00:00,1631422800,23.2,21.6,25.1,14.4,313.0,2.8,0.0,Japan
Tokyo,JP,2021-09-13,12:00:00,1631509200,23.8,20.8,28.1,22.2,55.0,0.0,0.0,Japan
Tokyo,JP,2021-09-14,12:00:00,1631595600,22.1,18.9,25.3,16.6,116.0,5.6,0.0,Japan
Tokyo,JP,2021-09-15,12:00:00,1631682000,21.4,17.9,25.6,21.7,29.0,5.6,0.0,Japan
Tokyo,JP,2021-09-16,12:00:00,1631768400,20.8,18.0,24.5,21.9,29.0,0.5,0.0,Japan
Tokyo,JP,2021-09-17,12:00:00,1631854800,21.0,17.6,24.7,16.0,33.0,2.0,0.0,Japan
Tokyo,JP,2021-09-18,12:00:00,1631941200,24.4,22.5,27.0,41.5,174.0,18.6,0.0,Japan
Tokyo,JP,2021-09-19,12:00:00,1632027600,22.9,17.8,27.2,27.0,19.0,0.0,0.0,Japan
Tokyo,JP,2021-09-20,12:00:00,1632114000,20.5,15.5,26.2,21.6,25.0,0.0,0.0,Japan
Tokyo,JP,2021-09-21,12:00:00,1632200400,21.5,17.7,26.3,16.8,40.0,0.0,0.0,Japan
Tokyo,JP,2021-09-22,12:00:00,1632286800,23.5,18.6,27.9,34.4,191.0,0.0,0.0,Japan
Tokyo,JP,2021-09-23,12:00:00,1632373200,25.2,21.7,29.3,25.6,68.0,0.1,0.0,Japan
Tokyo,JP,2021-09-24,12:00:00,1632459600,24.0,20.0,28.5,18.7,36.0,0.0,0.0,Japan
Tokyo,JP,2021-09-25,12:00:00,1632546000,21.1,18.5,23.4,25.2,39.0,2.8,0.0,Japan
Tokyo,JP,2021-09-26,12:00:00,1632632400,18.9,16.8,20.9,15.9,359.0,0.7,0.0,Japan
Tokyo,JP,2021-09-27,12:00:00,1632718800,19.4,16.2,23.9,23.6,13.0,1.3,0.0,Japan
Tokyo,JP,2021-09-28,12:00:00,1632805200,19.8,16.3,23.7,19.9,8.0,0.8,0.0,Japan
Tokyo,JP,2021-09-29,12:00:00,1632891600,21.0,16.0,26.0,18.9,65.0,0.0,0.0,Japan
Tokyo,JP,2021-09-30,12:00:00,1632978000,22.6,18.4,27.3,23.1,152.0,4.5,0.0,Japan
Tokyo,JP,2021-10-01,12:00:00,1633064400,19.3,17.9,21.9,59.5,1.0,77.6,0.0,Japan
Tokyo,JP,2021-10-02,12:00:00,1633150800,22.0,15.8,28.6,22.3,270.0,1.1,0.0,Japan
Tokyo,JP,2021-10-03,12:00:00,1633237200,21.0,17.0,25.8,17.9,42.0,0.0,0.0,Japan
Tokyo,JP,2021-10-04,12:00:00,1633323600,22.1,16.9,26.8,27.6,199.0,0.0,0.0,Japan
Tokyo,JP,2021-10-05,12:00:00,1633410000,22.5,18.2,26.7,19.2,213.0,0.0,0.0,Japan
Tokyo,JP,2021-10-06,12:00:00,1633496400,21.5,17.2,27.0,24.4,45.0,0.0,0.0,Japan
Tokyo,JP,2021-10-07,12:00:00,1633582800,20.7,18.5,23.5,18.4,149.0,0.9,0.0,Japan
Tokyo,JP,2021-10-08,12:00:00,1633669200,22.8,18.6,26.6,18.6,198.0,0.4,0.0,Japan
Tokyo,JP,2021-10-09,12:00:00,1633755600,21.6,19.6,25.1,26.8,47.0,3.1,0.0,Japan
Tokyo,JP,2021-10-10,12:00:00,1633842000,21.0,18.7,25.0,17.0,248.0,1.7,0.0,Japan
Tokyo,JP,2021-10-11,12:00:00,1633928400,22.7,19.5,27.0,23.5,206.0,0.0,0.0,Japan
Tokyo,JP,2021-10-12,12:00:00,1634014800,20.2,18.6,21.6,24.0,27.0,3.1,0.0,Japan
Tokyo,JP,2021-10-13,12:00:00,1634101200,17.8,16.7,19.4,20.9,1.0,8.4,0.0,Japan
Tokyo,JP,2021-10-14,12:00:00,1634187600,18.3,14.3,22.6,16.4,17.0,0.3,0.0,Japan
Tokyo,JP,2021-10-15,12:00:00,1634274000,19.8,15.7,23.9,12.7,146.0,0.1,0.0,Japan
Tokyo,JP,2021-10-16,12:00:00,1634360400,20.7,17.6,24.3,31.7,181.0,1.6,0.0,Japan
Tokyo,JP,2021-10-17,12:00:00,1634446800,15.8,11.3,21.0,38.5,356.0,18.2,0.0,Japan
Tokyo,JP,2021-10-18,12:00:00,1634533200,12.3,8.4,17.5,20.1,18.0,0.0,0.0,Japan
Tokyo,JP,2021-10-19,12:00:00,1634619600,12.6,10.2,15.5,21.9,331.0,4.3,0.0,Japan
Tokyo,JP,2021-10-20,12:00:00,1634706000,14.4,9.4,20.6,38.4,335.0,0.2,0.0,Japan
Tokyo,JP,2021-10-21,12:00:00,1634792400,13.8,10.1,18.0,33.1,352.0,0.0,0.0,Japan
Tokyo,JP,2021-10-22,12:00:00,1634878800,11.0,10.2,12.1,21.6,342.0,17.7,0.0,Japan
Tokyo,JP,2021-10-23,12:00:00,1634965200,12.5,8.3,17.7,40.5,340.0,0.0,0.0,Japan
Tokyo,JP,2021-10-24,12:00:00,1635051600,12.3,6.0,17.9,13.9,39.0,0.0,0.0,Japan
Tokyo,JP,2021-10-25,12:00:00,1635138000,11.9,8.0,15.8,25.5,339.0,3.0,0.0,Japan
Tokyo,JP,2021-10-26,12:00:00,1635224400,14.6,12.0,19.1,40.6,351.0,25.2,0.0,Japan
Tokyo,JP,2021-10-27,12:00:00,1635310800,13.2,9.3,16.2,12.3,349.0,4.6,0.0,Japan
Tokyo,JP,2021-10-28,12:00:00,1635397200,15.8,12.2,21.2,33.1,347.0,0.8,0.0,Japan
Tokyo,JP,2021-10-29,12:00:00,1635483600,13.1,9.4,18.3,33.6,3.0,0.0,0.0,Japan
Tokyo,JP,2021-10-30,12:00:00,1635570000,12.4,6.8,18.0,12.0,350.0,0.0,0.0,Japan
Tokyo,JP,2021-10-31,12:00:00,1635656400,12.6,9.8,15.8,15.8,342.0,2.6,0.0,Japan
Tokyo,JP,2021-11-01,12:00:00,1635742800,15.0,10.0,20.3,13.8,10.0,0.0,0.0,Japan
Tokyo,JP,2021-11-02,12:00:00,1635829200,16.5,14.1,20.6,14.8,18.0,0.6,0.0,Japan
Tokyo,JP,2021-11-03,12:00:00,1635915600,15.5,12.4,20.5,19.5,347.0,0.0,0.0,Japan
Tokyo,JP,2021-11-04,12:00:00,1636002000,14.0,9.5,18.8,16.5,360.0,0.0,0.0,Japan
Tokyo,JP,2021-11-05,12:00:00,1636088400,13.2,8.9,18.6,15.7,16.0,0.0,0.0,Japan
Tokyo,JP,2021-11-06,12:00:00,1636174800,12.6,7.8,17.9,15.1,7.0,0.0,0.0,Japan
Tokyo,JP,2021-11-07,12:00:00,1636261200,13.8,10.5,19.2,19.8,4.0,0.6,0.0,Japan
Tokyo,JP,2021-11-08,12:00:00,1636347600,14.6,11.2,19.9,24.9,1.0,6.6,0.0,Japan
Tokyo,JP,2021-11-09,12:00:00,1636434000,15.6,12.9,19.6,20.8,326.0,30.9,0.0,Japan
Tokyo,JP,2021-11-10,12:00:00,1636520400,14.8,11.8,18.6,43.6,226.0,0.2,0.0,Japan
Tokyo,JP,2021-11-11,12:00:00,1636606800,13.1,7.7,18.7,28.0,222.0,0.0,0.0,Japan
Tokyo,JP,2021-11-12,12:00:00,1636693200,12.0,8.6,18.8,26.6,327.0,0.0,0.0,Japan
Tokyo,JP,2021-11-13,12:00:00,1636779600,11.0,6.4,16.4,14.6,193.0,0.0,0.0,Japan
Tokyo,JP,2021-11-14,12:00:00,1636866000,11.5,6.0,17.7,14.9,321.0,0.0,0.0,Japan
Tokyo,JP,2021-11-15,12:00:00,1636952400,11.8,7.1,18.7,13.9,311.0,0.0,0.0,Japan
Tokyo,JP,2021-11-16,12:00:00,1637038800,12.0,8.0,17.0,17.5,355.0,0.2,0.0,Japan
Tokyo,JP,2021-11-17,12:00:00,1637125200,11.4,7.8,16.2,14.8,29.0,0.3,0.0,Japan
Tokyo,JP,2021-11-18,12:00:00,1637211600,10.5,6.9,15.3,13.9,337.0,0.0,0.0,Japan
Tokyo,JP,2021-11-19,12:00:00,1637298000,10.9,6.8,16.3,13.9,311.0,0.0,0.0,Japan
Tokyo,JP,2021-11-20,12:00:00,1637384400,11.7,7.4,17.9,17.3,19.0,0.0,0.0,Japan
Tokyo,JP,2021-11-21,12:00:00,1637470800,11.2,7.3,14.7,14.3,350.0,4.1,0.0,Japan
Tokyo,JP,2021-11-22,12:00:00,1637557200,13.9,11.0,18.9,47.0,291.0,27.5,0.0,Japan
Tokyo,JP,2021-11-23,12:00:00,1637643600,11.5,7.3,14.8,34.8,344.0,0.5,0.0,Japan
Tokyo,JP,2021-11-24,12:00:00,1637730000,8.9,3.6,15.7,21.9,213.0,0.0,0.0,Japan
Tokyo,JP,2021-11-25,12:00:00,1637816400,9.8,4.1,16.9,21.7,226.0,0.0,0.0,Japan
Tokyo,JP,2021-11-26,12:00:00,1637902800,9.7,5.3,15.1,20.5,352.0,0.0,0.0,Japan
Tokyo,JP,2021-11-27,12:00:00,1637989200,7.8,4.6,12.3,33.5,336.0,0.0,0.0,Japan
Tokyo,JP,2021-11-28,12:00:00,1638075600,7.1,3.2,12.9,32.1,330.0,0.0,0.0,Japan
Tokyo,JP,2021-11-29,12:00:00,1638162000,5.5,0.8,11.1,13.1,346.0,0.0,0.0,Japan
Tokyo,JP,2021-11-30,12:00:00,1638248400,9.1,1.1,16.4,28.8,193.0,1.5,0.0,Japan
Tokyo,JP,2021-12-01,12:00:00,1638334800,14.4,7.5,18.3,61.0,182.0,42.4,0.0,Japan
Tokyo,JP,2021-12-02,12:00:00,1638421200,8.1,3.4,11.9,36.7,6.0,0.3,0.0,Japan
Tokyo,JP,2021-12-03,12:00:00,1638507600,7.4,3.3,14.1,20.8,316.0,0.0,0.0,Japan
Tokyo,JP,2021-12-04,12:00:00,1638594000,7.3,2.0,13.2,39.0,342.0,0.0,0.0,Japan
Tokyo,JP,2021-12-05,12:00:00,1638680400,6.2,2.4,10.2,36.8,9.0,0.0,0.0,Japan
Tokyo,JP,2021-12-06,12:00:00,1638766800,7.1,4.2,10.6,22.4,336.0,0.0,0.0,Japan
Tokyo,JP,2021-12-07,12:00:00,1638853200,10.7,7.7,13.9,30.7,350.0,8.0,0.0,Japan
Tokyo,JP,2021-12-08,12:00:00,1638939600,9.6,7.9,10.9,44.3,357.0,44.8,0.0,Japan
Tokyo,JP,2021-12-09,12:00:00,1639026000,8.6,5.0,13.1,24.5,24.0,0.3,0.0,Japan
Tokyo,JP,2021-12-10,12:00:00,1639112400,6.6,3.5,11.3,17.7,343.0,0.0,0.0,Japan
Tokyo,JP,2021-12-11,12:00:00,1639198800,7.2,1.6,14.1,14.7,243.0,0.0,0.0,Japan
Tokyo,JP,2021-12-12,12:00:00,1639285200,9.4,4.3,14.7,25.0,301.0,0.0,0.0,Japan
Tokyo,JP,2021-12-13,12:00:00,1639371600,7.5,3.4,11.8,40.7,345.0,0.0,0.0,Japan
Tokyo,JP,2021-12-14,12:00:00,1639458000,3.4,1.6,5.4,23.8,338.0,6.2,0.42,Japan
Tokyo,JP,2021-12-15,12:00:00,1639544400,5.2,-0.4,12.2,12.4,298.0,0.0,0.0,Japan
Tokyo,JP,2021-12-16,12:00:00,1639630800,6.6,0.4,12.9,11.6,336.0,0.0,0.0,Japan
Tokyo,JP,2021-12-17,12:00:00,1639717200,7.6,4.7,11.7,54.0,342.0,19.7,0.0,Japan
Tokyo,JP,2021-12-18,12:00:00,1639803600,2.6,-0.6,7.5,39.7,330.0,0.0,0.0,Japan
Tokyo,JP,2021-12-19,12:00:00,1639890000,1.6,-3.4,7.6,13.9,352.0,0.0,0.0,Japan
Tokyo,JP,2021-12-20,12:00:00,1639976400,3.8,-2.1,9.6,20.1,20.0,0.0,0.0,Japan
Tokyo,JP,2021-12-21,12:00:00,1640062800,5.6,-0.0,12.7,15.9,287.0,0.0,0.0,Japan
Tokyo,JP,2021-12-22,12:00:00,1640149200,6.0,1.6,12.0,41.9,339.0,0.0,0.0,Japan
Tokyo,JP,2021-12-23,12:00:00,1640235600,5.9,2.3,10.2,35.9,345.0,0.0,0.0,Japan
Tokyo,JP,2021-12-24,12:00:00,1640322000,5.1,-0.8,10.8,18.5,334.0,0.0,0.0,Japan
Tokyo,JP,2021-12-25,12:00:00,1640408400,6.5,3.3,12.8,38.5,337.0,4.9,0.0,Japan
Tokyo,JP,2021-12-26,12:00:00,1640494800,1.3,-2.0,5.5,37.4,342.0,0.3,0.21,Japan
Tokyo,JP,2021-12-27,12:00:00,1640581200,-0.2,-4.5,5.2,20.1,308.0,0.0,0.0,Japan
Tokyo,JP,2021-12-28,12:00:00,1640667600,1.6,-3.1,7.8,20.2,346.0,0.0,0.0,Japan
Tokyo,JP,2021-12-29,12:00:00,1640754000,1.0,-3.7,6.5,17.4,354.0,0.0,0.0,Japan
Tokyo,JP,2021-12-30,12:00:00,1640840400,3.4,-2.6,12.0,30.7,354.0,1.0,0.0,Japan
Tokyo,JP,2021-12-31,12:00:00,1640926800,1.0,-1.8,5.8,39.7,344.0,0.0,0.0,Japan
Tokyo,JP,2022-01-01,12:00:00,1641013200,1.4,-2.4,6.0,39.2,323.0,0.0,0.0,Japan
Tokyo,JP,2022-01-02,12:00:00,1641099600,1.5,-1.6,6.1,23.1,346.0,0.0,0.0,Japan
Tokyo,JP,2022-01-03,12:00:00,1641186000,4.0,-0.9,8.9,30.4,341.0,0.0,0.0,Japan
Tokyo,JP,2022-01-04,12:00:00,1641272400,2.4,-2.7,10.9,41.4,346.0,0.1,0.0,Japan
Tokyo,JP,2022-01-05,12:00:00,1641358800,2.1,-1.2,6.9,35.9,345.0,0.0,0.0,Japan
Tokyo,JP,2022-01-06,12:00:00,1641445200,-1.0,-2.9,0.8,16.0,339.0,7.2,5.04,Japan
Tokyo,JP,2022-01-07,12:00:00,1641531600,0.1,-7.8,7.4,32.1,350.0,0.0,0.0,Japan
Tokyo,JP,2022-01-08,12:00:00,1641618000,3.5,0.3,8.4,24.0,351.0,0.0,0.0,Japan
Tokyo,JP,2022-01-09,12:00:00,1641704400,3.5,-2.7,10.5,18.5,333.0,0.0,0.0,Japan
Tokyo,JP,2022-01-10,12:00:00,1641790800,5.1,2.9,8.7,19.9,360.0,0.0,0.0,Japan
Tokyo,JP,2022-01-11,12:00:00,1641877200,4.4,2.7,6.2,20.3,333.0,14.6,0.0,Japan
Tokyo,JP,2022-01-12,12:00:00,1641963600,3.1,-0.1,7.6,32.4,329.0,0.0,0.0,Japan
Tokyo,JP,2022-01-13,12:00:00,1642050000,3.3,-0.0,9.6,34.8,306.0,0.0,0.0,Japan
Tokyo,JP,2022-01-14,12:00:00,1642136400,2.5,-2.3,7.6,42.2,310.0,0.0,0.0,Japan
Tokyo,JP,2022-01-15,12:00:00,1642222800,3.0,-2.5,9.3,29.7,328.0,0.0,0.0,Japan
Tokyo,JP,2022-01-16,12:00:00,1642309200,2.8,-2.7,10.2,16.5,350.0,0.0,0.0,Japan
Tokyo,JP,2022-01-17,12:00:00,1642395600,3.6,-1.7,9.7,25.8,328.0,0.1,0.0,Japan
Tokyo,JP,2022-01-18,12:00:00,1642482000,2.2,-1.9,7.1,37.0,336.0,0.0,0.0,Japan
Tokyo,JP,2022-01-19,12:00:00,1642568400,2.2,-1.4,6.6,23.8,333.0,0.0,0.0,Japan
Tokyo,JP,2022-01-20,12:00:00,1642654800,1.6,-2.6,6.6,39.3,331.0,0.0,0.0,Japan
Tokyo,JP,2022-01-21,12:00:00,1642741200,1.3,-2.5,6.3,40.4,328.0,0.0,0.0,Japan
Tokyo,JP,2022-01-22,12:00:00,1642827600,2.6,-1.9,8.2,20.9,329.0,0.0,0.0,Japan
Tokyo,JP,2022-01-23,12:00:00,1642914000,3.3,-2.1,8.4,18.1,337.0,1.2,0.0,Japan
Tokyo,JP,2022-01-24,12:00:00,1643000400,4.8,0.5,9.5,34.7,1.0,0.7,0.0,Japan
Tokyo,JP,2022-01-25,12:00:00,1643086800,3.1,-2.5,8.0,14.8,51.0,0.2,0.0,Japan
Tokyo,JP,2022-01-26,12:00:00,1643173200,4.6,2.1,8.4,20.5,350.0,0.0,0.0,Japan
Tokyo,JP,2022-01-27,12:00:00,1643259600,5.3,1.1,10.3,30.2,340.0,0.0,0.0,Japan
Tokyo,JP,2022-01-28,12:00:00,1643346000,5.1,2.6,8.5,27.2,354.0,0.0,0.0,Japan
Tokyo,JP,2022-01-29,12:00:00,1643432400,3.3,-0.4,8.3,20.7,32.0,0.0,0.0,Japan
Tokyo,JP,2022-01-30,12:00:00,1643518800,2.9,-1.2,7.4,30.0,340.0,0.0,0.0,Japan
Tokyo,JP,2022-01-31,12:00:00,1643605200,3.3,-0.5,8.7,32.0,351.0,0.0,0.0,Japan
Tokyo,JP,2022-02-01,12:00:00,1643691600,2.8,-2.5,8.1,21.3,352.0,0.0,0.0,Japan
Tokyo,JP,2022-02-02,12:00:00,1643778000,3.6,-1.0,10.2,30.5,327.0,0.0,0.0,Japan
Tokyo,JP,2022-02-03,12:00:00,1643864400,3.0,-3.3,9.7,23.0,337.0,0.0,0.0,Japan
Tokyo,JP,2022-02-04,12:00:00,1643950800,3.2,-2.7,8.1,19.8,25.0,0.0,0.0,Japan
Tokyo,JP,2022-02-05,12:00:00,1644037200,2.2,-0.8,7.1,34.8,336.0,0.3,0.14,Japan
Tokyo,JP,2022-02-06,12:00:00,1644123600,0.9,-2.7,6.2,25.8,329.0,0.0,0.0,Japan
Tokyo,JP,2022-02-07,12:00:00,1644210000,2.3,-3.6,8.0,17.6,332.0,0.0,0.0,Japan
Tokyo,JP,2022-02-08,12:00:00,1644296400,3.4,-0.3,8.3,17.6,359.0,0.1,0.0,Japan
Tokyo,JP,2022-02-09,12:00:00,1644382800,4.3,-0.8,9.2,22.6,23.0,0.0,0.0,Japan
Tokyo,JP,2022-02-10,12:00:00,1644469200,1.4,0.7,3.1,29.5,342.0,27.4,13.44,Japan
Tokyo,JP,2022-02-11,12:00:00,1644555600,3.3,0.5,8.9,24.9,17.0,2.4,1.26,Japan
Tokyo,JP,2022-02-12,12:00:00,1644642000,3.0,-3.0,8.4,13.5,318.0,0.0,0.0,Japan
Tokyo,JP,2022-02-13,12:00:00,1644728400,1.9,-2.1,5.2,23.5,353.0,22.0,1.61,Japan
Tokyo,JP,2022-02-14,12:00:00,1644814800,3.4,0.7,8.6,24.7,19.0,3.2,0.84,Japan
Tokyo,JP,2022-02-15,12:00:00,1644901200,3.7,-2.0,11.1,24.9,294.0,0.0,0.0,Japan
Tokyo,JP,2022-02-16,12:00:00,1644987600,4.2,-0.8,9.7,17.2,336.0,0.6,0.21,Japan
Tokyo,JP,2022-02-17,12:00:00,1645074000,2.2,-1.8,7.3,34.3,313.0,0.0,0.0,Japan
Tokyo,JP,2022-02-18,12:00:00,1645160400,3.5,-2.4,9.7,37.9,313.0,0.1,0.0,Japan
Tokyo,JP,2022-02-19,12:00:00,1645246800,3.9,-1.7,9.0,20.9,353.0,7.0,0.0,Japan
Tokyo,JP,2022-02-20,12:00:00,1645333200,5.1,0.8,8.4,34.8,344.0,10.8,0.0,Japan
Tokyo,JP,2022-02-21,12:00:00,1645419600,2.0,-1.0,7.0,38.0,345.0,0.0,0.0,Japan
Tokyo,JP,2022-02-22,12:00:00,1645506000,1.4,-4.4,6.4,24.7,349.0,0.0,0.0,Japan
Tokyo,JP,2022-02-23,12:00:00,1645592400,1.8,-3.5,8.3,29.3,346.0,0.0,0.0,Japan
Tokyo,JP,2022-02-24,12:00:00,1645678800,2.2,-2.6,7.8,30.6,343.0,0.0,0.0,Japan
Tokyo,JP,2022-02-25,12:00:00,1645765200,4.5,-1.7,10.7,22.5,323.0,0.0,0.0,Japan
Tokyo,JP,2022-02-26,12:00:00,1645851600,5.9,-1.0,12.0,32.6,212.0,0.0,0.0,Japan
Tokyo,JP,2022-02-27,12:00:00,1645938000,7.2,0.9,16.5,41.4,332.0,0.1,0.0,Japan
Tokyo,JP,2022-02-28,12:00:00,1646024400,7.0,0.1,12.8,23.3,289.0,0.0,0.0,Japan
Tokyo,JP,2022-03-01,12:00:00,1646110800,7.8,1.2,15.3,22.5,327.0,0.3,0.0,Japan
Tokyo,JP,2022-03-02,12:00:00,1646197200,9.3,6.1,13.8,23.4,36.0,2.6,0.0,Japan
Tokyo,JP,2022-03-03,12:00:00,1646283600,8.5,4.3,13.2,30.1,351.0,0.1,0.0,Japan
Tokyo,JP,2022-03-04,12:00:00,1646370000,6.8,3.0,11.1,29.5,108.0,0.0,0.0,Japan
Tokyo,JP,2022-03-05,12:00:00,1646456400,9.3,2.8,16.4,49.9,224.0,0.0,0.0,Japan
Tokyo,JP,2022-03-06,12:00:00,1646542800,7.2,3.8,11.8,44.3,327.0,0.5,0.0,Japan
Tokyo,JP,2022-03-07,12:00:00,1646629200,6.8,0.0,12.1,33.7,326.0,0.0,0.0,Japan
Tokyo,JP,2022-03-08,12:00:00,1646715600,5.3,3.0,7.4,23.7,356.0,0.6,0.0,Japan
Tokyo,JP,2022-03-09,12:00:00,1646802000,6.9,1.4,12.6,22.0,21.0,0.0,0.0,Japan
Tokyo,JP,2022-03-10,12:00:00,1646888400,7.5,0.2,13.7,17.3,121.0,0.0,0.0,Japan
Tokyo,JP,2022-03-11,12:00:00,1646974800,10.2,2.9,17.8,29.7,227.0,0.0,0.0,Japan
Tokyo,JP,2022-03-12,12:00:00,1647061200,13.3,5.3,20.4,19.5,252.0,0.2,0.0,Japan
Tokyo,JP,2022-03-13,12:00:00,1647147600,13.5,7.3,19.2,33.9,236.0,0.0,0.0,Japan
Tokyo,JP,2022-03-14,12:00:00,1647234000,16.4,8.5,22.1,38.4,178.0,3.9,0.0,Japan
Tokyo,JP,2022-03-15,12:00:00,1647320400,12.3,7.4,20.2,29.4,4.0,0.9,0.0,Japan
Tokyo,JP,2022-03-16,12:00:00,1647406800,12.4,6.0,20.5,26.7,114.0,0.0,0.0,Japan
Tokyo,JP,2022-03-17,12:00:00,1647493200,12.9,6.3,19.5,25.7,94.0,2.7,0.0,Japan
Tokyo,JP,2022-03-18,12:00:00,1647579600,5.9,4.0,10.2,34.6,14.0,38.5,0.0,Japan
Tokyo,JP,2022-03-19,12:00:00,1647666000,9.9,4.8,15.9,45.8,322.0,21.1,0.0,Japan
Tokyo,JP,2022-03-20,12:00:00,1647752400,8.8,5.0,12.8,26.7,337.0,0.0,0.0,Japan
Tokyo,JP,2022-03-21,12:00:00,1647838800,8.6,4.9,11.9,16.9,85.0,2.8,0.0,Japan
Tokyo,JP,2022-03-22,12:00:00,1647925200,3.7,1.1,8.1,22.1,11.0,17.0,2.73,Japan
Tokyo,JP,2022-03-23,12:00:00,1648011600,4.4,-1.3,10.8,19.2,12.0,1.0,0.07,Japan
Tokyo,JP,2022-03-24,12:00:00,1648098000,7.1,1.4,12.8,16.7,359.0,1.2,0.0,Japan
Tokyo,JP,2022-03-25,12:00:00,1648184400,10.0,4.3,15.7,25.6,199.0,0.0,0.0,Japan
Tokyo,JP,2022-03-26,12:00:00,1648270800,14.6,10.1,17.2,46.5,190.0,10.7,0.0,Japan
Tokyo,JP,2022-03-27,12:00:00,1648357200,15.5,11.9,20.0,32.8,354.0,5.4,0.0,Japan
Tokyo,JP,2022-03-28,12:00:00,1648443600,12.0,8.7,16.1,31.1,349.0,2.6,0.0,Japan
Tokyo,JP,2022-03-29,12:00:00,1648530000,9.1,7.5,12.0,15.1,348.0,0.6,0.0,Japan
Tokyo,JP,2022-03-30,12:00:00,1648616400,12.6,6.6,18.6,34.6,183.0,0.4,0.0,Japan
Tokyo,JP,2022-03-31,12:00:00,1648702800,13.8,9.2,21.4,30.5,51.0,7.0,0.0,Japan
Tokyo,JP,2022-04-01,12:00:00,1648789200,6.9,3.0,11.3,31.9,8.0,19.9,0.0,Japan
Tokyo,JP,2022-04-02,12:00:00,1648875600,6.6,1.0,11.1,23.9,74.0,0.0,0.0,Japan
Tokyo,JP,2022-04-03,12:00:00,1648962000,7.7,5.1,9.5,24.4,340.0,12.4,0.0,Japan
Tokyo,JP,2022-04-04,12:00:00,1649048400,8.6,6.9,10.0,33.8,343.0,44.7,0.0,Japan
Tokyo,JP,2022-04-05,12:00:00,1649134800,11.4,8.0,16.2,33.0,13.0,1.5,0.0,Japan
Tokyo,JP,2022-04-06,12:00:00,1649221200,13.7,9.3,19.4,25.4,194.0,0.0,0.0,Japan
Tokyo,JP,2022-04-07,12:00:00,1649307600,12.9,8.6,17.4,22.6,59.0,0.0,0.0,Japan
Tokyo,JP,2022-04-08,12:00:00,1649394000,13.5,8.5,19.2,28.9,236.0,0.0,0.0,Japan
Tokyo,JP,2022-04-09,12:00:00,1649480400,14.7,6.7,21.4,34.9,206.0,0.0,0.0,Japan
Tokyo,JP,2022-04-10,12:00:00,1649566800,17.3,10.8,24.3,19.7,209.0,0.0,0.0,Japan
Tokyo,JP,2022-04-11,12:00:00,1649653200,17.2,11.0,22.7,36.4,187.0,0.0,0.0,Japan
Tokyo,JP,2022-04-12,12:00:00,1649739600,18.0,12.3,23.7,24.6,194.0,0.0,0.0,Japan
Tokyo,JP,2022-04-13,12:00:00,1649826000,18.7,12.4,24.9,26.0,201.0,0.0,0.0,Japan
Tokyo,JP,2022-04-14,12:00:00,1649912400,12.7,10.4,17.8,26.5,35.0,4.4,0.0,Japan
Tokyo,JP,2022-04-15,12:00:00,1649998800,10.4,9.1,12.1,20.7,27.0,13.5,0.0,Japan
Tokyo,JP,2022-04-16,12:00:00,1650085200,10.7,7.7,18.1,29.2,5.0,0.4,0.0,Japan
Tokyo,JP,2022-04-17,12:00:00,1650171600,11.3,6.8,15.0,13.0,348.0,5.0,0.0,Japan
Tokyo,JP,2022-04-18,12:00:00,1650258000,13.5,9.6,18.2,27.8,357.0,19.2,0.0,Japan
Tokyo,JP,2022-04-19,12:00:00,1650344400,14.2,8.5,18.9,21.7,117.0,0.8,0.0,Japan
Tokyo,JP,2022-04-20,12:00:00,1650430800,12.4,9.5,15.5,22.1,18.0,8.8,0.0,Japan
Tokyo,JP,2022-04-21,12:00:00,1650517200,14.9,9.8,20.1,19.8,216.0,11.5,0.0,Japan
Tokyo,JP,2022-04-22,12:00:00,1650603600,18.5,13.5,24.1,24.1,216.0,34.6,0.0,Japan
Tokyo,JP,2022-04-23,12:00:00,1650690000,18.9,14.1,23.6,20.0,40.0,0.0,0.0,Japan
Tokyo,JP,2022-04-24,12:00:00,1650776400,16.4,14.3,18.2,21.8,357.0,15.2,0.0,Japan
Tokyo,JP,2022-04-25,12:00:00,1650862800,18.0,11.0,24.4,18.2,190.0,0.0,0.0,Japan
Tokyo,JP,2022-04-26,12:00:00,1650949200,19.7,16.3,22.4,54.6,191.0,3.0,0.0,Japan
Tokyo,JP,2022-04-27,12:00:00,1651035600,22.5,18.8,26.1,57.2,206.0,2.6,0.0,Japan
Tokyo,JP,2022-04-28,12:00:00,1651122000,15.4,12.6,18.2,21.6,53.0,0.4,0.0,Japan
Tokyo,JP,2022-04-29,12:00:00,1651208400,12.7,9.6,15.8,52.9,360.0,41.7,0.0,Japan
Tokyo,JP,2022-04-30,12:00:00,1651294800,11.6,6.4,16.7,28.0,69.0,0.0,0.0,Japan
Tokyo,JP,2022-05-01,12:00:00,1651381200,12.6,9.3,16.0,25.7,143.0,13.2,0.0,Japan
Tokyo,JP,2022-05-02,12:00:00,1651467600,12.7,7.6,17.3,33.6,93.0,0.0,0.0,Japan
Tokyo,JP,2022-05-03,12:00:00,1651554000,13.4,8.4,18.0,18.3,278.0,0.2,0.0,Japan
Tokyo,JP,2022-05-04,12:00:00,1651640400,15.9,8.6,22.1,31.2,205.0,0.0,0.0,Japan
Tokyo,JP,2022-05-05,12:00:00,1651726800,17.8,12.1,23.7,21.3,193.0,0.0,0.0,Japan
Tokyo,JP,2022-05-06,12:00:00,1651813200,18.1,13.1,23.6,28.9,187.0,0.1,0.0,Japan
Tokyo,JP,2022-05-07,12:00:00,1651899600,17.8,13.9,21.6,23.9,102.0,1.3,0.0,Japan
Tokyo,JP,2022-05-08,12:00:00,1651986000,17.4,14.6,22.3,34.6,1.0,3.0,0.0,Japan
Tokyo,JP,2022-05-09,12:00:00,1652072400,14.0,11.8,16.4,25.6,22.0,8.6,0.0,Japan
Tokyo,JP,2022-05-10,12:00:00,1652158800,15.3,10.0,21.2,22.3,21.0,1.3,0.0,Japan
Tokyo,JP,2022-05-11,12:00:00,1652245200,16.7,10.3,22.4,13.0,260.0,0.0,0.0,Japan
Tokyo,JP,2022-05-12,12:00:00,1652331600,18.7,14.6,23.4,25.5,185.0,8.5,0.0,Japan
Tokyo,JP,2022-05-13,12:00:00,1652418000,18.7,17.4,20.2,16.0,3.0,44.7,0.0,Japan
Tokyo,JP,2022-05-14,12:00:00,1652504400,21.2,17.0,25.9,44.1,257.0,39.0,0.0,Japan
Tokyo,JP,2022-05-15,12:00:00,1652590800,16.3,14.2,18.8,27.8,60.0,3.6,0.0,Japan
Tokyo,JP,2022-05-16,12:00:00,1652677200,14.7,13.9,15.5,24.4,6.0,7.6,0.0,Japan
Tokyo,JP,2022-05-17,12:00:00,1652763600,15.6,13.1,17.8,10.8,321.0,1.5,0.0,Japan
Tokyo,JP,2022-05-18,12:00:00,1652850000,17.0,10.6,22.7,19.5,189.0,0.0,0.0,Japan
Tokyo,JP,2022-05-19,12:00:00,1652936400,18.7,12.1,24.5,29.0,195.0,0.0,0.0,Japan
Tokyo,JP,2022-05-20,12:00:00,1653022800,19.5,13.8,24.3,22.4,195.0,0.0,0.0,Japan
Tokyo,JP,2022-05-21,12:00:00,1653109200,17.9,16.2,20.5,17.4,212.0,6.4,0.0,Japan
Tokyo,JP,2022-05-22,12:00:00,1653195600,18.7,15.0,24.5,24.1,19.0,1.9,0.0,Japan
Tokyo,JP,2022-05-23,12:00:00,1653282000,18.6,15.9,23.6,26.4,65.0,0.6,0.0,Japan
Tokyo,JP,2022-05-24,12:00:00,1653368400,19.7,15.6,24.1,29.6,177.0,0.0,0.0,Japan
Tokyo,JP,2022-05-25,12:00:00,1653454800,20.7,16.6,25.8,30.7,189.0,0.4,0.0,Japan
Tokyo,JP,2022-05-26,12:00:00,1653541200,20.8,16.8,25.4,32.7,177.0,0.1,0.0,Japan
Tokyo,JP,2022-05-27,12:00:00,1653627600,20.5,17.2,24.5,42.9,170.0,28.2,0.0,Japan
Tokyo,JP,2022-05-28,12:00:00,1653714000,20.8,15.3,25.2,18.3,324.0,0.1,0.0,Japan
Tokyo,JP,2022-05-29,12:00:00,1653800400,21.5,14.8,27.9,28.7,211.0,0.0,0.0,Japan
Tokyo,JP,2022-05-30,12:00:00,1653886800,21.3,17.2,26.6,28.4,84.0,0.0,0.0,Japan
Tokyo,JP,2022-05-31,12:00:00,1653973200,20.0,17.4,23.3,21.0,41.0,17.1,0.0,Japan
Tokyo,JP,2022-06-01,12:00:00,1654059600,20.8,16.3,25.8,19.7,48.0,0.0,0.0,Japan
Tokyo,JP,2022-06-02,12:00:00,1654146000,21.2,15.5,25.9,35.2,195.0,0.0,0.0,Japan
Tokyo,JP,2022-06-03,12:00:00,1654232400,20.2,16.6,25.9,23.2,12.0,9.5,0.0,Japan
Tokyo,JP,2022-06-04,12:00:00,1654318800,19.4,14.9,24.0,22.8,150.0,0.0,0.0,Japan
Tokyo,JP,2022-06-05,12:00:00,1654405200,20.1,15.9,24.3,25.2,159.0,4.3,0.0,Japan
Tokyo,JP,2022-06-06,12:00:00,1654491600,17.5,15.6,19.1,30.4,62.0,38.2,0.0,Japan
Tokyo,JP,2022-06-07,12:00:00,1654578000,17.6,15.3,20.0,30.1,17.0,1.9,0.0,Japan
Tokyo,JP,2022-06-08,12:00:00,1654664400,16.9,14.5,20.0,18.7,53.0,3.9,0.0,Japan
Tokyo,JP,2022-06-09,12:00:00,1654750800,18.5,14.8,22.6,18.3,73.0,2.2,0.0,Japan
Tokyo,JP,2022-06-10,12:00:00,1654837200,19.9,15.2,24.6,20.3,169.0,1.1,0.0,Japan
Tokyo,JP,2022-06-11,12:00:00,1654923600,20.8,17.9,24.7,17.0,161.0,3.3,0.0,Japan
Tokyo,JP,2022-06-12,12:00:00,1655010000,20.2,16.8,25.5,28.8,352.0,5.8,0.0,Japan
Tokyo,JP,2022-06-13,12:00:00,1655096400,19.5,15.4,24.8,31.1,59.0,0.0,0.0,Japan
Tokyo,JP,2022-06-14,12:00:00,1655182800,17.0,14.6,19.2,22.8,37.0,4.8,0.0,Japan
Tokyo,JP,2022-06-15,12:00:00,1655269200,17.4,14.5,20.0,16.4,359.0,4.7,0.0,Japan
Tokyo,JP,2022-06-16,12:00:00,1655355600,19.7,15.2,24.0,24.9,212.0,0.0,0.0,Japan
Tokyo,JP,2022-06-17,12:00:00,1655442000,22.2,18.2,26.3,12.8,151.0,0.0,0.0,Japan
Tokyo,JP,2022-06-18,12:00:00,1655528400,21.9,18.7,25.3,27.9,177.0,8.6,0.0,Japan
Tokyo,JP,2022-06-19,12:00:00,1655614800,23.3,19.0,27.3,24.9,193.0,0.0,0.0,Japan
Tokyo,JP,2022-06-20,12:00:00,1655701200,24.1,19.9,29.6,24.9,191.0,0.0,0.0,Japan
Tokyo,JP,2022-06-21,12:00:00,1655787600,24.1,21.0,29.2,19.8,109.0,4.1,0.0,Japan
Tokyo,JP,2022-06-22,12:00:00,1655874000,23.7,20.8,27.8,22.7,88.0,15.9,0.0,Japan
Tokyo,JP,2022-06-23,12:00:00,1655960400,23.6,21.0,27.8,20.1,128.0,0.5,0.0,Japan
Tokyo,JP,2022-06-24,12:00:00,1656046800,25.8,21.6,29.6,49.6,202.0,0.0,0.0,Japan
Tokyo,JP,2022-06-25,12:00:00,1656133200,28.1,24.8,33.3,48.5,209.0,0.0,0.0,Japan
Tokyo,JP,2022-06-26,12:00:00,1656219600,27.6,23.4,32.7,32.3,208.0,0.0,0.0,Japan
Tokyo,JP,2022-06-27,12:00:00,1656306000,27.9,21.9,34.0,20.7,190.0,0.0,0.0,Japan
Tokyo,JP,2022-06-28,12:00:00,1656392400,27.7,23.3,32.2,20.5,184.0,0.0,0.0,Japan
Tokyo,JP,2022-06-29,12:00:00,1656478800,28.5,23.6,34.1,26.0,192.0,0.0,0.0,Japan
Tokyo,JP,2022-06-30,12:00:00,1656565200,29.5,23.6,36.0,19.0,147.0,0.0,0.0,Japan
Tokyo,JP,2022-07-01,12:00:00,1656651600,29.9,25.2,36.6,24.5,173.0,0.2,0.0,Japan
Tokyo,JP,2022-07-02,12:00:00,1656738000,29.4,25.2,34.9,27.7,186.0,0.0,0.0,Japan
Tokyo,JP,2022-07-03,12:00:00,1656824400,28.8,25.2,34.6,28.1,214.0,0.3,0.0,Japan
Tokyo,JP,2022-07-04,12:00:00,1656910800,26.5,24.2,30.3,26.3,205.0,0.9,0.0,Japan
Tokyo,JP,2022-07-05,12:00:00,1656997200,26.1,23.6,31.6,33.9,189.0,16.6,0.0,Japan
Tokyo,JP,2022-07-06,12:00:00,1657083600,25.8,23.0,31.1,35.7,29.0,5.3,0.0,Japan
Tokyo,JP,2022-07-07,12:00:00,1657170000,25.1,22.2,29.6,25.5,35.0,1.8,0.0,Japan
Tokyo,JP,2022-07-08,12:00:00,1657256400,24.8,21.3,30.0,28.9,39.0,0.0,0.0,Japan
Tokyo,JP,2022-07-09,12:00:00,1657342800,25.3,20.8,30.5,29.9,199.0,0.0,0.0,Japan
Tokyo,JP,2022-07-10,12:00:00,1657429200,26.0,23.5,30.1,31.7,189.0,1.8,0.0,Japan
Tokyo,JP,2022-07-11,12:00:00,1657515600,27.2,22.7,33.0,23.5,162.0,0.1,0.0,Japan
Tokyo,JP,2022-07-12,12:00:00,1657602000,26.3,24.1,29.6,21.2,148.0,14.7,0.0,Japan
Tokyo,JP,2022-07-13,12:00:00,1657688400,24.7,23.0,27.6,19.9,125.0,22.0,0.0,Japan
Tokyo,JP,2022-07-14,12:00:00,1657774800,24.3,21.9,27.4,18.4,76.0,7.9,0.0,Japan
Tokyo,JP,2022-07-15,12:00:00,1657861200,24.4,22.5,26.5,18.2,144.0,42.6,0.0,Japan
Tokyo,JP,2022-07-16,12:00:00,1657947600,24.0,22.4,26.4,27.3,190.0,7.1,0.0,Japan
Tokyo,JP,2022-07-17,12:00:00,1658034000,25.4,22.4,28.4,29.6,192.0,3.9,0.0,Japan
Tokyo,JP,2022-07-18,12:00:00,1658120400,26.4,22.4,30.4,18.9,200.0,0.0,0.0,Japan
Tokyo,JP,2022-07-19,12:00:00,1658206800,26.4,24.3,28.9,27.1,217.0,6.4,0.0,Japan
Tokyo,JP,2022-07-20,12:00:00,1658293200,28.3,23.4,33.1,33.2,348.0,0.7,0.0,Japan
Tokyo,JP,2022-07-21,12:00:00,1658379600,27.1,24.0,31.1,26.6,177.0,1.5,0.0,Japan
Tokyo,JP,2022-07-22,12:00:00,1658466000,27.4,25.0,30.4,34.6,186.0,1.2,0.0,Japan
Tokyo,JP,2022-07-23,12:00:00,1658552400,27.4,23.4,31.2,19.1,196.0,1.5,0.0,Japan
Tokyo,JP,2022-07-24,12:00:00,1658638800,27.2,23.2,31.6,33.3,199.0,0.2,0.0,Japan
Tokyo,JP,2022-07-25,12:00:00,1658725200,27.8,24.1,32.5,32.4,194.0,0.0,0.0,Japan
Tokyo,JP,2022-07-26,12:00:00,1658811600,26.6,24.9,28.5,34.4,194.0,8.9,0.0,Japan
Tokyo,JP,2022-07-27,12:00:00,1658898000,27.8,25.4,31.0,34.6,195.0,0.0,0.0,Japan
Tokyo,JP,2022-07-28,12:00:00,1658984400,27.7,25.0,31.4,19.7,208.0,4.0,0.0,Japan
Tokyo,JP,2022-07-29,12:00:00,1659070800,27.5,23.2,32.2,28.9,198.0,0.0,0.0,Japan
Tokyo,JP,2022-07-30,12:00:00,1659157200,28.4,24.5,32.4,21.7,196.0,0.0,0.0,Japan
Tokyo,JP,2022-07-31,12:00:00,1659243600,29.9,25.3,34.4,21.1,189.0,0.0,0.0,Japan
Tokyo,JP,2022-08-01,12:00:00,1659330000,30.1,26.2,34.8,23.8,182.0,0.0,0.0,Japan
Tokyo,JP,2022-08-02,12:00:00,1659416400,31.1,26.1,36.1,20.6,175.0,0.0,0.0,Japan
Tokyo,JP,2022-08-03,12:00:00,1659502800,31.8,26.4,36.5,22.7,344.0,1.0,0.0,Japan
Tokyo,JP,2022-08-04,12:00:00,1659589200,25.5,22.6,28.0,18.9,87.0,22.7,0.0,Japan
Tokyo,JP,2022-08-05,12:00:00,1659675600,24.2,21.7,27.3,18.2,51.0,3.8,0.0,Japan
Tokyo,JP,2022-08-06,12:00:00,1659762000,24.2,21.3,27.6,16.9,146.0,0.0,0.0,Japan
Tokyo,JP,2022-08-07,12:00:00,1659848400,26.9,23.4,30.6,20.5,165.0,0.9,0.0,Japan
Tokyo,JP,2022-08-08,12:00:00,1659934800,28.4,25.8,31.4,39.0,196.0,0.0,0.0,Japan
Tokyo,JP,2022-08-09,12:00:00,1660021200,29.0,25.9,33.0,43.8,203.0,0.0,0.0,Japan
Tokyo,JP,2022-08-10,12:00:00,1660107600,29.0,26.2,32.7,43.5,197.0,0.0,0.0,Japan
Tokyo,JP,2022-08-11,12:00:00,1660194000,28.4,25.8,32.0,46.1,193.0,0.6,0.0,Japan
Tokyo,JP,2022-08-12,12:00:00,1660280400,28.1,25.8,31.5,42.0,199.0,0.9,0.0,Japan
Tokyo,JP,2022-08-13,12:00:00,1660366800,26.8,24.2,30.5,51.2,188.0,27.4,0.0,Japan
Tokyo,JP,2022-08-14,12:00:00,1660453200,28.3,24.7,32.4,26.2,210.0,1.6,0.0,Japan
Tokyo,JP,2022-08-15,12:00:00,1660539600,28.5,25.0,31.9,21.0,198.0,0.3,0.0,Japan
Tokyo,JP,2022-08-16,12:00:00,1660626000,29.5,26.2,34.0,38.5,217.0,0.0,0.0,Japan
Tokyo,JP,2022-08-17,12:00:00,1660712400,27.7,23.6,31.8,18.4,77.0,5.7,0.0,Japan
Tokyo,JP,2022-08-18,12:00:00,1660798800,25.7,22.8,29.1,31.8,295.0,10.6,0.0,Japan
Tokyo,JP,2022-08-19,12:00:00,1660885200,26.5,21.8,31.1,36.4,261.0,0.0,0.0,Japan
Tokyo,JP,2022-08-20,12:00:00,1660971600,25.8,21.8,30.0,19.7,141.0,4.0,0.0,Japan
Tokyo,JP,2022-08-21,12:00:00,1661058000,26.0,23.5,30.0,16.9,29.0,4.1,0.0,Japan
Tokyo,JP,2022-08-22,12:00:00,1661144400,25.5,23.5,28.7,20.0,52.0,1.1,0.0,Japan
Tokyo,JP,2022-08-23,12:00:00,1661230800,27.3,23.7,30.6,30.4,192.0,0.1,0.0,Japan
Tokyo,JP,2022-08-24,12:00:00,1661317200,27.3,24.3,32.7,26.2,41.0,2.6,0.0,Japan
Tokyo,JP,2022-08-25,12:00:00,1661403600,26.0,23.2,30.3,19.3,76.0,0.0,0.0,Japan
Tokyo,JP,2022-08-26,12:00:00,1661490000,27.3,23.9,30.8,21.0,172.0,0.8,0.0,Japan
Tokyo,JP,2022-08-27,12:00:00,1661576400,28.3,25.4,32.6,33.5,189.0,0.2,0.0,Japan
Tokyo,JP,2022-08-28,12:00:00,1661662800,23.6,20.3,25.4,22.7,24.0,5.1,0.0,Japan
Tokyo,JP,2022-08-29,12:00:00,1661749200,22.3,19.7,26.9,19.4,31.0,1.2,0.0,Japan
Tokyo,JP,2022-08-30,12:00:00,1661835600,23.2,19.3,28.3,18.4,34.0,1.1,0.0,Japan
Tokyo,JP,2022-08-31,12:00:00,1661922000,26.7,22.0,31.3,40.2,189.0,0.2,0.0,Japan
Tokyo,JP,2022-09-01,12:00:00,1662008400,27.8,25.0,31.5,32.4,198.0,1.6,0.0,Japan
Tokyo,JP,2022-09-02,12:00:00,1662094800,24.1,22.4,25.2,26.8,38.0,16.7,0.0,Japan
Tokyo,JP,2022-09-03,12:00:00,1662181200,24.2,21.6,28.4,14.0,47.0,1.3,0.0,Japan
Tokyo,JP,2022-09-04,12:00:00,1662267600,25.0,21.2,30.2,16.6,91.0,0.0,0.0,Japan
Tokyo,JP,2022-09-05,12:00:00,1662354000,25.5,22.3,29.8,17.8,103.0,0.6,0.0,Japan
Tokyo,JP,2022-09-06,12:00:00,1662440400,26.6,22.9,30.5,39.3,178.0,0.6,0.0,Japan
Tokyo,JP,2022-09-07,12:00:00,1662526800,26.7,24.2,29.5,20.6,197.0,8.4,0.0,Japan
Tokyo,JP,2022-09-08,12:00:00,1662613200,24.5,21.5,27.5,25.0,33.0,22.1,0.0,Japan
Tokyo,JP,2022-09-09,12:00:00,1662699600,24.1,21.5,28.0,15.8,28.0,0.5,0.0,Japan
Tokyo,JP,2022-09-10,12:00:00,1662786000,24.0,20.3,28.1,25.3,38.0,0.0,0.0,Japan
Tokyo,JP,2022-09-11,12:00:00,1662872400,22.7,19.2,26.9,23.0,15.0,0.2,0.0,Japan
Tokyo,JP,2022-09-12,12:00:00,1662958800,24.6,21.5,29.6,23.3,29.0,0.0,0.0,Japan
Tokyo,JP,2022-09-13,12:00:00,1663045200,25.7,22.1,31.3,12.9,48.0,0.1,0.0,Japan
Tokyo,JP,2022-09-14,12:00:00,1663131600,25.4,22.1,30.6,24.8,57.0,0.0,0.0,Japan
Tokyo,JP,2022-09-15,12:00:00,1663218000,22.9,20.1,26.6,20.1,59.0,0.0,0.0,Japan
Tokyo,JP,2022-09-16,12:00:00,1663304400,23.7,17.5,29.6,23.9,105.0,0.0,0.0,Japan
Tokyo,JP,2022-09-17,12:00:00,1663390800,25.9,20.5,31.3,17.1,81.0,0.0,0.0,Japan
Tokyo,JP,2022-09-18,12:00:00,1663477200,25.3,23.9,27.7,28.7,156.0,31.3,0.0,Japan
Tokyo,JP,2022-09-19,12:00:00,1663563600,26.5,24.4,29.5,47.3,187.0,14.1,0.0,Japan
Tokyo,JP,2022-09-20,12:00:00,1663650000,23.4,17.9,28.8,52.8,221.0,19.1,0.0,Japan
Tokyo,JP,2022-09-21,12:00:00,1663736400,19.1,16.9,22.8,20.7,31.0,0.5,0.0,Japan
Tokyo,JP,2022-09-22,12:00:00,1663822800,19.0,14.4,25.9,22.8,353.0,1.4,0.0,Japan
Tokyo,JP,2022-09-23,12:00:00,1663909200,22.0,17.9,27.1,17.3,356.0,32.5,0.0,Japan
Tokyo,JP,2022-09-24,12:00:00,1663995600,24.3,22.2,26.6,32.1,171.0,102.5,0.0,Japan
Tokyo,JP,2022-09-25,12:00:00,1664082000,22.0,19.3,26.0,20.1,41.0,0.0,0.0,Japan
Tokyo,JP,2022-09-26,12:00:00,1664168400,21.9,17.5,26.2,11.2,127.0,0.0,0.0,Japan
Tokyo,JP,2022-09-27,12:00:00,1664254800,22.1,18.4,27.5,23.1,61.0,0.0,0.0,Japan
Tokyo,JP,2022-09-28,12:00:00,1664341200,21.5,17.5,25.5,19.0,20.0,0.0,0.0,Japan
Tokyo,JP,2022-09-29,12:00:00,1664427600,21.5,19.2,24.3,14.1,203.0,1.5,0.0,Japan
Tokyo,JP,2022-09-30,12:00:00,1664514000,21.8,17.9,26.7,17.1,28.0,0.0,0.0,Japan
Tokyo,JP,2022-10-01,12:00:00,1664600400,22.0,18.4,27.6,20.0,2.0,0.2,0.0,Japan
Tokyo,JP,2022-10-02,12:00:00,1664686800,21.6,16.5,28.0,16.3,22.0,0.0,0.0,Japan
Tokyo,JP,2022-10-03,12:00:00,1664773200,22.0,18.6,26.3,12.9,6.0,0.1,0.0,Japan
Tokyo,JP,2022-10-04,12:00:00,1664859600,24.1,20.4,28.3,38.8,203.0,0.0,0.0,Japan
Tokyo,JP,2022-10-05,12:00:00,1664946000,20.1,15.4,23.6,27.9,25.0,13.4,0.0,Japan
Tokyo,JP,2022-10-06,12:00:00,1665032400,13.3,11.3,15.1,20.6,15.0,11.9,0.0,Japan
Tokyo,JP,2022-10-07,12:00:00,1665118800,12.3,11.1,14.1,37.1,339.0,42.9,0.0,Japan
Tokyo,JP,2022-10-08,12:00:00,1665205200,16.3,12.1,20.9,17.6,35.0,0.1,0.0,Japan
Tokyo,JP,2022-10-09,12:00:00,1665291600,16.6,12.5,21.2,23.2,0.0,7.1,0.0,Japan
Tokyo,JP,2022-10-10,12:00:00,1665378000,19.7,14.8,24.8,34.5,210.0,8.3,0.0,Japan
Tokyo,JP,2022-10-11,12:00:00,1665464400,20.4,15.6,24.8,33.8,308.0,0.0,0.0,Japan
Tokyo,JP,2022-10-12,12:00:00,1665550800,17.1,15.3,19.7,20.2,6.0,1.0,0.0,Japan
Tokyo,JP,2022-10-13,12:00:00,1665637200,15.9,14.7,17.1,26.4,350.0,6.4,0.0,Japan
Tokyo,JP,2022-10-14,12:00:00,1665723600,17.5,15.4,20.5,27.1,355.0,21.3,0.0,Japan
Tokyo,JP,2022-10-15,12:00:00,1665810000,19.1,16.6,22.7,20.2,355.0,1.3,0.0,Japan
Tokyo,JP,2022-10-16,12:00:00,1665896400,19.4,15.7,23.9,17.0,58.0,0.3,0.0,Japan
Tokyo,JP,2022-10-17,12:00:00,1665982800,19.4,17.3,21.6,15.7,315.0,3.0,0.0,Japan
Tokyo,JP,2022-10-18,12:00:00,1666069200,16.3,13.5,18.0,20.2,22.0,8.0,0.0,Japan
Tokyo,JP,2022-10-19,12:00:00,1666155600,14.3,11.1,17.7,17.9,6.0,1.3,0.0,Japan
Tokyo,JP,2022-10-20,12:00:00,1666242000,13.4,8.0,18.6,17.0,318.0,0.0,0.0,Japan
Tokyo,JP,2022-10-21,12:00:00,1666328400,14.6,8.5,21.2,30.1,230.0,0.0,0.0,Japan
Tokyo,JP,2022-10-22,12:00:00,1666414800,16.2,12.2,21.8,14.1,335.0,0.0,0.0,Japan
Tokyo,JP,2022-10-23,12:00:00,1666501200,16.4,11.1,22.5,20.8,356.0,4.3,0.0,Japan
Tokyo,JP,2022-10-24,12:00:00,1666587600,12.8,11.2,15.4,24.3,18.0,4.9,0.0,Japan
Tokyo,JP,2022-10-25,12:00:00,1666674000,11.8,9.7,14.7,29.6,350.0,0.7,0.0,Japan
Tokyo,JP,2022-10-26,12:00:00,1666760400,12.6,8.8,17.9,29.0,5.0,1.0,0.0,Japan
Tokyo,JP,2022-10-27,12:00:00,1666846800,11.2,6.3,16.6,14.2,340.0,0.0,0.0,Japan
Tokyo,JP,2022-10-28,12:00:00,1666933200,12.9,7.7,18.6,15.4,344.0,0.0,0.0,Japan
Tokyo,JP,2022-10-29,12:00:00,1667019600,14.1,10.0,20.0,24.1,346.0,0.0,0.0,Japan
Tokyo,JP,2022-10-30,12:00:00,1667106000,12.7,8.1,17.5,19.3,358.0,0.0,0.0,Japan
Tokyo,JP,2022-10-31,12:00:00,1667192400,12.6,7.7,18.3,16.6,8.0,0.0,0.0,Japan
Tokyo,JP,2022-11-01,12:00:00,1667278800,12.6,9.3,16.2,18.7,336.0,0.3,0.0,Japan
Tokyo,JP,2022-11-02,12:00:00,1667365200,15.0,8.9,21.5,11.3,307.0,0.0,0.0,Japan
Tokyo,JP,2022-11-03,12:00:00,1667451600,15.7,10.5,22.5,20.9,277.0,0.0,0.0,Japan
Tokyo,JP,2022-11-04,12:00:00,1667538000,15.2,10.2,20.5,23.0,43.0,3.7,0.0,Japan
Tokyo,JP,2022-11-05,12:00:00,1667624400,12.5,10.2,15.7,17.1,2.0,0.2,0.0,Japan
Tokyo,JP,2022-11-06,12:00:00,1667710800,11.6,6.8,17.0,16.8,5.0,0.0,0.0,Japan
Tokyo,JP,2022-11-07,12:00:00,1667797200,11.6,7.0,16.5,15.0,326.0,0.0,0.0,Japan
Tokyo,JP,2022-11-08,12:00:00,1667883600,13.5,8.4,20.5,27.0,345.0,0.0,0.0,Japan
Tokyo,JP,2022-11-09,12:00:00,1667970000,13.1,8.6,18.2,18.4,12.0,0.0,0.0,Japan
Tokyo,JP,2022-11-10,12:00:00,1668056400,13.4,7.5,20.7,15.3,334.0,0.0,0.0,Japan
Tokyo,JP,2022-11-11,12:00:00,1668142800,14.3,8.7,20.5,18.0,13.0,0.0,0.0,Japan
Tokyo,JP,2022-11-12,12:00:00,1668229200,15.2,10.6,20.8,16.2,337.0,0.0,0.0,Japan
Tokyo,JP,2022-11-13,12:00:00,1668315600,16.6,10.6,23.6,42.1,217.0,3.6,0.0,Japan
Tokyo,JP,2022-11-14,12:00:00,1668402000,14.9,11.9,17.3,46.7,359.0,0.0,0.0,Japan
Tokyo,JP,2022-11-15,12:00:00,1668488400,11.3,8.6,13.3,19.6,354.0,17.0,0.0,Japan
Tokyo,JP,2022-11-16,12:00:00,1668574800,11.2,6.5,16.7,21.4,332.0,0.0,0.0,Japan
Tokyo,JP,2022-11-17,12:00:00,1668661200,10.5,5.6,15.8,20.2,0.0,0.0,0.0,Japan
Tokyo,JP,2022-11-18,12:00:00,1668747600,10.9,6.1,16.5,14.5,340.0,0.0,0.0,Japan
Tokyo,JP,2022-11-19,12:00:00,1668834000,11.9,6.8,17.4,27.2,20.0,0.0,0.0,Japan
Tokyo,JP,2022-11-20,12:00:00,1668920400,10.5,7.6,13.2,26.9,339.0,6.1,0.0,Japan
Tokyo,JP,2022-11-21,12:00:00,1669006800,13.0,10.4,17.3,26.3,344.0,6.8,0.0,Japan
Tokyo,JP,2022-11-22,12:00:00,1669093200,13.8,8.6,20.0,25.9,341.0,0.0,0.0,Japan
Tokyo,JP,2022-11-23,12:00:00,1669179600,11.1,10.4,13.2,40.4,346.0,37.4,0.0,Japan
Tokyo,JP,2022-11-24,12:00:00,1669266000,14.0,10.8,19.8,32.5,330.0,0.0,0.0,Japan
Tokyo,JP,2022-11-25,12:00:00,1669352400,12.1,8.9,15.8,14.7,49.0,0.2,0.0,Japan
Tokyo,JP,2022-11-26,12:00:00,1669438800,11.2,6.7,16.9,19.1,322.0,1.9,0.0,Japan
Tokyo,JP,2022-11-27,12:00:00,1669525200,12.0,8.1,16.3,40.4,340.0,0.0,0.0,Japan
Tokyo,JP,2022-11-28,12:00:00,1669611600,10.2,5.7,14.7,13.4,343.0,0.0,0.0,Japan
Tokyo,JP,2022-11-29,12:00:00,1669698000,17.1,10.4,21.1,41.9,194.0,2.5,0.0,Japan
Tokyo,JP,2022-11-30,12:00:00,1669784400,16.2,11.4,20.2,47.7,329.0,21.8,0.0,Japan
Tokyo,JP,2022-12-01,12:00:00,1669870800,9.0,8.0,10.7,32.0,355.0,2.7,0.0,Japan
Tokyo,JP,2022-12-02,12:00:00,1669957200,8.3,3.6,12.1,21.1,359.0,0.0,0.0,Japan
Tokyo,JP,2022-12-03,12:00:00,1670043600,6.1,2.8,11.3,18.0,338.0,0.0,0.0,Japan
Tokyo,JP,2022-12-04,12:00:00,1670130000,7.9,1.6,14.7,25.0,333.0,0.0,0.0,Japan
Tokyo,JP,2022-12-05,12:00:00,1670216400,6.3,5.0,7.2,19.2,345.0,14.1,0.0,Japan
Tokyo,JP,2022-12-06,12:00:00,1670302800,5.4,3.8,8.2,26.7,342.0,15.5,0.0,Japan
Tokyo,JP,2022-12-07,12:00:00,1670389200,7.0,1.0,13.2,12.0,264.0,0.0,0.0,Japan
Tokyo,JP,2022-12-08,12:00:00,1670475600,7.3,2.2,13.8,19.4,322.0,0.0,0.0,Japan
Tokyo,JP,2022-12-09,12:00:00,1670562000,6.9,1.9,12.4,15.6,10.0,0.0,0.0,Japan
Tokyo,JP,2022-12-10,12:00:00,1670648400,8.1,2.5,13.8,13.7,7.0,0.0,0.0,Japan
Tokyo,JP,2022-12-11,12:00:00,1670734800,8.1,4.3,13.8,23.4,360.0,1.0,0.0,Japan
Tokyo,JP,2022-12-12,12:00:00,1670821200,6.8,2.9,10.3,17.6,22.0,0.2,0.0,Japan
Tokyo,JP,2022-12-13,12:00:00,1670907600,6.2,3.4,10.0,16.9,321.0,10.8,0.0,Japan
Tokyo,JP,2022-12-14,12:00:00,1670994000,6.2,1.1,13.0,25.6,4.0,0.0,0.0,Japan
Tokyo,JP,2022-12-15,12:00:00,1671080400,4.5,0.0,9.8,18.4,318.0,0.0,0.0,Japan
Tokyo,JP,2022-12-16,12:00:00,1671166800,5.4,-0.7,12.3,22.5,332.0,0.0,0.0,Japan
Tokyo,JP,2022-12-17,12:00:00,1671253200,3.8,1.9,6.4,16.4,344.0,3.8,0.0,Japan
Tokyo,JP,2022-12-18,12:00:00,1671339600,4.5,-0.2,9.4,19.5,6.0,4.2,0.0,Japan
Tokyo,JP,2022-12-19,12:00:00,1671426000,2.4,-3.6,8.5,17.8,239.0,0.0,0.0,Japan
Tokyo,JP,2022-12-20,12:00:00,1671512400,2.3,-3.5,8.9,14.1,306.0,0.0,0.0,Japan
Tokyo,JP,2022-12-21,12:00:00,1671598800,3.5,-1.0,9.1,16.4,339.0,0.3,0.0,Japan
Tokyo,JP,2022-12-22,12:00:00,1671685200,6.4,3.0,11.8,30.1,324.0,17.2,0.0,Japan
Tokyo,JP,2022-12-23,12:00:00,1671771600,3.7,-0.6,7.6,42.1,224.0,0.0,0.0,Japan
Tokyo,JP,2022-12-24,12:00:00,1671858000,3.8,-1.7,10.4,27.8,266.0,0.0,0.0,Japan
Tokyo,JP,2022-12-25,12:00:00,1671944400,5.8,1.7,12.1,32.0,330.0,0.0,0.0,Japan
Tokyo,JP,2022-12-26,12:00:00,1672030800,4.6,1.2,9.8,37.1,325.0,0.0,0.0,Japan
Tokyo,JP,2022-12-27,12:00:00,1672117200,5.1,1.6,10.9,28.8,332.0,0.0,0.0,Japan
Tokyo,JP,2022-12-28,12:00:00,1672203600,4.1,-1.0,9.7,14.6,345.0,0.0,0.0,Japan
Tokyo,JP,2022-12-29,12:00:00,1672290000,5.1,-0.5,11.5,22.6,337.0,0.0,0.0,Japan
Tokyo,JP,2022-12-30,12:00:00,1672376400,4.3,-1.2,9.5,17.7,338.0,0.3,0.0,Japan
Tokyo,JP,2022-12-31,12:00:00,1672462800,4.2,0.6,9.5,17.9,335.0,0.0,0.0,Japan
Tokyo,JP,2023-01-01,12:00:00,1672549200,4.2,-2.3,10.7,19.1,290.0,0.0,0.0,Japan
Tokyo,JP,2023-01-02,12:00:00,1672635600,4.1,1.0,8.7,24.5,345.0,0.0,0.0,Japan
Tokyo,JP,2023-01-03,12:00:00,1672722000,3.5,-1.3,8.8,22.7,323.0,0.0,0.0,Japan
Tokyo,JP,2023-01-04,12:00:00,1672808400,3.4,0.2,8.4,23.4,345.0,0.0,0.0,Japan
Tokyo,JP,2023-01-05,12:00:00,1672894800,3.3,0.0,9.2,26.0,330.0,0.0,0.0,Japan
Tokyo,JP,2023-01-06,12:00:00,1672981200,2.8,-2.8,8.3,11.9,9.0,0.0,0.0,Japan
Tokyo,JP,2023-01-07,12:00:00,1673067600,4.3,1.2,8.7,18.2,345.0,0.0,0.0,Japan
Tokyo,JP,2023-01-08,12:00:00,1673154000,4.9,-0.8,11.1,17.2,344.0,0.1,0.0,Japan
Tokyo,JP,2023-01-09,12:00:00,1673240400,5.5,-0.1,11.5,17.9,311.0,0.0,0.0,Japan
Tokyo,JP,2023-01-10,12:00:00,1673326800,5.0,2.0,8.7,43.1,330.0,0.5,0.0,Japan
Tokyo,JP,2023-01-11,12:00:00,1673413200,3.6,-0.0,8.9,23.4,337.0,0.0,0.0,Japan
Tokyo,JP,2023-01-12,12:00:00,1673499600,4.0,-2.1,11.2,14.1,339.0,0.0,0.0,Japan
Tokyo,JP,2023-01-13,12:00:00,1673586000,5.8,-0.5,12.5,14.5,302.0,0.2,0.0,Japan
Tokyo,JP,2023-01-14,12:00:00,1673672400,9.6,7.0,12.9,36.4,294.0,2.7,0.0,Japan
Tokyo,JP,2023-01-15,12:00:00,1673758800,9.4,7.4,11.5,24.6,9.0,3.0,0.0,Japan
Tokyo,JP,2023-01-16,12:00:00,1673845200,6.1,4.0,7.3,17.7,1.0,9.1,0.0,Japan
Tokyo,JP,2023-01-17,12:00:00,1673931600,4.0,-1.2,7.7,24.9,3.0,0.3,0.0,Japan
Tokyo,JP,2023-01-18,12:00:00,1674018000,6.0,1.6,11.5,22.4,348.0,0.1,0.0,Japan
Tokyo,JP,2023-01-19,12:00:00,1674104400,5.3,2.6,7.7,18.6,40.0,0.5,0.0,Japan
Tokyo,JP,2023-01-20,12:00:00,1674190800,6.0,1.9,10.0,12.4,330.0,0.4,0.0,Japan
Tokyo,JP,2023-01-21,12:00:00,1674277200,3.9,1.0,7.3,37.3,343.0,0.0,0.0,Japan
Tokyo,JP,2023-01-22,12:00:00,1674363600,2.9,-0.5,7.0,20.2,349.0,0.0,0.0,Japan
Tokyo,JP,2023-01-23,12:00:00,1674450000,2.8,0.6,5.8,18.3,340.0,1.3,0.0,Japan
Tokyo,JP,2023-01-24,12:00:00,1674536400,2.7,-2.2,9.5,55.1,326.0,3.8,0.42,Japan
Tokyo,JP,2023-01-25,12:00:00,1674622800,-1.9,-5.0,2.3,48.8,324.0,0.0,0.0,Japan
Tokyo,JP,2023-01-26,12:00:00,1674709200,0.3,-6.2,7.3,15.1,310.0,0.0,0.0,Japan
Tokyo,JP,2023-01-27,12:00:00,1674795600,0.8,-2.0,4.7,34.0,340.0,3.9,1.96,Japan
Tokyo,JP,2023-01-28,12:00:00,1674882000,1.7,-1.5,7.2,37.2,330.0,0.0,0.0,Japan
Tokyo,JP,2023-01-29,12:00:00,1674968400,1.3,-4.6,6.5,20.1,50.0,0.0,0.0,Japan
Tokyo,JP,2023-01-30,12:00:00,1675054800,2.0,-3.2,9.3,36.4,341.0,0.0,0.0,Japan
Tokyo,JP,2023-01-31,12:00:00,1675141200,2.9,-0.5,7.2,35.3,338.0,0.5,0.35,Japan
Tokyo,JP,2023-02-01,12:00:00,1675227600,4.4,-3.8,12.0,52.0,225.0,0.0,0.0,Japan
Tokyo,JP,2023-02-02,12:00:00,1675314000,5.2,2.3,8.6,41.6,338.0,0.0,0.0,Japan
Tokyo,JP,2023-02-03,12:00:00,1675400400,3.1,1.1,5.7,20.5,9.0,0.0,0.0,Japan
Tokyo,JP,2023-02-04,12:00:00,1675486800,4.8,0.3,10.8,20.1,11.0,0.0,0.0,Japan
Tokyo,JP,2023-02-05,12:00:00,1675573200,4.6,-1.2,9.9,19.9,54.0,0.0,0.0,Japan
Tokyo,JP,2023-02-06,12:00:00,1675659600,5.5,0.2,11.6,17.8,334.0,0.0,0.0,Japan
Tokyo,JP,2023-02-07,12:00:00,1675746000,8.4,3.6,15.2,24.3,9.0,0.0,0.0,Japan
Tokyo,JP,2023-02-08,12:00:00,1675832400,8.0,4.3,10.8,18.4,16.0,1.6,0.0,Japan
Tokyo,JP,2023-02-09,12:00:00,1675918800,5.1,1.9,10.2,37.4,348.0,0.0,0.0,Japan
Tokyo,JP,2023-02-10,12:00:00,1676005200,0.9,-0.9,2.0,28.6,336.0,18.4,3.85,Japan
Tokyo,JP,2023-02-11,12:00:00,1676091600,7.5,2.2,12.7,49.8,347.0,0.0,0.0,Japan
Tokyo,JP,2023-02-12,12:00:00,1676178000,8.6,2.6,15.9,29.7,226.0,0.0,0.0,Japan
Tokyo,JP,2023-02-13,12:00:00,1676264400,7.0,5.7,8.1,25.7,358.0,8.3,0.0,Japan
Tokyo,JP,2023-02-14,12:00:00,1676350800,4.3,1.7,9.0,36.3,351.0,0.0,0.0,Japan
Tokyo,JP,2023-02-15,12:00:00,1676437200,1.9,-1.0,6.5,38.2,354.0,0.0,0.0,Japan
Tokyo,JP,2023-02-16,12:00:00,1676523600,2.1,-3.8,7.1,27.0,33.0,0.0,0.0,Japan
Tokyo,JP,2023-02-17,12:00:00,1676610000,3.3,-2.4,9.6,15.8,334.0,0.0,0.0,Japan
Tokyo,JP,2023-02-18,12:00:00,1676696400,6.2,-1.4,13.1,17.2,357.0,0.0,0.0,Japan
Tokyo,JP,2023-02-19,12:00:00,1676782800,10.1,3.7,17.3,30.3,3.0,2.8,0.0,Japan
Tokyo,JP,2023-02-20,12:00:00,1676869200,8.1,4.5,11.9,32.0,343.0,1.4,0.0,Japan
Tokyo,JP,2023-02-21,12:00:00,1676955600,3.1,-0.6,7.7,39.8,342.0,0.0,0.0,Japan
Tokyo,JP,2023-02-22,12:00:00,1677042000,3.7,-1.7,8.2,29.5,20.0,0.0,0.0,Japan
Tokyo,JP,2023-02-23,12:00:00,1677128400,5.6,1.2,11.4,13.7,352.0,0.0,0.0,Japan
Tokyo,JP,2023-02-24,12:00:00,1677214800,6.9,2.3,11.1,12.3,326.0,4.8,0.0,Japan
Tokyo,JP,2023-02-25,12:00:00,1677301200,6.2,2.7,10.6,42.5,338.0,1.0,0.35,Japan
Tokyo,JP,2023-02-26,12:00:00,1677387600,4.6,0.3,9.4,42.7,336.0,0.0,0.0,Japan
Tokyo,JP,2023-02-27,12:00:00,1677474000,7.2,1.8,13.7,23.5,297.0,0.0,0.0,Japan
Tokyo,JP,2023-02-28,12:00:00,1677560400,9.1,0.4,17.5,42.8,223.0,0.0,0.0,Japan
Tokyo,JP,2023-03-01,12:00:00,1677646800,12.3,4.9,17.8,39.8,210.0,0.0,0.0,Japan
Tokyo,JP,2023-03-02,12:00:00,1677733200,12.0,5.7,17.5,47.3,308.0,1.7,0.0,Japan
Tokyo,JP,2023-03-03,12:00:00,1677819600,6.4,0.5,10.8,34.9,115.0,0.0,0.0,Japan
Tokyo,JP,2023-03-04,12:00:00,1677906000,8.6,2.3,15.8,33.4,338.0,0.0,0.0,Japan
Tokyo,JP,2023-03-05,12:00:00,1677992400,8.5,5.1,12.2,18.5,29.0,5.0,0.0,Japan
Tokyo,JP,2023-03-06,12:00:00,1678078800,9.5,6.3,14.5,15.7,16.0,2.0,0.0,Japan
Tokyo,JP,2023-03-07,12:00:00,1678165200,10.4,3.7,17.4,18.1,204.0,0.0,0.0,Japan
Tokyo,JP,2023-03-08,12:00:00,1678251600,12.0,4.6,19.6,29.5,202.0,0.0,0.0,Japan
Tokyo,JP,2023-03-09,12:00:00,1678338000,14.5,6.7,21.6,32.5,202.0,0.0,0.0,Japan
Tokyo,JP,2023-03-10,12:00:00,1678424400,16.9,13.2,22.3,37.4,234.0,0.1,0.0,Japan
Tokyo,JP,2023-03-11,12:00:00,1678510800,13.1,5.3,19.9,21.6,96.0,0.0,0.0,Japan
Tokyo,JP,2023-03-12,12:00:00,1678597200,13.2,6.1,19.4,28.2,162.0,0.0,0.0,Japan
Tokyo,JP,2023-03-13,12:00:00,1678683600,13.8,9.3,18.3,49.7,190.0,6.4,0.0,Japan
Tokyo,JP,2023-03-14,12:00:00,1678770000,8.8,6.7,12.6,23.5,42.0,0.0,0.0,Japan
Tokyo,JP,2023-03-15,12:00:00,1678856400,10.9,5.5,17.4,20.9,160.0,0.0,0.0,Japan
Tokyo,JP,2023-03-16,12:00:00,1678942800,13.4,6.1,20.4,22.0,199.0,0.0,0.0,Japan
Tokyo,JP,2023-03-17,12:00:00,1679029200,12.0,8.4,15.3,24.3,48.0,3.4,0.0,Japan
Tokyo,JP,2023-03-18,12:00:00,1679115600,8.1,6.9,9.4,28.1,1.0,31.0,0.0,Japan
Tokyo,JP,2023-03-19,12:00:00,1679202000,8.9,3.9,12.8,17.0,106.0,0.0,0.0,Japan
Tokyo,JP,2023-03-20,12:00:00,1679288400,11.1,4.0,17.3,29.6,193.0,0.0,0.0,Japan
Tokyo,JP,2023-03-21,12:00:00,1679374800,13.5,6.8,18.4,20.8,197.0,0.1,0.0,Japan
Tokyo,JP,2023-03-22,12:00:00,1679461200,15.6,10.4,22.2,22.3,65.0,0.0,0.0,Japan
Tokyo,JP,2023-03-23,12:00:00,1679547600,15.6,11.8,18.9,41.3,153.0,23.4,0.0,Japan
Tokyo,JP,2023-03-24,12:00:00,1679634000,18.6,15.4,24.4,36.3,310.0,15.4,0.0,Japan
Tokyo,JP,2023-03-25,12:00:00,1679720400,10.9,9.9,15.1,26.8,12.0,18.3,0.0,Japan
Tokyo,JP,2023-03-26,12:00:00,1679806800,11.2,10.1,12.8,24.7,341.0,21.1,0.0,Japan
Tokyo,JP,2023-03-27,12:00:00,1679893200,12.3,9.5,15.8,37.7,352.0,0.2,0.0,Japan
Tokyo,JP,2023-03-28,12:00:00,1679979600,9.9,8.5,12.1,20.2,5.0,0.7,0.0,Japan
Tokyo,JP,2023-03-29,12:00:00,1680066000,11.2,6.1,15.9,16.6,33.0,4.8,0.0,Japan
Tokyo,JP,2023-03-30,12:00:00,1680152400,12.8,8.4,17.2,17.7,124.0,1.7,0.0,Japan
Tokyo,JP,2023-03-31,12:00:00,1680238800,13.5,7.7,19.2,28.3,214.0,0.0,0.0,Japan
Tokyo,JP,2023-04-01,12:00:00,1680325200,13.7,8.1,20.9,25.0,66.0,2.9,0.0,Japan
Tokyo,JP,2023-04-02,12:00:00,1680411600,13.0,10.5,17.0,28.0,36.0,2.0,0.0,Japan
Tokyo,JP,2023-04-03,12:00:00,1680498000,11.3,7.8,17.0,29.0,28.0,0.0,0.0,Japan
Tokyo,JP,2023-04-04,12:00:00,1680584400,12.0,5.2,18.1,16.3,187.0,0.0,0.0,Japan
Tokyo,JP,2023-04-05,12:00:00,1680670800,14.4,6.7,20.5,40.0,193.0,0.0,0.0,Japan
Tokyo,JP,2023-04-06,12:00:00,1680757200,17.2,14.8,20.6,46.8,203.0,1.1,0.0,Japan
Tokyo,JP,2023-04-07,12:00:00,1680843600,18.6,16.9,22.0,52.1,195.0,7.2,0.0,Japan
Tokyo,JP,2023-04-08,12:00:00,1680930000,15.1,7.9,19.5,40.3,348.0,10.3,0.0,Japan
Tokyo,JP,2023-04-09,12:00:00,1681016400,10.4,4.3,16.6,20.2,342.0,0.0,0.0,Japan
Tokyo,JP,2023-04-10,12:00:00,1681102800,12.0,4.4,19.4,35.6,220.0,0.0,0.0,Japan
Tokyo,JP,2023-04-11,12:00:00,1681189200,16.4,9.4,23.1,46.1,205.0,0.0,0.0,Japan
Tokyo,JP,2023-04-12,12:00:00,1681275600,18.3,13.6,23.2,46.7,211.0,1.1,0.0,Japan
Tokyo,JP,2023-04-13,12:00:00,1681362000,14.3,8.7,19.5,28.9,198.0,0.0,0.0,Japan
Tokyo,JP,2023-04-14,12:00:00,1681448400,17.3,12.7,22.4,33.9,200.0,0.0,0.0,Japan
Tokyo,JP,2023-04-15,12:00:00,1681534800,14.0,13.0,15.4,25.9,317.0,46.0,0.0,Japan
Tokyo,JP,2023-04-16,12:00:00,1681621200,16.4,12.6,21.8,19.4,324.0,2.2,0.0,Japan
Tokyo,JP,2023-04-17,12:00:00,1681707600,13.7,9.0,19.2,33.7,340.0,0.1,0.0,Japan
Tokyo,JP,2023-04-18,12:00:00,1681794000,12.7,6.5,18.9,20.0,322.0,0.2,0.0,Japan
Tokyo,JP,2023-04-19,12:00:00,1681880400,16.2,9.1,22.8,18.5,61.0,0.3,0.0,Japan
Tokyo,JP,2023-04-20,12:00:00,1681966800,18.0,13.4,23.0,31.6,204.0,0.0,0.0,Japan
Tokyo,JP,2023-04-21,12:00:00,1682053200,19.6,15.4,24.5,23.8,203.0,0.0,0.0,Japan
Tokyo,JP,2023-04-22,12:00:00,1682139600,13.9,11.0,17.2,44.6,342.0,0.0,0.0,Japan
Tokyo,JP,2023-04-23,12:00:00,1682226000,12.9,8.3,18.2,34.7,319.0,0.0,0.0,Japan
Tokyo,JP,2023-04-24,12:00:00,1682312400,12.4,9.5,15.5,32.0,347.0,0.0,0.0,Japan
Tokyo,JP,2023-04-25,12:00:00,1682398800,13.4,5.8,19.1,26.0,123.0,0.0,0.0,Japan
Tokyo,JP,2023-04-26,12:00:00,1682485200,16.3,12.9,19.9,41.8,198.0,27.0,0.0,Japan
Tokyo,JP,2023-04-27,12:00:00,1682571600,15.8,10.5,20.9,39.4,276.0,0.6,0.0,Japan
Tokyo,JP,2023-04-28,12:00:00,1682658000,16.7,10.5,21.8,34.1,199.0,0.0,0.0,Japan
Tokyo,JP,2023-04-29,12:00:00,1682744400,18.2,14.1,22.1,49.0,194.0,2.9,0.0,Japan
Tokyo,JP,2023-04-30,12:00:00,1682830800,19.3,16.7,22.5,48.5,199.0,11.0,0.0,Japan
Tokyo,JP,2023-05-01,12:00:00,1682917200,16.8,13.9,20.5,28.9,22.0,0.3,0.0,Japan
Tokyo,JP,2023-05-02,12:00:00,1683003600,15.5,10.2,20.8,40.2,344.0,0.0,0.0,Japan
Tokyo,JP,2023-05-03,12:00:00,1683090000,16.2,8.0,22.2,24.1,188.0,0.0,0.0,Japan
Tokyo,JP,2023-05-04,12:00:00,1683176400,18.0,11.2,24.6,30.8,203.0,0.0,0.0,Japan
Tokyo,JP,2023-05-05,12:00:00,1683262800,19.3,12.9,25.1,52.1,202.0,0.0,0.0,Japan
Tokyo,JP,2023-05-06,12:00:00,1683349200,22.4,18.3,27.4,58.8,207.0,0.0,0.0,Japan
Tokyo,JP,2023-05-07,12:00:00,1683435600,18.2,11.8,22.3,43.7,194.0,38.4,0.0,Japan
Tokyo,JP,2023-05-08,12:00:00,1683522000,12.9,10.6,17.0,37.1,2.0,35.5,0.0,Japan
Tokyo,JP,2023-05-09,12:00:00,1683608400,12.9,7.0,18.3,26.6,40.0,0.0,0.0,Japan
Tokyo,JP,2023-05-10,12:00:00,1683694800,15.3,8.2,21.6,20.4,171.0,0.0,0.0,Japan
Tokyo,JP,2023-05-11,12:00:00,1683781200,15.6,11.9,20.5,22.4,96.0,2.3,0.0,Japan
Tokyo,JP,2023-05-12,12:00:00,1683867600,15.7,10.2,20.2,22.4,112.0,0.0,0.0,Japan
Tokyo,JP,2023-05-13,12:00:00,1683954000,16.2,13.2,17.8,26.3,186.0,2.0,0.0,Japan
Tokyo,JP,2023-05-14,12:00:00,1684040400,17.0,14.4,20.1,27.1,159.0,2.4,0.0,Japan
Tokyo,JP,2023-05-15,12:00:00,1684126800,16.1,14.6,18.5,16.2,37.0,12.4,0.0,Japan
Tokyo,JP,2023-05-16,12:00:00,1684213200,18.5,11.7,25.4,28.2,342.0,0.0,0.0,Japan
Tokyo,JP,2023-05-17,12:00:00,1684299600,20.3,12.9,27.5,24.7,196.0,0.0,0.0,Japan
Tokyo,JP,2023-05-18,12:00:00,1684386000,23.1,16.8,30.4,33.3,192.0,0.0,0.0,Japan
Tokyo,JP,2023-05-19,12:00:00,1684472400,20.0,17.3,22.3,31.7,188.0,13.5,0.0,Japan
Tokyo,JP,2023-05-20,12:00:00,1684558800,19.0,16.7,23.0,25.1,28.0,2.7,0.0,Japan
Tokyo,JP,2023-05-21,12:00:00,1684645200,19.6,14.7,24.9,27.8,186.0,0.0,0.0,Japan
Tokyo,JP,2023-05-22,12:00:00,1684731600,21.3,15.5,27.6,33.1,4.0,0.9,0.0,Japan
Tokyo,JP,2023-05-23,12:00:00,1684818000,14.2,13.5,15.1,23.8,352.0,13.4,0.0,Japan
Tokyo,JP,2023-05-24,12:00:00,1684904400,16.6,11.1,22.1,38.2,346.0,0.0,0.0,Japan
Tokyo,JP,2023-05-25,12:00:00,1684990800,16.9,11.0,22.0,23.3,164.0,0.0,0.0,Japan
Tokyo,JP,2023-05-26,12:00:00,1685077200,18.9,15.6,23.0,29.2,175.0,0.0,0.0,Japan
Tokyo,JP,2023-05-27,12:00:00,1685163600,19.1,13.0,25.1,26.4,195.0,0.0,0.0,Japan
Tokyo,JP,2023-05-28,12:00:00,1685250000,20.5,17.2,23.6,36.5,189.0,0.2,0.0,Japan
Tokyo,JP,2023-05-29,12:00:00,1685336400,19.3,17.9,21.3,13.8,354.0,20.1,0.0,Japan
Tokyo,JP,2023-05-30,12:00:00,1685422800,20.5,17.8,24.3,24.7,186.0,1.8,0.0,Japan
Tokyo,JP,2023-05-31,12:00:00,1685509200,18.4,16.4,20.3,18.8,45.0,6.9,0.0,Japan
Tokyo,JP,2023-06-01,12:00:00,1685595600,19.2,13.7,24.1,38.0,184.0,0.0,0.0,Japan
Tokyo,JP,2023-06-02,12:00:00,1685682000,21.3,19.1,23.3,76.0,193.0,99.5,0.0,Japan
Tokyo,JP,2023-06-03,12:00:00,1685768400,19.7,16.2,23.2,34.5,9.0,80.9,0.0,Japan
Tokyo,JP,2023-06-04,12:00:00,1685854800,20.2,15.4,25.0,28.3,206.0,0.0,0.0,Japan
Tokyo,JP,2023-06-05,12:00:00,1685941200,21.5,16.2,27.3,18.0,209.0,0.0,0.0,Japan
Tokyo,JP,2023-06-06,12:00:00,1686027600,19.8,15.7,23.8,32.7,211.0,3.9,0.0,Japan
Tokyo,JP,2023-06-07,12:00:00,1686114000,21.4,16.5,27.2,17.9,175.0,4.0,0.0,Japan
Tokyo,JP,2023-06-08,12:00:00,1686200400,22.2,18.2,26.9,20.5,164.0,3.7,0.0,Japan
Tokyo,JP,2023-06-09,12:00:00,1686286800,21.5,19.5,24.7,34.7,188.0,31.1,0.0,Japan
Tokyo,JP,2023-06-10,12:00:00,1686373200,21.6,19.5,25.9,23.5,172.0,0.2,0.0,Japan
Tokyo,JP,2023-06-11,12:00:00,1686459600,21.1,19.1,24.2,15.5,122.0,10.2,0.0,Japan
Tokyo,JP,2023-06-12,12:00:00,1686546000,21.5,19.7,23.6,17.6,76.0,14.8,0.0,Japan
Tokyo,JP,2023-06-13,12:00:00,1686632400,22.9,19.1,27.2,21.4,102.0,3.2,0.0,Japan
Tokyo,JP,2023-06-14,12:00:00,1686718800,22.5,20.7,26.6,22.0,63.0,1.4,0.0,Japan
Tokyo,JP,2023-06-15,12:00:00,1686805200,21.9,20.0,24.7,13.4,39.0,7.9,0.0,Japan
Tokyo,JP,2023-06-16,12:00:00,1686891600,23.4,19.0,28.8,36.4,323.0,5.2,0.0,Japan
Tokyo,JP,2023-06-17,12:00:00,1686978000,23.4,18.5,28.7,25.0,234.0,0.0,0.0,Japan
Tokyo,JP,2023-06-18,12:00:00,1687064400,23.6,18.5,28.7,23.1,189.0,0.0,0.0,Japan
Tokyo,JP,2023-06-19,12:00:00,1687150800,22.5,19.4,26.6,25.8,58.0,0.6,0.0,Japan
Tokyo,JP,2023-06-20,12:00:00,1687237200,21.4,18.6,25.6,19.0,142.0,2.7,0.0,Japan
Tokyo,JP,2023-06-21,12:00:00,1687323600,21.5,17.8,25.3,20.7,148.0,0.0,0.0,Japan
Tokyo,JP,2023-06-22,12:00:00,1687410000,20.4,14.4,23.6,22.7,75.0,10.5,0.0,Japan
Tokyo,JP,2023-06-23,12:00:00,1687496400,20.5,14.5,24.7,20.2,339.0,1.6,0.0,Japan
Tokyo,JP,2023-06-24,12:00:00,1687582800,23.5,19.0,27.6,17.0,123.0,0.2,0.0,Japan
Tokyo,JP,2023-06-25,12:00:00,1687669200,24.2,19.4,29.2,19.8,140.0,0.1,0.0,Japan
Tokyo,JP,2023-06-26,12:00:00,1687755600,24.6,21.1,29.3,23.5,153.0,0.0,0.0,Japan
Tokyo,JP,2023-06-27,12:00:00,1687842000,24.5,22.3,28.4,18.8,185.0,2.6,0.0,Japan
Tokyo,JP,2023-06-28,12:00:00,1687928400,26.0,21.5,30.8,17.2,200.0,1.0,0.0,Japan
Tokyo,JP,2023-06-29,12:00:00,1688014800,26.6,21.4,31.9,14.0,118.0,0.0,0.0,Japan
Tokyo,JP,2023-06-30,12:00:00,1688101200,25.9,22.8,29.8,33.1,222.0,7.2,0.0,Japan
Tokyo,JP,2023-07-01,12:00:00,1688187600,25.4,24.2,27.7,28.9,215.0,33.3,0.0,Japan
Tokyo,JP,2023-07-02,12:00:00,1688274000,25.6,22.2,30.1,22.2,172.0,0.6,0.0,Japan
Tokyo,JP,2023-07-03,12:00:00,1688360400,25.1,21.2,29.7,24.3,255.0,0.0,0.0,Japan
Tokyo,JP,2023-07-04,12:00:00,1688446800,24.4,20.7,29.1,23.1,23.0,3.4,0.0,Japan
Tokyo,JP,2023-07-05,12:00:00,1688533200,24.5,21.7,27.7,31.6,187.0,0.3,0.0,Japan
Tokyo,JP,2023-07-06,12:00:00,1688619600,26.1,22.9,32.1,25.7,61.0,10.8,0.0,Japan
Tokyo,JP,2023-07-07,12:00:00,1688706000,26.6,22.3,32.4,32.5,185.0,0.0,0.0,Japan
Tokyo,JP,2023-07-08,12:00:00,1688792400,27.0,24.2,31.8,34.1,220.0,2.5,0.0,Japan
Tokyo,JP,2023-07-09,12:00:00,1688878800,27.1,22.6,31.6,23.7,230.0,2.9,0.0,Japan
Tokyo,JP,2023-07-10,12:00:00,1688965200,29.2,24.3,34.7,23.2,216.0,0.0,0.0,Japan
Tokyo,JP,2023-07-11,12:00:00,1689051600,29.0,24.3,33.3,23.1,160.0,0.0,0.0,Japan
Tokyo,JP,2023-07-12,12:00:00,1689138000,29.9,24.0,36.8,24.9,211.0,0.0,0.0,Japan
Tokyo,JP,2023-07-13,12:00:00,1689224400,27.7,25.6,30.5,21.5,225.0,4.4,0.0,Japan
Tokyo,JP,2023-07-14,12:00:00,1689310800,27.3,23.7,31.8,23.5,116.0,0.3,0.0,Japan
Tokyo,JP,2023-07-15,12:00:00,1689397200,27.8,24.8,32.2,27.7,221.0,0.0,0.0,Japan
Tokyo,JP,2023-07-16,12:00:00,1689483600,30.8,24.7,37.3,18.3,189.0,0.0,0.0,Japan
Tokyo,JP,2023-07-17,12:00:00,1689570000,31.7,26.2,37.2,24.1,110.0,0.0,0.0,Japan
Tokyo,JP,2023-07-18,12:00:00,1689656400,32.0,26.4,39.1,20.2,185.0,1.0,0.0,Japan
Tokyo,JP,2023-07-19,12:00:00,1689742800,30.3,26.2,35.4,37.1,204.0,1.3,0.0,Japan
Tokyo,JP,2023-07-20,12:00:00,1689829200,28.0,24.9,32.4,20.5,92.0,4.1,0.0,Japan
Tokyo,JP,2023-07-21,12:00:00,1689915600,27.3,23.7,31.8,18.7,73.0,0.9,0.0,Japan
Tokyo,JP,2023-07-22,12:00:00,1690002000,27.2,22.2,33.1,22.1,86.0,0.8,0.0,Japan
Tokyo,JP,2023-07-23,12:00:00,1690088400,27.5,22.4,34.3,25.4,155.0,0.0,0.0,Japan
Tokyo,JP,2023-07-24,12:00:00,1690174800,28.3,22.3,35.8,32.1,184.0,0.0,0.0,Japan
Tokyo,JP,2023-07-25,12:00:00,1690261200,29.9,22.5,37.4,25.8,181.0,0.0,0.0,Japan
Tokyo,JP,2023-07-26,12:00:00,1690347600,30.8,24.7,39.2,30.8,169.0,0.0,0.0,Japan
Tokyo,JP,2023-07-27,12:00:00,1690434000,30.5,25.5,37.0,30.9,185.0,0.0,0.0,Japan
Tokyo,JP,2023-07-28,12:00:00,1690520400,30.0,25.7,35.0,31.3,190.0,0.5,0.0,Japan
Tokyo,JP,2023-07-29,12:00:00,1690606800,29.9,25.5,35.9,35.5,188.0,0.0,0.0,Japan
Tokyo,JP,2023-07-30,12:00:00,1690693200,30.5,25.0,37.3,38.2,190.0,0.0,0.0,Japan
Tokyo,JP,2023-07-31,12:00:00,1690779600,30.7,26.1,36.0,41.2,193.0,0.7,0.0,Japan
Tokyo,JP,2023-08-01,12:00:00,1690866000,27.9,25.3,31.1,21.0,208.0,3.8,0.0,Japan
Tokyo,JP,2023-08-02,12:00:00,1690952400,29.1,24.5,35.5,41.1,190.0,1.9,0.0,Japan
Tokyo,JP,2023-08-03,12:00:00,1691038800,30.0,25.8,35.7,32.6,199.0,2.9,0.0,Japan
Tokyo,JP,2023-08-04,12:00:00,1691125200,31.2,25.8,37.2,20.2,193.0,2.7,0.0,Japan
Tokyo,JP,2023-08-05,12:00:00,1691211600,30.5,26.4,35.4,40.4,191.0,0.0,0.0,Japan
Tokyo,JP,2023-08-06,12:00:00,1691298000,29.2,25.7,33.7,33.7,178.0,4.1,0.0,Japan
Tokyo,JP,2023-08-07,12:00:00,1691384400,29.4,25.4,34.1,26.7,170.0,0.6,0.0,Japan
Tokyo,JP,2023-08-08,12:00:00,1691470800,29.8,25.3,35.2,23.9,140.0,5.6,0.0,Japan
Tokyo,JP,2023-08-09,12:00:00,1691557200,27.4,25.2,29.7,20.0,161.0,31.9,0.0,Japan
Tokyo,JP,2023-08-10,12:00:00,1691643600,28.3,25.9,32.1,23.5,134.0,1.6,0.0,Japan
Tokyo,JP,2023-08-11,12:00:00,1691730000,27.9,24.1,32.9,26.2,35.0,1.7,0.0,Japan
Tokyo,JP,2023-08-12,12:00:00,1691816400,28.4,24.2,33.5,22.4,100.0,0.1,0.0,Japan
Tokyo,JP,2023-08-13,12:00:00,1691902800,28.0,24.9,33.0,23.2,53.0,7.0,0.0,Japan
Tokyo,JP,2023-08-14,12:00:00,1691989200,27.5,24.6,31.6,24.0,92.0,16.2,0.0,Japan
Tokyo,JP,2023-08-15,12:00:00,1692075600,27.6,24.3,31.8,32.4,168.0,30.9,0.0,Japan
Tokyo,JP,2023-08-16,12:00:00,1692162000,27.7,25.2,30.9,41.1,183.0,0.6,0.0,Japan
Tokyo,JP,2023-08-17,12:00:00,1692248400,28.5,25.2,32.5,28.5,199.0,0.2,0.0,Japan
Tokyo,JP,2023-08-18,12:00:00,1692334800,28.5,25.0,32.5,24.1,180.0,0.2,0.0,Japan
Tokyo,JP,2023-08-19,12:00:00,1692421200,29.0,25.4,34.3,16.6,175.0,0.6,0.0,Japan
Tokyo,JP,2023-08-20,12:00:00,1692507600,29.1,25.1,34.7,19.0,24.0,0.2,0.0,Japan
Tokyo,JP,2023-08-21,12:00:00,1692594000,29.8,25.2,34.9,22.2,104.0,0.5,0.0,Japan
Tokyo,JP,2023-08-22,12:00:00,1692680400,28.3,25.2,32.3,18.6,104.0,7.6,0.0,Japan
Tokyo,JP,2023-08-23,12:00:00,1692766800,27.9,25.4,31.9,29.6,176.0,6.6,0.0,Japan
Tokyo,JP,2023-08-24,12:00:00,1692853200,28.2,25.3,31.8,33.7,186.0,0.6,0.0,Japan
Tokyo,JP,2023-08-25,12:00:00,1692939600,28.7,25.3,33.2,25.0,188.0,0.0,0.0,Japan
Tokyo,JP,2023-08-26,12:00:00,1693026000,27.0,24.5,33.8,23.0,105.0,10.4,0.0,Japan
Tokyo,JP,2023-08-27,12:00:00,1693112400,27.2,23.5,31.6,17.3,17.0,3.8,0.0,Japan
Tokyo,JP,2023-08-28,12:00:00,1693198800,28.5,24.6,33.5,22.9,200.0,0.0,0.0,Japan
Tokyo,JP,2023-08-29,12:00:00,1693285200,28.5,24.4,34.1,31.9,194.0,0.0,0.0,Japan
Tokyo,JP,2023-08-30,12:00:00,1693371600,28.7,23.4,34.2,31.6,191.0,0.0,0.0,Japan
Tokyo,JP,2023-08-31,12:00:00,1693458000,29.2,25.6,33.9,33.6,186.0,0.0,0.0,Japan
Tokyo,JP,2023-09-01,12:00:00,1693544400,29.0,25.2,33.8,36.2,186.0,0.0,0.0,Japan
Tokyo,JP,2023-09-02,12:00:00,1693630800,29.7,24.9,35.4,27.8,187.0,0.0,0.0,Japan
Tokyo,JP,2023-09-03,12:00:00,1693717200,29.3,25.1,35.0,27.1,61.0,15.1,0.0,Japan
Tokyo,JP,2023-09-04,12:00:00,1693803600,26.5,24.1,29.5,29.5,360.0,31.7,0.0,Japan
Tokyo,JP,2023-09-05,12:00:00,1693890000,28.2,24.9,31.9,32.0,203.0,0.4,0.0,Japan
Tokyo,JP,2023-09-06,12:00:00,1693976400,27.0,24.0,31.7,27.8,214.0,2.0,0.0,Japan
Tokyo,JP,2023-09-07,12:00:00,1694062800,26.0,23.5,29.7,19.9,37.0,3.5,0.0,Japan
Tokyo,JP,2023-09-08,12:00:00,1694149200,22.9,21.1,24.6,39.6,357.0,75.2,0.0,Japan
Tokyo,JP,2023-09-09,12:00:00,1694235600,24.9,21.7,28.8,27.9,221.0,0.7,0.0,Japan
Tokyo,JP,2023-09-10,12:00:00,1694322000,26.8,23.2,31.1,24.5,193.0,0.0,0.0,Japan
Tokyo,JP,2023-09-11,12:00:00,1694408400,27.2,24.3,30.9,19.4,173.0,0.1,0.0,Japan
Tokyo,JP,2023-09-12,12:00:00,1694494800,26.5,23.8,29.8,18.0,175.0,0.4,0.0,Japan
Tokyo,JP,2023-09-13,12:00:00,1694581200,26.2,21.6,31.3,20.6,155.0,0.0,0.0,Japan
Tokyo,JP,2023-09-14,12:00:00,1694667600,27.1,23.8,31.1,24.6,193.0,0.0,0.0,Japan
Tokyo,JP,2023-09-15,12:00:00,1694754000,27.6,24.5,32.9,14.8,23.0,4.2,0.0,Japan
Tokyo,JP,2023-09-16,12:00:00,1694840400,27.4,24.8,31.4,18.7,151.0,0.8,0.0,Japan
Tokyo,JP,2023-09-17,12:00:00,1694926800,27.6,24.6,31.8,30.2,199.0,0.2,0.0,Japan
Tokyo,JP,2023-09-18,12:00:00,1695013200,27.7,24.8,31.7,34.0,198.0,0.0,0.0,Japan
Tokyo,JP,2023-09-19,12:00:00,1695099600,27.5,22.8,32.2,22.7,212.0,0.0,0.0,Japan
Tokyo,JP,2023-09-20,12:00:00,1695186000,26.6,23.7,32.2,16.2,11.0,14.9,0.0,Japan
Tokyo,JP,2023-09-21,12:00:00,1695272400,25.8,22.5,28.7,45.9,198.0,1.1,0.0,Japan
Tokyo,JP,2023-09-22,12:00:00,1695358800,25.7,22.4,30.2,35.9,46.0,33.4,0.0,Japan
Tokyo,JP,2023-09-23,12:00:00,1695445200,22.6,20.8,25.1,21.7,15.0,14.5,0.0,Japan
Tokyo,JP,2023-09-24,12:00:00,1695531600,21.3,18.3,25.4,24.7,27.0,0.0,0.0,Japan
Tokyo,JP,2023-09-25,12:00:00,1695618000,20.9,16.4,26.3,24.5,7.0,0.0,0.0,Japan
Tokyo,JP,2023-09-26,12:00:00,1695704400,22.9,18.5,28.0,16.1,12.0,0.0,0.0,Japan
Tokyo,JP,2023-09-27,12:00:00,1695790800,24.1,20.8,28.4,21.5,75.0,0.0,0.0,Japan
Tokyo,JP,2023-09-28,12:00:00,1695877200,26.0,21.3,30.9,20.2,21.0,0.2,0.0,Japan
Tokyo,JP,2023-09-29,12:00:00,1695963600,25.1,22.7,28.4,19.5,84.0,9.0,0.0,Japan
Tokyo,JP,2023-09-30,12:00:00,1696050000,23.9,20.3,27.5,18.4,160.0,1.0,0.0,Japan
Tokyo,JP,2023-10-01,12:00:00,1696136400,24.0,21.2,28.1,21.6,347.0,0.2,0.0,Japan
Tokyo,JP,2023-10-02,12:00:00,1696222800,22.7,19.8,26.6,26.1,344.0,0.0,0.0,Japan
Tokyo,JP,2023-10-03,12:00:00,1696309200,21.3,15.7,25.8,19.5,0.0,0.0,0.0,Japan
Tokyo,JP,2023-10-04,12:00:00,1696395600,19.0,17.4,21.0,20.8,351.0,18.2,0.0,Japan
Tokyo,JP,2023-10-05,12:00:00,1696482000,18.9,16.4,23.5,38.0,337.0,0.0,0.0,Japan
Tokyo,JP,2023-10-06,12:00:00,1696568400,19.0,14.5,24.7,36.1,328.0,0.0,0.0,Japan
Tokyo,JP,2023-10-07,12:00:00,1696654800,18.2,14.4,23.4,30.8,344.0,0.0,0.0,Japan
Tokyo,JP,2023-10-08,12:00:00,1696741200,16.6,12.8,21.5,20.0,359.0,3.5,0.0,Japan
Tokyo,JP,2023-10-09,12:00:00,1696827600,15.7,14.2,17.7,31.3,337.0,19.4,0.0,Japan
Tokyo,JP,2023-10-10,12:00:00,1696914000,19.7,16.9,24.6,30.5,327.0,8.4,0.0,Japan
Tokyo,JP,2023-10-11,12:00:00,1697000400,18.7,15.6,22.6,26.9,360.0,0.0,0.0,Japan
Tokyo,JP,2023-10-12,12:00:00,1697086800,17.3,12.8,22.3,17.9,8.0,0.0,0.0,Japan
Tokyo,JP,2023-10-13,12:00:00,1697173200,16.9,12.9,21.8,19.6,1.0,0.0,0.0,Japan
Tokyo,JP,2023-10-14,12:00:00,1697259600,16.2,10.2,21.2,14.1,283.0,0.2,0.0,Japan
Tokyo,JP,2023-10-15,12:00:00,1697346000,15.3,13.3,18.3,35.3,328.0,47.3,0.0,Japan
Tokyo,JP,2023-10-16,12:00:00,1697432400,17.9,11.7,24.4,15.3,238.0,0.0,0.0,Japan
Tokyo,JP,2023-10-17,12:00:00,1697518800,17.9,13.7,23.5,22.1,343.0,0.0,0.0,Japan
Tokyo,JP,2023-10-18,12:00:00,1697605200,17.4,12.3,23.2,17.4,8.0,0.0,0.0,Japan
Tokyo,JP,2023-10-19,12:00:00,1697691600,18.3,12.4,24.1,20.5,239.0,0.0,0.0,Japan
Tokyo,JP,2023-10-20,12:00:00,1697778000,19.4,13.7,25.3,46.5,218.0,0.0,0.0,Japan
Tokyo,JP,2023-10-21,12:00:00,1697864400,17.1,12.8,21.6,33.8,341.0,0.0,0.0,Japan
Tokyo,JP,2023-10-22,12:00:00,1697950800,13.9,9.2,18.6,26.7,331.0,0.0,0.0,Japan
Tokyo,JP,2023-10-23,12:00:00,1698037200,14.9,9.4,20.6,12.7,337.0,0.0,0.0,Japan
Tokyo,JP,2023-10-24,12:00:00,1698123600,16.6,11.5,22.2,14.8,9.0,0.0,0.0,Japan
Tokyo,JP,2023-10-25,12:00:00,1698210000,16.8,13.0,21.7,16.3,360.0,0.2,0.0,Japan
Tokyo,JP,2023-10-26,12:00:00,1698296400,16.7,11.4,23.1,16.5,324.0,0.0,0.0,Japan
Tokyo,JP,2023-10-27,12:00:00,1698382800,16.2,10.8,22.4,14.6,334.0,0.0,0.0,Japan
Tokyo,JP,2023-10-28,12:00:00,1698469200,16.0,12.2,20.7,18.7,353.0,0.0,0.0,Japan
Tokyo,JP,2023-10-29,12:00:00,1698555600,15.9,13.4,19.5,27.4,342.0,1.6,0.0,Japan
Tokyo,JP,2023-10-30,12:00:00,1698642000,16.0,11.4,20.8,22.2,31.0,0.0,0.0,Japan
Tokyo,JP,2023-10-31,12:00:00,1698728400,16.2,11.0,21.2,15.6,191.0,0.0,0.0,Japan
Tokyo,JP,2023-11-01,12:00:00,1698814800,16.7,11.4,22.2,17.5,229.0,0.0,0.0,Japan
Tokyo,JP,2023-11-02,12:00:00,1698901200,17.0,10.7,24.2,9.7,299.0,0.0,0.0,Japan
Tokyo,JP,2023-11-03,12:00:00,1698987600,17.3,11.5,23.9,18.8,223.0,0.0,0.0,Japan
Tokyo,JP,2023-11-04,12:00:00,1699074000,18.4,11.8,25.5,13.2,317.0,0.0,0.0,Japan
Tokyo,JP,2023-11-05,12:00:00,1699160400,18.9,15.5,24.3,19.6,11.0,1.2,0.0,Japan
Tokyo,JP,2023-11-06,12:00:00,1699246800,20.4,15.1,25.1,35.7,190.0,1.4,0.0,Japan
Tokyo,JP,2023-11-07,12:00:00,1699333200,22.0,16.2,25.5,61.6,209.0,4.1,0.0,Japan
Tokyo,JP,2023-11-08,12:00:00,1699419600,16.3,12.8,20.7,33.2,15.0,0.0,0.0,Japan
Tokyo,JP,2023-11-09,12:00:00,1699506000,15.2,10.6,20.5,12.6,324.0,0.0,0.0,Japan
Tokyo,JP,2023-11-10,12:00:00,1699592400,14.4,11.0,18.2,21.2,323.0,15.5,0.0,Japan
Tokyo,JP,2023-11-11,12:00:00,1699678800,12.6,9.5,16.0,45.7,349.0,0.0,0.0,Japan
Tokyo,JP,2023-11-12,12:00:00,1699765200,9.3,7.8,10.8,16.9,349.0,0.8,0.0,Japan
Tokyo,JP,2023-11-13,12:00:00,1699851600,9.4,7.1,13.9,32.4,342.0,1.3,0.0,Japan
Tokyo,JP,2023-11-14,12:00:00,1699938000,10.6,3.9,16.9,20.5,343.0,0.0,0.0,Japan
Tokyo,JP,2023-11-15,12:00:00,1700024400,10.4,8.0,13.6,20.2,343.0,0.3,0.0,Japan
Tokyo,JP,2023-11-16,12:00:00,1700110800,11.2,6.2,17.0,15.0,356.0,0.1,0.0,Japan
Tokyo,JP,2023-11-17,12:00:00,1700197200,11.1,9.2,13.0,16.9,335.0,32.0,0.0,Japan
Tokyo,JP,2023-11-18,12:00:00,1700283600,10.6,5.5,16.0,36.4,220.0,0.0,0.0,Japan
Tokyo,JP,2023-11-19,12:00:00,1700370000,10.7,4.0,18.1,27.8,218.0,0.0,0.0,Japan
Tokyo,JP,2023-11-20,12:00:00,1700456400,9.9,5.0,16.4,36.9,340.0,0.0,0.0,Japan
Tokyo,JP,2023-11-21,12:00:00,1700542800,9.6,4.0,15.9,30.1,334.0,0.0,0.0,Japan
Tokyo,JP,2023-11-22,12:00:00,1700629200,11.5,5.4,18.1,12.9,343.0,0.0,0.0,Japan
Tokyo,JP,2023-11-23,12:00:00,1700715600,13.1,8.7,20.2,19.9,285.0,0.0,0.0,Japan
Tokyo,JP,2023-11-24,12:00:00,1700802000,14.4,7.9,21.6,44.9,348.0,0.0,0.0,Japan
Tokyo,JP,2023-11-25,12:00:00,1700888400,8.6,5.8,12.1,37.1,350.0,0.0,0.0,Japan
Tokyo,JP,2023-11-26,12:00:00,1700974800,6.8,5.1,8.3,17.7,345.0,1.4,0.0,Japan
Tokyo,JP,2023-11-27,12:00:00,1701061200,9.3,4.4,13.9,10.9,322.0,0.0,0.0,Japan
Tokyo,JP,2023-11-28,12:00:00,1701147600,12.0,6.6,20.5,26.1,318.0,0.4,0.0,Japan
Tokyo,JP,2023-11-29,12:00:00,1701234000,9.9,4.4,15.4,13.8,27.0,0.0,0.0,Japan
Tokyo,JP,2023-11-30,12:00:00,1701320400,9.3,5.5,15.3,29.6,358.0,0.0,0.0,Japan
Tokyo,JP,2023-12-01,12:00:00,1701406800,7.2,4.2,11.2,25.3,8.0,0.0,0.0,Japan
Tokyo,JP,2023-12-02,12:00:00,1701493200,6.1,1.2,11.9,16.6,346.0,0.0,0.0,Japan
Tokyo,JP,2023-12-03,12:00:00,1701579600,6.7,0.9,14.6,32.7,332.0,0.0,0.0,Japan
Tokyo,JP,2023-12-04,12:00:00,1701666000,8.5,3.2,13.2,25.3,338.0,0.0,0.0,Japan
Tokyo,JP,2023-12-05,12:00:00,1701752400,6.4,1.9,11.0,16.2,333.0,0.5,0.0,Japan
Tokyo,JP,2023-12-06,12:00:00,1701838800,11.0,7.7,16.2,20.5,358.0,2.3,0.0,Japan
Tokyo,JP,2023-12-07,12:00:00,1701925200,11.4,4.3,19.3,45.0,323.0,0.0,0.0,Japan
Tokyo,JP,2023-12-08,12:00:00,1702011600,10.7,4.8,16.9,26.2,260.0,0.0,0.0,Japan
Tokyo,JP,2023-12-09,12:00:00,1702098000,10.0,4.3,16.2,17.5,343.0,0.0,0.0,Japan
Tokyo,JP,2023-12-10,12:00:00,1702184400,11.6,4.7,18.8,15.9,322.0,0.0,0.0,Japan
Tokyo,JP,2023-12-11,12:00:00,1702270800,12.1,8.9,16.4,22.8,359.0,0.2,0.0,Japan
Tokyo,JP,2023-12-12,12:00:00,1702357200,12.1,9.9,16.3,35.6,342.0,21.4,0.0,Japan
Tokyo,JP,2023-12-13,12:00:00,1702443600,9.4,6.2,13.8,26.5,346.0,2.0,0.0,Japan
Tokyo,JP,2023-12-14,12:00:00,1702530000,7.9,3.7,13.4,18.1,349.0,0.0,0.0,Japan
Tokyo,JP,2023-12-15,12:00:00,1702616400,10.5,7.0,19.1,46.2,287.0,1.5,0.0,Japan
Tokyo,JP,2023-12-16,12:00:00,1702702800,16.4,9.0,20.4,38.2,218.0,0.6,0.0,Japan
Tokyo,JP,2023-12-17,12:00:00,1702789200,8.9,3.7,14.8,48.0,332.0,0.0,0.0,Japan
Tokyo,JP,2023-12-18,12:00:00,1702875600,4.3,0.2,10.2,20.4,336.0,0.0,0.0,Japan
Tokyo,JP,2023-12-19,12:00:00,1702962000,4.4,1.4,8.9,14.6,344.0,0.0,0.0,Japan
Tokyo,JP,2023-12-20,12:00:00,1703048400,6.2,2.1,11.5,12.8,351.0,0.0,0.0,Japan
Tokyo,JP,2023-12-21,12:00:00,1703134800,4.8,-0.2,10.1,13.1,330.0,0.0,0.0,Japan
Tokyo,JP,2023-12-22,12:00:00,1703221200,2.7,-1.5,8.9,31.2,325.0,0.0,0.0,Japan
Tokyo,JP,2023-12-23,12:00:00,1703307600,3.2,-2.2,8.7,22.7,324.0,0.0,0.0,Japan
Tokyo,JP,2023-12-24,12:00:00,1703394000,2.9,-1.7,8.2,15.5,353.0,0.0,0.0,Japan
Tokyo,JP,2023-12-25,12:00:00,1703480400,3.8,-2.4,10.5,18.7,344.0,0.0,0.0,Japan
Tokyo,JP,2023-12-26,12:00:00,1703566800,5.7,0.1,11.4,21.8,310.0,0.0,0.0,Japan
Tokyo,JP,2023-12-27,12:00:00,1703653200,6.1,1.2,12.0,34.4,343.0,0.0,0.0,Japan
Tokyo,JP,2023-12-28,12:00:00,1703739600,5.3,1.4,10.4,19.9,354.0,0.0,0.0,Japan
Tokyo,JP,2023-12-29,12:00:00,1703826000,5.8,-0.8,13.4,12.1,337.0,0.0,0.0,Japan
Tokyo,JP,2023-12-30,12:00:00,1703912400,7.5,1.9,14.0,18.7,340.0,0.0,0.0,Japan
Tokyo,JP,2023-12-31,12:00:00,1703998800,8.1,4.7,12.4,17.4,340.0,4.7,0.0,Japan
Tokyo,JP,2024-01-01,12:00:00,1704085200,7.6,1.9,10.6,51.3,331.0,0.0,0.0,Japan
Tokyo,JP,2024-01-02,12:00:00,1704171600,3.6,-0.3,7.7,13.4,338.0,0.5,0.0,Japan
Tokyo,JP,2024-01-03,12:00:00,1704258000,6.3,0.8,11.7,13.0,341.0,0.0,0.0,Japan
Tokyo,JP,2024-01-04,12:00:00,1704344400,7.5,4.6,12.9,50.8,339.0,1.0,0.0,Japan
Tokyo,JP,2024-01-05,12:00:00,1704430800,5.0,-0.2,11.6,18.5,351.0,0.0,0.0,Japan
Tokyo,JP,2024-01-06,12:00:00,1704517200,7.1,0.2,14.0,15.1,348.0,0.0,0.0,Japan
Tokyo,JP,2024-01-07,12:00:00,1704603600,6.5,2.5,10.7,36.8,9.0,0.3,0.0,Japan
Tokyo,JP,2024-01-08,12:00:00,1704690000,3.6,0.5,9.2,31.8,337.0,0.0,0.0,Japan
Tokyo,JP,2024-01-09,12:00:00,1704776400,2.6,-3.2,8.7,14.4,354.0,0.0,0.0,Japan
Tokyo,JP,2024-01-10,12:00:00,1704862800,4.8,-1.4,12.5,28.7,340.0,0.0,0.0,Japan
Tokyo,JP,2024-01-11,12:00:00,1704949200,3.6,-0.0,8.4,28.8,345.0,0.0,0.0,Japan
Tokyo,JP,2024-01-12,12:00:00,1705035600,4.4,-3.3,13.5,23.0,345.0,0.0,0.0,Japan
Tokyo,JP,2024-01-13,12:00:00,1705122000,5.2,1.7,11.1,39.1,353.0,1.3,0.0,Japan
Tokyo,JP,2024-01-14,12:00:00,1705208400,4.7,-2.4,11.7,41.2,235.0,0.0,0.0,Japan
Tokyo,JP,2024-01-15,12:00:00,1705294800,4.6,0.1,9.5,49.2,339.0,0.0,0.0,Japan
Tokyo,JP,2024-01-16,12:00:00,1705381200,2.5,-2.6,7.5,54.4,334.0,0.0,0.0,Japan
Tokyo,JP,2024-01-17,12:00:00,1705467600,4.8,-1.6,11.3,19.1,336.0,0.0,0.0,Japan
Tokyo,JP,2024-01-18,12:00:00,1705554000,7.0,0.8,12.6,16.0,352.0,0.0,0.0,Japan
Tokyo,JP,2024-01-19,12:00:00,1705640400,9.4,6.9,14.5,24.4,29.0,0.0,0.0,Japan
Tokyo,JP,2024-01-20,12:00:00,1705726800,5.5,4.6,7.1,21.7,337.0,5.6,0.0,Japan
Tokyo,JP,2024-01-21,12:00:00,1705813200,8.4,4.9,13.3,42.2,333.0,27.6,0.0,Japan
Tokyo,JP,2024-01-22,12:00:00,1705899600,9.9,5.2,14.1,29.4,12.0,0.7,0.0,Japan
Tokyo,JP,2024-01-23,12:00:00,1705986000,7.4,4.3,11.7,18.7,351.0,0.9,0.14,Japan
Tokyo,JP,2024-01-24,12:00:00,1706072400,2.4,-2.5,6.8,48.4,319.0,0.1,0.07,Japan
Tokyo,JP,2024-01-25,12:00:00,1706158800,1.8,-3.9,8.0,48.5,306.0,0.0,0.0,Japan
Tokyo,JP,2024-01-26,12:00:00,1706245200,2.4,-4.8,10.1,40.8,327.0,0.0,0.0,Japan
Tokyo,JP,2024-01-27,12:00:00,1706331600,4.7,0.6,10.3,34.1,345.0,0.0,0.0,Japan
Tokyo,JP,2024-01-28,12:00:00,1706418000,4.1,0.4,9.6,19.8,343.0,0.0,0.0,Japan
Tokyo,JP,2024-01-29,12:00:00,1706504400,5.2,0.4,10.2,21.4,8.0,0.0,0.0,Japan
Tokyo,JP,2024-01-30,12:00:00,1706590800,5.8,0.4,12.1,17.2,355.0,0.0,0.0,Japan
Tokyo,JP,2024-01-31,12:00:00,1706677200,6.6,-0.2,12.7,13.4,333.0,0.0,0.0,Japan
Tokyo,JP,2024-02-01,12:00:00,1706763600,7.3,3.0,14.3,48.8,343.0,5.8,0.0,Japan
Tokyo,JP,2024-02-02,12:00:00,1706850000,3.4,1.0,5.4,37.5,2.0,0.0,0.0,Japan
Tokyo,JP,2024-02-03,12:00:00,1706936400,5.4,0.7,10.4,30.1,359.0,0.0,0.0,Japan
Tokyo,JP,2024-02-04,12:00:00,1707022800,4.0,1.5,6.3,21.3,337.0,3.0,0.49,Japan
Tokyo,JP,2024-02-05,12:00:00,1707109200,1.4,0.3,3.5,37.3,345.0,29.9,19.32,Japan
Tokyo,JP,2024-02-06,12:00:00,1707195600,2.5,0.7,4.9,31.8,356.0,3.0,0.21,Japan
Tokyo,JP,2024-02-07,12:00:00,1707282000,2.9,-1.4,8.6,13.4,346.0,0.0,0.0,Japan
Tokyo,JP,2024-02-08,12:00:00,1707368400,4.0,-0.8,10.2,23.6,339.0,0.0,0.0,Japan
Tokyo,JP,2024-02-09,12:00:00,1707454800,4.7,0.3,10.0,22.9,8.0,0.0,0.0,Japan
Tokyo,JP,2024-02-10,12:00:00,1707541200,5.0,-0.8,10.6,20.1,337.0,0.0,0.0,Japan
Tokyo,JP,2024-02-11,12:00:00,1707627600,6.2,2.2,10.5,28.4,343.0,0.2,0.0,Japan
Tokyo,JP,2024-02-12,12:00:00,1707714000,5.1,0.7,11.6,24.4,352.0,1.0,0.49,Japan
Tokyo,JP,2024-02-13,12:00:00,1707800400,6.3,-2.1,15.9,33.0,235.0,0.0,0.0,Japan
Tokyo,JP,2024-02-14,12:00:00,1707886800,8.7,1.5,16.6,14.3,302.0,0.0,0.0,Japan
Tokyo,JP,2024-02-15,12:00:00,1707973200,12.0,3.4,20.2,49.1,213.0,0.0,0.0,Japan
Tokyo,JP,2024-02-16,12:00:00,1708059600,9.2,4.8,15.6,62.5,349.0,0.2,0.0,Japan
Tokyo,JP,2024-02-17,12:00:00,1708146000,7.7,3.0,14.1,20.9,7.0,0.0,0.0,Japan
Tokyo,JP,2024-02-18,12:00:00,1708232400,12.3,8.5,18.5,24.1,179.0,0.0,0.0,Japan
Tokyo,JP,2024-02-19,12:00:00,1708318800,15.3,12.3,18.4,48.9,189.0,7.0,0.0,Japan
Tokyo,JP,2024-02-20,12:00:00,1708405200,18.1,13.7,23.3,47.5,187.0,2.6,0.0,Japan
Tokyo,JP,2024-02-21,12:00:00,1708491600,9.0,7.8,12.9,21.3,14.0,5.4,0.0,Japan
Tokyo,JP,2024-02-22,12:00:00,1708578000,6.0,4.1,8.0,26.5,24.0,7.1,0.0,Japan
Tokyo,JP,2024-02-23,12:00:00,1708664400,3.0,2.1,4.1,24.7,14.0,4.3,0.07,Japan
Tokyo,JP,2024-02-24,12:00:00,1708750800,4.2,-0.6,8.9,18.0,52.0,0.0,0.0,Japan
Tokyo,JP,2024-02-25,12:00:00,1708837200,2.8,0.2,4.9,26.9,333.0,8.2,0.0,Japan
Tokyo,JP,2024-02-26,12:00:00,1708923600,6.6,4.0,10.5,55.6,334.0,2.8,0.0,Japan
Tokyo,JP,2024-02-27,12:00:00,1709010000,5.4,2.8,8.4,65.5,321.0,0.0,0.0,Japan
Tokyo,JP,2024-02-28,12:00:00,1709096400,6.2,2.6,11.8,40.0,334.0,0.0,0.0,Japan
Tokyo,JP,2024-02-29,12:00:00,1709182800,5.3,-0.7,10.7,18.7,20.0,4.2,0.0,Japan
Tokyo,JP,2024-03-01,12:00:00,1709269200,8.5,3.3,14.0,37.4,331.0,16.5,0.0,Japan
Tokyo,JP,2024-03-02,12:00:00,1709355600,4.5,1.8,6.9,39.4,342.0,0.1,0.0,Japan
Tokyo,JP,2024-03-03,12:00:00,1709442000,5.0,-1.8,11.8,22.7,341.0,0.0,0.0,Japan
Tokyo,JP,2024-03-04,12:00:00,1709528400,5.9,-1.1,12.5,21.7,351.0,0.0,0.0,Japan
Tokyo,JP,2024-03-05,12:00:00,1709614800,4.9,1.2,8.0,25.3,2.0,15.5,0.56,Japan
Tokyo,JP,2024-03-06,12:00:00,1709701200,4.9,0.8,9.4,35.4,346.0,17.7,0.98,Japan
Tokyo,JP,2024-03-07,12:00:00,1709787600,5.5,2.6,8.7,24.4,43.0,0.7,0.0,Japan
Tokyo,JP,2024-03-08,12:00:00,1709874000,4.1,1.2,8.2,24.5,355.0,15.0,3.92,Japan
Tokyo,JP,2024-03-09,12:00:00,1709960400,4.0,-0.5,9.6,41.3,332.0,0.0,0.0,Japan
Tokyo,JP,2024-03-10,12:00:00,1710046800,4.7,-0.3,11.4,28.7,333.0,0.0,0.0,Japan
Tokyo,JP,2024-03-11,12:00:00,1710133200,5.5,-1.6,11.9,20.9,332.0,0.0,0.0,Japan
Tokyo,JP,2024-03-12,12:00:00,1710219600,6.9,4.7,10.5,51.2,345.0,38.4,0.0,Japan
Tokyo,JP,2024-03-13,12:00:00,1710306000,8.0,4.0,12.3,44.4,335.0,0.4,0.0,Japan
Tokyo,JP,2024-03-14,12:00:00,1710392400,7.3,1.3,13.3,25.9,226.0,0.0,0.0,Japan
Tokyo,JP,2024-03-15,12:00:00,1710478800,9.3,2.1,15.2,33.7,211.0,0.0,0.0,Japan
Tokyo,JP,2024-03-16,12:00:00,1710565200,12.5,8.0,19.4,32.3,349.0,0.0,0.0,Japan
Tokyo,JP,2024-03-17,12:00:00,1710651600,12.9,6.1,20.2,42.8,237.0,0.0,0.0,Japan
Tokyo,JP,2024-03-18,12:00:00,1710738000,7.8,3.4,12.1,55.6,336.0,0.0,0.0,Japan
Tokyo,JP,2024-03-19,12:00:00,1710824400,7.0,2.8,11.3,31.0,310.0,0.0,0.0,Japan
Tokyo,JP,2024-03-20,12:00:00,1710910800,6.9,1.7,12.3,59.8,331.0,4.4,0.0,Japan
Tokyo,JP,2024-03-21,12:00:00,1710997200,5.0,1.8,9.3,45.9,326.0,0.0,0.0,Japan
Tokyo,JP,2024-03-22,12:00:00,1711083600,5.1,-1.0,11.1,30.8,342.0,0.0,0.0,Japan
Tokyo,JP,2024-03-23,12:00:00,1711170000,4.0,0.5,7.1,18.0,350.0,3.2,0.0,Japan
Tokyo,JP,2024-03-24,12:00:00,1711256400,9.1,2.0,14.9,13.6,148.0,3.5,0.0,Japan
Tokyo,JP,2024-03-25,12:00:00,1711342800,11.1,10.1,12.8,17.4,346.0,3.2,0.0,Japan
Tokyo,JP,2024-03-26,12:00:00,1711429200,9.7,5.6,11.8,49.2,353.0,35.4,0.0,Japan
Tokyo,JP,2024-03-27,12:00:00,1711515600,9.6,5.2,15.1,36.1,353.0,0.0,0.0,Japan
Tokyo,JP,2024-03-28,12:00:00,1711602000,9.3,4.0,15.0,24.9,166.0,5.3,0.0,Japan
Tokyo,JP,2024-03-29,12:00:00,1711688400,16.1,12.7,21.0,61.6,181.0,43.6,0.0,Japan
Tokyo,JP,2024-03-30,12:00:00,1711774800,15.5,9.7,22.5,21.7,71.0,0.0,0.0,Japan
Tokyo,JP,2024-03-31,12:00:00,1711861200,17.0,9.7,25.8,27.5,4.0,0.0,0.0,Japan
Tokyo,JP,2024-04-01,12:00:00,1711947600,13.2,10.5,17.0,18.5,29.0,4.5,0.0,Japan
Tokyo,JP,2024-04-02,12:00:00,1712034000,12.1,6.2,17.6,24.1,280.0,0.0,0.0,Japan
Tokyo,JP,2024-04-03,12:00:00,1712120400,12.5,8.9,15.8,14.0,72.0,13.6,0.0,Japan
Tokyo,JP,2024-04-04,12:00:00,1712206800,14.3,11.2,17.6,27.2,345.0,7.6,0.0,Japan
Tokyo,JP,2024-04-05,12:00:00,1712293200,10.7,9.3,12.3,25.0,26.0,3.9,0.0,Japan
Tokyo,JP,2024-04-06,12:00:00,1712379600,11.8,8.3,16.2,19.2,350.0,0.0,0.0,Japan
Tokyo,JP,2024-04-07,12:00:00,1712466000,15.5,11.1,20.5,17.1,49.0,1.4,0.0,Japan
Tokyo,JP,2024-04-08,12:00:00,1712552400,16.9,12.4,21.7,16.5,88.0,0.0,0.0,Japan
Tokyo,JP,2024-04-09,12:00:00,1712638800,14.8,8.9,20.0,58.8,309.0,47.4,0.0,Japan
Tokyo,JP,2024-04-10,12:00:00,1712725200,9.7,5.1,15.1,38.3,35.0,0.0,0.0,Japan
Tokyo,JP,2024-04-11,12:00:00,1712811600,11.7,5.0,18.2,16.5,97.0,0.0,0.0,Japan
Tokyo,JP,2024-04-12,12:00:00,1712898000,13.7,9.6,17.6,19.0,16.0,1.4,0.0,Japan
Tokyo,JP,2024-04-13,12:00:00,1712984400,14.9,9.6,20.7,20.6,39.0,0.0,0.0,Japan
Tokyo,JP,2024-04-14,12:00:00,1713070800,15.8,10.0,22.5,19.0,194.0,0.0,0.0,Japan
Tokyo,JP,2024-04-15,12:00:00,1713157200,17.1,11.1,24.0,26.0,190.0,0.0,0.0,Japan
Tokyo,JP,2024-04-16,12:00:00,1713243600,17.6,14.3,21.3,45.5,189.0,0.0,0.0,Japan
Tokyo,JP,2024-04-17,12:00:00,1713330000,18.2,15.0,22.4,26.2,194.0,1.7,0.0,Japan
Tokyo,JP,2024-04-18,12:00:00,1713416400,16.3,12.9,20.8,20.7,46.0,3.0,0.0,Japan
Tokyo,JP,2024-04-19,12:00:00,1713502800,16.3,12.8,21.4,48.0,332.0,0.4,0.0,Japan
Tokyo,JP,2024-04-20,12:00:00,1713589200,17.0,10.4,23.9,20.3,356.0,0.3,0.0,Japan
Tokyo,JP,2024-04-21,12:00:00,1713675600,17.5,13.0,22.8,23.7,109.0,3.4,0.0,Japan
Tokyo,JP,2024-04-22,12:00:00,1713762000,16.2,14.4,19.2,17.4,60.0,13.4,0.0,Japan
Tokyo,JP,2024-04-23,12:00:00,1713848400,16.4,13.4,19.5,19.2,75.0,0.2,0.0,Japan
Tokyo,JP,2024-04-24,12:00:00,1713934800,15.1,14.2,16.5,25.8,86.0,12.0,0.0,Japan
Tokyo,JP,2024-04-25,12:00:00,1714021200,18.4,13.3,23.7,28.4,324.0,0.6,0.0,Japan
Tokyo,JP,2024-04-26,12:00:00,1714107600,18.7,12.2,25.2,22.5,102.0,0.0,0.0,Japan
Tokyo,JP,2024-04-27,12:00:00,1714194000,18.8,16.6,22.3,18.5,143.0,0.8,0.0,Japan
Tokyo,JP,2024-04-28,12:00:00,1714280400,19.9,13.6,26.8,28.4,174.0,0.0,0.0,Japan
Tokyo,JP,2024-04-29,12:00:00,1714366800,19.9,15.5,24.7,36.0,180.0,0.0,0.0,Japan
Tokyo,JP,2024-04-30,12:00:00,1714453200,20.6,17.2,24.5,26.6,170.0,0.8,0.0,Japan
Tokyo,JP,2024-05-01,12:00:00,1714539600,17.0,12.5,19.8,26.5,43.0,37.3,0.0,Japan
Tokyo,JP,2024-05-02,12:00:00,1714626000,14.6,11.2,19.7,26.9,23.0,6.8,0.0,Japan
Tokyo,JP,2024-05-03,12:00:00,1714712400,15.7,9.2,21.8,27.7,204.0,0.0,0.0,Japan
Tokyo,JP,2024-05-04,12:00:00,1714798800,18.7,12.4,26.3,22.1,210.0,0.0,0.0,Japan
Tokyo,JP,2024-05-05,12:00:00,1714885200,19.7,12.7,26.2,36.4,187.0,0.0,0.0,Japan
Tokyo,JP,2024-05-06,12:00:00,1714971600,19.6,17.3,22.1,44.9,193.0,0.0,0.0,Japan
Tokyo,JP,2024-05-07,12:00:00,1715058000,19.9,18.6,21.5,50.0,190.0,15.6,0.0,Japan
Tokyo,JP,2024-05-08,12:00:00,1715144400,17.7,12.7,23.2,24.2,27.0,19.9,0.0,Japan
Tokyo,JP,2024-05-09,12:00:00,1715230800,13.2,10.5,17.3,22.3,4.0,1.7,0.0,Japan
Tokyo,JP,2024-05-10,12:00:00,1715317200,15.7,6.4,22.0,34.2,196.0,0.0,0.0,Japan
Tokyo,JP,2024-05-11,12:00:00,1715403600,17.9,10.7,23.8,43.3,194.0,0.0,0.0,Japan
Tokyo,JP,2024-05-12,12:00:00,1715490000,19.8,16.4,23.5,39.1,195.0,0.0,0.0,Japan
Tokyo,JP,2024-05-13,12:00:00,1715576400,19.4,16.0,22.2,42.6,203.0,46.3,0.0,Japan
Tokyo,JP,2024-05-14,12:00:00,1715662800,16.4,13.6,20.5,20.1,37.0,0.1,0.0,Japan
Tokyo,JP,2024-05-15,12:00:00,1715749200,18.2,12.2,23.9,20.0,155.0,1.9,0.0,Japan
Tokyo,JP,2024-05-16,12:00:00,1715835600,18.4,15.2,24.2,48.8,208.0,5.1,0.0,Japan
Tokyo,JP,2024-05-17,12:00:00,1715922000,18.6,11.1,24.6,31.9,192.0,0.0,0.0,Japan
Tokyo,JP,2024-05-18,12:00:00,1716008400,19.9,13.3,26.4,17.6,72.0,0.0,0.0,Japan
Tokyo,JP,2024-05-19,12:00:00,1716094800,18.8,14.7,21.9,14.3,206.0,0.6,0.0,Japan
Tokyo,JP,2024-05-20,12:00:00,1716181200,18.6,14.9,23.3,12.8,312.0,31.5,0.0,Japan
Tokyo,JP,2024-05-21,12:00:00,1716267600,21.2,15.6,27.2,19.9,128.0,9.2,0.0,Japan
Tokyo,JP,2024-05-22,12:00:00,1716354000,19.4,16.8,23.7,19.7,112.0,0.0,0.0,Japan
Tokyo,JP,2024-05-23,12:00:00,1716440400,20.1,16.7,24.1,29.1,192.0,0.0,0.0,Japan
Tokyo,JP,2024-05-24,12:00:00,1716526800,21.9,16.4,27.6,33.3,239.0,0.0,0.0,Japan
Tokyo,JP,2024-05-25,12:00:00,1716613200,19.5,16.7,25.0,32.3,59.0,0.0,0.0,Japan
Tokyo,JP,2024-05-26,12:00:00,1716699600,20.3,16.6,24.5,33.4,174.0,0.0,0.0,Japan
Tokyo,JP,2024-05-27,12:00:00,1716786000,21.4,18.9,24.6,41.0,193.0,0.7,0.0,Japan
Tokyo,JP,2024-05-28,12:00:00,1716872400,23.1,21.6,25.9,66.3,193.0,20.1,0.0,Japan
Tokyo,JP,2024-05-29,12:00:00,1716958800,21.0,18.1,25.0,42.4,16.0,13.0,0.0,Japan
Tokyo,JP,2024-05-30,12:00:00,1717045200,21.4,16.8,26.5,25.9,185.0,2.4,0.0,Japan
Tokyo,JP,2024-05-31,12:00:00,1717131600,18.3,16.4,20.0,26.3,350.0,34.7,0.0,Japan
Tokyo,JP,2024-06-01,12:00:00,1717218000,20.0,17.2,24.7,19.8,94.0,1.3,0.0,Japan
Tokyo,JP,2024-06-02,12:00:00,1717304400,18.9,16.8,23.3,20.4,117.0,27.8,0.0,Japan
Tokyo,JP,2024-06-03,12:00:00,1717390800,18.6,15.6,23.6,22.9,16.0,13.3,0.0,Japan
Tokyo,JP,2024-06-04,12:00:00,1717477200,18.7,15.2,23.5,21.5,27.0,0.9,0.0,Japan
Tokyo,JP,2024-06-05,12:00:00,1717563600,19.9,14.8,25.5,20.9,43.0,0.0,0.0,Japan
Tokyo,JP,2024-06-06,12:00:00,1717650000,20.7,16.9,24.9,30.0,180.0,0.7,0.0,Japan
Tokyo,JP,2024-06-07,12:00:00,1717736400,21.0,17.9,25.0,21.1,130.0,0.4,0.0,Japan
Tokyo,JP,2024-06-08,12:00:00,1717822800,20.9,15.3,26.6,20.5,167.0,0.0,0.0,Japan
Tokyo,JP,2024-06-09,12:00:00,1717909200,21.6,19.3,25.5,29.7,181.0,1.1,0.0,Japan
Tokyo,JP,2024-06-10,12:00:00,1717995600,20.9,18.9,24.5,16.7,153.0,12.6,0.0,Japan
Tokyo,JP,2024-06-11,12:00:00,1718082000,22.5,18.7,27.0,27.0,190.0,0.0,0.0,Japan
Tokyo,JP,2024-06-12,12:00:00,1718168400,22.9,18.1,28.0,25.3,187.0,0.0,0.0,Japan
Tokyo,JP,2024-06-13,12:00:00,1718254800,21.6,19.2,24.2,13.0,165.0,0.1,0.0,Japan
Tokyo,JP,2024-06-14,12:00:00,1718341200,24.0,18.6,29.9,22.4,190.0,0.0,0.0,Japan
Tokyo,JP,2024-06-15,12:00:00,1718427600,23.4,19.1,28.6,22.6,158.0,0.6,0.0,Japan
Tokyo,JP,2024-06-16,12:00:00,1718514000,23.5,21.2,26.8,28.9,191.0,12.0,0.0,Japan
Tokyo,JP,2024-06-17,12:00:00,1718600400,25.0,21.7,29.6,16.2,183.0,3.8,0.0,Japan
Tokyo,JP,2024-06-18,12:00:00,1718686800,19.8,18.1,22.5,16.9,355.0,95.5,0.0,Japan
Tokyo,JP,2024-06-19,12:00:00,1718773200,22.3,15.7,28.4,21.1,189.0,0.0,0.0,Japan
Tokyo,JP,2024-06-20,12:00:00,1718859600,23.0,18.1,27.8,32.1,187.0,0.0,0.0,Japan
Tokyo,JP,2024-06-21,12:00:00,1718946000,20.4,18.3,22.6,33.5,321.0,36.9,0.0,Japan
Tokyo,JP,2024-06-22,12:00:00,1719032400,22.8,15.5,27.8,37.5,199.0,0.0,0.0,Japan
Tokyo,JP,2024-06-23,12:00:00,1719118800,22.4,21.0,24.3,28.6,200.0,14.0,0.0,Japan
Tokyo,JP,2024-06-24,12:00:00,1719205200,25.7,20.7,30.9,14.4,118.0,0.0,0.0,Japan
Tokyo,JP,2024-06-25,12:00:00,1719291600,26.6,22.8,30.9,24.6,263.0,0.0,0.0,Japan
Tokyo,JP,2024-06-26,12:00:00,1719378000,25.6,22.6,30.5,18.4,38.0,0.6,0.0,Japan
Tokyo,JP,2024-06-27,12:00:00,1719464400,24.0,21.9,28.1,19.8,140.0,0.1,0.0,Japan
Tokyo,JP,2024-06-28,12:00:00,1719550800,22.0,21.0,23.0,27.1,205.0,64.0,0.0,Japan
Tokyo,JP,2024-06-29,12:00:00,1719637200,23.4,20.5,27.9,16.9,88.0,0.4,0.0,Japan
Tokyo,JP,2024-06-30,12:00:00,1719723600,24.8,21.8,28.2,49.7,207.0,2.5,0.0,Japan
Tokyo,JP,2024-07-01,12:00:00,1719810000,26.2,24.6,28.0,57.1,212.0,6.7,0.0,Japan
Tokyo,JP,2024-07-02,12:00:00,1719896400,26.7,23.2,31.2,16.2,60.0,4.9,0.0,Japan
Tokyo,JP,2024-07-03,12:00:00,1719982800,26.3,22.7,31.3,20.5,165.0,1.1,0.0,Japan
Tokyo,JP,2024-07-04,12:00:00,1720069200,28.3,23.4,33.1,14.4,180.0,0.0,0.0,Japan
Tokyo,JP,2024-07-05,12:00:00,1720155600,28.2,24.3,33.5,15.6,39.0,0.0,0.0,Japan
Tokyo,JP,2024-07-06,12:00:00,1720242000,28.2,24.3,33.5,13.5,46.0,1.1,0.0,Japan
Tokyo,JP,2024-07-07,12:00:00,1720328400,28.4,24.4,32.7,12.1,139.0,0.0,0.0,Japan
Tokyo,JP,2024-07-08,12:00:00,1720414800,30.0,25.0,35.1,17.2,111.0,0.0,0.0,Japan
Tokyo,JP,2024-07-09,12:00:00,1720501200,28.6,24.9,33.5,25.0,226.0,0.0,0.0,Japan
Tokyo,JP,2024-07-10,12:00:00,1720587600,28.2,24.7,32.3,38.0,212.0,1.9,0.0,Japan
Tokyo,JP,2024-07-11,12:00:00,1720674000,27.1,24.7,29.4,50.4,218.0,0.9,0.0,Japan
Tokyo,JP,2024-07-12,12:00:00,1720760400,23.9,22.4,25.6,17.7,13.0,17.6,0.0,Japan
Tokyo,JP,2024-07-13,12:00:00,1720846800,25.3,21.3,30.2,26.1,180.0,3.7,0.0,Japan
Tokyo,JP,2024-07-14,12:00:00,1720933200,25.7,23.7,29.0,19.6,151.0,14.0,0.0,Japan
Tokyo,JP,2024-07-15,12:00:00,1721019600,24.6,22.3,26.8,30.6,32.0,0.4,0.0,Japan
Tokyo,JP,2024-07-16,12:00:00,1721106000,23.6,21.1,26.3,19.6,101.0,19.8,0.0,Japan
Tokyo,JP,2024-07-17,12:00:00,1721192400,25.5,21.9,30.0,14.1,1.0,6.1,0.0,Japan
Tokyo,JP,2024-07-18,12:00:00,1721278800,26.6,23.0,30.9,18.2,158.0,0.0,0.0,Japan
Tokyo,JP,2024-07-19,12:00:00,1721365200,28.0,23.9,32.3,17.0,203.0,0.0,0.0,Japan
Tokyo,JP,2024-07-20,12:00:00,1721451600,29.6,25.6,35.0,20.1,86.0,13.9,0.0,Japan
Tokyo,JP,2024-07-21,12:00:00,1721538000,27.8,24.2,32.0,21.5,199.0,19.3,0.0,Japan
Tokyo,JP,2024-07-22,12:00:00,1721624400,29.6,25.0,35.0,20.6,237.0,0.1,0.0,Japan
Tokyo,JP,2024-07-23,12:00:00,1721710800,29.1,24.9,33.2,25.9,219.0,0.0,0.0,Japan
Tokyo,JP,2024-07-24,12:00:00,1721797200,29.8,25.4,34.7,17.6,167.0,0.0,0.0,Japan
Tokyo,JP,2024-07-25,12:00:00,1721883600,29.7,26.7,33.9,19.4,359.0,0.2,0.0,Japan
Tokyo,JP,2024-07-26,12:00:00,1721970000,30.1,25.7,34.9,16.5,167.0,1.1,0.0,Japan
Tokyo,JP,2024-07-27,12:00:00,1722056400,30.5,26.0,35.5,12.7,148.0,0.2,0.0,Japan
Tokyo,JP,2024-07-28,12:00:00,1722142800,31.2,26.1,37.3,18.8,238.0,1.1,0.0,Japan
Tokyo,JP,2024-07-29,12:00:00,1722229200,32.3,28.0,38.1,29.0,210.0,0.0,0.0,Japan
Tokyo,JP,2024-07-30,12:00:00,1722315600,32.1,27.8,38.6,28.1,300.0,2.6,0.0,Japan
Tokyo,JP,2024-07-31,12:00:00,1722402000,30.4,26.9,36.2,21.5,94.0,0.9,0.0,Japan
Tokyo,JP,2024-08-01,12:00:00,1722488400,29.3,24.9,34.6,23.5,47.0,0.0,0.0,Japan
Tokyo,JP,2024-08-02,12:00:00,1722574800,29.6,24.6,35.8,23.6,94.0,0.0,0.0,Japan
Tokyo,JP,2024-08-03,12:00:00,1722661200,29.9,25.1,36.4,24.2,162.0,0.0,0.0,Japan
Tokyo,JP,2024-08-04,12:00:00,1722747600,30.7,25.8,37.5,24.7,172.0,0.0,0.0,Japan
Tokyo,JP,2024-08-05,12:00:00,1722834000,30.7,26.7,36.9,20.6,171.0,2.0,0.0,Japan
Tokyo,JP,2024-08-06,12:00:00,1722920400,29.7,26.6,34.8,15.7,54.0,2.2,0.0,Japan
Tokyo,JP,2024-08-07,12:00:00,1723006800,27.7,24.9,32.4,27.4,39.0,18.1,0.0,Japan
Tokyo,JP,2024-08-08,12:00:00,1723093200,28.0,24.5,32.3,18.1,102.0,2.2,0.0,Japan
Tokyo,JP,2024-08-09,12:00:00,1723179600,28.4,24.7,33.5,18.8,1.0,3.5,0.0,Japan
Tokyo,JP,2024-08-10,12:00:00,1723266000,29.0,25.0,33.9,27.5,10.0,1.8,0.0,Japan
Tokyo,JP,2024-08-11,12:00:00,1723352400,30.6,25.5,35.7,24.9,223.0,0.0,0.0,Japan
Tokyo,JP,2024-08-12,12:00:00,1723438800,31.3,26.9,36.2,34.2,183.0,0.0,0.0,Japan
Tokyo,JP,2024-08-13,12:00:00,1723525200,31.2,26.9,37.0,28.1,187.0,0.0,0.0,Japan
Tokyo,JP,2024-08-14,12:00:00,1723611600,31.0,26.5,36.4,22.2,211.0,0.5,0.0,Japan
Tokyo,JP,2024-08-15,12:00:00,1723698000,30.4,25.3,36.6,25.4,63.0,1.4,0.0,Japan
Tokyo,JP,2024-08-16,12:00:00,1723784400,26.1,24.7,27.9,44.5,11.0,57.3,0.0,Japan
Tokyo,JP,2024-08-17,12:00:00,1723870800,29.9,25.4,34.6,35.5,295.0,0.2,0.0,Japan
Tokyo,JP,2024-08-18,12:00:00,1723957200,28.4,25.4,32.4,17.9,23.0,1.1,0.0,Japan
Tokyo,JP,2024-08-19,12:00:00,1724043600,28.3,25.2,32.7,16.4,12.0,5.3,0.0,Japan
Tokyo,JP,2024-08-20,12:00:00,1724130000,28.5,25.1,33.3,21.4,177.0,2.4,0.0,Japan
Tokyo,JP,2024-08-21,12:00:00,1724216400,27.7,24.5,31.8,17.9,96.0,1.4,0.0,Japan
Tokyo,JP,2024-08-22,12:00:00,1724302800,27.6,25.3,30.4,25.8,170.0,1.4,0.0,Japan
Tokyo,JP,2024-08-23,12:00:00,1724389200,28.7,26.3,31.7,30.8,188.0,0.6,0.0,Japan
Tokyo,JP,2024-08-24,12:00:00,1724475600,28.6,25.6,32.8,22.0,207.0,6.5,0.0,Japan
Tokyo,JP,2024-08-25,12:00:00,1724562000,28.1,25.0,32.1,28.2,186.0,0.2,0.0,Japan
Tokyo,JP,2024-08-26,12:00:00,1724648400,28.4,25.8,32.1,30.7,182.0,0.1,0.0,Japan
Tokyo,JP,2024-08-27,12:00:00,1724734800,27.4,24.8,31.3,39.1,187.0,0.9,0.0,Japan
Tokyo,JP,2024-08-28,12:00:00,1724821200,27.5,25.4,30.3,24.4,183.0,0.3,0.0,Japan
Tokyo,JP,2024-08-29,12:00:00,1724907600,26.5,24.4,30.3,20.5,162.0,31.6,0.0,Japan
Tokyo,JP,2024-08-30,12:00:00,1724994000,26.5,25.6,27.6,32.5,172.0,36.3,0.0,Japan
Tokyo,JP,2024-08-31,12:00:00,1725080400,27.1,25.2,29.9,33.1,185.0,14.4,0.0,Japan
Tokyo,JP,2024-09-01,12:00:00,1725166800,27.0,24.4,29.7,34.2,182.0,31.3,0.0,Japan
Tokyo,JP,2024-09-02,12:00:00,1725253200,27.9,25.8,31.2,41.6,189.0,0.0,0.0,Japan
Tokyo,JP,2024-09-03,12:00:00,1725339600,24.3,22.4,26.5,27.4,32.0,32.2,0.0,Japan
Tokyo,JP,2024-09-04,12:00:00,1725426000,24.1,21.8,27.9,21.8,20.0,2.0,0.0,Japan
Tokyo,JP,2024-09-05,12:00:00,1725512400,25.4,21.7,29.6,14.6,19.0,0.0,0.0,Japan
Tokyo,JP,2024-09-06,12:00:00,1725598800,27.0,22.9,31.5,14.8,193.0,0.0,0.0,Japan
Tokyo,JP,2024-09-07,12:00:00,1725685200,27.1,23.8,31.2,22.4,182.0,0.1,0.0,Japan
Tokyo,JP,2024-09-08,12:00:00,1725771600,27.4,23.8,32.1,18.8,236.0,1.4,0.0,Japan
Tokyo,JP,2024-09-09,12:00:00,1725858000,26.9,23.1,31.9,16.7,80.0,3.1,0.0,Japan
Tokyo,JP,2024-09-10,12:00:00,1725944400,27.1,23.0,31.6,21.3,170.0,1.1,0.0,Japan
Tokyo,JP,2024-09-11,12:00:00,1726030800,28.1,23.9,32.1,22.2,189.0,0.4,0.0,Japan
Tokyo,JP,2024-09-12,12:00:00,1726117200,28.1,24.5,32.3,25.8,190.0,0.1,0.0,Japan
Tokyo,JP,2024-09-13,12:00:00,1726203600,28.5,25.3,32.3,31.6,201.0,0.0,0.0,Japan
Tokyo,JP,2024-09-14,12:00:00,1726290000,28.5,24.8,33.1,35.8,194.0,0.0,0.0,Japan
Tokyo,JP,2024-09-15,12:00:00,1726376400,29.2,25.8,33.5,37.4,201.0,21.0,0.0,Japan
Tokyo,JP,2024-09-16,12:00:00,1726462800,26.6,23.3,30.4,29.7,47.0,23.2,0.0,Japan
Tokyo,JP,2024-09-17,12:00:00,1726549200,27.3,22.5,32.6,26.7,200.0,0.0,0.0,Japan
Tokyo,JP,2024-09-18,12:00:00,1726635600,29.1,25.4,35.2,18.1,354.0,5.3,0.0,Japan
Tokyo,JP,2024-09-19,12:00:00,1726722000,28.2,25.2,32.3,14.8,48.0,0.0,0.0,Japan
Tokyo,JP,2024-09-20,12:00:00,1726808400,28.9,25.2,33.2,13.4,187.0,0.2,0.0,Japan
Tokyo,JP,2024-09-21,12:00:00,1726894800,27.8,23.9,31.6,18.9,325.0,0.0,0.0,Japan
Tokyo,JP,2024-09-22,12:00:00,1726981200,25.4,22.6,28.7,35.8,309.0,1.8,0.0,Japan
Tokyo,JP,2024-09-23,12:00:00,1727067600,22.4,18.7,26.2,29.7,37.0,2.8,0.0,Japan
Tokyo,JP,2024-09-24,12:00:00,1727154000,19.7,16.6,23.9,28.8,17.0,0.1,0.0,Japan
Tokyo,JP,2024-09-25,12:00:00,1727240400,20.1,15.9,23.2,33.8,347.0,0.0,0.0,Japan
Tokyo,JP,2024-09-26,12:00:00,1727326800,23.9,20.5,28.0,22.7,24.0,0.2,0.0,Japan
Tokyo,JP,2024-09-27,12:00:00,1727413200,22.8,21.3,24.8,20.6,25.0,17.3,0.0,Japan
Tokyo,JP,2024-09-28,12:00:00,1727499600,23.6,21.6,27.0,18.5,36.0,0.3,0.0,Japan
Tokyo,JP,2024-09-29,12:00:00,1727586000,22.4,20.4,25.0,21.7,33.0,0.3,0.0,Japan
Tokyo,JP,2024-09-30,12:00:00,1727672400,21.7,19.2,25.2,18.2,19.0,1.1,0.0,Japan
Tokyo,JP,2024-10-01,12:00:00,1727758800,22.4,18.5,26.9,25.5,343.0,0.2,0.0,Japan
Tokyo,JP,2024-10-02,12:00:00,1727845200,25.1,20.1,31.0,33.3,197.0,0.0,0.0,Japan
Tokyo,JP,2024-10-03,12:00:00,1727931600,23.6,21.8,26.6,32.8,86.0,8.3,0.0,Japan
Tokyo,JP,2024-10-04,12:00:00,1728018000,25.0,22.1,28.4,35.1,201.0,0.7,0.0,Japan
Tokyo,JP,2024-10-05,12:00:00,1728104400,21.4,19.5,22.8,22.9,11.0,22.1,0.0,Japan
Tokyo,JP,2024-10-06,12:00:00,1728190800,22.0,19.5,25.6,15.0,13.0,0.2,0.0,Japan
Tokyo,JP,2024-10-07,12:00:00,1728277200,23.6,18.9,28.3,35.4,200.0,0.0,0.0,Japan
Tokyo,JP,2024-10-08,12:00:00,1728363600,19.1,15.8,22.0,25.2,18.0,15.2,0.0,Japan
Tokyo,JP,2024-10-09,12:00:00,1728450000,16.3,15.1,17.6,29.0,353.0,31.6,0.0,Japan
Tokyo,JP,2024-10-10,12:00:00,1728536400,17.0,14.5,20.5,29.1,6.0,0.5,0.0,Japan
Tokyo,JP,2024-10-11,12:00:00,1728622800,17.5,12.3,22.7,15.6,23.0,0.0,0.0,Japan
Tokyo,JP,2024-10-12,12:00:00,1728709200,18.9,14.7,23.8,16.5,16.0,0.0,0.0,Japan
Tokyo,JP,2024-10-13,12:00:00,1728795600,19.3,15.5,25.0,19.6,15.0,0.0,0.0,Japan
Tokyo,JP,2024-10-14,12:00:00,1728882000,19.0,14.5,24.3,20.7,15.0,0.0,0.0,Japan
Tokyo,JP,2024-10-15,12:00:00,1728968400,20.4,16.1,25.7,14.8,242.0,0.0,0.0,Japan
Tokyo,JP,2024-10-16,12:00:00,1729054800,21.4,16.0,25.7,12.7,333.0,0.0,0.0,Japan
Tokyo,JP,2024-10-17,12:00:00,1729141200,21.4,19.2,24.7,19.1,27.0,1.6,0.0,Japan
Tokyo,JP,2024-10-18,12:00:00,1729227600,21.1,18.9,24.5,17.6,26.0,5.0,0.0,Japan
Tokyo,JP,2024-10-19,12:00:00,1729314000,23.8,20.7,28.8,40.2,227.0,1.2,0.0,Japan
Tokyo,JP,2024-10-20,12:00:00,1729400400,15.8,11.5,20.0,43.9,9.0,0.2,0.0,Japan
Tokyo,JP,2024-10-21,12:00:00,1729486800,14.2,9.1,19.4,25.9,347.0,0.0,0.0,Japan
Tokyo,JP,2024-10-22,12:00:00,1729573200,18.1,12.7,23.3,19.4,343.0,0.2,0.0,Japan
Tokyo,JP,2024-10-23,12:00:00,1729659600,21.5,16.9,25.6,35.0,195.0,0.8,0.0,Japan
Tokyo,JP,2024-10-24,12:00:00,1729746000,22.1,18.9,26.9,22.1,21.0,0.3,0.0,Japan
Tokyo,JP,2024-10-25,12:00:00,1729832400,19.2,17.2,20.7,19.7,15.0,3.7,0.0,Japan
Tokyo,JP,2024-10-26,12:00:00,1729918800,18.3,15.3,21.6,16.2,1.0,0.0,0.0,Japan
Tokyo,JP,2024-10-27,12:00:00,1730005200,19.1,14.9,23.5,16.2,265.0,0.4,0.0,Japan
Tokyo,JP,2024-10-28,12:00:00,1730091600,18.7,17.3,20.7,22.1,349.0,10.1,0.0,Japan
Tokyo,JP,2024-10-29,12:00:00,1730178000,15.5,12.8,18.0,24.2,19.0,28.3,0.0,Japan
Tokyo,JP,2024-10-30,12:00:00,1730264400,16.1,12.9,22.2,42.4,342.0,14.3,0.0,Japan
Tokyo,JP,2024-10-31,12:00:00,1730350800,15.4,11.1,20.0,28.2,1.0,0.0,0.0,Japan
Tokyo,JP,2024-11-01,12:00:00,1730437200,15.5,10.5,21.2,13.2,345.0,5.9,0.0,Japan
Tokyo,JP,2024-11-02,12:00:00,1730523600,15.9,14.6,17.5,34.6,359.0,58.1,0.0,Japan
Tokyo,JP,2024-11-03,12:00:00,1730610000,16.7,12.7,20.4,34.5,5.0,0.0,0.0,Japan
Tokyo,JP,2024-11-04,12:00:00,1730696400,15.6,9.2,22.2,28.3,220.0,0.0,0.0,Japan
Tokyo,JP,2024-11-05,12:00:00,1730782800,15.1,11.4,19.3,22.0,15.0,0.0,0.0,Japan
Tokyo,JP,2024-11-06,12:00:00,1730869200,13.0,11.1,14.8,23.6,350.0,1.6,0.0,Japan
Tokyo,JP,2024-11-07,12:00:00,1730955600,11.1,8.3,15.0,40.7,343.0,0.0,0.0,Japan
Tokyo,JP,2024-11-08,12:00:00,1731042000,10.1,6.2,14.6,31.6,2.0,0.0,0.0,Japan
Tokyo,JP,2024-11-09,12:00:00,1731128400,10.3,5.0,16.1,16.5,353.0,0.0,0.0,Japan
Tokyo,JP,2024-11-10,12:00:00,1731214800,12.8,8.7,17.1,19.4,346.0,0.0,0.0,Japan
Tokyo,JP,2024-11-11,12:00:00,1731301200,15.8,12.9,21.3,19.4,352.0,6.3,0.0,Japan
Tokyo,JP,2024-11-12,12:00:00,1731387600,15.0,10.2,19.9,17.9,9.0,0.0,0.0,Japan
Tokyo,JP,2024-11-13,12:00:00,1731474000,15.5,13.2,18.9,16.5,16.0,0.0,0.0,Japan
Tokyo,JP,2024-11-14,12:00:00,1731560400,14.7,11.7,18.1,8.6,316.0,0.4,0.0,Japan
Tokyo,JP,2024-11-15,12:00:00,1731646800,16.0,13.7,18.6,9.4,334.0,8.2,0.0,Japan
Tokyo,JP,2024-11-16,12:00:00,1731733200,16.1,13.2,18.7,10.9,325.0,0.3,0.0,Japan
Tokyo,JP,2024-11-17,12:00:00,1731819600,17.9,14.3,22.2,11.3,330.0,0.6,0.0,Japan
Tokyo,JP,2024-11-18,12:00:00,1731906000,12.4,9.3,17.3,19.8,349.0,2.6,0.0,Japan
Tokyo,JP,2024-11-19,12:00:00,1731992400,8.4,6.2,11.1,20.3,353.0,0.0,0.0,Japan
Tokyo,JP,2024-11-20,12:00:00,1732078800,6.2,4.8,7.7,10.7,316.0,2.4,0.0,Japan
Tokyo,JP,2024-11-21,12:00:00,1732165200,9.9,7.9,12.8,12.1,323.0,7.1,0.0,Japan
Tokyo,JP,2024-11-22,12:00:00,1732251600,11.2,6.2,16.6,17.0,322.0,0.0,0.0,Japan
Tokyo,JP,2024-11-23,12:00:00,1732338000,10.5,7.4,14.4,19.5,340.0,0.0,0.0,Japan
Tokyo,JP,2024-11-24,12:00:00,1732424400,9.2,6.6,13.3,11.0,337.0,0.0,0.0,Japan
Tokyo,JP,2024-11-25,12:00:00,1732510800,8.4,4.8,12.3,9.5,342.0,0.0,0.0,Japan
Tokyo,JP,2024-11-26,12:00:00,1732597200,8.7,3.7,13.5,9.0,319.0,5.7,0.0,Japan
Tokyo,JP,2024-11-27,12:00:00,1732683600,13.5,9.0,18.5,14.2,8.0,39.2,0.0,Japan
Tokyo,JP,2024-11-28,12:00:00,1732770000,11.2,7.3,15.7,7.8,51.0,0.0,0.0,Japan
Tokyo,JP,2024-11-29,12:00:00,1732856400,8.8,5.1,13.8,10.8,349.0,0.0,0.0,Japan
Tokyo,JP,2024-11-30,12:00:00,1732942800,9.0,4.6,14.5,10.9,346.0,0.0,0.0,Japan
Tokyo,JP,2024-12-01,12:00:00,1733029200,9.8,5.4,15.0,10.2,298.0,0.0,0.0,Japan
Tokyo,JP,2024-12-02,12:00:00,1733115600,10.3,6.4,15.2,9.3,320.0,0.0,0.0,Japan
Tokyo,JP,2024-12-03,12:00:00,1733202000,10.3,5.5,15.1,9.1,353.0,0.0,0.0,Japan
Tokyo,JP,2024-12-04,12:00:00,1733288400,10.9,7.7,15.5,10.6,332.0,0.0,0.0,Japan
Tokyo,JP,2024-12-05,12:00:00,1733374800,10.5,7.7,14.3,10.0,323.0,1.2,0.0,Japan
Tokyo,JP,2024-12-06,12:00:00,1733461200,9.3,4.1,14.7,11.0,302.0,0.0,0.0,Japan
Tokyo,JP,2024-12-07,12:00:00,1733547600,7.0,4.5,10.3,11.1,324.0,1.7,0.0,Japan
Tokyo,JP,2024-12-08,12:00:00,1733634000,6.1,2.8,11.2,19.4,327.0,0.0,0.0,Japan
Tokyo,JP,2024-12-09,12:00:00,1733720400,6.5,3.0,10.8,11.2,328.0,0.0,0.0,Japan
Tokyo,JP,2024-12-10,12:00:00,1733806800,7.7,4.6,12.4,11.8,313.0,0.0,0.0,Japan
Tokyo,JP,2024-12-11,12:00:00,1733893200,7.0,3.5,11.8,17.1,328.0,0.0,0.0,Japan
Tokyo,JP,2024-12-12,12:00:00,1733979600,5.3,2.2,9.2,16.8,349.0,0.0,0.0,Japan
Tokyo,JP,2024-12-13,12:00:00,1734066000,3.9,0.5,8.2,10.2,338.0,0.0,0.0,Japan
Tokyo,JP,2024-12-14,12:00:00,1734152400,5.4,1.7,10.4,18.3,338.0,0.0,0.0,Japan
Tokyo,JP,2024-12-15,12:00:00,1734238800,4.3,-1.0,9.8,7.9,317.0,0.0,0.0,Japan
Tokyo,JP,2024-12-16,12:00:00,1734325200,5.8,1.3,11.1,9.4,318.0,0.0,0.0,Japan
Tokyo,JP,2024-12-17,12:00:00,1734411600,6.5,1.4,11.8,8.7,320.0,0.0,0.0,Japan
Tokyo,JP,2024-12-18,12:00:00,1734498000,5.9,1.6,11.1,12.0,337.0,0.2,0.07,Japan
Tokyo,JP,2024-12-19,12:00:00,1734584400,4.5,2.8,7.5,18.7,349.0,2.8,1.47,Japan
Tokyo,JP,2024-12-20,12:00:00,1734670800,5.3,1.1,9.9,10.7,317.0,0.0,0.0,Japan
Tokyo,JP,2024-12-21,12:00:00,1734757200,7.5,1.3,14.2,18.9,199.0,0.0,0.0,Japan
Tokyo,JP,2024-12-22,12:00:00,1734843600,6.7,2.6,9.9,24.1,334.0,0.0,0.0,Japan
Tokyo,JP,2024-12-23,12:00:00,1734930000,5.2,1.7,10.0,17.1,325.0,0.0,0.0,Japan
Tokyo,JP,2024-12-24,12:00:00,1735016400,5.1,0.9,10.6,12.8,322.0,0.0,0.0,Japan
Tokyo,JP,2024-12-25,12:00:00,1735102800,6.2,2.8,10.0,12.0,337.0,0.0,0.0,Japan
Tokyo,JP,2024-12-26,12:00:00,1735189200,7.5,2.9,13.2,11.6,343.0,0.0,0.0,Japan
Tokyo,JP,2024-12-27,12:00:00,1735275600,6.4,3.7,9.8,12.8,331.0,0.0,0.0,Japan
Tokyo,JP,2024-12-28,12:00:00,1735362000,4.5,-0.3,9.4,12.1,320.0,0.0,0.0,Japan
Tokyo,JP,2024-12-29,12:00:00,1735448400,5.0,-0.4,10.9,18.0,335.0,0.0,0.0,Japan
Tokyo,JP,2024-12-30,12:00:00,1735534800,5.6,2.7,9.4,12.8,338.0,0.0,0.0,Japan
Tokyo,JP,2024-12-31,12:00:00,1735621200,6.5,0.8,12.7,20.9,0.0,0.0,0.0,Japan
Tokyo,JP,2025-01-01,12:00:00,1735707600,7.1,4.1,11.0,16.0,336.0,0.0,0.0,Japan
Tokyo,JP,2025-01-02,12:00:00,1735794000,6.8,1.6,12.9,10.8,328.0,0.0,0.0,Japan
Tokyo,JP,2025-01-03,12:00:00,1735880400,3.9,2.4,6.1,11.6,325.0,2.2,0.0,Japan
Tokyo,JP,2025-01-04,12:00:00,1735966800,3.9,0.5,8.1,10.9,325.0,0.0,0.0,Japan
Tokyo,JP,2025-01-05,12:00:00,1736053200,3.4,-1.6,8.5,10.4,330.0,0.0,0.0,Japan
Tokyo,JP,2025-01-06,12:00:00,1736139600,3.5,0.2,8.3,16.2,335.0,26.6,0.0,Japan
Tokyo,JP,2025-01-07,12:00:00,1736226000,7.4,4.2,11.1,13.7,320.0,0.0,0.0,Japan
Tokyo,JP,2025-01-08,12:00:00,1736312400,5.1,1.5,9.4,14.2,222.0,0.0,0.0,Japan
Tokyo,JP,2025-01-09,12:00:00,1736398800,4.7,-0.5,10.5,14.7,184.0,0.0,0.0,Japan
Tokyo,JP,2025-01-10,12:00:00,1736485200,2.9,-1.8,7.5,16.6,298.0,0.0,0.0,Japan
Tokyo,JP,2025-01-11,12:00:00,1736571600,3.5,-0.9,9.3,8.7,303.0,0.0,0.0,Japan
Tokyo,JP,2025-01-12,12:00:00,1736658000,2.9,-0.2,5.8,8.4,324.0,0.0,0.0,Japan
Tokyo,JP,2025-01-13,12:00:00,1736744400,5.3,0.9,10.9,22.0,323.0,0.0,0.0,Japan
Tokyo,JP,2025-01-14,12:00:00,1736830800,4.5,-1.3,10.5,7.3,301.0,0.0,0.0,Japan
Tokyo,JP,2025-01-15,12:00:00,1736917200,5.1,-0.4,12.0,20.0,346.0,0.1,0.0,Japan
Tokyo,JP,2025-01-16,12:00:00,1737003600,3.3,0.9,6.1,13.9,349.0,0.0,0.0,Japan
Tokyo,JP,2025-01-17,12:00:00,1737090000,3.1,0.2,6.5,19.9,338.0,0.0,0.0,Japan
Tokyo,JP,2025-01-18,12:00:00,1737176400,3.9,0.9,7.9,16.0,350.0,0.0,0.0,Japan
Tokyo,JP,2025-01-19,12:00:00,1737262800,3.7,-0.2,8.0,9.3,318.0,0.4,0.0,Japan
Tokyo,JP,2025-01-20,12:00:00,1737349200,8.2,4.5,13.0,11.3,345.0,0.2,0.0,Japan
Tokyo,JP,2025-01-21,12:00:00,1737435600,8.5,5.4,11.7,9.2,352.0,0.2,0.0,Japan
Tokyo,JP,2025-01-22,12:00:00,1737522000,6.8,2.3,12.2,13.0,344.0,0.0,0.0,Japan
Tokyo,JP,2025-01-23,12:00:00,1737608400,6.4,1.3,11.9,8.9,340.0,0.0,0.0,Japan
Tokyo,JP,2025-01-24,12:00:00,1737694800,7.8,3.6,13.0,10.9,3.0,2.7,0.0,Japan
Tokyo,JP,2025-01-25,12:00:00,1737781200,5.5,4.4,6.3,11.9,1.0,1.2,0.0,Japan
Tokyo,JP,2025-01-26,12:00:00,1737867600,5.8,2.2,10.4,20.9,342.0,0.0,0.0,Japan
Tokyo,JP,2025-01-27,12:00:00,1737954000,5.1,0.3,8.7,9.5,87.0,0.0,0.0,Japan
Tokyo,JP,2025-01-28,12:00:00,1738040400,6.8,2.0,11.6,11.1,356.0,0.0,0.0,Japan
Tokyo,JP,2025-01-29,12:00:00,1738126800,6.8,1.8,12.3,12.6,76.0,0.0,0.0,Japan
Tokyo,JP,2025-01-30,12:00:00,1738213200,5.6,-0.1,11.1,21.8,336.0,0.0,0.0,Japan
Tokyo,JP,2025-01-31,12:00:00,1738299600,6.2,1.8,12.6,15.7,335.0,0.0,0.0,Japan
Tokyo,JP,2025-02-01,12:00:00,1738386000,6.6,1.2,11.3,9.4,23.0,0.1,0.0,Japan
Tokyo,JP,2025-02-02,12:00:00,1738472400,3.7,1.8,7.2,13.6,327.0,9.4,0.0,Japan
Tokyo,JP,2025-02-03,12:00:00,1738558800,5.5,2.9,8.7,8.5,319.0,0.0,0.0,Japan
Tokyo,JP,2025-02-04,12:00:00,1738645200,4.6,1.4,9.0,12.8,325.0,0.1,0.0,Japan
Tokyo,JP,2025-02-05,12:00:00,1738731600,3.0,-0.9,7.7,20.9,239.0,0.3,0.21,Japan
Tokyo,JP,2025-02-06,12:00:00,1738818000,3.3,-0.8,8.3,11.7,195.0,0.0,0.0,Japan
Tokyo,JP,2025-02-07,12:00:00,1738904400,3.1,-1.6,7.4,18.1,251.0,0.0,0.0,Japan
Tokyo,JP,2025-02-08,12:00:00,1738990800,3.3,-0.6,7.7,22.5,316.0,0.0,0.0,Japan
Tokyo,JP,2025-02-09,12:00:00,1739077200,4.2,0.5,9.9,21.0,322.0,0.0,0.0,Japan
Tokyo,JP,2025-02-10,12:00:00,1739163600,4.7,-0.5,9.8,10.5,321.0,0.0,0.0,Japan
Tokyo,JP,2025-02-11,12:00:00,1739250000,4.5,0.4,9.0,22.5,336.0,0.0,0.0,Japan
Tokyo,JP,2025-02-12,12:00:00,1739336400,5.7,-0.4,11.9,17.1,206.0,0.1,0.0,Japan
Tokyo,JP,2025-02-13,12:00:00,1739422800,6.5,3.0,11.0,30.2,348.0,0.7,0.0,Japan
Tokyo,JP,2025-02-14,12:00:00,1739509200,7.2,1.5,13.5,13.4,312.0,0.0,0.0,Japan
Tokyo,JP,2025-02-15,12:00:00,1739595600,8.9,4.0,13.3,15.0,244.0,0.0,0.0,Japan
Tokyo,JP,2025-02-16,12:00:00,1739682000,11.4,6.8,16.4,10.2,20.0,0.0,0.0,Japan
Tokyo,JP,2025-02-17,12:00:00,1739768400,9.1,4.3,14.7,23.3,341.0,0.5,0.0,Japan
Tokyo,JP,2025-02-18,12:00:00,1739854800,4.4,0.7,8.8,16.8,343.0,0.0,0.0,Japan
Tokyo,JP,2025-02-19,12:00:00,1739941200,3.2,0.1,7.4,21.6,338.0,0.0,0.0,Japan
Tokyo,JP,2025-02-20,12:00:00,1740027600,4.4,0.4,9.7,16.0,318.0,0.0,0.0,Japan
Tokyo,JP,2025-02-21,12:00:00,1740114000,4.8,0.0,9.5,12.9,326.0,0.0,0.0,Japan
Tokyo,JP,2025-02-22,12:00:00,1740200400,4.1,1.5,7.9,18.8,338.0,0.0,0.0,Japan
Tokyo,JP,2025-02-23,12:00:00,1740286800,4.6,0.3,9.2,13.3,326.0,0.0,0.0,Japan
Tokyo,JP,2025-02-24,12:00:00,1740373200,4.4,0.3,8.4,17.8,336.0,0.1,0.0,Japan
Tokyo,JP,2025-02-25,12:00:00,1740459600,7.3,2.1,11.8,17.0,228.0,0.0,0.0,Japan
Tokyo,JP,2025-02-26,12:00:00,1740546000,10.0,3.4,16.9,14.0,356.0,0.0,0.0,Japan
Tokyo,JP,2025-02-27,12:00:00,1740632400,9.9,4.6,15.0,12.2,297.0,0.0,0.0,Japan
Tokyo,JP,2025-02-28,12:00:00,1740718800,10.7,4.1,15.8,9.7,4.0,0.0,0.0,Japan
Tokyo,JP,2025-03-01,12:00:00,1740805200,13.1,6.7,19.5,15.8,177.0,0.0,0.0,Japan
Tokyo,JP,2025-03-02,12:00:00,1740891600,14.8,8.8,20.4,9.6,5.0,0.0,0.0,Japan
Tokyo,JP,2025-03-03,12:00:00,1740978000,6.0,1.3,14.3,18.2,23.0,29.5,2.52,Japan
Tokyo,JP,2025-03-04,12:00:00,1741064400,2.0,-0.1,5.5,15.7,338.0,6.7,3.36,Japan
Tokyo,JP,2025-03-05,12:00:00,1741150800,4.8,0.5,8.0,18.2,333.0,17.0,0.84,Japan
Tokyo,JP,2025-03-06,12:00:00,1741237200,8.1,5.6,10.2,19.9,330.0,1.2,0.0,Japan
Tokyo,JP,2025-03-07,12:00:00,1741323600,5.3,2.3,9.0,24.1,340.0,0.1,0.0,Japan
Tokyo,JP,2025-03-08,12:00:00,1741410000,2.6,0.9,5.4,10.2,341.0,5.7,0.14,Japan
Tokyo,JP,2025-03-09,12:00:00,1741496400,5.6,1.3,11.1,15.7,339.0,0.0,0.0,Japan
Tokyo,JP,2025-03-10,12:00:00,1741582800,7.3,1.3,12.8,11.4,14.0,0.0,0.0,Japan
Tokyo,JP,2025-03-11,12:00:00,1741669200,8.7,4.3,11.9,10.8,8.0,1.7,0.0,Japan
Tokyo,JP,2025-03-12,12:00:00,1741755600,10.6,6.5,14.4,7.5,20.0,15.8,0.0,Japan
Tokyo,JP,2025-03-13,12:00:00,1741842000,13.8,8.3,18.9,13.8,344.0,0.0,0.0,Japan
Tokyo,JP,2025-03-14,12:00:00,1741928400,10.9,6.4,16.6,17.2,337.0,0.0,0.0,Japan
Tokyo,JP,2025-03-15,12:00:00,1742014800,7.4,4.3,11.3,14.1,328.0,1.3,0.0,Japan
Tokyo,JP,2025-03-16,12:00:00,1742101200,5.6,4.3,7.6,21.9,331.0,19.4,0.0,Japan
Tokyo,JP,2025-03-17,12:00:00,1742187600,8.7,4.9,14.6,22.6,343.0,0.6,0.0,Japan
Tokyo,JP,2025-03-18,12:00:00,1742274000,6.9,2.7,10.7,15.1,47.0,0.8,0.0,Japan
Tokyo,JP,2025-03-19,12:00:00,1742360400,4.6,1.4,8.5,23.8,324.0,29.2,5.18,Japan
Tokyo,JP,2025-03-20,12:00:00,1742446800,6.9,1.8,12.0,15.2,11.0,0.0,0.0,Japan
Tokyo,JP,2025-03-21,12:00:00,1742533200,9.2,3.0,15.3,10.2,183.0,0.0,0.0,Japan
Tokyo,JP,2025-03-22,12:00:00,1742619600,13.4,4.5,20.5,9.4,205.0,0.0,0.0,Japan
Tokyo,JP,2025-03-23,12:00:00,1742706000,16.0,9.5,23.3,9.9,59.0,0.0,0.0,Japan
Tokyo,JP,2025-03-24,12:00:00,1742792400,13.6,8.8,18.4,11.4,215.0,0.2,0.0,Japan
Tokyo,JP,2025-03-25,12:00:00,1742878800,16.2,10.1,22.4,14.3,183.0,0.1,0.0,Japan
Tokyo,JP,2025-03-26,12:00:00,1742965200,18.4,14.7,23.9,17.5,297.0,0.0,0.0,Japan
Tokyo,JP,2025-03-27,12:00:00,1743051600,16.7,10.8,21.5,22.6,183.0,0.0,0.0,Japan
Tokyo,JP,2025-03-28,12:00:00,1743138000,19.1,14.4,24.7,20.2,184.0,11.2,0.0,Japan
Tokyo,JP,2025-03-29,12:00:00,1743224400,7.6,4.4,12.9,13.5,357.0,11.9,0.0,Japan
Tokyo,JP,2025-03-30,12:00:00,1743310800,8.0,3.9,12.8,16.0,316.0,0.7,0.0,Japan
Tokyo,JP,2025-03-31,12:00:00,1743397200,5.9,4.2,7.5,11.1,21.0,2.2,0.0,Japan
Tokyo,JP,2025-04-01,12:00:00,1743483600,4.7,3.0,6.0,21.0,333.0,29.0,0.42,Japan
Tokyo,JP,2025-04-02,12:00:00,1743570000,9.5,6.1,12.5,20.5,343.0,28.2,0.0,Japan
Tokyo,JP,2025-04-03,12:00:00,1743656400,8.3,6.3,9.6,10.0,5.0,8.4,0.0,Japan
Tokyo,JP,2025-04-04,12:00:00,1743742800,9.4,4.1,15.3,16.2,335.0,0.0,0.0,Japan
Tokyo,JP,2025-04-05,12:00:00,1743829200,10.4,4.7,15.1,13.5,147.0,0.0,0.0,Japan
Tokyo,JP,2025-04-06,12:00:00,1743915600,14.1,11.3,17.9,17.1,188.0,1.5,0.0,Japan
Tokyo,JP,2025-04-07,12:00:00,1744002000,13.1,10.5,17.0,12.1,343.0,2.6,0.0,Japan
Tokyo,JP,2025-04-08,12:00:00,1744088400,13.3,6.9,18.5,15.7,207.0,0.1,0.0,Japan
Tokyo,JP,2025-04-09,12:00:00,1744174800,14.7,8.8,20.3,18.2,355.0,0.0,0.0,Japan
Tokyo,JP,2025-04-10,12:00:00,1744261200,15.9,12.1,20.7,20.3,185.0,1.2,0.0,Japan
Tokyo,JP,2025-04-11,12:00:00,1744347600,15.6,12.7,19.7,8.7,20.0,8.9,0.0,Japan
Tokyo,JP,2025-04-12,12:00:00,1744434000,14.6,10.7,19.1,12.5,43.0,0.0,0.0,Japan
Tokyo,JP,2025-04-13,12:00:00,1744520400,12.9,10.9,14.9,14.9,124.0,7.2,0.0,Japan
Tokyo,JP,2025-04-14,12:00:00,1744606800,15.9,12.6,20.7,13.9,192.0,20.4,0.0,Japan
Tokyo,JP,2025-04-15,12:00:00,1744693200,15.2,11.9,19.7,24.6,195.0,1.0,0.0,Japan
Tokyo,JP,2025-04-16,12:00:00,1744779600,14.1,8.0,20.3,11.9,165.0,0.0,0.0,Japan
Tokyo,JP,2025-04-17,12:00:00,1744866000,16.1,9.8,22.5,18.5,211.0,0.0,0.0,Japan
Tokyo,JP,2025-04-18,12:00:00,1744952400,18.8,13.4,23.8,13.5,193.0,0.0,0.0,Japan
Tokyo,JP,2025-04-19,12:00:00,1745038800,20.5,15.2,27.5,12.1,158.0,0.0,0.0,Japan
Tokyo,JP,2025-04-20,12:00:00,1745125200,20.5,17.5,23.8,15.8,193.0,0.0,0.0,Japan
Tokyo,JP,2025-04-21,12:00:00,1745211600,18.6,14.7,24.5,15.9,39.0,0.0,0.0,Japan
Tokyo,JP,2025-04-22,12:00:00,1745298000,18.4,13.4,23.4,23.0,181.0,0.0,0.0,Japan
Tokyo,JP,2025-04-23,12:00:00,1745384400,18.1,16.1,20.5,19.8,175.0,17.8,0.0,Japan
Tokyo,JP,2025-04-24,12:00:00,1745470800,19.1,16.3,24.0,11.4,138.0,0.0,0.0,Japan
Tokyo,JP,2025-04-25,12:00:00,1745557200,17.5,15.2,20.8,13.1,5.0,3.5,0.0,Japan
Tokyo,JP,2025-04-26,12:00:00,1745643600,14.4,11.8,16.7,10.5,77.0,1.7,0.0,Japan
Tokyo,JP,2025-04-27,12:00:00,1745730000,16.3,9.2,21.4,20.2,187.0,0.0,0.0,Japan
Tokyo,JP,2025-04-28,12:00:00,1745816400,17.6,13.9,22.6,16.7,171.0,11.7,0.0,Japan
Tokyo,JP,2025-04-29,12:00:00,1745902800,16.3,12.0,21.8,16.0,334.0,3.1,0.0,Japan
Tokyo,JP,2025-04-30,12:00:00,1745989200,15.8,9.6,21.6,13.5,283.0,0.0,0.0,Japan
Tokyo,JP,2025-05-01,12:00:00,1746075600,17.3,11.0,22.9,19.0,177.0,0.0,0.0,Japan
Tokyo,JP,2025-05-02,12:00:00,1746162000,15.9,14.3,18.8,28.0,100.0,80.8,0.0,Japan
Tokyo,JP,2025-05-03,12:00:00,1746248400,17.4,13.3,22.4,18.3,346.0,0.0,0.0,Japan
Tokyo,JP,2025-05-04,12:00:00,1746334800,16.6,12.5,22.0,16.3,28.0,1.6,0.0,Japan
Tokyo,JP,2025-05-05,12:00:00,1746421200,16.7,10.7,21.4,16.7,170.0,0.0,0.0,Japan
Tokyo,JP,2025-05-06,12:00:00,1746507600,14.6,13.3,16.4,13.9,316.0,17.1,0.0,Japan
Tokyo,JP,2025-05-07,12:00:00,1746594000,17.0,12.5,20.9,20.3,329.0,2.3,0.0,Japan
Tokyo,JP,2025-05-08,12:00:00,1746680400,16.4,13.6,21.1,13.4,152.0,0.0,0.0,Japan
Tokyo,JP,2025-05-09,12:00:00,1746766800,17.6,14.1,21.6,19.0,169.0,2.6,0.0,Japan
Tokyo,JP,2025-05-10,12:00:00,1746853200,19.2,16.3,22.2,21.2,174.0,8.2,0.0,Japan
Tokyo,JP,2025-05-11,12:00:00,1746939600,20.2,15.9,24.5,13.1,9.0,1.9,0.0,Japan
Tokyo,JP,2025-05-12,12:00:00,1747026000,16.6,14.4,19.7,9.1,350.0,9.4,0.0,Japan
Tokyo,JP,2025-05-13,12:00:00,1747112400,18.6,14.2,23.0,10.9,171.0,0.0,0.0,Japan
Tokyo,JP,2025-05-14,12:00:00,1747198800,19.6,15.5,24.0,8.4,176.0,0.0,0.0,Japan
Tokyo,JP,2025-05-15,12:00:00,1747285200,20.2,15.7,25.1,12.4,173.0,0.0,0.0,Japan
Tokyo,JP,2025-05-16,12:00:00,1747371600,21.3,17.3,25.8,12.5,172.0,0.0,0.0,Japan
Tokyo,JP,2025-05-17,12:00:00,1747458000,21.0,18.8,23.3,23.3,185.0,23.8,0.0,Japan
Tokyo,JP,2025-05-18,12:00:00,1747544400,23.9,21.9,26.9,11.4,207.0,0.4,0.0,Japan
Tokyo,JP,2025-05-19,12:00:00,1747630800,18.7,16.4,21.8,13.3,38.0,3.3,0.0,Japan
Tokyo,JP,2025-05-20,12:00:00,1747717200,22.4,15.2,28.5,10.6,215.0,0.0,0.0,Japan
Tokyo,JP,2025-05-21,12:00:00,1747803600,23.5,19.0,28.4,15.8,175.0,0.0,0.0,Japan
Tokyo,JP,2025-05-22,12:00:00,1747890000,22.8,17.5,26.8,11.5,161.0,3.9,0.0,Japan
Tokyo,JP,2025-05-23,12:00:00,1747976400,18.8,16.1,22.8,12.8,42.0,0.0,0.0,Japan
Tokyo,JP,2025-05-24,12:00:00,1748062800,17.7,14.7,21.2,11.2,14.0,3.0,0.0,Japan
Tokyo,JP,2025-05-25,12:00:00,1748149200,18.9,14.2,25.4,14.1,343.0,23.4,0.0,Japan
Tokyo,JP,2025-05-26,12:00:00,1748235600,18.0,16.2,20.0,10.6,357.0,0.0,0.0,Japan
Tokyo,JP,2025-05-27,12:00:00,1748322000,17.1,14.5,19.6,9.5,9.0,0.5,0.0,Japan
Tokyo,JP,2025-05-28,12:00:00,1748408400,,14.7,19.4,11.2,,0.0,,Japan
