city,country_code,date,time,timestamp,temp,temp_min,temp_max,wind_speed,wind_deg,precipitation,snow,country
Seoul,KR,2020-05-29,12:00:00,1590728400,18.4,12.2,25.3,12.0,304.0,0.0,0.0,South Korea
Seoul,KR,2020-05-30,12:00:00,1590814800,20.8,14.3,27.8,12.2,103.0,0.0,0.0,South Korea
Seoul,KR,2020-05-31,12:00:00,1590901200,20.1,15.5,26.3,20.9,249.0,0.1,0.0,South Korea
Seoul,KR,2020-06-01,12:00:00,1590987600,18.8,15.1,22.7,26.2,253.0,0.3,0.0,South Korea
Seoul,KR,2020-06-02,12:00:00,1591074000,16.2,12.5,20.5,26.8,144.0,10.9,0.0,South Korea
Seoul,KR,2020-06-03,12:00:00,1591160400,20.1,16.8,26.3,15.8,228.0,0.1,0.0,South Korea
Seoul,KR,2020-06-04,12:00:00,1591246800,20.2,17.8,24.0,19.3,242.0,0.3,0.0,South Korea
Seoul,KR,2020-06-05,12:00:00,1591333200,21.4,17.0,27.1,11.9,285.0,0.0,0.0,South Korea
Seoul,KR,2020-06-06,12:00:00,1591419600,22.9,16.6,29.6,13.3,103.0,0.0,0.0,South Korea
Seoul,KR,2020-06-07,12:00:00,1591506000,21.4,17.3,28.1,22.4,228.0,0.0,0.0,South Korea
Seoul,KR,2020-06-08,12:00:00,1591592400,22.9,17.4,30.3,19.5,270.0,0.0,0.0,South Korea
Seoul,KR,2020-06-09,12:00:00,1591678800,25.3,18.1,31.7,18.2,296.0,0.0,0.0,South Korea
Seoul,KR,2020-06-10,12:00:00,1591765200,25.1,20.3,31.0,18.0,274.0,17.8,0.0,South Korea
Seoul,KR,2020-06-11,12:00:00,1591851600,24.3,20.2,29.5,13.2,315.0,4.2,0.0,South Korea
Seoul,KR,2020-06-12,12:00:00,1591938000,23.1,20.2,27.5,12.6,253.0,0.0,0.0,South Korea
Seoul,KR,2020-06-13,12:00:00,1592024400,24.4,18.9,30.3,14.3,290.0,0.2,0.0,South Korea
Seoul,KR,2020-06-14,12:00:00,1592110800,22.4,18.6,27.9,23.0,251.0,3.0,0.0,South Korea
Seoul,KR,2020-06-15,12:00:00,1592197200,21.0,16.5,25.7,23.8,232.0,0.0,0.0,South Korea
Seoul,KR,2020-06-16,12:00:00,1592283600,22.5,18.4,28.4,14.5,235.0,0.0,0.0,South Korea
Seoul,KR,2020-06-17,12:00:00,1592370000,22.6,18.3,27.8,17.6,222.0,0.0,0.0,South Korea
Seoul,KR,2020-06-18,12:00:00,1592456400,21.9,18.5,26.8,12.6,333.0,0.0,0.0,South Korea
Seoul,KR,2020-06-19,12:00:00,1592542800,23.6,19.9,29.6,13.8,354.0,0.2,0.0,South Korea
Seoul,KR,2020-06-20,12:00:00,1592629200,23.4,19.4,29.3,17.9,226.0,0.0,0.0,South Korea
Seoul,KR,2020-06-21,12:00:00,1592715600,24.7,18.7,31.5,14.1,288.0,0.2,0.0,South Korea
Seoul,KR,2020-06-22,12:00:00,1592802000,27.3,20.5,34.4,16.9,287.0,0.0,0.0,South Korea
Seoul,KR,2020-06-23,12:00:00,1592888400,26.0,21.2,32.3,16.6,251.0,0.0,0.0,South Korea
Seoul,KR,2020-06-24,12:00:00,1592974800,22.9,20.4,25.3,20.4,108.0,32.5,0.0,South Korea
Seoul,KR,2020-06-25,12:00:00,1593061200,21.7,20.5,23.2,12.7,179.0,6.0,0.0,South Korea
Seoul,KR,2020-06-26,12:00:00,1593147600,20.9,19.1,24.0,23.1,242.0,1.6,0.0,South Korea
Seoul,KR,2020-06-27,12:00:00,1593234000,22.1,19.3,26.9,15.5,259.0,0.6,0.0,South Korea
Seoul,KR,2020-06-28,12:00:00,1593320400,22.6,19.0,28.1,18.1,279.0,1.1,0.0,South Korea
Seoul,KR,2020-06-29,12:00:00,1593406800,22.8,19.0,27.0,23.9,99.0,12.6,0.0,South Korea
Seoul,KR,2020-06-30,12:00:00,1593493200,19.9,17.9,21.3,32.1,12.0,48.2,0.0,South Korea
Seoul,KR,2020-07-01,12:00:00,1593579600,19.8,17.3,23.9,13.4,267.0,7.7,0.0,South Korea
Seoul,KR,2020-07-02,12:00:00,1593666000,22.1,17.2,28.0,9.7,156.0,0.0,0.0,South Korea
Seoul,KR,2020-07-03,12:00:00,1593752400,23.9,20.0,28.7,15.8,115.0,1.0,0.0,South Korea
Seoul,KR,2020-07-04,12:00:00,1593838800,22.1,19.2,26.5,15.1,278.0,2.8,0.0,South Korea
Seoul,KR,2020-07-05,12:00:00,1593925200,21.7,18.4,25.9,12.6,237.0,0.0,0.0,South Korea
Seoul,KR,2020-07-06,12:00:00,1594011600,23.6,19.6,28.5,16.6,271.0,0.0,0.0,South Korea
Seoul,KR,2020-07-07,12:00:00,1594098000,23.0,20.7,26.3,13.8,266.0,1.4,0.0,South Korea
Seoul,KR,2020-07-08,12:00:00,1594184400,23.2,19.5,28.1,14.5,263.0,0.1,0.0,South Korea
Seoul,KR,2020-07-09,12:00:00,1594270800,25.4,20.0,30.8,9.0,77.0,0.5,0.0,South Korea
Seoul,KR,2020-07-10,12:00:00,1594357200,23.9,20.9,26.3,16.8,51.0,26.3,0.0,South Korea
Seoul,KR,2020-07-11,12:00:00,1594443600,24.5,20.4,29.2,18.0,53.0,0.0,0.0,South Korea
Seoul,KR,2020-07-12,12:00:00,1594530000,22.9,20.6,26.2,12.8,99.0,12.4,0.0,South Korea
Seoul,KR,2020-07-13,12:00:00,1594616400,19.9,18.5,22.0,25.2,77.0,42.1,0.0,South Korea
Seoul,KR,2020-07-14,12:00:00,1594702800,19.3,17.8,21.1,19.8,40.0,15.3,0.0,South Korea
Seoul,KR,2020-07-15,12:00:00,1594789200,21.4,17.9,26.4,11.6,69.0,0.0,0.0,South Korea
Seoul,KR,2020-07-16,12:00:00,1594875600,22.1,17.0,27.5,13.6,241.0,0.2,0.0,South Korea
Seoul,KR,2020-07-17,12:00:00,1594962000,24.0,20.0,28.9,13.8,272.0,1.2,0.0,South Korea
Seoul,KR,2020-07-18,12:00:00,1595048400,24.2,21.3,28.3,11.5,158.0,1.4,0.0,South Korea
Seoul,KR,2020-07-19,12:00:00,1595134800,23.5,21.0,26.4,20.5,118.0,13.5,0.0,South Korea
Seoul,KR,2020-07-20,12:00:00,1595221200,23.7,21.0,25.5,29.2,215.0,14.1,0.0,South Korea
Seoul,KR,2020-07-21,12:00:00,1595307600,23.7,19.9,28.7,11.2,267.0,0.2,0.0,South Korea
Seoul,KR,2020-07-22,12:00:00,1595394000,22.9,21.2,24.3,10.5,96.0,9.4,0.0,South Korea
Seoul,KR,2020-07-23,12:00:00,1595480400,21.4,19.5,22.6,38.5,87.0,99.6,0.0,South Korea
Seoul,KR,2020-07-24,12:00:00,1595566800,22.1,19.2,25.7,30.4,54.0,20.8,0.0,South Korea
Seoul,KR,2020-07-25,12:00:00,1595653200,22.8,19.9,26.9,19.6,27.0,3.5,0.0,South Korea
Seoul,KR,2020-07-26,12:00:00,1595739600,24.0,19.7,27.9,14.3,59.0,0.8,0.0,South Korea
Seoul,KR,2020-07-27,12:00:00,1595826000,23.2,21.9,25.1,11.4,85.0,9.7,0.0,South Korea
Seoul,KR,2020-07-28,12:00:00,1595912400,23.4,21.6,25.7,11.6,88.0,4.5,0.0,South Korea
Seoul,KR,2020-07-29,12:00:00,1595998800,23.8,22.4,26.9,11.8,124.0,33.8,0.0,South Korea
Seoul,KR,2020-07-30,12:00:00,1596085200,24.0,21.1,26.7,15.1,219.0,5.5,0.0,South Korea
Seoul,KR,2020-07-31,12:00:00,1596171600,24.1,20.2,28.9,16.6,242.0,2.7,0.0,South Korea
Seoul,KR,2020-08-01,12:00:00,1596258000,24.2,23.3,25.6,22.0,190.0,44.5,0.0,South Korea
Seoul,KR,2020-08-02,12:00:00,1596344400,24.7,23.0,26.6,19.5,201.0,33.6,0.0,South Korea
Seoul,KR,2020-08-03,12:00:00,1596430800,24.7,24.0,25.7,24.2,215.0,28.8,0.0,South Korea
Seoul,KR,2020-08-04,12:00:00,1596517200,25.7,24.2,28.6,20.1,217.0,39.5,0.0,South Korea
Seoul,KR,2020-08-05,12:00:00,1596603600,25.2,23.4,27.1,17.0,147.0,72.7,0.0,South Korea
Seoul,KR,2020-08-06,12:00:00,1596690000,24.2,21.8,26.2,34.7,218.0,50.1,0.0,South Korea
Seoul,KR,2020-08-07,12:00:00,1596776400,23.1,21.6,25.2,11.9,130.0,4.7,0.0,South Korea
Seoul,KR,2020-08-08,12:00:00,1596862800,23.6,21.3,26.5,17.2,100.0,13.2,0.0,South Korea
Seoul,KR,2020-08-09,12:00:00,1596949200,24.7,23.5,25.5,29.5,189.0,63.8,0.0,South Korea
Seoul,KR,2020-08-10,12:00:00,1597035600,26.2,24.9,28.9,21.3,190.0,15.8,0.0,South Korea
Seoul,KR,2020-08-11,12:00:00,1597122000,24.8,23.4,27.8,20.7,210.0,83.3,0.0,South Korea
Seoul,KR,2020-08-12,12:00:00,1597208400,26.3,22.6,30.4,8.5,124.0,0.3,0.0,South Korea
Seoul,KR,2020-08-13,12:00:00,1597294800,27.5,25.1,31.1,19.2,200.0,1.3,0.0,South Korea
Seoul,KR,2020-08-14,12:00:00,1597381200,26.3,25.2,28.7,28.0,221.0,6.0,0.0,South Korea
Seoul,KR,2020-08-15,12:00:00,1597467600,25.6,24.5,27.8,19.4,229.0,19.9,0.0,South Korea
Seoul,KR,2020-08-16,12:00:00,1597554000,26.5,24.4,29.7,23.0,222.0,0.2,0.0,South Korea
Seoul,KR,2020-08-17,12:00:00,1597640400,26.5,23.8,30.3,12.7,237.0,0.5,0.0,South Korea
Seoul,KR,2020-08-18,12:00:00,1597726800,25.5,23.2,29.4,10.1,268.0,0.0,0.0,South Korea
Seoul,KR,2020-08-19,12:00:00,1597813200,25.2,22.1,29.6,14.5,265.0,0.0,0.0,South Korea
Seoul,KR,2020-08-20,12:00:00,1597899600,26.1,23.3,31.1,14.8,257.0,0.0,0.0,South Korea
Seoul,KR,2020-08-21,12:00:00,1597986000,25.5,22.4,28.4,11.5,189.0,3.7,0.0,South Korea
Seoul,KR,2020-08-22,12:00:00,1598072400,24.4,21.6,28.0,16.0,115.0,24.1,0.0,South Korea
Seoul,KR,2020-08-23,12:00:00,1598158800,24.0,21.2,27.7,10.5,237.0,0.6,0.0,South Korea
Seoul,KR,2020-08-24,12:00:00,1598245200,25.6,21.2,30.1,16.7,188.0,0.1,0.0,South Korea
Seoul,KR,2020-08-25,12:00:00,1598331600,27.7,23.6,32.2,12.1,189.0,0.1,0.0,South Korea
Seoul,KR,2020-08-26,12:00:00,1598418000,28.3,25.2,32.4,29.5,92.0,2.9,0.0,South Korea
Seoul,KR,2020-08-27,12:00:00,1598504400,26.8,25.5,28.9,39.3,160.0,9.1,0.0,South Korea
Seoul,KR,2020-08-28,12:00:00,1598590800,26.8,24.4,29.5,22.1,193.0,6.1,0.0,South Korea
Seoul,KR,2020-08-29,12:00:00,1598677200,26.1,23.7,29.1,13.5,174.0,18.2,0.0,South Korea
Seoul,KR,2020-08-30,12:00:00,1598763600,26.5,24.5,30.2,9.3,349.0,4.4,0.0,South Korea
Seoul,KR,2020-08-31,12:00:00,1598850000,26.3,24.1,29.7,16.3,87.0,0.5,0.0,South Korea
Seoul,KR,2020-09-01,12:00:00,1598936400,25.2,22.4,28.2,13.5,100.0,0.7,0.0,South Korea
Seoul,KR,2020-09-02,12:00:00,1599022800,24.2,22.6,25.2,20.9,35.0,39.2,0.0,South Korea
Seoul,KR,2020-09-03,12:00:00,1599109200,21.9,20.1,24.6,39.3,281.0,41.7,0.0,South Korea
Seoul,KR,2020-09-04,12:00:00,1599195600,21.6,18.3,25.3,15.6,208.0,3.6,0.0,South Korea
Seoul,KR,2020-09-05,12:00:00,1599282000,21.6,17.6,26.2,11.9,100.0,0.0,0.0,South Korea
Seoul,KR,2020-09-06,12:00:00,1599368400,20.6,17.4,23.8,19.9,62.0,8.9,0.0,South Korea
Seoul,KR,2020-09-07,12:00:00,1599454800,18.2,15.9,20.1,33.2,323.0,76.6,0.0,South Korea
Seoul,KR,2020-09-08,12:00:00,1599541200,22.0,20.0,24.6,32.3,250.0,1.1,0.0,South Korea
Seoul,KR,2020-09-09,12:00:00,1599627600,20.6,18.5,24.0,16.3,220.0,22.4,0.0,South Korea
Seoul,KR,2020-09-10,12:00:00,1599714000,21.4,18.4,25.5,12.1,194.0,1.5,0.0,South Korea
Seoul,KR,2020-09-11,12:00:00,1599800400,21.1,18.2,25.2,18.8,73.0,2.6,0.0,South Korea
Seoul,KR,2020-09-12,12:00:00,1599886800,19.8,18.5,22.7,14.7,39.0,8.4,0.0,South Korea
Seoul,KR,2020-09-13,12:00:00,1599973200,19.9,16.5,23.9,11.5,352.0,0.0,0.0,South Korea
Seoul,KR,2020-09-14,12:00:00,1600059600,19.9,15.7,23.0,14.2,261.0,1.5,0.0,South Korea
Seoul,KR,2020-09-15,12:00:00,1600146000,21.2,16.8,25.9,8.6,140.0,0.0,0.0,South Korea
Seoul,KR,2020-09-16,12:00:00,1600232400,21.2,19.4,24.1,14.8,176.0,4.0,0.0,South Korea
Seoul,KR,2020-09-17,12:00:00,1600318800,19.8,17.9,22.5,11.0,244.0,0.2,0.0,South Korea
Seoul,KR,2020-09-18,12:00:00,1600405200,19.7,15.6,23.2,25.0,258.0,0.3,0.0,South Korea
Seoul,KR,2020-09-19,12:00:00,1600491600,19.1,15.2,24.2,18.8,265.0,0.0,0.0,South Korea
Seoul,KR,2020-09-20,12:00:00,1600578000,17.5,13.6,21.9,14.9,292.0,0.0,0.0,South Korea
Seoul,KR,2020-09-21,12:00:00,1600664400,16.5,11.2,22.1,9.2,51.0,0.0,0.0,South Korea
Seoul,KR,2020-09-22,12:00:00,1600750800,17.6,13.0,22.9,13.5,64.0,0.0,0.0,South Korea
Seoul,KR,2020-09-23,12:00:00,1600837200,17.6,14.1,21.5,17.7,71.0,0.0,0.0,South Korea
Seoul,KR,2020-09-24,12:00:00,1600923600,18.9,15.8,22.8,21.1,65.0,0.0,0.0,South Korea
Seoul,KR,2020-09-25,12:00:00,1601010000,18.6,14.7,23.2,17.3,45.0,2.4,0.0,South Korea
Seoul,KR,2020-09-26,12:00:00,1601096400,17.8,13.9,22.7,18.1,52.0,0.0,0.0,South Korea
Seoul,KR,2020-09-27,12:00:00,1601182800,18.0,13.1,23.4,11.3,47.0,0.0,0.0,South Korea
Seoul,KR,2020-09-28,12:00:00,1601269200,17.9,12.3,23.6,10.5,31.0,0.0,0.0,South Korea
Seoul,KR,2020-09-29,12:00:00,1601355600,17.4,12.3,22.5,10.9,337.0,0.0,0.0,South Korea
Seoul,KR,2020-09-30,12:00:00,1601442000,18.1,14.1,22.9,10.2,30.0,0.5,0.0,South Korea
Seoul,KR,2020-10-01,12:00:00,1601528400,18.3,14.9,22.8,11.6,136.0,0.2,0.0,South Korea
Seoul,KR,2020-10-02,12:00:00,1601614800,18.0,15.0,21.9,24.0,215.0,7.7,0.0,South Korea
Seoul,KR,2020-10-03,12:00:00,1601701200,18.7,16.6,22.5,13.9,282.0,0.1,0.0,South Korea
Seoul,KR,2020-10-04,12:00:00,1601787600,16.3,10.8,20.4,29.3,285.0,0.3,0.0,South Korea
Seoul,KR,2020-10-05,12:00:00,1601874000,12.3,7.5,16.6,23.2,298.0,0.0,0.0,South Korea
Seoul,KR,2020-10-06,12:00:00,1601960400,12.2,7.6,17.3,13.9,317.0,0.0,0.0,South Korea
Seoul,KR,2020-10-07,12:00:00,1602046800,14.0,8.3,20.2,10.2,43.0,0.0,0.0,South Korea
Seoul,KR,2020-10-08,12:00:00,1602133200,15.2,9.2,22.0,20.1,65.0,0.0,0.0,South Korea
Seoul,KR,2020-10-09,12:00:00,1602219600,15.9,11.7,22.2,19.1,61.0,0.0,0.0,South Korea
Seoul,KR,2020-10-10,12:00:00,1602306000,15.4,10.2,20.5,12.1,51.0,0.0,0.0,South Korea
Seoul,KR,2020-10-11,12:00:00,1602392400,15.7,10.6,20.4,12.4,84.0,0.0,0.0,South Korea
Seoul,KR,2020-10-12,12:00:00,1602478800,15.4,11.0,20.3,17.7,295.0,0.2,0.0,South Korea
Seoul,KR,2020-10-13,12:00:00,1602565200,12.1,6.6,18.1,14.2,318.0,0.0,0.0,South Korea
Seoul,KR,2020-10-14,12:00:00,1602651600,12.0,7.4,15.8,16.7,304.0,0.0,0.0,South Korea
Seoul,KR,2020-10-15,12:00:00,1602738000,9.3,3.7,15.6,10.4,331.0,0.0,0.0,South Korea
Seoul,KR,2020-10-16,12:00:00,1602824400,10.7,6.0,14.7,9.7,41.0,0.0,0.0,South Korea
Seoul,KR,2020-10-17,12:00:00,1602910800,11.1,6.4,16.7,12.0,338.0,0.0,0.0,South Korea
Seoul,KR,2020-10-18,12:00:00,1602997200,11.9,5.3,18.7,14.9,273.0,0.0,0.0,South Korea
Seoul,KR,2020-10-19,12:00:00,1603083600,13.2,7.3,19.5,11.5,6.0,0.0,0.0,South Korea
Seoul,KR,2020-10-20,12:00:00,1603170000,13.4,9.3,19.6,8.7,58.0,0.0,0.0,South Korea
Seoul,KR,2020-10-21,12:00:00,1603256400,12.8,9.0,16.6,11.2,122.0,0.0,0.0,South Korea
Seoul,KR,2020-10-22,12:00:00,1603342800,12.6,7.7,17.4,19.8,281.0,1.8,0.0,South Korea
Seoul,KR,2020-10-23,12:00:00,1603429200,7.7,4.4,11.7,21.1,296.0,0.0,0.0,South Korea
Seoul,KR,2020-10-24,12:00:00,1603515600,7.4,2.8,12.4,24.3,302.0,0.0,0.0,South Korea
Seoul,KR,2020-10-25,12:00:00,1603602000,10.7,6.7,16.7,13.2,280.0,0.0,0.0,South Korea
Seoul,KR,2020-10-26,12:00:00,1603688400,11.1,5.5,17.4,11.2,321.0,0.0,0.0,South Korea
Seoul,KR,2020-10-27,12:00:00,1603774800,11.7,6.0,18.3,13.1,257.0,0.0,0.0,South Korea
Seoul,KR,2020-10-28,12:00:00,1603861200,12.1,7.2,16.5,20.9,305.0,0.0,0.0,South Korea
Seoul,KR,2020-10-29,12:00:00,1603947600,9.3,4.2,14.7,12.0,310.0,0.0,0.0,South Korea
Seoul,KR,2020-10-30,12:00:00,1604034000,10.2,2.6,16.8,10.1,50.0,0.0,0.0,South Korea
Seoul,KR,2020-10-31,12:00:00,1604120400,11.3,6.0,17.3,19.4,177.0,1.4,0.0,South Korea
Seoul,KR,2020-11-01,12:00:00,1604206800,12.5,9.9,13.9,16.5,206.0,7.8,0.0,South Korea
Seoul,KR,2020-11-02,12:00:00,1604293200,9.6,3.6,14.4,14.1,298.0,0.0,0.0,South Korea
Seoul,KR,2020-11-03,12:00:00,1604379600,4.5,1.1,8.0,30.5,306.0,1.3,0.0,South Korea
Seoul,KR,2020-11-04,12:00:00,1604466000,3.1,-1.5,8.8,15.1,286.0,0.0,0.0,South Korea
Seoul,KR,2020-11-05,12:00:00,1604552400,6.7,0.8,13.8,11.0,113.0,0.0,0.0,South Korea
Seoul,KR,2020-11-06,12:00:00,1604638800,10.8,7.3,15.8,12.3,161.0,0.0,0.0,South Korea
Seoul,KR,2020-11-07,12:00:00,1604725200,12.7,9.5,17.0,21.6,255.0,0.6,0.0,South Korea
Seoul,KR,2020-11-08,12:00:00,1604811600,7.7,3.2,11.0,22.3,304.0,0.0,0.0,South Korea
Seoul,KR,2020-11-09,12:00:00,1604898000,4.6,-0.2,9.1,15.0,296.0,0.0,0.0,South Korea
Seoul,KR,2020-11-10,12:00:00,1604984400,6.4,0.8,11.7,18.0,312.0,0.0,0.0,South Korea
Seoul,KR,2020-11-11,12:00:00,1605070800,6.7,0.5,13.8,8.7,50.0,0.0,0.0,South Korea
Seoul,KR,2020-11-12,12:00:00,1605157200,7.5,1.2,15.4,10.5,65.0,0.0,0.0,South Korea
Seoul,KR,2020-11-13,12:00:00,1605243600,9.2,4.0,15.9,10.8,346.0,0.0,0.0,South Korea
Seoul,KR,2020-11-14,12:00:00,1605330000,10.5,3.9,17.5,11.3,101.0,0.0,0.0,South Korea
Seoul,KR,2020-11-15,12:00:00,1605416400,9.2,5.2,14.9,13.3,284.0,0.5,0.0,South Korea
Seoul,KR,2020-11-16,12:00:00,1605502800,10.3,5.3,16.8,11.6,51.0,0.0,0.0,South Korea
Seoul,KR,2020-11-17,12:00:00,1605589200,13.0,8.7,18.4,12.3,102.0,2.8,0.0,South Korea
Seoul,KR,2020-11-18,12:00:00,1605675600,16.1,13.7,19.4,19.6,125.0,13.0,0.0,South Korea
Seoul,KR,2020-11-19,12:00:00,1605762000,14.2,7.3,18.9,32.3,233.0,33.0,0.0,South Korea
Seoul,KR,2020-11-20,12:00:00,1605848400,3.2,-0.2,6.7,22.4,300.0,0.0,0.0,South Korea
Seoul,KR,2020-11-21,12:00:00,1605934800,4.6,-2.2,11.2,14.1,80.0,0.9,0.0,South Korea
Seoul,KR,2020-11-22,12:00:00,1606021200,5.7,1.2,8.0,21.0,291.0,6.2,0.0,South Korea
Seoul,KR,2020-11-23,12:00:00,1606107600,0.5,-2.9,4.4,13.0,296.0,0.0,0.0,South Korea
Seoul,KR,2020-11-24,12:00:00,1606194000,1.5,-3.0,6.4,9.2,326.0,0.0,0.0,South Korea
Seoul,KR,2020-11-25,12:00:00,1606280400,3.2,-1.6,8.2,11.9,12.0,0.0,0.0,South Korea
Seoul,KR,2020-11-26,12:00:00,1606366800,3.8,-0.5,8.9,9.9,355.0,0.0,0.0,South Korea
Seoul,KR,2020-11-27,12:00:00,1606453200,2.5,-0.9,6.6,20.9,295.0,0.0,0.0,South Korea
Seoul,KR,2020-11-28,12:00:00,1606539600,-1.8,-4.6,1.6,17.8,300.0,0.0,0.0,South Korea
Seoul,KR,2020-11-29,12:00:00,1606626000,-1.6,-4.5,1.9,17.1,305.0,0.0,0.0,South Korea
Seoul,KR,2020-11-30,12:00:00,1606712400,-1.7,-5.1,2.9,13.8,306.0,0.0,0.0,South Korea
Seoul,KR,2020-12-01,12:00:00,1606798800,-1.1,-5.1,5.0,11.5,316.0,0.0,0.0,South Korea
Seoul,KR,2020-12-02,12:00:00,1606885200,0.6,-1.9,4.8,9.7,319.0,0.0,0.0,South Korea
Seoul,KR,2020-12-03,12:00:00,1606971600,-0.9,-4.0,3.2,18.5,306.0,0.0,0.0,South Korea
Seoul,KR,2020-12-04,12:00:00,1607058000,-2.3,-6.4,3.4,11.9,296.0,0.0,0.0,South Korea
Seoul,KR,2020-12-05,12:00:00,1607144400,0.3,-3.3,5.4,10.6,256.0,0.0,0.0,South Korea
Seoul,KR,2020-12-06,12:00:00,1607230800,1.7,-1.8,7.1,12.7,233.0,0.0,0.0,South Korea
Seoul,KR,2020-12-07,12:00:00,1607317200,2.0,-2.3,5.2,19.3,298.0,0.0,0.0,South Korea
Seoul,KR,2020-12-08,12:00:00,1607403600,-2.5,-5.5,2.0,10.6,310.0,0.0,0.0,South Korea
Seoul,KR,2020-12-09,12:00:00,1607490000,-0.6,-5.5,5.1,9.0,113.0,0.0,0.0,South Korea
Seoul,KR,2020-12-10,12:00:00,1607576400,3.6,0.7,8.8,15.5,207.0,0.2,0.0,South Korea
Seoul,KR,2020-12-11,12:00:00,1607662800,3.0,-1.5,8.8,17.3,278.0,0.0,0.0,South Korea
Seoul,KR,2020-12-12,12:00:00,1607749200,0.3,-3.3,4.7,14.9,298.0,0.0,0.0,South Korea
Seoul,KR,2020-12-13,12:00:00,1607835600,-1.3,-6.9,2.1,22.2,335.0,1.7,1.05,South Korea
Seoul,KR,2020-12-14,12:00:00,1607922000,-7.9,-10.4,-4.9,22.2,311.0,0.0,0.0,South Korea
Seoul,KR,2020-12-15,12:00:00,1608008400,-8.4,-10.3,-5.1,18.8,318.0,0.0,0.0,South Korea
Seoul,KR,2020-12-16,12:00:00,1608094800,-8.6,-10.9,-5.1,21.4,311.0,0.0,0.0,South Korea
Seoul,KR,2020-12-17,12:00:00,1608181200,-6.6,-10.7,-1.4,9.7,256.0,0.0,0.0,South Korea
Seoul,KR,2020-12-18,12:00:00,1608267600,-2.7,-6.7,1.2,21.2,316.0,0.7,0.42,South Korea
Seoul,KR,2020-12-19,12:00:00,1608354000,-5.9,-9.4,-2.2,20.5,308.0,0.0,0.0,South Korea
Seoul,KR,2020-12-20,12:00:00,1608440400,-4.8,-8.0,0.4,15.6,302.0,0.0,0.0,South Korea
Seoul,KR,2020-12-21,12:00:00,1608526800,-2.9,-6.5,2.5,10.4,177.0,0.0,0.0,South Korea
Seoul,KR,2020-12-22,12:00:00,1608613200,-0.0,-4.2,6.2,17.0,204.0,0.1,0.07,South Korea
Seoul,KR,2020-12-23,12:00:00,1608699600,1.9,-2.4,8.3,17.8,182.0,0.0,0.0,South Korea
Seoul,KR,2020-12-24,12:00:00,1608786000,0.5,-4.9,4.1,24.3,289.0,0.0,0.0,South Korea
Seoul,KR,2020-12-25,12:00:00,1608872400,-3.0,-6.2,2.0,18.9,283.0,0.0,0.0,South Korea
Seoul,KR,2020-12-26,12:00:00,1608958800,0.2,-5.0,6.6,14.4,192.0,0.0,0.0,South Korea
Seoul,KR,2020-12-27,12:00:00,1609045200,3.2,-1.5,9.5,11.9,127.0,0.0,0.0,South Korea
Seoul,KR,2020-12-28,12:00:00,1609131600,3.6,0.7,7.8,9.6,19.0,0.0,0.0,South Korea
Seoul,KR,2020-12-29,12:00:00,1609218000,-0.9,-5.3,2.5,24.5,308.0,0.0,0.0,South Korea
Seoul,KR,2020-12-30,12:00:00,1609304400,-10.9,-12.9,-6.7,26.3,300.0,0.0,0.0,South Korea
Seoul,KR,2020-12-31,12:00:00,1609390800,-8.9,-11.9,-5.3,17.4,296.0,0.0,0.0,South Korea
Seoul,KR,2021-01-01,12:00:00,1609477200,-5.7,-10.3,-0.5,14.8,267.0,0.0,0.0,South Korea
Seoul,KR,2021-01-02,12:00:00,1609563600,-5.6,-8.5,-2.6,19.0,297.0,0.0,0.0,South Korea
Seoul,KR,2021-01-03,12:00:00,1609650000,-6.0,-8.3,-1.9,17.2,302.0,0.0,0.0,South Korea
Seoul,KR,2021-01-04,12:00:00,1609736400,-3.9,-7.3,0.8,8.6,35.0,0.2,0.14,South Korea
Seoul,KR,2021-01-05,12:00:00,1609822800,-5.7,-9.6,-2.8,21.4,309.0,0.0,0.0,South Korea
Seoul,KR,2021-01-06,12:00:00,1609909200,-7.4,-10.5,-3.6,25.0,282.0,1.0,0.7,South Korea
Seoul,KR,2021-01-07,12:00:00,1609995600,-13.6,-16.6,-7.7,31.9,311.0,0.1,0.07,South Korea
Seoul,KR,2021-01-08,12:00:00,1610082000,-15.3,-18.5,-11.8,18.7,312.0,0.0,0.0,South Korea
Seoul,KR,2021-01-09,12:00:00,1610168400,-12.4,-15.2,-8.3,19.7,300.0,0.0,0.0,South Korea
Seoul,KR,2021-01-10,12:00:00,1610254800,-8.7,-13.2,-3.3,9.5,293.0,0.0,0.0,South Korea
Seoul,KR,2021-01-11,12:00:00,1610341200,-7.7,-11.5,-3.2,7.9,17.0,0.0,0.0,South Korea
Seoul,KR,2021-01-12,12:00:00,1610427600,-4.6,-10.2,1.6,16.9,174.0,0.8,0.56,South Korea
Seoul,KR,2021-01-13,12:00:00,1610514000,0.1,-5.4,8.0,21.7,208.0,0.3,0.0,South Korea
Seoul,KR,2021-01-14,12:00:00,1610600400,-0.8,-6.1,6.6,12.6,49.0,0.0,0.0,South Korea
Seoul,KR,2021-01-15,12:00:00,1610686800,2.9,-2.3,8.5,23.6,206.0,2.0,0.0,South Korea
Seoul,KR,2021-01-16,12:00:00,1610773200,-5.5,-8.3,-2.0,19.2,297.0,0.0,0.0,South Korea
Seoul,KR,2021-01-17,12:00:00,1610859600,-6.5,-9.5,-2.3,13.7,273.0,0.0,0.0,South Korea
Seoul,KR,2021-01-18,12:00:00,1610946000,-3.8,-9.2,0.5,28.9,283.0,1.0,0.7,South Korea
Seoul,KR,2021-01-19,12:00:00,1611032400,-7.8,-11.3,-3.0,14.1,313.0,0.0,0.0,South Korea
Seoul,KR,2021-01-20,12:00:00,1611118800,-2.8,-8.5,6.7,11.9,103.0,0.0,0.0,South Korea
Seoul,KR,2021-01-21,12:00:00,1611205200,0.8,-2.3,5.1,11.5,85.0,8.4,0.0,South Korea
Seoul,KR,2021-01-22,12:00:00,1611291600,4.4,2.1,8.4,10.6,24.0,0.0,0.0,South Korea
Seoul,KR,2021-01-23,12:00:00,1611378000,5.5,3.5,8.7,22.0,71.0,0.0,0.0,South Korea
Seoul,KR,2021-01-24,12:00:00,1611464400,4.2,0.5,11.1,14.8,59.0,0.0,0.0,South Korea
Seoul,KR,2021-01-25,12:00:00,1611550800,3.5,-1.2,11.3,13.0,95.0,0.0,0.0,South Korea
Seoul,KR,2021-01-26,12:00:00,1611637200,3.5,-0.4,8.1,17.6,267.0,0.6,0.0,South Korea
Seoul,KR,2021-01-27,12:00:00,1611723600,0.0,-4.0,5.2,14.4,309.0,0.0,0.0,South Korea
Seoul,KR,2021-01-28,12:00:00,1611810000,-2.9,-9.5,1.8,38.4,285.0,1.7,1.19,South Korea
Seoul,KR,2021-01-29,12:00:00,1611896400,-8.8,-11.3,-4.8,26.4,297.0,0.0,0.0,South Korea
Seoul,KR,2021-01-30,12:00:00,1611982800,-2.2,-8.9,5.4,19.5,215.0,0.6,0.42,South Korea
Seoul,KR,2021-01-31,12:00:00,1612069200,1.3,-5.2,10.0,15.4,132.0,0.0,0.0,South Korea
Seoul,KR,2021-02-01,12:00:00,1612155600,3.9,-3.2,9.0,21.6,250.0,5.8,0.0,South Korea
Seoul,KR,2021-02-02,12:00:00,1612242000,-6.5,-10.1,-3.5,23.5,295.0,0.0,0.0,South Korea
Seoul,KR,2021-02-03,12:00:00,1612328400,-4.0,-8.9,1.4,22.0,230.0,2.8,1.96,South Korea
Seoul,KR,2021-02-04,12:00:00,1612414800,-4.4,-7.8,0.5,25.2,287.0,1.2,0.84,South Korea
Seoul,KR,2021-02-05,12:00:00,1612501200,-0.4,-6.4,6.6,21.6,185.0,0.0,0.0,South Korea
Seoul,KR,2021-02-06,12:00:00,1612587600,4.7,-0.6,10.1,21.3,211.0,0.0,0.0,South Korea
Seoul,KR,2021-02-07,12:00:00,1612674000,2.7,-3.6,7.1,21.0,295.0,0.0,0.0,South Korea
Seoul,KR,2021-02-08,12:00:00,1612760400,-4.2,-7.0,-0.7,25.1,304.0,0.0,0.0,South Korea
Seoul,KR,2021-02-09,12:00:00,1612846800,-2.8,-6.5,3.2,16.3,258.0,0.0,0.0,South Korea
Seoul,KR,2021-02-10,12:00:00,1612933200,0.9,-3.7,7.4,20.7,225.0,0.0,0.0,South Korea
Seoul,KR,2021-02-11,12:00:00,1613019600,3.0,0.1,8.6,9.8,90.0,0.0,0.0,South Korea
Seoul,KR,2021-02-12,12:00:00,1613106000,2.5,-3.2,12.0,11.6,39.0,0.0,0.0,South Korea
Seoul,KR,2021-02-13,12:00:00,1613192400,3.3,-3.1,13.4,11.7,35.0,0.0,0.0,South Korea
Seoul,KR,2021-02-14,12:00:00,1613278800,6.3,1.9,13.5,11.4,127.0,0.0,0.0,South Korea
Seoul,KR,2021-02-15,12:00:00,1613365200,0.5,-6.7,5.1,31.2,284.0,0.2,0.0,South Korea
Seoul,KR,2021-02-16,12:00:00,1613451600,-5.6,-7.9,-2.2,22.0,294.0,1.6,1.12,South Korea
Seoul,KR,2021-02-17,12:00:00,1613538000,-8.6,-10.8,-5.5,33.4,301.0,0.0,0.0,South Korea
Seoul,KR,2021-02-18,12:00:00,1613624400,-6.1,-10.2,-0.3,22.2,299.0,0.0,0.0,South Korea
Seoul,KR,2021-02-19,12:00:00,1613710800,-0.2,-7.0,8.4,28.0,204.0,0.0,0.0,South Korea
Seoul,KR,2021-02-20,12:00:00,1613797200,5.8,-0.6,12.3,17.9,225.0,0.0,0.0,South Korea
Seoul,KR,2021-02-21,12:00:00,1613883600,7.9,1.2,16.3,23.2,193.0,0.0,0.0,South Korea
Seoul,KR,2021-02-22,12:00:00,1613970000,5.3,-1.0,11.3,24.5,297.0,0.0,0.0,South Korea
Seoul,KR,2021-02-23,12:00:00,1614056400,-1.3,-6.0,3.6,17.9,309.0,0.0,0.0,South Korea
Seoul,KR,2021-02-24,12:00:00,1614142800,-0.2,-5.6,7.6,11.3,345.0,0.0,0.0,South Korea
Seoul,KR,2021-02-25,12:00:00,1614229200,1.3,-3.0,6.7,9.5,61.0,0.0,0.0,South Korea
Seoul,KR,2021-02-26,12:00:00,1614315600,4.8,-2.9,13.5,16.8,72.0,0.0,0.0,South Korea
Seoul,KR,2021-02-27,12:00:00,1614402000,6.8,1.3,13.4,22.0,100.0,0.0,0.0,South Korea
Seoul,KR,2021-02-28,12:00:00,1614488400,5.4,-1.6,11.4,11.6,90.0,0.0,0.0,South Korea
Seoul,KR,2021-03-01,12:00:00,1614574800,4.6,0.8,6.8,24.5,51.0,56.3,3.08,South Korea
Seoul,KR,2021-03-02,12:00:00,1614661200,1.4,-1.3,5.7,11.2,344.0,0.4,0.28,South Korea
Seoul,KR,2021-03-03,12:00:00,1614747600,1.6,-4.4,8.5,10.5,158.0,0.0,0.0,South Korea
Seoul,KR,2021-03-04,12:00:00,1614834000,5.0,-0.4,10.6,9.8,131.0,0.0,0.0,South Korea
Seoul,KR,2021-03-05,12:00:00,1614920400,6.0,-0.9,14.0,12.8,342.0,0.0,0.0,South Korea
Seoul,KR,2021-03-06,12:00:00,1615006800,4.8,1.2,9.0,23.7,62.0,0.0,0.0,South Korea
Seoul,KR,2021-03-07,12:00:00,1615093200,4.3,0.6,10.3,14.5,62.0,0.0,0.0,South Korea
Seoul,KR,2021-03-08,12:00:00,1615179600,4.4,-0.6,11.4,11.7,355.0,0.0,0.0,South Korea
Seoul,KR,2021-03-09,12:00:00,1615266000,4.2,-1.0,10.6,16.9,275.0,0.0,0.0,South Korea
Seoul,KR,2021-03-10,12:00:00,1615352400,5.8,-2.7,14.9,9.4,75.0,0.0,0.0,South Korea
Seoul,KR,2021-03-11,12:00:00,1615438800,6.9,0.5,14.1,13.4,63.0,0.0,0.0,South Korea
Seoul,KR,2021-03-12,12:00:00,1615525200,8.3,4.8,13.3,19.0,36.0,0.9,0.0,South Korea
Seoul,KR,2021-03-13,12:00:00,1615611600,6.4,0.6,12.3,14.6,342.0,0.0,0.0,South Korea
Seoul,KR,2021-03-14,12:00:00,1615698000,6.5,2.4,12.1,15.1,256.0,0.0,0.0,South Korea
Seoul,KR,2021-03-15,12:00:00,1615784400,8.1,1.4,15.1,14.8,207.0,0.2,0.0,South Korea
Seoul,KR,2021-03-16,12:00:00,1615870800,7.2,2.5,11.8,20.6,305.0,1.6,0.0,South Korea
Seoul,KR,2021-03-17,12:00:00,1615957200,5.9,-1.2,15.1,12.1,332.0,0.0,0.0,South Korea
Seoul,KR,2021-03-18,12:00:00,1616043600,9.2,1.2,17.0,14.5,61.0,0.0,0.0,South Korea
Seoul,KR,2021-03-19,12:00:00,1616130000,12.5,7.7,18.3,13.2,111.0,0.0,0.0,South Korea
Seoul,KR,2021-03-20,12:00:00,1616216400,9.5,7.5,12.0,14.4,160.0,4.4,0.0,South Korea
Seoul,KR,2021-03-21,12:00:00,1616302800,5.8,2.4,9.4,31.0,289.0,0.8,0.0,South Korea
Seoul,KR,2021-03-22,12:00:00,1616389200,4.7,0.2,9.6,22.5,260.0,0.0,0.0,South Korea
Seoul,KR,2021-03-23,12:00:00,1616475600,6.8,0.6,14.3,24.5,215.0,0.0,0.0,South Korea
Seoul,KR,2021-03-24,12:00:00,1616562000,8.4,3.4,15.0,18.4,213.0,0.0,0.0,South Korea
Seoul,KR,2021-03-25,12:00:00,1616648400,9.3,4.5,16.6,16.9,243.0,0.0,0.0,South Korea
Seoul,KR,2021-03-26,12:00:00,1616734800,10.3,4.5,18.7,9.1,94.0,0.0,0.0,South Korea
Seoul,KR,2021-03-27,12:00:00,1616821200,11.3,7.5,14.8,20.5,112.0,20.3,0.0,South Korea
Seoul,KR,2021-03-28,12:00:00,1616907600,9.6,7.5,12.9,24.3,227.0,9.1,0.0,South Korea
Seoul,KR,2021-03-29,12:00:00,1616994000,9.0,5.3,13.7,26.1,257.0,0.7,0.0,South Korea
Seoul,KR,2021-03-30,12:00:00,1617080400,8.2,2.6,16.1,15.9,282.0,0.0,0.0,South Korea
Seoul,KR,2021-03-31,12:00:00,1617166800,10.8,3.5,19.5,11.6,31.0,0.0,0.0,South Korea
Seoul,KR,2021-04-01,12:00:00,1617253200,13.7,6.8,21.0,20.1,92.0,0.0,0.0,South Korea
Seoul,KR,2021-04-02,12:00:00,1617339600,15.3,9.1,22.4,21.8,84.0,0.0,0.0,South Korea
Seoul,KR,2021-04-03,12:00:00,1617426000,13.9,10.1,15.9,22.1,73.0,36.9,0.0,South Korea
Seoul,KR,2021-04-04,12:00:00,1617512400,11.0,7.7,14.6,21.2,53.0,3.5,0.0,South Korea
Seoul,KR,2021-04-05,12:00:00,1617598800,9.5,3.0,16.2,14.7,42.0,0.0,0.0,South Korea
Seoul,KR,2021-04-06,12:00:00,1617685200,11.2,5.8,17.2,19.2,260.0,0.0,0.0,South Korea
Seoul,KR,2021-04-07,12:00:00,1617771600,11.1,5.3,18.2,20.0,260.0,0.0,0.0,South Korea
Seoul,KR,2021-04-08,12:00:00,1617858000,10.1,3.3,16.3,19.2,324.0,0.0,0.0,South Korea
Seoul,KR,2021-04-09,12:00:00,1617944400,10.6,4.0,16.2,18.3,66.0,0.0,0.0,South Korea
Seoul,KR,2021-04-10,12:00:00,1618030800,10.3,5.5,16.7,16.4,167.0,0.0,0.0,South Korea
Seoul,KR,2021-04-11,12:00:00,1618117200,12.0,4.3,19.3,9.6,36.0,0.0,0.0,South Korea
Seoul,KR,2021-04-12,12:00:00,1618203600,12.8,11.6,15.8,18.6,113.0,19.3,0.0,South Korea
Seoul,KR,2021-04-13,12:00:00,1618290000,10.7,5.5,13.2,22.9,281.0,7.3,0.0,South Korea
Seoul,KR,2021-04-14,12:00:00,1618376400,6.8,2.2,11.8,24.0,267.0,0.0,0.0,South Korea
Seoul,KR,2021-04-15,12:00:00,1618462800,9.1,3.8,15.9,13.6,202.0,0.0,0.0,South Korea
Seoul,KR,2021-04-16,12:00:00,1618549200,9.8,6.0,14.1,26.7,213.0,1.3,0.0,South Korea
Seoul,KR,2021-04-17,12:00:00,1618635600,8.4,3.7,12.6,24.0,257.0,0.5,0.0,South Korea
Seoul,KR,2021-04-18,12:00:00,1618722000,8.7,3.9,14.6,22.0,280.0,0.0,0.0,South Korea
Seoul,KR,2021-04-19,12:00:00,1618808400,9.8,3.8,16.2,19.7,233.0,0.0,0.0,South Korea
Seoul,KR,2021-04-20,12:00:00,1618894800,11.7,4.9,19.3,13.4,226.0,0.0,0.0,South Korea
Seoul,KR,2021-04-21,12:00:00,1618981200,16.2,8.7,24.9,10.1,39.0,0.0,0.0,South Korea
Seoul,KR,2021-04-22,12:00:00,1619067600,18.0,12.8,24.7,17.0,34.0,0.0,0.0,South Korea
Seoul,KR,2021-04-23,12:00:00,1619154000,17.1,13.9,21.2,26.3,74.0,1.8,0.0,South Korea
Seoul,KR,2021-04-24,12:00:00,1619240400,16.0,12.2,20.7,20.1,32.0,0.1,0.0,South Korea
Seoul,KR,2021-04-25,12:00:00,1619326800,15.6,9.7,20.9,24.3,66.0,0.0,0.0,South Korea
Seoul,KR,2021-04-26,12:00:00,1619413200,14.5,9.4,20.5,17.1,175.0,0.0,0.0,South Korea
Seoul,KR,2021-04-27,12:00:00,1619499600,13.9,9.5,18.6,16.3,213.0,0.3,0.0,South Korea
Seoul,KR,2021-04-28,12:00:00,1619586000,13.6,10.7,18.3,20.2,241.0,3.7,0.0,South Korea
Seoul,KR,2021-04-29,12:00:00,1619672400,13.7,9.6,18.4,12.5,60.0,1.1,0.0,South Korea
Seoul,KR,2021-04-30,12:00:00,1619758800,11.3,9.0,15.3,17.7,279.0,15.2,0.0,South Korea
Seoul,KR,2021-05-01,12:00:00,1619845200,10.2,8.2,13.4,20.1,290.0,4.0,0.0,South Korea
Seoul,KR,2021-05-02,12:00:00,1619931600,11.1,6.3,17.3,18.4,292.0,1.1,0.0,South Korea
Seoul,KR,2021-05-03,12:00:00,1620018000,11.7,6.1,17.7,14.9,231.0,0.0,0.0,South Korea
Seoul,KR,2021-05-04,12:00:00,1620104400,13.6,9.5,17.5,15.3,131.0,31.1,0.0,South Korea
Seoul,KR,2021-05-05,12:00:00,1620190800,12.4,8.2,16.8,27.9,259.0,2.3,0.0,South Korea
Seoul,KR,2021-05-06,12:00:00,1620277200,13.5,6.5,21.0,21.7,184.0,0.0,0.0,South Korea
Seoul,KR,2021-05-07,12:00:00,1620363600,13.0,9.1,16.4,31.1,221.0,7.1,0.0,South Korea
Seoul,KR,2021-05-08,12:00:00,1620450000,12.8,7.3,19.3,31.1,215.0,0.0,0.0,South Korea
Seoul,KR,2021-05-09,12:00:00,1620536400,13.4,8.5,19.2,25.9,262.0,0.0,0.0,South Korea
Seoul,KR,2021-05-10,12:00:00,1620622800,11.7,8.4,14.9,11.1,132.0,6.2,0.0,South Korea
Seoul,KR,2021-05-11,12:00:00,1620709200,16.2,8.0,23.8,18.7,107.0,0.0,0.0,South Korea
Seoul,KR,2021-05-12,12:00:00,1620795600,18.0,12.4,24.2,14.8,79.0,0.0,0.0,South Korea
Seoul,KR,2021-05-13,12:00:00,1620882000,19.4,13.1,26.4,14.1,350.0,0.0,0.0,South Korea
Seoul,KR,2021-05-14,12:00:00,1620968400,21.0,14.4,27.8,10.7,63.0,0.0,0.0,South Korea
Seoul,KR,2021-05-15,12:00:00,1621054800,21.1,17.9,25.0,11.6,117.0,4.6,0.0,South Korea
Seoul,KR,2021-05-16,12:00:00,1621141200,18.4,14.2,21.0,16.3,66.0,77.0,0.0,South Korea
Seoul,KR,2021-05-17,12:00:00,1621227600,15.3,14.0,17.5,9.4,25.0,5.1,0.0,South Korea
Seoul,KR,2021-05-18,12:00:00,1621314000,16.0,12.4,22.5,17.3,261.0,0.0,0.0,South Korea
Seoul,KR,2021-05-19,12:00:00,1621400400,17.6,11.2,23.8,14.7,258.0,0.0,0.0,South Korea
Seoul,KR,2021-05-20,12:00:00,1621486800,17.1,14.1,22.5,18.1,50.0,11.8,0.0,South Korea
Seoul,KR,2021-05-21,12:00:00,1621573200,15.4,13.8,18.9,16.8,338.0,4.0,0.0,South Korea
Seoul,KR,2021-05-22,12:00:00,1621659600,16.3,11.4,22.2,20.8,258.0,0.0,0.0,South Korea
Seoul,KR,2021-05-23,12:00:00,1621746000,17.1,11.9,22.9,12.6,244.0,0.0,0.0,South Korea
Seoul,KR,2021-05-24,12:00:00,1621832400,17.0,12.7,22.5,18.9,256.0,0.0,0.0,South Korea
Seoul,KR,2021-05-25,12:00:00,1621918800,13.9,11.4,17.6,29.8,242.0,8.7,0.0,South Korea
Seoul,KR,2021-05-26,12:00:00,1622005200,15.9,10.3,23.1,22.9,186.0,2.4,0.0,South Korea
Seoul,KR,2021-05-27,12:00:00,1622091600,15.4,12.1,18.4,25.7,226.0,11.0,0.0,South Korea
Seoul,KR,2021-05-28,12:00:00,1622178000,14.6,11.4,19.9,26.4,196.0,20.5,0.0,South Korea
Seoul,KR,2021-05-29,12:00:00,1622264400,15.4,11.8,19.3,16.6,284.0,1.2,0.0,South Korea
Seoul,KR,2021-05-30,12:00:00,1622350800,16.9,8.6,24.4,12.5,88.0,2.8,0.0,South Korea
Seoul,KR,2021-05-31,12:00:00,1622437200,18.9,15.8,22.5,10.0,114.0,14.6,0.0,South Korea
Seoul,KR,2021-06-01,12:00:00,1622523600,19.8,17.2,23.2,16.3,131.0,2.6,0.0,South Korea
Seoul,KR,2021-06-02,12:00:00,1622610000,21.0,14.3,27.9,13.5,125.0,0.0,0.0,South Korea
Seoul,KR,2021-06-03,12:00:00,1622696400,18.8,15.4,21.6,13.1,242.0,18.3,0.0,South Korea
Seoul,KR,2021-06-04,12:00:00,1622782800,17.0,12.4,20.9,21.3,235.0,0.2,0.0,South Korea
Seoul,KR,2021-06-05,12:00:00,1622869200,18.5,15.2,23.0,21.2,223.0,0.2,0.0,South Korea
Seoul,KR,2021-06-06,12:00:00,1622955600,20.7,15.9,26.7,14.6,206.0,0.0,0.0,South Korea
Seoul,KR,2021-06-07,12:00:00,1623042000,20.0,16.8,23.4,11.4,175.0,0.1,0.0,South Korea
Seoul,KR,2021-06-08,12:00:00,1623128400,21.7,18.3,25.3,9.4,65.0,0.4,0.0,South Korea
Seoul,KR,2021-06-09,12:00:00,1623214800,23.9,18.1,29.6,8.0,63.0,0.0,0.0,South Korea
Seoul,KR,2021-06-10,12:00:00,1623301200,23.1,19.9,28.5,20.5,133.0,6.6,0.0,South Korea
Seoul,KR,2021-06-11,12:00:00,1623387600,21.1,18.5,24.4,31.4,219.0,12.9,0.0,South Korea
Seoul,KR,2021-06-12,12:00:00,1623474000,22.2,17.7,28.4,12.6,346.0,0.0,0.0,South Korea
Seoul,KR,2021-06-13,12:00:00,1623560400,22.1,18.9,26.9,13.4,263.0,0.1,0.0,South Korea
Seoul,KR,2021-06-14,12:00:00,1623646800,21.8,18.0,27.8,10.6,248.0,0.1,0.0,South Korea
Seoul,KR,2021-06-15,12:00:00,1623733200,21.3,19.1,23.3,15.7,80.0,11.2,0.0,South Korea
Seoul,KR,2021-06-16,12:00:00,1623819600,22.7,19.4,27.3,23.7,70.0,0.0,0.0,South Korea
Seoul,KR,2021-06-17,12:00:00,1623906000,20.5,18.0,23.9,15.8,110.0,0.3,0.0,South Korea
Seoul,KR,2021-06-18,12:00:00,1623992400,19.9,18.3,22.4,22.4,230.0,7.1,0.0,South Korea
Seoul,KR,2021-06-19,12:00:00,1624078800,20.5,17.7,24.8,13.2,244.0,0.0,0.0,South Korea
Seoul,KR,2021-06-20,12:00:00,1624165200,20.7,15.0,26.7,25.2,205.0,0.6,0.0,South Korea
Seoul,KR,2021-06-21,12:00:00,1624251600,21.4,18.1,25.4,13.0,274.0,0.4,0.0,South Korea
Seoul,KR,2021-06-22,12:00:00,1624338000,21.5,18.1,26.1,12.9,88.0,0.5,0.0,South Korea
Seoul,KR,2021-06-23,12:00:00,1624424400,21.3,18.1,25.6,11.9,88.0,0.8,0.0,South Korea
Seoul,KR,2021-06-24,12:00:00,1624510800,21.7,18.1,25.6,7.4,157.0,0.2,0.0,South Korea
Seoul,KR,2021-06-25,12:00:00,1624597200,21.7,17.8,26.1,14.1,236.0,0.5,0.0,South Korea
Seoul,KR,2021-06-26,12:00:00,1624683600,21.6,19.3,25.2,9.8,42.0,3.5,0.0,South Korea
Seoul,KR,2021-06-27,12:00:00,1624770000,23.3,18.9,27.5,9.8,84.0,0.5,0.0,South Korea
Seoul,KR,2021-06-28,12:00:00,1624856400,23.3,20.5,26.7,9.4,74.0,4.5,0.0,South Korea
Seoul,KR,2021-06-29,12:00:00,1624942800,23.5,20.5,27.3,9.1,175.0,2.9,0.0,South Korea
Seoul,KR,2021-06-30,12:00:00,1625029200,23.1,20.0,26.9,7.7,73.0,3.7,0.0,South Korea
Seoul,KR,2021-07-01,12:00:00,1625115600,24.7,20.4,29.5,11.8,32.0,0.1,0.0,South Korea
Seoul,KR,2021-07-02,12:00:00,1625202000,25.6,22.1,30.0,11.9,73.0,0.0,0.0,South Korea
Seoul,KR,2021-07-03,12:00:00,1625288400,22.9,20.5,26.9,28.4,92.0,37.0,0.0,South Korea
Seoul,KR,2021-07-04,12:00:00,1625374800,22.2,19.9,24.7,24.5,187.0,26.0,0.0,South Korea
Seoul,KR,2021-07-05,12:00:00,1625461200,22.2,19.7,25.4,13.3,261.0,0.0,0.0,South Korea
Seoul,KR,2021-07-06,12:00:00,1625547600,23.7,19.2,28.4,10.9,293.0,0.1,0.0,South Korea
Seoul,KR,2021-07-07,12:00:00,1625634000,24.9,22.2,28.4,12.3,135.0,2.8,0.0,South Korea
Seoul,KR,2021-07-08,12:00:00,1625720400,24.8,22.2,29.0,9.4,248.0,12.2,0.0,South Korea
Seoul,KR,2021-07-09,12:00:00,1625806800,23.7,21.1,27.1,13.0,244.0,3.2,0.0,South Korea
Seoul,KR,2021-07-10,12:00:00,1625893200,23.6,20.8,27.6,16.1,221.0,10.4,0.0,South Korea
Seoul,KR,2021-07-11,12:00:00,1625979600,24.2,21.8,27.5,20.9,221.0,7.9,0.0,South Korea
Seoul,KR,2021-07-12,12:00:00,1626066000,26.9,23.1,31.2,10.1,188.0,1.1,0.0,South Korea
Seoul,KR,2021-07-13,12:00:00,1626152400,27.8,24.4,32.4,15.1,185.0,0.1,0.0,South Korea
Seoul,KR,2021-07-14,12:00:00,1626238800,28.0,25.1,31.8,15.5,190.0,1.2,0.0,South Korea
Seoul,KR,2021-07-15,12:00:00,1626325200,27.3,24.2,31.5,9.2,119.0,7.1,0.0,South Korea
Seoul,KR,2021-07-16,12:00:00,1626411600,26.8,23.6,31.6,14.6,95.0,9.7,0.0,South Korea
Seoul,KR,2021-07-17,12:00:00,1626498000,26.4,23.8,29.5,11.9,87.0,1.1,0.0,South Korea
Seoul,KR,2021-07-18,12:00:00,1626584400,27.5,24.0,31.6,10.0,116.0,0.4,0.0,South Korea
Seoul,KR,2021-07-19,12:00:00,1626670800,26.2,24.0,29.5,10.4,107.0,4.0,0.0,South Korea
Seoul,KR,2021-07-20,12:00:00,1626757200,27.2,23.7,31.2,8.3,74.0,1.2,0.0,South Korea
Seoul,KR,2021-07-21,12:00:00,1626843600,29.1,24.5,33.6,9.0,77.0,0.0,0.0,South Korea
Seoul,KR,2021-07-22,12:00:00,1626930000,29.0,24.3,33.7,9.0,83.0,0.0,0.0,South Korea
Seoul,KR,2021-07-23,12:00:00,1627016400,29.0,24.6,33.4,7.9,81.0,0.0,0.0,South Korea
Seoul,KR,2021-07-24,12:00:00,1627102800,29.6,25.6,34.3,9.3,85.0,0.0,0.0,South Korea
Seoul,KR,2021-07-25,12:00:00,1627189200,29.7,25.3,34.1,12.5,115.0,0.0,0.0,South Korea
Seoul,KR,2021-07-26,12:00:00,1627275600,29.6,25.2,34.6,16.6,100.0,0.0,0.0,South Korea
Seoul,KR,2021-07-27,12:00:00,1627362000,29.8,26.0,33.9,12.3,70.0,0.2,0.0,South Korea
Seoul,KR,2021-07-28,12:00:00,1627448400,29.4,25.9,33.1,11.7,151.0,0.5,0.0,South Korea
Seoul,KR,2021-07-29,12:00:00,1627534800,28.7,25.7,32.5,15.6,248.0,0.1,0.0,South Korea
Seoul,KR,2021-07-30,12:00:00,1627621200,29.1,25.0,35.3,19.5,223.0,0.0,0.0,South Korea
Seoul,KR,2021-07-31,12:00:00,1627707600,28.5,25.4,32.6,14.8,231.0,3.6,0.0,South Korea
Seoul,KR,2021-08-01,12:00:00,1627794000,26.3,25.0,27.6,7.4,41.0,31.1,0.0,South Korea
Seoul,KR,2021-08-02,12:00:00,1627880400,25.6,23.7,28.4,11.0,188.0,9.9,0.0,South Korea
Seoul,KR,2021-08-03,12:00:00,1627966800,26.4,22.8,29.8,10.5,160.0,1.9,0.0,South Korea
Seoul,KR,2021-08-04,12:00:00,1628053200,27.1,24.5,30.9,15.6,227.0,2.1,0.0,South Korea
Seoul,KR,2021-08-05,12:00:00,1628139600,27.6,23.5,31.7,11.5,251.0,0.5,0.0,South Korea
Seoul,KR,2021-08-06,12:00:00,1628226000,26.9,24.3,31.4,13.5,321.0,4.7,0.0,South Korea
Seoul,KR,2021-08-07,12:00:00,1628312400,26.4,21.8,30.7,10.2,321.0,0.0,0.0,South Korea
Seoul,KR,2021-08-08,12:00:00,1628398800,26.1,22.3,30.5,13.4,52.0,2.0,0.0,South Korea
Seoul,KR,2021-08-09,12:00:00,1628485200,27.3,23.0,31.6,15.5,35.0,0.1,0.0,South Korea
Seoul,KR,2021-08-10,12:00:00,1628571600,26.2,22.8,30.1,16.3,163.0,1.9,0.0,South Korea
Seoul,KR,2021-08-11,12:00:00,1628658000,26.1,22.8,30.4,12.4,69.0,0.0,0.0,South Korea
Seoul,KR,2021-08-12,12:00:00,1628744400,26.2,21.7,30.4,10.3,45.0,0.1,0.0,South Korea
Seoul,KR,2021-08-13,12:00:00,1628830800,26.3,22.8,29.5,11.6,73.0,0.0,0.0,South Korea
Seoul,KR,2021-08-14,12:00:00,1628917200,25.5,22.6,29.1,21.2,72.0,0.5,0.0,South Korea
Seoul,KR,2021-08-15,12:00:00,1629003600,25.8,21.0,30.5,13.8,72.0,0.0,0.0,South Korea
Seoul,KR,2021-08-16,12:00:00,1629090000,26.2,21.5,30.6,13.1,77.0,0.4,0.0,South Korea
Seoul,KR,2021-08-17,12:00:00,1629176400,25.5,21.6,30.8,16.5,70.0,1.7,0.0,South Korea
Seoul,KR,2021-08-18,12:00:00,1629262800,24.4,20.3,30.1,18.4,68.0,4.4,0.0,South Korea
Seoul,KR,2021-08-19,12:00:00,1629349200,25.2,20.6,29.5,16.0,88.0,0.0,0.0,South Korea
Seoul,KR,2021-08-20,12:00:00,1629435600,25.8,21.8,29.5,14.3,140.0,2.6,0.0,South Korea
Seoul,KR,2021-08-21,12:00:00,1629522000,24.0,21.9,26.5,41.3,161.0,48.9,0.0,South Korea
Seoul,KR,2021-08-22,12:00:00,1629608400,23.7,21.9,26.6,18.6,246.0,1.9,0.0,South Korea
Seoul,KR,2021-08-23,12:00:00,1629694800,21.9,20.2,24.6,15.8,101.0,33.0,0.0,South Korea
Seoul,KR,2021-08-24,12:00:00,1629781200,23.4,20.8,27.6,26.0,176.0,47.2,0.0,South Korea
Seoul,KR,2021-08-25,12:00:00,1629867600,24.3,21.9,27.6,10.9,167.0,5.1,0.0,South Korea
Seoul,KR,2021-08-26,12:00:00,1629954000,24.2,19.8,28.6,25.7,204.0,0.5,0.0,South Korea
Seoul,KR,2021-08-27,12:00:00,1630040400,22.5,19.3,24.4,10.2,282.0,0.8,0.0,South Korea
Seoul,KR,2021-08-28,12:00:00,1630126800,22.3,19.3,26.4,16.2,232.0,0.0,0.0,South Korea
Seoul,KR,2021-08-29,12:00:00,1630213200,22.5,20.6,25.0,12.4,266.0,7.1,0.0,South Korea
Seoul,KR,2021-08-30,12:00:00,1630299600,22.5,20.1,25.9,9.8,301.0,0.0,0.0,South Korea
Seoul,KR,2021-08-31,12:00:00,1630386000,20.9,18.8,22.5,16.6,69.0,76.2,0.0,South Korea
Seoul,KR,2021-09-01,12:00:00,1630472400,21.0,18.6,23.5,23.9,64.0,58.1,0.0,South Korea
Seoul,KR,2021-09-02,12:00:00,1630558800,22.0,20.1,24.8,13.3,76.0,0.0,0.0,South Korea
Seoul,KR,2021-09-03,12:00:00,1630645200,22.7,18.9,27.0,16.0,74.0,0.1,0.0,South Korea
Seoul,KR,2021-09-04,12:00:00,1630731600,21.7,17.1,26.4,18.7,82.0,0.0,0.0,South Korea
Seoul,KR,2021-09-05,12:00:00,1630818000,21.7,17.6,26.1,18.1,78.0,0.1,0.0,South Korea
Seoul,KR,2021-09-06,12:00:00,1630904400,20.9,18.7,24.6,19.4,89.0,16.5,0.0,South Korea
Seoul,KR,2021-09-07,12:00:00,1630990800,20.7,19.2,23.4,22.4,117.0,35.9,0.0,South Korea
Seoul,KR,2021-09-08,12:00:00,1631077200,21.2,18.1,25.4,16.9,291.0,0.3,0.0,South Korea
Seoul,KR,2021-09-09,12:00:00,1631163600,21.5,17.1,26.8,7.6,123.0,0.0,0.0,South Korea
Seoul,KR,2021-09-10,12:00:00,1631250000,22.0,18.6,26.4,12.9,229.0,0.7,0.0,South Korea
Seoul,KR,2021-09-11,12:00:00,1631336400,22.0,18.0,26.8,12.2,210.0,0.0,0.0,South Korea
Seoul,KR,2021-09-12,12:00:00,1631422800,22.0,17.1,27.3,11.5,349.0,0.0,0.0,South Korea
Seoul,KR,2021-09-13,12:00:00,1631509200,23.0,18.6,27.9,14.2,98.0,0.0,0.0,South Korea
Seoul,KR,2021-09-14,12:00:00,1631595600,23.2,18.5,28.6,17.2,76.0,0.0,0.0,South Korea
Seoul,KR,2021-09-15,12:00:00,1631682000,22.2,18.0,27.5,21.8,69.0,0.0,0.0,South Korea
Seoul,KR,2021-09-16,12:00:00,1631768400,21.5,16.5,26.5,15.9,73.0,0.0,0.0,South Korea
Seoul,KR,2021-09-17,12:00:00,1631854800,21.8,18.8,25.5,21.7,65.0,0.0,0.0,South Korea
Seoul,KR,2021-09-18,12:00:00,1631941200,21.8,17.0,26.6,8.7,42.0,0.0,0.0,South Korea
Seoul,KR,2021-09-19,12:00:00,1632027600,22.2,19.1,26.0,10.0,84.0,0.1,0.0,South Korea
Seoul,KR,2021-09-20,12:00:00,1632114000,22.5,18.2,27.1,24.7,118.0,0.0,0.0,South Korea
Seoul,KR,2021-09-21,12:00:00,1632200400,21.9,20.0,24.3,21.7,200.0,24.5,0.0,South Korea
Seoul,KR,2021-09-22,12:00:00,1632286800,20.6,17.5,22.9,27.1,257.0,11.3,0.0,South Korea
Seoul,KR,2021-09-23,12:00:00,1632373200,19.6,16.6,23.6,20.1,287.0,0.0,0.0,South Korea
Seoul,KR,2021-09-24,12:00:00,1632459600,20.2,14.7,25.2,13.0,68.0,0.0,0.0,South Korea
Seoul,KR,2021-09-25,12:00:00,1632546000,20.3,18.5,22.5,12.4,66.0,0.0,0.0,South Korea
Seoul,KR,2021-09-26,12:00:00,1632632400,21.3,18.2,25.3,14.0,79.0,0.0,0.0,South Korea
Seoul,KR,2021-09-27,12:00:00,1632718800,20.0,17.1,24.2,13.3,85.0,1.6,0.0,South Korea
Seoul,KR,2021-09-28,12:00:00,1632805200,20.3,17.7,24.1,13.0,89.0,7.3,0.0,South Korea
Seoul,KR,2021-09-29,12:00:00,1632891600,20.0,16.8,21.9,20.5,218.0,20.3,0.0,South Korea
Seoul,KR,2021-09-30,12:00:00,1632978000,19.4,14.9,25.1,9.7,343.0,0.0,0.0,South Korea
Seoul,KR,2021-10-01,12:00:00,1633064400,19.9,15.8,25.6,14.0,289.0,0.9,0.0,South Korea
Seoul,KR,2021-10-02,12:00:00,1633150800,19.7,17.0,24.4,11.4,239.0,1.8,0.0,South Korea
Seoul,KR,2021-10-03,12:00:00,1633237200,20.4,16.1,27.0,14.6,169.0,0.0,0.0,South Korea
Seoul,KR,2021-10-04,12:00:00,1633323600,21.8,17.9,24.8,28.7,190.0,9.4,0.0,South Korea
Seoul,KR,2021-10-05,12:00:00,1633410000,22.9,21.4,25.4,25.6,222.0,1.5,0.0,South Korea
Seoul,KR,2021-10-06,12:00:00,1633496400,19.2,17.7,21.0,15.9,78.0,6.9,0.0,South Korea
Seoul,KR,2021-10-07,12:00:00,1633582800,19.1,17.8,20.8,9.7,237.0,8.3,0.0,South Korea
Seoul,KR,2021-10-08,12:00:00,1633669200,18.7,17.0,20.4,8.3,84.0,7.2,0.0,South Korea
Seoul,KR,2021-10-09,12:00:00,1633755600,20.3,17.3,25.0,13.2,86.0,0.2,0.0,South Korea
Seoul,KR,2021-10-10,12:00:00,1633842000,20.0,14.7,24.2,23.0,258.0,7.7,0.0,South Korea
Seoul,KR,2021-10-11,12:00:00,1633928400,15.1,11.9,19.2,13.2,360.0,7.1,0.0,South Korea
Seoul,KR,2021-10-12,12:00:00,1634014800,17.0,15.6,19.6,17.0,70.0,1.4,0.0,South Korea
Seoul,KR,2021-10-13,12:00:00,1634101200,18.4,14.5,23.5,14.3,89.0,0.0,0.0,South Korea
Seoul,KR,2021-10-14,12:00:00,1634187600,18.1,15.5,22.1,13.0,237.0,0.1,0.0,South Korea
Seoul,KR,2021-10-15,12:00:00,1634274000,17.8,15.7,21.2,7.6,356.0,4.9,0.0,South Korea
Seoul,KR,2021-10-16,12:00:00,1634360400,10.6,4.8,16.9,25.5,317.0,1.2,0.0,South Korea
Seoul,KR,2021-10-17,12:00:00,1634446800,4.6,0.7,8.7,20.2,320.0,0.0,0.0,South Korea
Seoul,KR,2021-10-18,12:00:00,1634533200,7.7,1.9,13.8,10.2,120.0,2.4,0.0,South Korea
Seoul,KR,2021-10-19,12:00:00,1634619600,9.9,4.8,14.3,22.0,313.0,4.2,0.0,South Korea
Seoul,KR,2021-10-20,12:00:00,1634706000,7.2,2.1,13.1,10.6,332.0,0.0,0.0,South Korea
Seoul,KR,2021-10-21,12:00:00,1634792400,8.0,4.6,13.4,10.5,11.0,0.0,0.0,South Korea
Seoul,KR,2021-10-22,12:00:00,1634878800,9.2,4.6,15.2,14.6,330.0,0.0,0.0,South Korea
Seoul,KR,2021-10-23,12:00:00,1634965200,9.8,3.4,15.8,9.5,345.0,0.0,0.0,South Korea
Seoul,KR,2021-10-24,12:00:00,1635051600,9.0,3.4,15.3,9.5,51.0,0.0,0.0,South Korea
Seoul,KR,2021-10-25,12:00:00,1635138000,9.2,3.7,15.5,9.1,13.0,0.0,0.0,South Korea
Seoul,KR,2021-10-26,12:00:00,1635224400,10.3,4.8,16.9,11.4,161.0,0.0,0.0,South Korea
Seoul,KR,2021-10-27,12:00:00,1635310800,11.7,7.6,16.1,16.2,299.0,0.3,0.0,South Korea
Seoul,KR,2021-10-28,12:00:00,1635397200,10.8,5.7,16.8,11.3,18.0,0.0,0.0,South Korea
Seoul,KR,2021-10-29,12:00:00,1635483600,11.6,7.8,17.5,13.4,94.0,0.0,0.0,South Korea
Seoul,KR,2021-10-30,12:00:00,1635570000,12.3,9.0,17.3,9.6,122.0,0.0,0.0,South Korea
Seoul,KR,2021-10-31,12:00:00,1635656400,11.8,7.3,18.1,9.7,141.0,2.2,0.0,South Korea
Seoul,KR,2021-11-01,12:00:00,1635742800,10.9,8.3,15.0,12.3,301.0,0.4,0.0,South Korea
Seoul,KR,2021-11-02,12:00:00,1635829200,9.5,4.6,15.1,11.2,307.0,0.0,0.0,South Korea
Seoul,KR,2021-11-03,12:00:00,1635915600,10.0,5.6,15.0,10.5,288.0,0.0,0.0,South Korea
Seoul,KR,2021-11-04,12:00:00,1636002000,11.3,6.9,16.4,9.4,148.0,0.8,0.0,South Korea
Seoul,KR,2021-11-05,12:00:00,1636088400,10.4,6.0,17.4,11.6,69.0,0.0,0.0,South Korea
Seoul,KR,2021-11-06,12:00:00,1636174800,11.5,6.6,19.0,10.8,62.0,0.0,0.0,South Korea
Seoul,KR,2021-11-07,12:00:00,1636261200,12.8,7.4,19.4,19.2,103.0,0.0,0.0,South Korea
Seoul,KR,2021-11-08,12:00:00,1636347600,9.2,4.3,14.1,28.4,246.0,22.1,0.0,South Korea
Seoul,KR,2021-11-09,12:00:00,1636434000,4.7,1.7,7.7,15.3,266.0,1.5,0.0,South Korea
Seoul,KR,2021-11-10,12:00:00,1636520400,3.2,-0.5,6.5,20.3,283.0,0.0,0.0,South Korea
Seoul,KR,2021-11-11,12:00:00,1636606800,4.4,0.5,8.8,22.5,288.0,0.1,0.0,South Korea
Seoul,KR,2021-11-12,12:00:00,1636693200,3.3,-0.2,7.6,19.7,292.0,0.0,0.0,South Korea
Seoul,KR,2021-11-13,12:00:00,1636779600,5.3,-1.0,12.1,9.4,134.0,0.0,0.0,South Korea
Seoul,KR,2021-11-14,12:00:00,1636866000,9.3,4.8,15.4,17.3,219.0,0.3,0.0,South Korea
Seoul,KR,2021-11-15,12:00:00,1636952400,8.0,3.0,13.1,8.6,321.0,0.0,0.0,South Korea
Seoul,KR,2021-11-16,12:00:00,1637038800,6.4,1.8,11.6,10.3,293.0,0.0,0.0,South Korea
Seoul,KR,2021-11-17,12:00:00,1637125200,5.2,0.5,10.2,10.6,154.0,0.0,0.0,South Korea
Seoul,KR,2021-11-18,12:00:00,1637211600,8.9,3.3,14.3,21.3,191.0,1.2,0.0,South Korea
Seoul,KR,2021-11-19,12:00:00,1637298000,11.3,7.0,16.8,14.8,250.0,1.1,0.0,South Korea
Seoul,KR,2021-11-20,12:00:00,1637384400,7.1,1.8,12.9,8.9,58.0,0.0,0.0,South Korea
Seoul,KR,2021-11-21,12:00:00,1637470800,8.5,5.3,11.7,23.3,107.0,4.7,0.0,South Korea
Seoul,KR,2021-11-22,12:00:00,1637557200,3.2,-1.0,8.5,26.6,302.0,3.0,0.0,South Korea
Seoul,KR,2021-11-23,12:00:00,1637643600,-1.2,-4.4,2.0,22.9,297.0,0.0,0.0,South Korea
Seoul,KR,2021-11-24,12:00:00,1637730000,2.7,-4.3,9.7,23.1,250.0,0.0,0.0,South Korea
Seoul,KR,2021-11-25,12:00:00,1637816400,4.3,0.5,8.4,15.5,312.0,0.0,0.0,South Korea
Seoul,KR,2021-11-26,12:00:00,1637902800,1.0,-3.2,6.4,15.3,306.0,0.0,0.0,South Korea
Seoul,KR,2021-11-27,12:00:00,1637989200,0.3,-3.9,6.2,9.0,341.0,0.0,0.0,South Korea
Seoul,KR,2021-11-28,12:00:00,1638075600,2.2,-3.3,9.6,9.7,83.0,0.0,0.0,South Korea
Seoul,KR,2021-11-29,12:00:00,1638162000,4.2,-1.0,10.7,10.1,100.0,0.0,0.0,South Korea
Seoul,KR,2021-11-30,12:00:00,1638248400,4.7,-0.0,8.9,28.1,281.0,24.3,0.0,South Korea
Seoul,KR,2021-12-01,12:00:00,1638334800,-2.0,-4.6,0.8,28.4,302.0,0.0,0.0,South Korea
Seoul,KR,2021-12-02,12:00:00,1638421200,-0.1,-5.8,5.8,19.7,213.0,0.5,0.0,South Korea
Seoul,KR,2021-12-03,12:00:00,1638507600,0.9,-3.5,4.9,22.1,296.0,0.1,0.0,South Korea
Seoul,KR,2021-12-04,12:00:00,1638594000,-0.4,-4.8,5.6,14.4,300.0,0.0,0.0,South Korea
Seoul,KR,2021-12-05,12:00:00,1638680400,0.9,-4.2,7.5,9.5,70.0,0.0,0.0,South Korea
Seoul,KR,2021-12-06,12:00:00,1638766800,2.1,-2.8,9.4,10.1,71.0,0.0,0.0,South Korea
Seoul,KR,2021-12-07,12:00:00,1638853200,3.6,-0.9,10.8,11.9,20.0,0.0,0.0,South Korea
Seoul,KR,2021-12-08,12:00:00,1638939600,3.0,-2.3,9.5,10.5,70.0,0.0,0.0,South Korea
Seoul,KR,2021-12-09,12:00:00,1639026000,3.7,-0.9,9.0,11.2,90.0,0.0,0.0,South Korea
Seoul,KR,2021-12-10,12:00:00,1639112400,5.0,2.2,8.2,11.3,61.0,0.4,0.0,South Korea
Seoul,KR,2021-12-11,12:00:00,1639198800,3.4,1.1,7.7,8.6,307.0,0.0,0.0,South Korea
Seoul,KR,2021-12-12,12:00:00,1639285200,0.1,-4.9,4.3,26.8,303.0,0.0,0.0,South Korea
Seoul,KR,2021-12-13,12:00:00,1639371600,-3.9,-6.7,0.0,15.3,297.0,0.0,0.0,South Korea
Seoul,KR,2021-12-14,12:00:00,1639458000,2.5,-2.7,7.1,11.2,148.0,0.4,0.0,South Korea
Seoul,KR,2021-12-15,12:00:00,1639544400,6.0,2.1,10.3,16.1,229.0,3.2,0.0,South Korea
Seoul,KR,2021-12-16,12:00:00,1639630800,4.1,1.4,8.6,18.9,288.0,0.2,0.0,South Korea
Seoul,KR,2021-12-17,12:00:00,1639717200,-5.6,-10.9,1.8,31.6,307.0,0.0,0.0,South Korea
Seoul,KR,2021-12-18,12:00:00,1639803600,-6.0,-10.8,-0.1,14.8,230.0,3.7,2.52,South Korea
Seoul,KR,2021-12-19,12:00:00,1639890000,-2.5,-6.9,2.0,17.1,270.0,1.0,0.7,South Korea
Seoul,KR,2021-12-20,12:00:00,1639976400,1.6,-3.5,9.5,18.7,197.0,0.0,0.0,South Korea
Seoul,KR,2021-12-21,12:00:00,1640062800,2.4,-2.3,6.7,13.7,280.0,0.0,0.0,South Korea
Seoul,KR,2021-12-22,12:00:00,1640149200,-1.0,-5.2,5.6,10.6,332.0,0.0,0.0,South Korea
Seoul,KR,2021-12-23,12:00:00,1640235600,0.5,-3.4,6.0,8.3,52.0,0.0,0.0,South Korea
Seoul,KR,2021-12-24,12:00:00,1640322000,-1.2,-7.8,2.3,20.5,320.0,0.0,0.0,South Korea
Seoul,KR,2021-12-25,12:00:00,1640408400,-11.6,-14.2,-8.6,22.5,306.0,0.0,0.0,South Korea
Seoul,KR,2021-12-26,12:00:00,1640494800,-11.9,-15.2,-7.7,16.8,306.0,0.0,0.0,South Korea
Seoul,KR,2021-12-27,12:00:00,1640581200,-8.3,-12.3,-2.2,10.9,211.0,0.0,0.0,South Korea
Seoul,KR,2021-12-28,12:00:00,1640667600,-4.3,-8.5,1.2,9.5,107.0,0.0,0.0,South Korea
Seoul,KR,2021-12-29,12:00:00,1640754000,-0.1,-4.8,6.5,22.8,258.0,1.6,0.77,South Korea
Seoul,KR,2021-12-30,12:00:00,1640840400,-4.4,-7.3,-0.6,21.4,299.0,0.0,0.0,South Korea
Seoul,KR,2021-12-31,12:00:00,1640926800,-7.0,-9.1,-4.2,23.7,301.0,0.0,0.0,South Korea
Seoul,KR,2022-01-01,12:00:00,1641013200,-5.6,-9.1,0.2,9.2,230.0,0.0,0.0,South Korea
Seoul,KR,2022-01-02,12:00:00,1641099600,-1.9,-6.6,2.5,17.6,267.0,0.4,0.28,South Korea
Seoul,KR,2022-01-03,12:00:00,1641186000,-4.1,-8.4,1.2,13.0,270.0,0.1,0.07,South Korea
Seoul,KR,2022-01-04,12:00:00,1641272400,-3.4,-6.4,-0.0,14.5,308.0,0.0,0.0,South Korea
Seoul,KR,2022-01-05,12:00:00,1641358800,-3.4,-7.6,3.0,9.4,7.0,0.0,0.0,South Korea
Seoul,KR,2022-01-06,12:00:00,1641445200,-3.1,-6.0,2.7,15.2,306.0,0.0,0.0,South Korea
Seoul,KR,2022-01-07,12:00:00,1641531600,-4.0,-7.7,2.7,9.7,287.0,0.0,0.0,South Korea
Seoul,KR,2022-01-08,12:00:00,1641618000,-0.8,-6.2,4.9,20.6,235.0,0.0,0.0,South Korea
Seoul,KR,2022-01-09,12:00:00,1641704400,-0.7,-4.7,4.1,10.5,313.0,0.0,0.0,South Korea
Seoul,KR,2022-01-10,12:00:00,1641790800,-1.3,-5.0,3.9,9.8,292.0,0.8,0.56,South Korea
Seoul,KR,2022-01-11,12:00:00,1641877200,-7.0,-10.2,-1.1,23.9,301.0,0.6,0.42,South Korea
Seoul,KR,2022-01-12,12:00:00,1641963600,-7.7,-10.3,-4.2,14.8,281.0,0.0,0.0,South Korea
Seoul,KR,2022-01-13,12:00:00,1642050000,-6.8,-8.8,-3.5,30.4,299.0,0.0,0.0,South Korea
Seoul,KR,2022-01-14,12:00:00,1642136400,-6.4,-9.7,-0.9,13.2,279.0,0.0,0.0,South Korea
Seoul,KR,2022-01-15,12:00:00,1642222800,-1.9,-5.9,3.0,10.7,127.0,0.1,0.0,South Korea
Seoul,KR,2022-01-16,12:00:00,1642309200,-3.1,-7.6,0.1,20.0,291.0,0.2,0.14,South Korea
Seoul,KR,2022-01-17,12:00:00,1642395600,-5.6,-8.4,-0.2,21.0,285.0,0.0,0.07,South Korea
Seoul,KR,2022-01-18,12:00:00,1642482000,-6.2,-9.7,-1.4,13.1,296.0,0.0,0.0,South Korea
Seoul,KR,2022-01-19,12:00:00,1642568400,-5.3,-8.2,-1.0,18.9,331.0,1.6,1.12,South Korea
Seoul,KR,2022-01-20,12:00:00,1642654800,-5.9,-9.8,0.6,11.4,324.0,0.0,0.0,South Korea
Seoul,KR,2022-01-21,12:00:00,1642741200,-3.9,-8.5,2.6,9.9,52.0,0.0,0.0,South Korea
Seoul,KR,2022-01-22,12:00:00,1642827600,-1.0,-5.7,4.0,10.0,60.0,0.0,0.0,South Korea
Seoul,KR,2022-01-23,12:00:00,1642914000,0.9,-2.8,6.8,13.7,339.0,0.0,0.0,South Korea
Seoul,KR,2022-01-24,12:00:00,1643000400,2.6,-0.6,7.8,17.3,84.0,0.0,0.0,South Korea
Seoul,KR,2022-01-25,12:00:00,1643086800,2.3,-0.4,5.6,15.1,171.0,0.8,0.35,South Korea
Seoul,KR,2022-01-26,12:00:00,1643173200,-0.6,-4.6,5.0,14.8,286.0,0.0,0.0,South Korea
Seoul,KR,2022-01-27,12:00:00,1643259600,-2.0,-5.5,3.3,14.5,296.0,0.0,0.0,South Korea
Seoul,KR,2022-01-28,12:00:00,1643346000,-3.4,-6.7,1.8,16.7,297.0,0.0,0.0,South Korea
Seoul,KR,2022-01-29,12:00:00,1643432400,-4.1,-6.9,0.5,17.7,298.0,0.0,0.0,South Korea
Seoul,KR,2022-01-30,12:00:00,1643518800,-4.0,-7.4,2.0,14.9,298.0,0.0,0.0,South Korea
Seoul,KR,2022-01-31,12:00:00,1643605200,-2.5,-7.4,4.0,16.0,236.0,1.0,0.63,South Korea
Seoul,KR,2022-02-01,12:00:00,1643691600,-1.4,-5.6,2.4,19.8,281.0,0.9,0.63,South Korea
Seoul,KR,2022-02-02,12:00:00,1643778000,-4.5,-6.9,-0.4,16.0,280.0,0.0,0.0,South Korea
Seoul,KR,2022-02-03,12:00:00,1643864400,-4.0,-6.9,0.3,17.5,303.0,0.0,0.0,South Korea
Seoul,KR,2022-02-04,12:00:00,1643950800,-5.5,-8.9,-1.8,25.2,292.0,0.0,0.0,South Korea
Seoul,KR,2022-02-05,12:00:00,1644037200,-6.9,-9.6,-2.6,24.9,293.0,0.0,0.0,South Korea
Seoul,KR,2022-02-06,12:00:00,1644123600,-4.6,-8.4,0.9,19.8,282.0,0.0,0.0,South Korea
Seoul,KR,2022-02-07,12:00:00,1644210000,-3.6,-7.2,1.8,14.5,279.0,0.0,0.0,South Korea
Seoul,KR,2022-02-08,12:00:00,1644296400,-1.5,-5.1,4.4,12.9,313.0,0.0,0.0,South Korea
Seoul,KR,2022-02-09,12:00:00,1644382800,-1.5,-6.4,5.4,8.5,36.0,0.0,0.0,South Korea
Seoul,KR,2022-02-10,12:00:00,1644469200,-0.2,-4.0,6.5,16.5,299.0,0.0,0.0,South Korea
Seoul,KR,2022-02-11,12:00:00,1644555600,0.3,-4.5,7.9,13.0,297.0,0.0,0.0,South Korea
Seoul,KR,2022-02-12,12:00:00,1644642000,2.0,-2.2,9.0,11.1,335.0,0.0,0.0,South Korea
Seoul,KR,2022-02-13,12:00:00,1644728400,2.1,-2.3,8.8,10.7,39.0,0.0,0.0,South Korea
Seoul,KR,2022-02-14,12:00:00,1644814800,1.1,-2.8,8.2,20.7,257.0,1.4,0.49,South Korea
Seoul,KR,2022-02-15,12:00:00,1644901200,-5.3,-8.3,-2.6,22.2,288.0,0.0,0.0,South Korea
Seoul,KR,2022-02-16,12:00:00,1644987600,-7.2,-9.4,-3.7,28.8,299.0,0.0,0.0,South Korea
Seoul,KR,2022-02-17,12:00:00,1645074000,-6.8,-10.2,-1.6,19.5,304.0,0.0,0.0,South Korea
Seoul,KR,2022-02-18,12:00:00,1645160400,-3.0,-8.1,4.5,13.3,21.0,0.0,0.0,South Korea
Seoul,KR,2022-02-19,12:00:00,1645246800,-1.7,-7.0,2.9,23.9,295.0,0.0,0.0,South Korea
Seoul,KR,2022-02-20,12:00:00,1645333200,-5.2,-8.1,-0.9,21.8,297.0,0.0,0.0,South Korea
Seoul,KR,2022-02-21,12:00:00,1645419600,-3.2,-7.5,3.5,33.0,261.0,0.2,0.14,South Korea
Seoul,KR,2022-02-22,12:00:00,1645506000,-4.6,-7.4,-0.3,26.5,295.0,0.0,0.0,South Korea
Seoul,KR,2022-02-23,12:00:00,1645592400,-5.8,-9.0,-1.0,20.5,292.0,0.0,0.0,South Korea
Seoul,KR,2022-02-24,12:00:00,1645678800,-3.8,-8.4,2.6,20.3,269.0,0.0,0.0,South Korea
Seoul,KR,2022-02-25,12:00:00,1645765200,1.3,-4.1,8.2,22.9,238.0,0.0,0.0,South Korea
Seoul,KR,2022-02-26,12:00:00,1645851600,3.8,-0.3,9.5,32.2,224.0,1.2,0.0,South Korea
Seoul,KR,2022-02-27,12:00:00,1645938000,1.6,-4.6,7.6,26.9,254.0,0.0,0.0,South Korea
Seoul,KR,2022-02-28,12:00:00,1646024400,3.6,-1.8,9.1,10.0,180.0,0.0,0.0,South Korea
Seoul,KR,2022-03-01,12:00:00,1646110800,4.3,-2.2,9.1,17.7,280.0,1.5,0.0,South Korea
Seoul,KR,2022-03-02,12:00:00,1646197200,0.3,-5.4,6.5,23.6,252.0,0.0,0.0,South Korea
Seoul,KR,2022-03-03,12:00:00,1646283600,2.8,-3.7,9.5,14.2,267.0,0.0,0.0,South Korea
Seoul,KR,2022-03-04,12:00:00,1646370000,4.5,-3.0,13.6,31.0,197.0,3.7,0.0,South Korea
Seoul,KR,2022-03-05,12:00:00,1646456400,1.1,-2.9,5.8,32.1,289.0,0.0,0.0,South Korea
Seoul,KR,2022-03-06,12:00:00,1646542800,-0.0,-4.2,5.2,18.6,298.0,0.0,0.0,South Korea
Seoul,KR,2022-03-07,12:00:00,1646629200,0.4,-4.2,7.3,14.6,276.0,0.0,0.0,South Korea
Seoul,KR,2022-03-08,12:00:00,1646715600,2.5,-3.6,10.1,14.5,260.0,0.0,0.0,South Korea
Seoul,KR,2022-03-09,12:00:00,1646802000,3.7,-1.5,12.0,12.8,289.0,0.0,0.0,South Korea
Seoul,KR,2022-03-10,12:00:00,1646888400,5.7,0.4,14.0,15.9,193.0,0.0,0.0,South Korea
Seoul,KR,2022-03-11,12:00:00,1646974800,6.3,-1.2,15.3,10.1,40.0,0.0,0.0,South Korea
Seoul,KR,2022-03-12,12:00:00,1647061200,9.7,1.5,19.2,21.3,167.0,1.8,0.0,South Korea
Seoul,KR,2022-03-13,12:00:00,1647147600,10.7,8.6,14.0,15.3,266.0,12.7,0.0,South Korea
Seoul,KR,2022-03-14,12:00:00,1647234000,7.1,4.5,13.3,26.6,224.0,7.5,0.0,South Korea
Seoul,KR,2022-03-15,12:00:00,1647320400,4.3,-2.1,10.4,14.1,263.0,0.0,0.0,South Korea
Seoul,KR,2022-03-16,12:00:00,1647406800,7.2,-0.4,15.3,14.3,312.0,0.0,0.0,South Korea
Seoul,KR,2022-03-17,12:00:00,1647493200,9.3,5.7,15.3,21.8,73.0,0.4,0.0,South Korea
Seoul,KR,2022-03-18,12:00:00,1647579600,6.5,4.6,8.9,22.3,69.0,0.1,0.0,South Korea
Seoul,KR,2022-03-19,12:00:00,1647666000,3.3,1.3,6.3,18.8,83.0,14.5,7.14,South Korea
Seoul,KR,2022-03-20,12:00:00,1647752400,3.2,-1.1,8.3,18.8,247.0,0.1,0.0,South Korea
Seoul,KR,2022-03-21,12:00:00,1647838800,3.0,-3.3,9.1,14.5,311.0,0.0,0.0,South Korea
Seoul,KR,2022-03-22,12:00:00,1647925200,4.8,-2.2,11.5,16.0,326.0,0.0,0.0,South Korea
Seoul,KR,2022-03-23,12:00:00,1648011600,4.2,1.3,8.3,17.9,242.0,0.0,0.0,South Korea
Seoul,KR,2022-03-24,12:00:00,1648098000,6.1,0.3,13.4,17.6,199.0,0.0,0.0,South Korea
Seoul,KR,2022-03-25,12:00:00,1648184400,10.8,3.8,17.7,27.0,115.0,7.9,0.0,South Korea
Seoul,KR,2022-03-26,12:00:00,1648270800,11.8,7.4,17.0,25.1,261.0,24.8,0.0,South Korea
Seoul,KR,2022-03-27,12:00:00,1648357200,6.5,1.6,11.8,26.7,283.0,0.0,0.0,South Korea
Seoul,KR,2022-03-28,12:00:00,1648443600,5.1,-1.3,12.0,10.0,350.0,0.0,0.0,South Korea
Seoul,KR,2022-03-29,12:00:00,1648530000,7.3,-0.1,13.7,16.8,221.0,0.0,0.0,South Korea
Seoul,KR,2022-03-30,12:00:00,1648616400,8.8,2.3,14.1,13.8,143.0,4.4,0.0,South Korea
Seoul,KR,2022-03-31,12:00:00,1648702800,8.8,5.5,13.0,10.2,2.0,1.7,0.0,South Korea
Seoul,KR,2022-04-01,12:00:00,1648789200,6.7,1.1,12.7,17.6,333.0,0.0,0.0,South Korea
Seoul,KR,2022-04-02,12:00:00,1648875600,6.0,-0.2,11.9,17.7,262.0,0.0,0.0,South Korea
Seoul,KR,2022-04-03,12:00:00,1648962000,7.4,1.6,14.6,16.0,285.0,0.0,0.0,South Korea
Seoul,KR,2022-04-04,12:00:00,1649048400,8.0,2.7,14.5,18.3,261.0,0.0,0.0,South Korea
Seoul,KR,2022-04-05,12:00:00,1649134800,7.9,1.9,13.9,17.0,231.0,0.0,0.0,South Korea
Seoul,KR,2022-04-06,12:00:00,1649221200,9.3,4.2,15.2,15.6,273.0,0.0,0.0,South Korea
Seoul,KR,2022-04-07,12:00:00,1649307600,8.4,4.7,13.8,25.2,264.0,0.0,0.0,South Korea
Seoul,KR,2022-04-08,12:00:00,1649394000,10.0,2.2,17.6,14.2,195.0,0.0,0.0,South Korea
Seoul,KR,2022-04-09,12:00:00,1649480400,14.0,8.2,21.6,20.7,201.0,0.0,0.0,South Korea
Seoul,KR,2022-04-10,12:00:00,1649566800,14.7,8.3,22.7,16.5,193.0,0.0,0.0,South Korea
Seoul,KR,2022-04-11,12:00:00,1649653200,16.0,9.4,24.1,16.1,192.0,0.0,0.0,South Korea
Seoul,KR,2022-04-12,12:00:00,1649739600,15.6,12.1,20.8,21.3,234.0,0.7,0.0,South Korea
Seoul,KR,2022-04-13,12:00:00,1649826000,11.1,9.3,13.9,26.3,74.0,3.3,0.0,South Korea
Seoul,KR,2022-04-14,12:00:00,1649912400,11.2,9.2,14.6,22.1,72.0,0.1,0.0,South Korea
Seoul,KR,2022-04-15,12:00:00,1649998800,10.9,3.8,17.4,17.7,353.0,0.8,0.0,South Korea
Seoul,KR,2022-04-16,12:00:00,1650085200,10.4,5.3,17.4,21.7,255.0,0.0,0.0,South Korea
Seoul,KR,2022-04-17,12:00:00,1650171600,10.8,4.4,18.9,20.9,234.0,0.0,0.0,South Korea
Seoul,KR,2022-04-18,12:00:00,1650258000,12.1,7.9,18.8,21.6,232.0,0.0,0.0,South Korea
Seoul,KR,2022-04-19,12:00:00,1650344400,11.8,5.2,19.6,17.9,221.0,0.0,0.0,South Korea
Seoul,KR,2022-04-20,12:00:00,1650430800,12.1,5.2,19.9,19.8,221.0,0.0,0.0,South Korea
Seoul,KR,2022-04-21,12:00:00,1650517200,14.0,6.8,21.4,24.0,197.0,0.0,0.0,South Korea
Seoul,KR,2022-04-22,12:00:00,1650603600,14.1,11.0,18.7,29.8,227.0,0.2,0.0,South Korea
Seoul,KR,2022-04-23,12:00:00,1650690000,15.6,7.9,24.7,10.2,129.0,0.0,0.0,South Korea
Seoul,KR,2022-04-24,12:00:00,1650776400,15.3,10.5,22.3,18.0,239.0,0.1,0.0,South Korea
Seoul,KR,2022-04-25,12:00:00,1650862800,18.6,14.2,24.2,8.0,92.0,3.0,0.0,South Korea
Seoul,KR,2022-04-26,12:00:00,1650949200,20.6,16.3,27.3,25.5,315.0,4.2,0.0,South Korea
Seoul,KR,2022-04-27,12:00:00,1651035600,15.9,10.6,21.5,28.4,302.0,0.0,0.0,South Korea
Seoul,KR,2022-04-28,12:00:00,1651122000,16.3,9.3,23.7,21.7,31.0,0.0,0.0,South Korea
Seoul,KR,2022-04-29,12:00:00,1651208400,12.7,9.4,16.2,21.1,69.0,16.6,0.0,South Korea
Seoul,KR,2022-04-30,12:00:00,1651294800,11.7,8.8,16.5,20.6,239.0,0.4,0.0,South Korea
Seoul,KR,2022-05-01,12:00:00,1651381200,11.3,5.0,17.2,30.1,244.0,0.0,0.0,South Korea
Seoul,KR,2022-05-02,12:00:00,1651467600,12.0,6.5,18.2,18.8,284.0,0.0,0.0,South Korea
Seoul,KR,2022-05-03,12:00:00,1651554000,12.7,5.5,18.2,22.5,237.0,0.0,0.0,South Korea
Seoul,KR,2022-05-04,12:00:00,1651640400,15.2,7.8,23.3,20.7,204.0,0.0,0.0,South Korea
Seoul,KR,2022-05-05,12:00:00,1651726800,16.2,9.0,23.5,14.8,215.0,0.0,0.0,South Korea
Seoul,KR,2022-05-06,12:00:00,1651813200,17.4,10.4,23.9,18.9,249.0,0.0,0.0,South Korea
Seoul,KR,2022-05-07,12:00:00,1651899600,17.4,13.4,23.5,23.4,300.0,0.7,0.0,South Korea
Seoul,KR,2022-05-08,12:00:00,1651986000,14.8,11.4,18.3,18.1,72.0,4.4,0.0,South Korea
Seoul,KR,2022-05-09,12:00:00,1652072400,16.5,9.1,24.4,14.1,83.0,0.0,0.0,South Korea
Seoul,KR,2022-05-10,12:00:00,1652158800,17.6,10.7,24.4,14.8,119.0,0.3,0.0,South Korea
Seoul,KR,2022-05-11,12:00:00,1652245200,17.7,13.1,23.1,16.8,263.0,0.0,0.0,South Korea
Seoul,KR,2022-05-12,12:00:00,1652331600,19.1,12.6,26.5,18.2,320.0,0.0,0.0,South Korea
Seoul,KR,2022-05-13,12:00:00,1652418000,18.6,13.8,25.1,29.6,350.0,0.0,0.0,South Korea
Seoul,KR,2022-05-14,12:00:00,1652504400,15.0,9.4,20.2,28.1,278.0,0.0,0.0,South Korea
Seoul,KR,2022-05-15,12:00:00,1652590800,14.7,8.7,21.6,28.8,280.0,0.0,0.0,South Korea
Seoul,KR,2022-05-16,12:00:00,1652677200,15.5,8.8,22.1,26.6,225.0,0.0,0.0,South Korea
Seoul,KR,2022-05-17,12:00:00,1652763600,17.6,10.8,25.8,19.8,213.0,0.0,0.0,South Korea
Seoul,KR,2022-05-18,12:00:00,1652850000,18.6,12.8,24.8,24.3,206.0,0.7,0.0,South Korea
Seoul,KR,2022-05-19,12:00:00,1652936400,18.8,13.8,23.6,25.1,220.0,0.0,0.0,South Korea
Seoul,KR,2022-05-20,12:00:00,1653022800,18.8,14.2,24.2,16.6,232.0,0.2,0.0,South Korea
Seoul,KR,2022-05-21,12:00:00,1653109200,17.9,13.7,23.4,19.9,246.0,0.2,0.0,South Korea
Seoul,KR,2022-05-22,12:00:00,1653195600,18.6,14.5,24.7,20.2,236.0,0.0,0.0,South Korea
Seoul,KR,2022-05-23,12:00:00,1653282000,19.9,13.8,28.7,19.7,229.0,0.0,0.0,South Korea
Seoul,KR,2022-05-24,12:00:00,1653368400,20.6,14.0,28.7,18.4,257.0,0.0,0.0,South Korea
Seoul,KR,2022-05-25,12:00:00,1653454800,19.3,15.4,25.7,22.0,257.0,7.8,0.0,South Korea
Seoul,KR,2022-05-26,12:00:00,1653541200,17.3,12.4,21.9,27.4,245.0,0.3,0.0,South Korea
Seoul,KR,2022-05-27,12:00:00,1653627600,18.2,14.6,23.0,24.1,255.0,0.0,0.0,South Korea
Seoul,KR,2022-05-28,12:00:00,1653714000,19.6,12.7,27.5,23.1,215.0,0.0,0.0,South Korea
Seoul,KR,2022-05-29,12:00:00,1653800400,20.3,14.8,26.9,16.0,230.0,0.1,0.0,South Korea
Seoul,KR,2022-05-30,12:00:00,1653886800,20.0,15.7,24.7,22.9,308.0,3.2,0.0,South Korea
Seoul,KR,2022-05-31,12:00:00,1653973200,18.9,12.6,25.4,24.6,253.0,0.0,0.0,South Korea
Seoul,KR,2022-06-01,12:00:00,1654059600,20.1,13.7,27.3,21.0,234.0,0.0,0.0,South Korea
Seoul,KR,2022-06-02,12:00:00,1654146000,18.6,12.6,24.3,18.3,245.0,0.0,0.0,South Korea
Seoul,KR,2022-06-03,12:00:00,1654232400,22.3,16.2,30.2,18.4,256.0,0.0,0.0,South Korea
Seoul,KR,2022-06-04,12:00:00,1654318800,24.4,19.1,29.7,11.6,117.0,0.0,0.0,South Korea
Seoul,KR,2022-06-05,12:00:00,1654405200,22.6,19.4,26.2,19.3,119.0,5.0,0.0,South Korea
Seoul,KR,2022-06-06,12:00:00,1654491600,18.2,15.2,21.2,22.1,67.0,17.4,0.0,South Korea
Seoul,KR,2022-06-07,12:00:00,1654578000,19.0,13.9,24.7,17.8,82.0,0.0,0.0,South Korea
Seoul,KR,2022-06-08,12:00:00,1654664400,18.8,14.1,23.9,14.9,111.0,1.2,0.0,South Korea
Seoul,KR,2022-06-09,12:00:00,1654750800,19.6,16.4,24.0,15.2,250.0,9.0,0.0,South Korea
Seoul,KR,2022-06-10,12:00:00,1654837200,20.4,15.2,25.7,13.2,18.0,1.4,0.0,South Korea
Seoul,KR,2022-06-11,12:00:00,1654923600,22.1,16.1,29.5,16.9,39.0,4.1,0.0,South Korea
Seoul,KR,2022-06-12,12:00:00,1655010000,22.7,17.1,29.1,17.0,98.0,0.1,0.0,South Korea
Seoul,KR,2022-06-13,12:00:00,1655096400,22.0,18.0,27.0,18.8,77.0,14.1,0.0,South Korea
Seoul,KR,2022-06-14,12:00:00,1655182800,21.3,16.7,28.2,26.9,81.0,0.8,0.0,South Korea
Seoul,KR,2022-06-15,12:00:00,1655269200,17.5,15.1,19.8,18.6,90.0,22.8,0.0,South Korea
Seoul,KR,2022-06-16,12:00:00,1655355600,19.2,16.2,22.6,14.4,267.0,2.0,0.0,South Korea
Seoul,KR,2022-06-17,12:00:00,1655442000,21.1,14.6,29.2,19.6,240.0,0.0,0.0,South Korea
Seoul,KR,2022-06-18,12:00:00,1655528400,22.4,18.6,27.7,16.8,235.0,2.1,0.0,South Korea
Seoul,KR,2022-06-19,12:00:00,1655614800,22.9,20.0,26.2,14.1,235.0,0.2,0.0,South Korea
Seoul,KR,2022-06-20,12:00:00,1655701200,24.2,19.9,29.5,13.7,288.0,0.0,0.0,South Korea
Seoul,KR,2022-06-21,12:00:00,1655787600,25.4,20.3,33.3,18.1,276.0,0.0,0.0,South Korea
Seoul,KR,2022-06-22,12:00:00,1655874000,23.8,19.8,28.8,14.8,254.0,0.0,0.0,South Korea
Seoul,KR,2022-06-23,12:00:00,1655960400,24.0,21.3,28.6,28.7,194.0,41.3,0.0,South Korea
Seoul,KR,2022-06-24,12:00:00,1656046800,22.9,20.5,25.2,24.6,235.0,4.8,0.0,South Korea
Seoul,KR,2022-06-25,12:00:00,1656133200,24.3,19.6,29.2,19.5,216.0,0.2,0.0,South Korea
Seoul,KR,2022-06-26,12:00:00,1656219600,26.0,22.9,30.3,27.6,205.0,1.7,0.0,South Korea
Seoul,KR,2022-06-27,12:00:00,1656306000,24.2,22.6,25.5,22.4,165.0,19.7,0.0,South Korea
Seoul,KR,2022-06-28,12:00:00,1656392400,25.6,24.9,27.5,37.0,204.0,11.2,0.0,South Korea
Seoul,KR,2022-06-29,12:00:00,1656478800,24.7,22.8,27.1,31.7,212.0,83.9,0.0,South Korea
Seoul,KR,2022-06-30,12:00:00,1656565200,23.6,22.2,25.7,21.5,189.0,91.3,0.0,South Korea
Seoul,KR,2022-07-01,12:00:00,1656651600,25.9,23.2,29.7,15.0,205.0,1.3,0.0,South Korea
Seoul,KR,2022-07-02,12:00:00,1656738000,26.7,22.0,31.4,8.0,345.0,0.0,0.0,South Korea
Seoul,KR,2022-07-03,12:00:00,1656824400,27.2,22.7,32.0,10.8,295.0,0.0,0.0,South Korea
Seoul,KR,2022-07-04,12:00:00,1656910800,27.7,24.0,31.3,14.7,347.0,0.6,0.0,South Korea
Seoul,KR,2022-07-05,12:00:00,1656997200,27.1,24.5,31.1,12.4,333.0,8.6,0.0,South Korea
Seoul,KR,2022-07-06,12:00:00,1657083600,27.7,24.7,30.8,12.6,121.0,3.8,0.0,South Korea
Seoul,KR,2022-07-07,12:00:00,1657170000,27.2,25.7,30.5,26.7,178.0,23.9,0.0,South Korea
Seoul,KR,2022-07-08,12:00:00,1657256400,24.9,22.7,27.2,20.8,242.0,3.5,0.0,South Korea
Seoul,KR,2022-07-09,12:00:00,1657342800,25.3,22.2,29.6,14.7,277.0,0.7,0.0,South Korea
Seoul,KR,2022-07-10,12:00:00,1657429200,26.7,23.1,31.6,11.2,294.0,3.0,0.0,South Korea
Seoul,KR,2022-07-11,12:00:00,1657515600,25.9,23.3,29.6,9.3,287.0,2.1,0.0,South Korea
Seoul,KR,2022-07-12,12:00:00,1657602000,25.4,21.1,29.0,13.2,80.0,0.1,0.0,South Korea
Seoul,KR,2022-07-13,12:00:00,1657688400,24.5,23.2,25.7,25.9,160.0,58.6,0.0,South Korea
Seoul,KR,2022-07-14,12:00:00,1657774800,24.8,22.3,29.2,17.9,270.0,2.2,0.0,South Korea
Seoul,KR,2022-07-15,12:00:00,1657861200,23.7,20.0,27.6,14.8,268.0,0.1,0.0,South Korea
Seoul,KR,2022-07-16,12:00:00,1657947600,24.2,21.6,27.6,11.6,237.0,4.0,0.0,South Korea
Seoul,KR,2022-07-17,12:00:00,1658034000,24.0,21.2,27.1,15.0,247.0,2.1,0.0,South Korea
Seoul,KR,2022-07-18,12:00:00,1658120400,25.6,21.6,29.2,9.4,99.0,0.5,0.0,South Korea
Seoul,KR,2022-07-19,12:00:00,1658206800,25.3,22.2,28.8,17.7,270.0,2.0,0.0,South Korea
Seoul,KR,2022-07-20,12:00:00,1658293200,25.4,23.4,28.4,15.3,260.0,0.6,0.0,South Korea
Seoul,KR,2022-07-21,12:00:00,1658379600,24.0,20.7,26.9,16.3,3.0,29.2,0.0,South Korea
Seoul,KR,2022-07-22,12:00:00,1658466000,23.9,21.4,27.3,13.0,278.0,4.4,0.0,South Korea
Seoul,KR,2022-07-23,12:00:00,1658552400,23.9,21.5,26.4,14.1,125.0,24.1,0.0,South Korea
Seoul,KR,2022-07-24,12:00:00,1658638800,25.2,22.9,28.8,18.4,99.0,4.4,0.0,South Korea
Seoul,KR,2022-07-25,12:00:00,1658725200,25.6,21.4,30.6,16.5,292.0,0.0,0.0,South Korea
Seoul,KR,2022-07-26,12:00:00,1658811600,26.5,21.6,31.1,8.4,349.0,0.1,0.0,South Korea
Seoul,KR,2022-07-27,12:00:00,1658898000,26.8,24.4,29.4,11.6,116.0,0.0,0.0,South Korea
Seoul,KR,2022-07-28,12:00:00,1658984400,27.5,23.3,32.1,13.2,123.0,0.3,0.0,South Korea
Seoul,KR,2022-07-29,12:00:00,1659070800,28.2,24.8,32.4,12.7,97.0,1.9,0.0,South Korea
Seoul,KR,2022-07-30,12:00:00,1659157200,28.8,25.6,33.7,13.0,94.0,3.5,0.0,South Korea
Seoul,KR,2022-07-31,12:00:00,1659243600,26.8,25.6,29.1,18.2,97.0,35.2,0.0,South Korea
Seoul,KR,2022-08-01,12:00:00,1659330000,27.8,25.0,31.9,19.2,124.0,24.5,0.0,South Korea
Seoul,KR,2022-08-02,12:00:00,1659416400,26.9,25.5,29.6,23.3,196.0,15.0,0.0,South Korea
Seoul,KR,2022-08-03,12:00:00,1659502800,26.3,24.4,29.1,17.0,249.0,23.4,0.0,South Korea
Seoul,KR,2022-08-04,12:00:00,1659589200,27.0,24.8,30.3,15.4,259.0,3.8,0.0,South Korea
Seoul,KR,2022-08-05,12:00:00,1659675600,27.3,24.9,30.4,17.9,234.0,1.4,0.0,South Korea
Seoul,KR,2022-08-06,12:00:00,1659762000,27.6,25.6,30.7,14.1,247.0,9.6,0.0,South Korea
Seoul,KR,2022-08-07,12:00:00,1659848400,27.0,24.9,29.9,16.8,188.0,22.8,0.0,South Korea
Seoul,KR,2022-08-08,12:00:00,1659934800,26.3,25.3,27.4,23.1,222.0,66.5,0.0,South Korea
Seoul,KR,2022-08-09,12:00:00,1660021200,24.5,21.2,26.2,27.6,242.0,107.7,0.0,South Korea
Seoul,KR,2022-08-10,12:00:00,1660107600,23.2,19.7,27.1,11.0,266.0,22.4,0.0,South Korea
Seoul,KR,2022-08-11,12:00:00,1660194000,23.0,21.4,25.0,10.5,263.0,27.0,0.0,South Korea
Seoul,KR,2022-08-12,12:00:00,1660280400,24.4,21.0,29.7,13.7,279.0,0.0,0.0,South Korea
Seoul,KR,2022-08-13,12:00:00,1660366800,23.8,20.5,25.4,10.4,158.0,16.0,0.0,South Korea
Seoul,KR,2022-08-14,12:00:00,1660453200,26.2,23.3,30.4,15.6,165.0,2.6,0.0,South Korea
Seoul,KR,2022-08-15,12:00:00,1660539600,27.2,25.5,30.2,38.1,213.0,10.6,0.0,South Korea
Seoul,KR,2022-08-16,12:00:00,1660626000,25.2,22.6,28.1,17.1,262.0,0.1,0.0,South Korea
Seoul,KR,2022-08-17,12:00:00,1660712400,23.9,20.6,29.1,9.3,111.0,4.2,0.0,South Korea
Seoul,KR,2022-08-18,12:00:00,1660798800,23.7,19.8,28.0,12.5,200.0,0.2,0.0,South Korea
Seoul,KR,2022-08-19,12:00:00,1660885200,24.4,21.0,27.3,26.3,200.0,34.0,0.0,South Korea
Seoul,KR,2022-08-20,12:00:00,1660971600,26.6,24.0,31.5,14.8,274.0,8.7,0.0,South Korea
Seoul,KR,2022-08-21,12:00:00,1661058000,26.0,23.0,29.6,7.7,51.0,1.4,0.0,South Korea
Seoul,KR,2022-08-22,12:00:00,1661144400,25.4,23.1,28.9,18.0,233.0,5.4,0.0,South Korea
Seoul,KR,2022-08-23,12:00:00,1661230800,24.4,20.6,28.4,14.1,327.0,5.9,0.0,South Korea
Seoul,KR,2022-08-24,12:00:00,1661317200,23.5,20.0,26.7,18.1,100.0,0.0,0.0,South Korea
Seoul,KR,2022-08-25,12:00:00,1661403600,20.6,18.6,22.8,14.5,217.0,4.4,0.0,South Korea
Seoul,KR,2022-08-26,12:00:00,1661490000,21.9,17.4,25.7,14.8,256.0,1.1,0.0,South Korea
Seoul,KR,2022-08-27,12:00:00,1661576400,19.9,16.7,23.0,18.0,307.0,0.0,0.0,South Korea
Seoul,KR,2022-08-28,12:00:00,1661662800,20.0,13.5,25.8,10.1,54.0,0.0,0.0,South Korea
Seoul,KR,2022-08-29,12:00:00,1661749200,20.0,19.3,21.0,11.6,100.0,4.3,0.0,South Korea
Seoul,KR,2022-08-30,12:00:00,1661835600,19.0,17.5,20.3,13.5,66.0,40.9,0.0,South Korea
Seoul,KR,2022-08-31,12:00:00,1661922000,20.4,18.1,24.6,9.8,22.0,0.2,0.0,South Korea
Seoul,KR,2022-09-01,12:00:00,1662008400,22.1,17.1,28.3,9.3,358.0,0.0,0.0,South Korea
Seoul,KR,2022-09-02,12:00:00,1662094800,22.8,17.9,28.2,17.7,81.0,0.0,0.0,South Korea
Seoul,KR,2022-09-03,12:00:00,1662181200,22.9,19.1,27.5,16.9,84.0,0.1,0.0,South Korea
Seoul,KR,2022-09-04,12:00:00,1662267600,22.2,19.9,24.8,22.9,116.0,37.9,0.0,South Korea
Seoul,KR,2022-09-05,12:00:00,1662354000,19.5,17.3,21.3,23.1,25.0,84.5,0.0,South Korea
Seoul,KR,2022-09-06,12:00:00,1662440400,19.9,16.7,25.5,28.8,321.0,65.4,0.0,South Korea
Seoul,KR,2022-09-07,12:00:00,1662526800,20.5,16.3,25.5,13.0,285.0,0.0,0.0,South Korea
Seoul,KR,2022-09-08,12:00:00,1662613200,20.5,14.7,27.0,8.6,14.0,0.0,0.0,South Korea
Seoul,KR,2022-09-09,12:00:00,1662699600,21.8,16.0,27.8,9.9,69.0,0.0,0.0,South Korea
Seoul,KR,2022-09-10,12:00:00,1662786000,21.5,15.8,26.8,14.1,79.0,0.0,0.0,South Korea
Seoul,KR,2022-09-11,12:00:00,1662872400,21.2,18.9,24.3,11.7,62.0,1.4,0.0,South Korea
Seoul,KR,2022-09-12,12:00:00,1662958800,22.4,18.5,26.9,8.1,53.0,0.1,0.0,South Korea
Seoul,KR,2022-09-13,12:00:00,1663045200,23.8,20.2,27.5,15.2,62.0,0.2,0.0,South Korea
Seoul,KR,2022-09-14,12:00:00,1663131600,23.3,21.1,26.9,26.0,73.0,1.2,0.0,South Korea
Seoul,KR,2022-09-15,12:00:00,1663218000,24.2,20.2,28.5,20.0,95.0,0.0,0.0,South Korea
Seoul,KR,2022-09-16,12:00:00,1663304400,24.5,21.1,29.4,20.9,130.0,23.3,0.0,South Korea
Seoul,KR,2022-09-17,12:00:00,1663390800,24.0,21.7,27.4,12.2,257.0,28.4,0.0,South Korea
Seoul,KR,2022-09-18,12:00:00,1663477200,25.4,20.4,31.6,15.8,32.0,0.0,0.0,South Korea
Seoul,KR,2022-09-19,12:00:00,1663563600,23.6,17.7,26.7,23.4,10.0,0.0,0.0,South Korea
Seoul,KR,2022-09-20,12:00:00,1663650000,17.9,14.1,21.8,12.8,22.0,0.0,0.0,South Korea
Seoul,KR,2022-09-21,12:00:00,1663736400,17.3,12.1,22.7,9.7,84.0,0.0,0.0,South Korea
Seoul,KR,2022-09-22,12:00:00,1663822800,17.7,13.2,23.0,12.6,126.0,0.0,0.0,South Korea
Seoul,KR,2022-09-23,12:00:00,1663909200,16.0,12.5,21.4,32.1,250.0,3.4,0.0,South Korea
Seoul,KR,2022-09-24,12:00:00,1663995600,16.0,10.5,21.9,13.6,303.0,0.0,0.0,South Korea
Seoul,KR,2022-09-25,12:00:00,1664082000,17.9,14.0,23.1,8.7,34.0,0.0,0.0,South Korea
Seoul,KR,2022-09-26,12:00:00,1664168400,18.1,13.5,24.0,8.4,340.0,0.0,0.0,South Korea
Seoul,KR,2022-09-27,12:00:00,1664254800,18.3,11.9,25.4,8.6,41.0,0.0,0.0,South Korea
Seoul,KR,2022-09-28,12:00:00,1664341200,18.2,13.3,24.6,8.7,90.0,0.0,0.0,South Korea
Seoul,KR,2022-09-29,12:00:00,1664427600,17.8,13.9,23.4,9.1,304.0,0.0,0.0,South Korea
Seoul,KR,2022-09-30,12:00:00,1664514000,17.5,11.7,25.1,9.4,8.0,0.0,0.0,South Korea
Seoul,KR,2022-10-01,12:00:00,1664600400,17.9,12.3,25.1,7.9,18.0,0.0,0.0,South Korea
Seoul,KR,2022-10-02,12:00:00,1664686800,18.6,16.1,21.7,20.0,92.0,26.3,0.0,South Korea
Seoul,KR,2022-10-03,12:00:00,1664773200,21.3,17.8,22.8,28.2,207.0,94.7,0.0,South Korea
Seoul,KR,2022-10-04,12:00:00,1664859600,18.0,14.3,22.0,25.7,296.0,41.6,0.0,South Korea
Seoul,KR,2022-10-05,12:00:00,1664946000,15.3,13.4,18.4,10.1,70.0,6.7,0.0,South Korea
Seoul,KR,2022-10-06,12:00:00,1665032400,14.8,12.0,18.3,13.4,51.0,1.3,0.0,South Korea
Seoul,KR,2022-10-07,12:00:00,1665118800,13.4,10.2,16.8,15.2,351.0,0.3,0.0,South Korea
Seoul,KR,2022-10-08,12:00:00,1665205200,13.5,9.2,18.8,12.3,85.0,0.0,0.0,South Korea
Seoul,KR,2022-10-09,12:00:00,1665291600,13.0,10.3,13.9,17.4,131.0,23.5,0.0,South Korea
Seoul,KR,2022-10-10,12:00:00,1665378000,8.9,6.3,11.0,26.6,281.0,0.7,0.0,South Korea
Seoul,KR,2022-10-11,12:00:00,1665464400,9.4,6.4,15.0,16.6,295.0,0.0,0.0,South Korea
Seoul,KR,2022-10-12,12:00:00,1665550800,11.1,4.3,18.3,9.9,65.0,0.0,0.0,South Korea
Seoul,KR,2022-10-13,12:00:00,1665637200,13.4,8.8,19.6,10.5,59.0,0.0,0.0,South Korea
Seoul,KR,2022-10-14,12:00:00,1665723600,14.1,9.2,20.2,10.3,30.0,0.0,0.0,South Korea
Seoul,KR,2022-10-15,12:00:00,1665810000,15.6,9.0,21.2,9.2,27.0,0.0,0.0,South Korea
Seoul,KR,2022-10-16,12:00:00,1665896400,15.3,13.1,18.3,8.4,337.0,0.0,0.0,South Korea
Seoul,KR,2022-10-17,12:00:00,1665982800,9.7,5.7,13.0,23.1,305.0,0.0,0.0,South Korea
Seoul,KR,2022-10-18,12:00:00,1666069200,7.3,3.7,11.9,14.3,307.0,0.0,0.0,South Korea
Seoul,KR,2022-10-19,12:00:00,1666155600,8.3,3.6,13.7,11.8,301.0,0.0,0.0,South Korea
Seoul,KR,2022-10-20,12:00:00,1666242000,9.5,3.3,16.5,9.1,354.0,0.0,0.0,South Korea
Seoul,KR,2022-10-21,12:00:00,1666328400,11.1,5.5,17.3,10.4,288.0,0.0,0.0,South Korea
Seoul,KR,2022-10-22,12:00:00,1666414800,12.3,7.6,18.4,16.7,263.0,0.0,0.0,South Korea
Seoul,KR,2022-10-23,12:00:00,1666501200,12.0,8.4,16.5,20.5,318.0,0.2,0.0,South Korea
Seoul,KR,2022-10-24,12:00:00,1666587600,8.3,4.7,12.7,18.3,324.0,0.0,0.0,South Korea
Seoul,KR,2022-10-25,12:00:00,1666674000,8.6,3.2,14.9,11.3,58.0,0.0,0.0,South Korea
Seoul,KR,2022-10-26,12:00:00,1666760400,10.0,4.6,16.3,10.1,72.0,0.0,0.0,South Korea
Seoul,KR,2022-10-27,12:00:00,1666846800,11.0,6.5,17.6,15.1,328.0,0.0,0.0,South Korea
Seoul,KR,2022-10-28,12:00:00,1666933200,10.6,4.2,17.2,10.5,59.0,0.0,0.0,South Korea
Seoul,KR,2022-10-29,12:00:00,1667019600,12.1,7.7,18.1,11.0,65.0,0.0,0.0,South Korea
Seoul,KR,2022-10-30,12:00:00,1667106000,12.6,8.3,18.7,12.2,82.0,0.0,0.0,South Korea
Seoul,KR,2022-10-31,12:00:00,1667192400,12.8,8.3,19.0,11.9,134.0,0.0,0.0,South Korea
Seoul,KR,2022-11-01,12:00:00,1667278800,11.4,7.3,16.4,13.7,317.0,0.3,0.0,South Korea
Seoul,KR,2022-11-02,12:00:00,1667365200,8.7,3.4,14.8,11.4,314.0,0.0,0.0,South Korea
Seoul,KR,2022-11-03,12:00:00,1667451600,8.0,5.1,12.6,16.3,314.0,0.0,0.0,South Korea
Seoul,KR,2022-11-04,12:00:00,1667538000,3.3,-0.9,8.0,18.8,305.0,0.0,0.0,South Korea
Seoul,KR,2022-11-05,12:00:00,1667624400,5.0,-0.6,11.3,12.3,261.0,0.0,0.0,South Korea
Seoul,KR,2022-11-06,12:00:00,1667710800,7.1,1.7,13.8,9.7,138.0,0.0,0.0,South Korea
Seoul,KR,2022-11-07,12:00:00,1667797200,8.5,2.5,14.9,12.5,137.0,0.0,0.0,South Korea
Seoul,KR,2022-11-08,12:00:00,1667883600,10.7,6.6,16.3,10.5,323.0,0.0,0.0,South Korea
Seoul,KR,2022-11-09,12:00:00,1667970000,8.9,3.1,15.3,10.6,35.0,0.0,0.0,South Korea
Seoul,KR,2022-11-10,12:00:00,1668056400,10.5,4.5,17.2,9.7,59.0,0.0,0.0,South Korea
Seoul,KR,2022-11-11,12:00:00,1668142800,12.9,7.5,20.4,12.7,93.0,0.0,0.0,South Korea
Seoul,KR,2022-11-12,12:00:00,1668229200,14.8,9.1,22.5,24.7,152.0,24.3,0.0,South Korea
Seoul,KR,2022-11-13,12:00:00,1668315600,9.8,5.0,16.1,20.4,300.0,0.5,0.0,South Korea
Seoul,KR,2022-11-14,12:00:00,1668402000,9.0,4.0,12.5,16.2,280.0,0.6,0.0,South Korea
Seoul,KR,2022-11-15,12:00:00,1668488400,6.3,2.0,11.1,14.0,192.0,1.3,0.0,South Korea
Seoul,KR,2022-11-16,12:00:00,1668574800,7.3,4.0,12.1,12.9,272.0,0.2,0.0,South Korea
Seoul,KR,2022-11-17,12:00:00,1668661200,8.0,3.8,14.1,9.2,103.0,0.0,0.0,South Korea
Seoul,KR,2022-11-18,12:00:00,1668747600,8.2,2.0,15.4,10.2,72.0,0.0,0.0,South Korea
Seoul,KR,2022-11-19,12:00:00,1668834000,9.3,4.8,16.8,14.9,90.0,0.0,0.0,South Korea
Seoul,KR,2022-11-20,12:00:00,1668920400,10.9,6.1,16.8,10.2,70.0,0.0,0.0,South Korea
Seoul,KR,2022-11-21,12:00:00,1669006800,9.3,5.1,15.4,11.8,344.0,0.0,0.0,South Korea
Seoul,KR,2022-11-22,12:00:00,1669093200,8.6,4.7,12.6,11.3,43.0,0.8,0.0,South Korea
Seoul,KR,2022-11-23,12:00:00,1669179600,9.2,4.4,13.5,16.7,320.0,1.1,0.0,South Korea
Seoul,KR,2022-11-24,12:00:00,1669266000,7.3,3.5,13.1,8.9,4.0,0.0,0.0,South Korea
Seoul,KR,2022-11-25,12:00:00,1669352400,9.7,4.4,15.5,26.4,187.0,0.8,0.0,South Korea
Seoul,KR,2022-11-26,12:00:00,1669438800,5.5,0.1,12.4,19.7,303.0,1.4,0.0,South Korea
Seoul,KR,2022-11-27,12:00:00,1669525200,3.0,-2.9,10.4,10.8,70.0,0.0,0.0,South Korea
Seoul,KR,2022-11-28,12:00:00,1669611600,10.4,4.7,14.8,17.2,124.0,26.6,0.0,South Korea
Seoul,KR,2022-11-29,12:00:00,1669698000,6.2,-2.4,13.0,26.9,306.0,1.5,0.07,South Korea
Seoul,KR,2022-11-30,12:00:00,1669784400,-6.4,-8.7,-3.1,27.9,311.0,0.0,0.0,South Korea
Seoul,KR,2022-12-01,12:00:00,1669870800,-6.3,-8.8,-3.3,11.3,329.0,0.0,0.0,South Korea
Seoul,KR,2022-12-02,12:00:00,1669957200,-4.4,-7.9,-0.2,13.0,91.0,0.0,0.0,South Korea
Seoul,KR,2022-12-03,12:00:00,1670043600,1.2,-2.0,6.9,18.3,330.0,2.4,1.4,South Korea
Seoul,KR,2022-12-04,12:00:00,1670130000,-4.5,-6.8,-1.7,18.4,313.0,0.0,0.0,South Korea
Seoul,KR,2022-12-05,12:00:00,1670216400,-4.4,-6.9,0.1,12.6,300.0,0.0,0.0,South Korea
Seoul,KR,2022-12-06,12:00:00,1670302800,-1.6,-5.7,4.0,20.1,185.0,0.1,0.07,South Korea
Seoul,KR,2022-12-07,12:00:00,1670389200,1.5,-3.0,8.1,25.9,262.0,0.0,0.0,South Korea
Seoul,KR,2022-12-08,12:00:00,1670475600,0.8,-4.2,6.2,9.2,319.0,0.0,0.0,South Korea
Seoul,KR,2022-12-09,12:00:00,1670562000,1.1,-2.3,8.1,11.5,25.0,0.1,0.0,South Korea
Seoul,KR,2022-12-10,12:00:00,1670648400,0.5,-3.2,6.7,11.2,346.0,0.0,0.0,South Korea
Seoul,KR,2022-12-11,12:00:00,1670734800,-1.1,-4.6,4.5,11.8,307.0,0.0,0.0,South Korea
Seoul,KR,2022-12-12,12:00:00,1670821200,-0.2,-5.2,5.2,9.0,148.0,3.1,0.0,South Korea
Seoul,KR,2022-12-13,12:00:00,1670907600,-0.5,-6.8,1.8,29.6,293.0,0.6,0.42,South Korea
Seoul,KR,2022-12-14,12:00:00,1670994000,-8.8,-11.6,-5.6,27.0,316.0,0.0,0.0,South Korea
Seoul,KR,2022-12-15,12:00:00,1671080400,-4.8,-8.6,0.9,16.6,147.0,1.5,1.05,South Korea
Seoul,KR,2022-12-16,12:00:00,1671166800,-9.4,-17.2,-3.7,13.4,297.0,0.0,0.0,South Korea
Seoul,KR,2022-12-17,12:00:00,1671253200,-7.6,-11.3,-4.1,19.9,320.0,0.4,0.28,South Korea
Seoul,KR,2022-12-18,12:00:00,1671339600,-10.2,-12.6,-7.5,17.4,284.0,0.0,0.0,South Korea
Seoul,KR,2022-12-19,12:00:00,1671426000,-8.5,-12.7,-3.5,11.3,288.0,0.0,0.0,South Korea
Seoul,KR,2022-12-20,12:00:00,1671512400,-4.7,-8.8,1.0,11.3,91.0,0.0,0.0,South Korea
Seoul,KR,2022-12-21,12:00:00,1671598800,-0.2,-3.7,3.1,17.7,130.0,2.9,1.82,South Korea
Seoul,KR,2022-12-22,12:00:00,1671685200,-8.4,-12.2,-4.4,24.1,298.0,0.0,0.0,South Korea
Seoul,KR,2022-12-23,12:00:00,1671771600,-12.5,-15.2,-9.8,29.2,297.0,0.0,0.0,South Korea
Seoul,KR,2022-12-24,12:00:00,1671858000,-9.4,-13.0,-4.4,11.1,302.0,0.0,0.0,South Korea
Seoul,KR,2022-12-25,12:00:00,1671944400,-7.1,-10.9,-1.4,10.9,289.0,0.0,0.0,South Korea
Seoul,KR,2022-12-26,12:00:00,1672030800,-6.1,-8.7,-0.8,8.3,292.0,0.0,0.0,South Korea
Seoul,KR,2022-12-27,12:00:00,1672117200,-4.6,-8.5,1.7,9.1,41.0,0.0,0.0,South Korea
Seoul,KR,2022-12-28,12:00:00,1672203600,-4.7,-8.3,-1.1,16.8,298.0,0.2,0.14,South Korea
Seoul,KR,2022-12-29,12:00:00,1672290000,-4.8,-7.9,-0.1,8.2,304.0,0.0,0.0,South Korea
Seoul,KR,2022-12-30,12:00:00,1672376400,-3.5,-6.7,0.6,11.3,317.0,0.0,0.0,South Korea
Seoul,KR,2022-12-31,12:00:00,1672462800,-2.7,-7.0,4.0,17.8,245.0,0.0,0.0,South Korea
Seoul,KR,2023-01-01,12:00:00,1672549200,-2.2,-5.6,2.0,19.2,294.0,0.0,0.0,South Korea
Seoul,KR,2023-01-02,12:00:00,1672635600,-5.7,-8.3,-1.7,14.2,295.0,0.0,0.0,South Korea
Seoul,KR,2023-01-03,12:00:00,1672722000,-6.1,-8.9,-1.2,13.7,286.0,0.0,0.0,South Korea
Seoul,KR,2023-01-04,12:00:00,1672808400,-3.9,-6.9,1.8,13.2,299.0,0.0,0.0,South Korea
Seoul,KR,2023-01-05,12:00:00,1672894800,-3.0,-7.0,3.4,11.3,339.0,0.0,0.0,South Korea
Seoul,KR,2023-01-06,12:00:00,1672981200,-1.2,-5.6,5.0,12.1,117.0,4.2,2.59,South Korea
Seoul,KR,2023-01-07,12:00:00,1673067600,0.4,-4.6,4.2,20.1,296.0,0.5,0.35,South Korea
Seoul,KR,2023-01-08,12:00:00,1673154000,-0.9,-6.2,5.5,8.7,104.0,0.0,0.0,South Korea
Seoul,KR,2023-01-09,12:00:00,1673240400,1.2,-4.3,5.3,19.2,321.0,0.0,0.0,South Korea
Seoul,KR,2023-01-10,12:00:00,1673326800,-1.2,-6.1,6.4,11.7,349.0,0.0,0.0,South Korea
Seoul,KR,2023-01-11,12:00:00,1673413200,-0.4,-5.1,6.7,9.0,120.0,0.0,0.0,South Korea
Seoul,KR,2023-01-12,12:00:00,1673499600,1.9,-2.9,11.3,13.7,90.0,0.0,0.0,South Korea
Seoul,KR,2023-01-13,12:00:00,1673586000,6.4,3.3,10.1,17.7,89.0,18.0,0.0,South Korea
Seoul,KR,2023-01-14,12:00:00,1673672400,4.6,1.8,7.1,21.4,61.0,4.6,0.28,South Korea
Seoul,KR,2023-01-15,12:00:00,1673758800,-0.4,-4.3,2.2,15.5,309.0,5.0,2.94,South Korea
Seoul,KR,2023-01-16,12:00:00,1673845200,-6.0,-9.1,-2.8,13.6,299.0,0.0,0.0,South Korea
Seoul,KR,2023-01-17,12:00:00,1673931600,-5.1,-8.5,-1.3,7.6,344.0,0.0,0.0,South Korea
Seoul,KR,2023-01-18,12:00:00,1674018000,-4.0,-7.0,1.3,11.2,324.0,0.0,0.0,South Korea
Seoul,KR,2023-01-19,12:00:00,1674104400,-2.3,-7.7,3.8,18.7,179.0,1.3,0.91,South Korea
Seoul,KR,2023-01-20,12:00:00,1674190800,-4.2,-9.8,1.7,26.3,298.0,0.4,0.28,South Korea
Seoul,KR,2023-01-21,12:00:00,1674277200,-7.1,-11.8,-1.2,10.5,62.0,0.0,0.0,South Korea
Seoul,KR,2023-01-22,12:00:00,1674363600,-2.4,-6.0,2.8,12.3,86.0,0.6,0.42,South Korea
Seoul,KR,2023-01-23,12:00:00,1674450000,-1.8,-7.8,4.3,23.4,319.0,0.0,0.0,South Korea
Seoul,KR,2023-01-24,12:00:00,1674536400,-14.7,-18.1,-8.6,29.8,303.0,0.0,0.0,South Korea
Seoul,KR,2023-01-25,12:00:00,1674622800,-13.0,-18.2,-7.8,13.9,275.0,0.0,0.0,South Korea
Seoul,KR,2023-01-26,12:00:00,1674709200,-5.8,-10.0,-1.7,11.5,96.0,1.1,0.77,South Korea
Seoul,KR,2023-01-27,12:00:00,1674795600,-9.9,-15.5,-4.8,26.2,300.0,0.0,0.0,South Korea
Seoul,KR,2023-01-28,12:00:00,1674882000,-7.6,-11.8,-2.2,20.5,288.0,0.0,0.0,South Korea
Seoul,KR,2023-01-29,12:00:00,1674968400,-3.8,-9.3,4.2,27.4,245.0,0.4,0.28,South Korea
Seoul,KR,2023-01-30,12:00:00,1675054800,-3.0,-6.2,2.6,16.6,280.0,0.0,0.0,South Korea
Seoul,KR,2023-01-31,12:00:00,1675141200,0.2,-5.4,7.6,22.7,180.0,0.2,0.0,South Korea
Seoul,KR,2023-02-01,12:00:00,1675227600,-0.1,-4.5,3.8,24.2,301.0,0.0,0.0,South Korea
Seoul,KR,2023-02-02,12:00:00,1675314000,-3.3,-5.8,0.7,12.9,313.0,0.0,0.0,South Korea
Seoul,KR,2023-02-03,12:00:00,1675400400,-2.8,-4.7,2.0,14.9,284.0,0.0,0.0,South Korea
Seoul,KR,2023-02-04,12:00:00,1675486800,-2.5,-6.7,4.4,15.3,268.0,0.0,0.0,South Korea
Seoul,KR,2023-02-05,12:00:00,1675573200,-0.3,-5.8,6.4,17.7,231.0,0.0,0.0,South Korea
Seoul,KR,2023-02-06,12:00:00,1675659600,0.1,-4.4,7.2,11.2,49.0,0.0,0.0,South Korea
Seoul,KR,2023-02-07,12:00:00,1675746000,1.1,-2.8,8.1,10.6,336.0,0.0,0.0,South Korea
Seoul,KR,2023-02-08,12:00:00,1675832400,0.0,-4.4,7.0,15.6,302.0,0.0,0.0,South Korea
Seoul,KR,2023-02-09,12:00:00,1675918800,1.8,-4.9,9.6,19.4,88.0,0.2,0.0,South Korea
Seoul,KR,2023-02-10,12:00:00,1676005200,2.5,-2.5,6.6,14.2,333.0,1.8,0.07,South Korea
Seoul,KR,2023-02-11,12:00:00,1676091600,-0.3,-4.5,5.4,10.5,340.0,0.0,0.0,South Korea
Seoul,KR,2023-02-12,12:00:00,1676178000,2.0,-3.5,8.5,13.4,29.0,0.0,0.0,South Korea
Seoul,KR,2023-02-13,12:00:00,1676264400,4.5,0.9,8.4,13.6,36.0,0.5,0.0,South Korea
Seoul,KR,2023-02-14,12:00:00,1676350800,0.6,-4.5,6.5,14.6,344.0,0.0,0.0,South Korea
Seoul,KR,2023-02-15,12:00:00,1676437200,1.0,-3.1,6.7,16.5,68.0,0.0,0.0,South Korea
Seoul,KR,2023-02-16,12:00:00,1676523600,1.1,-2.8,4.3,20.7,229.0,0.1,0.07,South Korea
Seoul,KR,2023-02-17,12:00:00,1676610000,1.0,-4.1,7.6,9.7,1.0,0.0,0.0,South Korea
Seoul,KR,2023-02-18,12:00:00,1676696400,3.6,-1.0,8.2,8.2,37.0,0.0,0.0,South Korea
Seoul,KR,2023-02-19,12:00:00,1676782800,2.2,-2.5,4.9,24.7,285.0,0.0,0.0,South Korea
Seoul,KR,2023-02-20,12:00:00,1676869200,-2.2,-5.3,1.4,26.2,300.0,0.0,0.0,South Korea
Seoul,KR,2023-02-21,12:00:00,1676955600,-3.1,-6.5,2.6,12.0,308.0,0.0,0.0,South Korea
Seoul,KR,2023-02-22,12:00:00,1677042000,-1.5,-6.2,5.6,14.0,236.0,0.0,0.0,South Korea
Seoul,KR,2023-02-23,12:00:00,1677128400,0.3,-5.0,7.3,15.4,271.0,0.0,0.0,South Korea
Seoul,KR,2023-02-24,12:00:00,1677214800,1.9,-1.9,7.4,20.8,307.0,0.0,0.0,South Korea
Seoul,KR,2023-02-25,12:00:00,1677301200,-0.8,-4.8,4.6,20.2,308.0,0.0,0.0,South Korea
Seoul,KR,2023-02-26,12:00:00,1677387600,-0.5,-5.9,6.9,14.0,255.0,0.0,0.0,South Korea
Seoul,KR,2023-02-27,12:00:00,1677474000,0.7,-4.3,9.7,14.0,212.0,0.0,0.0,South Korea
Seoul,KR,2023-02-28,12:00:00,1677560400,2.5,-4.6,7.8,20.1,232.0,0.0,0.0,South Korea
Seoul,KR,2023-03-01,12:00:00,1677646800,4.7,0.9,8.6,26.4,308.0,0.3,0.0,South Korea
Seoul,KR,2023-03-02,12:00:00,1677733200,0.7,-3.7,5.6,20.9,294.0,0.0,0.0,South Korea
Seoul,KR,2023-03-03,12:00:00,1677819600,2.1,-4.6,9.1,20.2,225.0,0.0,0.0,South Korea
Seoul,KR,2023-03-04,12:00:00,1677906000,4.6,-1.0,12.8,13.3,58.0,0.0,0.0,South Korea
Seoul,KR,2023-03-05,12:00:00,1677992400,4.8,-2.1,13.2,12.7,307.0,0.0,0.0,South Korea
Seoul,KR,2023-03-06,12:00:00,1678078800,5.5,-2.6,13.6,16.4,180.0,0.0,0.0,South Korea
Seoul,KR,2023-03-07,12:00:00,1678165200,8.7,3.2,16.6,16.0,184.0,0.0,0.0,South Korea
Seoul,KR,2023-03-08,12:00:00,1678251600,9.6,4.8,15.4,18.8,175.0,6.5,0.0,South Korea
Seoul,KR,2023-03-09,12:00:00,1678338000,8.9,4.4,11.3,14.8,232.0,0.9,0.0,South Korea
Seoul,KR,2023-03-10,12:00:00,1678424400,9.9,2.8,20.4,14.6,147.0,0.0,0.0,South Korea
Seoul,KR,2023-03-11,12:00:00,1678510800,11.3,5.6,19.9,17.2,188.0,0.0,0.0,South Korea
Seoul,KR,2023-03-12,12:00:00,1678597200,5.0,-0.8,7.8,27.1,283.0,7.3,0.0,South Korea
Seoul,KR,2023-03-13,12:00:00,1678683600,1.0,-3.7,5.5,23.7,274.0,0.0,0.0,South Korea
Seoul,KR,2023-03-14,12:00:00,1678770000,6.0,0.9,12.8,21.9,179.0,0.0,0.0,South Korea
Seoul,KR,2023-03-15,12:00:00,1678856400,7.6,3.3,14.1,30.9,244.0,0.3,0.0,South Korea
Seoul,KR,2023-03-16,12:00:00,1678942800,3.3,-1.7,9.4,18.9,299.0,0.0,0.0,South Korea
Seoul,KR,2023-03-17,12:00:00,1679029200,4.7,-1.8,11.0,8.9,346.0,0.0,0.0,South Korea
Seoul,KR,2023-03-18,12:00:00,1679115600,5.9,-0.3,12.8,20.2,292.0,0.0,0.0,South Korea
Seoul,KR,2023-03-19,12:00:00,1679202000,5.0,-1.8,12.7,15.6,253.0,0.0,0.0,South Korea
Seoul,KR,2023-03-20,12:00:00,1679288400,6.4,-0.0,14.0,11.2,307.0,0.6,0.0,South Korea
Seoul,KR,2023-03-21,12:00:00,1679374800,9.2,0.9,18.5,11.2,36.0,0.0,0.0,South Korea
Seoul,KR,2023-03-22,12:00:00,1679461200,13.5,5.0,22.3,17.1,45.0,0.0,0.0,South Korea
Seoul,KR,2023-03-23,12:00:00,1679547600,15.7,11.2,22.2,19.2,347.0,2.1,0.0,South Korea
Seoul,KR,2023-03-24,12:00:00,1679634000,10.6,5.0,16.8,12.8,319.0,0.0,0.0,South Korea
Seoul,KR,2023-03-25,12:00:00,1679720400,11.3,6.5,17.3,12.8,148.0,0.1,0.0,South Korea
Seoul,KR,2023-03-26,12:00:00,1679806800,8.5,3.7,13.3,24.1,310.0,0.0,0.0,South Korea
Seoul,KR,2023-03-27,12:00:00,1679893200,5.5,-0.2,12.1,20.1,272.0,0.0,0.0,South Korea
Seoul,KR,2023-03-28,12:00:00,1679979600,7.2,0.7,14.4,14.6,230.0,0.0,0.0,South Korea
Seoul,KR,2023-03-29,12:00:00,1680066000,9.5,2.6,18.5,17.1,266.0,0.0,0.0,South Korea
Seoul,KR,2023-03-30,12:00:00,1680152400,11.3,4.2,20.0,17.4,270.0,0.0,0.0,South Korea
Seoul,KR,2023-03-31,12:00:00,1680238800,12.6,5.7,22.1,15.1,303.0,0.0,0.0,South Korea
Seoul,KR,2023-04-01,12:00:00,1680325200,15.2,5.4,24.5,14.9,49.0,0.0,0.0,South Korea
Seoul,KR,2023-04-02,12:00:00,1680411600,16.8,9.6,23.3,16.3,103.0,0.0,0.0,South Korea
Seoul,KR,2023-04-03,12:00:00,1680498000,16.5,8.0,24.7,15.6,101.0,0.0,0.0,South Korea
Seoul,KR,2023-04-04,12:00:00,1680584400,15.8,11.9,21.0,15.4,103.0,8.6,0.0,South Korea
Seoul,KR,2023-04-05,12:00:00,1680670800,12.5,8.7,15.6,26.1,161.0,44.1,0.0,South Korea
Seoul,KR,2023-04-06,12:00:00,1680757200,9.2,7.1,11.0,16.9,221.0,3.0,0.0,South Korea
Seoul,KR,2023-04-07,12:00:00,1680843600,8.0,3.0,13.8,27.7,264.0,0.3,0.0,South Korea
Seoul,KR,2023-04-08,12:00:00,1680930000,6.9,1.0,13.3,23.4,266.0,0.0,0.0,South Korea
Seoul,KR,2023-04-09,12:00:00,1681016400,8.5,2.3,16.2,23.4,214.0,0.0,0.0,South Korea
Seoul,KR,2023-04-10,12:00:00,1681102800,10.9,4.3,18.2,25.0,191.0,0.0,0.0,South Korea
Seoul,KR,2023-04-11,12:00:00,1681189200,12.3,8.0,17.5,38.2,223.0,2.2,0.0,South Korea
Seoul,KR,2023-04-12,12:00:00,1681275600,8.3,1.0,13.8,26.8,259.0,0.0,0.0,South Korea
Seoul,KR,2023-04-13,12:00:00,1681362000,9.7,2.7,17.6,14.5,196.0,0.0,0.0,South Korea
Seoul,KR,2023-04-14,12:00:00,1681448400,13.4,7.9,20.3,15.3,120.0,0.6,0.0,South Korea
Seoul,KR,2023-04-15,12:00:00,1681534800,11.3,7.7,13.8,13.8,248.0,5.5,0.0,South Korea
Seoul,KR,2023-04-16,12:00:00,1681621200,9.6,5.6,15.5,22.4,253.0,1.0,0.0,South Korea
Seoul,KR,2023-04-17,12:00:00,1681707600,10.5,3.6,15.8,14.3,181.0,0.1,0.0,South Korea
Seoul,KR,2023-04-18,12:00:00,1681794000,12.7,9.6,19.0,15.9,89.0,20.2,0.0,South Korea
Seoul,KR,2023-04-19,12:00:00,1681880400,16.4,9.4,26.7,13.7,128.0,0.0,0.0,South Korea
Seoul,KR,2023-04-20,12:00:00,1681966800,14.7,11.4,18.1,15.9,244.0,0.0,0.0,South Korea
Seoul,KR,2023-04-21,12:00:00,1682053200,15.0,9.6,20.9,17.7,357.0,0.0,0.0,South Korea
Seoul,KR,2023-04-22,12:00:00,1682139600,14.0,10.1,18.0,18.0,60.0,0.0,0.0,South Korea
Seoul,KR,2023-04-23,12:00:00,1682226000,14.6,8.8,20.7,16.9,70.0,0.0,0.0,South Korea
Seoul,KR,2023-04-24,12:00:00,1682312400,14.1,9.4,20.2,23.0,116.0,0.0,0.0,South Korea
Seoul,KR,2023-04-25,12:00:00,1682398800,10.0,7.5,12.7,10.1,168.0,1.5,0.0,South Korea
Seoul,KR,2023-04-26,12:00:00,1682485200,9.7,5.7,14.2,21.2,273.0,0.5,0.0,South Korea
Seoul,KR,2023-04-27,12:00:00,1682571600,10.7,4.0,18.9,14.9,215.0,0.0,0.0,South Korea
Seoul,KR,2023-04-28,12:00:00,1682658000,13.8,6.7,20.3,20.2,212.0,2.8,0.0,South Korea
Seoul,KR,2023-04-29,12:00:00,1682744400,12.9,9.2,14.7,27.1,242.0,12.1,0.0,South Korea
Seoul,KR,2023-04-30,12:00:00,1682830800,11.7,6.7,17.4,25.5,249.0,1.2,0.0,South Korea
Seoul,KR,2023-05-01,12:00:00,1682917200,12.3,7.3,18.7,18.2,265.0,0.0,0.0,South Korea
Seoul,KR,2023-05-02,12:00:00,1683003600,15.0,6.9,23.3,14.6,142.0,0.0,0.0,South Korea
Seoul,KR,2023-05-03,12:00:00,1683090000,17.5,9.4,24.4,16.4,229.0,0.0,0.0,South Korea
Seoul,KR,2023-05-04,12:00:00,1683176400,19.2,12.4,26.5,15.5,145.0,0.0,0.0,South Korea
Seoul,KR,2023-05-05,12:00:00,1683262800,18.6,15.5,20.9,21.3,148.0,59.0,0.0,South Korea
Seoul,KR,2023-05-06,12:00:00,1683349200,12.0,11.2,13.6,29.4,66.0,36.9,0.0,South Korea
Seoul,KR,2023-05-07,12:00:00,1683435600,12.9,8.9,16.5,18.3,66.0,0.0,0.0,South Korea
Seoul,KR,2023-05-08,12:00:00,1683522000,12.6,5.8,19.6,15.5,221.0,0.0,0.0,South Korea
Seoul,KR,2023-05-09,12:00:00,1683608400,13.3,7.0,19.5,17.1,222.0,0.0,0.0,South Korea
Seoul,KR,2023-05-10,12:00:00,1683694800,15.1,7.4,22.9,10.9,275.0,0.0,0.0,South Korea
Seoul,KR,2023-05-11,12:00:00,1683781200,16.4,9.3,24.6,16.2,240.0,0.0,0.0,South Korea
Seoul,KR,2023-05-12,12:00:00,1683867600,15.4,9.8,21.8,13.3,233.0,0.0,0.0,South Korea
Seoul,KR,2023-05-13,12:00:00,1683954000,15.7,9.3,22.0,13.0,283.0,0.0,0.0,South Korea
Seoul,KR,2023-05-14,12:00:00,1684040400,16.0,10.8,21.2,15.0,266.0,0.0,0.0,South Korea
Seoul,KR,2023-05-15,12:00:00,1684126800,17.8,10.5,26.1,16.3,171.0,0.0,0.0,South Korea
Seoul,KR,2023-05-16,12:00:00,1684213200,20.5,14.2,28.2,17.6,205.0,0.0,0.0,South Korea
Seoul,KR,2023-05-17,12:00:00,1684299600,20.1,13.9,26.9,26.8,220.0,0.0,0.0,South Korea
Seoul,KR,2023-05-18,12:00:00,1684386000,20.2,15.3,25.6,17.7,101.0,0.2,0.0,South Korea
Seoul,KR,2023-05-19,12:00:00,1684472400,20.7,15.8,25.1,14.6,62.0,0.0,0.0,South Korea
Seoul,KR,2023-05-20,12:00:00,1684558800,19.3,14.9,25.4,25.6,223.0,0.0,0.0,South Korea
Seoul,KR,2023-05-21,12:00:00,1684645200,16.8,14.6,20.5,20.5,241.0,1.1,0.0,South Korea
Seoul,KR,2023-05-22,12:00:00,1684731600,18.4,13.9,24.9,15.0,339.0,0.0,0.0,South Korea
Seoul,KR,2023-05-23,12:00:00,1684818000,18.5,13.1,25.1,10.2,350.0,0.0,0.0,South Korea
Seoul,KR,2023-05-24,12:00:00,1684904400,19.0,13.1,25.5,17.0,219.0,0.0,0.0,South Korea
Seoul,KR,2023-05-25,12:00:00,1684990800,19.1,12.8,25.2,21.6,255.0,0.0,0.0,South Korea
Seoul,KR,2023-05-26,12:00:00,1685077200,20.2,14.9,26.1,18.8,251.0,0.1,0.0,South Korea
Seoul,KR,2023-05-27,12:00:00,1685163600,18.5,16.2,20.0,10.9,107.0,24.6,0.0,South Korea
Seoul,KR,2023-05-28,12:00:00,1685250000,18.9,18.0,20.0,14.5,195.0,37.4,0.0,South Korea
Seoul,KR,2023-05-29,12:00:00,1685336400,21.7,18.2,26.9,11.7,79.0,5.9,0.0,South Korea
Seoul,KR,2023-05-30,12:00:00,1685422800,21.5,18.2,26.3,17.8,68.0,1.6,0.0,South Korea
Seoul,KR,2023-05-31,12:00:00,1685509200,20.6,17.2,25.3,15.1,150.0,0.0,0.0,South Korea
Seoul,KR,2023-06-01,12:00:00,1685595600,20.9,17.3,24.7,11.6,253.0,1.1,0.0,South Korea
Seoul,KR,2023-06-02,12:00:00,1685682000,19.1,16.0,23.7,17.1,272.0,0.7,0.0,South Korea
Seoul,KR,2023-06-03,12:00:00,1685768400,19.7,14.4,25.7,22.7,275.0,0.0,0.0,South Korea
Seoul,KR,2023-06-04,12:00:00,1685854800,19.1,14.3,24.3,18.8,238.0,0.0,0.0,South Korea
Seoul,KR,2023-06-05,12:00:00,1685941200,19.0,14.9,22.8,22.5,233.0,0.0,0.0,South Korea
Seoul,KR,2023-06-06,12:00:00,1686027600,18.7,14.8,22.8,18.7,252.0,0.0,0.0,South Korea
Seoul,KR,2023-06-07,12:00:00,1686114000,20.3,16.6,25.0,18.0,220.0,0.4,0.0,South Korea
Seoul,KR,2023-06-08,12:00:00,1686200400,19.4,17.2,23.0,16.6,210.0,20.8,0.0,South Korea
Seoul,KR,2023-06-09,12:00:00,1686286800,21.0,16.7,26.1,12.5,259.0,3.1,0.0,South Korea
Seoul,KR,2023-06-10,12:00:00,1686373200,21.3,18.4,27.7,16.2,170.0,26.1,0.0,South Korea
Seoul,KR,2023-06-11,12:00:00,1686459600,20.4,17.2,23.6,11.4,19.0,15.5,0.0,South Korea
Seoul,KR,2023-06-12,12:00:00,1686546000,21.2,17.5,25.6,13.7,267.0,0.7,0.0,South Korea
Seoul,KR,2023-06-13,12:00:00,1686632400,20.3,17.1,23.9,20.1,268.0,0.5,0.0,South Korea
Seoul,KR,2023-06-14,12:00:00,1686718800,20.2,14.6,25.0,9.9,291.0,2.7,0.0,South Korea
Seoul,KR,2023-06-15,12:00:00,1686805200,20.7,16.1,25.8,14.4,263.0,0.9,0.0,South Korea
Seoul,KR,2023-06-16,12:00:00,1686891600,21.2,16.8,26.0,14.8,251.0,0.0,0.0,South Korea
Seoul,KR,2023-06-17,12:00:00,1686978000,21.7,16.2,28.1,16.8,263.0,0.0,0.0,South Korea
Seoul,KR,2023-06-18,12:00:00,1687064400,23.4,18.6,29.6,15.6,273.0,0.0,0.0,South Korea
Seoul,KR,2023-06-19,12:00:00,1687150800,26.5,20.5,34.2,14.1,107.0,0.0,0.0,South Korea
Seoul,KR,2023-06-20,12:00:00,1687237200,23.3,20.6,26.1,12.9,105.0,4.9,0.0,South Korea
Seoul,KR,2023-06-21,12:00:00,1687323600,21.2,19.2,24.2,14.1,60.0,35.7,0.0,South Korea
Seoul,KR,2023-06-22,12:00:00,1687410000,20.3,15.3,24.6,18.6,274.0,1.4,0.0,South Korea
Seoul,KR,2023-06-23,12:00:00,1687496400,22.4,18.3,27.9,9.5,102.0,0.1,0.0,South Korea
Seoul,KR,2023-06-24,12:00:00,1687582800,24.4,20.7,28.6,10.6,128.0,0.1,0.0,South Korea
Seoul,KR,2023-06-25,12:00:00,1687669200,25.7,20.0,31.7,11.2,111.0,0.0,0.0,South Korea
Seoul,KR,2023-06-26,12:00:00,1687755600,23.4,21.4,26.4,24.7,174.0,43.8,0.0,South Korea
Seoul,KR,2023-06-27,12:00:00,1687842000,23.7,20.7,27.6,26.6,235.0,3.2,0.0,South Korea
Seoul,KR,2023-06-28,12:00:00,1687928400,24.3,21.2,28.4,16.9,231.0,2.1,0.0,South Korea
Seoul,KR,2023-06-29,12:00:00,1688014800,23.4,22.6,24.7,23.4,184.0,45.8,0.0,South Korea
Seoul,KR,2023-06-30,12:00:00,1688101200,24.2,22.1,27.1,10.3,167.0,10.7,0.0,South Korea
Seoul,KR,2023-07-01,12:00:00,1688187600,25.8,21.6,31.5,14.1,275.0,0.2,0.0,South Korea
Seoul,KR,2023-07-02,12:00:00,1688274000,24.5,21.3,29.2,10.5,275.0,0.2,0.0,South Korea
Seoul,KR,2023-07-03,12:00:00,1688360400,27.0,21.6,32.9,8.2,81.0,0.1,0.0,South Korea
Seoul,KR,2023-07-04,12:00:00,1688446800,25.2,22.8,28.3,18.8,168.0,29.6,0.0,South Korea
Seoul,KR,2023-07-05,12:00:00,1688533200,23.7,21.3,26.5,28.8,241.0,19.6,0.0,South Korea
Seoul,KR,2023-07-06,12:00:00,1688619600,25.4,20.9,30.3,19.9,202.0,0.0,0.0,South Korea
Seoul,KR,2023-07-07,12:00:00,1688706000,25.0,21.1,30.1,19.5,125.0,0.0,0.0,South Korea
Seoul,KR,2023-07-08,12:00:00,1688792400,24.1,20.0,29.1,12.6,122.0,0.5,0.0,South Korea
Seoul,KR,2023-07-09,12:00:00,1688878800,24.0,22.4,26.3,17.3,154.0,37.3,0.0,South Korea
Seoul,KR,2023-07-10,12:00:00,1688965200,25.1,21.4,29.2,20.7,207.0,6.2,0.0,South Korea
Seoul,KR,2023-07-11,12:00:00,1689051600,23.3,21.1,24.3,19.1,184.0,41.1,0.0,South Korea
Seoul,KR,2023-07-12,12:00:00,1689138000,25.1,21.9,28.3,10.5,235.0,2.8,0.0,South Korea
Seoul,KR,2023-07-13,12:00:00,1689224400,24.6,23.6,26.0,17.7,143.0,48.1,0.0,South Korea
Seoul,KR,2023-07-14,12:00:00,1689310800,24.7,23.7,25.9,22.7,210.0,56.5,0.0,South Korea
Seoul,KR,2023-07-15,12:00:00,1689397200,24.4,23.2,26.2,26.6,213.0,35.8,0.0,South Korea
Seoul,KR,2023-07-16,12:00:00,1689483600,23.8,22.6,25.9,19.0,222.0,1.7,0.0,South Korea
Seoul,KR,2023-07-17,12:00:00,1689570000,24.2,22.3,26.3,16.5,244.0,4.4,0.0,South Korea
Seoul,KR,2023-07-18,12:00:00,1689656400,24.1,22.3,25.8,8.6,139.0,15.5,0.0,South Korea
Seoul,KR,2023-07-19,12:00:00,1689742800,25.5,21.7,30.8,10.6,298.0,0.1,0.0,South Korea
Seoul,KR,2023-07-20,12:00:00,1689829200,25.9,21.2,31.2,13.6,258.0,0.0,0.0,South Korea
Seoul,KR,2023-07-21,12:00:00,1689915600,27.4,22.3,32.3,6.9,241.0,0.1,0.0,South Korea
Seoul,KR,2023-07-22,12:00:00,1690002000,26.6,24.3,30.5,23.2,141.0,10.4,0.0,South Korea
Seoul,KR,2023-07-23,12:00:00,1690088400,24.9,23.7,26.4,23.4,188.0,44.3,0.0,South Korea
Seoul,KR,2023-07-24,12:00:00,1690174800,25.6,23.3,29.3,15.5,228.0,14.8,0.0,South Korea
Seoul,KR,2023-07-25,12:00:00,1690261200,25.4,22.7,28.8,17.0,214.0,13.1,0.0,South Korea
Seoul,KR,2023-07-26,12:00:00,1690347600,25.1,22.5,29.1,16.8,211.0,30.4,0.0,South Korea
Seoul,KR,2023-07-27,12:00:00,1690434000,25.9,22.2,31.0,14.8,212.0,2.3,0.0,South Korea
Seoul,KR,2023-07-28,12:00:00,1690520400,27.4,23.0,32.2,13.6,233.0,2.2,0.0,South Korea
Seoul,KR,2023-07-29,12:00:00,1690606800,27.8,24.8,31.6,13.7,301.0,0.2,0.0,South Korea
Seoul,KR,2023-07-30,12:00:00,1690693200,27.9,22.9,33.3,8.2,19.0,0.1,0.0,South Korea
Seoul,KR,2023-07-31,12:00:00,1690779600,27.5,23.7,31.7,9.8,291.0,0.3,0.0,South Korea
Seoul,KR,2023-08-01,12:00:00,1690866000,28.3,24.2,32.7,8.5,298.0,0.3,0.0,South Korea
Seoul,KR,2023-08-02,12:00:00,1690952400,27.6,24.3,31.3,13.8,255.0,0.0,0.0,South Korea
Seoul,KR,2023-08-03,12:00:00,1691038800,27.0,22.6,31.3,13.8,247.0,0.0,0.0,South Korea
Seoul,KR,2023-08-04,12:00:00,1691125200,28.0,23.7,32.4,12.1,269.0,0.0,0.0,South Korea
Seoul,KR,2023-08-05,12:00:00,1691211600,28.1,23.7,33.9,18.2,286.0,0.0,0.0,South Korea
Seoul,KR,2023-08-06,12:00:00,1691298000,28.4,24.8,32.2,10.9,330.0,11.0,0.0,South Korea
Seoul,KR,2023-08-07,12:00:00,1691384400,28.5,24.6,33.0,16.4,70.0,3.5,0.0,South Korea
Seoul,KR,2023-08-08,12:00:00,1691470800,28.5,23.4,34.0,17.4,70.0,3.1,0.0,South Korea
Seoul,KR,2023-08-09,12:00:00,1691557200,27.3,24.2,31.7,18.7,66.0,2.5,0.0,South Korea
Seoul,KR,2023-08-10,12:00:00,1691643600,22.3,20.8,24.3,25.7,354.0,74.6,0.0,South Korea
Seoul,KR,2023-08-11,12:00:00,1691730000,23.1,21.0,24.8,22.4,197.0,30.4,0.0,South Korea
Seoul,KR,2023-08-12,12:00:00,1691816400,24.1,22.5,26.5,14.8,147.0,10.2,0.0,South Korea
Seoul,KR,2023-08-13,12:00:00,1691902800,26.0,22.2,30.1,9.1,99.0,0.2,0.0,South Korea
Seoul,KR,2023-08-14,12:00:00,1691989200,27.2,23.5,31.6,10.1,304.0,0.2,0.0,South Korea
Seoul,KR,2023-08-15,12:00:00,1692075600,27.0,23.5,30.9,10.1,33.0,0.0,0.0,South Korea
Seoul,KR,2023-08-16,12:00:00,1692162000,25.9,22.4,29.6,10.9,67.0,1.0,0.0,South Korea
Seoul,KR,2023-08-17,12:00:00,1692248400,26.6,22.7,30.9,6.7,124.0,0.1,0.0,South Korea
Seoul,KR,2023-08-18,12:00:00,1692334800,27.2,23.7,30.9,9.4,165.0,1.3,0.0,South Korea
Seoul,KR,2023-08-19,12:00:00,1692421200,27.1,23.9,31.7,13.9,258.0,0.2,0.0,South Korea
Seoul,KR,2023-08-20,12:00:00,1692507600,26.4,22.8,30.5,10.0,235.0,0.0,0.0,South Korea
Seoul,KR,2023-08-21,12:00:00,1692594000,27.1,24.0,31.9,17.1,161.0,4.7,0.0,South Korea
Seoul,KR,2023-08-22,12:00:00,1692680400,26.1,24.0,29.5,18.5,179.0,24.1,0.0,South Korea
Seoul,KR,2023-08-23,12:00:00,1692766800,24.3,23.5,25.3,13.4,151.0,62.5,0.0,South Korea
Seoul,KR,2023-08-24,12:00:00,1692853200,24.5,22.2,28.1,15.0,77.0,14.0,0.0,South Korea
Seoul,KR,2023-08-25,12:00:00,1692939600,25.1,22.4,28.0,19.3,259.0,1.3,0.0,South Korea
Seoul,KR,2023-08-26,12:00:00,1693026000,24.7,21.4,28.8,11.3,234.0,0.0,0.0,South Korea
Seoul,KR,2023-08-27,12:00:00,1693112400,24.2,21.0,27.4,14.0,53.0,1.5,0.0,South Korea
Seoul,KR,2023-08-28,12:00:00,1693198800,22.7,21.1,25.1,20.7,81.0,27.8,0.0,South Korea
Seoul,KR,2023-08-29,12:00:00,1693285200,23.6,21.6,25.4,21.7,172.0,33.3,0.0,South Korea
Seoul,KR,2023-08-30,12:00:00,1693371600,22.5,20.6,25.0,10.8,221.0,3.0,0.0,South Korea
Seoul,KR,2023-08-31,12:00:00,1693458000,23.0,19.7,27.4,11.4,256.0,0.2,0.0,South Korea
Seoul,KR,2023-09-01,12:00:00,1693544400,22.8,18.4,28.1,11.3,327.0,0.0,0.0,South Korea
Seoul,KR,2023-09-02,12:00:00,1693630800,23.2,18.2,29.3,9.2,31.0,0.0,0.0,South Korea
Seoul,KR,2023-09-03,12:00:00,1693717200,25.4,22.2,29.3,8.7,93.0,2.4,0.0,South Korea
Seoul,KR,2023-09-04,12:00:00,1693803600,24.7,22.3,28.0,9.7,71.0,7.1,0.0,South Korea
Seoul,KR,2023-09-05,12:00:00,1693890000,26.0,23.5,30.7,11.5,31.0,2.7,0.0,South Korea
Seoul,KR,2023-09-06,12:00:00,1693976400,26.0,22.3,30.4,14.3,70.0,0.3,0.0,South Korea
Seoul,KR,2023-09-07,12:00:00,1694062800,24.1,18.5,29.8,12.2,74.0,0.0,0.0,South Korea
Seoul,KR,2023-09-08,12:00:00,1694149200,22.7,16.7,28.5,9.4,14.0,0.0,0.0,South Korea
Seoul,KR,2023-09-09,12:00:00,1694235600,23.8,19.1,29.2,10.5,310.0,0.0,0.0,South Korea
Seoul,KR,2023-09-10,12:00:00,1694322000,23.7,19.3,27.8,8.5,328.0,0.1,0.0,South Korea
Seoul,KR,2023-09-11,12:00:00,1694408400,23.9,21.5,28.1,11.9,285.0,0.8,0.0,South Korea
Seoul,KR,2023-09-12,12:00:00,1694494800,23.9,20.4,28.5,9.7,310.0,0.0,0.0,South Korea
Seoul,KR,2023-09-13,12:00:00,1694581200,21.7,19.8,23.2,10.5,52.0,19.2,0.0,South Korea
Seoul,KR,2023-09-14,12:00:00,1694667600,22.1,17.8,26.6,18.7,64.0,0.1,0.0,South Korea
Seoul,KR,2023-09-15,12:00:00,1694754000,21.6,20.4,23.7,12.2,72.0,9.5,0.0,South Korea
Seoul,KR,2023-09-16,12:00:00,1694840400,23.0,20.7,26.6,8.7,75.0,25.3,0.0,South Korea
Seoul,KR,2023-09-17,12:00:00,1694926800,23.0,20.6,27.0,12.6,249.0,12.4,0.0,South Korea
Seoul,KR,2023-09-18,12:00:00,1695013200,23.0,20.0,27.2,11.9,233.0,1.3,0.0,South Korea
Seoul,KR,2023-09-19,12:00:00,1695099600,22.6,19.2,26.7,14.8,235.0,0.6,0.0,South Korea
Seoul,KR,2023-09-20,12:00:00,1695186000,20.9,19.2,22.3,19.9,57.0,39.4,0.0,South Korea
Seoul,KR,2023-09-21,12:00:00,1695272400,19.2,16.4,22.7,19.3,32.0,0.0,0.0,South Korea
Seoul,KR,2023-09-22,12:00:00,1695358800,18.3,12.7,24.1,8.9,332.0,0.0,0.0,South Korea
Seoul,KR,2023-09-23,12:00:00,1695445200,20.1,15.0,25.1,16.1,70.0,0.0,0.0,South Korea
Seoul,KR,2023-09-24,12:00:00,1695531600,20.0,15.7,24.6,15.7,85.0,0.1,0.0,South Korea
Seoul,KR,2023-09-25,12:00:00,1695618000,19.9,17.3,23.2,12.1,65.0,1.3,0.0,South Korea
Seoul,KR,2023-09-26,12:00:00,1695704400,20.0,18.8,21.8,10.9,70.0,14.7,0.0,South Korea
Seoul,KR,2023-09-27,12:00:00,1695790800,21.2,19.9,23.6,10.9,302.0,2.8,0.0,South Korea
Seoul,KR,2023-09-28,12:00:00,1695877200,21.3,18.2,24.9,15.8,271.0,0.9,0.0,South Korea
Seoul,KR,2023-09-29,12:00:00,1695963600,19.4,16.1,23.9,10.8,270.0,0.0,0.0,South Korea
Seoul,KR,2023-09-30,12:00:00,1696050000,19.1,15.9,21.7,19.2,235.0,3.9,0.0,South Korea
Seoul,KR,2023-10-01,12:00:00,1696136400,16.3,12.4,21.5,16.8,302.0,0.0,0.0,South Korea
Seoul,KR,2023-10-02,12:00:00,1696222800,16.7,12.2,22.3,13.1,350.0,0.0,0.0,South Korea
Seoul,KR,2023-10-03,12:00:00,1696309200,16.0,12.0,21.2,12.5,106.0,0.0,0.0,South Korea
Seoul,KR,2023-10-04,12:00:00,1696395600,16.5,12.2,21.8,23.5,277.0,1.2,0.0,South Korea
Seoul,KR,2023-10-05,12:00:00,1696482000,13.3,9.6,17.4,23.2,312.0,0.0,0.0,South Korea
Seoul,KR,2023-10-06,12:00:00,1696568400,13.8,9.4,19.2,11.2,301.0,0.0,0.0,South Korea
Seoul,KR,2023-10-07,12:00:00,1696654800,14.9,8.5,21.0,10.0,80.0,0.0,0.0,South Korea
Seoul,KR,2023-10-08,12:00:00,1696741200,16.0,13.0,19.6,14.8,78.0,0.2,0.0,South Korea
Seoul,KR,2023-10-09,12:00:00,1696827600,15.9,13.3,19.7,9.9,53.0,0.2,0.0,South Korea
Seoul,KR,2023-10-10,12:00:00,1696914000,15.1,10.7,21.6,10.3,350.0,0.0,0.0,South Korea
Seoul,KR,2023-10-11,12:00:00,1697000400,15.4,11.3,21.5,9.2,68.0,0.0,0.0,South Korea
Seoul,KR,2023-10-12,12:00:00,1697086800,15.3,9.8,22.3,9.4,29.0,0.0,0.0,South Korea
Seoul,KR,2023-10-13,12:00:00,1697173200,16.3,12.8,20.2,7.9,35.0,0.0,0.0,South Korea
Seoul,KR,2023-10-14,12:00:00,1697259600,14.7,11.2,16.9,9.6,126.0,4.8,0.0,South Korea
Seoul,KR,2023-10-15,12:00:00,1697346000,14.6,11.0,19.7,15.6,285.0,0.0,0.0,South Korea
Seoul,KR,2023-10-16,12:00:00,1697432400,12.3,8.1,17.4,11.4,294.0,0.0,0.0,South Korea
Seoul,KR,2023-10-17,12:00:00,1697518800,12.1,8.0,18.0,9.5,278.0,0.0,0.0,South Korea
Seoul,KR,2023-10-18,12:00:00,1697605200,13.0,7.0,19.6,13.5,150.0,0.0,0.0,South Korea
Seoul,KR,2023-10-19,12:00:00,1697691600,15.6,13.8,18.7,13.4,215.0,8.1,0.0,South Korea
Seoul,KR,2023-10-20,12:00:00,1697778000,11.1,6.4,13.8,24.7,301.0,0.0,0.0,South Korea
Seoul,KR,2023-10-21,12:00:00,1697864400,9.2,4.3,15.6,20.6,296.0,0.0,0.0,South Korea
Seoul,KR,2023-10-22,12:00:00,1697950800,10.5,4.3,16.8,12.6,208.0,0.0,0.0,South Korea
Seoul,KR,2023-10-23,12:00:00,1698037200,13.0,8.1,18.3,13.4,170.0,0.7,0.0,South Korea
Seoul,KR,2023-10-24,12:00:00,1698123600,12.8,8.5,18.0,15.3,162.0,1.4,0.0,South Korea
Seoul,KR,2023-10-25,12:00:00,1698210000,14.1,9.4,20.2,9.6,159.0,0.1,0.0,South Korea
Seoul,KR,2023-10-26,12:00:00,1698296400,14.5,10.9,19.8,19.7,159.0,7.8,0.0,South Korea
Seoul,KR,2023-10-27,12:00:00,1698382800,13.5,9.1,17.9,11.6,318.0,0.5,0.0,South Korea
Seoul,KR,2023-10-28,12:00:00,1698469200,12.4,7.4,17.7,8.8,54.0,0.0,0.0,South Korea
Seoul,KR,2023-10-29,12:00:00,1698555600,12.4,7.1,18.5,9.4,80.0,0.0,0.0,South Korea
Seoul,KR,2023-10-30,12:00:00,1698642000,11.9,6.8,18.7,9.1,68.0,0.0,0.0,South Korea
Seoul,KR,2023-10-31,12:00:00,1698728400,12.5,7.8,18.7,12.3,160.0,0.0,0.0,South Korea
Seoul,KR,2023-11-01,12:00:00,1698814800,17.3,14.7,22.2,27.5,200.0,6.5,0.0,South Korea
Seoul,KR,2023-11-02,12:00:00,1698901200,18.1,14.8,23.2,18.6,193.0,0.0,0.0,South Korea
Seoul,KR,2023-11-03,12:00:00,1698987600,17.1,15.4,19.5,22.1,217.0,11.9,0.0,South Korea
Seoul,KR,2023-11-04,12:00:00,1699074000,16.7,14.2,20.5,14.8,70.0,2.0,0.0,South Korea
Seoul,KR,2023-11-05,12:00:00,1699160400,16.0,12.8,20.1,25.9,107.0,31.0,0.0,South Korea
Seoul,KR,2023-11-06,12:00:00,1699246800,14.1,6.9,19.2,38.6,247.0,34.9,0.0,South Korea
Seoul,KR,2023-11-07,12:00:00,1699333200,4.7,2.4,7.3,26.6,298.0,0.1,0.0,South Korea
Seoul,KR,2023-11-08,12:00:00,1699419600,6.5,-0.1,13.0,8.2,64.0,0.0,0.0,South Korea
Seoul,KR,2023-11-09,12:00:00,1699506000,10.6,4.5,18.2,17.1,184.0,3.6,0.0,South Korea
Seoul,KR,2023-11-10,12:00:00,1699592400,2.5,-0.3,7.2,21.7,316.0,0.0,0.0,South Korea
Seoul,KR,2023-11-11,12:00:00,1699678800,0.2,-2.9,4.4,10.4,313.0,0.0,0.0,South Korea
Seoul,KR,2023-11-12,12:00:00,1699765200,-0.5,-4.1,3.7,13.2,308.0,0.0,0.0,South Korea
Seoul,KR,2023-11-13,12:00:00,1699851600,-0.4,-4.6,4.7,13.9,293.0,0.0,0.0,South Korea
Seoul,KR,2023-11-14,12:00:00,1699938000,2.9,-2.4,8.4,9.0,341.0,0.0,0.0,South Korea
Seoul,KR,2023-11-15,12:00:00,1700024400,4.7,-1.6,10.9,13.3,62.0,0.0,0.0,South Korea
Seoul,KR,2023-11-16,12:00:00,1700110800,5.4,2.7,7.8,13.7,137.0,9.5,0.0,South Korea
Seoul,KR,2023-11-17,12:00:00,1700197200,0.9,-3.2,4.2,19.3,302.0,0.5,0.28,South Korea
Seoul,KR,2023-11-18,12:00:00,1700283600,-1.0,-4.3,4.2,21.2,291.0,0.0,0.0,South Korea
Seoul,KR,2023-11-19,12:00:00,1700370000,4.1,-3.1,12.9,25.6,278.0,0.2,0.0,South Korea
Seoul,KR,2023-11-20,12:00:00,1700456400,3.3,-2.0,9.0,8.7,277.0,0.0,0.0,South Korea
Seoul,KR,2023-11-21,12:00:00,1700542800,4.1,-1.1,11.5,10.2,83.0,0.0,0.0,South Korea
Seoul,KR,2023-11-22,12:00:00,1700629200,6.0,0.3,12.8,11.5,107.0,0.0,0.0,South Korea
Seoul,KR,2023-11-23,12:00:00,1700715600,9.1,1.7,13.3,23.2,270.0,0.4,0.0,South Korea
Seoul,KR,2023-11-24,12:00:00,1700802000,-2.5,-5.0,0.7,22.2,302.0,0.0,0.0,South Korea
Seoul,KR,2023-11-25,12:00:00,1700888400,-3.2,-6.5,0.8,8.9,311.0,0.0,0.0,South Korea
Seoul,KR,2023-11-26,12:00:00,1700974800,1.8,-1.4,5.6,9.6,118.0,0.0,0.0,South Korea
Seoul,KR,2023-11-27,12:00:00,1701061200,5.6,4.0,9.0,15.8,229.0,3.6,0.0,South Korea
Seoul,KR,2023-11-28,12:00:00,1701147600,-0.6,-3.9,3.4,22.1,294.0,0.0,0.0,South Korea
Seoul,KR,2023-11-29,12:00:00,1701234000,-2.4,-5.5,0.3,19.0,337.0,0.1,0.07,South Korea
Seoul,KR,2023-11-30,12:00:00,1701320400,-5.0,-7.4,-1.8,17.9,301.0,0.0,0.0,South Korea
Seoul,KR,2023-12-01,12:00:00,1701406800,-3.9,-6.8,0.9,20.3,307.0,0.0,0.0,South Korea
Seoul,KR,2023-12-02,12:00:00,1701493200,0.2,-5.3,6.6,22.1,269.0,0.2,0.0,South Korea
Seoul,KR,2023-12-03,12:00:00,1701579600,-1.3,-5.3,3.5,11.8,283.0,0.0,0.0,South Korea
Seoul,KR,2023-12-04,12:00:00,1701666000,-0.2,-4.6,7.0,11.8,114.0,0.0,0.0,South Korea
Seoul,KR,2023-12-05,12:00:00,1701752400,4.3,1.1,9.8,10.1,97.0,0.0,0.0,South Korea
Seoul,KR,2023-12-06,12:00:00,1701838800,4.9,0.1,9.6,21.0,178.0,11.1,0.0,South Korea
Seoul,KR,2023-12-07,12:00:00,1701925200,4.2,-2.8,10.7,25.8,234.0,0.0,0.0,South Korea
Seoul,KR,2023-12-08,12:00:00,1702011600,9.4,3.8,15.8,28.4,181.0,0.0,0.0,South Korea
Seoul,KR,2023-12-09,12:00:00,1702098000,11.0,7.7,15.6,15.5,222.0,0.2,0.0,South Korea
Seoul,KR,2023-12-10,12:00:00,1702184400,8.0,2.3,14.1,13.9,44.0,0.1,0.0,South Korea
Seoul,KR,2023-12-11,12:00:00,1702270800,8.1,3.7,10.4,30.2,70.0,14.3,0.0,South Korea
Seoul,KR,2023-12-12,12:00:00,1702357200,4.2,1.5,7.9,21.1,46.0,0.8,0.0,South Korea
Seoul,KR,2023-12-13,12:00:00,1702443600,4.4,-1.6,10.2,11.9,74.0,0.6,0.0,South Korea
Seoul,KR,2023-12-14,12:00:00,1702530000,6.8,5.6,7.5,22.6,73.0,19.8,0.0,South Korea
Seoul,KR,2023-12-15,12:00:00,1702616400,4.7,3.3,5.6,22.4,68.0,18.9,0.0,South Korea
Seoul,KR,2023-12-16,12:00:00,1702702800,-3.7,-10.6,3.2,30.3,290.0,0.4,0.14,South Korea
Seoul,KR,2023-12-17,12:00:00,1702789200,-10.1,-12.5,-6.7,18.3,310.0,0.0,0.0,South Korea
Seoul,KR,2023-12-18,12:00:00,1702875600,-7.5,-10.7,-3.3,12.7,342.0,0.0,0.0,South Korea
Seoul,KR,2023-12-19,12:00:00,1702962000,-4.0,-7.8,0.3,10.8,49.0,0.0,0.07,South Korea
Seoul,KR,2023-12-20,12:00:00,1703048400,-7.3,-11.1,-3.6,20.1,306.0,0.1,0.07,South Korea
Seoul,KR,2023-12-21,12:00:00,1703134800,-11.5,-14.2,-7.8,17.9,307.0,0.0,0.0,South Korea
Seoul,KR,2023-12-22,12:00:00,1703221200,-11.7,-14.6,-7.8,17.1,303.0,0.0,0.0,South Korea
Seoul,KR,2023-12-23,12:00:00,1703307600,-7.6,-11.9,-2.1,7.6,0.0,0.0,0.0,South Korea
Seoul,KR,2023-12-24,12:00:00,1703394000,-3.2,-5.1,1.3,10.0,72.0,0.6,0.42,South Korea
Seoul,KR,2023-12-25,12:00:00,1703480400,-2.5,-5.9,2.1,13.7,253.0,0.5,0.35,South Korea
Seoul,KR,2023-12-26,12:00:00,1703566800,-0.5,-5.0,6.2,18.6,260.0,0.0,0.0,South Korea
Seoul,KR,2023-12-27,12:00:00,1703653200,-0.7,-6.2,5.7,8.2,62.0,0.0,0.0,South Korea
Seoul,KR,2023-12-28,12:00:00,1703739600,-0.2,-3.4,4.7,11.1,284.0,0.0,0.0,South Korea
Seoul,KR,2023-12-29,12:00:00,1703826000,0.2,-3.2,4.8,10.1,187.0,0.0,0.0,South Korea
Seoul,KR,2023-12-30,12:00:00,1703912400,-0.6,-3.6,1.5,13.8,89.0,11.4,5.46,South Korea
Seoul,KR,2023-12-31,12:00:00,1703998800,1.6,-2.1,5.6,18.1,333.0,2.2,0.07,South Korea
Seoul,KR,2024-01-01,12:00:00,1704085200,0.9,-3.3,6.9,12.7,116.0,0.0,0.0,South Korea
Seoul,KR,2024-01-02,12:00:00,1704171600,1.3,-1.4,4.3,12.7,295.0,0.1,0.0,South Korea
Seoul,KR,2024-01-03,12:00:00,1704258000,0.1,-3.4,3.4,10.4,330.0,0.1,0.07,South Korea
Seoul,KR,2024-01-04,12:00:00,1704344400,-0.3,-5.3,5.5,17.4,180.0,0.0,0.0,South Korea
Seoul,KR,2024-01-05,12:00:00,1704430800,2.8,-1.7,8.2,16.6,240.0,0.6,0.0,South Korea
Seoul,KR,2024-01-06,12:00:00,1704517200,-1.6,-6.0,3.7,11.7,281.0,0.4,0.28,South Korea
Seoul,KR,2024-01-07,12:00:00,1704603600,-5.2,-8.7,-2.4,23.3,300.0,0.0,0.0,South Korea
Seoul,KR,2024-01-08,12:00:00,1704690000,-5.8,-9.7,-1.5,12.4,243.0,0.0,0.0,South Korea
Seoul,KR,2024-01-09,12:00:00,1704776400,-0.9,-3.1,1.2,9.4,95.0,2.4,1.68,South Korea
Seoul,KR,2024-01-10,12:00:00,1704862800,-2.6,-6.6,4.0,8.6,292.0,0.0,0.0,South Korea
Seoul,KR,2024-01-11,12:00:00,1704949200,-1.1,-5.8,5.0,21.6,224.0,0.0,0.0,South Korea
Seoul,KR,2024-01-12,12:00:00,1705035600,-1.8,-6.1,3.6,14.5,295.0,0.0,0.0,South Korea
Seoul,KR,2024-01-13,12:00:00,1705122000,-2.7,-6.3,3.4,9.9,258.0,0.0,0.0,South Korea
Seoul,KR,2024-01-14,12:00:00,1705208400,-1.8,-5.5,3.6,15.5,253.0,2.7,0.0,South Korea
Seoul,KR,2024-01-15,12:00:00,1705294800,-4.7,-8.2,0.9,15.1,300.0,0.0,0.0,South Korea
Seoul,KR,2024-01-16,12:00:00,1705381200,-3.6,-8.3,2.4,9.1,351.0,0.0,0.0,South Korea
Seoul,KR,2024-01-17,12:00:00,1705467600,-1.3,-5.4,1.4,7.8,63.0,7.7,2.87,South Korea
Seoul,KR,2024-01-18,12:00:00,1705554000,3.0,-0.4,10.1,21.0,36.0,1.0,0.0,South Korea
Seoul,KR,2024-01-19,12:00:00,1705640400,3.4,1.2,7.6,21.1,73.0,0.0,0.0,South Korea
Seoul,KR,2024-01-20,12:00:00,1705726800,2.0,0.7,4.3,22.7,69.0,2.2,1.26,South Korea
Seoul,KR,2024-01-21,12:00:00,1705813200,0.8,-2.7,2.8,17.5,340.0,0.1,0.07,South Korea
Seoul,KR,2024-01-22,12:00:00,1705899600,-8.3,-12.1,-3.9,22.9,296.0,0.0,0.0,South Korea
Seoul,KR,2024-01-23,12:00:00,1705986000,-12.0,-14.7,-8.7,23.8,297.0,0.0,0.0,South Korea
Seoul,KR,2024-01-24,12:00:00,1706072400,-8.6,-11.7,-4.0,23.0,305.0,0.0,0.0,South Korea
Seoul,KR,2024-01-25,12:00:00,1706158800,-5.8,-8.9,-0.5,13.8,293.0,0.0,0.0,South Korea
Seoul,KR,2024-01-26,12:00:00,1706245200,-3.3,-7.2,3.3,15.5,271.0,0.0,0.0,South Korea
Seoul,KR,2024-01-27,12:00:00,1706331600,-2.1,-7.0,4.3,14.2,283.0,0.0,0.0,South Korea
Seoul,KR,2024-01-28,12:00:00,1706418000,-2.9,-6.4,1.7,13.0,267.0,0.0,0.0,South Korea
Seoul,KR,2024-01-29,12:00:00,1706504400,-2.1,-6.2,4.2,9.4,313.0,0.0,0.0,South Korea
Seoul,KR,2024-01-30,12:00:00,1706590800,-0.4,-5.5,6.5,8.3,62.0,0.0,0.0,South Korea
Seoul,KR,2024-01-31,12:00:00,1706677200,1.9,-3.5,9.0,12.0,333.0,0.0,0.0,South Korea
Seoul,KR,2024-02-01,12:00:00,1706763600,0.4,-3.4,5.9,16.8,356.0,0.0,0.0,South Korea
Seoul,KR,2024-02-02,12:00:00,1706850000,1.2,-2.9,5.1,12.3,82.0,0.0,0.0,South Korea
Seoul,KR,2024-02-03,12:00:00,1706936400,1.6,-2.7,7.1,12.1,72.0,1.4,0.0,South Korea
Seoul,KR,2024-02-04,12:00:00,1707022800,4.4,1.1,9.6,15.9,67.0,0.0,0.0,South Korea
Seoul,KR,2024-02-05,12:00:00,1707109200,1.6,-0.6,2.8,24.7,63.0,7.6,3.29,South Korea
Seoul,KR,2024-02-06,12:00:00,1707195600,0.8,-1.5,4.0,12.6,319.0,1.0,0.56,South Korea
Seoul,KR,2024-02-07,12:00:00,1707282000,-1.2,-5.4,3.2,7.4,290.0,0.0,0.0,South Korea
Seoul,KR,2024-02-08,12:00:00,1707368400,-1.4,-4.7,3.7,9.0,260.0,0.0,0.0,South Korea
Seoul,KR,2024-02-09,12:00:00,1707454800,-0.9,-4.2,4.6,17.6,255.0,0.0,0.0,South Korea
Seoul,KR,2024-02-10,12:00:00,1707541200,-0.6,-5.0,6.7,18.0,268.0,0.0,0.0,South Korea
Seoul,KR,2024-02-11,12:00:00,1707627600,-1.4,-6.8,5.3,25.0,269.0,0.0,0.0,South Korea
Seoul,KR,2024-02-12,12:00:00,1707714000,0.4,-5.9,8.8,12.5,164.0,0.0,0.0,South Korea
Seoul,KR,2024-02-13,12:00:00,1707800400,5.9,-0.0,13.3,25.6,186.0,0.0,0.0,South Korea
Seoul,KR,2024-02-14,12:00:00,1707886800,9.5,4.2,16.6,17.5,206.0,1.0,0.0,South Korea
Seoul,KR,2024-02-15,12:00:00,1707973200,4.6,-1.3,9.2,22.2,309.0,8.6,2.24,South Korea
Seoul,KR,2024-02-16,12:00:00,1708059600,0.2,-4.5,6.3,10.5,196.0,0.0,0.0,South Korea
Seoul,KR,2024-02-17,12:00:00,1708146000,1.5,-4.4,8.6,8.3,127.0,0.0,0.0,South Korea
Seoul,KR,2024-02-18,12:00:00,1708232400,4.3,-2.5,9.5,16.0,88.0,8.5,0.0,South Korea
Seoul,KR,2024-02-19,12:00:00,1708318800,9.1,2.3,12.1,18.9,270.0,8.6,0.0,South Korea
Seoul,KR,2024-02-20,12:00:00,1708405200,3.1,0.6,6.9,21.6,61.0,2.0,0.07,South Korea
Seoul,KR,2024-02-21,12:00:00,1708491600,1.9,0.3,3.0,23.5,67.0,15.3,9.24,South Korea
Seoul,KR,2024-02-22,12:00:00,1708578000,-0.4,-1.8,1.2,20.4,65.0,5.7,3.99,South Korea
Seoul,KR,2024-02-23,12:00:00,1708664400,0.9,-2.3,6.1,18.4,65.0,0.2,0.14,South Korea
Seoul,KR,2024-02-24,12:00:00,1708750800,0.8,-3.4,6.2,15.0,89.0,2.1,0.91,South Korea
Seoul,KR,2024-02-25,12:00:00,1708837200,2.0,-1.9,5.8,12.6,348.0,2.1,1.47,South Korea
Seoul,KR,2024-02-26,12:00:00,1708923600,2.0,-3.1,8.3,11.7,25.0,0.0,0.0,South Korea
Seoul,KR,2024-02-27,12:00:00,1709010000,2.5,-2.5,8.7,16.6,95.0,0.0,0.0,South Korea
Seoul,KR,2024-02-28,12:00:00,1709096400,4.1,1.4,8.2,10.5,111.0,0.0,0.0,South Korea
Seoul,KR,2024-02-29,12:00:00,1709182800,3.1,-1.6,7.7,18.7,339.0,0.1,0.0,South Korea
Seoul,KR,2024-03-01,12:00:00,1709269200,-4.7,-7.6,-1.0,25.3,304.0,0.0,0.0,South Korea
Seoul,KR,2024-03-02,12:00:00,1709355600,-1.7,-8.0,4.6,33.1,233.0,3.6,2.52,South Korea
Seoul,KR,2024-03-03,12:00:00,1709442000,1.9,-4.0,7.9,22.1,271.0,0.4,0.07,South Korea
Seoul,KR,2024-03-04,12:00:00,1709528400,2.4,-5.0,9.3,8.3,34.0,0.0,0.0,South Korea
Seoul,KR,2024-03-05,12:00:00,1709614800,5.5,2.8,10.8,15.7,65.0,0.6,0.07,South Korea
Seoul,KR,2024-03-06,12:00:00,1709701200,4.2,-1.0,9.1,15.4,61.0,0.0,0.0,South Korea
Seoul,KR,2024-03-07,12:00:00,1709787600,2.9,-1.0,7.3,18.7,254.0,2.1,0.49,South Korea
Seoul,KR,2024-03-08,12:00:00,1709874000,0.4,-4.0,6.1,24.7,299.0,0.0,0.0,South Korea
Seoul,KR,2024-03-09,12:00:00,1709960400,-0.3,-5.3,6.0,17.1,279.0,0.0,0.0,South Korea
Seoul,KR,2024-03-10,12:00:00,1710046800,2.0,-3.6,8.6,17.2,253.0,0.0,0.0,South Korea
Seoul,KR,2024-03-11,12:00:00,1710133200,4.1,-1.3,9.9,12.2,146.0,0.4,0.0,South Korea
Seoul,KR,2024-03-12,12:00:00,1710219600,4.9,0.2,10.3,11.2,353.0,1.7,0.0,South Korea
Seoul,KR,2024-03-13,12:00:00,1710306000,3.9,-2.1,10.7,23.2,249.0,0.0,0.0,South Korea
Seoul,KR,2024-03-14,12:00:00,1710392400,5.3,-0.6,13.2,16.8,230.0,0.0,0.0,South Korea
Seoul,KR,2024-03-15,12:00:00,1710478800,5.6,-0.4,12.6,21.4,223.0,0.0,0.0,South Korea
Seoul,KR,2024-03-16,12:00:00,1710565200,7.7,-0.1,15.7,13.8,189.0,0.0,0.0,South Korea
Seoul,KR,2024-03-17,12:00:00,1710651600,7.3,3.7,10.3,25.7,308.0,0.1,0.0,South Korea
Seoul,KR,2024-03-18,12:00:00,1710738000,4.3,-2.9,11.7,16.3,291.0,0.0,0.0,South Korea
Seoul,KR,2024-03-19,12:00:00,1710824400,5.6,2.3,10.5,33.6,246.0,0.7,0.0,South Korea
Seoul,KR,2024-03-20,12:00:00,1710910800,3.5,-0.4,7.9,22.3,305.0,0.0,0.0,South Korea
Seoul,KR,2024-03-21,12:00:00,1710997200,3.3,-2.2,10.2,15.9,259.0,0.0,0.0,South Korea
Seoul,KR,2024-03-22,12:00:00,1711083600,8.1,0.6,16.0,31.1,168.0,16.3,0.0,South Korea
Seoul,KR,2024-03-23,12:00:00,1711170000,10.7,7.7,16.4,15.6,307.0,1.3,0.0,South Korea
Seoul,KR,2024-03-24,12:00:00,1711256400,12.2,5.5,19.5,12.5,76.0,0.0,0.0,South Korea
Seoul,KR,2024-03-25,12:00:00,1711342800,8.9,5.8,12.7,25.1,73.0,2.5,0.0,South Korea
Seoul,KR,2024-03-26,12:00:00,1711429200,6.3,2.2,12.4,18.5,22.0,12.4,0.21,South Korea
Seoul,KR,2024-03-27,12:00:00,1711515600,7.9,1.9,14.9,12.4,215.0,0.0,0.0,South Korea
Seoul,KR,2024-03-28,12:00:00,1711602000,9.0,6.8,12.2,12.6,149.0,3.0,0.0,South Korea
Seoul,KR,2024-03-29,12:00:00,1711688400,7.3,3.0,13.3,30.2,242.0,5.0,0.07,South Korea
Seoul,KR,2024-03-30,12:00:00,1711774800,6.6,0.8,14.5,19.9,251.0,1.0,0.21,South Korea
Seoul,KR,2024-03-31,12:00:00,1711861200,7.5,0.4,14.6,9.9,334.0,0.0,0.0,South Korea
Seoul,KR,2024-04-01,12:00:00,1711947600,9.1,3.3,16.4,16.2,318.0,0.0,0.0,South Korea
Seoul,KR,2024-04-02,12:00:00,1712034000,11.8,3.0,21.5,10.3,68.0,0.0,0.0,South Korea
Seoul,KR,2024-04-03,12:00:00,1712120400,12.9,9.9,16.6,12.0,82.0,0.5,0.0,South Korea
Seoul,KR,2024-04-04,12:00:00,1712206800,13.1,9.4,18.6,15.9,83.0,0.0,0.0,South Korea
Seoul,KR,2024-04-05,12:00:00,1712293200,12.1,7.0,16.4,17.1,175.0,0.1,0.0,South Korea
Seoul,KR,2024-04-06,12:00:00,1712379600,10.0,4.9,16.8,17.2,238.0,0.0,0.0,South Korea
Seoul,KR,2024-04-07,12:00:00,1712466000,12.1,4.3,21.0,16.6,265.0,0.0,0.0,South Korea
Seoul,KR,2024-04-08,12:00:00,1712552400,13.5,6.9,20.9,9.8,301.0,0.0,0.0,South Korea
Seoul,KR,2024-04-09,12:00:00,1712638800,12.4,8.3,17.7,23.6,70.0,0.0,0.0,South Korea
Seoul,KR,2024-04-10,12:00:00,1712725200,12.0,6.4,18.0,18.7,204.0,0.0,0.0,South Korea
Seoul,KR,2024-04-11,12:00:00,1712811600,13.1,8.8,19.4,13.0,123.0,0.5,0.0,South Korea
Seoul,KR,2024-04-12,12:00:00,1712898000,14.4,6.8,22.7,15.5,261.0,0.0,0.0,South Korea
Seoul,KR,2024-04-13,12:00:00,1712984400,16.4,8.9,26.7,16.7,285.0,0.0,0.0,South Korea
Seoul,KR,2024-04-14,12:00:00,1713070800,18.3,9.5,28.3,15.0,175.0,0.0,0.0,South Korea
Seoul,KR,2024-04-15,12:00:00,1713157200,15.2,10.5,17.9,22.7,162.0,19.1,0.0,South Korea
Seoul,KR,2024-04-16,12:00:00,1713243600,11.8,7.5,15.9,19.0,245.0,0.8,0.0,South Korea
Seoul,KR,2024-04-17,12:00:00,1713330000,12.2,7.1,21.1,16.8,257.0,0.0,0.0,South Korea
Seoul,KR,2024-04-18,12:00:00,1713416400,14.9,8.7,23.8,18.1,258.0,0.0,0.0,South Korea
Seoul,KR,2024-04-19,12:00:00,1713502800,14.7,7.4,21.6,15.0,224.0,0.0,0.0,South Korea
Seoul,KR,2024-04-20,12:00:00,1713589200,13.3,12.2,15.4,20.9,69.0,5.7,0.0,South Korea
Seoul,KR,2024-04-21,12:00:00,1713675600,16.0,12.4,20.8,22.6,68.0,0.1,0.0,South Korea
Seoul,KR,2024-04-22,12:00:00,1713762000,17.2,13.5,23.6,20.0,76.0,0.0,0.0,South Korea
Seoul,KR,2024-04-23,12:00:00,1713848400,15.7,10.5,22.4,24.5,88.0,1.2,0.0,South Korea
Seoul,KR,2024-04-24,12:00:00,1713934800,13.1,9.8,17.6,14.7,22.0,12.1,0.0,South Korea
Seoul,KR,2024-04-25,12:00:00,1714021200,13.0,9.7,20.0,13.5,245.0,0.0,0.0,South Korea
Seoul,KR,2024-04-26,12:00:00,1714107600,15.4,8.9,24.0,14.2,247.0,0.0,0.0,South Korea
Seoul,KR,2024-04-27,12:00:00,1714194000,15.8,9.4,24.6,17.6,262.0,0.0,0.0,South Korea
Seoul,KR,2024-04-28,12:00:00,1714280400,17.8,10.6,26.9,11.8,221.0,0.0,0.0,South Korea
Seoul,KR,2024-04-29,12:00:00,1714366800,18.3,13.9,23.8,19.1,78.0,0.0,0.0,South Korea
Seoul,KR,2024-04-30,12:00:00,1714453200,16.2,11.6,22.5,18.9,222.0,0.0,0.0,South Korea
Seoul,KR,2024-05-01,12:00:00,1714539600,16.6,12.6,22.3,15.3,77.0,0.2,0.0,South Korea
Seoul,KR,2024-05-02,12:00:00,1714626000,16.4,9.7,23.2,18.3,237.0,0.0,0.0,South Korea
Seoul,KR,2024-05-03,12:00:00,1714712400,17.7,9.9,28.0,16.8,248.0,0.0,0.0,South Korea
Seoul,KR,2024-05-04,12:00:00,1714798800,19.4,12.2,27.4,21.0,234.0,0.0,0.0,South Korea
Seoul,KR,2024-05-05,12:00:00,1714885200,17.5,15.1,19.1,22.0,143.0,66.8,0.0,South Korea
Seoul,KR,2024-05-06,12:00:00,1714971600,14.0,13.2,14.9,21.5,225.0,6.2,0.0,South Korea
Seoul,KR,2024-05-07,12:00:00,1715058000,13.4,11.9,15.5,22.4,79.0,1.9,0.0,South Korea
Seoul,KR,2024-05-08,12:00:00,1715144400,13.6,7.7,19.7,12.7,18.0,0.2,0.0,South Korea
Seoul,KR,2024-05-09,12:00:00,1715230800,14.3,8.3,19.8,21.4,233.0,0.0,0.0,South Korea
Seoul,KR,2024-05-10,12:00:00,1715317200,15.4,9.0,21.9,19.1,202.0,0.0,0.0,South Korea
Seoul,KR,2024-05-11,12:00:00,1715403600,16.0,11.7,21.9,35.7,209.0,16.2,0.0,South Korea
Seoul,KR,2024-05-12,12:00:00,1715490000,15.4,10.5,21.5,18.7,286.0,0.0,0.0,South Korea
Seoul,KR,2024-05-13,12:00:00,1715576400,16.2,10.5,22.6,18.1,263.0,0.0,0.0,South Korea
Seoul,KR,2024-05-14,12:00:00,1715662800,16.3,10.0,22.2,16.4,226.0,0.0,0.0,South Korea
Seoul,KR,2024-05-15,12:00:00,1715749200,12.6,6.8,18.4,22.0,338.0,22.7,0.0,South Korea
Seoul,KR,2024-05-16,12:00:00,1715835600,11.9,6.2,18.3,19.1,282.0,3.4,0.0,South Korea
Seoul,KR,2024-05-17,12:00:00,1715922000,15.2,7.2,22.4,15.5,186.0,0.0,0.0,South Korea
Seoul,KR,2024-05-18,12:00:00,1716008400,17.8,11.5,24.3,15.3,217.0,0.0,0.0,South Korea
Seoul,KR,2024-05-19,12:00:00,1716094800,18.4,12.0,25.6,14.7,258.0,0.0,0.0,South Korea
Seoul,KR,2024-05-20,12:00:00,1716181200,17.8,14.5,21.2,17.6,247.0,2.1,0.0,South Korea
Seoul,KR,2024-05-21,12:00:00,1716267600,19.2,14.0,25.7,10.4,114.0,0.0,0.0,South Korea
Seoul,KR,2024-05-22,12:00:00,1716354000,18.0,14.3,23.5,15.0,241.0,0.0,0.0,South Korea
Seoul,KR,2024-05-23,12:00:00,1716440400,17.8,13.6,24.3,18.1,259.0,0.0,0.0,South Korea
Seoul,KR,2024-05-24,12:00:00,1716526800,19.1,14.3,25.1,9.2,306.0,0.0,0.0,South Korea
Seoul,KR,2024-05-25,12:00:00,1716613200,20.2,17.9,25.0,16.1,140.0,0.0,0.0,South Korea
Seoul,KR,2024-05-26,12:00:00,1716699600,18.8,15.6,22.8,21.2,204.0,7.1,0.0,South Korea
Seoul,KR,2024-05-27,12:00:00,1716786000,17.9,12.8,23.2,25.2,284.0,0.0,0.0,South Korea
Seoul,KR,2024-05-28,12:00:00,1716872400,18.0,11.9,24.1,18.7,54.0,0.0,0.0,South Korea
Seoul,KR,2024-05-29,12:00:00,1716958800,19.0,13.1,25.8,17.9,227.0,0.0,0.0,South Korea
Seoul,KR,2024-05-30,12:00:00,1717045200,19.0,14.3,23.4,7.6,77.0,0.0,0.0,South Korea
Seoul,KR,2024-05-31,12:00:00,1717131600,19.0,13.7,23.6,21.2,250.0,0.3,0.0,South Korea
Seoul,KR,2024-06-01,12:00:00,1717218000,20.0,15.4,26.1,18.7,297.0,1.7,0.0,South Korea
Seoul,KR,2024-06-02,12:00:00,1717304400,19.3,12.5,26.3,20.2,288.0,0.0,0.0,South Korea
Seoul,KR,2024-06-03,12:00:00,1717390800,20.8,14.1,27.6,17.7,86.0,0.0,0.0,South Korea
Seoul,KR,2024-06-04,12:00:00,1717477200,21.4,14.0,29.5,21.4,105.0,0.0,0.0,South Korea
Seoul,KR,2024-06-05,12:00:00,1717563600,22.7,16.3,30.0,17.7,234.0,0.0,0.0,South Korea
Seoul,KR,2024-06-06,12:00:00,1717650000,22.8,17.3,29.7,14.5,215.0,0.2,0.0,South Korea
Seoul,KR,2024-06-07,12:00:00,1717736400,21.3,15.5,27.4,16.1,244.0,0.0,0.0,South Korea
Seoul,KR,2024-06-08,12:00:00,1717822800,19.6,17.0,24.0,14.5,226.0,15.8,0.0,South Korea
Seoul,KR,2024-06-09,12:00:00,1717909200,21.0,15.5,27.5,17.0,253.0,0.0,0.0,South Korea
Seoul,KR,2024-06-10,12:00:00,1717995600,22.6,16.3,29.8,20.1,233.0,0.0,0.0,South Korea
Seoul,KR,2024-06-11,12:00:00,1718082000,23.2,18.8,30.7,20.8,221.0,0.0,0.0,South Korea
Seoul,KR,2024-06-12,12:00:00,1718168400,23.4,16.0,30.9,19.1,248.0,0.0,0.0,South Korea
Seoul,KR,2024-06-13,12:00:00,1718254800,24.9,18.5,32.0,16.7,268.0,0.0,0.0,South Korea
Seoul,KR,2024-06-14,12:00:00,1718341200,25.2,18.4,33.1,21.0,255.0,0.0,0.0,South Korea
Seoul,KR,2024-06-15,12:00:00,1718427600,22.9,20.5,28.0,18.5,269.0,7.2,0.0,South Korea
Seoul,KR,2024-06-16,12:00:00,1718514000,22.5,17.1,28.9,20.8,273.0,0.1,0.0,South Korea
Seoul,KR,2024-06-17,12:00:00,1718600400,22.5,16.9,29.1,19.5,244.0,0.0,0.0,South Korea
Seoul,KR,2024-06-18,12:00:00,1718686800,23.7,17.7,31.4,18.6,239.0,0.0,0.0,South Korea
Seoul,KR,2024-06-19,12:00:00,1718773200,26.5,18.3,34.9,13.0,226.0,0.0,0.0,South Korea
Seoul,KR,2024-06-20,12:00:00,1718859600,27.5,20.3,35.9,19.8,179.0,0.0,0.0,South Korea
Seoul,KR,2024-06-21,12:00:00,1718946000,26.7,21.5,32.8,18.2,251.0,0.0,0.0,South Korea
Seoul,KR,2024-06-22,12:00:00,1719032400,23.6,22.8,25.0,12.1,84.0,26.3,0.0,South Korea
Seoul,KR,2024-06-23,12:00:00,1719118800,24.2,21.0,28.8,21.9,259.0,7.2,0.0,South Korea
Seoul,KR,2024-06-24,12:00:00,1719205200,22.9,19.8,26.9,21.5,257.0,11.1,0.0,South Korea
Seoul,KR,2024-06-25,12:00:00,1719291600,21.2,16.4,25.1,22.9,259.0,1.0,0.0,South Korea
Seoul,KR,2024-06-26,12:00:00,1719378000,22.5,16.8,29.2,17.8,241.0,0.3,0.0,South Korea
Seoul,KR,2024-06-27,12:00:00,1719464400,24.8,19.2,30.3,7.0,152.0,0.0,0.0,South Korea
Seoul,KR,2024-06-28,12:00:00,1719550800,24.8,19.6,31.0,14.8,276.0,0.0,0.0,South Korea
Seoul,KR,2024-06-29,12:00:00,1719637200,25.7,19.6,33.0,20.6,145.0,34.5,0.0,South Korea
Seoul,KR,2024-06-30,12:00:00,1719723600,23.1,21.1,25.1,30.8,228.0,4.5,0.0,South Korea
Seoul,KR,2024-07-01,12:00:00,1719810000,24.3,20.6,30.0,16.0,261.0,0.0,0.0,South Korea
Seoul,KR,2024-07-02,12:00:00,1719896400,23.4,22.1,24.5,22.0,103.0,57.7,0.0,South Korea
Seoul,KR,2024-07-03,12:00:00,1719982800,24.4,22.9,26.7,26.9,231.0,5.5,0.0,South Korea
Seoul,KR,2024-07-04,12:00:00,1720069200,25.2,21.4,29.1,25.7,222.0,4.1,0.0,South Korea
Seoul,KR,2024-07-05,12:00:00,1720155600,23.4,21.4,25.0,31.4,242.0,1.9,0.0,South Korea
Seoul,KR,2024-07-06,12:00:00,1720242000,24.5,21.1,30.0,33.4,198.0,25.1,0.0,South Korea
Seoul,KR,2024-07-07,12:00:00,1720328400,23.7,19.5,27.5,17.6,230.0,18.1,0.0,South Korea
Seoul,KR,2024-07-08,12:00:00,1720414800,23.4,22.1,25.5,14.2,245.0,37.7,0.0,South Korea
Seoul,KR,2024-07-09,12:00:00,1720501200,23.5,20.7,26.6,20.5,178.0,8.3,0.0,South Korea
Seoul,KR,2024-07-10,12:00:00,1720587600,25.8,22.4,30.3,17.7,1.0,15.1,0.0,South Korea
Seoul,KR,2024-07-11,12:00:00,1720674000,23.9,21.4,27.4,13.9,244.0,0.4,0.0,South Korea
Seoul,KR,2024-07-12,12:00:00,1720760400,24.6,20.9,30.4,10.9,268.0,0.6,0.0,South Korea
Seoul,KR,2024-07-13,12:00:00,1720846800,26.1,22.1,31.4,11.8,35.0,5.6,0.0,South Korea
Seoul,KR,2024-07-14,12:00:00,1720933200,26.1,22.5,30.7,16.2,82.0,1.4,0.0,South Korea
Seoul,KR,2024-07-15,12:00:00,1721019600,26.7,22.3,31.0,13.7,102.0,0.3,0.0,South Korea
Seoul,KR,2024-07-16,12:00:00,1721106000,25.7,23.5,30.0,15.1,155.0,17.8,0.0,South Korea
Seoul,KR,2024-07-17,12:00:00,1721192400,25.0,22.6,27.2,22.4,196.0,89.6,0.0,South Korea
Seoul,KR,2024-07-18,12:00:00,1721278800,24.7,23.6,25.6,24.1,209.0,60.6,0.0,South Korea
Seoul,KR,2024-07-19,12:00:00,1721365200,25.5,23.4,29.3,17.7,239.0,1.2,0.0,South Korea
Seoul,KR,2024-07-20,12:00:00,1721451600,25.6,22.6,29.8,25.7,178.0,25.8,0.0,South Korea
Seoul,KR,2024-07-21,12:00:00,1721538000,25.8,23.0,29.3,37.1,234.0,7.4,0.0,South Korea
Seoul,KR,2024-07-22,12:00:00,1721624400,26.4,24.8,27.9,37.5,201.0,41.4,0.0,South Korea
Seoul,KR,2024-07-23,12:00:00,1721710800,25.2,23.9,26.7,34.2,223.0,26.2,0.0,South Korea
Seoul,KR,2024-07-24,12:00:00,1721797200,26.2,23.9,30.7,19.6,208.0,3.4,0.0,South Korea
Seoul,KR,2024-07-25,12:00:00,1721883600,27.4,23.4,32.1,11.7,162.0,5.5,0.0,South Korea
Seoul,KR,2024-07-26,12:00:00,1721970000,27.7,25.0,33.0,20.8,130.0,18.0,0.0,South Korea
Seoul,KR,2024-07-27,12:00:00,1722056400,27.2,25.4,30.2,15.5,149.0,39.4,0.0,South Korea
Seoul,KR,2024-07-28,12:00:00,1722142800,28.2,26.2,31.2,27.7,200.0,0.4,0.0,South Korea
Seoul,KR,2024-07-29,12:00:00,1722229200,26.9,25.6,28.5,28.9,237.0,2.1,0.0,South Korea
Seoul,KR,2024-07-30,12:00:00,1722315600,27.1,25.0,30.6,18.5,247.0,0.9,0.0,South Korea
Seoul,KR,2024-07-31,12:00:00,1722402000,27.7,24.9,31.6,15.8,227.0,0.7,0.0,South Korea
Seoul,KR,2024-08-01,12:00:00,1722488400,28.4,25.3,32.1,16.5,223.0,1.0,0.0,South Korea
Seoul,KR,2024-08-02,12:00:00,1722574800,27.7,25.5,30.3,18.1,230.0,11.1,0.0,South Korea
Seoul,KR,2024-08-03,12:00:00,1722661200,28.1,24.5,32.1,14.1,264.0,5.6,0.0,South Korea
Seoul,KR,2024-08-04,12:00:00,1722747600,29.2,24.3,33.6,7.2,253.0,0.0,0.0,South Korea
Seoul,KR,2024-08-05,12:00:00,1722834000,28.3,26.0,31.7,11.1,124.0,15.7,0.0,South Korea
Seoul,KR,2024-08-06,12:00:00,1722920400,27.9,25.2,31.3,10.1,242.0,3.2,0.0,South Korea
Seoul,KR,2024-08-07,12:00:00,1723006800,27.4,24.6,31.1,11.9,283.0,2.2,0.0,South Korea
Seoul,KR,2024-08-08,12:00:00,1723093200,26.6,23.4,29.7,11.2,263.0,6.5,0.0,South Korea
Seoul,KR,2024-08-09,12:00:00,1723179600,27.4,24.4,32.1,12.4,279.0,0.0,0.0,South Korea
Seoul,KR,2024-08-10,12:00:00,1723266000,28.1,24.5,32.3,9.2,136.0,0.0,0.0,South Korea
Seoul,KR,2024-08-11,12:00:00,1723352400,28.8,25.2,32.9,11.1,166.0,0.4,0.0,South Korea
Seoul,KR,2024-08-12,12:00:00,1723438800,29.3,26.1,32.6,6.8,168.0,0.4,0.0,South Korea
Seoul,KR,2024-08-13,12:00:00,1723525200,29.0,25.6,33.9,10.7,320.0,0.6,0.0,South Korea
Seoul,KR,2024-08-14,12:00:00,1723611600,28.7,25.6,32.9,11.7,23.0,0.1,0.0,South Korea
Seoul,KR,2024-08-15,12:00:00,1723698000,28.3,25.8,32.6,8.9,104.0,8.4,0.0,South Korea
Seoul,KR,2024-08-16,12:00:00,1723784400,28.5,25.1,32.1,7.7,90.0,0.1,0.0,South Korea
Seoul,KR,2024-08-17,12:00:00,1723870800,28.3,25.6,32.6,10.6,156.0,2.1,0.0,South Korea
Seoul,KR,2024-08-18,12:00:00,1723957200,27.4,24.4,32.5,11.5,153.0,21.2,0.0,South Korea
Seoul,KR,2024-08-19,12:00:00,1724043600,28.1,25.0,32.8,11.3,123.0,6.9,0.0,South Korea
Seoul,KR,2024-08-20,12:00:00,1724130000,29.1,25.8,34.3,11.9,79.0,10.1,0.0,South Korea
Seoul,KR,2024-08-21,12:00:00,1724216400,26.7,25.6,28.9,28.3,168.0,71.5,0.0,South Korea
Seoul,KR,2024-08-22,12:00:00,1724302800,27.7,25.3,31.1,27.0,200.0,5.9,0.0,South Korea
Seoul,KR,2024-08-23,12:00:00,1724389200,26.5,24.5,29.8,17.8,245.0,4.3,0.0,South Korea
Seoul,KR,2024-08-24,12:00:00,1724475600,26.0,22.7,29.7,11.1,211.0,0.8,0.0,South Korea
Seoul,KR,2024-08-25,12:00:00,1724562000,27.1,24.4,30.9,7.9,261.0,0.7,0.0,South Korea
Seoul,KR,2024-08-26,12:00:00,1724648400,26.6,23.6,29.6,9.3,26.0,0.8,0.0,South Korea
Seoul,KR,2024-08-27,12:00:00,1724734800,24.5,22.4,26.8,12.3,42.0,2.0,0.0,South Korea
Seoul,KR,2024-08-28,12:00:00,1724821200,26.4,21.2,31.6,18.3,68.0,0.0,0.0,South Korea
Seoul,KR,2024-08-29,12:00:00,1724907600,26.3,21.2,31.0,16.3,62.0,0.0,0.0,South Korea
Seoul,KR,2024-08-30,12:00:00,1724994000,26.2,21.4,31.5,13.0,330.0,0.0,0.0,South Korea
Seoul,KR,2024-08-31,12:00:00,1725080400,24.9,19.6,30.2,8.4,285.0,0.0,0.0,South Korea
Seoul,KR,2024-09-01,12:00:00,1725166800,24.8,21.0,28.6,13.5,220.0,0.0,0.0,South Korea
Seoul,KR,2024-09-02,12:00:00,1725253200,22.9,20.6,25.7,18.7,78.0,27.0,0.0,South Korea
Seoul,KR,2024-09-03,12:00:00,1725339600,24.4,20.8,29.5,14.3,79.0,0.0,0.0,South Korea
Seoul,KR,2024-09-04,12:00:00,1725426000,24.9,20.2,30.2,12.4,117.0,0.0,0.0,South Korea
Seoul,KR,2024-09-05,12:00:00,1725512400,25.1,22.9,27.7,25.1,233.0,2.0,0.0,South Korea
Seoul,KR,2024-09-06,12:00:00,1725598800,24.0,21.8,26.2,18.8,76.0,1.7,0.0,South Korea
Seoul,KR,2024-09-07,12:00:00,1725685200,24.6,21.3,29.3,11.0,339.0,1.7,0.0,South Korea
Seoul,KR,2024-09-08,12:00:00,1725771600,24.9,20.4,30.2,9.4,348.0,0.0,0.0,South Korea
Seoul,KR,2024-09-09,12:00:00,1725858000,26.6,22.6,31.4,8.8,118.0,0.0,0.0,South Korea
Seoul,KR,2024-09-10,12:00:00,1725944400,27.3,23.7,31.6,11.5,273.0,0.4,0.0,South Korea
Seoul,KR,2024-09-11,12:00:00,1726030800,27.2,22.9,32.9,17.8,84.0,8.3,0.0,South Korea
Seoul,KR,2024-09-12,12:00:00,1726117200,25.0,24.3,25.5,10.2,80.0,28.4,0.0,South Korea
Seoul,KR,2024-09-13,12:00:00,1726203600,25.2,23.7,27.9,11.4,183.0,17.2,0.0,South Korea
Seoul,KR,2024-09-14,12:00:00,1726290000,26.1,23.7,29.5,12.6,233.0,1.6,0.0,South Korea
Seoul,KR,2024-09-15,12:00:00,1726376400,25.6,22.5,30.1,21.3,73.0,0.6,0.0,South Korea
Seoul,KR,2024-09-16,12:00:00,1726462800,25.7,20.8,31.3,15.5,86.0,0.7,0.0,South Korea
Seoul,KR,2024-09-17,12:00:00,1726549200,27.4,25.0,31.0,11.7,32.0,5.6,0.0,South Korea
Seoul,KR,2024-09-18,12:00:00,1726635600,26.9,24.0,30.0,11.0,40.0,10.9,0.0,South Korea
Seoul,KR,2024-09-19,12:00:00,1726722000,26.7,24.8,29.6,7.8,108.0,1.5,0.0,South Korea
Seoul,KR,2024-09-20,12:00:00,1726808400,24.5,17.2,27.2,24.4,132.0,69.6,0.0,South Korea
Seoul,KR,2024-09-21,12:00:00,1726894800,19.3,17.3,21.9,26.4,63.0,28.3,0.0,South Korea
Seoul,KR,2024-09-22,12:00:00,1726981200,20.1,17.6,23.9,16.7,47.0,0.3,0.0,South Korea
Seoul,KR,2024-09-23,12:00:00,1727067600,19.1,15.0,23.9,14.7,72.0,0.0,0.0,South Korea
Seoul,KR,2024-09-24,12:00:00,1727154000,18.5,14.0,23.7,10.1,78.0,0.0,0.0,South Korea
Seoul,KR,2024-09-25,12:00:00,1727240400,20.9,16.4,26.2,10.3,113.0,0.5,0.0,South Korea
Seoul,KR,2024-09-26,12:00:00,1727326800,21.5,18.8,26.3,12.5,326.0,3.4,0.0,South Korea
Seoul,KR,2024-09-27,12:00:00,1727413200,21.3,16.6,26.2,14.2,31.0,0.3,0.0,South Korea
Seoul,KR,2024-09-28,12:00:00,1727499600,21.5,18.1,26.3,17.5,70.0,0.0,0.0,South Korea
Seoul,KR,2024-09-29,12:00:00,1727586000,21.7,18.1,26.7,13.2,76.0,0.0,0.0,South Korea
Seoul,KR,2024-09-30,12:00:00,1727672400,20.5,16.0,25.6,9.3,80.0,0.0,0.0,South Korea
Seoul,KR,2024-10-01,12:00:00,1727758800,17.5,12.4,20.4,19.8,276.0,5.8,0.0,South Korea
Seoul,KR,2024-10-02,12:00:00,1727845200,13.2,9.8,18.2,13.3,328.0,0.0,0.0,South Korea
Seoul,KR,2024-10-03,12:00:00,1727931600,13.9,8.0,20.3,13.7,65.0,0.0,0.0,South Korea
Seoul,KR,2024-10-04,12:00:00,1728018000,14.6,8.7,21.1,10.8,29.0,0.0,0.0,South Korea
Seoul,KR,2024-10-05,12:00:00,1728104400,14.6,9.0,21.4,9.5,44.0,0.0,0.0,South Korea
Seoul,KR,2024-10-06,12:00:00,1728190800,13.5,9.2,17.0,9.0,46.0,0.1,0.0,South Korea
Seoul,KR,2024-10-07,12:00:00,1728277200,15.8,12.5,20.0,10.5,314.0,0.0,0.0,South Korea
Seoul,KR,2024-10-08,12:00:00,1728363600,15.8,10.2,20.8,9.8,32.0,0.5,0.0,South Korea
Seoul,KR,2024-10-09,12:00:00,1728450000,16.8,12.0,22.2,10.9,76.0,0.0,0.0,South Korea
Seoul,KR,2024-10-10,12:00:00,1728536400,16.7,12.9,21.2,8.1,137.0,0.3,0.0,South Korea
Seoul,KR,2024-10-11,12:00:00,1728622800,16.0,11.4,21.9,8.9,352.0,0.0,0.0,South Korea
Seoul,KR,2024-10-12,12:00:00,1728709200,15.3,10.1,21.0,8.9,340.0,0.0,0.0,South Korea
Seoul,KR,2024-10-13,12:00:00,1728795600,16.1,10.2,22.5,10.3,91.0,0.0,0.0,South Korea
Seoul,KR,2024-10-14,12:00:00,1728882000,17.9,15.4,21.4,10.7,110.0,0.2,0.0,South Korea
Seoul,KR,2024-10-15,12:00:00,1728968400,17.6,14.9,21.8,8.7,0.0,2.3,0.0,South Korea
Seoul,KR,2024-10-16,12:00:00,1729054800,15.9,12.9,21.4,9.0,346.0,0.0,0.0,South Korea
Seoul,KR,2024-10-17,12:00:00,1729141200,16.7,10.5,23.4,8.8,76.0,0.0,0.0,South Korea
Seoul,KR,2024-10-18,12:00:00,1729227600,16.4,15.5,18.7,16.3,59.0,41.1,0.0,South Korea
Seoul,KR,2024-10-19,12:00:00,1729314000,15.9,11.7,20.8,23.4,46.0,9.5,0.0,South Korea
Seoul,KR,2024-10-20,12:00:00,1729400400,12.4,9.2,17.1,21.2,86.0,0.0,0.0,South Korea
Seoul,KR,2024-10-21,12:00:00,1729486800,12.6,7.9,17.5,13.7,77.0,0.8,0.0,South Korea
Seoul,KR,2024-10-22,12:00:00,1729573200,15.1,13.1,16.9,17.2,88.0,13.7,0.0,South Korea
Seoul,KR,2024-10-23,12:00:00,1729659600,12.2,7.5,15.2,28.2,282.0,0.8,0.0,South Korea
Seoul,KR,2024-10-24,12:00:00,1729746000,10.9,4.8,16.8,11.4,356.0,0.0,0.0,South Korea
Seoul,KR,2024-10-25,12:00:00,1729832400,12.2,6.4,19.7,10.3,64.0,0.0,0.0,South Korea
Seoul,KR,2024-10-26,12:00:00,1729918800,14.9,9.8,21.8,9.4,79.0,0.0,0.0,South Korea
Seoul,KR,2024-10-27,12:00:00,1730005200,14.8,12.0,18.1,8.5,278.0,0.1,0.0,South Korea
Seoul,KR,2024-10-28,12:00:00,1730091600,14.3,9.6,19.3,18.5,71.0,0.1,0.0,South Korea
Seoul,KR,2024-10-29,12:00:00,1730178000,13.4,9.3,17.2,10.7,80.0,0.2,0.0,South Korea
Seoul,KR,2024-10-30,12:00:00,1730264400,13.6,9.0,18.6,10.4,332.0,0.0,0.0,South Korea
Seoul,KR,2024-10-31,12:00:00,1730350800,13.0,7.9,19.7,11.4,62.0,0.0,0.0,South Korea
Seoul,KR,2024-11-01,12:00:00,1730437200,12.8,9.1,17.4,8.9,65.0,0.0,0.0,South Korea
Seoul,KR,2024-11-02,12:00:00,1730523600,15.8,10.4,22.8,11.7,46.0,0.0,0.0,South Korea
Seoul,KR,2024-11-03,12:00:00,1730610000,14.9,9.5,21.2,15.9,161.0,1.1,0.0,South Korea
Seoul,KR,2024-11-04,12:00:00,1730696400,13.6,8.1,17.1,21.9,292.0,1.1,0.0,South Korea
Seoul,KR,2024-11-05,12:00:00,1730782800,8.4,5.2,13.1,19.4,315.0,0.0,0.0,South Korea
Seoul,KR,2024-11-06,12:00:00,1730869200,5.5,1.9,10.0,13.4,307.0,0.0,0.0,South Korea
Seoul,KR,2024-11-07,12:00:00,1730955600,5.3,0.0,11.8,11.1,8.0,0.0,0.0,South Korea
Seoul,KR,2024-11-08,12:00:00,1731042000,6.7,-0.2,14.9,12.3,46.0,0.0,0.0,South Korea
Seoul,KR,2024-11-09,12:00:00,1731128400,9.9,4.5,17.4,10.6,61.0,0.0,0.0,South Korea
Seoul,KR,2024-11-10,12:00:00,1731214800,11.1,7.8,17.6,11.1,36.0,0.0,0.0,South Korea
Seoul,KR,2024-11-11,12:00:00,1731301200,12.3,8.8,18.0,8.2,345.0,0.0,0.0,South Korea
Seoul,KR,2024-11-12,12:00:00,1731387600,11.6,7.2,16.9,10.9,300.0,0.0,0.0,South Korea
Seoul,KR,2024-11-13,12:00:00,1731474000,12.0,6.8,18.4,7.5,88.0,0.0,0.0,South Korea
Seoul,KR,2024-11-14,12:00:00,1731560400,12.8,10.2,15.7,7.6,93.0,0.2,0.0,South Korea
Seoul,KR,2024-11-15,12:00:00,1731646800,14.4,11.7,18.7,7.9,92.0,0.0,0.0,South Korea
Seoul,KR,2024-11-16,12:00:00,1731733200,15.6,13.0,20.5,13.8,198.0,5.7,0.0,South Korea
Seoul,KR,2024-11-17,12:00:00,1731819600,7.0,2.7,13.3,17.8,314.0,0.1,0.0,South Korea
Seoul,KR,2024-11-18,12:00:00,1731906000,2.0,-1.1,5.7,16.9,334.0,0.0,0.0,South Korea
Seoul,KR,2024-11-19,12:00:00,1731992400,2.7,-0.6,7.1,5.8,39.0,0.0,0.0,South Korea
Seoul,KR,2024-11-20,12:00:00,1732078800,5.1,1.1,9.6,6.6,165.0,0.0,0.0,South Korea
Seoul,KR,2024-11-21,12:00:00,1732165200,7.7,3.7,13.2,15.3,261.0,1.1,0.0,South Korea
Seoul,KR,2024-11-22,12:00:00,1732251600,5.4,2.0,9.4,12.4,318.0,0.0,0.0,South Korea
Seoul,KR,2024-11-23,12:00:00,1732338000,4.4,-0.2,10.1,6.5,56.0,0.0,0.0,South Korea
Seoul,KR,2024-11-24,12:00:00,1732424400,5.7,1.3,11.2,6.3,56.0,0.0,0.0,South Korea
Seoul,KR,2024-11-25,12:00:00,1732510800,8.3,2.2,14.4,18.1,106.0,0.0,0.0,South Korea
Seoul,KR,2024-11-26,12:00:00,1732597200,7.0,1.8,11.3,21.3,262.0,21.3,0.91,South Korea
Seoul,KR,2024-11-27,12:00:00,1732683600,-0.5,-2.0,1.5,8.9,219.0,10.9,7.35,South Korea
Seoul,KR,2024-11-28,12:00:00,1732770000,-1.6,-4.9,1.3,7.4,235.0,0.7,0.49,South Korea
Seoul,KR,2024-11-29,12:00:00,1732856400,-2.6,-7.5,1.2,9.2,262.0,0.0,0.0,South Korea
Seoul,KR,2024-11-30,12:00:00,1732942800,0.3,-4.2,4.3,9.2,215.0,0.0,0.0,South Korea
Seoul,KR,2024-12-01,12:00:00,1733029200,1.4,-2.6,4.9,8.1,91.0,0.3,0.0,South Korea
Seoul,KR,2024-12-02,12:00:00,1733115600,5.7,-0.1,12.7,15.9,244.0,0.2,0.0,South Korea
Seoul,KR,2024-12-03,12:00:00,1733202000,-0.8,-4.0,2.5,11.0,289.0,0.0,0.0,South Korea
Seoul,KR,2024-12-04,12:00:00,1733288400,0.5,-1.8,4.1,10.9,312.0,0.0,0.0,South Korea
Seoul,KR,2024-12-05,12:00:00,1733374800,1.7,-1.6,6.8,16.2,267.0,0.0,0.0,South Korea
Seoul,KR,2024-12-06,12:00:00,1733461200,0.4,-2.3,3.6,16.3,301.0,0.0,0.0,South Korea
Seoul,KR,2024-12-07,12:00:00,1733547600,-1.4,-3.2,1.8,13.7,302.0,0.0,0.0,South Korea
Seoul,KR,2024-12-08,12:00:00,1733634000,-1.7,-4.6,2.5,12.9,298.0,0.0,0.0,South Korea
Seoul,KR,2024-12-09,12:00:00,1733720400,-0.9,-4.2,3.9,5.1,294.0,0.0,0.0,South Korea
Seoul,KR,2024-12-10,12:00:00,1733806800,0.6,-2.2,5.4,10.9,301.0,0.0,0.0,South Korea
Seoul,KR,2024-12-11,12:00:00,1733893200,0.7,-2.0,5.4,9.3,301.0,0.0,0.0,South Korea
Seoul,KR,2024-12-12,12:00:00,1733979600,-1.2,-4.3,3.1,8.6,290.0,0.0,0.0,South Korea
Seoul,KR,2024-12-13,12:00:00,1734066000,-0.3,-2.0,3.1,12.2,304.0,0.0,0.0,South Korea
Seoul,KR,2024-12-14,12:00:00,1734152400,-2.1,-4.7,1.2,12.6,293.0,0.0,0.0,South Korea
Seoul,KR,2024-12-15,12:00:00,1734238800,0.2,-2.4,4.6,16.2,290.0,0.0,0.0,South Korea
Seoul,KR,2024-12-16,12:00:00,1734325200,-1.1,-3.5,2.8,11.2,294.0,0.0,0.0,South Korea
Seoul,KR,2024-12-17,12:00:00,1734411600,-1.7,-3.7,1.1,12.0,297.0,0.0,0.0,South Korea
Seoul,KR,2024-12-18,12:00:00,1734498000,-4.0,-6.5,-0.9,9.5,301.0,0.0,0.0,South Korea
Seoul,KR,2024-12-19,12:00:00,1734584400,-3.0,-6.2,1.9,5.2,277.0,0.0,0.0,South Korea
Seoul,KR,2024-12-20,12:00:00,1734670800,-0.5,-3.0,3.0,6.7,104.0,0.8,0.56,South Korea
Seoul,KR,2024-12-21,12:00:00,1734757200,-1.2,-5.9,1.1,18.0,295.0,0.7,0.49,South Korea
Seoul,KR,2024-12-22,12:00:00,1734843600,-5.6,-8.4,-1.7,13.0,300.0,0.0,0.0,South Korea
Seoul,KR,2024-12-23,12:00:00,1734930000,-3.2,-9.2,3.6,10.3,285.0,0.0,0.0,South Korea
Seoul,KR,2024-12-24,12:00:00,1735016400,-2.6,-6.3,1.4,8.5,280.0,0.0,0.0,South Korea
Seoul,KR,2024-12-25,12:00:00,1735102800,0.2,-4.6,4.5,11.4,222.0,0.3,0.0,South Korea
Seoul,KR,2024-12-26,12:00:00,1735189200,-1.3,-4.9,2.0,17.0,293.0,0.0,0.0,South Korea
Seoul,KR,2024-12-27,12:00:00,1735275600,-3.3,-5.7,0.6,14.3,294.0,0.0,0.0,South Korea
Seoul,KR,2024-12-28,12:00:00,1735362000,-3.6,-6.4,0.1,18.2,297.0,0.0,0.0,South Korea
Seoul,KR,2024-12-29,12:00:00,1735448400,-1.2,-5.0,3.3,5.8,193.0,0.0,0.0,South Korea
Seoul,KR,2024-12-30,12:00:00,1735534800,3.5,-0.6,8.7,21.7,226.0,0.3,0.0,South Korea
Seoul,KR,2024-12-31,12:00:00,1735621200,-0.8,-3.3,2.3,14.1,297.0,0.1,0.0,South Korea
Seoul,KR,2025-01-01,12:00:00,1735707600,0.9,-3.1,7.1,13.9,248.0,0.0,0.0,South Korea
Seoul,KR,2025-01-02,12:00:00,1735794000,-0.8,-3.8,4.4,10.7,298.0,0.0,0.0,South Korea
Seoul,KR,2025-01-03,12:00:00,1735880400,-2.4,-5.2,1.3,13.6,283.0,0.0,0.0,South Korea
Seoul,KR,2025-01-04,12:00:00,1735966800,-1.7,-5.1,3.0,8.6,257.0,0.0,0.0,South Korea
Seoul,KR,2025-01-05,12:00:00,1736053200,0.7,-1.4,3.3,11.6,146.0,7.1,4.48,South Korea
Seoul,KR,2025-01-06,12:00:00,1736139600,-1.4,-4.9,1.5,15.9,306.0,3.1,1.89,South Korea
Seoul,KR,2025-01-07,12:00:00,1736226000,-4.4,-9.7,0.2,17.7,289.0,0.0,0.0,South Korea
Seoul,KR,2025-01-08,12:00:00,1736312400,-3.9,-6.5,0.3,15.8,290.0,0.0,0.0,South Korea
Seoul,KR,2025-01-09,12:00:00,1736398800,-10.4,-12.1,-7.1,22.3,310.0,0.0,0.0,South Korea
Seoul,KR,2025-01-10,12:00:00,1736485200,-8.4,-12.1,-3.4,9.3,294.0,0.0,0.0,South Korea
Seoul,KR,2025-01-11,12:00:00,1736571600,-6.1,-9.8,-2.1,6.6,261.0,0.0,0.0,South Korea
Seoul,KR,2025-01-12,12:00:00,1736658000,-3.5,-7.3,1.3,7.7,303.0,0.0,0.0,South Korea
Seoul,KR,2025-01-13,12:00:00,1736744400,-1.0,-4.7,4.3,14.0,168.0,0.7,0.56,South Korea
Seoul,KR,2025-01-14,12:00:00,1736830800,1.2,-2.1,5.6,13.5,283.0,0.5,0.0,South Korea
Seoul,KR,2025-01-15,12:00:00,1736917200,-4.0,-5.8,-2.2,15.5,306.0,0.0,0.0,South Korea
Seoul,KR,2025-01-16,12:00:00,1737003600,-1.3,-4.8,2.5,15.6,246.0,0.1,0.07,South Korea
Seoul,KR,2025-01-17,12:00:00,1737090000,-2.4,-6.6,3.4,7.4,288.0,0.0,0.0,South Korea
Seoul,KR,2025-01-18,12:00:00,1737176400,-0.7,-3.9,4.8,5.4,143.0,0.0,0.0,South Korea
Seoul,KR,2025-01-19,12:00:00,1737262800,1.0,-2.6,6.5,7.8,111.0,0.0,0.0,South Korea
Seoul,KR,2025-01-20,12:00:00,1737349200,1.7,-0.7,5.1,8.0,111.0,0.1,0.0,South Korea
Seoul,KR,2025-01-21,12:00:00,1737435600,0.3,-2.6,5.4,5.9,196.0,0.0,0.0,South Korea
Seoul,KR,2025-01-22,12:00:00,1737522000,1.1,-1.7,5.0,6.9,236.0,0.2,0.0,South Korea
Seoul,KR,2025-01-23,12:00:00,1737608400,-0.4,-3.3,4.7,7.6,287.0,0.0,0.0,South Korea
Seoul,KR,2025-01-24,12:00:00,1737694800,0.9,-2.9,7.6,6.9,4.0,0.0,0.0,South Korea
Seoul,KR,2025-01-25,12:00:00,1737781200,2.9,-0.2,8.2,14.4,80.0,0.0,0.0,South Korea
Seoul,KR,2025-01-26,12:00:00,1737867600,2.3,-0.5,5.9,10.3,95.0,0.0,0.0,South Korea
Seoul,KR,2025-01-27,12:00:00,1737954000,-0.5,-4.2,2.0,19.2,242.0,5.3,3.36,South Korea
Seoul,KR,2025-01-28,12:00:00,1738040400,-5.1,-6.0,-4.2,21.1,282.0,0.1,0.07,South Korea
Seoul,KR,2025-01-29,12:00:00,1738126800,-6.5,-8.7,-4.2,18.4,290.0,0.0,0.0,South Korea
Seoul,KR,2025-01-30,12:00:00,1738213200,-4.9,-8.5,-1.1,9.6,304.0,0.0,0.0,South Korea
Seoul,KR,2025-01-31,12:00:00,1738299600,-1.6,-3.6,0.1,6.0,60.0,2.1,1.47,South Korea
Seoul,KR,2025-02-01,12:00:00,1738386000,0.6,-4.4,7.4,7.7,8.0,0.0,0.0,South Korea
Seoul,KR,2025-02-02,12:00:00,1738472400,0.3,-3.4,5.3,9.0,307.0,0.0,0.0,South Korea
Seoul,KR,2025-02-03,12:00:00,1738558800,-5.1,-8.8,-0.6,20.9,300.0,0.0,0.0,South Korea
Seoul,KR,2025-02-04,12:00:00,1738645200,-9.9,-13.4,-6.4,21.1,303.0,0.0,0.0,South Korea
Seoul,KR,2025-02-05,12:00:00,1738731600,-8.9,-11.6,-4.3,22.8,308.0,0.0,0.0,South Korea
Seoul,KR,2025-02-06,12:00:00,1738818000,-6.2,-11.3,-0.9,16.9,269.0,1.0,0.7,South Korea
Seoul,KR,2025-02-07,12:00:00,1738904400,-9.5,-11.6,-8.0,25.8,313.0,0.9,0.63,South Korea
Seoul,KR,2025-02-08,12:00:00,1738990800,-8.8,-12.5,-3.9,17.2,296.0,0.0,0.0,South Korea
Seoul,KR,2025-02-09,12:00:00,1739077200,-6.5,-11.0,-0.7,11.4,286.0,0.0,0.0,South Korea
Seoul,KR,2025-02-10,12:00:00,1739163600,-4.8,-9.3,0.6,12.2,292.0,0.2,0.14,South Korea
Seoul,KR,2025-02-11,12:00:00,1739250000,-1.8,-7.8,4.8,7.6,103.0,0.0,0.0,South Korea
Seoul,KR,2025-02-12,12:00:00,1739336400,-0.2,-3.5,2.6,21.1,301.0,2.3,1.47,South Korea
Seoul,KR,2025-02-13,12:00:00,1739422800,-1.1,-6.7,4.4,16.6,267.0,0.0,0.0,South Korea
Seoul,KR,2025-02-14,12:00:00,1739509200,1.8,-2.1,8.2,10.7,225.0,0.0,0.0,South Korea
Seoul,KR,2025-02-15,12:00:00,1739595600,1.5,-2.6,6.7,12.4,188.0,0.0,0.0,South Korea
Seoul,KR,2025-02-16,12:00:00,1739682000,2.7,-1.1,8.8,17.4,253.0,0.0,0.0,South Korea
Seoul,KR,2025-02-17,12:00:00,1739768400,-1.3,-3.7,2.0,18.5,306.0,0.0,0.0,South Korea
Seoul,KR,2025-02-18,12:00:00,1739854800,-2.7,-5.1,1.1,19.8,301.0,0.0,0.0,South Korea
Seoul,KR,2025-02-19,12:00:00,1739941200,-3.5,-6.7,0.5,16.5,297.0,0.0,0.0,South Korea
Seoul,KR,2025-02-20,12:00:00,1740027600,-3.2,-6.0,1.3,16.4,297.0,0.0,0.0,South Korea
Seoul,KR,2025-02-21,12:00:00,1740114000,-2.9,-6.1,1.9,16.1,292.0,0.0,0.0,South Korea
Seoul,KR,2025-02-22,12:00:00,1740200400,-2.7,-5.7,1.7,13.9,292.0,0.0,0.0,South Korea
Seoul,KR,2025-02-23,12:00:00,1740286800,-3.7,-6.1,0.3,19.6,297.0,0.0,0.0,South Korea
Seoul,KR,2025-02-24,12:00:00,1740373200,-1.9,-5.4,3.8,13.6,278.0,0.0,0.0,South Korea
Seoul,KR,2025-02-25,12:00:00,1740459600,1.4,-2.5,5.8,22.2,233.0,0.1,0.0,South Korea
Seoul,KR,2025-02-26,12:00:00,1740546000,1.7,-3.2,7.3,15.2,271.0,0.0,0.0,South Korea
Seoul,KR,2025-02-27,12:00:00,1740632400,3.1,-2.6,10.9,7.3,183.0,0.0,0.0,South Korea
Seoul,KR,2025-02-28,12:00:00,1740718800,4.7,1.0,9.6,7.8,209.0,0.0,0.0,South Korea
Seoul,KR,2025-03-01,12:00:00,1740805200,4.2,-0.3,10.6,9.1,73.0,2.6,0.0,South Korea
Seoul,KR,2025-03-02,12:00:00,1740891600,5.5,1.8,12.3,23.5,66.0,15.2,0.0,South Korea
Seoul,KR,2025-03-03,12:00:00,1740978000,1.7,-0.4,5.0,23.0,69.0,9.8,4.41,South Korea
Seoul,KR,2025-03-04,12:00:00,1741064400,1.3,-0.1,2.9,17.7,68.0,3.3,2.24,South Korea
Seoul,KR,2025-03-05,12:00:00,1741150800,3.1,1.2,6.9,10.9,15.0,0.0,0.0,South Korea
Seoul,KR,2025-03-06,12:00:00,1741237200,3.4,-1.6,9.2,11.5,309.0,0.0,0.0,South Korea
Seoul,KR,2025-03-07,12:00:00,1741323600,2.9,-2.3,8.6,8.1,250.0,0.0,0.0,South Korea
Seoul,KR,2025-03-08,12:00:00,1741410000,4.4,1.0,8.8,11.4,239.0,0.0,0.0,South Korea
Seoul,KR,2025-03-09,12:00:00,1741496400,4.2,-1.6,10.5,7.2,273.0,0.0,0.0,South Korea
Seoul,KR,2025-03-10,12:00:00,1741582800,5.3,-0.7,12.5,12.8,230.0,0.0,0.0,South Korea
Seoul,KR,2025-03-11,12:00:00,1741669200,6.4,-0.1,13.4,9.1,280.0,0.0,0.0,South Korea
Seoul,KR,2025-03-12,12:00:00,1741755600,7.0,3.8,11.1,15.6,242.0,0.1,0.0,South Korea
Seoul,KR,2025-03-13,12:00:00,1741842000,7.5,1.4,13.9,10.4,317.0,0.0,0.0,South Korea
Seoul,KR,2025-03-14,12:00:00,1741928400,10.3,3.5,17.1,10.1,47.0,0.0,0.0,South Korea
Seoul,KR,2025-03-15,12:00:00,1742014800,9.9,5.2,15.3,16.3,112.0,0.4,0.0,South Korea
Seoul,KR,2025-03-16,12:00:00,1742101200,4.7,0.6,8.1,24.1,284.0,1.3,0.0,South Korea
Seoul,KR,2025-03-17,12:00:00,1742187600,1.2,-3.2,5.2,15.1,281.0,0.3,0.21,South Korea
Seoul,KR,2025-03-18,12:00:00,1742274000,1.0,-1.3,4.4,18.6,2.0,2.8,1.89,South Korea
Seoul,KR,2025-03-19,12:00:00,1742360400,1.0,-3.6,5.6,13.8,267.0,0.0,0.0,South Korea
Seoul,KR,2025-03-20,12:00:00,1742446800,5.4,-1.0,13.3,17.2,208.0,0.0,0.0,South Korea
Seoul,KR,2025-03-21,12:00:00,1742533200,8.7,3.3,15.8,13.4,215.0,0.0,0.0,South Korea
Seoul,KR,2025-03-22,12:00:00,1742619600,10.4,4.9,17.3,15.0,216.0,0.0,0.0,South Korea
Seoul,KR,2025-03-23,12:00:00,1742706000,12.4,4.6,21.6,11.9,175.0,0.0,0.0,South Korea
Seoul,KR,2025-03-24,12:00:00,1742792400,13.1,9.5,18.9,16.8,211.0,0.8,0.0,South Korea
Seoul,KR,2025-03-25,12:00:00,1742878800,11.0,7.4,20.7,26.5,207.0,0.3,0.0,South Korea
Seoul,KR,2025-03-26,12:00:00,1742965200,13.3,3.9,23.1,10.3,157.0,0.0,0.0,South Korea
Seoul,KR,2025-03-27,12:00:00,1743051600,13.3,7.5,19.9,19.2,290.0,5.1,0.0,South Korea
Seoul,KR,2025-03-28,12:00:00,1743138000,6.4,2.5,11.3,21.8,311.0,0.0,0.0,South Korea
Seoul,KR,2025-03-29,12:00:00,1743224400,2.4,-0.7,6.7,23.5,288.0,2.4,1.47,South Korea
Seoul,KR,2025-03-30,12:00:00,1743310800,2.0,-2.7,6.5,21.2,267.0,0.4,0.28,South Korea
Seoul,KR,2025-03-31,12:00:00,1743397200,5.5,-0.7,12.2,12.7,217.0,0.0,0.0,South Korea
Seoul,KR,2025-04-01,12:00:00,1743483600,8.3,1.7,15.3,10.0,206.0,0.0,0.0,South Korea
Seoul,KR,2025-04-02,12:00:00,1743570000,7.3,3.1,13.7,15.8,300.0,0.8,0.0,South Korea
Seoul,KR,2025-04-03,12:00:00,1743656400,8.3,1.7,15.6,15.0,341.0,0.0,0.0,South Korea
Seoul,KR,2025-04-04,12:00:00,1743742800,9.5,4.8,14.7,12.5,226.0,0.0,0.0,South Korea
Seoul,KR,2025-04-05,12:00:00,1743829200,7.4,5.7,9.3,9.3,107.0,14.4,0.0,South Korea
Seoul,KR,2025-04-06,12:00:00,1743915600,8.5,4.4,13.9,16.0,245.0,0.0,0.0,South Korea
Seoul,KR,2025-04-07,12:00:00,1744002000,11.1,3.6,19.0,15.1,199.0,0.0,0.0,South Korea
Seoul,KR,2025-04-08,12:00:00,1744088400,12.2,6.8,18.0,15.8,260.0,0.0,0.0,South Korea
Seoul,KR,2025-04-09,12:00:00,1744174800,10.9,5.9,17.2,13.5,202.0,0.8,0.0,South Korea
Seoul,KR,2025-04-10,12:00:00,1744261200,11.9,5.6,19.1,11.7,288.0,0.2,0.0,South Korea
Seoul,KR,2025-04-11,12:00:00,1744347600,14.7,6.4,23.0,9.1,248.0,0.0,0.0,South Korea
Seoul,KR,2025-04-12,12:00:00,1744434000,14.0,1.9,23.6,18.3,160.0,14.6,2.1,South Korea
Seoul,KR,2025-04-13,12:00:00,1744520400,4.4,1.3,7.1,29.2,241.0,9.7,4.69,South Korea
Seoul,KR,2025-04-14,12:00:00,1744606800,4.7,2.2,8.6,16.9,172.0,11.8,2.17,South Korea
Seoul,KR,2025-04-15,12:00:00,1744693200,6.5,0.3,13.1,16.5,261.0,0.0,0.0,South Korea
Seoul,KR,2025-04-16,12:00:00,1744779600,11.9,4.3,20.7,12.2,166.0,0.1,0.0,South Korea
Seoul,KR,2025-04-17,12:00:00,1744866000,17.4,12.0,23.4,17.2,195.0,0.1,0.0,South Korea
Seoul,KR,2025-04-18,12:00:00,1744952400,16.3,13.0,21.6,11.7,243.0,0.0,0.0,South Korea
Seoul,KR,2025-04-19,12:00:00,1745038800,13.9,10.8,18.2,20.4,231.0,22.4,0.0,South Korea
Seoul,KR,2025-04-20,12:00:00,1745125200,15.4,10.2,22.2,5.9,351.0,0.0,0.0,South Korea
Seoul,KR,2025-04-21,12:00:00,1745211600,18.1,12.1,24.7,11.6,151.0,0.0,0.0,South Korea
Seoul,KR,2025-04-22,12:00:00,1745298000,16.8,15.2,18.0,10.1,1.0,28.5,0.0,South Korea
Seoul,KR,2025-04-23,12:00:00,1745384400,15.1,9.4,21.2,8.7,40.0,0.0,0.0,South Korea
Seoul,KR,2025-04-24,12:00:00,1745470800,13.0,8.8,17.9,18.0,256.0,0.0,0.0,South Korea
Seoul,KR,2025-04-25,12:00:00,1745557200,10.9,6.0,16.3,20.0,277.0,0.0,0.0,South Korea
Seoul,KR,2025-04-26,12:00:00,1745643600,11.7,6.0,16.9,15.1,223.0,0.0,0.0,South Korea
Seoul,KR,2025-04-27,12:00:00,1745730000,12.8,8.5,17.4,16.2,227.0,0.0,0.0,South Korea
Seoul,KR,2025-04-28,12:00:00,1745816400,13.0,8.0,19.1,20.7,296.0,0.0,0.0,South Korea
Seoul,KR,2025-04-29,12:00:00,1745902800,12.5,6.9,18.2,11.9,232.0,0.0,0.0,South Korea
Seoul,KR,2025-04-30,12:00:00,1745989200,15.9,8.8,23.6,15.4,177.0,0.0,0.0,South Korea
Seoul,KR,2025-05-01,12:00:00,1746075600,13.3,10.7,14.9,15.7,198.0,18.4,0.0,South Korea
Seoul,KR,2025-05-02,12:00:00,1746162000,12.4,7.6,17.9,18.5,285.0,0.0,0.0,South Korea
Seoul,KR,2025-05-03,12:00:00,1746248400,10.8,9.3,13.2,16.8,267.0,10.0,0.0,South Korea
Seoul,KR,2025-05-04,12:00:00,1746334800,12.4,7.7,17.9,22.8,256.0,0.0,0.0,South Korea
Seoul,KR,2025-05-05,12:00:00,1746421200,11.1,7.5,13.8,9.8,76.0,0.4,0.0,South Korea
Seoul,KR,2025-05-06,12:00:00,1746507600,12.9,7.0,18.5,11.1,343.0,0.0,0.0,South Korea
Seoul,KR,2025-05-07,12:00:00,1746594000,13.3,8.5,18.6,11.0,263.0,0.1,0.0,South Korea
Seoul,KR,2025-05-08,12:00:00,1746680400,15.6,8.7,22.8,10.3,188.0,0.0,0.0,South Korea
Seoul,KR,2025-05-09,12:00:00,1746766800,14.5,13.7,15.5,20.0,81.0,31.2,0.0,South Korea
Seoul,KR,2025-05-10,12:00:00,1746853200,12.7,11.2,14.6,18.4,236.0,8.7,0.0,South Korea
Seoul,KR,2025-05-11,12:00:00,1746939600,13.9,9.2,19.4,11.2,213.0,0.0,0.0,South Korea
Seoul,KR,2025-05-12,12:00:00,1747026000,15.5,8.9,21.5,12.1,204.0,0.0,0.0,South Korea
Seoul,KR,2025-05-13,12:00:00,1747112400,18.3,13.3,24.3,13.1,184.0,0.0,0.0,South Korea
Seoul,KR,2025-05-14,12:00:00,1747198800,19.2,12.5,25.9,13.4,206.0,0.4,0.0,South Korea
Seoul,KR,2025-05-15,12:00:00,1747285200,18.4,16.0,23.0,13.4,229.0,3.6,0.0,South Korea
Seoul,KR,2025-05-16,12:00:00,1747371600,18.6,16.1,23.2,11.2,112.0,18.5,0.0,South Korea
Seoul,KR,2025-05-17,12:00:00,1747458000,17.7,14.4,23.4,20.8,240.0,4.0,0.0,South Korea
Seoul,KR,2025-05-18,12:00:00,1747544400,14.3,10.0,19.8,14.5,276.0,0.0,0.0,South Korea
Seoul,KR,2025-05-19,12:00:00,1747630800,15.3,10.2,19.8,17.9,201.0,0.2,0.0,South Korea
Seoul,KR,2025-05-20,12:00:00,1747717200,20.7,16.6,25.8,17.3,215.0,0.6,0.0,South Korea
Seoul,KR,2025-05-21,12:00:00,1747803600,23.7,19.3,29.7,13.6,290.0,0.1,0.0,South Korea
Seoul,KR,2025-05-22,12:00:00,1747890000,22.1,18.6,27.0,10.5,64.0,0.2,0.0,South Korea
Seoul,KR,2025-05-23,12:00:00,1747976400,19.9,15.0,24.2,12.9,109.0,2.3,0.0,South Korea
Seoul,KR,2025-05-24,12:00:00,1748062800,15.4,13.9,17.8,14.0,66.0,0.8,0.0,South Korea
Seoul,KR,2025-05-25,12:00:00,1748149200,16.3,10.9,21.4,13.1,262.0,0.0,0.0,South Korea
Seoul,KR,2025-05-26,12:00:00,1748235600,18.9,12.5,26.2,11.6,223.0,0.0,0.0,South Korea
Seoul,KR,2025-05-27,12:00:00,1748322000,20.2,13.8,27.3,10.5,234.0,0.2,0.0,South Korea
Seoul,KR,2025-05-28,12:00:00,1748408400,,14.5,20.0,3.6,,0.0,,South Korea
