city,country_code,date,time,timestamp,temp,temp_min,temp_max,wind_speed,wind_deg,precipitation,snow,country
Manila,PH,2005-05-25,12:00:00,1116997200,28.6,25.7,32.4,10.0,202.0,1.1,0.0,Philippines
Manila,PH,2005-05-26,12:00:00,1117083600,28.1,25.9,31.1,11.5,236.0,6.9,0.0,Philippines
Manila,PH,2005-05-27,12:00:00,1117170000,27.5,25.5,30.3,12.4,252.0,2.2,0.0,Philippines
Manila,PH,2005-05-28,12:00:00,1117256400,27.6,24.9,31.4,13.0,244.0,7.2,0.0,Philippines
Manila,PH,2005-05-29,12:00:00,1117342800,27.5,25.5,31.1,14.7,249.0,2.2,0.0,Philippines
Manila,PH,2005-05-30,12:00:00,1117429200,27.1,25.5,30.1,11.5,252.0,8.7,0.0,Philippines
Manila,PH,2005-05-31,12:00:00,1117515600,27.5,25.6,30.2,12.2,259.0,2.1,0.0,Philippines
Manila,PH,2005-06-01,12:00:00,1117602000,27.1,25.0,30.3,15.6,265.0,13.2,0.0,Philippines
Manila,PH,2005-06-02,12:00:00,1117688400,27.6,25.5,30.8,14.8,242.0,2.1,0.0,Philippines
Manila,PH,2005-06-03,12:00:00,1117774800,27.4,25.4,30.3,20.7,260.0,9.4,0.0,Philippines
Manila,PH,2005-06-04,12:00:00,1117861200,27.6,25.4,30.5,20.6,262.0,4.3,0.0,Philippines
Manila,PH,2005-06-05,12:00:00,1117947600,26.8,25.3,28.6,18.6,259.0,8.1,0.0,Philippines
Manila,PH,2005-06-06,12:00:00,1118034000,26.2,25.2,28.0,21.0,243.0,18.1,0.0,Philippines
Manila,PH,2005-06-07,12:00:00,1118120400,26.1,24.9,27.6,17.1,228.0,11.0,0.0,Philippines
Manila,PH,2005-06-08,12:00:00,1118206800,26.3,25.1,28.5,19.5,235.0,9.9,0.0,Philippines
Manila,PH,2005-06-09,12:00:00,1118293200,26.3,24.9,28.7,18.3,254.0,9.2,0.0,Philippines
Manila,PH,2005-06-10,12:00:00,1118379600,27.2,25.1,30.3,19.2,253.0,2.1,0.0,Philippines
Manila,PH,2005-06-11,12:00:00,1118466000,27.9,25.7,30.6,11.5,257.0,0.3,0.0,Philippines
Manila,PH,2005-06-12,12:00:00,1118552400,28.6,26.0,31.9,9.0,197.0,3.5,0.0,Philippines
Manila,PH,2005-06-13,12:00:00,1118638800,27.9,25.1,31.4,10.5,183.0,14.0,0.0,Philippines
Manila,PH,2005-06-14,12:00:00,1118725200,27.5,25.3,30.5,8.4,179.0,3.7,0.0,Philippines
Manila,PH,2005-06-15,12:00:00,1118811600,27.7,25.5,31.4,12.3,136.0,2.8,0.0,Philippines
Manila,PH,2005-06-16,12:00:00,1118898000,28.4,25.7,31.0,13.0,135.0,0.1,0.0,Philippines
Manila,PH,2005-06-17,12:00:00,1118984400,27.7,25.8,30.0,9.2,109.0,3.5,0.0,Philippines
Manila,PH,2005-06-18,12:00:00,1119070800,28.1,25.6,31.2,9.2,114.0,0.3,0.0,Philippines
Manila,PH,2005-06-19,12:00:00,1119157200,28.1,26.0,31.1,8.9,134.0,2.2,0.0,Philippines
Manila,PH,2005-06-20,12:00:00,1119243600,28.2,26.0,31.5,14.3,128.0,4.3,0.0,Philippines
Manila,PH,2005-06-21,12:00:00,1119330000,27.9,25.9,31.1,15.3,131.0,5.1,0.0,Philippines
Manila,PH,2005-06-22,12:00:00,1119416400,27.9,25.5,31.6,14.0,133.0,14.0,0.0,Philippines
Manila,PH,2005-06-23,12:00:00,1119502800,27.6,25.5,31.0,10.7,167.0,4.8,0.0,Philippines
Manila,PH,2005-06-24,12:00:00,1119589200,27.2,24.9,30.1,6.9,250.0,7.1,0.0,Philippines
Manila,PH,2005-06-25,12:00:00,1119675600,27.1,25.0,30.4,13.1,292.0,11.5,0.0,Philippines
Manila,PH,2005-06-26,12:00:00,1119762000,26.7,24.9,29.4,15.1,244.0,3.5,0.0,Philippines
Manila,PH,2005-06-27,12:00:00,1119848400,26.5,24.7,29.9,10.7,220.0,9.0,0.0,Philippines
Manila,PH,2005-06-28,12:00:00,1119934800,26.3,24.6,28.4,12.5,249.0,6.2,0.0,Philippines
Manila,PH,2005-06-29,12:00:00,1120021200,26.8,25.0,29.5,7.6,119.0,30.4,0.0,Philippines
Manila,PH,2005-06-30,12:00:00,1120107600,26.4,24.7,29.3,12.4,87.0,12.1,0.0,Philippines
Manila,PH,2005-07-01,12:00:00,1120194000,27.3,25.2,29.9,14.8,91.0,2.6,0.0,Philippines
Manila,PH,2005-07-02,12:00:00,1120280400,27.6,25.3,30.7,17.3,102.0,2.7,0.0,Philippines
Manila,PH,2005-07-03,12:00:00,1120366800,27.4,25.3,30.2,13.5,113.0,2.1,0.0,Philippines
Manila,PH,2005-07-04,12:00:00,1120453200,26.8,25.1,29.8,10.0,102.0,6.5,0.0,Philippines
Manila,PH,2005-07-05,12:00:00,1120539600,25.1,24.5,26.1,14.0,229.0,66.0,0.0,Philippines
Manila,PH,2005-07-06,12:00:00,1120626000,25.9,24.3,27.4,11.6,191.0,9.5,0.0,Philippines
Manila,PH,2005-07-07,12:00:00,1120712400,27.0,24.5,29.4,13.4,213.0,2.4,0.0,Philippines
Manila,PH,2005-07-08,12:00:00,1120798800,27.5,24.6,30.9,11.1,98.0,1.9,0.0,Philippines
Manila,PH,2005-07-09,12:00:00,1120885200,27.4,25.3,31.1,16.2,93.0,6.2,0.0,Philippines
Manila,PH,2005-07-10,12:00:00,1120971600,27.3,25.2,30.1,13.2,114.0,1.1,0.0,Philippines
Manila,PH,2005-07-11,12:00:00,1121058000,28.1,25.3,31.5,12.2,117.0,0.0,0.0,Philippines
Manila,PH,2005-07-12,12:00:00,1121144400,27.9,25.3,30.7,7.9,90.0,4.7,0.0,Philippines
Manila,PH,2005-07-13,12:00:00,1121230800,27.3,25.3,29.7,7.6,72.0,6.3,0.0,Philippines
Manila,PH,2005-07-14,12:00:00,1121317200,27.7,25.0,30.3,10.3,82.0,1.8,0.0,Philippines
Manila,PH,2005-07-15,12:00:00,1121403600,27.8,25.3,31.0,9.3,79.0,2.8,0.0,Philippines
Manila,PH,2005-07-16,12:00:00,1121490000,27.7,25.4,30.0,19.5,274.0,2.6,0.0,Philippines
Manila,PH,2005-07-17,12:00:00,1121576400,27.1,25.1,29.6,26.6,253.0,7.3,0.0,Philippines
Manila,PH,2005-07-18,12:00:00,1121662800,26.4,25.1,28.2,26.9,241.0,6.8,0.0,Philippines
Manila,PH,2005-07-19,12:00:00,1121749200,26.7,25.2,28.5,24.0,235.0,8.0,0.0,Philippines
Manila,PH,2005-07-20,12:00:00,1121835600,26.3,25.3,27.6,23.0,244.0,8.0,0.0,Philippines
Manila,PH,2005-07-21,12:00:00,1121922000,26.6,24.8,28.6,19.1,252.0,13.7,0.0,Philippines
Manila,PH,2005-07-22,12:00:00,1122008400,26.6,24.6,29.2,11.1,251.0,10.0,0.0,Philippines
Manila,PH,2005-07-23,12:00:00,1122094800,27.0,24.9,29.8,13.9,236.0,3.3,0.0,Philippines
Manila,PH,2005-07-24,12:00:00,1122181200,26.9,24.8,29.8,15.3,264.0,1.8,0.0,Philippines
Manila,PH,2005-07-25,12:00:00,1122267600,26.9,24.7,29.7,15.9,248.0,1.3,0.0,Philippines
Manila,PH,2005-07-26,12:00:00,1122354000,26.6,25.0,29.4,17.4,217.0,5.8,0.0,Philippines
Manila,PH,2005-07-27,12:00:00,1122440400,25.6,25.1,27.2,16.2,191.0,21.9,0.0,Philippines
Manila,PH,2005-07-28,12:00:00,1122526800,25.6,25.0,26.7,15.8,212.0,44.8,0.0,Philippines
Manila,PH,2005-07-29,12:00:00,1122613200,26.7,25.0,29.5,8.7,163.0,15.0,0.0,Philippines
Manila,PH,2005-07-30,12:00:00,1122699600,27.3,24.9,30.0,10.0,127.0,1.6,0.0,Philippines
Manila,PH,2005-07-31,12:00:00,1122786000,27.4,25.4,30.0,6.1,341.0,5.8,0.0,Philippines
Manila,PH,2005-08-01,12:00:00,1122872400,26.9,24.8,30.0,16.1,297.0,5.6,0.0,Philippines
Manila,PH,2005-08-02,12:00:00,1122958800,26.8,25.1,29.0,24.2,269.0,3.0,0.0,Philippines
Manila,PH,2005-08-03,12:00:00,1123045200,26.2,25.4,27.4,24.1,251.0,2.9,0.0,Philippines
Manila,PH,2005-08-04,12:00:00,1123131600,26.3,25.3,28.2,30.5,245.0,4.8,0.0,Philippines
Manila,PH,2005-08-05,12:00:00,1123218000,26.1,24.9,28.1,24.7,240.0,8.0,0.0,Philippines
Manila,PH,2005-08-06,12:00:00,1123304400,25.9,25.0,28.1,23.8,241.0,10.7,0.0,Philippines
Manila,PH,2005-08-07,12:00:00,1123390800,25.7,24.8,27.7,19.3,233.0,11.8,0.0,Philippines
Manila,PH,2005-08-08,12:00:00,1123477200,25.4,24.8,27.1,20.7,226.0,39.3,0.0,Philippines
Manila,PH,2005-08-09,12:00:00,1123563600,25.4,24.8,26.8,17.4,232.0,27.9,0.0,Philippines
Manila,PH,2005-08-10,12:00:00,1123650000,25.2,24.6,26.2,16.8,241.0,26.2,0.0,Philippines
Manila,PH,2005-08-11,12:00:00,1123736400,25.0,24.3,26.4,31.4,236.0,51.5,0.0,Philippines
Manila,PH,2005-08-12,12:00:00,1123822800,25.2,24.6,26.3,33.4,216.0,42.5,0.0,Philippines
Manila,PH,2005-08-13,12:00:00,1123909200,26.3,24.4,29.2,12.1,203.0,6.4,0.0,Philippines
Manila,PH,2005-08-14,12:00:00,1123995600,26.5,24.1,29.3,13.7,254.0,0.6,0.0,Philippines
Manila,PH,2005-08-15,12:00:00,1124082000,26.3,24.1,29.0,10.6,257.0,9.8,0.0,Philippines
Manila,PH,2005-08-16,12:00:00,1124168400,26.2,23.9,29.2,10.8,234.0,2.8,0.0,Philippines
Manila,PH,2005-08-17,12:00:00,1124254800,27.1,24.5,30.0,8.6,193.0,0.9,0.0,Philippines
Manila,PH,2005-08-18,12:00:00,1124341200,27.7,25.0,30.1,7.8,261.0,0.3,0.0,Philippines
Manila,PH,2005-08-19,12:00:00,1124427600,27.7,25.1,30.1,10.4,269.0,0.2,0.0,Philippines
Manila,PH,2005-08-20,12:00:00,1124514000,27.4,25.6,29.8,13.6,243.0,0.5,0.0,Philippines
Manila,PH,2005-08-21,12:00:00,1124600400,27.7,25.4,30.0,10.5,273.0,0.1,0.0,Philippines
Manila,PH,2005-08-22,12:00:00,1124686800,27.8,25.2,30.9,5.8,316.0,6.9,0.0,Philippines
Manila,PH,2005-08-23,12:00:00,1124773200,27.3,24.9,30.2,11.3,310.0,0.5,0.0,Philippines
Manila,PH,2005-08-24,12:00:00,1124859600,27.4,25.2,30.4,11.0,293.0,0.5,0.0,Philippines
Manila,PH,2005-08-25,12:00:00,1124946000,26.8,25.0,29.2,9.7,304.0,1.5,0.0,Philippines
Manila,PH,2005-08-26,12:00:00,1125032400,25.9,24.7,27.7,9.7,309.0,16.2,0.0,Philippines
Manila,PH,2005-08-27,12:00:00,1125118800,25.3,24.2,28.0,7.2,164.0,28.4,0.0,Philippines
Manila,PH,2005-08-28,12:00:00,1125205200,26.2,24.2,29.3,12.4,245.0,5.8,0.0,Philippines
Manila,PH,2005-08-29,12:00:00,1125291600,26.4,24.2,29.1,16.7,259.0,5.4,0.0,Philippines
Manila,PH,2005-08-30,12:00:00,1125378000,26.4,24.6,28.3,21.3,268.0,7.0,0.0,Philippines
Manila,PH,2005-08-31,12:00:00,1125464400,26.2,25.1,28.3,23.1,256.0,4.2,0.0,Philippines
Manila,PH,2005-09-01,12:00:00,1125550800,26.3,25.0,28.5,21.3,248.0,6.3,0.0,Philippines
Manila,PH,2005-09-02,12:00:00,1125637200,26.3,25.0,28.3,16.3,254.0,2.7,0.0,Philippines
Manila,PH,2005-09-03,12:00:00,1125723600,26.2,24.9,28.4,14.7,251.0,8.2,0.0,Philippines
Manila,PH,2005-09-04,12:00:00,1125810000,26.0,24.7,28.2,16.9,249.0,9.1,0.0,Philippines
Manila,PH,2005-09-05,12:00:00,1125896400,26.5,24.5,29.2,15.4,264.0,5.1,0.0,Philippines
Manila,PH,2005-09-06,12:00:00,1125982800,26.8,24.9,29.2,13.4,260.0,1.9,0.0,Philippines
Manila,PH,2005-09-07,12:00:00,1126069200,27.1,25.2,29.3,7.4,229.0,4.7,0.0,Philippines
Manila,PH,2005-09-08,12:00:00,1126155600,27.0,24.9,29.9,8.4,170.0,3.1,0.0,Philippines
Manila,PH,2005-09-09,12:00:00,1126242000,26.6,24.8,29.1,11.5,246.0,4.2,0.0,Philippines
Manila,PH,2005-09-10,12:00:00,1126328400,26.6,24.8,29.1,12.6,217.0,3.4,0.0,Philippines
Manila,PH,2005-09-11,12:00:00,1126414800,26.8,24.9,29.6,8.8,136.0,5.7,0.0,Philippines
Manila,PH,2005-09-12,12:00:00,1126501200,26.7,24.9,29.0,11.1,114.0,7.0,0.0,Philippines
Manila,PH,2005-09-13,12:00:00,1126587600,26.4,24.4,29.6,9.3,64.0,19.8,0.0,Philippines
Manila,PH,2005-09-14,12:00:00,1126674000,25.6,24.6,27.3,16.2,303.0,20.9,0.0,Philippines
Manila,PH,2005-09-15,12:00:00,1126760400,24.9,24.2,26.0,8.6,334.0,51.9,0.0,Philippines
Manila,PH,2005-09-16,12:00:00,1126846800,25.2,24.5,26.8,16.9,113.0,37.6,0.0,Philippines
Manila,PH,2005-09-17,12:00:00,1126933200,27.0,25.2,29.6,22.3,109.0,0.9,0.0,Philippines
Manila,PH,2005-09-18,12:00:00,1127019600,27.1,24.7,29.8,9.7,84.0,0.2,0.0,Philippines
Manila,PH,2005-09-19,12:00:00,1127106000,26.1,24.4,28.9,13.2,326.0,13.4,0.0,Philippines
Manila,PH,2005-09-20,12:00:00,1127192400,26.1,24.4,29.2,14.2,269.0,4.9,0.0,Philippines
Manila,PH,2005-09-21,12:00:00,1127278800,25.9,25.4,26.6,28.1,252.0,9.7,0.0,Philippines
Manila,PH,2005-09-22,12:00:00,1127365200,26.2,24.5,28.4,27.9,250.0,5.3,0.0,Philippines
Manila,PH,2005-09-23,12:00:00,1127451600,25.4,24.4,27.4,23.4,227.0,9.0,0.0,Philippines
Manila,PH,2005-09-24,12:00:00,1127538000,25.1,23.8,27.5,15.1,220.0,12.3,0.0,Philippines
Manila,PH,2005-09-25,12:00:00,1127624400,26.5,23.6,29.6,12.0,219.0,2.2,0.0,Philippines
Manila,PH,2005-09-26,12:00:00,1127710800,27.0,24.5,30.0,10.8,322.0,0.2,0.0,Philippines
Manila,PH,2005-09-27,12:00:00,1127797200,27.1,24.7,30.2,6.9,329.0,1.8,0.0,Philippines
Manila,PH,2005-09-28,12:00:00,1127883600,27.2,24.0,30.0,6.4,64.0,0.7,0.0,Philippines
Manila,PH,2005-09-29,12:00:00,1127970000,27.5,24.9,30.3,6.8,104.0,1.7,0.0,Philippines
Manila,PH,2005-09-30,12:00:00,1128056400,27.5,24.5,29.9,5.5,129.0,1.8,0.0,Philippines
Manila,PH,2005-10-01,12:00:00,1128142800,27.1,24.9,29.4,15.3,253.0,0.8,0.0,Philippines
Manila,PH,2005-10-02,12:00:00,1128229200,26.7,24.9,28.9,14.0,254.0,0.9,0.0,Philippines
Manila,PH,2005-10-03,12:00:00,1128315600,26.6,24.4,29.9,9.7,300.0,5.0,0.0,Philippines
Manila,PH,2005-10-04,12:00:00,1128402000,25.8,24.2,27.4,6.5,11.0,16.4,0.0,Philippines
Manila,PH,2005-10-05,12:00:00,1128488400,26.2,24.6,28.2,6.2,293.0,4.0,0.0,Philippines
Manila,PH,2005-10-06,12:00:00,1128574800,26.0,24.4,28.3,7.6,203.0,11.2,0.0,Philippines
Manila,PH,2005-10-07,12:00:00,1128661200,25.5,24.3,27.9,5.4,322.0,51.6,0.0,Philippines
Manila,PH,2005-10-08,12:00:00,1128747600,25.6,24.2,28.0,8.7,170.0,6.7,0.0,Philippines
Manila,PH,2005-10-09,12:00:00,1128834000,25.6,24.5,26.7,5.1,238.0,14.9,0.0,Philippines
Manila,PH,2005-10-10,12:00:00,1128920400,26.4,24.4,29.2,7.2,105.0,11.8,0.0,Philippines
Manila,PH,2005-10-11,12:00:00,1129006800,26.5,24.3,29.4,6.9,332.0,3.9,0.0,Philippines
Manila,PH,2005-10-12,12:00:00,1129093200,26.3,24.5,29.2,5.4,207.0,9.2,0.0,Philippines
Manila,PH,2005-10-13,12:00:00,1129179600,26.8,23.6,29.7,5.1,319.0,0.4,0.0,Philippines
Manila,PH,2005-10-14,12:00:00,1129266000,27.1,24.9,29.8,7.0,122.0,2.3,0.0,Philippines
Manila,PH,2005-10-15,12:00:00,1129352400,27.4,24.9,29.9,8.3,280.0,0.2,0.0,Philippines
Manila,PH,2005-10-16,12:00:00,1129438800,27.3,25.2,30.0,6.8,41.0,1.8,0.0,Philippines
Manila,PH,2005-10-17,12:00:00,1129525200,27.1,25.1,30.0,12.6,86.0,0.0,0.0,Philippines
Manila,PH,2005-10-18,12:00:00,1129611600,26.8,25.2,29.4,20.4,77.0,0.0,0.0,Philippines
Manila,PH,2005-10-19,12:00:00,1129698000,26.6,25.3,28.9,18.5,74.0,0.3,0.0,Philippines
Manila,PH,2005-10-20,12:00:00,1129784400,26.8,24.5,29.7,13.0,85.0,0.9,0.0,Philippines
Manila,PH,2005-10-21,12:00:00,1129870800,27.3,24.0,30.6,11.8,86.0,0.1,0.0,Philippines
Manila,PH,2005-10-22,12:00:00,1129957200,27.3,24.2,30.1,17.4,76.0,0.2,0.0,Philippines
Manila,PH,2005-10-23,12:00:00,1130043600,26.7,24.3,29.6,18.6,70.0,1.2,0.0,Philippines
Manila,PH,2005-10-24,12:00:00,1130130000,26.9,25.1,29.5,21.1,73.0,0.0,0.0,Philippines
Manila,PH,2005-10-25,12:00:00,1130216400,26.8,25.2,29.0,19.7,75.0,0.0,0.0,Philippines
Manila,PH,2005-10-26,12:00:00,1130302800,27.1,24.8,30.5,18.5,73.0,0.2,0.0,Philippines
Manila,PH,2005-10-27,12:00:00,1130389200,25.7,25.1,26.4,19.0,67.0,22.9,0.0,Philippines
Manila,PH,2005-10-28,12:00:00,1130475600,25.6,25.0,26.4,19.1,91.0,31.2,0.0,Philippines
Manila,PH,2005-10-29,12:00:00,1130562000,26.3,24.4,28.8,13.1,96.0,0.6,0.0,Philippines
Manila,PH,2005-10-30,12:00:00,1130648400,26.3,24.7,29.3,13.2,88.0,4.7,0.0,Philippines
Manila,PH,2005-10-31,12:00:00,1130734800,25.9,24.4,28.1,13.1,80.0,7.0,0.0,Philippines
Manila,PH,2005-11-01,12:00:00,1130821200,26.5,24.5,29.0,18.1,82.0,0.0,0.0,Philippines
Manila,PH,2005-11-02,12:00:00,1130907600,26.8,25.2,29.3,23.5,69.0,0.3,0.0,Philippines
Manila,PH,2005-11-03,12:00:00,1130994000,26.8,25.4,29.0,14.2,74.0,1.4,0.0,Philippines
Manila,PH,2005-11-04,12:00:00,1131080400,27.3,25.3,29.8,20.0,82.0,0.5,0.0,Philippines
Manila,PH,2005-11-05,12:00:00,1131166800,27.3,25.3,30.0,13.1,82.0,0.0,0.0,Philippines
Manila,PH,2005-11-06,12:00:00,1131253200,27.2,24.7,30.6,11.5,82.0,0.0,0.0,Philippines
Manila,PH,2005-11-07,12:00:00,1131339600,26.7,23.6,30.0,14.2,91.0,0.0,0.0,Philippines
Manila,PH,2005-11-08,12:00:00,1131426000,27.2,24.9,30.2,12.6,86.0,0.0,0.0,Philippines
Manila,PH,2005-11-09,12:00:00,1131512400,27.2,24.9,30.6,16.2,76.0,0.0,0.0,Philippines
Manila,PH,2005-11-10,12:00:00,1131598800,25.8,24.0,27.7,17.5,77.0,43.4,0.0,Philippines
Manila,PH,2005-11-11,12:00:00,1131685200,26.6,24.5,29.2,15.6,152.0,36.3,0.0,Philippines
Manila,PH,2005-11-12,12:00:00,1131771600,26.8,24.3,29.7,9.9,99.0,1.7,0.0,Philippines
Manila,PH,2005-11-13,12:00:00,1131858000,26.9,24.8,29.9,12.9,83.0,0.3,0.0,Philippines
Manila,PH,2005-11-14,12:00:00,1131944400,26.8,24.4,29.5,8.4,51.0,0.9,0.0,Philippines
Manila,PH,2005-11-15,12:00:00,1132030800,26.7,24.3,29.4,6.0,98.0,0.1,0.0,Philippines
Manila,PH,2005-11-16,12:00:00,1132117200,26.9,24.4,29.6,5.9,54.0,0.1,0.0,Philippines
Manila,PH,2005-11-17,12:00:00,1132203600,26.2,24.4,28.8,19.9,69.0,0.0,0.0,Philippines
Manila,PH,2005-11-18,12:00:00,1132290000,25.3,23.7,27.6,15.0,37.0,0.0,0.0,Philippines
Manila,PH,2005-11-19,12:00:00,1132376400,23.3,22.1,24.6,9.8,333.0,10.0,0.0,Philippines
Manila,PH,2005-11-20,12:00:00,1132462800,25.3,22.3,28.0,7.2,92.0,0.0,0.0,Philippines
Manila,PH,2005-11-21,12:00:00,1132549200,26.7,24.0,30.0,11.7,94.0,0.0,0.0,Philippines
Manila,PH,2005-11-22,12:00:00,1132635600,26.8,24.5,29.7,15.5,84.0,0.0,0.0,Philippines
Manila,PH,2005-11-23,12:00:00,1132722000,26.9,24.5,30.1,17.3,76.0,0.0,0.0,Philippines
Manila,PH,2005-11-24,12:00:00,1132808400,26.4,24.2,29.0,14.8,74.0,0.0,0.0,Philippines
Manila,PH,2005-11-25,12:00:00,1132894800,26.5,24.4,29.3,18.9,75.0,0.0,0.0,Philippines
Manila,PH,2005-11-26,12:00:00,1132981200,26.3,24.6,28.8,19.0,73.0,0.0,0.0,Philippines
Manila,PH,2005-11-27,12:00:00,1133067600,26.0,24.3,28.5,19.0,75.0,0.1,0.0,Philippines
Manila,PH,2005-11-28,12:00:00,1133154000,26.0,24.5,28.3,15.7,73.0,6.5,0.0,Philippines
Manila,PH,2005-11-29,12:00:00,1133240400,26.0,23.9,28.3,10.2,66.0,4.9,0.0,Philippines
Manila,PH,2005-11-30,12:00:00,1133326800,26.1,24.1,28.8,14.8,81.0,0.0,0.0,Philippines
Manila,PH,2005-12-01,12:00:00,1133413200,26.4,24.3,29.1,17.8,80.0,0.0,0.0,Philippines
Manila,PH,2005-12-02,12:00:00,1133499600,26.5,24.4,29.3,19.0,76.0,0.2,0.0,Philippines
Manila,PH,2005-12-03,12:00:00,1133586000,26.3,24.6,28.4,15.5,81.0,0.4,0.0,Philippines
Manila,PH,2005-12-04,12:00:00,1133672400,26.0,24.3,28.5,11.2,74.0,2.0,0.0,Philippines
Manila,PH,2005-12-05,12:00:00,1133758800,26.1,24.2,28.6,19.4,69.0,0.0,0.0,Philippines
Manila,PH,2005-12-06,12:00:00,1133845200,23.8,22.5,24.6,18.5,50.0,7.6,0.0,Philippines
Manila,PH,2005-12-07,12:00:00,1133931600,23.7,22.2,25.4,24.3,60.0,22.8,0.0,Philippines
Manila,PH,2005-12-08,12:00:00,1134018000,24.2,23.5,25.2,18.5,68.0,51.1,0.0,Philippines
Manila,PH,2005-12-09,12:00:00,1134104400,24.9,23.9,26.3,15.0,76.0,12.9,0.0,Philippines
Manila,PH,2005-12-10,12:00:00,1134190800,25.6,23.8,28.3,16.4,77.0,3.0,0.0,Philippines
Manila,PH,2005-12-11,12:00:00,1134277200,25.8,24.2,28.2,19.2,76.0,0.0,0.0,Philippines
Manila,PH,2005-12-12,12:00:00,1134363600,25.9,24.3,28.6,21.4,74.0,0.3,0.0,Philippines
Manila,PH,2005-12-13,12:00:00,1134450000,25.6,24.5,27.6,21.3,72.0,2.9,0.0,Philippines
Manila,PH,2005-12-14,12:00:00,1134536400,25.2,24.0,26.9,24.2,67.0,3.7,0.0,Philippines
Manila,PH,2005-12-15,12:00:00,1134622800,24.8,23.8,26.1,19.8,66.0,21.2,0.0,Philippines
Manila,PH,2005-12-16,12:00:00,1134709200,25.0,24.0,26.9,25.3,59.0,0.1,0.0,Philippines
Manila,PH,2005-12-17,12:00:00,1134795600,24.0,22.8,25.1,23.7,55.0,17.8,0.0,Philippines
Manila,PH,2005-12-18,12:00:00,1134882000,23.6,22.7,25.2,30.6,60.0,1.9,0.0,Philippines
Manila,PH,2005-12-19,12:00:00,1134968400,24.1,22.5,25.8,27.4,69.0,2.8,0.0,Philippines
Manila,PH,2005-12-20,12:00:00,1135054800,25.4,23.7,27.7,23.4,75.0,0.9,0.0,Philippines
Manila,PH,2005-12-21,12:00:00,1135141200,24.9,24.0,26.2,16.8,70.0,2.5,0.0,Philippines
Manila,PH,2005-12-22,12:00:00,1135227600,24.3,22.5,26.4,24.7,65.0,0.0,0.0,Philippines
Manila,PH,2005-12-23,12:00:00,1135314000,23.0,21.8,25.0,28.8,72.0,0.0,0.0,Philippines
Manila,PH,2005-12-24,12:00:00,1135400400,23.2,21.5,25.6,23.8,77.0,0.0,0.0,Philippines
Manila,PH,2005-12-25,12:00:00,1135486800,23.6,20.6,26.6,16.7,68.0,0.0,0.0,Philippines
Manila,PH,2005-12-26,12:00:00,1135573200,23.2,22.2,24.7,15.6,43.0,7.3,0.0,Philippines
Manila,PH,2005-12-27,12:00:00,1135659600,24.1,21.8,26.0,26.1,61.0,14.4,0.0,Philippines
Manila,PH,2005-12-28,12:00:00,1135746000,25.4,23.6,28.0,19.8,81.0,0.8,0.0,Philippines
Manila,PH,2005-12-29,12:00:00,1135832400,25.6,23.7,28.1,18.0,85.0,0.0,0.0,Philippines
Manila,PH,2005-12-30,12:00:00,1135918800,25.6,23.5,28.3,17.2,80.0,0.2,0.0,Philippines
Manila,PH,2005-12-31,12:00:00,1136005200,25.6,23.5,28.3,15.3,74.0,0.3,0.0,Philippines
Manila,PH,2006-01-01,12:00:00,1136091600,25.5,23.8,27.7,19.8,84.0,0.1,0.0,Philippines
Manila,PH,2006-01-02,12:00:00,1136178000,25.5,24.0,27.9,17.0,78.0,0.0,0.0,Philippines
Manila,PH,2006-01-03,12:00:00,1136264400,25.3,23.5,28.0,18.9,76.0,0.0,0.0,Philippines
Manila,PH,2006-01-04,12:00:00,1136350800,25.2,23.2,28.0,21.6,78.0,0.0,0.0,Philippines
Manila,PH,2006-01-05,12:00:00,1136437200,25.1,23.1,27.4,10.8,62.0,0.0,0.0,Philippines
Manila,PH,2006-01-06,12:00:00,1136523600,24.9,23.3,27.4,21.7,76.0,0.0,0.0,Philippines
Manila,PH,2006-01-07,12:00:00,1136610000,24.2,22.4,27.0,22.9,67.0,0.0,0.0,Philippines
Manila,PH,2006-01-08,12:00:00,1136696400,23.9,22.1,26.9,24.3,71.0,0.0,0.0,Philippines
Manila,PH,2006-01-09,12:00:00,1136782800,24.0,21.8,26.6,16.2,65.0,0.0,0.0,Philippines
Manila,PH,2006-01-10,12:00:00,1136869200,24.2,22.5,26.8,19.9,82.0,0.0,0.0,Philippines
Manila,PH,2006-01-11,12:00:00,1136955600,24.3,20.6,28.7,14.7,87.0,0.0,0.0,Philippines
Manila,PH,2006-01-12,12:00:00,1137042000,24.7,20.0,29.0,16.9,88.0,0.0,0.0,Philippines
Manila,PH,2006-01-13,12:00:00,1137128400,25.7,23.0,29.0,15.8,71.0,0.5,0.0,Philippines
Manila,PH,2006-01-14,12:00:00,1137214800,25.9,23.8,29.0,15.7,73.0,0.6,0.0,Philippines
Manila,PH,2006-01-15,12:00:00,1137301200,26.1,23.9,29.0,19.9,80.0,0.0,0.0,Philippines
Manila,PH,2006-01-16,12:00:00,1137387600,26.1,24.0,29.3,23.2,76.0,0.0,0.0,Philippines
Manila,PH,2006-01-17,12:00:00,1137474000,25.8,22.8,29.6,21.1,77.0,0.0,0.0,Philippines
Manila,PH,2006-01-18,12:00:00,1137560400,25.8,23.5,29.2,17.7,84.0,0.0,0.0,Philippines
Manila,PH,2006-01-19,12:00:00,1137646800,25.7,22.2,29.7,12.0,81.0,0.3,0.0,Philippines
Manila,PH,2006-01-20,12:00:00,1137733200,25.9,23.1,29.5,11.2,87.0,0.2,0.0,Philippines
Manila,PH,2006-01-21,12:00:00,1137819600,25.5,22.6,28.9,6.4,100.0,0.1,0.0,Philippines
Manila,PH,2006-01-22,12:00:00,1137906000,25.2,23.1,28.2,10.9,57.0,0.6,0.0,Philippines
Manila,PH,2006-01-23,12:00:00,1137992400,25.5,22.4,28.3,10.8,41.0,0.7,0.0,Philippines
Manila,PH,2006-01-24,12:00:00,1138078800,24.4,24.1,24.9,18.0,10.0,50.0,0.0,Philippines
Manila,PH,2006-01-25,12:00:00,1138165200,26.0,24.0,28.8,22.4,82.0,4.8,0.0,Philippines
Manila,PH,2006-01-26,12:00:00,1138251600,24.9,23.7,26.4,11.8,61.0,3.2,0.0,Philippines
Manila,PH,2006-01-27,12:00:00,1138338000,25.5,23.2,28.4,10.5,78.0,0.5,0.0,Philippines
Manila,PH,2006-01-28,12:00:00,1138424400,25.7,23.4,28.8,14.1,92.0,0.4,0.0,Philippines
Manila,PH,2006-01-29,12:00:00,1138510800,26.1,23.6,29.4,11.3,84.0,0.5,0.0,Philippines
Manila,PH,2006-01-30,12:00:00,1138597200,25.9,23.6,28.8,16.5,88.0,0.0,0.0,Philippines
Manila,PH,2006-01-31,12:00:00,1138683600,25.9,23.1,29.1,9.1,70.0,0.1,0.0,Philippines
Manila,PH,2006-02-01,12:00:00,1138770000,26.0,23.6,29.2,15.2,79.0,0.0,0.0,Philippines
Manila,PH,2006-02-02,12:00:00,1138856400,25.7,24.0,28.3,21.6,80.0,0.0,0.0,Philippines
Manila,PH,2006-02-03,12:00:00,1138942800,25.5,23.9,27.7,22.5,70.0,0.0,0.0,Philippines
Manila,PH,2006-02-04,12:00:00,1139029200,24.7,23.3,26.9,29.4,68.0,0.0,0.0,Philippines
Manila,PH,2006-02-05,12:00:00,1139115600,24.4,22.3,27.1,28.4,69.0,0.0,0.0,Philippines
Manila,PH,2006-02-06,12:00:00,1139202000,24.1,22.9,25.9,18.2,70.0,1.6,0.0,Philippines
Manila,PH,2006-02-07,12:00:00,1139288400,24.9,23.2,27.6,15.9,75.0,2.4,0.0,Philippines
Manila,PH,2006-02-08,12:00:00,1139374800,24.8,23.4,27.2,28.0,76.0,0.5,0.0,Philippines
Manila,PH,2006-02-09,12:00:00,1139461200,23.7,22.5,25.2,32.5,70.0,0.0,0.0,Philippines
Manila,PH,2006-02-10,12:00:00,1139547600,23.9,22.1,26.5,30.8,71.0,0.0,0.0,Philippines
Manila,PH,2006-02-11,12:00:00,1139634000,24.4,21.9,27.4,21.7,75.0,0.0,0.0,Philippines
Manila,PH,2006-02-12,12:00:00,1139720400,24.8,22.1,28.4,22.8,66.0,0.0,0.0,Philippines
Manila,PH,2006-02-13,12:00:00,1139806800,24.9,23.6,26.8,24.8,75.0,0.8,0.0,Philippines
Manila,PH,2006-02-14,12:00:00,1139893200,25.7,23.8,27.9,18.8,82.0,0.0,0.0,Philippines
Manila,PH,2006-02-15,12:00:00,1139979600,26.3,24.1,29.5,20.2,88.0,0.0,0.0,Philippines
Manila,PH,2006-02-16,12:00:00,1140066000,26.4,23.2,30.1,17.0,88.0,0.0,0.0,Philippines
Manila,PH,2006-02-17,12:00:00,1140152400,26.0,23.4,29.5,25.9,81.0,0.0,0.0,Philippines
Manila,PH,2006-02-18,12:00:00,1140238800,25.9,23.8,29.1,19.9,74.0,0.0,0.0,Philippines
Manila,PH,2006-02-19,12:00:00,1140325200,26.3,22.9,30.3,17.4,73.0,0.0,0.0,Philippines
Manila,PH,2006-02-20,12:00:00,1140411600,26.6,24.5,30.6,22.4,73.0,0.0,0.0,Philippines
Manila,PH,2006-02-21,12:00:00,1140498000,26.2,23.8,29.4,26.6,77.0,0.0,0.0,Philippines
Manila,PH,2006-02-22,12:00:00,1140584400,26.6,24.6,29.3,24.2,76.0,0.0,0.0,Philippines
Manila,PH,2006-02-23,12:00:00,1140670800,26.3,24.3,29.6,26.9,78.0,0.1,0.0,Philippines
Manila,PH,2006-02-24,12:00:00,1140757200,26.3,24.5,29.6,25.7,76.0,0.0,0.0,Philippines
Manila,PH,2006-02-25,12:00:00,1140843600,26.4,23.5,30.2,21.8,81.0,0.0,0.0,Philippines
Manila,PH,2006-02-26,12:00:00,1140930000,26.2,22.7,29.8,13.8,89.0,0.1,0.0,Philippines
Manila,PH,2006-02-27,12:00:00,1141016400,26.2,23.9,29.3,20.6,88.0,0.0,0.0,Philippines
Manila,PH,2006-02-28,12:00:00,1141102800,26.4,22.1,30.6,14.6,97.0,0.0,0.0,Philippines
Manila,PH,2006-03-01,12:00:00,1141189200,26.2,22.4,30.4,12.3,311.0,0.0,0.0,Philippines
Manila,PH,2006-03-02,12:00:00,1141275600,26.0,22.6,29.6,14.0,55.0,0.0,0.0,Philippines
Manila,PH,2006-03-03,12:00:00,1141362000,25.6,23.0,28.7,12.3,68.0,0.1,0.0,Philippines
Manila,PH,2006-03-04,12:00:00,1141448400,25.5,22.9,28.6,19.5,80.0,0.0,0.0,Philippines
Manila,PH,2006-03-05,12:00:00,1141534800,25.5,23.5,28.9,21.4,75.0,0.3,0.0,Philippines
Manila,PH,2006-03-06,12:00:00,1141621200,25.1,24.0,27.8,17.2,82.0,4.5,0.0,Philippines
Manila,PH,2006-03-07,12:00:00,1141707600,26.5,22.7,31.0,16.9,80.0,0.0,0.0,Philippines
Manila,PH,2006-03-08,12:00:00,1141794000,26.8,23.5,30.6,18.8,84.0,0.0,0.0,Philippines
Manila,PH,2006-03-09,12:00:00,1141880400,27.2,24.2,31.5,15.1,77.0,0.0,0.0,Philippines
Manila,PH,2006-03-10,12:00:00,1141966800,26.7,24.5,29.8,16.2,88.0,0.1,0.0,Philippines
Manila,PH,2006-03-11,12:00:00,1142053200,26.0,24.3,28.1,17.5,92.0,3.1,0.0,Philippines
Manila,PH,2006-03-12,12:00:00,1142139600,26.8,23.8,30.6,13.2,101.0,0.2,0.0,Philippines
Manila,PH,2006-03-13,12:00:00,1142226000,27.0,24.4,30.6,13.0,92.0,0.3,0.0,Philippines
Manila,PH,2006-03-14,12:00:00,1142312400,26.8,24.8,30.1,21.6,83.0,0.0,0.0,Philippines
Manila,PH,2006-03-15,12:00:00,1142398800,26.7,24.4,30.1,20.5,83.0,0.0,0.0,Philippines
Manila,PH,2006-03-16,12:00:00,1142485200,27.0,24.3,31.0,20.5,88.0,0.0,0.0,Philippines
Manila,PH,2006-03-17,12:00:00,1142571600,27.4,24.5,31.2,22.8,85.0,0.0,0.0,Philippines
Manila,PH,2006-03-18,12:00:00,1142658000,27.4,23.9,31.6,18.1,87.0,0.0,0.0,Philippines
Manila,PH,2006-03-19,12:00:00,1142744400,27.2,22.8,32.2,17.7,86.0,0.0,0.0,Philippines
Manila,PH,2006-03-20,12:00:00,1142830800,27.3,24.6,31.1,24.3,86.0,0.0,0.0,Philippines
Manila,PH,2006-03-21,12:00:00,1142917200,27.1,24.0,31.0,19.9,87.0,0.0,0.0,Philippines
Manila,PH,2006-03-22,12:00:00,1143003600,27.4,23.5,31.9,15.5,94.0,0.0,0.0,Philippines
Manila,PH,2006-03-23,12:00:00,1143090000,27.6,23.5,32.1,16.5,97.0,0.0,0.0,Philippines
Manila,PH,2006-03-24,12:00:00,1143176400,27.8,24.2,31.9,17.0,90.0,0.1,0.0,Philippines
Manila,PH,2006-03-25,12:00:00,1143262800,28.0,24.7,32.0,20.2,90.0,0.0,0.0,Philippines
Manila,PH,2006-03-26,12:00:00,1143349200,28.4,24.4,32.7,10.9,90.0,0.0,0.0,Philippines
Manila,PH,2006-03-27,12:00:00,1143435600,28.7,25.3,32.9,7.3,97.0,0.0,0.0,Philippines
Manila,PH,2006-03-28,12:00:00,1143522000,28.8,24.9,33.2,9.7,64.0,0.0,0.0,Philippines
Manila,PH,2006-03-29,12:00:00,1143608400,27.8,25.4,30.8,17.9,84.0,0.1,0.0,Philippines
Manila,PH,2006-03-30,12:00:00,1143694800,26.6,24.8,31.1,11.2,66.0,65.4,0.0,Philippines
Manila,PH,2006-03-31,12:00:00,1143781200,25.9,24.3,28.4,19.5,89.0,11.5,0.0,Philippines
Manila,PH,2006-04-01,12:00:00,1143867600,26.8,24.9,29.4,18.4,93.0,0.2,0.0,Philippines
Manila,PH,2006-04-02,12:00:00,1143954000,27.2,24.5,30.6,9.7,91.0,0.0,0.0,Philippines
Manila,PH,2006-04-03,12:00:00,1144040400,27.1,24.3,30.3,16.7,99.0,0.0,0.0,Philippines
Manila,PH,2006-04-04,12:00:00,1144126800,27.4,23.7,31.0,14.0,98.0,0.0,0.0,Philippines
Manila,PH,2006-04-05,12:00:00,1144213200,27.8,24.5,31.3,13.9,96.0,0.1,0.0,Philippines
Manila,PH,2006-04-06,12:00:00,1144299600,28.0,24.6,31.7,13.7,96.0,0.0,0.0,Philippines
Manila,PH,2006-04-07,12:00:00,1144386000,27.8,24.9,31.6,15.5,93.0,0.0,0.0,Philippines
Manila,PH,2006-04-08,12:00:00,1144472400,27.3,24.6,30.7,21.0,86.0,0.0,0.0,Philippines
Manila,PH,2006-04-09,12:00:00,1144558800,27.5,24.8,30.6,22.3,87.0,0.0,0.0,Philippines
Manila,PH,2006-04-10,12:00:00,1144645200,27.8,25.1,30.8,13.6,99.0,0.2,0.0,Philippines
Manila,PH,2006-04-11,12:00:00,1144731600,28.3,25.3,31.9,15.8,103.0,0.0,0.0,Philippines
Manila,PH,2006-04-12,12:00:00,1144818000,28.3,25.1,32.1,14.2,96.0,0.0,0.0,Philippines
Manila,PH,2006-04-13,12:00:00,1144904400,28.4,25.1,32.7,15.2,98.0,0.0,0.0,Philippines
Manila,PH,2006-04-14,12:00:00,1144990800,27.9,23.1,32.6,18.0,87.0,0.0,0.0,Philippines
Manila,PH,2006-04-15,12:00:00,1145077200,28.0,24.8,31.5,13.7,90.0,0.0,0.0,Philippines
Manila,PH,2006-04-16,12:00:00,1145163600,28.0,24.8,31.4,12.7,94.0,0.1,0.0,Philippines
Manila,PH,2006-04-17,12:00:00,1145250000,27.8,24.7,31.4,18.7,96.0,0.0,0.0,Philippines
Manila,PH,2006-04-18,12:00:00,1145336400,27.8,24.6,31.8,19.5,91.0,0.0,0.0,Philippines
Manila,PH,2006-04-19,12:00:00,1145422800,28.0,23.5,32.6,17.3,89.0,0.0,0.0,Philippines
Manila,PH,2006-04-20,12:00:00,1145509200,28.2,24.9,31.9,17.0,86.0,0.0,0.0,Philippines
Manila,PH,2006-04-21,12:00:00,1145595600,28.5,25.3,32.9,18.4,94.0,0.0,0.0,Philippines
Manila,PH,2006-04-22,12:00:00,1145682000,28.0,23.2,32.7,13.7,99.0,0.0,0.0,Philippines
Manila,PH,2006-04-23,12:00:00,1145768400,28.3,23.8,33.0,15.5,97.0,0.0,0.0,Philippines
Manila,PH,2006-04-24,12:00:00,1145854800,28.2,24.0,32.5,15.6,91.0,0.0,0.0,Philippines
Manila,PH,2006-04-25,12:00:00,1145941200,28.4,24.6,32.6,17.5,92.0,0.0,0.0,Philippines
Manila,PH,2006-04-26,12:00:00,1146027600,28.9,24.5,33.8,14.5,97.0,0.0,0.0,Philippines
Manila,PH,2006-04-27,12:00:00,1146114000,28.7,24.2,33.4,15.1,97.0,0.0,0.0,Philippines
Manila,PH,2006-04-28,12:00:00,1146200400,28.7,25.6,32.8,12.1,111.0,2.1,0.0,Philippines
Manila,PH,2006-04-29,12:00:00,1146286800,28.9,24.9,33.6,6.2,118.0,0.0,0.0,Philippines
Manila,PH,2006-04-30,12:00:00,1146373200,29.6,26.1,33.8,12.6,96.0,0.0,0.0,Philippines
Manila,PH,2006-05-01,12:00:00,1146459600,28.9,24.6,33.2,16.6,92.0,0.0,0.0,Philippines
Manila,PH,2006-05-02,12:00:00,1146546000,29.6,26.4,33.0,11.8,95.0,0.0,0.0,Philippines
Manila,PH,2006-05-03,12:00:00,1146632400,29.4,25.9,33.8,18.0,101.0,0.0,0.0,Philippines
Manila,PH,2006-05-04,12:00:00,1146718800,28.6,23.7,33.6,17.3,95.0,0.0,0.0,Philippines
Manila,PH,2006-05-05,12:00:00,1146805200,29.4,26.2,33.2,18.4,91.0,0.0,0.0,Philippines
Manila,PH,2006-05-06,12:00:00,1146891600,29.5,26.1,33.2,10.8,96.0,0.0,0.0,Philippines
Manila,PH,2006-05-07,12:00:00,1146978000,30.0,26.0,34.4,14.2,98.0,0.0,0.0,Philippines
Manila,PH,2006-05-08,12:00:00,1147064400,29.8,25.5,33.9,10.9,91.0,0.0,0.0,Philippines
Manila,PH,2006-05-09,12:00:00,1147150800,29.6,25.8,33.8,15.0,94.0,0.0,0.0,Philippines
Manila,PH,2006-05-10,12:00:00,1147237200,29.5,26.0,34.2,14.3,85.0,0.8,0.0,Philippines
Manila,PH,2006-05-11,12:00:00,1147323600,29.2,25.8,33.0,16.7,61.0,0.3,0.0,Philippines
Manila,PH,2006-05-12,12:00:00,1147410000,26.3,25.5,27.5,24.5,15.0,22.6,0.0,Philippines
Manila,PH,2006-05-13,12:00:00,1147496400,25.9,25.2,27.4,47.5,93.0,25.0,0.0,Philippines
Manila,PH,2006-05-14,12:00:00,1147582800,25.7,24.8,26.7,29.8,109.0,16.9,0.0,Philippines
Manila,PH,2006-05-15,12:00:00,1147669200,26.9,25.1,29.6,26.7,114.0,2.9,0.0,Philippines
Manila,PH,2006-05-16,12:00:00,1147755600,27.4,25.9,29.8,16.0,132.0,1.2,0.0,Philippines
Manila,PH,2006-05-17,12:00:00,1147842000,26.7,25.0,29.9,10.0,206.0,11.9,0.0,Philippines
Manila,PH,2006-05-18,12:00:00,1147928400,27.2,24.7,29.8,9.1,245.0,0.0,0.0,Philippines
Manila,PH,2006-05-19,12:00:00,1148014800,27.2,24.8,29.8,11.3,274.0,0.3,0.0,Philippines
Manila,PH,2006-05-20,12:00:00,1148101200,27.6,24.8,30.5,13.0,92.0,0.5,0.0,Philippines
Manila,PH,2006-05-21,12:00:00,1148187600,26.9,24.8,29.1,10.5,83.0,4.0,0.0,Philippines
Manila,PH,2006-05-22,12:00:00,1148274000,27.8,25.3,31.4,15.6,98.0,0.9,0.0,Philippines
Manila,PH,2006-05-23,12:00:00,1148360400,27.0,25.1,30.4,9.5,84.0,5.5,0.0,Philippines
Manila,PH,2006-05-24,12:00:00,1148446800,27.3,25.3,30.4,13.4,100.0,5.3,0.0,Philippines
Manila,PH,2006-05-25,12:00:00,1148533200,27.9,24.8,31.1,12.1,111.0,0.3,0.0,Philippines
Manila,PH,2006-05-26,12:00:00,1148619600,28.2,25.2,31.7,10.8,103.0,0.2,0.0,Philippines
Manila,PH,2006-05-27,12:00:00,1148706000,27.8,25.5,31.4,10.7,133.0,2.5,0.0,Philippines
Manila,PH,2006-05-28,12:00:00,1148792400,27.4,24.9,30.4,8.2,167.0,2.5,0.0,Philippines
Manila,PH,2006-05-29,12:00:00,1148878800,27.4,25.4,30.5,11.5,220.0,3.4,0.0,Philippines
Manila,PH,2006-05-30,12:00:00,1148965200,27.7,25.4,30.8,5.1,134.0,4.6,0.0,Philippines
Manila,PH,2006-05-31,12:00:00,1149051600,27.9,25.2,30.8,10.0,94.0,0.5,0.0,Philippines
Manila,PH,2006-06-01,12:00:00,1149138000,28.2,25.6,31.4,9.8,105.0,0.3,0.0,Philippines
Manila,PH,2006-06-02,12:00:00,1149224400,27.7,25.3,31.5,7.9,105.0,5.4,0.0,Philippines
Manila,PH,2006-06-03,12:00:00,1149310800,27.4,24.7,31.1,11.7,138.0,5.9,0.0,Philippines
Manila,PH,2006-06-04,12:00:00,1149397200,26.7,24.2,29.8,15.0,224.0,6.1,0.0,Philippines
Manila,PH,2006-06-05,12:00:00,1149483600,27.6,25.1,30.7,13.0,255.0,0.3,0.0,Philippines
Manila,PH,2006-06-06,12:00:00,1149570000,28.1,25.4,31.1,15.5,241.0,1.3,0.0,Philippines
Manila,PH,2006-06-07,12:00:00,1149656400,28.3,25.2,31.0,17.0,240.0,0.2,0.0,Philippines
Manila,PH,2006-06-08,12:00:00,1149742800,28.1,25.3,30.8,16.6,237.0,0.5,0.0,Philippines
Manila,PH,2006-06-09,12:00:00,1149829200,28.3,26.1,30.8,20.4,249.0,0.0,0.0,Philippines
Manila,PH,2006-06-10,12:00:00,1149915600,28.3,26.3,31.0,20.1,246.0,0.3,0.0,Philippines
Manila,PH,2006-06-11,12:00:00,1150002000,28.2,25.7,31.3,14.2,242.0,0.9,0.0,Philippines
Manila,PH,2006-06-12,12:00:00,1150088400,28.1,25.3,31.7,11.0,125.0,1.1,0.0,Philippines
Manila,PH,2006-06-13,12:00:00,1150174800,27.1,25.0,30.4,9.0,93.0,14.6,0.0,Philippines
Manila,PH,2006-06-14,12:00:00,1150261200,27.0,25.0,30.3,13.0,177.0,7.6,0.0,Philippines
Manila,PH,2006-06-15,12:00:00,1150347600,27.0,25.2,29.6,14.6,248.0,2.8,0.0,Philippines
Manila,PH,2006-06-16,12:00:00,1150434000,27.5,25.2,30.6,9.8,160.0,1.6,0.0,Philippines
Manila,PH,2006-06-17,12:00:00,1150520400,27.8,25.3,31.4,13.0,109.0,2.1,0.0,Philippines
Manila,PH,2006-06-18,12:00:00,1150606800,27.7,25.4,30.6,17.0,88.0,3.5,0.0,Philippines
Manila,PH,2006-06-19,12:00:00,1150693200,27.7,25.0,31.1,14.9,88.0,2.9,0.0,Philippines
Manila,PH,2006-06-20,12:00:00,1150779600,28.3,25.9,31.8,13.1,84.0,0.3,0.0,Philippines
Manila,PH,2006-06-21,12:00:00,1150866000,27.5,26.1,30.0,13.5,88.0,1.4,0.0,Philippines
Manila,PH,2006-06-22,12:00:00,1150952400,28.1,25.5,31.1,13.2,94.0,0.5,0.0,Philippines
Manila,PH,2006-06-23,12:00:00,1151038800,28.1,25.3,31.4,13.4,87.0,0.9,0.0,Philippines
Manila,PH,2006-06-24,12:00:00,1151125200,27.9,25.0,31.0,11.3,84.0,2.2,0.0,Philippines
Manila,PH,2006-06-25,12:00:00,1151211600,26.8,25.3,29.6,12.7,65.0,12.1,0.0,Philippines
Manila,PH,2006-06-26,12:00:00,1151298000,26.7,25.2,29.1,15.1,102.0,5.8,0.0,Philippines
Manila,PH,2006-06-27,12:00:00,1151384400,26.6,25.2,28.6,10.5,127.0,7.3,0.0,Philippines
Manila,PH,2006-06-28,12:00:00,1151470800,26.7,24.7,29.8,13.2,111.0,5.7,0.0,Philippines
Manila,PH,2006-06-29,12:00:00,1151557200,27.0,25.2,29.9,15.9,118.0,4.0,0.0,Philippines
Manila,PH,2006-06-30,12:00:00,1151643600,27.2,25.1,30.5,19.6,106.0,1.5,0.0,Philippines
Manila,PH,2006-07-01,12:00:00,1151730000,26.9,25.6,29.8,16.4,117.0,5.0,0.0,Philippines
Manila,PH,2006-07-02,12:00:00,1151816400,27.3,24.9,30.0,13.4,200.0,2.8,0.0,Philippines
Manila,PH,2006-07-03,12:00:00,1151902800,27.7,25.3,29.9,16.1,264.0,0.8,0.0,Philippines
Manila,PH,2006-07-04,12:00:00,1151989200,27.3,25.4,30.1,17.1,253.0,3.6,0.0,Philippines
Manila,PH,2006-07-05,12:00:00,1152075600,27.5,25.6,30.0,18.6,262.0,2.0,0.0,Philippines
Manila,PH,2006-07-06,12:00:00,1152162000,27.2,26.0,29.0,27.2,259.0,5.0,0.0,Philippines
Manila,PH,2006-07-07,12:00:00,1152248400,26.9,25.8,28.1,31.3,257.0,5.1,0.0,Philippines
Manila,PH,2006-07-08,12:00:00,1152334800,26.4,25.2,27.2,27.7,255.0,16.5,0.0,Philippines
Manila,PH,2006-07-09,12:00:00,1152421200,26.7,25.2,28.9,25.0,257.0,6.3,0.0,Philippines
Manila,PH,2006-07-10,12:00:00,1152507600,26.2,25.0,28.1,18.9,253.0,6.8,0.0,Philippines
Manila,PH,2006-07-11,12:00:00,1152594000,26.0,24.9,28.3,26.3,263.0,24.1,0.0,Philippines
Manila,PH,2006-07-12,12:00:00,1152680400,25.6,25.0,26.8,29.8,248.0,33.4,0.0,Philippines
Manila,PH,2006-07-13,12:00:00,1152766800,25.8,25.2,26.9,35.5,237.0,14.6,0.0,Philippines
Manila,PH,2006-07-14,12:00:00,1152853200,26.0,25.2,27.6,28.6,230.0,10.2,0.0,Philippines
Manila,PH,2006-07-15,12:00:00,1152939600,26.6,24.7,28.6,12.3,232.0,8.2,0.0,Philippines
Manila,PH,2006-07-16,12:00:00,1153026000,27.2,24.6,30.3,6.4,235.0,3.8,0.0,Philippines
Manila,PH,2006-07-17,12:00:00,1153112400,26.7,24.7,28.6,7.2,265.0,7.9,0.0,Philippines
Manila,PH,2006-07-18,12:00:00,1153198800,25.8,24.2,27.5,5.2,328.0,12.1,0.0,Philippines
Manila,PH,2006-07-19,12:00:00,1153285200,25.9,24.4,27.6,7.2,334.0,11.0,0.0,Philippines
Manila,PH,2006-07-20,12:00:00,1153371600,26.1,24.5,28.3,7.9,181.0,13.2,0.0,Philippines
Manila,PH,2006-07-21,12:00:00,1153458000,26.0,24.6,28.0,19.9,230.0,7.0,0.0,Philippines
Manila,PH,2006-07-22,12:00:00,1153544400,26.0,24.6,28.1,22.2,238.0,7.8,0.0,Philippines
Manila,PH,2006-07-23,12:00:00,1153630800,25.3,24.4,27.3,26.4,237.0,23.0,0.0,Philippines
Manila,PH,2006-07-24,12:00:00,1153717200,25.7,24.7,26.9,30.1,236.0,14.7,0.0,Philippines
Manila,PH,2006-07-25,12:00:00,1153803600,25.6,24.8,27.2,27.6,229.0,9.5,0.0,Philippines
Manila,PH,2006-07-26,12:00:00,1153890000,25.9,24.5,28.9,17.3,223.0,8.3,0.0,Philippines
Manila,PH,2006-07-27,12:00:00,1153976400,25.7,24.3,28.0,19.3,236.0,5.6,0.0,Philippines
Manila,PH,2006-07-28,12:00:00,1154062800,26.0,24.3,28.1,13.0,218.0,2.6,0.0,Philippines
Manila,PH,2006-07-29,12:00:00,1154149200,26.0,24.2,28.8,13.3,241.0,14.9,0.0,Philippines
Manila,PH,2006-07-30,12:00:00,1154235600,25.4,24.1,27.3,10.7,260.0,14.4,0.0,Philippines
Manila,PH,2006-07-31,12:00:00,1154322000,24.7,24.1,25.6,26.8,243.0,74.7,0.0,Philippines
Manila,PH,2006-08-01,12:00:00,1154408400,24.6,24.0,25.2,22.1,197.0,47.9,0.0,Philippines
Manila,PH,2006-08-02,12:00:00,1154494800,26.6,24.5,29.5,11.6,194.0,0.7,0.0,Philippines
Manila,PH,2006-08-03,12:00:00,1154581200,26.6,24.8,28.8,14.4,250.0,3.3,0.0,Philippines
Manila,PH,2006-08-04,12:00:00,1154667600,26.0,24.2,28.3,18.8,264.0,6.1,0.0,Philippines
Manila,PH,2006-08-05,12:00:00,1154754000,26.2,24.5,29.1,13.1,265.0,11.3,0.0,Philippines
Manila,PH,2006-08-06,12:00:00,1154840400,26.2,23.7,29.2,24.0,257.0,4.8,0.0,Philippines
Manila,PH,2006-08-07,12:00:00,1154926800,26.0,24.3,28.3,19.5,247.0,6.8,0.0,Philippines
Manila,PH,2006-08-08,12:00:00,1155013200,26.1,24.5,28.8,15.8,244.0,6.4,0.0,Philippines
Manila,PH,2006-08-09,12:00:00,1155099600,26.0,24.5,28.3,16.7,240.0,3.9,0.0,Philippines
Manila,PH,2006-08-10,12:00:00,1155186000,26.0,24.4,27.9,17.9,239.0,3.0,0.0,Philippines
Manila,PH,2006-08-11,12:00:00,1155272400,26.0,24.8,27.9,15.0,226.0,4.0,0.0,Philippines
Manila,PH,2006-08-12,12:00:00,1155358800,26.1,24.6,28.7,12.0,217.0,13.9,0.0,Philippines
Manila,PH,2006-08-13,12:00:00,1155445200,25.6,24.7,27.6,19.3,230.0,22.5,0.0,Philippines
Manila,PH,2006-08-14,12:00:00,1155531600,25.3,24.8,26.6,20.3,231.0,17.9,0.0,Philippines
Manila,PH,2006-08-15,12:00:00,1155618000,25.7,24.5,27.4,21.1,238.0,13.8,0.0,Philippines
Manila,PH,2006-08-16,12:00:00,1155704400,26.6,25.3,28.7,22.0,252.0,1.2,0.0,Philippines
Manila,PH,2006-08-17,12:00:00,1155790800,26.5,25.1,28.7,20.5,257.0,3.6,0.0,Philippines
Manila,PH,2006-08-18,12:00:00,1155877200,25.7,24.6,27.5,21.6,258.0,15.8,0.0,Philippines
Manila,PH,2006-08-19,12:00:00,1155963600,26.3,24.7,28.4,23.9,256.0,5.7,0.0,Philippines
Manila,PH,2006-08-20,12:00:00,1156050000,25.6,24.7,27.2,23.7,251.0,9.5,0.0,Philippines
Manila,PH,2006-08-21,12:00:00,1156136400,25.8,24.9,26.9,25.8,257.0,10.4,0.0,Philippines
Manila,PH,2006-08-22,12:00:00,1156222800,26.1,24.8,28.4,23.3,256.0,7.1,0.0,Philippines
Manila,PH,2006-08-23,12:00:00,1156309200,26.1,24.9,28.1,17.7,250.0,5.7,0.0,Philippines
Manila,PH,2006-08-24,12:00:00,1156395600,26.5,24.7,28.9,18.6,245.0,4.8,0.0,Philippines
Manila,PH,2006-08-25,12:00:00,1156482000,26.5,24.6,29.1,16.9,271.0,3.0,0.0,Philippines
Manila,PH,2006-08-26,12:00:00,1156568400,25.6,24.4,27.2,8.9,302.0,23.0,0.0,Philippines
Manila,PH,2006-08-27,12:00:00,1156654800,25.2,24.1,27.4,13.4,293.0,35.2,0.0,Philippines
Manila,PH,2006-08-28,12:00:00,1156741200,26.7,24.2,29.9,12.8,129.0,2.5,0.0,Philippines
Manila,PH,2006-08-29,12:00:00,1156827600,27.4,24.2,30.7,8.9,107.0,0.8,0.0,Philippines
Manila,PH,2006-08-30,12:00:00,1156914000,27.2,24.2,30.2,9.9,286.0,0.0,0.0,Philippines
Manila,PH,2006-08-31,12:00:00,1157000400,26.8,24.8,29.7,16.3,263.0,4.4,0.0,Philippines
Manila,PH,2006-09-01,12:00:00,1157086800,26.7,24.4,29.5,16.5,262.0,1.0,0.0,Philippines
Manila,PH,2006-09-02,12:00:00,1157173200,26.8,24.3,29.3,14.2,255.0,1.2,0.0,Philippines
Manila,PH,2006-09-03,12:00:00,1157259600,27.1,24.7,30.2,10.5,233.0,3.6,0.0,Philippines
Manila,PH,2006-09-04,12:00:00,1157346000,26.8,24.3,30.5,7.7,216.0,2.9,0.0,Philippines
Manila,PH,2006-09-05,12:00:00,1157432400,26.6,24.1,29.1,14.3,258.0,2.4,0.0,Philippines
Manila,PH,2006-09-06,12:00:00,1157518800,26.6,24.4,28.9,14.8,253.0,2.1,0.0,Philippines
Manila,PH,2006-09-07,12:00:00,1157605200,26.7,24.5,29.9,15.5,277.0,3.6,0.0,Philippines
Manila,PH,2006-09-08,12:00:00,1157691600,27.0,24.9,29.7,11.9,279.0,3.9,0.0,Philippines
Manila,PH,2006-09-09,12:00:00,1157778000,26.4,24.7,29.3,16.2,258.0,5.5,0.0,Philippines
Manila,PH,2006-09-10,12:00:00,1157864400,25.9,24.6,28.1,16.9,248.0,13.5,0.0,Philippines
Manila,PH,2006-09-11,12:00:00,1157950800,25.6,24.3,27.2,11.4,240.0,18.1,0.0,Philippines
Manila,PH,2006-09-12,12:00:00,1158037200,27.0,24.3,30.0,15.6,265.0,1.7,0.0,Philippines
Manila,PH,2006-09-13,12:00:00,1158123600,27.4,24.7,30.2,11.6,283.0,0.9,0.0,Philippines
Manila,PH,2006-09-14,12:00:00,1158210000,27.2,24.8,30.0,17.4,266.0,0.7,0.0,Philippines
Manila,PH,2006-09-15,12:00:00,1158296400,27.1,25.7,29.0,20.5,258.0,2.3,0.0,Philippines
Manila,PH,2006-09-16,12:00:00,1158382800,26.8,25.2,29.1,18.3,261.0,4.3,0.0,Philippines
Manila,PH,2006-09-17,12:00:00,1158469200,26.7,25.0,29.2,15.3,260.0,5.9,0.0,Philippines
Manila,PH,2006-09-18,12:00:00,1158555600,26.5,24.8,28.9,14.8,259.0,7.0,0.0,Philippines
Manila,PH,2006-09-19,12:00:00,1158642000,26.5,24.3,29.3,15.6,243.0,10.7,0.0,Philippines
Manila,PH,2006-09-20,12:00:00,1158728400,26.4,24.3,28.5,14.6,206.0,2.4,0.0,Philippines
Manila,PH,2006-09-21,12:00:00,1158814800,26.7,24.5,30.5,10.5,143.0,4.8,0.0,Philippines
Manila,PH,2006-09-22,12:00:00,1158901200,26.6,24.9,29.5,12.6,114.0,5.1,0.0,Philippines
Manila,PH,2006-09-23,12:00:00,1158987600,26.3,24.7,28.3,7.6,100.0,3.4,0.0,Philippines
Manila,PH,2006-09-24,12:00:00,1159074000,26.1,25.0,28.0,9.7,130.0,11.5,0.0,Philippines
Manila,PH,2006-09-25,12:00:00,1159160400,25.5,24.1,27.4,9.4,271.0,16.1,0.0,Philippines
Manila,PH,2006-09-26,12:00:00,1159246800,26.0,24.0,28.6,6.6,293.0,13.2,0.0,Philippines
Manila,PH,2006-09-27,12:00:00,1159333200,25.6,24.2,27.4,10.2,301.0,12.0,0.0,Philippines
Manila,PH,2006-09-28,12:00:00,1159419600,25.1,24.2,26.0,43.5,64.0,139.1,0.0,Philippines
Manila,PH,2006-09-29,12:00:00,1159506000,26.6,25.0,29.7,12.6,113.0,7.5,0.0,Philippines
Manila,PH,2006-09-30,12:00:00,1159592400,26.4,24.7,29.5,12.2,176.0,11.4,0.0,Philippines
Manila,PH,2006-10-01,12:00:00,1159678800,26.5,24.7,29.2,15.1,271.0,5.0,0.0,Philippines
Manila,PH,2006-10-02,12:00:00,1159765200,26.4,24.8,28.9,18.1,272.0,2.5,0.0,Philippines
Manila,PH,2006-10-03,12:00:00,1159851600,26.2,24.4,27.9,17.4,258.0,4.3,0.0,Philippines
Manila,PH,2006-10-04,12:00:00,1159938000,26.8,25.0,29.4,12.7,229.0,0.7,0.0,Philippines
Manila,PH,2006-10-05,12:00:00,1160024400,27.0,24.7,29.5,14.4,270.0,1.0,0.0,Philippines
Manila,PH,2006-10-06,12:00:00,1160110800,26.5,24.2,29.1,11.3,270.0,2.1,0.0,Philippines
Manila,PH,2006-10-07,12:00:00,1160197200,26.4,24.0,29.1,8.6,300.0,0.3,0.0,Philippines
Manila,PH,2006-10-08,12:00:00,1160283600,26.0,24.8,28.0,7.7,118.0,0.4,0.0,Philippines
Manila,PH,2006-10-09,12:00:00,1160370000,26.6,24.5,29.0,7.4,119.0,0.0,0.0,Philippines
Manila,PH,2006-10-10,12:00:00,1160456400,26.4,23.6,29.2,7.6,86.0,4.1,0.0,Philippines
Manila,PH,2006-10-11,12:00:00,1160542800,26.3,24.3,28.8,9.9,285.0,2.7,0.0,Philippines
Manila,PH,2006-10-12,12:00:00,1160629200,26.2,24.3,28.5,8.0,234.0,6.2,0.0,Philippines
Manila,PH,2006-10-13,12:00:00,1160715600,25.9,24.4,27.7,8.7,311.0,3.6,0.0,Philippines
Manila,PH,2006-10-14,12:00:00,1160802000,25.7,24.2,27.3,6.3,14.0,7.1,0.0,Philippines
Manila,PH,2006-10-15,12:00:00,1160888400,26.6,24.1,29.3,5.4,104.0,2.6,0.0,Philippines
Manila,PH,2006-10-16,12:00:00,1160974800,26.4,24.1,28.6,6.9,97.0,1.1,0.0,Philippines
Manila,PH,2006-10-17,12:00:00,1161061200,26.5,23.5,29.6,9.7,74.0,0.5,0.0,Philippines
Manila,PH,2006-10-18,12:00:00,1161147600,26.5,24.0,29.6,17.3,82.0,0.0,0.0,Philippines
Manila,PH,2006-10-19,12:00:00,1161234000,26.3,22.9,29.7,13.6,88.0,0.0,0.0,Philippines
Manila,PH,2006-10-20,12:00:00,1161320400,26.0,22.3,29.9,10.6,79.0,0.0,0.0,Philippines
Manila,PH,2006-10-21,12:00:00,1161406800,26.7,23.2,29.9,6.0,55.0,0.1,0.0,Philippines
Manila,PH,2006-10-22,12:00:00,1161493200,26.8,24.6,29.7,10.9,91.0,0.0,0.0,Philippines
Manila,PH,2006-10-23,12:00:00,1161579600,26.4,23.7,29.6,13.6,84.0,0.0,0.0,Philippines
Manila,PH,2006-10-24,12:00:00,1161666000,26.4,23.9,29.4,15.5,80.0,0.0,0.0,Philippines
Manila,PH,2006-10-25,12:00:00,1161752400,26.4,24.7,29.0,16.4,61.0,1.2,0.0,Philippines
Manila,PH,2006-10-26,12:00:00,1161838800,25.8,24.9,27.2,9.2,57.0,4.1,0.0,Philippines
Manila,PH,2006-10-27,12:00:00,1161925200,25.4,24.1,27.8,13.7,52.0,2.8,0.0,Philippines
Manila,PH,2006-10-28,12:00:00,1162011600,26.6,23.7,29.7,7.8,346.0,0.0,0.0,Philippines
Manila,PH,2006-10-29,12:00:00,1162098000,26.0,24.5,28.0,22.4,249.0,9.4,0.0,Philippines
Manila,PH,2006-10-30,12:00:00,1162184400,25.6,24.8,27.2,22.8,192.0,20.1,0.0,Philippines
Manila,PH,2006-10-31,12:00:00,1162270800,26.5,24.4,29.7,6.3,152.0,4.4,0.0,Philippines
Manila,PH,2006-11-01,12:00:00,1162357200,26.7,24.2,30.0,9.5,117.0,1.9,0.0,Philippines
Manila,PH,2006-11-02,12:00:00,1162443600,26.6,24.0,29.4,12.6,199.0,0.4,0.0,Philippines
Manila,PH,2006-11-03,12:00:00,1162530000,26.6,24.7,29.6,7.7,142.0,3.9,0.0,Philippines
Manila,PH,2006-11-04,12:00:00,1162616400,26.4,24.0,29.7,7.3,123.0,2.7,0.0,Philippines
Manila,PH,2006-11-05,12:00:00,1162702800,26.8,24.3,29.7,9.1,93.0,0.9,0.0,Philippines
Manila,PH,2006-11-06,12:00:00,1162789200,26.7,23.9,29.7,7.0,79.0,0.7,0.0,Philippines
Manila,PH,2006-11-07,12:00:00,1162875600,26.5,24.6,29.2,15.2,82.0,0.8,0.0,Philippines
Manila,PH,2006-11-08,12:00:00,1162962000,26.3,24.2,29.0,16.2,71.0,0.1,0.0,Philippines
Manila,PH,2006-11-09,12:00:00,1163048400,26.7,24.5,29.5,18.1,65.0,0.3,0.0,Philippines
Manila,PH,2006-11-10,12:00:00,1163134800,26.8,23.5,29.8,10.9,342.0,0.3,0.0,Philippines
Manila,PH,2006-11-11,12:00:00,1163221200,26.4,24.8,28.5,13.4,194.0,0.8,0.0,Philippines
Manila,PH,2006-11-12,12:00:00,1163307600,26.7,25.2,28.9,20.9,96.0,0.0,0.0,Philippines
Manila,PH,2006-11-13,12:00:00,1163394000,26.8,25.0,29.5,17.6,86.0,0.0,0.0,Philippines
Manila,PH,2006-11-14,12:00:00,1163480400,26.8,24.4,29.6,15.6,74.0,0.2,0.0,Philippines
Manila,PH,2006-11-15,12:00:00,1163566800,26.8,24.9,29.2,20.8,78.0,0.0,0.0,Philippines
Manila,PH,2006-11-16,12:00:00,1163653200,26.5,25.1,29.1,17.8,71.0,0.2,0.0,Philippines
Manila,PH,2006-11-17,12:00:00,1163739600,26.7,24.4,29.5,19.4,74.0,0.0,0.0,Philippines
Manila,PH,2006-11-18,12:00:00,1163826000,27.2,24.9,30.3,16.9,80.0,0.0,0.0,Philippines
Manila,PH,2006-11-19,12:00:00,1163912400,27.1,24.9,30.3,16.5,77.0,0.0,0.0,Philippines
Manila,PH,2006-11-20,12:00:00,1163998800,26.9,23.9,30.1,16.0,79.0,0.0,0.0,Philippines
Manila,PH,2006-11-21,12:00:00,1164085200,27.0,24.3,30.1,18.1,83.0,0.0,0.0,Philippines
Manila,PH,2006-11-22,12:00:00,1164171600,27.2,23.9,30.9,9.9,84.0,0.0,0.0,Philippines
Manila,PH,2006-11-23,12:00:00,1164258000,27.2,24.2,30.4,16.2,83.0,0.2,0.0,Philippines
Manila,PH,2006-11-24,12:00:00,1164344400,27.0,24.3,30.1,19.1,79.0,0.2,0.0,Philippines
Manila,PH,2006-11-25,12:00:00,1164430800,27.4,25.2,30.5,16.6,82.0,0.0,0.0,Philippines
Manila,PH,2006-11-26,12:00:00,1164517200,27.0,23.8,30.8,14.4,83.0,0.0,0.0,Philippines
Manila,PH,2006-11-27,12:00:00,1164603600,26.6,23.4,30.2,12.6,75.0,0.1,0.0,Philippines
Manila,PH,2006-11-28,12:00:00,1164690000,26.8,23.2,30.8,14.6,81.0,0.0,0.0,Philippines
Manila,PH,2006-11-29,12:00:00,1164776400,26.8,23.3,30.7,14.6,50.0,0.0,0.0,Philippines
Manila,PH,2006-11-30,12:00:00,1164862800,26.1,24.2,27.8,26.9,321.0,6.2,0.0,Philippines
Manila,PH,2006-12-01,12:00:00,1164949200,26.2,25.1,27.5,40.3,69.0,23.3,0.0,Philippines
Manila,PH,2006-12-02,12:00:00,1165035600,27.0,25.2,29.6,20.6,95.0,0.5,0.0,Philippines
Manila,PH,2006-12-03,12:00:00,1165122000,26.4,24.7,29.4,12.2,85.0,2.6,0.0,Philippines
Manila,PH,2006-12-04,12:00:00,1165208400,26.3,24.4,28.6,14.9,76.0,0.4,0.0,Philippines
Manila,PH,2006-12-05,12:00:00,1165294800,26.3,24.6,28.7,19.6,81.0,0.0,0.0,Philippines
Manila,PH,2006-12-06,12:00:00,1165381200,26.1,24.0,29.0,18.4,76.0,0.0,0.0,Philippines
Manila,PH,2006-12-07,12:00:00,1165467600,26.6,24.4,29.5,15.8,72.0,0.0,0.0,Philippines
Manila,PH,2006-12-08,12:00:00,1165554000,26.8,24.5,30.2,20.5,73.0,0.0,0.0,Philippines
Manila,PH,2006-12-09,12:00:00,1165640400,26.4,24.7,28.7,15.9,33.0,3.4,0.0,Philippines
Manila,PH,2006-12-10,12:00:00,1165726800,24.6,23.9,25.6,30.4,44.0,79.6,0.0,Philippines
Manila,PH,2006-12-11,12:00:00,1165813200,25.4,24.8,26.3,32.0,95.0,20.5,0.0,Philippines
Manila,PH,2006-12-12,12:00:00,1165899600,26.4,25.0,28.6,19.7,99.0,0.1,0.0,Philippines
Manila,PH,2006-12-13,12:00:00,1165986000,26.6,24.1,29.7,13.8,89.0,0.3,0.0,Philippines
Manila,PH,2006-12-14,12:00:00,1166072400,26.7,23.8,29.8,10.8,83.0,0.0,0.0,Philippines
Manila,PH,2006-12-15,12:00:00,1166158800,26.4,23.7,29.3,17.3,79.0,0.4,0.0,Philippines
Manila,PH,2006-12-16,12:00:00,1166245200,26.4,23.8,29.5,12.4,70.0,0.1,0.0,Philippines
Manila,PH,2006-12-17,12:00:00,1166331600,25.2,22.4,28.3,25.8,58.0,0.1,0.0,Philippines
Manila,PH,2006-12-18,12:00:00,1166418000,24.6,23.6,26.0,33.4,64.0,0.2,0.0,Philippines
Manila,PH,2006-12-19,12:00:00,1166504400,25.1,24.0,26.7,21.6,62.0,0.0,0.0,Philippines
Manila,PH,2006-12-20,12:00:00,1166590800,25.6,23.4,28.4,24.5,40.0,1.1,0.0,Philippines
Manila,PH,2006-12-21,12:00:00,1166677200,25.7,23.6,29.1,9.7,47.0,1.9,0.0,Philippines
Manila,PH,2006-12-22,12:00:00,1166763600,25.4,23.0,28.3,19.2,76.0,0.0,0.0,Philippines
Manila,PH,2006-12-23,12:00:00,1166850000,25.5,24.0,27.8,23.4,66.0,0.0,0.0,Philippines
Manila,PH,2006-12-24,12:00:00,1166936400,24.8,23.8,26.6,17.6,70.0,0.8,0.0,Philippines
Manila,PH,2006-12-25,12:00:00,1167022800,25.5,23.6,28.1,17.7,66.0,0.0,0.0,Philippines
Manila,PH,2006-12-26,12:00:00,1167109200,25.4,22.8,28.4,12.1,55.0,0.0,0.0,Philippines
Manila,PH,2006-12-27,12:00:00,1167195600,25.3,22.9,28.2,14.8,65.0,0.0,0.0,Philippines
Manila,PH,2006-12-28,12:00:00,1167282000,25.5,23.9,28.2,21.4,67.0,0.1,0.0,Philippines
Manila,PH,2006-12-29,12:00:00,1167368400,24.0,23.2,24.6,27.9,75.0,7.9,0.0,Philippines
Manila,PH,2006-12-30,12:00:00,1167454800,24.9,23.8,26.8,32.7,74.0,0.0,0.0,Philippines
Manila,PH,2006-12-31,12:00:00,1167541200,24.8,24.0,26.2,22.1,71.0,0.0,0.0,Philippines
Manila,PH,2007-01-01,12:00:00,1167627600,25.6,23.9,28.1,23.1,73.0,0.0,0.0,Philippines
Manila,PH,2007-01-02,12:00:00,1167714000,25.7,23.9,28.3,19.1,66.0,2.8,0.0,Philippines
Manila,PH,2007-01-03,12:00:00,1167800400,25.7,24.2,28.4,19.5,72.0,7.0,0.0,Philippines
Manila,PH,2007-01-04,12:00:00,1167886800,26.3,24.2,29.4,18.2,80.0,0.0,0.0,Philippines
Manila,PH,2007-01-05,12:00:00,1167973200,26.2,24.2,29.2,18.2,71.0,0.0,0.0,Philippines
Manila,PH,2007-01-06,12:00:00,1168059600,25.7,22.7,28.9,19.6,78.0,0.0,0.0,Philippines
Manila,PH,2007-01-07,12:00:00,1168146000,25.2,24.1,27.0,22.7,70.0,0.2,0.0,Philippines
Manila,PH,2007-01-08,12:00:00,1168232400,24.8,23.6,26.6,26.9,67.0,0.8,0.0,Philippines
Manila,PH,2007-01-09,12:00:00,1168318800,24.5,23.3,26.4,26.6,68.0,0.0,0.0,Philippines
Manila,PH,2007-01-10,12:00:00,1168405200,24.6,22.9,27.4,29.3,66.0,0.0,0.0,Philippines
Manila,PH,2007-01-11,12:00:00,1168491600,25.0,23.3,27.3,25.8,69.0,0.0,0.0,Philippines
Manila,PH,2007-01-12,12:00:00,1168578000,25.7,24.0,28.3,24.2,64.0,0.0,0.0,Philippines
Manila,PH,2007-01-13,12:00:00,1168664400,25.9,23.9,29.0,25.4,70.0,0.0,0.0,Philippines
Manila,PH,2007-01-14,12:00:00,1168750800,25.6,23.7,28.4,25.1,71.0,0.0,0.0,Philippines
Manila,PH,2007-01-15,12:00:00,1168837200,25.5,23.9,28.0,28.2,75.0,0.3,0.0,Philippines
Manila,PH,2007-01-16,12:00:00,1168923600,26.0,24.1,28.7,22.7,81.0,0.6,0.0,Philippines
Manila,PH,2007-01-17,12:00:00,1169010000,26.0,23.1,29.7,20.5,84.0,0.0,0.0,Philippines
Manila,PH,2007-01-18,12:00:00,1169096400,25.3,22.4,28.7,12.1,65.0,0.3,0.0,Philippines
Manila,PH,2007-01-19,12:00:00,1169182800,25.6,23.0,29.5,16.2,81.0,0.0,0.0,Philippines
Manila,PH,2007-01-20,12:00:00,1169269200,25.6,22.5,29.4,20.4,79.0,0.0,0.0,Philippines
Manila,PH,2007-01-21,12:00:00,1169355600,26.2,23.4,29.8,16.6,81.0,0.0,0.0,Philippines
Manila,PH,2007-01-22,12:00:00,1169442000,25.8,22.9,29.3,21.2,77.0,0.0,0.0,Philippines
Manila,PH,2007-01-23,12:00:00,1169528400,26.1,23.7,29.3,21.4,75.0,0.0,0.0,Philippines
Manila,PH,2007-01-24,12:00:00,1169614800,25.8,22.6,29.8,13.8,64.0,0.0,0.0,Philippines
Manila,PH,2007-01-25,12:00:00,1169701200,25.5,23.2,28.7,17.8,71.0,0.0,0.0,Philippines
Manila,PH,2007-01-26,12:00:00,1169787600,25.1,23.2,27.9,20.6,64.0,0.0,0.0,Philippines
Manila,PH,2007-01-27,12:00:00,1169874000,25.1,22.3,28.3,8.6,51.0,0.0,0.0,Philippines
Manila,PH,2007-01-28,12:00:00,1169960400,24.7,22.6,27.8,21.5,38.0,0.3,0.0,Philippines
Manila,PH,2007-01-29,12:00:00,1170046800,22.9,21.5,25.1,28.5,59.0,0.0,0.0,Philippines
Manila,PH,2007-01-30,12:00:00,1170133200,22.9,21.0,25.9,24.6,65.0,0.0,0.0,Philippines
Manila,PH,2007-01-31,12:00:00,1170219600,23.4,21.4,26.6,24.0,66.0,0.0,0.0,Philippines
Manila,PH,2007-02-01,12:00:00,1170306000,23.3,20.9,26.7,25.0,61.0,0.0,0.0,Philippines
Manila,PH,2007-02-02,12:00:00,1170392400,22.9,21.1,25.6,31.9,65.0,0.0,0.0,Philippines
Manila,PH,2007-02-03,12:00:00,1170478800,22.9,21.0,25.4,30.1,71.0,0.0,0.0,Philippines
Manila,PH,2007-02-04,12:00:00,1170565200,23.7,21.4,26.7,25.8,74.0,0.0,0.0,Philippines
Manila,PH,2007-02-05,12:00:00,1170651600,24.5,21.0,28.1,19.6,68.0,0.0,0.0,Philippines
Manila,PH,2007-02-06,12:00:00,1170738000,25.2,23.3,28.0,27.3,69.0,0.0,0.0,Philippines
Manila,PH,2007-02-07,12:00:00,1170824400,25.7,23.5,28.6,23.5,83.0,0.3,0.0,Philippines
Manila,PH,2007-02-08,12:00:00,1170910800,26.1,23.8,29.6,24.3,84.0,0.0,0.0,Philippines
Manila,PH,2007-02-09,12:00:00,1170997200,25.7,23.0,29.6,19.1,85.0,0.0,0.0,Philippines
Manila,PH,2007-02-10,12:00:00,1171083600,24.9,20.8,29.7,14.8,94.0,0.0,0.0,Philippines
Manila,PH,2007-02-11,12:00:00,1171170000,25.2,20.9,30.1,16.3,94.0,0.0,0.0,Philippines
Manila,PH,2007-02-12,12:00:00,1171256400,25.9,22.6,30.0,18.2,97.0,0.0,0.0,Philippines
Manila,PH,2007-02-13,12:00:00,1171342800,26.0,22.6,30.4,19.5,94.0,0.0,0.0,Philippines
Manila,PH,2007-02-14,12:00:00,1171429200,26.0,21.6,30.6,12.7,85.0,0.0,0.0,Philippines
Manila,PH,2007-02-15,12:00:00,1171515600,25.9,22.8,29.4,20.5,87.0,0.0,0.0,Philippines
Manila,PH,2007-02-16,12:00:00,1171602000,25.6,22.3,29.6,24.1,93.0,0.0,0.0,Philippines
Manila,PH,2007-02-17,12:00:00,1171688400,25.7,21.8,30.1,17.7,92.0,0.0,0.0,Philippines
Manila,PH,2007-02-18,12:00:00,1171774800,26.7,23.7,31.1,9.0,81.0,1.5,0.0,Philippines
Manila,PH,2007-02-19,12:00:00,1171861200,26.9,24.1,30.6,17.0,89.0,0.0,0.0,Philippines
Manila,PH,2007-02-20,12:00:00,1171947600,27.1,23.9,30.7,16.6,93.0,0.0,0.0,Philippines
Manila,PH,2007-02-21,12:00:00,1172034000,27.3,24.0,31.6,16.3,93.0,0.0,0.0,Philippines
Manila,PH,2007-02-22,12:00:00,1172120400,27.3,23.2,31.4,13.0,94.0,0.0,0.0,Philippines
Manila,PH,2007-02-23,12:00:00,1172206800,27.5,23.8,31.8,13.1,92.0,0.0,0.0,Philippines
Manila,PH,2007-02-24,12:00:00,1172293200,26.6,24.5,29.8,20.1,86.0,0.0,0.0,Philippines
Manila,PH,2007-02-25,12:00:00,1172379600,26.5,22.9,30.8,11.6,82.0,0.0,0.0,Philippines
Manila,PH,2007-02-26,12:00:00,1172466000,26.4,23.3,30.3,16.0,79.0,0.1,0.0,Philippines
Manila,PH,2007-02-27,12:00:00,1172552400,25.7,23.9,28.5,22.5,82.0,0.0,0.0,Philippines
Manila,PH,2007-02-28,12:00:00,1172638800,25.7,23.3,29.4,21.0,83.0,0.0,0.0,Philippines
Manila,PH,2007-03-01,12:00:00,1172725200,25.9,22.6,30.4,18.6,82.0,0.0,0.0,Philippines
Manila,PH,2007-03-02,12:00:00,1172811600,26.2,23.1,29.9,17.3,84.0,0.0,0.0,Philippines
Manila,PH,2007-03-03,12:00:00,1172898000,26.0,22.1,30.0,18.8,79.0,0.0,0.0,Philippines
Manila,PH,2007-03-04,12:00:00,1172984400,26.7,24.3,30.7,19.5,91.0,0.0,0.0,Philippines
Manila,PH,2007-03-05,12:00:00,1173070800,26.8,23.2,30.9,14.4,92.0,0.0,0.0,Philippines
Manila,PH,2007-03-06,12:00:00,1173157200,26.3,22.8,29.8,16.7,82.0,0.0,0.0,Philippines
Manila,PH,2007-03-07,12:00:00,1173243600,25.7,23.5,28.6,25.2,79.0,0.0,0.0,Philippines
Manila,PH,2007-03-08,12:00:00,1173330000,26.3,23.8,29.9,21.3,84.0,0.0,0.0,Philippines
Manila,PH,2007-03-09,12:00:00,1173416400,26.5,24.0,30.0,20.9,85.0,0.0,0.0,Philippines
Manila,PH,2007-03-10,12:00:00,1173502800,26.8,24.1,30.5,21.3,82.0,0.0,0.0,Philippines
Manila,PH,2007-03-11,12:00:00,1173589200,26.8,23.4,31.2,17.7,93.0,0.0,0.0,Philippines
Manila,PH,2007-03-12,12:00:00,1173675600,26.5,23.4,30.4,22.6,87.0,0.0,0.0,Philippines
Manila,PH,2007-03-13,12:00:00,1173762000,26.2,22.3,30.7,17.7,89.0,0.0,0.0,Philippines
Manila,PH,2007-03-14,12:00:00,1173848400,26.4,22.1,31.3,19.5,88.0,0.0,0.0,Philippines
Manila,PH,2007-03-15,12:00:00,1173934800,27.2,24.1,31.6,17.6,93.0,0.0,0.0,Philippines
Manila,PH,2007-03-16,12:00:00,1174021200,28.1,24.7,32.2,17.3,93.0,0.0,0.0,Philippines
Manila,PH,2007-03-17,12:00:00,1174107600,27.8,24.2,32.2,20.2,88.0,0.0,0.0,Philippines
Manila,PH,2007-03-18,12:00:00,1174194000,26.4,24.4,29.7,23.4,82.0,0.0,0.0,Philippines
Manila,PH,2007-03-19,12:00:00,1174280400,26.8,23.8,30.5,16.0,74.0,0.0,0.0,Philippines
Manila,PH,2007-03-20,12:00:00,1174366800,26.9,24.3,30.9,14.9,78.0,0.1,0.0,Philippines
Manila,PH,2007-03-21,12:00:00,1174453200,27.3,24.5,31.4,24.8,84.0,0.0,0.0,Philippines
Manila,PH,2007-03-22,12:00:00,1174539600,27.0,24.7,30.7,25.3,82.0,0.0,0.0,Philippines
Manila,PH,2007-03-23,12:00:00,1174626000,26.9,24.8,30.4,26.4,81.0,0.0,0.0,Philippines
Manila,PH,2007-03-24,12:00:00,1174712400,27.7,25.0,31.0,16.9,94.0,0.9,0.0,Philippines
Manila,PH,2007-03-25,12:00:00,1174798800,27.8,24.4,31.4,8.0,103.0,1.2,0.0,Philippines
Manila,PH,2007-03-26,12:00:00,1174885200,28.4,25.1,32.9,17.7,99.0,0.0,0.0,Philippines
Manila,PH,2007-03-27,12:00:00,1174971600,28.0,23.7,32.9,17.0,100.0,0.0,0.0,Philippines
Manila,PH,2007-03-28,12:00:00,1175058000,27.3,22.5,32.7,18.1,97.0,0.0,0.0,Philippines
Manila,PH,2007-03-29,12:00:00,1175144400,27.3,22.5,32.6,16.8,98.0,0.0,0.0,Philippines
Manila,PH,2007-03-30,12:00:00,1175230800,27.7,23.2,33.3,20.2,97.0,0.0,0.0,Philippines
Manila,PH,2007-03-31,12:00:00,1175317200,28.6,24.2,33.3,13.4,107.0,0.0,0.0,Philippines
Manila,PH,2007-04-01,12:00:00,1175403600,28.9,24.1,34.0,13.6,111.0,0.0,0.0,Philippines
Manila,PH,2007-04-02,12:00:00,1175490000,28.8,25.0,33.1,8.6,147.0,0.0,0.0,Philippines
Manila,PH,2007-04-03,12:00:00,1175576400,28.2,25.4,31.4,16.0,83.0,0.0,0.0,Philippines
Manila,PH,2007-04-04,12:00:00,1175662800,27.0,25.1,29.8,26.0,76.0,0.0,0.0,Philippines
Manila,PH,2007-04-05,12:00:00,1175749200,26.8,24.7,29.9,24.1,79.0,0.0,0.0,Philippines
Manila,PH,2007-04-06,12:00:00,1175835600,27.5,24.6,31.5,22.8,78.0,0.0,0.0,Philippines
Manila,PH,2007-04-07,12:00:00,1175922000,27.8,24.6,32.2,17.3,84.0,0.0,0.0,Philippines
Manila,PH,2007-04-08,12:00:00,1176008400,27.5,24.8,31.1,12.0,85.0,0.2,0.0,Philippines
Manila,PH,2007-04-09,12:00:00,1176094800,27.8,24.9,31.5,19.6,88.0,0.0,0.0,Philippines
Manila,PH,2007-04-10,12:00:00,1176181200,28.2,24.8,32.5,14.8,85.0,0.0,0.0,Philippines
Manila,PH,2007-04-11,12:00:00,1176267600,28.2,24.2,32.2,8.0,82.0,0.5,0.0,Philippines
Manila,PH,2007-04-12,12:00:00,1176354000,28.5,25.4,32.3,17.1,91.0,0.0,0.0,Philippines
Manila,PH,2007-04-13,12:00:00,1176440400,28.9,24.7,33.5,15.2,93.0,0.0,0.0,Philippines
Manila,PH,2007-04-14,12:00:00,1176526800,29.2,25.2,33.8,14.1,92.0,0.0,0.0,Philippines
Manila,PH,2007-04-15,12:00:00,1176613200,29.6,24.6,34.1,10.2,117.0,0.0,0.0,Philippines
Manila,PH,2007-04-16,12:00:00,1176699600,29.5,26.5,33.7,11.2,120.0,0.3,0.0,Philippines
Manila,PH,2007-04-17,12:00:00,1176786000,29.5,26.7,33.1,14.7,101.0,0.3,0.0,Philippines
Manila,PH,2007-04-18,12:00:00,1176872400,30.0,26.1,34.6,14.6,199.0,0.0,0.0,Philippines
Manila,PH,2007-04-19,12:00:00,1176958800,30.0,26.1,34.4,15.9,75.0,0.0,0.0,Philippines
Manila,PH,2007-04-20,12:00:00,1177045200,29.3,26.5,33.1,21.0,91.0,0.2,0.0,Philippines
Manila,PH,2007-04-21,12:00:00,1177131600,29.3,26.7,33.0,21.6,90.0,0.2,0.0,Philippines
Manila,PH,2007-04-22,12:00:00,1177218000,29.5,25.7,34.1,18.7,94.0,0.0,0.0,Philippines
Manila,PH,2007-04-23,12:00:00,1177304400,29.9,25.6,34.7,16.3,97.0,0.0,0.0,Philippines
Manila,PH,2007-04-24,12:00:00,1177390800,29.8,26.3,34.0,19.6,92.0,0.0,0.0,Philippines
Manila,PH,2007-04-25,12:00:00,1177477200,29.7,26.0,34.4,19.4,85.0,0.0,0.0,Philippines
Manila,PH,2007-04-26,12:00:00,1177563600,29.5,26.7,33.3,26.3,81.0,0.0,0.0,Philippines
Manila,PH,2007-04-27,12:00:00,1177650000,28.6,26.5,32.3,22.3,80.0,2.2,0.0,Philippines
Manila,PH,2007-04-28,12:00:00,1177736400,29.0,25.8,33.3,21.8,85.0,0.0,0.0,Philippines
Manila,PH,2007-04-29,12:00:00,1177822800,28.8,26.3,32.3,21.6,84.0,0.0,0.0,Philippines
Manila,PH,2007-04-30,12:00:00,1177909200,29.4,26.0,33.8,23.8,88.0,0.0,0.0,Philippines
Manila,PH,2007-05-01,12:00:00,1177995600,29.6,26.4,33.9,17.9,90.0,0.0,0.0,Philippines
Manila,PH,2007-05-02,12:00:00,1178082000,29.1,25.6,33.8,17.3,92.0,0.0,0.0,Philippines
Manila,PH,2007-05-03,12:00:00,1178168400,28.9,25.0,33.2,16.2,90.0,0.0,0.0,Philippines
Manila,PH,2007-05-04,12:00:00,1178254800,29.2,25.4,33.9,18.2,93.0,0.0,0.0,Philippines
Manila,PH,2007-05-05,12:00:00,1178341200,29.4,25.8,33.5,13.9,151.0,0.1,0.0,Philippines
Manila,PH,2007-05-06,12:00:00,1178427600,29.2,26.5,33.0,17.3,268.0,0.2,0.0,Philippines
Manila,PH,2007-05-07,12:00:00,1178514000,28.6,26.0,32.6,15.1,265.0,0.6,0.0,Philippines
Manila,PH,2007-05-08,12:00:00,1178600400,28.4,26.1,32.4,11.4,102.0,1.7,0.0,Philippines
Manila,PH,2007-05-09,12:00:00,1178686800,28.7,26.2,32.5,11.3,101.0,0.9,0.0,Philippines
Manila,PH,2007-05-10,12:00:00,1178773200,28.4,26.3,32.0,14.1,85.0,3.2,0.0,Philippines
Manila,PH,2007-05-11,12:00:00,1178859600,28.1,25.5,31.2,15.7,87.0,2.0,0.0,Philippines
Manila,PH,2007-05-12,12:00:00,1178946000,28.9,26.1,32.5,13.8,92.0,0.2,0.0,Philippines
Manila,PH,2007-05-13,12:00:00,1179032400,29.2,26.1,33.5,15.1,85.0,0.3,0.0,Philippines
Manila,PH,2007-05-14,12:00:00,1179118800,29.5,26.2,34.1,16.6,90.0,0.0,0.0,Philippines
Manila,PH,2007-05-15,12:00:00,1179205200,29.5,24.8,34.3,16.3,91.0,0.0,0.0,Philippines
Manila,PH,2007-05-16,12:00:00,1179291600,29.7,26.0,34.0,9.8,103.0,0.0,0.0,Philippines
Manila,PH,2007-05-17,12:00:00,1179378000,29.3,26.5,32.9,14.5,240.0,0.7,0.0,Philippines
Manila,PH,2007-05-18,12:00:00,1179464400,29.7,26.2,33.7,8.7,206.0,0.3,0.0,Philippines
Manila,PH,2007-05-19,12:00:00,1179550800,28.9,25.8,32.8,12.2,289.0,3.4,0.0,Philippines
Manila,PH,2007-05-20,12:00:00,1179637200,29.3,26.4,33.0,12.0,201.0,0.3,0.0,Philippines
Manila,PH,2007-05-21,12:00:00,1179723600,28.8,26.6,32.1,17.1,258.0,2.4,0.0,Philippines
Manila,PH,2007-05-22,12:00:00,1179810000,27.9,25.8,30.4,16.6,254.0,2.7,0.0,Philippines
Manila,PH,2007-05-23,12:00:00,1179896400,27.6,25.6,29.7,17.7,254.0,2.4,0.0,Philippines
Manila,PH,2007-05-24,12:00:00,1179982800,27.7,25.7,30.6,19.1,246.0,3.1,0.0,Philippines
Manila,PH,2007-05-25,12:00:00,1180069200,27.7,25.7,30.0,14.3,253.0,4.2,0.0,Philippines
Manila,PH,2007-05-26,12:00:00,1180155600,27.5,25.5,31.0,15.1,255.0,11.5,0.0,Philippines
Manila,PH,2007-05-27,12:00:00,1180242000,27.2,24.8,30.4,11.2,224.0,5.9,0.0,Philippines
Manila,PH,2007-05-28,12:00:00,1180328400,27.0,24.9,29.7,13.4,247.0,7.1,0.0,Philippines
Manila,PH,2007-05-29,12:00:00,1180414800,27.5,25.2,31.0,11.9,267.0,6.7,0.0,Philippines
Manila,PH,2007-05-30,12:00:00,1180501200,27.3,25.2,29.9,11.4,125.0,1.5,0.0,Philippines
Manila,PH,2007-05-31,12:00:00,1180587600,27.1,25.4,30.1,5.9,105.0,8.1,0.0,Philippines
Manila,PH,2007-06-01,12:00:00,1180674000,27.1,24.8,30.0,13.6,231.0,3.1,0.0,Philippines
Manila,PH,2007-06-02,12:00:00,1180760400,27.5,25.5,30.4,17.8,257.0,2.7,0.0,Philippines
Manila,PH,2007-06-03,12:00:00,1180846800,28.3,25.4,31.5,7.9,183.0,0.0,0.0,Philippines
Manila,PH,2007-06-04,12:00:00,1180933200,28.8,26.8,31.8,6.0,43.0,4.4,0.0,Philippines
Manila,PH,2007-06-05,12:00:00,1181019600,28.3,26.2,31.5,9.2,187.0,3.3,0.0,Philippines
Manila,PH,2007-06-06,12:00:00,1181106000,28.8,26.0,31.3,11.8,262.0,2.3,0.0,Philippines
Manila,PH,2007-06-07,12:00:00,1181192400,28.7,25.8,31.7,10.8,256.0,1.3,0.0,Philippines
Manila,PH,2007-06-08,12:00:00,1181278800,28.1,25.6,31.8,8.7,260.0,4.5,0.0,Philippines
Manila,PH,2007-06-09,12:00:00,1181365200,28.5,25.7,32.0,10.7,259.0,3.4,0.0,Philippines
Manila,PH,2007-06-10,12:00:00,1181451600,28.4,25.7,31.7,8.4,188.0,2.2,0.0,Philippines
Manila,PH,2007-06-11,12:00:00,1181538000,28.8,26.6,31.4,10.2,110.0,0.4,0.0,Philippines
Manila,PH,2007-06-12,12:00:00,1181624400,28.3,26.4,31.6,15.4,115.0,4.0,0.0,Philippines
Manila,PH,2007-06-13,12:00:00,1181710800,28.0,26.1,30.7,13.0,123.0,2.2,0.0,Philippines
Manila,PH,2007-06-14,12:00:00,1181797200,28.6,25.4,32.3,12.3,102.0,0.6,0.0,Philippines
Manila,PH,2007-06-15,12:00:00,1181883600,28.7,25.8,32.2,13.7,85.0,0.5,0.0,Philippines
Manila,PH,2007-06-16,12:00:00,1181970000,29.0,26.4,31.7,16.2,92.0,0.2,0.0,Philippines
Manila,PH,2007-06-17,12:00:00,1182056400,29.1,26.3,32.6,19.9,86.0,0.0,0.0,Philippines
Manila,PH,2007-06-18,12:00:00,1182142800,28.8,26.6,31.7,16.2,79.0,0.1,0.0,Philippines
Manila,PH,2007-06-19,12:00:00,1182229200,28.4,26.1,31.1,17.0,77.0,0.8,0.0,Philippines
Manila,PH,2007-06-20,12:00:00,1182315600,28.1,26.5,30.3,12.2,89.0,2.9,0.0,Philippines
Manila,PH,2007-06-21,12:00:00,1182402000,28.2,25.9,31.6,11.6,97.0,2.8,0.0,Philippines
Manila,PH,2007-06-22,12:00:00,1182488400,27.5,25.5,30.4,7.4,114.0,6.6,0.0,Philippines
Manila,PH,2007-06-23,12:00:00,1182574800,27.4,25.8,29.3,7.8,118.0,11.8,0.0,Philippines
Manila,PH,2007-06-24,12:00:00,1182661200,27.7,25.6,31.1,11.1,87.0,10.0,0.0,Philippines
Manila,PH,2007-06-25,12:00:00,1182747600,27.8,25.6,30.7,7.8,199.0,1.5,0.0,Philippines
Manila,PH,2007-06-26,12:00:00,1182834000,27.0,25.6,29.7,6.8,161.0,12.5,0.0,Philippines
Manila,PH,2007-06-27,12:00:00,1182920400,27.2,25.3,29.6,11.5,131.0,5.3,0.0,Philippines
Manila,PH,2007-06-28,12:00:00,1183006800,27.4,25.3,30.6,6.4,136.0,3.0,0.0,Philippines
Manila,PH,2007-06-29,12:00:00,1183093200,28.1,25.3,31.1,16.4,99.0,0.4,0.0,Philippines
Manila,PH,2007-06-30,12:00:00,1183179600,27.9,25.8,30.7,17.3,100.0,1.0,0.0,Philippines
Manila,PH,2007-07-01,12:00:00,1183266000,27.8,25.7,30.5,15.9,111.0,0.7,0.0,Philippines
Manila,PH,2007-07-02,12:00:00,1183352400,27.2,25.4,30.7,14.9,125.0,10.8,0.0,Philippines
Manila,PH,2007-07-03,12:00:00,1183438800,28.0,24.7,31.4,7.7,166.0,0.0,0.0,Philippines
Manila,PH,2007-07-04,12:00:00,1183525200,28.4,25.8,31.7,15.3,201.0,1.3,0.0,Philippines
Manila,PH,2007-07-05,12:00:00,1183611600,28.1,25.6,31.6,6.6,127.0,5.0,0.0,Philippines
Manila,PH,2007-07-06,12:00:00,1183698000,27.0,24.9,29.6,5.5,30.0,7.7,0.0,Philippines
Manila,PH,2007-07-07,12:00:00,1183784400,27.0,25.2,30.0,14.7,73.0,7.3,0.0,Philippines
Manila,PH,2007-07-08,12:00:00,1183870800,26.4,25.0,28.3,12.8,255.0,12.5,0.0,Philippines
Manila,PH,2007-07-09,12:00:00,1183957200,27.2,25.2,29.6,20.6,219.0,2.8,0.0,Philippines
Manila,PH,2007-07-10,12:00:00,1184043600,26.6,25.0,29.1,23.2,238.0,15.6,0.0,Philippines
Manila,PH,2007-07-11,12:00:00,1184130000,26.6,25.1,28.9,20.9,244.0,5.1,0.0,Philippines
Manila,PH,2007-07-12,12:00:00,1184216400,26.4,25.0,28.9,25.7,233.0,3.6,0.0,Philippines
Manila,PH,2007-07-13,12:00:00,1184302800,25.9,25.2,27.5,29.0,216.0,13.8,0.0,Philippines
Manila,PH,2007-07-14,12:00:00,1184389200,26.1,25.2,28.1,24.0,219.0,10.3,0.0,Philippines
Manila,PH,2007-07-15,12:00:00,1184475600,27.5,24.9,29.9,12.8,216.0,1.1,0.0,Philippines
Manila,PH,2007-07-16,12:00:00,1184562000,28.1,26.0,30.8,10.2,234.0,0.7,0.0,Philippines
Manila,PH,2007-07-17,12:00:00,1184648400,27.6,25.5,30.3,7.4,142.0,6.1,0.0,Philippines
Manila,PH,2007-07-18,12:00:00,1184734800,27.3,24.9,30.6,8.0,192.0,3.3,0.0,Philippines
Manila,PH,2007-07-19,12:00:00,1184821200,27.9,24.9,30.5,11.3,273.0,1.1,0.0,Philippines
Manila,PH,2007-07-20,12:00:00,1184907600,28.1,25.1,30.8,9.7,293.0,0.1,0.0,Philippines
Manila,PH,2007-07-21,12:00:00,1184994000,28.4,25.9,31.7,6.6,50.0,0.0,0.0,Philippines
Manila,PH,2007-07-22,12:00:00,1185080400,28.6,25.6,32.2,8.1,81.0,0.9,0.0,Philippines
Manila,PH,2007-07-23,12:00:00,1185166800,28.2,25.5,31.3,9.7,87.0,2.1,0.0,Philippines
Manila,PH,2007-07-24,12:00:00,1185253200,28.1,25.6,30.3,9.9,84.0,0.7,0.0,Philippines
Manila,PH,2007-07-25,12:00:00,1185339600,28.5,25.5,32.5,10.0,85.0,0.5,0.0,Philippines
Manila,PH,2007-07-26,12:00:00,1185426000,28.1,25.7,30.9,12.2,83.0,3.7,0.0,Philippines
Manila,PH,2007-07-27,12:00:00,1185512400,27.0,25.3,29.5,10.0,106.0,7.5,0.0,Philippines
Manila,PH,2007-07-28,12:00:00,1185598800,27.3,25.0,31.5,6.6,128.0,8.8,0.0,Philippines
Manila,PH,2007-07-29,12:00:00,1185685200,27.4,24.9,30.0,11.3,281.0,1.1,0.0,Philippines
Manila,PH,2007-07-30,12:00:00,1185771600,27.3,25.0,31.0,10.2,178.0,5.7,0.0,Philippines
Manila,PH,2007-07-31,12:00:00,1185858000,27.7,24.8,31.3,10.2,179.0,0.7,0.0,Philippines
Manila,PH,2007-08-01,12:00:00,1185944400,27.7,25.3,30.8,10.6,252.0,2.7,0.0,Philippines
Manila,PH,2007-08-02,12:00:00,1186030800,27.7,25.2,30.7,12.5,207.0,0.6,0.0,Philippines
Manila,PH,2007-08-03,12:00:00,1186117200,27.1,25.2,30.0,9.4,177.0,3.6,0.0,Philippines
Manila,PH,2007-08-04,12:00:00,1186203600,26.8,25.2,29.4,13.6,233.0,1.7,0.0,Philippines
Manila,PH,2007-08-05,12:00:00,1186290000,26.6,24.9,28.7,15.6,258.0,4.2,0.0,Philippines
Manila,PH,2007-08-06,12:00:00,1186376400,26.1,24.7,28.6,21.2,266.0,17.8,0.0,Philippines
Manila,PH,2007-08-07,12:00:00,1186462800,25.5,24.7,26.9,25.9,256.0,34.5,0.0,Philippines
Manila,PH,2007-08-08,12:00:00,1186549200,25.2,24.6,26.0,26.1,233.0,56.0,0.0,Philippines
Manila,PH,2007-08-09,12:00:00,1186635600,26.3,25.0,27.9,29.3,226.0,9.6,0.0,Philippines
Manila,PH,2007-08-10,12:00:00,1186722000,27.0,25.5,29.0,27.3,225.0,1.0,0.0,Philippines
Manila,PH,2007-08-11,12:00:00,1186808400,28.0,26.3,30.4,23.9,224.0,0.0,0.0,Philippines
Manila,PH,2007-08-12,12:00:00,1186894800,27.7,26.2,29.8,24.8,233.0,0.1,0.0,Philippines
Manila,PH,2007-08-13,12:00:00,1186981200,26.9,25.5,29.1,26.6,239.0,2.5,0.0,Philippines
Manila,PH,2007-08-14,12:00:00,1187067600,26.4,24.8,29.3,20.3,251.0,6.5,0.0,Philippines
Manila,PH,2007-08-15,12:00:00,1187154000,26.2,24.8,28.1,24.4,256.0,8.5,0.0,Philippines
Manila,PH,2007-08-16,12:00:00,1187240400,25.3,24.4,26.3,27.9,255.0,21.6,0.0,Philippines
Manila,PH,2007-08-17,12:00:00,1187326800,25.3,24.8,25.9,30.6,247.0,15.8,0.0,Philippines
Manila,PH,2007-08-18,12:00:00,1187413200,25.9,24.6,27.7,27.2,234.0,6.9,0.0,Philippines
Manila,PH,2007-08-19,12:00:00,1187499600,26.6,25.1,29.4,16.3,233.0,2.4,0.0,Philippines
Manila,PH,2007-08-20,12:00:00,1187586000,26.9,24.4,29.5,10.5,254.0,0.9,0.0,Philippines
Manila,PH,2007-08-21,12:00:00,1187672400,27.1,24.1,29.3,10.9,278.0,0.4,0.0,Philippines
Manila,PH,2007-08-22,12:00:00,1187758800,27.1,24.2,30.2,11.6,295.0,5.2,0.0,Philippines
Manila,PH,2007-08-23,12:00:00,1187845200,27.1,24.6,30.0,10.7,356.0,8.0,0.0,Philippines
Manila,PH,2007-08-24,12:00:00,1187931600,27.3,24.4,30.2,8.1,339.0,1.7,0.0,Philippines
Manila,PH,2007-08-25,12:00:00,1188018000,26.9,24.9,29.8,6.4,121.0,12.4,0.0,Philippines
Manila,PH,2007-08-26,12:00:00,1188104400,26.5,24.9,28.9,13.0,112.0,18.8,0.0,Philippines
Manila,PH,2007-08-27,12:00:00,1188190800,25.2,24.6,26.3,9.8,100.0,33.0,0.0,Philippines
Manila,PH,2007-08-28,12:00:00,1188277200,26.1,24.1,28.6,9.0,233.0,9.4,0.0,Philippines
Manila,PH,2007-08-29,12:00:00,1188363600,25.4,24.1,27.1,7.2,275.0,19.0,0.0,Philippines
Manila,PH,2007-08-30,12:00:00,1188450000,25.9,24.4,28.3,12.3,320.0,8.6,0.0,Philippines
Manila,PH,2007-08-31,12:00:00,1188536400,25.1,24.1,26.1,12.5,251.0,22.7,0.0,Philippines
Manila,PH,2007-09-01,12:00:00,1188622800,24.8,23.9,25.9,16.2,245.0,12.0,0.0,Philippines
Manila,PH,2007-09-02,12:00:00,1188709200,26.2,24.3,28.3,14.9,259.0,1.6,0.0,Philippines
Manila,PH,2007-09-03,12:00:00,1188795600,27.2,25.1,29.7,13.0,281.0,0.0,0.0,Philippines
Manila,PH,2007-09-04,12:00:00,1188882000,27.9,25.3,30.5,13.6,292.0,0.0,0.0,Philippines
Manila,PH,2007-09-05,12:00:00,1188968400,27.6,24.7,30.4,13.6,290.0,0.0,0.0,Philippines
Manila,PH,2007-09-06,12:00:00,1189054800,27.4,25.0,30.1,14.6,291.0,1.0,0.0,Philippines
Manila,PH,2007-09-07,12:00:00,1189141200,27.6,25.3,30.1,14.8,274.0,0.6,0.0,Philippines
Manila,PH,2007-09-08,12:00:00,1189227600,27.5,25.0,30.1,11.2,263.0,1.7,0.0,Philippines
Manila,PH,2007-09-09,12:00:00,1189314000,27.5,25.6,30.0,15.0,275.0,1.9,0.0,Philippines
Manila,PH,2007-09-10,12:00:00,1189400400,27.3,24.8,30.2,10.0,282.0,2.4,0.0,Philippines
Manila,PH,2007-09-11,12:00:00,1189486800,26.8,24.9,29.8,5.4,326.0,17.2,0.0,Philippines
Manila,PH,2007-09-12,12:00:00,1189573200,26.7,25.1,29.3,10.4,323.0,6.6,0.0,Philippines
Manila,PH,2007-09-13,12:00:00,1189659600,26.8,24.9,29.8,6.8,231.0,8.0,0.0,Philippines
Manila,PH,2007-09-14,12:00:00,1189746000,26.3,24.7,28.6,15.6,246.0,38.4,0.0,Philippines
Manila,PH,2007-09-15,12:00:00,1189832400,26.6,25.0,29.1,17.2,256.0,4.9,0.0,Philippines
Manila,PH,2007-09-16,12:00:00,1189918800,26.1,24.9,28.0,18.9,255.0,6.8,0.0,Philippines
Manila,PH,2007-09-17,12:00:00,1190005200,26.2,24.7,28.2,24.2,251.0,4.5,0.0,Philippines
Manila,PH,2007-09-18,12:00:00,1190091600,26.2,24.7,28.1,22.8,249.0,4.3,0.0,Philippines
Manila,PH,2007-09-19,12:00:00,1190178000,25.3,24.8,26.6,20.4,234.0,18.2,0.0,Philippines
Manila,PH,2007-09-20,12:00:00,1190264400,25.7,24.6,27.6,15.1,245.0,12.8,0.0,Philippines
Manila,PH,2007-09-21,12:00:00,1190350800,25.6,24.3,27.5,15.3,231.0,15.3,0.0,Philippines
Manila,PH,2007-09-22,12:00:00,1190437200,25.0,24.5,26.4,20.7,226.0,40.4,0.0,Philippines
Manila,PH,2007-09-23,12:00:00,1190523600,25.5,24.6,27.2,17.4,197.0,17.2,0.0,Philippines
Manila,PH,2007-09-24,12:00:00,1190610000,26.0,24.6,28.7,15.9,203.0,10.1,0.0,Philippines
Manila,PH,2007-09-25,12:00:00,1190696400,26.2,24.4,28.7,13.3,253.0,7.0,0.0,Philippines
Manila,PH,2007-09-26,12:00:00,1190782800,26.1,24.4,28.9,11.5,283.0,8.7,0.0,Philippines
Manila,PH,2007-09-27,12:00:00,1190869200,26.3,24.3,29.1,6.2,187.0,7.6,0.0,Philippines
Manila,PH,2007-09-28,12:00:00,1190955600,26.6,24.5,28.6,5.5,231.0,2.7,0.0,Philippines
Manila,PH,2007-09-29,12:00:00,1191042000,25.1,24.7,25.6,25.9,234.0,82.3,0.0,Philippines
Manila,PH,2007-09-30,12:00:00,1191128400,25.8,24.8,27.5,8.2,138.0,10.3,0.0,Philippines
Manila,PH,2007-10-01,12:00:00,1191214800,25.8,24.8,27.5,19.0,219.0,11.1,0.0,Philippines
Manila,PH,2007-10-02,12:00:00,1191301200,26.0,24.5,28.3,14.1,262.0,4.7,0.0,Philippines
Manila,PH,2007-10-03,12:00:00,1191387600,25.4,24.2,27.5,17.8,285.0,16.3,0.0,Philippines
Manila,PH,2007-10-04,12:00:00,1191474000,25.9,24.1,28.2,27.7,272.0,14.1,0.0,Philippines
Manila,PH,2007-10-05,12:00:00,1191560400,26.2,24.8,27.8,30.8,254.0,3.8,0.0,Philippines
Manila,PH,2007-10-06,12:00:00,1191646800,25.9,24.6,27.8,31.9,245.0,4.2,0.0,Philippines
Manila,PH,2007-10-07,12:00:00,1191733200,25.7,24.6,27.4,18.2,236.0,4.5,0.0,Philippines
Manila,PH,2007-10-08,12:00:00,1191819600,26.6,24.6,28.8,15.2,251.0,5.1,0.0,Philippines
Manila,PH,2007-10-09,12:00:00,1191906000,26.4,24.1,29.2,7.1,73.0,7.8,0.0,Philippines
Manila,PH,2007-10-10,12:00:00,1191992400,26.6,23.7,29.7,8.0,78.0,0.8,0.0,Philippines
Manila,PH,2007-10-11,12:00:00,1192078800,26.6,23.9,30.0,8.9,70.0,0.5,0.0,Philippines
Manila,PH,2007-10-12,12:00:00,1192165200,26.2,24.6,29.1,13.0,75.0,6.6,0.0,Philippines
Manila,PH,2007-10-13,12:00:00,1192251600,26.9,24.8,29.7,13.9,80.0,0.0,0.0,Philippines
Manila,PH,2007-10-14,12:00:00,1192338000,26.7,24.4,29.8,13.0,76.0,0.6,0.0,Philippines
Manila,PH,2007-10-15,12:00:00,1192424400,26.4,24.1,28.9,16.2,74.0,0.2,0.0,Philippines
Manila,PH,2007-10-16,12:00:00,1192510800,26.7,24.1,29.6,18.2,65.0,0.1,0.0,Philippines
Manila,PH,2007-10-17,12:00:00,1192597200,26.8,24.5,29.8,16.4,69.0,0.0,0.0,Philippines
Manila,PH,2007-10-18,12:00:00,1192683600,26.9,23.8,30.1,16.4,68.0,0.0,0.0,Philippines
Manila,PH,2007-10-19,12:00:00,1192770000,26.7,24.1,29.4,13.2,65.0,0.2,0.0,Philippines
Manila,PH,2007-10-20,12:00:00,1192856400,26.4,25.1,28.5,16.5,79.0,0.4,0.0,Philippines
Manila,PH,2007-10-21,12:00:00,1192942800,26.8,24.1,30.0,18.9,70.0,0.0,0.0,Philippines
Manila,PH,2007-10-22,12:00:00,1193029200,26.8,25.2,29.0,19.7,67.0,0.7,0.0,Philippines
Manila,PH,2007-10-23,12:00:00,1193115600,26.2,24.8,27.9,11.5,58.0,0.9,0.0,Philippines
Manila,PH,2007-10-24,12:00:00,1193202000,26.5,25.3,28.7,17.2,76.0,2.0,0.0,Philippines
Manila,PH,2007-10-25,12:00:00,1193288400,26.7,24.9,29.4,13.8,94.0,0.0,0.0,Philippines
Manila,PH,2007-10-26,12:00:00,1193374800,26.7,23.9,29.6,9.8,265.0,10.5,0.0,Philippines
Manila,PH,2007-10-27,12:00:00,1193461200,26.8,24.5,29.8,5.4,200.0,8.4,0.0,Philippines
Manila,PH,2007-10-28,12:00:00,1193547600,25.3,24.1,26.5,13.0,319.0,6.2,0.0,Philippines
Manila,PH,2007-10-29,12:00:00,1193634000,26.5,24.1,29.4,17.1,109.0,1.6,0.0,Philippines
Manila,PH,2007-10-30,12:00:00,1193720400,26.8,24.5,29.6,12.4,85.0,1.7,0.0,Philippines
Manila,PH,2007-10-31,12:00:00,1193806800,26.8,24.5,29.3,16.8,63.0,0.2,0.0,Philippines
Manila,PH,2007-11-01,12:00:00,1193893200,26.6,24.0,29.3,18.5,68.0,0.2,0.0,Philippines
Manila,PH,2007-11-02,12:00:00,1193979600,26.8,23.4,30.4,14.0,89.0,0.1,0.0,Philippines
Manila,PH,2007-11-03,12:00:00,1194066000,26.9,23.9,29.8,11.8,64.0,0.0,0.0,Philippines
Manila,PH,2007-11-04,12:00:00,1194152400,25.8,24.0,27.9,18.4,257.0,1.4,0.0,Philippines
Manila,PH,2007-11-05,12:00:00,1194238800,25.7,24.6,28.1,19.6,206.0,7.2,0.0,Philippines
Manila,PH,2007-11-06,12:00:00,1194325200,26.1,24.6,28.4,10.8,197.0,1.1,0.0,Philippines
Manila,PH,2007-11-07,12:00:00,1194411600,26.0,24.1,28.5,10.3,107.0,4.1,0.0,Philippines
Manila,PH,2007-11-08,12:00:00,1194498000,26.4,24.1,29.5,6.6,106.0,1.1,0.0,Philippines
Manila,PH,2007-11-09,12:00:00,1194584400,26.4,24.6,29.1,13.7,98.0,0.6,0.0,Philippines
Manila,PH,2007-11-10,12:00:00,1194670800,26.5,23.6,30.0,15.1,79.0,0.0,0.0,Philippines
Manila,PH,2007-11-11,12:00:00,1194757200,26.4,23.6,30.0,12.2,80.0,0.0,0.0,Philippines
Manila,PH,2007-11-12,12:00:00,1194843600,25.9,23.5,28.5,22.5,67.0,0.3,0.0,Philippines
Manila,PH,2007-11-13,12:00:00,1194930000,25.9,24.5,28.6,22.9,66.0,0.0,0.0,Philippines
Manila,PH,2007-11-14,12:00:00,1195016400,25.3,23.5,27.9,25.8,59.0,3.8,0.0,Philippines
Manila,PH,2007-11-15,12:00:00,1195102800,24.3,22.7,26.8,13.6,13.0,70.4,0.0,Philippines
Manila,PH,2007-11-16,12:00:00,1195189200,26.1,23.2,29.3,18.7,66.0,1.9,0.0,Philippines
Manila,PH,2007-11-17,12:00:00,1195275600,26.5,24.9,28.7,18.8,76.0,0.0,0.0,Philippines
Manila,PH,2007-11-18,12:00:00,1195362000,26.0,24.7,27.7,21.9,70.0,0.3,0.0,Philippines
Manila,PH,2007-11-19,12:00:00,1195448400,25.7,24.6,27.5,22.8,57.0,2.1,0.0,Philippines
Manila,PH,2007-11-20,12:00:00,1195534800,25.7,24.9,27.4,23.0,66.0,3.4,0.0,Philippines
Manila,PH,2007-11-21,12:00:00,1195621200,25.9,24.8,27.7,20.5,78.0,5.3,0.0,Philippines
Manila,PH,2007-11-22,12:00:00,1195707600,25.6,24.3,27.7,18.9,86.0,9.3,0.0,Philippines
Manila,PH,2007-11-23,12:00:00,1195794000,25.7,22.9,28.1,8.8,324.0,0.0,0.0,Philippines
Manila,PH,2007-11-24,12:00:00,1195880400,25.4,23.1,27.3,10.5,296.0,0.2,0.0,Philippines
Manila,PH,2007-11-25,12:00:00,1195966800,25.9,24.9,27.3,23.4,262.0,6.3,0.0,Philippines
Manila,PH,2007-11-26,12:00:00,1196053200,25.5,24.5,26.9,27.7,239.0,5.7,0.0,Philippines
Manila,PH,2007-11-27,12:00:00,1196139600,25.8,24.2,28.0,17.0,310.0,0.2,0.0,Philippines
Manila,PH,2007-11-28,12:00:00,1196226000,25.0,23.2,27.0,9.8,322.0,0.0,0.0,Philippines
Manila,PH,2007-11-29,12:00:00,1196312400,23.6,22.5,25.1,7.6,45.0,5.5,0.0,Philippines
Manila,PH,2007-11-30,12:00:00,1196398800,23.4,22.6,24.3,19.4,66.0,2.6,0.0,Philippines
Manila,PH,2007-12-01,12:00:00,1196485200,24.1,22.1,26.4,23.4,67.0,0.0,0.0,Philippines
Manila,PH,2007-12-02,12:00:00,1196571600,24.9,23.1,27.4,23.0,64.0,0.0,0.0,Philippines
Manila,PH,2007-12-03,12:00:00,1196658000,25.0,23.0,27.3,19.7,58.0,0.1,0.0,Philippines
Manila,PH,2007-12-04,12:00:00,1196744400,25.4,24.3,27.5,28.5,65.0,1.4,0.0,Philippines
Manila,PH,2007-12-05,12:00:00,1196830800,25.2,24.4,27.0,27.1,72.0,1.3,0.0,Philippines
Manila,PH,2007-12-06,12:00:00,1196917200,24.4,23.5,26.3,19.5,60.0,9.3,0.0,Philippines
Manila,PH,2007-12-07,12:00:00,1197003600,25.4,22.6,28.9,12.8,78.0,0.0,0.0,Philippines
Manila,PH,2007-12-08,12:00:00,1197090000,25.5,23.3,28.2,28.2,68.0,0.0,0.0,Philippines
Manila,PH,2007-12-09,12:00:00,1197176400,25.6,24.0,27.9,21.6,68.0,0.3,0.0,Philippines
Manila,PH,2007-12-10,12:00:00,1197262800,25.4,24.5,27.1,15.3,61.0,2.6,0.0,Philippines
Manila,PH,2007-12-11,12:00:00,1197349200,26.2,23.8,29.0,20.6,82.0,0.0,0.0,Philippines
Manila,PH,2007-12-12,12:00:00,1197435600,26.1,23.3,30.0,14.2,70.0,0.0,0.0,Philippines
Manila,PH,2007-12-13,12:00:00,1197522000,25.9,22.5,29.8,9.4,80.0,0.0,0.0,Philippines
Manila,PH,2007-12-14,12:00:00,1197608400,25.6,22.4,29.2,15.5,89.0,0.0,0.0,Philippines
Manila,PH,2007-12-15,12:00:00,1197694800,25.8,22.9,28.9,24.0,83.0,0.0,0.0,Philippines
Manila,PH,2007-12-16,12:00:00,1197781200,26.1,24.8,28.2,25.4,75.0,0.0,0.0,Philippines
Manila,PH,2007-12-17,12:00:00,1197867600,25.9,24.1,28.5,26.6,72.0,0.0,0.0,Philippines
Manila,PH,2007-12-18,12:00:00,1197954000,25.4,23.4,28.6,20.6,71.0,0.0,0.0,Philippines
Manila,PH,2007-12-19,12:00:00,1198040400,25.3,22.2,28.6,17.6,75.0,0.0,0.0,Philippines
Manila,PH,2007-12-20,12:00:00,1198126800,25.7,23.4,29.2,23.6,79.0,0.0,0.0,Philippines
Manila,PH,2007-12-21,12:00:00,1198213200,25.9,23.4,29.1,20.9,76.0,0.0,0.0,Philippines
Manila,PH,2007-12-22,12:00:00,1198299600,26.1,23.1,29.6,16.5,74.0,0.0,0.0,Philippines
Manila,PH,2007-12-23,12:00:00,1198386000,26.2,23.3,29.7,13.9,69.0,0.0,0.0,Philippines
Manila,PH,2007-12-24,12:00:00,1198472400,26.2,23.5,29.5,13.7,62.0,0.4,0.0,Philippines
Manila,PH,2007-12-25,12:00:00,1198558800,26.1,24.4,28.5,21.7,66.0,0.0,0.0,Philippines
Manila,PH,2007-12-26,12:00:00,1198645200,25.9,24.7,28.0,19.4,54.0,24.8,0.0,Philippines
Manila,PH,2007-12-27,12:00:00,1198731600,25.6,24.2,27.6,15.5,71.0,3.8,0.0,Philippines
Manila,PH,2007-12-28,12:00:00,1198818000,25.9,23.3,29.2,11.2,77.0,0.1,0.0,Philippines
Manila,PH,2007-12-29,12:00:00,1198904400,26.2,23.6,29.3,9.0,84.0,0.8,0.0,Philippines
Manila,PH,2007-12-30,12:00:00,1198990800,25.9,24.3,28.2,14.3,66.0,1.4,0.0,Philippines
Manila,PH,2007-12-31,12:00:00,1199077200,25.2,23.7,27.2,28.2,65.0,0.1,0.0,Philippines
Manila,PH,2008-01-01,12:00:00,1199163600,24.4,23.2,26.4,29.2,63.0,0.1,0.0,Philippines
Manila,PH,2008-01-02,12:00:00,1199250000,23.9,22.6,26.1,34.8,62.0,0.0,0.0,Philippines
Manila,PH,2008-01-03,12:00:00,1199336400,23.9,22.4,26.5,29.0,71.0,0.0,0.0,Philippines
Manila,PH,2008-01-04,12:00:00,1199422800,23.8,21.7,26.8,20.8,76.0,0.0,0.0,Philippines
Manila,PH,2008-01-05,12:00:00,1199509200,24.1,20.5,28.5,14.9,76.0,0.0,0.0,Philippines
Manila,PH,2008-01-06,12:00:00,1199595600,25.1,21.4,29.5,14.1,77.0,0.0,0.0,Philippines
Manila,PH,2008-01-07,12:00:00,1199682000,25.2,22.7,28.1,20.7,80.0,0.1,0.0,Philippines
Manila,PH,2008-01-08,12:00:00,1199768400,25.7,23.5,29.1,20.2,79.0,0.0,0.0,Philippines
Manila,PH,2008-01-09,12:00:00,1199854800,25.0,21.8,28.3,19.4,83.0,0.0,0.0,Philippines
Manila,PH,2008-01-10,12:00:00,1199941200,25.2,21.4,29.4,16.4,77.0,0.0,0.0,Philippines
Manila,PH,2008-01-11,12:00:00,1200027600,25.5,22.3,29.4,14.9,70.0,0.0,0.0,Philippines
Manila,PH,2008-01-12,12:00:00,1200114000,24.1,23.3,24.8,12.1,24.0,35.6,0.0,Philippines
Manila,PH,2008-01-13,12:00:00,1200200400,25.0,23.9,26.4,16.4,88.0,5.4,0.0,Philippines
Manila,PH,2008-01-14,12:00:00,1200286800,25.8,24.1,28.6,20.3,84.0,0.1,0.0,Philippines
Manila,PH,2008-01-15,12:00:00,1200373200,25.6,23.3,28.3,16.8,80.0,0.1,0.0,Philippines
Manila,PH,2008-01-16,12:00:00,1200459600,25.4,22.8,28.3,19.5,70.0,0.0,0.0,Philippines
Manila,PH,2008-01-17,12:00:00,1200546000,25.3,23.6,27.6,21.7,63.0,0.1,0.0,Philippines
Manila,PH,2008-01-18,12:00:00,1200632400,23.6,23.1,24.1,16.1,52.0,24.6,0.0,Philippines
Manila,PH,2008-01-19,12:00:00,1200718800,24.8,23.2,27.3,23.4,64.0,3.1,0.0,Philippines
Manila,PH,2008-01-20,12:00:00,1200805200,25.3,23.7,27.8,19.4,52.0,1.1,0.0,Philippines
Manila,PH,2008-01-21,12:00:00,1200891600,25.3,23.7,27.8,17.4,73.0,4.4,0.0,Philippines
Manila,PH,2008-01-22,12:00:00,1200978000,24.5,23.9,25.6,17.3,82.0,13.4,0.0,Philippines
Manila,PH,2008-01-23,12:00:00,1201064400,26.1,24.0,29.2,19.9,81.0,0.0,0.0,Philippines
Manila,PH,2008-01-24,12:00:00,1201150800,25.5,22.7,28.3,18.7,71.0,0.0,0.0,Philippines
Manila,PH,2008-01-25,12:00:00,1201237200,25.7,23.9,28.3,26.8,82.0,0.1,0.0,Philippines
Manila,PH,2008-01-26,12:00:00,1201323600,25.9,23.8,29.2,19.7,79.0,0.0,0.0,Philippines
Manila,PH,2008-01-27,12:00:00,1201410000,25.5,23.8,27.7,20.9,78.0,0.1,0.0,Philippines
Manila,PH,2008-01-28,12:00:00,1201496400,25.5,23.3,28.9,19.8,86.0,0.0,0.0,Philippines
Manila,PH,2008-01-29,12:00:00,1201582800,25.4,22.6,29.0,14.6,74.0,0.0,0.0,Philippines
Manila,PH,2008-01-30,12:00:00,1201669200,25.7,23.0,29.1,24.1,87.0,0.0,0.0,Philippines
Manila,PH,2008-01-31,12:00:00,1201755600,25.9,23.0,29.6,20.5,76.0,0.0,0.0,Philippines
Manila,PH,2008-02-01,12:00:00,1201842000,25.7,23.1,29.0,25.1,79.0,0.0,0.0,Philippines
Manila,PH,2008-02-02,12:00:00,1201928400,25.8,23.0,29.3,13.9,82.0,0.0,0.0,Philippines
Manila,PH,2008-02-03,12:00:00,1202014800,25.7,23.0,28.8,11.2,71.0,0.0,0.0,Philippines
Manila,PH,2008-02-04,12:00:00,1202101200,25.7,23.3,28.7,19.1,76.0,0.0,0.0,Philippines
Manila,PH,2008-02-05,12:00:00,1202187600,26.0,23.3,29.6,13.1,83.0,0.0,0.0,Philippines
Manila,PH,2008-02-06,12:00:00,1202274000,25.9,22.4,29.5,6.7,66.0,0.2,0.0,Philippines
Manila,PH,2008-02-07,12:00:00,1202360400,25.5,22.8,28.7,9.5,71.0,0.5,0.0,Philippines
Manila,PH,2008-02-08,12:00:00,1202446800,25.1,22.6,28.5,8.9,35.0,1.9,0.0,Philippines
Manila,PH,2008-02-09,12:00:00,1202533200,25.1,22.9,28.0,12.6,28.0,0.2,0.0,Philippines
Manila,PH,2008-02-10,12:00:00,1202619600,24.8,22.6,28.3,17.0,64.0,0.0,0.0,Philippines
Manila,PH,2008-02-11,12:00:00,1202706000,24.7,22.4,28.2,21.1,73.0,0.0,0.0,Philippines
Manila,PH,2008-02-12,12:00:00,1202792400,24.5,21.9,27.4,17.1,70.0,0.0,0.0,Philippines
Manila,PH,2008-02-13,12:00:00,1202878800,24.7,22.6,27.8,22.9,63.0,0.2,0.0,Philippines
Manila,PH,2008-02-14,12:00:00,1202965200,23.8,22.6,25.2,28.1,57.0,0.0,0.0,Philippines
Manila,PH,2008-02-15,12:00:00,1203051600,23.6,22.4,25.0,23.5,62.0,0.0,0.0,Philippines
Manila,PH,2008-02-16,12:00:00,1203138000,24.3,23.1,26.4,30.3,63.0,0.3,0.0,Philippines
Manila,PH,2008-02-17,12:00:00,1203224400,23.9,22.4,25.4,26.6,62.0,3.2,0.0,Philippines
Manila,PH,2008-02-18,12:00:00,1203310800,23.9,22.7,25.6,35.0,63.0,2.4,0.0,Philippines
Manila,PH,2008-02-19,12:00:00,1203397200,23.7,22.6,24.9,23.1,56.0,9.3,0.0,Philippines
Manila,PH,2008-02-20,12:00:00,1203483600,23.9,22.6,26.4,21.4,62.0,15.8,0.0,Philippines
Manila,PH,2008-02-21,12:00:00,1203570000,23.8,22.8,24.8,21.0,70.0,22.6,0.0,Philippines
Manila,PH,2008-02-22,12:00:00,1203656400,24.7,22.7,27.4,29.8,77.0,6.7,0.0,Philippines
Manila,PH,2008-02-23,12:00:00,1203742800,25.8,23.2,29.2,15.1,81.0,0.6,0.0,Philippines
Manila,PH,2008-02-24,12:00:00,1203829200,25.1,23.4,27.6,22.6,70.0,0.2,0.0,Philippines
Manila,PH,2008-02-25,12:00:00,1203915600,25.1,23.7,27.7,20.8,80.0,7.3,0.0,Philippines
Manila,PH,2008-02-26,12:00:00,1204002000,24.7,23.5,27.2,16.2,67.0,19.0,0.0,Philippines
Manila,PH,2008-02-27,12:00:00,1204088400,25.4,23.6,27.9,23.7,68.0,3.6,0.0,Philippines
Manila,PH,2008-02-28,12:00:00,1204174800,24.1,22.6,25.6,26.8,60.0,3.2,0.0,Philippines
Manila,PH,2008-02-29,12:00:00,1204261200,23.4,22.0,26.1,18.7,54.0,13.5,0.0,Philippines
Manila,PH,2008-03-01,12:00:00,1204347600,24.3,22.3,26.8,13.4,68.0,6.4,0.0,Philippines
Manila,PH,2008-03-02,12:00:00,1204434000,25.4,23.0,28.6,12.0,70.0,0.6,0.0,Philippines
Manila,PH,2008-03-03,12:00:00,1204520400,25.7,22.6,28.9,15.0,68.0,0.0,0.0,Philippines
Manila,PH,2008-03-04,12:00:00,1204606800,24.2,22.8,26.1,33.5,67.0,0.0,0.0,Philippines
Manila,PH,2008-03-05,12:00:00,1204693200,23.2,22.2,24.8,34.6,69.0,0.0,0.0,Philippines
Manila,PH,2008-03-06,12:00:00,1204779600,23.6,22.1,25.9,30.4,75.0,0.0,0.0,Philippines
Manila,PH,2008-03-07,12:00:00,1204866000,24.1,22.2,26.6,24.8,76.0,0.0,0.0,Philippines
Manila,PH,2008-03-08,12:00:00,1204952400,24.5,22.5,27.3,24.6,71.0,0.0,0.0,Philippines
Manila,PH,2008-03-09,12:00:00,1205038800,25.2,22.7,28.2,21.1,79.0,0.0,0.0,Philippines
Manila,PH,2008-03-10,12:00:00,1205125200,25.4,23.2,28.4,18.0,80.0,0.1,0.0,Philippines
Manila,PH,2008-03-11,12:00:00,1205211600,26.0,22.8,29.7,15.3,78.0,0.0,0.0,Philippines
Manila,PH,2008-03-12,12:00:00,1205298000,26.1,22.5,29.7,21.1,81.0,0.0,0.0,Philippines
Manila,PH,2008-03-13,12:00:00,1205384400,26.2,23.2,29.9,16.5,86.0,0.0,0.0,Philippines
Manila,PH,2008-03-14,12:00:00,1205470800,26.0,22.3,29.8,12.4,82.0,0.0,0.0,Philippines
Manila,PH,2008-03-15,12:00:00,1205557200,26.1,22.9,29.8,16.0,81.0,0.0,0.0,Philippines
Manila,PH,2008-03-16,12:00:00,1205643600,26.6,23.8,30.1,20.5,86.0,0.0,0.0,Philippines
Manila,PH,2008-03-17,12:00:00,1205730000,26.6,23.7,30.0,16.7,89.0,0.5,0.0,Philippines
Manila,PH,2008-03-18,12:00:00,1205816400,27.3,24.5,30.9,19.5,88.0,0.0,0.0,Philippines
Manila,PH,2008-03-19,12:00:00,1205902800,27.0,23.3,30.8,14.8,83.0,0.1,0.0,Philippines
Manila,PH,2008-03-20,12:00:00,1205989200,26.7,23.7,30.1,22.0,86.0,0.0,0.0,Philippines
Manila,PH,2008-03-21,12:00:00,1206075600,26.8,24.1,30.5,18.4,81.0,0.1,0.0,Philippines
Manila,PH,2008-03-22,12:00:00,1206162000,27.0,24.1,30.3,15.1,93.0,0.2,0.0,Philippines
Manila,PH,2008-03-23,12:00:00,1206248400,26.9,24.1,30.6,7.9,86.0,0.4,0.0,Philippines
Manila,PH,2008-03-24,12:00:00,1206334800,26.9,24.2,29.7,15.9,80.0,0.3,0.0,Philippines
Manila,PH,2008-03-25,12:00:00,1206421200,26.8,23.6,29.9,13.3,87.0,0.5,0.0,Philippines
Manila,PH,2008-03-26,12:00:00,1206507600,27.0,24.0,30.0,7.9,120.0,1.0,0.0,Philippines
Manila,PH,2008-03-27,12:00:00,1206594000,26.8,23.7,30.6,9.3,99.0,2.4,0.0,Philippines
Manila,PH,2008-03-28,12:00:00,1206680400,27.4,24.0,31.2,14.0,99.0,0.0,0.0,Philippines
Manila,PH,2008-03-29,12:00:00,1206766800,27.8,24.6,31.5,11.4,102.0,0.1,0.0,Philippines
Manila,PH,2008-03-30,12:00:00,1206853200,27.8,24.3,31.4,8.2,100.0,0.2,0.0,Philippines
Manila,PH,2008-03-31,12:00:00,1206939600,27.7,24.0,31.3,11.9,93.0,0.0,0.0,Philippines
Manila,PH,2008-04-01,12:00:00,1207026000,27.1,24.5,30.0,16.9,79.0,0.1,0.0,Philippines
Manila,PH,2008-04-02,12:00:00,1207112400,27.2,24.5,30.3,19.6,82.0,0.0,0.0,Philippines
Manila,PH,2008-04-03,12:00:00,1207198800,27.6,25.0,31.5,19.1,84.0,0.1,0.0,Philippines
Manila,PH,2008-04-04,12:00:00,1207285200,27.7,24.7,31.2,24.5,85.0,0.0,0.0,Philippines
Manila,PH,2008-04-05,12:00:00,1207371600,27.6,25.6,30.6,22.8,82.0,0.0,0.0,Philippines
Manila,PH,2008-04-06,12:00:00,1207458000,28.2,24.5,32.0,18.7,88.0,0.0,0.0,Philippines
Manila,PH,2008-04-07,12:00:00,1207544400,28.2,24.4,32.5,13.8,91.0,0.0,0.0,Philippines
Manila,PH,2008-04-08,12:00:00,1207630800,28.5,24.6,32.3,13.4,107.0,0.0,0.0,Philippines
Manila,PH,2008-04-09,12:00:00,1207717200,28.8,25.7,32.4,10.6,119.0,0.0,0.0,Philippines
Manila,PH,2008-04-10,12:00:00,1207803600,28.8,25.5,32.7,10.1,101.0,0.6,0.0,Philippines
Manila,PH,2008-04-11,12:00:00,1207890000,28.6,25.6,32.1,14.4,92.0,0.0,0.0,Philippines
Manila,PH,2008-04-12,12:00:00,1207976400,28.5,24.8,32.9,18.0,85.0,0.0,0.0,Philippines
Manila,PH,2008-04-13,12:00:00,1208062800,28.0,23.8,32.4,23.7,72.0,0.0,0.0,Philippines
Manila,PH,2008-04-14,12:00:00,1208149200,27.3,25.8,30.2,23.2,79.0,1.7,0.0,Philippines
Manila,PH,2008-04-15,12:00:00,1208235600,27.0,25.0,29.6,23.9,87.0,3.7,0.0,Philippines
Manila,PH,2008-04-16,12:00:00,1208322000,28.2,25.7,31.6,18.9,96.0,0.0,0.0,Philippines
Manila,PH,2008-04-17,12:00:00,1208408400,28.4,25.5,32.0,20.9,93.0,0.0,0.0,Philippines
Manila,PH,2008-04-18,12:00:00,1208494800,28.2,24.9,32.4,18.7,88.0,0.1,0.0,Philippines
Manila,PH,2008-04-19,12:00:00,1208581200,28.4,25.6,32.2,21.6,88.0,0.0,0.0,Philippines
Manila,PH,2008-04-20,12:00:00,1208667600,28.3,25.8,31.5,18.8,86.0,0.0,0.0,Philippines
Manila,PH,2008-04-21,12:00:00,1208754000,28.8,25.5,32.6,17.7,92.0,0.0,0.0,Philippines
Manila,PH,2008-04-22,12:00:00,1208840400,29.0,25.9,32.7,14.8,90.0,0.3,0.0,Philippines
Manila,PH,2008-04-23,12:00:00,1208926800,28.9,24.3,33.3,12.7,87.0,0.0,0.0,Philippines
Manila,PH,2008-04-24,12:00:00,1209013200,28.7,25.5,32.8,19.5,83.0,0.0,0.0,Philippines
Manila,PH,2008-04-25,12:00:00,1209099600,28.2,25.8,32.5,15.3,81.0,2.1,0.0,Philippines
Manila,PH,2008-04-26,12:00:00,1209186000,27.9,25.6,31.7,18.0,86.0,1.8,0.0,Philippines
Manila,PH,2008-04-27,12:00:00,1209272400,27.7,25.4,32.0,13.7,91.0,2.6,0.0,Philippines
Manila,PH,2008-04-28,12:00:00,1209358800,27.2,25.4,30.2,15.9,94.0,2.2,0.0,Philippines
Manila,PH,2008-04-29,12:00:00,1209445200,28.0,25.0,31.5,16.7,97.0,0.2,0.0,Philippines
Manila,PH,2008-04-30,12:00:00,1209531600,28.3,25.9,31.7,13.0,102.0,0.7,0.0,Philippines
Manila,PH,2008-05-01,12:00:00,1209618000,27.5,25.5,31.2,9.5,114.0,4.8,0.0,Philippines
Manila,PH,2008-05-02,12:00:00,1209704400,27.5,25.4,30.7,9.4,143.0,3.3,0.0,Philippines
Manila,PH,2008-05-03,12:00:00,1209790800,27.2,25.1,31.5,10.6,131.0,19.9,0.0,Philippines
Manila,PH,2008-05-04,12:00:00,1209877200,27.0,25.0,30.1,7.2,222.0,8.2,0.0,Philippines
Manila,PH,2008-05-05,12:00:00,1209963600,27.1,25.0,30.1,16.6,255.0,7.8,0.0,Philippines
Manila,PH,2008-05-06,12:00:00,1210050000,27.1,24.8,30.4,11.8,123.0,11.3,0.0,Philippines
Manila,PH,2008-05-07,12:00:00,1210136400,27.0,24.3,30.4,8.9,153.0,4.2,0.0,Philippines
Manila,PH,2008-05-08,12:00:00,1210222800,27.2,25.1,30.0,16.4,267.0,2.7,0.0,Philippines
Manila,PH,2008-05-09,12:00:00,1210309200,27.1,24.8,30.0,16.1,263.0,5.6,0.0,Philippines
Manila,PH,2008-05-10,12:00:00,1210395600,26.9,24.7,29.7,14.3,259.0,7.3,0.0,Philippines
Manila,PH,2008-05-11,12:00:00,1210482000,26.8,24.8,30.3,15.4,255.0,1.8,0.0,Philippines
Manila,PH,2008-05-12,12:00:00,1210568400,26.6,25.0,28.8,12.5,108.0,4.2,0.0,Philippines
Manila,PH,2008-05-13,12:00:00,1210654800,25.4,24.6,26.6,15.3,87.0,40.4,0.0,Philippines
Manila,PH,2008-05-14,12:00:00,1210741200,25.5,24.1,26.7,7.8,151.0,44.2,0.0,Philippines
Manila,PH,2008-05-15,12:00:00,1210827600,26.6,24.8,29.2,12.1,117.0,6.7,0.0,Philippines
Manila,PH,2008-05-16,12:00:00,1210914000,26.4,25.4,28.9,13.8,128.0,8.1,0.0,Philippines
Manila,PH,2008-05-17,12:00:00,1211000400,26.2,24.9,28.1,33.5,204.0,10.6,0.0,Philippines
Manila,PH,2008-05-18,12:00:00,1211086800,25.8,24.6,27.0,29.8,248.0,6.9,0.0,Philippines
Manila,PH,2008-05-19,12:00:00,1211173200,26.5,25.0,29.0,19.9,250.0,1.2,0.0,Philippines
Manila,PH,2008-05-20,12:00:00,1211259600,25.9,24.3,27.8,15.9,255.0,11.0,0.0,Philippines
Manila,PH,2008-05-21,12:00:00,1211346000,26.4,24.3,28.7,12.3,264.0,3.0,0.0,Philippines
Manila,PH,2008-05-22,12:00:00,1211432400,26.9,24.1,30.0,5.1,100.0,1.0,0.0,Philippines
Manila,PH,2008-05-23,12:00:00,1211518800,26.5,24.0,29.3,4.2,14.0,7.3,0.0,Philippines
Manila,PH,2008-05-24,12:00:00,1211605200,27.0,24.4,30.0,12.2,280.0,0.9,0.0,Philippines
Manila,PH,2008-05-25,12:00:00,1211691600,26.9,24.6,29.0,11.9,278.0,2.2,0.0,Philippines
Manila,PH,2008-05-26,12:00:00,1211778000,26.5,24.6,28.7,7.3,239.0,5.7,0.0,Philippines
Manila,PH,2008-05-27,12:00:00,1211864400,26.5,24.5,29.8,12.4,235.0,10.6,0.0,Philippines
Manila,PH,2008-05-28,12:00:00,1211950800,26.7,24.5,29.2,15.7,250.0,0.6,0.0,Philippines
Manila,PH,2008-05-29,12:00:00,1212037200,27.1,25.0,29.4,17.9,252.0,0.8,0.0,Philippines
Manila,PH,2008-05-30,12:00:00,1212123600,27.7,25.4,30.1,13.7,263.0,0.1,0.0,Philippines
Manila,PH,2008-05-31,12:00:00,1212210000,27.8,25.1,30.7,12.4,276.0,0.4,0.0,Philippines
Manila,PH,2008-06-01,12:00:00,1212296400,27.9,25.4,30.6,11.9,266.0,0.2,0.0,Philippines
Manila,PH,2008-06-02,12:00:00,1212382800,27.6,25.2,30.4,14.1,251.0,0.4,0.0,Philippines
Manila,PH,2008-06-03,12:00:00,1212469200,28.2,26.5,30.7,10.0,246.0,0.9,0.0,Philippines
Manila,PH,2008-06-04,12:00:00,1212555600,28.6,25.2,32.0,12.3,95.0,0.1,0.0,Philippines
Manila,PH,2008-06-05,12:00:00,1212642000,28.3,25.5,31.7,12.3,94.0,0.4,0.0,Philippines
Manila,PH,2008-06-06,12:00:00,1212728400,28.2,25.5,31.3,20.2,99.0,0.0,0.0,Philippines
Manila,PH,2008-06-07,12:00:00,1212814800,27.9,25.7,30.5,15.9,96.0,0.4,0.0,Philippines
Manila,PH,2008-06-08,12:00:00,1212901200,28.1,25.5,31.2,17.9,95.0,0.0,0.0,Philippines
Manila,PH,2008-06-09,12:00:00,1212987600,28.3,25.6,31.6,16.6,82.0,0.0,0.0,Philippines
Manila,PH,2008-06-10,12:00:00,1213074000,28.5,25.7,31.4,18.7,103.0,0.1,0.0,Philippines
Manila,PH,2008-06-11,12:00:00,1213160400,27.9,25.7,31.1,8.0,109.0,2.8,0.0,Philippines
Manila,PH,2008-06-12,12:00:00,1213246800,27.3,24.9,30.7,9.4,170.0,2.1,0.0,Philippines
Manila,PH,2008-06-13,12:00:00,1213333200,27.4,25.0,30.4,9.8,138.0,2.7,0.0,Philippines
Manila,PH,2008-06-14,12:00:00,1213419600,27.7,25.6,31.0,10.1,137.0,2.3,0.0,Philippines
Manila,PH,2008-06-15,12:00:00,1213506000,27.7,25.5,30.9,11.7,138.0,3.1,0.0,Philippines
Manila,PH,2008-06-16,12:00:00,1213592400,27.4,25.3,30.7,13.6,179.0,0.6,0.0,Philippines
Manila,PH,2008-06-17,12:00:00,1213678800,27.4,24.2,31.7,8.1,128.0,1.0,0.0,Philippines
Manila,PH,2008-06-18,12:00:00,1213765200,27.6,25.1,31.0,6.1,114.0,2.8,0.0,Philippines
Manila,PH,2008-06-19,12:00:00,1213851600,27.4,25.2,30.8,8.7,15.0,5.2,0.0,Philippines
Manila,PH,2008-06-20,12:00:00,1213938000,27.4,25.1,30.0,9.0,18.0,1.6,0.0,Philippines
Manila,PH,2008-06-21,12:00:00,1214024400,26.7,25.4,28.9,19.5,15.0,9.9,0.0,Philippines
Manila,PH,2008-06-22,12:00:00,1214110800,25.1,24.7,25.8,32.5,237.0,83.5,0.0,Philippines
Manila,PH,2008-06-23,12:00:00,1214197200,25.5,24.3,27.1,28.0,211.0,15.5,0.0,Philippines
Manila,PH,2008-06-24,12:00:00,1214283600,26.2,24.7,28.0,23.9,219.0,5.0,0.0,Philippines
Manila,PH,2008-06-25,12:00:00,1214370000,27.1,24.5,29.6,16.5,246.0,0.0,0.0,Philippines
Manila,PH,2008-06-26,12:00:00,1214456400,27.2,24.7,29.6,10.8,265.0,0.4,0.0,Philippines
Manila,PH,2008-06-27,12:00:00,1214542800,27.3,24.7,29.8,10.4,269.0,0.2,0.0,Philippines
Manila,PH,2008-06-28,12:00:00,1214629200,27.3,25.6,29.8,13.1,272.0,5.5,0.0,Philippines
Manila,PH,2008-06-29,12:00:00,1214715600,26.3,24.7,28.7,5.0,222.0,7.5,0.0,Philippines
Manila,PH,2008-06-30,12:00:00,1214802000,27.3,23.9,30.7,16.6,105.0,0.0,0.0,Philippines
Manila,PH,2008-07-01,12:00:00,1214888400,27.8,25.0,31.0,12.4,103.0,0.5,0.0,Philippines
Manila,PH,2008-07-02,12:00:00,1214974800,26.6,25.0,29.6,8.0,338.0,12.2,0.0,Philippines
Manila,PH,2008-07-03,12:00:00,1215061200,26.3,24.9,27.9,8.0,65.0,6.9,0.0,Philippines
Manila,PH,2008-07-04,12:00:00,1215147600,26.3,24.7,28.7,10.6,117.0,9.5,0.0,Philippines
Manila,PH,2008-07-05,12:00:00,1215234000,25.8,24.8,27.8,9.1,134.0,12.7,0.0,Philippines
Manila,PH,2008-07-06,12:00:00,1215320400,26.6,24.2,28.7,20.4,218.0,2.8,0.0,Philippines
Manila,PH,2008-07-07,12:00:00,1215406800,26.8,24.6,29.8,12.4,207.0,4.8,0.0,Philippines
Manila,PH,2008-07-08,12:00:00,1215493200,27.2,24.5,30.6,7.4,67.0,3.4,0.0,Philippines
Manila,PH,2008-07-09,12:00:00,1215579600,27.4,24.7,30.4,9.3,157.0,3.3,0.0,Philippines
Manila,PH,2008-07-10,12:00:00,1215666000,27.2,24.7,29.8,13.4,275.0,0.9,0.0,Philippines
Manila,PH,2008-07-11,12:00:00,1215752400,27.2,25.0,29.6,16.2,265.0,0.7,0.0,Philippines
Manila,PH,2008-07-12,12:00:00,1215838800,26.5,25.3,28.6,16.7,260.0,7.9,0.0,Philippines
Manila,PH,2008-07-13,12:00:00,1215925200,26.3,24.9,28.1,17.0,261.0,5.8,0.0,Philippines
Manila,PH,2008-07-14,12:00:00,1216011600,26.1,25.2,27.8,18.1,268.0,11.6,0.0,Philippines
Manila,PH,2008-07-15,12:00:00,1216098000,25.5,24.5,27.2,24.7,259.0,18.8,0.0,Philippines
Manila,PH,2008-07-16,12:00:00,1216184400,24.8,24.2,25.6,21.3,244.0,29.9,0.0,Philippines
Manila,PH,2008-07-17,12:00:00,1216270800,26.3,24.6,28.7,16.0,250.0,2.1,0.0,Philippines
Manila,PH,2008-07-18,12:00:00,1216357200,26.9,24.0,29.7,9.8,271.0,2.0,0.0,Philippines
Manila,PH,2008-07-19,12:00:00,1216443600,27.5,24.3,30.6,5.8,51.0,1.1,0.0,Philippines
Manila,PH,2008-07-20,12:00:00,1216530000,27.4,24.9,30.5,12.3,77.0,2.4,0.0,Philippines
Manila,PH,2008-07-21,12:00:00,1216616400,27.6,24.6,31.0,8.7,88.0,1.4,0.0,Philippines
Manila,PH,2008-07-22,12:00:00,1216702800,27.3,25.0,30.5,11.1,179.0,4.8,0.0,Philippines
Manila,PH,2008-07-23,12:00:00,1216789200,26.6,24.6,29.7,9.4,208.0,2.9,0.0,Philippines
Manila,PH,2008-07-24,12:00:00,1216875600,26.9,25.0,29.3,14.4,264.0,1.7,0.0,Philippines
Manila,PH,2008-07-25,12:00:00,1216962000,26.4,24.9,28.6,19.0,264.0,7.7,0.0,Philippines
Manila,PH,2008-07-26,12:00:00,1217048400,26.4,24.9,28.5,23.1,261.0,4.9,0.0,Philippines
Manila,PH,2008-07-27,12:00:00,1217134800,25.9,24.9,27.3,27.8,244.0,6.5,0.0,Philippines
Manila,PH,2008-07-28,12:00:00,1217221200,26.1,24.5,28.2,23.0,221.0,10.2,0.0,Philippines
Manila,PH,2008-07-29,12:00:00,1217307600,26.4,24.6,28.9,14.6,199.0,2.8,0.0,Philippines
Manila,PH,2008-07-30,12:00:00,1217394000,26.5,24.1,29.4,14.7,247.0,5.9,0.0,Philippines
Manila,PH,2008-07-31,12:00:00,1217480400,25.8,24.1,28.4,10.6,249.0,30.1,0.0,Philippines
Manila,PH,2008-08-01,12:00:00,1217566800,24.8,24.0,26.3,10.8,283.0,53.9,0.0,Philippines
Manila,PH,2008-08-02,12:00:00,1217653200,24.8,24.1,26.5,16.9,252.0,55.9,0.0,Philippines
Manila,PH,2008-08-03,12:00:00,1217739600,24.8,24.3,25.5,25.1,237.0,25.9,0.0,Philippines
Manila,PH,2008-08-04,12:00:00,1217826000,25.3,24.4,26.8,25.5,208.0,21.8,0.0,Philippines
Manila,PH,2008-08-05,12:00:00,1217912400,26.1,24.6,27.7,24.0,200.0,2.3,0.0,Philippines
Manila,PH,2008-08-06,12:00:00,1217998800,26.3,24.1,28.6,9.8,231.0,0.1,0.0,Philippines
Manila,PH,2008-08-07,12:00:00,1218085200,26.4,24.3,29.4,18.9,264.0,0.9,0.0,Philippines
Manila,PH,2008-08-08,12:00:00,1218171600,26.7,24.3,29.0,20.6,247.0,1.1,0.0,Philippines
Manila,PH,2008-08-09,12:00:00,1218258000,26.2,24.7,28.4,24.8,244.0,5.8,0.0,Philippines
Manila,PH,2008-08-10,12:00:00,1218344400,26.7,24.7,29.3,20.7,237.0,1.8,0.0,Philippines
Manila,PH,2008-08-11,12:00:00,1218430800,27.1,25.1,30.0,9.7,258.0,4.8,0.0,Philippines
Manila,PH,2008-08-12,12:00:00,1218517200,26.6,24.4,29.7,7.8,336.0,12.4,0.0,Philippines
Manila,PH,2008-08-13,12:00:00,1218603600,26.5,24.2,29.8,7.3,265.0,6.2,0.0,Philippines
Manila,PH,2008-08-14,12:00:00,1218690000,26.1,24.1,28.5,11.3,259.0,7.0,0.0,Philippines
Manila,PH,2008-08-15,12:00:00,1218776400,25.7,24.1,28.2,13.8,249.0,12.7,0.0,Philippines
Manila,PH,2008-08-16,12:00:00,1218862800,25.7,24.1,28.7,15.8,237.0,8.9,0.0,Philippines
Manila,PH,2008-08-17,12:00:00,1218949200,26.0,24.2,28.8,15.3,209.0,2.1,0.0,Philippines
Manila,PH,2008-08-18,12:00:00,1219035600,26.7,23.8,29.8,7.6,156.0,1.2,0.0,Philippines
Manila,PH,2008-08-19,12:00:00,1219122000,26.8,24.7,28.4,17.6,271.0,0.5,0.0,Philippines
Manila,PH,2008-08-20,12:00:00,1219208400,25.5,24.7,26.0,21.6,246.0,11.0,0.0,Philippines
Manila,PH,2008-08-21,12:00:00,1219294800,27.3,25.0,30.1,15.3,223.0,0.0,0.0,Philippines
Manila,PH,2008-08-22,12:00:00,1219381200,27.4,24.2,29.8,12.6,251.0,0.0,0.0,Philippines
Manila,PH,2008-08-23,12:00:00,1219467600,27.8,24.4,30.9,4.8,35.0,0.6,0.0,Philippines
Manila,PH,2008-08-24,12:00:00,1219554000,26.5,25.0,29.0,8.4,65.0,6.3,0.0,Philippines
Manila,PH,2008-08-25,12:00:00,1219640400,26.5,24.7,28.4,10.8,85.0,6.1,0.0,Philippines
Manila,PH,2008-08-26,12:00:00,1219726800,26.4,24.4,29.5,5.4,128.0,9.5,0.0,Philippines
Manila,PH,2008-08-27,12:00:00,1219813200,25.6,23.9,27.5,8.7,252.0,4.6,0.0,Philippines
Manila,PH,2008-08-28,12:00:00,1219899600,26.6,24.1,29.2,11.9,275.0,0.4,0.0,Philippines
Manila,PH,2008-08-29,12:00:00,1219986000,27.1,23.2,30.5,5.8,335.0,0.0,0.0,Philippines
Manila,PH,2008-08-30,12:00:00,1220072400,27.6,24.4,30.9,6.3,83.0,0.0,0.0,Philippines
Manila,PH,2008-08-31,12:00:00,1220158800,27.1,24.6,31.0,10.4,145.0,12.7,0.0,Philippines
Manila,PH,2008-09-01,12:00:00,1220245200,27.0,24.4,30.5,6.6,149.0,3.7,0.0,Philippines
Manila,PH,2008-09-02,12:00:00,1220331600,27.5,24.5,30.8,7.8,70.0,1.5,0.0,Philippines
Manila,PH,2008-09-03,12:00:00,1220418000,27.7,25.2,30.5,10.4,82.0,1.0,0.0,Philippines
Manila,PH,2008-09-04,12:00:00,1220504400,27.8,25.2,31.2,9.5,71.0,1.7,0.0,Philippines
Manila,PH,2008-09-05,12:00:00,1220590800,27.5,25.3,30.1,13.0,85.0,0.6,0.0,Philippines
Manila,PH,2008-09-06,12:00:00,1220677200,27.4,25.2,30.3,23.8,86.0,2.0,0.0,Philippines
Manila,PH,2008-09-07,12:00:00,1220763600,27.0,25.4,29.9,13.9,90.0,3.1,0.0,Philippines
Manila,PH,2008-09-08,12:00:00,1220850000,26.9,24.7,30.2,16.2,257.0,11.7,0.0,Philippines
Manila,PH,2008-09-09,12:00:00,1220936400,26.0,24.9,28.2,23.0,252.0,12.4,0.0,Philippines
Manila,PH,2008-09-10,12:00:00,1221022800,25.7,24.7,27.4,25.1,252.0,10.7,0.0,Philippines
Manila,PH,2008-09-11,12:00:00,1221109200,25.0,24.4,25.6,20.8,256.0,33.7,0.0,Philippines
Manila,PH,2008-09-12,12:00:00,1221195600,25.3,24.3,26.7,21.7,254.0,10.5,0.0,Philippines
Manila,PH,2008-09-13,12:00:00,1221282000,26.0,24.6,27.9,22.6,252.0,4.5,0.0,Philippines
Manila,PH,2008-09-14,12:00:00,1221368400,26.2,24.7,28.5,18.1,231.0,4.7,0.0,Philippines
Manila,PH,2008-09-15,12:00:00,1221454800,26.4,24.2,28.9,16.7,235.0,2.4,0.0,Philippines
Manila,PH,2008-09-16,12:00:00,1221541200,26.2,24.4,28.8,23.7,239.0,2.4,0.0,Philippines
Manila,PH,2008-09-17,12:00:00,1221627600,26.0,24.2,29.1,21.1,237.0,10.0,0.0,Philippines
Manila,PH,2008-09-18,12:00:00,1221714000,25.8,24.3,28.8,9.7,196.0,7.2,0.0,Philippines
Manila,PH,2008-09-19,12:00:00,1221800400,25.9,24.2,27.8,9.2,220.0,11.6,0.0,Philippines
Manila,PH,2008-09-20,12:00:00,1221886800,26.5,24.4,29.2,10.5,239.0,2.6,0.0,Philippines
Manila,PH,2008-09-21,12:00:00,1221973200,26.0,25.0,27.4,23.8,260.0,4.6,0.0,Philippines
Manila,PH,2008-09-22,12:00:00,1222059600,25.9,25.4,26.6,31.4,251.0,5.3,0.0,Philippines
Manila,PH,2008-09-23,12:00:00,1222146000,25.8,24.7,27.7,21.9,219.0,6.5,0.0,Philippines
Manila,PH,2008-09-24,12:00:00,1222232400,25.8,24.5,27.3,17.4,238.0,15.4,0.0,Philippines
Manila,PH,2008-09-25,12:00:00,1222318800,24.7,24.0,26.1,22.4,244.0,41.1,0.0,Philippines
Manila,PH,2008-09-26,12:00:00,1222405200,25.5,24.2,27.5,13.7,233.0,20.7,0.0,Philippines
Manila,PH,2008-09-27,12:00:00,1222491600,25.2,24.2,27.1,18.6,230.0,12.1,0.0,Philippines
Manila,PH,2008-09-28,12:00:00,1222578000,25.9,24.5,27.9,21.4,217.0,5.0,0.0,Philippines
Manila,PH,2008-09-29,12:00:00,1222664400,26.7,24.2,29.5,11.8,241.0,0.3,0.0,Philippines
Manila,PH,2008-09-30,12:00:00,1222750800,27.0,24.2,30.4,5.9,338.0,3.4,0.0,Philippines
Manila,PH,2008-10-01,12:00:00,1222837200,25.2,24.5,26.2,11.2,8.0,25.3,0.0,Philippines
Manila,PH,2008-10-02,12:00:00,1222923600,26.7,24.8,29.4,14.2,120.0,0.9,0.0,Philippines
Manila,PH,2008-10-03,12:00:00,1223010000,27.2,24.4,29.9,5.8,182.0,0.3,0.0,Philippines
Manila,PH,2008-10-04,12:00:00,1223096400,26.8,24.6,29.8,5.7,60.0,9.4,0.0,Philippines
Manila,PH,2008-10-05,12:00:00,1223182800,26.3,24.3,28.7,11.6,72.0,4.9,0.0,Philippines
Manila,PH,2008-10-06,12:00:00,1223269200,26.5,23.7,30.0,10.9,108.0,4.3,0.0,Philippines
Manila,PH,2008-10-07,12:00:00,1223355600,26.8,24.1,29.8,8.3,325.0,1.1,0.0,Philippines
Manila,PH,2008-10-08,12:00:00,1223442000,27.3,24.1,30.3,5.4,50.0,3.9,0.0,Philippines
Manila,PH,2008-10-09,12:00:00,1223528400,26.7,24.3,29.9,8.0,65.0,5.4,0.0,Philippines
Manila,PH,2008-10-10,12:00:00,1223614800,26.0,24.4,27.7,11.0,79.0,4.2,0.0,Philippines
Manila,PH,2008-10-11,12:00:00,1223701200,27.1,24.8,30.0,15.1,104.0,1.5,0.0,Philippines
Manila,PH,2008-10-12,12:00:00,1223787600,26.9,25.2,29.7,9.2,78.0,3.6,0.0,Philippines
Manila,PH,2008-10-13,12:00:00,1223874000,26.8,24.5,29.6,7.2,65.0,4.9,0.0,Philippines
Manila,PH,2008-10-14,12:00:00,1223960400,25.9,24.6,27.8,8.7,201.0,83.2,0.0,Philippines
Manila,PH,2008-10-15,12:00:00,1224046800,26.6,24.5,29.8,8.3,112.0,6.2,0.0,Philippines
Manila,PH,2008-10-16,12:00:00,1224133200,27.3,24.8,30.5,12.0,93.0,0.1,0.0,Philippines
Manila,PH,2008-10-17,12:00:00,1224219600,27.3,25.3,30.7,14.8,85.0,1.4,0.0,Philippines
Manila,PH,2008-10-18,12:00:00,1224306000,27.4,24.8,30.7,11.4,88.0,0.0,0.0,Philippines
Manila,PH,2008-10-19,12:00:00,1224392400,27.1,24.6,30.5,11.9,95.0,1.2,0.0,Philippines
Manila,PH,2008-10-20,12:00:00,1224478800,26.8,24.5,29.5,11.2,84.0,0.5,0.0,Philippines
Manila,PH,2008-10-21,12:00:00,1224565200,27.4,25.0,30.1,15.9,87.0,0.0,0.0,Philippines
Manila,PH,2008-10-22,12:00:00,1224651600,27.5,25.7,30.0,17.3,86.0,0.7,0.0,Philippines
Manila,PH,2008-10-23,12:00:00,1224738000,27.8,25.2,30.8,14.9,90.0,0.2,0.0,Philippines
Manila,PH,2008-10-24,12:00:00,1224824400,27.6,25.7,30.4,18.3,85.0,0.2,0.0,Philippines
Manila,PH,2008-10-25,12:00:00,1224910800,27.5,25.8,29.8,18.6,76.0,1.5,0.0,Philippines
Manila,PH,2008-10-26,12:00:00,1224997200,27.3,25.5,29.8,15.4,71.0,0.0,0.0,Philippines
Manila,PH,2008-10-27,12:00:00,1225083600,27.4,25.4,30.1,22.8,71.0,0.3,0.0,Philippines
Manila,PH,2008-10-28,12:00:00,1225170000,26.8,25.0,29.9,20.5,86.0,1.7,0.0,Philippines
Manila,PH,2008-10-29,12:00:00,1225256400,26.9,25.1,29.7,11.9,71.0,0.4,0.0,Philippines
Manila,PH,2008-10-30,12:00:00,1225342800,26.9,25.0,28.9,15.0,88.0,0.9,0.0,Philippines
Manila,PH,2008-10-31,12:00:00,1225429200,26.6,24.3,28.9,20.6,75.0,0.3,0.0,Philippines
Manila,PH,2008-11-01,12:00:00,1225515600,26.7,25.4,28.8,16.2,83.0,1.0,0.0,Philippines
Manila,PH,2008-11-02,12:00:00,1225602000,27.4,25.1,30.6,18.7,86.0,0.0,0.0,Philippines
Manila,PH,2008-11-03,12:00:00,1225688400,26.7,25.0,29.4,13.0,81.0,1.5,0.0,Philippines
Manila,PH,2008-11-04,12:00:00,1225774800,27.0,24.9,30.0,21.0,81.0,0.0,0.0,Philippines
Manila,PH,2008-11-05,12:00:00,1225861200,26.9,25.3,29.6,20.1,75.0,0.5,0.0,Philippines
Manila,PH,2008-11-06,12:00:00,1225947600,26.7,25.1,29.1,26.9,75.0,0.6,0.0,Philippines
Manila,PH,2008-11-07,12:00:00,1226034000,26.1,24.8,27.9,20.9,90.0,5.4,0.0,Philippines
Manila,PH,2008-11-08,12:00:00,1226120400,26.8,24.3,29.8,15.5,105.0,0.1,0.0,Philippines
Manila,PH,2008-11-09,12:00:00,1226206800,26.2,24.4,29.0,9.4,128.0,3.5,0.0,Philippines
Manila,PH,2008-11-10,12:00:00,1226293200,25.9,24.4,28.0,12.1,248.0,4.7,0.0,Philippines
Manila,PH,2008-11-11,12:00:00,1226379600,25.2,23.5,27.2,11.5,90.0,17.8,0.0,Philippines
Manila,PH,2008-11-12,12:00:00,1226466000,25.0,23.3,27.0,12.3,90.0,5.7,0.0,Philippines
Manila,PH,2008-11-13,12:00:00,1226552400,26.1,24.0,29.3,21.6,72.0,0.4,0.0,Philippines
Manila,PH,2008-11-14,12:00:00,1226638800,26.5,23.9,29.6,18.3,66.0,0.0,0.0,Philippines
Manila,PH,2008-11-15,12:00:00,1226725200,26.4,24.9,28.2,22.7,78.0,0.0,0.0,Philippines
Manila,PH,2008-11-16,12:00:00,1226811600,26.7,24.9,29.2,15.1,88.0,0.0,0.0,Philippines
Manila,PH,2008-11-17,12:00:00,1226898000,27.0,23.9,30.5,12.8,90.0,0.0,0.0,Philippines
Manila,PH,2008-11-18,12:00:00,1226984400,27.0,24.3,30.2,14.6,83.0,0.1,0.0,Philippines
Manila,PH,2008-11-19,12:00:00,1227070800,26.8,25.1,29.1,22.1,67.0,0.2,0.0,Philippines
Manila,PH,2008-11-20,12:00:00,1227157200,26.4,25.2,28.5,26.7,65.0,0.8,0.0,Philippines
Manila,PH,2008-11-21,12:00:00,1227243600,26.5,25.2,28.9,19.8,73.0,0.3,0.0,Philippines
Manila,PH,2008-11-22,12:00:00,1227330000,26.4,25.0,28.6,22.3,78.0,0.8,0.0,Philippines
Manila,PH,2008-11-23,12:00:00,1227416400,26.5,24.9,28.7,13.8,62.0,0.5,0.0,Philippines
Manila,PH,2008-11-24,12:00:00,1227502800,26.8,25.0,29.6,18.9,80.0,0.2,0.0,Philippines
Manila,PH,2008-11-25,12:00:00,1227589200,26.8,24.8,29.4,20.2,74.0,0.2,0.0,Philippines
Manila,PH,2008-11-26,12:00:00,1227675600,27.0,25.1,29.7,15.9,85.0,0.0,0.0,Philippines
Manila,PH,2008-11-27,12:00:00,1227762000,26.9,23.8,30.6,9.3,74.0,0.1,0.0,Philippines
Manila,PH,2008-11-28,12:00:00,1227848400,26.7,24.1,29.7,12.4,82.0,0.9,0.0,Philippines
Manila,PH,2008-11-29,12:00:00,1227934800,26.4,24.9,28.6,20.2,58.0,0.4,0.0,Philippines
Manila,PH,2008-11-30,12:00:00,1228021200,25.6,23.6,27.8,21.5,56.0,4.3,0.0,Philippines
Manila,PH,2008-12-01,12:00:00,1228107600,24.5,23.3,26.5,15.5,68.0,22.1,0.0,Philippines
Manila,PH,2008-12-02,12:00:00,1228194000,25.9,24.2,28.5,24.0,66.0,0.0,0.0,Philippines
Manila,PH,2008-12-03,12:00:00,1228280400,26.0,24.4,28.0,24.6,73.0,0.1,0.0,Philippines
Manila,PH,2008-12-04,12:00:00,1228366800,25.5,24.4,28.0,10.8,43.0,19.8,0.0,Philippines
Manila,PH,2008-12-05,12:00:00,1228453200,25.4,23.6,27.8,20.1,65.0,7.1,0.0,Philippines
Manila,PH,2008-12-06,12:00:00,1228539600,24.7,23.2,26.6,25.7,56.0,2.1,0.0,Philippines
Manila,PH,2008-12-07,12:00:00,1228626000,24.2,23.6,25.7,33.5,63.0,0.0,0.0,Philippines
Manila,PH,2008-12-08,12:00:00,1228712400,24.6,22.9,27.0,20.2,58.0,4.4,0.0,Philippines
Manila,PH,2008-12-09,12:00:00,1228798800,25.6,22.1,29.0,9.7,55.0,0.0,0.0,Philippines
Manila,PH,2008-12-10,12:00:00,1228885200,26.0,23.4,28.9,24.1,71.0,0.1,0.0,Philippines
Manila,PH,2008-12-11,12:00:00,1228971600,25.9,24.5,27.6,15.4,61.0,0.4,0.0,Philippines
Manila,PH,2008-12-12,12:00:00,1229058000,25.4,24.2,27.4,14.7,66.0,0.3,0.0,Philippines
Manila,PH,2008-12-13,12:00:00,1229144400,25.7,23.3,28.4,14.0,77.0,0.0,0.0,Philippines
Manila,PH,2008-12-14,12:00:00,1229230800,25.4,23.3,28.0,14.7,79.0,0.0,0.0,Philippines
Manila,PH,2008-12-15,12:00:00,1229317200,24.5,22.9,27.3,22.8,64.0,0.0,0.0,Philippines
Manila,PH,2008-12-16,12:00:00,1229403600,23.9,21.8,26.8,22.7,69.0,0.0,0.0,Philippines
Manila,PH,2008-12-17,12:00:00,1229490000,23.7,20.1,27.5,13.0,74.0,0.0,0.0,Philippines
Manila,PH,2008-12-18,12:00:00,1229576400,24.2,21.6,27.4,23.0,71.0,0.0,0.0,Philippines
Manila,PH,2008-12-19,12:00:00,1229662800,24.2,22.5,26.4,30.8,65.0,0.0,0.0,Philippines
Manila,PH,2008-12-20,12:00:00,1229749200,24.4,22.5,26.4,24.7,62.0,1.0,0.0,Philippines
Manila,PH,2008-12-21,12:00:00,1229835600,24.6,22.7,28.0,13.0,64.0,1.0,0.0,Philippines
Manila,PH,2008-12-22,12:00:00,1229922000,25.6,23.2,28.1,21.9,66.0,0.0,0.0,Philippines
Manila,PH,2008-12-23,12:00:00,1230008400,25.6,23.8,28.2,16.6,67.0,0.3,0.0,Philippines
Manila,PH,2008-12-24,12:00:00,1230094800,25.9,24.1,28.5,22.9,78.0,0.3,0.0,Philippines
Manila,PH,2008-12-25,12:00:00,1230181200,25.7,24.1,27.6,23.8,71.0,0.6,0.0,Philippines
Manila,PH,2008-12-26,12:00:00,1230267600,25.3,23.9,27.6,30.3,70.0,0.0,0.0,Philippines
Manila,PH,2008-12-27,12:00:00,1230354000,25.0,23.2,27.9,26.3,75.0,0.0,0.0,Philippines
Manila,PH,2008-12-28,12:00:00,1230440400,25.0,23.4,27.6,22.9,78.0,0.0,0.0,Philippines
Manila,PH,2008-12-29,12:00:00,1230526800,25.7,23.3,29.2,19.5,80.0,0.0,0.0,Philippines
Manila,PH,2008-12-30,12:00:00,1230613200,25.8,23.8,28.5,20.3,68.0,0.2,0.0,Philippines
Manila,PH,2008-12-31,12:00:00,1230699600,24.0,23.4,24.9,14.7,59.0,20.2,0.0,Philippines
Manila,PH,2009-01-01,12:00:00,1230786000,23.9,22.9,25.1,25.6,62.0,6.4,0.0,Philippines
Manila,PH,2009-01-02,12:00:00,1230872400,23.1,21.9,24.7,31.1,61.0,0.0,0.0,Philippines
Manila,PH,2009-01-03,12:00:00,1230958800,22.8,21.2,25.3,28.7,66.0,0.0,0.0,Philippines
Manila,PH,2009-01-04,12:00:00,1231045200,23.3,20.9,26.2,20.4,60.0,0.0,0.0,Philippines
Manila,PH,2009-01-05,12:00:00,1231131600,24.0,21.8,26.9,23.0,65.0,0.0,0.0,Philippines
Manila,PH,2009-01-06,12:00:00,1231218000,24.8,22.7,27.9,23.8,57.0,0.0,0.0,Philippines
Manila,PH,2009-01-07,12:00:00,1231304400,24.8,23.4,27.8,16.9,26.0,2.2,0.0,Philippines
Manila,PH,2009-01-08,12:00:00,1231390800,25.2,23.1,27.8,14.8,59.0,5.7,0.0,Philippines
Manila,PH,2009-01-09,12:00:00,1231477200,25.0,23.6,27.2,12.9,61.0,0.8,0.0,Philippines
Manila,PH,2009-01-10,12:00:00,1231563600,23.3,21.6,24.5,28.0,60.0,0.1,0.0,Philippines
Manila,PH,2009-01-11,12:00:00,1231650000,22.1,21.0,23.8,28.1,66.0,0.0,0.0,Philippines
Manila,PH,2009-01-12,12:00:00,1231736400,22.6,21.1,24.5,26.0,67.0,0.0,0.0,Philippines
Manila,PH,2009-01-13,12:00:00,1231822800,22.4,21.0,24.7,31.0,58.0,0.0,0.0,Philippines
Manila,PH,2009-01-14,12:00:00,1231909200,22.0,20.8,24.1,34.4,60.0,0.0,0.0,Philippines
Manila,PH,2009-01-15,12:00:00,1231995600,21.7,20.0,24.0,34.6,63.0,0.4,0.0,Philippines
Manila,PH,2009-01-16,12:00:00,1232082000,22.4,20.2,25.1,29.6,60.0,0.0,0.0,Philippines
Manila,PH,2009-01-17,12:00:00,1232168400,23.3,20.6,26.6,26.6,57.0,0.0,0.0,Philippines
Manila,PH,2009-01-18,12:00:00,1232254800,24.4,22.0,27.5,24.8,60.0,0.0,0.0,Philippines
Manila,PH,2009-01-19,12:00:00,1232341200,25.4,23.4,28.5,24.1,70.0,0.0,0.0,Philippines
Manila,PH,2009-01-20,12:00:00,1232427600,25.4,23.1,28.6,20.9,74.0,0.0,0.0,Philippines
Manila,PH,2009-01-21,12:00:00,1232514000,25.6,23.3,28.9,16.4,73.0,0.1,0.0,Philippines
Manila,PH,2009-01-22,12:00:00,1232600400,25.8,23.3,29.2,11.4,81.0,0.0,0.0,Philippines
Manila,PH,2009-01-23,12:00:00,1232686800,25.4,23.3,28.9,8.2,49.0,11.4,0.0,Philippines
Manila,PH,2009-01-24,12:00:00,1232773200,24.8,23.2,27.6,23.5,62.0,0.0,0.0,Philippines
Manila,PH,2009-01-25,12:00:00,1232859600,24.0,22.6,26.5,28.8,65.0,0.0,0.0,Philippines
Manila,PH,2009-01-26,12:00:00,1232946000,24.5,22.7,27.3,23.5,63.0,0.0,0.0,Philippines
Manila,PH,2009-01-27,12:00:00,1233032400,24.4,22.5,27.1,18.7,64.0,2.4,0.0,Philippines
Manila,PH,2009-01-28,12:00:00,1233118800,25.2,22.5,28.7,19.5,71.0,0.1,0.0,Philippines
Manila,PH,2009-01-29,12:00:00,1233205200,25.8,22.4,29.7,15.3,84.0,0.0,0.0,Philippines
Manila,PH,2009-01-30,12:00:00,1233291600,25.6,22.7,29.1,8.3,62.0,0.6,0.0,Philippines
Manila,PH,2009-01-31,12:00:00,1233378000,25.3,22.6,28.8,21.5,75.0,0.0,0.0,Philippines
Manila,PH,2009-02-01,12:00:00,1233464400,24.9,23.2,27.6,27.3,72.0,0.0,0.0,Philippines
Manila,PH,2009-02-02,12:00:00,1233550800,24.4,22.3,27.7,25.2,74.0,0.0,0.0,Philippines
Manila,PH,2009-02-03,12:00:00,1233637200,24.4,21.5,27.5,21.5,82.0,0.0,0.0,Philippines
Manila,PH,2009-02-04,12:00:00,1233723600,24.4,21.5,27.9,20.3,74.0,0.0,0.0,Philippines
Manila,PH,2009-02-05,12:00:00,1233810000,23.7,22.6,25.4,13.8,67.0,4.9,0.0,Philippines
Manila,PH,2009-02-06,12:00:00,1233896400,24.2,22.3,27.9,6.5,53.0,6.1,0.0,Philippines
Manila,PH,2009-02-07,12:00:00,1233982800,24.8,23.2,27.2,21.3,83.0,0.6,0.0,Philippines
Manila,PH,2009-02-08,12:00:00,1234069200,25.6,23.5,28.7,20.8,75.0,0.0,0.0,Philippines
Manila,PH,2009-02-09,12:00:00,1234155600,25.6,23.6,28.4,20.3,84.0,0.0,0.0,Philippines
Manila,PH,2009-02-10,12:00:00,1234242000,25.9,23.1,29.6,15.7,91.0,0.0,0.0,Philippines
Manila,PH,2009-02-11,12:00:00,1234328400,25.2,22.2,28.6,17.7,92.0,0.2,0.0,Philippines
Manila,PH,2009-02-12,12:00:00,1234414800,25.3,22.2,28.7,16.9,95.0,0.3,0.0,Philippines
Manila,PH,2009-02-13,12:00:00,1234501200,25.4,22.3,28.8,16.4,93.0,0.0,0.0,Philippines
Manila,PH,2009-02-14,12:00:00,1234587600,24.7,23.1,27.3,8.9,48.0,3.6,0.0,Philippines
Manila,PH,2009-02-15,12:00:00,1234674000,25.3,22.8,28.2,12.3,60.0,9.5,0.0,Philippines
Manila,PH,2009-02-16,12:00:00,1234760400,25.8,23.7,29.4,13.5,74.0,1.6,0.0,Philippines
Manila,PH,2009-02-17,12:00:00,1234846800,26.7,23.9,30.1,15.5,90.0,0.0,0.0,Philippines
Manila,PH,2009-02-18,12:00:00,1234933200,26.5,24.4,29.5,15.8,87.0,1.8,0.0,Philippines
Manila,PH,2009-02-19,12:00:00,1235019600,26.7,24.7,29.2,22.8,88.0,0.0,0.0,Philippines
Manila,PH,2009-02-20,12:00:00,1235106000,27.5,24.6,31.3,14.4,87.0,0.0,0.0,Philippines
Manila,PH,2009-02-21,12:00:00,1235192400,26.9,23.6,30.8,23.1,91.0,0.0,0.0,Philippines
Manila,PH,2009-02-22,12:00:00,1235278800,26.9,23.9,30.8,22.8,83.0,0.0,0.0,Philippines
Manila,PH,2009-02-23,12:00:00,1235365200,26.7,23.7,30.2,23.4,79.0,0.0,0.0,Philippines
Manila,PH,2009-02-24,12:00:00,1235451600,27.0,24.7,30.6,26.5,79.0,0.0,0.0,Philippines
Manila,PH,2009-02-25,12:00:00,1235538000,26.7,23.9,30.3,23.9,74.0,0.0,0.0,Philippines
Manila,PH,2009-02-26,12:00:00,1235624400,27.0,24.6,30.5,27.8,81.0,0.0,0.0,Philippines
Manila,PH,2009-02-27,12:00:00,1235710800,26.9,24.5,30.3,25.0,80.0,0.0,0.0,Philippines
Manila,PH,2009-02-28,12:00:00,1235797200,26.5,23.9,29.9,25.2,80.0,0.0,0.0,Philippines
Manila,PH,2009-03-01,12:00:00,1235883600,26.0,23.7,28.8,26.3,70.0,0.0,0.0,Philippines
Manila,PH,2009-03-02,12:00:00,1235970000,26.2,24.6,28.5,20.3,74.0,0.4,0.0,Philippines
Manila,PH,2009-03-03,12:00:00,1236056400,26.6,23.9,30.0,20.6,86.0,0.0,0.0,Philippines
Manila,PH,2009-03-04,12:00:00,1236142800,27.2,23.9,31.4,19.8,95.0,0.0,0.0,Philippines
Manila,PH,2009-03-05,12:00:00,1236229200,27.6,24.2,31.9,19.6,97.0,0.0,0.0,Philippines
Manila,PH,2009-03-06,12:00:00,1236315600,27.8,24.5,31.9,14.3,95.0,0.0,0.0,Philippines
Manila,PH,2009-03-07,12:00:00,1236402000,27.0,22.4,31.4,14.9,92.0,0.0,0.0,Philippines
Manila,PH,2009-03-08,12:00:00,1236488400,27.3,23.1,31.3,13.5,94.0,0.0,0.0,Philippines
Manila,PH,2009-03-09,12:00:00,1236574800,27.6,24.8,32.1,12.7,78.0,2.5,0.0,Philippines
Manila,PH,2009-03-10,12:00:00,1236661200,27.3,23.5,31.4,18.5,88.0,0.0,0.0,Philippines
Manila,PH,2009-03-11,12:00:00,1236747600,27.3,23.6,31.3,16.2,88.0,0.0,0.0,Philippines
Manila,PH,2009-03-12,12:00:00,1236834000,27.3,23.7,31.7,18.8,86.0,0.0,0.0,Philippines
Manila,PH,2009-03-13,12:00:00,1236920400,27.6,24.3,31.3,16.4,85.0,0.0,0.0,Philippines
Manila,PH,2009-03-14,12:00:00,1237006800,27.2,24.3,30.8,15.8,70.0,0.2,0.0,Philippines
Manila,PH,2009-03-15,12:00:00,1237093200,26.5,24.6,29.4,23.7,76.0,0.0,0.0,Philippines
Manila,PH,2009-03-16,12:00:00,1237179600,26.8,24.4,30.5,23.0,73.0,0.0,0.0,Philippines
Manila,PH,2009-03-17,12:00:00,1237266000,26.6,24.9,29.9,17.3,86.0,1.2,0.0,Philippines
Manila,PH,2009-03-18,12:00:00,1237352400,27.6,24.6,31.6,18.0,91.0,0.0,0.0,Philippines
Manila,PH,2009-03-19,12:00:00,1237438800,27.9,24.1,32.4,15.9,94.0,0.0,0.0,Philippines
Manila,PH,2009-03-20,12:00:00,1237525200,27.6,24.0,31.5,10.5,101.0,0.0,0.0,Philippines
Manila,PH,2009-03-21,12:00:00,1237611600,27.3,24.4,30.7,17.4,103.0,0.3,0.0,Philippines
Manila,PH,2009-03-22,12:00:00,1237698000,27.5,22.5,32.2,7.4,119.0,0.0,0.0,Philippines
Manila,PH,2009-03-23,12:00:00,1237784400,28.2,24.2,32.3,5.8,119.0,0.0,0.0,Philippines
Manila,PH,2009-03-24,12:00:00,1237870800,28.2,24.4,32.6,10.9,231.0,0.0,0.0,Philippines
Manila,PH,2009-03-25,12:00:00,1237957200,27.6,24.6,31.5,8.8,109.0,7.9,0.0,Philippines
Manila,PH,2009-03-26,12:00:00,1238043600,27.1,24.4,30.8,20.3,91.0,2.6,0.0,Philippines
Manila,PH,2009-03-27,12:00:00,1238130000,27.0,24.8,30.5,10.1,81.0,3.4,0.0,Philippines
Manila,PH,2009-03-28,12:00:00,1238216400,27.2,24.6,31.0,10.5,79.0,2.2,0.0,Philippines
Manila,PH,2009-03-29,12:00:00,1238302800,27.7,24.2,31.6,10.4,75.0,0.3,0.0,Philippines
Manila,PH,2009-03-30,12:00:00,1238389200,27.5,25.3,30.9,20.9,81.0,0.2,0.0,Philippines
Manila,PH,2009-03-31,12:00:00,1238475600,26.9,24.9,30.1,24.6,76.0,2.7,0.0,Philippines
Manila,PH,2009-04-01,12:00:00,1238562000,26.7,24.7,29.4,26.5,76.0,0.1,0.0,Philippines
Manila,PH,2009-04-02,12:00:00,1238648400,26.4,24.9,29.4,24.0,75.0,1.3,0.0,Philippines
Manila,PH,2009-04-03,12:00:00,1238734800,26.8,24.9,29.2,28.5,82.0,0.0,0.0,Philippines
Manila,PH,2009-04-04,12:00:00,1238821200,27.2,25.3,29.9,24.8,85.0,0.0,0.0,Philippines
Manila,PH,2009-04-05,12:00:00,1238907600,28.0,24.6,32.0,13.2,89.0,0.0,0.0,Philippines
Manila,PH,2009-04-06,12:00:00,1238994000,27.8,24.0,32.2,18.4,92.0,0.1,0.0,Philippines
Manila,PH,2009-04-07,12:00:00,1239080400,27.9,23.9,32.1,20.2,86.0,0.0,0.0,Philippines
Manila,PH,2009-04-08,12:00:00,1239166800,28.3,25.5,31.8,16.3,87.0,0.0,0.0,Philippines
Manila,PH,2009-04-09,12:00:00,1239253200,28.3,25.0,32.3,19.1,88.0,0.0,0.0,Philippines
Manila,PH,2009-04-10,12:00:00,1239339600,28.4,25.6,32.3,19.1,87.0,0.3,0.0,Philippines
Manila,PH,2009-04-11,12:00:00,1239426000,28.5,25.7,32.6,19.8,91.0,0.0,0.0,Philippines
Manila,PH,2009-04-12,12:00:00,1239512400,28.4,24.2,33.0,19.2,89.0,0.0,0.0,Philippines
Manila,PH,2009-04-13,12:00:00,1239598800,29.1,25.0,33.2,10.5,109.0,0.0,0.0,Philippines
Manila,PH,2009-04-14,12:00:00,1239685200,29.1,26.2,32.7,10.4,160.0,0.4,0.0,Philippines
Manila,PH,2009-04-15,12:00:00,1239771600,29.0,26.3,33.4,9.4,127.0,2.7,0.0,Philippines
Manila,PH,2009-04-16,12:00:00,1239858000,28.6,26.0,32.5,12.7,151.0,1.9,0.0,Philippines
Manila,PH,2009-04-17,12:00:00,1239944400,28.0,25.5,30.9,18.1,256.0,0.9,0.0,Philippines
Manila,PH,2009-04-18,12:00:00,1240030800,27.8,25.4,30.9,15.0,239.0,2.6,0.0,Philippines
Manila,PH,2009-04-19,12:00:00,1240117200,28.0,25.3,31.6,9.0,143.0,3.2,0.0,Philippines
Manila,PH,2009-04-20,12:00:00,1240203600,27.1,25.2,30.5,16.6,191.0,6.9,0.0,Philippines
Manila,PH,2009-04-21,12:00:00,1240290000,26.6,25.1,29.5,7.6,187.0,26.5,0.0,Philippines
Manila,PH,2009-04-22,12:00:00,1240376400,25.3,24.6,26.9,13.2,170.0,53.1,0.0,Philippines
Manila,PH,2009-04-23,12:00:00,1240462800,26.2,24.6,28.5,18.0,231.0,10.4,0.0,Philippines
Manila,PH,2009-04-24,12:00:00,1240549200,26.0,24.6,28.3,12.4,199.0,9.0,0.0,Philippines
Manila,PH,2009-04-25,12:00:00,1240635600,26.2,24.6,28.0,12.6,256.0,15.4,0.0,Philippines
Manila,PH,2009-04-26,12:00:00,1240722000,26.4,24.5,28.4,14.5,258.0,1.8,0.0,Philippines
Manila,PH,2009-04-27,12:00:00,1240808400,25.9,24.4,27.7,13.8,260.0,7.4,0.0,Philippines
Manila,PH,2009-04-28,12:00:00,1240894800,26.4,24.6,29.0,6.6,67.0,3.2,0.0,Philippines
Manila,PH,2009-04-29,12:00:00,1240981200,26.3,24.7,28.5,14.2,74.0,1.6,0.0,Philippines
Manila,PH,2009-04-30,12:00:00,1241067600,25.7,24.5,28.0,12.0,46.0,8.9,0.0,Philippines
Manila,PH,2009-05-01,12:00:00,1241154000,25.9,24.2,28.1,10.8,75.0,5.9,0.0,Philippines
Manila,PH,2009-05-02,12:00:00,1241240400,26.4,23.7,29.5,14.0,73.0,0.0,0.0,Philippines
Manila,PH,2009-05-03,12:00:00,1241326800,26.7,23.4,30.0,9.4,283.0,0.5,0.0,Philippines
Manila,PH,2009-05-04,12:00:00,1241413200,26.7,24.7,29.4,13.6,251.0,5.2,0.0,Philippines
Manila,PH,2009-05-05,12:00:00,1241499600,26.2,24.6,28.1,10.4,114.0,4.0,0.0,Philippines
Manila,PH,2009-05-06,12:00:00,1241586000,25.7,24.4,27.5,16.1,96.0,9.1,0.0,Philippines
Manila,PH,2009-05-07,12:00:00,1241672400,25.0,23.8,26.2,18.9,139.0,19.0,0.0,Philippines
Manila,PH,2009-05-08,12:00:00,1241758800,26.3,24.4,28.9,20.7,240.0,17.0,0.0,Philippines
Manila,PH,2009-05-09,12:00:00,1241845200,26.2,24.2,29.2,10.7,118.0,3.9,0.0,Philippines
Manila,PH,2009-05-10,12:00:00,1241931600,26.6,23.7,29.5,8.9,108.0,0.8,0.0,Philippines
Manila,PH,2009-05-11,12:00:00,1242018000,27.0,24.5,30.4,10.1,93.0,0.5,0.0,Philippines
Manila,PH,2009-05-12,12:00:00,1242104400,27.2,24.6,30.7,12.5,82.0,3.0,0.0,Philippines
Manila,PH,2009-05-13,12:00:00,1242190800,27.2,24.6,30.1,14.4,87.0,0.7,0.0,Philippines
Manila,PH,2009-05-14,12:00:00,1242277200,27.5,25.4,30.5,15.3,85.0,0.2,0.0,Philippines
Manila,PH,2009-05-15,12:00:00,1242363600,27.7,25.8,30.7,16.0,79.0,0.8,0.0,Philippines
Manila,PH,2009-05-16,12:00:00,1242450000,28.3,25.8,31.7,15.6,91.0,0.0,0.0,Philippines
Manila,PH,2009-05-17,12:00:00,1242536400,28.1,25.1,31.7,10.9,84.0,0.4,0.0,Philippines
Manila,PH,2009-05-18,12:00:00,1242622800,27.9,24.7,31.4,14.4,92.0,0.0,0.0,Philippines
Manila,PH,2009-05-19,12:00:00,1242709200,27.6,25.5,30.7,19.2,104.0,1.0,0.0,Philippines
Manila,PH,2009-05-20,12:00:00,1242795600,27.7,25.3,30.8,17.9,111.0,0.2,0.0,Philippines
Manila,PH,2009-05-21,12:00:00,1242882000,27.6,25.6,30.6,14.1,109.0,1.2,0.0,Philippines
Manila,PH,2009-05-22,12:00:00,1242968400,27.6,25.0,30.9,15.3,113.0,1.3,0.0,Philippines
Manila,PH,2009-05-23,12:00:00,1243054800,27.8,24.9,30.7,16.2,109.0,0.9,0.0,Philippines
Manila,PH,2009-05-24,12:00:00,1243141200,28.3,25.6,31.2,15.4,106.0,0.0,0.0,Philippines
Manila,PH,2009-05-25,12:00:00,1243227600,28.2,25.4,31.4,17.8,98.0,0.3,0.0,Philippines
Manila,PH,2009-05-26,12:00:00,1243314000,28.2,25.5,31.4,11.2,110.0,1.9,0.0,Philippines
Manila,PH,2009-05-27,12:00:00,1243400400,28.0,25.5,31.7,10.3,2.0,14.8,0.0,Philippines
Manila,PH,2009-05-28,12:00:00,1243486800,27.6,25.1,30.4,13.5,283.0,1.4,0.0,Philippines
Manila,PH,2009-05-29,12:00:00,1243573200,26.9,25.1,30.0,21.3,279.0,5.7,0.0,Philippines
Manila,PH,2009-05-30,12:00:00,1243659600,26.0,24.9,28.2,12.7,210.0,95.6,0.0,Philippines
Manila,PH,2009-05-31,12:00:00,1243746000,25.7,24.9,27.3,10.6,155.0,36.2,0.0,Philippines
Manila,PH,2009-06-01,12:00:00,1243832400,26.2,24.6,27.9,12.9,224.0,3.7,0.0,Philippines
Manila,PH,2009-06-02,12:00:00,1243918800,25.9,24.9,27.6,21.5,226.0,8.7,0.0,Philippines
Manila,PH,2009-06-03,12:00:00,1244005200,25.7,24.7,27.0,29.8,239.0,11.2,0.0,Philippines
Manila,PH,2009-06-04,12:00:00,1244091600,26.0,25.0,27.8,29.6,248.0,11.6,0.0,Philippines
Manila,PH,2009-06-05,12:00:00,1244178000,25.8,25.0,27.1,32.4,251.0,11.1,0.0,Philippines
Manila,PH,2009-06-06,12:00:00,1244264400,25.7,25.0,27.1,23.7,255.0,12.7,0.0,Philippines
Manila,PH,2009-06-07,12:00:00,1244350800,26.4,24.5,28.6,13.0,232.0,7.0,0.0,Philippines
Manila,PH,2009-06-08,12:00:00,1244437200,26.2,24.1,28.9,10.7,209.0,5.1,0.0,Philippines
Manila,PH,2009-06-09,12:00:00,1244523600,26.0,24.6,28.8,16.5,228.0,6.4,0.0,Philippines
Manila,PH,2009-06-10,12:00:00,1244610000,26.4,24.3,29.0,18.5,233.0,3.4,0.0,Philippines
Manila,PH,2009-06-11,12:00:00,1244696400,26.5,24.8,28.8,18.1,244.0,7.1,0.0,Philippines
Manila,PH,2009-06-12,12:00:00,1244782800,26.4,25.0,28.7,18.5,253.0,8.9,0.0,Philippines
Manila,PH,2009-06-13,12:00:00,1244869200,26.3,24.8,28.6,17.5,241.0,7.4,0.0,Philippines
Manila,PH,2009-06-14,12:00:00,1244955600,26.5,24.7,29.1,14.9,235.0,4.7,0.0,Philippines
Manila,PH,2009-06-15,12:00:00,1245042000,26.0,24.3,27.9,11.5,236.0,5.9,0.0,Philippines
Manila,PH,2009-06-16,12:00:00,1245128400,25.4,24.4,27.0,19.0,232.0,16.5,0.0,Philippines
Manila,PH,2009-06-17,12:00:00,1245214800,25.0,24.4,26.1,22.1,234.0,22.9,0.0,Philippines
Manila,PH,2009-06-18,12:00:00,1245301200,25.8,24.4,27.6,22.3,222.0,8.3,0.0,Philippines
Manila,PH,2009-06-19,12:00:00,1245387600,26.4,24.8,29.0,21.0,224.0,3.2,0.0,Philippines
Manila,PH,2009-06-20,12:00:00,1245474000,27.1,25.3,29.6,21.7,228.0,0.8,0.0,Philippines
Manila,PH,2009-06-21,12:00:00,1245560400,27.5,24.9,29.6,17.5,240.0,0.1,0.0,Philippines
Manila,PH,2009-06-22,12:00:00,1245646800,27.4,24.8,30.0,17.2,251.0,0.0,0.0,Philippines
Manila,PH,2009-06-23,12:00:00,1245733200,27.0,24.9,30.3,12.1,301.0,27.9,0.0,Philippines
Manila,PH,2009-06-24,12:00:00,1245819600,26.2,25.1,28.1,16.9,39.0,11.3,0.0,Philippines
Manila,PH,2009-06-25,12:00:00,1245906000,26.7,25.1,29.1,16.6,160.0,2.2,0.0,Philippines
Manila,PH,2009-06-26,12:00:00,1245992400,27.4,24.4,30.7,6.8,141.0,1.3,0.0,Philippines
Manila,PH,2009-06-27,12:00:00,1246078800,27.7,25.1,30.8,8.4,131.0,1.0,0.0,Philippines
Manila,PH,2009-06-28,12:00:00,1246165200,27.7,25.2,30.7,7.6,79.0,0.5,0.0,Philippines
Manila,PH,2009-06-29,12:00:00,1246251600,27.8,25.0,30.7,9.0,97.0,0.8,0.0,Philippines
Manila,PH,2009-06-30,12:00:00,1246338000,27.8,25.3,31.0,5.5,101.0,2.3,0.0,Philippines
Manila,PH,2009-07-01,12:00:00,1246424400,27.4,25.0,30.0,9.4,196.0,0.6,0.0,Philippines
Manila,PH,2009-07-02,12:00:00,1246510800,27.3,25.0,29.9,12.4,245.0,1.8,0.0,Philippines
Manila,PH,2009-07-03,12:00:00,1246597200,27.4,25.1,29.9,11.9,238.0,0.5,0.0,Philippines
Manila,PH,2009-07-04,12:00:00,1246683600,27.4,24.8,29.7,12.6,258.0,0.9,0.0,Philippines
Manila,PH,2009-07-05,12:00:00,1246770000,27.1,25.2,30.0,6.3,82.0,6.9,0.0,Philippines
Manila,PH,2009-07-06,12:00:00,1246856400,27.0,24.6,30.0,7.8,33.0,5.8,0.0,Philippines
Manila,PH,2009-07-07,12:00:00,1246942800,27.2,25.2,30.5,9.2,29.0,6.8,0.0,Philippines
Manila,PH,2009-07-08,12:00:00,1247029200,27.6,25.2,30.6,13.0,277.0,1.5,0.0,Philippines
Manila,PH,2009-07-09,12:00:00,1247115600,26.9,25.2,28.8,18.7,249.0,6.0,0.0,Philippines
Manila,PH,2009-07-10,12:00:00,1247202000,26.3,25.1,28.9,20.3,245.0,9.6,0.0,Philippines
Manila,PH,2009-07-11,12:00:00,1247288400,25.8,24.7,27.7,13.8,239.0,14.4,0.0,Philippines
Manila,PH,2009-07-12,12:00:00,1247374800,25.8,24.7,27.6,18.8,233.0,8.9,0.0,Philippines
Manila,PH,2009-07-13,12:00:00,1247461200,25.5,24.8,27.0,15.7,228.0,27.7,0.0,Philippines
Manila,PH,2009-07-14,12:00:00,1247547600,26.2,24.8,29.1,14.1,201.0,7.9,0.0,Philippines
Manila,PH,2009-07-15,12:00:00,1247634000,26.2,24.7,28.0,16.4,232.0,4.1,0.0,Philippines
Manila,PH,2009-07-16,12:00:00,1247720400,25.6,24.8,26.7,23.2,244.0,26.2,0.0,Philippines
Manila,PH,2009-07-17,12:00:00,1247806800,25.2,24.7,25.7,29.3,225.0,72.1,0.0,Philippines
Manila,PH,2009-07-18,12:00:00,1247893200,25.9,24.9,28.0,20.7,204.0,21.4,0.0,Philippines
Manila,PH,2009-07-19,12:00:00,1247979600,26.5,24.9,29.3,9.9,179.0,5.0,0.0,Philippines
Manila,PH,2009-07-20,12:00:00,1248066000,26.1,24.6,28.9,5.6,89.0,15.9,0.0,Philippines
Manila,PH,2009-07-21,12:00:00,1248152400,26.2,24.3,28.9,8.6,203.0,5.3,0.0,Philippines
Manila,PH,2009-07-22,12:00:00,1248238800,26.6,24.5,28.8,17.7,260.0,2.7,0.0,Philippines
Manila,PH,2009-07-23,12:00:00,1248325200,27.0,24.6,29.4,18.9,267.0,0.3,0.0,Philippines
Manila,PH,2009-07-24,12:00:00,1248411600,27.1,25.0,29.2,17.8,256.0,3.9,0.0,Philippines
Manila,PH,2009-07-25,12:00:00,1248498000,27.0,25.0,29.4,16.9,262.0,4.6,0.0,Philippines
Manila,PH,2009-07-26,12:00:00,1248584400,26.0,24.8,28.8,13.0,254.0,17.0,0.0,Philippines
Manila,PH,2009-07-27,12:00:00,1248670800,25.7,24.7,28.0,15.8,237.0,26.4,0.0,Philippines
Manila,PH,2009-07-28,12:00:00,1248757200,25.5,24.3,27.0,27.1,233.0,12.4,0.0,Philippines
Manila,PH,2009-07-29,12:00:00,1248843600,25.9,24.4,27.5,23.5,243.0,8.6,0.0,Philippines
Manila,PH,2009-07-30,12:00:00,1248930000,26.4,24.8,28.6,17.9,258.0,7.3,0.0,Philippines
Manila,PH,2009-07-31,12:00:00,1249016400,26.1,24.9,27.7,16.2,263.0,4.5,0.0,Philippines
Manila,PH,2009-08-01,12:00:00,1249102800,25.7,25.0,26.7,27.3,255.0,23.6,0.0,Philippines
Manila,PH,2009-08-02,12:00:00,1249189200,26.1,25.1,27.9,30.5,233.0,16.5,0.0,Philippines
Manila,PH,2009-08-03,12:00:00,1249275600,26.2,25.1,27.8,29.7,231.0,10.0,0.0,Philippines
Manila,PH,2009-08-04,12:00:00,1249362000,26.3,25.3,28.0,25.4,237.0,10.0,0.0,Philippines
Manila,PH,2009-08-05,12:00:00,1249448400,26.0,25.2,27.3,26.8,243.0,9.7,0.0,Philippines
Manila,PH,2009-08-06,12:00:00,1249534800,25.9,25.0,27.3,32.2,245.0,13.4,0.0,Philippines
Manila,PH,2009-08-07,12:00:00,1249621200,26.4,25.2,27.6,38.5,240.0,8.7,0.0,Philippines
Manila,PH,2009-08-08,12:00:00,1249707600,26.6,25.4,27.9,36.8,231.0,6.4,0.0,Philippines
Manila,PH,2009-08-09,12:00:00,1249794000,27.1,25.6,29.3,34.1,227.0,4.1,0.0,Philippines
Manila,PH,2009-08-10,12:00:00,1249880400,27.5,26.2,29.3,26.6,228.0,1.1,0.0,Philippines
Manila,PH,2009-08-11,12:00:00,1249966800,27.6,25.4,30.0,16.8,255.0,0.5,0.0,Philippines
Manila,PH,2009-08-12,12:00:00,1250053200,27.2,25.1,29.6,10.4,270.0,3.3,0.0,Philippines
Manila,PH,2009-08-13,12:00:00,1250139600,26.8,25.4,28.5,12.0,288.0,5.2,0.0,Philippines
Manila,PH,2009-08-14,12:00:00,1250226000,27.2,25.2,29.9,9.8,294.0,0.3,0.0,Philippines
Manila,PH,2009-08-15,12:00:00,1250312400,27.7,25.0,30.6,7.2,88.0,2.2,0.0,Philippines
Manila,PH,2009-08-16,12:00:00,1250398800,27.6,25.5,31.0,11.2,100.0,4.5,0.0,Philippines
Manila,PH,2009-08-17,12:00:00,1250485200,26.8,24.7,29.5,8.0,85.0,8.8,0.0,Philippines
Manila,PH,2009-08-18,12:00:00,1250571600,26.8,24.9,29.2,8.4,153.0,5.9,0.0,Philippines
Manila,PH,2009-08-19,12:00:00,1250658000,27.2,24.5,29.8,9.6,264.0,1.4,0.0,Philippines
Manila,PH,2009-08-20,12:00:00,1250744400,27.7,25.7,29.9,14.4,270.0,0.6,0.0,Philippines
Manila,PH,2009-08-21,12:00:00,1250830800,27.3,24.7,29.5,15.1,262.0,0.0,0.0,Philippines
Manila,PH,2009-08-22,12:00:00,1250917200,27.2,25.2,29.7,15.6,262.0,2.4,0.0,Philippines
Manila,PH,2009-08-23,12:00:00,1251003600,26.9,25.2,28.9,16.1,262.0,4.2,0.0,Philippines
Manila,PH,2009-08-24,12:00:00,1251090000,27.0,24.9,29.8,12.3,259.0,7.3,0.0,Philippines
Manila,PH,2009-08-25,12:00:00,1251176400,27.1,25.0,30.3,11.5,219.0,6.6,0.0,Philippines
Manila,PH,2009-08-26,12:00:00,1251262800,27.3,25.1,30.4,12.9,249.0,4.0,0.0,Philippines
Manila,PH,2009-08-27,12:00:00,1251349200,27.0,25.1,29.3,18.3,254.0,1.9,0.0,Philippines
Manila,PH,2009-08-28,12:00:00,1251435600,26.7,24.7,29.1,16.2,264.0,6.6,0.0,Philippines
Manila,PH,2009-08-29,12:00:00,1251522000,26.6,24.6,29.9,21.1,256.0,4.8,0.0,Philippines
Manila,PH,2009-08-30,12:00:00,1251608400,26.2,24.7,28.4,12.7,243.0,6.7,0.0,Philippines
Manila,PH,2009-08-31,12:00:00,1251694800,26.4,24.8,28.4,13.0,227.0,4.2,0.0,Philippines
Manila,PH,2009-09-01,12:00:00,1251781200,26.9,25.0,29.5,12.6,225.0,5.0,0.0,Philippines
Manila,PH,2009-09-02,12:00:00,1251867600,26.7,25.1,29.3,22.2,247.0,4.6,0.0,Philippines
Manila,PH,2009-09-03,12:00:00,1251954000,26.3,25.2,28.5,19.3,245.0,7.3,0.0,Philippines
Manila,PH,2009-09-04,12:00:00,1252040400,25.6,25.0,26.4,21.3,246.0,15.3,0.0,Philippines
Manila,PH,2009-09-05,12:00:00,1252126800,25.4,24.6,26.7,19.1,248.0,41.7,0.0,Philippines
Manila,PH,2009-09-06,12:00:00,1252213200,25.3,24.5,26.5,17.9,242.0,25.1,0.0,Philippines
Manila,PH,2009-09-07,12:00:00,1252299600,25.2,24.8,26.1,24.6,234.0,54.8,0.0,Philippines
Manila,PH,2009-09-08,12:00:00,1252386000,25.3,24.9,26.2,25.0,218.0,28.9,0.0,Philippines
Manila,PH,2009-09-09,12:00:00,1252472400,25.6,24.8,27.3,26.6,226.0,18.6,0.0,Philippines
Manila,PH,2009-09-10,12:00:00,1252558800,26.1,24.8,28.8,20.4,232.0,10.3,0.0,Philippines
Manila,PH,2009-09-11,12:00:00,1252645200,25.5,24.7,27.3,15.4,254.0,28.9,0.0,Philippines
Manila,PH,2009-09-12,12:00:00,1252731600,25.1,24.6,26.1,27.7,246.0,48.1,0.0,Philippines
Manila,PH,2009-09-13,12:00:00,1252818000,25.5,24.6,26.9,25.5,226.0,19.7,0.0,Philippines
Manila,PH,2009-09-14,12:00:00,1252904400,26.9,24.4,29.3,17.2,233.0,1.2,0.0,Philippines
Manila,PH,2009-09-15,12:00:00,1252990800,27.3,24.0,30.3,11.6,291.0,0.0,0.0,Philippines
Manila,PH,2009-09-16,12:00:00,1253077200,27.2,24.8,30.4,8.2,335.0,4.1,0.0,Philippines
Manila,PH,2009-09-17,12:00:00,1253163600,27.3,24.4,30.7,10.6,295.0,1.6,0.0,Philippines
Manila,PH,2009-09-18,12:00:00,1253250000,27.8,25.5,30.4,10.2,243.0,1.6,0.0,Philippines
Manila,PH,2009-09-19,12:00:00,1253336400,27.4,25.5,30.3,12.6,251.0,7.5,0.0,Philippines
Manila,PH,2009-09-20,12:00:00,1253422800,26.9,25.0,29.5,17.2,257.0,4.4,0.0,Philippines
Manila,PH,2009-09-21,12:00:00,1253509200,26.4,24.9,28.5,12.6,245.0,8.1,0.0,Philippines
Manila,PH,2009-09-22,12:00:00,1253595600,26.2,24.7,28.1,11.2,220.0,7.5,0.0,Philippines
Manila,PH,2009-09-23,12:00:00,1253682000,26.2,24.7,28.9,11.3,228.0,7.2,0.0,Philippines
Manila,PH,2009-09-24,12:00:00,1253768400,25.6,24.3,27.8,14.1,249.0,20.6,0.0,Philippines
Manila,PH,2009-09-25,12:00:00,1253854800,25.7,23.9,27.7,18.5,278.0,7.6,0.0,Philippines
Manila,PH,2009-09-26,12:00:00,1253941200,25.3,24.7,26.2,54.6,235.0,136.3,0.0,Philippines
Manila,PH,2009-09-27,12:00:00,1254027600,25.7,24.9,27.1,14.1,135.0,38.7,0.0,Philippines
Manila,PH,2009-09-28,12:00:00,1254114000,25.5,24.4,27.5,15.0,160.0,34.5,0.0,Philippines
Manila,PH,2009-09-29,12:00:00,1254200400,27.0,24.0,29.8,17.1,208.0,0.7,0.0,Philippines
Manila,PH,2009-09-30,12:00:00,1254286800,26.9,25.0,29.7,6.9,40.0,1.4,0.0,Philippines
Manila,PH,2009-10-01,12:00:00,1254373200,26.6,24.4,29.4,7.4,332.0,0.9,0.0,Philippines
Manila,PH,2009-10-02,12:00:00,1254459600,26.3,24.8,27.7,23.2,272.0,10.5,0.0,Philippines
Manila,PH,2009-10-03,12:00:00,1254546000,26.6,26.1,27.7,38.1,252.0,12.8,0.0,Philippines
Manila,PH,2009-10-04,12:00:00,1254632400,26.7,25.6,28.3,28.1,241.0,4.4,0.0,Philippines
Manila,PH,2009-10-05,12:00:00,1254718800,26.6,25.2,28.9,24.4,251.0,2.8,0.0,Philippines
Manila,PH,2009-10-06,12:00:00,1254805200,26.5,25.0,28.5,32.1,255.0,3.2,0.0,Philippines
Manila,PH,2009-10-07,12:00:00,1254891600,25.6,24.9,26.4,33.3,254.0,26.7,0.0,Philippines
Manila,PH,2009-10-08,12:00:00,1254978000,24.9,24.2,25.5,27.6,252.0,33.5,0.0,Philippines
Manila,PH,2009-10-09,12:00:00,1255064400,25.0,23.8,26.9,29.3,253.0,11.7,0.0,Philippines
Manila,PH,2009-10-10,12:00:00,1255150800,26.1,23.9,28.6,17.1,220.0,0.5,0.0,Philippines
Manila,PH,2009-10-11,12:00:00,1255237200,26.6,24.1,29.1,11.9,246.0,0.4,0.0,Philippines
Manila,PH,2009-10-12,12:00:00,1255323600,27.3,23.9,30.7,8.3,78.0,0.1,0.0,Philippines
Manila,PH,2009-10-13,12:00:00,1255410000,26.8,24.3,29.9,8.0,31.0,4.3,0.0,Philippines
Manila,PH,2009-10-14,12:00:00,1255496400,26.1,24.6,28.4,11.4,69.0,8.2,0.0,Philippines
Manila,PH,2009-10-15,12:00:00,1255582800,25.9,24.6,28.2,13.4,90.0,15.7,0.0,Philippines
Manila,PH,2009-10-16,12:00:00,1255669200,26.2,24.4,29.3,11.4,108.0,19.7,0.0,Philippines
Manila,PH,2009-10-17,12:00:00,1255755600,25.9,23.7,28.8,14.1,272.0,4.0,0.0,Philippines
Manila,PH,2009-10-18,12:00:00,1255842000,25.9,24.1,28.7,12.2,267.0,9.3,0.0,Philippines
Manila,PH,2009-10-19,12:00:00,1255928400,26.4,24.3,28.5,10.9,281.0,2.9,0.0,Philippines
Manila,PH,2009-10-20,12:00:00,1256014800,26.5,24.3,29.4,12.2,290.0,3.4,0.0,Philippines
Manila,PH,2009-10-21,12:00:00,1256101200,26.3,24.3,28.3,11.5,257.0,2.1,0.0,Philippines
Manila,PH,2009-10-22,12:00:00,1256187600,26.5,24.6,28.4,16.3,267.0,0.3,0.0,Philippines
Manila,PH,2009-10-23,12:00:00,1256274000,26.7,25.7,28.5,25.2,262.0,0.2,0.0,Philippines
Manila,PH,2009-10-24,12:00:00,1256360400,26.5,24.8,29.1,16.9,269.0,0.1,0.0,Philippines
Manila,PH,2009-10-25,12:00:00,1256446800,25.8,23.3,28.8,8.7,309.0,0.0,0.0,Philippines
Manila,PH,2009-10-26,12:00:00,1256533200,26.0,22.4,29.2,9.9,65.0,0.0,0.0,Philippines
Manila,PH,2009-10-27,12:00:00,1256619600,25.8,22.9,28.9,17.9,83.0,0.0,0.0,Philippines
Manila,PH,2009-10-28,12:00:00,1256706000,25.6,21.7,29.2,15.9,74.0,0.0,0.0,Philippines
Manila,PH,2009-10-29,12:00:00,1256792400,26.1,23.7,29.1,17.6,72.0,0.0,0.0,Philippines
Manila,PH,2009-10-30,12:00:00,1256878800,26.0,23.3,29.2,20.5,290.0,0.0,0.0,Philippines
Manila,PH,2009-10-31,12:00:00,1256965200,25.4,24.3,28.9,48.5,38.0,51.4,0.0,Philippines
Manila,PH,2009-11-01,12:00:00,1257051600,26.4,23.6,29.9,12.0,97.0,0.0,0.0,Philippines
Manila,PH,2009-11-02,12:00:00,1257138000,26.5,23.4,30.2,6.6,71.0,1.3,0.0,Philippines
Manila,PH,2009-11-03,12:00:00,1257224400,25.9,24.5,28.1,20.1,36.0,0.0,0.0,Philippines
Manila,PH,2009-11-04,12:00:00,1257310800,26.1,24.1,28.6,21.8,68.0,1.3,0.0,Philippines
Manila,PH,2009-11-05,12:00:00,1257397200,26.5,25.1,28.7,24.6,72.0,0.8,0.0,Philippines
Manila,PH,2009-11-06,12:00:00,1257483600,26.7,25.0,29.3,19.3,79.0,0.2,0.0,Philippines
Manila,PH,2009-11-07,12:00:00,1257570000,26.6,24.7,28.9,16.9,76.0,0.1,0.0,Philippines
Manila,PH,2009-11-08,12:00:00,1257656400,26.7,23.7,29.9,18.2,80.0,0.0,0.0,Philippines
Manila,PH,2009-11-09,12:00:00,1257742800,26.4,23.8,30.2,14.8,91.0,0.0,0.0,Philippines
Manila,PH,2009-11-10,12:00:00,1257829200,26.4,23.1,29.8,7.4,92.0,0.0,0.0,Philippines
Manila,PH,2009-11-11,12:00:00,1257915600,26.5,23.5,29.8,14.4,93.0,0.0,0.0,Philippines
Manila,PH,2009-11-12,12:00:00,1258002000,26.4,23.2,29.8,17.5,80.0,0.0,0.0,Philippines
Manila,PH,2009-11-13,12:00:00,1258088400,26.6,24.0,30.1,10.2,70.0,0.4,0.0,Philippines
Manila,PH,2009-11-14,12:00:00,1258174800,26.5,24.0,29.5,8.6,60.0,1.0,0.0,Philippines
Manila,PH,2009-11-15,12:00:00,1258261200,26.7,24.3,29.8,15.1,90.0,0.0,0.0,Philippines
Manila,PH,2009-11-16,12:00:00,1258347600,26.5,23.4,29.9,13.5,80.0,0.0,0.0,Philippines
Manila,PH,2009-11-17,12:00:00,1258434000,26.3,23.2,29.9,11.0,69.0,0.2,0.0,Philippines
Manila,PH,2009-11-18,12:00:00,1258520400,26.3,24.2,29.1,19.9,74.0,0.0,0.0,Philippines
Manila,PH,2009-11-19,12:00:00,1258606800,26.2,24.4,28.7,21.8,63.0,0.5,0.0,Philippines
Manila,PH,2009-11-20,12:00:00,1258693200,26.2,24.6,28.4,26.1,65.0,0.7,0.0,Philippines
Manila,PH,2009-11-21,12:00:00,1258779600,26.2,24.7,28.3,23.3,59.0,0.4,0.0,Philippines
Manila,PH,2009-11-22,12:00:00,1258866000,26.2,24.6,28.8,19.7,58.0,0.4,0.0,Philippines
Manila,PH,2009-11-23,12:00:00,1258952400,26.5,24.1,29.5,20.7,71.0,0.0,0.0,Philippines
Manila,PH,2009-11-24,12:00:00,1259038800,26.6,24.1,29.7,12.0,72.0,1.1,0.0,Philippines
Manila,PH,2009-11-25,12:00:00,1259125200,26.6,24.2,29.7,13.1,81.0,0.1,0.0,Philippines
Manila,PH,2009-11-26,12:00:00,1259211600,26.8,24.4,29.7,13.8,78.0,0.0,0.0,Philippines
Manila,PH,2009-11-27,12:00:00,1259298000,26.9,24.3,30.2,13.4,79.0,0.0,0.0,Philippines
Manila,PH,2009-11-28,12:00:00,1259384400,27.0,24.5,30.2,13.8,90.0,0.0,0.0,Philippines
Manila,PH,2009-11-29,12:00:00,1259470800,26.6,24.0,30.0,15.9,84.0,0.0,0.0,Philippines
Manila,PH,2009-11-30,12:00:00,1259557200,25.7,22.5,29.2,19.4,75.0,0.0,0.0,Philippines
Manila,PH,2009-12-01,12:00:00,1259643600,25.2,23.3,27.7,18.1,68.0,0.0,0.0,Philippines
Manila,PH,2009-12-02,12:00:00,1259730000,25.2,22.5,28.6,11.8,71.0,0.0,0.0,Philippines
Manila,PH,2009-12-03,12:00:00,1259816400,24.9,21.4,28.7,13.3,79.0,0.0,0.0,Philippines
Manila,PH,2009-12-04,12:00:00,1259902800,24.7,21.8,28.1,11.6,90.0,0.0,0.0,Philippines
Manila,PH,2009-12-05,12:00:00,1259989200,24.7,22.7,27.3,19.6,79.0,0.0,0.0,Philippines
Manila,PH,2009-12-06,12:00:00,1260075600,24.7,22.8,27.6,21.6,75.0,0.0,0.0,Philippines
Manila,PH,2009-12-07,12:00:00,1260162000,24.8,22.2,28.6,16.0,79.0,0.0,0.0,Philippines
Manila,PH,2009-12-08,12:00:00,1260248400,24.8,22.1,28.6,20.1,65.0,0.0,0.0,Philippines
Manila,PH,2009-12-09,12:00:00,1260334800,25.3,22.4,28.6,21.4,65.0,0.0,0.0,Philippines
Manila,PH,2009-12-10,12:00:00,1260421200,25.9,23.3,29.2,18.7,72.0,0.8,0.0,Philippines
Manila,PH,2009-12-11,12:00:00,1260507600,26.3,23.7,29.5,16.2,81.0,0.6,0.0,Philippines
Manila,PH,2009-12-12,12:00:00,1260594000,26.5,23.8,29.9,21.2,77.0,0.0,0.0,Philippines
Manila,PH,2009-12-13,12:00:00,1260680400,26.4,24.6,29.3,19.6,78.0,0.0,0.0,Philippines
Manila,PH,2009-12-14,12:00:00,1260766800,25.9,24.0,29.2,24.5,79.0,0.0,0.0,Philippines
Manila,PH,2009-12-15,12:00:00,1260853200,25.7,22.6,29.5,18.9,83.0,0.0,0.0,Philippines
Manila,PH,2009-12-16,12:00:00,1260939600,25.7,22.1,30.1,15.8,87.0,0.0,0.0,Philippines
Manila,PH,2009-12-17,12:00:00,1261026000,25.6,22.2,29.2,15.1,86.0,0.0,0.0,Philippines
Manila,PH,2009-12-18,12:00:00,1261112400,25.5,22.3,29.3,14.7,75.0,0.1,0.0,Philippines
Manila,PH,2009-12-19,12:00:00,1261198800,25.2,23.2,28.1,25.6,65.0,0.0,0.0,Philippines
Manila,PH,2009-12-20,12:00:00,1261285200,24.7,22.9,27.8,20.4,71.0,0.0,0.0,Philippines
Manila,PH,2009-12-21,12:00:00,1261371600,24.3,22.4,27.2,20.6,73.0,0.0,0.0,Philippines
Manila,PH,2009-12-22,12:00:00,1261458000,24.5,22.6,27.1,23.9,78.0,0.2,0.0,Philippines
Manila,PH,2009-12-23,12:00:00,1261544400,25.2,23.0,28.0,24.1,86.0,0.0,0.0,Philippines
Manila,PH,2009-12-24,12:00:00,1261630800,25.3,22.7,29.0,21.0,89.0,0.0,0.0,Philippines
Manila,PH,2009-12-25,12:00:00,1261717200,25.3,21.2,29.6,14.0,94.0,0.0,0.0,Philippines
Manila,PH,2009-12-26,12:00:00,1261803600,25.3,21.6,29.3,14.8,75.0,0.0,0.0,Philippines
Manila,PH,2009-12-27,12:00:00,1261890000,25.4,22.0,29.1,15.3,102.0,0.0,0.0,Philippines
Manila,PH,2009-12-28,12:00:00,1261976400,25.2,21.9,29.2,11.4,90.0,0.0,0.0,Philippines
Manila,PH,2009-12-29,12:00:00,1262062800,25.4,21.6,29.6,17.1,88.0,0.0,0.0,Philippines
Manila,PH,2009-12-30,12:00:00,1262149200,25.7,21.8,30.3,14.4,85.0,0.0,0.0,Philippines
Manila,PH,2009-12-31,12:00:00,1262235600,25.6,22.3,29.9,21.0,78.0,0.0,0.0,Philippines
Manila,PH,2010-01-01,12:00:00,1262322000,25.6,23.4,29.3,25.4,79.0,0.0,0.0,Philippines
Manila,PH,2010-01-02,12:00:00,1262408400,26.0,23.9,29.1,23.3,83.0,0.0,0.0,Philippines
Manila,PH,2010-01-03,12:00:00,1262494800,26.2,23.6,29.1,8.4,67.0,0.8,0.0,Philippines
Manila,PH,2010-01-04,12:00:00,1262581200,26.1,23.5,29.3,13.7,85.0,0.0,0.0,Philippines
Manila,PH,2010-01-05,12:00:00,1262667600,26.3,23.5,29.8,11.4,86.0,0.0,0.0,Philippines
Manila,PH,2010-01-06,12:00:00,1262754000,26.2,23.0,29.7,12.5,70.0,0.0,0.0,Philippines
Manila,PH,2010-01-07,12:00:00,1262840400,25.6,23.0,28.8,15.7,71.0,0.2,0.0,Philippines
Manila,PH,2010-01-08,12:00:00,1262926800,25.5,22.6,28.5,15.6,76.0,0.0,0.0,Philippines
Manila,PH,2010-01-09,12:00:00,1263013200,25.6,22.2,29.5,15.3,82.0,0.0,0.0,Philippines
Manila,PH,2010-01-10,12:00:00,1263099600,26.1,23.2,30.2,15.2,86.0,0.0,0.0,Philippines
Manila,PH,2010-01-11,12:00:00,1263186000,26.0,22.9,29.5,10.0,75.0,0.7,0.0,Philippines
Manila,PH,2010-01-12,12:00:00,1263272400,25.9,23.4,29.7,15.7,41.0,0.5,0.0,Philippines
Manila,PH,2010-01-13,12:00:00,1263358800,24.9,22.8,28.2,29.0,57.0,0.0,0.0,Philippines
Manila,PH,2010-01-14,12:00:00,1263445200,23.7,22.2,26.2,33.6,63.0,0.0,0.0,Philippines
Manila,PH,2010-01-15,12:00:00,1263531600,23.8,22.0,26.3,35.1,62.0,0.0,0.0,Philippines
Manila,PH,2010-01-16,12:00:00,1263618000,25.1,22.5,28.3,26.3,61.0,0.2,0.0,Philippines
Manila,PH,2010-01-17,12:00:00,1263704400,24.8,23.4,27.0,29.6,55.0,2.3,0.0,Philippines
Manila,PH,2010-01-18,12:00:00,1263790800,24.9,23.4,27.1,27.1,69.0,7.6,0.0,Philippines
Manila,PH,2010-01-19,12:00:00,1263877200,25.8,24.1,28.4,31.0,88.0,0.0,0.0,Philippines
Manila,PH,2010-01-20,12:00:00,1263963600,25.8,23.9,28.8,24.6,86.0,0.0,0.0,Philippines
Manila,PH,2010-01-21,12:00:00,1264050000,24.9,21.4,28.5,20.5,81.0,0.0,0.0,Philippines
Manila,PH,2010-01-22,12:00:00,1264136400,24.5,21.3,28.0,24.3,77.0,0.0,0.0,Philippines
Manila,PH,2010-01-23,12:00:00,1264222800,24.9,22.4,28.2,22.6,80.0,0.0,0.0,Philippines
Manila,PH,2010-01-24,12:00:00,1264309200,25.1,22.9,28.0,20.1,78.0,0.0,0.0,Philippines
Manila,PH,2010-01-25,12:00:00,1264395600,25.2,23.1,28.3,19.3,78.0,0.0,0.0,Philippines
Manila,PH,2010-01-26,12:00:00,1264482000,25.2,23.3,28.9,29.6,75.0,0.0,0.0,Philippines
Manila,PH,2010-01-27,12:00:00,1264568400,25.1,22.4,29.2,24.8,78.0,0.0,0.0,Philippines
Manila,PH,2010-01-28,12:00:00,1264654800,25.3,22.0,29.7,18.4,87.0,0.0,0.0,Philippines
Manila,PH,2010-01-29,12:00:00,1264741200,25.1,21.6,29.7,20.2,80.0,0.0,0.0,Philippines
Manila,PH,2010-01-30,12:00:00,1264827600,25.5,22.4,29.9,22.6,81.0,0.0,0.0,Philippines
Manila,PH,2010-01-31,12:00:00,1264914000,25.5,22.3,29.4,18.7,91.0,0.1,0.0,Philippines
Manila,PH,2010-02-01,12:00:00,1265000400,25.8,21.5,30.1,12.6,90.0,0.0,0.0,Philippines
Manila,PH,2010-02-02,12:00:00,1265086800,26.5,22.4,31.5,16.3,93.0,0.0,0.0,Philippines
Manila,PH,2010-02-03,12:00:00,1265173200,26.4,22.9,30.9,15.4,95.0,0.0,0.0,Philippines
Manila,PH,2010-02-04,12:00:00,1265259600,25.6,21.2,30.6,16.6,96.0,0.0,0.0,Philippines
Manila,PH,2010-02-05,12:00:00,1265346000,25.5,21.2,30.7,16.8,91.0,0.0,0.0,Philippines
Manila,PH,2010-02-06,12:00:00,1265432400,26.1,22.2,30.6,19.1,90.0,0.0,0.0,Philippines
Manila,PH,2010-02-07,12:00:00,1265518800,26.6,23.3,31.1,14.0,98.0,0.0,0.0,Philippines
Manila,PH,2010-02-08,12:00:00,1265605200,25.8,21.9,30.5,19.1,92.0,0.0,0.0,Philippines
Manila,PH,2010-02-09,12:00:00,1265691600,26.3,23.0,30.4,23.1,88.0,0.0,0.0,Philippines
Manila,PH,2010-02-10,12:00:00,1265778000,27.0,24.2,31.2,21.6,91.0,0.0,0.0,Philippines
Manila,PH,2010-02-11,12:00:00,1265864400,26.8,23.8,31.4,19.4,91.0,0.0,0.0,Philippines
Manila,PH,2010-02-12,12:00:00,1265950800,26.4,22.0,31.6,15.9,85.0,0.0,0.0,Philippines
Manila,PH,2010-02-13,12:00:00,1266037200,26.4,23.7,30.4,23.3,86.0,0.0,0.0,Philippines
Manila,PH,2010-02-14,12:00:00,1266123600,26.7,23.7,31.0,20.9,87.0,0.0,0.0,Philippines
Manila,PH,2010-02-15,12:00:00,1266210000,26.4,22.8,30.4,16.8,78.0,0.0,0.0,Philippines
Manila,PH,2010-02-16,12:00:00,1266296400,26.4,22.5,30.9,18.4,90.0,0.0,0.0,Philippines
Manila,PH,2010-02-17,12:00:00,1266382800,26.2,23.0,30.1,17.6,92.0,0.0,0.0,Philippines
Manila,PH,2010-02-18,12:00:00,1266469200,25.9,20.8,31.4,18.4,86.0,0.0,0.0,Philippines
Manila,PH,2010-02-19,12:00:00,1266555600,26.1,22.4,30.1,13.5,89.0,0.0,0.0,Philippines
Manila,PH,2010-02-20,12:00:00,1266642000,26.6,23.2,30.0,10.4,83.0,0.0,0.0,Philippines
Manila,PH,2010-02-21,12:00:00,1266728400,26.7,23.5,30.0,14.4,93.0,0.0,0.0,Philippines
Manila,PH,2010-02-22,12:00:00,1266814800,27.3,23.8,31.8,12.1,107.0,0.0,0.0,Philippines
Manila,PH,2010-02-23,12:00:00,1266901200,27.1,23.5,31.2,12.8,88.0,0.0,0.0,Philippines
Manila,PH,2010-02-24,12:00:00,1266987600,27.3,24.2,31.5,18.8,99.0,0.0,0.0,Philippines
Manila,PH,2010-02-25,12:00:00,1267074000,27.2,24.0,31.3,18.7,95.0,0.0,0.0,Philippines
Manila,PH,2010-02-26,12:00:00,1267160400,27.2,23.0,32.3,17.7,98.0,0.0,0.0,Philippines
Manila,PH,2010-02-27,12:00:00,1267246800,27.0,23.6,31.6,17.4,97.0,0.0,0.0,Philippines
Manila,PH,2010-02-28,12:00:00,1267333200,26.7,23.1,31.2,20.9,91.0,0.0,0.0,Philippines
Manila,PH,2010-03-01,12:00:00,1267419600,26.6,23.1,30.5,18.9,95.0,0.0,0.0,Philippines
Manila,PH,2010-03-02,12:00:00,1267506000,26.8,21.6,32.0,16.0,96.0,0.0,0.0,Philippines
Manila,PH,2010-03-03,12:00:00,1267592400,27.3,23.4,32.1,19.1,100.0,0.0,0.0,Philippines
Manila,PH,2010-03-04,12:00:00,1267678800,27.4,23.8,32.0,17.0,93.0,0.0,0.0,Philippines
Manila,PH,2010-03-05,12:00:00,1267765200,27.3,24.2,31.7,20.9,90.0,0.0,0.0,Philippines
Manila,PH,2010-03-06,12:00:00,1267851600,27.5,23.0,32.4,15.0,98.0,0.0,0.0,Philippines
Manila,PH,2010-03-07,12:00:00,1267938000,27.9,23.6,32.0,16.3,97.0,0.0,0.0,Philippines
Manila,PH,2010-03-08,12:00:00,1268024400,28.3,24.8,32.9,17.3,92.0,0.0,0.0,Philippines
Manila,PH,2010-03-09,12:00:00,1268110800,28.2,24.3,32.0,10.5,67.0,0.3,0.0,Philippines
Manila,PH,2010-03-10,12:00:00,1268197200,27.3,24.7,31.0,25.7,67.0,0.0,0.0,Philippines
Manila,PH,2010-03-11,12:00:00,1268283600,26.3,24.9,28.4,24.5,78.0,1.0,0.0,Philippines
Manila,PH,2010-03-12,12:00:00,1268370000,25.2,24.7,25.7,12.6,72.0,12.3,0.0,Philippines
Manila,PH,2010-03-13,12:00:00,1268456400,26.6,23.9,30.5,17.3,86.0,0.1,0.0,Philippines
Manila,PH,2010-03-14,12:00:00,1268542800,26.9,24.3,30.5,22.0,86.0,0.0,0.0,Philippines
Manila,PH,2010-03-15,12:00:00,1268629200,27.1,24.0,31.3,22.4,85.0,0.0,0.0,Philippines
Manila,PH,2010-03-16,12:00:00,1268715600,27.3,23.5,32.0,20.5,80.0,0.0,0.0,Philippines
Manila,PH,2010-03-17,12:00:00,1268802000,27.1,24.5,30.4,23.5,76.0,0.0,0.0,Philippines
Manila,PH,2010-03-18,12:00:00,1268888400,27.1,24.3,31.0,21.7,77.0,0.0,0.0,Philippines
Manila,PH,2010-03-19,12:00:00,1268974800,27.3,24.5,31.5,23.9,85.0,0.0,0.0,Philippines
Manila,PH,2010-03-20,12:00:00,1269061200,27.4,23.7,31.5,20.2,82.0,0.0,0.0,Philippines
Manila,PH,2010-03-21,12:00:00,1269147600,27.3,24.1,31.0,21.4,81.0,0.5,0.0,Philippines
Manila,PH,2010-03-22,12:00:00,1269234000,27.8,25.0,31.6,22.4,84.0,0.0,0.0,Philippines
Manila,PH,2010-03-23,12:00:00,1269320400,27.5,23.9,32.0,20.2,89.0,0.0,0.0,Philippines
Manila,PH,2010-03-24,12:00:00,1269406800,27.6,23.1,32.0,13.2,89.0,0.0,0.0,Philippines
Manila,PH,2010-03-25,12:00:00,1269493200,28.2,22.9,33.7,8.5,66.0,0.0,0.0,Philippines
Manila,PH,2010-03-26,12:00:00,1269579600,27.3,25.2,30.7,27.3,77.0,0.0,0.0,Philippines
Manila,PH,2010-03-27,12:00:00,1269666000,26.9,24.4,30.5,24.7,77.0,0.0,0.0,Philippines
Manila,PH,2010-03-28,12:00:00,1269752400,26.7,24.2,30.2,22.2,79.0,0.0,0.0,Philippines
Manila,PH,2010-03-29,12:00:00,1269838800,26.2,24.1,29.9,28.9,76.0,0.0,0.0,Philippines
Manila,PH,2010-03-30,12:00:00,1269925200,26.3,23.7,30.1,28.0,78.0,0.0,0.0,Philippines
Manila,PH,2010-03-31,12:00:00,1270011600,26.9,23.8,31.1,19.8,83.0,0.0,0.0,Philippines
Manila,PH,2010-04-01,12:00:00,1270098000,27.7,23.7,32.0,18.0,91.0,0.0,0.0,Philippines
Manila,PH,2010-04-02,12:00:00,1270184400,28.5,23.8,33.4,16.8,95.0,0.0,0.0,Philippines
Manila,PH,2010-04-03,12:00:00,1270270800,28.4,24.7,32.7,21.3,87.0,0.0,0.0,Philippines
Manila,PH,2010-04-04,12:00:00,1270357200,28.3,24.5,33.4,17.7,89.0,0.0,0.0,Philippines
Manila,PH,2010-04-05,12:00:00,1270443600,28.9,24.5,34.1,18.7,94.0,0.0,0.0,Philippines
Manila,PH,2010-04-06,12:00:00,1270530000,28.9,25.4,33.5,21.0,96.0,0.0,0.0,Philippines
Manila,PH,2010-04-07,12:00:00,1270616400,28.2,23.6,33.7,18.0,91.0,0.0,0.0,Philippines
Manila,PH,2010-04-08,12:00:00,1270702800,28.5,24.3,33.4,18.7,99.0,0.0,0.0,Philippines
Manila,PH,2010-04-09,12:00:00,1270789200,28.8,23.8,33.9,10.6,94.0,0.0,0.0,Philippines
Manila,PH,2010-04-10,12:00:00,1270875600,28.3,24.2,33.8,20.9,92.0,0.0,0.0,Philippines
Manila,PH,2010-04-11,12:00:00,1270962000,28.5,24.5,33.5,20.9,92.0,0.0,0.0,Philippines
Manila,PH,2010-04-12,12:00:00,1271048400,28.9,24.3,33.9,17.2,96.0,0.0,0.0,Philippines
Manila,PH,2010-04-13,12:00:00,1271134800,27.4,24.9,30.7,18.0,95.0,24.6,0.0,Philippines
Manila,PH,2010-04-14,12:00:00,1271221200,27.9,25.2,30.9,26.7,86.0,0.0,0.0,Philippines
Manila,PH,2010-04-15,12:00:00,1271307600,28.3,25.1,32.7,15.9,85.0,0.0,0.0,Philippines
Manila,PH,2010-04-16,12:00:00,1271394000,27.8,24.4,31.8,21.3,90.0,0.0,0.0,Philippines
Manila,PH,2010-04-17,12:00:00,1271480400,27.9,25.5,31.6,24.6,83.0,0.0,0.0,Philippines
Manila,PH,2010-04-18,12:00:00,1271566800,27.8,25.0,31.7,23.4,85.0,0.0,0.0,Philippines
Manila,PH,2010-04-19,12:00:00,1271653200,28.1,24.8,32.3,17.7,90.0,0.0,0.0,Philippines
Manila,PH,2010-04-20,12:00:00,1271739600,28.3,24.0,32.8,18.4,90.0,0.0,0.0,Philippines
Manila,PH,2010-04-21,12:00:00,1271826000,28.8,25.7,32.8,18.4,97.0,0.0,0.0,Philippines
Manila,PH,2010-04-22,12:00:00,1271912400,29.3,25.4,33.6,17.0,99.0,0.0,0.0,Philippines
Manila,PH,2010-04-23,12:00:00,1271998800,29.7,24.8,34.4,12.0,94.0,0.0,0.0,Philippines
Manila,PH,2010-04-24,12:00:00,1272085200,29.6,26.6,33.6,15.4,89.0,0.0,0.0,Philippines
Manila,PH,2010-04-25,12:00:00,1272171600,29.2,26.5,33.2,20.6,94.0,0.0,0.0,Philippines
Manila,PH,2010-04-26,12:00:00,1272258000,29.4,25.6,34.2,19.1,90.0,0.0,0.0,Philippines
Manila,PH,2010-04-27,12:00:00,1272344400,28.9,25.0,33.4,16.1,87.0,1.0,0.0,Philippines
Manila,PH,2010-04-28,12:00:00,1272430800,29.8,26.6,34.5,12.3,117.0,1.3,0.0,Philippines
Manila,PH,2010-04-29,12:00:00,1272517200,28.4,26.4,32.7,12.4,106.0,7.9,0.0,Philippines
Manila,PH,2010-04-30,12:00:00,1272603600,27.9,25.8,32.0,10.3,95.0,5.0,0.0,Philippines
Manila,PH,2010-05-01,12:00:00,1272690000,28.3,25.4,32.4,10.0,99.0,2.6,0.0,Philippines
Manila,PH,2010-05-02,12:00:00,1272776400,28.4,25.6,32.2,8.0,79.0,9.7,0.0,Philippines
Manila,PH,2010-05-03,12:00:00,1272862800,28.8,25.8,31.9,7.3,88.0,9.5,0.0,Philippines
Manila,PH,2010-05-04,12:00:00,1272949200,29.2,26.3,32.9,11.5,107.0,0.0,0.0,Philippines
Manila,PH,2010-05-05,12:00:00,1273035600,29.3,26.7,32.6,11.0,110.0,0.0,0.0,Philippines
Manila,PH,2010-05-06,12:00:00,1273122000,29.9,26.6,33.8,14.9,99.0,0.0,0.0,Philippines
Manila,PH,2010-05-07,12:00:00,1273208400,30.0,26.6,34.1,14.4,98.0,0.0,0.0,Philippines
Manila,PH,2010-05-08,12:00:00,1273294800,29.6,25.6,33.3,14.1,96.0,0.0,0.0,Philippines
Manila,PH,2010-05-09,12:00:00,1273381200,29.9,26.6,33.7,10.5,110.0,0.2,0.0,Philippines
Manila,PH,2010-05-10,12:00:00,1273467600,30.4,26.9,34.9,14.7,106.0,0.0,0.0,Philippines
Manila,PH,2010-05-11,12:00:00,1273554000,30.0,26.1,34.6,16.6,93.0,0.0,0.0,Philippines
Manila,PH,2010-05-12,12:00:00,1273640400,29.5,25.8,33.7,19.4,89.0,0.0,0.0,Philippines
Manila,PH,2010-05-13,12:00:00,1273726800,29.7,26.0,34.5,19.8,92.0,0.0,0.0,Philippines
Manila,PH,2010-05-14,12:00:00,1273813200,30.2,26.6,34.6,18.0,96.0,0.0,0.0,Philippines
Manila,PH,2010-05-15,12:00:00,1273899600,29.8,25.8,34.7,18.4,95.0,0.0,0.0,Philippines
Manila,PH,2010-05-16,12:00:00,1273986000,30.0,25.5,35.3,19.1,93.0,0.0,0.0,Philippines
Manila,PH,2010-05-17,12:00:00,1274072400,30.4,25.8,35.3,14.7,97.0,0.0,0.0,Philippines
Manila,PH,2010-05-18,12:00:00,1274158800,30.9,26.9,35.3,13.2,102.0,0.0,0.0,Philippines
Manila,PH,2010-05-19,12:00:00,1274245200,31.1,27.1,35.5,8.2,112.0,0.0,0.0,Philippines
Manila,PH,2010-05-20,12:00:00,1274331600,30.9,27.6,34.7,10.3,90.0,0.0,0.0,Philippines
Manila,PH,2010-05-21,12:00:00,1274418000,30.7,27.3,34.2,8.2,78.0,0.2,0.0,Philippines
Manila,PH,2010-05-22,12:00:00,1274504400,30.3,27.6,34.7,15.9,238.0,0.2,0.0,Philippines
Manila,PH,2010-05-23,12:00:00,1274590800,29.5,26.5,32.9,18.2,245.0,1.8,0.0,Philippines
Manila,PH,2010-05-24,12:00:00,1274677200,29.7,27.0,33.2,17.8,238.0,0.0,0.0,Philippines
Manila,PH,2010-05-25,12:00:00,1274763600,30.1,26.9,33.7,14.4,232.0,0.4,0.0,Philippines
Manila,PH,2010-05-26,12:00:00,1274850000,29.8,26.7,34.2,8.4,148.0,0.3,0.0,Philippines
Manila,PH,2010-05-27,12:00:00,1274936400,29.3,26.9,32.7,8.3,184.0,3.5,0.0,Philippines
Manila,PH,2010-05-28,12:00:00,1275022800,29.3,27.2,33.4,12.6,149.0,0.7,0.0,Philippines
Manila,PH,2010-05-29,12:00:00,1275109200,29.4,26.8,33.2,13.6,220.0,0.6,0.0,Philippines
Manila,PH,2010-05-30,12:00:00,1275195600,29.2,26.7,32.7,19.4,257.0,1.6,0.0,Philippines
Manila,PH,2010-05-31,12:00:00,1275282000,29.0,26.5,33.3,21.7,267.0,2.1,0.0,Philippines
Manila,PH,2010-06-01,12:00:00,1275368400,28.2,26.7,30.8,18.0,261.0,5.3,0.0,Philippines
Manila,PH,2010-06-02,12:00:00,1275454800,27.6,26.2,30.3,17.8,255.0,9.5,0.0,Philippines
Manila,PH,2010-06-03,12:00:00,1275541200,27.1,25.7,28.9,19.4,251.0,11.9,0.0,Philippines
Manila,PH,2010-06-04,12:00:00,1275627600,27.2,25.9,29.3,21.8,248.0,9.6,0.0,Philippines
Manila,PH,2010-06-05,12:00:00,1275714000,27.1,26.1,28.6,17.7,255.0,5.9,0.0,Philippines
Manila,PH,2010-06-06,12:00:00,1275800400,27.2,25.7,28.8,19.3,247.0,5.7,0.0,Philippines
Manila,PH,2010-06-07,12:00:00,1275886800,28.0,25.9,30.4,13.8,256.0,3.3,0.0,Philippines
Manila,PH,2010-06-08,12:00:00,1275973200,28.2,26.0,31.4,9.3,172.0,6.6,0.0,Philippines
Manila,PH,2010-06-09,12:00:00,1276059600,27.9,25.6,31.6,7.7,144.0,6.2,0.0,Philippines
Manila,PH,2010-06-10,12:00:00,1276146000,27.7,25.4,30.7,7.8,239.0,5.9,0.0,Philippines
Manila,PH,2010-06-11,12:00:00,1276232400,27.7,25.6,30.6,9.5,217.0,4.8,0.0,Philippines
Manila,PH,2010-06-12,12:00:00,1276318800,28.0,25.5,30.8,10.2,246.0,1.8,0.0,Philippines
Manila,PH,2010-06-13,12:00:00,1276405200,28.6,26.1,31.4,6.6,174.0,3.0,0.0,Philippines
Manila,PH,2010-06-14,12:00:00,1276491600,28.1,25.7,31.4,9.2,204.0,8.8,0.0,Philippines
Manila,PH,2010-06-15,12:00:00,1276578000,28.3,25.8,31.9,10.3,160.0,3.5,0.0,Philippines
Manila,PH,2010-06-16,12:00:00,1276664400,29.3,26.3,32.8,10.9,115.0,0.2,0.0,Philippines
Manila,PH,2010-06-17,12:00:00,1276750800,29.1,26.4,32.4,11.4,100.0,3.3,0.0,Philippines
Manila,PH,2010-06-18,12:00:00,1276837200,28.4,26.8,31.6,10.7,133.0,6.0,0.0,Philippines
Manila,PH,2010-06-19,12:00:00,1276923600,27.7,25.4,31.3,10.8,155.0,14.9,0.0,Philippines
Manila,PH,2010-06-20,12:00:00,1277010000,27.8,25.2,31.4,9.2,121.0,5.1,0.0,Philippines
Manila,PH,2010-06-21,12:00:00,1277096400,27.8,25.7,30.6,14.2,114.0,3.6,0.0,Philippines
Manila,PH,2010-06-22,12:00:00,1277182800,27.4,25.4,30.6,6.4,146.0,10.3,0.0,Philippines
Manila,PH,2010-06-23,12:00:00,1277269200,28.0,25.7,31.1,15.5,279.0,1.9,0.0,Philippines
Manila,PH,2010-06-24,12:00:00,1277355600,28.1,26.1,31.0,12.3,258.0,1.7,0.0,Philippines
Manila,PH,2010-06-25,12:00:00,1277442000,27.3,25.9,29.4,14.2,252.0,6.7,0.0,Philippines
Manila,PH,2010-06-26,12:00:00,1277528400,27.2,25.4,29.4,10.4,220.0,6.2,0.0,Philippines
Manila,PH,2010-06-27,12:00:00,1277614800,27.5,25.3,30.2,7.3,132.0,3.6,0.0,Philippines
Manila,PH,2010-06-28,12:00:00,1277701200,28.0,25.5,31.1,7.3,77.0,4.3,0.0,Philippines
Manila,PH,2010-06-29,12:00:00,1277787600,27.4,25.3,31.3,9.0,66.0,13.5,0.0,Philippines
Manila,PH,2010-06-30,12:00:00,1277874000,27.2,25.2,30.2,9.5,201.0,5.8,0.0,Philippines
Manila,PH,2010-07-01,12:00:00,1277960400,28.0,25.6,30.8,12.3,250.0,2.0,0.0,Philippines
Manila,PH,2010-07-02,12:00:00,1278046800,28.5,25.8,30.9,8.4,274.0,1.4,0.0,Philippines
Manila,PH,2010-07-03,12:00:00,1278133200,27.8,25.2,31.1,7.2,97.0,3.4,0.0,Philippines
Manila,PH,2010-07-04,12:00:00,1278219600,28.2,26.0,30.9,9.0,213.0,4.3,0.0,Philippines
Manila,PH,2010-07-05,12:00:00,1278306000,27.8,25.9,30.6,12.0,225.0,11.2,0.0,Philippines
Manila,PH,2010-07-06,12:00:00,1278392400,27.7,24.8,31.0,14.9,249.0,0.8,0.0,Philippines
Manila,PH,2010-07-07,12:00:00,1278478800,27.9,25.4,31.4,9.2,177.0,5.4,0.0,Philippines
Manila,PH,2010-07-08,12:00:00,1278565200,27.6,25.7,31.0,13.7,109.0,5.6,0.0,Philippines
Manila,PH,2010-07-09,12:00:00,1278651600,27.3,25.2,30.6,7.6,122.0,6.9,0.0,Philippines
Manila,PH,2010-07-10,12:00:00,1278738000,26.9,24.8,30.0,11.0,117.0,7.2,0.0,Philippines
Manila,PH,2010-07-11,12:00:00,1278824400,27.4,25.1,30.5,10.2,43.0,1.3,0.0,Philippines
Manila,PH,2010-07-12,12:00:00,1278910800,27.4,25.4,30.7,6.9,326.0,10.9,0.0,Philippines
Manila,PH,2010-07-13,12:00:00,1278997200,26.8,25.1,28.9,25.6,322.0,19.2,0.0,Philippines
Manila,PH,2010-07-14,12:00:00,1279083600,26.3,24.6,28.2,51.7,108.0,69.2,0.0,Philippines
Manila,PH,2010-07-15,12:00:00,1279170000,27.0,24.9,30.3,13.3,105.0,2.6,0.0,Philippines
Manila,PH,2010-07-16,12:00:00,1279256400,27.5,24.9,31.1,10.7,72.0,1.5,0.0,Philippines
Manila,PH,2010-07-17,12:00:00,1279342800,27.4,25.5,30.6,11.3,22.0,7.8,0.0,Philippines
Manila,PH,2010-07-18,12:00:00,1279429200,25.8,25.1,26.5,10.2,289.0,29.1,0.0,Philippines
Manila,PH,2010-07-19,12:00:00,1279515600,26.7,24.8,29.3,13.9,119.0,12.4,0.0,Philippines
Manila,PH,2010-07-20,12:00:00,1279602000,26.9,25.1,29.8,14.0,136.0,18.1,0.0,Philippines
Manila,PH,2010-07-21,12:00:00,1279688400,26.9,25.1,29.4,8.0,121.0,12.4,0.0,Philippines
Manila,PH,2010-07-22,12:00:00,1279774800,26.7,25.0,29.0,4.3,112.0,6.9,0.0,Philippines
Manila,PH,2010-07-23,12:00:00,1279861200,26.6,25.2,29.1,7.1,117.0,13.4,0.0,Philippines
Manila,PH,2010-07-24,12:00:00,1279947600,26.5,25.0,28.8,6.4,103.0,11.4,0.0,Philippines
Manila,PH,2010-07-25,12:00:00,1280034000,26.3,24.7,28.9,6.4,138.0,18.4,0.0,Philippines
Manila,PH,2010-07-26,12:00:00,1280120400,27.4,25.4,30.7,13.1,109.0,3.7,0.0,Philippines
Manila,PH,2010-07-27,12:00:00,1280206800,27.3,25.1,30.7,12.6,109.0,3.8,0.0,Philippines
Manila,PH,2010-07-28,12:00:00,1280293200,26.8,24.7,29.4,10.1,247.0,9.1,0.0,Philippines
Manila,PH,2010-07-29,12:00:00,1280379600,26.6,24.7,29.2,10.9,276.0,7.1,0.0,Philippines
Manila,PH,2010-07-30,12:00:00,1280466000,27.0,25.0,29.8,6.5,108.0,7.0,0.0,Philippines
Manila,PH,2010-07-31,12:00:00,1280552400,26.4,25.0,30.1,10.7,110.0,17.9,0.0,Philippines
Manila,PH,2010-08-01,12:00:00,1280638800,27.4,24.8,30.1,10.4,277.0,2.4,0.0,Philippines
Manila,PH,2010-08-02,12:00:00,1280725200,27.4,25.1,30.3,13.7,303.0,2.2,0.0,Philippines
Manila,PH,2010-08-03,12:00:00,1280811600,27.0,25.4,29.6,13.8,295.0,11.0,0.0,Philippines
Manila,PH,2010-08-04,12:00:00,1280898000,26.9,25.0,30.0,15.5,276.0,3.5,0.0,Philippines
Manila,PH,2010-08-05,12:00:00,1280984400,26.6,24.9,29.5,16.3,236.0,8.7,0.0,Philippines
Manila,PH,2010-08-06,12:00:00,1281070800,26.7,25.0,29.2,15.8,231.0,6.4,0.0,Philippines
Manila,PH,2010-08-07,12:00:00,1281157200,26.1,25.2,27.4,22.9,216.0,11.4,0.0,Philippines
Manila,PH,2010-08-08,12:00:00,1281243600,25.7,25.1,27.0,28.3,221.0,36.0,0.0,Philippines
Manila,PH,2010-08-09,12:00:00,1281330000,26.8,24.9,29.4,20.7,226.0,1.2,0.0,Philippines
Manila,PH,2010-08-10,12:00:00,1281416400,27.0,25.0,29.3,14.9,267.0,1.5,0.0,Philippines
Manila,PH,2010-08-11,12:00:00,1281502800,27.3,24.6,30.4,6.2,116.0,4.7,0.0,Philippines
Manila,PH,2010-08-12,12:00:00,1281589200,26.6,24.6,29.3,7.3,90.0,3.3,0.0,Philippines
Manila,PH,2010-08-13,12:00:00,1281675600,27.2,25.0,30.2,10.6,103.0,5.7,0.0,Philippines
Manila,PH,2010-08-14,12:00:00,1281762000,27.9,25.2,30.9,6.3,105.0,2.3,0.0,Philippines
Manila,PH,2010-08-15,12:00:00,1281848400,27.6,25.4,30.6,7.5,56.0,4.3,0.0,Philippines
Manila,PH,2010-08-16,12:00:00,1281934800,27.5,24.9,30.6,5.6,31.0,5.7,0.0,Philippines
Manila,PH,2010-08-17,12:00:00,1282021200,27.2,25.2,29.2,11.9,80.0,2.0,0.0,Philippines
Manila,PH,2010-08-18,12:00:00,1282107600,26.9,25.8,28.9,18.0,90.0,3.8,0.0,Philippines
Manila,PH,2010-08-19,12:00:00,1282194000,27.0,25.2,29.3,10.6,83.0,6.5,0.0,Philippines
Manila,PH,2010-08-20,12:00:00,1282280400,26.7,24.8,29.8,14.6,293.0,6.4,0.0,Philippines
Manila,PH,2010-08-21,12:00:00,1282366800,26.2,24.3,28.3,9.7,227.0,7.8,0.0,Philippines
Manila,PH,2010-08-22,12:00:00,1282453200,26.6,24.7,29.1,11.2,224.0,6.1,0.0,Philippines
Manila,PH,2010-08-23,12:00:00,1282539600,27.2,24.6,30.1,12.4,189.0,5.0,0.0,Philippines
Manila,PH,2010-08-24,12:00:00,1282626000,26.8,24.8,29.5,12.1,290.0,3.5,0.0,Philippines
Manila,PH,2010-08-25,12:00:00,1282712400,26.5,25.1,29.1,19.4,288.0,7.4,0.0,Philippines
Manila,PH,2010-08-26,12:00:00,1282798800,25.2,24.2,26.7,17.0,250.0,14.9,0.0,Philippines
Manila,PH,2010-08-27,12:00:00,1282885200,26.1,24.3,28.6,24.2,221.0,4.2,0.0,Philippines
Manila,PH,2010-08-28,12:00:00,1282971600,26.8,25.1,29.3,20.7,219.0,2.0,0.0,Philippines
Manila,PH,2010-08-29,12:00:00,1283058000,26.5,25.1,28.7,23.1,237.0,3.7,0.0,Philippines
Manila,PH,2010-08-30,12:00:00,1283144400,26.8,25.1,29.4,25.0,241.0,2.9,0.0,Philippines
Manila,PH,2010-08-31,12:00:00,1283230800,26.4,25.2,28.0,22.9,239.0,3.3,0.0,Philippines
Manila,PH,2010-09-01,12:00:00,1283317200,26.7,25.0,29.0,16.5,238.0,10.4,0.0,Philippines
Manila,PH,2010-09-02,12:00:00,1283403600,25.9,24.7,27.8,13.7,245.0,9.8,0.0,Philippines
Manila,PH,2010-09-03,12:00:00,1283490000,25.6,24.5,27.2,15.3,241.0,18.3,0.0,Philippines
Manila,PH,2010-09-04,12:00:00,1283576400,27.0,24.5,29.8,9.4,218.0,3.0,0.0,Philippines
Manila,PH,2010-09-05,12:00:00,1283662800,27.9,24.7,31.0,6.6,134.0,0.8,0.0,Philippines
Manila,PH,2010-09-06,12:00:00,1283749200,28.0,25.2,30.8,11.8,141.0,0.3,0.0,Philippines
Manila,PH,2010-09-07,12:00:00,1283835600,27.0,25.1,29.5,10.3,246.0,10.5,0.0,Philippines
Manila,PH,2010-09-08,12:00:00,1283922000,26.4,24.9,28.4,12.6,236.0,5.1,0.0,Philippines
Manila,PH,2010-09-09,12:00:00,1284008400,27.3,25.2,30.2,11.2,223.0,2.0,0.0,Philippines
Manila,PH,2010-09-10,12:00:00,1284094800,27.1,24.9,30.0,6.5,289.0,22.3,0.0,Philippines
Manila,PH,2010-09-11,12:00:00,1284181200,26.7,24.8,29.4,10.8,70.0,7.1,0.0,Philippines
Manila,PH,2010-09-12,12:00:00,1284267600,27.1,25.0,30.2,11.9,97.0,2.2,0.0,Philippines
Manila,PH,2010-09-13,12:00:00,1284354000,26.9,24.7,29.9,9.4,91.0,4.7,0.0,Philippines
Manila,PH,2010-09-14,12:00:00,1284440400,27.1,25.3,29.7,12.1,95.0,1.7,0.0,Philippines
Manila,PH,2010-09-15,12:00:00,1284526800,27.0,24.7,29.9,6.5,109.0,1.9,0.0,Philippines
Manila,PH,2010-09-16,12:00:00,1284613200,27.6,24.6,30.5,7.2,296.0,2.5,0.0,Philippines
Manila,PH,2010-09-17,12:00:00,1284699600,27.4,25.2,29.9,16.9,260.0,1.4,0.0,Philippines
Manila,PH,2010-09-18,12:00:00,1284786000,27.0,24.9,29.6,19.7,254.0,2.5,0.0,Philippines
Manila,PH,2010-09-19,12:00:00,1284872400,27.2,25.3,29.5,16.9,247.0,1.2,0.0,Philippines
Manila,PH,2010-09-20,12:00:00,1284958800,26.8,25.2,29.3,9.0,214.0,15.2,0.0,Philippines
Manila,PH,2010-09-21,12:00:00,1285045200,27.0,24.8,29.7,13.4,85.0,7.6,0.0,Philippines
Manila,PH,2010-09-22,12:00:00,1285131600,27.1,25.0,30.1,12.8,77.0,2.1,0.0,Philippines
Manila,PH,2010-09-23,12:00:00,1285218000,26.8,25.0,29.5,8.7,78.0,11.7,0.0,Philippines
Manila,PH,2010-09-24,12:00:00,1285304400,27.0,24.8,29.3,5.9,121.0,5.0,0.0,Philippines
Manila,PH,2010-09-25,12:00:00,1285390800,27.3,25.0,30.3,7.9,90.0,2.0,0.0,Philippines
Manila,PH,2010-09-26,12:00:00,1285477200,27.8,25.6,31.3,11.2,86.0,0.3,0.0,Philippines
Manila,PH,2010-09-27,12:00:00,1285563600,27.5,25.1,30.6,13.0,85.0,1.0,0.0,Philippines
Manila,PH,2010-09-28,12:00:00,1285650000,27.5,25.2,30.4,18.0,79.0,0.2,0.0,Philippines
Manila,PH,2010-09-29,12:00:00,1285736400,27.2,25.9,29.3,15.3,81.0,0.3,0.0,Philippines
Manila,PH,2010-09-30,12:00:00,1285822800,27.0,25.4,29.2,15.8,72.0,0.3,0.0,Philippines
Manila,PH,2010-10-01,12:00:00,1285909200,26.5,24.7,29.1,8.2,87.0,9.7,0.0,Philippines
Manila,PH,2010-10-02,12:00:00,1285995600,26.1,24.7,27.5,14.7,114.0,4.0,0.0,Philippines
Manila,PH,2010-10-03,12:00:00,1286082000,27.1,24.9,30.1,11.2,86.0,0.1,0.0,Philippines
Manila,PH,2010-10-04,12:00:00,1286168400,27.5,24.2,31.1,12.5,83.0,0.0,0.0,Philippines
Manila,PH,2010-10-05,12:00:00,1286254800,27.4,24.3,30.8,14.5,82.0,0.9,0.0,Philippines
Manila,PH,2010-10-06,12:00:00,1286341200,27.4,25.5,30.6,13.0,77.0,0.1,0.0,Philippines
Manila,PH,2010-10-07,12:00:00,1286427600,27.8,25.2,30.7,19.1,83.0,0.0,0.0,Philippines
Manila,PH,2010-10-08,12:00:00,1286514000,27.4,25.6,30.4,11.4,84.0,5.7,0.0,Philippines
Manila,PH,2010-10-09,12:00:00,1286600400,26.9,25.1,29.7,10.8,121.0,10.6,0.0,Philippines
Manila,PH,2010-10-10,12:00:00,1286686800,27.3,25.1,30.3,9.1,121.0,1.7,0.0,Philippines
Manila,PH,2010-10-11,12:00:00,1286773200,27.4,25.3,30.2,10.5,105.0,3.8,0.0,Philippines
Manila,PH,2010-10-12,12:00:00,1286859600,27.0,25.0,29.9,12.6,91.0,1.6,0.0,Philippines
Manila,PH,2010-10-13,12:00:00,1286946000,26.8,25.4,29.2,10.8,92.0,4.4,0.0,Philippines
Manila,PH,2010-10-14,12:00:00,1287032400,27.2,25.3,30.6,12.7,94.0,2.9,0.0,Philippines
Manila,PH,2010-10-15,12:00:00,1287118800,26.9,24.6,30.5,11.2,59.0,8.6,0.0,Philippines
Manila,PH,2010-10-16,12:00:00,1287205200,26.6,24.6,29.0,8.3,62.0,4.9,0.0,Philippines
Manila,PH,2010-10-17,12:00:00,1287291600,27.0,24.4,30.2,14.7,300.0,0.6,0.0,Philippines
Manila,PH,2010-10-18,12:00:00,1287378000,26.8,25.5,29.0,32.4,239.0,11.8,0.0,Philippines
Manila,PH,2010-10-19,12:00:00,1287464400,25.7,25.0,27.4,31.8,193.0,23.3,0.0,Philippines
Manila,PH,2010-10-20,12:00:00,1287550800,26.2,25.0,28.2,21.2,188.0,5.3,0.0,Philippines
Manila,PH,2010-10-21,12:00:00,1287637200,25.9,25.0,28.0,22.2,212.0,5.9,0.0,Philippines
Manila,PH,2010-10-22,12:00:00,1287723600,25.8,24.8,27.9,18.0,231.0,9.4,0.0,Philippines
Manila,PH,2010-10-23,12:00:00,1287810000,25.7,24.3,27.7,15.7,233.0,17.6,0.0,Philippines
Manila,PH,2010-10-24,12:00:00,1287896400,26.1,24.6,28.2,13.0,263.0,7.2,0.0,Philippines
Manila,PH,2010-10-25,12:00:00,1287982800,26.1,24.4,28.2,13.3,306.0,7.2,0.0,Philippines
Manila,PH,2010-10-26,12:00:00,1288069200,26.4,23.9,29.0,10.2,318.0,1.3,0.0,Philippines
Manila,PH,2010-10-27,12:00:00,1288155600,25.8,24.7,28.0,7.6,114.0,5.1,0.0,Philippines
Manila,PH,2010-10-28,12:00:00,1288242000,26.4,24.3,29.3,9.1,84.0,1.3,0.0,Philippines
Manila,PH,2010-10-29,12:00:00,1288328400,26.0,24.4,28.0,20.3,74.0,0.6,0.0,Philippines
Manila,PH,2010-10-30,12:00:00,1288414800,26.4,24.8,28.7,25.8,68.0,0.0,0.0,Philippines
Manila,PH,2010-10-31,12:00:00,1288501200,26.4,24.8,28.6,23.8,68.0,0.7,0.0,Philippines
Manila,PH,2010-11-01,12:00:00,1288587600,26.1,25.2,27.7,23.5,72.0,2.3,0.0,Philippines
Manila,PH,2010-11-02,12:00:00,1288674000,25.9,25.0,27.6,13.6,80.0,2.1,0.0,Philippines
Manila,PH,2010-11-03,12:00:00,1288760400,26.5,24.4,29.5,17.3,86.0,0.4,0.0,Philippines
Manila,PH,2010-11-04,12:00:00,1288846800,26.7,25.0,29.1,19.8,76.0,0.9,0.0,Philippines
Manila,PH,2010-11-05,12:00:00,1288933200,26.5,24.8,29.6,18.2,77.0,4.7,0.0,Philippines
Manila,PH,2010-11-06,12:00:00,1289019600,26.2,24.7,28.8,7.6,36.0,8.6,0.0,Philippines
Manila,PH,2010-11-07,12:00:00,1289106000,26.7,24.8,29.6,6.3,114.0,3.5,0.0,Philippines
Manila,PH,2010-11-08,12:00:00,1289192400,27.0,24.6,30.1,6.0,66.0,1.0,0.0,Philippines
Manila,PH,2010-11-09,12:00:00,1289278800,26.7,24.9,30.0,10.5,84.0,4.5,0.0,Philippines
Manila,PH,2010-11-10,12:00:00,1289365200,25.6,24.9,26.5,10.1,86.0,16.2,0.0,Philippines
Manila,PH,2010-11-11,12:00:00,1289451600,25.2,24.0,26.4,6.1,50.0,5.1,0.0,Philippines
Manila,PH,2010-11-12,12:00:00,1289538000,26.3,23.7,29.6,13.4,91.0,0.5,0.0,Philippines
Manila,PH,2010-11-13,12:00:00,1289624400,26.7,24.7,29.3,14.4,89.0,0.1,0.0,Philippines
Manila,PH,2010-11-14,12:00:00,1289710800,26.8,24.8,29.7,17.3,75.0,0.0,0.0,Philippines
Manila,PH,2010-11-15,12:00:00,1289797200,26.6,25.0,29.5,17.4,76.0,1.3,0.0,Philippines
Manila,PH,2010-11-16,12:00:00,1289883600,26.2,24.6,28.7,17.8,76.0,0.2,0.0,Philippines
Manila,PH,2010-11-17,12:00:00,1289970000,26.6,24.5,29.2,16.5,77.0,0.2,0.0,Philippines
Manila,PH,2010-11-18,12:00:00,1290056400,25.9,24.6,28.1,14.5,80.0,3.2,0.0,Philippines
Manila,PH,2010-11-19,12:00:00,1290142800,26.4,24.5,29.1,10.9,81.0,1.1,0.0,Philippines
Manila,PH,2010-11-20,12:00:00,1290229200,26.2,24.1,29.3,11.5,79.0,5.8,0.0,Philippines
Manila,PH,2010-11-21,12:00:00,1290315600,26.5,24.5,29.1,15.9,86.0,0.3,0.0,Philippines
Manila,PH,2010-11-22,12:00:00,1290402000,25.6,24.1,27.6,9.3,84.0,3.5,0.0,Philippines
Manila,PH,2010-11-23,12:00:00,1290488400,26.1,24.0,28.7,5.1,98.0,12.1,0.0,Philippines
Manila,PH,2010-11-24,12:00:00,1290574800,26.9,24.6,29.6,13.3,88.0,0.0,0.0,Philippines
Manila,PH,2010-11-25,12:00:00,1290661200,26.4,24.1,29.2,13.1,62.0,0.1,0.0,Philippines
Manila,PH,2010-11-26,12:00:00,1290747600,26.2,24.5,28.5,22.6,76.0,0.0,0.0,Philippines
Manila,PH,2010-11-27,12:00:00,1290834000,26.0,24.8,28.0,23.2,72.0,0.0,0.0,Philippines
Manila,PH,2010-11-28,12:00:00,1290920400,25.6,24.2,27.2,21.3,63.0,9.8,0.0,Philippines
Manila,PH,2010-11-29,12:00:00,1291006800,26.3,25.1,28.1,19.7,71.0,1.0,0.0,Philippines
Manila,PH,2010-11-30,12:00:00,1291093200,26.5,24.5,29.1,17.3,64.0,0.4,0.0,Philippines
Manila,PH,2010-12-01,12:00:00,1291179600,26.8,24.4,30.2,18.0,73.0,0.0,0.0,Philippines
Manila,PH,2010-12-02,12:00:00,1291266000,26.8,24.9,29.8,18.6,73.0,0.0,0.0,Philippines
Manila,PH,2010-12-03,12:00:00,1291352400,26.2,25.0,28.2,23.7,73.0,0.2,0.0,Philippines
Manila,PH,2010-12-04,12:00:00,1291438800,26.4,25.0,28.6,23.5,74.0,0.4,0.0,Philippines
Manila,PH,2010-12-05,12:00:00,1291525200,26.8,24.7,29.5,22.8,74.0,0.0,0.0,Philippines
Manila,PH,2010-12-06,12:00:00,1291611600,26.5,23.8,30.1,15.8,69.0,0.2,0.0,Philippines
Manila,PH,2010-12-07,12:00:00,1291698000,26.5,24.0,29.5,12.4,66.0,0.0,0.0,Philippines
Manila,PH,2010-12-08,12:00:00,1291784400,25.8,24.1,28.2,18.7,66.0,0.0,0.0,Philippines
Manila,PH,2010-12-09,12:00:00,1291870800,25.2,23.7,27.5,20.7,69.0,0.0,0.0,Philippines
Manila,PH,2010-12-10,12:00:00,1291957200,25.1,23.4,27.6,16.0,74.0,0.0,0.0,Philippines
Manila,PH,2010-12-11,12:00:00,1292043600,25.6,23.7,28.7,18.6,80.0,0.0,0.0,Philippines
Manila,PH,2010-12-12,12:00:00,1292130000,25.0,22.6,27.1,17.9,75.0,2.5,0.0,Philippines
Manila,PH,2010-12-13,12:00:00,1292216400,26.2,23.4,29.8,12.2,104.0,0.0,0.0,Philippines
Manila,PH,2010-12-14,12:00:00,1292302800,26.7,24.3,30.0,10.1,84.0,0.3,0.0,Philippines
Manila,PH,2010-12-15,12:00:00,1292389200,26.5,24.1,29.7,14.8,89.0,0.1,0.0,Philippines
Manila,PH,2010-12-16,12:00:00,1292475600,26.3,24.1,28.9,4.4,36.0,2.4,0.0,Philippines
Manila,PH,2010-12-17,12:00:00,1292562000,26.1,24.3,29.0,13.7,71.0,0.0,0.0,Philippines
Manila,PH,2010-12-18,12:00:00,1292648400,25.5,24.2,28.4,21.6,75.0,8.9,0.0,Philippines
Manila,PH,2010-12-19,12:00:00,1292734800,25.9,24.4,28.5,20.3,67.0,2.0,0.0,Philippines
Manila,PH,2010-12-20,12:00:00,1292821200,26.1,24.3,28.8,21.3,75.0,0.0,0.0,Philippines
Manila,PH,2010-12-21,12:00:00,1292907600,25.7,23.0,29.1,11.1,73.0,0.0,0.0,Philippines
Manila,PH,2010-12-22,12:00:00,1292994000,25.6,23.3,28.6,12.3,82.0,0.0,0.0,Philippines
Manila,PH,2010-12-23,12:00:00,1293080400,25.5,23.4,28.6,18.9,70.0,0.0,0.0,Philippines
Manila,PH,2010-12-24,12:00:00,1293166800,25.5,23.2,28.2,17.4,62.0,0.0,0.0,Philippines
Manila,PH,2010-12-25,12:00:00,1293253200,25.4,24.1,27.7,17.2,75.0,0.0,0.0,Philippines
Manila,PH,2010-12-26,12:00:00,1293339600,25.3,23.9,28.0,15.3,68.0,0.0,0.0,Philippines
Manila,PH,2010-12-27,12:00:00,1293426000,25.3,23.7,28.0,21.7,71.0,0.0,0.0,Philippines
Manila,PH,2010-12-28,12:00:00,1293512400,25.8,23.8,28.2,18.9,75.0,0.0,0.0,Philippines
Manila,PH,2010-12-29,12:00:00,1293598800,25.2,23.8,27.9,19.7,72.0,6.7,0.0,Philippines
Manila,PH,2010-12-30,12:00:00,1293685200,24.6,23.5,26.8,12.8,63.0,7.1,0.0,Philippines
Manila,PH,2010-12-31,12:00:00,1293771600,24.6,23.2,27.0,17.7,69.0,3.5,0.0,Philippines
Manila,PH,2011-01-01,12:00:00,1293858000,24.1,22.9,25.8,29.8,69.0,0.0,0.0,Philippines
Manila,PH,2011-01-02,12:00:00,1293944400,24.3,22.9,26.8,28.9,73.0,0.0,0.0,Philippines
Manila,PH,2011-01-03,12:00:00,1294030800,24.2,22.8,26.5,27.7,75.0,0.0,0.0,Philippines
Manila,PH,2011-01-04,12:00:00,1294117200,24.2,22.7,26.4,28.0,80.0,0.0,0.0,Philippines
Manila,PH,2011-01-05,12:00:00,1294203600,24.4,22.1,27.4,24.6,72.0,0.0,0.0,Philippines
Manila,PH,2011-01-06,12:00:00,1294290000,25.2,22.9,28.2,17.7,65.0,0.0,0.0,Philippines
Manila,PH,2011-01-07,12:00:00,1294376400,25.0,23.5,27.7,21.9,64.0,0.0,0.0,Philippines
Manila,PH,2011-01-08,12:00:00,1294462800,24.7,23.0,27.3,25.4,65.0,0.0,0.0,Philippines
Manila,PH,2011-01-09,12:00:00,1294549200,25.3,23.7,27.9,19.9,62.0,1.7,0.0,Philippines
Manila,PH,2011-01-10,12:00:00,1294635600,25.0,23.7,26.9,24.0,58.0,1.8,0.0,Philippines
Manila,PH,2011-01-11,12:00:00,1294722000,24.4,23.0,26.7,20.9,73.0,11.7,0.0,Philippines
Manila,PH,2011-01-12,12:00:00,1294808400,24.9,22.8,27.8,12.1,72.0,3.0,0.0,Philippines
Manila,PH,2011-01-13,12:00:00,1294894800,25.2,22.8,28.3,16.3,78.0,0.0,0.0,Philippines
Manila,PH,2011-01-14,12:00:00,1294981200,25.4,22.8,28.7,8.4,60.0,0.0,0.0,Philippines
Manila,PH,2011-01-15,12:00:00,1295067600,25.7,23.4,28.4,9.5,344.0,6.9,0.0,Philippines
Manila,PH,2011-01-16,12:00:00,1295154000,23.9,22.3,25.6,28.5,66.0,1.5,0.0,Philippines
Manila,PH,2011-01-17,12:00:00,1295240400,22.7,21.5,24.2,36.3,66.0,0.0,0.0,Philippines
Manila,PH,2011-01-18,12:00:00,1295326800,23.5,22.3,25.2,31.0,71.0,0.0,0.0,Philippines
Manila,PH,2011-01-19,12:00:00,1295413200,24.6,22.7,27.2,13.7,69.0,2.2,0.0,Philippines
Manila,PH,2011-01-20,12:00:00,1295499600,24.8,22.9,27.9,10.1,94.0,2.7,0.0,Philippines
Manila,PH,2011-01-21,12:00:00,1295586000,25.5,22.4,29.0,6.1,64.0,1.0,0.0,Philippines
Manila,PH,2011-01-22,12:00:00,1295672400,25.7,23.5,28.4,16.6,85.0,0.0,0.0,Philippines
Manila,PH,2011-01-23,12:00:00,1295758800,25.7,24.0,28.2,17.5,67.0,0.1,0.0,Philippines
Manila,PH,2011-01-24,12:00:00,1295845200,25.4,23.8,27.9,19.4,71.0,0.0,0.0,Philippines
Manila,PH,2011-01-25,12:00:00,1295931600,24.8,23.5,26.9,30.6,73.0,0.0,0.0,Philippines
Manila,PH,2011-01-26,12:00:00,1296018000,24.9,23.4,27.9,29.5,75.0,0.0,0.0,Philippines
Manila,PH,2011-01-27,12:00:00,1296104400,24.6,23.0,27.3,31.0,70.0,0.0,0.0,Philippines
Manila,PH,2011-01-28,12:00:00,1296190800,24.5,22.8,27.2,24.8,75.0,0.0,0.0,Philippines
Manila,PH,2011-01-29,12:00:00,1296277200,24.5,22.7,27.9,26.5,73.0,0.0,0.0,Philippines
Manila,PH,2011-01-30,12:00:00,1296363600,24.4,22.4,27.5,27.6,72.0,0.0,0.0,Philippines
Manila,PH,2011-01-31,12:00:00,1296450000,23.4,22.1,25.9,34.3,63.0,0.6,0.0,Philippines
Manila,PH,2011-02-01,12:00:00,1296536400,23.2,21.7,25.9,31.3,62.0,0.0,0.0,Philippines
Manila,PH,2011-02-02,12:00:00,1296622800,23.4,21.7,26.0,29.3,66.0,0.0,0.0,Philippines
Manila,PH,2011-02-03,12:00:00,1296709200,23.9,22.0,26.4,24.8,61.0,0.0,0.0,Philippines
Manila,PH,2011-02-04,12:00:00,1296795600,24.5,21.6,27.8,18.6,59.0,2.1,0.0,Philippines
Manila,PH,2011-02-05,12:00:00,1296882000,24.2,22.8,27.0,20.3,58.0,12.0,0.0,Philippines
Manila,PH,2011-02-06,12:00:00,1296968400,25.2,22.9,28.5,16.1,77.0,0.0,0.0,Philippines
Manila,PH,2011-02-07,12:00:00,1297054800,25.2,22.9,28.0,17.0,81.0,0.0,0.0,Philippines
Manila,PH,2011-02-08,12:00:00,1297141200,25.5,22.6,28.9,13.4,268.0,0.0,0.0,Philippines
Manila,PH,2011-02-09,12:00:00,1297227600,26.0,23.2,29.5,8.7,191.0,0.3,0.0,Philippines
Manila,PH,2011-02-10,12:00:00,1297314000,26.1,23.2,29.7,12.4,255.0,0.3,0.0,Philippines
Manila,PH,2011-02-11,12:00:00,1297400400,26.3,23.5,29.6,9.5,302.0,0.4,0.0,Philippines
Manila,PH,2011-02-12,12:00:00,1297486800,24.7,23.2,26.6,27.5,73.0,0.6,0.0,Philippines
Manila,PH,2011-02-13,12:00:00,1297573200,24.2,22.6,26.4,27.2,81.0,2.0,0.0,Philippines
Manila,PH,2011-02-14,12:00:00,1297659600,25.0,22.2,28.5,11.1,82.0,1.2,0.0,Philippines
Manila,PH,2011-02-15,12:00:00,1297746000,25.3,23.0,28.7,24.1,78.0,0.0,0.0,Philippines
Manila,PH,2011-02-16,12:00:00,1297832400,25.6,23.2,29.1,19.6,80.0,0.0,0.0,Philippines
Manila,PH,2011-02-17,12:00:00,1297918800,25.8,22.5,29.6,17.1,91.0,0.0,0.0,Philippines
Manila,PH,2011-02-18,12:00:00,1298005200,26.0,22.0,30.6,14.4,91.0,0.0,0.0,Philippines
Manila,PH,2011-02-19,12:00:00,1298091600,25.8,22.8,29.8,19.1,92.0,0.0,0.0,Philippines
Manila,PH,2011-02-20,12:00:00,1298178000,25.5,20.9,30.5,14.2,96.0,0.0,0.0,Philippines
Manila,PH,2011-02-21,12:00:00,1298264400,25.3,21.0,29.8,19.5,86.0,0.0,0.0,Philippines
Manila,PH,2011-02-22,12:00:00,1298350800,25.3,22.6,29.1,21.6,84.0,0.0,0.0,Philippines
Manila,PH,2011-02-23,12:00:00,1298437200,24.8,22.8,27.5,18.9,85.0,0.0,0.0,Philippines
Manila,PH,2011-02-24,12:00:00,1298523600,24.9,22.6,28.2,21.0,83.0,0.0,0.0,Philippines
Manila,PH,2011-02-25,12:00:00,1298610000,24.8,22.2,28.3,24.8,76.0,0.0,0.0,Philippines
Manila,PH,2011-02-26,12:00:00,1298696400,24.6,22.6,27.9,30.2,74.0,0.0,0.0,Philippines
Manila,PH,2011-02-27,12:00:00,1298782800,25.3,22.3,29.6,23.3,67.0,0.0,0.0,Philippines
Manila,PH,2011-02-28,12:00:00,1298869200,26.4,23.5,30.4,24.1,67.0,0.0,0.0,Philippines
Manila,PH,2011-03-01,12:00:00,1298955600,26.7,24.5,30.0,23.3,76.0,0.2,0.0,Philippines
Manila,PH,2011-03-02,12:00:00,1299042000,24.8,23.7,26.2,17.3,77.0,9.1,0.0,Philippines
Manila,PH,2011-03-03,12:00:00,1299128400,25.5,23.6,28.4,19.8,79.0,0.0,0.0,Philippines
Manila,PH,2011-03-04,12:00:00,1299214800,25.2,23.6,27.6,22.6,81.0,5.0,0.0,Philippines
Manila,PH,2011-03-05,12:00:00,1299301200,23.9,23.4,24.4,16.1,68.0,37.2,0.0,Philippines
Manila,PH,2011-03-06,12:00:00,1299387600,25.6,23.3,28.6,16.2,90.0,0.2,0.0,Philippines
Manila,PH,2011-03-07,12:00:00,1299474000,25.8,22.9,29.6,7.9,71.0,3.6,0.0,Philippines
Manila,PH,2011-03-08,12:00:00,1299560400,25.5,23.4,28.4,22.5,74.0,0.0,0.0,Philippines
Manila,PH,2011-03-09,12:00:00,1299646800,24.6,23.6,26.6,26.4,70.0,0.2,0.0,Philippines
Manila,PH,2011-03-10,12:00:00,1299733200,25.1,23.5,27.7,24.6,72.0,0.0,0.0,Philippines
Manila,PH,2011-03-11,12:00:00,1299819600,24.8,23.0,27.4,28.9,74.0,0.0,0.0,Philippines
Manila,PH,2011-03-12,12:00:00,1299906000,25.0,23.0,28.1,25.6,75.0,0.0,0.0,Philippines
Manila,PH,2011-03-13,12:00:00,1299992400,25.4,22.4,28.9,20.3,77.0,0.0,0.0,Philippines
Manila,PH,2011-03-14,12:00:00,1300078800,26.1,23.4,29.7,22.2,79.0,0.0,0.0,Philippines
Manila,PH,2011-03-15,12:00:00,1300165200,26.0,23.8,29.3,22.6,77.0,0.0,0.0,Philippines
Manila,PH,2011-03-16,12:00:00,1300251600,25.7,23.6,28.4,30.2,73.0,0.0,0.0,Philippines
Manila,PH,2011-03-17,12:00:00,1300338000,25.1,23.3,28.3,33.2,75.0,0.0,0.0,Philippines
Manila,PH,2011-03-18,12:00:00,1300424400,25.1,23.4,27.7,27.9,74.0,0.0,0.0,Philippines
Manila,PH,2011-03-19,12:00:00,1300510800,25.1,23.7,27.5,25.8,78.0,0.0,0.0,Philippines
Manila,PH,2011-03-20,12:00:00,1300597200,25.9,23.8,28.8,20.7,85.0,0.0,0.0,Philippines
Manila,PH,2011-03-21,12:00:00,1300683600,26.9,24.0,30.6,19.4,85.0,0.0,0.0,Philippines
Manila,PH,2011-03-22,12:00:00,1300770000,26.8,23.8,30.7,19.4,82.0,0.0,0.0,Philippines
Manila,PH,2011-03-23,12:00:00,1300856400,26.5,24.4,30.0,29.6,73.0,0.2,0.0,Philippines
Manila,PH,2011-03-24,12:00:00,1300942800,26.2,24.1,29.1,27.8,75.0,0.0,0.0,Philippines
Manila,PH,2011-03-25,12:00:00,1301029200,25.9,24.0,29.3,29.5,69.0,0.0,0.0,Philippines
Manila,PH,2011-03-26,12:00:00,1301115600,25.5,23.4,28.8,30.5,68.0,0.0,0.0,Philippines
Manila,PH,2011-03-27,12:00:00,1301202000,25.4,23.5,28.6,28.0,69.0,1.8,0.0,Philippines
Manila,PH,2011-03-28,12:00:00,1301288400,25.3,23.8,27.7,21.9,66.0,0.0,0.0,Philippines
Manila,PH,2011-03-29,12:00:00,1301374800,26.0,23.6,29.0,23.5,67.0,0.6,0.0,Philippines
Manila,PH,2011-03-30,12:00:00,1301461200,25.8,24.1,28.7,31.3,72.0,0.2,0.0,Philippines
Manila,PH,2011-03-31,12:00:00,1301547600,25.5,23.4,28.9,28.0,71.0,0.0,0.0,Philippines
Manila,PH,2011-04-01,12:00:00,1301634000,25.5,23.2,28.7,21.9,80.0,0.0,0.0,Philippines
Manila,PH,2011-04-02,12:00:00,1301720400,25.8,22.7,29.9,18.4,89.0,0.0,0.0,Philippines
Manila,PH,2011-04-03,12:00:00,1301806800,26.1,22.4,30.5,18.0,95.0,0.0,0.0,Philippines
Manila,PH,2011-04-04,12:00:00,1301893200,26.2,23.6,29.5,17.4,92.0,0.1,0.0,Philippines
Manila,PH,2011-04-05,12:00:00,1301979600,25.9,23.7,29.2,22.4,83.0,0.0,0.0,Philippines
Manila,PH,2011-04-06,12:00:00,1302066000,25.5,23.0,28.9,23.7,85.0,0.0,0.0,Philippines
Manila,PH,2011-04-07,12:00:00,1302152400,25.6,22.8,28.9,22.9,86.0,0.0,0.0,Philippines
Manila,PH,2011-04-08,12:00:00,1302238800,25.9,23.3,29.7,18.9,85.0,0.0,0.0,Philippines
Manila,PH,2011-04-09,12:00:00,1302325200,25.2,22.9,28.1,22.1,73.0,0.1,0.0,Philippines
Manila,PH,2011-04-10,12:00:00,1302411600,26.3,23.7,30.1,21.1,80.0,0.0,0.0,Philippines
Manila,PH,2011-04-11,12:00:00,1302498000,26.4,22.9,30.8,18.8,86.0,0.0,0.0,Philippines
Manila,PH,2011-04-12,12:00:00,1302584400,25.5,23.9,28.3,27.8,79.0,1.3,0.0,Philippines
Manila,PH,2011-04-13,12:00:00,1302670800,26.2,23.6,29.8,23.1,84.0,0.0,0.0,Philippines
Manila,PH,2011-04-14,12:00:00,1302757200,26.1,21.6,30.9,19.4,97.0,0.0,0.0,Philippines
Manila,PH,2011-04-15,12:00:00,1302843600,26.4,21.8,31.1,19.6,98.0,0.0,0.0,Philippines
Manila,PH,2011-04-16,12:00:00,1302930000,27.5,22.2,32.7,10.0,99.0,0.0,0.0,Philippines
Manila,PH,2011-04-17,12:00:00,1303016400,28.0,23.1,32.5,14.8,231.0,0.0,0.0,Philippines
Manila,PH,2011-04-18,12:00:00,1303102800,28.2,25.5,31.8,9.8,270.0,0.1,0.0,Philippines
Manila,PH,2011-04-19,12:00:00,1303189200,27.7,25.0,31.7,9.0,84.0,0.4,0.0,Philippines
Manila,PH,2011-04-20,12:00:00,1303275600,27.0,25.1,30.4,22.3,77.0,0.4,0.0,Philippines
Manila,PH,2011-04-21,12:00:00,1303362000,27.0,24.7,30.6,22.3,83.0,0.0,0.0,Philippines
Manila,PH,2011-04-22,12:00:00,1303448400,27.3,23.2,31.2,14.6,96.0,0.0,0.0,Philippines
Manila,PH,2011-04-23,12:00:00,1303534800,28.0,24.1,32.1,11.7,98.0,0.0,0.0,Philippines
Manila,PH,2011-04-24,12:00:00,1303621200,27.9,24.1,32.3,19.1,94.0,0.0,0.0,Philippines
Manila,PH,2011-04-25,12:00:00,1303707600,28.1,24.3,32.5,20.9,91.0,0.0,0.0,Philippines
Manila,PH,2011-04-26,12:00:00,1303794000,28.6,25.6,32.5,13.7,106.0,1.4,0.0,Philippines
Manila,PH,2011-04-27,12:00:00,1303880400,28.6,25.2,33.2,9.9,97.0,2.2,0.0,Philippines
Manila,PH,2011-04-28,12:00:00,1303966800,28.8,25.8,33.1,15.3,92.0,0.1,0.0,Philippines
Manila,PH,2011-04-29,12:00:00,1304053200,28.2,24.9,32.3,24.5,87.0,0.2,0.0,Philippines
Manila,PH,2011-04-30,12:00:00,1304139600,28.6,26.1,32.0,23.4,83.0,0.1,0.0,Philippines
Manila,PH,2011-05-01,12:00:00,1304226000,29.0,24.9,33.3,16.7,92.0,0.0,0.0,Philippines
Manila,PH,2011-05-02,12:00:00,1304312400,29.1,25.7,33.1,23.0,90.0,0.0,0.0,Philippines
Manila,PH,2011-05-03,12:00:00,1304398800,29.1,25.7,33.4,13.3,83.0,0.7,0.0,Philippines
Manila,PH,2011-05-04,12:00:00,1304485200,29.0,25.7,33.2,19.2,92.0,0.1,0.0,Philippines
Manila,PH,2011-05-05,12:00:00,1304571600,29.1,25.9,33.1,10.0,100.0,0.1,0.0,Philippines
Manila,PH,2011-05-06,12:00:00,1304658000,29.4,25.6,33.9,15.8,99.0,0.0,0.0,Philippines
Manila,PH,2011-05-07,12:00:00,1304744400,29.2,25.6,34.0,13.3,306.0,1.2,0.0,Philippines
Manila,PH,2011-05-08,12:00:00,1304830800,26.3,25.7,26.9,28.6,269.0,27.0,0.0,Philippines
Manila,PH,2011-05-09,12:00:00,1304917200,26.4,25.3,28.2,30.5,233.0,7.7,0.0,Philippines
Manila,PH,2011-05-10,12:00:00,1305003600,26.5,25.0,29.4,18.8,225.0,3.8,0.0,Philippines
Manila,PH,2011-05-11,12:00:00,1305090000,27.5,24.7,30.6,10.9,234.0,0.6,0.0,Philippines
Manila,PH,2011-05-12,12:00:00,1305176400,27.2,24.9,29.3,5.6,153.0,9.2,0.0,Philippines
Manila,PH,2011-05-13,12:00:00,1305262800,28.1,25.5,30.8,6.4,100.0,0.5,0.0,Philippines
Manila,PH,2011-05-14,12:00:00,1305349200,28.4,25.7,32.0,14.9,95.0,0.6,0.0,Philippines
Manila,PH,2011-05-15,12:00:00,1305435600,28.7,25.7,32.2,12.5,96.0,0.0,0.0,Philippines
Manila,PH,2011-05-16,12:00:00,1305522000,28.6,24.9,32.1,8.3,97.0,0.0,0.0,Philippines
Manila,PH,2011-05-17,12:00:00,1305608400,28.4,25.4,32.1,11.2,184.0,1.1,0.0,Philippines
Manila,PH,2011-05-18,12:00:00,1305694800,28.3,25.4,31.7,8.0,152.0,2.8,0.0,Philippines
Manila,PH,2011-05-19,12:00:00,1305781200,28.0,24.6,31.5,7.9,88.0,2.6,0.0,Philippines
Manila,PH,2011-05-20,12:00:00,1305867600,28.1,25.3,31.5,7.4,85.0,1.4,0.0,Philippines
Manila,PH,2011-05-21,12:00:00,1305954000,28.2,25.4,31.8,7.3,76.0,0.7,0.0,Philippines
Manila,PH,2011-05-22,12:00:00,1306040400,28.0,25.4,31.8,8.1,100.0,8.6,0.0,Philippines
Manila,PH,2011-05-23,12:00:00,1306126800,27.4,25.6,31.3,9.6,86.0,7.2,0.0,Philippines
Manila,PH,2011-05-24,12:00:00,1306213200,27.5,25.4,30.1,7.7,21.0,3.0,0.0,Philippines
Manila,PH,2011-05-25,12:00:00,1306299600,27.7,25.4,30.6,6.0,291.0,4.2,0.0,Philippines
Manila,PH,2011-05-26,12:00:00,1306386000,26.9,25.1,29.2,21.5,271.0,5.0,0.0,Philippines
Manila,PH,2011-05-27,12:00:00,1306472400,26.8,25.6,28.3,28.7,247.0,6.5,0.0,Philippines
Manila,PH,2011-05-28,12:00:00,1306558800,26.3,25.3,28.5,19.8,234.0,8.4,0.0,Philippines
Manila,PH,2011-05-29,12:00:00,1306645200,25.9,25.0,27.2,8.3,314.0,37.8,0.0,Philippines
Manila,PH,2011-05-30,12:00:00,1306731600,26.9,25.0,29.3,9.7,162.0,4.3,0.0,Philippines
Manila,PH,2011-05-31,12:00:00,1306818000,27.8,25.4,30.7,9.0,163.0,2.1,0.0,Philippines
Manila,PH,2011-06-01,12:00:00,1306904400,27.5,25.5,30.1,15.8,198.0,2.1,0.0,Philippines
Manila,PH,2011-06-02,12:00:00,1306990800,28.2,25.2,31.5,8.9,109.0,0.8,0.0,Philippines
Manila,PH,2011-06-03,12:00:00,1307077200,27.6,25.4,30.4,8.7,60.0,5.5,0.0,Philippines
Manila,PH,2011-06-04,12:00:00,1307163600,28.2,26.1,31.1,14.0,100.0,0.7,0.0,Philippines
Manila,PH,2011-06-05,12:00:00,1307250000,28.8,26.5,31.8,14.0,102.0,0.0,0.0,Philippines
Manila,PH,2011-06-06,12:00:00,1307336400,28.8,26.1,32.3,14.2,95.0,0.2,0.0,Philippines
Manila,PH,2011-06-07,12:00:00,1307422800,28.3,25.7,31.1,7.2,59.0,1.7,0.0,Philippines
Manila,PH,2011-06-08,12:00:00,1307509200,26.4,25.2,28.6,20.1,51.0,39.1,0.0,Philippines
Manila,PH,2011-06-09,12:00:00,1307595600,25.8,25.0,26.7,21.5,138.0,49.5,0.0,Philippines
Manila,PH,2011-06-10,12:00:00,1307682000,26.5,24.9,29.6,12.2,131.0,13.0,0.0,Philippines
Manila,PH,2011-06-11,12:00:00,1307768400,27.4,24.9,30.2,15.0,116.0,1.4,0.0,Philippines
Manila,PH,2011-06-12,12:00:00,1307854800,27.5,25.1,30.9,13.4,107.0,2.4,0.0,Philippines
Manila,PH,2011-06-13,12:00:00,1307941200,27.8,25.1,30.8,18.6,103.0,1.9,0.0,Philippines
Manila,PH,2011-06-14,12:00:00,1308027600,27.4,24.9,30.3,17.3,115.0,2.4,0.0,Philippines
Manila,PH,2011-06-15,12:00:00,1308114000,27.6,25.7,30.6,16.6,126.0,0.4,0.0,Philippines
Manila,PH,2011-06-16,12:00:00,1308200400,27.1,25.4,30.1,10.0,133.0,6.5,0.0,Philippines
Manila,PH,2011-06-17,12:00:00,1308286800,27.4,25.5,30.6,11.8,123.0,1.9,0.0,Philippines
Manila,PH,2011-06-18,12:00:00,1308373200,25.8,24.9,28.1,9.5,198.0,15.1,0.0,Philippines
Manila,PH,2011-06-19,12:00:00,1308459600,25.1,24.6,26.3,20.9,227.0,48.3,0.0,Philippines
Manila,PH,2011-06-20,12:00:00,1308546000,25.9,24.3,28.1,22.9,217.0,25.6,0.0,Philippines
Manila,PH,2011-06-21,12:00:00,1308632400,26.5,24.8,29.0,16.9,209.0,2.5,0.0,Philippines
Manila,PH,2011-06-22,12:00:00,1308718800,26.0,24.6,28.7,17.2,244.0,12.7,0.0,Philippines
Manila,PH,2011-06-23,12:00:00,1308805200,25.1,24.6,25.7,29.1,248.0,41.2,0.0,Philippines
Manila,PH,2011-06-24,12:00:00,1308891600,25.1,24.5,25.5,32.6,230.0,71.1,0.0,Philippines
Manila,PH,2011-06-25,12:00:00,1308978000,26.0,24.8,27.7,19.9,227.0,8.9,0.0,Philippines
Manila,PH,2011-06-26,12:00:00,1309064400,26.7,25.0,29.1,14.3,259.0,1.3,0.0,Philippines
Manila,PH,2011-06-27,12:00:00,1309150800,26.9,25.0,29.0,9.5,280.0,0.1,0.0,Philippines
Manila,PH,2011-06-28,12:00:00,1309237200,27.5,24.4,30.5,5.8,355.0,0.0,0.0,Philippines
Manila,PH,2011-06-29,12:00:00,1309323600,27.3,25.2,30.0,6.0,9.0,0.7,0.0,Philippines
Manila,PH,2011-06-30,12:00:00,1309410000,27.2,24.6,30.0,11.2,61.0,7.9,0.0,Philippines
Manila,PH,2011-07-01,12:00:00,1309496400,26.9,24.8,29.4,8.7,69.0,6.8,0.0,Philippines
Manila,PH,2011-07-02,12:00:00,1309582800,27.0,24.9,29.5,6.2,88.0,9.0,0.0,Philippines
Manila,PH,2011-07-03,12:00:00,1309669200,27.1,24.6,30.2,7.1,72.0,1.2,0.0,Philippines
Manila,PH,2011-07-04,12:00:00,1309755600,26.8,24.6,30.0,5.8,74.0,12.2,0.0,Philippines
Manila,PH,2011-07-05,12:00:00,1309842000,26.2,24.8,28.6,9.5,179.0,26.8,0.0,Philippines
Manila,PH,2011-07-06,12:00:00,1309928400,25.4,24.4,27.0,15.4,235.0,30.8,0.0,Philippines
Manila,PH,2011-07-07,12:00:00,1310014800,25.8,24.3,28.3,17.8,236.0,8.3,0.0,Philippines
Manila,PH,2011-07-08,12:00:00,1310101200,25.5,24.3,27.2,21.7,233.0,7.4,0.0,Philippines
Manila,PH,2011-07-09,12:00:00,1310187600,25.4,24.4,27.5,19.5,240.0,10.6,0.0,Philippines
Manila,PH,2011-07-10,12:00:00,1310274000,24.6,24.2,25.3,16.7,232.0,19.1,0.0,Philippines
Manila,PH,2011-07-11,12:00:00,1310360400,25.2,24.2,27.3,19.3,229.0,9.0,0.0,Philippines
Manila,PH,2011-07-12,12:00:00,1310446800,25.8,24.4,28.4,17.3,244.0,7.2,0.0,Philippines
Manila,PH,2011-07-13,12:00:00,1310533200,26.4,23.8,29.4,17.7,262.0,1.1,0.0,Philippines
Manila,PH,2011-07-14,12:00:00,1310619600,27.1,24.7,29.6,16.9,261.0,0.3,0.0,Philippines
Manila,PH,2011-07-15,12:00:00,1310706000,27.5,25.0,29.9,15.5,272.0,0.0,0.0,Philippines
Manila,PH,2011-07-16,12:00:00,1310792400,27.4,24.5,30.3,18.0,260.0,0.0,0.0,Philippines
Manila,PH,2011-07-17,12:00:00,1310878800,27.4,25.8,29.4,23.9,262.0,1.5,0.0,Philippines
Manila,PH,2011-07-18,12:00:00,1310965200,27.3,25.5,29.4,26.8,249.0,1.2,0.0,Philippines
Manila,PH,2011-07-19,12:00:00,1311051600,27.1,25.4,29.4,24.2,242.0,2.2,0.0,Philippines
Manila,PH,2011-07-20,12:00:00,1311138000,27.3,25.5,29.6,18.3,255.0,0.0,0.0,Philippines
Manila,PH,2011-07-21,12:00:00,1311224400,27.0,24.9,29.7,15.8,268.0,3.2,0.0,Philippines
Manila,PH,2011-07-22,12:00:00,1311310800,27.1,24.7,30.4,7.2,96.0,5.6,0.0,Philippines
Manila,PH,2011-07-23,12:00:00,1311397200,27.1,24.7,29.7,12.3,104.0,2.1,0.0,Philippines
Manila,PH,2011-07-24,12:00:00,1311483600,26.8,24.9,29.9,7.2,216.0,7.3,0.0,Philippines
Manila,PH,2011-07-25,12:00:00,1311570000,25.8,24.3,27.8,10.0,275.0,11.5,0.0,Philippines
Manila,PH,2011-07-26,12:00:00,1311656400,25.5,24.2,27.7,17.7,292.0,36.4,0.0,Philippines
Manila,PH,2011-07-27,12:00:00,1311742800,25.5,24.9,27.1,19.1,221.0,37.8,0.0,Philippines
Manila,PH,2011-07-28,12:00:00,1311829200,25.9,24.8,28.0,19.4,176.0,16.7,0.0,Philippines
Manila,PH,2011-07-29,12:00:00,1311915600,25.2,24.5,26.3,21.4,230.0,34.2,0.0,Philippines
Manila,PH,2011-07-30,12:00:00,1312002000,24.9,24.3,26.3,19.2,258.0,25.3,0.0,Philippines
Manila,PH,2011-07-31,12:00:00,1312088400,24.6,24.2,25.5,21.4,233.0,49.1,0.0,Philippines
Manila,PH,2011-08-01,12:00:00,1312174800,25.5,24.5,27.3,21.9,240.0,12.2,0.0,Philippines
Manila,PH,2011-08-02,12:00:00,1312261200,25.5,24.8,26.9,26.9,243.0,14.6,0.0,Philippines
Manila,PH,2011-08-03,12:00:00,1312347600,25.8,24.8,27.5,21.9,255.0,14.8,0.0,Philippines
Manila,PH,2011-08-04,12:00:00,1312434000,26.5,24.6,28.7,24.3,263.0,1.6,0.0,Philippines
Manila,PH,2011-08-05,12:00:00,1312520400,26.1,24.7,28.2,23.2,254.0,6.6,0.0,Philippines
Manila,PH,2011-08-06,12:00:00,1312606800,25.7,24.7,27.9,21.9,241.0,14.8,0.0,Philippines
Manila,PH,2011-08-07,12:00:00,1312693200,26.0,24.5,28.1,19.1,241.0,17.8,0.0,Philippines
Manila,PH,2011-08-08,12:00:00,1312779600,26.2,24.6,28.6,13.5,253.0,3.6,0.0,Philippines
Manila,PH,2011-08-09,12:00:00,1312866000,26.4,24.9,28.2,15.8,264.0,3.9,0.0,Philippines
Manila,PH,2011-08-10,12:00:00,1312952400,26.6,24.5,28.6,12.3,249.0,5.0,0.0,Philippines
Manila,PH,2011-08-11,12:00:00,1313038800,26.9,24.3,30.0,5.4,11.0,3.2,0.0,Philippines
Manila,PH,2011-08-12,12:00:00,1313125200,27.6,24.5,30.9,12.7,78.0,0.2,0.0,Philippines
Manila,PH,2011-08-13,12:00:00,1313211600,27.0,25.4,29.0,18.4,93.0,0.9,0.0,Philippines
Manila,PH,2011-08-14,12:00:00,1313298000,26.9,25.5,29.7,19.8,94.0,4.2,0.0,Philippines
Manila,PH,2011-08-15,12:00:00,1313384400,26.7,24.5,29.4,10.6,109.0,2.7,0.0,Philippines
Manila,PH,2011-08-16,12:00:00,1313470800,26.8,24.6,29.6,6.6,74.0,7.2,0.0,Philippines
Manila,PH,2011-08-17,12:00:00,1313557200,26.7,24.3,30.0,16.8,68.0,4.4,0.0,Philippines
Manila,PH,2011-08-18,12:00:00,1313643600,26.8,24.5,30.0,15.2,89.0,1.8,0.0,Philippines
Manila,PH,2011-08-19,12:00:00,1313730000,27.0,24.8,29.5,10.0,105.0,1.5,0.0,Philippines
Manila,PH,2011-08-20,12:00:00,1313816400,26.7,25.0,29.0,6.9,100.0,9.0,0.0,Philippines
Manila,PH,2011-08-21,12:00:00,1313902800,26.9,24.7,29.4,7.0,320.0,8.2,0.0,Philippines
Manila,PH,2011-08-22,12:00:00,1313989200,26.5,24.7,29.1,8.5,261.0,7.6,0.0,Philippines
Manila,PH,2011-08-23,12:00:00,1314075600,26.2,24.7,28.7,16.7,257.0,9.8,0.0,Philippines
Manila,PH,2011-08-24,12:00:00,1314162000,26.3,25.0,28.6,17.6,266.0,5.0,0.0,Philippines
Manila,PH,2011-08-25,12:00:00,1314248400,26.6,25.5,27.9,24.2,262.0,5.1,0.0,Philippines
Manila,PH,2011-08-26,12:00:00,1314334800,26.7,26.1,27.6,33.7,256.0,4.2,0.0,Philippines
Manila,PH,2011-08-27,12:00:00,1314421200,25.3,24.7,26.2,28.7,243.0,24.1,0.0,Philippines
Manila,PH,2011-08-28,12:00:00,1314507600,25.3,24.8,26.0,28.6,239.0,20.3,0.0,Philippines
Manila,PH,2011-08-29,12:00:00,1314594000,26.3,25.0,28.8,28.2,244.0,6.4,0.0,Philippines
Manila,PH,2011-08-30,12:00:00,1314680400,26.4,25.0,28.4,26.9,251.0,5.4,0.0,Philippines
Manila,PH,2011-08-31,12:00:00,1314766800,26.1,24.9,27.8,26.4,243.0,9.1,0.0,Philippines
Manila,PH,2011-09-01,12:00:00,1314853200,25.8,24.8,28.1,21.7,245.0,11.2,0.0,Philippines
Manila,PH,2011-09-02,12:00:00,1314939600,26.3,24.9,28.2,19.5,243.0,5.2,0.0,Philippines
Manila,PH,2011-09-03,12:00:00,1315026000,26.5,25.0,28.9,18.9,254.0,3.5,0.0,Philippines
Manila,PH,2011-09-04,12:00:00,1315112400,26.1,24.6,28.4,16.0,263.0,9.1,0.0,Philippines
Manila,PH,2011-09-05,12:00:00,1315198800,26.0,24.2,27.9,15.8,253.0,7.4,0.0,Philippines
Manila,PH,2011-09-06,12:00:00,1315285200,25.8,24.5,27.6,17.7,251.0,10.4,0.0,Philippines
Manila,PH,2011-09-07,12:00:00,1315371600,25.7,24.4,27.9,15.2,239.0,13.2,0.0,Philippines
Manila,PH,2011-09-08,12:00:00,1315458000,26.1,24.0,29.1,8.9,224.0,7.3,0.0,Philippines
Manila,PH,2011-09-09,12:00:00,1315544400,25.9,24.4,28.9,6.5,108.0,22.2,0.0,Philippines
Manila,PH,2011-09-10,12:00:00,1315630800,26.1,24.6,28.2,12.6,106.0,4.8,0.0,Philippines
Manila,PH,2011-09-11,12:00:00,1315717200,26.3,24.3,29.3,11.5,238.0,1.5,0.0,Philippines
Manila,PH,2011-09-12,12:00:00,1315803600,26.5,24.3,29.0,18.2,292.0,0.9,0.0,Philippines
Manila,PH,2011-09-13,12:00:00,1315890000,26.8,24.4,29.2,20.9,279.0,1.4,0.0,Philippines
Manila,PH,2011-09-14,12:00:00,1315976400,26.8,25.4,28.7,25.1,252.0,1.7,0.0,Philippines
Manila,PH,2011-09-15,12:00:00,1316062800,26.6,25.2,28.1,22.8,252.0,3.0,0.0,Philippines
Manila,PH,2011-09-16,12:00:00,1316149200,26.6,25.0,28.7,18.0,252.0,4.3,0.0,Philippines
Manila,PH,2011-09-17,12:00:00,1316235600,26.1,25.2,28.0,18.4,253.0,10.0,0.0,Philippines
Manila,PH,2011-09-18,12:00:00,1316322000,26.2,24.8,28.8,20.9,251.0,7.9,0.0,Philippines
Manila,PH,2011-09-19,12:00:00,1316408400,25.9,24.6,27.7,17.2,257.0,6.7,0.0,Philippines
Manila,PH,2011-09-20,12:00:00,1316494800,25.5,24.5,27.3,15.2,244.0,12.4,0.0,Philippines
Manila,PH,2011-09-21,12:00:00,1316581200,26.0,24.5,27.9,18.5,245.0,6.0,0.0,Philippines
Manila,PH,2011-09-22,12:00:00,1316667600,25.8,24.4,27.6,13.6,239.0,5.1,0.0,Philippines
Manila,PH,2011-09-23,12:00:00,1316754000,25.9,24.6,28.1,16.7,225.0,6.1,0.0,Philippines
Manila,PH,2011-09-24,12:00:00,1316840400,26.0,24.4,28.0,17.4,241.0,3.9,0.0,Philippines
Manila,PH,2011-09-25,12:00:00,1316926800,26.4,24.4,28.9,15.8,271.0,2.8,0.0,Philippines
Manila,PH,2011-09-26,12:00:00,1317013200,25.7,24.7,27.1,35.2,272.0,14.8,0.0,Philippines
Manila,PH,2011-09-27,12:00:00,1317099600,25.3,25.0,25.8,52.9,230.0,66.3,0.0,Philippines
Manila,PH,2011-09-28,12:00:00,1317186000,25.6,24.8,26.7,26.6,190.0,14.6,0.0,Philippines
Manila,PH,2011-09-29,12:00:00,1317272400,26.6,24.5,28.9,18.8,234.0,1.7,0.0,Philippines
Manila,PH,2011-09-30,12:00:00,1317358800,26.6,24.3,29.5,15.9,285.0,0.9,0.0,Philippines
Manila,PH,2011-10-01,12:00:00,1317445200,25.9,25.0,27.5,37.4,254.0,26.5,0.0,Philippines
Manila,PH,2011-10-02,12:00:00,1317531600,25.9,24.5,28.2,27.6,205.0,7.8,0.0,Philippines
Manila,PH,2011-10-03,12:00:00,1317618000,25.9,24.4,28.7,12.3,207.0,8.3,0.0,Philippines
Manila,PH,2011-10-04,12:00:00,1317704400,26.0,24.1,28.0,12.4,277.0,6.8,0.0,Philippines
Manila,PH,2011-10-05,12:00:00,1317790800,26.5,23.5,29.5,5.2,341.0,7.6,0.0,Philippines
Manila,PH,2011-10-06,12:00:00,1317877200,26.3,24.2,29.3,8.3,28.0,6.2,0.0,Philippines
Manila,PH,2011-10-07,12:00:00,1317963600,26.1,24.3,28.8,6.6,6.0,3.4,0.0,Philippines
Manila,PH,2011-10-08,12:00:00,1318050000,25.2,24.4,26.2,8.0,11.0,20.7,0.0,Philippines
Manila,PH,2011-10-09,12:00:00,1318136400,25.0,24.1,27.6,11.8,121.0,27.4,0.0,Philippines
Manila,PH,2011-10-10,12:00:00,1318222800,26.0,23.7,29.3,10.6,209.0,10.0,0.0,Philippines
Manila,PH,2011-10-11,12:00:00,1318309200,26.8,23.7,30.0,8.7,85.0,0.5,0.0,Philippines
Manila,PH,2011-10-12,12:00:00,1318395600,26.3,24.0,29.3,11.2,33.0,5.3,0.0,Philippines
Manila,PH,2011-10-13,12:00:00,1318482000,26.2,24.7,28.5,17.9,88.0,10.8,0.0,Philippines
Manila,PH,2011-10-14,12:00:00,1318568400,26.5,24.7,29.0,13.4,211.0,0.0,0.0,Philippines
Manila,PH,2011-10-15,12:00:00,1318654800,26.2,24.2,28.9,11.9,229.0,5.7,0.0,Philippines
Manila,PH,2011-10-16,12:00:00,1318741200,27.0,24.4,30.2,5.8,118.0,0.5,0.0,Philippines
Manila,PH,2011-10-17,12:00:00,1318827600,27.1,24.3,30.4,6.6,71.0,0.3,0.0,Philippines
Manila,PH,2011-10-18,12:00:00,1318914000,26.8,24.2,30.5,10.5,76.0,1.1,0.0,Philippines
Manila,PH,2011-10-19,12:00:00,1319000400,26.6,24.3,29.7,7.4,80.0,3.7,0.0,Philippines
Manila,PH,2011-10-20,12:00:00,1319086800,26.3,24.5,28.7,9.7,88.0,2.0,0.0,Philippines
Manila,PH,2011-10-21,12:00:00,1319173200,26.4,23.8,29.1,5.6,69.0,2.6,0.0,Philippines
Manila,PH,2011-10-22,12:00:00,1319259600,26.7,24.2,30.0,8.2,76.0,2.9,0.0,Philippines
Manila,PH,2011-10-23,12:00:00,1319346000,26.8,24.9,29.8,13.3,80.0,0.6,0.0,Philippines
Manila,PH,2011-10-24,12:00:00,1319432400,26.7,24.5,30.1,13.7,93.0,0.2,0.0,Philippines
Manila,PH,2011-10-25,12:00:00,1319518800,26.9,24.2,30.4,14.6,80.0,0.0,0.0,Philippines
Manila,PH,2011-10-26,12:00:00,1319605200,27.0,23.8,30.6,13.8,79.0,0.0,0.0,Philippines
Manila,PH,2011-10-27,12:00:00,1319691600,26.8,24.8,29.2,19.5,74.0,0.1,0.0,Philippines
Manila,PH,2011-10-28,12:00:00,1319778000,27.0,24.0,30.6,17.7,70.0,0.0,0.0,Philippines
Manila,PH,2011-10-29,12:00:00,1319864400,27.0,24.7,30.1,18.2,70.0,0.0,0.0,Philippines
Manila,PH,2011-10-30,12:00:00,1319950800,26.5,24.6,28.7,17.4,66.0,0.4,0.0,Philippines
Manila,PH,2011-10-31,12:00:00,1320037200,26.9,24.5,29.9,19.8,71.0,0.0,0.0,Philippines
Manila,PH,2011-11-01,12:00:00,1320123600,26.8,24.6,30.0,17.5,61.0,0.1,0.0,Philippines
Manila,PH,2011-11-02,12:00:00,1320210000,26.5,25.1,29.1,18.9,76.0,4.2,0.0,Philippines
Manila,PH,2011-11-03,12:00:00,1320296400,25.8,24.5,27.8,18.2,71.0,7.8,0.0,Philippines
Manila,PH,2011-11-04,12:00:00,1320382800,25.1,24.3,25.7,13.0,74.0,20.9,0.0,Philippines
Manila,PH,2011-11-05,12:00:00,1320469200,26.0,24.5,28.4,13.6,68.0,3.0,0.0,Philippines
Manila,PH,2011-11-06,12:00:00,1320555600,25.1,24.3,26.0,8.4,243.0,14.4,0.0,Philippines
Manila,PH,2011-11-07,12:00:00,1320642000,26.1,23.9,29.3,12.9,123.0,2.4,0.0,Philippines
Manila,PH,2011-11-08,12:00:00,1320728400,26.2,24.0,29.4,7.6,135.0,2.4,0.0,Philippines
Manila,PH,2011-11-09,12:00:00,1320814800,26.2,24.1,28.6,12.9,215.0,0.5,0.0,Philippines
Manila,PH,2011-11-10,12:00:00,1320901200,26.7,24.1,29.2,10.3,212.0,0.0,0.0,Philippines
Manila,PH,2011-11-11,12:00:00,1320987600,26.9,23.9,30.3,5.1,112.0,1.8,0.0,Philippines
Manila,PH,2011-11-12,12:00:00,1321074000,27.0,24.3,30.5,13.3,82.0,0.2,0.0,Philippines
Manila,PH,2011-11-13,12:00:00,1321160400,26.7,24.1,30.2,15.6,70.0,0.0,0.0,Philippines
Manila,PH,2011-11-14,12:00:00,1321246800,26.3,24.0,28.8,22.8,72.0,1.4,0.0,Philippines
Manila,PH,2011-11-15,12:00:00,1321333200,25.3,24.6,26.7,16.2,58.0,26.6,0.0,Philippines
Manila,PH,2011-11-16,12:00:00,1321419600,26.1,24.4,28.5,19.4,97.0,4.2,0.0,Philippines
Manila,PH,2011-11-17,12:00:00,1321506000,26.4,25.0,29.2,14.2,91.0,4.8,0.0,Philippines
Manila,PH,2011-11-18,12:00:00,1321592400,26.8,24.7,29.4,20.2,91.0,0.1,0.0,Philippines
Manila,PH,2011-11-19,12:00:00,1321678800,27.0,24.3,30.2,15.5,81.0,0.0,0.0,Philippines
Manila,PH,2011-11-20,12:00:00,1321765200,26.5,23.6,30.0,19.7,76.0,0.0,0.0,Philippines
Manila,PH,2011-11-21,12:00:00,1321851600,26.7,25.3,29.5,27.7,69.0,0.5,0.0,Philippines
Manila,PH,2011-11-22,12:00:00,1321938000,25.9,25.1,27.7,23.5,69.0,2.0,0.0,Philippines
Manila,PH,2011-11-23,12:00:00,1322024400,26.2,25.0,28.1,23.7,64.0,1.3,0.0,Philippines
Manila,PH,2011-11-24,12:00:00,1322110800,26.1,24.9,28.2,28.7,67.0,0.0,0.0,Philippines
Manila,PH,2011-11-25,12:00:00,1322197200,25.7,24.6,27.6,27.1,72.0,1.0,0.0,Philippines
Manila,PH,2011-11-26,12:00:00,1322283600,25.9,24.5,28.0,24.8,67.0,0.0,0.0,Philippines
Manila,PH,2011-11-27,12:00:00,1322370000,26.4,24.6,28.9,13.9,38.0,0.7,0.0,Philippines
Manila,PH,2011-11-28,12:00:00,1322456400,26.5,23.7,29.9,14.1,103.0,0.0,0.0,Philippines
Manila,PH,2011-11-29,12:00:00,1322542800,26.9,24.2,29.8,13.0,91.0,0.0,0.0,Philippines
Manila,PH,2011-11-30,12:00:00,1322629200,26.7,24.4,29.8,14.9,83.0,1.9,0.0,Philippines
Manila,PH,2011-12-01,12:00:00,1322715600,26.2,24.4,28.9,8.4,72.0,8.6,0.0,Philippines
Manila,PH,2011-12-02,12:00:00,1322802000,26.3,24.3,28.9,7.1,108.0,1.3,0.0,Philippines
Manila,PH,2011-12-03,12:00:00,1322888400,26.1,24.0,28.5,13.9,86.0,1.7,0.0,Philippines
Manila,PH,2011-12-04,12:00:00,1322974800,25.6,24.2,28.3,14.8,56.0,4.3,0.0,Philippines
Manila,PH,2011-12-05,12:00:00,1323061200,26.0,24.1,28.6,17.7,78.0,0.1,0.0,Philippines
Manila,PH,2011-12-06,12:00:00,1323147600,26.2,24.2,29.5,22.4,69.0,14.4,0.0,Philippines
Manila,PH,2011-12-07,12:00:00,1323234000,25.6,24.0,27.6,21.5,66.0,5.5,0.0,Philippines
Manila,PH,2011-12-08,12:00:00,1323320400,25.2,24.5,26.9,11.8,54.0,6.6,0.0,Philippines
Manila,PH,2011-12-09,12:00:00,1323406800,24.6,24.1,26.1,9.3,50.0,51.0,0.0,Philippines
Manila,PH,2011-12-10,12:00:00,1323493200,24.9,23.7,26.8,8.6,67.0,13.6,0.0,Philippines
Manila,PH,2011-12-11,12:00:00,1323579600,25.8,23.6,29.0,9.2,94.0,2.4,0.0,Philippines
Manila,PH,2011-12-12,12:00:00,1323666000,26.4,23.9,29.5,12.0,87.0,0.0,0.0,Philippines
Manila,PH,2011-12-13,12:00:00,1323752400,26.6,24.1,29.7,11.9,85.0,0.0,0.0,Philippines
Manila,PH,2011-12-14,12:00:00,1323838800,26.2,24.1,28.4,12.4,78.0,0.0,0.0,Philippines
Manila,PH,2011-12-15,12:00:00,1323925200,26.2,24.5,28.5,21.1,72.0,0.0,0.0,Philippines
Manila,PH,2011-12-16,12:00:00,1324011600,26.2,24.2,28.9,21.2,58.0,0.0,0.0,Philippines
Manila,PH,2011-12-17,12:00:00,1324098000,25.1,24.1,26.9,29.7,59.0,11.3,0.0,Philippines
Manila,PH,2011-12-18,12:00:00,1324184400,24.6,24.0,25.6,20.0,58.0,9.6,0.0,Philippines
Manila,PH,2011-12-19,12:00:00,1324270800,25.4,23.8,27.9,17.7,69.0,0.1,0.0,Philippines
Manila,PH,2011-12-20,12:00:00,1324357200,25.9,23.3,28.8,21.0,75.0,0.0,0.0,Philippines
Manila,PH,2011-12-21,12:00:00,1324443600,26.1,23.8,29.3,14.5,70.0,0.2,0.0,Philippines
Manila,PH,2011-12-22,12:00:00,1324530000,26.1,23.8,29.1,9.6,85.0,0.2,0.0,Philippines
Manila,PH,2011-12-23,12:00:00,1324616400,25.9,23.5,28.9,14.9,65.0,0.1,0.0,Philippines
Manila,PH,2011-12-24,12:00:00,1324702800,25.3,24.0,27.3,18.2,58.0,1.8,0.0,Philippines
Manila,PH,2011-12-25,12:00:00,1324789200,24.4,23.4,26.1,30.1,64.0,0.2,0.0,Philippines
Manila,PH,2011-12-26,12:00:00,1324875600,24.4,23.1,26.8,33.2,63.0,0.0,0.0,Philippines
Manila,PH,2011-12-27,12:00:00,1324962000,24.4,22.9,27.0,28.0,62.0,1.2,0.0,Philippines
Manila,PH,2011-12-28,12:00:00,1325048400,24.9,22.7,28.2,15.6,58.0,4.0,0.0,Philippines
Manila,PH,2011-12-29,12:00:00,1325134800,25.5,22.9,28.1,17.2,77.0,1.8,0.0,Philippines
Manila,PH,2011-12-30,12:00:00,1325221200,25.9,23.5,29.3,17.3,81.0,0.0,0.0,Philippines
Manila,PH,2011-12-31,12:00:00,1325307600,25.5,23.0,28.6,17.8,73.0,0.0,0.0,Philippines
Manila,PH,2012-01-01,12:00:00,1325394000,25.0,21.5,28.9,13.0,68.0,0.0,0.0,Philippines
Manila,PH,2012-01-02,12:00:00,1325480400,25.1,22.2,28.7,14.2,74.0,0.0,0.0,Philippines
Manila,PH,2012-01-03,12:00:00,1325566800,25.0,22.2,28.6,17.0,77.0,0.2,0.0,Philippines
Manila,PH,2012-01-04,12:00:00,1325653200,25.3,23.7,27.5,21.7,78.0,0.2,0.0,Philippines
Manila,PH,2012-01-05,12:00:00,1325739600,25.3,23.8,27.8,27.8,73.0,0.0,0.0,Philippines
Manila,PH,2012-01-06,12:00:00,1325826000,25.6,23.5,28.7,21.9,69.0,0.0,0.0,Philippines
Manila,PH,2012-01-07,12:00:00,1325912400,25.6,24.1,28.1,21.3,66.0,0.4,0.0,Philippines
Manila,PH,2012-01-08,12:00:00,1325998800,25.1,23.9,28.1,11.8,73.0,9.0,0.0,Philippines
Manila,PH,2012-01-09,12:00:00,1326085200,25.6,23.7,28.4,22.7,75.0,0.0,0.0,Philippines
Manila,PH,2012-01-10,12:00:00,1326171600,25.7,24.3,28.1,22.7,74.0,0.5,0.0,Philippines
Manila,PH,2012-01-11,12:00:00,1326258000,25.7,24.1,28.3,25.9,75.0,0.0,0.0,Philippines
Manila,PH,2012-01-12,12:00:00,1326344400,25.5,23.6,28.4,28.9,75.0,0.0,0.0,Philippines
Manila,PH,2012-01-13,12:00:00,1326430800,25.5,23.8,27.9,21.9,75.0,0.0,0.0,Philippines
Manila,PH,2012-01-14,12:00:00,1326517200,25.6,23.5,28.5,20.9,87.0,0.0,0.0,Philippines
Manila,PH,2012-01-15,12:00:00,1326603600,25.7,22.6,29.3,12.2,91.0,0.0,0.0,Philippines
Manila,PH,2012-01-16,12:00:00,1326690000,25.4,23.3,27.6,5.3,46.0,1.1,0.0,Philippines
Manila,PH,2012-01-17,12:00:00,1326776400,25.8,23.6,28.9,18.9,78.0,0.0,0.0,Philippines
Manila,PH,2012-01-18,12:00:00,1326862800,26.0,23.5,29.1,9.3,93.0,0.6,0.0,Philippines
Manila,PH,2012-01-19,12:00:00,1326949200,26.2,23.5,29.0,6.3,74.0,1.3,0.0,Philippines
Manila,PH,2012-01-20,12:00:00,1327035600,26.2,23.4,29.5,13.3,80.0,0.1,0.0,Philippines
Manila,PH,2012-01-21,12:00:00,1327122000,25.8,23.8,29.1,21.7,72.0,0.0,0.0,Philippines
Manila,PH,2012-01-22,12:00:00,1327208400,25.6,22.7,28.9,16.9,76.0,0.0,0.0,Philippines
Manila,PH,2012-01-23,12:00:00,1327294800,25.2,22.8,28.2,22.7,70.0,0.0,0.0,Philippines
Manila,PH,2012-01-24,12:00:00,1327381200,25.6,23.4,28.9,23.1,71.0,0.0,0.0,Philippines
Manila,PH,2012-01-25,12:00:00,1327467600,25.1,21.4,29.1,18.7,67.0,0.0,0.0,Philippines
Manila,PH,2012-01-26,12:00:00,1327554000,24.9,23.4,27.6,31.6,71.0,0.0,0.0,Philippines
Manila,PH,2012-01-27,12:00:00,1327640400,25.5,23.6,28.2,30.0,80.0,0.0,0.0,Philippines
Manila,PH,2012-01-28,12:00:00,1327726800,25.9,23.9,28.5,17.3,83.0,0.7,0.0,Philippines
Manila,PH,2012-01-29,12:00:00,1327813200,26.0,23.4,29.7,9.8,68.0,1.3,0.0,Philippines
Manila,PH,2012-01-30,12:00:00,1327899600,26.2,23.7,29.4,18.9,88.0,0.1,0.0,Philippines
Manila,PH,2012-01-31,12:00:00,1327986000,26.1,23.4,30.0,11.2,87.0,2.2,0.0,Philippines
Manila,PH,2012-02-01,12:00:00,1328072400,25.5,24.0,28.3,22.4,72.0,0.0,0.0,Philippines
Manila,PH,2012-02-02,12:00:00,1328158800,25.5,23.5,27.9,16.0,81.0,0.5,0.0,Philippines
Manila,PH,2012-02-03,12:00:00,1328245200,24.8,23.3,26.8,24.6,83.0,0.0,0.0,Philippines
Manila,PH,2012-02-04,12:00:00,1328331600,24.6,22.5,27.4,24.4,84.0,0.0,0.0,Philippines
Manila,PH,2012-02-05,12:00:00,1328418000,25.2,23.1,28.7,24.0,81.0,0.0,0.0,Philippines
Manila,PH,2012-02-06,12:00:00,1328504400,25.1,21.7,29.0,18.7,94.0,0.0,0.0,Philippines
Manila,PH,2012-02-07,12:00:00,1328590800,25.7,21.6,30.0,9.2,86.0,0.0,0.0,Philippines
Manila,PH,2012-02-08,12:00:00,1328677200,25.8,22.6,29.2,22.5,73.0,0.0,0.0,Philippines
Manila,PH,2012-02-09,12:00:00,1328763600,25.5,23.6,28.5,26.2,77.0,0.0,0.0,Philippines
Manila,PH,2012-02-10,12:00:00,1328850000,25.9,24.0,28.5,24.1,76.0,0.0,0.0,Philippines
Manila,PH,2012-02-11,12:00:00,1328936400,25.6,23.6,28.7,24.6,71.0,0.0,0.0,Philippines
Manila,PH,2012-02-12,12:00:00,1329022800,24.1,23.4,24.9,19.6,67.0,25.9,0.0,Philippines
Manila,PH,2012-02-13,12:00:00,1329109200,25.0,23.6,27.3,15.1,74.0,10.8,0.0,Philippines
Manila,PH,2012-02-14,12:00:00,1329195600,25.6,24.0,28.3,20.6,83.0,1.6,0.0,Philippines
Manila,PH,2012-02-15,12:00:00,1329282000,26.1,23.3,30.0,13.7,89.0,0.0,0.0,Philippines
Manila,PH,2012-02-16,12:00:00,1329368400,25.5,23.6,28.3,14.1,74.0,5.2,0.0,Philippines
Manila,PH,2012-02-17,12:00:00,1329454800,25.8,24.2,28.2,16.8,81.0,2.4,0.0,Philippines
Manila,PH,2012-02-18,12:00:00,1329541200,25.8,24.1,28.1,20.8,81.0,0.1,0.0,Philippines
Manila,PH,2012-02-19,12:00:00,1329627600,25.7,24.1,28.1,25.5,68.0,0.0,0.0,Philippines
Manila,PH,2012-02-20,12:00:00,1329714000,24.1,23.3,25.5,19.4,52.0,2.6,0.0,Philippines
Manila,PH,2012-02-21,12:00:00,1329800400,26.3,23.3,30.0,11.5,85.0,0.0,0.0,Philippines
Manila,PH,2012-02-22,12:00:00,1329886800,26.6,24.0,30.4,12.7,92.0,0.3,0.0,Philippines
Manila,PH,2012-02-23,12:00:00,1329973200,27.1,24.4,31.2,15.2,99.0,0.0,0.0,Philippines
Manila,PH,2012-02-24,12:00:00,1330059600,26.2,22.9,30.6,16.1,96.0,0.0,0.0,Philippines
Manila,PH,2012-02-25,12:00:00,1330146000,26.5,23.0,30.3,9.9,85.0,0.2,0.0,Philippines
Manila,PH,2012-02-26,12:00:00,1330232400,27.0,24.3,30.2,14.2,81.0,0.2,0.0,Philippines
Manila,PH,2012-02-27,12:00:00,1330318800,26.4,25.0,29.2,18.3,75.0,0.0,0.0,Philippines
Manila,PH,2012-02-28,12:00:00,1330405200,26.9,24.2,30.3,14.4,88.0,0.0,0.0,Philippines
Manila,PH,2012-02-29,12:00:00,1330491600,27.3,24.5,31.0,22.3,83.0,0.0,0.0,Philippines
Manila,PH,2012-03-01,12:00:00,1330578000,27.1,24.1,30.9,22.8,79.0,0.0,0.0,Philippines
Manila,PH,2012-03-02,12:00:00,1330664400,27.2,25.0,30.9,24.9,79.0,0.0,0.0,Philippines
Manila,PH,2012-03-03,12:00:00,1330750800,27.1,24.6,30.7,26.3,79.0,0.0,0.0,Philippines
Manila,PH,2012-03-04,12:00:00,1330837200,26.6,24.2,30.0,26.4,85.0,0.0,0.0,Philippines
Manila,PH,2012-03-05,12:00:00,1330923600,26.4,22.4,30.9,20.9,85.0,0.0,0.0,Philippines
Manila,PH,2012-03-06,12:00:00,1331010000,27.2,24.0,30.7,18.1,89.0,0.0,0.0,Philippines
Manila,PH,2012-03-07,12:00:00,1331096400,27.8,24.9,32.0,14.0,99.0,0.0,0.0,Philippines
Manila,PH,2012-03-08,12:00:00,1331182800,27.8,25.2,31.8,18.4,95.0,0.0,0.0,Philippines
Manila,PH,2012-03-09,12:00:00,1331269200,26.8,22.7,31.2,17.4,92.0,0.0,0.0,Philippines
Manila,PH,2012-03-10,12:00:00,1331355600,26.4,21.6,31.8,22.1,83.0,0.0,0.0,Philippines
Manila,PH,2012-03-11,12:00:00,1331442000,27.1,24.4,31.1,21.6,74.0,0.0,0.0,Philippines
Manila,PH,2012-03-12,12:00:00,1331528400,26.6,24.9,29.6,22.0,79.0,0.0,0.0,Philippines
Manila,PH,2012-03-13,12:00:00,1331614800,26.1,25.0,28.3,15.1,69.0,0.7,0.0,Philippines
Manila,PH,2012-03-14,12:00:00,1331701200,25.8,25.1,27.4,14.4,83.0,0.6,0.0,Philippines
Manila,PH,2012-03-15,12:00:00,1331787600,26.5,24.7,29.3,23.8,85.0,0.0,0.0,Philippines
Manila,PH,2012-03-16,12:00:00,1331874000,27.0,23.9,31.2,21.3,89.0,0.0,0.0,Philippines
Manila,PH,2012-03-17,12:00:00,1331960400,26.8,24.1,30.6,20.3,84.0,0.0,0.0,Philippines
Manila,PH,2012-03-18,12:00:00,1332046800,26.6,23.3,30.1,19.3,81.0,0.0,0.0,Philippines
Manila,PH,2012-03-19,12:00:00,1332133200,25.6,22.2,28.7,17.0,81.0,1.2,0.0,Philippines
Manila,PH,2012-03-20,12:00:00,1332219600,26.1,24.2,28.4,13.1,79.0,0.0,0.0,Philippines
Manila,PH,2012-03-21,12:00:00,1332306000,26.5,23.9,29.8,23.0,81.0,0.0,0.0,Philippines
Manila,PH,2012-03-22,12:00:00,1332392400,26.0,24.9,28.7,18.5,65.0,4.2,0.0,Philippines
Manila,PH,2012-03-23,12:00:00,1332478800,27.0,24.6,30.5,13.7,90.0,2.0,0.0,Philippines
Manila,PH,2012-03-24,12:00:00,1332565200,26.8,24.3,30.2,10.0,97.0,5.9,0.0,Philippines
Manila,PH,2012-03-25,12:00:00,1332651600,26.3,24.5,29.1,17.5,72.0,0.0,0.0,Philippines
Manila,PH,2012-03-26,12:00:00,1332738000,24.3,23.3,25.1,20.1,67.0,22.8,0.0,Philippines
Manila,PH,2012-03-27,12:00:00,1332824400,24.6,23.4,26.5,26.8,62.0,5.4,0.0,Philippines
Manila,PH,2012-03-28,12:00:00,1332910800,24.9,23.2,27.5,32.6,66.0,0.5,0.0,Philippines
Manila,PH,2012-03-29,12:00:00,1332997200,24.3,23.5,25.2,13.4,74.0,15.6,0.0,Philippines
Manila,PH,2012-03-30,12:00:00,1333083600,25.7,23.6,29.1,12.7,72.0,2.2,0.0,Philippines
Manila,PH,2012-03-31,12:00:00,1333170000,25.5,23.7,28.3,13.8,68.0,11.9,0.0,Philippines
Manila,PH,2012-04-01,12:00:00,1333256400,26.2,24.4,28.6,22.1,86.0,0.5,0.0,Philippines
Manila,PH,2012-04-02,12:00:00,1333342800,26.7,24.6,29.3,23.1,91.0,0.0,0.0,Philippines
Manila,PH,2012-04-03,12:00:00,1333429200,27.4,23.9,31.3,11.2,85.0,0.0,0.0,Philippines
Manila,PH,2012-04-04,12:00:00,1333515600,27.3,24.8,30.4,13.4,96.0,0.1,0.0,Philippines
Manila,PH,2012-04-05,12:00:00,1333602000,27.2,23.8,30.8,9.9,100.0,0.4,0.0,Philippines
Manila,PH,2012-04-06,12:00:00,1333688400,27.3,24.6,30.8,8.8,84.0,1.5,0.0,Philippines
Manila,PH,2012-04-07,12:00:00,1333774800,27.3,24.8,30.6,18.4,91.0,0.0,0.0,Philippines
Manila,PH,2012-04-08,12:00:00,1333861200,27.3,25.0,30.6,18.0,86.0,0.0,0.0,Philippines
Manila,PH,2012-04-09,12:00:00,1333947600,27.3,25.0,30.4,21.5,82.0,0.0,0.0,Philippines
Manila,PH,2012-04-10,12:00:00,1334034000,27.5,25.0,31.0,22.2,77.0,0.0,0.0,Philippines
Manila,PH,2012-04-11,12:00:00,1334120400,27.9,24.7,31.2,13.7,88.0,0.0,0.0,Philippines
Manila,PH,2012-04-12,12:00:00,1334206800,28.2,24.9,31.6,15.3,97.0,0.0,0.0,Philippines
Manila,PH,2012-04-13,12:00:00,1334293200,28.5,25.8,31.6,15.3,98.0,0.3,0.0,Philippines
Manila,PH,2012-04-14,12:00:00,1334379600,28.1,24.7,31.9,18.1,96.0,0.0,0.0,Philippines
Manila,PH,2012-04-15,12:00:00,1334466000,27.7,22.8,32.2,12.0,103.0,0.0,0.0,Philippines
Manila,PH,2012-04-16,12:00:00,1334552400,28.9,24.4,33.0,9.8,105.0,0.0,0.0,Philippines
Manila,PH,2012-04-17,12:00:00,1334638800,28.7,24.4,32.9,13.0,106.0,0.0,0.0,Philippines
Manila,PH,2012-04-18,12:00:00,1334725200,28.3,24.6,32.6,16.6,105.0,0.0,0.0,Philippines
Manila,PH,2012-04-19,12:00:00,1334811600,28.1,23.9,32.5,14.5,100.0,0.0,0.0,Philippines
Manila,PH,2012-04-20,12:00:00,1334898000,28.6,24.2,33.0,15.2,102.0,0.0,0.0,Philippines
Manila,PH,2012-04-21,12:00:00,1334984400,28.4,25.5,32.1,13.5,116.0,1.7,0.0,Philippines
Manila,PH,2012-04-22,12:00:00,1335070800,28.5,25.4,32.5,14.6,93.0,1.3,0.0,Philippines
Manila,PH,2012-04-23,12:00:00,1335157200,28.4,26.5,31.2,19.5,96.0,0.0,0.0,Philippines
Manila,PH,2012-04-24,12:00:00,1335243600,29.6,26.6,33.4,17.2,98.0,0.0,0.0,Philippines
Manila,PH,2012-04-25,12:00:00,1335330000,29.6,26.4,33.5,13.2,127.0,0.6,0.0,Philippines
Manila,PH,2012-04-26,12:00:00,1335416400,29.2,26.0,32.6,7.0,253.0,0.7,0.0,Philippines
Manila,PH,2012-04-27,12:00:00,1335502800,29.0,25.6,32.5,11.2,119.0,0.2,0.0,Philippines
Manila,PH,2012-04-28,12:00:00,1335589200,29.3,26.0,33.4,15.0,121.0,0.3,0.0,Philippines
Manila,PH,2012-04-29,12:00:00,1335675600,29.8,26.7,33.9,19.2,107.0,0.3,0.0,Philippines
Manila,PH,2012-04-30,12:00:00,1335762000,29.7,26.5,33.5,14.1,105.0,0.3,0.0,Philippines
Manila,PH,2012-05-01,12:00:00,1335848400,28.5,25.9,33.1,14.2,105.0,7.0,0.0,Philippines
Manila,PH,2012-05-02,12:00:00,1335934800,28.0,25.7,31.9,8.8,146.0,8.5,0.0,Philippines
Manila,PH,2012-05-03,12:00:00,1336021200,28.0,25.5,31.0,15.2,249.0,1.2,0.0,Philippines
Manila,PH,2012-05-04,12:00:00,1336107600,27.7,25.7,31.3,12.4,157.0,6.9,0.0,Philippines
Manila,PH,2012-05-05,12:00:00,1336194000,27.9,25.1,31.3,11.8,257.0,3.7,0.0,Philippines
Manila,PH,2012-05-06,12:00:00,1336280400,28.2,25.5,31.4,6.8,144.0,0.7,0.0,Philippines
Manila,PH,2012-05-07,12:00:00,1336366800,28.3,25.6,31.6,7.9,115.0,0.7,0.0,Philippines
Manila,PH,2012-05-08,12:00:00,1336453200,28.5,25.7,31.4,8.8,170.0,0.2,0.0,Philippines
Manila,PH,2012-05-09,12:00:00,1336539600,28.5,25.7,31.6,10.8,260.0,0.7,0.0,Philippines
Manila,PH,2012-05-10,12:00:00,1336626000,28.7,25.9,32.6,9.5,281.0,5.6,0.0,Philippines
Manila,PH,2012-05-11,12:00:00,1336712400,27.7,25.7,31.3,9.0,151.0,2.0,0.0,Philippines
Manila,PH,2012-05-12,12:00:00,1336798800,27.9,25.4,30.9,10.4,107.0,3.1,0.0,Philippines
Manila,PH,2012-05-13,12:00:00,1336885200,27.7,25.4,30.9,14.2,122.0,4.0,0.0,Philippines
Manila,PH,2012-05-14,12:00:00,1336971600,27.8,25.4,31.3,13.7,128.0,2.4,0.0,Philippines
Manila,PH,2012-05-15,12:00:00,1337058000,27.8,25.0,31.1,10.7,136.0,3.8,0.0,Philippines
Manila,PH,2012-05-16,12:00:00,1337144400,27.9,25.3,30.5,7.7,194.0,2.2,0.0,Philippines
Manila,PH,2012-05-17,12:00:00,1337230800,28.5,25.9,31.6,5.9,156.0,3.9,0.0,Philippines
Manila,PH,2012-05-18,12:00:00,1337317200,28.2,25.5,31.0,8.4,124.0,4.6,0.0,Philippines
Manila,PH,2012-05-19,12:00:00,1337403600,28.0,25.4,31.9,9.7,105.0,8.6,0.0,Philippines
Manila,PH,2012-05-20,12:00:00,1337490000,27.4,25.3,30.4,8.2,205.0,8.4,0.0,Philippines
Manila,PH,2012-05-21,12:00:00,1337576400,27.1,25.3,30.0,14.4,272.0,2.1,0.0,Philippines
Manila,PH,2012-05-22,12:00:00,1337662800,27.0,25.1,29.2,16.4,264.0,2.7,0.0,Philippines
Manila,PH,2012-05-23,12:00:00,1337749200,27.2,25.1,29.9,14.6,239.0,2.8,0.0,Philippines
Manila,PH,2012-05-24,12:00:00,1337835600,27.6,25.2,30.1,11.6,237.0,3.3,0.0,Philippines
Manila,PH,2012-05-25,12:00:00,1337922000,27.3,25.0,29.9,17.0,245.0,3.2,0.0,Philippines
Manila,PH,2012-05-26,12:00:00,1338008400,27.7,25.4,30.2,16.5,256.0,0.5,0.0,Philippines
Manila,PH,2012-05-27,12:00:00,1338094800,28.2,25.8,31.1,7.9,271.0,2.5,0.0,Philippines
Manila,PH,2012-05-28,12:00:00,1338181200,27.7,25.1,31.1,6.5,321.0,4.5,0.0,Philippines
Manila,PH,2012-05-29,12:00:00,1338267600,27.8,25.3,30.5,9.4,330.0,3.2,0.0,Philippines
Manila,PH,2012-05-30,12:00:00,1338354000,27.5,25.7,31.1,5.5,343.0,10.4,0.0,Philippines
Manila,PH,2012-05-31,12:00:00,1338440400,27.4,25.5,30.1,8.3,261.0,10.0,0.0,Philippines
Manila,PH,2012-06-01,12:00:00,1338526800,27.1,25.2,30.0,13.2,248.0,6.7,0.0,Philippines
Manila,PH,2012-06-02,12:00:00,1338613200,26.2,25.4,27.5,33.1,250.0,27.2,0.0,Philippines
Manila,PH,2012-06-03,12:00:00,1338699600,26.2,25.2,27.5,25.6,250.0,11.3,0.0,Philippines
Manila,PH,2012-06-04,12:00:00,1338786000,26.7,25.4,28.3,20.6,243.0,4.7,0.0,Philippines
Manila,PH,2012-06-05,12:00:00,1338872400,27.1,25.5,28.8,17.2,233.0,2.7,0.0,Philippines
Manila,PH,2012-06-06,12:00:00,1338958800,27.4,25.5,29.5,18.4,225.0,3.3,0.0,Philippines
Manila,PH,2012-06-07,12:00:00,1339045200,26.8,25.4,29.6,19.5,232.0,9.5,0.0,Philippines
Manila,PH,2012-06-08,12:00:00,1339131600,26.7,25.3,28.7,17.5,262.0,8.1,0.0,Philippines
Manila,PH,2012-06-09,12:00:00,1339218000,27.8,25.2,30.6,16.2,259.0,0.0,0.0,Philippines
Manila,PH,2012-06-10,12:00:00,1339304400,27.6,26.1,29.4,24.1,254.0,1.7,0.0,Philippines
Manila,PH,2012-06-11,12:00:00,1339390800,27.3,25.6,29.7,24.4,246.0,2.7,0.0,Philippines
Manila,PH,2012-06-12,12:00:00,1339477200,26.9,25.5,28.9,25.0,244.0,4.3,0.0,Philippines
Manila,PH,2012-06-13,12:00:00,1339563600,26.6,25.1,29.3,24.5,241.0,7.3,0.0,Philippines
Manila,PH,2012-06-14,12:00:00,1339650000,26.3,24.7,28.4,19.3,237.0,9.5,0.0,Philippines
Manila,PH,2012-06-15,12:00:00,1339736400,26.1,24.9,28.0,23.7,226.0,10.8,0.0,Philippines
Manila,PH,2012-06-16,12:00:00,1339822800,26.3,24.6,29.2,23.1,239.0,12.8,0.0,Philippines
Manila,PH,2012-06-17,12:00:00,1339909200,25.2,24.8,25.8,23.2,241.0,25.1,0.0,Philippines
Manila,PH,2012-06-18,12:00:00,1339995600,26.5,24.7,29.4,23.9,230.0,5.2,0.0,Philippines
Manila,PH,2012-06-19,12:00:00,1340082000,28.0,25.8,30.8,26.3,209.0,0.0,0.0,Philippines
Manila,PH,2012-06-20,12:00:00,1340168400,27.6,25.9,29.7,25.0,219.0,2.9,0.0,Philippines
Manila,PH,2012-06-21,12:00:00,1340254800,27.3,25.2,30.2,16.8,240.0,1.6,0.0,Philippines
Manila,PH,2012-06-22,12:00:00,1340341200,26.8,24.8,29.3,15.6,248.0,1.6,0.0,Philippines
Manila,PH,2012-06-23,12:00:00,1340427600,27.4,24.5,30.2,13.0,261.0,0.7,0.0,Philippines
Manila,PH,2012-06-24,12:00:00,1340514000,27.3,25.6,29.7,17.8,264.0,6.7,0.0,Philippines
Manila,PH,2012-06-25,12:00:00,1340600400,26.5,24.5,28.5,14.5,262.0,3.1,0.0,Philippines
Manila,PH,2012-06-26,12:00:00,1340686800,26.5,24.4,29.2,12.9,248.0,3.7,0.0,Philippines
Manila,PH,2012-06-27,12:00:00,1340773200,26.3,24.4,28.8,17.3,262.0,6.9,0.0,Philippines
Manila,PH,2012-06-28,12:00:00,1340859600,25.1,24.4,26.2,24.7,241.0,27.5,0.0,Philippines
Manila,PH,2012-06-29,12:00:00,1340946000,24.9,24.2,25.8,15.5,207.0,26.3,0.0,Philippines
Manila,PH,2012-06-30,12:00:00,1341032400,25.9,24.1,28.4,5.9,143.0,4.3,0.0,Philippines
Manila,PH,2012-07-01,12:00:00,1341118800,27.3,24.3,30.7,6.6,59.0,0.4,0.0,Philippines
Manila,PH,2012-07-02,12:00:00,1341205200,26.4,24.4,28.7,6.9,8.0,20.2,0.0,Philippines
Manila,PH,2012-07-03,12:00:00,1341291600,25.1,24.5,25.8,12.6,278.0,40.8,0.0,Philippines
Manila,PH,2012-07-04,12:00:00,1341378000,25.5,24.4,28.1,14.3,229.0,12.0,0.0,Philippines
Manila,PH,2012-07-05,12:00:00,1341464400,26.5,24.5,29.8,10.9,170.0,6.8,0.0,Philippines
Manila,PH,2012-07-06,12:00:00,1341550800,26.5,24.4,30.0,6.9,267.0,11.8,0.0,Philippines
Manila,PH,2012-07-07,12:00:00,1341637200,26.7,24.4,29.4,17.1,97.0,2.0,0.0,Philippines
Manila,PH,2012-07-08,12:00:00,1341723600,27.2,24.7,29.9,12.8,103.0,6.4,0.0,Philippines
Manila,PH,2012-07-09,12:00:00,1341810000,27.3,24.9,30.3,8.7,110.0,5.6,0.0,Philippines
Manila,PH,2012-07-10,12:00:00,1341896400,26.8,25.0,29.4,10.5,157.0,7.4,0.0,Philippines
Manila,PH,2012-07-11,12:00:00,1341982800,27.0,24.7,29.4,11.4,238.0,1.8,0.0,Philippines
Manila,PH,2012-07-12,12:00:00,1342069200,27.0,25.0,29.5,12.0,265.0,5.5,0.0,Philippines
Manila,PH,2012-07-13,12:00:00,1342155600,27.2,24.8,30.0,12.4,274.0,3.2,0.0,Philippines
Manila,PH,2012-07-14,12:00:00,1342242000,27.4,24.8,30.4,4.4,80.0,5.8,0.0,Philippines
Manila,PH,2012-07-15,12:00:00,1342328400,27.7,25.5,29.9,6.2,149.0,2.0,0.0,Philippines
Manila,PH,2012-07-16,12:00:00,1342414800,27.3,25.5,30.0,11.7,225.0,4.5,0.0,Philippines
Manila,PH,2012-07-17,12:00:00,1342501200,27.3,25.1,30.0,17.1,266.0,4.6,0.0,Philippines
Manila,PH,2012-07-18,12:00:00,1342587600,26.8,25.1,28.9,17.0,268.0,11.3,0.0,Philippines
Manila,PH,2012-07-19,12:00:00,1342674000,26.5,24.8,29.3,19.6,271.0,7.7,0.0,Philippines
Manila,PH,2012-07-20,12:00:00,1342760400,25.3,24.7,26.3,21.9,248.0,40.0,0.0,Philippines
Manila,PH,2012-07-21,12:00:00,1342846800,24.8,24.3,25.6,25.5,235.0,51.1,0.0,Philippines
Manila,PH,2012-07-22,12:00:00,1342933200,25.3,24.5,26.6,25.5,218.0,11.8,0.0,Philippines
Manila,PH,2012-07-23,12:00:00,1343019600,26.2,24.7,28.6,21.7,218.0,3.8,0.0,Philippines
Manila,PH,2012-07-24,12:00:00,1343106000,26.3,24.8,28.3,17.6,231.0,2.9,0.0,Philippines
Manila,PH,2012-07-25,12:00:00,1343192400,25.9,24.7,27.9,15.3,248.0,6.9,0.0,Philippines
Manila,PH,2012-07-26,12:00:00,1343278800,26.2,24.6,28.0,15.7,258.0,2.8,0.0,Philippines
Manila,PH,2012-07-27,12:00:00,1343365200,25.9,24.3,27.7,20.1,254.0,5.6,0.0,Philippines
Manila,PH,2012-07-28,12:00:00,1343451600,25.4,24.1,27.3,15.0,264.0,19.3,0.0,Philippines
Manila,PH,2012-07-29,12:00:00,1343538000,24.9,24.3,25.5,22.1,236.0,57.2,0.0,Philippines
Manila,PH,2012-07-30,12:00:00,1343624400,25.2,24.6,26.0,34.3,258.0,40.4,0.0,Philippines
Manila,PH,2012-07-31,12:00:00,1343710800,25.8,24.7,27.0,36.2,256.0,11.0,0.0,Philippines
Manila,PH,2012-08-01,12:00:00,1343797200,25.8,24.8,26.8,39.1,244.0,16.2,0.0,Philippines
Manila,PH,2012-08-02,12:00:00,1343883600,25.9,24.8,27.6,38.7,238.0,12.0,0.0,Philippines
Manila,PH,2012-08-03,12:00:00,1343970000,25.9,24.7,28.2,29.6,235.0,9.9,0.0,Philippines
Manila,PH,2012-08-04,12:00:00,1344056400,25.5,24.7,26.8,27.7,241.0,8.9,0.0,Philippines
Manila,PH,2012-08-05,12:00:00,1344142800,25.6,24.5,27.5,22.9,237.0,11.2,0.0,Philippines
Manila,PH,2012-08-06,12:00:00,1344229200,25.2,24.4,26.8,22.8,237.0,25.7,0.0,Philippines
Manila,PH,2012-08-07,12:00:00,1344315600,25.4,24.5,26.9,26.4,237.0,26.4,0.0,Philippines
Manila,PH,2012-08-08,12:00:00,1344402000,25.5,24.6,27.2,28.9,238.0,11.3,0.0,Philippines
Manila,PH,2012-08-09,12:00:00,1344488400,26.2,24.8,28.6,24.6,244.0,6.7,0.0,Philippines
Manila,PH,2012-08-10,12:00:00,1344574800,26.0,24.7,27.5,18.2,248.0,5.3,0.0,Philippines
Manila,PH,2012-08-11,12:00:00,1344661200,26.7,24.3,29.5,18.9,258.0,1.4,0.0,Philippines
Manila,PH,2012-08-12,12:00:00,1344747600,26.4,24.4,29.1,15.6,260.0,4.2,0.0,Philippines
Manila,PH,2012-08-13,12:00:00,1344834000,25.6,24.6,26.9,18.8,264.0,6.5,0.0,Philippines
Manila,PH,2012-08-14,12:00:00,1344920400,24.8,24.4,25.4,31.9,256.0,62.6,0.0,Philippines
Manila,PH,2012-08-15,12:00:00,1345006800,25.2,24.9,25.7,27.7,239.0,65.8,0.0,Philippines
Manila,PH,2012-08-16,12:00:00,1345093200,25.6,24.5,27.8,15.7,217.0,19.9,0.0,Philippines
Manila,PH,2012-08-17,12:00:00,1345179600,27.2,24.2,29.9,13.4,248.0,1.2,0.0,Philippines
Manila,PH,2012-08-18,12:00:00,1345266000,27.3,25.4,29.5,11.9,277.0,0.3,0.0,Philippines
Manila,PH,2012-08-19,12:00:00,1345352400,25.4,24.6,26.2,19.1,272.0,12.1,0.0,Philippines
Manila,PH,2012-08-20,12:00:00,1345438800,25.5,24.2,27.5,23.5,255.0,8.1,0.0,Philippines
Manila,PH,2012-08-21,12:00:00,1345525200,25.8,24.2,27.8,20.6,245.0,8.1,0.0,Philippines
Manila,PH,2012-08-22,12:00:00,1345611600,26.2,24.7,28.3,20.7,252.0,4.1,0.0,Philippines
Manila,PH,2012-08-23,12:00:00,1345698000,26.1,24.7,28.4,24.3,244.0,2.7,0.0,Philippines
Manila,PH,2012-08-24,12:00:00,1345784400,25.8,24.4,28.3,21.3,249.0,8.0,0.0,Philippines
Manila,PH,2012-08-25,12:00:00,1345870800,25.9,24.6,27.6,24.7,249.0,9.7,0.0,Philippines
Manila,PH,2012-08-26,12:00:00,1345957200,26.0,24.7,28.2,27.1,238.0,6.8,0.0,Philippines
Manila,PH,2012-08-27,12:00:00,1346043600,26.3,24.8,28.6,27.2,231.0,4.6,0.0,Philippines
Manila,PH,2012-08-28,12:00:00,1346130000,26.4,25.0,28.8,18.7,245.0,7.9,0.0,Philippines
Manila,PH,2012-08-29,12:00:00,1346216400,26.3,24.5,28.9,13.8,257.0,11.0,0.0,Philippines
Manila,PH,2012-08-30,12:00:00,1346302800,26.7,24.6,29.1,11.6,263.0,3.6,0.0,Philippines
Manila,PH,2012-08-31,12:00:00,1346389200,26.0,24.2,28.9,15.2,230.0,4.2,0.0,Philippines
Manila,PH,2012-09-01,12:00:00,1346475600,25.6,24.0,28.4,13.0,136.0,10.0,0.0,Philippines
Manila,PH,2012-09-02,12:00:00,1346562000,25.0,24.2,26.9,11.1,214.0,23.0,0.0,Philippines
Manila,PH,2012-09-03,12:00:00,1346648400,25.5,23.8,28.0,11.8,191.0,12.7,0.0,Philippines
Manila,PH,2012-09-04,12:00:00,1346734800,25.9,23.9,28.5,8.7,221.0,14.6,0.0,Philippines
Manila,PH,2012-09-05,12:00:00,1346821200,25.8,24.3,27.9,10.2,330.0,13.2,0.0,Philippines
Manila,PH,2012-09-06,12:00:00,1346907600,26.8,24.4,29.7,5.2,344.0,3.4,0.0,Philippines
Manila,PH,2012-09-07,12:00:00,1346994000,26.8,24.7,30.0,9.8,19.0,7.8,0.0,Philippines
Manila,PH,2012-09-08,12:00:00,1347080400,27.5,24.8,30.9,12.1,83.0,0.4,0.0,Philippines
Manila,PH,2012-09-09,12:00:00,1347166800,27.1,24.9,29.9,13.0,97.0,3.0,0.0,Philippines
Manila,PH,2012-09-10,12:00:00,1347253200,26.4,24.7,29.3,9.5,125.0,7.9,0.0,Philippines
Manila,PH,2012-09-11,12:00:00,1347339600,25.9,24.4,27.6,10.3,226.0,3.6,0.0,Philippines
Manila,PH,2012-09-12,12:00:00,1347426000,25.6,23.9,27.5,12.7,237.0,12.7,0.0,Philippines
Manila,PH,2012-09-13,12:00:00,1347512400,25.8,23.8,28.7,13.2,194.0,4.2,0.0,Philippines
Manila,PH,2012-09-14,12:00:00,1347598800,24.8,23.6,25.7,8.9,140.0,37.2,0.0,Philippines
Manila,PH,2012-09-15,12:00:00,1347685200,25.2,24.3,26.6,13.0,184.0,22.3,0.0,Philippines
Manila,PH,2012-09-16,12:00:00,1347771600,25.9,24.7,27.3,17.4,239.0,11.5,0.0,Philippines
Manila,PH,2012-09-17,12:00:00,1347858000,26.6,24.4,29.3,8.5,260.0,2.9,0.0,Philippines
Manila,PH,2012-09-18,12:00:00,1347944400,25.9,24.7,28.4,5.8,135.0,16.8,0.0,Philippines
Manila,PH,2012-09-19,12:00:00,1348030800,26.2,24.6,29.0,7.4,127.0,23.7,0.0,Philippines
Manila,PH,2012-09-20,12:00:00,1348117200,25.5,24.3,27.6,6.6,135.0,15.2,0.0,Philippines
Manila,PH,2012-09-21,12:00:00,1348203600,26.0,24.4,27.9,7.7,62.0,5.5,0.0,Philippines
Manila,PH,2012-09-22,12:00:00,1348290000,26.4,24.3,29.1,7.1,306.0,5.7,0.0,Philippines
Manila,PH,2012-09-23,12:00:00,1348376400,26.5,23.8,29.7,8.0,286.0,4.7,0.0,Philippines
Manila,PH,2012-09-24,12:00:00,1348462800,26.8,24.3,29.7,11.4,266.0,0.6,0.0,Philippines
Manila,PH,2012-09-25,12:00:00,1348549200,27.0,25.1,29.6,18.9,254.0,1.0,0.0,Philippines
Manila,PH,2012-09-26,12:00:00,1348635600,26.9,25.6,29.1,21.7,242.0,3.4,0.0,Philippines
Manila,PH,2012-09-27,12:00:00,1348722000,26.9,25.5,29.1,27.9,239.0,2.6,0.0,Philippines
Manila,PH,2012-09-28,12:00:00,1348808400,26.1,25.1,27.6,22.1,243.0,4.1,0.0,Philippines
Manila,PH,2012-09-29,12:00:00,1348894800,26.0,24.5,28.0,18.9,254.0,13.6,0.0,Philippines
Manila,PH,2012-09-30,12:00:00,1348981200,25.8,24.3,28.5,10.3,258.0,16.8,0.0,Philippines
Manila,PH,2012-10-01,12:00:00,1349067600,25.8,24.3,28.0,7.9,250.0,9.4,0.0,Philippines
Manila,PH,2012-10-02,12:00:00,1349154000,25.1,24.1,27.1,15.0,204.0,18.9,0.0,Philippines
Manila,PH,2012-10-03,12:00:00,1349240400,24.8,24.1,25.8,14.8,161.0,31.2,0.0,Philippines
Manila,PH,2012-10-04,12:00:00,1349326800,26.2,24.3,29.4,15.8,147.0,0.2,0.0,Philippines
Manila,PH,2012-10-05,12:00:00,1349413200,25.3,24.1,27.3,13.2,81.0,10.2,0.0,Philippines
Manila,PH,2012-10-06,12:00:00,1349499600,26.0,24.2,29.2,8.0,99.0,1.3,0.0,Philippines
Manila,PH,2012-10-07,12:00:00,1349586000,26.1,24.0,28.7,5.5,224.0,0.2,0.0,Philippines
Manila,PH,2012-10-08,12:00:00,1349672400,26.3,23.5,29.0,10.4,283.0,0.5,0.0,Philippines
Manila,PH,2012-10-09,12:00:00,1349758800,26.5,24.4,28.6,9.4,243.0,2.5,0.0,Philippines
Manila,PH,2012-10-10,12:00:00,1349845200,26.7,24.8,28.8,10.0,209.0,1.6,0.0,Philippines
Manila,PH,2012-10-11,12:00:00,1349931600,26.4,24.4,28.5,9.2,242.0,0.7,0.0,Philippines
Manila,PH,2012-10-12,12:00:00,1350018000,26.8,24.7,29.2,8.9,238.0,0.4,0.0,Philippines
Manila,PH,2012-10-13,12:00:00,1350104400,26.4,24.0,28.7,14.2,235.0,0.2,0.0,Philippines
Manila,PH,2012-10-14,12:00:00,1350190800,26.3,23.8,29.0,11.9,280.0,0.0,0.0,Philippines
Manila,PH,2012-10-15,12:00:00,1350277200,26.2,23.2,28.8,12.3,298.0,0.0,0.0,Philippines
Manila,PH,2012-10-16,12:00:00,1350363600,26.4,23.4,29.1,8.3,293.0,0.1,0.0,Philippines
Manila,PH,2012-10-17,12:00:00,1350450000,26.7,24.6,29.4,6.3,291.0,0.0,0.0,Philippines
Manila,PH,2012-10-18,12:00:00,1350536400,26.5,23.9,29.3,13.9,85.0,0.1,0.0,Philippines
Manila,PH,2012-10-19,12:00:00,1350622800,26.8,24.9,29.8,20.8,74.0,0.0,0.0,Philippines
Manila,PH,2012-10-20,12:00:00,1350709200,26.7,24.9,29.6,25.2,72.0,0.0,0.0,Philippines
Manila,PH,2012-10-21,12:00:00,1350795600,26.6,25.1,28.6,24.0,70.0,0.5,0.0,Philippines
Manila,PH,2012-10-22,12:00:00,1350882000,27.2,24.7,30.6,22.2,74.0,0.0,0.0,Philippines
Manila,PH,2012-10-23,12:00:00,1350968400,26.5,23.0,30.3,18.6,57.0,0.0,0.0,Philippines
Manila,PH,2012-10-24,12:00:00,1351054800,26.1,24.8,28.5,23.9,57.0,4.3,0.0,Philippines
Manila,PH,2012-10-25,12:00:00,1351141200,25.2,24.5,26.3,34.6,78.0,36.6,0.0,Philippines
Manila,PH,2012-10-26,12:00:00,1351227600,26.3,24.5,29.1,26.0,102.0,4.2,0.0,Philippines
Manila,PH,2012-10-27,12:00:00,1351314000,26.4,24.3,29.3,19.2,84.0,1.1,0.0,Philippines
Manila,PH,2012-10-28,12:00:00,1351400400,26.1,24.4,28.3,19.9,76.0,0.4,0.0,Philippines
Manila,PH,2012-10-29,12:00:00,1351486800,26.7,24.2,30.1,19.5,81.0,0.0,0.0,Philippines
Manila,PH,2012-10-30,12:00:00,1351573200,26.1,23.1,29.7,17.1,75.0,0.2,0.0,Philippines
Manila,PH,2012-10-31,12:00:00,1351659600,26.2,23.4,29.9,10.8,88.0,0.0,0.0,Philippines
Manila,PH,2012-11-01,12:00:00,1351746000,26.3,22.8,30.2,12.1,93.0,0.0,0.0,Philippines
Manila,PH,2012-11-02,12:00:00,1351832400,26.4,22.9,30.0,14.8,86.0,0.0,0.0,Philippines
Manila,PH,2012-11-03,12:00:00,1351918800,26.7,23.8,30.1,14.9,80.0,0.4,0.0,Philippines
Manila,PH,2012-11-04,12:00:00,1352005200,26.8,24.3,30.0,12.9,82.0,0.4,0.0,Philippines
Manila,PH,2012-11-05,12:00:00,1352091600,26.7,23.9,30.4,11.6,75.0,0.2,0.0,Philippines
Manila,PH,2012-11-06,12:00:00,1352178000,26.7,23.1,30.2,11.5,75.0,0.2,0.0,Philippines
Manila,PH,2012-11-07,12:00:00,1352264400,26.5,24.0,29.0,16.9,79.0,0.1,0.0,Philippines
Manila,PH,2012-11-08,12:00:00,1352350800,26.6,24.6,29.4,19.5,78.0,0.0,0.0,Philippines
Manila,PH,2012-11-09,12:00:00,1352437200,26.9,25.0,29.7,17.1,80.0,0.2,0.0,Philippines
Manila,PH,2012-11-10,12:00:00,1352523600,27.4,24.7,31.1,16.9,77.0,0.0,0.0,Philippines
Manila,PH,2012-11-11,12:00:00,1352610000,27.1,24.4,30.9,19.7,66.0,0.0,0.0,Philippines
Manila,PH,2012-11-12,12:00:00,1352696400,26.7,25.5,28.9,26.1,76.0,0.5,0.0,Philippines
Manila,PH,2012-11-13,12:00:00,1352782800,26.5,25.0,29.3,16.4,69.0,1.0,0.0,Philippines
Manila,PH,2012-11-14,12:00:00,1352869200,27.1,24.9,30.2,20.2,88.0,0.0,0.0,Philippines
Manila,PH,2012-11-15,12:00:00,1352955600,27.0,24.6,29.7,17.7,75.0,0.1,0.0,Philippines
Manila,PH,2012-11-16,12:00:00,1353042000,26.6,25.1,28.5,21.3,81.0,1.1,0.0,Philippines
Manila,PH,2012-11-17,12:00:00,1353128400,27.1,23.5,31.1,13.3,82.0,0.0,0.0,Philippines
Manila,PH,2012-11-18,12:00:00,1353214800,27.3,24.2,31.0,13.0,86.0,0.0,0.0,Philippines
Manila,PH,2012-11-19,12:00:00,1353301200,27.2,24.6,30.8,18.5,82.0,0.1,0.0,Philippines
Manila,PH,2012-11-20,12:00:00,1353387600,27.2,25.3,30.0,21.1,81.0,0.0,0.0,Philippines
Manila,PH,2012-11-21,12:00:00,1353474000,27.2,24.9,29.8,19.2,84.0,0.2,0.0,Philippines
Manila,PH,2012-11-22,12:00:00,1353560400,27.3,24.5,30.8,14.8,91.0,0.0,0.0,Philippines
Manila,PH,2012-11-23,12:00:00,1353646800,27.4,24.5,31.5,14.4,96.0,0.0,0.0,Philippines
Manila,PH,2012-11-24,12:00:00,1353733200,27.2,23.9,31.2,18.9,84.0,0.0,0.0,Philippines
Manila,PH,2012-11-25,12:00:00,1353819600,27.4,25.5,30.8,25.2,87.0,0.0,0.0,Philippines
Manila,PH,2012-11-26,12:00:00,1353906000,27.2,23.6,31.2,14.8,78.0,0.0,0.0,Philippines
Manila,PH,2012-11-27,12:00:00,1353992400,26.9,23.7,31.0,19.9,80.0,0.0,0.0,Philippines
Manila,PH,2012-11-28,12:00:00,1354078800,27.0,24.8,29.8,20.2,87.0,0.0,0.0,Philippines
Manila,PH,2012-11-29,12:00:00,1354165200,26.4,23.3,30.4,17.7,90.0,0.0,0.0,Philippines
Manila,PH,2012-11-30,12:00:00,1354251600,26.4,22.5,30.7,19.1,80.0,0.0,0.0,Philippines
Manila,PH,2012-12-01,12:00:00,1354338000,26.7,23.0,30.8,17.7,86.0,0.0,0.0,Philippines
Manila,PH,2012-12-02,12:00:00,1354424400,26.8,24.5,29.8,9.8,56.0,0.5,0.0,Philippines
Manila,PH,2012-12-03,12:00:00,1354510800,27.0,23.5,30.8,10.1,70.0,0.0,0.0,Philippines
Manila,PH,2012-12-04,12:00:00,1354597200,26.8,24.8,30.3,22.3,78.0,0.1,0.0,Philippines
Manila,PH,2012-12-05,12:00:00,1354683600,26.3,25.1,27.7,20.1,73.0,5.1,0.0,Philippines
Manila,PH,2012-12-06,12:00:00,1354770000,26.7,24.8,29.6,17.6,100.0,0.4,0.0,Philippines
Manila,PH,2012-12-07,12:00:00,1354856400,27.0,24.7,30.1,14.8,104.0,0.2,0.0,Philippines
Manila,PH,2012-12-08,12:00:00,1354942800,26.7,24.5,29.9,9.3,142.0,1.8,0.0,Philippines
Manila,PH,2012-12-09,12:00:00,1355029200,26.6,24.7,28.9,15.8,256.0,0.1,0.0,Philippines
Manila,PH,2012-12-10,12:00:00,1355115600,26.8,24.0,29.9,6.5,230.0,0.3,0.0,Philippines
Manila,PH,2012-12-11,12:00:00,1355202000,27.0,24.8,30.3,13.1,81.0,0.0,0.0,Philippines
Manila,PH,2012-12-12,12:00:00,1355288400,26.1,24.6,28.7,24.6,67.0,0.0,0.0,Philippines
Manila,PH,2012-12-13,12:00:00,1355374800,25.9,24.4,28.1,31.6,69.0,0.5,0.0,Philippines
Manila,PH,2012-12-14,12:00:00,1355461200,26.8,24.9,29.3,25.5,75.0,0.0,0.0,Philippines
Manila,PH,2012-12-15,12:00:00,1355547600,27.1,25.0,30.1,21.0,79.0,0.0,0.0,Philippines
Manila,PH,2012-12-16,12:00:00,1355634000,26.9,24.3,30.7,15.7,75.0,0.0,0.0,Philippines
Manila,PH,2012-12-17,12:00:00,1355720400,27.0,23.9,31.3,20.2,79.0,0.0,0.0,Philippines
Manila,PH,2012-12-18,12:00:00,1355806800,26.7,24.4,30.4,17.9,71.0,0.0,0.0,Philippines
Manila,PH,2012-12-19,12:00:00,1355893200,26.5,24.2,29.9,28.0,74.0,0.0,0.0,Philippines
Manila,PH,2012-12-20,12:00:00,1355979600,26.7,24.6,29.9,26.6,76.0,0.0,0.0,Philippines
Manila,PH,2012-12-21,12:00:00,1356066000,26.6,24.9,29.3,22.1,78.0,0.3,0.0,Philippines
Manila,PH,2012-12-22,12:00:00,1356152400,26.6,24.1,30.3,20.0,75.0,0.0,0.0,Philippines
Manila,PH,2012-12-23,12:00:00,1356238800,26.1,24.1,28.9,26.1,70.0,0.0,0.0,Philippines
Manila,PH,2012-12-24,12:00:00,1356325200,25.3,23.5,28.3,28.6,68.0,0.0,0.0,Philippines
Manila,PH,2012-12-25,12:00:00,1356411600,25.7,23.4,28.6,27.1,67.0,0.6,0.0,Philippines
Manila,PH,2012-12-26,12:00:00,1356498000,25.4,23.9,28.0,25.4,59.0,11.9,0.0,Philippines
Manila,PH,2012-12-27,12:00:00,1356584400,24.2,23.6,24.8,22.9,73.0,28.8,0.0,Philippines
Manila,PH,2012-12-28,12:00:00,1356670800,26.0,23.7,28.9,17.2,78.0,0.0,0.0,Philippines
Manila,PH,2012-12-29,12:00:00,1356757200,26.2,24.2,29.2,17.6,82.0,0.1,0.0,Philippines
Manila,PH,2012-12-30,12:00:00,1356843600,26.2,23.5,29.6,11.5,83.0,0.0,0.0,Philippines
Manila,PH,2012-12-31,12:00:00,1356930000,25.2,23.4,27.9,25.1,63.0,0.0,0.0,Philippines
Manila,PH,2013-01-01,12:00:00,1357016400,25.4,23.8,27.9,20.9,72.0,0.0,0.0,Philippines
Manila,PH,2013-01-02,12:00:00,1357102800,26.0,23.6,29.6,22.2,74.0,0.0,0.0,Philippines
Manila,PH,2013-01-03,12:00:00,1357189200,26.2,24.6,29.1,24.8,59.0,0.8,0.0,Philippines
Manila,PH,2013-01-04,12:00:00,1357275600,26.0,24.8,27.9,25.2,72.0,1.2,0.0,Philippines
Manila,PH,2013-01-05,12:00:00,1357362000,26.5,24.4,29.7,18.1,70.0,0.3,0.0,Philippines
Manila,PH,2013-01-06,12:00:00,1357448400,26.4,24.0,30.1,19.3,75.0,0.0,0.0,Philippines
Manila,PH,2013-01-07,12:00:00,1357534800,26.3,24.1,29.0,20.0,81.0,0.1,0.0,Philippines
Manila,PH,2013-01-08,12:00:00,1357621200,26.6,24.2,30.3,18.4,73.0,0.0,0.0,Philippines
Manila,PH,2013-01-09,12:00:00,1357707600,25.9,23.8,28.3,13.4,71.0,0.0,0.0,Philippines
Manila,PH,2013-01-10,12:00:00,1357794000,25.4,22.4,29.0,23.2,69.0,0.0,0.0,Philippines
Manila,PH,2013-01-11,12:00:00,1357880400,25.0,23.7,26.9,16.0,40.0,5.4,0.0,Philippines
Manila,PH,2013-01-12,12:00:00,1357966800,25.4,23.9,28.0,10.8,18.0,6.9,0.0,Philippines
Manila,PH,2013-01-13,12:00:00,1358053200,26.0,23.6,28.9,14.8,299.0,0.0,0.0,Philippines
Manila,PH,2013-01-14,12:00:00,1358139600,24.5,22.9,26.8,20.0,48.0,0.6,0.0,Philippines
Manila,PH,2013-01-15,12:00:00,1358226000,24.0,22.9,25.9,28.7,74.0,0.0,0.0,Philippines
Manila,PH,2013-01-16,12:00:00,1358312400,24.1,22.5,26.6,26.1,75.0,0.0,0.0,Philippines
Manila,PH,2013-01-17,12:00:00,1358398800,24.2,22.2,27.3,24.6,67.0,0.0,0.0,Philippines
Manila,PH,2013-01-18,12:00:00,1358485200,24.1,22.6,26.9,31.5,64.0,0.0,0.0,Philippines
Manila,PH,2013-01-19,12:00:00,1358571600,23.9,22.4,26.5,32.1,75.0,0.0,0.0,Philippines
Manila,PH,2013-01-20,12:00:00,1358658000,24.3,22.5,27.2,27.9,75.0,0.0,0.0,Philippines
Manila,PH,2013-01-21,12:00:00,1358744400,24.4,21.2,27.8,17.8,71.0,0.0,0.0,Philippines
Manila,PH,2013-01-22,12:00:00,1358830800,24.6,22.0,27.9,17.1,81.0,0.0,0.0,Philippines
Manila,PH,2013-01-23,12:00:00,1358917200,24.3,21.2,27.4,15.6,84.0,0.0,0.0,Philippines
Manila,PH,2013-01-24,12:00:00,1359003600,24.6,20.0,28.9,13.4,89.0,0.0,0.0,Philippines
Manila,PH,2013-01-25,12:00:00,1359090000,24.8,20.9,28.7,11.9,86.0,0.0,0.0,Philippines
Manila,PH,2013-01-26,12:00:00,1359176400,25.2,22.1,28.5,12.2,78.0,0.0,0.0,Philippines
Manila,PH,2013-01-27,12:00:00,1359262800,25.5,22.0,29.3,9.9,54.0,0.1,0.0,Philippines
Manila,PH,2013-01-28,12:00:00,1359349200,25.2,23.3,28.5,26.9,69.0,0.0,0.0,Philippines
Manila,PH,2013-01-29,12:00:00,1359435600,24.9,22.8,28.1,24.3,70.0,0.0,0.0,Philippines
Manila,PH,2013-01-30,12:00:00,1359522000,24.6,22.5,27.4,29.7,68.0,0.0,0.0,Philippines
Manila,PH,2013-01-31,12:00:00,1359608400,24.3,22.7,27.2,25.3,63.0,4.5,0.0,Philippines
Manila,PH,2013-02-01,12:00:00,1359694800,26.0,23.4,29.5,22.0,75.0,0.1,0.0,Philippines
Manila,PH,2013-02-02,12:00:00,1359781200,26.2,24.1,28.8,26.3,85.0,0.3,0.0,Philippines
Manila,PH,2013-02-03,12:00:00,1359867600,25.9,23.5,29.2,23.4,82.0,0.0,0.0,Philippines
Manila,PH,2013-02-04,12:00:00,1359954000,26.1,23.8,29.9,25.7,81.0,0.0,0.0,Philippines
Manila,PH,2013-02-05,12:00:00,1360040400,25.7,22.5,29.9,16.6,79.0,0.0,0.0,Philippines
Manila,PH,2013-02-06,12:00:00,1360126800,25.8,21.3,30.5,18.5,82.0,0.0,0.0,Philippines
Manila,PH,2013-02-07,12:00:00,1360213200,26.4,22.6,30.8,14.4,88.0,0.0,0.0,Philippines
Manila,PH,2013-02-08,12:00:00,1360299600,26.5,22.3,31.1,13.5,82.0,0.0,0.0,Philippines
Manila,PH,2013-02-09,12:00:00,1360386000,26.2,22.9,30.3,19.7,78.0,0.0,0.0,Philippines
Manila,PH,2013-02-10,12:00:00,1360472400,26.1,24.1,29.1,20.5,83.0,0.0,0.0,Philippines
Manila,PH,2013-02-11,12:00:00,1360558800,26.0,22.8,30.4,23.4,71.0,2.3,0.0,Philippines
Manila,PH,2013-02-12,12:00:00,1360645200,26.2,23.8,29.7,20.5,76.0,3.5,0.0,Philippines
Manila,PH,2013-02-13,12:00:00,1360731600,26.1,23.8,29.1,28.0,76.0,0.4,0.0,Philippines
Manila,PH,2013-02-14,12:00:00,1360818000,26.4,24.0,30.0,26.6,75.0,0.0,0.0,Philippines
Manila,PH,2013-02-15,12:00:00,1360904400,26.6,24.3,30.1,21.6,79.0,0.2,0.0,Philippines
Manila,PH,2013-02-16,12:00:00,1360990800,25.9,22.7,30.2,28.6,84.0,0.0,0.0,Philippines
Manila,PH,2013-02-17,12:00:00,1361077200,26.1,23.9,29.6,27.2,85.0,0.0,0.0,Philippines
Manila,PH,2013-02-18,12:00:00,1361163600,25.8,21.7,30.4,22.3,79.0,0.0,0.0,Philippines
Manila,PH,2013-02-19,12:00:00,1361250000,26.1,22.4,30.7,22.0,71.0,0.0,0.0,Philippines
Manila,PH,2013-02-20,12:00:00,1361336400,25.6,23.9,27.5,27.9,61.0,2.7,0.0,Philippines
Manila,PH,2013-02-21,12:00:00,1361422800,25.2,23.1,27.6,31.8,65.0,5.6,0.0,Philippines
Manila,PH,2013-02-22,12:00:00,1361509200,24.8,24.3,26.0,15.3,66.0,10.0,0.0,Philippines
Manila,PH,2013-02-23,12:00:00,1361595600,26.1,23.8,29.2,25.6,75.0,0.0,0.0,Philippines
Manila,PH,2013-02-24,12:00:00,1361682000,26.0,24.1,28.8,27.2,77.0,0.0,0.0,Philippines
Manila,PH,2013-02-25,12:00:00,1361768400,26.4,24.7,29.2,27.2,81.0,0.0,0.0,Philippines
Manila,PH,2013-02-26,12:00:00,1361854800,26.6,24.8,29.6,21.3,86.0,0.0,0.0,Philippines
Manila,PH,2013-02-27,12:00:00,1361941200,26.7,23.3,30.7,14.4,96.0,0.0,0.0,Philippines
Manila,PH,2013-02-28,12:00:00,1362027600,26.9,23.1,31.4,16.5,101.0,0.0,0.0,Philippines
Manila,PH,2013-03-01,12:00:00,1362114000,26.9,23.1,31.3,15.2,102.0,0.0,0.0,Philippines
Manila,PH,2013-03-02,12:00:00,1362200400,27.0,23.0,32.0,15.3,90.0,0.0,0.0,Philippines
Manila,PH,2013-03-03,12:00:00,1362286800,25.9,24.4,28.6,20.5,79.0,0.1,0.0,Philippines
Manila,PH,2013-03-04,12:00:00,1362373200,25.5,23.6,28.5,24.7,70.0,0.2,0.0,Philippines
Manila,PH,2013-03-05,12:00:00,1362459600,25.1,22.9,28.5,27.7,74.0,0.0,0.0,Philippines
Manila,PH,2013-03-06,12:00:00,1362546000,25.4,22.6,29.7,22.0,78.0,0.0,0.0,Philippines
Manila,PH,2013-03-07,12:00:00,1362632400,26.0,23.0,30.0,19.0,71.0,0.0,0.0,Philippines
Manila,PH,2013-03-08,12:00:00,1362718800,26.0,23.9,29.5,23.8,78.0,0.0,0.0,Philippines
Manila,PH,2013-03-09,12:00:00,1362805200,26.6,24.2,30.0,22.3,84.0,0.0,0.0,Philippines
Manila,PH,2013-03-10,12:00:00,1362891600,27.4,23.7,31.2,10.3,82.0,0.0,0.0,Philippines
Manila,PH,2013-03-11,12:00:00,1362978000,27.5,25.0,31.0,10.9,88.0,0.3,0.0,Philippines
Manila,PH,2013-03-12,12:00:00,1363064400,28.0,24.5,32.4,16.6,96.0,0.0,0.0,Philippines
Manila,PH,2013-03-13,12:00:00,1363150800,27.9,24.4,32.2,10.1,95.0,0.1,0.0,Philippines
Manila,PH,2013-03-14,12:00:00,1363237200,27.6,24.6,30.8,13.7,80.0,0.8,0.0,Philippines
Manila,PH,2013-03-15,12:00:00,1363323600,27.4,25.3,31.0,19.6,85.0,0.0,0.0,Philippines
Manila,PH,2013-03-16,12:00:00,1363410000,27.1,24.6,30.6,17.3,83.0,0.0,0.0,Philippines
Manila,PH,2013-03-17,12:00:00,1363496400,27.5,24.7,31.8,18.4,92.0,0.0,0.0,Philippines
Manila,PH,2013-03-18,12:00:00,1363582800,28.1,24.3,31.6,13.6,97.0,0.0,0.0,Philippines
Manila,PH,2013-03-19,12:00:00,1363669200,28.0,25.0,31.7,18.4,92.0,0.1,0.0,Philippines
Manila,PH,2013-03-20,12:00:00,1363755600,27.7,23.9,32.4,16.7,98.0,0.0,0.0,Philippines
Manila,PH,2013-03-21,12:00:00,1363842000,27.6,23.1,32.7,19.3,85.0,0.0,0.0,Philippines
Manila,PH,2013-03-22,12:00:00,1363928400,27.9,25.6,31.7,19.9,82.0,0.9,0.0,Philippines
Manila,PH,2013-03-23,12:00:00,1364014800,28.2,25.6,32.0,21.2,90.0,0.0,0.0,Philippines
Manila,PH,2013-03-24,12:00:00,1364101200,28.4,25.5,32.5,10.3,105.0,1.8,0.0,Philippines
Manila,PH,2013-03-25,12:00:00,1364187600,28.0,25.6,31.3,14.2,87.0,1.4,0.0,Philippines
Manila,PH,2013-03-26,12:00:00,1364274000,28.4,25.6,32.6,18.8,97.0,0.0,0.0,Philippines
Manila,PH,2013-03-27,12:00:00,1364360400,28.6,24.2,33.6,18.1,92.0,0.0,0.0,Philippines
Manila,PH,2013-03-28,12:00:00,1364446800,28.3,24.3,32.0,17.0,89.0,0.0,0.0,Philippines
Manila,PH,2013-03-29,12:00:00,1364533200,29.1,25.6,33.8,17.7,90.0,0.0,0.0,Philippines
Manila,PH,2013-03-30,12:00:00,1364619600,28.7,25.8,32.7,23.6,90.0,0.0,0.0,Philippines
Manila,PH,2013-03-31,12:00:00,1364706000,28.9,25.5,33.4,19.1,90.0,0.0,0.0,Philippines
Manila,PH,2013-04-01,12:00:00,1364792400,29.2,25.6,33.6,19.9,90.0,0.0,0.0,Philippines
Manila,PH,2013-04-02,12:00:00,1364878800,29.2,26.2,33.2,19.2,88.0,0.0,0.0,Philippines
Manila,PH,2013-04-03,12:00:00,1364965200,29.0,25.6,33.2,18.4,99.0,0.0,0.0,Philippines
Manila,PH,2013-04-04,12:00:00,1365051600,29.3,25.1,33.9,14.2,103.0,0.0,0.0,Philippines
Manila,PH,2013-04-05,12:00:00,1365138000,29.3,25.1,33.4,10.7,177.0,0.0,0.0,Philippines
Manila,PH,2013-04-06,12:00:00,1365224400,29.3,26.0,33.3,19.6,264.0,0.4,0.0,Philippines
Manila,PH,2013-04-07,12:00:00,1365310800,29.5,24.4,34.6,9.4,291.0,0.0,0.0,Philippines
Manila,PH,2013-04-08,12:00:00,1365397200,29.7,26.7,33.1,15.3,88.0,0.0,0.0,Philippines
Manila,PH,2013-04-09,12:00:00,1365483600,29.3,26.9,33.1,18.4,93.0,0.0,0.0,Philippines
Manila,PH,2013-04-10,12:00:00,1365570000,29.4,26.0,34.0,19.2,89.0,0.0,0.0,Philippines
Manila,PH,2013-04-11,12:00:00,1365656400,29.0,25.8,33.4,22.3,91.0,0.0,0.0,Philippines
Manila,PH,2013-04-12,12:00:00,1365742800,28.9,24.3,34.0,17.8,87.0,0.0,0.0,Philippines
Manila,PH,2013-04-13,12:00:00,1365829200,29.0,26.2,33.5,20.2,84.0,0.0,0.0,Philippines
Manila,PH,2013-04-14,12:00:00,1365915600,29.1,25.8,32.8,8.8,84.0,0.2,0.0,Philippines
Manila,PH,2013-04-15,12:00:00,1366002000,29.6,26.1,33.3,7.2,93.0,0.0,0.0,Philippines
Manila,PH,2013-04-16,12:00:00,1366088400,30.0,25.5,34.4,14.2,111.0,0.0,0.0,Philippines
Manila,PH,2013-04-17,12:00:00,1366174800,30.1,26.7,34.0,11.3,107.0,0.4,0.0,Philippines
Manila,PH,2013-04-18,12:00:00,1366261200,30.0,26.7,33.9,11.7,99.0,0.2,0.0,Philippines
Manila,PH,2013-04-19,12:00:00,1366347600,30.8,26.6,35.4,10.9,107.0,0.0,0.0,Philippines
Manila,PH,2013-04-20,12:00:00,1366434000,29.7,26.5,34.0,12.6,118.0,0.3,0.0,Philippines
Manila,PH,2013-04-21,12:00:00,1366520400,30.3,26.8,34.6,16.3,94.0,0.0,0.0,Philippines
Manila,PH,2013-04-22,12:00:00,1366606800,29.4,26.6,33.4,21.2,91.0,0.0,0.0,Philippines
Manila,PH,2013-04-23,12:00:00,1366693200,29.6,26.8,33.7,19.5,93.0,0.0,0.0,Philippines
Manila,PH,2013-04-24,12:00:00,1366779600,30.1,25.8,34.3,11.2,99.0,0.0,0.0,Philippines
Manila,PH,2013-04-25,12:00:00,1366866000,30.4,26.9,34.3,10.0,100.0,0.0,0.0,Philippines
Manila,PH,2013-04-26,12:00:00,1366952400,29.5,26.7,33.5,7.9,12.0,0.3,0.0,Philippines
Manila,PH,2013-04-27,12:00:00,1367038800,29.0,26.3,34.3,9.8,84.0,1.0,0.0,Philippines
Manila,PH,2013-04-28,12:00:00,1367125200,29.0,26.1,33.5,9.7,92.0,2.6,0.0,Philippines
Manila,PH,2013-04-29,12:00:00,1367211600,29.9,26.2,33.8,10.4,100.0,0.0,0.0,Philippines
Manila,PH,2013-04-30,12:00:00,1367298000,30.2,26.5,33.9,6.8,133.0,0.0,0.0,Philippines
Manila,PH,2013-05-01,12:00:00,1367384400,29.8,26.6,33.6,14.1,255.0,0.3,0.0,Philippines
Manila,PH,2013-05-02,12:00:00,1367470800,29.4,26.5,33.5,9.9,126.0,1.6,0.0,Philippines
Manila,PH,2013-05-03,12:00:00,1367557200,29.2,26.2,33.0,9.3,121.0,0.7,0.0,Philippines
Manila,PH,2013-05-04,12:00:00,1367643600,29.9,26.7,33.7,12.3,86.0,0.3,0.0,Philippines
Manila,PH,2013-05-05,12:00:00,1367730000,29.8,26.8,34.0,21.4,80.0,0.2,0.0,Philippines
Manila,PH,2013-05-06,12:00:00,1367816400,30.1,26.9,34.7,20.2,83.0,0.0,0.0,Philippines
Manila,PH,2013-05-07,12:00:00,1367902800,29.9,26.8,34.1,19.1,79.0,0.8,0.0,Philippines
Manila,PH,2013-05-08,12:00:00,1367989200,29.9,27.0,34.0,17.7,91.0,0.0,0.0,Philippines
Manila,PH,2013-05-09,12:00:00,1368075600,29.7,27.0,33.6,16.1,101.0,0.1,0.0,Philippines
Manila,PH,2013-05-10,12:00:00,1368162000,29.3,27.0,32.6,7.2,155.0,1.1,0.0,Philippines
Manila,PH,2013-05-11,12:00:00,1368248400,28.6,26.0,32.7,15.2,245.0,5.9,0.0,Philippines
Manila,PH,2013-05-12,12:00:00,1368334800,28.5,26.1,32.1,11.1,235.0,4.8,0.0,Philippines
Manila,PH,2013-05-13,12:00:00,1368421200,27.8,26.4,31.5,11.0,231.0,8.8,0.0,Philippines
Manila,PH,2013-05-14,12:00:00,1368507600,27.5,25.7,30.8,7.2,119.0,17.1,0.0,Philippines
Manila,PH,2013-05-15,12:00:00,1368594000,27.4,25.8,30.5,8.2,108.0,8.6,0.0,Philippines
Manila,PH,2013-05-16,12:00:00,1368680400,28.0,26.1,30.8,11.4,137.0,4.6,0.0,Philippines
Manila,PH,2013-05-17,12:00:00,1368766800,28.5,26.2,31.7,12.7,211.0,3.3,0.0,Philippines
Manila,PH,2013-05-18,12:00:00,1368853200,28.7,25.8,32.0,14.1,243.0,0.4,0.0,Philippines
Manila,PH,2013-05-19,12:00:00,1368939600,28.7,26.5,31.3,16.6,268.0,0.7,0.0,Philippines
Manila,PH,2013-05-20,12:00:00,1369026000,28.5,26.3,30.7,14.2,260.0,0.5,0.0,Philippines
Manila,PH,2013-05-21,12:00:00,1369112400,28.2,26.0,30.7,12.0,251.0,1.2,0.0,Philippines
Manila,PH,2013-05-22,12:00:00,1369198800,28.7,26.1,32.9,7.8,169.0,6.6,0.0,Philippines
Manila,PH,2013-05-23,12:00:00,1369285200,29.2,26.3,32.4,7.6,131.0,0.8,0.0,Philippines
Manila,PH,2013-05-24,12:00:00,1369371600,28.3,26.0,31.9,6.2,71.0,3.4,0.0,Philippines
Manila,PH,2013-05-25,12:00:00,1369458000,28.3,25.1,31.7,10.0,313.0,0.4,0.0,Philippines
Manila,PH,2013-05-26,12:00:00,1369544400,27.9,26.0,30.7,7.2,125.0,4.3,0.0,Philippines
Manila,PH,2013-05-27,12:00:00,1369630800,27.8,25.7,30.7,5.4,122.0,9.4,0.0,Philippines
Manila,PH,2013-05-28,12:00:00,1369717200,28.2,25.8,30.9,14.6,96.0,0.6,0.0,Philippines
Manila,PH,2013-05-29,12:00:00,1369803600,28.7,26.2,31.7,15.9,88.0,0.0,0.0,Philippines
Manila,PH,2013-05-30,12:00:00,1369890000,28.3,26.4,31.2,18.6,83.0,0.0,0.0,Philippines
Manila,PH,2013-05-31,12:00:00,1369976400,27.9,25.7,30.7,11.7,90.0,2.7,0.0,Philippines
Manila,PH,2013-06-01,12:00:00,1370062800,28.3,25.5,31.3,7.9,92.0,0.6,0.0,Philippines
Manila,PH,2013-06-02,12:00:00,1370149200,28.8,25.7,31.9,6.0,135.0,0.0,0.0,Philippines
Manila,PH,2013-06-03,12:00:00,1370235600,28.9,26.1,32.7,5.0,122.0,1.0,0.0,Philippines
Manila,PH,2013-06-04,12:00:00,1370322000,29.0,26.2,32.5,12.7,88.0,0.4,0.0,Philippines
Manila,PH,2013-06-05,12:00:00,1370408400,29.1,26.3,32.3,14.0,91.0,0.0,0.0,Philippines
Manila,PH,2013-06-06,12:00:00,1370494800,29.4,26.1,32.9,8.8,81.0,0.1,0.0,Philippines
Manila,PH,2013-06-07,12:00:00,1370581200,28.9,26.5,32.1,9.7,79.0,1.7,0.0,Philippines
Manila,PH,2013-06-08,12:00:00,1370667600,27.7,25.9,30.3,17.2,239.0,5.8,0.0,Philippines
Manila,PH,2013-06-09,12:00:00,1370754000,27.6,26.1,30.2,19.9,253.0,2.9,0.0,Philippines
Manila,PH,2013-06-10,12:00:00,1370840400,27.9,26.1,29.8,18.9,248.0,2.2,0.0,Philippines
Manila,PH,2013-06-11,12:00:00,1370926800,27.8,25.5,30.8,10.7,231.0,7.7,0.0,Philippines
Manila,PH,2013-06-12,12:00:00,1371013200,26.6,25.5,30.1,11.2,163.0,55.6,0.0,Philippines
Manila,PH,2013-06-13,12:00:00,1371099600,26.3,25.4,27.7,9.4,146.0,12.4,0.0,Philippines
Manila,PH,2013-06-14,12:00:00,1371186000,27.0,25.6,29.4,10.0,120.0,8.2,0.0,Philippines
Manila,PH,2013-06-15,12:00:00,1371272400,27.6,25.3,31.0,14.6,117.0,2.2,0.0,Philippines
Manila,PH,2013-06-16,12:00:00,1371358800,27.0,24.7,30.4,7.7,115.0,8.3,0.0,Philippines
Manila,PH,2013-06-17,12:00:00,1371445200,26.5,24.6,29.0,15.4,278.0,11.6,0.0,Philippines
Manila,PH,2013-06-18,12:00:00,1371531600,26.1,24.7,28.2,22.2,258.0,13.7,0.0,Philippines
Manila,PH,2013-06-19,12:00:00,1371618000,25.7,25.0,26.6,21.9,226.0,21.6,0.0,Philippines
Manila,PH,2013-06-20,12:00:00,1371704400,26.5,25.1,28.4,20.2,187.0,5.6,0.0,Philippines
Manila,PH,2013-06-21,12:00:00,1371790800,26.4,25.1,28.9,10.5,161.0,17.2,0.0,Philippines
Manila,PH,2013-06-22,12:00:00,1371877200,26.2,24.8,28.6,9.6,185.0,13.9,0.0,Philippines
Manila,PH,2013-06-23,12:00:00,1371963600,27.1,24.8,30.3,7.0,109.0,15.4,0.0,Philippines
Manila,PH,2013-06-24,12:00:00,1372050000,28.0,25.2,31.0,9.4,91.0,0.6,0.0,Philippines
Manila,PH,2013-06-25,12:00:00,1372136400,28.2,25.6,31.3,10.6,103.0,0.9,0.0,Philippines
Manila,PH,2013-06-26,12:00:00,1372222800,28.2,25.3,31.2,8.7,151.0,0.1,0.0,Philippines
Manila,PH,2013-06-27,12:00:00,1372309200,27.8,25.4,30.3,8.2,251.0,0.6,0.0,Philippines
Manila,PH,2013-06-28,12:00:00,1372395600,27.7,25.4,30.3,8.5,257.0,1.1,0.0,Philippines
Manila,PH,2013-06-29,12:00:00,1372482000,27.2,25.1,30.7,22.1,3.0,24.2,0.0,Philippines
Manila,PH,2013-06-30,12:00:00,1372568400,25.7,24.8,26.7,27.6,113.0,70.4,0.0,Philippines
Manila,PH,2013-07-01,12:00:00,1372654800,27.2,25.0,29.9,13.6,120.0,3.3,0.0,Philippines
Manila,PH,2013-07-02,12:00:00,1372741200,27.8,25.1,30.9,13.8,86.0,2.4,0.0,Philippines
Manila,PH,2013-07-03,12:00:00,1372827600,27.0,25.3,29.4,15.4,85.0,6.9,0.0,Philippines
Manila,PH,2013-07-04,12:00:00,1372914000,27.6,25.9,30.3,14.6,105.0,2.0,0.0,Philippines
Manila,PH,2013-07-05,12:00:00,1373000400,27.3,25.1,30.2,13.0,115.0,3.0,0.0,Philippines
Manila,PH,2013-07-06,12:00:00,1373086800,27.4,24.9,30.6,16.4,94.0,1.1,0.0,Philippines
Manila,PH,2013-07-07,12:00:00,1373173200,27.1,25.3,29.7,12.3,92.0,0.7,0.0,Philippines
Manila,PH,2013-07-08,12:00:00,1373259600,27.3,24.9,30.5,15.5,89.0,1.8,0.0,Philippines
Manila,PH,2013-07-09,12:00:00,1373346000,27.3,25.0,29.9,9.1,15.0,2.4,0.0,Philippines
Manila,PH,2013-07-10,12:00:00,1373432400,27.3,24.9,30.6,9.8,308.0,1.2,0.0,Philippines
Manila,PH,2013-07-11,12:00:00,1373518800,27.3,24.8,30.1,14.8,295.0,1.8,0.0,Philippines
Manila,PH,2013-07-12,12:00:00,1373605200,27.0,25.4,29.2,20.2,249.0,5.9,0.0,Philippines
Manila,PH,2013-07-13,12:00:00,1373691600,26.6,25.3,28.9,14.6,220.0,8.5,0.0,Philippines
Manila,PH,2013-07-14,12:00:00,1373778000,27.2,25.3,29.9,10.7,101.0,3.1,0.0,Philippines
Manila,PH,2013-07-15,12:00:00,1373864400,26.9,24.9,29.3,6.6,89.0,5.9,0.0,Philippines
Manila,PH,2013-07-16,12:00:00,1373950800,26.4,24.8,29.0,18.6,262.0,14.0,0.0,Philippines
Manila,PH,2013-07-17,12:00:00,1374037200,26.4,24.9,29.1,10.6,200.0,5.2,0.0,Philippines
Manila,PH,2013-07-18,12:00:00,1374123600,27.3,25.2,30.8,9.7,127.0,6.6,0.0,Philippines
Manila,PH,2013-07-19,12:00:00,1374210000,27.0,24.8,29.7,11.6,161.0,5.4,0.0,Philippines
Manila,PH,2013-07-20,12:00:00,1374296400,26.9,24.6,29.6,9.5,136.0,2.0,0.0,Philippines
Manila,PH,2013-07-21,12:00:00,1374382800,27.1,25.0,30.3,12.7,121.0,4.7,0.0,Philippines
Manila,PH,2013-07-22,12:00:00,1374469200,26.6,25.0,29.5,16.2,100.0,9.3,0.0,Philippines
Manila,PH,2013-07-23,12:00:00,1374555600,25.6,24.7,27.6,9.4,136.0,25.2,0.0,Philippines
Manila,PH,2013-07-24,12:00:00,1374642000,26.4,24.5,28.9,16.3,278.0,4.2,0.0,Philippines
Manila,PH,2013-07-25,12:00:00,1374728400,26.7,24.4,29.3,11.4,275.0,0.4,0.0,Philippines
Manila,PH,2013-07-26,12:00:00,1374814800,27.1,24.9,29.6,10.5,121.0,6.2,0.0,Philippines
Manila,PH,2013-07-27,12:00:00,1374901200,26.9,24.5,30.2,5.4,346.0,13.3,0.0,Philippines
Manila,PH,2013-07-28,12:00:00,1374987600,26.5,25.2,29.7,9.9,52.0,18.9,0.0,Philippines
Manila,PH,2013-07-29,12:00:00,1375074000,25.8,24.6,27.8,8.0,72.0,18.6,0.0,Philippines
Manila,PH,2013-07-30,12:00:00,1375160400,26.3,24.6,28.8,17.3,93.0,6.0,0.0,Philippines
Manila,PH,2013-07-31,12:00:00,1375246800,25.6,24.8,27.3,13.7,139.0,24.9,0.0,Philippines
Manila,PH,2013-08-01,12:00:00,1375333200,25.9,24.6,28.5,13.1,179.0,19.4,0.0,Philippines
Manila,PH,2013-08-02,12:00:00,1375419600,27.2,24.9,30.1,9.7,185.0,1.4,0.0,Philippines
Manila,PH,2013-08-03,12:00:00,1375506000,26.8,24.6,29.8,7.9,83.0,19.3,0.0,Philippines
Manila,PH,2013-08-04,12:00:00,1375592400,26.7,24.9,29.4,15.7,73.0,3.6,0.0,Philippines
Manila,PH,2013-08-05,12:00:00,1375678800,27.1,25.7,29.3,19.5,94.0,3.3,0.0,Philippines
Manila,PH,2013-08-06,12:00:00,1375765200,26.5,25.0,28.9,15.6,107.0,3.8,0.0,Philippines
Manila,PH,2013-08-07,12:00:00,1375851600,27.3,25.0,30.7,7.7,90.0,1.8,0.0,Philippines
Manila,PH,2013-08-08,12:00:00,1375938000,27.1,25.1,30.4,6.5,14.0,8.6,0.0,Philippines
Manila,PH,2013-08-09,12:00:00,1376024400,27.1,25.0,30.5,10.5,95.0,2.2,0.0,Philippines
Manila,PH,2013-08-10,12:00:00,1376110800,27.0,25.1,30.1,10.5,122.0,18.7,0.0,Philippines
Manila,PH,2013-08-11,12:00:00,1376197200,26.3,24.6,29.2,23.0,280.0,26.4,0.0,Philippines
Manila,PH,2013-08-12,12:00:00,1376283600,25.3,24.8,26.1,30.1,219.0,36.8,0.0,Philippines
Manila,PH,2013-08-13,12:00:00,1376370000,26.0,24.8,27.9,13.8,174.0,12.9,0.0,Philippines
Manila,PH,2013-08-14,12:00:00,1376456400,26.5,24.6,28.3,7.7,237.0,1.5,0.0,Philippines
Manila,PH,2013-08-15,12:00:00,1376542800,27.4,24.9,30.3,15.8,255.0,0.0,0.0,Philippines
Manila,PH,2013-08-16,12:00:00,1376629200,26.7,25.0,28.4,18.5,255.0,4.3,0.0,Philippines
Manila,PH,2013-08-17,12:00:00,1376715600,26.0,25.0,27.3,22.8,251.0,9.1,0.0,Philippines
Manila,PH,2013-08-18,12:00:00,1376802000,25.9,24.8,27.2,26.6,249.0,8.2,0.0,Philippines
Manila,PH,2013-08-19,12:00:00,1376888400,25.3,24.7,26.9,26.6,253.0,16.8,0.0,Philippines
Manila,PH,2013-08-20,12:00:00,1376974800,25.3,24.3,27.0,27.7,244.0,9.3,0.0,Philippines
Manila,PH,2013-08-21,12:00:00,1377061200,25.5,24.6,27.3,32.1,236.0,9.5,0.0,Philippines
Manila,PH,2013-08-22,12:00:00,1377147600,25.9,24.8,27.9,23.6,228.0,6.8,0.0,Philippines
Manila,PH,2013-08-23,12:00:00,1377234000,25.8,24.2,27.5,20.8,241.0,1.6,0.0,Philippines
Manila,PH,2013-08-24,12:00:00,1377320400,25.5,24.3,26.8,16.1,248.0,13.5,0.0,Philippines
Manila,PH,2013-08-25,12:00:00,1377406800,25.5,23.7,27.6,7.6,237.0,7.3,0.0,Philippines
Manila,PH,2013-08-26,12:00:00,1377493200,25.3,23.7,27.3,16.1,245.0,11.2,0.0,Philippines
Manila,PH,2013-08-27,12:00:00,1377579600,25.8,24.5,26.8,22.5,240.0,11.2,0.0,Philippines
Manila,PH,2013-08-28,12:00:00,1377666000,27.0,25.4,29.6,17.9,242.0,0.1,0.0,Philippines
Manila,PH,2013-08-29,12:00:00,1377752400,27.3,24.8,29.9,17.2,249.0,0.0,0.0,Philippines
Manila,PH,2013-08-30,12:00:00,1377838800,27.9,25.5,30.4,13.0,254.0,0.0,0.0,Philippines
Manila,PH,2013-08-31,12:00:00,1377925200,27.6,24.7,30.1,9.1,284.0,0.0,0.0,Philippines
Manila,PH,2013-09-01,12:00:00,1378011600,27.9,25.4,31.2,9.5,38.0,1.5,0.0,Philippines
Manila,PH,2013-09-02,12:00:00,1378098000,28.1,24.7,31.5,9.0,79.0,0.5,0.0,Philippines
Manila,PH,2013-09-03,12:00:00,1378184400,27.9,25.7,30.6,8.0,284.0,0.5,0.0,Philippines
Manila,PH,2013-09-04,12:00:00,1378270800,27.1,25.0,29.7,7.3,137.0,8.1,0.0,Philippines
Manila,PH,2013-09-05,12:00:00,1378357200,26.3,24.9,29.2,9.4,158.0,11.3,0.0,Philippines
Manila,PH,2013-09-06,12:00:00,1378443600,26.9,24.3,30.0,8.0,81.0,2.9,0.0,Philippines
Manila,PH,2013-09-07,12:00:00,1378530000,27.5,24.8,30.7,8.2,74.0,2.7,0.0,Philippines
Manila,PH,2013-09-08,12:00:00,1378616400,26.9,25.4,29.2,9.6,79.0,7.6,0.0,Philippines
Manila,PH,2013-09-09,12:00:00,1378702800,26.5,24.8,29.3,11.5,121.0,14.1,0.0,Philippines
Manila,PH,2013-09-10,12:00:00,1378789200,26.8,24.8,29.9,8.4,135.0,9.7,0.0,Philippines
Manila,PH,2013-09-11,12:00:00,1378875600,26.4,24.4,28.8,17.0,275.0,9.2,0.0,Philippines
Manila,PH,2013-09-12,12:00:00,1378962000,26.0,24.9,28.4,12.1,262.0,15.5,0.0,Philippines
Manila,PH,2013-09-13,12:00:00,1379048400,25.9,24.5,27.7,17.9,253.0,5.5,0.0,Philippines
Manila,PH,2013-09-14,12:00:00,1379134800,25.9,25.1,28.2,22.7,257.0,13.3,0.0,Philippines
Manila,PH,2013-09-15,12:00:00,1379221200,25.4,24.7,26.4,25.2,243.0,47.4,0.0,Philippines
Manila,PH,2013-09-16,12:00:00,1379307600,25.1,24.6,26.4,16.8,241.0,27.7,0.0,Philippines
Manila,PH,2013-09-17,12:00:00,1379394000,25.8,24.8,27.9,19.4,249.0,14.8,0.0,Philippines
Manila,PH,2013-09-18,12:00:00,1379480400,26.1,24.6,28.0,21.0,259.0,12.4,0.0,Philippines
Manila,PH,2013-09-19,12:00:00,1379566800,26.1,24.9,28.1,22.8,264.0,13.2,0.0,Philippines
Manila,PH,2013-09-20,12:00:00,1379653200,26.0,25.0,27.3,35.6,260.0,5.5,0.0,Philippines
Manila,PH,2013-09-21,12:00:00,1379739600,26.1,24.9,28.3,38.5,251.0,11.1,0.0,Philippines
Manila,PH,2013-09-22,12:00:00,1379826000,25.4,24.9,26.2,28.6,240.0,21.9,0.0,Philippines
Manila,PH,2013-09-23,12:00:00,1379912400,25.3,24.6,26.4,20.5,250.0,23.1,0.0,Philippines
Manila,PH,2013-09-24,12:00:00,1379998800,25.1,24.2,26.4,15.7,251.0,32.1,0.0,Philippines
Manila,PH,2013-09-25,12:00:00,1380085200,25.3,24.4,27.3,12.4,206.0,67.9,0.0,Philippines
Manila,PH,2013-09-26,12:00:00,1380171600,25.1,24.5,27.0,14.3,157.0,68.5,0.0,Philippines
Manila,PH,2013-09-27,12:00:00,1380258000,25.2,24.4,26.5,10.2,149.0,20.0,0.0,Philippines
Manila,PH,2013-09-28,12:00:00,1380344400,26.0,24.4,28.9,11.7,144.0,12.1,0.0,Philippines
Manila,PH,2013-09-29,12:00:00,1380430800,26.3,24.2,29.0,10.5,190.0,4.9,0.0,Philippines
Manila,PH,2013-09-30,12:00:00,1380517200,26.6,24.4,29.5,8.7,251.0,8.9,0.0,Philippines
Manila,PH,2013-10-01,12:00:00,1380603600,26.0,24.3,27.8,13.7,266.0,7.6,0.0,Philippines
Manila,PH,2013-10-02,12:00:00,1380690000,26.3,24.3,28.9,16.1,260.0,2.6,0.0,Philippines
Manila,PH,2013-10-03,12:00:00,1380776400,26.3,24.7,28.6,20.9,257.0,4.7,0.0,Philippines
Manila,PH,2013-10-04,12:00:00,1380862800,26.5,24.5,29.0,14.4,268.0,1.7,0.0,Philippines
Manila,PH,2013-10-05,12:00:00,1380949200,26.4,23.3,28.7,15.6,268.0,0.7,0.0,Philippines
Manila,PH,2013-10-06,12:00:00,1381035600,26.1,23.8,28.5,19.1,261.0,0.0,0.0,Philippines
Manila,PH,2013-10-07,12:00:00,1381122000,26.2,23.9,28.7,15.3,263.0,0.8,0.0,Philippines
Manila,PH,2013-10-08,12:00:00,1381208400,26.1,23.8,28.4,14.8,279.0,0.6,0.0,Philippines
Manila,PH,2013-10-09,12:00:00,1381294800,26.3,24.1,28.9,12.0,286.0,0.6,0.0,Philippines
Manila,PH,2013-10-10,12:00:00,1381381200,26.3,24.3,28.4,17.6,281.0,3.2,0.0,Philippines
Manila,PH,2013-10-11,12:00:00,1381467600,25.9,25.2,26.8,37.8,256.0,25.4,0.0,Philippines
Manila,PH,2013-10-12,12:00:00,1381554000,25.9,25.3,27.0,36.7,173.0,36.2,0.0,Philippines
Manila,PH,2013-10-13,12:00:00,1381640400,26.7,24.3,29.7,15.8,214.0,0.0,0.0,Philippines
Manila,PH,2013-10-14,12:00:00,1381726800,26.0,24.0,28.4,15.9,260.0,3.4,0.0,Philippines
Manila,PH,2013-10-15,12:00:00,1381813200,26.0,24.1,28.4,13.5,265.0,5.3,0.0,Philippines
Manila,PH,2013-10-16,12:00:00,1381899600,25.4,24.3,27.1,6.6,39.0,61.2,0.0,Philippines
Manila,PH,2013-10-17,12:00:00,1381986000,26.2,24.4,28.5,17.7,75.0,0.4,0.0,Philippines
Manila,PH,2013-10-18,12:00:00,1382072400,26.1,22.2,28.8,16.2,73.0,0.0,0.0,Philippines
Manila,PH,2013-10-19,12:00:00,1382158800,26.4,24.4,29.6,11.2,87.0,0.6,0.0,Philippines
Manila,PH,2013-10-20,12:00:00,1382245200,27.2,25.1,30.0,6.5,79.0,0.0,0.0,Philippines
Manila,PH,2013-10-21,12:00:00,1382331600,27.1,25.0,29.6,5.4,19.0,0.4,0.0,Philippines
Manila,PH,2013-10-22,12:00:00,1382418000,26.7,24.2,29.3,5.4,96.0,0.6,0.0,Philippines
Manila,PH,2013-10-23,12:00:00,1382504400,26.2,24.0,28.6,7.1,148.0,0.4,0.0,Philippines
Manila,PH,2013-10-24,12:00:00,1382590800,25.9,23.7,28.0,7.4,26.0,0.2,0.0,Philippines
Manila,PH,2013-10-25,12:00:00,1382677200,25.8,23.6,28.1,8.4,18.0,0.3,0.0,Philippines
Manila,PH,2013-10-26,12:00:00,1382763600,25.4,23.9,27.6,12.2,87.0,1.0,0.0,Philippines
Manila,PH,2013-10-27,12:00:00,1382850000,25.8,24.5,27.9,20.7,75.0,0.0,0.0,Philippines
Manila,PH,2013-10-28,12:00:00,1382936400,26.3,24.4,28.7,18.9,73.0,0.0,0.0,Philippines
Manila,PH,2013-10-29,12:00:00,1383022800,26.1,23.8,28.8,14.3,84.0,0.0,0.0,Philippines
Manila,PH,2013-10-30,12:00:00,1383109200,26.4,24.0,29.3,7.2,18.0,0.2,0.0,Philippines
Manila,PH,2013-10-31,12:00:00,1383195600,26.4,23.4,29.2,19.5,241.0,0.0,0.0,Philippines
Manila,PH,2013-11-01,12:00:00,1383282000,26.5,24.8,29.3,10.4,167.0,1.0,0.0,Philippines
Manila,PH,2013-11-02,12:00:00,1383368400,26.2,24.3,29.2,14.6,90.0,0.8,0.0,Philippines
Manila,PH,2013-11-03,12:00:00,1383454800,26.6,24.6,29.3,15.5,80.0,0.4,0.0,Philippines
Manila,PH,2013-11-04,12:00:00,1383541200,26.4,24.8,28.8,17.7,77.0,0.7,0.0,Philippines
Manila,PH,2013-11-05,12:00:00,1383627600,26.6,25.4,28.9,20.5,82.0,0.4,0.0,Philippines
Manila,PH,2013-11-06,12:00:00,1383714000,27.1,24.7,30.1,19.9,78.0,0.0,0.0,Philippines
Manila,PH,2013-11-07,12:00:00,1383800400,26.7,24.1,29.5,22.1,59.0,0.3,0.0,Philippines
Manila,PH,2013-11-08,12:00:00,1383886800,26.2,25.6,27.8,36.2,58.0,10.8,0.0,Philippines
Manila,PH,2013-11-09,12:00:00,1383973200,26.9,25.8,29.0,37.1,98.0,2.5,0.0,Philippines
Manila,PH,2013-11-10,12:00:00,1384059600,27.1,25.1,30.4,21.3,86.0,0.0,0.0,Philippines
Manila,PH,2013-11-11,12:00:00,1384146000,26.3,24.5,28.7,19.8,74.0,0.6,0.0,Philippines
Manila,PH,2013-11-12,12:00:00,1384232400,26.4,24.5,29.1,19.6,61.0,0.3,0.0,Philippines
Manila,PH,2013-11-13,12:00:00,1384318800,26.1,25.2,27.4,18.6,69.0,1.2,0.0,Philippines
Manila,PH,2013-11-14,12:00:00,1384405200,26.9,24.9,29.7,11.2,93.0,0.1,0.0,Philippines
Manila,PH,2013-11-15,12:00:00,1384491600,27.0,24.9,29.8,15.5,87.0,0.0,0.0,Philippines
Manila,PH,2013-11-16,12:00:00,1384578000,26.6,24.0,30.1,18.5,81.0,0.0,0.0,Philippines
Manila,PH,2013-11-17,12:00:00,1384664400,26.5,23.4,30.4,13.0,89.0,0.0,0.0,Philippines
Manila,PH,2013-11-18,12:00:00,1384750800,26.0,22.7,29.6,18.8,73.0,0.0,0.0,Philippines
Manila,PH,2013-11-19,12:00:00,1384837200,25.7,24.3,27.8,26.6,66.0,0.0,0.0,Philippines
Manila,PH,2013-11-20,12:00:00,1384923600,25.9,24.1,28.4,29.2,72.0,0.0,0.0,Philippines
Manila,PH,2013-11-21,12:00:00,1385010000,26.2,24.5,28.6,25.0,76.0,0.5,0.0,Philippines
Manila,PH,2013-11-22,12:00:00,1385096400,25.9,24.6,28.1,18.4,70.0,1.1,0.0,Philippines
Manila,PH,2013-11-23,12:00:00,1385182800,25.8,24.5,28.0,18.4,77.0,2.2,0.0,Philippines
Manila,PH,2013-11-24,12:00:00,1385269200,26.1,24.2,28.5,14.8,88.0,0.6,0.0,Philippines
Manila,PH,2013-11-25,12:00:00,1385355600,26.5,24.1,30.2,8.2,61.0,1.3,0.0,Philippines
Manila,PH,2013-11-26,12:00:00,1385442000,26.6,24.4,29.3,17.0,84.0,0.0,0.0,Philippines
Manila,PH,2013-11-27,12:00:00,1385528400,26.7,24.1,30.2,11.8,76.0,0.5,0.0,Philippines
Manila,PH,2013-11-28,12:00:00,1385614800,26.9,23.9,30.2,12.2,70.0,0.4,0.0,Philippines
Manila,PH,2013-11-29,12:00:00,1385701200,26.1,24.6,28.6,24.3,62.0,0.0,0.0,Philippines
Manila,PH,2013-11-30,12:00:00,1385787600,25.1,23.6,27.9,25.5,68.0,22.3,0.0,Philippines
Manila,PH,2013-12-01,12:00:00,1385874000,25.4,23.9,27.9,15.6,50.0,2.5,0.0,Philippines
Manila,PH,2013-12-02,12:00:00,1385960400,25.5,23.8,27.7,23.7,62.0,0.1,0.0,Philippines
Manila,PH,2013-12-03,12:00:00,1386046800,25.5,23.9,28.0,22.9,63.0,0.0,0.0,Philippines
Manila,PH,2013-12-04,12:00:00,1386133200,25.7,23.9,28.1,19.8,65.0,0.0,0.0,Philippines
Manila,PH,2013-12-05,12:00:00,1386219600,25.5,23.9,28.2,18.5,67.0,0.0,0.0,Philippines
Manila,PH,2013-12-06,12:00:00,1386306000,25.2,23.7,27.8,17.0,77.0,1.8,0.0,Philippines
Manila,PH,2013-12-07,12:00:00,1386392400,24.4,23.7,25.8,15.5,63.0,21.1,0.0,Philippines
Manila,PH,2013-12-08,12:00:00,1386478800,25.3,23.2,28.4,16.5,66.0,0.1,0.0,Philippines
Manila,PH,2013-12-09,12:00:00,1386565200,25.7,23.8,28.4,10.2,32.0,1.5,0.0,Philippines
Manila,PH,2013-12-10,12:00:00,1386651600,26.2,23.8,29.5,11.9,94.0,1.4,0.0,Philippines
Manila,PH,2013-12-11,12:00:00,1386738000,26.2,23.8,29.2,12.3,81.0,0.6,0.0,Philippines
Manila,PH,2013-12-12,12:00:00,1386824400,26.1,24.6,28.1,17.7,80.0,0.8,0.0,Philippines
Manila,PH,2013-12-13,12:00:00,1386910800,26.4,24.6,28.7,20.3,78.0,0.1,0.0,Philippines
Manila,PH,2013-12-14,12:00:00,1386997200,26.4,24.8,29.1,22.2,77.0,0.0,0.0,Philippines
Manila,PH,2013-12-15,12:00:00,1387083600,26.4,24.8,28.8,20.0,82.0,0.1,0.0,Philippines
Manila,PH,2013-12-16,12:00:00,1387170000,26.4,24.7,29.3,20.9,82.0,0.1,0.0,Philippines
Manila,PH,2013-12-17,12:00:00,1387256400,26.5,24.2,29.9,9.7,86.0,0.2,0.0,Philippines
Manila,PH,2013-12-18,12:00:00,1387342800,25.9,24.3,28.2,5.4,340.0,4.4,0.0,Philippines
Manila,PH,2013-12-19,12:00:00,1387429200,26.1,24.0,28.7,10.1,71.0,0.9,0.0,Philippines
Manila,PH,2013-12-20,12:00:00,1387515600,25.8,24.0,28.0,12.2,70.0,1.3,0.0,Philippines
Manila,PH,2013-12-21,12:00:00,1387602000,25.7,24.1,28.4,11.9,75.0,0.8,0.0,Philippines
Manila,PH,2013-12-22,12:00:00,1387688400,26.0,23.5,29.0,13.7,82.0,0.0,0.0,Philippines
Manila,PH,2013-12-23,12:00:00,1387774800,25.8,24.0,28.2,17.7,76.0,0.3,0.0,Philippines
Manila,PH,2013-12-24,12:00:00,1387861200,26.2,24.0,28.9,12.8,76.0,0.2,0.0,Philippines
Manila,PH,2013-12-25,12:00:00,1387947600,26.5,24.1,29.6,10.9,88.0,0.6,0.0,Philippines
Manila,PH,2013-12-26,12:00:00,1388034000,26.4,24.5,28.8,11.5,39.0,0.5,0.0,Philippines
Manila,PH,2013-12-27,12:00:00,1388120400,25.2,23.8,27.1,15.9,17.0,1.3,0.0,Philippines
Manila,PH,2013-12-28,12:00:00,1388206800,25.0,23.3,27.2,23.7,66.0,0.0,0.0,Philippines
Manila,PH,2013-12-29,12:00:00,1388293200,24.8,22.9,27.6,21.3,64.0,0.0,0.0,Philippines
Manila,PH,2013-12-30,12:00:00,1388379600,25.3,23.1,28.8,18.9,73.0,0.0,0.0,Philippines
Manila,PH,2013-12-31,12:00:00,1388466000,25.2,22.2,29.1,15.8,73.0,0.0,0.0,Philippines
Manila,PH,2014-01-01,12:00:00,1388552400,24.9,21.3,28.9,18.6,78.0,0.0,0.0,Philippines
Manila,PH,2014-01-02,12:00:00,1388638800,25.2,22.5,28.7,21.3,84.0,0.0,0.0,Philippines
Manila,PH,2014-01-03,12:00:00,1388725200,25.2,21.2,29.8,10.2,79.0,0.0,0.0,Philippines
Manila,PH,2014-01-04,12:00:00,1388811600,25.3,21.2,29.7,7.8,53.0,0.0,0.0,Philippines
Manila,PH,2014-01-05,12:00:00,1388898000,25.3,22.5,29.0,21.3,75.0,0.0,0.0,Philippines
Manila,PH,2014-01-06,12:00:00,1388984400,25.5,23.7,28.7,22.6,80.0,0.0,0.0,Philippines
Manila,PH,2014-01-07,12:00:00,1389070800,25.5,23.6,28.4,23.7,78.0,0.0,0.0,Philippines
Manila,PH,2014-01-08,12:00:00,1389157200,25.5,22.6,29.2,17.1,80.0,0.0,0.0,Philippines
Manila,PH,2014-01-09,12:00:00,1389243600,25.2,23.0,28.7,21.7,76.0,0.0,0.0,Philippines
Manila,PH,2014-01-10,12:00:00,1389330000,24.4,22.9,26.8,31.7,73.0,0.0,0.0,Philippines
Manila,PH,2014-01-11,12:00:00,1389416400,24.0,22.4,26.6,33.5,65.0,0.0,0.0,Philippines
Manila,PH,2014-01-12,12:00:00,1389502800,24.2,22.5,27.1,25.6,61.0,0.2,0.0,Philippines
Manila,PH,2014-01-13,12:00:00,1389589200,23.5,22.6,25.1,21.6,55.0,0.7,0.0,Philippines
Manila,PH,2014-01-14,12:00:00,1389675600,24.6,22.1,28.5,11.4,33.0,0.0,0.0,Philippines
Manila,PH,2014-01-15,12:00:00,1389762000,23.4,20.6,27.0,30.8,54.0,0.0,0.0,Philippines
Manila,PH,2014-01-16,12:00:00,1389848400,23.2,21.3,25.6,27.3,57.0,0.0,0.0,Philippines
Manila,PH,2014-01-17,12:00:00,1389934800,23.4,21.4,26.6,23.2,55.0,0.0,0.0,Philippines
Manila,PH,2014-01-18,12:00:00,1390021200,23.2,21.3,25.7,26.9,57.0,0.0,0.0,Philippines
Manila,PH,2014-01-19,12:00:00,1390107600,22.5,21.0,24.7,37.5,61.0,0.0,0.0,Philippines
Manila,PH,2014-01-20,12:00:00,1390194000,22.8,20.5,25.8,21.3,63.0,0.0,0.0,Philippines
Manila,PH,2014-01-21,12:00:00,1390280400,23.3,20.5,26.7,15.3,60.0,0.0,0.0,Philippines
Manila,PH,2014-01-22,12:00:00,1390366800,23.8,21.8,27.2,22.4,64.0,0.0,0.0,Philippines
Manila,PH,2014-01-23,12:00:00,1390453200,22.8,21.3,25.4,29.5,67.0,0.0,0.0,Philippines
Manila,PH,2014-01-24,12:00:00,1390539600,22.5,20.6,25.8,27.1,76.0,0.0,0.0,Philippines
Manila,PH,2014-01-25,12:00:00,1390626000,22.7,20.0,26.4,18.9,86.0,0.0,0.0,Philippines
Manila,PH,2014-01-26,12:00:00,1390712400,22.8,17.8,27.7,11.2,79.0,0.0,0.0,Philippines
Manila,PH,2014-01-27,12:00:00,1390798800,23.2,19.5,26.9,16.6,79.0,0.0,0.0,Philippines
Manila,PH,2014-01-28,12:00:00,1390885200,23.8,20.7,27.7,20.3,73.0,0.0,0.0,Philippines
Manila,PH,2014-01-29,12:00:00,1390971600,23.9,21.1,27.7,17.0,74.0,0.0,0.0,Philippines
Manila,PH,2014-01-30,12:00:00,1391058000,23.6,20.3,27.1,17.9,75.0,0.2,0.0,Philippines
Manila,PH,2014-01-31,12:00:00,1391144400,23.9,20.0,27.8,21.2,64.0,0.0,0.0,Philippines
Manila,PH,2014-02-01,12:00:00,1391230800,25.3,22.8,28.4,24.6,46.0,0.2,0.0,Philippines
Manila,PH,2014-02-02,12:00:00,1391317200,26.6,23.6,30.8,14.5,130.0,0.0,0.0,Philippines
Manila,PH,2014-02-03,12:00:00,1391403600,25.5,22.5,28.3,11.4,259.0,1.2,0.0,Philippines
Manila,PH,2014-02-04,12:00:00,1391490000,26.4,22.9,30.4,9.0,122.0,0.0,0.0,Philippines
Manila,PH,2014-02-05,12:00:00,1391576400,26.0,22.3,30.1,15.1,92.0,0.1,0.0,Philippines
Manila,PH,2014-02-06,12:00:00,1391662800,26.5,23.5,30.2,16.2,94.0,0.0,0.0,Philippines
Manila,PH,2014-02-07,12:00:00,1391749200,26.8,22.2,31.6,10.3,103.0,0.0,0.0,Philippines
Manila,PH,2014-02-08,12:00:00,1391835600,27.0,22.9,31.8,13.6,98.0,0.0,0.0,Philippines
Manila,PH,2014-02-09,12:00:00,1391922000,27.0,24.1,31.2,16.5,97.0,0.0,0.0,Philippines
Manila,PH,2014-02-10,12:00:00,1392008400,26.9,22.8,31.1,10.4,81.0,0.0,0.0,Philippines
Manila,PH,2014-02-11,12:00:00,1392094800,26.0,24.0,28.8,20.2,80.0,0.1,0.0,Philippines
Manila,PH,2014-02-12,12:00:00,1392181200,25.0,22.8,28.5,22.0,82.0,0.0,0.0,Philippines
Manila,PH,2014-02-13,12:00:00,1392267600,24.9,21.5,29.5,17.6,89.0,0.0,0.0,Philippines
Manila,PH,2014-02-14,12:00:00,1392354000,24.6,20.8,29.5,19.6,83.0,0.0,0.0,Philippines
Manila,PH,2014-02-15,12:00:00,1392440400,24.3,22.2,27.6,18.8,84.0,0.1,0.0,Philippines
Manila,PH,2014-02-16,12:00:00,1392526800,24.8,22.6,28.3,22.3,86.0,0.0,0.0,Philippines
Manila,PH,2014-02-17,12:00:00,1392613200,25.1,22.6,28.4,20.6,87.0,0.0,0.0,Philippines
Manila,PH,2014-02-18,12:00:00,1392699600,24.8,21.1,28.5,15.5,99.0,0.0,0.0,Philippines
Manila,PH,2014-02-19,12:00:00,1392786000,25.1,21.4,29.1,10.8,98.0,0.0,0.0,Philippines
Manila,PH,2014-02-20,12:00:00,1392872400,25.0,22.6,28.3,17.7,71.0,0.1,0.0,Philippines
Manila,PH,2014-02-21,12:00:00,1392958800,24.0,22.4,26.6,25.5,71.0,0.0,0.0,Philippines
Manila,PH,2014-02-22,12:00:00,1393045200,23.9,21.8,27.0,22.9,73.0,0.0,0.0,Philippines
Manila,PH,2014-02-23,12:00:00,1393131600,23.9,22.1,27.0,26.2,75.0,0.0,0.0,Philippines
Manila,PH,2014-02-24,12:00:00,1393218000,24.6,22.3,28.0,25.3,78.0,0.0,0.0,Philippines
Manila,PH,2014-02-25,12:00:00,1393304400,25.0,21.4,29.3,16.1,81.0,0.2,0.0,Philippines
Manila,PH,2014-02-26,12:00:00,1393390800,25.1,22.7,28.4,17.2,81.0,0.1,0.0,Philippines
Manila,PH,2014-02-27,12:00:00,1393477200,25.2,21.6,29.4,21.4,83.0,0.0,0.0,Philippines
Manila,PH,2014-02-28,12:00:00,1393563600,25.5,22.0,29.7,18.7,89.0,0.0,0.0,Philippines
Manila,PH,2014-03-01,12:00:00,1393650000,25.7,21.0,30.9,15.4,91.0,0.0,0.0,Philippines
Manila,PH,2014-03-02,12:00:00,1393736400,25.9,20.7,30.5,6.7,103.0,0.0,0.0,Philippines
Manila,PH,2014-03-03,12:00:00,1393822800,26.4,22.3,31.0,15.7,98.0,0.0,0.0,Philippines
Manila,PH,2014-03-04,12:00:00,1393909200,26.0,22.2,29.6,17.0,97.0,0.0,0.0,Philippines
Manila,PH,2014-03-05,12:00:00,1393995600,25.7,22.1,28.8,14.1,92.0,0.6,0.0,Philippines
Manila,PH,2014-03-06,12:00:00,1394082000,26.2,23.4,30.5,20.0,84.0,0.0,0.0,Philippines
Manila,PH,2014-03-07,12:00:00,1394168400,25.5,23.0,28.6,22.7,84.0,0.0,0.0,Philippines
Manila,PH,2014-03-08,12:00:00,1394254800,25.9,23.1,29.5,18.8,89.0,0.1,0.0,Philippines
Manila,PH,2014-03-09,12:00:00,1394341200,26.2,21.9,31.2,14.0,86.0,0.0,0.0,Philippines
Manila,PH,2014-03-10,12:00:00,1394427600,26.1,23.6,29.6,24.6,79.0,0.0,0.0,Philippines
Manila,PH,2014-03-11,12:00:00,1394514000,25.9,23.9,28.8,29.7,81.0,1.1,0.0,Philippines
Manila,PH,2014-03-12,12:00:00,1394600400,26.6,24.1,30.5,26.0,88.0,0.0,0.0,Philippines
Manila,PH,2014-03-13,12:00:00,1394686800,27.2,22.7,31.9,16.3,90.0,0.0,0.0,Philippines
Manila,PH,2014-03-14,12:00:00,1394773200,27.4,23.9,31.6,22.8,81.0,0.0,0.0,Philippines
Manila,PH,2014-03-15,12:00:00,1394859600,26.6,24.4,30.0,28.6,79.0,0.0,0.0,Philippines
Manila,PH,2014-03-16,12:00:00,1394946000,26.6,24.3,30.6,26.0,82.0,0.0,0.0,Philippines
Manila,PH,2014-03-17,12:00:00,1395032400,26.3,23.8,30.1,28.4,84.0,0.0,0.0,Philippines
Manila,PH,2014-03-18,12:00:00,1395118800,26.6,22.9,31.1,20.2,90.0,0.0,0.0,Philippines
Manila,PH,2014-03-19,12:00:00,1395205200,26.9,23.0,31.4,17.3,93.0,0.0,0.0,Philippines
Manila,PH,2014-03-20,12:00:00,1395291600,27.2,21.9,32.4,13.8,89.0,0.0,0.0,Philippines
Manila,PH,2014-03-21,12:00:00,1395378000,26.4,22.9,30.6,27.2,76.0,0.0,0.0,Philippines
Manila,PH,2014-03-22,12:00:00,1395464400,26.0,24.1,29.0,31.3,71.0,0.0,0.0,Philippines
Manila,PH,2014-03-23,12:00:00,1395550800,26.0,23.6,29.2,30.4,64.0,0.0,0.0,Philippines
Manila,PH,2014-03-24,12:00:00,1395637200,25.2,24.2,27.1,24.5,71.0,9.4,0.0,Philippines
Manila,PH,2014-03-25,12:00:00,1395723600,26.0,23.9,29.3,24.2,78.0,2.1,0.0,Philippines
Manila,PH,2014-03-26,12:00:00,1395810000,27.1,24.8,30.7,20.3,82.0,1.1,0.0,Philippines
Manila,PH,2014-03-27,12:00:00,1395896400,27.4,24.8,30.7,18.4,85.0,0.2,0.0,Philippines
Manila,PH,2014-03-28,12:00:00,1395982800,27.8,24.6,32.1,21.4,93.0,0.0,0.0,Philippines
Manila,PH,2014-03-29,12:00:00,1396069200,28.2,25.2,31.8,12.1,101.0,0.0,0.0,Philippines
Manila,PH,2014-03-30,12:00:00,1396155600,28.2,24.4,32.5,17.5,95.0,0.0,0.0,Philippines
Manila,PH,2014-03-31,12:00:00,1396242000,28.4,25.2,32.5,16.0,101.0,0.0,0.0,Philippines
Manila,PH,2014-04-01,12:00:00,1396328400,28.5,24.0,33.1,10.8,124.0,0.0,0.0,Philippines
Manila,PH,2014-04-02,12:00:00,1396414800,28.7,24.7,33.1,17.5,96.0,0.0,0.0,Philippines
Manila,PH,2014-04-03,12:00:00,1396501200,28.7,24.9,33.4,16.6,96.0,0.0,0.0,Philippines
Manila,PH,2014-04-04,12:00:00,1396587600,28.5,24.9,33.2,15.5,100.0,0.0,0.0,Philippines
Manila,PH,2014-04-05,12:00:00,1396674000,28.3,25.0,32.8,18.1,95.0,0.0,0.0,Philippines
Manila,PH,2014-04-06,12:00:00,1396760400,27.7,24.8,31.8,22.0,88.0,0.0,0.0,Philippines
Manila,PH,2014-04-07,12:00:00,1396846800,28.3,24.2,32.8,18.7,91.0,0.0,0.0,Philippines
Manila,PH,2014-04-08,12:00:00,1396933200,28.0,24.8,32.1,12.6,80.0,0.0,0.0,Philippines
Manila,PH,2014-04-09,12:00:00,1397019600,28.2,25.1,32.4,11.8,67.0,0.4,0.0,Philippines
Manila,PH,2014-04-10,12:00:00,1397106000,28.5,25.4,33.2,18.2,90.0,0.0,0.0,Philippines
Manila,PH,2014-04-11,12:00:00,1397192400,28.2,25.3,32.4,16.5,81.0,0.0,0.0,Philippines
Manila,PH,2014-04-12,12:00:00,1397278800,28.3,25.1,32.4,13.5,83.0,0.0,0.0,Philippines
Manila,PH,2014-04-13,12:00:00,1397365200,28.6,25.0,32.4,8.0,79.0,0.0,0.0,Philippines
Manila,PH,2014-04-14,12:00:00,1397451600,28.9,24.6,33.5,12.5,71.0,0.0,0.0,Philippines
Manila,PH,2014-04-15,12:00:00,1397538000,28.0,25.7,30.9,21.5,78.0,0.0,0.0,Philippines
Manila,PH,2014-04-16,12:00:00,1397624400,27.2,25.5,30.0,18.2,89.0,0.3,0.0,Philippines
Manila,PH,2014-04-17,12:00:00,1397710800,28.3,24.5,32.6,13.3,98.0,0.0,0.0,Philippines
Manila,PH,2014-04-18,12:00:00,1397797200,29.2,25.5,33.8,16.5,97.0,0.0,0.0,Philippines
Manila,PH,2014-04-19,12:00:00,1397883600,29.2,25.7,32.5,9.4,96.0,0.2,0.0,Philippines
Manila,PH,2014-04-20,12:00:00,1397970000,29.2,26.5,33.5,11.2,93.0,0.2,0.0,Philippines
Manila,PH,2014-04-21,12:00:00,1398056400,29.5,25.7,34.7,18.4,98.0,0.0,0.0,Philippines
Manila,PH,2014-04-22,12:00:00,1398142800,29.4,24.9,35.0,15.5,101.0,0.0,0.0,Philippines
Manila,PH,2014-04-23,12:00:00,1398229200,29.2,25.3,34.1,9.4,106.0,0.6,0.0,Philippines
Manila,PH,2014-04-24,12:00:00,1398315600,28.8,26.4,31.2,13.5,92.0,1.1,0.0,Philippines
Manila,PH,2014-04-25,12:00:00,1398402000,29.5,26.7,33.6,8.2,94.0,1.0,0.0,Philippines
Manila,PH,2014-04-26,12:00:00,1398488400,29.6,25.8,33.6,11.2,87.0,0.0,0.0,Philippines
Manila,PH,2014-04-27,12:00:00,1398574800,30.2,26.3,34.6,11.9,102.0,0.0,0.0,Philippines
Manila,PH,2014-04-28,12:00:00,1398661200,29.3,26.5,34.1,7.6,341.0,1.5,0.0,Philippines
Manila,PH,2014-04-29,12:00:00,1398747600,28.9,26.4,33.2,7.3,106.0,0.6,0.0,Philippines
Manila,PH,2014-04-30,12:00:00,1398834000,29.1,25.8,33.0,9.2,91.0,0.3,0.0,Philippines
Manila,PH,2014-05-01,12:00:00,1398920400,29.3,26.1,32.7,9.2,108.0,0.1,0.0,Philippines
Manila,PH,2014-05-02,12:00:00,1399006800,29.5,26.4,33.6,13.2,83.0,0.2,0.0,Philippines
Manila,PH,2014-05-03,12:00:00,1399093200,29.5,26.3,33.8,14.8,81.0,0.3,0.0,Philippines
Manila,PH,2014-05-04,12:00:00,1399179600,29.5,26.6,33.8,16.7,86.0,0.0,0.0,Philippines
Manila,PH,2014-05-05,12:00:00,1399266000,29.7,25.7,34.0,16.6,87.0,0.0,0.0,Philippines
Manila,PH,2014-05-06,12:00:00,1399352400,29.9,26.7,34.3,16.2,86.0,0.0,0.0,Philippines
Manila,PH,2014-05-07,12:00:00,1399438800,29.7,25.4,34.0,17.4,85.0,0.0,0.0,Philippines
Manila,PH,2014-05-08,12:00:00,1399525200,30.1,26.5,35.1,8.8,97.0,1.1,0.0,Philippines
Manila,PH,2014-05-09,12:00:00,1399611600,29.7,27.2,34.0,11.2,106.0,2.0,0.0,Philippines
Manila,PH,2014-05-10,12:00:00,1399698000,29.1,26.9,33.9,11.3,100.0,2.2,0.0,Philippines
Manila,PH,2014-05-11,12:00:00,1399784400,30.1,26.4,34.3,12.6,104.0,0.0,0.0,Philippines
Manila,PH,2014-05-12,12:00:00,1399870800,30.4,26.9,35.0,17.7,108.0,0.2,0.0,Philippines
Manila,PH,2014-05-13,12:00:00,1399957200,30.0,26.9,33.8,11.5,98.0,0.0,0.0,Philippines
Manila,PH,2014-05-14,12:00:00,1400043600,29.7,27.0,33.8,12.1,152.0,0.5,0.0,Philippines
Manila,PH,2014-05-15,12:00:00,1400130000,30.3,26.5,35.0,13.2,216.0,0.3,0.0,Philippines
Manila,PH,2014-05-16,12:00:00,1400216400,30.8,26.8,34.8,7.6,150.0,0.0,0.0,Philippines
Manila,PH,2014-05-17,12:00:00,1400302800,31.5,27.2,36.5,14.9,107.0,0.0,0.0,Philippines
Manila,PH,2014-05-18,12:00:00,1400389200,31.0,27.6,34.9,7.8,97.0,0.6,0.0,Philippines
Manila,PH,2014-05-19,12:00:00,1400475600,31.3,27.5,35.8,12.4,92.0,0.0,0.0,Philippines
Manila,PH,2014-05-20,12:00:00,1400562000,30.8,27.2,35.7,12.0,183.0,0.4,0.0,Philippines
Manila,PH,2014-05-21,12:00:00,1400648400,29.9,27.3,34.7,10.2,162.0,1.3,0.0,Philippines
Manila,PH,2014-05-22,12:00:00,1400734800,29.6,26.4,34.5,12.4,115.0,3.7,0.0,Philippines
Manila,PH,2014-05-23,12:00:00,1400821200,29.9,27.0,34.4,10.4,99.0,0.9,0.0,Philippines
Manila,PH,2014-05-24,12:00:00,1400907600,29.9,26.4,34.0,18.1,88.0,0.0,0.0,Philippines
Manila,PH,2014-05-25,12:00:00,1400994000,29.2,26.2,34.3,11.9,96.0,12.4,0.0,Philippines
Manila,PH,2014-05-26,12:00:00,1401080400,28.7,26.3,32.8,10.8,98.0,5.1,0.0,Philippines
Manila,PH,2014-05-27,12:00:00,1401166800,28.7,26.1,31.9,11.3,127.0,3.7,0.0,Philippines
Manila,PH,2014-05-28,12:00:00,1401253200,29.1,26.6,32.5,10.9,250.0,1.1,0.0,Philippines
Manila,PH,2014-05-29,12:00:00,1401339600,28.7,26.3,31.6,11.0,211.0,3.8,0.0,Philippines
Manila,PH,2014-05-30,12:00:00,1401426000,28.8,26.4,32.2,6.9,103.0,2.7,0.0,Philippines
Manila,PH,2014-05-31,12:00:00,1401512400,29.1,26.3,32.3,9.5,101.0,1.5,0.0,Philippines
Manila,PH,2014-06-01,12:00:00,1401598800,29.3,26.5,33.2,9.8,104.0,1.6,0.0,Philippines
Manila,PH,2014-06-02,12:00:00,1401685200,29.6,26.7,33.3,11.3,222.0,1.5,0.0,Philippines
Manila,PH,2014-06-03,12:00:00,1401771600,28.3,26.4,30.9,12.3,238.0,7.4,0.0,Philippines
Manila,PH,2014-06-04,12:00:00,1401858000,28.4,26.7,30.9,14.8,258.0,4.3,0.0,Philippines
Manila,PH,2014-06-05,12:00:00,1401944400,28.5,26.5,30.8,15.4,251.0,2.2,0.0,Philippines
Manila,PH,2014-06-06,12:00:00,1402030800,28.6,26.4,31.3,17.8,269.0,1.2,0.0,Philippines
Manila,PH,2014-06-07,12:00:00,1402117200,28.5,26.1,31.1,21.7,265.0,3.1,0.0,Philippines
Manila,PH,2014-06-08,12:00:00,1402203600,28.1,26.3,30.8,19.1,255.0,1.9,0.0,Philippines
Manila,PH,2014-06-09,12:00:00,1402290000,28.0,26.1,30.7,16.5,239.0,5.6,0.0,Philippines
Manila,PH,2014-06-10,12:00:00,1402376400,27.0,25.8,30.3,18.6,239.0,13.1,0.0,Philippines
Manila,PH,2014-06-11,12:00:00,1402462800,26.7,25.7,28.6,23.2,227.0,12.8,0.0,Philippines
Manila,PH,2014-06-12,12:00:00,1402549200,26.7,25.8,28.6,23.7,225.0,11.5,0.0,Philippines
Manila,PH,2014-06-13,12:00:00,1402635600,26.9,25.5,29.1,20.1,217.0,8.5,0.0,Philippines
Manila,PH,2014-06-14,12:00:00,1402722000,27.2,25.4,29.6,16.4,223.0,5.4,0.0,Philippines
Manila,PH,2014-06-15,12:00:00,1402808400,27.5,25.4,30.5,17.0,237.0,4.5,0.0,Philippines
Manila,PH,2014-06-16,12:00:00,1402894800,28.0,25.6,31.4,10.3,189.0,2.4,0.0,Philippines
Manila,PH,2014-06-17,12:00:00,1402981200,27.9,25.4,31.4,9.0,203.0,6.2,0.0,Philippines
Manila,PH,2014-06-18,12:00:00,1403067600,26.7,25.4,29.2,16.5,252.0,40.2,0.0,Philippines
Manila,PH,2014-06-19,12:00:00,1403154000,26.5,24.9,28.6,16.9,241.0,11.3,0.0,Philippines
Manila,PH,2014-06-20,12:00:00,1403240400,26.3,25.3,28.6,21.7,228.0,10.8,0.0,Philippines
Manila,PH,2014-06-21,12:00:00,1403326800,27.3,25.1,30.3,17.9,231.0,1.7,0.0,Philippines
Manila,PH,2014-06-22,12:00:00,1403413200,26.8,25.3,29.0,18.7,230.0,4.2,0.0,Philippines
Manila,PH,2014-06-23,12:00:00,1403499600,27.2,25.2,30.2,22.1,235.0,3.6,0.0,Philippines
Manila,PH,2014-06-24,12:00:00,1403586000,27.8,25.6,30.5,15.7,250.0,0.1,0.0,Philippines
Manila,PH,2014-06-25,12:00:00,1403672400,27.9,25.7,30.5,16.0,261.0,7.4,0.0,Philippines
Manila,PH,2014-06-26,12:00:00,1403758800,26.7,25.1,29.1,12.9,266.0,26.0,0.0,Philippines
Manila,PH,2014-06-27,12:00:00,1403845200,25.7,24.9,27.5,19.8,244.0,8.7,0.0,Philippines
Manila,PH,2014-06-28,12:00:00,1403931600,26.9,24.8,29.3,19.0,233.0,1.4,0.0,Philippines
Manila,PH,2014-06-29,12:00:00,1404018000,27.2,25.3,29.7,15.3,227.0,5.6,0.0,Philippines
Manila,PH,2014-06-30,12:00:00,1404104400,27.3,25.3,29.4,13.5,255.0,4.9,0.0,Philippines
Manila,PH,2014-07-01,12:00:00,1404190800,27.1,25.4,29.9,8.3,293.0,3.6,0.0,Philippines
Manila,PH,2014-07-02,12:00:00,1404277200,27.3,25.2,30.2,8.7,298.0,3.1,0.0,Philippines
Manila,PH,2014-07-03,12:00:00,1404363600,27.0,24.9,30.0,17.5,275.0,5.2,0.0,Philippines
Manila,PH,2014-07-04,12:00:00,1404450000,25.9,25.0,26.9,17.4,260.0,19.2,0.0,Philippines
Manila,PH,2014-07-05,12:00:00,1404536400,26.6,24.8,29.0,19.4,243.0,4.5,0.0,Philippines
Manila,PH,2014-07-06,12:00:00,1404622800,26.6,25.0,28.7,22.7,243.0,3.1,0.0,Philippines
Manila,PH,2014-07-07,12:00:00,1404709200,26.4,25.5,27.9,25.9,250.0,9.8,0.0,Philippines
Manila,PH,2014-07-08,12:00:00,1404795600,26.4,25.1,28.2,24.5,230.0,7.9,0.0,Philippines
Manila,PH,2014-07-09,12:00:00,1404882000,26.0,25.1,27.4,18.0,216.0,12.8,0.0,Philippines
Manila,PH,2014-07-10,12:00:00,1404968400,26.9,25.2,29.6,18.0,222.0,1.8,0.0,Philippines
Manila,PH,2014-07-11,12:00:00,1405054800,27.1,24.9,29.6,9.4,175.0,2.6,0.0,Philippines
Manila,PH,2014-07-12,12:00:00,1405141200,28.1,24.9,32.1,12.8,123.0,0.7,0.0,Philippines
Manila,PH,2014-07-13,12:00:00,1405227600,27.9,25.3,31.0,8.6,124.0,1.6,0.0,Philippines
Manila,PH,2014-07-14,12:00:00,1405314000,27.8,25.5,31.2,5.1,314.0,2.5,0.0,Philippines
Manila,PH,2014-07-15,12:00:00,1405400400,26.2,24.9,28.0,25.6,318.0,33.7,0.0,Philippines
Manila,PH,2014-07-16,12:00:00,1405486800,25.7,25.0,26.5,54.4,84.0,98.9,0.0,Philippines
Manila,PH,2014-07-17,12:00:00,1405573200,26.5,25.0,28.7,16.5,199.0,2.5,0.0,Philippines
Manila,PH,2014-07-18,12:00:00,1405659600,26.7,24.7,28.6,16.2,261.0,2.6,0.0,Philippines
Manila,PH,2014-07-19,12:00:00,1405746000,26.3,25.0,28.5,11.7,282.0,11.2,0.0,Philippines
Manila,PH,2014-07-20,12:00:00,1405832400,26.2,24.6,28.7,16.4,272.0,12.5,0.0,Philippines
Manila,PH,2014-07-21,12:00:00,1405918800,26.3,25.1,27.4,20.1,237.0,5.5,0.0,Philippines
Manila,PH,2014-07-22,12:00:00,1406005200,25.6,25.0,26.6,27.8,229.0,28.8,0.0,Philippines
Manila,PH,2014-07-23,12:00:00,1406091600,25.8,24.8,27.6,25.2,237.0,8.4,0.0,Philippines
Manila,PH,2014-07-24,12:00:00,1406178000,25.9,24.9,27.2,18.1,245.0,14.9,0.0,Philippines
Manila,PH,2014-07-25,12:00:00,1406264400,26.2,24.8,28.6,18.8,254.0,5.6,0.0,Philippines
Manila,PH,2014-07-26,12:00:00,1406350800,25.9,24.6,27.8,16.1,257.0,10.3,0.0,Philippines
Manila,PH,2014-07-27,12:00:00,1406437200,25.9,24.1,28.1,12.3,246.0,3.9,0.0,Philippines
Manila,PH,2014-07-28,12:00:00,1406523600,26.0,24.6,28.1,21.8,233.0,4.2,0.0,Philippines
Manila,PH,2014-07-29,12:00:00,1406610000,26.0,24.7,28.0,17.1,232.0,5.9,0.0,Philippines
Manila,PH,2014-07-30,12:00:00,1406696400,26.0,24.8,27.9,24.3,238.0,13.8,0.0,Philippines
Manila,PH,2014-07-31,12:00:00,1406782800,26.1,25.1,27.7,29.3,238.0,7.5,0.0,Philippines
Manila,PH,2014-08-01,12:00:00,1406869200,25.9,25.0,27.5,27.1,238.0,10.9,0.0,Philippines
Manila,PH,2014-08-02,12:00:00,1406955600,26.0,25.0,27.7,26.4,240.0,7.1,0.0,Philippines
Manila,PH,2014-08-03,12:00:00,1407042000,25.8,24.9,27.3,23.0,249.0,18.2,0.0,Philippines
Manila,PH,2014-08-04,12:00:00,1407128400,25.3,24.5,26.7,23.5,242.0,17.7,0.0,Philippines
Manila,PH,2014-08-05,12:00:00,1407214800,24.9,24.4,25.3,28.0,244.0,40.5,0.0,Philippines
Manila,PH,2014-08-06,12:00:00,1407301200,26.6,24.9,28.4,25.6,249.0,2.7,0.0,Philippines
Manila,PH,2014-08-07,12:00:00,1407387600,27.3,25.3,29.4,24.2,250.0,1.5,0.0,Philippines
Manila,PH,2014-08-08,12:00:00,1407474000,27.6,26.0,29.7,24.9,249.0,0.7,0.0,Philippines
Manila,PH,2014-08-09,12:00:00,1407560400,27.6,26.3,29.6,23.6,251.0,0.1,0.0,Philippines
Manila,PH,2014-08-10,12:00:00,1407646800,27.6,26.1,30.0,22.2,257.0,0.2,0.0,Philippines
Manila,PH,2014-08-11,12:00:00,1407733200,27.5,25.7,29.7,20.6,260.0,0.6,0.0,Philippines
Manila,PH,2014-08-12,12:00:00,1407819600,27.3,25.8,29.3,21.9,256.0,0.1,0.0,Philippines
Manila,PH,2014-08-13,12:00:00,1407906000,27.6,25.5,30.0,18.5,260.0,0.0,0.0,Philippines
Manila,PH,2014-08-14,12:00:00,1407992400,27.8,24.7,31.2,11.2,282.0,0.0,0.0,Philippines
Manila,PH,2014-08-15,12:00:00,1408078800,27.9,25.7,31.2,9.7,333.0,1.6,0.0,Philippines
Manila,PH,2014-08-16,12:00:00,1408165200,27.2,25.2,30.1,16.1,299.0,1.8,0.0,Philippines
Manila,PH,2014-08-17,12:00:00,1408251600,25.8,24.9,27.5,18.7,240.0,10.5,0.0,Philippines
Manila,PH,2014-08-18,12:00:00,1408338000,26.7,24.5,29.3,14.0,253.0,4.4,0.0,Philippines
Manila,PH,2014-08-19,12:00:00,1408424400,27.0,24.6,30.3,6.1,266.0,8.9,0.0,Philippines
Manila,PH,2014-08-20,12:00:00,1408510800,27.4,25.0,30.3,10.3,27.0,11.2,0.0,Philippines
Manila,PH,2014-08-21,12:00:00,1408597200,27.3,25.1,30.2,14.5,81.0,10.5,0.0,Philippines
Manila,PH,2014-08-22,12:00:00,1408683600,25.9,24.8,27.7,7.4,83.0,21.1,0.0,Philippines
Manila,PH,2014-08-23,12:00:00,1408770000,26.8,24.2,29.4,7.8,223.0,3.0,0.0,Philippines
Manila,PH,2014-08-24,12:00:00,1408856400,27.1,24.8,29.4,13.3,270.0,3.6,0.0,Philippines
Manila,PH,2014-08-25,12:00:00,1408942800,26.5,24.9,28.8,11.4,307.0,13.6,0.0,Philippines
Manila,PH,2014-08-26,12:00:00,1409029200,25.4,24.5,27.7,12.6,340.0,78.8,0.0,Philippines
Manila,PH,2014-08-27,12:00:00,1409115600,26.8,24.6,29.7,7.2,118.0,2.9,0.0,Philippines
Manila,PH,2014-08-28,12:00:00,1409202000,26.5,24.7,29.3,10.4,79.0,2.1,0.0,Philippines
Manila,PH,2014-08-29,12:00:00,1409288400,26.3,24.8,28.9,14.4,83.0,2.3,0.0,Philippines
Manila,PH,2014-08-30,12:00:00,1409374800,26.6,25.0,29.0,13.4,113.0,1.3,0.0,Philippines
Manila,PH,2014-08-31,12:00:00,1409461200,26.5,24.3,29.0,8.2,206.0,9.0,0.0,Philippines
Manila,PH,2014-09-01,12:00:00,1409547600,26.5,24.4,29.3,6.0,74.0,5.1,0.0,Philippines
Manila,PH,2014-09-02,12:00:00,1409634000,26.3,24.0,29.3,9.5,319.0,1.5,0.0,Philippines
Manila,PH,2014-09-03,12:00:00,1409720400,26.1,24.9,27.8,11.6,257.0,13.0,0.0,Philippines
Manila,PH,2014-09-04,12:00:00,1409806800,25.8,24.3,28.2,7.0,77.0,14.9,0.0,Philippines
Manila,PH,2014-09-05,12:00:00,1409893200,26.0,24.7,28.8,14.8,105.0,10.1,0.0,Philippines
Manila,PH,2014-09-06,12:00:00,1409979600,26.9,24.6,29.5,17.8,216.0,0.3,0.0,Philippines
Manila,PH,2014-09-07,12:00:00,1410066000,27.1,25.3,29.6,18.5,239.0,0.8,0.0,Philippines
Manila,PH,2014-09-08,12:00:00,1410152400,26.3,24.6,28.3,14.4,243.0,19.7,0.0,Philippines
Manila,PH,2014-09-09,12:00:00,1410238800,25.6,24.7,28.1,12.8,229.0,26.4,0.0,Philippines
Manila,PH,2014-09-10,12:00:00,1410325200,25.1,24.4,26.2,13.9,235.0,17.6,0.0,Philippines
Manila,PH,2014-09-11,12:00:00,1410411600,26.8,24.6,29.2,18.3,247.0,3.4,0.0,Philippines
Manila,PH,2014-09-12,12:00:00,1410498000,26.9,25.0,29.5,20.9,253.0,1.0,0.0,Philippines
Manila,PH,2014-09-13,12:00:00,1410584400,26.1,24.5,28.7,22.7,266.0,14.5,0.0,Philippines
Manila,PH,2014-09-14,12:00:00,1410670800,25.2,24.6,25.7,33.1,247.0,59.9,0.0,Philippines
Manila,PH,2014-09-15,12:00:00,1410757200,26.0,24.6,27.9,27.8,192.0,22.1,0.0,Philippines
Manila,PH,2014-09-16,12:00:00,1410843600,26.6,24.8,28.3,17.2,242.0,0.4,0.0,Philippines
Manila,PH,2014-09-17,12:00:00,1410930000,27.1,24.1,31.2,8.4,326.0,3.7,0.0,Philippines
Manila,PH,2014-09-18,12:00:00,1411016400,27.2,24.9,30.1,11.9,291.0,2.3,0.0,Philippines
Manila,PH,2014-09-19,12:00:00,1411102800,25.7,25.3,26.6,38.4,237.0,81.8,0.0,Philippines
Manila,PH,2014-09-20,12:00:00,1411189200,25.9,24.8,27.5,30.0,234.0,6.9,0.0,Philippines
Manila,PH,2014-09-21,12:00:00,1411275600,26.7,25.2,28.8,23.2,249.0,1.4,0.0,Philippines
Manila,PH,2014-09-22,12:00:00,1411362000,26.7,25.1,28.9,16.3,263.0,1.4,0.0,Philippines
Manila,PH,2014-09-23,12:00:00,1411448400,26.9,24.4,29.7,14.5,255.0,0.9,0.0,Philippines
Manila,PH,2014-09-24,12:00:00,1411534800,27.2,24.7,30.0,6.2,345.0,6.0,0.0,Philippines
Manila,PH,2014-09-25,12:00:00,1411621200,27.0,25.0,29.7,5.1,44.0,4.8,0.0,Philippines
Manila,PH,2014-09-26,12:00:00,1411707600,26.8,24.5,29.6,4.9,56.0,1.8,0.0,Philippines
Manila,PH,2014-09-27,12:00:00,1411794000,27.7,25.2,30.9,8.1,95.0,0.6,0.0,Philippines
Manila,PH,2014-09-28,12:00:00,1411880400,27.7,25.8,30.3,7.2,236.0,3.0,0.0,Philippines
Manila,PH,2014-09-29,12:00:00,1411966800,27.3,25.1,29.9,10.8,291.0,0.8,0.0,Philippines
Manila,PH,2014-09-30,12:00:00,1412053200,27.4,25.5,30.1,8.6,220.0,0.5,0.0,Philippines
Manila,PH,2014-10-01,12:00:00,1412139600,27.1,24.8,30.0,6.8,223.0,6.2,0.0,Philippines
Manila,PH,2014-10-02,12:00:00,1412226000,26.8,24.8,29.8,14.6,247.0,1.9,0.0,Philippines
Manila,PH,2014-10-03,12:00:00,1412312400,26.9,24.9,29.3,12.6,275.0,2.1,0.0,Philippines
Manila,PH,2014-10-04,12:00:00,1412398800,26.7,24.8,29.0,7.0,123.0,11.8,0.0,Philippines
Manila,PH,2014-10-05,12:00:00,1412485200,26.5,24.7,29.2,10.2,98.0,9.6,0.0,Philippines
Manila,PH,2014-10-06,12:00:00,1412571600,26.9,24.9,29.6,4.6,15.0,1.6,0.0,Philippines
Manila,PH,2014-10-07,12:00:00,1412658000,26.6,24.6,30.2,6.5,360.0,17.8,0.0,Philippines
Manila,PH,2014-10-08,12:00:00,1412744400,25.8,24.9,26.9,6.0,264.0,17.2,0.0,Philippines
Manila,PH,2014-10-09,12:00:00,1412830800,26.5,24.4,28.9,14.8,255.0,1.1,0.0,Philippines
Manila,PH,2014-10-10,12:00:00,1412917200,26.7,24.4,29.9,9.0,269.0,2.1,0.0,Philippines
Manila,PH,2014-10-11,12:00:00,1413003600,26.0,24.5,28.2,7.6,219.0,35.3,0.0,Philippines
Manila,PH,2014-10-12,12:00:00,1413090000,26.3,24.2,29.0,9.0,137.0,9.1,0.0,Philippines
Manila,PH,2014-10-13,12:00:00,1413176400,26.3,24.5,28.7,6.7,71.0,6.5,0.0,Philippines
Manila,PH,2014-10-14,12:00:00,1413262800,26.5,24.6,28.9,13.2,83.0,7.4,0.0,Philippines
Manila,PH,2014-10-15,12:00:00,1413349200,26.0,24.9,27.7,18.1,68.0,3.3,0.0,Philippines
Manila,PH,2014-10-16,12:00:00,1413435600,26.3,24.3,29.0,18.6,74.0,4.5,0.0,Philippines
Manila,PH,2014-10-17,12:00:00,1413522000,25.7,24.1,27.7,16.3,57.0,3.6,0.0,Philippines
Manila,PH,2014-10-18,12:00:00,1413608400,25.4,24.0,27.5,13.2,53.0,6.8,0.0,Philippines
Manila,PH,2014-10-19,12:00:00,1413694800,26.8,24.7,30.0,15.3,82.0,0.3,0.0,Philippines
Manila,PH,2014-10-20,12:00:00,1413781200,26.9,24.2,29.8,10.1,93.0,0.9,0.0,Philippines
Manila,PH,2014-10-21,12:00:00,1413867600,26.9,24.9,29.6,9.7,78.0,2.1,0.0,Philippines
Manila,PH,2014-10-22,12:00:00,1413954000,26.9,24.4,30.0,9.5,80.0,0.6,0.0,Philippines
Manila,PH,2014-10-23,12:00:00,1414040400,26.9,24.4,30.2,12.3,78.0,0.7,0.0,Philippines
Manila,PH,2014-10-24,12:00:00,1414126800,26.7,24.3,29.7,14.2,76.0,0.4,0.0,Philippines
Manila,PH,2014-10-25,12:00:00,1414213200,27.0,23.8,30.2,14.8,87.0,0.0,0.0,Philippines
Manila,PH,2014-10-26,12:00:00,1414299600,26.8,24.7,29.6,15.6,68.0,0.5,0.0,Philippines
Manila,PH,2014-10-27,12:00:00,1414386000,25.8,24.7,27.5,18.4,79.0,4.9,0.0,Philippines
Manila,PH,2014-10-28,12:00:00,1414472400,26.2,24.7,28.0,22.2,74.0,0.0,0.0,Philippines
Manila,PH,2014-10-29,12:00:00,1414558800,26.5,25.1,28.9,18.3,76.0,0.8,0.0,Philippines
Manila,PH,2014-10-30,12:00:00,1414645200,26.6,24.0,29.5,17.8,75.0,0.0,0.0,Philippines
Manila,PH,2014-10-31,12:00:00,1414731600,26.8,24.3,29.8,15.0,70.0,0.0,0.0,Philippines
Manila,PH,2014-11-01,12:00:00,1414818000,27.4,24.5,30.2,13.0,77.0,0.1,0.0,Philippines
Manila,PH,2014-11-02,12:00:00,1414904400,27.4,24.0,30.5,7.7,40.0,0.3,0.0,Philippines
Manila,PH,2014-11-03,12:00:00,1414990800,27.2,24.1,30.7,9.1,100.0,0.0,0.0,Philippines
Manila,PH,2014-11-04,12:00:00,1415077200,26.5,24.9,29.0,14.8,95.0,0.0,0.0,Philippines
Manila,PH,2014-11-05,12:00:00,1415163600,26.3,24.6,28.8,16.7,85.0,0.0,0.0,Philippines
Manila,PH,2014-11-06,12:00:00,1415250000,25.9,24.3,28.2,19.3,88.0,0.0,0.0,Philippines
Manila,PH,2014-11-07,12:00:00,1415336400,25.2,22.9,28.3,23.7,75.0,0.0,0.0,Philippines
Manila,PH,2014-11-08,12:00:00,1415422800,25.5,22.7,28.5,15.3,68.0,0.0,0.0,Philippines
Manila,PH,2014-11-09,12:00:00,1415509200,26.1,24.1,29.2,14.2,74.0,0.2,0.0,Philippines
Manila,PH,2014-11-10,12:00:00,1415595600,26.4,23.8,29.7,16.2,84.0,0.0,0.0,Philippines
Manila,PH,2014-11-11,12:00:00,1415682000,26.2,22.9,29.8,18.7,76.0,0.0,0.0,Philippines
Manila,PH,2014-11-12,12:00:00,1415768400,26.1,23.5,29.2,18.2,77.0,0.0,0.0,Philippines
Manila,PH,2014-11-13,12:00:00,1415854800,26.2,23.6,29.7,21.7,68.0,0.0,0.0,Philippines
Manila,PH,2014-11-14,12:00:00,1415941200,25.9,23.9,28.3,22.2,65.0,0.1,0.0,Philippines
Manila,PH,2014-11-15,12:00:00,1416027600,24.6,24.0,25.4,11.9,49.0,27.6,0.0,Philippines
Manila,PH,2014-11-16,12:00:00,1416114000,26.0,24.0,29.0,11.6,76.0,2.0,0.0,Philippines
Manila,PH,2014-11-17,12:00:00,1416200400,26.5,23.7,29.8,9.2,73.0,0.0,0.0,Philippines
Manila,PH,2014-11-18,12:00:00,1416286800,26.9,24.2,30.1,13.4,84.0,0.0,0.0,Philippines
Manila,PH,2014-11-19,12:00:00,1416373200,26.5,24.7,29.1,20.9,72.0,0.0,0.0,Philippines
Manila,PH,2014-11-20,12:00:00,1416459600,26.4,24.7,28.5,22.7,76.0,0.0,0.0,Philippines
Manila,PH,2014-11-21,12:00:00,1416546000,26.7,24.7,29.8,17.0,87.0,0.0,0.0,Philippines
Manila,PH,2014-11-22,12:00:00,1416632400,26.9,24.2,30.4,10.6,86.0,0.2,0.0,Philippines
Manila,PH,2014-11-23,12:00:00,1416718800,27.1,24.3,30.3,17.9,85.0,0.0,0.0,Philippines
Manila,PH,2014-11-24,12:00:00,1416805200,27.0,24.0,29.9,17.4,79.0,0.0,0.0,Philippines
Manila,PH,2014-11-25,12:00:00,1416891600,27.2,24.3,30.5,12.2,83.0,0.0,0.0,Philippines
Manila,PH,2014-11-26,12:00:00,1416978000,27.0,24.7,29.8,18.4,77.0,0.1,0.0,Philippines
Manila,PH,2014-11-27,12:00:00,1417064400,26.6,25.3,28.4,23.0,72.0,2.3,0.0,Philippines
Manila,PH,2014-11-28,12:00:00,1417150800,26.9,24.7,30.0,23.1,84.0,1.1,0.0,Philippines
Manila,PH,2014-11-29,12:00:00,1417237200,26.7,25.3,29.2,21.1,86.0,0.6,0.0,Philippines
Manila,PH,2014-11-30,12:00:00,1417323600,25.8,24.6,27.4,17.4,83.0,7.0,0.0,Philippines
Manila,PH,2014-12-01,12:00:00,1417410000,26.5,24.5,29.0,16.2,84.0,0.0,0.0,Philippines
Manila,PH,2014-12-02,12:00:00,1417496400,26.5,25.1,28.7,18.6,84.0,0.0,0.0,Philippines
Manila,PH,2014-12-03,12:00:00,1417582800,26.7,24.5,29.6,24.2,82.0,0.0,0.0,Philippines
Manila,PH,2014-12-04,12:00:00,1417669200,27.0,24.3,30.1,8.7,49.0,0.0,0.0,Philippines
Manila,PH,2014-12-05,12:00:00,1417755600,26.3,24.1,29.4,19.5,65.0,0.1,0.0,Philippines
Manila,PH,2014-12-06,12:00:00,1417842000,25.3,23.3,27.9,26.2,52.0,0.0,0.0,Philippines
Manila,PH,2014-12-07,12:00:00,1417928400,23.4,22.6,24.2,19.2,18.0,6.8,0.0,Philippines
Manila,PH,2014-12-08,12:00:00,1418014800,24.0,23.2,25.0,26.8,346.0,41.4,0.0,Philippines
Manila,PH,2014-12-09,12:00:00,1418101200,24.8,24.5,25.1,30.0,81.0,33.3,0.0,Philippines
Manila,PH,2014-12-10,12:00:00,1418187600,26.2,24.0,29.4,21.2,90.0,0.8,0.0,Philippines
Manila,PH,2014-12-11,12:00:00,1418274000,26.0,23.5,29.3,10.1,70.0,0.5,0.0,Philippines
Manila,PH,2014-12-12,12:00:00,1418360400,26.3,23.6,29.6,11.7,80.0,0.0,0.0,Philippines
Manila,PH,2014-12-13,12:00:00,1418446800,26.1,24.0,28.8,15.5,73.0,0.1,0.0,Philippines
Manila,PH,2014-12-14,12:00:00,1418533200,25.4,24.0,27.7,24.2,67.0,14.6,0.0,Philippines
Manila,PH,2014-12-15,12:00:00,1418619600,25.5,24.2,27.4,18.5,62.0,1.8,0.0,Philippines
Manila,PH,2014-12-16,12:00:00,1418706000,26.0,23.4,29.1,15.7,74.0,0.5,0.0,Philippines
Manila,PH,2014-12-17,12:00:00,1418792400,25.1,23.6,26.4,27.0,58.0,1.3,0.0,Philippines
Manila,PH,2014-12-18,12:00:00,1418878800,24.4,23.2,26.7,35.8,65.0,0.0,0.0,Philippines
Manila,PH,2014-12-19,12:00:00,1418965200,24.5,23.2,27.0,26.7,70.0,0.0,0.0,Philippines
Manila,PH,2014-12-20,12:00:00,1419051600,25.4,22.9,28.0,14.5,66.0,0.2,0.0,Philippines
Manila,PH,2014-12-21,12:00:00,1419138000,25.7,23.8,28.1,23.7,69.0,0.0,0.0,Philippines
Manila,PH,2014-12-22,12:00:00,1419224400,25.1,24.2,26.8,28.7,60.0,2.0,0.0,Philippines
Manila,PH,2014-12-23,12:00:00,1419310800,25.3,24.3,27.3,28.9,69.0,1.8,0.0,Philippines
Manila,PH,2014-12-24,12:00:00,1419397200,25.2,23.7,28.2,11.3,52.0,59.8,0.0,Philippines
Manila,PH,2014-12-25,12:00:00,1419483600,25.5,24.3,27.6,26.5,72.0,6.2,0.0,Philippines
Manila,PH,2014-12-26,12:00:00,1419570000,25.4,23.9,27.9,24.7,68.0,0.0,0.0,Philippines
Manila,PH,2014-12-27,12:00:00,1419656400,25.2,23.7,27.4,24.8,72.0,0.0,0.0,Philippines
Manila,PH,2014-12-28,12:00:00,1419742800,25.0,23.1,27.8,20.4,65.0,0.0,0.0,Philippines
Manila,PH,2014-12-29,12:00:00,1419829200,24.6,21.7,27.7,14.3,53.0,0.0,0.0,Philippines
Manila,PH,2014-12-30,12:00:00,1419915600,23.9,23.0,25.6,16.2,49.0,4.7,0.0,Philippines
Manila,PH,2014-12-31,12:00:00,1420002000,23.5,23.0,24.5,17.8,53.0,7.5,0.0,Philippines
Manila,PH,2015-01-01,12:00:00,1420088400,22.5,21.4,23.7,25.0,61.0,16.5,0.0,Philippines
Manila,PH,2015-01-02,12:00:00,1420174800,23.3,21.7,25.6,33.4,68.0,0.4,0.0,Philippines
Manila,PH,2015-01-03,12:00:00,1420261200,23.9,22.2,26.5,26.8,71.0,0.0,0.0,Philippines
Manila,PH,2015-01-04,12:00:00,1420347600,24.4,22.0,27.8,18.1,78.0,0.0,0.0,Philippines
Manila,PH,2015-01-05,12:00:00,1420434000,24.5,21.2,28.2,15.3,86.0,0.1,0.0,Philippines
Manila,PH,2015-01-06,12:00:00,1420520400,24.6,21.6,27.9,11.1,93.0,0.0,0.0,Philippines
Manila,PH,2015-01-07,12:00:00,1420606800,24.6,21.9,27.7,16.5,86.0,0.1,0.0,Philippines
Manila,PH,2015-01-08,12:00:00,1420693200,24.2,22.6,26.7,28.8,67.0,0.3,0.0,Philippines
Manila,PH,2015-01-09,12:00:00,1420779600,23.5,22.1,25.8,30.6,71.0,0.2,0.0,Philippines
Manila,PH,2015-01-10,12:00:00,1420866000,23.1,21.3,25.5,27.8,69.0,0.0,0.0,Philippines
Manila,PH,2015-01-11,12:00:00,1420952400,23.3,21.3,25.7,26.7,72.0,0.0,0.0,Philippines
Manila,PH,2015-01-12,12:00:00,1421038800,23.6,22.0,26.2,26.2,73.0,0.0,0.0,Philippines
Manila,PH,2015-01-13,12:00:00,1421125200,24.1,22.0,27.2,18.8,76.0,0.0,0.0,Philippines
Manila,PH,2015-01-14,12:00:00,1421211600,24.4,21.8,27.5,10.7,63.0,0.2,0.0,Philippines
Manila,PH,2015-01-15,12:00:00,1421298000,24.3,21.3,27.7,16.1,68.0,0.1,0.0,Philippines
Manila,PH,2015-01-16,12:00:00,1421384400,24.3,22.0,27.6,21.3,67.0,0.0,0.0,Philippines
Manila,PH,2015-01-17,12:00:00,1421470800,23.5,21.7,26.0,21.5,56.0,0.0,0.0,Philippines
Manila,PH,2015-01-18,12:00:00,1421557200,21.7,21.1,23.1,18.1,329.0,39.6,0.0,Philippines
Manila,PH,2015-01-19,12:00:00,1421643600,24.2,21.0,27.7,6.4,320.0,4.2,0.0,Philippines
Manila,PH,2015-01-20,12:00:00,1421730000,25.0,22.3,28.2,8.2,106.0,0.0,0.0,Philippines
Manila,PH,2015-01-21,12:00:00,1421816400,24.9,21.9,27.9,11.2,285.0,0.0,0.0,Philippines
Manila,PH,2015-01-22,12:00:00,1421902800,24.5,22.6,27.2,10.1,9.0,0.0,0.0,Philippines
Manila,PH,2015-01-23,12:00:00,1421989200,23.5,22.3,25.5,27.2,74.0,0.0,0.0,Philippines
Manila,PH,2015-01-24,12:00:00,1422075600,23.3,21.8,25.2,27.0,78.0,0.0,0.0,Philippines
Manila,PH,2015-01-25,12:00:00,1422162000,24.3,22.4,27.4,21.3,79.0,0.0,0.0,Philippines
Manila,PH,2015-01-26,12:00:00,1422248400,23.8,20.9,27.8,18.4,78.0,0.0,0.0,Philippines
Manila,PH,2015-01-27,12:00:00,1422334800,23.9,19.8,28.2,12.5,73.0,0.0,0.0,Philippines
Manila,PH,2015-01-28,12:00:00,1422421200,24.5,21.0,28.5,13.4,72.0,0.0,0.0,Philippines
Manila,PH,2015-01-29,12:00:00,1422507600,24.7,21.5,28.1,17.0,77.0,0.0,0.0,Philippines
Manila,PH,2015-01-30,12:00:00,1422594000,24.4,21.7,27.7,16.7,75.0,0.0,0.0,Philippines
Manila,PH,2015-01-31,12:00:00,1422680400,24.4,22.7,27.1,28.4,72.0,0.0,0.0,Philippines
Manila,PH,2015-02-01,12:00:00,1422766800,23.9,22.3,26.3,30.6,73.0,0.0,0.0,Philippines
Manila,PH,2015-02-02,12:00:00,1422853200,23.6,21.8,26.3,32.7,69.0,0.0,0.0,Philippines
Manila,PH,2015-02-03,12:00:00,1422939600,23.4,21.5,26.2,25.6,78.0,0.0,0.0,Philippines
Manila,PH,2015-02-04,12:00:00,1423026000,23.1,19.7,26.7,18.2,76.0,0.0,0.0,Philippines
Manila,PH,2015-02-05,12:00:00,1423112400,23.6,20.3,27.7,14.2,77.0,0.0,0.0,Philippines
Manila,PH,2015-02-06,12:00:00,1423198800,23.7,20.3,27.2,15.3,79.0,0.0,0.0,Philippines
Manila,PH,2015-02-07,12:00:00,1423285200,24.1,20.3,28.0,10.4,87.0,0.2,0.0,Philippines
Manila,PH,2015-02-08,12:00:00,1423371600,24.6,20.8,28.9,9.4,359.0,0.0,0.0,Philippines
Manila,PH,2015-02-09,12:00:00,1423458000,24.5,21.3,28.5,16.8,77.0,0.0,0.0,Philippines
Manila,PH,2015-02-10,12:00:00,1423544400,24.2,22.2,27.5,22.4,70.0,0.0,0.0,Philippines
Manila,PH,2015-02-11,12:00:00,1423630800,24.1,20.8,27.5,15.4,79.0,0.5,0.0,Philippines
Manila,PH,2015-02-12,12:00:00,1423717200,24.7,21.3,28.6,9.4,12.0,0.1,0.0,Philippines
Manila,PH,2015-02-13,12:00:00,1423803600,25.2,23.5,27.7,18.6,70.0,0.0,0.0,Philippines
Manila,PH,2015-02-14,12:00:00,1423890000,24.5,23.5,26.6,21.8,78.0,6.6,0.0,Philippines
Manila,PH,2015-02-15,12:00:00,1423976400,25.2,23.4,27.6,16.9,93.0,1.3,0.0,Philippines
Manila,PH,2015-02-16,12:00:00,1424062800,25.5,23.1,28.8,14.8,94.0,0.3,0.0,Philippines
Manila,PH,2015-02-17,12:00:00,1424149200,25.3,22.1,29.2,15.7,100.0,0.0,0.0,Philippines
Manila,PH,2015-02-18,12:00:00,1424235600,25.3,23.2,28.4,20.5,94.0,0.0,0.0,Philippines
Manila,PH,2015-02-19,12:00:00,1424322000,24.7,22.4,27.4,21.7,83.0,0.0,0.0,Philippines
Manila,PH,2015-02-20,12:00:00,1424408400,24.4,22.9,27.2,29.4,78.0,0.0,0.0,Philippines
Manila,PH,2015-02-21,12:00:00,1424494800,24.6,22.5,27.6,22.4,92.0,0.0,0.0,Philippines
Manila,PH,2015-02-22,12:00:00,1424581200,24.8,21.9,28.4,20.2,94.0,0.0,0.0,Philippines
Manila,PH,2015-02-23,12:00:00,1424667600,24.5,20.0,29.0,21.3,89.0,0.0,0.0,Philippines
Manila,PH,2015-02-24,12:00:00,1424754000,24.8,20.6,29.0,16.0,90.0,0.0,0.0,Philippines
Manila,PH,2015-02-25,12:00:00,1424840400,25.9,21.9,30.5,18.7,93.0,0.0,0.0,Philippines
Manila,PH,2015-02-26,12:00:00,1424926800,26.2,22.7,30.2,19.2,93.0,0.0,0.0,Philippines
Manila,PH,2015-02-27,12:00:00,1425013200,26.4,23.3,30.4,23.1,88.0,0.0,0.0,Philippines
Manila,PH,2015-02-28,12:00:00,1425099600,26.2,22.7,30.4,25.1,83.0,0.0,0.0,Philippines
Manila,PH,2015-03-01,12:00:00,1425186000,25.8,22.0,30.2,16.2,82.0,0.0,0.0,Philippines
Manila,PH,2015-03-02,12:00:00,1425272400,25.5,21.6,29.5,23.4,80.0,0.0,0.0,Philippines
Manila,PH,2015-03-03,12:00:00,1425358800,25.8,22.1,30.2,16.5,89.0,0.0,0.0,Philippines
Manila,PH,2015-03-04,12:00:00,1425445200,26.3,21.6,31.5,13.8,90.0,0.0,0.0,Philippines
Manila,PH,2015-03-05,12:00:00,1425531600,26.1,22.6,29.8,20.0,83.0,0.0,0.0,Philippines
Manila,PH,2015-03-06,12:00:00,1425618000,26.3,22.6,31.2,16.8,86.0,0.0,0.0,Philippines
Manila,PH,2015-03-07,12:00:00,1425704400,26.6,23.6,30.9,21.2,90.0,0.0,0.0,Philippines
Manila,PH,2015-03-08,12:00:00,1425790800,25.8,22.7,30.0,23.1,90.0,0.0,0.0,Philippines
Manila,PH,2015-03-09,12:00:00,1425877200,25.4,20.6,30.7,14.6,92.0,0.0,0.0,Philippines
Manila,PH,2015-03-10,12:00:00,1425963600,25.1,21.2,29.2,25.3,90.0,0.0,0.0,Philippines
Manila,PH,2015-03-11,12:00:00,1426050000,25.3,23.2,28.2,23.2,80.0,0.0,0.0,Philippines
Manila,PH,2015-03-12,12:00:00,1426136400,25.7,23.5,29.0,16.6,86.0,0.0,0.0,Philippines
Manila,PH,2015-03-13,12:00:00,1426222800,26.0,23.4,29.5,20.0,92.0,0.0,0.0,Philippines
Manila,PH,2015-03-14,12:00:00,1426309200,26.2,23.1,30.4,21.6,87.0,0.0,0.0,Philippines
Manila,PH,2015-03-15,12:00:00,1426395600,26.4,23.6,30.5,20.2,88.0,0.0,0.0,Philippines
Manila,PH,2015-03-16,12:00:00,1426482000,25.8,22.5,29.7,18.1,89.0,0.0,0.0,Philippines
Manila,PH,2015-03-17,12:00:00,1426568400,25.5,21.3,30.0,16.9,97.0,0.0,0.0,Philippines
Manila,PH,2015-03-18,12:00:00,1426654800,25.7,20.4,30.5,10.2,99.0,0.0,0.0,Philippines
Manila,PH,2015-03-19,12:00:00,1426741200,26.5,21.4,31.7,13.0,104.0,0.0,0.0,Philippines
Manila,PH,2015-03-20,12:00:00,1426827600,26.6,22.2,30.4,9.7,110.0,0.0,0.0,Philippines
Manila,PH,2015-03-21,12:00:00,1426914000,27.1,24.8,30.2,9.9,273.0,2.2,0.0,Philippines
Manila,PH,2015-03-22,12:00:00,1427000400,27.1,25.3,30.0,16.6,85.0,2.2,0.0,Philippines
Manila,PH,2015-03-23,12:00:00,1427086800,26.7,25.0,29.1,19.4,90.0,0.0,0.0,Philippines
Manila,PH,2015-03-24,12:00:00,1427173200,26.6,24.1,29.6,20.5,85.0,0.0,0.0,Philippines
Manila,PH,2015-03-25,12:00:00,1427259600,26.6,24.4,29.7,26.4,81.0,0.0,0.0,Philippines
Manila,PH,2015-03-26,12:00:00,1427346000,26.6,24.4,29.8,26.1,80.0,0.2,0.0,Philippines
Manila,PH,2015-03-27,12:00:00,1427432400,27.0,24.5,30.5,26.4,82.0,0.0,0.0,Philippines
Manila,PH,2015-03-28,12:00:00,1427518800,27.1,24.1,30.9,19.9,88.0,0.0,0.0,Philippines
Manila,PH,2015-03-29,12:00:00,1427605200,27.2,23.7,31.9,21.7,95.0,0.0,0.0,Philippines
Manila,PH,2015-03-30,12:00:00,1427691600,27.4,23.6,31.7,24.8,90.0,0.0,0.0,Philippines
Manila,PH,2015-03-31,12:00:00,1427778000,27.9,24.2,32.7,20.9,91.0,0.0,0.0,Philippines
Manila,PH,2015-04-01,12:00:00,1427864400,28.1,25.0,32.5,21.7,92.0,0.0,0.0,Philippines
Manila,PH,2015-04-02,12:00:00,1427950800,28.1,24.8,33.1,17.0,103.0,0.0,0.0,Philippines
Manila,PH,2015-04-03,12:00:00,1428037200,27.6,22.9,32.9,16.7,99.0,0.0,0.0,Philippines
Manila,PH,2015-04-04,12:00:00,1428123600,28.3,23.3,33.6,18.7,269.0,0.0,0.0,Philippines
Manila,PH,2015-04-05,12:00:00,1428210000,27.9,26.4,30.2,15.1,230.0,3.3,0.0,Philippines
Manila,PH,2015-04-06,12:00:00,1428296400,28.6,25.3,32.7,15.5,98.0,0.0,0.0,Philippines
Manila,PH,2015-04-07,12:00:00,1428382800,27.8,25.1,31.5,22.7,90.0,0.0,0.0,Philippines
Manila,PH,2015-04-08,12:00:00,1428469200,27.2,23.5,31.8,19.9,86.0,0.0,0.0,Philippines
Manila,PH,2015-04-09,12:00:00,1428555600,27.3,24.5,31.2,21.1,84.0,0.0,0.0,Philippines
Manila,PH,2015-04-10,12:00:00,1428642000,27.1,23.1,31.2,18.6,84.0,0.0,0.0,Philippines
Manila,PH,2015-04-11,12:00:00,1428728400,27.4,23.8,31.7,18.7,88.0,0.0,0.0,Philippines
Manila,PH,2015-04-12,12:00:00,1428814800,27.7,23.1,31.9,14.7,93.0,0.0,0.0,Philippines
Manila,PH,2015-04-13,12:00:00,1428901200,28.1,23.9,32.3,8.5,96.0,0.0,0.0,Philippines
Manila,PH,2015-04-14,12:00:00,1428987600,27.8,25.1,31.4,19.2,71.0,0.0,0.0,Philippines
Manila,PH,2015-04-15,12:00:00,1429074000,27.6,25.0,30.9,23.6,82.0,0.0,0.0,Philippines
Manila,PH,2015-04-16,12:00:00,1429160400,28.5,25.5,33.0,13.8,85.0,0.1,0.0,Philippines
Manila,PH,2015-04-17,12:00:00,1429246800,28.6,25.4,32.9,17.7,90.0,0.1,0.0,Philippines
Manila,PH,2015-04-18,12:00:00,1429333200,28.8,25.8,33.3,23.6,94.0,0.3,0.0,Philippines
Manila,PH,2015-04-19,12:00:00,1429419600,29.2,25.4,33.8,11.4,106.0,1.4,0.0,Philippines
Manila,PH,2015-04-20,12:00:00,1429506000,29.5,26.1,33.1,10.4,196.0,0.2,0.0,Philippines
Manila,PH,2015-04-21,12:00:00,1429592400,28.9,26.5,32.6,11.7,78.0,2.4,0.0,Philippines
Manila,PH,2015-04-22,12:00:00,1429678800,28.6,26.0,32.5,21.2,84.0,0.1,0.0,Philippines
Manila,PH,2015-04-23,12:00:00,1429765200,28.4,25.9,32.0,23.0,82.0,0.0,0.0,Philippines
Manila,PH,2015-04-24,12:00:00,1429851600,28.3,25.2,32.5,18.4,80.0,0.1,0.0,Philippines
Manila,PH,2015-04-25,12:00:00,1429938000,28.6,25.4,33.1,20.0,81.0,0.0,0.0,Philippines
Manila,PH,2015-04-26,12:00:00,1430024400,28.6,25.5,33.1,18.9,83.0,0.0,0.0,Philippines
Manila,PH,2015-04-27,12:00:00,1430110800,28.6,24.6,33.0,17.3,90.0,0.0,0.0,Philippines
Manila,PH,2015-04-28,12:00:00,1430197200,29.4,25.6,33.9,12.6,123.0,0.0,0.0,Philippines
Manila,PH,2015-04-29,12:00:00,1430283600,29.8,25.8,34.0,9.4,86.0,0.0,0.0,Philippines
Manila,PH,2015-04-30,12:00:00,1430370000,29.8,25.4,34.7,8.3,84.0,0.0,0.0,Philippines
Manila,PH,2015-05-01,12:00:00,1430456400,30.1,26.2,34.7,14.0,98.0,0.0,0.0,Philippines
Manila,PH,2015-05-02,12:00:00,1430542800,29.5,26.0,33.6,12.3,92.0,0.7,0.0,Philippines
Manila,PH,2015-05-03,12:00:00,1430629200,28.7,26.2,31.4,9.5,92.0,2.9,0.0,Philippines
Manila,PH,2015-05-04,12:00:00,1430715600,28.5,25.9,32.6,10.2,104.0,7.4,0.0,Philippines
Manila,PH,2015-05-05,12:00:00,1430802000,28.8,25.4,32.7,6.8,127.0,0.5,0.0,Philippines
Manila,PH,2015-05-06,12:00:00,1430888400,29.0,26.2,33.0,9.6,316.0,0.9,0.0,Philippines
Manila,PH,2015-05-07,12:00:00,1430974800,28.7,26.0,32.2,7.3,65.0,4.4,0.0,Philippines
Manila,PH,2015-05-08,12:00:00,1431061200,29.0,25.8,32.5,9.2,49.0,0.4,0.0,Philippines
Manila,PH,2015-05-09,12:00:00,1431147600,28.6,25.3,32.5,16.9,300.0,1.2,0.0,Philippines
Manila,PH,2015-05-10,12:00:00,1431234000,28.4,26.6,30.8,22.9,253.0,0.0,0.0,Philippines
Manila,PH,2015-05-11,12:00:00,1431320400,28.9,26.6,31.9,13.7,233.0,0.6,0.0,Philippines
Manila,PH,2015-05-12,12:00:00,1431406800,29.3,26.1,33.0,10.6,97.0,0.1,0.0,Philippines
Manila,PH,2015-05-13,12:00:00,1431493200,29.4,26.7,33.3,19.5,89.0,0.0,0.0,Philippines
Manila,PH,2015-05-14,12:00:00,1431579600,29.2,26.2,32.6,19.1,87.0,0.0,0.0,Philippines
Manila,PH,2015-05-15,12:00:00,1431666000,29.1,26.0,32.6,16.7,86.0,0.0,0.0,Philippines
Manila,PH,2015-05-16,12:00:00,1431752400,29.6,25.8,33.6,11.2,96.0,0.0,0.0,Philippines
Manila,PH,2015-05-17,12:00:00,1431838800,29.3,25.4,33.4,12.6,104.0,0.0,0.0,Philippines
Manila,PH,2015-05-18,12:00:00,1431925200,29.3,25.2,33.8,15.6,211.0,0.0,0.0,Philippines
Manila,PH,2015-05-19,12:00:00,1432011600,29.4,26.6,33.1,17.4,256.0,0.2,0.0,Philippines
Manila,PH,2015-05-20,12:00:00,1432098000,29.2,25.7,32.4,16.1,254.0,0.1,0.0,Philippines
Manila,PH,2015-05-21,12:00:00,1432184400,29.1,26.2,33.0,11.6,228.0,1.6,0.0,Philippines
Manila,PH,2015-05-22,12:00:00,1432270800,29.2,25.9,33.1,10.8,214.0,0.5,0.0,Philippines
Manila,PH,2015-05-23,12:00:00,1432357200,28.9,26.3,32.4,12.3,236.0,1.4,0.0,Philippines
Manila,PH,2015-05-24,12:00:00,1432443600,29.0,26.3,32.9,15.8,243.0,0.7,0.0,Philippines
Manila,PH,2015-05-25,12:00:00,1432530000,29.0,26.0,33.1,15.7,249.0,0.8,0.0,Philippines
Manila,PH,2015-05-26,12:00:00,1432616400,28.6,26.1,31.8,13.3,270.0,3.2,0.0,Philippines
Manila,PH,2015-05-27,12:00:00,1432702800,28.8,26.3,32.3,13.6,254.0,1.3,0.0,Philippines
Manila,PH,2015-05-28,12:00:00,1432789200,29.2,26.2,32.3,15.0,257.0,0.5,0.0,Philippines
Manila,PH,2015-05-29,12:00:00,1432875600,29.4,27.3,32.8,13.0,252.0,2.6,0.0,Philippines
Manila,PH,2015-05-30,12:00:00,1432962000,29.1,27.1,32.3,14.1,248.0,1.4,0.0,Philippines
Manila,PH,2015-05-31,12:00:00,1433048400,29.3,26.1,32.9,7.1,143.0,0.0,0.0,Philippines
Manila,PH,2015-06-01,12:00:00,1433134800,30.0,26.7,34.1,13.5,95.0,0.0,0.0,Philippines
Manila,PH,2015-06-02,12:00:00,1433221200,29.9,26.9,33.4,16.9,89.0,0.0,0.0,Philippines
Manila,PH,2015-06-03,12:00:00,1433307600,29.4,26.5,33.5,7.7,68.0,0.4,0.0,Philippines
Manila,PH,2015-06-04,12:00:00,1433394000,29.3,25.9,33.2,9.8,90.0,0.3,0.0,Philippines
Manila,PH,2015-06-05,12:00:00,1433480400,29.1,26.0,32.1,14.4,103.0,1.2,0.0,Philippines
Manila,PH,2015-06-06,12:00:00,1433566800,29.4,26.4,33.1,13.1,115.0,0.8,0.0,Philippines
Manila,PH,2015-06-07,12:00:00,1433653200,29.7,26.3,33.9,9.4,102.0,0.5,0.0,Philippines
Manila,PH,2015-06-08,12:00:00,1433739600,29.2,26.3,33.4,8.2,114.0,2.0,0.0,Philippines
Manila,PH,2015-06-09,12:00:00,1433826000,28.9,26.5,32.3,8.2,138.0,2.3,0.0,Philippines
Manila,PH,2015-06-10,12:00:00,1433912400,29.1,26.1,32.6,8.7,123.0,1.3,0.0,Philippines
Manila,PH,2015-06-11,12:00:00,1433998800,28.7,26.1,31.2,8.6,108.0,4.6,0.0,Philippines
Manila,PH,2015-06-12,12:00:00,1434085200,29.6,26.9,33.2,13.7,90.0,0.2,0.0,Philippines
Manila,PH,2015-06-13,12:00:00,1434171600,29.4,26.9,32.4,13.5,89.0,0.4,0.0,Philippines
Manila,PH,2015-06-14,12:00:00,1434258000,29.5,26.7,32.9,14.8,83.0,0.1,0.0,Philippines
Manila,PH,2015-06-15,12:00:00,1434344400,29.7,26.9,33.4,17.6,90.0,0.3,0.0,Philippines
Manila,PH,2015-06-16,12:00:00,1434430800,29.0,26.6,32.6,15.5,99.0,1.3,0.0,Philippines
Manila,PH,2015-06-17,12:00:00,1434517200,28.1,25.5,32.1,8.2,154.0,11.2,0.0,Philippines
Manila,PH,2015-06-18,12:00:00,1434603600,27.8,25.7,31.1,10.9,212.0,5.2,0.0,Philippines
Manila,PH,2015-06-19,12:00:00,1434690000,27.5,25.8,30.7,11.2,167.0,4.5,0.0,Philippines
Manila,PH,2015-06-20,12:00:00,1434776400,27.0,25.5,29.3,13.4,236.0,10.8,0.0,Philippines
Manila,PH,2015-06-21,12:00:00,1434862800,26.6,25.4,28.1,14.0,222.0,9.7,0.0,Philippines
Manila,PH,2015-06-22,12:00:00,1434949200,27.6,25.7,30.4,17.4,221.0,1.6,0.0,Philippines
Manila,PH,2015-06-23,12:00:00,1435035600,27.6,25.8,30.1,13.5,241.0,4.8,0.0,Philippines
Manila,PH,2015-06-24,12:00:00,1435122000,27.8,25.7,31.2,13.0,256.0,4.4,0.0,Philippines
Manila,PH,2015-06-25,12:00:00,1435208400,27.7,25.2,30.6,14.8,242.0,5.6,0.0,Philippines
Manila,PH,2015-06-26,12:00:00,1435294800,27.7,25.7,30.4,13.7,245.0,1.2,0.0,Philippines
Manila,PH,2015-06-27,12:00:00,1435381200,27.8,24.8,31.0,10.4,280.0,3.6,0.0,Philippines
Manila,PH,2015-06-28,12:00:00,1435467600,28.3,25.9,30.9,14.4,253.0,1.3,0.0,Philippines
Manila,PH,2015-06-29,12:00:00,1435554000,27.7,25.5,30.3,13.7,259.0,5.1,0.0,Philippines
Manila,PH,2015-06-30,12:00:00,1435640400,27.7,25.3,30.8,14.1,243.0,2.6,0.0,Philippines
Manila,PH,2015-07-01,12:00:00,1435726800,27.4,25.2,30.7,16.0,243.0,3.0,0.0,Philippines
Manila,PH,2015-07-02,12:00:00,1435813200,27.4,25.4,29.9,19.8,246.0,2.4,0.0,Philippines
Manila,PH,2015-07-03,12:00:00,1435899600,27.4,25.4,29.9,18.8,261.0,3.1,0.0,Philippines
Manila,PH,2015-07-04,12:00:00,1435986000,26.9,25.5,29.1,24.4,247.0,8.3,0.0,Philippines
Manila,PH,2015-07-05,12:00:00,1436072400,25.9,24.9,26.7,25.0,237.0,23.3,0.0,Philippines
Manila,PH,2015-07-06,12:00:00,1436158800,26.1,25.2,27.1,30.3,236.0,14.1,0.0,Philippines
Manila,PH,2015-07-07,12:00:00,1436245200,26.8,25.5,29.1,28.3,236.0,6.6,0.0,Philippines
Manila,PH,2015-07-08,12:00:00,1436331600,26.5,25.4,28.8,28.5,237.0,8.0,0.0,Philippines
Manila,PH,2015-07-09,12:00:00,1436418000,25.7,25.3,26.7,27.9,232.0,34.1,0.0,Philippines
Manila,PH,2015-07-10,12:00:00,1436504400,25.7,25.1,26.6,35.9,221.0,30.6,0.0,Philippines
Manila,PH,2015-07-11,12:00:00,1436590800,25.9,24.7,27.5,33.1,226.0,8.9,0.0,Philippines
Manila,PH,2015-07-12,12:00:00,1436677200,26.5,25.0,28.5,25.8,233.0,6.7,0.0,Philippines
Manila,PH,2015-07-13,12:00:00,1436763600,27.0,25.2,29.3,22.4,246.0,1.4,0.0,Philippines
Manila,PH,2015-07-14,12:00:00,1436850000,27.1,25.3,29.3,24.2,251.0,1.7,0.0,Philippines
Manila,PH,2015-07-15,12:00:00,1436936400,27.4,26.3,29.2,25.8,248.0,1.8,0.0,Philippines
Manila,PH,2015-07-16,12:00:00,1437022800,26.4,25.4,28.0,23.3,236.0,5.7,0.0,Philippines
Manila,PH,2015-07-17,12:00:00,1437109200,26.4,25.3,28.2,28.3,237.0,7.8,0.0,Philippines
Manila,PH,2015-07-18,12:00:00,1437195600,26.8,25.1,29.0,20.6,231.0,4.0,0.0,Philippines
Manila,PH,2015-07-19,12:00:00,1437282000,27.9,25.1,30.9,12.4,226.0,0.0,0.0,Philippines
Manila,PH,2015-07-20,12:00:00,1437368400,28.0,24.8,31.1,8.4,192.0,0.0,0.0,Philippines
Manila,PH,2015-07-21,12:00:00,1437454800,28.2,24.5,31.1,7.1,106.0,0.0,0.0,Philippines
Manila,PH,2015-07-22,12:00:00,1437541200,26.9,25.4,29.1,15.1,255.0,4.4,0.0,Philippines
Manila,PH,2015-07-23,12:00:00,1437627600,27.5,25.2,30.1,18.8,256.0,0.5,0.0,Philippines
Manila,PH,2015-07-24,12:00:00,1437714000,26.8,25.4,29.5,17.3,256.0,4.3,0.0,Philippines
Manila,PH,2015-07-25,12:00:00,1437800400,27.0,25.0,29.8,11.9,267.0,3.2,0.0,Philippines
Manila,PH,2015-07-26,12:00:00,1437886800,27.0,24.7,29.9,10.1,303.0,6.1,0.0,Philippines
Manila,PH,2015-07-27,12:00:00,1437973200,26.2,24.3,29.1,6.3,93.0,9.8,0.0,Philippines
Manila,PH,2015-07-28,12:00:00,1438059600,26.7,24.6,29.0,7.2,95.0,1.7,0.0,Philippines
Manila,PH,2015-07-29,12:00:00,1438146000,27.5,24.7,30.1,5.0,17.0,0.5,0.0,Philippines
Manila,PH,2015-07-30,12:00:00,1438232400,27.5,24.6,30.9,7.9,61.0,2.7,0.0,Philippines
Manila,PH,2015-07-31,12:00:00,1438318800,27.9,25.2,31.7,11.1,81.0,0.6,0.0,Philippines
Manila,PH,2015-08-01,12:00:00,1438405200,27.4,24.7,30.2,9.4,69.0,7.4,0.0,Philippines
Manila,PH,2015-08-02,12:00:00,1438491600,27.2,24.8,29.7,7.2,330.0,7.1,0.0,Philippines
Manila,PH,2015-08-03,12:00:00,1438578000,27.4,25.3,30.0,5.0,96.0,2.4,0.0,Philippines
Manila,PH,2015-08-04,12:00:00,1438664400,27.5,25.3,30.8,6.8,272.0,1.5,0.0,Philippines
Manila,PH,2015-08-05,12:00:00,1438750800,27.0,24.7,30.1,15.3,264.0,3.2,0.0,Philippines
Manila,PH,2015-08-06,12:00:00,1438837200,26.7,24.8,29.6,21.4,255.0,4.2,0.0,Philippines
Manila,PH,2015-08-07,12:00:00,1438923600,27.3,25.6,29.2,25.4,244.0,2.6,0.0,Philippines
Manila,PH,2015-08-08,12:00:00,1439010000,26.7,25.3,28.8,25.6,234.0,3.5,0.0,Philippines
Manila,PH,2015-08-09,12:00:00,1439096400,26.6,25.2,29.0,18.0,227.0,4.0,0.0,Philippines
Manila,PH,2015-08-10,12:00:00,1439182800,26.5,25.0,28.1,19.5,245.0,5.8,0.0,Philippines
Manila,PH,2015-08-11,12:00:00,1439269200,27.4,25.2,30.2,12.6,295.0,8.4,0.0,Philippines
Manila,PH,2015-08-12,12:00:00,1439355600,27.3,25.3,30.1,11.2,287.0,3.0,0.0,Philippines
Manila,PH,2015-08-13,12:00:00,1439442000,27.3,24.8,30.8,6.2,112.0,16.0,0.0,Philippines
Manila,PH,2015-08-14,12:00:00,1439528400,27.2,24.7,30.2,8.5,192.0,3.4,0.0,Philippines
Manila,PH,2015-08-15,12:00:00,1439614800,28.0,25.6,31.3,9.4,194.0,2.3,0.0,Philippines
Manila,PH,2015-08-16,12:00:00,1439701200,27.8,25.1,30.9,13.3,258.0,4.0,0.0,Philippines
Manila,PH,2015-08-17,12:00:00,1439787600,28.1,25.4,30.9,10.8,293.0,0.7,0.0,Philippines
Manila,PH,2015-08-18,12:00:00,1439874000,28.1,25.9,30.8,9.2,292.0,1.8,0.0,Philippines
Manila,PH,2015-08-19,12:00:00,1439960400,27.9,25.8,30.9,19.4,280.0,3.3,0.0,Philippines
Manila,PH,2015-08-20,12:00:00,1440046800,27.0,25.7,28.9,31.7,263.0,9.1,0.0,Philippines
Manila,PH,2015-08-21,12:00:00,1440133200,26.2,25.2,27.7,36.3,249.0,11.7,0.0,Philippines
Manila,PH,2015-08-22,12:00:00,1440219600,25.6,25.1,26.4,34.1,244.0,24.5,0.0,Philippines
Manila,PH,2015-08-23,12:00:00,1440306000,26.0,25.0,27.5,34.9,232.0,10.3,0.0,Philippines
Manila,PH,2015-08-24,12:00:00,1440392400,26.1,25.1,28.0,21.7,227.0,9.2,0.0,Philippines
Manila,PH,2015-08-25,12:00:00,1440478800,26.6,24.7,28.9,19.2,232.0,2.8,0.0,Philippines
Manila,PH,2015-08-26,12:00:00,1440565200,27.5,25.6,30.3,17.9,268.0,0.3,0.0,Philippines
Manila,PH,2015-08-27,12:00:00,1440651600,27.8,25.4,30.7,11.2,289.0,0.1,0.0,Philippines
Manila,PH,2015-08-28,12:00:00,1440738000,27.1,25.1,30.3,6.6,91.0,10.8,0.0,Philippines
Manila,PH,2015-08-29,12:00:00,1440824400,26.6,24.6,29.8,7.9,289.0,19.8,0.0,Philippines
Manila,PH,2015-08-30,12:00:00,1440910800,27.2,25.3,29.8,13.3,278.0,2.0,0.0,Philippines
Manila,PH,2015-08-31,12:00:00,1440997200,26.7,25.0,28.8,9.1,314.0,2.2,0.0,Philippines
Manila,PH,2015-09-01,12:00:00,1441083600,27.2,25.3,29.5,8.7,299.0,0.1,0.0,Philippines
Manila,PH,2015-09-02,12:00:00,1441170000,27.3,24.9,30.2,5.8,71.0,4.1,0.0,Philippines
Manila,PH,2015-09-03,12:00:00,1441256400,27.6,25.3,31.3,11.4,100.0,2.6,0.0,Philippines
Manila,PH,2015-09-04,12:00:00,1441342800,27.5,25.1,30.7,6.0,72.0,8.8,0.0,Philippines
Manila,PH,2015-09-05,12:00:00,1441429200,26.9,24.6,30.0,7.9,307.0,6.0,0.0,Philippines
Manila,PH,2015-09-06,12:00:00,1441515600,27.0,24.8,30.3,14.0,269.0,3.8,0.0,Philippines
Manila,PH,2015-09-07,12:00:00,1441602000,27.0,25.1,29.8,13.1,255.0,5.8,0.0,Philippines
Manila,PH,2015-09-08,12:00:00,1441688400,27.2,25.0,30.2,13.3,238.0,3.5,0.0,Philippines
Manila,PH,2015-09-09,12:00:00,1441774800,27.0,25.2,29.5,14.9,254.0,2.3,0.0,Philippines
Manila,PH,2015-09-10,12:00:00,1441861200,26.5,24.8,28.8,16.3,256.0,6.1,0.0,Philippines
Manila,PH,2015-09-11,12:00:00,1441947600,26.1,24.6,28.1,11.6,234.0,13.4,0.0,Philippines
Manila,PH,2015-09-12,12:00:00,1442034000,26.4,24.9,29.2,10.2,140.0,20.4,0.0,Philippines
Manila,PH,2015-09-13,12:00:00,1442120400,26.4,24.8,29.4,9.5,118.0,35.7,0.0,Philippines
Manila,PH,2015-09-14,12:00:00,1442206800,26.5,24.8,29.1,9.1,193.0,9.1,0.0,Philippines
Manila,PH,2015-09-15,12:00:00,1442293200,26.9,24.2,30.6,5.5,86.0,3.3,0.0,Philippines
Manila,PH,2015-09-16,12:00:00,1442379600,26.7,23.7,30.4,5.8,340.0,2.4,0.0,Philippines
Manila,PH,2015-09-17,12:00:00,1442466000,27.2,24.8,30.4,5.8,40.0,11.4,0.0,Philippines
Manila,PH,2015-09-18,12:00:00,1442552400,27.7,25.0,30.5,6.6,97.0,1.1,0.0,Philippines
Manila,PH,2015-09-19,12:00:00,1442638800,28.2,25.2,30.8,5.1,101.0,0.2,0.0,Philippines
Manila,PH,2015-09-20,12:00:00,1442725200,27.9,25.3,30.6,6.1,95.0,5.6,0.0,Philippines
Manila,PH,2015-09-21,12:00:00,1442811600,27.1,25.1,29.7,7.6,151.0,7.0,0.0,Philippines
Manila,PH,2015-09-22,12:00:00,1442898000,26.8,24.6,29.5,11.3,291.0,5.8,0.0,Philippines
Manila,PH,2015-09-23,12:00:00,1442984400,26.7,24.7,29.2,15.9,263.0,6.2,0.0,Philippines
Manila,PH,2015-09-24,12:00:00,1443070800,27.3,25.4,29.9,16.2,265.0,1.7,0.0,Philippines
Manila,PH,2015-09-25,12:00:00,1443157200,27.3,25.4,30.2,14.8,265.0,2.5,0.0,Philippines
Manila,PH,2015-09-26,12:00:00,1443243600,27.2,25.9,29.3,20.0,253.0,3.5,0.0,Philippines
Manila,PH,2015-09-27,12:00:00,1443330000,26.8,25.5,28.5,22.4,252.0,6.3,0.0,Philippines
Manila,PH,2015-09-28,12:00:00,1443416400,26.2,25.2,28.4,23.4,245.0,9.4,0.0,Philippines
Manila,PH,2015-09-29,12:00:00,1443502800,26.7,25.1,29.3,16.6,226.0,5.9,0.0,Philippines
Manila,PH,2015-09-30,12:00:00,1443589200,27.4,25.1,30.3,7.6,62.0,2.5,0.0,Philippines
Manila,PH,2015-10-01,12:00:00,1443675600,26.1,24.7,28.7,15.6,291.0,38.4,0.0,Philippines
Manila,PH,2015-10-02,12:00:00,1443762000,25.3,25.0,25.7,30.6,201.0,62.5,0.0,Philippines
Manila,PH,2015-10-03,12:00:00,1443848400,27.4,25.1,30.5,10.6,124.0,0.2,0.0,Philippines
Manila,PH,2015-10-04,12:00:00,1443934800,26.7,24.5,29.3,11.9,63.0,3.0,0.0,Philippines
Manila,PH,2015-10-05,12:00:00,1444021200,27.1,24.4,30.0,15.1,67.0,0.6,0.0,Philippines
Manila,PH,2015-10-06,12:00:00,1444107600,27.8,25.1,31.3,15.0,85.0,0.0,0.0,Philippines
Manila,PH,2015-10-07,12:00:00,1444194000,27.4,25.1,30.0,5.8,52.0,1.5,0.0,Philippines
Manila,PH,2015-10-08,12:00:00,1444280400,27.3,25.1,30.1,11.2,248.0,1.4,0.0,Philippines
Manila,PH,2015-10-09,12:00:00,1444366800,27.4,25.3,29.8,13.4,273.0,0.4,0.0,Philippines
Manila,PH,2015-10-10,12:00:00,1444453200,27.5,24.8,30.2,11.6,289.0,0.1,0.0,Philippines
Manila,PH,2015-10-11,12:00:00,1444539600,27.3,24.8,30.2,5.4,44.0,2.1,0.0,Philippines
Manila,PH,2015-10-12,12:00:00,1444626000,27.4,25.1,31.0,9.5,70.0,4.4,0.0,Philippines
Manila,PH,2015-10-13,12:00:00,1444712400,27.0,24.9,29.7,16.3,75.0,1.4,0.0,Philippines
Manila,PH,2015-10-14,12:00:00,1444798800,26.3,24.7,29.0,11.0,50.0,4.6,0.0,Philippines
Manila,PH,2015-10-15,12:00:00,1444885200,26.6,24.3,29.2,9.5,28.0,0.1,0.0,Philippines
Manila,PH,2015-10-16,12:00:00,1444971600,26.6,25.1,28.3,10.0,277.0,4.6,0.0,Philippines
Manila,PH,2015-10-17,12:00:00,1445058000,27.0,25.5,28.7,30.4,269.0,6.0,0.0,Philippines
Manila,PH,2015-10-18,12:00:00,1445144400,26.8,26.3,27.2,46.3,259.0,62.2,0.0,Philippines
Manila,PH,2015-10-19,12:00:00,1445230800,26.3,25.3,28.0,41.3,247.0,16.0,0.0,Philippines
Manila,PH,2015-10-20,12:00:00,1445317200,26.9,25.5,28.5,28.9,261.0,1.8,0.0,Philippines
Manila,PH,2015-10-21,12:00:00,1445403600,26.8,25.1,29.0,28.4,267.0,0.0,0.0,Philippines
Manila,PH,2015-10-22,12:00:00,1445490000,26.8,25.1,28.9,21.3,252.0,0.7,0.0,Philippines
Manila,PH,2015-10-23,12:00:00,1445576400,26.6,24.6,29.1,11.5,255.0,0.0,0.0,Philippines
Manila,PH,2015-10-24,12:00:00,1445662800,27.1,24.1,29.8,8.5,302.0,0.0,0.0,Philippines
Manila,PH,2015-10-25,12:00:00,1445749200,27.3,24.5,30.8,7.2,88.0,0.1,0.0,Philippines
Manila,PH,2015-10-26,12:00:00,1445835600,27.3,24.1,30.5,9.7,86.0,0.0,0.0,Philippines
Manila,PH,2015-10-27,12:00:00,1445922000,27.2,24.5,30.4,12.4,87.0,0.3,0.0,Philippines
Manila,PH,2015-10-28,12:00:00,1446008400,26.8,24.6,29.6,18.3,79.0,0.0,0.0,Philippines
Manila,PH,2015-10-29,12:00:00,1446094800,26.9,25.0,30.1,20.9,74.0,0.0,0.0,Philippines
Manila,PH,2015-10-30,12:00:00,1446181200,26.7,24.5,29.9,18.8,75.0,0.0,0.0,Philippines
Manila,PH,2015-10-31,12:00:00,1446267600,26.7,25.1,28.8,23.4,69.0,1.0,0.0,Philippines
Manila,PH,2015-11-01,12:00:00,1446354000,26.9,25.3,29.3,18.3,71.0,0.0,0.0,Philippines
Manila,PH,2015-11-02,12:00:00,1446440400,27.3,25.2,30.4,20.1,75.0,0.2,0.0,Philippines
Manila,PH,2015-11-03,12:00:00,1446526800,27.2,25.1,29.8,23.5,81.0,0.2,0.0,Philippines
Manila,PH,2015-11-04,12:00:00,1446613200,27.7,25.4,30.9,21.1,78.0,0.0,0.0,Philippines
Manila,PH,2015-11-05,12:00:00,1446699600,27.5,25.4,30.5,21.5,77.0,0.0,0.0,Philippines
Manila,PH,2015-11-06,12:00:00,1446786000,27.6,25.3,30.8,22.0,85.0,0.2,0.0,Philippines
Manila,PH,2015-11-07,12:00:00,1446872400,27.6,25.4,30.9,18.1,78.0,0.0,0.0,Philippines
Manila,PH,2015-11-08,12:00:00,1446958800,27.4,24.4,31.1,21.9,75.0,0.0,0.0,Philippines
Manila,PH,2015-11-09,12:00:00,1447045200,27.2,25.2,30.1,17.7,78.0,0.1,0.0,Philippines
Manila,PH,2015-11-10,12:00:00,1447131600,27.5,24.8,31.2,21.0,80.0,0.0,0.0,Philippines
Manila,PH,2015-11-11,12:00:00,1447218000,27.5,25.2,31.2,23.4,79.0,0.0,0.0,Philippines
Manila,PH,2015-11-12,12:00:00,1447304400,27.3,25.2,30.4,21.8,79.0,0.0,0.0,Philippines
Manila,PH,2015-11-13,12:00:00,1447390800,27.7,25.1,31.5,15.9,84.0,0.0,0.0,Philippines
Manila,PH,2015-11-14,12:00:00,1447477200,27.4,24.0,31.4,15.5,83.0,0.0,0.0,Philippines
Manila,PH,2015-11-15,12:00:00,1447563600,27.3,24.8,30.4,17.7,78.0,0.0,0.0,Philippines
Manila,PH,2015-11-16,12:00:00,1447650000,27.7,25.4,31.3,22.1,83.0,0.2,0.0,Philippines
Manila,PH,2015-11-17,12:00:00,1447736400,27.9,25.2,31.7,20.2,78.0,0.0,0.0,Philippines
Manila,PH,2015-11-18,12:00:00,1447822800,27.4,25.1,30.1,19.2,78.0,0.1,0.0,Philippines
Manila,PH,2015-11-19,12:00:00,1447909200,27.4,24.2,31.6,24.6,76.0,0.0,0.0,Philippines
Manila,PH,2015-11-20,12:00:00,1447995600,27.4,24.7,30.5,23.2,75.0,0.0,0.0,Philippines
Manila,PH,2015-11-21,12:00:00,1448082000,27.2,24.6,30.1,25.5,63.0,0.0,0.0,Philippines
Manila,PH,2015-11-22,12:00:00,1448168400,27.8,25.4,31.0,19.1,73.0,0.0,0.0,Philippines
Manila,PH,2015-11-23,12:00:00,1448254800,27.5,24.4,31.3,17.1,72.0,0.0,0.0,Philippines
Manila,PH,2015-11-24,12:00:00,1448341200,27.9,23.8,32.2,18.2,68.0,0.0,0.0,Philippines
Manila,PH,2015-11-25,12:00:00,1448427600,27.5,25.0,30.9,13.0,86.0,0.7,0.0,Philippines
Manila,PH,2015-11-26,12:00:00,1448514000,27.2,24.2,30.8,16.1,82.0,0.0,0.0,Philippines
Manila,PH,2015-11-27,12:00:00,1448600400,26.8,25.0,29.8,24.2,74.0,0.0,0.0,Philippines
Manila,PH,2015-11-28,12:00:00,1448686800,27.0,25.2,30.1,26.6,74.0,0.0,0.0,Philippines
Manila,PH,2015-11-29,12:00:00,1448773200,27.6,25.7,30.8,24.7,77.0,0.0,0.0,Philippines
Manila,PH,2015-11-30,12:00:00,1448859600,27.3,24.9,30.3,19.7,74.0,0.0,0.0,Philippines
Manila,PH,2015-12-01,12:00:00,1448946000,27.4,25.1,30.6,20.8,83.0,0.0,0.0,Philippines
Manila,PH,2015-12-02,12:00:00,1449032400,27.0,22.9,31.9,16.6,89.0,0.0,0.0,Philippines
Manila,PH,2015-12-03,12:00:00,1449118800,26.6,22.8,31.1,18.4,81.0,0.0,0.0,Philippines
Manila,PH,2015-12-04,12:00:00,1449205200,27.3,24.8,30.9,23.3,79.0,0.0,0.0,Philippines
Manila,PH,2015-12-05,12:00:00,1449291600,27.3,25.7,29.8,28.8,84.0,0.1,0.0,Philippines
Manila,PH,2015-12-06,12:00:00,1449378000,26.8,24.7,30.3,12.2,61.0,6.5,0.0,Philippines
Manila,PH,2015-12-07,12:00:00,1449464400,27.3,24.6,30.4,19.0,79.0,0.0,0.0,Philippines
Manila,PH,2015-12-08,12:00:00,1449550800,27.3,25.5,30.7,23.9,81.0,0.0,0.0,Philippines
Manila,PH,2015-12-09,12:00:00,1449637200,27.6,25.4,31.1,27.8,88.0,0.0,0.0,Philippines
Manila,PH,2015-12-10,12:00:00,1449723600,27.9,25.1,31.4,8.4,89.0,0.0,0.0,Philippines
Manila,PH,2015-12-11,12:00:00,1449810000,27.4,24.1,31.1,6.7,81.0,0.1,0.0,Philippines
Manila,PH,2015-12-12,12:00:00,1449896400,27.5,24.3,31.2,11.5,85.0,0.0,0.0,Philippines
Manila,PH,2015-12-13,12:00:00,1449982800,27.5,24.6,31.5,16.8,80.0,0.0,0.0,Philippines
Manila,PH,2015-12-14,12:00:00,1450069200,27.3,24.9,31.0,14.6,23.0,0.9,0.0,Philippines
Manila,PH,2015-12-15,12:00:00,1450155600,25.6,25.1,26.2,29.9,31.0,49.6,0.0,Philippines
Manila,PH,2015-12-16,12:00:00,1450242000,25.9,25.3,26.8,38.9,88.0,34.8,0.0,Philippines
Manila,PH,2015-12-17,12:00:00,1450328400,24.2,23.1,25.1,26.1,50.0,66.7,0.0,Philippines
Manila,PH,2015-12-18,12:00:00,1450414800,24.8,23.9,26.1,28.2,51.0,1.5,0.0,Philippines
Manila,PH,2015-12-19,12:00:00,1450501200,24.5,23.2,26.2,18.5,50.0,49.8,0.0,Philippines
Manila,PH,2015-12-20,12:00:00,1450587600,25.7,24.0,28.1,31.3,84.0,0.8,0.0,Philippines
Manila,PH,2015-12-21,12:00:00,1450674000,26.2,24.0,29.7,20.3,78.0,16.1,0.0,Philippines
Manila,PH,2015-12-22,12:00:00,1450760400,26.1,24.4,28.8,27.9,86.0,0.6,0.0,Philippines
Manila,PH,2015-12-23,12:00:00,1450846800,25.4,22.2,29.3,14.9,77.0,0.0,0.0,Philippines
Manila,PH,2015-12-24,12:00:00,1450933200,25.5,22.6,29.1,15.3,88.0,0.0,0.0,Philippines
Manila,PH,2015-12-25,12:00:00,1451019600,25.1,21.8,28.9,13.7,91.0,0.0,0.0,Philippines
Manila,PH,2015-12-26,12:00:00,1451106000,24.9,21.5,28.4,18.3,79.0,0.0,0.0,Philippines
Manila,PH,2015-12-27,12:00:00,1451192400,25.0,21.7,28.8,11.3,68.0,0.3,0.0,Philippines
Manila,PH,2015-12-28,12:00:00,1451278800,24.6,21.2,28.3,16.1,69.0,0.0,0.0,Philippines
Manila,PH,2015-12-29,12:00:00,1451365200,24.4,21.3,27.6,14.8,67.0,0.5,0.0,Philippines
Manila,PH,2015-12-30,12:00:00,1451451600,24.9,21.7,28.3,17.2,70.0,0.0,0.0,Philippines
Manila,PH,2015-12-31,12:00:00,1451538000,24.8,23.0,27.7,18.8,49.0,30.7,0.0,Philippines
Manila,PH,2016-01-01,12:00:00,1451624400,25.6,24.0,27.7,24.3,78.0,9.2,0.0,Philippines
Manila,PH,2016-01-02,12:00:00,1451710800,25.9,24.5,28.0,23.2,82.0,0.0,0.0,Philippines
Manila,PH,2016-01-03,12:00:00,1451797200,25.9,23.8,29.1,20.5,84.0,0.0,0.0,Philippines
Manila,PH,2016-01-04,12:00:00,1451883600,25.7,23.2,29.3,15.9,82.0,0.0,0.0,Philippines
Manila,PH,2016-01-05,12:00:00,1451970000,25.3,22.7,29.1,15.0,92.0,0.0,0.0,Philippines
Manila,PH,2016-01-06,12:00:00,1452056400,25.0,22.0,28.3,9.0,64.0,0.2,0.0,Philippines
Manila,PH,2016-01-07,12:00:00,1452142800,25.6,23.3,28.6,10.5,72.0,0.0,0.0,Philippines
Manila,PH,2016-01-08,12:00:00,1452229200,25.4,22.4,28.4,6.0,44.0,0.0,0.0,Philippines
Manila,PH,2016-01-09,12:00:00,1452315600,25.4,22.9,28.5,14.1,74.0,0.0,0.0,Philippines
Manila,PH,2016-01-10,12:00:00,1452402000,25.7,23.3,29.0,16.7,90.0,0.0,0.0,Philippines
Manila,PH,2016-01-11,12:00:00,1452488400,26.0,22.6,29.7,10.9,95.0,0.0,0.0,Philippines
Manila,PH,2016-01-12,12:00:00,1452574800,26.2,23.9,29.3,10.9,81.0,0.0,0.0,Philippines
Manila,PH,2016-01-13,12:00:00,1452661200,26.2,23.4,29.3,12.9,81.0,0.1,0.0,Philippines
Manila,PH,2016-01-14,12:00:00,1452747600,26.1,23.7,29.1,17.8,83.0,0.0,0.0,Philippines
Manila,PH,2016-01-15,12:00:00,1452834000,26.2,23.9,29.4,17.0,95.0,0.0,0.0,Philippines
Manila,PH,2016-01-16,12:00:00,1452920400,26.1,23.3,29.5,11.8,89.0,0.0,0.0,Philippines
Manila,PH,2016-01-17,12:00:00,1453006800,26.1,23.6,29.7,11.2,114.0,0.0,0.0,Philippines
Manila,PH,2016-01-18,12:00:00,1453093200,25.7,22.3,28.9,9.4,83.0,0.0,0.0,Philippines
Manila,PH,2016-01-19,12:00:00,1453179600,26.1,23.5,29.2,19.2,89.0,0.0,0.0,Philippines
Manila,PH,2016-01-20,12:00:00,1453266000,26.0,24.6,28.3,28.0,84.0,0.0,0.0,Philippines
Manila,PH,2016-01-21,12:00:00,1453352400,26.4,24.4,29.5,22.4,86.0,0.0,0.0,Philippines
Manila,PH,2016-01-22,12:00:00,1453438800,26.2,22.7,30.0,10.7,85.0,0.0,0.0,Philippines
Manila,PH,2016-01-23,12:00:00,1453525200,26.3,22.3,30.2,7.1,64.0,0.0,0.0,Philippines
Manila,PH,2016-01-24,12:00:00,1453611600,25.3,23.8,27.3,23.6,58.0,0.6,0.0,Philippines
Manila,PH,2016-01-25,12:00:00,1453698000,23.1,22.2,24.4,33.2,60.0,2.6,0.0,Philippines
Manila,PH,2016-01-26,12:00:00,1453784400,23.5,22.0,25.8,36.7,73.0,0.9,0.0,Philippines
Manila,PH,2016-01-27,12:00:00,1453870800,24.8,22.8,27.6,30.9,73.0,0.0,0.0,Philippines
Manila,PH,2016-01-28,12:00:00,1453957200,25.8,24.0,28.3,29.7,81.0,0.0,0.0,Philippines
Manila,PH,2016-01-29,12:00:00,1454043600,26.1,24.3,28.5,18.7,82.0,0.4,0.0,Philippines
Manila,PH,2016-01-30,12:00:00,1454130000,25.9,23.3,29.2,14.5,81.0,0.0,0.0,Philippines
Manila,PH,2016-01-31,12:00:00,1454216400,26.4,24.3,29.1,27.2,81.0,0.0,0.0,Philippines
Manila,PH,2016-02-01,12:00:00,1454302800,26.4,23.5,30.1,20.9,78.0,0.0,0.0,Philippines
Manila,PH,2016-02-02,12:00:00,1454389200,25.7,22.2,29.6,21.3,78.0,0.0,0.0,Philippines
Manila,PH,2016-02-03,12:00:00,1454475600,25.9,24.4,28.3,19.7,74.0,0.0,0.0,Philippines
Manila,PH,2016-02-04,12:00:00,1454562000,26.0,23.9,28.7,17.1,76.0,3.3,0.0,Philippines
Manila,PH,2016-02-05,12:00:00,1454648400,26.5,24.1,29.5,7.9,28.0,0.1,0.0,Philippines
Manila,PH,2016-02-06,12:00:00,1454734800,24.7,23.8,25.9,8.1,56.0,13.8,0.0,Philippines
Manila,PH,2016-02-07,12:00:00,1454821200,23.5,22.6,25.0,26.6,63.0,5.0,0.0,Philippines
Manila,PH,2016-02-08,12:00:00,1454907600,23.2,22.0,25.4,34.4,69.0,0.0,0.0,Philippines
Manila,PH,2016-02-09,12:00:00,1454994000,23.9,22.1,26.2,30.3,72.0,0.0,0.0,Philippines
Manila,PH,2016-02-10,12:00:00,1455080400,25.2,23.0,28.1,26.3,87.0,0.0,0.0,Philippines
Manila,PH,2016-02-11,12:00:00,1455166800,25.5,23.1,29.1,23.1,88.0,0.0,0.0,Philippines
Manila,PH,2016-02-12,12:00:00,1455253200,25.5,22.8,29.4,19.9,95.0,0.0,0.0,Philippines
Manila,PH,2016-02-13,12:00:00,1455339600,25.6,21.4,30.1,12.3,103.0,0.0,0.0,Philippines
Manila,PH,2016-02-14,12:00:00,1455426000,26.1,22.5,30.5,9.0,90.0,0.0,0.0,Philippines
Manila,PH,2016-02-15,12:00:00,1455512400,25.5,22.9,28.6,17.1,63.0,0.5,0.0,Philippines
Manila,PH,2016-02-16,12:00:00,1455598800,25.5,23.7,28.3,26.1,75.0,0.0,0.0,Philippines
Manila,PH,2016-02-17,12:00:00,1455685200,25.1,22.9,28.3,21.0,81.0,0.0,0.0,Philippines
Manila,PH,2016-02-18,12:00:00,1455771600,25.1,21.9,28.7,18.4,86.0,0.0,0.0,Philippines
Manila,PH,2016-02-19,12:00:00,1455858000,25.6,22.3,29.5,18.0,86.0,0.0,0.0,Philippines
Manila,PH,2016-02-20,12:00:00,1455944400,25.6,21.9,29.6,13.3,67.0,0.0,0.0,Philippines
Manila,PH,2016-02-21,12:00:00,1456030800,25.6,22.7,29.2,23.1,79.0,0.0,0.0,Philippines
Manila,PH,2016-02-22,12:00:00,1456117200,26.4,23.6,30.1,20.2,82.0,0.0,0.0,Philippines
Manila,PH,2016-02-23,12:00:00,1456203600,26.3,22.8,30.7,14.8,83.0,0.0,0.0,Philippines
Manila,PH,2016-02-24,12:00:00,1456290000,26.0,22.9,29.8,23.6,70.0,0.0,0.0,Philippines
Manila,PH,2016-02-25,12:00:00,1456376400,25.7,23.9,28.0,27.9,67.0,0.1,0.0,Philippines
Manila,PH,2016-02-26,12:00:00,1456462800,25.5,24.0,27.8,30.1,70.0,0.9,0.0,Philippines
Manila,PH,2016-02-27,12:00:00,1456549200,25.7,23.8,29.3,28.0,67.0,1.3,0.0,Philippines
Manila,PH,2016-02-28,12:00:00,1456635600,25.2,23.7,27.2,20.1,61.0,3.1,0.0,Philippines
Manila,PH,2016-02-29,12:00:00,1456722000,26.0,23.4,30.0,17.9,63.0,0.2,0.0,Philippines
Manila,PH,2016-03-01,12:00:00,1456808400,25.2,23.9,27.2,27.4,69.0,0.2,0.0,Philippines
Manila,PH,2016-03-02,12:00:00,1456894800,24.2,23.1,25.8,24.5,62.0,2.7,0.0,Philippines
Manila,PH,2016-03-03,12:00:00,1456981200,24.7,23.0,27.0,22.0,66.0,3.9,0.0,Philippines
Manila,PH,2016-03-04,12:00:00,1457067600,24.8,23.0,26.8,11.6,41.0,1.6,0.0,Philippines
Manila,PH,2016-03-05,12:00:00,1457154000,26.9,23.3,31.1,7.8,120.0,0.0,0.0,Philippines
Manila,PH,2016-03-06,12:00:00,1457240400,27.1,23.1,30.8,8.6,218.0,0.0,0.0,Philippines
Manila,PH,2016-03-07,12:00:00,1457326800,27.6,24.3,31.1,11.3,88.0,0.0,0.0,Philippines
Manila,PH,2016-03-08,12:00:00,1457413200,27.8,25.2,32.1,19.2,97.0,0.0,0.0,Philippines
Manila,PH,2016-03-09,12:00:00,1457499600,27.7,23.7,31.6,14.1,99.0,0.0,0.0,Philippines
Manila,PH,2016-03-10,12:00:00,1457586000,27.9,25.0,31.2,10.5,110.0,0.4,0.0,Philippines
Manila,PH,2016-03-11,12:00:00,1457672400,27.7,24.8,31.4,15.7,89.0,0.0,0.0,Philippines
Manila,PH,2016-03-12,12:00:00,1457758800,27.6,24.8,31.5,20.2,94.0,0.0,0.0,Philippines
Manila,PH,2016-03-13,12:00:00,1457845200,27.6,24.6,31.9,18.1,94.0,0.0,0.0,Philippines
Manila,PH,2016-03-14,12:00:00,1457931600,27.5,22.8,32.3,8.6,64.0,0.0,0.0,Philippines
Manila,PH,2016-03-15,12:00:00,1458018000,27.3,24.4,30.5,15.1,90.0,0.0,0.0,Philippines
Manila,PH,2016-03-16,12:00:00,1458104400,27.6,24.0,31.1,12.2,91.0,0.0,0.0,Philippines
Manila,PH,2016-03-17,12:00:00,1458190800,27.7,24.5,31.1,16.2,93.0,0.2,0.0,Philippines
Manila,PH,2016-03-18,12:00:00,1458277200,27.9,25.1,31.7,16.2,96.0,0.0,0.0,Philippines
Manila,PH,2016-03-19,12:00:00,1458363600,27.9,24.0,32.0,14.1,100.0,0.0,0.0,Philippines
Manila,PH,2016-03-20,12:00:00,1458450000,27.6,23.0,32.8,16.4,98.0,0.0,0.0,Philippines
Manila,PH,2016-03-21,12:00:00,1458536400,27.5,22.9,32.5,18.9,100.0,0.0,0.0,Philippines
Manila,PH,2016-03-22,12:00:00,1458622800,27.9,24.5,31.8,17.7,99.0,0.0,0.0,Philippines
Manila,PH,2016-03-23,12:00:00,1458709200,28.2,24.3,32.8,14.9,99.0,0.0,0.0,Philippines
Manila,PH,2016-03-24,12:00:00,1458795600,28.5,23.8,33.3,5.9,105.0,0.0,0.0,Philippines
Manila,PH,2016-03-25,12:00:00,1458882000,28.5,25.2,32.4,7.2,24.0,0.0,0.0,Philippines
Manila,PH,2016-03-26,12:00:00,1458968400,27.9,24.2,32.6,13.1,52.0,0.0,0.0,Philippines
Manila,PH,2016-03-27,12:00:00,1459054800,26.8,24.6,29.8,16.3,65.0,0.5,0.0,Philippines
Manila,PH,2016-03-28,12:00:00,1459141200,26.1,24.2,29.3,27.5,69.0,0.0,0.0,Philippines
Manila,PH,2016-03-29,12:00:00,1459227600,26.6,24.2,29.9,27.1,80.0,0.0,0.0,Philippines
Manila,PH,2016-03-30,12:00:00,1459314000,27.6,25.0,30.9,21.2,86.0,0.1,0.0,Philippines
Manila,PH,2016-03-31,12:00:00,1459400400,27.8,25.0,31.2,19.4,85.0,0.0,0.0,Philippines
Manila,PH,2016-04-01,12:00:00,1459486800,28.3,25.2,32.2,16.1,90.0,0.0,0.0,Philippines
Manila,PH,2016-04-02,12:00:00,1459573200,28.4,25.5,32.4,18.4,91.0,0.0,0.0,Philippines
Manila,PH,2016-04-03,12:00:00,1459659600,28.3,24.7,32.8,19.9,90.0,0.0,0.0,Philippines
Manila,PH,2016-04-04,12:00:00,1459746000,28.2,24.0,33.0,17.8,95.0,0.0,0.0,Philippines
Manila,PH,2016-04-05,12:00:00,1459832400,28.7,25.9,32.6,16.1,90.0,0.0,0.0,Philippines
Manila,PH,2016-04-06,12:00:00,1459918800,28.9,26.0,33.0,22.1,89.0,0.0,0.0,Philippines
Manila,PH,2016-04-07,12:00:00,1460005200,28.8,25.5,32.8,19.1,93.0,0.0,0.0,Philippines
Manila,PH,2016-04-08,12:00:00,1460091600,28.9,26.0,32.7,20.9,88.0,0.0,0.0,Philippines
Manila,PH,2016-04-09,12:00:00,1460178000,29.1,26.0,33.6,20.0,93.0,0.0,0.0,Philippines
Manila,PH,2016-04-10,12:00:00,1460264400,29.3,24.1,34.4,10.9,112.0,0.0,0.0,Philippines
Manila,PH,2016-04-11,12:00:00,1460350800,30.0,25.7,34.7,7.9,121.0,0.0,0.0,Philippines
Manila,PH,2016-04-12,12:00:00,1460437200,29.8,25.7,33.9,11.0,140.0,0.0,0.0,Philippines
Manila,PH,2016-04-13,12:00:00,1460523600,29.5,26.0,33.4,11.2,198.0,0.7,0.0,Philippines
Manila,PH,2016-04-14,12:00:00,1460610000,30.2,26.7,34.5,8.4,139.0,0.2,0.0,Philippines
Manila,PH,2016-04-15,12:00:00,1460696400,30.3,27.0,34.3,14.3,92.0,0.1,0.0,Philippines
Manila,PH,2016-04-16,12:00:00,1460782800,30.3,27.7,34.0,14.7,103.0,0.4,0.0,Philippines
Manila,PH,2016-04-17,12:00:00,1460869200,30.1,26.9,34.5,20.2,93.0,0.0,0.0,Philippines
Manila,PH,2016-04-18,12:00:00,1460955600,30.0,26.3,34.6,15.5,92.0,0.1,0.0,Philippines
Manila,PH,2016-04-19,12:00:00,1461042000,29.6,26.8,33.5,23.4,88.0,0.0,0.0,Philippines
Manila,PH,2016-04-20,12:00:00,1461128400,29.2,26.3,33.2,23.8,84.0,0.0,0.0,Philippines
Manila,PH,2016-04-21,12:00:00,1461214800,29.4,26.2,33.6,19.5,88.0,0.0,0.0,Philippines
Manila,PH,2016-04-22,12:00:00,1461301200,29.6,26.1,34.1,16.1,98.0,0.0,0.0,Philippines
Manila,PH,2016-04-23,12:00:00,1461387600,29.9,26.3,34.0,15.1,99.0,0.0,0.0,Philippines
Manila,PH,2016-04-24,12:00:00,1461474000,30.0,26.1,34.3,14.9,97.0,0.0,0.0,Philippines
Manila,PH,2016-04-25,12:00:00,1461560400,30.0,26.5,34.5,18.0,90.0,0.0,0.0,Philippines
Manila,PH,2016-04-26,12:00:00,1461646800,29.9,26.8,34.3,17.7,95.0,0.0,0.0,Philippines
Manila,PH,2016-04-27,12:00:00,1461733200,29.6,25.4,33.3,12.8,104.0,0.0,0.0,Philippines
Manila,PH,2016-04-28,12:00:00,1461819600,29.7,26.7,33.6,7.9,195.0,0.5,0.0,Philippines
Manila,PH,2016-04-29,12:00:00,1461906000,29.4,27.1,34.0,10.5,126.0,3.0,0.0,Philippines
Manila,PH,2016-04-30,12:00:00,1461992400,29.4,26.5,33.8,14.0,112.0,0.6,0.0,Philippines
Manila,PH,2016-05-01,12:00:00,1462078800,29.9,26.4,33.8,13.5,98.0,1.3,0.0,Philippines
Manila,PH,2016-05-02,12:00:00,1462165200,30.7,27.4,35.0,15.4,99.0,0.0,0.0,Philippines
Manila,PH,2016-05-03,12:00:00,1462251600,30.7,27.4,34.9,13.9,99.0,0.0,0.0,Philippines
Manila,PH,2016-05-04,12:00:00,1462338000,30.4,26.7,35.1,19.2,93.0,0.0,0.0,Philippines
Manila,PH,2016-05-05,12:00:00,1462424400,29.9,27.1,33.4,21.6,88.0,0.0,0.0,Philippines
Manila,PH,2016-05-06,12:00:00,1462510800,30.4,27.4,34.6,20.0,92.0,0.0,0.0,Philippines
Manila,PH,2016-05-07,12:00:00,1462597200,30.3,27.1,34.7,20.6,92.0,0.0,0.0,Philippines
Manila,PH,2016-05-08,12:00:00,1462683600,30.3,27.1,34.0,19.1,96.0,0.0,0.0,Philippines
Manila,PH,2016-05-09,12:00:00,1462770000,30.3,27.2,34.5,17.9,95.0,0.0,0.0,Philippines
Manila,PH,2016-05-10,12:00:00,1462856400,30.6,27.1,34.8,14.2,121.0,0.0,0.0,Philippines
Manila,PH,2016-05-11,12:00:00,1462942800,30.7,27.3,34.1,6.4,108.0,0.0,0.0,Philippines
Manila,PH,2016-05-12,12:00:00,1463029200,30.5,27.8,34.5,9.4,71.0,0.2,0.0,Philippines
Manila,PH,2016-05-13,12:00:00,1463115600,31.0,27.8,35.6,16.7,87.0,0.0,0.0,Philippines
Manila,PH,2016-05-14,12:00:00,1463202000,30.1,27.2,33.7,20.9,86.0,0.0,0.0,Philippines
Manila,PH,2016-05-15,12:00:00,1463288400,30.2,27.6,34.1,15.5,86.0,0.3,0.0,Philippines
Manila,PH,2016-05-16,12:00:00,1463374800,30.0,27.2,34.7,12.3,68.0,0.2,0.0,Philippines
Manila,PH,2016-05-17,12:00:00,1463461200,29.1,26.5,33.3,8.3,75.0,2.9,0.0,Philippines
Manila,PH,2016-05-18,12:00:00,1463547600,29.1,26.5,33.8,8.7,97.0,5.4,0.0,Philippines
Manila,PH,2016-05-19,12:00:00,1463634000,28.5,26.3,32.0,8.5,104.0,5.8,0.0,Philippines
Manila,PH,2016-05-20,12:00:00,1463720400,27.9,25.6,31.7,8.9,128.0,20.7,0.0,Philippines
Manila,PH,2016-05-21,12:00:00,1463806800,28.5,25.7,32.3,11.0,122.0,3.1,0.0,Philippines
Manila,PH,2016-05-22,12:00:00,1463893200,28.2,26.2,31.3,8.7,154.0,6.9,0.0,Philippines
Manila,PH,2016-05-23,12:00:00,1463979600,27.6,25.6,30.3,11.8,240.0,5.5,0.0,Philippines
Manila,PH,2016-05-24,12:00:00,1464066000,27.9,25.6,30.7,15.9,262.0,2.7,0.0,Philippines
Manila,PH,2016-05-25,12:00:00,1464152400,27.4,26.1,29.7,17.1,223.0,17.5,0.0,Philippines
Manila,PH,2016-05-26,12:00:00,1464238800,28.4,25.8,32.1,12.6,141.0,0.6,0.0,Philippines
Manila,PH,2016-05-27,12:00:00,1464325200,28.9,26.4,31.4,11.0,170.0,1.2,0.0,Philippines
Manila,PH,2016-05-28,12:00:00,1464411600,28.8,26.7,31.5,10.7,141.0,3.3,0.0,Philippines
Manila,PH,2016-05-29,12:00:00,1464498000,28.3,25.9,31.9,6.6,116.0,5.9,0.0,Philippines
Manila,PH,2016-05-30,12:00:00,1464584400,29.0,25.7,32.3,8.3,108.0,1.6,0.0,Philippines
Manila,PH,2016-05-31,12:00:00,1464670800,28.2,26.2,31.1,7.8,232.0,6.2,0.0,Philippines
Manila,PH,2016-06-01,12:00:00,1464757200,28.0,26.2,30.8,15.3,253.0,3.8,0.0,Philippines
Manila,PH,2016-06-02,12:00:00,1464843600,28.0,26.1,31.4,15.5,262.0,7.6,0.0,Philippines
Manila,PH,2016-06-03,12:00:00,1464930000,28.1,26.3,30.7,16.3,257.0,2.6,0.0,Philippines
Manila,PH,2016-06-04,12:00:00,1465016400,28.5,26.2,30.9,14.6,261.0,0.9,0.0,Philippines
Manila,PH,2016-06-05,12:00:00,1465102800,27.9,26.0,30.5,12.9,258.0,6.3,0.0,Philippines
Manila,PH,2016-06-06,12:00:00,1465189200,28.0,25.7,31.1,15.1,252.0,9.3,0.0,Philippines
Manila,PH,2016-06-07,12:00:00,1465275600,27.3,25.4,30.6,18.0,253.0,9.3,0.0,Philippines
Manila,PH,2016-06-08,12:00:00,1465362000,27.5,25.4,30.3,18.0,257.0,13.4,0.0,Philippines
Manila,PH,2016-06-09,12:00:00,1465448400,27.5,25.6,29.9,15.6,249.0,4.2,0.0,Philippines
Manila,PH,2016-06-10,12:00:00,1465534800,27.9,26.0,30.7,13.2,228.0,5.1,0.0,Philippines
Manila,PH,2016-06-11,12:00:00,1465621200,28.4,26.0,31.2,8.7,168.0,2.5,0.0,Philippines
Manila,PH,2016-06-12,12:00:00,1465707600,27.2,25.8,29.1,20.6,240.0,12.9,0.0,Philippines
Manila,PH,2016-06-13,12:00:00,1465794000,27.8,25.5,29.9,17.6,258.0,1.4,0.0,Philippines
Manila,PH,2016-06-14,12:00:00,1465880400,27.9,25.7,30.4,18.3,262.0,1.5,0.0,Philippines
Manila,PH,2016-06-15,12:00:00,1465966800,28.5,26.1,31.2,9.5,229.0,0.9,0.0,Philippines
Manila,PH,2016-06-16,12:00:00,1466053200,28.7,26.3,31.6,7.7,93.0,0.8,0.0,Philippines
Manila,PH,2016-06-17,12:00:00,1466139600,28.6,26.4,31.5,16.2,83.0,1.1,0.0,Philippines
Manila,PH,2016-06-18,12:00:00,1466226000,29.0,26.7,32.4,22.7,78.0,0.1,0.0,Philippines
Manila,PH,2016-06-19,12:00:00,1466312400,29.0,27.0,32.2,20.0,88.0,1.0,0.0,Philippines
Manila,PH,2016-06-20,12:00:00,1466398800,28.3,26.2,31.5,15.0,96.0,10.7,0.0,Philippines
Manila,PH,2016-06-21,12:00:00,1466485200,28.0,25.7,31.2,11.2,88.0,3.6,0.0,Philippines
Manila,PH,2016-06-22,12:00:00,1466571600,27.6,25.7,30.5,6.9,75.0,4.3,0.0,Philippines
Manila,PH,2016-06-23,12:00:00,1466658000,27.5,25.6,30.1,11.5,110.0,9.3,0.0,Philippines
Manila,PH,2016-06-24,12:00:00,1466744400,27.8,26.0,30.5,11.8,121.0,2.6,0.0,Philippines
Manila,PH,2016-06-25,12:00:00,1466830800,27.6,25.3,30.9,10.9,127.0,4.4,0.0,Philippines
Manila,PH,2016-06-26,12:00:00,1466917200,27.1,25.6,29.7,11.3,109.0,10.0,0.0,Philippines
Manila,PH,2016-06-27,12:00:00,1467003600,27.0,25.4,29.9,14.1,134.0,10.0,0.0,Philippines
Manila,PH,2016-06-28,12:00:00,1467090000,27.4,25.6,31.0,16.4,118.0,9.8,0.0,Philippines
Manila,PH,2016-06-29,12:00:00,1467176400,27.7,25.4,30.5,9.9,98.0,2.9,0.0,Philippines
Manila,PH,2016-06-30,12:00:00,1467262800,27.6,25.7,30.2,7.8,71.0,5.5,0.0,Philippines
Manila,PH,2016-07-01,12:00:00,1467349200,27.8,25.3,31.4,9.8,122.0,5.1,0.0,Philippines
Manila,PH,2016-07-02,12:00:00,1467435600,27.2,25.4,30.7,7.3,130.0,9.9,0.0,Philippines
Manila,PH,2016-07-03,12:00:00,1467522000,26.8,24.9,29.6,8.6,226.0,23.4,0.0,Philippines
Manila,PH,2016-07-04,12:00:00,1467608400,27.1,25.4,29.7,9.2,193.0,7.7,0.0,Philippines
Manila,PH,2016-07-05,12:00:00,1467694800,26.9,25.3,29.4,8.6,241.0,10.0,0.0,Philippines
Manila,PH,2016-07-06,12:00:00,1467781200,26.6,24.7,28.8,16.6,239.0,13.6,0.0,Philippines
Manila,PH,2016-07-07,12:00:00,1467867600,26.5,25.2,28.5,27.5,242.0,8.8,0.0,Philippines
Manila,PH,2016-07-08,12:00:00,1467954000,25.6,25.1,26.4,27.4,238.0,41.3,0.0,Philippines
Manila,PH,2016-07-09,12:00:00,1468040400,25.5,24.8,26.5,24.1,224.0,34.8,0.0,Philippines
Manila,PH,2016-07-10,12:00:00,1468126800,26.1,25.1,27.8,18.9,221.0,12.0,0.0,Philippines
Manila,PH,2016-07-11,12:00:00,1468213200,27.0,25.1,29.9,7.8,191.0,5.4,0.0,Philippines
Manila,PH,2016-07-12,12:00:00,1468299600,27.6,25.0,30.1,11.6,271.0,2.5,0.0,Philippines
Manila,PH,2016-07-13,12:00:00,1468386000,27.9,25.2,30.7,9.4,274.0,1.1,0.0,Philippines
Manila,PH,2016-07-14,12:00:00,1468472400,27.3,25.0,30.1,5.2,223.0,5.6,0.0,Philippines
Manila,PH,2016-07-15,12:00:00,1468558800,28.0,25.3,30.5,7.0,93.0,1.0,0.0,Philippines
Manila,PH,2016-07-16,12:00:00,1468645200,28.2,25.8,30.9,7.9,283.0,1.4,0.0,Philippines
Manila,PH,2016-07-17,12:00:00,1468731600,28.1,25.8,30.8,5.1,127.0,0.7,0.0,Philippines
Manila,PH,2016-07-18,12:00:00,1468818000,28.3,25.5,31.4,8.8,120.0,0.6,0.0,Philippines
Manila,PH,2016-07-19,12:00:00,1468904400,28.1,25.9,30.8,7.6,97.0,3.1,0.0,Philippines
Manila,PH,2016-07-20,12:00:00,1468990800,28.0,25.8,30.9,19.1,94.0,1.6,0.0,Philippines
Manila,PH,2016-07-21,12:00:00,1469077200,28.6,26.0,32.1,10.1,81.0,0.8,0.0,Philippines
Manila,PH,2016-07-22,12:00:00,1469163600,27.8,25.4,30.8,7.3,8.0,8.0,0.0,Philippines
Manila,PH,2016-07-23,12:00:00,1469250000,27.4,24.9,30.6,11.6,22.0,13.0,0.0,Philippines
Manila,PH,2016-07-24,12:00:00,1469336400,27.1,25.2,30.0,10.8,198.0,8.9,0.0,Philippines
Manila,PH,2016-07-25,12:00:00,1469422800,27.3,25.3,30.2,11.5,203.0,7.2,0.0,Philippines
Manila,PH,2016-07-26,12:00:00,1469509200,28.1,25.2,31.2,8.9,179.0,1.6,0.0,Philippines
Manila,PH,2016-07-27,12:00:00,1469595600,28.0,25.3,31.2,5.0,63.0,3.4,0.0,Philippines
Manila,PH,2016-07-28,12:00:00,1469682000,28.2,26.0,30.9,6.6,80.0,1.7,0.0,Philippines
Manila,PH,2016-07-29,12:00:00,1469768400,27.5,25.3,30.8,8.4,317.0,3.8,0.0,Philippines
Manila,PH,2016-07-30,12:00:00,1469854800,27.0,25.4,28.8,12.4,283.0,2.8,0.0,Philippines
Manila,PH,2016-07-31,12:00:00,1469941200,26.3,25.1,27.6,28.7,238.0,4.7,0.0,Philippines
Manila,PH,2016-08-01,12:00:00,1470027600,26.4,25.1,28.4,21.4,210.0,11.2,0.0,Philippines
Manila,PH,2016-08-02,12:00:00,1470114000,26.7,25.3,29.2,7.3,131.0,7.2,0.0,Philippines
Manila,PH,2016-08-03,12:00:00,1470200400,27.4,24.8,30.2,10.2,172.0,2.3,0.0,Philippines
Manila,PH,2016-08-04,12:00:00,1470286800,28.0,25.3,31.1,14.8,284.0,1.4,0.0,Philippines
Manila,PH,2016-08-05,12:00:00,1470373200,27.3,25.3,30.3,13.0,287.0,6.5,0.0,Philippines
Manila,PH,2016-08-06,12:00:00,1470459600,26.8,25.3,29.8,18.8,256.0,10.3,0.0,Philippines
Manila,PH,2016-08-07,12:00:00,1470546000,25.7,24.9,27.1,23.7,247.0,22.6,0.0,Philippines
Manila,PH,2016-08-08,12:00:00,1470632400,25.4,24.9,26.0,23.5,247.0,27.0,0.0,Philippines
Manila,PH,2016-08-09,12:00:00,1470718800,25.9,25.2,27.1,23.6,254.0,37.0,0.0,Philippines
Manila,PH,2016-08-10,12:00:00,1470805200,25.6,25.0,26.2,24.7,242.0,44.5,0.0,Philippines
Manila,PH,2016-08-11,12:00:00,1470891600,25.9,25.1,27.4,25.5,231.0,39.6,0.0,Philippines
Manila,PH,2016-08-12,12:00:00,1470978000,26.1,25.3,27.7,24.6,244.0,18.2,0.0,Philippines
Manila,PH,2016-08-13,12:00:00,1471064400,25.9,25.2,27.0,24.5,240.0,18.4,0.0,Philippines
Manila,PH,2016-08-14,12:00:00,1471150800,26.2,25.3,28.0,24.6,240.0,14.1,0.0,Philippines
Manila,PH,2016-08-15,12:00:00,1471237200,26.5,25.6,28.1,27.1,242.0,13.3,0.0,Philippines
Manila,PH,2016-08-16,12:00:00,1471323600,26.3,25.6,27.9,24.3,245.0,12.9,0.0,Philippines
Manila,PH,2016-08-17,12:00:00,1471410000,26.7,25.7,28.9,26.1,236.0,10.9,0.0,Philippines
Manila,PH,2016-08-18,12:00:00,1471496400,27.0,25.7,29.5,21.4,244.0,5.2,0.0,Philippines
Manila,PH,2016-08-19,12:00:00,1471582800,26.9,25.5,29.0,21.1,263.0,8.6,0.0,Philippines
Manila,PH,2016-08-20,12:00:00,1471669200,26.7,25.5,28.7,23.1,273.0,10.9,0.0,Philippines
Manila,PH,2016-08-21,12:00:00,1471755600,26.5,24.9,28.9,11.8,254.0,8.8,0.0,Philippines
Manila,PH,2016-08-22,12:00:00,1471842000,26.4,25.0,29.1,10.5,121.0,20.0,0.0,Philippines
Manila,PH,2016-08-23,12:00:00,1471928400,26.7,25.3,28.9,21.0,216.0,3.4,0.0,Philippines
Manila,PH,2016-08-24,12:00:00,1472014800,27.2,25.5,29.7,24.6,240.0,3.0,0.0,Philippines
Manila,PH,2016-08-25,12:00:00,1472101200,26.9,25.5,28.7,22.7,245.0,5.5,0.0,Philippines
Manila,PH,2016-08-26,12:00:00,1472187600,26.9,25.7,28.9,20.6,249.0,4.1,0.0,Philippines
Manila,PH,2016-08-27,12:00:00,1472274000,26.6,25.4,28.3,26.9,248.0,6.9,0.0,Philippines
Manila,PH,2016-08-28,12:00:00,1472360400,26.8,25.5,29.1,19.3,246.0,4.5,0.0,Philippines
Manila,PH,2016-08-29,12:00:00,1472446800,26.8,25.4,28.6,23.8,247.0,3.9,0.0,Philippines
Manila,PH,2016-08-30,12:00:00,1472533200,27.4,25.6,29.2,21.2,254.0,2.9,0.0,Philippines
Manila,PH,2016-08-31,12:00:00,1472619600,27.5,26.2,29.3,26.0,254.0,1.4,0.0,Philippines
Manila,PH,2016-09-01,12:00:00,1472706000,27.4,26.1,29.5,18.4,257.0,0.2,0.0,Philippines
Manila,PH,2016-09-02,12:00:00,1472792400,27.7,25.7,29.8,21.0,252.0,0.0,0.0,Philippines
Manila,PH,2016-09-03,12:00:00,1472878800,27.8,26.4,30.0,23.0,259.0,0.1,0.0,Philippines
Manila,PH,2016-09-04,12:00:00,1472965200,27.0,26.1,28.9,18.8,248.0,6.8,0.0,Philippines
Manila,PH,2016-09-05,12:00:00,1473051600,27.0,25.1,29.9,18.2,236.0,4.9,0.0,Philippines
Manila,PH,2016-09-06,12:00:00,1473138000,27.5,25.0,30.6,13.8,233.0,1.1,0.0,Philippines
Manila,PH,2016-09-07,12:00:00,1473224400,27.4,25.2,29.7,16.0,263.0,1.6,0.0,Philippines
Manila,PH,2016-09-08,12:00:00,1473310800,27.1,24.8,30.2,9.5,216.0,8.0,0.0,Philippines
Manila,PH,2016-09-09,12:00:00,1473397200,27.2,24.9,29.9,7.2,81.0,4.8,0.0,Philippines
Manila,PH,2016-09-10,12:00:00,1473483600,27.4,25.2,30.5,11.2,120.0,5.5,0.0,Philippines
Manila,PH,2016-09-11,12:00:00,1473570000,27.6,24.8,30.4,13.8,128.0,5.7,0.0,Philippines
Manila,PH,2016-09-12,12:00:00,1473656400,27.2,25.0,30.4,13.0,267.0,4.7,0.0,Philippines
Manila,PH,2016-09-13,12:00:00,1473742800,26.9,25.4,28.8,22.7,265.0,1.4,0.0,Philippines
Manila,PH,2016-09-14,12:00:00,1473829200,26.6,25.6,28.9,25.1,254.0,6.1,0.0,Philippines
Manila,PH,2016-09-15,12:00:00,1473915600,26.5,25.0,29.2,20.0,243.0,6.3,0.0,Philippines
Manila,PH,2016-09-16,12:00:00,1474002000,26.6,25.0,28.4,19.4,233.0,2.3,0.0,Philippines
Manila,PH,2016-09-17,12:00:00,1474088400,26.5,24.9,28.9,16.3,222.0,11.0,0.0,Philippines
Manila,PH,2016-09-18,12:00:00,1474174800,26.6,25.0,28.1,17.3,240.0,5.9,0.0,Philippines
Manila,PH,2016-09-19,12:00:00,1474261200,26.6,25.1,29.3,12.4,241.0,12.1,0.0,Philippines
Manila,PH,2016-09-20,12:00:00,1474347600,26.8,24.9,29.5,8.7,121.0,6.6,0.0,Philippines
Manila,PH,2016-09-21,12:00:00,1474434000,27.0,25.2,29.5,17.8,95.0,2.8,0.0,Philippines
Manila,PH,2016-09-22,12:00:00,1474520400,26.7,25.2,29.5,11.5,88.0,14.8,0.0,Philippines
Manila,PH,2016-09-23,12:00:00,1474606800,26.6,24.8,29.2,5.6,347.0,15.4,0.0,Philippines
Manila,PH,2016-09-24,12:00:00,1474693200,27.1,25.0,29.6,8.6,280.0,2.5,0.0,Philippines
Manila,PH,2016-09-25,12:00:00,1474779600,26.9,24.7,30.2,9.7,242.0,10.6,0.0,Philippines
Manila,PH,2016-09-26,12:00:00,1474866000,26.7,25.1,29.6,21.6,244.0,9.8,0.0,Philippines
Manila,PH,2016-09-27,12:00:00,1474952400,26.2,25.4,27.6,29.5,234.0,8.7,0.0,Philippines
Manila,PH,2016-09-28,12:00:00,1475038800,25.5,24.9,26.4,19.9,229.0,19.1,0.0,Philippines
Manila,PH,2016-09-29,12:00:00,1475125200,25.8,24.6,27.3,13.9,240.0,7.9,0.0,Philippines
Manila,PH,2016-09-30,12:00:00,1475211600,25.7,23.9,27.7,16.8,251.0,5.6,0.0,Philippines
Manila,PH,2016-10-01,12:00:00,1475298000,26.6,24.1,29.1,14.6,260.0,2.2,0.0,Philippines
Manila,PH,2016-10-02,12:00:00,1475384400,26.8,24.6,29.1,13.8,269.0,0.5,0.0,Philippines
Manila,PH,2016-10-03,12:00:00,1475470800,26.4,24.8,28.5,15.0,259.0,7.2,0.0,Philippines
Manila,PH,2016-10-04,12:00:00,1475557200,25.9,24.6,28.0,12.0,265.0,29.1,0.0,Philippines
Manila,PH,2016-10-05,12:00:00,1475643600,26.5,24.8,29.1,7.7,89.0,2.3,0.0,Philippines
Manila,PH,2016-10-06,12:00:00,1475730000,26.1,24.9,28.1,11.1,183.0,11.6,0.0,Philippines
Manila,PH,2016-10-07,12:00:00,1475816400,26.1,25.1,28.4,12.2,153.0,14.0,0.0,Philippines
Manila,PH,2016-10-08,12:00:00,1475902800,26.4,24.8,29.0,11.0,215.0,12.4,0.0,Philippines
Manila,PH,2016-10-09,12:00:00,1475989200,26.6,25.1,28.6,9.9,225.0,12.4,0.0,Philippines
Manila,PH,2016-10-10,12:00:00,1476075600,26.3,24.7,28.5,8.2,221.0,9.3,0.0,Philippines
Manila,PH,2016-10-11,12:00:00,1476162000,26.6,25.2,29.9,8.0,124.0,9.3,0.0,Philippines
Manila,PH,2016-10-12,12:00:00,1476248400,26.2,24.7,27.6,8.0,106.0,9.4,0.0,Philippines
Manila,PH,2016-10-13,12:00:00,1476334800,26.4,24.6,28.8,7.4,63.0,9.5,0.0,Philippines
Manila,PH,2016-10-14,12:00:00,1476421200,26.9,24.6,29.6,12.5,303.0,0.4,0.0,Philippines
Manila,PH,2016-10-15,12:00:00,1476507600,25.9,25.1,26.3,29.9,283.0,31.7,0.0,Philippines
Manila,PH,2016-10-16,12:00:00,1476594000,25.8,25.2,26.7,37.2,211.0,65.8,0.0,Philippines
Manila,PH,2016-10-17,12:00:00,1476680400,26.6,25.2,29.2,9.2,113.0,2.2,0.0,Philippines
Manila,PH,2016-10-18,12:00:00,1476766800,27.2,24.8,29.8,7.3,61.0,1.9,0.0,Philippines
Manila,PH,2016-10-19,12:00:00,1476853200,26.9,25.2,28.8,31.5,269.0,2.1,0.0,Philippines
Manila,PH,2016-10-20,12:00:00,1476939600,26.4,25.3,27.9,33.2,224.0,6.4,0.0,Philippines
Manila,PH,2016-10-21,12:00:00,1477026000,26.9,25.3,29.5,9.2,120.0,5.6,0.0,Philippines
Manila,PH,2016-10-22,12:00:00,1477112400,27.3,25.1,30.0,13.7,105.0,1.5,0.0,Philippines
Manila,PH,2016-10-23,12:00:00,1477198800,27.7,24.8,30.7,9.8,98.0,0.6,0.0,Philippines
Manila,PH,2016-10-24,12:00:00,1477285200,27.5,24.7,30.5,12.2,94.0,0.0,0.0,Philippines
Manila,PH,2016-10-25,12:00:00,1477371600,27.2,23.5,30.7,14.8,88.0,0.0,0.0,Philippines
Manila,PH,2016-10-26,12:00:00,1477458000,27.5,25.7,29.6,15.5,79.0,0.3,0.0,Philippines
Manila,PH,2016-10-27,12:00:00,1477544400,27.6,25.8,30.2,18.8,84.0,0.2,0.0,Philippines
Manila,PH,2016-10-28,12:00:00,1477630800,27.5,25.1,29.9,21.3,79.0,0.3,0.0,Philippines
Manila,PH,2016-10-29,12:00:00,1477717200,27.6,25.8,30.3,20.4,78.0,0.0,0.0,Philippines
Manila,PH,2016-10-30,12:00:00,1477803600,27.1,25.4,29.8,19.4,77.0,0.0,0.0,Philippines
Manila,PH,2016-10-31,12:00:00,1477890000,27.3,25.2,30.1,21.1,65.0,0.0,0.0,Philippines
Manila,PH,2016-11-01,12:00:00,1477976400,26.9,25.4,29.0,21.6,64.0,0.0,0.0,Philippines
Manila,PH,2016-11-02,12:00:00,1478062800,26.8,25.4,29.0,21.3,63.0,2.2,0.0,Philippines
Manila,PH,2016-11-03,12:00:00,1478149200,26.9,25.2,29.1,18.8,72.0,1.3,0.0,Philippines
Manila,PH,2016-11-04,12:00:00,1478235600,26.1,24.7,28.7,5.8,129.0,3.2,0.0,Philippines
Manila,PH,2016-11-05,12:00:00,1478322000,26.8,24.5,29.7,6.3,92.0,0.5,0.0,Philippines
Manila,PH,2016-11-06,12:00:00,1478408400,26.9,24.4,30.0,12.3,92.0,0.5,0.0,Philippines
Manila,PH,2016-11-07,12:00:00,1478494800,26.6,24.3,29.3,16.5,85.0,0.0,0.0,Philippines
Manila,PH,2016-11-08,12:00:00,1478581200,26.2,23.6,29.5,18.0,82.0,0.0,0.0,Philippines
Manila,PH,2016-11-09,12:00:00,1478667600,25.6,23.0,28.6,20.2,82.0,0.0,0.0,Philippines
Manila,PH,2016-11-10,12:00:00,1478754000,26.0,22.7,29.5,10.2,70.0,0.3,0.0,Philippines
Manila,PH,2016-11-11,12:00:00,1478840400,26.4,24.4,29.0,18.9,76.0,0.2,0.0,Philippines
Manila,PH,2016-11-12,12:00:00,1478926800,26.8,24.7,29.8,19.6,77.0,0.0,0.0,Philippines
Manila,PH,2016-11-13,12:00:00,1479013200,26.9,24.5,30.1,18.0,68.0,0.0,0.0,Philippines
Manila,PH,2016-11-14,12:00:00,1479099600,27.0,24.0,30.0,19.3,74.0,0.1,0.0,Philippines
Manila,PH,2016-11-15,12:00:00,1479186000,26.9,24.9,29.4,13.3,71.0,0.1,0.0,Philippines
Manila,PH,2016-11-16,12:00:00,1479272400,27.3,25.4,29.9,19.1,84.0,0.8,0.0,Philippines
Manila,PH,2016-11-17,12:00:00,1479358800,27.2,25.2,29.7,20.4,76.0,0.2,0.0,Philippines
Manila,PH,2016-11-18,12:00:00,1479445200,27.2,25.6,29.8,22.8,76.0,0.1,0.0,Philippines
Manila,PH,2016-11-19,12:00:00,1479531600,26.8,25.8,28.7,22.3,83.0,1.3,0.0,Philippines
Manila,PH,2016-11-20,12:00:00,1479618000,27.4,25.5,30.3,22.3,86.0,0.0,0.0,Philippines
Manila,PH,2016-11-21,12:00:00,1479704400,27.5,24.9,31.2,18.8,84.0,0.0,0.0,Philippines
Manila,PH,2016-11-22,12:00:00,1479790800,26.9,23.5,30.9,19.7,80.0,0.4,0.0,Philippines
Manila,PH,2016-11-23,12:00:00,1479877200,27.2,24.5,30.8,17.5,73.0,0.0,0.0,Philippines
Manila,PH,2016-11-24,12:00:00,1479963600,26.9,24.0,30.5,20.6,71.0,0.0,0.0,Philippines
Manila,PH,2016-11-25,12:00:00,1480050000,25.3,24.3,25.8,25.4,67.0,33.9,0.0,Philippines
Manila,PH,2016-11-26,12:00:00,1480136400,26.2,25.1,27.5,22.1,92.0,9.1,0.0,Philippines
Manila,PH,2016-11-27,12:00:00,1480222800,27.2,25.4,29.7,17.1,114.0,0.5,0.0,Philippines
Manila,PH,2016-11-28,12:00:00,1480309200,27.2,25.0,30.2,17.0,93.0,0.0,0.0,Philippines
Manila,PH,2016-11-29,12:00:00,1480395600,26.8,25.3,29.4,18.5,76.0,0.0,0.0,Philippines
Manila,PH,2016-11-30,12:00:00,1480482000,26.7,24.9,29.1,21.8,73.0,0.4,0.0,Philippines
Manila,PH,2016-12-01,12:00:00,1480568400,27.1,25.3,30.1,20.6,70.0,0.0,0.0,Philippines
Manila,PH,2016-12-02,12:00:00,1480654800,26.6,24.9,29.0,21.7,70.0,0.0,0.0,Philippines
Manila,PH,2016-12-03,12:00:00,1480741200,26.7,24.8,29.1,21.7,72.0,0.0,0.0,Philippines
Manila,PH,2016-12-04,12:00:00,1480827600,26.9,24.8,29.8,19.2,70.0,0.8,0.0,Philippines
Manila,PH,2016-12-05,12:00:00,1480914000,26.9,24.9,29.7,20.8,76.0,0.2,0.0,Philippines
Manila,PH,2016-12-06,12:00:00,1481000400,27.2,24.9,30.2,19.3,71.0,0.0,0.0,Philippines
Manila,PH,2016-12-07,12:00:00,1481086800,26.3,25.0,28.5,21.0,54.0,23.9,0.0,Philippines
Manila,PH,2016-12-08,12:00:00,1481173200,26.4,24.3,28.8,15.9,70.0,4.3,0.0,Philippines
Manila,PH,2016-12-09,12:00:00,1481259600,26.4,24.8,28.7,13.7,84.0,0.6,0.0,Philippines
Manila,PH,2016-12-10,12:00:00,1481346000,26.3,24.6,29.1,8.0,94.0,3.7,0.0,Philippines
Manila,PH,2016-12-11,12:00:00,1481432400,26.4,25.0,28.4,14.5,57.0,1.6,0.0,Philippines
Manila,PH,2016-12-12,12:00:00,1481518800,26.4,24.2,28.8,13.0,56.0,0.2,0.0,Philippines
Manila,PH,2016-12-13,12:00:00,1481605200,25.2,24.7,26.2,7.7,327.0,77.2,0.0,Philippines
Manila,PH,2016-12-14,12:00:00,1481691600,25.5,24.3,27.1,9.8,60.0,79.5,0.0,Philippines
Manila,PH,2016-12-15,12:00:00,1481778000,25.6,24.2,27.5,21.3,79.0,2.6,0.0,Philippines
Manila,PH,2016-12-16,12:00:00,1481864400,24.8,23.3,26.0,21.7,57.0,19.7,0.0,Philippines
Manila,PH,2016-12-17,12:00:00,1481950800,24.6,23.1,25.7,31.3,73.0,16.9,0.0,Philippines
Manila,PH,2016-12-18,12:00:00,1482037200,25.4,24.5,27.0,21.6,74.0,3.1,0.0,Philippines
Manila,PH,2016-12-19,12:00:00,1482123600,26.1,24.7,28.7,18.4,74.0,0.0,0.0,Philippines
Manila,PH,2016-12-20,12:00:00,1482210000,26.5,24.6,29.6,19.8,77.0,0.0,0.0,Philippines
Manila,PH,2016-12-21,12:00:00,1482296400,26.0,24.3,28.3,19.0,76.0,0.5,0.0,Philippines
Manila,PH,2016-12-22,12:00:00,1482382800,25.9,22.4,29.7,14.1,66.0,0.0,0.0,Philippines
Manila,PH,2016-12-23,12:00:00,1482469200,25.9,23.4,29.0,23.8,70.0,0.0,0.0,Philippines
Manila,PH,2016-12-24,12:00:00,1482555600,25.9,24.2,28.3,27.7,62.0,0.0,0.0,Philippines
Manila,PH,2016-12-25,12:00:00,1482642000,26.4,24.5,29.0,25.5,33.0,0.2,0.0,Philippines
Manila,PH,2016-12-26,12:00:00,1482728400,25.7,24.0,27.6,34.0,48.0,17.0,0.0,Philippines
Manila,PH,2016-12-27,12:00:00,1482814800,26.7,24.7,29.7,11.5,107.0,0.1,0.0,Philippines
Manila,PH,2016-12-28,12:00:00,1482901200,26.8,24.5,29.4,15.3,81.0,0.7,0.0,Philippines
Manila,PH,2016-12-29,12:00:00,1482987600,26.7,24.7,29.9,18.5,78.0,1.0,0.0,Philippines
Manila,PH,2016-12-30,12:00:00,1483074000,26.5,24.9,29.0,20.0,74.0,0.0,0.0,Philippines
Manila,PH,2016-12-31,12:00:00,1483160400,25.9,24.7,27.9,24.1,69.0,3.3,0.0,Philippines
Manila,PH,2017-01-01,12:00:00,1483246800,26.4,24.5,29.8,21.7,72.0,1.0,0.0,Philippines
Manila,PH,2017-01-02,12:00:00,1483333200,26.3,23.4,30.1,17.3,34.0,0.0,0.0,Philippines
Manila,PH,2017-01-03,12:00:00,1483419600,26.5,23.9,30.2,17.7,30.0,0.2,0.0,Philippines
Manila,PH,2017-01-04,12:00:00,1483506000,25.9,23.7,28.4,10.4,13.0,2.1,0.0,Philippines
Manila,PH,2017-01-05,12:00:00,1483592400,25.4,24.3,27.4,12.8,134.0,5.0,0.0,Philippines
Manila,PH,2017-01-06,12:00:00,1483678800,25.4,22.1,29.4,15.5,84.0,0.1,0.0,Philippines
Manila,PH,2017-01-07,12:00:00,1483765200,25.4,22.0,29.3,15.8,94.0,0.0,0.0,Philippines
Manila,PH,2017-01-08,12:00:00,1483851600,24.3,20.8,27.1,10.9,330.0,0.0,0.0,Philippines
Manila,PH,2017-01-09,12:00:00,1483938000,25.2,22.1,29.4,12.8,32.0,0.2,0.0,Philippines
Manila,PH,2017-01-10,12:00:00,1484024400,24.5,23.8,24.9,12.1,352.0,45.6,0.0,Philippines
Manila,PH,2017-01-11,12:00:00,1484110800,25.0,23.3,27.7,7.5,63.0,19.8,0.0,Philippines
Manila,PH,2017-01-12,12:00:00,1484197200,25.5,22.5,29.0,16.8,84.0,3.0,0.0,Philippines
Manila,PH,2017-01-13,12:00:00,1484283600,25.8,23.2,29.1,14.1,248.0,0.2,0.0,Philippines
Manila,PH,2017-01-14,12:00:00,1484370000,26.0,23.6,28.4,8.0,66.0,0.9,0.0,Philippines
Manila,PH,2017-01-15,12:00:00,1484456400,26.0,23.5,29.8,8.4,23.0,2.7,0.0,Philippines
Manila,PH,2017-01-16,12:00:00,1484542800,25.5,23.8,28.2,13.7,59.0,0.0,0.0,Philippines
Manila,PH,2017-01-17,12:00:00,1484629200,24.8,22.1,28.2,25.9,87.0,0.0,0.0,Philippines
Manila,PH,2017-01-18,12:00:00,1484715600,24.9,22.0,28.8,20.2,72.0,0.0,0.0,Philippines
Manila,PH,2017-01-19,12:00:00,1484802000,25.0,21.6,28.1,11.7,73.0,2.9,0.0,Philippines
Manila,PH,2017-01-20,12:00:00,1484888400,25.3,22.3,28.8,14.0,114.0,0.9,0.0,Philippines
Manila,PH,2017-01-21,12:00:00,1484974800,25.3,22.0,29.1,13.5,81.0,0.0,0.0,Philippines
Manila,PH,2017-01-22,12:00:00,1485061200,25.1,22.4,28.4,11.9,14.0,4.7,0.0,Philippines
Manila,PH,2017-01-23,12:00:00,1485147600,25.5,23.3,27.8,14.7,75.0,3.5,0.0,Philippines
Manila,PH,2017-01-24,12:00:00,1485234000,25.5,23.8,27.5,18.7,90.0,1.5,0.0,Philippines
Manila,PH,2017-01-25,12:00:00,1485320400,25.2,23.6,27.3,21.7,97.0,0.3,0.0,Philippines
Manila,PH,2017-01-26,12:00:00,1485406800,24.6,22.5,27.7,10.0,48.0,1.5,0.0,Philippines
Manila,PH,2017-01-27,12:00:00,1485493200,24.6,22.0,27.8,15.2,46.0,0.5,0.0,Philippines
Manila,PH,2017-01-28,12:00:00,1485579600,24.9,22.2,27.9,19.1,71.0,0.7,0.0,Philippines
Manila,PH,2017-01-29,12:00:00,1485666000,25.0,22.2,29.0,11.8,10.0,0.3,0.0,Philippines
Manila,PH,2017-01-30,12:00:00,1485752400,26.0,23.9,29.7,14.2,7.0,0.3,0.0,Philippines
Manila,PH,2017-01-31,12:00:00,1485838800,26.3,23.9,29.2,13.2,38.0,0.3,0.0,Philippines
Manila,PH,2017-02-01,12:00:00,1485925200,25.8,23.9,28.6,10.6,141.0,6.6,0.0,Philippines
Manila,PH,2017-02-02,12:00:00,1486011600,25.4,23.6,28.3,11.5,45.0,9.6,0.0,Philippines
Manila,PH,2017-02-03,12:00:00,1486098000,25.2,22.8,28.3,15.7,63.0,1.7,0.0,Philippines
Manila,PH,2017-02-04,12:00:00,1486184400,25.0,21.8,28.5,11.2,105.0,0.0,0.0,Philippines
Manila,PH,2017-02-05,12:00:00,1486270800,25.1,21.9,28.7,14.6,127.0,0.0,0.0,Philippines
Manila,PH,2017-02-06,12:00:00,1486357200,25.1,22.5,27.7,7.6,98.0,1.1,0.0,Philippines
Manila,PH,2017-02-07,12:00:00,1486443600,25.3,21.8,28.9,13.5,79.0,0.2,0.0,Philippines
Manila,PH,2017-02-08,12:00:00,1486530000,24.8,21.6,28.0,13.1,160.0,0.8,0.0,Philippines
Manila,PH,2017-02-09,12:00:00,1486616400,24.9,22.3,27.7,7.3,171.0,0.6,0.0,Philippines
Manila,PH,2017-02-10,12:00:00,1486702800,24.5,22.3,27.1,8.9,168.0,0.0,0.0,Philippines
Manila,PH,2017-02-11,12:00:00,1486789200,23.5,21.0,26.6,18.1,59.0,0.1,0.0,Philippines
Manila,PH,2017-02-12,12:00:00,1486875600,23.6,20.0,27.0,14.3,93.0,0.0,0.0,Philippines
Manila,PH,2017-02-13,12:00:00,1486962000,23.4,20.7,26.9,20.9,73.0,1.0,0.0,Philippines
Manila,PH,2017-02-14,12:00:00,1487048400,23.0,20.5,26.7,23.4,43.0,0.0,0.0,Philippines
Manila,PH,2017-02-15,12:00:00,1487134800,23.3,19.9,27.6,22.7,37.0,0.0,0.0,Philippines
Manila,PH,2017-02-16,12:00:00,1487221200,23.6,19.8,28.5,19.8,85.0,0.0,0.0,Philippines
Manila,PH,2017-02-17,12:00:00,1487307600,24.8,21.5,29.0,12.2,75.0,0.1,0.0,Philippines
Manila,PH,2017-02-18,12:00:00,1487394000,25.4,23.0,28.1,10.1,113.0,2.9,0.0,Philippines
Manila,PH,2017-02-19,12:00:00,1487480400,24.7,23.3,26.6,12.2,115.0,4.2,0.0,Philippines
Manila,PH,2017-02-20,12:00:00,1487566800,25.7,21.7,30.3,19.3,107.0,0.0,0.0,Philippines
Manila,PH,2017-02-21,12:00:00,1487653200,26.4,23.0,30.4,20.0,103.0,0.5,0.0,Philippines
Manila,PH,2017-02-22,12:00:00,1487739600,26.3,22.2,30.5,16.1,104.0,0.0,0.0,Philippines
Manila,PH,2017-02-23,12:00:00,1487826000,26.3,22.3,30.8,18.0,127.0,0.0,0.0,Philippines
Manila,PH,2017-02-24,12:00:00,1487912400,26.0,23.5,29.1,13.0,114.0,8.0,0.0,Philippines
Manila,PH,2017-02-25,12:00:00,1487998800,26.9,23.8,30.6,14.4,115.0,0.0,0.0,Philippines
Manila,PH,2017-02-26,12:00:00,1488085200,26.4,23.8,29.1,13.8,102.0,0.7,0.0,Philippines
Manila,PH,2017-02-27,12:00:00,1488171600,26.9,23.7,31.5,16.6,100.0,0.0,0.0,Philippines
Manila,PH,2017-02-28,12:00:00,1488258000,26.6,24.0,30.5,19.9,100.0,0.6,0.0,Philippines
Manila,PH,2017-03-01,12:00:00,1488344400,26.3,22.9,29.9,11.5,109.0,1.0,0.0,Philippines
Manila,PH,2017-03-02,12:00:00,1488430800,25.8,24.3,28.1,9.0,298.0,2.1,0.0,Philippines
Manila,PH,2017-03-03,12:00:00,1488517200,26.1,23.1,29.5,16.6,104.0,0.7,0.0,Philippines
Manila,PH,2017-03-04,12:00:00,1488603600,25.6,23.8,28.1,18.4,86.0,0.5,0.0,Philippines
Manila,PH,2017-03-05,12:00:00,1488690000,26.5,22.7,31.0,19.2,115.0,0.0,0.0,Philippines
Manila,PH,2017-03-06,12:00:00,1488776400,26.0,21.8,30.5,18.6,138.0,0.0,0.0,Philippines
Manila,PH,2017-03-07,12:00:00,1488862800,26.2,21.5,30.6,16.7,111.0,0.0,0.0,Philippines
Manila,PH,2017-03-08,12:00:00,1488949200,26.2,22.1,30.5,14.6,118.0,0.0,0.0,Philippines
Manila,PH,2017-03-09,12:00:00,1489035600,26.1,22.7,30.6,25.7,105.0,0.0,0.0,Philippines
Manila,PH,2017-03-10,12:00:00,1489122000,26.2,22.2,30.8,21.2,103.0,0.0,0.0,Philippines
Manila,PH,2017-03-11,12:00:00,1489208400,26.5,22.3,31.6,12.6,113.0,0.0,0.0,Philippines
Manila,PH,2017-03-12,12:00:00,1489294800,26.8,21.6,31.6,15.9,114.0,0.0,0.0,Philippines
Manila,PH,2017-03-13,12:00:00,1489381200,26.9,24.4,29.8,19.8,144.0,0.1,0.0,Philippines
Manila,PH,2017-03-14,12:00:00,1489467600,28.2,25.5,31.3,13.9,130.0,0.3,0.0,Philippines
Manila,PH,2017-03-15,12:00:00,1489554000,27.7,24.3,31.5,14.1,120.0,0.0,0.0,Philippines
Manila,PH,2017-03-16,12:00:00,1489640400,27.3,24.6,30.9,16.5,115.0,0.0,0.0,Philippines
Manila,PH,2017-03-17,12:00:00,1489726800,26.9,23.2,31.2,21.7,104.0,0.0,0.0,Philippines
Manila,PH,2017-03-18,12:00:00,1489813200,27.1,24.0,31.0,24.9,93.0,0.0,0.0,Philippines
Manila,PH,2017-03-19,12:00:00,1489899600,26.5,22.3,31.8,25.2,92.0,0.0,0.0,Philippines
Manila,PH,2017-03-20,12:00:00,1489986000,26.6,22.4,31.8,21.0,95.0,0.0,0.0,Philippines
Manila,PH,2017-03-21,12:00:00,1490072400,25.1,23.3,27.2,15.4,275.0,2.7,0.0,Philippines
Manila,PH,2017-03-22,12:00:00,1490158800,27.7,24.2,32.1,13.9,133.0,0.7,0.0,Philippines
Manila,PH,2017-03-23,12:00:00,1490245200,28.5,24.3,32.4,10.7,138.0,0.3,0.0,Philippines
Manila,PH,2017-03-24,12:00:00,1490331600,28.7,25.3,33.4,25.1,127.0,0.2,0.0,Philippines
Manila,PH,2017-03-25,12:00:00,1490418000,28.2,23.7,32.7,23.1,134.0,0.1,0.0,Philippines
Manila,PH,2017-03-26,12:00:00,1490504400,28.4,24.4,33.5,21.4,131.0,0.0,0.0,Philippines
Manila,PH,2017-03-27,12:00:00,1490590800,28.2,25.3,32.2,21.6,94.0,1.2,0.0,Philippines
Manila,PH,2017-03-28,12:00:00,1490677200,28.0,24.9,31.6,25.6,92.0,0.4,0.0,Philippines
Manila,PH,2017-03-29,12:00:00,1490763600,28.1,24.4,33.0,20.2,104.0,0.0,0.0,Philippines
Manila,PH,2017-03-30,12:00:00,1490850000,28.2,24.1,33.3,20.0,110.0,0.0,0.0,Philippines
Manila,PH,2017-03-31,12:00:00,1490936400,27.9,23.1,32.5,15.5,135.0,0.0,0.0,Philippines
Manila,PH,2017-04-01,12:00:00,1491022800,28.2,24.6,32.4,10.2,218.0,0.3,0.0,Philippines
Manila,PH,2017-04-02,12:00:00,1491109200,27.3,25.3,30.9,22.6,78.0,0.2,0.0,Philippines
Manila,PH,2017-04-03,12:00:00,1491195600,26.4,23.9,30.5,20.7,88.0,0.0,0.0,Philippines
Manila,PH,2017-04-04,12:00:00,1491282000,26.6,22.6,31.7,23.1,102.0,0.0,0.0,Philippines
Manila,PH,2017-04-05,12:00:00,1491368400,26.9,23.5,30.8,16.1,108.0,0.2,0.0,Philippines
Manila,PH,2017-04-06,12:00:00,1491454800,27.6,23.2,31.9,17.6,129.0,0.0,0.0,Philippines
Manila,PH,2017-04-07,12:00:00,1491541200,28.5,24.6,33.4,25.3,116.0,0.0,0.0,Philippines
Manila,PH,2017-04-08,12:00:00,1491627600,29.0,26.3,33.3,19.1,118.0,0.6,0.0,Philippines
Manila,PH,2017-04-09,12:00:00,1491714000,29.5,26.3,33.6,19.2,131.0,0.1,0.0,Philippines
Manila,PH,2017-04-10,12:00:00,1491800400,29.0,25.8,33.3,17.4,182.0,0.0,0.0,Philippines
Manila,PH,2017-04-11,12:00:00,1491886800,29.2,26.6,32.4,13.9,206.0,0.2,0.0,Philippines
Manila,PH,2017-04-12,12:00:00,1491973200,29.5,26.0,33.9,23.7,136.0,0.0,0.0,Philippines
Manila,PH,2017-04-13,12:00:00,1492059600,28.5,24.3,33.5,22.1,134.0,0.0,0.0,Philippines
Manila,PH,2017-04-14,12:00:00,1492146000,28.9,24.1,34.2,22.8,121.0,0.0,0.0,Philippines
Manila,PH,2017-04-15,12:00:00,1492232400,29.0,24.8,33.6,15.6,97.0,0.2,0.0,Philippines
Manila,PH,2017-04-16,12:00:00,1492318800,28.7,26.3,31.7,17.6,95.0,4.5,0.0,Philippines
Manila,PH,2017-04-17,12:00:00,1492405200,28.3,25.9,32.2,19.4,129.0,4.5,0.0,Philippines
Manila,PH,2017-04-18,12:00:00,1492491600,28.6,25.9,32.1,16.3,213.0,0.2,0.0,Philippines
Manila,PH,2017-04-19,12:00:00,1492578000,28.9,26.4,31.8,20.3,215.0,1.8,0.0,Philippines
Manila,PH,2017-04-20,12:00:00,1492664400,29.1,26.7,33.0,14.4,183.0,3.6,0.0,Philippines
Manila,PH,2017-04-21,12:00:00,1492750800,29.4,26.9,33.1,13.5,172.0,0.4,0.0,Philippines
Manila,PH,2017-04-22,12:00:00,1492837200,29.0,26.7,32.0,10.2,238.0,2.3,0.0,Philippines
Manila,PH,2017-04-23,12:00:00,1492923600,28.6,26.1,32.0,12.2,146.0,5.6,0.0,Philippines
Manila,PH,2017-04-24,12:00:00,1493010000,29.4,26.2,33.5,10.8,131.0,2.8,0.0,Philippines
Manila,PH,2017-04-25,12:00:00,1493096400,29.5,26.0,33.5,12.3,108.0,0.1,0.0,Philippines
Manila,PH,2017-04-26,12:00:00,1493182800,29.5,26.2,33.0,16.0,149.0,1.8,0.0,Philippines
Manila,PH,2017-04-27,12:00:00,1493269200,29.4,26.6,33.2,15.5,261.0,1.9,0.0,Philippines
Manila,PH,2017-04-28,12:00:00,1493355600,29.6,27.1,32.9,15.8,241.0,0.2,0.0,Philippines
Manila,PH,2017-04-29,12:00:00,1493442000,29.9,27.1,33.5,15.2,168.0,2.6,0.0,Philippines
Manila,PH,2017-04-30,12:00:00,1493528400,29.4,27.1,32.2,15.5,146.0,1.4,0.0,Philippines
Manila,PH,2017-05-01,12:00:00,1493614800,29.4,26.7,32.4,12.1,228.0,1.1,0.0,Philippines
Manila,PH,2017-05-02,12:00:00,1493701200,29.4,27.0,33.8,9.9,41.0,6.5,0.0,Philippines
Manila,PH,2017-05-03,12:00:00,1493787600,29.1,26.6,32.6,8.4,2.0,5.7,0.0,Philippines
Manila,PH,2017-05-04,12:00:00,1493874000,30.0,26.6,34.6,15.8,118.0,0.8,0.0,Philippines
Manila,PH,2017-05-05,12:00:00,1493960400,30.1,26.8,34.7,13.7,113.0,1.7,0.0,Philippines
Manila,PH,2017-05-06,12:00:00,1494046800,29.9,26.6,33.5,13.0,111.0,0.1,0.0,Philippines
Manila,PH,2017-05-07,12:00:00,1494133200,30.0,26.3,34.0,16.6,108.0,0.6,0.0,Philippines
Manila,PH,2017-05-08,12:00:00,1494219600,30.2,26.6,34.9,19.0,111.0,0.6,0.0,Philippines
Manila,PH,2017-05-09,12:00:00,1494306000,29.8,26.4,34.0,16.5,116.0,0.2,0.0,Philippines
Manila,PH,2017-05-10,12:00:00,1494392400,30.6,27.4,35.2,21.0,111.0,0.0,0.0,Philippines
Manila,PH,2017-05-11,12:00:00,1494478800,30.0,26.8,35.1,23.2,101.0,0.1,0.0,Philippines
Manila,PH,2017-05-12,12:00:00,1494565200,30.7,26.8,35.3,23.1,118.0,0.0,0.0,Philippines
Manila,PH,2017-05-13,12:00:00,1494651600,30.9,27.2,35.7,21.6,123.0,0.1,0.0,Philippines
Manila,PH,2017-05-14,12:00:00,1494738000,30.9,27.5,35.8,23.1,121.0,0.0,0.0,Philippines
Manila,PH,2017-05-15,12:00:00,1494824400,30.5,26.9,35.1,20.3,124.0,0.0,0.0,Philippines
Manila,PH,2017-05-16,12:00:00,1494910800,29.6,27.0,33.3,20.6,205.0,2.3,0.0,Philippines
Manila,PH,2017-05-17,12:00:00,1494997200,29.3,27.7,31.6,17.9,226.0,5.3,0.0,Philippines
Manila,PH,2017-05-18,12:00:00,1495083600,29.1,27.0,32.5,15.0,201.0,7.3,0.0,Philippines
Manila,PH,2017-05-19,12:00:00,1495170000,29.7,27.5,33.2,16.8,139.0,4.9,0.0,Philippines
Manila,PH,2017-05-20,12:00:00,1495256400,29.1,26.9,31.3,15.0,238.0,4.5,0.0,Philippines
Manila,PH,2017-05-21,12:00:00,1495342800,28.9,27.0,31.8,23.7,255.0,13.6,0.0,Philippines
Manila,PH,2017-05-22,12:00:00,1495429200,28.0,26.3,30.7,18.7,252.0,20.8,0.0,Philippines
Manila,PH,2017-05-23,12:00:00,1495515600,28.0,26.1,30.2,16.6,242.0,11.2,0.0,Philippines
Manila,PH,2017-05-24,12:00:00,1495602000,28.0,26.6,29.7,17.9,251.0,18.5,0.0,Philippines
Manila,PH,2017-05-25,12:00:00,1495688400,28.2,26.7,30.6,17.5,244.0,10.8,0.0,Philippines
Manila,PH,2017-05-26,12:00:00,1495774800,27.8,26.5,30.3,14.3,244.0,16.9,0.0,Philippines
Manila,PH,2017-05-27,12:00:00,1495861200,28.0,26.3,31.6,8.7,166.0,11.3,0.0,Philippines
Manila,PH,2017-05-28,12:00:00,1495947600,28.4,26.1,31.9,13.0,165.0,14.2,0.0,Philippines
Manila,PH,2017-05-29,12:00:00,1496034000,28.8,26.4,32.4,11.4,159.0,6.9,0.0,Philippines
Manila,PH,2017-05-30,12:00:00,1496120400,28.5,25.7,32.4,12.7,111.0,10.0,0.0,Philippines
Manila,PH,2017-05-31,12:00:00,1496206800,28.4,25.6,31.6,11.6,287.0,2.0,0.0,Philippines
Manila,PH,2017-06-01,12:00:00,1496293200,29.2,26.8,31.5,18.7,229.0,1.2,0.0,Philippines
Manila,PH,2017-06-02,12:00:00,1496379600,29.0,27.6,31.2,24.2,240.0,11.2,0.0,Philippines
Manila,PH,2017-06-03,12:00:00,1496466000,28.5,26.7,30.6,26.7,236.0,15.0,0.0,Philippines
Manila,PH,2017-06-04,12:00:00,1496552400,28.4,26.9,30.5,21.3,237.0,14.3,0.0,Philippines
Manila,PH,2017-06-05,12:00:00,1496638800,28.1,26.3,30.4,18.4,225.0,12.3,0.0,Philippines
Manila,PH,2017-06-06,12:00:00,1496725200,28.8,26.2,32.1,15.9,141.0,4.0,0.0,Philippines
Manila,PH,2017-06-07,12:00:00,1496811600,28.1,25.7,30.6,9.4,117.0,10.5,0.0,Philippines
Manila,PH,2017-06-08,12:00:00,1496898000,28.6,26.5,31.4,16.0,117.0,4.0,0.0,Philippines
Manila,PH,2017-06-09,12:00:00,1496984400,28.3,26.4,30.8,17.0,107.0,6.7,0.0,Philippines
Manila,PH,2017-06-10,12:00:00,1497070800,26.9,24.9,29.2,19.5,114.0,16.2,0.0,Philippines
Manila,PH,2017-06-11,12:00:00,1497157200,27.9,26.1,30.6,15.5,194.0,12.3,0.0,Philippines
Manila,PH,2017-06-12,12:00:00,1497243600,28.5,25.7,31.4,15.8,137.0,1.7,0.0,Philippines
Manila,PH,2017-06-13,12:00:00,1497330000,29.4,25.9,32.5,17.6,124.0,0.2,0.0,Philippines
Manila,PH,2017-06-14,12:00:00,1497416400,28.9,26.6,32.5,13.6,174.0,4.4,0.0,Philippines
Manila,PH,2017-06-15,12:00:00,1497502800,28.3,26.4,31.2,11.5,258.0,9.5,0.0,Philippines
Manila,PH,2017-06-16,12:00:00,1497589200,29.0,25.7,31.9,11.2,229.0,0.1,0.0,Philippines
Manila,PH,2017-06-17,12:00:00,1497675600,29.1,27.2,31.5,16.3,220.0,0.9,0.0,Philippines
Manila,PH,2017-06-18,12:00:00,1497762000,28.9,26.4,31.4,9.7,202.0,4.6,0.0,Philippines
Manila,PH,2017-06-19,12:00:00,1497848400,28.5,26.0,31.5,8.7,177.0,6.3,0.0,Philippines
Manila,PH,2017-06-20,12:00:00,1497934800,28.1,25.6,31.3,9.2,157.0,6.3,0.0,Philippines
Manila,PH,2017-06-21,12:00:00,1498021200,28.2,26.2,30.5,15.7,155.0,3.1,0.0,Philippines
Manila,PH,2017-06-22,12:00:00,1498107600,27.9,26.4,30.9,16.2,157.0,13.1,0.0,Philippines
Manila,PH,2017-06-23,12:00:00,1498194000,27.7,25.3,29.9,12.4,264.0,7.0,0.0,Philippines
Manila,PH,2017-06-24,12:00:00,1498280400,29.0,26.4,32.1,10.4,218.0,3.6,0.0,Philippines
Manila,PH,2017-06-25,12:00:00,1498366800,28.7,26.4,32.3,11.2,278.0,16.7,0.0,Philippines
Manila,PH,2017-06-26,12:00:00,1498453200,28.6,26.4,32.2,11.4,156.0,5.6,0.0,Philippines
Manila,PH,2017-06-27,12:00:00,1498539600,28.4,26.4,31.4,8.5,134.0,8.4,0.0,Philippines
Manila,PH,2017-06-28,12:00:00,1498626000,27.4,26.0,30.0,8.4,127.0,23.3,0.0,Philippines
Manila,PH,2017-06-29,12:00:00,1498712400,27.3,25.4,29.9,12.8,122.0,12.4,0.0,Philippines
Manila,PH,2017-06-30,12:00:00,1498798800,28.4,25.8,31.6,8.5,134.0,1.1,0.0,Philippines
Manila,PH,2017-07-01,12:00:00,1498885200,27.9,25.8,30.6,8.3,189.0,18.4,0.0,Philippines
Manila,PH,2017-07-02,12:00:00,1498971600,27.5,25.5,31.0,11.6,200.0,18.4,0.0,Philippines
Manila,PH,2017-07-03,12:00:00,1499058000,27.2,25.6,29.9,14.1,155.0,17.9,0.0,Philippines
Manila,PH,2017-07-04,12:00:00,1499144400,26.9,25.3,29.0,10.3,145.0,14.5,0.0,Philippines
Manila,PH,2017-07-05,12:00:00,1499230800,27.5,25.1,29.9,14.6,136.0,3.3,0.0,Philippines
Manila,PH,2017-07-06,12:00:00,1499317200,28.4,25.4,31.0,19.4,123.0,0.1,0.0,Philippines
Manila,PH,2017-07-07,12:00:00,1499403600,28.2,26.0,31.3,16.3,97.0,4.2,0.0,Philippines
Manila,PH,2017-07-08,12:00:00,1499490000,27.5,25.4,30.8,18.3,111.0,9.5,0.0,Philippines
Manila,PH,2017-07-09,12:00:00,1499576400,28.1,25.5,30.7,13.2,101.0,7.5,0.0,Philippines
Manila,PH,2017-07-10,12:00:00,1499662800,27.5,24.9,30.0,15.6,117.0,10.4,0.0,Philippines
Manila,PH,2017-07-11,12:00:00,1499749200,27.8,25.9,30.7,18.1,117.0,2.4,0.0,Philippines
Manila,PH,2017-07-12,12:00:00,1499835600,26.9,24.9,29.4,15.6,122.0,11.5,0.0,Philippines
Manila,PH,2017-07-13,12:00:00,1499922000,26.9,25.4,30.3,10.8,133.0,12.3,0.0,Philippines
Manila,PH,2017-07-14,12:00:00,1500008400,27.0,25.2,29.2,15.3,129.0,8.0,0.0,Philippines
Manila,PH,2017-07-15,12:00:00,1500094800,27.0,25.1,28.4,14.3,130.0,2.7,0.0,Philippines
Manila,PH,2017-07-16,12:00:00,1500181200,26.8,25.7,29.1,13.2,133.0,13.4,0.0,Philippines
Manila,PH,2017-07-17,12:00:00,1500267600,27.5,25.6,31.1,14.2,113.0,4.0,0.0,Philippines
Manila,PH,2017-07-18,12:00:00,1500354000,27.7,25.1,30.2,13.7,89.0,0.3,0.0,Philippines
Manila,PH,2017-07-19,12:00:00,1500440400,27.7,25.4,31.4,18.5,116.0,8.7,0.0,Philippines
Manila,PH,2017-07-20,12:00:00,1500526800,26.8,25.3,28.5,15.4,119.0,7.2,0.0,Philippines
Manila,PH,2017-07-21,12:00:00,1500613200,26.6,25.4,28.6,18.8,231.0,23.1,0.0,Philippines
Manila,PH,2017-07-22,12:00:00,1500699600,27.1,25.2,29.5,19.7,233.0,15.8,0.0,Philippines
Manila,PH,2017-07-23,12:00:00,1500786000,26.9,25.6,28.9,14.6,229.0,24.4,0.0,Philippines
Manila,PH,2017-07-24,12:00:00,1500872400,26.5,25.1,28.7,14.3,217.0,38.7,0.0,Philippines
Manila,PH,2017-07-25,12:00:00,1500958800,26.5,25.1,28.7,24.0,223.0,24.4,0.0,Philippines
Manila,PH,2017-07-26,12:00:00,1501045200,26.2,25.4,27.2,23.7,237.0,48.5,0.0,Philippines
Manila,PH,2017-07-27,12:00:00,1501131600,26.6,25.7,28.5,24.5,239.0,40.1,0.0,Philippines
Manila,PH,2017-07-28,12:00:00,1501218000,26.6,25.8,28.0,32.4,232.0,46.4,0.0,Philippines
Manila,PH,2017-07-29,12:00:00,1501304400,27.2,25.8,28.9,35.0,225.0,21.6,0.0,Philippines
Manila,PH,2017-07-30,12:00:00,1501390800,27.6,26.2,29.6,37.1,235.0,11.3,0.0,Philippines
Manila,PH,2017-07-31,12:00:00,1501477200,28.0,26.9,29.5,31.6,241.0,2.3,0.0,Philippines
Manila,PH,2017-08-01,12:00:00,1501563600,27.6,26.1,29.4,26.6,252.0,11.6,0.0,Philippines
Manila,PH,2017-08-02,12:00:00,1501650000,27.1,25.8,29.0,19.2,245.0,13.9,0.0,Philippines
Manila,PH,2017-08-03,12:00:00,1501736400,26.7,25.6,28.5,24.6,247.0,37.0,0.0,Philippines
Manila,PH,2017-08-04,12:00:00,1501822800,26.6,25.5,28.2,20.0,236.0,19.2,0.0,Philippines
Manila,PH,2017-08-05,12:00:00,1501909200,27.1,25.6,28.3,18.9,238.0,17.3,0.0,Philippines
Manila,PH,2017-08-06,12:00:00,1501995600,28.1,26.3,30.2,17.9,245.0,0.9,0.0,Philippines
Manila,PH,2017-08-07,12:00:00,1502082000,27.8,25.9,30.1,12.8,247.0,5.7,0.0,Philippines
Manila,PH,2017-08-08,12:00:00,1502168400,28.0,26.4,30.3,11.5,212.0,4.1,0.0,Philippines
Manila,PH,2017-08-09,12:00:00,1502254800,28.0,25.4,30.3,15.8,262.0,5.0,0.0,Philippines
Manila,PH,2017-08-10,12:00:00,1502341200,28.3,25.9,30.9,14.3,283.0,0.4,0.0,Philippines
Manila,PH,2017-08-11,12:00:00,1502427600,28.3,25.9,31.2,9.7,337.0,2.8,0.0,Philippines
Manila,PH,2017-08-12,12:00:00,1502514000,28.4,26.2,30.8,8.0,3.0,6.9,0.0,Philippines
Manila,PH,2017-08-13,12:00:00,1502600400,28.1,26.0,30.9,9.2,49.0,7.3,0.0,Philippines
Manila,PH,2017-08-14,12:00:00,1502686800,27.5,25.4,30.4,6.9,63.0,10.0,0.0,Philippines
Manila,PH,2017-08-15,12:00:00,1502773200,28.2,25.5,31.7,10.7,172.0,8.1,0.0,Philippines
Manila,PH,2017-08-16,12:00:00,1502859600,28.2,25.8,31.7,7.5,115.0,3.8,0.0,Philippines
Manila,PH,2017-08-17,12:00:00,1502946000,28.8,26.1,32.6,16.0,114.0,0.2,0.0,Philippines
Manila,PH,2017-08-18,12:00:00,1503032400,27.9,26.3,30.9,6.9,52.0,13.0,0.0,Philippines
Manila,PH,2017-08-19,12:00:00,1503118800,27.1,24.8,29.6,12.5,81.0,30.9,0.0,Philippines
Manila,PH,2017-08-20,12:00:00,1503205200,26.8,24.7,29.8,15.3,264.0,21.9,0.0,Philippines
Manila,PH,2017-08-21,12:00:00,1503291600,26.7,25.4,28.0,24.8,241.0,42.4,0.0,Philippines
Manila,PH,2017-08-22,12:00:00,1503378000,26.7,25.7,28.1,28.8,227.0,10.3,0.0,Philippines
Manila,PH,2017-08-23,12:00:00,1503464400,27.1,25.7,29.3,19.1,205.0,15.5,0.0,Philippines
Manila,PH,2017-08-24,12:00:00,1503550800,26.9,25.0,29.0,10.9,294.0,8.7,0.0,Philippines
Manila,PH,2017-08-25,12:00:00,1503637200,25.6,24.8,26.4,21.3,284.0,41.4,0.0,Philippines
Manila,PH,2017-08-26,12:00:00,1503723600,26.7,25.1,28.8,17.7,186.0,19.3,0.0,Philippines
Manila,PH,2017-08-27,12:00:00,1503810000,27.9,24.9,31.4,8.0,128.0,0.0,0.0,Philippines
Manila,PH,2017-08-28,12:00:00,1503896400,27.8,25.6,30.5,9.7,342.0,1.9,0.0,Philippines
Manila,PH,2017-08-29,12:00:00,1503982800,27.1,25.1,29.6,6.9,27.0,11.4,0.0,Philippines
Manila,PH,2017-08-30,12:00:00,1504069200,27.3,25.8,29.9,20.9,205.0,24.4,0.0,Philippines
Manila,PH,2017-08-31,12:00:00,1504155600,26.9,25.9,28.0,35.2,226.0,16.5,0.0,Philippines
Manila,PH,2017-09-01,12:00:00,1504242000,27.9,26.3,29.8,30.8,235.0,4.2,0.0,Philippines
Manila,PH,2017-09-02,12:00:00,1504328400,28.0,26.6,29.8,27.4,239.0,3.2,0.0,Philippines
Manila,PH,2017-09-03,12:00:00,1504414800,28.2,26.3,30.1,20.6,236.0,3.3,0.0,Philippines
Manila,PH,2017-09-04,12:00:00,1504501200,27.8,26.0,30.2,12.5,313.0,4.2,0.0,Philippines
Manila,PH,2017-09-05,12:00:00,1504587600,26.7,24.1,29.0,14.5,293.0,21.8,0.0,Philippines
Manila,PH,2017-09-06,12:00:00,1504674000,27.9,25.2,30.4,13.0,282.0,1.3,0.0,Philippines
Manila,PH,2017-09-07,12:00:00,1504760400,28.1,24.8,30.9,8.7,324.0,0.0,0.0,Philippines
Manila,PH,2017-09-08,12:00:00,1504846800,28.8,26.1,31.9,6.2,149.0,0.9,0.0,Philippines
Manila,PH,2017-09-09,12:00:00,1504933200,28.4,25.5,31.5,8.5,243.0,4.0,0.0,Philippines
Manila,PH,2017-09-10,12:00:00,1505019600,28.0,26.0,30.5,9.5,242.0,5.4,0.0,Philippines
Manila,PH,2017-09-11,12:00:00,1505106000,27.1,25.9,28.8,14.1,298.0,18.4,0.0,Philippines
Manila,PH,2017-09-12,12:00:00,1505192400,26.3,25.9,27.1,33.9,215.0,144.9,0.0,Philippines
Manila,PH,2017-09-13,12:00:00,1505278800,27.8,26.4,30.1,20.8,139.0,5.0,0.0,Philippines
Manila,PH,2017-09-14,12:00:00,1505365200,28.0,26.1,30.9,14.3,144.0,6.0,0.0,Philippines
Manila,PH,2017-09-15,12:00:00,1505451600,28.0,25.7,30.3,12.9,256.0,2.3,0.0,Philippines
Manila,PH,2017-09-16,12:00:00,1505538000,28.1,25.7,31.0,10.3,328.0,2.6,0.0,Philippines
Manila,PH,2017-09-17,12:00:00,1505624400,28.0,25.8,30.3,9.4,331.0,1.4,0.0,Philippines
Manila,PH,2017-09-18,12:00:00,1505710800,27.5,25.9,30.1,10.8,317.0,8.6,0.0,Philippines
Manila,PH,2017-09-19,12:00:00,1505797200,27.6,25.6,30.6,9.7,170.0,14.3,0.0,Philippines
Manila,PH,2017-09-20,12:00:00,1505883600,27.0,25.6,29.3,10.3,223.0,13.7,0.0,Philippines
Manila,PH,2017-09-21,12:00:00,1505970000,27.4,25.4,30.6,8.9,196.0,12.5,0.0,Philippines
Manila,PH,2017-09-22,12:00:00,1506056400,26.9,25.3,29.8,6.6,284.0,29.1,0.0,Philippines
Manila,PH,2017-09-23,12:00:00,1506142800,26.8,25.6,29.1,16.8,173.0,12.0,0.0,Philippines
Manila,PH,2017-09-24,12:00:00,1506229200,28.0,25.0,31.8,18.4,113.0,0.5,0.0,Philippines
Manila,PH,2017-09-25,12:00:00,1506315600,27.2,25.8,30.2,10.5,191.0,4.3,0.0,Philippines
Manila,PH,2017-09-26,12:00:00,1506402000,26.4,25.2,28.1,14.1,81.0,11.2,0.0,Philippines
Manila,PH,2017-09-27,12:00:00,1506488400,27.4,24.9,30.7,10.8,159.0,4.4,0.0,Philippines
Manila,PH,2017-09-28,12:00:00,1506574800,27.5,26.0,29.7,12.9,265.0,5.4,0.0,Philippines
Manila,PH,2017-09-29,12:00:00,1506661200,26.8,24.9,28.7,7.5,34.0,10.3,0.0,Philippines
Manila,PH,2017-09-30,12:00:00,1506747600,26.9,25.3,29.4,11.3,104.0,12.5,0.0,Philippines
Manila,PH,2017-10-01,12:00:00,1506834000,27.0,24.8,29.8,12.2,101.0,4.9,0.0,Philippines
Manila,PH,2017-10-02,12:00:00,1506920400,27.4,25.5,29.8,11.9,108.0,1.1,0.0,Philippines
Manila,PH,2017-10-03,12:00:00,1507006800,27.3,25.4,29.9,6.9,149.0,6.2,0.0,Philippines
Manila,PH,2017-10-04,12:00:00,1507093200,27.5,24.9,30.0,5.8,324.0,0.4,0.0,Philippines
Manila,PH,2017-10-05,12:00:00,1507179600,27.2,25.6,28.9,9.5,140.0,5.7,0.0,Philippines
Manila,PH,2017-10-06,12:00:00,1507266000,27.2,25.1,29.4,7.1,51.0,1.6,0.0,Philippines
Manila,PH,2017-10-07,12:00:00,1507352400,27.5,25.1,29.8,10.9,358.0,0.7,0.0,Philippines
Manila,PH,2017-10-08,12:00:00,1507438800,26.4,25.7,27.2,5.9,289.0,38.0,0.0,Philippines
Manila,PH,2017-10-09,12:00:00,1507525200,26.5,25.5,28.9,8.8,163.0,20.3,0.0,Philippines
Manila,PH,2017-10-10,12:00:00,1507611600,26.2,24.2,29.0,10.1,333.0,24.2,0.0,Philippines
Manila,PH,2017-10-11,12:00:00,1507698000,26.9,24.8,29.5,9.4,337.0,2.4,0.0,Philippines
Manila,PH,2017-10-12,12:00:00,1507784400,27.1,25.8,29.2,13.2,226.0,11.0,0.0,Philippines
Manila,PH,2017-10-13,12:00:00,1507870800,27.0,26.1,28.7,29.8,223.0,28.0,0.0,Philippines
Manila,PH,2017-10-14,12:00:00,1507957200,26.8,25.7,28.5,27.1,196.0,27.2,0.0,Philippines
Manila,PH,2017-10-15,12:00:00,1508043600,26.7,25.7,28.0,17.1,186.0,28.8,0.0,Philippines
Manila,PH,2017-10-16,12:00:00,1508130000,27.1,25.5,29.6,14.0,103.0,4.4,0.0,Philippines
Manila,PH,2017-10-17,12:00:00,1508216400,27.2,24.3,31.0,14.3,40.0,2.0,0.0,Philippines
Manila,PH,2017-10-18,12:00:00,1508302800,27.3,25.5,30.3,12.4,258.0,2.3,0.0,Philippines
Manila,PH,2017-10-19,12:00:00,1508389200,27.3,24.8,29.3,11.2,260.0,1.3,0.0,Philippines
Manila,PH,2017-10-20,12:00:00,1508475600,27.9,25.3,29.9,15.5,247.0,1.3,0.0,Philippines
Manila,PH,2017-10-21,12:00:00,1508562000,27.3,26.2,29.3,22.8,233.0,8.4,0.0,Philippines
Manila,PH,2017-10-22,12:00:00,1508648400,27.4,25.4,29.5,20.0,265.0,3.0,0.0,Philippines
Manila,PH,2017-10-23,12:00:00,1508734800,27.0,25.3,29.5,10.2,77.0,2.7,0.0,Philippines
Manila,PH,2017-10-24,12:00:00,1508821200,27.2,25.1,30.2,11.7,75.0,1.6,0.0,Philippines
Manila,PH,2017-10-25,12:00:00,1508907600,26.4,23.5,29.0,10.8,25.0,2.4,0.0,Philippines
Manila,PH,2017-10-26,12:00:00,1508994000,26.8,24.9,28.9,6.1,190.0,2.0,0.0,Philippines
Manila,PH,2017-10-27,12:00:00,1509080400,26.9,24.5,29.0,11.6,239.0,1.5,0.0,Philippines
Manila,PH,2017-10-28,12:00:00,1509166800,27.0,24.8,29.5,11.4,143.0,1.9,0.0,Philippines
Manila,PH,2017-10-29,12:00:00,1509253200,26.7,25.2,28.4,7.9,124.0,2.1,0.0,Philippines
Manila,PH,2017-10-30,12:00:00,1509339600,27.0,24.8,29.7,9.2,29.0,0.8,0.0,Philippines
Manila,PH,2017-10-31,12:00:00,1509426000,26.6,24.7,28.8,13.0,26.0,17.2,0.0,Philippines
Manila,PH,2017-11-01,12:00:00,1509512400,25.3,23.6,26.6,21.6,4.0,35.7,0.0,Philippines
Manila,PH,2017-11-02,12:00:00,1509598800,26.5,25.0,29.0,20.5,106.0,2.4,0.0,Philippines
Manila,PH,2017-11-03,12:00:00,1509685200,26.8,24.2,29.8,12.0,79.0,1.7,0.0,Philippines
Manila,PH,2017-11-04,12:00:00,1509771600,26.6,24.5,29.4,7.7,41.0,12.6,0.0,Philippines
Manila,PH,2017-11-05,12:00:00,1509858000,26.7,24.7,29.1,19.8,102.0,2.3,0.0,Philippines
Manila,PH,2017-11-06,12:00:00,1509944400,27.4,25.1,30.7,14.9,108.0,1.1,0.0,Philippines
Manila,PH,2017-11-07,12:00:00,1510030800,27.5,24.1,31.0,10.8,100.0,1.5,0.0,Philippines
Manila,PH,2017-11-08,12:00:00,1510117200,27.5,24.2,31.2,11.9,82.0,0.7,0.0,Philippines
Manila,PH,2017-11-09,12:00:00,1510203600,25.8,24.8,27.1,34.2,359.0,58.7,0.0,Philippines
Manila,PH,2017-11-10,12:00:00,1510290000,26.6,25.3,29.0,33.4,121.0,42.0,0.0,Philippines
Manila,PH,2017-11-11,12:00:00,1510376400,27.1,24.8,29.7,11.2,111.0,0.7,0.0,Philippines
Manila,PH,2017-11-12,12:00:00,1510462800,27.0,23.8,30.7,10.6,107.0,0.5,0.0,Philippines
Manila,PH,2017-11-13,12:00:00,1510549200,26.9,24.1,29.8,10.8,108.0,0.3,0.0,Philippines
Manila,PH,2017-11-14,12:00:00,1510635600,27.5,24.9,30.6,8.9,114.0,2.8,0.0,Philippines
Manila,PH,2017-11-15,12:00:00,1510722000,27.2,24.5,30.6,10.0,122.0,1.9,0.0,Philippines
Manila,PH,2017-11-16,12:00:00,1510808400,27.0,24.1,30.8,14.8,75.0,0.8,0.0,Philippines
Manila,PH,2017-11-17,12:00:00,1510894800,26.6,24.6,29.3,12.0,115.0,3.5,0.0,Philippines
Manila,PH,2017-11-18,12:00:00,1510981200,27.6,24.6,30.8,12.0,102.0,1.1,0.0,Philippines
Manila,PH,2017-11-19,12:00:00,1511067600,27.5,25.3,30.2,10.8,110.0,0.8,0.0,Philippines
Manila,PH,2017-11-20,12:00:00,1511154000,27.3,25.4,30.4,9.5,115.0,3.1,0.0,Philippines
Manila,PH,2017-11-21,12:00:00,1511240400,27.1,24.3,30.1,8.3,78.0,0.8,0.0,Philippines
Manila,PH,2017-11-22,12:00:00,1511326800,27.3,24.7,30.7,7.4,82.0,0.7,0.0,Philippines
Manila,PH,2017-11-23,12:00:00,1511413200,27.4,24.5,31.5,13.2,69.0,0.3,0.0,Philippines
Manila,PH,2017-11-24,12:00:00,1511499600,27.2,25.1,30.2,15.1,74.0,3.8,0.0,Philippines
Manila,PH,2017-11-25,12:00:00,1511586000,27.4,25.0,30.7,15.6,67.0,1.4,0.0,Philippines
Manila,PH,2017-11-26,12:00:00,1511672400,27.3,24.8,31.4,14.5,43.0,0.3,0.0,Philippines
Manila,PH,2017-11-27,12:00:00,1511758800,27.2,23.9,31.6,16.7,74.0,0.4,0.0,Philippines
Manila,PH,2017-11-28,12:00:00,1511845200,27.6,24.3,31.6,17.6,68.0,0.1,0.0,Philippines
Manila,PH,2017-11-29,12:00:00,1511931600,27.5,24.2,31.0,14.8,51.0,0.9,0.0,Philippines
Manila,PH,2017-11-30,12:00:00,1512018000,27.5,25.5,30.3,16.2,99.0,1.1,0.0,Philippines
Manila,PH,2017-12-01,12:00:00,1512104400,27.3,24.6,30.5,16.6,101.0,2.7,0.0,Philippines
Manila,PH,2017-12-02,12:00:00,1512190800,27.5,24.7,31.4,9.0,100.0,0.7,0.0,Philippines
Manila,PH,2017-12-03,12:00:00,1512277200,27.5,25.0,31.0,7.3,97.0,0.5,0.0,Philippines
Manila,PH,2017-12-04,12:00:00,1512363600,27.1,24.6,29.4,5.4,61.0,0.0,0.0,Philippines
Manila,PH,2017-12-05,12:00:00,1512450000,27.1,24.7,30.2,18.1,26.0,0.9,0.0,Philippines
Manila,PH,2017-12-06,12:00:00,1512536400,26.9,24.8,30.3,14.8,16.0,1.3,0.0,Philippines
Manila,PH,2017-12-07,12:00:00,1512622800,26.8,24.8,29.6,10.5,8.0,5.0,0.0,Philippines
Manila,PH,2017-12-08,12:00:00,1512709200,26.7,25.0,28.9,15.8,4.0,26.2,0.0,Philippines
Manila,PH,2017-12-09,12:00:00,1512795600,27.0,24.9,29.9,9.8,26.0,0.4,0.0,Philippines
Manila,PH,2017-12-10,12:00:00,1512882000,26.5,25.0,29.8,11.9,25.0,2.0,0.0,Philippines
Manila,PH,2017-12-11,12:00:00,1512968400,26.5,25.1,29.0,11.4,6.0,4.2,0.0,Philippines
Manila,PH,2017-12-12,12:00:00,1513054800,25.4,24.4,26.1,15.9,355.0,6.9,0.0,Philippines
Manila,PH,2017-12-13,12:00:00,1513141200,26.4,24.6,29.1,14.3,13.0,0.4,0.0,Philippines
Manila,PH,2017-12-14,12:00:00,1513227600,26.4,24.6,29.4,18.0,7.0,1.3,0.0,Philippines
Manila,PH,2017-12-15,12:00:00,1513314000,25.2,23.2,28.0,14.7,15.0,0.0,0.0,Philippines
Manila,PH,2017-12-16,12:00:00,1513400400,23.4,21.7,26.3,18.1,350.0,4.8,0.0,Philippines
Manila,PH,2017-12-17,12:00:00,1513486800,24.4,22.4,26.9,28.0,2.0,2.0,0.0,Philippines
Manila,PH,2017-12-18,12:00:00,1513573200,24.4,22.9,26.2,25.9,3.0,19.3,0.0,Philippines
Manila,PH,2017-12-19,12:00:00,1513659600,25.2,23.3,28.1,9.7,353.0,4.2,0.0,Philippines
Manila,PH,2017-12-20,12:00:00,1513746000,26.2,23.3,30.1,15.9,9.0,2.3,0.0,Philippines
Manila,PH,2017-12-21,12:00:00,1513832400,25.9,24.1,28.4,24.0,7.0,2.8,0.0,Philippines
Manila,PH,2017-12-22,12:00:00,1513918800,26.2,24.2,28.9,28.3,16.0,0.1,0.0,Philippines
Manila,PH,2017-12-23,12:00:00,1514005200,26.7,24.5,30.0,15.9,46.0,0.1,0.0,Philippines
Manila,PH,2017-12-24,12:00:00,1514091600,26.7,23.4,30.6,12.1,104.0,0.3,0.0,Philippines
Manila,PH,2017-12-25,12:00:00,1514178000,26.7,24.1,31.0,14.0,81.0,0.1,0.0,Philippines
Manila,PH,2017-12-26,12:00:00,1514264400,26.5,25.0,29.6,11.6,26.0,0.7,0.0,Philippines
Manila,PH,2017-12-27,12:00:00,1514350800,26.1,24.3,29.5,9.8,75.0,7.7,0.0,Philippines
Manila,PH,2017-12-28,12:00:00,1514437200,26.2,24.3,29.3,13.9,63.0,1.4,0.0,Philippines
Manila,PH,2017-12-29,12:00:00,1514523600,25.6,23.1,29.0,12.9,69.0,1.2,0.0,Philippines
Manila,PH,2017-12-30,12:00:00,1514610000,24.9,22.0,28.8,18.7,76.0,0.0,0.0,Philippines
Manila,PH,2017-12-31,12:00:00,1514696400,25.1,22.5,29.2,13.4,6.0,0.3,0.0,Philippines
Manila,PH,2018-01-01,12:00:00,1514782800,25.1,23.2,27.8,16.4,27.0,0.9,0.0,Philippines
Manila,PH,2018-01-02,12:00:00,1514869200,25.6,23.6,28.8,24.0,40.0,0.2,0.0,Philippines
Manila,PH,2018-01-03,12:00:00,1514955600,25.5,23.5,28.5,15.5,31.0,3.8,0.0,Philippines
Manila,PH,2018-01-04,12:00:00,1515042000,25.8,22.7,29.3,20.9,84.0,1.0,0.0,Philippines
Manila,PH,2018-01-05,12:00:00,1515128400,26.5,23.7,30.3,14.8,105.0,0.3,0.0,Philippines
Manila,PH,2018-01-06,12:00:00,1515214800,26.7,24.3,30.6,14.8,110.0,0.0,0.0,Philippines
Manila,PH,2018-01-07,12:00:00,1515301200,25.8,22.8,28.7,7.4,31.0,0.0,0.0,Philippines
Manila,PH,2018-01-08,12:00:00,1515387600,26.6,23.3,29.9,12.5,110.0,0.2,0.0,Philippines
Manila,PH,2018-01-09,12:00:00,1515474000,26.5,24.0,30.2,14.9,110.0,0.2,0.0,Philippines
Manila,PH,2018-01-10,12:00:00,1515560400,26.5,24.1,29.5,11.5,46.0,0.7,0.0,Philippines
Manila,PH,2018-01-11,12:00:00,1515646800,25.5,23.8,28.3,16.0,1.0,0.0,0.0,Philippines
Manila,PH,2018-01-12,12:00:00,1515733200,24.0,22.1,26.3,19.5,6.0,1.3,0.0,Philippines
Manila,PH,2018-01-13,12:00:00,1515819600,24.1,22.1,27.0,18.5,3.0,0.0,0.0,Philippines
Manila,PH,2018-01-14,12:00:00,1515906000,23.9,22.3,27.1,17.4,357.0,2.1,0.0,Philippines
Manila,PH,2018-01-15,12:00:00,1515992400,25.4,23.0,29.1,13.0,37.0,0.0,0.0,Philippines
Manila,PH,2018-01-16,12:00:00,1516078800,25.6,23.1,28.3,13.7,15.0,0.1,0.0,Philippines
Manila,PH,2018-01-17,12:00:00,1516165200,25.3,23.9,27.2,11.6,90.0,41.7,0.0,Philippines
Manila,PH,2018-01-18,12:00:00,1516251600,26.2,23.8,29.8,13.5,84.0,0.2,0.0,Philippines
Manila,PH,2018-01-19,12:00:00,1516338000,26.0,24.0,29.0,15.7,79.0,13.8,0.0,Philippines
Manila,PH,2018-01-20,12:00:00,1516424400,25.8,23.1,30.1,14.3,31.0,0.0,0.0,Philippines
Manila,PH,2018-01-21,12:00:00,1516510800,26.1,23.3,29.8,14.7,122.0,0.6,0.0,Philippines
Manila,PH,2018-01-22,12:00:00,1516597200,26.0,23.1,29.1,6.1,42.0,0.4,0.0,Philippines
Manila,PH,2018-01-23,12:00:00,1516683600,25.9,22.9,28.8,10.7,107.0,0.5,0.0,Philippines
Manila,PH,2018-01-24,12:00:00,1516770000,25.6,23.4,28.3,7.9,76.0,5.9,0.0,Philippines
Manila,PH,2018-01-25,12:00:00,1516856400,26.4,23.7,29.9,13.4,129.0,0.8,0.0,Philippines
Manila,PH,2018-01-26,12:00:00,1516942800,26.0,23.7,28.4,10.7,290.0,2.3,0.0,Philippines
Manila,PH,2018-01-27,12:00:00,1517029200,24.5,23.9,25.7,15.7,51.0,119.7,0.0,Philippines
Manila,PH,2018-01-28,12:00:00,1517115600,24.9,23.6,26.8,17.9,108.0,0.7,0.0,Philippines
Manila,PH,2018-01-29,12:00:00,1517202000,25.4,22.7,28.3,12.4,51.0,0.3,0.0,Philippines
Manila,PH,2018-01-30,12:00:00,1517288400,25.9,23.2,29.3,12.1,41.0,0.8,0.0,Philippines
Manila,PH,2018-01-31,12:00:00,1517374800,25.2,23.2,27.5,9.4,78.0,2.3,0.0,Philippines
Manila,PH,2018-02-01,12:00:00,1517461200,25.4,22.6,28.0,11.8,96.0,0.1,0.0,Philippines
Manila,PH,2018-02-02,12:00:00,1517547600,25.7,23.5,29.1,11.4,94.0,1.0,0.0,Philippines
Manila,PH,2018-02-03,12:00:00,1517634000,25.4,22.9,28.6,15.0,22.0,0.0,0.0,Philippines
Manila,PH,2018-02-04,12:00:00,1517720400,25.4,22.8,29.3,17.6,19.0,0.6,0.0,Philippines
Manila,PH,2018-02-05,12:00:00,1517806800,25.0,23.6,27.2,16.6,354.0,1.0,0.0,Philippines
Manila,PH,2018-02-06,12:00:00,1517893200,24.0,21.6,26.8,18.0,356.0,0.5,0.0,Philippines
Manila,PH,2018-02-07,12:00:00,1517979600,23.9,21.7,26.9,9.1,2.0,1.2,0.0,Philippines
Manila,PH,2018-02-08,12:00:00,1518066000,24.4,22.0,26.8,12.1,301.0,2.4,0.0,Philippines
Manila,PH,2018-02-09,12:00:00,1518152400,25.4,23.4,28.3,12.8,260.0,0.6,0.0,Philippines
Manila,PH,2018-02-10,12:00:00,1518238800,25.7,23.7,27.6,14.4,288.0,1.0,0.0,Philippines
Manila,PH,2018-02-11,12:00:00,1518325200,25.9,23.7,28.4,11.9,290.0,0.8,0.0,Philippines
Manila,PH,2018-02-12,12:00:00,1518411600,26.5,24.5,29.7,17.7,14.0,0.5,0.0,Philippines
Manila,PH,2018-02-13,12:00:00,1518498000,25.6,23.7,28.9,19.3,26.0,0.0,0.0,Philippines
Manila,PH,2018-02-14,12:00:00,1518584400,25.4,23.2,28.3,18.3,19.0,0.6,0.0,Philippines
Manila,PH,2018-02-15,12:00:00,1518670800,26.4,23.1,30.0,15.2,90.0,0.3,0.0,Philippines
Manila,PH,2018-02-16,12:00:00,1518757200,27.3,23.1,31.9,17.8,122.0,0.0,0.0,Philippines
Manila,PH,2018-02-17,12:00:00,1518843600,27.3,24.5,31.9,16.3,125.0,0.1,0.0,Philippines
Manila,PH,2018-02-18,12:00:00,1518930000,26.4,23.0,30.1,17.3,123.0,1.2,0.0,Philippines
Manila,PH,2018-02-19,12:00:00,1519016400,26.7,22.2,31.7,16.8,96.0,0.0,0.0,Philippines
Manila,PH,2018-02-20,12:00:00,1519102800,26.7,22.7,31.9,20.3,112.0,1.2,0.0,Philippines
Manila,PH,2018-02-21,12:00:00,1519189200,27.6,24.7,31.9,19.8,116.0,0.0,0.0,Philippines
Manila,PH,2018-02-22,12:00:00,1519275600,27.6,24.7,31.6,23.1,121.0,0.0,0.0,Philippines
Manila,PH,2018-02-23,12:00:00,1519362000,26.4,22.1,30.7,23.5,99.0,0.0,0.0,Philippines
Manila,PH,2018-02-24,12:00:00,1519448400,26.8,22.8,32.0,14.0,76.0,0.0,0.0,Philippines
Manila,PH,2018-02-25,12:00:00,1519534800,27.0,23.7,30.9,15.9,86.0,0.5,0.0,Philippines
Manila,PH,2018-02-26,12:00:00,1519621200,27.3,24.4,31.3,15.8,115.0,0.2,0.0,Philippines
Manila,PH,2018-02-27,12:00:00,1519707600,27.1,24.5,30.6,18.4,105.0,0.7,0.0,Philippines
Manila,PH,2018-02-28,12:00:00,1519794000,27.4,24.4,31.4,14.7,122.0,0.5,0.0,Philippines
Manila,PH,2018-03-01,12:00:00,1519880400,27.4,24.3,30.9,16.9,116.0,1.4,0.0,Philippines
Manila,PH,2018-03-02,12:00:00,1519966800,27.7,24.6,31.6,16.9,117.0,0.2,0.0,Philippines
Manila,PH,2018-03-03,12:00:00,1520053200,27.6,24.5,31.3,19.3,113.0,0.5,0.0,Philippines
Manila,PH,2018-03-04,12:00:00,1520139600,27.9,24.8,31.7,21.3,115.0,0.2,0.0,Philippines
Manila,PH,2018-03-05,12:00:00,1520226000,27.6,23.1,32.3,21.7,111.0,0.0,0.0,Philippines
Manila,PH,2018-03-06,12:00:00,1520312400,27.9,24.4,32.6,15.8,117.0,0.0,0.0,Philippines
Manila,PH,2018-03-07,12:00:00,1520398800,27.7,24.2,31.8,9.3,101.0,1.2,0.0,Philippines
Manila,PH,2018-03-08,12:00:00,1520485200,26.9,24.3,29.9,7.4,135.0,5.2,0.0,Philippines
Manila,PH,2018-03-09,12:00:00,1520571600,26.0,24.3,28.5,15.9,139.0,6.6,0.0,Philippines
Manila,PH,2018-03-10,12:00:00,1520658000,26.3,24.0,29.6,17.8,49.0,0.7,0.0,Philippines
Manila,PH,2018-03-11,12:00:00,1520744400,25.7,22.9,29.8,18.4,58.0,0.0,0.0,Philippines
Manila,PH,2018-03-12,12:00:00,1520830800,26.0,23.1,29.5,9.7,114.0,0.3,0.0,Philippines
Manila,PH,2018-03-13,12:00:00,1520917200,26.3,23.1,30.1,17.2,115.0,0.5,0.0,Philippines
Manila,PH,2018-03-14,12:00:00,1521003600,26.6,23.1,31.3,18.6,116.0,0.0,0.0,Philippines
Manila,PH,2018-03-15,12:00:00,1521090000,27.2,22.8,32.2,22.7,120.0,0.2,0.0,Philippines
Manila,PH,2018-03-16,12:00:00,1521176400,27.3,24.5,30.5,11.9,102.0,1.6,0.0,Philippines
Manila,PH,2018-03-17,12:00:00,1521262800,27.5,24.4,31.7,18.2,117.0,0.0,0.0,Philippines
Manila,PH,2018-03-18,12:00:00,1521349200,27.7,23.6,32.8,20.3,109.0,0.1,0.0,Philippines
Manila,PH,2018-03-19,12:00:00,1521435600,27.5,23.1,32.6,23.4,130.0,0.0,0.0,Philippines
Manila,PH,2018-03-20,12:00:00,1521522000,27.8,24.0,32.3,10.8,189.0,0.6,0.0,Philippines
Manila,PH,2018-03-21,12:00:00,1521608400,27.4,24.2,30.6,15.8,86.0,0.6,0.0,Philippines
Manila,PH,2018-03-22,12:00:00,1521694800,25.9,24.5,27.9,19.4,72.0,1.8,0.0,Philippines
Manila,PH,2018-03-23,12:00:00,1521781200,26.3,23.5,30.0,17.7,86.0,0.0,0.0,Philippines
Manila,PH,2018-03-24,12:00:00,1521867600,26.0,23.7,29.4,19.5,94.0,0.0,0.0,Philippines
Manila,PH,2018-03-25,12:00:00,1521954000,25.7,21.8,30.7,19.4,105.0,0.0,0.0,Philippines
Manila,PH,2018-03-26,12:00:00,1522040400,26.3,21.9,30.6,13.8,110.0,0.0,0.0,Philippines
Manila,PH,2018-03-27,12:00:00,1522126800,26.3,22.8,30.0,11.2,121.0,0.5,0.0,Philippines
Manila,PH,2018-03-28,12:00:00,1522213200,26.7,23.5,30.1,10.8,157.0,0.2,0.0,Philippines
Manila,PH,2018-03-29,12:00:00,1522299600,27.0,24.3,30.1,10.8,229.0,0.5,0.0,Philippines
Manila,PH,2018-03-30,12:00:00,1522386000,26.6,24.1,30.1,11.5,277.0,2.9,0.0,Philippines
Manila,PH,2018-03-31,12:00:00,1522472400,26.7,24.4,29.7,14.1,88.0,0.2,0.0,Philippines
Manila,PH,2018-04-01,12:00:00,1522558800,27.3,24.3,30.7,12.0,144.0,0.4,0.0,Philippines
Manila,PH,2018-04-02,12:00:00,1522645200,27.1,24.2,30.6,11.2,81.0,0.7,0.0,Philippines
Manila,PH,2018-04-03,12:00:00,1522731600,27.3,24.6,30.6,12.5,99.0,0.9,0.0,Philippines
Manila,PH,2018-04-04,12:00:00,1522818000,27.5,25.2,30.6,11.8,119.0,0.0,0.0,Philippines
Manila,PH,2018-04-05,12:00:00,1522904400,27.7,24.8,31.1,19.7,112.0,0.0,0.0,Philippines
Manila,PH,2018-04-06,12:00:00,1522990800,27.9,24.5,31.7,13.5,130.0,0.9,0.0,Philippines
Manila,PH,2018-04-07,12:00:00,1523077200,28.4,24.7,33.2,18.0,95.0,0.0,0.0,Philippines
Manila,PH,2018-04-08,12:00:00,1523163600,27.8,25.3,31.5,20.7,59.0,0.8,0.0,Philippines
Manila,PH,2018-04-09,12:00:00,1523250000,26.4,25.2,29.9,19.8,24.0,36.3,0.0,Philippines
Manila,PH,2018-04-10,12:00:00,1523336400,27.8,24.7,31.8,18.5,112.0,1.8,0.0,Philippines
Manila,PH,2018-04-11,12:00:00,1523422800,28.0,24.2,32.1,12.2,112.0,0.0,0.0,Philippines
Manila,PH,2018-04-12,12:00:00,1523509200,28.9,25.5,33.3,20.2,121.0,0.2,0.0,Philippines
Manila,PH,2018-04-13,12:00:00,1523595600,29.1,25.1,33.6,18.7,110.0,0.0,0.0,Philippines
Manila,PH,2018-04-14,12:00:00,1523682000,29.1,25.5,33.7,21.0,116.0,0.0,0.0,Philippines
Manila,PH,2018-04-15,12:00:00,1523768400,28.9,25.1,33.0,12.6,122.0,0.2,0.0,Philippines
Manila,PH,2018-04-16,12:00:00,1523854800,29.0,25.3,33.7,13.2,118.0,0.1,0.0,Philippines
Manila,PH,2018-04-17,12:00:00,1523941200,28.8,24.8,33.9,20.9,131.0,0.0,0.0,Philippines
Manila,PH,2018-04-18,12:00:00,1524027600,28.5,24.5,32.8,14.8,119.0,0.0,0.0,Philippines
Manila,PH,2018-04-19,12:00:00,1524114000,28.8,24.6,34.2,18.4,119.0,0.0,0.0,Philippines
Manila,PH,2018-04-20,12:00:00,1524200400,29.1,24.5,34.0,18.2,123.0,0.0,0.0,Philippines
Manila,PH,2018-04-21,12:00:00,1524286800,29.5,25.4,34.9,19.5,147.0,0.0,0.0,Philippines
Manila,PH,2018-04-22,12:00:00,1524373200,29.5,26.1,32.8,12.5,133.0,0.5,0.0,Philippines
Manila,PH,2018-04-23,12:00:00,1524459600,29.9,26.6,34.5,20.3,119.0,0.1,0.0,Philippines
Manila,PH,2018-04-24,12:00:00,1524546000,29.9,26.1,34.0,12.2,121.0,0.3,0.0,Philippines
Manila,PH,2018-04-25,12:00:00,1524632400,29.4,26.7,33.1,11.6,123.0,2.4,0.0,Philippines
Manila,PH,2018-04-26,12:00:00,1524718800,29.6,26.6,33.0,12.2,113.0,0.0,0.0,Philippines
Manila,PH,2018-04-27,12:00:00,1524805200,29.8,25.8,34.2,14.2,118.0,0.0,0.0,Philippines
Manila,PH,2018-04-28,12:00:00,1524891600,29.8,26.1,34.2,15.5,114.0,0.1,0.0,Philippines
Manila,PH,2018-04-29,12:00:00,1524978000,29.8,26.1,34.2,15.3,125.0,0.6,0.0,Philippines
Manila,PH,2018-04-30,12:00:00,1525064400,30.1,26.3,34.4,15.2,131.0,0.1,0.0,Philippines
Manila,PH,2018-05-01,12:00:00,1525150800,29.6,26.3,34.1,16.1,108.0,0.4,0.0,Philippines
Manila,PH,2018-05-02,12:00:00,1525237200,30.6,26.3,36.1,21.4,127.0,0.0,0.0,Philippines
Manila,PH,2018-05-03,12:00:00,1525323600,30.3,26.9,34.6,19.1,121.0,0.9,0.0,Philippines
Manila,PH,2018-05-04,12:00:00,1525410000,31.0,27.3,36.0,19.6,107.0,0.2,0.0,Philippines
Manila,PH,2018-05-05,12:00:00,1525496400,29.0,27.2,31.2,16.4,113.0,6.1,0.0,Philippines
Manila,PH,2018-05-06,12:00:00,1525582800,30.1,27.1,33.3,14.1,131.0,0.2,0.0,Philippines
Manila,PH,2018-05-07,12:00:00,1525669200,30.3,27.0,34.0,13.7,157.0,0.1,0.0,Philippines
Manila,PH,2018-05-08,12:00:00,1525755600,29.6,26.9,33.7,20.6,172.0,0.6,0.0,Philippines
Manila,PH,2018-05-09,12:00:00,1525842000,30.2,26.9,34.0,12.2,148.0,0.0,0.0,Philippines
Manila,PH,2018-05-10,12:00:00,1525928400,30.2,26.5,33.9,11.2,116.0,0.1,0.0,Philippines
Manila,PH,2018-05-11,12:00:00,1526014800,30.0,26.7,34.0,12.5,119.0,0.4,0.0,Philippines
Manila,PH,2018-05-12,12:00:00,1526101200,29.8,26.8,34.0,13.2,128.0,0.4,0.0,Philippines
Manila,PH,2018-05-13,12:00:00,1526187600,30.1,26.9,34.8,12.3,76.0,0.1,0.0,Philippines
Manila,PH,2018-05-14,12:00:00,1526274000,30.6,27.2,34.5,13.0,149.0,0.0,0.0,Philippines
Manila,PH,2018-05-15,12:00:00,1526360400,30.2,27.7,33.2,20.4,126.0,5.9,0.0,Philippines
Manila,PH,2018-05-16,12:00:00,1526446800,30.5,27.2,34.4,14.5,124.0,0.1,0.0,Philippines
Manila,PH,2018-05-17,12:00:00,1526533200,30.4,26.2,34.5,13.1,189.0,0.2,0.0,Philippines
Manila,PH,2018-05-18,12:00:00,1526619600,30.4,27.4,34.6,11.4,166.0,1.2,0.0,Philippines
Manila,PH,2018-05-19,12:00:00,1526706000,30.4,26.5,33.9,15.4,129.0,0.2,0.0,Philippines
Manila,PH,2018-05-20,12:00:00,1526792400,30.2,27.3,33.5,13.3,122.0,0.8,0.0,Philippines
Manila,PH,2018-05-21,12:00:00,1526878800,29.7,26.7,33.3,11.6,131.0,1.8,0.0,Philippines
Manila,PH,2018-05-22,12:00:00,1526965200,29.4,25.9,34.0,10.4,35.0,1.7,0.0,Philippines
Manila,PH,2018-05-23,12:00:00,1527051600,30.5,26.7,34.7,10.2,109.0,0.0,0.0,Philippines
Manila,PH,2018-05-24,12:00:00,1527138000,30.8,27.6,34.9,10.2,113.0,0.2,0.0,Philippines
Manila,PH,2018-05-25,12:00:00,1527224400,30.0,27.2,33.5,12.7,115.0,2.8,0.0,Philippines
Manila,PH,2018-05-26,12:00:00,1527310800,30.2,26.8,34.2,11.3,102.0,1.1,0.0,Philippines
Manila,PH,2018-05-27,12:00:00,1527397200,30.8,27.1,34.2,14.6,125.0,0.0,0.0,Philippines
Manila,PH,2018-05-28,12:00:00,1527483600,30.8,27.3,34.9,19.6,120.0,0.3,0.0,Philippines
Manila,PH,2018-05-29,12:00:00,1527570000,30.5,27.1,34.2,11.3,105.0,0.5,0.0,Philippines
Manila,PH,2018-05-30,12:00:00,1527656400,30.6,27.5,35.0,16.6,111.0,0.0,0.0,Philippines
Manila,PH,2018-05-31,12:00:00,1527742800,30.7,27.3,34.6,14.8,114.0,0.1,0.0,Philippines
Manila,PH,2018-06-01,12:00:00,1527829200,30.2,27.6,34.3,16.6,120.0,0.8,0.0,Philippines
Manila,PH,2018-06-02,12:00:00,1527915600,28.8,26.6,33.8,23.1,141.0,14.2,0.0,Philippines
Manila,PH,2018-06-03,12:00:00,1528002000,28.5,25.9,31.2,19.2,244.0,3.6,0.0,Philippines
Manila,PH,2018-06-04,12:00:00,1528088400,30.8,27.5,34.8,16.5,243.0,0.0,0.0,Philippines
Manila,PH,2018-06-05,12:00:00,1528174800,29.7,27.5,32.5,16.3,266.0,10.3,0.0,Philippines
Manila,PH,2018-06-06,12:00:00,1528261200,28.1,26.1,30.8,17.5,270.0,7.3,0.0,Philippines
Manila,PH,2018-06-07,12:00:00,1528347600,26.9,26.0,28.9,16.4,253.0,21.8,0.0,Philippines
Manila,PH,2018-06-08,12:00:00,1528434000,26.7,25.8,27.6,25.0,238.0,47.6,0.0,Philippines
Manila,PH,2018-06-09,12:00:00,1528520400,26.4,25.9,26.9,27.8,236.0,65.7,0.0,Philippines
Manila,PH,2018-06-10,12:00:00,1528606800,26.4,26.0,27.1,31.9,230.0,48.5,0.0,Philippines
Manila,PH,2018-06-11,12:00:00,1528693200,26.4,26.0,27.1,31.9,230.0,39.6,0.0,Philippines
Manila,PH,2018-06-12,12:00:00,1528779600,26.7,25.9,28.0,31.0,234.0,32.1,0.0,Philippines
Manila,PH,2018-06-13,12:00:00,1528866000,26.7,25.8,28.1,27.5,231.0,25.4,0.0,Philippines
Manila,PH,2018-06-14,12:00:00,1528952400,27.2,26.1,28.6,27.7,227.0,11.6,0.0,Philippines
Manila,PH,2018-06-15,12:00:00,1529038800,27.6,26.3,29.3,24.7,228.0,7.8,0.0,Philippines
Manila,PH,2018-06-16,12:00:00,1529125200,27.4,25.5,30.0,31.2,227.0,8.4,0.0,Philippines
Manila,PH,2018-06-17,12:00:00,1529211600,27.3,25.9,28.9,23.6,231.0,9.2,0.0,Philippines
Manila,PH,2018-06-18,12:00:00,1529298000,28.3,26.0,30.3,20.6,241.0,0.4,0.0,Philippines
Manila,PH,2018-06-19,12:00:00,1529384400,28.8,27.3,30.6,18.7,252.0,0.8,0.0,Philippines
Manila,PH,2018-06-20,12:00:00,1529470800,27.9,26.1,30.2,12.6,297.0,7.0,0.0,Philippines
Manila,PH,2018-06-21,12:00:00,1529557200,27.2,25.9,29.1,12.7,312.0,6.4,0.0,Philippines
Manila,PH,2018-06-22,12:00:00,1529643600,26.8,25.1,29.6,15.5,206.0,22.1,0.0,Philippines
Manila,PH,2018-06-23,12:00:00,1529730000,27.0,24.5,30.5,10.7,153.0,11.7,0.0,Philippines
Manila,PH,2018-06-24,12:00:00,1529816400,27.5,25.0,30.9,9.4,106.0,3.3,0.0,Philippines
Manila,PH,2018-06-25,12:00:00,1529902800,26.6,24.8,28.6,9.4,47.0,8.1,0.0,Philippines
Manila,PH,2018-06-26,12:00:00,1529989200,26.8,25.1,29.1,7.2,188.0,10.3,0.0,Philippines
Manila,PH,2018-06-27,12:00:00,1530075600,26.5,24.8,28.7,8.4,173.0,7.5,0.0,Philippines
Manila,PH,2018-06-28,12:00:00,1530162000,27.6,25.1,29.8,19.7,237.0,3.2,0.0,Philippines
Manila,PH,2018-06-29,12:00:00,1530248400,27.7,25.3,29.5,20.1,254.0,1.9,0.0,Philippines
Manila,PH,2018-06-30,12:00:00,1530334800,27.4,26.1,28.6,19.9,253.0,1.7,0.0,Philippines
Manila,PH,2018-07-01,12:00:00,1530421200,27.1,25.7,29.3,20.6,243.0,12.7,0.0,Philippines
Manila,PH,2018-07-02,12:00:00,1530507600,27.4,25.6,29.0,19.3,244.0,5.2,0.0,Philippines
Manila,PH,2018-07-03,12:00:00,1530594000,27.4,26.4,28.7,21.1,245.0,3.6,0.0,Philippines
Manila,PH,2018-07-04,12:00:00,1530680400,27.2,26.2,28.6,19.8,241.0,7.9,0.0,Philippines
Manila,PH,2018-07-05,12:00:00,1530766800,27.3,25.4,29.6,21.1,239.0,11.7,0.0,Philippines
Manila,PH,2018-07-06,12:00:00,1530853200,27.3,25.5,30.0,18.4,216.0,16.0,0.0,Philippines
Manila,PH,2018-07-07,12:00:00,1530939600,27.0,25.3,29.9,12.8,142.0,10.9,0.0,Philippines
Manila,PH,2018-07-08,12:00:00,1531026000,26.6,25.4,29.2,12.5,192.0,21.7,0.0,Philippines
Manila,PH,2018-07-09,12:00:00,1531112400,26.6,24.7,28.8,21.1,221.0,13.0,0.0,Philippines
Manila,PH,2018-07-10,12:00:00,1531198800,26.2,25.2,27.3,22.5,228.0,22.0,0.0,Philippines
Manila,PH,2018-07-11,12:00:00,1531285200,26.4,25.7,27.8,23.9,229.0,26.6,0.0,Philippines
Manila,PH,2018-07-12,12:00:00,1531371600,26.5,25.1,28.0,17.2,217.0,18.7,0.0,Philippines
Manila,PH,2018-07-13,12:00:00,1531458000,26.2,24.5,28.4,10.0,141.0,28.3,0.0,Philippines
Manila,PH,2018-07-14,12:00:00,1531544400,26.0,25.1,27.2,17.6,187.0,45.9,0.0,Philippines
Manila,PH,2018-07-15,12:00:00,1531630800,25.9,24.8,27.4,24.8,230.0,64.2,0.0,Philippines
Manila,PH,2018-07-16,12:00:00,1531717200,26.2,25.4,27.4,26.6,240.0,53.8,0.0,Philippines
Manila,PH,2018-07-17,12:00:00,1531803600,25.9,25.4,26.1,29.9,233.0,62.4,0.0,Philippines
Manila,PH,2018-07-18,12:00:00,1531890000,26.7,25.4,28.5,27.2,242.0,25.6,0.0,Philippines
Manila,PH,2018-07-19,12:00:00,1531976400,26.8,25.6,28.9,25.9,250.0,31.6,0.0,Philippines
Manila,PH,2018-07-20,12:00:00,1532062800,26.7,25.5,28.7,29.2,246.0,17.0,0.0,Philippines
Manila,PH,2018-07-21,12:00:00,1532149200,26.6,25.9,27.8,39.5,229.0,24.7,0.0,Philippines
Manila,PH,2018-07-22,12:00:00,1532235600,26.7,26.0,27.5,28.9,243.0,19.4,0.0,Philippines
Manila,PH,2018-07-23,12:00:00,1532322000,26.1,25.3,26.9,20.9,243.0,35.2,0.0,Philippines
Manila,PH,2018-07-24,12:00:00,1532408400,26.1,24.5,27.7,15.3,238.0,23.8,0.0,Philippines
Manila,PH,2018-07-25,12:00:00,1532494800,26.4,24.7,28.6,18.1,235.0,14.5,0.0,Philippines
Manila,PH,2018-07-26,12:00:00,1532581200,25.6,24.9,26.8,11.3,175.0,46.2,0.0,Philippines
Manila,PH,2018-07-27,12:00:00,1532667600,25.7,24.7,27.1,12.0,208.0,15.4,0.0,Philippines
Manila,PH,2018-07-28,12:00:00,1532754000,26.3,24.8,27.8,17.3,242.0,10.7,0.0,Philippines
Manila,PH,2018-07-29,12:00:00,1532840400,26.3,24.8,28.2,18.3,234.0,7.5,0.0,Philippines
Manila,PH,2018-07-30,12:00:00,1532926800,27.1,25.1,28.9,18.7,240.0,3.0,0.0,Philippines
Manila,PH,2018-07-31,12:00:00,1533013200,27.1,25.4,28.8,17.2,244.0,6.1,0.0,Philippines
Manila,PH,2018-08-01,12:00:00,1533099600,27.1,25.4,29.6,23.8,244.0,16.0,0.0,Philippines
Manila,PH,2018-08-02,12:00:00,1533186000,26.8,25.4,28.8,16.7,247.0,17.5,0.0,Philippines
Manila,PH,2018-08-03,12:00:00,1533272400,26.5,25.1,28.1,19.9,232.0,12.8,0.0,Philippines
Manila,PH,2018-08-04,12:00:00,1533358800,26.6,25.0,29.2,18.7,229.0,16.0,0.0,Philippines
Manila,PH,2018-08-05,12:00:00,1533445200,26.7,24.6,29.3,14.6,215.0,4.3,0.0,Philippines
Manila,PH,2018-08-06,12:00:00,1533531600,26.7,25.0,28.7,12.0,193.0,14.4,0.0,Philippines
Manila,PH,2018-08-07,12:00:00,1533618000,27.1,25.2,29.6,16.1,215.0,8.3,0.0,Philippines
Manila,PH,2018-08-08,12:00:00,1533704400,27.0,25.4,28.9,23.6,217.0,5.6,0.0,Philippines
Manila,PH,2018-08-09,12:00:00,1533790800,26.6,26.0,27.5,22.8,229.0,11.9,0.0,Philippines
Manila,PH,2018-08-10,12:00:00,1533877200,26.4,25.6,27.5,27.2,238.0,35.6,0.0,Philippines
Manila,PH,2018-08-11,12:00:00,1533963600,25.9,25.3,26.9,31.6,240.0,43.5,0.0,Philippines
Manila,PH,2018-08-12,12:00:00,1534050000,26.1,25.5,27.2,35.0,239.0,32.0,0.0,Philippines
Manila,PH,2018-08-13,12:00:00,1534136400,26.1,25.3,27.5,35.7,235.0,34.7,0.0,Philippines
Manila,PH,2018-08-14,12:00:00,1534222800,26.6,25.5,27.9,34.7,234.0,23.2,0.0,Philippines
Manila,PH,2018-08-15,12:00:00,1534309200,27.6,26.2,29.4,30.2,235.0,5.4,0.0,Philippines
Manila,PH,2018-08-16,12:00:00,1534395600,27.1,25.2,29.2,26.7,241.0,8.8,0.0,Philippines
Manila,PH,2018-08-17,12:00:00,1534482000,26.8,25.7,28.7,23.2,241.0,12.9,0.0,Philippines
Manila,PH,2018-08-18,12:00:00,1534568400,26.3,25.1,27.5,22.6,234.0,16.3,0.0,Philippines
Manila,PH,2018-08-19,12:00:00,1534654800,26.0,25.1,27.1,22.8,232.0,37.3,0.0,Philippines
Manila,PH,2018-08-20,12:00:00,1534741200,26.5,25.3,27.9,26.4,238.0,14.4,0.0,Philippines
Manila,PH,2018-08-21,12:00:00,1534827600,26.9,25.5,28.8,31.2,236.0,10.3,0.0,Philippines
Manila,PH,2018-08-22,12:00:00,1534914000,27.5,26.2,29.6,29.8,234.0,4.3,0.0,Philippines
Manila,PH,2018-08-23,12:00:00,1535000400,27.8,26.3,29.4,30.9,239.0,4.7,0.0,Philippines
Manila,PH,2018-08-24,12:00:00,1535086800,26.9,26.0,28.4,27.7,243.0,8.9,0.0,Philippines
Manila,PH,2018-08-25,12:00:00,1535173200,26.5,25.6,27.8,26.6,235.0,9.6,0.0,Philippines
Manila,PH,2018-08-26,12:00:00,1535259600,26.8,25.6,28.5,21.4,227.0,6.4,0.0,Philippines
Manila,PH,2018-08-27,12:00:00,1535346000,27.3,25.1,30.0,10.4,219.0,5.9,0.0,Philippines
Manila,PH,2018-08-28,12:00:00,1535432400,27.4,25.0,29.8,18.1,243.0,1.3,0.0,Philippines
Manila,PH,2018-08-29,12:00:00,1535518800,27.8,24.7,31.0,13.5,169.0,0.0,0.0,Philippines
Manila,PH,2018-08-30,12:00:00,1535605200,27.7,25.1,30.5,12.4,157.0,0.4,0.0,Philippines
Manila,PH,2018-08-31,12:00:00,1535691600,26.9,24.8,29.4,11.8,20.0,6.9,0.0,Philippines
Manila,PH,2018-09-01,12:00:00,1535778000,26.2,24.3,28.6,11.7,349.0,16.5,0.0,Philippines
Manila,PH,2018-09-02,12:00:00,1535864400,26.7,24.7,29.6,14.1,210.0,13.0,0.0,Philippines
Manila,PH,2018-09-03,12:00:00,1535950800,25.8,24.3,28.0,20.2,232.0,26.8,0.0,Philippines
Manila,PH,2018-09-04,12:00:00,1536037200,26.3,25.0,27.9,16.2,246.0,9.9,0.0,Philippines
Manila,PH,2018-09-05,12:00:00,1536123600,26.3,24.7,28.8,16.1,235.0,22.1,0.0,Philippines
Manila,PH,2018-09-06,12:00:00,1536210000,25.9,24.4,27.7,10.6,41.0,27.2,0.0,Philippines
Manila,PH,2018-09-07,12:00:00,1536296400,25.9,24.4,27.3,23.7,264.0,40.3,0.0,Philippines
Manila,PH,2018-09-08,12:00:00,1536382800,27.2,25.1,29.6,18.2,241.0,7.5,0.0,Philippines
Manila,PH,2018-09-09,12:00:00,1536469200,27.6,25.3,29.8,15.6,268.0,5.4,0.0,Philippines
Manila,PH,2018-09-10,12:00:00,1536555600,27.3,25.9,30.0,14.8,258.0,6.9,0.0,Philippines
Manila,PH,2018-09-11,12:00:00,1536642000,27.0,25.3,29.5,17.2,239.0,5.5,0.0,Philippines
Manila,PH,2018-09-12,12:00:00,1536728400,26.7,25.0,28.8,16.0,241.0,12.1,0.0,Philippines
Manila,PH,2018-09-13,12:00:00,1536814800,26.8,24.0,29.7,13.0,308.0,6.8,0.0,Philippines
Manila,PH,2018-09-14,12:00:00,1536901200,27.0,25.1,28.3,27.9,272.0,11.7,0.0,Philippines
Manila,PH,2018-09-15,12:00:00,1536987600,26.5,26.0,27.1,45.8,225.0,43.7,0.0,Philippines
Manila,PH,2018-09-16,12:00:00,1537074000,26.5,25.3,28.7,14.2,157.0,6.7,0.0,Philippines
Manila,PH,2018-09-17,12:00:00,1537160400,26.4,24.8,29.1,8.0,17.0,14.4,0.0,Philippines
Manila,PH,2018-09-18,12:00:00,1537246800,26.8,23.8,29.3,16.6,345.0,3.1,0.0,Philippines
Manila,PH,2018-09-19,12:00:00,1537333200,26.7,24.9,29.2,6.4,295.0,1.9,0.0,Philippines
Manila,PH,2018-09-20,12:00:00,1537419600,27.1,25.2,30.8,12.7,122.0,8.8,0.0,Philippines
Manila,PH,2018-09-21,12:00:00,1537506000,26.8,24.6,29.4,9.6,91.0,8.0,0.0,Philippines
Manila,PH,2018-09-22,12:00:00,1537592400,27.3,24.5,29.9,7.7,313.0,2.4,0.0,Philippines
Manila,PH,2018-09-23,12:00:00,1537678800,27.2,24.5,30.1,10.9,345.0,3.1,0.0,Philippines
Manila,PH,2018-09-24,12:00:00,1537765200,27.3,24.7,30.0,16.1,293.0,1.2,0.0,Philippines
Manila,PH,2018-09-25,12:00:00,1537851600,27.8,24.7,30.5,16.6,281.0,1.8,0.0,Philippines
Manila,PH,2018-09-26,12:00:00,1537938000,27.3,25.0,30.0,14.7,287.0,10.4,0.0,Philippines
Manila,PH,2018-09-27,12:00:00,1538024400,27.4,25.1,29.8,20.5,240.0,3.2,0.0,Philippines
Manila,PH,2018-09-28,12:00:00,1538110800,27.7,25.1,29.8,18.7,253.0,3.0,0.0,Philippines
Manila,PH,2018-09-29,12:00:00,1538197200,27.7,25.9,30.1,16.0,240.0,2.2,0.0,Philippines
Manila,PH,2018-09-30,12:00:00,1538283600,27.7,25.4,30.2,15.2,272.0,0.7,0.0,Philippines
Manila,PH,2018-10-01,12:00:00,1538370000,27.5,24.8,30.0,9.4,304.0,1.0,0.0,Philippines
Manila,PH,2018-10-02,12:00:00,1538456400,26.4,24.4,28.9,9.4,18.0,26.1,0.0,Philippines
Manila,PH,2018-10-03,12:00:00,1538542800,26.7,24.3,29.6,13.0,271.0,5.5,0.0,Philippines
Manila,PH,2018-10-04,12:00:00,1538629200,27.0,24.6,29.5,12.7,268.0,3.2,0.0,Philippines
Manila,PH,2018-10-05,12:00:00,1538715600,27.1,24.6,29.8,11.7,316.0,0.0,0.0,Philippines
Manila,PH,2018-10-06,12:00:00,1538802000,26.8,24.1,29.8,12.1,299.0,0.0,0.0,Philippines
Manila,PH,2018-10-07,12:00:00,1538888400,27.1,24.7,30.3,7.4,352.0,4.5,0.0,Philippines
Manila,PH,2018-10-08,12:00:00,1538974800,27.3,24.7,30.2,8.7,344.0,4.9,0.0,Philippines
Manila,PH,2018-10-09,12:00:00,1539061200,27.6,25.7,30.1,7.0,46.0,2.5,0.0,Philippines
Manila,PH,2018-10-10,12:00:00,1539147600,27.6,25.7,30.2,8.7,294.0,4.5,0.0,Philippines
Manila,PH,2018-10-11,12:00:00,1539234000,27.7,25.7,29.3,8.3,110.0,0.8,0.0,Philippines
Manila,PH,2018-10-12,12:00:00,1539320400,28.1,25.4,31.0,12.4,107.0,0.8,0.0,Philippines
Manila,PH,2018-10-13,12:00:00,1539406800,28.2,25.1,31.6,13.8,108.0,0.6,0.0,Philippines
Manila,PH,2018-10-14,12:00:00,1539493200,27.6,25.4,30.2,14.3,100.0,2.4,0.0,Philippines
Manila,PH,2018-10-15,12:00:00,1539579600,27.1,25.8,29.2,6.4,2.0,5.6,0.0,Philippines
Manila,PH,2018-10-16,12:00:00,1539666000,27.2,24.5,29.6,7.9,79.0,3.4,0.0,Philippines
Manila,PH,2018-10-17,12:00:00,1539752400,27.2,25.3,30.2,8.3,23.0,4.7,0.0,Philippines
Manila,PH,2018-10-18,12:00:00,1539838800,26.8,24.1,29.6,10.5,33.0,4.7,0.0,Philippines
Manila,PH,2018-10-19,12:00:00,1539925200,27.6,24.8,30.6,11.0,95.0,1.7,0.0,Philippines
Manila,PH,2018-10-20,12:00:00,1540011600,27.5,24.0,31.1,6.8,18.0,1.7,0.0,Philippines
Manila,PH,2018-10-21,12:00:00,1540098000,27.5,24.9,30.8,14.2,68.0,1.6,0.0,Philippines
Manila,PH,2018-10-22,12:00:00,1540184400,27.8,24.9,31.0,15.0,91.0,1.2,0.0,Philippines
Manila,PH,2018-10-23,12:00:00,1540270800,27.2,24.3,29.7,15.3,122.0,0.1,0.0,Philippines
Manila,PH,2018-10-24,12:00:00,1540357200,27.0,24.4,29.5,8.3,127.0,1.5,0.0,Philippines
Manila,PH,2018-10-25,12:00:00,1540443600,27.2,23.9,30.0,10.6,50.0,1.6,0.0,Philippines
Manila,PH,2018-10-26,12:00:00,1540530000,27.4,24.3,30.6,11.7,160.0,1.9,0.0,Philippines
Manila,PH,2018-10-27,12:00:00,1540616400,27.5,24.4,30.8,11.5,224.0,0.4,0.0,Philippines
Manila,PH,2018-10-28,12:00:00,1540702800,27.1,24.5,30.6,15.1,307.0,2.1,0.0,Philippines
Manila,PH,2018-10-29,12:00:00,1540789200,26.1,22.9,28.5,18.0,319.0,1.2,0.0,Philippines
Manila,PH,2018-10-30,12:00:00,1540875600,26.0,24.9,27.4,36.6,218.0,29.0,0.0,Philippines
Manila,PH,2018-10-31,12:00:00,1540962000,27.6,25.6,30.4,14.8,172.0,4.7,0.0,Philippines
Manila,PH,2018-11-01,12:00:00,1541048400,27.8,25.3,31.0,11.3,141.0,2.0,0.0,Philippines
Manila,PH,2018-11-02,12:00:00,1541134800,27.8,25.2,31.1,11.1,117.0,0.6,0.0,Philippines
Manila,PH,2018-11-03,12:00:00,1541221200,27.5,24.5,30.8,7.4,85.0,0.9,0.0,Philippines
Manila,PH,2018-11-04,12:00:00,1541307600,27.7,24.8,32.0,8.4,91.0,0.6,0.0,Philippines
Manila,PH,2018-11-05,12:00:00,1541394000,27.2,24.0,31.4,19.6,75.0,1.6,0.0,Philippines
Manila,PH,2018-11-06,12:00:00,1541480400,27.5,24.8,31.2,18.0,92.0,1.1,0.0,Philippines
Manila,PH,2018-11-07,12:00:00,1541566800,27.3,24.8,30.7,18.0,83.0,0.5,0.0,Philippines
Manila,PH,2018-11-08,12:00:00,1541653200,27.3,24.2,31.7,12.4,45.0,0.0,0.0,Philippines
Manila,PH,2018-11-09,12:00:00,1541739600,26.9,23.9,30.8,14.3,64.0,0.5,0.0,Philippines
Manila,PH,2018-11-10,12:00:00,1541826000,27.1,24.3,31.1,15.4,53.0,0.0,0.0,Philippines
Manila,PH,2018-11-11,12:00:00,1541912400,26.9,23.8,31.2,14.6,65.0,0.2,0.0,Philippines
Manila,PH,2018-11-12,12:00:00,1541998800,26.7,23.3,30.1,10.7,80.0,1.9,0.0,Philippines
Manila,PH,2018-11-13,12:00:00,1542085200,26.9,24.5,29.9,15.8,131.0,4.0,0.0,Philippines
Manila,PH,2018-11-14,12:00:00,1542171600,27.1,22.2,31.7,17.1,99.0,0.0,0.0,Philippines
Manila,PH,2018-11-15,12:00:00,1542258000,27.3,24.2,31.8,16.7,93.0,0.0,0.0,Philippines
Manila,PH,2018-11-16,12:00:00,1542344400,27.4,23.0,31.8,12.6,105.0,0.0,0.0,Philippines
Manila,PH,2018-11-17,12:00:00,1542430800,27.2,23.6,31.7,16.3,105.0,1.9,0.0,Philippines
Manila,PH,2018-11-18,12:00:00,1542517200,26.9,23.5,31.1,12.2,82.0,0.4,0.0,Philippines
Manila,PH,2018-11-19,12:00:00,1542603600,27.1,23.3,30.7,13.9,74.0,0.0,0.0,Philippines
Manila,PH,2018-11-20,12:00:00,1542690000,27.0,24.1,30.4,16.1,38.0,0.3,0.0,Philippines
Manila,PH,2018-11-21,12:00:00,1542776400,26.2,24.9,27.9,13.3,3.0,5.5,0.0,Philippines
Manila,PH,2018-11-22,12:00:00,1542862800,26.9,23.9,30.8,17.1,99.0,1.4,0.0,Philippines
Manila,PH,2018-11-23,12:00:00,1542949200,26.9,24.2,29.7,15.8,120.0,1.5,0.0,Philippines
Manila,PH,2018-11-24,12:00:00,1543035600,26.8,24.5,29.6,8.3,106.0,1.8,0.0,Philippines
Manila,PH,2018-11-25,12:00:00,1543122000,27.0,24.5,30.6,18.9,108.0,0.2,0.0,Philippines
Manila,PH,2018-11-26,12:00:00,1543208400,26.7,23.3,30.0,11.0,115.0,0.2,0.0,Philippines
Manila,PH,2018-11-27,12:00:00,1543294800,26.9,24.2,31.5,15.8,94.0,0.4,0.0,Philippines
Manila,PH,2018-11-28,12:00:00,1543381200,26.8,23.6,30.3,11.3,93.0,1.8,0.0,Philippines
Manila,PH,2018-11-29,12:00:00,1543467600,27.1,23.9,30.6,11.9,96.0,1.8,0.0,Philippines
Manila,PH,2018-11-30,12:00:00,1543554000,26.6,24.0,30.4,17.3,59.0,0.0,0.0,Philippines
Manila,PH,2018-12-01,12:00:00,1543640400,26.7,23.5,31.2,16.7,54.0,2.0,0.0,Philippines
Manila,PH,2018-12-02,12:00:00,1543726800,27.1,24.0,31.4,19.5,77.0,0.1,0.0,Philippines
Manila,PH,2018-12-03,12:00:00,1543813200,27.3,22.3,32.6,11.0,66.0,0.0,0.0,Philippines
Manila,PH,2018-12-04,12:00:00,1543899600,27.0,24.6,31.2,14.7,100.0,8.6,0.0,Philippines
Manila,PH,2018-12-05,12:00:00,1543986000,27.5,24.3,31.3,14.0,92.0,1.0,0.0,Philippines
Manila,PH,2018-12-06,12:00:00,1544072400,27.6,23.6,32.2,20.3,74.0,0.2,0.0,Philippines
Manila,PH,2018-12-07,12:00:00,1544158800,27.5,23.9,31.9,16.7,92.0,0.2,0.0,Philippines
Manila,PH,2018-12-08,12:00:00,1544245200,27.4,23.4,32.0,16.4,59.0,0.0,0.0,Philippines
Manila,PH,2018-12-09,12:00:00,1544331600,27.3,23.9,31.8,17.7,85.0,0.2,0.0,Philippines
Manila,PH,2018-12-10,12:00:00,1544418000,27.1,22.7,31.6,8.6,85.0,0.6,0.0,Philippines
Manila,PH,2018-12-11,12:00:00,1544504400,27.8,25.2,31.6,11.2,109.0,0.0,0.0,Philippines
Manila,PH,2018-12-12,12:00:00,1544590800,27.3,23.5,32.3,15.6,65.0,0.1,0.0,Philippines
Manila,PH,2018-12-13,12:00:00,1544677200,27.2,24.2,31.2,17.7,58.0,2.1,0.0,Philippines
Manila,PH,2018-12-14,12:00:00,1544763600,26.8,24.5,30.2,15.8,43.0,2.9,0.0,Philippines
Manila,PH,2018-12-15,12:00:00,1544850000,27.1,24.6,30.9,20.6,43.0,0.0,0.0,Philippines
Manila,PH,2018-12-16,12:00:00,1544936400,26.9,24.3,30.4,13.1,51.0,3.8,0.0,Philippines
Manila,PH,2018-12-17,12:00:00,1545022800,26.8,24.5,30.0,11.2,114.0,0.7,0.0,Philippines
Manila,PH,2018-12-18,12:00:00,1545109200,26.7,22.9,30.9,18.0,86.0,0.0,0.0,Philippines
Manila,PH,2018-12-19,12:00:00,1545195600,26.2,22.8,30.9,17.1,70.0,0.9,0.0,Philippines
Manila,PH,2018-12-20,12:00:00,1545282000,25.7,22.3,29.2,10.0,12.0,0.3,0.0,Philippines
Manila,PH,2018-12-21,12:00:00,1545368400,25.3,23.4,27.3,13.7,346.0,13.5,0.0,Philippines
Manila,PH,2018-12-22,12:00:00,1545454800,26.8,23.1,31.1,14.1,84.0,0.5,0.0,Philippines
Manila,PH,2018-12-23,12:00:00,1545541200,24.9,24.2,25.4,14.3,359.0,105.4,0.0,Philippines
Manila,PH,2018-12-24,12:00:00,1545627600,25.2,23.6,27.1,6.5,320.0,4.7,0.0,Philippines
Manila,PH,2018-12-25,12:00:00,1545714000,26.6,24.2,29.5,13.4,111.0,1.6,0.0,Philippines
Manila,PH,2018-12-26,12:00:00,1545800400,26.4,23.9,29.0,5.4,37.0,0.8,0.0,Philippines
Manila,PH,2018-12-27,12:00:00,1545886800,25.8,23.3,28.3,10.4,238.0,1.0,0.0,Philippines
Manila,PH,2018-12-28,12:00:00,1545973200,25.3,24.0,27.3,16.4,358.0,25.1,0.0,Philippines
Manila,PH,2018-12-29,12:00:00,1546059600,23.2,22.2,24.0,26.7,4.0,52.9,0.0,Philippines
Manila,PH,2018-12-30,12:00:00,1546146000,23.4,21.5,25.0,21.6,354.0,44.0,0.0,Philippines
Manila,PH,2018-12-31,12:00:00,1546232400,24.2,22.0,27.1,21.4,357.0,38.1,0.0,Philippines
Manila,PH,2019-01-01,12:00:00,1546318800,25.6,22.8,28.8,20.8,90.0,2.7,0.0,Philippines
Manila,PH,2019-01-02,12:00:00,1546405200,26.0,22.6,29.5,17.7,100.0,0.1,0.0,Philippines
Manila,PH,2019-01-03,12:00:00,1546491600,25.9,22.1,29.5,14.8,99.0,6.1,0.0,Philippines
Manila,PH,2019-01-04,12:00:00,1546578000,25.9,23.2,29.6,20.1,84.0,0.2,0.0,Philippines
Manila,PH,2019-01-05,12:00:00,1546664400,25.3,22.0,29.5,20.7,84.0,0.1,0.0,Philippines
Manila,PH,2019-01-06,12:00:00,1546750800,24.7,21.4,28.2,15.2,81.0,1.8,0.0,Philippines
Manila,PH,2019-01-07,12:00:00,1546837200,24.6,21.0,28.8,19.1,83.0,0.0,0.0,Philippines
Manila,PH,2019-01-08,12:00:00,1546923600,24.8,20.7,29.3,20.5,85.0,0.0,0.0,Philippines
Manila,PH,2019-01-09,12:00:00,1547010000,25.3,21.9,29.2,15.9,73.0,1.1,0.0,Philippines
Manila,PH,2019-01-10,12:00:00,1547096400,25.2,21.9,29.5,19.4,65.0,0.5,0.0,Philippines
Manila,PH,2019-01-11,12:00:00,1547182800,25.3,22.4,29.4,18.9,89.0,1.0,0.0,Philippines
Manila,PH,2019-01-12,12:00:00,1547269200,25.6,22.3,30.0,12.3,78.0,0.3,0.0,Philippines
Manila,PH,2019-01-13,12:00:00,1547355600,25.8,23.2,29.6,13.2,87.0,0.3,0.0,Philippines
Manila,PH,2019-01-14,12:00:00,1547442000,25.1,21.1,30.0,21.7,97.0,0.0,0.0,Philippines
Manila,PH,2019-01-15,12:00:00,1547528400,24.9,21.0,29.0,18.7,92.0,0.0,0.0,Philippines
Manila,PH,2019-01-16,12:00:00,1547614800,24.6,20.9,28.8,18.1,85.0,0.0,0.0,Philippines
Manila,PH,2019-01-17,12:00:00,1547701200,24.6,20.5,29.8,13.2,72.0,0.0,0.0,Philippines
Manila,PH,2019-01-18,12:00:00,1547787600,24.9,21.4,28.8,22.7,86.0,0.1,0.0,Philippines
Manila,PH,2019-01-19,12:00:00,1547874000,24.7,20.6,29.3,21.3,84.0,0.0,0.0,Philippines
Manila,PH,2019-01-20,12:00:00,1547960400,25.5,21.4,30.0,14.4,79.0,0.0,0.0,Philippines
Manila,PH,2019-01-21,12:00:00,1548046800,25.5,22.2,29.1,18.9,43.0,0.0,0.0,Philippines
Manila,PH,2019-01-22,12:00:00,1548133200,26.1,23.5,29.6,16.9,24.0,0.0,0.0,Philippines
Manila,PH,2019-01-23,12:00:00,1548219600,26.0,24.0,28.8,17.7,17.0,0.4,0.0,Philippines
Manila,PH,2019-01-24,12:00:00,1548306000,26.0,23.4,29.6,15.5,72.0,1.1,0.0,Philippines
Manila,PH,2019-01-25,12:00:00,1548392400,25.7,22.5,29.4,13.8,106.0,0.0,0.0,Philippines
Manila,PH,2019-01-26,12:00:00,1548478800,24.8,21.9,27.8,17.3,104.0,0.7,0.0,Philippines
Manila,PH,2019-01-27,12:00:00,1548565200,24.3,21.2,27.4,19.6,90.0,0.3,0.0,Philippines
Manila,PH,2019-01-28,12:00:00,1548651600,23.8,19.8,27.4,17.6,85.0,0.2,0.0,Philippines
Manila,PH,2019-01-29,12:00:00,1548738000,23.4,20.0,27.8,23.4,60.0,0.1,0.0,Philippines
Manila,PH,2019-01-30,12:00:00,1548824400,24.1,20.0,28.9,18.4,81.0,0.0,0.0,Philippines
Manila,PH,2019-01-31,12:00:00,1548910800,24.5,21.0,29.0,19.9,100.0,0.0,0.0,Philippines
Manila,PH,2019-02-01,12:00:00,1548997200,24.8,22.2,28.5,17.8,100.0,0.5,0.0,Philippines
Manila,PH,2019-02-02,12:00:00,1549083600,24.6,20.9,28.8,25.1,96.0,0.3,0.0,Philippines
Manila,PH,2019-02-03,12:00:00,1549170000,25.1,21.0,30.0,12.6,102.0,0.0,0.0,Philippines
Manila,PH,2019-02-04,12:00:00,1549256400,26.0,23.4,30.2,19.7,108.0,0.3,0.0,Philippines
Manila,PH,2019-02-05,12:00:00,1549342800,25.2,20.4,29.5,15.8,124.0,0.0,0.0,Philippines
Manila,PH,2019-02-06,12:00:00,1549429200,25.1,21.3,28.9,17.7,125.0,0.0,0.0,Philippines
Manila,PH,2019-02-07,12:00:00,1549515600,25.0,20.9,29.4,16.9,114.0,0.0,0.0,Philippines
Manila,PH,2019-02-08,12:00:00,1549602000,24.9,20.3,29.4,23.4,127.0,0.0,0.0,Philippines
Manila,PH,2019-02-09,12:00:00,1549688400,25.6,20.5,30.5,24.3,126.0,0.0,0.0,Philippines
Manila,PH,2019-02-10,12:00:00,1549774800,26.1,22.7,30.4,17.6,109.0,0.9,0.0,Philippines
Manila,PH,2019-02-11,12:00:00,1549861200,26.1,22.4,30.6,20.9,98.0,0.0,0.0,Philippines
Manila,PH,2019-02-12,12:00:00,1549947600,25.5,21.2,29.8,23.0,90.0,0.0,0.0,Philippines
Manila,PH,2019-02-13,12:00:00,1550034000,25.9,22.7,29.4,21.1,110.0,0.5,0.0,Philippines
Manila,PH,2019-02-14,12:00:00,1550120400,25.3,21.2,30.5,21.3,91.0,0.1,0.0,Philippines
Manila,PH,2019-02-15,12:00:00,1550206800,25.4,20.0,30.2,19.8,99.0,0.0,0.0,Philippines
Manila,PH,2019-02-16,12:00:00,1550293200,26.1,21.9,30.9,20.1,126.0,0.0,0.0,Philippines
Manila,PH,2019-02-17,12:00:00,1550379600,25.5,21.0,29.9,20.7,118.0,0.2,0.0,Philippines
Manila,PH,2019-02-18,12:00:00,1550466000,26.4,24.0,30.0,26.1,107.0,0.0,0.0,Philippines
Manila,PH,2019-02-19,12:00:00,1550552400,26.3,22.4,30.7,24.9,100.0,0.0,0.0,Philippines
Manila,PH,2019-02-20,12:00:00,1550638800,25.8,21.8,30.2,24.7,93.0,0.1,0.0,Philippines
Manila,PH,2019-02-21,12:00:00,1550725200,26.0,21.9,30.2,22.9,107.0,0.0,0.0,Philippines
Manila,PH,2019-02-22,12:00:00,1550811600,25.6,21.4,29.0,16.1,123.0,0.0,0.0,Philippines
Manila,PH,2019-02-23,12:00:00,1550898000,25.8,21.4,29.8,13.9,116.0,0.0,0.0,Philippines
Manila,PH,2019-02-24,12:00:00,1550984400,25.8,20.6,30.0,19.2,143.0,0.0,0.0,Philippines
Manila,PH,2019-02-25,12:00:00,1551070800,26.0,22.6,29.4,15.9,137.0,0.0,0.0,Philippines
Manila,PH,2019-02-26,12:00:00,1551157200,26.1,23.4,29.4,17.3,107.0,0.9,0.0,Philippines
Manila,PH,2019-02-27,12:00:00,1551243600,26.1,23.0,30.4,20.0,102.0,0.1,0.0,Philippines
Manila,PH,2019-02-28,12:00:00,1551330000,26.0,21.5,30.2,21.2,110.0,0.6,0.0,Philippines
Manila,PH,2019-03-01,12:00:00,1551416400,26.2,22.5,29.9,16.6,114.0,0.0,0.0,Philippines
Manila,PH,2019-03-02,12:00:00,1551502800,26.4,22.3,31.0,18.9,116.0,0.2,0.0,Philippines
Manila,PH,2019-03-03,12:00:00,1551589200,26.0,20.5,30.7,15.0,195.0,0.0,0.0,Philippines
Manila,PH,2019-03-04,12:00:00,1551675600,27.5,23.3,31.9,20.7,135.0,0.2,0.0,Philippines
Manila,PH,2019-03-05,12:00:00,1551762000,27.5,24.7,31.8,23.6,116.0,0.0,0.0,Philippines
Manila,PH,2019-03-06,12:00:00,1551848400,27.2,22.7,31.9,22.7,133.0,0.0,0.0,Philippines
Manila,PH,2019-03-07,12:00:00,1551934800,27.5,23.4,31.7,17.1,124.0,1.2,0.0,Philippines
Manila,PH,2019-03-08,12:00:00,1552021200,27.7,24.0,32.3,24.3,123.0,0.1,0.0,Philippines
Manila,PH,2019-03-09,12:00:00,1552107600,27.6,23.8,32.1,18.6,127.0,0.0,0.0,Philippines
Manila,PH,2019-03-10,12:00:00,1552194000,26.8,21.9,32.3,18.5,233.0,0.0,0.0,Philippines
Manila,PH,2019-03-11,12:00:00,1552280400,27.5,24.6,31.9,20.9,252.0,0.1,0.0,Philippines
Manila,PH,2019-03-12,12:00:00,1552366800,27.6,24.1,31.6,13.9,261.0,1.3,0.0,Philippines
Manila,PH,2019-03-13,12:00:00,1552453200,27.7,24.6,31.5,13.9,112.0,1.7,0.0,Philippines
Manila,PH,2019-03-14,12:00:00,1552539600,27.8,24.3,30.7,15.8,130.0,0.1,0.0,Philippines
Manila,PH,2019-03-15,12:00:00,1552626000,26.7,24.5,30.1,11.5,105.0,4.1,0.0,Philippines
Manila,PH,2019-03-16,12:00:00,1552712400,27.2,24.6,31.5,19.6,99.0,0.1,0.0,Philippines
Manila,PH,2019-03-17,12:00:00,1552798800,27.5,23.6,32.1,17.0,106.0,0.4,0.0,Philippines
Manila,PH,2019-03-18,12:00:00,1552885200,28.0,24.4,33.1,21.3,107.0,0.0,0.0,Philippines
Manila,PH,2019-03-19,12:00:00,1552971600,28.0,22.7,33.2,20.3,103.0,0.0,0.0,Philippines
Manila,PH,2019-03-20,12:00:00,1553058000,27.9,22.5,33.3,24.5,98.0,0.0,0.0,Philippines
Manila,PH,2019-03-21,12:00:00,1553144400,27.9,22.5,33.0,22.2,109.0,0.0,0.0,Philippines
Manila,PH,2019-03-22,12:00:00,1553230800,28.0,23.1,32.7,17.7,119.0,0.0,0.0,Philippines
Manila,PH,2019-03-23,12:00:00,1553317200,28.0,23.6,32.9,19.3,129.0,0.0,0.0,Philippines
Manila,PH,2019-03-24,12:00:00,1553403600,27.7,24.4,32.4,22.4,101.0,0.6,0.0,Philippines
Manila,PH,2019-03-25,12:00:00,1553490000,27.6,23.2,32.3,23.9,111.0,0.0,0.0,Philippines
Manila,PH,2019-03-26,12:00:00,1553576400,27.5,21.9,32.2,16.0,103.0,0.0,0.0,Philippines
Manila,PH,2019-03-27,12:00:00,1553662800,28.3,25.1,31.6,23.0,113.0,0.0,0.0,Philippines
Manila,PH,2019-03-28,12:00:00,1553749200,28.6,25.2,32.4,19.0,134.0,0.4,0.0,Philippines
Manila,PH,2019-03-29,12:00:00,1553835600,28.8,25.5,33.9,21.0,139.0,0.1,0.0,Philippines
Manila,PH,2019-03-30,12:00:00,1553922000,28.3,24.3,33.1,20.8,132.0,0.1,0.0,Philippines
Manila,PH,2019-03-31,12:00:00,1554008400,28.6,24.3,33.4,26.4,113.0,0.0,0.0,Philippines
Manila,PH,2019-04-01,12:00:00,1554094800,28.3,24.6,33.0,20.5,113.0,0.2,0.0,Philippines
Manila,PH,2019-04-02,12:00:00,1554181200,28.1,23.6,33.0,18.8,105.0,0.6,0.0,Philippines
Manila,PH,2019-04-03,12:00:00,1554267600,28.6,24.9,33.0,16.6,119.0,0.0,0.0,Philippines
Manila,PH,2019-04-04,12:00:00,1554354000,28.6,24.9,33.2,28.2,119.0,0.0,0.0,Philippines
Manila,PH,2019-04-05,12:00:00,1554440400,29.4,25.5,34.0,16.2,127.0,0.0,0.0,Philippines
Manila,PH,2019-04-06,12:00:00,1554526800,29.2,25.8,33.2,19.9,139.0,0.2,0.0,Philippines
Manila,PH,2019-04-07,12:00:00,1554613200,29.6,25.7,34.2,13.7,163.0,0.0,0.0,Philippines
Manila,PH,2019-04-08,12:00:00,1554699600,29.9,26.4,34.8,24.2,127.0,0.0,0.0,Philippines
Manila,PH,2019-04-09,12:00:00,1554786000,29.8,25.9,34.3,25.0,110.0,0.5,0.0,Philippines
Manila,PH,2019-04-10,12:00:00,1554872400,30.4,26.8,35.2,25.0,125.0,0.0,0.0,Philippines
Manila,PH,2019-04-11,12:00:00,1554958800,29.5,26.5,32.4,20.7,129.0,0.3,0.0,Philippines
Manila,PH,2019-04-12,12:00:00,1555045200,29.0,26.1,33.5,12.0,128.0,1.2,0.0,Philippines
Manila,PH,2019-04-13,12:00:00,1555131600,29.8,26.9,33.3,15.9,126.0,0.7,0.0,Philippines
Manila,PH,2019-04-14,12:00:00,1555218000,30.4,26.7,35.2,20.4,122.0,0.3,0.0,Philippines
Manila,PH,2019-04-15,12:00:00,1555304400,30.0,26.6,34.1,15.1,150.0,0.0,0.0,Philippines
Manila,PH,2019-04-16,12:00:00,1555390800,30.1,26.1,33.7,14.5,147.0,1.1,0.0,Philippines
Manila,PH,2019-04-17,12:00:00,1555477200,30.2,27.4,33.7,17.4,226.0,0.3,0.0,Philippines
Manila,PH,2019-04-18,12:00:00,1555563600,30.2,27.3,34.1,13.3,158.0,1.3,0.0,Philippines
Manila,PH,2019-04-19,12:00:00,1555650000,30.5,27.1,34.7,13.3,159.0,0.1,0.0,Philippines
Manila,PH,2019-04-20,12:00:00,1555736400,30.7,26.8,35.7,23.3,129.0,0.0,0.0,Philippines
Manila,PH,2019-04-21,12:00:00,1555822800,30.2,25.2,35.3,14.0,165.0,0.0,0.0,Philippines
Manila,PH,2019-04-22,12:00:00,1555909200,30.8,27.6,35.9,26.1,117.0,0.1,0.0,Philippines
Manila,PH,2019-04-23,12:00:00,1555995600,30.3,26.4,35.3,24.5,102.0,0.0,0.0,Philippines
Manila,PH,2019-04-24,12:00:00,1556082000,30.3,26.3,35.0,24.0,111.0,0.0,0.0,Philippines
Manila,PH,2019-04-25,12:00:00,1556168400,30.5,26.2,36.1,22.1,116.0,0.0,0.0,Philippines
Manila,PH,2019-04-26,12:00:00,1556254800,30.2,26.2,35.8,22.9,115.0,0.0,0.0,Philippines
Manila,PH,2019-04-27,12:00:00,1556341200,29.8,26.0,35.3,25.1,104.0,0.0,0.0,Philippines
Manila,PH,2019-04-28,12:00:00,1556427600,29.0,23.8,35.2,18.5,109.0,0.6,0.0,Philippines
Manila,PH,2019-04-29,12:00:00,1556514000,30.2,26.8,34.9,18.7,114.0,0.1,0.0,Philippines
Manila,PH,2019-04-30,12:00:00,1556600400,30.4,26.3,35.1,17.3,134.0,0.0,0.0,Philippines
Manila,PH,2019-05-01,12:00:00,1556686800,30.0,26.5,34.2,20.3,209.0,0.0,0.0,Philippines
Manila,PH,2019-05-02,12:00:00,1556773200,29.4,26.7,33.8,18.2,182.0,4.3,0.0,Philippines
Manila,PH,2019-05-03,12:00:00,1556859600,29.3,25.8,33.2,20.1,240.0,0.9,0.0,Philippines
Manila,PH,2019-05-04,12:00:00,1556946000,29.4,26.7,32.3,15.5,277.0,0.0,0.0,Philippines
Manila,PH,2019-05-05,12:00:00,1557032400,29.1,27.1,31.9,23.1,257.0,6.0,0.0,Philippines
Manila,PH,2019-05-06,12:00:00,1557118800,27.9,26.3,30.0,20.9,252.0,13.5,0.0,Philippines
Manila,PH,2019-05-07,12:00:00,1557205200,27.3,25.9,29.5,19.7,244.0,26.0,0.0,Philippines
Manila,PH,2019-05-08,12:00:00,1557291600,27.3,25.8,30.0,12.2,248.0,25.4,0.0,Philippines
Manila,PH,2019-05-09,12:00:00,1557378000,27.8,25.5,30.8,20.2,246.0,8.2,0.0,Philippines
Manila,PH,2019-05-10,12:00:00,1557464400,27.9,25.7,30.5,18.9,253.0,9.3,0.0,Philippines
Manila,PH,2019-05-11,12:00:00,1557550800,28.0,26.6,30.2,16.5,248.0,10.3,0.0,Philippines
Manila,PH,2019-05-12,12:00:00,1557637200,28.6,26.0,31.1,13.4,215.0,3.1,0.0,Philippines
Manila,PH,2019-05-13,12:00:00,1557723600,28.7,26.1,32.5,12.2,183.0,6.2,0.0,Philippines
Manila,PH,2019-05-14,12:00:00,1557810000,29.6,26.9,33.0,10.6,170.0,1.0,0.0,Philippines
Manila,PH,2019-05-15,12:00:00,1557896400,29.5,26.8,32.3,11.2,333.0,1.1,0.0,Philippines
Manila,PH,2019-05-16,12:00:00,1557982800,30.2,27.3,33.6,17.8,204.0,0.1,0.0,Philippines
Manila,PH,2019-05-17,12:00:00,1558069200,29.6,26.5,32.3,16.5,250.0,3.9,0.0,Philippines
Manila,PH,2019-05-18,12:00:00,1558155600,29.7,27.5,32.1,21.0,245.0,0.6,0.0,Philippines
Manila,PH,2019-05-19,12:00:00,1558242000,29.7,27.3,32.0,20.1,256.0,0.7,0.0,Philippines
Manila,PH,2019-05-20,12:00:00,1558328400,29.3,27.0,32.0,15.5,268.0,2.5,0.0,Philippines
Manila,PH,2019-05-21,12:00:00,1558414800,28.9,26.7,31.6,16.1,299.0,3.6,0.0,Philippines
Manila,PH,2019-05-22,12:00:00,1558501200,28.6,26.8,31.1,17.1,265.0,5.6,0.0,Philippines
Manila,PH,2019-05-23,12:00:00,1558587600,28.7,26.2,31.4,16.3,241.0,9.4,0.0,Philippines
Manila,PH,2019-05-24,12:00:00,1558674000,28.3,26.3,31.7,8.4,168.0,3.8,0.0,Philippines
Manila,PH,2019-05-25,12:00:00,1558760400,28.1,25.7,30.4,17.3,124.0,7.3,0.0,Philippines
Manila,PH,2019-05-26,12:00:00,1558846800,27.1,25.9,29.4,9.6,127.0,12.1,0.0,Philippines
Manila,PH,2019-05-27,12:00:00,1558933200,27.6,25.4,31.8,13.6,127.0,6.7,0.0,Philippines
Manila,PH,2019-05-28,12:00:00,1559019600,28.3,25.5,32.2,10.2,195.0,6.9,0.0,Philippines
Manila,PH,2019-05-29,12:00:00,1559106000,28.8,25.5,32.3,9.6,31.0,0.3,0.0,Philippines
Manila,PH,2019-05-30,12:00:00,1559192400,29.7,27.0,33.1,8.8,123.0,1.7,0.0,Philippines
Manila,PH,2019-05-31,12:00:00,1559278800,30.0,26.8,33.6,12.2,115.0,1.1,0.0,Philippines
Manila,PH,2019-06-01,12:00:00,1559365200,30.3,27.2,34.2,14.7,110.0,0.3,0.0,Philippines
Manila,PH,2019-06-02,12:00:00,1559451600,30.8,27.4,34.6,20.3,118.0,0.2,0.0,Philippines
Manila,PH,2019-06-03,12:00:00,1559538000,29.9,26.9,33.5,10.1,110.0,1.8,0.0,Philippines
Manila,PH,2019-06-04,12:00:00,1559624400,30.2,27.3,33.6,17.7,124.0,5.6,0.0,Philippines
Manila,PH,2019-06-05,12:00:00,1559710800,29.9,26.1,33.4,18.1,95.0,4.2,0.0,Philippines
Manila,PH,2019-06-06,12:00:00,1559797200,30.6,27.1,35.0,19.3,114.0,0.0,0.0,Philippines
Manila,PH,2019-06-07,12:00:00,1559883600,30.6,27.2,34.4,18.3,116.0,0.1,0.0,Philippines
Manila,PH,2019-06-08,12:00:00,1559970000,30.9,27.4,35.0,12.1,126.0,1.1,0.0,Philippines
Manila,PH,2019-06-09,12:00:00,1560056400,29.5,26.5,34.5,18.2,200.0,5.4,0.0,Philippines
Manila,PH,2019-06-10,12:00:00,1560142800,28.9,26.5,32.5,21.0,221.0,7.8,0.0,Philippines
Manila,PH,2019-06-11,12:00:00,1560229200,28.6,26.3,31.8,21.1,241.0,20.3,0.0,Philippines
Manila,PH,2019-06-12,12:00:00,1560315600,29.0,27.0,30.8,17.9,247.0,5.0,0.0,Philippines
Manila,PH,2019-06-13,12:00:00,1560402000,28.6,26.7,30.2,21.7,247.0,7.1,0.0,Philippines
Manila,PH,2019-06-14,12:00:00,1560488400,28.5,27.0,31.2,26.1,239.0,12.9,0.0,Philippines
Manila,PH,2019-06-15,12:00:00,1560574800,28.7,26.8,30.9,23.7,239.0,5.3,0.0,Philippines
Manila,PH,2019-06-16,12:00:00,1560661200,28.6,26.6,31.5,22.1,224.0,11.2,0.0,Philippines
Manila,PH,2019-06-17,12:00:00,1560747600,28.8,25.6,33.1,17.8,147.0,5.3,0.0,Philippines
Manila,PH,2019-06-18,12:00:00,1560834000,29.3,26.6,32.8,18.8,122.0,0.5,0.0,Philippines
Manila,PH,2019-06-19,12:00:00,1560920400,29.6,26.6,32.6,12.3,121.0,2.3,0.0,Philippines
Manila,PH,2019-06-20,12:00:00,1561006800,29.2,26.2,32.7,10.8,130.0,5.9,0.0,Philippines
Manila,PH,2019-06-21,12:00:00,1561093200,29.3,26.9,32.2,15.9,219.0,5.2,0.0,Philippines
Manila,PH,2019-06-22,12:00:00,1561179600,28.9,26.2,32.3,17.6,213.0,4.6,0.0,Philippines
Manila,PH,2019-06-23,12:00:00,1561266000,28.4,26.3,31.4,22.7,250.0,12.6,0.0,Philippines
Manila,PH,2019-06-24,12:00:00,1561352400,28.0,26.3,30.0,17.5,240.0,8.4,0.0,Philippines
Manila,PH,2019-06-25,12:00:00,1561438800,27.4,25.3,29.6,15.9,250.0,9.2,0.0,Philippines
Manila,PH,2019-06-26,12:00:00,1561525200,27.6,26.3,29.8,18.6,235.0,13.8,0.0,Philippines
Manila,PH,2019-06-27,12:00:00,1561611600,26.8,25.8,28.8,22.3,228.0,22.2,0.0,Philippines
Manila,PH,2019-06-28,12:00:00,1561698000,27.0,25.9,28.8,27.7,232.0,40.6,0.0,Philippines
Manila,PH,2019-06-29,12:00:00,1561784400,27.0,26.2,28.1,28.7,229.0,12.9,0.0,Philippines
Manila,PH,2019-06-30,12:00:00,1561870800,26.5,26.0,28.4,26.2,225.0,37.2,0.0,Philippines
Manila,PH,2019-07-01,12:00:00,1561957200,26.4,25.6,26.9,23.5,215.0,41.8,0.0,Philippines
Manila,PH,2019-07-02,12:00:00,1562043600,27.0,25.7,28.8,9.4,163.0,20.6,0.0,Philippines
Manila,PH,2019-07-03,12:00:00,1562130000,28.3,25.4,31.1,11.2,169.0,0.4,0.0,Philippines
Manila,PH,2019-07-04,12:00:00,1562216400,28.4,25.9,31.4,12.3,187.0,3.3,0.0,Philippines
Manila,PH,2019-07-05,12:00:00,1562302800,27.7,25.5,29.8,15.5,230.0,7.1,0.0,Philippines
Manila,PH,2019-07-06,12:00:00,1562389200,27.8,25.6,30.2,19.0,246.0,2.7,0.0,Philippines
Manila,PH,2019-07-07,12:00:00,1562475600,28.1,25.8,30.5,17.8,233.0,4.5,0.0,Philippines
Manila,PH,2019-07-08,12:00:00,1562562000,28.4,26.3,30.4,18.7,245.0,3.4,0.0,Philippines
Manila,PH,2019-07-09,12:00:00,1562648400,28.1,26.3,30.1,19.0,255.0,6.4,0.0,Philippines
Manila,PH,2019-07-10,12:00:00,1562734800,27.9,25.9,30.1,20.1,248.0,6.5,0.0,Philippines
Manila,PH,2019-07-11,12:00:00,1562821200,28.3,25.0,31.0,12.2,241.0,7.9,0.0,Philippines
Manila,PH,2019-07-12,12:00:00,1562907600,28.5,25.8,31.7,8.5,281.0,8.6,0.0,Philippines
Manila,PH,2019-07-13,12:00:00,1562994000,28.0,25.4,30.7,14.0,271.0,7.5,0.0,Philippines
Manila,PH,2019-07-14,12:00:00,1563080400,27.6,25.8,30.5,14.7,262.0,9.0,0.0,Philippines
Manila,PH,2019-07-15,12:00:00,1563166800,27.0,25.8,28.6,10.2,247.0,4.3,0.0,Philippines
Manila,PH,2019-07-16,12:00:00,1563253200,26.3,25.2,27.5,24.5,264.0,22.9,0.0,Philippines
Manila,PH,2019-07-17,12:00:00,1563339600,26.1,25.7,26.5,34.4,230.0,43.1,0.0,Philippines
Manila,PH,2019-07-18,12:00:00,1563426000,27.2,26.1,28.7,38.4,225.0,9.7,0.0,Philippines
Manila,PH,2019-07-19,12:00:00,1563512400,28.1,26.2,30.4,24.5,237.0,4.6,0.0,Philippines
Manila,PH,2019-07-20,12:00:00,1563598800,28.0,26.4,29.9,14.0,255.0,5.7,0.0,Philippines
Manila,PH,2019-07-21,12:00:00,1563685200,27.3,25.5,29.8,9.7,332.0,10.7,0.0,Philippines
Manila,PH,2019-07-22,12:00:00,1563771600,27.3,25.6,30.4,10.6,320.0,9.6,0.0,Philippines
Manila,PH,2019-07-23,12:00:00,1563858000,26.8,25.5,28.9,9.2,322.0,6.3,0.0,Philippines
Manila,PH,2019-07-24,12:00:00,1563944400,27.1,25.3,29.6,14.5,265.0,11.0,0.0,Philippines
Manila,PH,2019-07-25,12:00:00,1564030800,26.9,25.4,29.3,18.9,239.0,12.9,0.0,Philippines
Manila,PH,2019-07-26,12:00:00,1564117200,27.0,25.4,28.9,17.8,250.0,6.9,0.0,Philippines
Manila,PH,2019-07-27,12:00:00,1564203600,26.6,25.4,28.5,14.8,249.0,11.6,0.0,Philippines
Manila,PH,2019-07-28,12:00:00,1564290000,26.0,24.8,27.9,17.5,214.0,34.1,0.0,Philippines
Manila,PH,2019-07-29,12:00:00,1564376400,26.4,25.1,29.0,18.8,225.0,16.4,0.0,Philippines
Manila,PH,2019-07-30,12:00:00,1564462800,26.5,24.9,28.9,20.0,222.0,15.6,0.0,Philippines
Manila,PH,2019-07-31,12:00:00,1564549200,27.2,25.0,29.6,20.5,230.0,1.5,0.0,Philippines
Manila,PH,2019-08-01,12:00:00,1564635600,27.1,25.9,29.1,26.3,240.0,8.5,0.0,Philippines
Manila,PH,2019-08-02,12:00:00,1564722000,26.4,25.8,27.5,24.6,246.0,30.0,0.0,Philippines
Manila,PH,2019-08-03,12:00:00,1564808400,25.7,25.3,26.1,34.4,236.0,83.6,0.0,Philippines
Manila,PH,2019-08-04,12:00:00,1564894800,25.9,25.4,26.3,34.2,236.0,92.3,0.0,Philippines
Manila,PH,2019-08-05,12:00:00,1564981200,26.5,25.6,27.6,25.8,238.0,16.6,0.0,Philippines
Manila,PH,2019-08-06,12:00:00,1565067600,26.4,25.8,27.5,28.3,231.0,26.4,0.0,Philippines
Manila,PH,2019-08-07,12:00:00,1565154000,26.7,25.8,27.8,32.3,226.0,12.0,0.0,Philippines
Manila,PH,2019-08-08,12:00:00,1565240400,27.0,26.0,28.6,40.0,226.0,12.0,0.0,Philippines
Manila,PH,2019-08-09,12:00:00,1565326800,27.0,26.0,28.5,36.1,229.0,19.6,0.0,Philippines
Manila,PH,2019-08-10,12:00:00,1565413200,27.2,26.1,28.6,32.4,232.0,10.6,0.0,Philippines
Manila,PH,2019-08-11,12:00:00,1565499600,28.3,27.3,29.6,33.2,243.0,3.0,0.0,Philippines
Manila,PH,2019-08-12,12:00:00,1565586000,28.2,26.9,29.7,29.2,246.0,4.2,0.0,Philippines
Manila,PH,2019-08-13,12:00:00,1565672400,27.7,26.8,29.1,32.6,246.0,11.7,0.0,Philippines
Manila,PH,2019-08-14,12:00:00,1565758800,28.0,26.4,29.8,27.8,247.0,4.0,0.0,Philippines
Manila,PH,2019-08-15,12:00:00,1565845200,28.2,27.1,29.5,26.7,238.0,2.2,0.0,Philippines
Manila,PH,2019-08-16,12:00:00,1565931600,28.4,26.6,30.1,24.2,239.0,1.1,0.0,Philippines
Manila,PH,2019-08-17,12:00:00,1566018000,27.9,26.4,29.8,21.3,254.0,2.8,0.0,Philippines
Manila,PH,2019-08-18,12:00:00,1566104400,28.0,26.4,30.1,17.6,255.0,5.9,0.0,Philippines
Manila,PH,2019-08-19,12:00:00,1566190800,27.7,25.7,30.1,18.9,258.0,6.1,0.0,Philippines
Manila,PH,2019-08-20,12:00:00,1566277200,27.5,25.9,29.6,19.0,245.0,5.7,0.0,Philippines
Manila,PH,2019-08-21,12:00:00,1566363600,26.8,25.4,28.7,18.7,254.0,13.4,0.0,Philippines
Manila,PH,2019-08-22,12:00:00,1566450000,26.4,24.1,28.6,17.4,270.0,23.3,0.0,Philippines
Manila,PH,2019-08-23,12:00:00,1566536400,27.0,26.2,27.9,24.7,259.0,7.1,0.0,Philippines
Manila,PH,2019-08-24,12:00:00,1566622800,26.4,25.4,27.9,26.6,233.0,27.8,0.0,Philippines
Manila,PH,2019-08-25,12:00:00,1566709200,27.1,25.8,28.9,18.5,232.0,20.2,0.0,Philippines
Manila,PH,2019-08-26,12:00:00,1566795600,27.0,25.6,29.5,17.4,275.0,66.9,0.0,Philippines
Manila,PH,2019-08-27,12:00:00,1566882000,25.7,24.9,26.6,13.4,326.0,42.6,0.0,Philippines
Manila,PH,2019-08-28,12:00:00,1566968400,26.7,25.5,28.9,19.8,201.0,8.6,0.0,Philippines
Manila,PH,2019-08-29,12:00:00,1567054800,26.7,25.2,28.6,18.6,230.0,14.7,0.0,Philippines
Manila,PH,2019-08-30,12:00:00,1567141200,27.0,25.3,29.2,15.3,259.0,10.5,0.0,Philippines
Manila,PH,2019-08-31,12:00:00,1567227600,26.2,25.3,28.0,10.2,289.0,14.7,0.0,Philippines
Manila,PH,2019-09-01,12:00:00,1567314000,26.7,24.7,30.6,13.3,159.0,18.4,0.0,Philippines
Manila,PH,2019-09-02,12:00:00,1567400400,26.4,24.4,28.4,21.3,206.0,9.2,0.0,Philippines
Manila,PH,2019-09-03,12:00:00,1567486800,26.6,25.6,28.1,25.8,227.0,15.4,0.0,Philippines
Manila,PH,2019-09-04,12:00:00,1567573200,27.7,24.9,30.2,23.4,232.0,0.3,0.0,Philippines
Manila,PH,2019-09-05,12:00:00,1567659600,28.3,27.4,29.7,27.6,234.0,0.2,0.0,Philippines
Manila,PH,2019-09-06,12:00:00,1567746000,28.1,26.5,30.2,29.8,237.0,3.9,0.0,Philippines
Manila,PH,2019-09-07,12:00:00,1567832400,27.2,26.1,29.2,30.6,237.0,16.9,0.0,Philippines
Manila,PH,2019-09-08,12:00:00,1567918800,27.0,25.8,28.9,26.9,238.0,15.1,0.0,Philippines
Manila,PH,2019-09-09,12:00:00,1568005200,26.6,26.0,28.0,24.3,243.0,16.6,0.0,Philippines
Manila,PH,2019-09-10,12:00:00,1568091600,26.8,25.7,28.1,15.7,282.0,12.2,0.0,Philippines
Manila,PH,2019-09-11,12:00:00,1568178000,26.2,24.8,27.6,13.8,304.0,12.3,0.0,Philippines
Manila,PH,2019-09-12,12:00:00,1568264400,25.7,24.8,27.0,31.1,283.0,220.3,0.0,Philippines
Manila,PH,2019-09-13,12:00:00,1568350800,26.3,24.4,28.5,9.5,166.0,20.4,0.0,Philippines
Manila,PH,2019-09-14,12:00:00,1568437200,26.6,25.1,29.5,15.5,230.0,12.3,0.0,Philippines
Manila,PH,2019-09-15,12:00:00,1568523600,26.0,25.3,27.1,25.3,233.0,33.0,0.0,Philippines
Manila,PH,2019-09-16,12:00:00,1568610000,25.8,25.2,26.5,24.8,235.0,26.1,0.0,Philippines
Manila,PH,2019-09-17,12:00:00,1568696400,26.2,25.0,27.8,25.0,213.0,24.6,0.0,Philippines
Manila,PH,2019-09-18,12:00:00,1568782800,26.0,24.8,27.2,32.4,227.0,28.6,0.0,Philippines
Manila,PH,2019-09-19,12:00:00,1568869200,26.1,25.2,27.7,22.8,245.0,20.0,0.0,Philippines
Manila,PH,2019-09-20,12:00:00,1568955600,25.6,25.0,26.8,24.1,239.0,41.6,0.0,Philippines
Manila,PH,2019-09-21,12:00:00,1569042000,26.6,24.6,28.9,21.3,258.0,15.0,0.0,Philippines
Manila,PH,2019-09-22,12:00:00,1569128400,27.0,23.6,29.7,12.8,266.0,0.0,0.0,Philippines
Manila,PH,2019-09-23,12:00:00,1569214800,27.2,23.8,30.6,9.4,125.0,0.6,0.0,Philippines
Manila,PH,2019-09-24,12:00:00,1569301200,27.2,24.7,29.3,8.2,350.0,1.9,0.0,Philippines
Manila,PH,2019-09-25,12:00:00,1569387600,27.6,25.1,30.2,6.2,94.0,3.0,0.0,Philippines
Manila,PH,2019-09-26,12:00:00,1569474000,27.5,25.1,29.9,7.1,315.0,4.8,0.0,Philippines
Manila,PH,2019-09-27,12:00:00,1569560400,27.9,25.7,30.3,8.2,158.0,1.4,0.0,Philippines
Manila,PH,2019-09-28,12:00:00,1569646800,28.1,25.6,30.7,9.4,293.0,1.9,0.0,Philippines
Manila,PH,2019-09-29,12:00:00,1569733200,27.5,25.6,29.7,17.6,252.0,5.1,0.0,Philippines
Manila,PH,2019-09-30,12:00:00,1569819600,27.1,26.0,28.6,22.0,234.0,6.6,0.0,Philippines
Manila,PH,2019-10-01,12:00:00,1569906000,27.4,25.9,29.6,12.6,251.0,4.8,0.0,Philippines
Manila,PH,2019-10-02,12:00:00,1569992400,26.8,24.9,30.0,8.0,41.0,4.7,0.0,Philippines
Manila,PH,2019-10-03,12:00:00,1570078800,26.9,24.2,30.3,10.3,336.0,1.6,0.0,Philippines
Manila,PH,2019-10-04,12:00:00,1570165200,26.5,24.2,29.0,10.6,246.0,8.3,0.0,Philippines
Manila,PH,2019-10-05,12:00:00,1570251600,27.3,24.9,30.1,12.5,188.0,2.2,0.0,Philippines
Manila,PH,2019-10-06,12:00:00,1570338000,27.6,24.8,30.4,10.5,102.0,1.5,0.0,Philippines
Manila,PH,2019-10-07,12:00:00,1570424400,27.6,24.3,32.0,10.9,74.0,0.6,0.0,Philippines
Manila,PH,2019-10-08,12:00:00,1570510800,27.7,24.4,31.2,6.6,353.0,3.0,0.0,Philippines
Manila,PH,2019-10-09,12:00:00,1570597200,27.6,24.8,31.1,8.9,95.0,2.1,0.0,Philippines
Manila,PH,2019-10-10,12:00:00,1570683600,27.3,24.8,30.4,9.7,318.0,1.9,0.0,Philippines
Manila,PH,2019-10-11,12:00:00,1570770000,26.9,24.4,29.4,15.0,233.0,5.0,0.0,Philippines
Manila,PH,2019-10-12,12:00:00,1570856400,27.1,24.6,30.4,6.9,121.0,1.9,0.0,Philippines
Manila,PH,2019-10-13,12:00:00,1570942800,27.5,25.1,30.9,14.5,100.0,0.7,0.0,Philippines
Manila,PH,2019-10-14,12:00:00,1571029200,27.4,24.4,30.9,11.3,96.0,0.6,0.0,Philippines
Manila,PH,2019-10-15,12:00:00,1571115600,27.2,23.5,31.3,12.9,77.0,0.8,0.0,Philippines
Manila,PH,2019-10-16,12:00:00,1571202000,27.2,23.6,31.1,10.1,87.0,0.8,0.0,Philippines
Manila,PH,2019-10-17,12:00:00,1571288400,27.4,24.2,30.6,9.3,119.0,0.4,0.0,Philippines
Manila,PH,2019-10-18,12:00:00,1571374800,27.9,24.7,30.7,11.1,138.0,0.9,0.0,Philippines
Manila,PH,2019-10-19,12:00:00,1571461200,27.8,25.7,30.4,7.5,255.0,7.2,0.0,Philippines
Manila,PH,2019-10-20,12:00:00,1571547600,27.8,25.6,30.9,14.0,146.0,3.8,0.0,Philippines
Manila,PH,2019-10-21,12:00:00,1571634000,27.7,25.2,30.1,9.7,143.0,1.6,0.0,Philippines
Manila,PH,2019-10-22,12:00:00,1571720400,27.8,24.8,30.6,6.5,79.0,0.6,0.0,Philippines
Manila,PH,2019-10-23,12:00:00,1571806800,27.8,24.9,30.8,5.8,117.0,3.3,0.0,Philippines
Manila,PH,2019-10-24,12:00:00,1571893200,27.8,25.1,30.7,11.2,36.0,1.9,0.0,Philippines
Manila,PH,2019-10-25,12:00:00,1571979600,28.0,24.6,31.4,10.5,96.0,1.2,0.0,Philippines
Manila,PH,2019-10-26,12:00:00,1572066000,28.1,24.7,32.2,13.2,71.0,0.1,0.0,Philippines
Manila,PH,2019-10-27,12:00:00,1572152400,28.1,24.5,32.2,18.2,58.0,4.1,0.0,Philippines
Manila,PH,2019-10-28,12:00:00,1572238800,27.4,25.2,30.8,17.1,93.0,2.7,0.0,Philippines
Manila,PH,2019-10-29,12:00:00,1572325200,27.9,25.3,31.1,21.3,114.0,0.7,0.0,Philippines
Manila,PH,2019-10-30,12:00:00,1572411600,27.1,25.7,30.1,11.2,113.0,1.8,0.0,Philippines
Manila,PH,2019-10-31,12:00:00,1572498000,27.7,24.1,32.0,10.7,37.0,1.2,0.0,Philippines
Manila,PH,2019-11-01,12:00:00,1572584400,26.6,24.9,29.5,12.6,276.0,42.1,0.0,Philippines
Manila,PH,2019-11-02,12:00:00,1572670800,26.8,25.4,29.4,9.6,113.0,6.0,0.0,Philippines
Manila,PH,2019-11-03,12:00:00,1572757200,26.9,24.7,29.2,14.8,132.0,8.3,0.0,Philippines
Manila,PH,2019-11-04,12:00:00,1572843600,26.8,24.1,30.0,17.6,215.0,8.4,0.0,Philippines
Manila,PH,2019-11-05,12:00:00,1572930000,26.9,25.1,29.3,10.5,216.0,12.5,0.0,Philippines
Manila,PH,2019-11-06,12:00:00,1573016400,26.9,25.5,30.0,14.5,121.0,9.8,0.0,Philippines
Manila,PH,2019-11-07,12:00:00,1573102800,27.0,25.1,29.6,13.1,123.0,3.3,0.0,Philippines
Manila,PH,2019-11-08,12:00:00,1573189200,27.2,24.9,30.8,15.6,112.0,8.7,0.0,Philippines
Manila,PH,2019-11-09,12:00:00,1573275600,27.2,24.7,30.6,9.4,100.0,5.3,0.0,Philippines
Manila,PH,2019-11-10,12:00:00,1573362000,26.7,24.9,29.1,10.8,346.0,0.4,0.0,Philippines
Manila,PH,2019-11-11,12:00:00,1573448400,26.5,23.9,29.8,10.8,55.0,0.4,0.0,Philippines
Manila,PH,2019-11-12,12:00:00,1573534800,26.9,25.3,28.9,7.1,168.0,1.0,0.0,Philippines
Manila,PH,2019-11-13,12:00:00,1573621200,26.6,24.2,29.4,15.0,13.0,0.0,0.0,Philippines
Manila,PH,2019-11-14,12:00:00,1573707600,25.6,24.0,27.3,14.7,341.0,1.9,0.0,Philippines
Manila,PH,2019-11-15,12:00:00,1573794000,26.8,24.0,29.8,14.4,330.0,0.9,0.0,Philippines
Manila,PH,2019-11-16,12:00:00,1573880400,27.2,24.6,29.8,9.6,231.0,4.8,0.0,Philippines
Manila,PH,2019-11-17,12:00:00,1573966800,27.5,25.0,29.6,13.0,276.0,0.5,0.0,Philippines
Manila,PH,2019-11-18,12:00:00,1574053200,27.6,25.2,29.7,21.3,249.0,1.2,0.0,Philippines
Manila,PH,2019-11-19,12:00:00,1574139600,27.5,24.1,30.5,8.7,339.0,0.2,0.0,Philippines
Manila,PH,2019-11-20,12:00:00,1574226000,27.3,25.2,30.3,16.8,300.0,5.3,0.0,Philippines
Manila,PH,2019-11-21,12:00:00,1574312400,26.9,25.0,29.1,15.0,83.0,3.0,0.0,Philippines
Manila,PH,2019-11-22,12:00:00,1574398800,26.8,24.5,29.3,6.9,65.0,3.5,0.0,Philippines
Manila,PH,2019-11-23,12:00:00,1574485200,26.9,24.8,29.4,9.7,21.0,1.0,0.0,Philippines
Manila,PH,2019-11-24,12:00:00,1574571600,27.2,24.7,31.2,9.0,97.0,1.6,0.0,Philippines
Manila,PH,2019-11-25,12:00:00,1574658000,26.8,24.1,30.6,9.7,32.0,6.5,0.0,Philippines
Manila,PH,2019-11-26,12:00:00,1574744400,27.2,24.4,31.0,18.4,50.0,2.3,0.0,Philippines
Manila,PH,2019-11-27,12:00:00,1574830800,27.3,24.1,31.6,15.8,47.0,1.6,0.0,Philippines
Manila,PH,2019-11-28,12:00:00,1574917200,27.5,25.1,31.0,16.1,38.0,0.4,0.0,Philippines
Manila,PH,2019-11-29,12:00:00,1575003600,27.0,24.1,30.6,17.2,32.0,0.0,0.0,Philippines
Manila,PH,2019-11-30,12:00:00,1575090000,25.8,23.2,29.7,15.9,38.0,0.0,0.0,Philippines
Manila,PH,2019-12-01,12:00:00,1575176400,26.1,22.5,30.6,18.5,28.0,0.0,0.0,Philippines
Manila,PH,2019-12-02,12:00:00,1575262800,26.6,23.5,30.4,14.8,358.0,0.2,0.0,Philippines
Manila,PH,2019-12-03,12:00:00,1575349200,25.5,23.9,26.4,42.3,22.0,52.0,0.0,Philippines
Manila,PH,2019-12-04,12:00:00,1575435600,27.5,26.1,30.3,35.9,110.0,0.5,0.0,Philippines
Manila,PH,2019-12-05,12:00:00,1575522000,27.0,25.2,29.5,15.8,125.0,1.3,0.0,Philippines
Manila,PH,2019-12-06,12:00:00,1575608400,26.7,25.0,28.9,9.7,262.0,1.5,0.0,Philippines
Manila,PH,2019-12-07,12:00:00,1575694800,26.4,23.9,29.1,13.0,19.0,0.7,0.0,Philippines
Manila,PH,2019-12-08,12:00:00,1575781200,26.0,23.7,29.7,12.6,346.0,0.0,0.0,Philippines
Manila,PH,2019-12-09,12:00:00,1575867600,25.7,23.0,29.4,13.4,30.0,0.0,0.0,Philippines
Manila,PH,2019-12-10,12:00:00,1575954000,25.6,23.1,28.4,13.8,3.0,4.3,0.0,Philippines
Manila,PH,2019-12-11,12:00:00,1576040400,25.9,22.9,29.2,4.8,7.0,1.9,0.0,Philippines
Manila,PH,2019-12-12,12:00:00,1576126800,26.3,23.6,30.0,16.6,29.0,1.3,0.0,Philippines
Manila,PH,2019-12-13,12:00:00,1576213200,26.5,22.7,31.4,12.5,59.0,0.2,0.0,Philippines
Manila,PH,2019-12-14,12:00:00,1576299600,26.9,22.7,31.2,14.0,89.0,0.2,0.0,Philippines
Manila,PH,2019-12-15,12:00:00,1576386000,27.0,23.6,31.3,17.8,75.0,0.3,0.0,Philippines
Manila,PH,2019-12-16,12:00:00,1576472400,27.2,24.5,31.3,19.8,78.0,0.0,0.0,Philippines
Manila,PH,2019-12-17,12:00:00,1576558800,26.8,23.0,31.6,17.3,64.0,0.0,0.0,Philippines
Manila,PH,2019-12-18,12:00:00,1576645200,26.6,22.0,31.6,17.0,68.0,0.3,0.0,Philippines
Manila,PH,2019-12-19,12:00:00,1576731600,26.8,23.2,30.8,10.8,86.0,1.8,0.0,Philippines
Manila,PH,2019-12-20,12:00:00,1576818000,26.4,23.0,30.6,14.5,103.0,1.3,0.0,Philippines
Manila,PH,2019-12-21,12:00:00,1576904400,26.6,23.1,30.6,16.0,92.0,2.3,0.0,Philippines
Manila,PH,2019-12-22,12:00:00,1576990800,26.5,23.1,30.4,10.1,99.0,0.0,0.0,Philippines
Manila,PH,2019-12-23,12:00:00,1577077200,26.0,22.9,28.5,11.7,218.0,2.3,0.0,Philippines
Manila,PH,2019-12-24,12:00:00,1577163600,26.5,22.2,31.6,14.0,35.0,0.0,0.0,Philippines
Manila,PH,2019-12-25,12:00:00,1577250000,26.3,24.5,29.2,22.3,22.0,27.6,0.0,Philippines
Manila,PH,2019-12-26,12:00:00,1577336400,26.9,24.7,29.7,20.1,102.0,4.3,0.0,Philippines
Manila,PH,2019-12-27,12:00:00,1577422800,27.0,24.3,30.1,16.3,127.0,0.3,0.0,Philippines
Manila,PH,2019-12-28,12:00:00,1577509200,27.2,24.9,30.2,23.0,106.0,0.2,0.0,Philippines
Manila,PH,2019-12-29,12:00:00,1577595600,26.5,23.0,30.3,24.7,92.0,0.0,0.0,Philippines
Manila,PH,2019-12-30,12:00:00,1577682000,26.6,23.6,30.9,13.6,105.0,0.1,0.0,Philippines
Manila,PH,2019-12-31,12:00:00,1577768400,26.7,23.4,31.2,14.6,52.0,0.8,0.0,Philippines
Manila,PH,2020-01-01,12:00:00,1577854800,26.7,24.0,30.8,20.7,36.0,2.7,0.0,Philippines
Manila,PH,2020-01-02,12:00:00,1577941200,26.8,22.8,31.2,17.5,56.0,0.0,0.0,Philippines
Manila,PH,2020-01-03,12:00:00,1578027600,26.3,22.6,31.0,17.6,46.0,0.0,0.0,Philippines
Manila,PH,2020-01-04,12:00:00,1578114000,26.0,22.3,31.1,17.7,42.0,0.0,0.0,Philippines
Manila,PH,2020-01-05,12:00:00,1578200400,26.4,23.1,30.5,20.7,70.0,0.0,0.0,Philippines
Manila,PH,2020-01-06,12:00:00,1578286800,26.7,23.2,31.7,19.1,61.0,0.0,0.0,Philippines
Manila,PH,2020-01-07,12:00:00,1578373200,26.5,23.1,31.8,18.0,95.0,10.1,0.0,Philippines
Manila,PH,2020-01-08,12:00:00,1578459600,26.5,23.6,29.6,10.6,106.0,1.9,0.0,Philippines
Manila,PH,2020-01-09,12:00:00,1578546000,26.2,23.0,30.6,13.3,99.0,0.0,0.0,Philippines
Manila,PH,2020-01-10,12:00:00,1578632400,25.8,22.6,29.9,14.5,99.0,2.2,0.0,Philippines
Manila,PH,2020-01-11,12:00:00,1578718800,26.2,22.2,30.2,12.7,112.0,1.4,0.0,Philippines
Manila,PH,2020-01-12,12:00:00,1578805200,26.1,23.1,29.2,7.3,184.0,0.8,0.0,Philippines
Manila,PH,2020-01-13,12:00:00,1578891600,25.9,23.1,28.9,14.5,182.0,2.5,0.0,Philippines
Manila,PH,2020-01-14,12:00:00,1578978000,26.3,23.4,29.3,11.2,106.0,1.3,0.0,Philippines
Manila,PH,2020-01-15,12:00:00,1579064400,26.4,22.8,30.5,15.9,96.0,0.8,0.0,Philippines
Manila,PH,2020-01-16,12:00:00,1579150800,26.8,23.2,31.1,11.6,68.0,0.0,0.0,Philippines
Manila,PH,2020-01-17,12:00:00,1579237200,26.5,24.3,29.0,7.4,233.0,1.8,0.0,Philippines
Manila,PH,2020-01-18,12:00:00,1579323600,26.8,24.3,30.1,12.7,163.0,1.3,0.0,Philippines
Manila,PH,2020-01-19,12:00:00,1579410000,26.3,23.6,29.2,13.6,135.0,1.1,0.0,Philippines
Manila,PH,2020-01-20,12:00:00,1579496400,26.0,23.1,29.9,20.5,107.0,0.2,0.0,Philippines
Manila,PH,2020-01-21,12:00:00,1579582800,25.9,22.8,29.0,25.4,98.0,0.0,0.0,Philippines
Manila,PH,2020-01-22,12:00:00,1579669200,25.5,21.1,30.2,22.9,82.0,0.0,0.0,Philippines
Manila,PH,2020-01-23,12:00:00,1579755600,26.0,22.2,31.1,20.2,80.0,0.0,0.0,Philippines
Manila,PH,2020-01-24,12:00:00,1579842000,25.5,23.1,29.1,9.5,2.0,2.5,0.0,Philippines
Manila,PH,2020-01-25,12:00:00,1579928400,26.2,23.5,29.8,17.9,107.0,1.5,0.0,Philippines
Manila,PH,2020-01-26,12:00:00,1580014800,26.8,23.7,30.1,11.7,243.0,0.2,0.0,Philippines
Manila,PH,2020-01-27,12:00:00,1580101200,26.4,23.7,29.9,14.8,324.0,0.0,0.0,Philippines
Manila,PH,2020-01-28,12:00:00,1580187600,26.6,23.7,30.5,10.0,230.0,0.6,0.0,Philippines
Manila,PH,2020-01-29,12:00:00,1580274000,26.2,22.8,29.7,13.1,283.0,0.0,0.0,Philippines
Manila,PH,2020-01-30,12:00:00,1580360400,25.9,22.9,28.9,21.0,352.0,0.0,0.0,Philippines
Manila,PH,2020-01-31,12:00:00,1580446800,25.0,22.0,28.1,12.5,31.0,0.4,0.0,Philippines
Manila,PH,2020-02-01,12:00:00,1580533200,25.2,21.7,29.4,18.7,111.0,0.8,0.0,Philippines
Manila,PH,2020-02-02,12:00:00,1580619600,24.8,20.9,29.5,20.2,93.0,0.7,0.0,Philippines
Manila,PH,2020-02-03,12:00:00,1580706000,24.6,21.4,29.0,20.5,96.0,0.4,0.0,Philippines
Manila,PH,2020-02-04,12:00:00,1580792400,24.9,19.9,30.5,12.4,56.0,0.0,0.0,Philippines
Manila,PH,2020-02-05,12:00:00,1580878800,26.2,21.8,31.3,14.8,45.0,0.0,0.0,Philippines
Manila,PH,2020-02-06,12:00:00,1580965200,26.9,23.8,31.8,20.2,74.0,0.7,0.0,Philippines
Manila,PH,2020-02-07,12:00:00,1581051600,26.4,24.0,29.2,8.9,313.0,3.7,0.0,Philippines
Manila,PH,2020-02-08,12:00:00,1581138000,26.8,24.1,30.9,12.3,101.0,2.4,0.0,Philippines
Manila,PH,2020-02-09,12:00:00,1581224400,25.7,24.2,27.6,15.2,31.0,0.8,0.0,Philippines
Manila,PH,2020-02-10,12:00:00,1581310800,25.7,22.9,29.7,20.9,104.0,0.0,0.0,Philippines
Manila,PH,2020-02-11,12:00:00,1581397200,25.6,21.3,30.6,22.7,91.0,0.0,0.0,Philippines
Manila,PH,2020-02-12,12:00:00,1581483600,25.7,20.9,31.3,23.4,97.0,0.0,0.0,Philippines
Manila,PH,2020-02-13,12:00:00,1581570000,25.6,21.5,29.8,20.7,107.0,2.0,0.0,Philippines
Manila,PH,2020-02-14,12:00:00,1581656400,26.8,22.4,31.4,25.2,112.0,0.0,0.0,Philippines
Manila,PH,2020-02-15,12:00:00,1581742800,27.1,22.9,31.6,27.3,108.0,0.0,0.0,Philippines
Manila,PH,2020-02-16,12:00:00,1581829200,26.8,21.9,32.0,20.0,135.0,0.0,0.0,Philippines
Manila,PH,2020-02-17,12:00:00,1581915600,26.5,23.1,29.3,9.1,159.0,3.8,0.0,Philippines
Manila,PH,2020-02-18,12:00:00,1582002000,26.5,23.4,30.7,21.1,66.0,0.2,0.0,Philippines
Manila,PH,2020-02-19,12:00:00,1582088400,25.8,22.0,31.3,16.6,59.0,0.0,0.0,Philippines
Manila,PH,2020-02-20,12:00:00,1582174800,25.6,21.3,30.7,20.1,79.0,0.0,0.0,Philippines
Manila,PH,2020-02-21,12:00:00,1582261200,26.0,22.0,31.0,28.0,43.0,0.0,0.0,Philippines
Manila,PH,2020-02-22,12:00:00,1582347600,26.0,21.5,31.7,23.5,55.0,0.0,0.0,Philippines
Manila,PH,2020-02-23,12:00:00,1582434000,26.5,22.1,31.9,23.5,58.0,0.2,0.0,Philippines
Manila,PH,2020-02-24,12:00:00,1582520400,26.8,22.8,31.5,22.6,102.0,1.0,0.0,Philippines
Manila,PH,2020-02-25,12:00:00,1582606800,26.8,22.6,31.8,23.0,92.0,0.0,0.0,Philippines
Manila,PH,2020-02-26,12:00:00,1582693200,26.5,21.9,31.4,14.1,99.0,0.7,0.0,Philippines
Manila,PH,2020-02-27,12:00:00,1582779600,27.1,23.1,32.7,20.9,83.0,0.1,0.0,Philippines
Manila,PH,2020-02-28,12:00:00,1582866000,26.7,21.8,32.4,21.7,92.0,0.0,0.0,Philippines
Manila,PH,2020-02-29,12:00:00,1582952400,27.2,22.7,32.6,25.3,116.0,0.0,0.0,Philippines
Manila,PH,2020-03-01,12:00:00,1583038800,27.2,22.7,32.0,18.8,121.0,0.0,0.0,Philippines
Manila,PH,2020-03-02,12:00:00,1583125200,27.5,23.1,33.3,23.2,105.0,0.0,0.0,Philippines
Manila,PH,2020-03-03,12:00:00,1583211600,27.4,22.5,32.8,16.6,99.0,0.0,0.0,Philippines
Manila,PH,2020-03-04,12:00:00,1583298000,27.3,23.0,31.8,16.9,108.0,0.0,0.0,Philippines
Manila,PH,2020-03-05,12:00:00,1583384400,27.2,22.0,32.7,21.7,146.0,0.0,0.0,Philippines
Manila,PH,2020-03-06,12:00:00,1583470800,28.0,23.7,32.6,13.6,173.0,0.1,0.0,Philippines
Manila,PH,2020-03-07,12:00:00,1583557200,28.1,24.3,32.0,20.9,164.0,0.7,0.0,Philippines
Manila,PH,2020-03-08,12:00:00,1583643600,28.8,25.5,33.7,14.4,168.0,1.0,0.0,Philippines
Manila,PH,2020-03-09,12:00:00,1583730000,28.8,25.1,33.8,19.4,211.0,1.2,0.0,Philippines
Manila,PH,2020-03-10,12:00:00,1583816400,28.4,25.1,32.8,15.5,264.0,1.7,0.0,Philippines
Manila,PH,2020-03-11,12:00:00,1583902800,28.5,25.5,33.1,21.3,112.0,0.5,0.0,Philippines
Manila,PH,2020-03-12,12:00:00,1583989200,28.7,25.3,33.0,29.8,104.0,0.0,0.0,Philippines
Manila,PH,2020-03-13,12:00:00,1584075600,28.8,24.0,33.3,14.7,116.0,0.2,0.0,Philippines
Manila,PH,2020-03-14,12:00:00,1584162000,28.3,23.9,33.5,18.1,149.0,0.1,0.0,Philippines
Manila,PH,2020-03-15,12:00:00,1584248400,27.5,24.1,30.8,11.7,106.0,1.9,0.0,Philippines
Manila,PH,2020-03-16,12:00:00,1584334800,27.8,24.5,32.0,18.4,111.0,1.6,0.0,Philippines
Manila,PH,2020-03-17,12:00:00,1584421200,27.7,24.2,31.8,19.4,109.0,0.6,0.0,Philippines
Manila,PH,2020-03-18,12:00:00,1584507600,28.0,24.7,32.8,21.7,119.0,0.2,0.0,Philippines
Manila,PH,2020-03-19,12:00:00,1584594000,28.0,23.6,32.9,24.0,135.0,0.0,0.0,Philippines
Manila,PH,2020-03-20,12:00:00,1584680400,28.4,24.5,32.6,18.9,127.0,1.3,0.0,Philippines
Manila,PH,2020-03-21,12:00:00,1584766800,28.6,24.1,33.7,18.5,123.0,0.2,0.0,Philippines
Manila,PH,2020-03-22,12:00:00,1584853200,29.0,25.0,33.8,18.5,126.0,0.6,0.0,Philippines
Manila,PH,2020-03-23,12:00:00,1584939600,29.1,24.7,34.5,20.4,118.0,0.0,0.0,Philippines
Manila,PH,2020-03-24,12:00:00,1585026000,28.3,23.0,33.3,20.0,114.0,0.4,0.0,Philippines
Manila,PH,2020-03-25,12:00:00,1585112400,28.7,24.8,33.7,25.9,98.0,0.0,0.0,Philippines
Manila,PH,2020-03-26,12:00:00,1585198800,28.7,23.3,34.5,24.9,107.0,0.0,0.0,Philippines
Manila,PH,2020-03-27,12:00:00,1585285200,28.6,24.2,34.1,24.2,109.0,0.7,0.0,Philippines
Manila,PH,2020-03-28,12:00:00,1585371600,29.5,25.2,34.6,20.4,122.0,0.0,0.0,Philippines
Manila,PH,2020-03-29,12:00:00,1585458000,29.4,25.3,34.5,25.7,121.0,0.4,0.0,Philippines
Manila,PH,2020-03-30,12:00:00,1585544400,29.3,25.6,33.8,18.3,111.0,2.4,0.0,Philippines
Manila,PH,2020-03-31,12:00:00,1585630800,29.5,25.0,35.3,19.1,120.0,0.0,0.0,Philippines
Manila,PH,2020-04-01,12:00:00,1585717200,29.4,24.6,34.8,19.5,121.0,0.6,0.0,Philippines
Manila,PH,2020-04-02,12:00:00,1585803600,29.4,26.0,33.9,25.5,107.0,0.9,0.0,Philippines
Manila,PH,2020-04-03,12:00:00,1585890000,29.0,23.6,35.3,20.3,102.0,0.0,0.0,Philippines
Manila,PH,2020-04-04,12:00:00,1585976400,29.1,24.3,34.4,19.3,119.0,0.0,0.0,Philippines
Manila,PH,2020-04-05,12:00:00,1586062800,29.1,25.0,34.4,24.0,115.0,0.0,0.0,Philippines
Manila,PH,2020-04-06,12:00:00,1586149200,28.7,23.7,34.3,24.6,119.0,0.4,0.0,Philippines
Manila,PH,2020-04-07,12:00:00,1586235600,29.2,25.4,33.5,18.8,196.0,0.8,0.0,Philippines
Manila,PH,2020-04-08,12:00:00,1586322000,29.3,26.1,33.4,10.6,131.0,2.0,0.0,Philippines
Manila,PH,2020-04-09,12:00:00,1586408400,28.7,26.2,31.7,12.1,127.0,2.1,0.0,Philippines
Manila,PH,2020-04-10,12:00:00,1586494800,29.2,25.6,33.6,16.6,119.0,0.6,0.0,Philippines
Manila,PH,2020-04-11,12:00:00,1586581200,29.2,25.5,33.3,17.9,118.0,0.0,0.0,Philippines
Manila,PH,2020-04-12,12:00:00,1586667600,28.8,26.2,31.9,15.6,270.0,3.9,0.0,Philippines
Manila,PH,2020-04-13,12:00:00,1586754000,28.0,25.5,32.4,9.1,66.0,8.1,0.0,Philippines
Manila,PH,2020-04-14,12:00:00,1586840400,27.8,25.7,31.6,21.4,113.0,2.3,0.0,Philippines
Manila,PH,2020-04-15,12:00:00,1586926800,28.4,25.2,32.3,13.3,137.0,3.1,0.0,Philippines
Manila,PH,2020-04-16,12:00:00,1587013200,28.2,24.9,32.8,12.0,136.0,4.0,0.0,Philippines
Manila,PH,2020-04-17,12:00:00,1587099600,29.0,25.7,33.7,14.1,119.0,1.3,0.0,Philippines
Manila,PH,2020-04-18,12:00:00,1587186000,29.2,26.2,34.3,14.7,121.0,1.1,0.0,Philippines
Manila,PH,2020-04-19,12:00:00,1587272400,30.2,26.6,35.1,23.6,118.0,0.0,0.0,Philippines
Manila,PH,2020-04-20,12:00:00,1587358800,30.0,25.9,34.7,15.6,119.0,2.2,0.0,Philippines
Manila,PH,2020-04-21,12:00:00,1587445200,30.3,26.3,35.8,25.9,128.0,0.0,0.0,Philippines
Manila,PH,2020-04-22,12:00:00,1587531600,30.6,26.8,35.1,19.8,124.0,0.0,0.0,Philippines
Manila,PH,2020-04-23,12:00:00,1587618000,30.5,26.3,35.3,18.2,131.0,0.1,0.0,Philippines
Manila,PH,2020-04-24,12:00:00,1587704400,30.8,26.6,36.1,22.5,112.0,0.0,0.0,Philippines
Manila,PH,2020-04-25,12:00:00,1587790800,30.2,26.5,35.6,17.6,112.0,0.4,0.0,Philippines
Manila,PH,2020-04-26,12:00:00,1587877200,30.3,26.8,35.6,14.3,118.0,0.1,0.0,Philippines
Manila,PH,2020-04-27,12:00:00,1587963600,30.0,26.4,34.6,18.8,110.0,1.9,0.0,Philippines
Manila,PH,2020-04-28,12:00:00,1588050000,30.0,25.3,36.2,23.2,116.0,0.0,0.0,Philippines
Manila,PH,2020-04-29,12:00:00,1588136400,29.7,25.5,34.4,14.9,115.0,0.0,0.0,Philippines
Manila,PH,2020-04-30,12:00:00,1588222800,30.1,26.6,35.3,21.4,116.0,0.0,0.0,Philippines
Manila,PH,2020-05-01,12:00:00,1588309200,30.2,26.1,35.3,18.0,118.0,0.4,0.0,Philippines
Manila,PH,2020-05-02,12:00:00,1588395600,30.5,26.2,35.6,18.8,129.0,0.3,0.0,Philippines
Manila,PH,2020-05-03,12:00:00,1588482000,30.0,27.4,33.6,15.9,121.0,1.4,0.0,Philippines
Manila,PH,2020-05-04,12:00:00,1588568400,31.5,27.7,36.3,20.8,123.0,0.9,0.0,Philippines
Manila,PH,2020-05-05,12:00:00,1588654800,31.7,28.1,37.0,25.2,123.0,0.2,0.0,Philippines
Manila,PH,2020-05-06,12:00:00,1588741200,31.0,27.7,35.4,19.7,201.0,2.6,0.0,Philippines
Manila,PH,2020-05-07,12:00:00,1588827600,30.6,26.9,34.1,17.3,219.0,2.8,0.0,Philippines
Manila,PH,2020-05-08,12:00:00,1588914000,31.7,28.1,35.9,16.8,147.0,0.1,0.0,Philippines
Manila,PH,2020-05-09,12:00:00,1589000400,30.8,27.7,35.8,18.7,126.0,1.3,0.0,Philippines
Manila,PH,2020-05-10,12:00:00,1589086800,30.2,27.5,35.1,7.7,60.0,2.7,0.0,Philippines
Manila,PH,2020-05-11,12:00:00,1589173200,30.9,26.8,35.5,13.8,117.0,1.0,0.0,Philippines
Manila,PH,2020-05-12,12:00:00,1589259600,30.7,27.1,35.5,16.3,135.0,1.3,0.0,Philippines
Manila,PH,2020-05-13,12:00:00,1589346000,29.9,26.6,34.4,12.2,157.0,6.1,0.0,Philippines
Manila,PH,2020-05-14,12:00:00,1589432400,30.0,26.7,34.3,12.2,151.0,11.5,0.0,Philippines
Manila,PH,2020-05-15,12:00:00,1589518800,27.0,26.0,28.2,71.2,337.0,136.3,0.0,Philippines
Manila,PH,2020-05-16,12:00:00,1589605200,27.8,25.9,30.7,18.4,140.0,10.0,0.0,Philippines
Manila,PH,2020-05-17,12:00:00,1589691600,28.8,26.8,32.5,12.8,150.0,5.6,0.0,Philippines
Manila,PH,2020-05-18,12:00:00,1589778000,29.0,26.3,32.1,12.3,183.0,3.2,0.0,Philippines
Manila,PH,2020-05-19,12:00:00,1589864400,28.8,27.0,31.6,11.3,199.0,12.4,0.0,Philippines
Manila,PH,2020-05-20,12:00:00,1589950800,29.4,26.8,32.8,10.6,156.0,7.1,0.0,Philippines
Manila,PH,2020-05-21,12:00:00,1590037200,29.3,27.3,33.0,13.5,166.0,3.2,0.0,Philippines
Manila,PH,2020-05-22,12:00:00,1590123600,29.5,27.3,31.9,14.8,205.0,3.1,0.0,Philippines
Manila,PH,2020-05-23,12:00:00,1590210000,28.5,26.7,30.8,20.9,234.0,19.1,0.0,Philippines
Manila,PH,2020-05-24,12:00:00,1590296400,28.9,25.7,32.6,16.6,261.0,2.0,0.0,Philippines
Manila,PH,2020-05-25,12:00:00,1590382800,29.1,26.1,32.1,9.0,323.0,0.0,0.0,Philippines
Manila,PH,2020-05-26,12:00:00,1590469200,29.6,27.4,32.2,6.1,256.0,1.9,0.0,Philippines
Manila,PH,2020-05-27,12:00:00,1590555600,29.2,27.4,32.6,11.5,153.0,11.7,0.0,Philippines
Manila,PH,2020-05-28,12:00:00,1590642000,28.5,26.2,32.2,14.7,138.0,4.8,0.0,Philippines
Manila,PH,2020-05-29,12:00:00,1590728400,28.6,25.4,32.6,13.0,118.0,2.9,0.0,Philippines
Manila,PH,2020-05-30,12:00:00,1590814800,28.8,25.8,32.3,11.5,95.0,2.7,0.0,Philippines
Manila,PH,2020-05-31,12:00:00,1590901200,29.6,26.5,33.5,17.0,114.0,0.0,0.0,Philippines
Manila,PH,2020-06-01,12:00:00,1590987600,29.1,25.6,32.5,9.4,103.0,0.3,0.0,Philippines
Manila,PH,2020-06-02,12:00:00,1591074000,29.5,26.6,33.1,15.5,181.0,0.8,0.0,Philippines
Manila,PH,2020-06-03,12:00:00,1591160400,29.7,26.6,32.9,11.3,237.0,2.2,0.0,Philippines
Manila,PH,2020-06-04,12:00:00,1591246800,30.1,27.5,33.1,10.5,245.0,2.7,0.0,Philippines
Manila,PH,2020-06-05,12:00:00,1591333200,30.4,26.9,33.8,8.7,170.0,1.5,0.0,Philippines
Manila,PH,2020-06-06,12:00:00,1591419600,30.8,27.1,35.0,13.1,117.0,0.3,0.0,Philippines
Manila,PH,2020-06-07,12:00:00,1591506000,29.8,26.1,33.9,14.7,172.0,4.4,0.0,Philippines
Manila,PH,2020-06-08,12:00:00,1591592400,29.3,25.8,33.4,17.1,122.0,1.3,0.0,Philippines
Manila,PH,2020-06-09,12:00:00,1591678800,30.1,26.6,34.0,18.8,113.0,1.6,0.0,Philippines
Manila,PH,2020-06-10,12:00:00,1591765200,28.6,25.8,32.5,9.7,266.0,11.5,0.0,Philippines
Manila,PH,2020-06-11,12:00:00,1591851600,27.2,25.5,29.6,12.3,330.0,37.9,0.0,Philippines
Manila,PH,2020-06-12,12:00:00,1591938000,26.4,25.2,27.5,18.9,197.0,32.0,0.0,Philippines
Manila,PH,2020-06-13,12:00:00,1592024400,27.8,25.9,30.8,16.3,135.0,7.2,0.0,Philippines
Manila,PH,2020-06-14,12:00:00,1592110800,28.4,25.3,31.8,18.4,107.0,6.3,0.0,Philippines
Manila,PH,2020-06-15,12:00:00,1592197200,27.6,25.9,30.2,9.4,74.0,6.3,0.0,Philippines
Manila,PH,2020-06-16,12:00:00,1592283600,28.9,26.3,31.7,9.5,115.0,2.1,0.0,Philippines
Manila,PH,2020-06-17,12:00:00,1592370000,28.9,25.7,32.3,10.2,158.0,0.8,0.0,Philippines
Manila,PH,2020-06-18,12:00:00,1592456400,28.8,26.1,32.2,11.4,63.0,6.3,0.0,Philippines
Manila,PH,2020-06-19,12:00:00,1592542800,27.3,25.2,29.7,8.3,185.0,11.7,0.0,Philippines
Manila,PH,2020-06-20,12:00:00,1592629200,27.6,25.1,30.5,12.3,179.0,3.9,0.0,Philippines
Manila,PH,2020-06-21,12:00:00,1592715600,28.7,26.1,31.9,10.0,223.0,1.1,0.0,Philippines
Manila,PH,2020-06-22,12:00:00,1592802000,29.3,26.4,32.6,11.0,140.0,1.1,0.0,Philippines
Manila,PH,2020-06-23,12:00:00,1592888400,28.7,26.0,32.4,11.3,167.0,7.7,0.0,Philippines
Manila,PH,2020-06-24,12:00:00,1592974800,29.3,26.9,32.6,14.7,140.0,1.6,0.0,Philippines
Manila,PH,2020-06-25,12:00:00,1593061200,28.7,26.6,32.4,15.0,123.0,5.3,0.0,Philippines
Manila,PH,2020-06-26,12:00:00,1593147600,28.5,25.5,31.9,19.5,99.0,1.4,0.0,Philippines
Manila,PH,2020-06-27,12:00:00,1593234000,28.6,26.1,31.8,19.6,119.0,5.4,0.0,Philippines
Manila,PH,2020-06-28,12:00:00,1593320400,26.9,25.4,28.8,10.5,137.0,16.3,0.0,Philippines
Manila,PH,2020-06-29,12:00:00,1593406800,28.0,25.9,30.3,26.6,213.0,7.2,0.0,Philippines
Manila,PH,2020-06-30,12:00:00,1593493200,28.0,25.7,30.7,21.0,236.0,10.5,0.0,Philippines
Manila,PH,2020-07-01,12:00:00,1593579600,28.8,25.6,31.7,15.6,219.0,0.0,0.0,Philippines
Manila,PH,2020-07-02,12:00:00,1593666000,28.8,25.7,31.6,8.6,118.0,1.1,0.0,Philippines
Manila,PH,2020-07-03,12:00:00,1593752400,28.9,25.4,32.7,15.8,108.0,4.1,0.0,Philippines
Manila,PH,2020-07-04,12:00:00,1593838800,27.5,25.3,31.0,14.9,132.0,10.6,0.0,Philippines
Manila,PH,2020-07-05,12:00:00,1593925200,27.9,25.6,30.1,9.5,155.0,8.3,0.0,Philippines
Manila,PH,2020-07-06,12:00:00,1594011600,27.9,25.3,31.6,12.8,119.0,14.8,0.0,Philippines
Manila,PH,2020-07-07,12:00:00,1594098000,29.3,25.8,33.1,13.0,106.0,0.9,0.0,Philippines
Manila,PH,2020-07-08,12:00:00,1594184400,29.0,25.9,32.6,11.8,89.0,3.7,0.0,Philippines
Manila,PH,2020-07-09,12:00:00,1594270800,29.0,26.1,32.8,12.2,124.0,13.3,0.0,Philippines
Manila,PH,2020-07-10,12:00:00,1594357200,28.3,25.8,32.6,11.0,168.0,21.2,0.0,Philippines
Manila,PH,2020-07-11,12:00:00,1594443600,27.5,24.9,31.5,9.7,169.0,13.1,0.0,Philippines
Manila,PH,2020-07-12,12:00:00,1594530000,28.0,25.2,31.1,10.5,271.0,2.9,0.0,Philippines
Manila,PH,2020-07-13,12:00:00,1594616400,27.0,26.1,27.7,12.1,271.0,21.4,0.0,Philippines
Manila,PH,2020-07-14,12:00:00,1594702800,28.7,25.8,31.3,10.3,224.0,1.1,0.0,Philippines
Manila,PH,2020-07-15,12:00:00,1594789200,29.0,26.1,32.1,8.9,129.0,3.7,0.0,Philippines
Manila,PH,2020-07-16,12:00:00,1594875600,29.0,25.6,32.0,18.7,103.0,0.9,0.0,Philippines
Manila,PH,2020-07-17,12:00:00,1594962000,29.3,26.2,32.6,15.3,130.0,4.2,0.0,Philippines
Manila,PH,2020-07-18,12:00:00,1595048400,29.0,25.3,33.4,18.8,109.0,1.1,0.0,Philippines
Manila,PH,2020-07-19,12:00:00,1595134800,28.7,25.6,31.9,16.1,110.0,1.3,0.0,Philippines
Manila,PH,2020-07-20,12:00:00,1595221200,27.9,26.2,30.7,17.9,113.0,3.6,0.0,Philippines
Manila,PH,2020-07-21,12:00:00,1595307600,28.2,25.2,31.4,10.2,110.0,13.4,0.0,Philippines
Manila,PH,2020-07-22,12:00:00,1595394000,28.5,25.5,32.0,12.5,104.0,0.7,0.0,Philippines
Manila,PH,2020-07-23,12:00:00,1595480400,29.2,26.4,33.1,11.0,103.0,0.9,0.0,Philippines
Manila,PH,2020-07-24,12:00:00,1595566800,28.3,25.5,31.6,12.5,127.0,8.9,0.0,Philippines
Manila,PH,2020-07-25,12:00:00,1595653200,28.0,25.9,31.7,13.3,197.0,7.7,0.0,Philippines
Manila,PH,2020-07-26,12:00:00,1595739600,28.3,25.7,32.0,8.3,14.0,10.7,0.0,Philippines
Manila,PH,2020-07-27,12:00:00,1595826000,27.8,25.3,31.8,8.7,22.0,19.0,0.0,Philippines
Manila,PH,2020-07-28,12:00:00,1595912400,27.0,24.9,29.5,11.1,358.0,7.2,0.0,Philippines
Manila,PH,2020-07-29,12:00:00,1595998800,26.5,25.1,28.1,11.0,34.0,39.5,0.0,Philippines
Manila,PH,2020-07-30,12:00:00,1596085200,26.4,25.1,28.3,13.2,162.0,79.0,0.0,Philippines
Manila,PH,2020-07-31,12:00:00,1596171600,27.2,26.1,29.0,11.0,142.0,12.3,0.0,Philippines
Manila,PH,2020-08-01,12:00:00,1596258000,27.2,26.0,29.6,11.8,142.0,9.7,0.0,Philippines
Manila,PH,2020-08-02,12:00:00,1596344400,26.6,25.9,27.3,9.1,173.0,6.1,0.0,Philippines
Manila,PH,2020-08-03,12:00:00,1596430800,28.0,24.2,31.2,12.0,144.0,0.7,0.0,Philippines
Manila,PH,2020-08-04,12:00:00,1596517200,28.3,25.6,31.6,11.4,125.0,1.8,0.0,Philippines
Manila,PH,2020-08-05,12:00:00,1596603600,28.2,25.5,31.7,19.1,110.0,2.2,0.0,Philippines
Manila,PH,2020-08-06,12:00:00,1596690000,27.6,25.6,30.5,13.0,112.0,4.1,0.0,Philippines
Manila,PH,2020-08-07,12:00:00,1596776400,26.9,25.4,29.4,12.3,239.0,18.2,0.0,Philippines
Manila,PH,2020-08-08,12:00:00,1596862800,26.6,25.7,27.7,15.2,208.0,24.4,0.0,Philippines
Manila,PH,2020-08-09,12:00:00,1596949200,26.8,26.0,28.7,19.8,198.0,19.6,0.0,Philippines
Manila,PH,2020-08-10,12:00:00,1597035600,27.8,25.9,30.4,14.5,215.0,3.1,0.0,Philippines
Manila,PH,2020-08-11,12:00:00,1597122000,27.7,25.1,31.2,16.1,116.0,0.5,0.0,Philippines
Manila,PH,2020-08-12,12:00:00,1597208400,27.7,25.7,30.0,8.2,108.0,0.7,0.0,Philippines
Manila,PH,2020-08-13,12:00:00,1597294800,27.3,25.3,30.3,7.9,264.0,11.9,0.0,Philippines
Manila,PH,2020-08-14,12:00:00,1597381200,26.6,25.0,28.8,9.0,290.0,14.9,0.0,Philippines
Manila,PH,2020-08-15,12:00:00,1597467600,26.7,24.7,29.3,10.0,249.0,10.2,0.0,Philippines
Manila,PH,2020-08-16,12:00:00,1597554000,27.3,25.3,29.5,6.7,357.0,7.5,0.0,Philippines
Manila,PH,2020-08-17,12:00:00,1597640400,27.4,25.6,29.7,12.9,223.0,4.4,0.0,Philippines
Manila,PH,2020-08-18,12:00:00,1597726800,27.1,25.5,30.0,11.2,209.0,18.9,0.0,Philippines
Manila,PH,2020-08-19,12:00:00,1597813200,26.7,24.9,29.0,14.0,243.0,39.9,0.0,Philippines
Manila,PH,2020-08-20,12:00:00,1597899600,26.2,24.8,27.5,9.2,234.0,55.1,0.0,Philippines
Manila,PH,2020-08-21,12:00:00,1597986000,27.3,25.8,29.1,20.4,235.0,4.1,0.0,Philippines
Manila,PH,2020-08-22,12:00:00,1598072400,27.7,25.3,30.0,14.2,246.0,8.7,0.0,Philippines
Manila,PH,2020-08-23,12:00:00,1598158800,28.2,25.8,30.4,14.7,247.0,0.7,0.0,Philippines
Manila,PH,2020-08-24,12:00:00,1598245200,28.5,26.2,30.6,21.1,242.0,0.9,0.0,Philippines
Manila,PH,2020-08-25,12:00:00,1598331600,28.7,26.4,31.0,22.0,239.0,1.3,0.0,Philippines
Manila,PH,2020-08-26,12:00:00,1598418000,28.7,27.3,30.7,25.7,245.0,2.8,0.0,Philippines
Manila,PH,2020-08-27,12:00:00,1598504400,28.5,25.3,30.8,19.7,255.0,0.3,0.0,Philippines
Manila,PH,2020-08-28,12:00:00,1598590800,28.5,26.6,30.6,19.3,251.0,0.9,0.0,Philippines
Manila,PH,2020-08-29,12:00:00,1598677200,28.6,27.8,29.7,16.1,276.0,1.2,0.0,Philippines
Manila,PH,2020-08-30,12:00:00,1598763600,27.5,26.4,28.6,18.1,269.0,15.4,0.0,Philippines
Manila,PH,2020-08-31,12:00:00,1598850000,27.3,25.8,29.6,20.7,249.0,10.7,0.0,Philippines
Manila,PH,2020-09-01,12:00:00,1598936400,27.6,25.6,29.8,22.4,237.0,7.1,0.0,Philippines
Manila,PH,2020-09-02,12:00:00,1599022800,28.0,25.7,30.0,18.4,240.0,2.0,0.0,Philippines
Manila,PH,2020-09-03,12:00:00,1599109200,28.4,25.8,31.5,12.3,291.0,2.6,0.0,Philippines
Manila,PH,2020-09-04,12:00:00,1599195600,28.6,26.1,31.5,10.4,308.0,1.5,0.0,Philippines
Manila,PH,2020-09-05,12:00:00,1599282000,28.5,26.0,31.1,12.6,287.0,5.8,0.0,Philippines
Manila,PH,2020-09-06,12:00:00,1599368400,28.2,26.4,30.3,13.0,268.0,5.4,0.0,Philippines
Manila,PH,2020-09-07,12:00:00,1599454800,27.9,25.8,31.1,10.8,264.0,7.2,0.0,Philippines
Manila,PH,2020-09-08,12:00:00,1599541200,28.2,25.3,31.6,11.7,83.0,1.8,0.0,Philippines
Manila,PH,2020-09-09,12:00:00,1599627600,27.9,25.3,30.9,9.7,344.0,2.3,0.0,Philippines
Manila,PH,2020-09-10,12:00:00,1599714000,28.0,25.6,31.0,9.2,269.0,4.4,0.0,Philippines
Manila,PH,2020-09-11,12:00:00,1599800400,27.9,25.2,31.3,8.0,96.0,8.4,0.0,Philippines
Manila,PH,2020-09-12,12:00:00,1599886800,27.3,25.2,29.1,11.8,106.0,3.5,0.0,Philippines
Manila,PH,2020-09-13,12:00:00,1599973200,28.4,25.2,31.3,12.2,20.0,0.8,0.0,Philippines
Manila,PH,2020-09-14,12:00:00,1600059600,28.2,26.4,30.9,7.9,38.0,4.1,0.0,Philippines
Manila,PH,2020-09-15,12:00:00,1600146000,27.0,26.1,28.7,12.1,43.0,12.5,0.0,Philippines
Manila,PH,2020-09-16,12:00:00,1600232400,27.0,25.7,29.5,20.6,111.0,20.1,0.0,Philippines
Manila,PH,2020-09-17,12:00:00,1600318800,26.6,26.0,27.0,20.1,134.0,7.5,0.0,Philippines
Manila,PH,2020-09-18,12:00:00,1600405200,27.0,24.8,29.3,14.0,133.0,3.1,0.0,Philippines
Manila,PH,2020-09-19,12:00:00,1600491600,27.4,25.1,29.7,8.7,16.0,0.0,0.0,Philippines
Manila,PH,2020-09-20,12:00:00,1600578000,28.0,25.3,30.5,9.0,283.0,2.4,0.0,Philippines
Manila,PH,2020-09-21,12:00:00,1600664400,28.3,25.5,30.7,10.5,251.0,1.1,0.0,Philippines
Manila,PH,2020-09-22,12:00:00,1600750800,28.2,25.8,30.7,11.8,274.0,2.3,0.0,Philippines
Manila,PH,2020-09-23,12:00:00,1600837200,27.1,24.8,30.3,12.4,316.0,29.1,0.0,Philippines
Manila,PH,2020-09-24,12:00:00,1600923600,27.2,25.2,30.0,14.8,251.0,17.2,0.0,Philippines
Manila,PH,2020-09-25,12:00:00,1601010000,26.9,25.5,30.1,8.9,161.0,17.8,0.0,Philippines
Manila,PH,2020-09-26,12:00:00,1601096400,27.5,25.3,30.8,12.9,180.0,4.7,0.0,Philippines
Manila,PH,2020-09-27,12:00:00,1601182800,28.5,25.2,31.7,11.7,186.0,0.9,0.0,Philippines
Manila,PH,2020-09-28,12:00:00,1601269200,27.9,25.6,30.9,13.8,265.0,7.1,0.0,Philippines
Manila,PH,2020-09-29,12:00:00,1601355600,27.3,25.4,30.2,16.8,263.0,5.3,0.0,Philippines
Manila,PH,2020-09-30,12:00:00,1601442000,27.9,25.7,30.3,11.6,276.0,4.8,0.0,Philippines
Manila,PH,2020-10-01,12:00:00,1601528400,28.1,26.2,31.0,11.5,176.0,10.8,0.0,Philippines
Manila,PH,2020-10-02,12:00:00,1601614800,27.7,25.7,30.2,8.6,199.0,12.5,0.0,Philippines
Manila,PH,2020-10-03,12:00:00,1601701200,27.1,24.8,30.0,11.5,302.0,10.4,0.0,Philippines
Manila,PH,2020-10-04,12:00:00,1601787600,27.9,25.0,31.3,11.8,176.0,4.7,0.0,Philippines
Manila,PH,2020-10-05,12:00:00,1601874000,27.8,25.6,30.9,7.2,97.0,2.6,0.0,Philippines
Manila,PH,2020-10-06,12:00:00,1601960400,28.1,26.3,30.1,9.3,135.0,9.4,0.0,Philippines
Manila,PH,2020-10-07,12:00:00,1602046800,27.1,25.8,30.2,10.7,198.0,15.8,0.0,Philippines
Manila,PH,2020-10-08,12:00:00,1602133200,27.7,25.8,30.4,9.9,60.0,7.3,0.0,Philippines
Manila,PH,2020-10-09,12:00:00,1602219600,26.5,25.5,27.3,11.9,6.0,4.8,0.0,Philippines
Manila,PH,2020-10-10,12:00:00,1602306000,26.6,25.0,29.3,9.7,219.0,24.8,0.0,Philippines
Manila,PH,2020-10-11,12:00:00,1602392400,26.2,25.5,27.4,18.5,223.0,35.8,0.0,Philippines
Manila,PH,2020-10-12,12:00:00,1602478800,26.7,25.1,28.4,12.2,137.0,11.7,0.0,Philippines
Manila,PH,2020-10-13,12:00:00,1602565200,27.0,25.4,30.2,10.5,76.0,5.0,0.0,Philippines
Manila,PH,2020-10-14,12:00:00,1602651600,25.5,24.6,26.3,24.0,351.0,38.7,0.0,Philippines
Manila,PH,2020-10-15,12:00:00,1602738000,27.0,24.5,30.3,20.8,111.0,8.1,0.0,Philippines
Manila,PH,2020-10-16,12:00:00,1602824400,27.6,25.1,30.8,16.8,121.0,2.2,0.0,Philippines
Manila,PH,2020-10-17,12:00:00,1602910800,26.8,25.0,28.9,14.1,115.0,10.7,0.0,Philippines
Manila,PH,2020-10-18,12:00:00,1602997200,26.1,24.9,27.5,6.2,306.0,3.1,0.0,Philippines
Manila,PH,2020-10-19,12:00:00,1603083600,27.8,24.6,31.8,11.3,11.0,1.3,0.0,Philippines
Manila,PH,2020-10-20,12:00:00,1603170000,26.3,25.4,27.1,30.6,254.0,89.8,0.0,Philippines
Manila,PH,2020-10-21,12:00:00,1603256400,26.9,25.9,28.6,28.6,182.0,26.4,0.0,Philippines
Manila,PH,2020-10-22,12:00:00,1603342800,27.5,25.6,30.3,20.2,189.0,11.6,0.0,Philippines
Manila,PH,2020-10-23,12:00:00,1603429200,27.0,25.2,29.0,18.0,217.0,14.9,0.0,Philippines
Manila,PH,2020-10-24,12:00:00,1603515600,26.8,25.3,29.4,17.1,204.0,19.9,0.0,Philippines
Manila,PH,2020-10-25,12:00:00,1603602000,26.5,24.6,28.9,30.7,347.0,8.8,0.0,Philippines
Manila,PH,2020-10-26,12:00:00,1603688400,26.4,25.1,28.6,35.5,69.0,28.1,0.0,Philippines
Manila,PH,2020-10-27,12:00:00,1603774800,26.4,25.4,28.8,23.1,117.0,7.7,0.0,Philippines
Manila,PH,2020-10-28,12:00:00,1603861200,27.1,24.5,30.3,12.5,130.0,4.3,0.0,Philippines
Manila,PH,2020-10-29,12:00:00,1603947600,26.7,23.7,29.1,10.9,344.0,0.6,0.0,Philippines
Manila,PH,2020-10-30,12:00:00,1604034000,27.7,24.8,31.7,11.9,22.0,0.9,0.0,Philippines
Manila,PH,2020-10-31,12:00:00,1604120400,27.9,25.5,31.3,17.6,28.0,0.3,0.0,Philippines
Manila,PH,2020-11-01,12:00:00,1604206800,24.7,23.8,25.9,37.5,338.0,32.3,0.0,Philippines
Manila,PH,2020-11-02,12:00:00,1604293200,27.1,24.9,29.8,27.7,133.0,0.9,0.0,Philippines
Manila,PH,2020-11-03,12:00:00,1604379600,26.9,24.2,30.1,8.9,142.0,11.7,0.0,Philippines
Manila,PH,2020-11-04,12:00:00,1604466000,26.3,25.2,28.3,11.2,117.0,17.5,0.0,Philippines
Manila,PH,2020-11-05,12:00:00,1604552400,26.8,24.8,29.3,8.2,141.0,3.4,0.0,Philippines
Manila,PH,2020-11-06,12:00:00,1604638800,27.2,24.1,30.5,7.9,79.0,2.4,0.0,Philippines
Manila,PH,2020-11-07,12:00:00,1604725200,26.8,24.7,30.0,11.6,13.0,3.3,0.0,Philippines
Manila,PH,2020-11-08,12:00:00,1604811600,26.7,24.3,30.3,24.4,56.0,15.6,0.0,Philippines
Manila,PH,2020-11-09,12:00:00,1604898000,26.6,25.0,28.6,13.1,117.0,7.5,0.0,Philippines
Manila,PH,2020-11-10,12:00:00,1604984400,26.5,24.4,28.1,9.3,290.0,3.3,0.0,Philippines
Manila,PH,2020-11-11,12:00:00,1605070800,26.5,24.4,28.3,49.5,301.0,44.3,0.0,Philippines
Manila,PH,2020-11-12,12:00:00,1605157200,26.5,25.7,27.0,62.6,179.0,178.4,0.0,Philippines
Manila,PH,2020-11-13,12:00:00,1605243600,27.7,25.8,30.7,22.2,121.0,2.0,0.0,Philippines
Manila,PH,2020-11-14,12:00:00,1605330000,27.5,24.8,30.8,13.5,107.0,0.8,0.0,Philippines
Manila,PH,2020-11-15,12:00:00,1605416400,27.4,24.3,31.4,11.9,94.0,1.0,0.0,Philippines
Manila,PH,2020-11-16,12:00:00,1605502800,27.2,24.4,30.1,9.9,118.0,1.2,0.0,Philippines
Manila,PH,2020-11-17,12:00:00,1605589200,27.3,24.4,30.4,9.9,112.0,1.0,0.0,Philippines
Manila,PH,2020-11-18,12:00:00,1605675600,27.3,24.2,30.6,11.5,112.0,0.3,0.0,Philippines
Manila,PH,2020-11-19,12:00:00,1605762000,27.1,24.5,30.3,8.4,114.0,1.2,0.0,Philippines
Manila,PH,2020-11-20,12:00:00,1605848400,27.1,23.9,30.3,8.0,109.0,0.8,0.0,Philippines
Manila,PH,2020-11-21,12:00:00,1605934800,27.3,24.1,31.3,14.2,84.0,0.6,0.0,Philippines
Manila,PH,2020-11-22,12:00:00,1606021200,26.7,23.7,30.9,15.3,58.0,0.3,0.0,Philippines
Manila,PH,2020-11-23,12:00:00,1606107600,26.7,23.6,30.4,24.6,37.0,0.0,0.0,Philippines
Manila,PH,2020-11-24,12:00:00,1606194000,26.6,23.8,31.0,17.4,35.0,0.0,0.0,Philippines
Manila,PH,2020-11-25,12:00:00,1606280400,26.2,23.2,30.8,19.7,36.0,0.0,0.0,Philippines
Manila,PH,2020-11-26,12:00:00,1606366800,26.8,23.2,30.8,18.7,16.0,1.0,0.0,Philippines
Manila,PH,2020-11-27,12:00:00,1606453200,26.3,24.5,28.1,10.9,316.0,2.5,0.0,Philippines
Manila,PH,2020-11-28,12:00:00,1606539600,26.8,24.5,29.3,5.2,131.0,2.9,0.0,Philippines
Manila,PH,2020-11-29,12:00:00,1606626000,26.0,24.4,28.1,14.8,336.0,15.8,0.0,Philippines
Manila,PH,2020-11-30,12:00:00,1606712400,26.7,24.3,29.8,21.4,42.0,1.3,0.0,Philippines
Manila,PH,2020-12-01,12:00:00,1606798800,26.3,22.2,30.8,20.1,26.0,0.0,0.0,Philippines
Manila,PH,2020-12-02,12:00:00,1606885200,26.5,24.1,29.2,13.2,329.0,0.6,0.0,Philippines
Manila,PH,2020-12-03,12:00:00,1606971600,27.1,24.8,29.2,8.3,255.0,5.7,0.0,Philippines
Manila,PH,2020-12-04,12:00:00,1607058000,26.3,24.9,28.7,10.8,271.0,3.6,0.0,Philippines
Manila,PH,2020-12-05,12:00:00,1607144400,26.6,24.9,28.9,11.1,154.0,2.6,0.0,Philippines
Manila,PH,2020-12-06,12:00:00,1607230800,27.1,24.8,29.6,8.2,183.0,2.1,0.0,Philippines
Manila,PH,2020-12-07,12:00:00,1607317200,26.1,24.6,27.4,9.7,48.0,5.0,0.0,Philippines
Manila,PH,2020-12-08,12:00:00,1607403600,27.2,24.8,30.6,17.3,115.0,3.3,0.0,Philippines
Manila,PH,2020-12-09,12:00:00,1607490000,26.5,24.0,29.7,8.2,149.0,2.5,0.0,Philippines
Manila,PH,2020-12-10,12:00:00,1607576400,25.9,24.7,27.8,11.1,57.0,15.7,0.0,Philippines
Manila,PH,2020-12-11,12:00:00,1607662800,27.0,23.7,30.5,9.2,115.0,0.4,0.0,Philippines
Manila,PH,2020-12-12,12:00:00,1607749200,26.9,24.8,29.7,12.0,97.0,2.8,0.0,Philippines
Manila,PH,2020-12-13,12:00:00,1607835600,26.8,25.1,28.6,12.5,91.0,1.5,0.0,Philippines
Manila,PH,2020-12-14,12:00:00,1607922000,26.9,24.2,29.7,12.0,82.0,1.2,0.0,Philippines
Manila,PH,2020-12-15,12:00:00,1608008400,26.9,24.4,30.1,10.9,76.0,1.9,0.0,Philippines
Manila,PH,2020-12-16,12:00:00,1608094800,26.6,23.9,30.5,14.8,40.0,0.8,0.0,Philippines
Manila,PH,2020-12-17,12:00:00,1608181200,26.0,23.3,29.1,12.6,48.0,1.7,0.0,Philippines
Manila,PH,2020-12-18,12:00:00,1608267600,26.5,24.0,30.4,22.4,39.0,7.0,0.0,Philippines
Manila,PH,2020-12-19,12:00:00,1608354000,24.8,24.2,25.4,13.0,350.0,43.2,0.0,Philippines
Manila,PH,2020-12-20,12:00:00,1608440400,26.0,24.2,29.4,11.9,89.0,28.6,0.0,Philippines
Manila,PH,2020-12-21,12:00:00,1608526800,26.4,24.2,29.0,7.1,93.0,0.6,0.0,Philippines
Manila,PH,2020-12-22,12:00:00,1608613200,26.4,23.4,29.1,16.1,116.0,0.2,0.0,Philippines
Manila,PH,2020-12-23,12:00:00,1608699600,27.0,23.9,30.4,19.4,115.0,0.2,0.0,Philippines
Manila,PH,2020-12-24,12:00:00,1608786000,26.6,23.8,29.6,4.8,304.0,0.0,0.0,Philippines
Manila,PH,2020-12-25,12:00:00,1608872400,26.8,23.1,30.5,10.2,74.0,1.2,0.0,Philippines
Manila,PH,2020-12-26,12:00:00,1608958800,26.7,24.5,29.6,14.9,44.0,6.0,0.0,Philippines
Manila,PH,2020-12-27,12:00:00,1609045200,24.6,23.9,25.3,21.7,354.0,62.5,0.0,Philippines
Manila,PH,2020-12-28,12:00:00,1609131600,26.1,23.6,28.9,11.3,121.0,1.5,0.0,Philippines
Manila,PH,2020-12-29,12:00:00,1609218000,27.3,24.8,29.9,8.4,134.0,0.3,0.0,Philippines
Manila,PH,2020-12-30,12:00:00,1609304400,26.9,24.7,29.4,8.9,341.0,4.2,0.0,Philippines
Manila,PH,2020-12-31,12:00:00,1609390800,25.4,23.1,28.0,26.0,15.0,10.3,0.0,Philippines
Manila,PH,2021-01-01,12:00:00,1609477200,24.6,22.2,27.8,20.0,8.0,0.6,0.0,Philippines
Manila,PH,2021-01-02,12:00:00,1609563600,25.7,23.7,28.9,19.2,24.0,3.0,0.0,Philippines
Manila,PH,2021-01-03,12:00:00,1609650000,24.9,23.5,26.1,16.0,5.0,33.8,0.0,Philippines
Manila,PH,2021-01-04,12:00:00,1609736400,26.2,23.2,30.5,17.0,89.0,1.4,0.0,Philippines
Manila,PH,2021-01-05,12:00:00,1609822800,26.1,23.5,29.0,6.9,198.0,0.7,0.0,Philippines
Manila,PH,2021-01-06,12:00:00,1609909200,26.0,22.4,30.6,12.9,95.0,0.4,0.0,Philippines
Manila,PH,2021-01-07,12:00:00,1609995600,25.8,22.8,29.8,8.9,52.0,1.9,0.0,Philippines
Manila,PH,2021-01-08,12:00:00,1610082000,26.0,23.8,29.2,10.5,17.0,0.6,0.0,Philippines
Manila,PH,2021-01-09,12:00:00,1610168400,25.0,23.5,26.7,17.8,10.0,0.0,0.0,Philippines
Manila,PH,2021-01-10,12:00:00,1610254800,25.0,22.7,28.0,13.7,37.0,0.0,0.0,Philippines
Manila,PH,2021-01-11,12:00:00,1610341200,24.7,22.1,28.3,14.7,24.0,1.1,0.0,Philippines
Manila,PH,2021-01-12,12:00:00,1610427600,24.5,22.8,27.0,9.1,25.0,0.4,0.0,Philippines
Manila,PH,2021-01-13,12:00:00,1610514000,24.2,21.7,26.8,11.2,14.0,1.1,0.0,Philippines
Manila,PH,2021-01-14,12:00:00,1610600400,25.2,23.1,27.3,10.2,340.0,0.1,0.0,Philippines
Manila,PH,2021-01-15,12:00:00,1610686800,26.2,23.6,29.8,15.5,66.0,0.1,0.0,Philippines
Manila,PH,2021-01-16,12:00:00,1610773200,26.1,23.3,29.5,13.8,113.0,0.2,0.0,Philippines
Manila,PH,2021-01-17,12:00:00,1610859600,25.9,23.4,29.1,13.8,34.0,6.7,0.0,Philippines
Manila,PH,2021-01-18,12:00:00,1610946000,25.5,23.2,28.5,22.7,13.0,2.0,0.0,Philippines
Manila,PH,2021-01-19,12:00:00,1611032400,24.6,23.3,26.5,15.3,355.0,4.0,0.0,Philippines
Manila,PH,2021-01-20,12:00:00,1611118800,24.7,24.2,25.4,20.5,351.0,56.9,0.0,Philippines
Manila,PH,2021-01-21,12:00:00,1611205200,25.5,24.0,27.5,10.7,113.0,20.8,0.0,Philippines
Manila,PH,2021-01-22,12:00:00,1611291600,26.0,24.1,28.5,15.3,134.0,2.3,0.0,Philippines
Manila,PH,2021-01-23,12:00:00,1611378000,26.4,24.6,28.9,8.7,222.0,0.7,0.0,Philippines
Manila,PH,2021-01-24,12:00:00,1611464400,26.3,24.3,28.9,13.2,79.0,3.4,0.0,Philippines
Manila,PH,2021-01-25,12:00:00,1611550800,26.3,24.1,28.8,7.1,343.0,1.0,0.0,Philippines
Manila,PH,2021-01-26,12:00:00,1611637200,26.0,23.7,28.0,8.4,255.0,0.9,0.0,Philippines
Manila,PH,2021-01-27,12:00:00,1611723600,26.0,24.0,28.8,10.4,88.0,2.7,0.0,Philippines
Manila,PH,2021-01-28,12:00:00,1611810000,25.5,23.7,27.7,10.5,191.0,3.6,0.0,Philippines
Manila,PH,2021-01-29,12:00:00,1611896400,24.7,22.0,27.9,19.4,94.0,0.1,0.0,Philippines
Manila,PH,2021-01-30,12:00:00,1611982800,23.7,21.0,27.5,16.7,63.0,0.0,0.0,Philippines
Manila,PH,2021-01-31,12:00:00,1612069200,23.5,20.2,27.7,19.2,50.0,0.0,0.0,Philippines
Manila,PH,2021-02-01,12:00:00,1612155600,24.0,20.8,28.7,13.7,54.0,0.4,0.0,Philippines
Manila,PH,2021-02-02,12:00:00,1612242000,24.2,21.2,27.2,10.9,316.0,0.9,0.0,Philippines
Manila,PH,2021-02-03,12:00:00,1612328400,25.3,21.6,29.4,13.0,62.0,0.4,0.0,Philippines
Manila,PH,2021-02-04,12:00:00,1612414800,25.7,22.7,29.8,16.6,42.0,0.0,0.0,Philippines
Manila,PH,2021-02-05,12:00:00,1612501200,25.7,23.0,29.0,17.6,29.0,2.1,0.0,Philippines
Manila,PH,2021-02-06,12:00:00,1612587600,25.7,23.5,28.4,8.8,196.0,6.9,0.0,Philippines
Manila,PH,2021-02-07,12:00:00,1612674000,26.3,22.4,31.1,7.4,31.0,0.1,0.0,Philippines
Manila,PH,2021-02-08,12:00:00,1612760400,26.1,23.1,29.9,16.6,62.0,0.6,0.0,Philippines
Manila,PH,2021-02-09,12:00:00,1612846800,25.4,24.0,27.6,14.0,43.0,7.1,0.0,Philippines
Manila,PH,2021-02-10,12:00:00,1612933200,25.7,23.3,29.6,14.7,96.0,3.4,0.0,Philippines
Manila,PH,2021-02-11,12:00:00,1613019600,26.0,23.5,28.4,11.3,301.0,1.3,0.0,Philippines
Manila,PH,2021-02-12,12:00:00,1613106000,26.3,23.8,29.7,15.3,340.0,3.2,0.0,Philippines
Manila,PH,2021-02-13,12:00:00,1613192400,24.8,22.9,27.1,13.3,355.0,11.3,0.0,Philippines
Manila,PH,2021-02-14,12:00:00,1613278800,25.7,23.8,28.0,11.1,207.0,5.7,0.0,Philippines
Manila,PH,2021-02-15,12:00:00,1613365200,25.2,23.5,27.5,14.6,106.0,2.0,0.0,Philippines
Manila,PH,2021-02-16,12:00:00,1613451600,25.5,23.6,28.3,13.4,119.0,1.3,0.0,Philippines
Manila,PH,2021-02-17,12:00:00,1613538000,24.4,21.5,27.6,13.2,119.0,0.6,0.0,Philippines
Manila,PH,2021-02-18,12:00:00,1613624400,25.3,22.6,28.6,11.2,68.0,0.4,0.0,Philippines
Manila,PH,2021-02-19,12:00:00,1613710800,24.1,21.9,27.5,18.1,30.0,0.1,0.0,Philippines
Manila,PH,2021-02-20,12:00:00,1613797200,23.3,20.2,26.8,18.2,59.0,0.0,0.0,Philippines
Manila,PH,2021-02-21,12:00:00,1613883600,23.7,20.3,28.2,11.9,12.0,1.7,0.0,Philippines
Manila,PH,2021-02-22,12:00:00,1613970000,25.1,23.0,28.6,17.6,12.0,13.7,0.0,Philippines
Manila,PH,2021-02-23,12:00:00,1614056400,25.4,23.3,28.7,16.1,359.0,39.3,0.0,Philippines
Manila,PH,2021-02-24,12:00:00,1614142800,26.7,24.0,30.2,15.0,122.0,1.9,0.0,Philippines
Manila,PH,2021-02-25,12:00:00,1614229200,27.0,24.1,30.7,12.8,125.0,0.0,0.0,Philippines
Manila,PH,2021-02-26,12:00:00,1614315600,26.1,22.0,29.4,12.7,146.0,0.0,0.0,Philippines
Manila,PH,2021-02-27,12:00:00,1614402000,26.8,23.8,29.8,13.6,111.0,0.2,0.0,Philippines
Manila,PH,2021-02-28,12:00:00,1614488400,26.7,24.0,29.6,14.5,118.0,0.4,0.0,Philippines
Manila,PH,2021-03-01,12:00:00,1614574800,26.9,24.2,30.1,11.2,90.0,1.8,0.0,Philippines
Manila,PH,2021-03-02,12:00:00,1614661200,27.1,24.3,30.1,10.0,96.0,0.1,0.0,Philippines
Manila,PH,2021-03-03,12:00:00,1614747600,27.0,23.9,30.7,13.5,108.0,1.9,0.0,Philippines
Manila,PH,2021-03-04,12:00:00,1614834000,26.9,23.6,30.5,15.4,107.0,0.1,0.0,Philippines
Manila,PH,2021-03-05,12:00:00,1614920400,26.7,23.0,31.0,19.1,103.0,0.2,0.0,Philippines
Manila,PH,2021-03-06,12:00:00,1615006800,26.7,22.7,30.9,12.6,102.0,0.0,0.0,Philippines
Manila,PH,2021-03-07,12:00:00,1615093200,26.3,22.4,31.0,13.5,78.0,0.1,0.0,Philippines
Manila,PH,2021-03-08,12:00:00,1615179600,26.9,23.2,31.2,13.4,102.0,0.2,0.0,Philippines
Manila,PH,2021-03-09,12:00:00,1615266000,26.2,23.5,29.0,12.1,86.0,1.0,0.0,Philippines
Manila,PH,2021-03-10,12:00:00,1615352400,26.1,21.7,31.1,19.9,64.0,0.0,0.0,Philippines
Manila,PH,2021-03-11,12:00:00,1615438800,26.4,22.8,30.9,17.2,45.0,0.0,0.0,Philippines
Manila,PH,2021-03-12,12:00:00,1615525200,26.5,23.8,30.4,18.4,53.0,0.7,0.0,Philippines
Manila,PH,2021-03-13,12:00:00,1615611600,26.0,24.4,28.7,15.3,43.0,5.1,0.0,Philippines
Manila,PH,2021-03-14,12:00:00,1615698000,26.1,23.8,28.8,15.9,31.0,1.9,0.0,Philippines
Manila,PH,2021-03-15,12:00:00,1615784400,26.2,23.9,29.6,11.6,61.0,6.1,0.0,Philippines
Manila,PH,2021-03-16,12:00:00,1615870800,27.2,24.8,30.7,10.3,144.0,4.8,0.0,Philippines
Manila,PH,2021-03-17,12:00:00,1615957200,27.4,24.5,30.8,10.4,226.0,4.7,0.0,Philippines
Manila,PH,2021-03-18,12:00:00,1616043600,27.9,24.8,31.4,10.2,97.0,0.3,0.0,Philippines
Manila,PH,2021-03-19,12:00:00,1616130000,27.6,24.3,30.2,14.0,99.0,0.4,0.0,Philippines
Manila,PH,2021-03-20,12:00:00,1616216400,27.6,24.9,30.6,10.0,104.0,2.1,0.0,Philippines
Manila,PH,2021-03-21,12:00:00,1616302800,27.8,25.0,30.7,14.2,108.0,1.3,0.0,Philippines
Manila,PH,2021-03-22,12:00:00,1616389200,27.8,25.2,31.2,14.2,93.0,2.1,0.0,Philippines
Manila,PH,2021-03-23,12:00:00,1616475600,27.5,24.9,30.8,19.4,92.0,0.8,0.0,Philippines
Manila,PH,2021-03-24,12:00:00,1616562000,27.5,24.3,31.0,18.8,102.0,1.3,0.0,Philippines
Manila,PH,2021-03-25,12:00:00,1616648400,27.9,23.8,32.1,17.3,111.0,0.0,0.0,Philippines
Manila,PH,2021-03-26,12:00:00,1616734800,27.9,23.5,32.2,15.5,101.0,0.5,0.0,Philippines
Manila,PH,2021-03-27,12:00:00,1616821200,28.3,24.5,32.3,15.9,120.0,0.5,0.0,Philippines
Manila,PH,2021-03-28,12:00:00,1616907600,28.4,24.6,31.9,14.1,119.0,0.5,0.0,Philippines
Manila,PH,2021-03-29,12:00:00,1616994000,28.8,25.3,32.9,17.5,126.0,0.0,0.0,Philippines
Manila,PH,2021-03-30,12:00:00,1617080400,28.5,24.0,32.6,22.4,134.0,0.0,0.0,Philippines
Manila,PH,2021-03-31,12:00:00,1617166800,28.5,24.1,32.8,16.4,117.0,0.8,0.0,Philippines
Manila,PH,2021-04-01,12:00:00,1617253200,28.9,25.2,33.9,22.9,114.0,0.0,0.0,Philippines
Manila,PH,2021-04-02,12:00:00,1617339600,28.2,22.8,33.4,22.1,112.0,0.0,0.0,Philippines
Manila,PH,2021-04-03,12:00:00,1617426000,28.2,22.6,33.7,21.0,125.0,0.0,0.0,Philippines
Manila,PH,2021-04-04,12:00:00,1617512400,28.0,23.4,32.2,16.4,119.0,0.6,0.0,Philippines
Manila,PH,2021-04-05,12:00:00,1617598800,28.5,25.1,33.1,13.0,113.0,0.8,0.0,Philippines
Manila,PH,2021-04-06,12:00:00,1617685200,28.5,25.6,32.3,16.6,118.0,1.4,0.0,Philippines
Manila,PH,2021-04-07,12:00:00,1617771600,28.0,25.3,31.8,17.9,111.0,5.1,0.0,Philippines
Manila,PH,2021-04-08,12:00:00,1617858000,28.1,25.2,32.0,13.5,128.0,0.5,0.0,Philippines
Manila,PH,2021-04-09,12:00:00,1617944400,28.2,25.4,31.8,16.8,117.0,1.4,0.0,Philippines
Manila,PH,2021-04-10,12:00:00,1618030800,28.6,25.4,33.0,16.4,102.0,0.0,0.0,Philippines
Manila,PH,2021-04-11,12:00:00,1618117200,28.3,24.7,33.0,16.3,104.0,0.5,0.0,Philippines
Manila,PH,2021-04-12,12:00:00,1618203600,28.4,24.2,33.4,13.0,101.0,0.9,0.0,Philippines
Manila,PH,2021-04-13,12:00:00,1618290000,28.1,25.4,31.1,11.2,180.0,2.3,0.0,Philippines
Manila,PH,2021-04-14,12:00:00,1618376400,28.5,25.4,31.8,10.5,167.0,1.5,0.0,Philippines
Manila,PH,2021-04-15,12:00:00,1618462800,28.4,25.5,31.4,19.2,145.0,1.6,0.0,Philippines
Manila,PH,2021-04-16,12:00:00,1618549200,28.8,25.0,33.5,19.1,133.0,0.0,0.0,Philippines
Manila,PH,2021-04-17,12:00:00,1618635600,28.3,23.7,32.3,14.4,171.0,0.1,0.0,Philippines
Manila,PH,2021-04-18,12:00:00,1618722000,28.9,25.3,32.7,15.4,291.0,1.0,0.0,Philippines
Manila,PH,2021-04-19,12:00:00,1618808400,28.6,25.5,32.3,23.8,286.0,2.9,0.0,Philippines
Manila,PH,2021-04-20,12:00:00,1618894800,28.4,25.1,31.4,27.1,258.0,1.1,0.0,Philippines
Manila,PH,2021-04-21,12:00:00,1618981200,28.6,25.7,31.3,27.2,240.0,1.8,0.0,Philippines
Manila,PH,2021-04-22,12:00:00,1619067600,28.7,26.3,31.8,19.9,248.0,3.8,0.0,Philippines
Manila,PH,2021-04-23,12:00:00,1619154000,28.8,25.8,31.8,17.4,286.0,0.1,0.0,Philippines
Manila,PH,2021-04-24,12:00:00,1619240400,28.3,25.0,31.5,22.0,275.0,0.0,0.0,Philippines
Manila,PH,2021-04-25,12:00:00,1619326800,28.4,25.5,31.9,16.7,205.0,0.5,0.0,Philippines
Manila,PH,2021-04-26,12:00:00,1619413200,27.4,25.9,30.2,16.1,115.0,1.5,0.0,Philippines
Manila,PH,2021-04-27,12:00:00,1619499600,27.5,25.1,30.6,18.5,114.0,0.9,0.0,Philippines
Manila,PH,2021-04-28,12:00:00,1619586000,27.8,24.7,31.6,17.4,118.0,0.2,0.0,Philippines
Manila,PH,2021-04-29,12:00:00,1619672400,28.4,25.5,31.8,16.1,215.0,0.0,0.0,Philippines
Manila,PH,2021-04-30,12:00:00,1619758800,28.9,25.3,32.7,12.9,158.0,1.5,0.0,Philippines
Manila,PH,2021-05-01,12:00:00,1619845200,29.2,25.2,33.7,18.1,143.0,0.4,0.0,Philippines
Manila,PH,2021-05-02,12:00:00,1619931600,29.1,25.0,34.4,24.1,119.0,0.0,0.0,Philippines
Manila,PH,2021-05-03,12:00:00,1620018000,29.3,24.5,34.0,22.7,92.0,0.0,0.0,Philippines
Manila,PH,2021-05-04,12:00:00,1620104400,29.7,26.3,33.6,25.5,104.0,0.7,0.0,Philippines
Manila,PH,2021-05-05,12:00:00,1620190800,30.4,26.1,36.0,23.3,105.0,0.1,0.0,Philippines
Manila,PH,2021-05-06,12:00:00,1620277200,30.3,26.4,35.1,20.0,97.0,0.0,0.0,Philippines
Manila,PH,2021-05-07,12:00:00,1620363600,29.9,26.6,34.5,18.2,111.0,2.9,0.0,Philippines
Manila,PH,2021-05-08,12:00:00,1620450000,30.0,26.1,33.8,19.2,127.0,0.1,0.0,Philippines
Manila,PH,2021-05-09,12:00:00,1620536400,30.7,27.2,35.2,17.0,126.0,0.3,0.0,Philippines
Manila,PH,2021-05-10,12:00:00,1620622800,30.1,27.3,33.8,20.0,127.0,0.4,0.0,Philippines
Manila,PH,2021-05-11,12:00:00,1620709200,29.9,26.7,34.3,17.9,125.0,1.0,0.0,Philippines
Manila,PH,2021-05-12,12:00:00,1620795600,30.5,27.1,35.0,22.2,123.0,0.5,0.0,Philippines
Manila,PH,2021-05-13,12:00:00,1620882000,30.8,27.2,35.9,23.5,110.0,0.0,0.0,Philippines
Manila,PH,2021-05-14,12:00:00,1620968400,30.4,27.0,35.6,23.5,113.0,0.4,0.0,Philippines
Manila,PH,2021-05-15,12:00:00,1621054800,30.6,27.4,35.3,25.4,111.0,0.1,0.0,Philippines
Manila,PH,2021-05-16,12:00:00,1621141200,31.0,27.0,36.2,19.2,117.0,1.4,0.0,Philippines
Manila,PH,2021-05-17,12:00:00,1621227600,31.1,26.7,36.7,18.8,116.0,0.0,0.0,Philippines
Manila,PH,2021-05-18,12:00:00,1621314000,30.6,27.2,35.2,21.7,118.0,0.9,0.0,Philippines
Manila,PH,2021-05-19,12:00:00,1621400400,30.9,27.4,35.9,24.3,118.0,0.0,0.0,Philippines
Manila,PH,2021-05-20,12:00:00,1621486800,30.4,27.2,34.8,23.5,128.0,1.0,0.0,Philippines
Manila,PH,2021-05-21,12:00:00,1621573200,29.6,26.0,35.5,19.2,161.0,6.3,0.0,Philippines
Manila,PH,2021-05-22,12:00:00,1621659600,28.9,25.8,33.7,19.4,198.0,11.1,0.0,Philippines
Manila,PH,2021-05-23,12:00:00,1621746000,29.1,25.2,34.3,16.5,181.0,1.5,0.0,Philippines
Manila,PH,2021-05-24,12:00:00,1621832400,29.2,25.9,34.0,15.7,159.0,2.9,0.0,Philippines
Manila,PH,2021-05-25,12:00:00,1621918800,30.0,25.5,34.9,20.7,132.0,0.7,0.0,Philippines
Manila,PH,2021-05-26,12:00:00,1622005200,30.1,26.4,33.9,13.8,240.0,1.9,0.0,Philippines
Manila,PH,2021-05-27,12:00:00,1622091600,30.2,26.4,34.4,10.5,141.0,2.7,0.0,Philippines
Manila,PH,2021-05-28,12:00:00,1622178000,30.6,27.6,34.4,12.5,135.0,4.0,0.0,Philippines
Manila,PH,2021-05-29,12:00:00,1622264400,30.8,27.5,35.5,18.5,187.0,1.6,0.0,Philippines
Manila,PH,2021-05-30,12:00:00,1622350800,29.6,26.8,33.2,22.6,258.0,4.4,0.0,Philippines
Manila,PH,2021-05-31,12:00:00,1622437200,30.2,26.5,34.9,21.6,197.0,5.9,0.0,Philippines
Manila,PH,2021-06-01,12:00:00,1622523600,30.0,26.9,34.4,15.2,225.0,3.8,0.0,Philippines
Manila,PH,2021-06-02,12:00:00,1622610000,27.9,26.2,31.2,38.4,34.0,55.9,0.0,Philippines
Manila,PH,2021-06-03,12:00:00,1622696400,27.8,26.3,29.9,27.1,209.0,31.4,0.0,Philippines
Manila,PH,2021-06-04,12:00:00,1622782800,28.4,27.3,30.8,23.8,241.0,11.3,0.0,Philippines
Manila,PH,2021-06-05,12:00:00,1622869200,28.8,26.9,31.2,17.4,245.0,5.3,0.0,Philippines
Manila,PH,2021-06-06,12:00:00,1622955600,28.5,26.6,30.8,14.5,244.0,6.7,0.0,Philippines
Manila,PH,2021-06-07,12:00:00,1623042000,27.8,26.2,31.2,15.0,211.0,27.3,0.0,Philippines
Manila,PH,2021-06-08,12:00:00,1623128400,27.1,25.2,30.8,13.2,185.0,27.2,0.0,Philippines
Manila,PH,2021-06-09,12:00:00,1623214800,26.9,25.3,29.9,13.5,198.0,18.1,0.0,Philippines
Manila,PH,2021-06-10,12:00:00,1623301200,27.5,25.7,31.2,11.3,137.0,16.8,0.0,Philippines
Manila,PH,2021-06-11,12:00:00,1623387600,27.6,25.7,30.2,13.5,167.0,11.0,0.0,Philippines
Manila,PH,2021-06-12,12:00:00,1623474000,28.4,26.3,31.2,16.7,134.0,5.3,0.0,Philippines
Manila,PH,2021-06-13,12:00:00,1623560400,27.3,25.3,30.0,18.4,142.0,4.1,0.0,Philippines
Manila,PH,2021-06-14,12:00:00,1623646800,28.1,25.9,30.5,24.5,246.0,1.6,0.0,Philippines
Manila,PH,2021-06-15,12:00:00,1623733200,28.4,25.6,30.7,20.8,249.0,0.3,0.0,Philippines
Manila,PH,2021-06-16,12:00:00,1623819600,28.8,26.0,31.3,16.6,249.0,0.8,0.0,Philippines
Manila,PH,2021-06-17,12:00:00,1623906000,29.4,26.8,31.9,14.7,239.0,0.3,0.0,Philippines
Manila,PH,2021-06-18,12:00:00,1623992400,29.4,26.9,31.8,19.7,268.0,1.2,0.0,Philippines
Manila,PH,2021-06-19,12:00:00,1624078800,28.6,27.4,30.7,22.9,260.0,8.6,0.0,Philippines
Manila,PH,2021-06-20,12:00:00,1624165200,27.9,26.5,30.3,25.3,249.0,14.0,0.0,Philippines
Manila,PH,2021-06-21,12:00:00,1624251600,26.8,25.6,27.9,24.7,239.0,25.3,0.0,Philippines
Manila,PH,2021-06-22,12:00:00,1624338000,27.2,25.6,29.8,23.5,240.0,12.1,0.0,Philippines
Manila,PH,2021-06-23,12:00:00,1624424400,27.4,25.5,30.2,23.3,249.0,16.2,0.0,Philippines
Manila,PH,2021-06-24,12:00:00,1624510800,27.7,25.6,30.1,15.6,247.0,5.4,0.0,Philippines
Manila,PH,2021-06-25,12:00:00,1624597200,27.8,25.3,29.5,11.9,257.0,9.7,0.0,Philippines
Manila,PH,2021-06-26,12:00:00,1624683600,28.6,25.3,31.1,10.8,248.0,0.3,0.0,Philippines
Manila,PH,2021-06-27,12:00:00,1624770000,28.6,26.0,31.1,8.7,111.0,4.4,0.0,Philippines
Manila,PH,2021-06-28,12:00:00,1624856400,27.9,25.9,31.6,16.6,205.0,30.1,0.0,Philippines
Manila,PH,2021-06-29,12:00:00,1624942800,28.5,25.7,31.0,17.1,225.0,0.0,0.0,Philippines
Manila,PH,2021-06-30,12:00:00,1625029200,29.2,26.7,31.2,13.0,238.0,1.3,0.0,Philippines
Manila,PH,2021-07-01,12:00:00,1625115600,29.0,26.3,32.0,10.7,280.0,7.2,0.0,Philippines
Manila,PH,2021-07-02,12:00:00,1625202000,28.2,25.4,31.4,13.3,331.0,4.1,0.0,Philippines
Manila,PH,2021-07-03,12:00:00,1625288400,26.8,25.0,29.5,9.7,350.0,10.5,0.0,Philippines
Manila,PH,2021-07-04,12:00:00,1625374800,27.4,24.9,30.5,22.9,102.0,11.1,0.0,Philippines
Manila,PH,2021-07-05,12:00:00,1625461200,27.7,25.6,30.0,16.4,183.0,7.7,0.0,Philippines
Manila,PH,2021-07-06,12:00:00,1625547600,27.1,25.5,29.2,10.0,154.0,15.5,0.0,Philippines
Manila,PH,2021-07-07,12:00:00,1625634000,28.3,24.5,32.3,10.6,105.0,0.6,0.0,Philippines
Manila,PH,2021-07-08,12:00:00,1625720400,28.3,25.5,31.4,10.5,114.0,1.0,0.0,Philippines
Manila,PH,2021-07-09,12:00:00,1625806800,28.8,26.2,32.1,14.0,108.0,1.0,0.0,Philippines
Manila,PH,2021-07-10,12:00:00,1625893200,28.6,25.9,31.0,17.2,112.0,0.5,0.0,Philippines
Manila,PH,2021-07-11,12:00:00,1625979600,28.6,25.7,31.8,11.8,105.0,2.1,0.0,Philippines
Manila,PH,2021-07-12,12:00:00,1626066000,28.6,25.4,32.5,12.2,101.0,1.6,0.0,Philippines
Manila,PH,2021-07-13,12:00:00,1626152400,28.1,26.0,31.3,12.0,101.0,10.2,0.0,Philippines
Manila,PH,2021-07-14,12:00:00,1626238800,27.3,25.3,30.7,9.7,40.0,20.8,0.0,Philippines
Manila,PH,2021-07-15,12:00:00,1626325200,27.4,25.2,30.6,15.0,228.0,14.3,0.0,Philippines
Manila,PH,2021-07-16,12:00:00,1626411600,27.5,25.2,30.3,19.6,250.0,13.8,0.0,Philippines
Manila,PH,2021-07-17,12:00:00,1626498000,27.5,25.7,30.1,15.3,233.0,16.6,0.0,Philippines
Manila,PH,2021-07-18,12:00:00,1626584400,27.2,25.9,28.8,20.7,224.0,15.0,0.0,Philippines
Manila,PH,2021-07-19,12:00:00,1626670800,26.9,26.0,28.9,29.3,228.0,38.0,0.0,Philippines
Manila,PH,2021-07-20,12:00:00,1626757200,26.7,25.8,27.8,27.7,238.0,19.4,0.0,Philippines
Manila,PH,2021-07-21,12:00:00,1626843600,26.4,25.9,27.2,23.0,244.0,29.5,0.0,Philippines
Manila,PH,2021-07-22,12:00:00,1626930000,26.5,25.9,27.0,29.6,247.0,36.5,0.0,Philippines
Manila,PH,2021-07-23,12:00:00,1627016400,26.6,25.8,27.5,35.9,240.0,37.3,0.0,Philippines
Manila,PH,2021-07-24,12:00:00,1627102800,26.5,25.8,27.5,33.2,235.0,35.8,0.0,Philippines
Manila,PH,2021-07-25,12:00:00,1627189200,26.9,25.9,28.0,37.1,237.0,13.8,0.0,Philippines
Manila,PH,2021-07-26,12:00:00,1627275600,28.3,27.0,30.0,38.3,241.0,7.1,0.0,Philippines
Manila,PH,2021-07-27,12:00:00,1627362000,27.8,26.7,29.4,39.0,240.0,9.4,0.0,Philippines
Manila,PH,2021-07-28,12:00:00,1627448400,26.9,26.1,28.0,32.3,234.0,24.5,0.0,Philippines
Manila,PH,2021-07-29,12:00:00,1627534800,26.8,26.2,28.0,32.6,232.0,31.5,0.0,Philippines
Manila,PH,2021-07-30,12:00:00,1627621200,27.6,26.4,30.0,26.7,235.0,17.8,0.0,Philippines
Manila,PH,2021-07-31,12:00:00,1627707600,27.6,26.5,29.9,31.7,237.0,9.3,0.0,Philippines
Manila,PH,2021-08-01,12:00:00,1627794000,27.7,26.3,29.8,33.4,239.0,9.8,0.0,Philippines
Manila,PH,2021-08-02,12:00:00,1627880400,27.6,26.0,30.0,34.5,238.0,11.8,0.0,Philippines
Manila,PH,2021-08-03,12:00:00,1627966800,27.4,26.5,28.8,33.4,233.0,11.0,0.0,Philippines
Manila,PH,2021-08-04,12:00:00,1628053200,27.5,26.3,29.4,32.3,229.0,9.7,0.0,Philippines
Manila,PH,2021-08-05,12:00:00,1628139600,27.6,26.8,29.1,32.6,228.0,12.2,0.0,Philippines
Manila,PH,2021-08-06,12:00:00,1628226000,27.8,26.8,29.2,30.6,230.0,9.0,0.0,Philippines
Manila,PH,2021-08-07,12:00:00,1628312400,28.1,26.7,30.1,27.6,235.0,3.8,0.0,Philippines
Manila,PH,2021-08-08,12:00:00,1628398800,28.4,26.9,30.2,23.9,240.0,0.6,0.0,Philippines
Manila,PH,2021-08-09,12:00:00,1628485200,27.8,25.5,30.0,16.3,261.0,6.2,0.0,Philippines
Manila,PH,2021-08-10,12:00:00,1628571600,27.0,25.7,28.4,16.4,240.0,12.9,0.0,Philippines
Manila,PH,2021-08-11,12:00:00,1628658000,26.5,25.4,27.9,14.4,245.0,5.5,0.0,Philippines
Manila,PH,2021-08-12,12:00:00,1628744400,27.8,25.3,30.6,11.2,355.0,0.0,0.0,Philippines
Manila,PH,2021-08-13,12:00:00,1628830800,28.2,25.3,31.5,10.8,128.0,10.8,0.0,Philippines
Manila,PH,2021-08-14,12:00:00,1628917200,27.4,24.8,30.9,15.3,113.0,3.4,0.0,Philippines
Manila,PH,2021-08-15,12:00:00,1629003600,26.2,24.8,27.4,8.5,10.0,9.8,0.0,Philippines
Manila,PH,2021-08-16,12:00:00,1629090000,27.8,25.0,30.5,9.0,306.0,0.4,0.0,Philippines
Manila,PH,2021-08-17,12:00:00,1629176400,28.0,25.3,31.0,15.7,117.0,0.7,0.0,Philippines
Manila,PH,2021-08-18,12:00:00,1629262800,27.4,25.5,30.3,8.9,227.0,22.0,0.0,Philippines
Manila,PH,2021-08-19,12:00:00,1629349200,27.3,24.6,30.3,10.2,286.0,8.7,0.0,Philippines
Manila,PH,2021-08-20,12:00:00,1629435600,27.4,25.3,30.4,8.7,248.0,5.6,0.0,Philippines
Manila,PH,2021-08-21,12:00:00,1629522000,26.8,24.9,29.4,11.1,154.0,11.1,0.0,Philippines
Manila,PH,2021-08-22,12:00:00,1629608400,27.3,25.6,30.9,11.2,199.0,17.9,0.0,Philippines
Manila,PH,2021-08-23,12:00:00,1629694800,27.2,25.3,30.4,12.9,188.0,11.3,0.0,Philippines
Manila,PH,2021-08-24,12:00:00,1629781200,26.8,24.7,29.0,6.2,52.0,6.8,0.0,Philippines
Manila,PH,2021-08-25,12:00:00,1629867600,26.9,24.9,29.5,9.1,94.0,6.8,0.0,Philippines
Manila,PH,2021-08-26,12:00:00,1629954000,26.9,24.8,29.0,11.9,97.0,4.7,0.0,Philippines
Manila,PH,2021-08-27,12:00:00,1630040400,27.1,25.2,29.7,10.5,113.0,8.5,0.0,Philippines
Manila,PH,2021-08-28,12:00:00,1630126800,27.3,25.4,30.7,8.5,85.0,7.3,0.0,Philippines
Manila,PH,2021-08-29,12:00:00,1630213200,27.0,25.6,29.4,10.0,130.0,9.8,0.0,Philippines
Manila,PH,2021-08-30,12:00:00,1630299600,26.8,24.4,30.2,9.7,101.0,9.3,0.0,Philippines
Manila,PH,2021-08-31,12:00:00,1630386000,27.3,24.9,29.8,11.1,98.0,5.4,0.0,Philippines
Manila,PH,2021-09-01,12:00:00,1630472400,26.9,24.7,28.8,7.6,75.0,20.5,0.0,Philippines
Manila,PH,2021-09-02,12:00:00,1630558800,27.2,25.0,30.2,11.7,300.0,9.9,0.0,Philippines
Manila,PH,2021-09-03,12:00:00,1630645200,26.9,24.2,29.8,11.9,328.0,5.2,0.0,Philippines
Manila,PH,2021-09-04,12:00:00,1630731600,27.2,24.7,29.9,11.5,291.0,7.0,0.0,Philippines
Manila,PH,2021-09-05,12:00:00,1630818000,27.5,25.1,30.2,10.3,325.0,3.2,0.0,Philippines
Manila,PH,2021-09-06,12:00:00,1630904400,27.2,25.4,29.7,7.9,58.0,10.3,0.0,Philippines
Manila,PH,2021-09-07,12:00:00,1630990800,26.9,25.2,28.6,16.3,2.0,6.4,0.0,Philippines
Manila,PH,2021-09-08,12:00:00,1631077200,25.7,24.8,26.7,58.8,23.0,122.2,0.0,Philippines
Manila,PH,2021-09-09,12:00:00,1631163600,27.4,25.5,30.1,29.3,171.0,8.1,0.0,Philippines
Manila,PH,2021-09-10,12:00:00,1631250000,26.8,25.7,28.6,24.3,227.0,8.7,0.0,Philippines
Manila,PH,2021-09-11,12:00:00,1631336400,26.1,25.5,26.9,28.1,230.0,36.3,0.0,Philippines
Manila,PH,2021-09-12,12:00:00,1631422800,26.7,25.1,28.4,12.4,207.0,7.2,0.0,Philippines
Manila,PH,2021-09-13,12:00:00,1631509200,27.3,24.7,30.5,13.7,138.0,1.6,0.0,Philippines
Manila,PH,2021-09-14,12:00:00,1631595600,28.0,24.8,31.5,11.8,76.0,2.0,0.0,Philippines
Manila,PH,2021-09-15,12:00:00,1631682000,27.7,24.9,31.0,8.6,334.0,3.3,0.0,Philippines
Manila,PH,2021-09-16,12:00:00,1631768400,27.5,25.6,30.0,8.9,98.0,12.6,0.0,Philippines
Manila,PH,2021-09-17,12:00:00,1631854800,27.6,25.1,30.7,14.3,108.0,3.0,0.0,Philippines
Manila,PH,2021-09-18,12:00:00,1631941200,28.2,25.5,31.7,17.4,111.0,1.5,0.0,Philippines
Manila,PH,2021-09-19,12:00:00,1632027600,26.6,25.3,27.6,8.2,15.0,18.4,0.0,Philippines
Manila,PH,2021-09-20,12:00:00,1632114000,26.7,25.2,28.8,6.1,266.0,4.1,0.0,Philippines
Manila,PH,2021-09-21,12:00:00,1632200400,27.6,24.9,31.0,18.6,112.0,2.6,0.0,Philippines
Manila,PH,2021-09-22,12:00:00,1632286800,28.1,25.2,31.3,20.6,117.0,1.2,0.0,Philippines
Manila,PH,2021-09-23,12:00:00,1632373200,28.4,25.4,32.0,13.5,119.0,0.5,0.0,Philippines
Manila,PH,2021-09-24,12:00:00,1632459600,27.8,24.8,30.8,10.9,17.0,3.6,0.0,Philippines
Manila,PH,2021-09-25,12:00:00,1632546000,27.5,24.9,30.0,12.2,219.0,1.6,0.0,Philippines
Manila,PH,2021-09-26,12:00:00,1632632400,28.1,25.6,30.5,9.1,281.0,2.4,0.0,Philippines
Manila,PH,2021-09-27,12:00:00,1632718800,27.5,25.3,29.8,9.1,214.0,12.6,0.0,Philippines
Manila,PH,2021-09-28,12:00:00,1632805200,27.0,24.4,30.5,11.7,246.0,13.0,0.0,Philippines
Manila,PH,2021-09-29,12:00:00,1632891600,27.7,25.0,30.4,17.6,242.0,4.8,0.0,Philippines
Manila,PH,2021-09-30,12:00:00,1632978000,27.4,25.6,28.9,17.5,241.0,8.6,0.0,Philippines
Manila,PH,2021-10-01,12:00:00,1633064400,27.9,25.9,30.3,17.4,246.0,3.3,0.0,Philippines
Manila,PH,2021-10-02,12:00:00,1633150800,27.5,25.5,30.6,11.2,106.0,9.1,0.0,Philippines
Manila,PH,2021-10-03,12:00:00,1633237200,27.2,25.2,29.2,6.9,346.0,8.8,0.0,Philippines
Manila,PH,2021-10-04,12:00:00,1633323600,27.2,25.0,30.1,10.0,18.0,4.1,0.0,Philippines
Manila,PH,2021-10-05,12:00:00,1633410000,26.5,25.6,28.2,18.0,100.0,15.0,0.0,Philippines
Manila,PH,2021-10-06,12:00:00,1633496400,26.5,25.2,28.0,7.2,99.0,7.4,0.0,Philippines
Manila,PH,2021-10-07,12:00:00,1633582800,27.4,24.8,29.9,9.5,106.0,0.7,0.0,Philippines
Manila,PH,2021-10-08,12:00:00,1633669200,27.4,25.4,30.2,14.1,231.0,1.7,0.0,Philippines
Manila,PH,2021-10-09,12:00:00,1633755600,27.4,25.1,30.2,14.3,280.0,9.1,0.0,Philippines
Manila,PH,2021-10-10,12:00:00,1633842000,27.7,25.8,30.2,14.8,301.0,4.1,0.0,Philippines
Manila,PH,2021-10-11,12:00:00,1633928400,28.4,27.0,30.5,35.7,254.0,4.5,0.0,Philippines
Manila,PH,2021-10-12,12:00:00,1634014800,27.1,26.1,29.5,32.6,210.0,15.0,0.0,Philippines
Manila,PH,2021-10-13,12:00:00,1634101200,26.5,25.4,28.3,15.9,198.0,16.2,0.0,Philippines
Manila,PH,2021-10-14,12:00:00,1634187600,26.6,25.5,28.8,11.6,254.0,17.3,0.0,Philippines
Manila,PH,2021-10-15,12:00:00,1634274000,25.9,24.4,29.3,12.2,132.0,30.3,0.0,Philippines
Manila,PH,2021-10-16,12:00:00,1634360400,26.9,23.6,30.7,14.3,108.0,2.5,0.0,Philippines
Manila,PH,2021-10-17,12:00:00,1634446800,26.9,24.9,30.6,9.3,117.0,15.0,0.0,Philippines
Manila,PH,2021-10-18,12:00:00,1634533200,26.9,24.7,28.9,12.5,113.0,3.2,0.0,Philippines
Manila,PH,2021-10-19,12:00:00,1634619600,27.5,24.0,30.9,10.2,84.0,3.7,0.0,Philippines
Manila,PH,2021-10-20,12:00:00,1634706000,27.1,24.5,30.3,10.9,35.0,0.9,0.0,Philippines
Manila,PH,2021-10-21,12:00:00,1634792400,26.7,25.0,29.7,11.5,8.0,19.7,0.0,Philippines
Manila,PH,2021-10-22,12:00:00,1634878800,26.8,23.7,29.8,12.3,298.0,1.6,0.0,Philippines
Manila,PH,2021-10-23,12:00:00,1634965200,27.2,24.7,30.8,11.8,102.0,5.1,0.0,Philippines
Manila,PH,2021-10-24,12:00:00,1635051600,26.1,24.5,27.1,12.8,77.0,3.5,0.0,Philippines
Manila,PH,2021-10-25,12:00:00,1635138000,26.0,24.9,27.2,10.7,114.0,13.9,0.0,Philippines
Manila,PH,2021-10-26,12:00:00,1635224400,27.1,24.2,30.2,6.2,85.0,1.1,0.0,Philippines
Manila,PH,2021-10-27,12:00:00,1635310800,27.3,24.3,30.7,8.2,71.0,4.3,0.0,Philippines
Manila,PH,2021-10-28,12:00:00,1635397200,27.5,24.9,30.3,14.8,67.0,0.8,0.0,Philippines
Manila,PH,2021-10-29,12:00:00,1635483600,27.6,25.1,31.2,15.5,70.0,0.0,0.0,Philippines
Manila,PH,2021-10-30,12:00:00,1635570000,27.4,24.0,31.5,12.4,91.0,1.4,0.0,Philippines
Manila,PH,2021-10-31,12:00:00,1635656400,27.3,24.0,31.4,17.6,62.0,0.0,0.0,Philippines
Manila,PH,2021-11-01,12:00:00,1635742800,27.0,24.3,31.3,12.0,46.0,0.4,0.0,Philippines
Manila,PH,2021-11-02,12:00:00,1635829200,27.3,24.8,31.5,13.2,54.0,1.5,0.0,Philippines
Manila,PH,2021-11-03,12:00:00,1635915600,27.6,24.1,32.3,15.0,61.0,0.2,0.0,Philippines
Manila,PH,2021-11-04,12:00:00,1636002000,27.7,25.1,31.8,13.8,49.0,1.7,0.0,Philippines
Manila,PH,2021-11-05,12:00:00,1636088400,27.6,24.8,30.8,18.9,89.0,1.9,0.0,Philippines
Manila,PH,2021-11-06,12:00:00,1636174800,28.1,24.9,31.9,11.0,131.0,0.2,0.0,Philippines
Manila,PH,2021-11-07,12:00:00,1636261200,28.0,24.6,32.3,17.1,100.0,0.8,0.0,Philippines
Manila,PH,2021-11-08,12:00:00,1636347600,28.1,25.7,30.9,10.8,105.0,0.8,0.0,Philippines
Manila,PH,2021-11-09,12:00:00,1636434000,28.1,24.9,32.5,18.5,81.0,0.1,0.0,Philippines
Manila,PH,2021-11-10,12:00:00,1636520400,27.6,24.3,31.5,15.0,88.0,0.5,0.0,Philippines
Manila,PH,2021-11-11,12:00:00,1636606800,28.1,24.5,32.2,12.6,96.0,0.2,0.0,Philippines
Manila,PH,2021-11-12,12:00:00,1636693200,27.8,25.4,31.2,11.1,89.0,2.8,0.0,Philippines
Manila,PH,2021-11-13,12:00:00,1636779600,27.8,25.2,31.5,12.2,113.0,0.9,0.0,Philippines
Manila,PH,2021-11-14,12:00:00,1636866000,27.5,24.9,30.0,12.5,61.0,1.2,0.0,Philippines
Manila,PH,2021-11-15,12:00:00,1636952400,27.4,24.7,30.9,10.9,23.0,4.5,0.0,Philippines
Manila,PH,2021-11-16,12:00:00,1637038800,28.0,24.8,32.3,13.8,89.0,1.3,0.0,Philippines
Manila,PH,2021-11-17,12:00:00,1637125200,28.0,25.0,32.2,15.0,98.0,1.1,0.0,Philippines
Manila,PH,2021-11-18,12:00:00,1637211600,27.4,24.6,31.0,10.6,92.0,1.5,0.0,Philippines
Manila,PH,2021-11-19,12:00:00,1637298000,27.6,24.3,30.1,10.9,139.0,0.7,0.0,Philippines
Manila,PH,2021-11-20,12:00:00,1637384400,27.3,24.3,30.5,13.8,99.0,9.5,0.0,Philippines
Manila,PH,2021-11-21,12:00:00,1637470800,27.1,25.0,30.1,8.9,116.0,12.2,0.0,Philippines
Manila,PH,2021-11-22,12:00:00,1637557200,27.5,24.8,31.5,11.2,3.0,4.4,0.0,Philippines
Manila,PH,2021-11-23,12:00:00,1637643600,27.5,24.9,31.7,12.4,58.0,2.7,0.0,Philippines
Manila,PH,2021-11-24,12:00:00,1637730000,27.6,24.8,31.4,16.8,52.0,1.7,0.0,Philippines
Manila,PH,2021-11-25,12:00:00,1637816400,27.0,25.0,30.1,10.9,56.0,5.1,0.0,Philippines
Manila,PH,2021-11-26,12:00:00,1637902800,26.4,25.4,27.2,9.5,125.0,4.0,0.0,Philippines
Manila,PH,2021-11-27,12:00:00,1637989200,26.6,24.9,30.3,11.5,52.0,5.1,0.0,Philippines
Manila,PH,2021-11-28,12:00:00,1638075600,25.9,24.8,26.8,12.0,107.0,8.5,0.0,Philippines
Manila,PH,2021-11-29,12:00:00,1638162000,26.9,24.6,30.5,9.1,51.0,13.0,0.0,Philippines
Manila,PH,2021-11-30,12:00:00,1638248400,27.5,24.1,31.0,10.2,237.0,1.6,0.0,Philippines
Manila,PH,2021-12-01,12:00:00,1638334800,27.5,25.4,30.8,8.1,56.0,3.1,0.0,Philippines
Manila,PH,2021-12-02,12:00:00,1638421200,26.8,24.5,30.6,11.3,27.0,0.0,0.0,Philippines
Manila,PH,2021-12-03,12:00:00,1638507600,25.8,22.9,29.9,12.0,99.0,0.6,0.0,Philippines
Manila,PH,2021-12-04,12:00:00,1638594000,25.3,22.0,29.2,17.4,57.0,0.4,0.0,Philippines
Manila,PH,2021-12-05,12:00:00,1638680400,25.5,22.6,29.6,10.6,46.0,0.6,0.0,Philippines
Manila,PH,2021-12-06,12:00:00,1638766800,25.4,22.6,28.7,12.0,23.0,1.0,0.0,Philippines
Manila,PH,2021-12-07,12:00:00,1638853200,25.5,22.6,29.0,18.9,31.0,1.4,0.0,Philippines
Manila,PH,2021-12-08,12:00:00,1638939600,26.1,23.3,30.7,14.7,27.0,0.0,0.0,Philippines
Manila,PH,2021-12-09,12:00:00,1639026000,26.4,23.9,30.2,14.9,37.0,0.0,0.0,Philippines
Manila,PH,2021-12-10,12:00:00,1639112400,26.3,22.9,30.6,15.9,40.0,0.0,0.0,Philippines
Manila,PH,2021-12-11,12:00:00,1639198800,26.7,23.9,30.1,17.2,34.0,0.0,0.0,Philippines
Manila,PH,2021-12-12,12:00:00,1639285200,26.7,24.4,30.5,14.3,31.0,0.3,0.0,Philippines
Manila,PH,2021-12-13,12:00:00,1639371600,26.9,24.5,30.5,16.6,50.0,0.4,0.0,Philippines
Manila,PH,2021-12-14,12:00:00,1639458000,26.4,23.4,30.5,15.7,87.0,0.1,0.0,Philippines
Manila,PH,2021-12-15,12:00:00,1639544400,26.0,22.7,30.8,19.0,34.0,0.0,0.0,Philippines
Manila,PH,2021-12-16,12:00:00,1639630800,26.7,23.8,30.1,23.2,13.0,0.0,0.0,Philippines
Manila,PH,2021-12-17,12:00:00,1639717200,27.6,25.6,31.1,21.5,43.0,4.8,0.0,Philippines
Manila,PH,2021-12-18,12:00:00,1639803600,27.9,24.8,32.0,20.9,96.0,3.4,0.0,Philippines
Manila,PH,2021-12-19,12:00:00,1639890000,25.0,24.1,26.0,9.2,351.0,18.9,0.0,Philippines
Manila,PH,2021-12-20,12:00:00,1639976400,26.3,23.5,29.7,12.3,94.0,9.9,0.0,Philippines
Manila,PH,2021-12-21,12:00:00,1640062800,27.0,23.6,30.4,12.9,115.0,0.8,0.0,Philippines
Manila,PH,2021-12-22,12:00:00,1640149200,25.4,23.9,28.7,11.6,14.0,21.4,0.0,Philippines
Manila,PH,2021-12-23,12:00:00,1640235600,26.6,23.2,29.7,13.9,100.0,0.6,0.0,Philippines
Manila,PH,2021-12-24,12:00:00,1640322000,26.4,23.8,29.5,10.5,99.0,0.2,0.0,Philippines
Manila,PH,2021-12-25,12:00:00,1640408400,26.4,23.1,30.6,9.8,70.0,2.1,0.0,Philippines
Manila,PH,2021-12-26,12:00:00,1640494800,26.1,23.7,29.5,17.9,40.0,3.0,0.0,Philippines
Manila,PH,2021-12-27,12:00:00,1640581200,24.7,22.9,27.2,13.0,2.0,6.4,0.0,Philippines
Manila,PH,2021-12-28,12:00:00,1640667600,24.9,23.1,27.8,15.3,37.0,0.9,0.0,Philippines
Manila,PH,2021-12-29,12:00:00,1640754000,25.3,22.4,29.2,19.1,60.0,1.1,0.0,Philippines
Manila,PH,2021-12-30,12:00:00,1640840400,25.4,22.9,29.2,20.1,48.0,0.1,0.0,Philippines
Manila,PH,2021-12-31,12:00:00,1640926800,25.0,22.0,28.7,21.1,63.0,0.0,0.0,Philippines
Manila,PH,2022-01-01,12:00:00,1641013200,25.1,22.2,28.7,20.0,71.0,0.1,0.0,Philippines
Manila,PH,2022-01-02,12:00:00,1641099600,24.6,21.4,28.3,18.4,66.0,0.0,0.0,Philippines
Manila,PH,2022-01-03,12:00:00,1641186000,25.1,21.9,29.3,19.6,82.0,0.0,0.0,Philippines
Manila,PH,2022-01-04,12:00:00,1641272400,25.5,22.5,29.0,19.5,92.0,0.0,0.0,Philippines
Manila,PH,2022-01-05,12:00:00,1641358800,25.6,21.8,30.4,18.2,100.0,0.0,0.0,Philippines
Manila,PH,2022-01-06,12:00:00,1641445200,25.5,22.4,28.6,15.4,103.0,1.3,0.0,Philippines
Manila,PH,2022-01-07,12:00:00,1641531600,25.7,21.9,30.0,11.4,90.0,0.0,0.0,Philippines
Manila,PH,2022-01-08,12:00:00,1641618000,25.2,22.0,29.6,8.9,40.0,1.8,0.0,Philippines
Manila,PH,2022-01-09,12:00:00,1641704400,25.8,22.1,29.2,7.3,184.0,0.4,0.0,Philippines
Manila,PH,2022-01-10,12:00:00,1641790800,25.9,22.5,29.4,11.2,269.0,0.0,0.0,Philippines
Manila,PH,2022-01-11,12:00:00,1641877200,26.0,23.2,29.7,18.0,342.0,0.2,0.0,Philippines
Manila,PH,2022-01-12,12:00:00,1641963600,25.3,21.6,28.5,13.7,52.0,1.7,0.0,Philippines
Manila,PH,2022-01-13,12:00:00,1642050000,25.1,22.4,28.1,12.8,98.0,1.7,0.0,Philippines
Manila,PH,2022-01-14,12:00:00,1642136400,25.1,21.9,29.1,17.2,100.0,0.4,0.0,Philippines
Manila,PH,2022-01-15,12:00:00,1642222800,25.0,21.3,29.6,22.3,83.0,0.0,0.0,Philippines
Manila,PH,2022-01-16,12:00:00,1642309200,25.0,20.5,30.3,22.0,81.0,0.0,0.0,Philippines
Manila,PH,2022-01-17,12:00:00,1642395600,25.2,21.2,29.4,17.9,83.0,0.0,0.0,Philippines
Manila,PH,2022-01-18,12:00:00,1642482000,24.8,20.7,30.0,17.2,66.0,0.0,0.0,Philippines
Manila,PH,2022-01-19,12:00:00,1642568400,25.6,22.6,30.4,11.4,102.0,0.9,0.0,Philippines
Manila,PH,2022-01-20,12:00:00,1642654800,25.9,23.1,30.2,18.5,107.0,4.3,0.0,Philippines
Manila,PH,2022-01-21,12:00:00,1642741200,25.8,22.9,29.5,15.5,96.0,1.2,0.0,Philippines
Manila,PH,2022-01-22,12:00:00,1642827600,26.3,22.6,30.6,18.5,104.0,1.1,0.0,Philippines
Manila,PH,2022-01-23,12:00:00,1642914000,26.8,23.4,31.0,17.2,107.0,1.8,0.0,Philippines
Manila,PH,2022-01-24,12:00:00,1643000400,26.3,23.1,29.8,12.5,110.0,0.9,0.0,Philippines
Manila,PH,2022-01-25,12:00:00,1643086800,26.7,22.7,32.1,16.0,55.0,0.0,0.0,Philippines
Manila,PH,2022-01-26,12:00:00,1643173200,26.4,24.4,30.1,11.4,40.0,3.4,0.0,Philippines
Manila,PH,2022-01-27,12:00:00,1643259600,27.2,23.9,31.6,21.1,108.0,3.2,0.0,Philippines
Manila,PH,2022-01-28,12:00:00,1643346000,27.7,24.0,32.5,17.6,125.0,0.1,0.0,Philippines
Manila,PH,2022-01-29,12:00:00,1643432400,27.3,23.3,31.5,19.2,241.0,0.7,0.0,Philippines
Manila,PH,2022-01-30,12:00:00,1643518800,26.8,24.9,29.3,24.1,253.0,8.4,0.0,Philippines
Manila,PH,2022-01-31,12:00:00,1643605200,27.4,24.5,31.7,15.1,101.0,0.0,0.0,Philippines
Manila,PH,2022-02-01,12:00:00,1643691600,26.9,23.4,30.9,15.9,100.0,2.8,0.0,Philippines
Manila,PH,2022-02-02,12:00:00,1643778000,26.6,22.7,31.3,17.0,70.0,0.0,0.0,Philippines
Manila,PH,2022-02-03,12:00:00,1643864400,26.1,23.6,29.5,11.6,59.0,2.1,0.0,Philippines
Manila,PH,2022-02-04,12:00:00,1643950800,26.9,22.4,32.1,16.8,64.0,0.0,0.0,Philippines
Manila,PH,2022-02-05,12:00:00,1644037200,26.3,22.9,30.7,18.4,69.0,0.0,0.0,Philippines
Manila,PH,2022-02-06,12:00:00,1644123600,26.7,23.5,31.2,23.4,94.0,0.0,0.0,Philippines
Manila,PH,2022-02-07,12:00:00,1644210000,26.1,23.4,30.0,20.0,86.0,5.1,0.0,Philippines
Manila,PH,2022-02-08,12:00:00,1644296400,26.9,22.8,32.0,15.5,87.0,0.5,0.0,Philippines
Manila,PH,2022-02-09,12:00:00,1644382800,27.2,23.2,31.9,17.0,93.0,0.9,0.0,Philippines
Manila,PH,2022-02-10,12:00:00,1644469200,27.1,22.6,32.5,18.9,86.0,0.0,0.0,Philippines
Manila,PH,2022-02-11,12:00:00,1644555600,27.1,22.7,32.6,19.2,92.0,0.0,0.0,Philippines
Manila,PH,2022-02-12,12:00:00,1644642000,26.8,23.0,32.5,18.5,101.0,5.3,0.0,Philippines
Manila,PH,2022-02-13,12:00:00,1644728400,27.2,24.3,30.9,17.4,117.0,1.2,0.0,Philippines
Manila,PH,2022-02-14,12:00:00,1644814800,26.5,24.0,30.1,11.4,76.0,7.2,0.0,Philippines
Manila,PH,2022-02-15,12:00:00,1644901200,27.1,23.4,31.6,13.9,109.0,0.1,0.0,Philippines
Manila,PH,2022-02-16,12:00:00,1644987600,26.6,24.1,30.3,10.5,118.0,3.2,0.0,Philippines
Manila,PH,2022-02-17,12:00:00,1645074000,26.8,23.9,30.3,20.3,109.0,0.9,0.0,Philippines
Manila,PH,2022-02-18,12:00:00,1645160400,27.2,24.1,30.8,14.1,109.0,2.9,0.0,Philippines
Manila,PH,2022-02-19,12:00:00,1645246800,27.3,23.6,31.5,16.9,112.0,0.9,0.0,Philippines
Manila,PH,2022-02-20,12:00:00,1645333200,27.7,24.3,31.6,16.4,113.0,1.8,0.0,Philippines
Manila,PH,2022-02-21,12:00:00,1645419600,27.8,24.0,32.7,20.2,98.0,0.3,0.0,Philippines
Manila,PH,2022-02-22,12:00:00,1645506000,26.6,25.0,30.4,16.2,103.0,4.6,0.0,Philippines
Manila,PH,2022-02-23,12:00:00,1645592400,27.0,24.1,32.0,16.6,92.0,0.4,0.0,Philippines
Manila,PH,2022-02-24,12:00:00,1645678800,27.6,22.5,32.9,17.7,97.0,0.2,0.0,Philippines
Manila,PH,2022-02-25,12:00:00,1645765200,27.5,24.2,32.0,19.1,81.0,0.6,0.0,Philippines
Manila,PH,2022-02-26,12:00:00,1645851600,27.2,24.7,31.5,15.6,70.0,4.3,0.0,Philippines
Manila,PH,2022-02-27,12:00:00,1645938000,27.4,23.1,32.4,16.6,97.0,2.1,0.0,Philippines
Manila,PH,2022-02-28,12:00:00,1646024400,27.7,23.3,32.6,24.4,94.0,0.0,0.0,Philippines
Manila,PH,2022-03-01,12:00:00,1646110800,27.9,23.5,34.1,24.3,94.0,0.0,0.0,Philippines
Manila,PH,2022-03-02,12:00:00,1646197200,27.8,23.2,33.3,17.0,96.0,1.5,0.0,Philippines
Manila,PH,2022-03-03,12:00:00,1646283600,28.3,24.3,34.0,21.2,106.0,0.6,0.0,Philippines
Manila,PH,2022-03-04,12:00:00,1646370000,27.8,22.8,32.8,16.4,120.0,1.3,0.0,Philippines
Manila,PH,2022-03-05,12:00:00,1646456400,28.2,24.4,32.0,23.9,133.0,0.0,0.0,Philippines
Manila,PH,2022-03-06,12:00:00,1646542800,28.2,23.5,34.2,19.8,108.0,0.0,0.0,Philippines
Manila,PH,2022-03-07,12:00:00,1646629200,27.9,24.2,31.6,16.0,175.0,0.0,0.0,Philippines
Manila,PH,2022-03-08,12:00:00,1646715600,28.1,24.1,32.6,15.9,133.0,0.1,0.0,Philippines
Manila,PH,2022-03-09,12:00:00,1646802000,27.8,24.4,32.1,19.8,107.0,0.0,0.0,Philippines
Manila,PH,2022-03-10,12:00:00,1646888400,28.4,24.9,33.5,22.0,93.0,0.0,0.0,Philippines
Manila,PH,2022-03-11,12:00:00,1646974800,28.0,25.0,32.8,10.8,83.0,2.9,0.0,Philippines
Manila,PH,2022-03-12,12:00:00,1647061200,27.9,25.2,32.9,18.7,13.0,3.7,0.0,Philippines
Manila,PH,2022-03-13,12:00:00,1647147600,27.3,24.2,31.7,17.7,110.0,6.2,0.0,Philippines
Manila,PH,2022-03-14,12:00:00,1647234000,28.0,25.2,31.8,6.8,252.0,7.0,0.0,Philippines
Manila,PH,2022-03-15,12:00:00,1647320400,28.0,24.4,32.9,8.3,49.0,3.8,0.0,Philippines
Manila,PH,2022-03-16,12:00:00,1647406800,28.1,24.9,32.3,14.2,102.0,4.2,0.0,Philippines
Manila,PH,2022-03-17,12:00:00,1647493200,28.8,24.6,33.6,19.3,115.0,4.5,0.0,Philippines
Manila,PH,2022-03-18,12:00:00,1647579600,28.0,25.4,33.2,16.2,320.0,9.0,0.0,Philippines
Manila,PH,2022-03-19,12:00:00,1647666000,28.6,24.8,32.8,16.5,92.0,0.6,0.0,Philippines
Manila,PH,2022-03-20,12:00:00,1647752400,29.4,25.4,34.4,15.8,106.0,0.4,0.0,Philippines
Manila,PH,2022-03-21,12:00:00,1647838800,29.7,25.4,34.6,20.6,114.0,0.2,0.0,Philippines
Manila,PH,2022-03-22,12:00:00,1647925200,30.0,25.9,34.9,19.3,122.0,0.0,0.0,Philippines
Manila,PH,2022-03-23,12:00:00,1648011600,29.5,25.2,34.3,13.0,162.0,1.6,0.0,Philippines
Manila,PH,2022-03-24,12:00:00,1648098000,29.4,25.4,35.1,19.3,108.0,0.2,0.0,Philippines
Manila,PH,2022-03-25,12:00:00,1648184400,30.0,25.5,35.1,20.0,114.0,0.0,0.0,Philippines
Manila,PH,2022-03-26,12:00:00,1648270800,30.1,26.4,34.3,15.6,126.0,1.2,0.0,Philippines
Manila,PH,2022-03-27,12:00:00,1648357200,30.1,26.3,35.4,19.5,108.0,0.4,0.0,Philippines
Manila,PH,2022-03-28,12:00:00,1648443600,29.6,25.3,35.3,21.2,108.0,0.5,0.0,Philippines
Manila,PH,2022-03-29,12:00:00,1648530000,29.2,26.0,33.3,26.1,102.0,0.3,0.0,Philippines
Manila,PH,2022-03-30,12:00:00,1648616400,29.8,26.1,34.5,23.4,100.0,0.2,0.0,Philippines
Manila,PH,2022-03-31,12:00:00,1648702800,29.9,25.6,35.0,14.7,110.0,0.0,0.0,Philippines
Manila,PH,2022-04-01,12:00:00,1648789200,29.3,25.9,34.2,16.2,92.0,1.0,0.0,Philippines
Manila,PH,2022-04-02,12:00:00,1648875600,28.9,24.9,34.1,20.6,93.0,1.7,0.0,Philippines
Manila,PH,2022-04-03,12:00:00,1648962000,28.5,23.3,34.5,14.8,84.0,0.0,0.0,Philippines
Manila,PH,2022-04-04,12:00:00,1649048400,28.7,24.8,32.7,19.5,80.0,3.7,0.0,Philippines
Manila,PH,2022-04-05,12:00:00,1649134800,27.5,25.2,30.5,13.4,46.0,2.0,0.0,Philippines
Manila,PH,2022-04-06,12:00:00,1649221200,27.7,24.3,31.6,12.6,49.0,2.3,0.0,Philippines
Manila,PH,2022-04-07,12:00:00,1649307600,28.3,25.2,32.9,15.6,53.0,2.4,0.0,Philippines
Manila,PH,2022-04-08,12:00:00,1649394000,26.7,25.1,30.4,10.3,208.0,21.0,0.0,Philippines
Manila,PH,2022-04-09,12:00:00,1649480400,28.2,25.4,32.1,13.9,131.0,1.8,0.0,Philippines
Manila,PH,2022-04-10,12:00:00,1649566800,27.0,25.3,29.9,9.7,331.0,1.6,0.0,Philippines
Manila,PH,2022-04-11,12:00:00,1649653200,27.9,25.3,31.4,15.8,12.0,0.2,0.0,Philippines
Manila,PH,2022-04-12,12:00:00,1649739600,26.8,24.9,30.0,11.6,210.0,5.9,0.0,Philippines
Manila,PH,2022-04-13,12:00:00,1649826000,27.4,24.4,30.8,19.1,220.0,4.0,0.0,Philippines
Manila,PH,2022-04-14,12:00:00,1649912400,28.1,24.9,31.7,14.8,257.0,3.6,0.0,Philippines
Manila,PH,2022-04-15,12:00:00,1649998800,28.0,24.3,32.4,16.5,182.0,0.8,0.0,Philippines
Manila,PH,2022-04-16,12:00:00,1650085200,27.8,24.8,31.7,12.3,104.0,3.9,0.0,Philippines
Manila,PH,2022-04-17,12:00:00,1650171600,26.5,24.8,28.4,14.8,110.0,12.8,0.0,Philippines
Manila,PH,2022-04-18,12:00:00,1650258000,28.1,24.8,32.6,18.8,103.0,2.8,0.0,Philippines
Manila,PH,2022-04-19,12:00:00,1650344400,27.9,23.8,32.2,17.6,93.0,1.4,0.0,Philippines
Manila,PH,2022-04-20,12:00:00,1650430800,28.1,24.5,32.3,17.8,106.0,6.9,0.0,Philippines
Manila,PH,2022-04-21,12:00:00,1650517200,28.4,24.6,32.7,13.1,106.0,1.6,0.0,Philippines
Manila,PH,2022-04-22,12:00:00,1650603600,29.2,25.8,33.4,16.5,109.0,0.7,0.0,Philippines
Manila,PH,2022-04-23,12:00:00,1650690000,29.3,24.9,34.1,21.3,123.0,0.0,0.0,Philippines
Manila,PH,2022-04-24,12:00:00,1650776400,29.1,25.7,33.7,20.9,117.0,1.2,0.0,Philippines
Manila,PH,2022-04-25,12:00:00,1650862800,29.1,26.2,33.4,17.8,116.0,1.0,0.0,Philippines
Manila,PH,2022-04-26,12:00:00,1650949200,29.5,26.5,33.2,17.1,121.0,0.7,0.0,Philippines
Manila,PH,2022-04-27,12:00:00,1651035600,29.5,25.8,34.3,17.4,106.0,3.3,0.0,Philippines
Manila,PH,2022-04-28,12:00:00,1651122000,29.4,25.5,34.5,23.4,116.0,1.6,0.0,Philippines
Manila,PH,2022-04-29,12:00:00,1651208400,29.6,26.4,34.3,20.3,113.0,3.8,0.0,Philippines
Manila,PH,2022-04-30,12:00:00,1651294800,28.8,24.5,34.0,18.7,119.0,4.4,0.0,Philippines
Manila,PH,2022-05-01,12:00:00,1651381200,29.7,25.9,34.5,23.4,115.0,0.0,0.0,Philippines
Manila,PH,2022-05-02,12:00:00,1651467600,29.5,25.1,33.9,18.9,115.0,1.3,0.0,Philippines
Manila,PH,2022-05-03,12:00:00,1651554000,29.7,25.5,34.8,16.4,106.0,0.5,0.0,Philippines
Manila,PH,2022-05-04,12:00:00,1651640400,29.9,25.5,34.7,23.1,101.0,1.4,0.0,Philippines
Manila,PH,2022-05-05,12:00:00,1651726800,30.2,25.1,35.8,14.1,119.0,0.2,0.0,Philippines
Manila,PH,2022-05-06,12:00:00,1651813200,30.5,25.8,35.6,17.2,113.0,0.0,0.0,Philippines
Manila,PH,2022-05-07,12:00:00,1651899600,30.8,26.7,35.9,19.9,114.0,1.3,0.0,Philippines
Manila,PH,2022-05-08,12:00:00,1651986000,31.0,26.9,36.9,21.0,107.0,0.0,0.0,Philippines
Manila,PH,2022-05-09,12:00:00,1652072400,30.8,26.7,36.1,20.8,113.0,0.8,0.0,Philippines
Manila,PH,2022-05-10,12:00:00,1652158800,30.6,26.6,35.5,20.1,118.0,1.5,0.0,Philippines
Manila,PH,2022-05-11,12:00:00,1652245200,30.7,26.9,35.4,19.4,129.0,0.7,0.0,Philippines
Manila,PH,2022-05-12,12:00:00,1652331600,30.7,26.9,35.7,20.6,145.0,2.2,0.0,Philippines
Manila,PH,2022-05-13,12:00:00,1652418000,30.0,27.1,34.8,14.0,170.0,9.2,0.0,Philippines
Manila,PH,2022-05-14,12:00:00,1652504400,29.1,26.4,33.9,16.5,149.0,2.4,0.0,Philippines
Manila,PH,2022-05-15,12:00:00,1652590800,28.3,25.7,33.6,15.5,121.0,5.5,0.0,Philippines
Manila,PH,2022-05-16,12:00:00,1652677200,27.4,25.7,32.1,16.5,183.0,19.9,0.0,Philippines
Manila,PH,2022-05-17,12:00:00,1652763600,27.3,25.5,31.1,14.5,176.0,12.3,0.0,Philippines
Manila,PH,2022-05-18,12:00:00,1652850000,26.9,25.4,29.6,12.4,136.0,16.7,0.0,Philippines
Manila,PH,2022-05-19,12:00:00,1652936400,27.0,24.8,30.6,16.9,123.0,12.6,0.0,Philippines
Manila,PH,2022-05-20,12:00:00,1653022800,26.4,24.9,29.9,10.4,100.0,16.9,0.0,Philippines
Manila,PH,2022-05-21,12:00:00,1653109200,27.6,25.0,30.3,13.5,213.0,1.0,0.0,Philippines
Manila,PH,2022-05-22,12:00:00,1653195600,26.6,25.3,30.0,14.6,181.0,14.6,0.0,Philippines
Manila,PH,2022-05-23,12:00:00,1653282000,27.6,25.5,31.3,12.1,139.0,7.3,0.0,Philippines
Manila,PH,2022-05-24,12:00:00,1653368400,28.7,25.3,32.2,15.5,128.0,0.6,0.0,Philippines
Manila,PH,2022-05-25,12:00:00,1653454800,28.6,26.5,32.2,13.2,143.0,3.5,0.0,Philippines
Manila,PH,2022-05-26,12:00:00,1653541200,28.2,24.9,31.7,16.9,163.0,9.4,0.0,Philippines
Manila,PH,2022-05-27,12:00:00,1653627600,28.6,25.4,32.8,13.8,142.0,4.2,0.0,Philippines
Manila,PH,2022-05-28,12:00:00,1653714000,26.6,24.7,28.3,10.2,158.0,30.8,0.0,Philippines
Manila,PH,2022-05-29,12:00:00,1653800400,28.2,25.0,31.2,21.4,225.0,0.3,0.0,Philippines
Manila,PH,2022-05-30,12:00:00,1653886800,28.3,25.7,32.5,13.0,178.0,8.1,0.0,Philippines
Manila,PH,2022-05-31,12:00:00,1653973200,27.2,24.2,30.4,16.6,102.0,9.2,0.0,Philippines
Manila,PH,2022-06-01,12:00:00,1654059600,27.4,26.0,29.7,10.3,121.0,3.4,0.0,Philippines
Manila,PH,2022-06-02,12:00:00,1654146000,28.1,25.2,30.9,18.2,227.0,4.3,0.0,Philippines
Manila,PH,2022-06-03,12:00:00,1654232400,28.7,25.5,31.8,24.1,243.0,1.3,0.0,Philippines
Manila,PH,2022-06-04,12:00:00,1654318800,28.4,25.2,32.3,12.9,174.0,0.7,0.0,Philippines
Manila,PH,2022-06-05,12:00:00,1654405200,29.0,25.1,32.7,16.3,207.0,0.1,0.0,Philippines
Manila,PH,2022-06-06,12:00:00,1654491600,29.2,26.2,32.4,16.1,202.0,1.2,0.0,Philippines
Manila,PH,2022-06-07,12:00:00,1654578000,29.0,26.1,31.4,18.2,236.0,19.6,0.0,Philippines
Manila,PH,2022-06-08,12:00:00,1654664400,27.8,24.1,31.9,13.8,136.0,19.9,0.0,Philippines
Manila,PH,2022-06-09,12:00:00,1654750800,29.2,25.4,32.8,15.9,108.0,1.3,0.0,Philippines
Manila,PH,2022-06-10,12:00:00,1654837200,28.6,25.5,32.9,16.3,292.0,2.1,0.0,Philippines
Manila,PH,2022-06-11,12:00:00,1654923600,28.9,25.9,32.4,13.9,148.0,2.5,0.0,Philippines
Manila,PH,2022-06-12,12:00:00,1655010000,27.9,25.8,31.2,14.6,145.0,10.9,0.0,Philippines
Manila,PH,2022-06-13,12:00:00,1655096400,28.3,25.1,32.4,18.8,168.0,17.7,0.0,Philippines
Manila,PH,2022-06-14,12:00:00,1655182800,28.5,26.1,33.5,18.3,134.0,9.2,0.0,Philippines
Manila,PH,2022-06-15,12:00:00,1655269200,28.7,25.4,32.9,14.3,97.0,4.1,0.0,Philippines
Manila,PH,2022-06-16,12:00:00,1655355600,29.0,25.8,32.3,14.6,100.0,2.2,0.0,Philippines
Manila,PH,2022-06-17,12:00:00,1655442000,29.4,26.2,32.9,12.6,37.0,0.8,0.0,Philippines
Manila,PH,2022-06-18,12:00:00,1655528400,28.8,26.2,32.2,15.7,111.0,3.4,0.0,Philippines
Manila,PH,2022-06-19,12:00:00,1655614800,28.2,25.3,33.1,9.4,121.0,8.8,0.0,Philippines
Manila,PH,2022-06-20,12:00:00,1655701200,28.2,24.7,32.8,14.8,48.0,6.7,0.0,Philippines
Manila,PH,2022-06-21,12:00:00,1655787600,28.0,24.8,32.4,23.2,116.0,1.5,0.0,Philippines
Manila,PH,2022-06-22,12:00:00,1655874000,27.3,23.9,31.6,16.5,102.0,19.7,0.0,Philippines
Manila,PH,2022-06-23,12:00:00,1655960400,27.5,25.0,31.2,14.2,60.0,2.1,0.0,Philippines
Manila,PH,2022-06-24,12:00:00,1656046800,27.9,25.7,31.3,10.1,106.0,2.9,0.0,Philippines
Manila,PH,2022-06-25,12:00:00,1656133200,28.0,25.5,30.8,9.0,38.0,2.7,0.0,Philippines
Manila,PH,2022-06-26,12:00:00,1656219600,27.6,25.9,29.9,10.5,34.0,6.4,0.0,Philippines
Manila,PH,2022-06-27,12:00:00,1656306000,26.6,25.5,28.7,10.8,141.0,39.4,0.0,Philippines
Manila,PH,2022-06-28,12:00:00,1656392400,26.5,25.3,29.3,17.7,136.0,29.2,0.0,Philippines
Manila,PH,2022-06-29,12:00:00,1656478800,26.8,25.2,29.7,14.0,135.0,8.6,0.0,Philippines
Manila,PH,2022-06-30,12:00:00,1656565200,27.6,25.9,30.5,16.8,161.0,26.1,0.0,Philippines
Manila,PH,2022-07-01,12:00:00,1656651600,27.3,25.8,29.5,16.3,204.0,2.5,0.0,Philippines
Manila,PH,2022-07-02,12:00:00,1656738000,28.2,25.8,30.5,12.9,140.0,0.2,0.0,Philippines
Manila,PH,2022-07-03,12:00:00,1656824400,28.9,26.0,31.8,15.8,161.0,0.5,0.0,Philippines
Manila,PH,2022-07-04,12:00:00,1656910800,28.2,26.1,32.2,11.8,133.0,2.6,0.0,Philippines
Manila,PH,2022-07-05,12:00:00,1656997200,26.9,25.1,30.3,11.5,47.0,14.9,0.0,Philippines
Manila,PH,2022-07-06,12:00:00,1657083600,26.8,24.7,30.8,11.1,32.0,23.1,0.0,Philippines
Manila,PH,2022-07-07,12:00:00,1657170000,26.5,25.0,28.9,10.9,145.0,14.2,0.0,Philippines
Manila,PH,2022-07-08,12:00:00,1657256400,26.7,24.5,29.8,14.0,139.0,15.7,0.0,Philippines
Manila,PH,2022-07-09,12:00:00,1657342800,27.4,24.8,31.0,16.5,126.0,32.7,0.0,Philippines
Manila,PH,2022-07-10,12:00:00,1657429200,28.2,25.9,31.9,13.4,132.0,2.7,0.0,Philippines
Manila,PH,2022-07-11,12:00:00,1657515600,27.9,25.9,32.0,20.4,137.0,5.3,0.0,Philippines
Manila,PH,2022-07-12,12:00:00,1657602000,27.1,24.8,31.0,13.5,204.0,30.5,0.0,Philippines
Manila,PH,2022-07-13,12:00:00,1657688400,27.2,25.2,29.5,18.9,230.0,7.5,0.0,Philippines
Manila,PH,2022-07-14,12:00:00,1657774800,28.4,25.2,31.2,16.9,236.0,2.3,0.0,Philippines
Manila,PH,2022-07-15,12:00:00,1657861200,28.2,25.8,31.0,13.1,215.0,11.9,0.0,Philippines
Manila,PH,2022-07-16,12:00:00,1657947600,27.6,25.2,31.2,12.8,290.0,21.3,0.0,Philippines
Manila,PH,2022-07-17,12:00:00,1658034000,26.7,24.7,30.1,11.3,331.0,17.9,0.0,Philippines
Manila,PH,2022-07-18,12:00:00,1658120400,26.5,24.6,30.8,12.8,130.0,20.3,0.0,Philippines
Manila,PH,2022-07-19,12:00:00,1658206800,27.5,25.0,31.4,15.5,131.0,3.4,0.0,Philippines
Manila,PH,2022-07-20,12:00:00,1658293200,28.8,25.6,32.3,19.7,115.0,4.9,0.0,Philippines
Manila,PH,2022-07-21,12:00:00,1658379600,27.2,24.9,29.6,12.2,154.0,19.8,0.0,Philippines
Manila,PH,2022-07-22,12:00:00,1658466000,27.6,25.4,31.1,10.8,51.0,4.6,0.0,Philippines
Manila,PH,2022-07-23,12:00:00,1658552400,27.9,25.0,31.9,12.3,11.0,4.6,0.0,Philippines
Manila,PH,2022-07-24,12:00:00,1658638800,28.0,25.6,31.6,16.9,239.0,15.3,0.0,Philippines
Manila,PH,2022-07-25,12:00:00,1658725200,27.8,25.5,32.0,9.0,59.0,18.5,0.0,Philippines
Manila,PH,2022-07-26,12:00:00,1658811600,27.9,25.2,31.4,17.3,194.0,4.4,0.0,Philippines
Manila,PH,2022-07-27,12:00:00,1658898000,27.5,25.0,30.5,21.6,259.0,12.6,0.0,Philippines
Manila,PH,2022-07-28,12:00:00,1658984400,27.6,25.9,30.3,17.1,253.0,14.0,0.0,Philippines
Manila,PH,2022-07-29,12:00:00,1659070800,26.9,25.5,29.3,19.8,238.0,26.7,0.0,Philippines
Manila,PH,2022-07-30,12:00:00,1659157200,26.6,25.1,28.7,20.3,232.0,20.2,0.0,Philippines
Manila,PH,2022-07-31,12:00:00,1659243600,27.1,25.4,29.4,21.4,235.0,6.8,0.0,Philippines
Manila,PH,2022-08-01,12:00:00,1659330000,27.0,25.3,30.1,20.0,231.0,11.5,0.0,Philippines
Manila,PH,2022-08-02,12:00:00,1659416400,27.4,24.7,30.3,11.6,171.0,1.2,0.0,Philippines
Manila,PH,2022-08-03,12:00:00,1659502800,28.0,24.7,31.4,16.6,134.0,17.1,0.0,Philippines
Manila,PH,2022-08-04,12:00:00,1659589200,26.4,24.5,29.8,10.8,63.0,24.5,0.0,Philippines
Manila,PH,2022-08-05,12:00:00,1659675600,25.4,24.5,26.8,15.0,326.0,66.8,0.0,Philippines
Manila,PH,2022-08-06,12:00:00,1659762000,26.4,24.9,28.5,20.0,210.0,12.4,0.0,Philippines
Manila,PH,2022-08-07,12:00:00,1659848400,26.4,24.7,30.1,10.9,134.0,15.3,0.0,Philippines
Manila,PH,2022-08-08,12:00:00,1659934800,26.4,25.4,29.0,15.0,131.0,25.7,0.0,Philippines
Manila,PH,2022-08-09,12:00:00,1660021200,27.3,25.4,30.1,21.6,209.0,1.7,0.0,Philippines
Manila,PH,2022-08-10,12:00:00,1660107600,27.8,25.1,30.5,15.4,231.0,0.5,0.0,Philippines
Manila,PH,2022-08-11,12:00:00,1660194000,26.8,25.0,28.9,13.2,254.0,4.8,0.0,Philippines
Manila,PH,2022-08-12,12:00:00,1660280400,27.5,24.6,30.5,12.1,305.0,13.6,0.0,Philippines
Manila,PH,2022-08-13,12:00:00,1660366800,26.6,24.2,29.9,17.7,16.0,17.0,0.0,Philippines
Manila,PH,2022-08-14,12:00:00,1660453200,26.6,25.0,29.4,11.4,26.0,31.1,0.0,Philippines
Manila,PH,2022-08-15,12:00:00,1660539600,26.0,24.4,28.3,21.4,215.0,23.2,0.0,Philippines
Manila,PH,2022-08-16,12:00:00,1660626000,27.5,25.3,29.9,24.0,233.0,5.8,0.0,Philippines
Manila,PH,2022-08-17,12:00:00,1660712400,27.2,25.7,29.5,26.3,235.0,14.5,0.0,Philippines
Manila,PH,2022-08-18,12:00:00,1660798800,26.1,25.1,28.2,11.5,210.0,27.4,0.0,Philippines
Manila,PH,2022-08-19,12:00:00,1660885200,26.8,24.8,30.7,13.8,122.0,5.6,0.0,Philippines
Manila,PH,2022-08-20,12:00:00,1660971600,26.7,24.4,29.8,13.0,61.0,5.9,0.0,Philippines
Manila,PH,2022-08-21,12:00:00,1661058000,26.8,24.2,29.7,11.8,335.0,9.8,0.0,Philippines
Manila,PH,2022-08-22,12:00:00,1661144400,26.5,24.4,28.6,23.7,261.0,17.2,0.0,Philippines
Manila,PH,2022-08-23,12:00:00,1661230800,25.8,24.8,26.6,34.7,236.0,33.9,0.0,Philippines
Manila,PH,2022-08-24,12:00:00,1661317200,26.3,24.1,28.8,13.1,165.0,5.6,0.0,Philippines
Manila,PH,2022-08-25,12:00:00,1661403600,27.7,24.5,31.2,7.3,287.0,3.6,0.0,Philippines
Manila,PH,2022-08-26,12:00:00,1661490000,27.6,24.6,30.8,9.5,15.0,2.0,0.0,Philippines
Manila,PH,2022-08-27,12:00:00,1661576400,27.4,25.2,30.0,12.4,185.0,2.3,0.0,Philippines
Manila,PH,2022-08-28,12:00:00,1661662800,27.4,25.4,31.6,12.6,125.0,12.3,0.0,Philippines
Manila,PH,2022-08-29,12:00:00,1661749200,27.8,24.7,31.0,11.2,314.0,0.0,0.0,Philippines
Manila,PH,2022-08-30,12:00:00,1661835600,27.1,25.0,29.6,12.3,345.0,5.5,0.0,Philippines
Manila,PH,2022-08-31,12:00:00,1661922000,27.5,25.3,29.5,17.2,265.0,7.2,0.0,Philippines
Manila,PH,2022-09-01,12:00:00,1662008400,27.3,25.3,29.2,26.5,250.0,3.2,0.0,Philippines
Manila,PH,2022-09-02,12:00:00,1662094800,26.8,25.6,28.0,27.7,243.0,31.0,0.0,Philippines
Manila,PH,2022-09-03,12:00:00,1662181200,26.6,25.6,28.0,31.9,239.0,20.6,0.0,Philippines
Manila,PH,2022-09-04,12:00:00,1662267600,27.2,25.8,29.3,31.8,239.0,8.5,0.0,Philippines
Manila,PH,2022-09-05,12:00:00,1662354000,27.5,26.3,29.9,24.6,231.0,8.8,0.0,Philippines
Manila,PH,2022-09-06,12:00:00,1662440400,27.6,25.5,31.2,9.3,174.0,9.7,0.0,Philippines
Manila,PH,2022-09-07,12:00:00,1662526800,28.2,24.9,32.4,12.9,123.0,5.4,0.0,Philippines
Manila,PH,2022-09-08,12:00:00,1662613200,28.2,24.9,31.6,10.8,245.0,11.2,0.0,Philippines
Manila,PH,2022-09-09,12:00:00,1662699600,26.8,24.3,30.7,10.9,160.0,12.2,0.0,Philippines
Manila,PH,2022-09-10,12:00:00,1662786000,26.5,24.5,28.1,24.1,235.0,12.0,0.0,Philippines
Manila,PH,2022-09-11,12:00:00,1662872400,27.3,25.2,29.2,20.8,249.0,8.0,0.0,Philippines
Manila,PH,2022-09-12,12:00:00,1662958800,27.7,25.7,29.9,21.6,261.0,6.1,0.0,Philippines
Manila,PH,2022-09-13,12:00:00,1663045200,28.1,26.3,30.2,20.3,253.0,1.7,0.0,Philippines
Manila,PH,2022-09-14,12:00:00,1663131600,27.3,25.9,29.3,24.4,246.0,6.6,0.0,Philippines
Manila,PH,2022-09-15,12:00:00,1663218000,27.4,25.7,29.5,22.1,239.0,5.5,0.0,Philippines
Manila,PH,2022-09-16,12:00:00,1663304400,27.1,25.5,29.3,21.0,238.0,21.5,0.0,Philippines
Manila,PH,2022-09-17,12:00:00,1663390800,26.8,24.9,29.1,15.5,251.0,12.3,0.0,Philippines
Manila,PH,2022-09-18,12:00:00,1663477200,26.8,25.2,29.2,28.3,237.0,21.4,0.0,Philippines
Manila,PH,2022-09-19,12:00:00,1663563600,26.2,25.4,28.3,24.0,235.0,28.8,0.0,Philippines
Manila,PH,2022-09-20,12:00:00,1663650000,25.9,25.2,26.7,21.8,249.0,28.7,0.0,Philippines
Manila,PH,2022-09-21,12:00:00,1663736400,26.2,24.7,28.7,21.7,245.0,24.7,0.0,Philippines
Manila,PH,2022-09-22,12:00:00,1663822800,26.2,24.0,28.3,13.9,275.0,9.4,0.0,Philippines
Manila,PH,2022-09-23,12:00:00,1663909200,25.8,23.5,29.0,14.8,285.0,18.3,0.0,Philippines
Manila,PH,2022-09-24,12:00:00,1663995600,26.9,23.9,29.9,12.0,219.0,0.4,0.0,Philippines
Manila,PH,2022-09-25,12:00:00,1664082000,26.6,25.1,28.0,41.8,247.0,67.7,0.0,Philippines
Manila,PH,2022-09-26,12:00:00,1664168400,26.8,25.3,30.2,22.3,146.0,21.0,0.0,Philippines
Manila,PH,2022-09-27,12:00:00,1664254800,26.8,25.3,30.3,14.5,141.0,12.9,0.0,Philippines
Manila,PH,2022-09-28,12:00:00,1664341200,26.7,24.4,29.7,11.3,118.0,15.0,0.0,Philippines
Manila,PH,2022-09-29,12:00:00,1664427600,27.0,24.5,30.5,10.2,20.0,4.7,0.0,Philippines
Manila,PH,2022-09-30,12:00:00,1664514000,26.8,25.0,29.2,15.2,100.0,4.5,0.0,Philippines
Manila,PH,2022-10-01,12:00:00,1664600400,27.3,24.5,31.7,17.7,97.0,1.7,0.0,Philippines
Manila,PH,2022-10-02,12:00:00,1664686800,27.3,24.4,30.7,11.9,96.0,2.7,0.0,Philippines
Manila,PH,2022-10-03,12:00:00,1664773200,26.8,24.9,30.4,12.8,89.0,4.1,0.0,Philippines
Manila,PH,2022-10-04,12:00:00,1664859600,26.9,24.0,29.9,13.2,69.0,13.6,0.0,Philippines
Manila,PH,2022-10-05,12:00:00,1664946000,27.2,25.3,30.2,13.2,127.0,10.1,0.0,Philippines
Manila,PH,2022-10-06,12:00:00,1665032400,28.2,25.4,32.0,11.5,98.0,1.0,0.0,Philippines
Manila,PH,2022-10-07,12:00:00,1665118800,27.2,24.9,30.4,11.3,107.0,5.2,0.0,Philippines
Manila,PH,2022-10-08,12:00:00,1665205200,27.6,24.8,30.8,9.1,69.0,1.1,0.0,Philippines
Manila,PH,2022-10-09,12:00:00,1665291600,27.0,25.1,30.3,10.1,35.0,2.1,0.0,Philippines
Manila,PH,2022-10-10,12:00:00,1665378000,27.4,24.6,30.6,18.5,318.0,1.8,0.0,Philippines
Manila,PH,2022-10-11,12:00:00,1665464400,27.6,24.7,30.8,19.9,262.0,5.5,0.0,Philippines
Manila,PH,2022-10-12,12:00:00,1665550800,27.7,25.1,29.7,16.4,236.0,1.3,0.0,Philippines
Manila,PH,2022-10-13,12:00:00,1665637200,27.7,25.7,30.9,11.6,157.0,14.5,0.0,Philippines
Manila,PH,2022-10-14,12:00:00,1665723600,27.0,24.3,30.1,15.0,313.0,25.1,0.0,Philippines
Manila,PH,2022-10-15,12:00:00,1665810000,27.8,24.8,30.3,23.8,269.0,9.6,0.0,Philippines
Manila,PH,2022-10-16,12:00:00,1665896400,27.5,25.8,30.1,27.0,244.0,4.7,0.0,Philippines
Manila,PH,2022-10-17,12:00:00,1665982800,27.0,25.5,28.9,22.0,225.0,4.6,0.0,Philippines
Manila,PH,2022-10-18,12:00:00,1666069200,27.3,25.2,30.3,12.3,208.0,6.0,0.0,Philippines
Manila,PH,2022-10-19,12:00:00,1666155600,26.7,24.5,29.8,9.1,81.0,25.6,0.0,Philippines
Manila,PH,2022-10-20,12:00:00,1666242000,25.9,24.2,28.9,10.7,39.0,21.2,0.0,Philippines
Manila,PH,2022-10-21,12:00:00,1666328400,27.1,24.3,30.6,8.7,54.0,0.7,0.0,Philippines
Manila,PH,2022-10-22,12:00:00,1666414800,27.5,25.0,31.1,13.8,29.0,7.7,0.0,Philippines
Manila,PH,2022-10-23,12:00:00,1666501200,27.1,25.1,29.9,7.5,350.0,4.8,0.0,Philippines
Manila,PH,2022-10-24,12:00:00,1666587600,27.5,24.8,29.8,11.8,179.0,3.5,0.0,Philippines
Manila,PH,2022-10-25,12:00:00,1666674000,26.4,25.2,28.7,10.7,332.0,37.5,0.0,Philippines
Manila,PH,2022-10-26,12:00:00,1666760400,27.2,25.0,30.6,18.0,26.0,4.5,0.0,Philippines
Manila,PH,2022-10-27,12:00:00,1666846800,27.6,24.1,32.0,12.5,22.0,0.0,0.0,Philippines
Manila,PH,2022-10-28,12:00:00,1666933200,27.0,25.6,28.5,22.6,2.0,8.4,0.0,Philippines
Manila,PH,2022-10-29,12:00:00,1667019600,25.4,24.9,26.0,44.2,330.0,131.5,0.0,Philippines
Manila,PH,2022-10-30,12:00:00,1667106000,27.0,25.6,28.6,30.8,150.0,33.7,0.0,Philippines
Manila,PH,2022-10-31,12:00:00,1667192400,27.5,25.6,29.9,24.8,161.0,8.8,0.0,Philippines
Manila,PH,2022-11-01,12:00:00,1667278800,26.8,25.6,28.6,19.6,202.0,19.3,0.0,Philippines
Manila,PH,2022-11-02,12:00:00,1667365200,27.0,24.2,29.8,14.1,196.0,0.7,0.0,Philippines
Manila,PH,2022-11-03,12:00:00,1667451600,26.5,24.3,29.8,11.6,357.0,11.4,0.0,Philippines
Manila,PH,2022-11-04,12:00:00,1667538000,26.0,23.7,29.1,8.7,3.0,9.7,0.0,Philippines
Manila,PH,2022-11-05,12:00:00,1667624400,26.5,23.7,29.6,7.6,293.0,5.0,0.0,Philippines
Manila,PH,2022-11-06,12:00:00,1667710800,27.1,24.2,29.7,12.2,110.0,0.9,0.0,Philippines
Manila,PH,2022-11-07,12:00:00,1667797200,27.1,24.6,29.6,10.8,38.0,1.3,0.0,Philippines
Manila,PH,2022-11-08,12:00:00,1667883600,26.3,25.0,27.5,8.7,45.0,6.4,0.0,Philippines
Manila,PH,2022-11-09,12:00:00,1667970000,27.3,24.5,30.6,7.9,57.0,1.1,0.0,Philippines
Manila,PH,2022-11-10,12:00:00,1668056400,27.4,24.7,30.7,15.8,102.0,0.4,0.0,Philippines
Manila,PH,2022-11-11,12:00:00,1668142800,27.6,24.7,31.0,13.1,114.0,0.2,0.0,Philippines
Manila,PH,2022-11-12,12:00:00,1668229200,27.3,24.8,30.5,7.6,74.0,6.1,0.0,Philippines
Manila,PH,2022-11-13,12:00:00,1668315600,27.5,24.2,31.1,7.2,58.0,0.5,0.0,Philippines
Manila,PH,2022-11-14,12:00:00,1668402000,27.8,24.7,31.5,16.5,61.0,0.8,0.0,Philippines
Manila,PH,2022-11-15,12:00:00,1668488400,27.7,25.1,31.0,11.4,92.0,1.0,0.0,Philippines
Manila,PH,2022-11-16,12:00:00,1668574800,27.7,25.1,31.5,15.5,90.0,0.7,0.0,Philippines
Manila,PH,2022-11-17,12:00:00,1668661200,27.5,24.8,31.1,12.9,100.0,2.5,0.0,Philippines
Manila,PH,2022-11-18,12:00:00,1668747600,26.9,24.6,29.9,13.0,79.0,3.6,0.0,Philippines
Manila,PH,2022-11-19,12:00:00,1668834000,26.2,24.5,29.7,10.8,84.0,23.4,0.0,Philippines
Manila,PH,2022-11-20,12:00:00,1668920400,26.7,24.5,29.6,17.3,107.0,4.4,0.0,Philippines
Manila,PH,2022-11-21,12:00:00,1669006800,26.5,24.6,29.3,18.5,112.0,9.1,0.0,Philippines
Manila,PH,2022-11-22,12:00:00,1669093200,27.3,25.1,30.3,17.4,116.0,1.1,0.0,Philippines
Manila,PH,2022-11-23,12:00:00,1669179600,27.4,24.9,30.2,15.0,116.0,0.7,0.0,Philippines
Manila,PH,2022-11-24,12:00:00,1669266000,28.0,24.6,31.9,15.2,109.0,0.1,0.0,Philippines
Manila,PH,2022-11-25,12:00:00,1669352400,27.2,24.7,30.5,13.2,103.0,1.3,0.0,Philippines
Manila,PH,2022-11-26,12:00:00,1669438800,27.1,24.1,30.8,10.1,74.0,0.7,0.0,Philippines
Manila,PH,2022-11-27,12:00:00,1669525200,26.7,22.8,30.8,16.6,99.0,0.0,0.0,Philippines
Manila,PH,2022-11-28,12:00:00,1669611600,27.2,23.7,29.9,13.2,72.0,2.5,0.0,Philippines
Manila,PH,2022-11-29,12:00:00,1669698000,27.9,24.5,32.2,7.7,101.0,0.2,0.0,Philippines
Manila,PH,2022-11-30,12:00:00,1669784400,27.6,24.7,31.7,14.5,63.0,22.7,0.0,Philippines
Manila,PH,2022-12-01,12:00:00,1669870800,27.2,24.5,30.6,16.5,94.0,0.8,0.0,Philippines
Manila,PH,2022-12-02,12:00:00,1669957200,27.5,24.7,31.4,20.0,60.0,0.7,0.0,Philippines
Manila,PH,2022-12-03,12:00:00,1670043600,27.6,24.1,31.8,15.1,83.0,0.3,0.0,Philippines
Manila,PH,2022-12-04,12:00:00,1670130000,27.5,24.8,31.1,10.5,75.0,0.2,0.0,Philippines
Manila,PH,2022-12-05,12:00:00,1670216400,27.2,24.5,30.2,11.5,90.0,0.4,0.0,Philippines
Manila,PH,2022-12-06,12:00:00,1670302800,27.3,24.1,31.0,15.0,105.0,0.7,0.0,Philippines
Manila,PH,2022-12-07,12:00:00,1670389200,27.2,24.0,30.6,11.0,126.0,1.4,0.0,Philippines
Manila,PH,2022-12-08,12:00:00,1670475600,26.9,24.1,29.2,13.5,226.0,0.4,0.0,Philippines
Manila,PH,2022-12-09,12:00:00,1670562000,26.1,24.5,28.7,9.0,88.0,11.7,0.0,Philippines
Manila,PH,2022-12-10,12:00:00,1670648400,25.8,24.5,28.7,12.0,15.0,11.9,0.0,Philippines
Manila,PH,2022-12-11,12:00:00,1670734800,26.5,23.8,29.1,10.0,307.0,1.4,0.0,Philippines
Manila,PH,2022-12-12,12:00:00,1670821200,27.1,24.4,29.2,8.3,187.0,0.6,0.0,Philippines
Manila,PH,2022-12-13,12:00:00,1670907600,27.0,24.7,29.8,10.0,95.0,1.4,0.0,Philippines
Manila,PH,2022-12-14,12:00:00,1670994000,26.8,25.0,30.1,11.5,126.0,3.1,0.0,Philippines
Manila,PH,2022-12-15,12:00:00,1671080400,27.1,24.5,31.2,15.1,111.0,0.7,0.0,Philippines
Manila,PH,2022-12-16,12:00:00,1671166800,27.7,25.1,32.1,15.2,70.0,0.1,0.0,Philippines
Manila,PH,2022-12-17,12:00:00,1671253200,27.2,24.8,30.6,14.4,26.0,1.3,0.0,Philippines
Manila,PH,2022-12-18,12:00:00,1671339600,26.6,24.9,29.2,24.3,21.0,0.3,0.0,Philippines
Manila,PH,2022-12-19,12:00:00,1671426000,25.6,24.3,27.4,18.7,2.0,0.6,0.0,Philippines
Manila,PH,2022-12-20,12:00:00,1671512400,25.1,23.6,27.5,24.1,13.0,15.5,0.0,Philippines
Manila,PH,2022-12-21,12:00:00,1671598800,25.7,23.1,29.1,18.1,8.0,6.2,0.0,Philippines
Manila,PH,2022-12-22,12:00:00,1671685200,25.5,23.0,27.9,15.9,0.0,0.7,0.0,Philippines
Manila,PH,2022-12-23,12:00:00,1671771600,25.8,24.2,28.6,13.4,12.0,0.1,0.0,Philippines
Manila,PH,2022-12-24,12:00:00,1671858000,24.9,23.3,27.7,13.5,2.0,0.4,0.0,Philippines
Manila,PH,2022-12-25,12:00:00,1671944400,24.5,22.7,27.0,14.3,24.0,0.0,0.0,Philippines
Manila,PH,2022-12-26,12:00:00,1672030800,24.4,21.8,27.7,15.5,67.0,0.0,0.0,Philippines
Manila,PH,2022-12-27,12:00:00,1672117200,24.6,22.0,27.1,13.0,89.0,0.0,0.0,Philippines
Manila,PH,2022-12-28,12:00:00,1672203600,25.2,22.3,29.2,17.0,35.0,0.0,0.0,Philippines
Manila,PH,2022-12-29,12:00:00,1672290000,24.8,22.6,27.7,20.5,357.0,15.2,0.0,Philippines
Manila,PH,2022-12-30,12:00:00,1672376400,26.3,23.3,30.8,14.8,33.0,0.3,0.0,Philippines
Manila,PH,2022-12-31,12:00:00,1672462800,25.8,23.2,29.1,8.1,270.0,1.3,0.0,Philippines
Manila,PH,2023-01-01,12:00:00,1672549200,26.2,23.3,28.8,7.3,132.0,11.3,0.0,Philippines
Manila,PH,2023-01-02,12:00:00,1672635600,26.9,23.5,31.1,14.4,60.0,1.3,0.0,Philippines
Manila,PH,2023-01-03,12:00:00,1672722000,25.9,23.9,28.8,14.0,42.0,6.8,0.0,Philippines
Manila,PH,2023-01-04,12:00:00,1672808400,26.0,23.9,28.5,14.3,22.0,5.1,0.0,Philippines
Manila,PH,2023-01-05,12:00:00,1672894800,24.9,23.6,27.0,8.1,353.0,6.8,0.0,Philippines
Manila,PH,2023-01-06,12:00:00,1672981200,25.0,23.7,28.0,13.2,83.0,17.6,0.0,Philippines
Manila,PH,2023-01-07,12:00:00,1673067600,25.6,23.0,29.4,21.6,82.0,0.2,0.0,Philippines
Manila,PH,2023-01-08,12:00:00,1673154000,24.6,21.8,28.5,17.0,83.0,1.0,0.0,Philippines
Manila,PH,2023-01-09,12:00:00,1673240400,25.2,21.6,29.5,10.8,55.0,0.0,0.0,Philippines
Manila,PH,2023-01-10,12:00:00,1673326800,25.2,22.2,28.6,11.2,205.0,0.1,0.0,Philippines
Manila,PH,2023-01-11,12:00:00,1673413200,25.5,22.5,29.4,11.7,54.0,0.0,0.0,Philippines
Manila,PH,2023-01-12,12:00:00,1673499600,25.7,21.9,30.3,16.5,69.0,0.0,0.0,Philippines
Manila,PH,2023-01-13,12:00:00,1673586000,25.5,22.7,29.2,13.8,77.0,1.1,0.0,Philippines
Manila,PH,2023-01-14,12:00:00,1673672400,25.1,23.2,27.8,9.8,120.0,4.9,0.0,Philippines
Manila,PH,2023-01-15,12:00:00,1673758800,24.7,23.3,27.5,10.6,329.0,17.6,0.0,Philippines
Manila,PH,2023-01-16,12:00:00,1673845200,25.2,23.2,28.5,8.3,42.0,6.4,0.0,Philippines
Manila,PH,2023-01-17,12:00:00,1673931600,25.9,23.1,29.0,19.1,41.0,0.8,0.0,Philippines
Manila,PH,2023-01-18,12:00:00,1674018000,25.7,24.0,29.0,12.4,6.0,6.7,0.0,Philippines
Manila,PH,2023-01-19,12:00:00,1674104400,26.1,23.7,29.5,14.0,43.0,0.1,0.0,Philippines
Manila,PH,2023-01-20,12:00:00,1674190800,26.0,23.8,29.2,15.9,33.0,0.8,0.0,Philippines
Manila,PH,2023-01-21,12:00:00,1674277200,25.6,23.8,28.4,11.1,17.0,4.6,0.0,Philippines
Manila,PH,2023-01-22,12:00:00,1674363600,25.7,23.2,29.1,12.6,86.0,0.4,0.0,Philippines
Manila,PH,2023-01-23,12:00:00,1674450000,26.4,22.5,31.1,11.2,65.0,0.3,0.0,Philippines
Manila,PH,2023-01-24,12:00:00,1674536400,26.3,23.4,30.6,16.2,49.0,0.5,0.0,Philippines
Manila,PH,2023-01-25,12:00:00,1674622800,25.5,23.4,29.0,17.7,54.0,0.0,0.0,Philippines
Manila,PH,2023-01-26,12:00:00,1674709200,25.4,22.1,29.6,18.0,45.0,0.0,0.0,Philippines
Manila,PH,2023-01-27,12:00:00,1674795600,25.1,23.9,27.5,16.8,6.0,7.7,0.0,Philippines
Manila,PH,2023-01-28,12:00:00,1674882000,25.1,23.0,27.7,16.3,36.0,0.7,0.0,Philippines
Manila,PH,2023-01-29,12:00:00,1674968400,24.6,22.3,27.8,18.6,50.0,0.1,0.0,Philippines
Manila,PH,2023-01-30,12:00:00,1675054800,25.3,22.4,29.0,13.0,39.0,0.0,0.0,Philippines
Manila,PH,2023-01-31,12:00:00,1675141200,25.5,23.2,28.6,18.8,73.0,0.0,0.0,Philippines
Manila,PH,2023-02-01,12:00:00,1675227600,26.3,22.9,31.0,21.1,84.0,0.0,0.0,Philippines
Manila,PH,2023-02-02,12:00:00,1675314000,26.5,23.8,31.1,15.9,113.0,0.5,0.0,Philippines
Manila,PH,2023-02-03,12:00:00,1675400400,26.7,22.8,31.7,16.2,102.0,0.9,0.0,Philippines
Manila,PH,2023-02-04,12:00:00,1675486800,26.3,23.2,30.8,18.4,106.0,0.0,0.0,Philippines
Manila,PH,2023-02-05,12:00:00,1675573200,26.2,22.6,30.7,15.2,106.0,0.4,0.0,Philippines
Manila,PH,2023-02-06,12:00:00,1675659600,26.5,23.7,29.6,10.7,105.0,2.3,0.0,Philippines
Manila,PH,2023-02-07,12:00:00,1675746000,27.0,24.4,31.0,15.0,108.0,0.5,0.0,Philippines
Manila,PH,2023-02-08,12:00:00,1675832400,26.6,23.4,30.6,13.9,101.0,3.9,0.0,Philippines
Manila,PH,2023-02-09,12:00:00,1675918800,26.5,22.7,31.1,19.5,73.0,0.1,0.0,Philippines
Manila,PH,2023-02-10,12:00:00,1676005200,26.7,22.1,31.9,16.6,87.0,0.0,0.0,Philippines
Manila,PH,2023-02-11,12:00:00,1676091600,26.7,22.3,32.1,22.9,102.0,0.0,0.0,Philippines
Manila,PH,2023-02-12,12:00:00,1676178000,27.3,23.7,32.1,20.9,95.0,0.2,0.0,Philippines
Manila,PH,2023-02-13,12:00:00,1676264400,26.5,22.7,29.8,19.1,128.0,0.3,0.0,Philippines
Manila,PH,2023-02-14,12:00:00,1676350800,26.3,22.4,29.8,11.9,93.0,1.2,0.0,Philippines
Manila,PH,2023-02-15,12:00:00,1676437200,26.3,21.7,31.3,20.8,55.0,0.0,0.0,Philippines
Manila,PH,2023-02-16,12:00:00,1676523600,26.2,23.7,29.8,19.3,48.0,2.6,0.0,Philippines
Manila,PH,2023-02-17,12:00:00,1676610000,25.7,21.7,30.7,18.9,65.0,0.0,0.0,Philippines
Manila,PH,2023-02-18,12:00:00,1676696400,26.4,22.9,31.0,18.0,34.0,0.9,0.0,Philippines
Manila,PH,2023-02-19,12:00:00,1676782800,24.3,23.5,24.9,17.9,331.0,21.6,0.0,Philippines
Manila,PH,2023-02-20,12:00:00,1676869200,25.9,23.4,29.3,11.9,312.0,6.3,0.0,Philippines
Manila,PH,2023-02-21,12:00:00,1676955600,25.8,23.5,28.4,12.2,162.0,1.5,0.0,Philippines
Manila,PH,2023-02-22,12:00:00,1677042000,25.8,22.2,28.8,14.0,169.0,0.0,0.0,Philippines
Manila,PH,2023-02-23,12:00:00,1677128400,26.2,23.1,29.9,10.7,224.0,0.0,0.0,Philippines
Manila,PH,2023-02-24,12:00:00,1677214800,26.8,23.4,30.2,8.2,273.0,0.1,0.0,Philippines
Manila,PH,2023-02-25,12:00:00,1677301200,27.5,23.8,31.4,11.2,71.0,2.0,0.0,Philippines
Manila,PH,2023-02-26,12:00:00,1677387600,27.0,25.0,30.0,22.9,21.0,0.1,0.0,Philippines
Manila,PH,2023-02-27,12:00:00,1677474000,26.2,24.1,29.2,18.4,20.0,0.0,0.0,Philippines
Manila,PH,2023-02-28,12:00:00,1677560400,25.9,23.1,29.8,17.5,76.0,0.0,0.0,Philippines
Manila,PH,2023-03-01,12:00:00,1677646800,26.3,22.9,30.0,11.0,44.0,0.7,0.0,Philippines
Manila,PH,2023-03-02,12:00:00,1677733200,25.9,23.9,29.8,17.3,88.0,1.0,0.0,Philippines
Manila,PH,2023-03-03,12:00:00,1677819600,25.5,22.1,29.6,18.4,58.0,0.0,0.0,Philippines
Manila,PH,2023-03-04,12:00:00,1677906000,25.3,21.4,30.1,14.9,98.0,0.2,0.0,Philippines
Manila,PH,2023-03-05,12:00:00,1677992400,25.5,22.7,29.8,16.3,83.0,0.0,0.0,Philippines
Manila,PH,2023-03-06,12:00:00,1678078800,25.1,20.8,30.0,18.5,121.0,0.0,0.0,Philippines
Manila,PH,2023-03-07,12:00:00,1678165200,25.4,20.8,29.9,19.4,120.0,0.0,0.0,Philippines
Manila,PH,2023-03-08,12:00:00,1678251600,25.7,22.2,29.6,12.3,130.0,1.0,0.0,Philippines
Manila,PH,2023-03-09,12:00:00,1678338000,26.0,21.9,29.6,12.6,114.0,0.4,0.0,Philippines
Manila,PH,2023-03-10,12:00:00,1678424400,25.6,22.2,29.1,14.0,107.0,4.0,0.0,Philippines
Manila,PH,2023-03-11,12:00:00,1678510800,25.5,21.0,29.8,15.8,109.0,0.1,0.0,Philippines
Manila,PH,2023-03-12,12:00:00,1678597200,26.1,21.6,31.1,13.1,117.0,0.0,0.0,Philippines
Manila,PH,2023-03-13,12:00:00,1678683600,25.0,23.1,27.6,13.0,125.0,5.1,0.0,Philippines
Manila,PH,2023-03-14,12:00:00,1678770000,26.2,22.2,30.6,19.6,118.0,0.0,0.0,Philippines
Manila,PH,2023-03-15,12:00:00,1678856400,26.3,21.7,30.8,13.3,98.0,0.7,0.0,Philippines
Manila,PH,2023-03-16,12:00:00,1678942800,27.4,23.0,32.5,16.3,98.0,0.0,0.0,Philippines
Manila,PH,2023-03-17,12:00:00,1679029200,27.4,23.5,31.9,15.8,106.0,0.9,0.0,Philippines
Manila,PH,2023-03-18,12:00:00,1679115600,27.3,22.8,32.2,21.3,130.0,0.0,0.0,Philippines
Manila,PH,2023-03-19,12:00:00,1679202000,27.6,24.0,32.4,20.9,126.0,0.0,0.0,Philippines
Manila,PH,2023-03-20,12:00:00,1679288400,27.2,23.1,31.9,22.0,134.0,0.0,0.0,Philippines
Manila,PH,2023-03-21,12:00:00,1679374800,27.1,22.6,32.0,24.7,131.0,0.0,0.0,Philippines
Manila,PH,2023-03-22,12:00:00,1679461200,28.2,22.7,34.0,19.7,118.0,0.0,0.0,Philippines
Manila,PH,2023-03-23,12:00:00,1679547600,29.0,25.0,34.2,19.9,117.0,0.0,0.0,Philippines
Manila,PH,2023-03-24,12:00:00,1679634000,29.0,23.8,34.2,20.9,120.0,1.3,0.0,Philippines
Manila,PH,2023-03-25,12:00:00,1679720400,29.5,25.9,34.7,21.5,117.0,0.0,0.0,Philippines
Manila,PH,2023-03-26,12:00:00,1679806800,29.1,25.4,33.6,22.2,136.0,0.0,0.0,Philippines
Manila,PH,2023-03-27,12:00:00,1679893200,29.0,24.1,34.4,21.7,122.0,0.2,0.0,Philippines
Manila,PH,2023-03-28,12:00:00,1679979600,28.7,24.4,33.5,17.6,113.0,1.4,0.0,Philippines
Manila,PH,2023-03-29,12:00:00,1680066000,28.7,25.1,33.3,19.2,117.0,0.8,0.0,Philippines
Manila,PH,2023-03-30,12:00:00,1680152400,28.7,24.9,33.3,20.0,139.0,0.3,0.0,Philippines
Manila,PH,2023-03-31,12:00:00,1680238800,29.0,25.4,33.4,16.5,117.0,1.2,0.0,Philippines
Manila,PH,2023-04-01,12:00:00,1680325200,29.5,25.7,34.2,15.3,131.0,0.2,0.0,Philippines
Manila,PH,2023-04-02,12:00:00,1680411600,28.7,25.0,33.7,18.8,62.0,3.7,0.0,Philippines
Manila,PH,2023-04-03,12:00:00,1680498000,28.2,24.9,32.9,16.0,90.0,2.8,0.0,Philippines
Manila,PH,2023-04-04,12:00:00,1680584400,27.7,23.6,32.2,20.1,103.0,20.7,0.0,Philippines
Manila,PH,2023-04-05,12:00:00,1680670800,28.4,25.2,33.1,20.8,125.0,0.0,0.0,Philippines
Manila,PH,2023-04-06,12:00:00,1680757200,28.5,24.4,32.9,17.6,159.0,1.2,0.0,Philippines
Manila,PH,2023-04-07,12:00:00,1680843600,28.9,25.5,32.7,13.7,178.0,0.0,0.0,Philippines
Manila,PH,2023-04-08,12:00:00,1680930000,29.0,25.0,34.3,18.6,100.0,0.4,0.0,Philippines
Manila,PH,2023-04-09,12:00:00,1681016400,28.6,25.5,33.3,21.3,86.0,0.9,0.0,Philippines
Manila,PH,2023-04-10,12:00:00,1681102800,28.4,24.9,31.6,14.2,132.0,1.1,0.0,Philippines
Manila,PH,2023-04-11,12:00:00,1681189200,28.3,24.7,32.3,22.4,162.0,0.0,0.0,Philippines
Manila,PH,2023-04-12,12:00:00,1681275600,26.4,25.0,29.2,12.2,250.0,16.6,0.0,Philippines
Manila,PH,2023-04-13,12:00:00,1681362000,25.5,24.4,27.5,28.5,241.0,43.2,0.0,Philippines
Manila,PH,2023-04-14,12:00:00,1681448400,26.6,24.9,29.3,13.8,160.0,9.1,0.0,Philippines
Manila,PH,2023-04-15,12:00:00,1681534800,27.7,24.7,30.8,14.5,214.0,0.1,0.0,Philippines
Manila,PH,2023-04-16,12:00:00,1681621200,27.9,25.5,30.9,13.4,218.0,2.2,0.0,Philippines
Manila,PH,2023-04-17,12:00:00,1681707600,28.1,25.4,31.4,13.2,139.0,2.0,0.0,Philippines
Manila,PH,2023-04-18,12:00:00,1681794000,28.5,25.0,32.2,16.6,119.0,0.5,0.0,Philippines
Manila,PH,2023-04-19,12:00:00,1681880400,28.8,25.4,32.7,14.0,147.0,0.2,0.0,Philippines
Manila,PH,2023-04-20,12:00:00,1681966800,29.4,26.3,33.6,15.0,179.0,0.0,0.0,Philippines
Manila,PH,2023-04-21,12:00:00,1682053200,28.3,25.1,32.8,15.3,102.0,1.6,0.0,Philippines
Manila,PH,2023-04-22,12:00:00,1682139600,28.8,24.8,32.7,16.4,120.0,0.4,0.0,Philippines
Manila,PH,2023-04-23,12:00:00,1682226000,28.8,25.2,33.0,16.4,32.0,2.5,0.0,Philippines
Manila,PH,2023-04-24,12:00:00,1682312400,28.8,26.3,32.3,10.0,146.0,1.9,0.0,Philippines
Manila,PH,2023-04-25,12:00:00,1682398800,29.0,26.1,32.8,14.2,119.0,0.6,0.0,Philippines
Manila,PH,2023-04-26,12:00:00,1682485200,29.3,26.2,32.9,10.7,104.0,0.6,0.0,Philippines
Manila,PH,2023-04-27,12:00:00,1682571600,29.6,26.0,34.3,19.3,109.0,0.4,0.0,Philippines
Manila,PH,2023-04-28,12:00:00,1682658000,29.6,24.9,34.7,14.5,118.0,0.0,0.0,Philippines
Manila,PH,2023-04-29,12:00:00,1682744400,29.3,25.0,34.3,16.9,103.0,1.9,0.0,Philippines
Manila,PH,2023-04-30,12:00:00,1682830800,28.5,25.4,34.2,11.6,345.0,2.5,0.0,Philippines
Manila,PH,2023-05-01,12:00:00,1682917200,29.8,25.4,34.6,17.5,97.0,0.4,0.0,Philippines
Manila,PH,2023-05-02,12:00:00,1683003600,30.5,26.7,35.3,21.0,87.0,0.2,0.0,Philippines
Manila,PH,2023-05-03,12:00:00,1683090000,30.3,26.8,35.6,22.1,87.0,0.9,0.0,Philippines
Manila,PH,2023-05-04,12:00:00,1683176400,29.5,26.5,34.0,23.2,105.0,0.5,0.0,Philippines
Manila,PH,2023-05-05,12:00:00,1683262800,30.2,26.3,35.0,21.4,119.0,0.7,0.0,Philippines
Manila,PH,2023-05-06,12:00:00,1683349200,30.4,26.7,35.1,23.8,125.0,2.4,0.0,Philippines
Manila,PH,2023-05-07,12:00:00,1683435600,30.6,27.0,35.5,22.2,166.0,0.2,0.0,Philippines
Manila,PH,2023-05-08,12:00:00,1683522000,29.6,26.1,35.5,21.1,158.0,4.7,0.0,Philippines
Manila,PH,2023-05-09,12:00:00,1683608400,29.1,25.9,33.7,17.0,78.0,14.0,0.0,Philippines
Manila,PH,2023-05-10,12:00:00,1683694800,27.9,25.6,32.1,9.2,100.0,6.3,0.0,Philippines
Manila,PH,2023-05-11,12:00:00,1683781200,28.7,26.2,31.0,18.0,123.0,0.7,0.0,Philippines
Manila,PH,2023-05-12,12:00:00,1683867600,28.6,26.5,32.8,15.2,104.0,4.3,0.0,Philippines
Manila,PH,2023-05-13,12:00:00,1683954000,29.3,25.3,33.5,15.7,264.0,1.0,0.0,Philippines
Manila,PH,2023-05-14,12:00:00,1684040400,29.5,26.3,33.2,18.3,233.0,4.4,0.0,Philippines
Manila,PH,2023-05-15,12:00:00,1684126800,29.1,26.1,32.7,21.9,248.0,5.2,0.0,Philippines
Manila,PH,2023-05-16,12:00:00,1684213200,28.7,27.3,31.6,20.8,245.0,10.2,0.0,Philippines
Manila,PH,2023-05-17,12:00:00,1684299600,29.3,26.3,32.2,18.1,256.0,2.2,0.0,Philippines
Manila,PH,2023-05-18,12:00:00,1684386000,29.1,25.9,32.4,17.6,242.0,8.1,0.0,Philippines
Manila,PH,2023-05-19,12:00:00,1684472400,28.9,26.4,31.5,11.3,225.0,4.3,0.0,Philippines
Manila,PH,2023-05-20,12:00:00,1684558800,28.1,25.7,30.6,10.8,159.0,5.6,0.0,Philippines
Manila,PH,2023-05-21,12:00:00,1684645200,28.3,26.4,30.9,12.5,171.0,4.6,0.0,Philippines
Manila,PH,2023-05-22,12:00:00,1684731600,28.9,26.9,31.9,16.6,225.0,4.9,0.0,Philippines
Manila,PH,2023-05-23,12:00:00,1684818000,28.5,26.2,31.9,14.6,268.0,9.8,0.0,Philippines
Manila,PH,2023-05-24,12:00:00,1684904400,28.8,26.1,33.4,16.9,183.0,12.1,0.0,Philippines
Manila,PH,2023-05-25,12:00:00,1684990800,28.0,25.6,32.5,12.4,359.0,9.2,0.0,Philippines
Manila,PH,2023-05-26,12:00:00,1685077200,28.0,24.5,31.8,13.4,353.0,11.0,0.0,Philippines
Manila,PH,2023-05-27,12:00:00,1685163600,28.3,24.9,32.5,9.8,261.0,5.7,0.0,Philippines
Manila,PH,2023-05-28,12:00:00,1685250000,28.7,25.2,31.8,22.9,283.0,1.1,0.0,Philippines
Manila,PH,2023-05-29,12:00:00,1685336400,30.5,28.4,33.4,29.3,274.0,0.1,0.0,Philippines
Manila,PH,2023-05-30,12:00:00,1685422800,29.4,27.3,33.1,35.0,252.0,3.4,0.0,Philippines
Manila,PH,2023-05-31,12:00:00,1685509200,28.5,26.7,31.0,36.0,246.0,3.7,0.0,Philippines
Manila,PH,2023-06-01,12:00:00,1685595600,28.8,26.5,31.0,33.5,244.0,4.4,0.0,Philippines
Manila,PH,2023-06-02,12:00:00,1685682000,27.8,25.5,30.2,27.6,238.0,20.2,0.0,Philippines
Manila,PH,2023-06-03,12:00:00,1685768400,28.1,26.1,30.2,18.8,237.0,7.1,0.0,Philippines
Manila,PH,2023-06-04,12:00:00,1685854800,28.3,25.9,32.4,12.2,173.0,8.6,0.0,Philippines
Manila,PH,2023-06-05,12:00:00,1685941200,27.9,25.7,32.4,12.8,117.0,10.0,0.0,Philippines
Manila,PH,2023-06-06,12:00:00,1686027600,27.8,25.2,31.7,8.7,148.0,15.5,0.0,Philippines
Manila,PH,2023-06-07,12:00:00,1686114000,27.9,24.9,32.4,16.6,171.0,12.7,0.0,Philippines
Manila,PH,2023-06-08,12:00:00,1686200400,27.7,24.0,31.2,22.7,236.0,16.4,0.0,Philippines
Manila,PH,2023-06-09,12:00:00,1686286800,27.4,24.4,30.5,26.6,244.0,17.6,0.0,Philippines
Manila,PH,2023-06-10,12:00:00,1686373200,27.3,25.6,29.4,25.7,230.0,15.6,0.0,Philippines
Manila,PH,2023-06-11,12:00:00,1686459600,26.9,25.9,28.0,27.7,231.0,23.2,0.0,Philippines
Manila,PH,2023-06-12,12:00:00,1686546000,27.3,25.5,29.4,24.3,224.0,7.3,0.0,Philippines
Manila,PH,2023-06-13,12:00:00,1686632400,28.7,26.7,31.1,28.2,236.0,3.8,0.0,Philippines
Manila,PH,2023-06-14,12:00:00,1686718800,29.2,27.7,31.0,23.3,239.0,0.5,0.0,Philippines
Manila,PH,2023-06-15,12:00:00,1686805200,27.8,25.1,31.0,16.3,200.0,17.9,0.0,Philippines
Manila,PH,2023-06-16,12:00:00,1686891600,28.1,25.4,30.8,18.5,133.0,7.2,0.0,Philippines
Manila,PH,2023-06-17,12:00:00,1686978000,28.9,25.3,32.4,18.0,119.0,7.9,0.0,Philippines
Manila,PH,2023-06-18,12:00:00,1687064400,28.7,25.3,32.6,14.9,129.0,1.1,0.0,Philippines
Manila,PH,2023-06-19,12:00:00,1687150800,28.5,25.6,32.1,10.8,327.0,5.3,0.0,Philippines
Manila,PH,2023-06-20,12:00:00,1687237200,28.3,25.3,31.8,16.9,27.0,7.9,0.0,Philippines
Manila,PH,2023-06-21,12:00:00,1687323600,28.5,25.7,32.3,20.2,185.0,11.6,0.0,Philippines
Manila,PH,2023-06-22,12:00:00,1687410000,28.0,24.8,33.4,18.1,190.0,5.4,0.0,Philippines
Manila,PH,2023-06-23,12:00:00,1687496400,28.1,24.5,31.8,10.9,342.0,4.9,0.0,Philippines
Manila,PH,2023-06-24,12:00:00,1687582800,28.3,25.1,32.1,17.6,104.0,3.6,0.0,Philippines
Manila,PH,2023-06-25,12:00:00,1687669200,27.5,25.5,30.1,11.4,97.0,12.0,0.0,Philippines
Manila,PH,2023-06-26,12:00:00,1687755600,27.5,25.9,29.5,13.7,93.0,8.2,0.0,Philippines
Manila,PH,2023-06-27,12:00:00,1687842000,28.0,25.6,30.7,11.0,67.0,8.0,0.0,Philippines
Manila,PH,2023-06-28,12:00:00,1687928400,27.8,25.4,32.2,18.6,184.0,21.1,0.0,Philippines
Manila,PH,2023-06-29,12:00:00,1688014800,27.7,25.4,31.1,16.3,215.0,11.6,0.0,Philippines
Manila,PH,2023-06-30,12:00:00,1688101200,28.3,26.2,30.1,15.2,227.0,1.0,0.0,Philippines
Manila,PH,2023-07-01,12:00:00,1688187600,28.6,26.1,33.9,14.4,159.0,9.8,0.0,Philippines
Manila,PH,2023-07-02,12:00:00,1688274000,28.4,26.0,31.9,10.2,124.0,0.4,0.0,Philippines
Manila,PH,2023-07-03,12:00:00,1688360400,29.1,25.1,33.9,20.4,99.0,0.1,0.0,Philippines
Manila,PH,2023-07-04,12:00:00,1688446800,29.8,25.9,33.7,11.0,121.0,0.0,0.0,Philippines
Manila,PH,2023-07-05,12:00:00,1688533200,30.0,26.4,34.0,19.2,115.0,0.4,0.0,Philippines
Manila,PH,2023-07-06,12:00:00,1688619600,30.0,27.1,33.6,21.9,150.0,3.0,0.0,Philippines
Manila,PH,2023-07-07,12:00:00,1688706000,28.6,24.8,33.5,20.3,42.0,13.1,0.0,Philippines
Manila,PH,2023-07-08,12:00:00,1688792400,29.5,25.6,33.6,16.3,333.0,1.3,0.0,Philippines
Manila,PH,2023-07-09,12:00:00,1688878800,29.9,26.1,34.1,9.6,105.0,0.6,0.0,Philippines
Manila,PH,2023-07-10,12:00:00,1688965200,29.5,26.3,33.1,12.1,94.0,2.6,0.0,Philippines
Manila,PH,2023-07-11,12:00:00,1689051600,29.3,26.6,33.8,11.5,338.0,6.6,0.0,Philippines
Manila,PH,2023-07-12,12:00:00,1689138000,28.3,26.2,31.9,12.2,325.0,2.6,0.0,Philippines
Manila,PH,2023-07-13,12:00:00,1689224400,26.5,26.0,27.1,18.5,244.0,54.4,0.0,Philippines
Manila,PH,2023-07-14,12:00:00,1689310800,26.0,25.2,26.6,29.3,215.0,58.4,0.0,Philippines
Manila,PH,2023-07-15,12:00:00,1689397200,26.7,25.5,28.7,30.9,214.0,14.2,0.0,Philippines
Manila,PH,2023-07-16,12:00:00,1689483600,26.6,25.0,28.9,23.4,209.0,27.4,0.0,Philippines
Manila,PH,2023-07-17,12:00:00,1689570000,27.5,25.1,29.5,22.2,199.0,13.3,0.0,Philippines
Manila,PH,2023-07-18,12:00:00,1689656400,28.8,26.1,31.7,13.6,203.0,14.6,0.0,Philippines
Manila,PH,2023-07-19,12:00:00,1689742800,27.6,24.5,30.8,11.7,36.0,21.0,0.0,Philippines
Manila,PH,2023-07-20,12:00:00,1689829200,27.3,24.5,31.2,11.7,316.0,12.4,0.0,Philippines
Manila,PH,2023-07-21,12:00:00,1689915600,27.4,25.1,31.3,10.7,75.0,8.1,0.0,Philippines
Manila,PH,2023-07-22,12:00:00,1690002000,27.4,25.0,30.7,19.0,241.0,7.0,0.0,Philippines
Manila,PH,2023-07-23,12:00:00,1690088400,26.6,24.6,29.9,16.7,305.0,17.5,0.0,Philippines
Manila,PH,2023-07-24,12:00:00,1690174800,26.7,24.6,29.7,22.3,288.0,10.5,0.0,Philippines
Manila,PH,2023-07-25,12:00:00,1690261200,28.0,26.7,30.5,31.1,248.0,5.0,0.0,Philippines
Manila,PH,2023-07-26,12:00:00,1690347600,27.2,26.1,28.3,41.3,237.0,7.4,0.0,Philippines
Manila,PH,2023-07-27,12:00:00,1690434000,26.8,25.0,28.4,35.9,224.0,22.1,0.0,Philippines
Manila,PH,2023-07-28,12:00:00,1690520400,26.8,25.5,28.6,32.2,226.0,27.3,0.0,Philippines
Manila,PH,2023-07-29,12:00:00,1690606800,26.8,25.0,29.0,27.0,235.0,18.4,0.0,Philippines
Manila,PH,2023-07-30,12:00:00,1690693200,26.7,25.4,28.8,26.2,243.0,11.8,0.0,Philippines
Manila,PH,2023-07-31,12:00:00,1690779600,27.4,25.7,29.5,27.7,241.0,7.3,0.0,Philippines
Manila,PH,2023-08-01,12:00:00,1690866000,27.3,26.2,29.0,28.7,237.0,8.0,0.0,Philippines
Manila,PH,2023-08-02,12:00:00,1690952400,27.0,26.0,28.7,31.7,231.0,9.2,0.0,Philippines
Manila,PH,2023-08-03,12:00:00,1691038800,27.4,25.7,29.5,33.4,231.0,7.4,0.0,Philippines
Manila,PH,2023-08-04,12:00:00,1691125200,28.2,26.2,30.1,29.6,238.0,4.0,0.0,Philippines
Manila,PH,2023-08-05,12:00:00,1691211600,28.4,26.5,30.6,29.8,247.0,3.3,0.0,Philippines
Manila,PH,2023-08-06,12:00:00,1691298000,28.6,27.2,30.2,32.7,248.0,0.9,0.0,Philippines
Manila,PH,2023-08-07,12:00:00,1691384400,28.3,26.2,30.1,30.9,250.0,2.9,0.0,Philippines
Manila,PH,2023-08-08,12:00:00,1691470800,28.6,26.4,30.6,26.4,251.0,3.8,0.0,Philippines
Manila,PH,2023-08-09,12:00:00,1691557200,28.4,26.4,31.0,28.2,248.0,1.9,0.0,Philippines
Manila,PH,2023-08-10,12:00:00,1691643600,28.2,26.4,30.9,17.6,244.0,3.5,0.0,Philippines
Manila,PH,2023-08-11,12:00:00,1691730000,28.1,26.4,30.3,23.9,243.0,0.9,0.0,Philippines
Manila,PH,2023-08-12,12:00:00,1691816400,28.0,25.6,30.2,21.4,241.0,0.9,0.0,Philippines
Manila,PH,2023-08-13,12:00:00,1691902800,28.6,26.2,30.8,21.4,240.0,0.8,0.0,Philippines
Manila,PH,2023-08-14,12:00:00,1691989200,28.8,26.9,31.1,15.9,248.0,1.4,0.0,Philippines
Manila,PH,2023-08-15,12:00:00,1692075600,28.6,26.4,31.6,16.0,253.0,3.9,0.0,Philippines
Manila,PH,2023-08-16,12:00:00,1692162000,28.0,25.3,31.2,22.4,253.0,4.1,0.0,Philippines
Manila,PH,2023-08-17,12:00:00,1692248400,27.8,25.7,30.4,26.1,242.0,4.0,0.0,Philippines
Manila,PH,2023-08-18,12:00:00,1692334800,28.0,26.3,30.2,23.5,238.0,3.8,0.0,Philippines
Manila,PH,2023-08-19,12:00:00,1692421200,28.3,26.3,30.8,17.3,234.0,4.2,0.0,Philippines
Manila,PH,2023-08-20,12:00:00,1692507600,28.9,26.7,31.1,21.3,245.0,1.0,0.0,Philippines
Manila,PH,2023-08-21,12:00:00,1692594000,27.9,25.3,31.1,16.1,295.0,1.8,0.0,Philippines
Manila,PH,2023-08-22,12:00:00,1692680400,27.3,25.5,30.5,16.8,280.0,15.0,0.0,Philippines
Manila,PH,2023-08-23,12:00:00,1692766800,27.3,25.4,30.3,23.4,243.0,12.1,0.0,Philippines
Manila,PH,2023-08-24,12:00:00,1692853200,27.3,25.0,30.1,25.4,251.0,7.6,0.0,Philippines
Manila,PH,2023-08-25,12:00:00,1692939600,27.7,25.1,30.5,21.0,267.0,2.6,0.0,Philippines
Manila,PH,2023-08-26,12:00:00,1693026000,27.6,26.6,29.5,25.9,260.0,7.6,0.0,Philippines
Manila,PH,2023-08-27,12:00:00,1693112400,27.2,26.2,28.8,26.5,261.0,9.2,0.0,Philippines
Manila,PH,2023-08-28,12:00:00,1693198800,28.0,26.7,30.2,26.3,256.0,3.0,0.0,Philippines
Manila,PH,2023-08-29,12:00:00,1693285200,27.2,26.0,29.3,36.4,240.0,3.8,0.0,Philippines
Manila,PH,2023-08-30,12:00:00,1693371600,26.9,25.7,28.6,34.9,237.0,11.3,0.0,Philippines
Manila,PH,2023-08-31,12:00:00,1693458000,26.6,24.9,28.4,34.0,232.0,25.5,0.0,Philippines
Manila,PH,2023-09-01,12:00:00,1693544400,26.9,25.6,28.2,34.7,234.0,28.6,0.0,Philippines
Manila,PH,2023-09-02,12:00:00,1693630800,27.0,25.5,28.9,35.1,239.0,26.9,0.0,Philippines
Manila,PH,2023-09-03,12:00:00,1693717200,27.0,25.8,28.5,32.3,236.0,12.1,0.0,Philippines
Manila,PH,2023-09-04,12:00:00,1693803600,26.8,26.0,27.6,28.7,241.0,26.5,0.0,Philippines
Manila,PH,2023-09-05,12:00:00,1693890000,27.1,26.0,29.4,24.3,235.0,24.8,0.0,Philippines
Manila,PH,2023-09-06,12:00:00,1693976400,27.7,25.1,31.0,14.5,284.0,7.0,0.0,Philippines
Manila,PH,2023-09-07,12:00:00,1694062800,27.6,24.6,32.2,12.9,197.0,8.5,0.0,Philippines
Manila,PH,2023-09-08,12:00:00,1694149200,28.0,24.8,31.7,13.9,238.0,5.5,0.0,Philippines
Manila,PH,2023-09-09,12:00:00,1694235600,27.8,24.7,31.1,10.2,267.0,0.4,0.0,Philippines
Manila,PH,2023-09-10,12:00:00,1694322000,27.9,25.2,31.0,16.6,272.0,2.7,0.0,Philippines
Manila,PH,2023-09-11,12:00:00,1694408400,27.7,25.0,30.2,17.6,288.0,2.2,0.0,Philippines
Manila,PH,2023-09-12,12:00:00,1694494800,27.1,25.0,30.1,9.7,300.0,8.3,0.0,Philippines
Manila,PH,2023-09-13,12:00:00,1694581200,27.0,25.2,28.6,17.0,252.0,10.3,0.0,Philippines
Manila,PH,2023-09-14,12:00:00,1694667600,27.0,25.0,30.6,18.9,210.0,11.9,0.0,Philippines
Manila,PH,2023-09-15,12:00:00,1694754000,27.3,25.1,30.4,13.4,203.0,12.0,0.0,Philippines
Manila,PH,2023-09-16,12:00:00,1694840400,27.6,24.9,31.2,12.9,20.0,6.5,0.0,Philippines
Manila,PH,2023-09-17,12:00:00,1694926800,26.9,24.9,31.1,13.7,8.0,24.5,0.0,Philippines
Manila,PH,2023-09-18,12:00:00,1695013200,27.6,24.5,31.1,12.8,352.0,4.0,0.0,Philippines
Manila,PH,2023-09-19,12:00:00,1695099600,27.3,24.4,31.7,9.0,43.0,12.8,0.0,Philippines
Manila,PH,2023-09-20,12:00:00,1695186000,28.1,24.9,31.8,10.5,2.0,0.7,0.0,Philippines
Manila,PH,2023-09-21,12:00:00,1695272400,27.9,25.4,32.1,11.0,27.0,6.1,0.0,Philippines
Manila,PH,2023-09-22,12:00:00,1695358800,26.5,24.8,28.5,9.4,176.0,20.6,0.0,Philippines
Manila,PH,2023-09-23,12:00:00,1695445200,26.3,24.8,28.1,12.5,200.0,29.5,0.0,Philippines
Manila,PH,2023-09-24,12:00:00,1695531600,27.4,24.7,30.4,7.3,77.0,5.9,0.0,Philippines
Manila,PH,2023-09-25,12:00:00,1695618000,27.2,25.5,29.7,9.7,260.0,16.5,0.0,Philippines
Manila,PH,2023-09-26,12:00:00,1695704400,27.0,24.7,30.0,15.8,294.0,7.8,0.0,Philippines
Manila,PH,2023-09-27,12:00:00,1695790800,27.0,24.8,30.0,15.6,268.0,4.0,0.0,Philippines
Manila,PH,2023-09-28,12:00:00,1695877200,27.1,24.7,31.2,11.3,106.0,11.5,0.0,Philippines
Manila,PH,2023-09-29,12:00:00,1695963600,27.3,24.2,31.4,8.6,27.0,6.5,0.0,Philippines
Manila,PH,2023-09-30,12:00:00,1696050000,27.7,25.3,30.5,18.4,257.0,2.0,0.0,Philippines
Manila,PH,2023-10-01,12:00:00,1696136400,27.8,26.0,30.8,20.4,255.0,9.1,0.0,Philippines
Manila,PH,2023-10-02,12:00:00,1696222800,27.4,25.6,29.9,26.3,255.0,9.2,0.0,Philippines
Manila,PH,2023-10-03,12:00:00,1696309200,27.3,26.0,29.5,28.2,247.0,6.2,0.0,Philippines
Manila,PH,2023-10-04,12:00:00,1696395600,27.3,26.3,29.1,25.6,244.0,16.4,0.0,Philippines
Manila,PH,2023-10-05,12:00:00,1696482000,26.7,25.5,28.5,23.5,238.0,9.5,0.0,Philippines
Manila,PH,2023-10-06,12:00:00,1696568400,27.2,25.4,29.1,20.8,235.0,4.8,0.0,Philippines
Manila,PH,2023-10-07,12:00:00,1696654800,27.6,24.9,30.3,15.4,222.0,1.2,0.0,Philippines
Manila,PH,2023-10-08,12:00:00,1696741200,27.6,25.2,30.9,15.6,140.0,7.0,0.0,Philippines
Manila,PH,2023-10-09,12:00:00,1696827600,27.6,24.8,31.2,12.6,280.0,1.1,0.0,Philippines
Manila,PH,2023-10-10,12:00:00,1696914000,27.8,25.3,30.2,10.7,173.0,3.8,0.0,Philippines
Manila,PH,2023-10-11,12:00:00,1697000400,26.9,25.2,28.7,13.1,148.0,4.6,0.0,Philippines
Manila,PH,2023-10-12,12:00:00,1697086800,27.2,24.4,29.7,9.5,119.0,2.1,0.0,Philippines
Manila,PH,2023-10-13,12:00:00,1697173200,28.0,25.1,30.9,7.1,158.0,0.8,0.0,Philippines
Manila,PH,2023-10-14,12:00:00,1697259600,27.9,25.6,30.7,14.4,128.0,2.3,0.0,Philippines
Manila,PH,2023-10-15,12:00:00,1697346000,27.8,24.9,30.9,13.9,108.0,6.3,0.0,Philippines
Manila,PH,2023-10-16,12:00:00,1697432400,26.9,23.9,29.8,12.2,98.0,8.4,0.0,Philippines
Manila,PH,2023-10-17,12:00:00,1697518800,27.4,24.9,30.5,10.2,4.0,6.6,0.0,Philippines
Manila,PH,2023-10-18,12:00:00,1697605200,27.9,24.8,31.1,9.3,77.0,1.6,0.0,Philippines
Manila,PH,2023-10-19,12:00:00,1697691600,26.8,25.4,29.4,8.4,180.0,12.7,0.0,Philippines
Manila,PH,2023-10-20,12:00:00,1697778000,27.1,24.6,29.6,12.2,35.0,11.2,0.0,Philippines
Manila,PH,2023-10-21,12:00:00,1697864400,25.9,24.3,28.2,6.9,7.0,7.9,0.0,Philippines
Manila,PH,2023-10-22,12:00:00,1697950800,26.2,24.7,28.2,10.5,22.0,8.4,0.0,Philippines
Manila,PH,2023-10-23,12:00:00,1698037200,26.0,24.7,28.0,6.3,23.0,5.6,0.0,Philippines
Manila,PH,2023-10-24,12:00:00,1698123600,26.3,23.9,30.5,9.9,27.0,5.0,0.0,Philippines
Manila,PH,2023-10-25,12:00:00,1698210000,27.7,24.5,31.0,8.4,36.0,0.7,0.0,Philippines
Manila,PH,2023-10-26,12:00:00,1698296400,27.6,25.4,30.6,11.8,81.0,5.6,0.0,Philippines
Manila,PH,2023-10-27,12:00:00,1698382800,26.8,24.7,30.8,12.6,30.0,3.5,0.0,Philippines
Manila,PH,2023-10-28,12:00:00,1698469200,27.3,24.1,30.4,9.7,68.0,0.9,0.0,Philippines
Manila,PH,2023-10-29,12:00:00,1698555600,28.0,24.9,31.5,9.9,100.0,1.1,0.0,Philippines
Manila,PH,2023-10-30,12:00:00,1698642000,28.1,24.7,32.7,14.0,53.0,0.2,0.0,Philippines
Manila,PH,2023-10-31,12:00:00,1698728400,28.0,25.0,31.6,15.2,41.0,13.4,0.0,Philippines
Manila,PH,2023-11-01,12:00:00,1698814800,26.1,24.4,28.7,12.2,23.0,14.5,0.0,Philippines
Manila,PH,2023-11-02,12:00:00,1698901200,26.3,24.3,28.4,7.8,28.0,6.9,0.0,Philippines
Manila,PH,2023-11-03,12:00:00,1698987600,27.0,24.2,31.1,11.8,36.0,2.9,0.0,Philippines
Manila,PH,2023-11-04,12:00:00,1699074000,27.7,24.5,30.9,8.6,27.0,3.3,0.0,Philippines
Manila,PH,2023-11-05,12:00:00,1699160400,27.4,24.8,30.9,8.6,18.0,2.4,0.0,Philippines
Manila,PH,2023-11-06,12:00:00,1699246800,28.0,24.6,31.3,10.2,64.0,1.1,0.0,Philippines
Manila,PH,2023-11-07,12:00:00,1699333200,27.8,25.0,31.6,12.6,94.0,1.3,0.0,Philippines
Manila,PH,2023-11-08,12:00:00,1699419600,27.6,25.6,30.6,12.0,65.0,1.2,0.0,Philippines
Manila,PH,2023-11-09,12:00:00,1699506000,28.1,25.2,32.1,8.9,101.0,1.5,0.0,Philippines
Manila,PH,2023-11-10,12:00:00,1699592400,27.9,24.7,32.1,11.2,105.0,0.9,0.0,Philippines
Manila,PH,2023-11-11,12:00:00,1699678800,27.8,24.7,31.4,15.9,52.0,0.9,0.0,Philippines
Manila,PH,2023-11-12,12:00:00,1699765200,28.1,25.2,31.4,10.9,64.0,1.3,0.0,Philippines
Manila,PH,2023-11-13,12:00:00,1699851600,27.7,25.4,30.9,13.4,65.0,0.6,0.0,Philippines
Manila,PH,2023-11-14,12:00:00,1699938000,27.7,25.4,30.8,19.6,36.0,1.6,0.0,Philippines
Manila,PH,2023-11-15,12:00:00,1700024400,27.8,25.7,31.1,15.4,47.0,1.6,0.0,Philippines
Manila,PH,2023-11-16,12:00:00,1700110800,28.0,25.4,32.0,14.3,39.0,0.1,0.0,Philippines
Manila,PH,2023-11-17,12:00:00,1700197200,28.0,25.3,32.6,19.1,39.0,0.0,0.0,Philippines
Manila,PH,2023-11-18,12:00:00,1700283600,27.5,24.8,31.5,17.1,41.0,0.9,0.0,Philippines
Manila,PH,2023-11-19,12:00:00,1700370000,27.1,24.8,30.9,14.8,7.0,0.0,0.0,Philippines
Manila,PH,2023-11-20,12:00:00,1700456400,27.4,24.5,31.7,8.5,14.0,0.4,0.0,Philippines
Manila,PH,2023-11-21,12:00:00,1700542800,27.5,24.6,31.6,11.2,44.0,0.8,0.0,Philippines
Manila,PH,2023-11-22,12:00:00,1700629200,27.1,23.9,30.9,9.0,88.0,2.1,0.0,Philippines
Manila,PH,2023-11-23,12:00:00,1700715600,26.5,24.1,30.0,10.8,280.0,4.6,0.0,Philippines
Manila,PH,2023-11-24,12:00:00,1700802000,27.5,24.5,31.5,14.5,84.0,1.5,0.0,Philippines
Manila,PH,2023-11-25,12:00:00,1700888400,26.8,25.1,28.6,12.6,28.0,2.8,0.0,Philippines
Manila,PH,2023-11-26,12:00:00,1700974800,27.4,24.6,30.9,17.8,39.0,1.3,0.0,Philippines
Manila,PH,2023-11-27,12:00:00,1701061200,27.9,24.4,32.6,16.5,99.0,0.9,0.0,Philippines
Manila,PH,2023-11-28,12:00:00,1701147600,28.1,24.8,32.4,18.4,99.0,0.6,0.0,Philippines
Manila,PH,2023-11-29,12:00:00,1701234000,28.1,25.2,32.0,15.8,82.0,0.3,0.0,Philippines
Manila,PH,2023-11-30,12:00:00,1701320400,28.5,26.0,32.1,18.4,48.0,0.1,0.0,Philippines
Manila,PH,2023-12-01,12:00:00,1701406800,28.2,25.7,31.8,23.0,53.0,1.0,0.0,Philippines
Manila,PH,2023-12-02,12:00:00,1701493200,28.3,25.7,32.4,19.7,54.0,0.0,0.0,Philippines
Manila,PH,2023-12-03,12:00:00,1701579600,27.8,25.0,31.7,18.8,69.0,0.9,0.0,Philippines
Manila,PH,2023-12-04,12:00:00,1701666000,28.4,24.7,33.2,12.8,65.0,0.3,0.0,Philippines
Manila,PH,2023-12-05,12:00:00,1701752400,27.9,25.4,31.0,6.5,22.0,3.2,0.0,Philippines
Manila,PH,2023-12-06,12:00:00,1701838800,27.0,25.0,31.3,10.4,14.0,6.3,0.0,Philippines
Manila,PH,2023-12-07,12:00:00,1701925200,27.2,24.0,30.6,16.9,102.0,1.4,0.0,Philippines
Manila,PH,2023-12-08,12:00:00,1702011600,28.1,25.7,31.8,10.0,118.0,0.0,0.0,Philippines
Manila,PH,2023-12-09,12:00:00,1702098000,27.4,23.7,31.4,12.9,102.0,0.5,0.0,Philippines
Manila,PH,2023-12-10,12:00:00,1702184400,27.9,23.9,32.5,13.0,98.0,0.2,0.0,Philippines
Manila,PH,2023-12-11,12:00:00,1702270800,27.1,24.2,30.6,9.7,64.0,1.2,0.0,Philippines
Manila,PH,2023-12-12,12:00:00,1702357200,28.2,24.5,33.3,15.5,63.0,0.0,0.0,Philippines
Manila,PH,2023-12-13,12:00:00,1702443600,28.3,25.6,32.9,17.9,80.0,1.8,0.0,Philippines
Manila,PH,2023-12-14,12:00:00,1702530000,27.9,25.4,31.1,20.5,60.0,0.8,0.0,Philippines
Manila,PH,2023-12-15,12:00:00,1702616400,27.4,24.5,31.2,14.7,30.0,18.0,0.0,Philippines
Manila,PH,2023-12-16,12:00:00,1702702800,26.1,23.7,29.2,11.6,355.0,3.9,0.0,Philippines
Manila,PH,2023-12-17,12:00:00,1702789200,27.3,24.6,30.8,22.2,30.0,2.3,0.0,Philippines
Manila,PH,2023-12-18,12:00:00,1702875600,26.9,24.5,30.7,19.2,27.0,1.1,0.0,Philippines
Manila,PH,2023-12-19,12:00:00,1702962000,27.6,24.5,32.0,16.3,80.0,2.0,0.0,Philippines
Manila,PH,2023-12-20,12:00:00,1703048400,28.0,25.1,31.6,9.8,107.0,1.6,0.0,Philippines
Manila,PH,2023-12-21,12:00:00,1703134800,27.3,25.3,30.5,8.6,95.0,2.9,0.0,Philippines
Manila,PH,2023-12-22,12:00:00,1703221200,25.9,23.9,28.3,18.6,11.0,8.0,0.0,Philippines
Manila,PH,2023-12-23,12:00:00,1703307600,25.3,22.9,28.1,18.3,11.0,0.4,0.0,Philippines
Manila,PH,2023-12-24,12:00:00,1703394000,26.7,24.2,30.2,17.3,18.0,1.3,0.0,Philippines
Manila,PH,2023-12-25,12:00:00,1703480400,26.6,24.6,30.0,22.5,23.0,2.5,0.0,Philippines
Manila,PH,2023-12-26,12:00:00,1703566800,26.7,24.6,30.0,19.4,32.0,1.2,0.0,Philippines
Manila,PH,2023-12-27,12:00:00,1703653200,26.9,24.2,31.1,13.6,72.0,2.1,0.0,Philippines
Manila,PH,2023-12-28,12:00:00,1703739600,27.2,24.0,31.5,10.9,93.0,1.4,0.0,Philippines
Manila,PH,2023-12-29,12:00:00,1703826000,27.1,23.8,31.5,17.0,69.0,1.4,0.0,Philippines
Manila,PH,2023-12-30,12:00:00,1703912400,27.5,24.4,31.8,14.1,87.0,2.1,0.0,Philippines
Manila,PH,2023-12-31,12:00:00,1703998800,26.7,24.2,30.3,10.4,348.0,2.1,0.0,Philippines
Manila,PH,2024-01-01,12:00:00,1704085200,26.6,23.9,30.3,7.4,284.0,2.3,0.0,Philippines
Manila,PH,2024-01-02,12:00:00,1704171600,26.7,24.4,30.1,7.6,100.0,1.5,0.0,Philippines
Manila,PH,2024-01-03,12:00:00,1704258000,27.2,24.3,30.6,8.2,19.0,0.3,0.0,Philippines
Manila,PH,2024-01-04,12:00:00,1704344400,27.7,25.2,31.6,11.0,43.0,0.0,0.0,Philippines
Manila,PH,2024-01-05,12:00:00,1704430800,27.4,24.7,31.3,10.4,68.0,0.7,0.0,Philippines
Manila,PH,2024-01-06,12:00:00,1704517200,27.2,23.8,31.7,10.3,69.0,0.0,0.0,Philippines
Manila,PH,2024-01-07,12:00:00,1704603600,27.1,24.6,31.0,15.5,100.0,0.0,0.0,Philippines
Manila,PH,2024-01-08,12:00:00,1704690000,27.4,24.7,31.4,19.7,94.0,0.8,0.0,Philippines
Manila,PH,2024-01-09,12:00:00,1704776400,26.9,23.5,31.1,12.3,102.0,5.9,0.0,Philippines
Manila,PH,2024-01-10,12:00:00,1704862800,27.1,24.5,30.9,11.5,335.0,2.0,0.0,Philippines
Manila,PH,2024-01-11,12:00:00,1704949200,26.9,24.3,30.8,13.0,79.0,0.1,0.0,Philippines
Manila,PH,2024-01-12,12:00:00,1705035600,26.4,23.8,30.3,14.3,106.0,0.0,0.0,Philippines
Manila,PH,2024-01-13,12:00:00,1705122000,26.7,23.9,30.4,19.1,98.0,0.0,0.0,Philippines
Manila,PH,2024-01-14,12:00:00,1705208400,26.8,24.1,31.1,13.4,117.0,0.0,0.0,Philippines
Manila,PH,2024-01-15,12:00:00,1705294800,26.7,23.7,30.9,12.9,61.0,1.2,0.0,Philippines
Manila,PH,2024-01-16,12:00:00,1705381200,26.2,23.0,30.7,20.9,84.0,0.0,0.0,Philippines
Manila,PH,2024-01-17,12:00:00,1705467600,26.0,23.0,30.9,19.1,62.0,0.1,0.0,Philippines
Manila,PH,2024-01-18,12:00:00,1705554000,26.0,21.8,31.4,12.4,48.0,1.0,0.0,Philippines
Manila,PH,2024-01-19,12:00:00,1705640400,26.9,23.3,31.9,14.9,96.0,0.8,0.0,Philippines
Manila,PH,2024-01-20,12:00:00,1705726800,26.5,23.1,29.8,12.6,103.0,2.5,0.0,Philippines
Manila,PH,2024-01-21,12:00:00,1705813200,27.3,24.1,31.2,11.5,111.0,0.6,0.0,Philippines
Manila,PH,2024-01-22,12:00:00,1705899600,26.9,24.1,31.1,15.0,112.0,2.9,0.0,Philippines
Manila,PH,2024-01-23,12:00:00,1705986000,26.4,24.0,29.2,12.4,193.0,2.5,0.0,Philippines
Manila,PH,2024-01-24,12:00:00,1706072400,26.5,24.3,30.0,20.1,20.0,0.0,0.0,Philippines
Manila,PH,2024-01-25,12:00:00,1706158800,25.9,23.6,30.0,13.7,41.0,0.0,0.0,Philippines
Manila,PH,2024-01-26,12:00:00,1706245200,25.3,22.5,28.9,13.4,80.0,0.2,0.0,Philippines
Manila,PH,2024-01-27,12:00:00,1706331600,24.7,21.2,29.1,21.3,67.0,0.0,0.0,Philippines
Manila,PH,2024-01-28,12:00:00,1706418000,25.0,21.2,29.7,24.3,50.0,0.0,0.0,Philippines
Manila,PH,2024-01-29,12:00:00,1706504400,25.6,22.6,30.2,24.2,72.0,0.2,0.0,Philippines
Manila,PH,2024-01-30,12:00:00,1706590800,25.8,20.8,31.4,19.5,78.0,0.0,0.0,Philippines
Manila,PH,2024-01-31,12:00:00,1706677200,26.3,22.4,30.9,17.7,99.0,0.2,0.0,Philippines
Manila,PH,2024-02-01,12:00:00,1706763600,27.1,23.0,32.8,19.1,91.0,0.1,0.0,Philippines
Manila,PH,2024-02-02,12:00:00,1706850000,27.6,23.8,32.6,17.7,100.0,0.0,0.0,Philippines
Manila,PH,2024-02-03,12:00:00,1706936400,27.6,23.3,33.6,21.5,105.0,0.0,0.0,Philippines
Manila,PH,2024-02-04,12:00:00,1707022800,28.3,24.1,34.2,22.4,110.0,0.0,0.0,Philippines
Manila,PH,2024-02-05,12:00:00,1707109200,27.9,23.9,33.3,19.4,105.0,0.2,0.0,Philippines
Manila,PH,2024-02-06,12:00:00,1707195600,27.6,23.5,32.8,15.5,96.0,0.0,0.0,Philippines
Manila,PH,2024-02-07,12:00:00,1707282000,27.5,23.0,32.7,23.2,127.0,0.0,0.0,Philippines
Manila,PH,2024-02-08,12:00:00,1707368400,27.4,22.7,31.8,17.5,150.0,0.0,0.0,Philippines
Manila,PH,2024-02-09,12:00:00,1707454800,27.4,23.9,31.4,14.7,114.0,2.7,0.0,Philippines
Manila,PH,2024-02-10,12:00:00,1707541200,27.5,24.3,32.1,17.4,70.0,1.4,0.0,Philippines
Manila,PH,2024-02-11,12:00:00,1707627600,27.3,23.9,32.2,17.7,72.0,0.0,0.0,Philippines
Manila,PH,2024-02-12,12:00:00,1707714000,26.5,23.5,31.3,20.7,86.0,0.0,0.0,Philippines
Manila,PH,2024-02-13,12:00:00,1707800400,27.1,23.8,32.1,22.4,83.0,0.0,0.0,Philippines
Manila,PH,2024-02-14,12:00:00,1707886800,28.0,24.2,33.8,22.1,101.0,0.0,0.0,Philippines
Manila,PH,2024-02-15,12:00:00,1707973200,28.0,23.6,32.9,16.0,104.0,0.2,0.0,Philippines
Manila,PH,2024-02-16,12:00:00,1708059600,27.1,23.8,30.5,16.6,110.0,1.0,0.0,Philippines
Manila,PH,2024-02-17,12:00:00,1708146000,27.8,23.7,33.6,21.7,106.0,0.0,0.0,Philippines
Manila,PH,2024-02-18,12:00:00,1708232400,28.1,23.9,34.0,19.4,116.0,0.0,0.0,Philippines
Manila,PH,2024-02-19,12:00:00,1708318800,28.3,25.0,33.5,23.3,103.0,0.0,0.0,Philippines
Manila,PH,2024-02-20,12:00:00,1708405200,28.3,24.3,33.9,22.2,102.0,0.0,0.0,Philippines
Manila,PH,2024-02-21,12:00:00,1708491600,28.3,24.8,33.3,24.4,94.0,0.0,0.0,Philippines
Manila,PH,2024-02-22,12:00:00,1708578000,28.6,23.1,34.3,17.7,108.0,0.0,0.0,Philippines
Manila,PH,2024-02-23,12:00:00,1708664400,28.2,23.5,34.2,21.6,100.0,0.0,0.0,Philippines
Manila,PH,2024-02-24,12:00:00,1708750800,28.8,24.3,35.0,21.0,71.0,0.1,0.0,Philippines
Manila,PH,2024-02-25,12:00:00,1708837200,28.4,26.1,32.8,19.1,105.0,1.4,0.0,Philippines
Manila,PH,2024-02-26,12:00:00,1708923600,27.8,24.8,32.6,20.8,99.0,0.0,0.0,Philippines
Manila,PH,2024-02-27,12:00:00,1709010000,27.3,22.9,32.8,22.5,93.0,0.0,0.0,Philippines
Manila,PH,2024-02-28,12:00:00,1709096400,27.1,22.1,32.7,23.4,87.0,0.0,0.0,Philippines
Manila,PH,2024-02-29,12:00:00,1709182800,27.9,23.4,34.3,21.8,98.0,0.1,0.0,Philippines
Manila,PH,2024-03-01,12:00:00,1709269200,27.8,23.2,32.4,17.3,102.0,0.0,0.0,Philippines
Manila,PH,2024-03-02,12:00:00,1709355600,27.6,23.5,32.1,17.0,111.0,0.0,0.0,Philippines
Manila,PH,2024-03-03,12:00:00,1709442000,27.6,23.2,33.3,21.3,110.0,0.0,0.0,Philippines
Manila,PH,2024-03-04,12:00:00,1709528400,27.9,23.9,32.7,18.1,111.0,3.6,0.0,Philippines
Manila,PH,2024-03-05,12:00:00,1709614800,28.8,25.3,33.9,21.5,112.0,0.0,0.0,Philippines
Manila,PH,2024-03-06,12:00:00,1709701200,28.2,23.1,34.1,14.1,208.0,0.0,0.0,Philippines
Manila,PH,2024-03-07,12:00:00,1709787600,28.1,24.1,33.0,19.3,137.0,0.2,0.0,Philippines
Manila,PH,2024-03-08,12:00:00,1709874000,27.9,24.6,32.2,18.6,113.0,0.8,0.0,Philippines
Manila,PH,2024-03-09,12:00:00,1709960400,27.8,25.0,32.3,20.6,93.0,3.5,0.0,Philippines
Manila,PH,2024-03-10,12:00:00,1710046800,27.9,24.4,33.1,16.4,80.0,1.2,0.0,Philippines
Manila,PH,2024-03-11,12:00:00,1710133200,27.9,24.7,32.3,17.9,58.0,0.3,0.0,Philippines
Manila,PH,2024-03-12,12:00:00,1710219600,27.4,24.3,31.8,13.4,97.0,12.1,0.0,Philippines
Manila,PH,2024-03-13,12:00:00,1710306000,27.6,24.8,31.8,19.8,104.0,0.4,0.0,Philippines
Manila,PH,2024-03-14,12:00:00,1710392400,27.6,24.2,31.9,13.9,110.0,5.8,0.0,Philippines
Manila,PH,2024-03-15,12:00:00,1710478800,27.3,24.4,31.2,15.9,108.0,3.1,0.0,Philippines
Manila,PH,2024-03-16,12:00:00,1710565200,28.0,24.4,32.8,19.0,107.0,1.7,0.0,Philippines
Manila,PH,2024-03-17,12:00:00,1710651600,27.6,24.3,31.5,12.1,123.0,0.8,0.0,Philippines
Manila,PH,2024-03-18,12:00:00,1710738000,27.7,23.8,32.6,17.6,115.0,0.5,0.0,Philippines
Manila,PH,2024-03-19,12:00:00,1710824400,27.7,23.6,32.1,11.9,120.0,2.9,0.0,Philippines
Manila,PH,2024-03-20,12:00:00,1710910800,27.5,24.3,32.2,20.0,97.0,0.2,0.0,Philippines
Manila,PH,2024-03-21,12:00:00,1710997200,26.5,24.0,30.7,19.8,105.0,0.5,0.0,Philippines
Manila,PH,2024-03-22,12:00:00,1711083600,26.8,23.8,31.1,22.4,108.0,0.2,0.0,Philippines
Manila,PH,2024-03-23,12:00:00,1711170000,27.6,24.7,31.9,25.0,109.0,1.7,0.0,Philippines
Manila,PH,2024-03-24,12:00:00,1711256400,28.8,24.9,34.2,22.4,112.0,0.0,0.0,Philippines
Manila,PH,2024-03-25,12:00:00,1711342800,28.9,24.8,34.7,22.2,114.0,0.0,0.0,Philippines
Manila,PH,2024-03-26,12:00:00,1711429200,29.1,24.9,34.3,10.7,95.0,2.4,0.0,Philippines
Manila,PH,2024-03-27,12:00:00,1711515600,28.7,25.0,33.6,15.1,113.0,8.3,0.0,Philippines
Manila,PH,2024-03-28,12:00:00,1711602000,29.6,25.2,35.5,20.9,113.0,4.2,0.0,Philippines
Manila,PH,2024-03-29,12:00:00,1711688400,28.9,25.6,33.9,22.2,129.0,2.8,0.0,Philippines
Manila,PH,2024-03-30,12:00:00,1711774800,29.3,25.5,35.1,27.2,116.0,0.0,0.0,Philippines
Manila,PH,2024-03-31,12:00:00,1711861200,29.2,23.6,35.4,18.2,127.0,0.0,0.0,Philippines
Manila,PH,2024-04-01,12:00:00,1711947600,30.0,25.5,35.5,23.6,114.0,0.0,0.0,Philippines
Manila,PH,2024-04-02,12:00:00,1712034000,30.1,25.7,35.9,19.2,110.0,0.0,0.0,Philippines
Manila,PH,2024-04-03,12:00:00,1712120400,29.7,25.5,35.8,22.5,113.0,0.0,0.0,Philippines
Manila,PH,2024-04-04,12:00:00,1712206800,29.6,24.7,34.9,20.4,105.0,1.9,0.0,Philippines
Manila,PH,2024-04-05,12:00:00,1712293200,30.1,25.4,36.0,24.4,99.0,0.0,0.0,Philippines
Manila,PH,2024-04-06,12:00:00,1712379600,29.8,26.0,35.1,23.1,104.0,1.5,0.0,Philippines
Manila,PH,2024-04-07,12:00:00,1712466000,29.8,25.4,34.5,23.5,112.0,2.1,0.0,Philippines
Manila,PH,2024-04-08,12:00:00,1712552400,29.6,25.1,35.0,24.6,123.0,0.0,0.0,Philippines
Manila,PH,2024-04-09,12:00:00,1712638800,29.0,23.3,35.2,22.0,133.0,0.0,0.0,Philippines
Manila,PH,2024-04-10,12:00:00,1712725200,29.9,25.6,35.2,16.5,106.0,0.5,0.0,Philippines
Manila,PH,2024-04-11,12:00:00,1712811600,30.2,26.1,36.2,19.8,108.0,0.1,0.0,Philippines
Manila,PH,2024-04-12,12:00:00,1712898000,30.2,25.7,35.8,21.3,122.0,0.0,0.0,Philippines
Manila,PH,2024-04-13,12:00:00,1712984400,29.8,24.6,35.9,25.2,126.0,0.0,0.0,Philippines
Manila,PH,2024-04-14,12:00:00,1713070800,30.1,25.1,35.3,20.2,123.0,1.7,0.0,Philippines
Manila,PH,2024-04-15,12:00:00,1713157200,30.2,26.5,34.7,23.8,141.0,0.1,0.0,Philippines
Manila,PH,2024-04-16,12:00:00,1713243600,30.2,25.2,35.7,24.7,131.0,0.0,0.0,Philippines
Manila,PH,2024-04-17,12:00:00,1713330000,29.9,24.4,35.6,24.0,135.0,0.0,0.0,Philippines
Manila,PH,2024-04-18,12:00:00,1713416400,30.4,25.8,36.3,20.2,210.0,0.0,0.0,Philippines
Manila,PH,2024-04-19,12:00:00,1713502800,31.1,26.4,36.1,27.0,125.0,0.0,0.0,Philippines
Manila,PH,2024-04-20,12:00:00,1713589200,30.9,25.7,37.0,20.5,110.0,0.0,0.0,Philippines
Manila,PH,2024-04-21,12:00:00,1713675600,31.0,27.0,36.4,24.3,109.0,0.0,0.0,Philippines
Manila,PH,2024-04-22,12:00:00,1713762000,31.0,26.2,36.6,22.6,118.0,0.3,0.0,Philippines
Manila,PH,2024-04-23,12:00:00,1713848400,31.5,27.2,36.4,21.5,124.0,1.1,0.0,Philippines
Manila,PH,2024-04-24,12:00:00,1713934800,31.2,27.5,36.8,13.5,64.0,1.3,0.0,Philippines
Manila,PH,2024-04-25,12:00:00,1714021200,31.4,27.7,36.7,16.3,149.0,1.1,0.0,Philippines
Manila,PH,2024-04-26,12:00:00,1714107600,32.0,27.8,37.3,24.6,126.0,0.2,0.0,Philippines
Manila,PH,2024-04-27,12:00:00,1714194000,31.9,27.0,37.4,20.6,134.0,0.1,0.0,Philippines
Manila,PH,2024-04-28,12:00:00,1714280400,32.6,28.8,37.3,21.7,115.0,0.6,0.0,Philippines
Manila,PH,2024-04-29,12:00:00,1714366800,32.6,29.0,37.6,18.2,128.0,0.0,0.0,Philippines
Manila,PH,2024-04-30,12:00:00,1714453200,32.1,27.3,38.3,20.4,122.0,0.0,0.0,Philippines
Manila,PH,2024-05-01,12:00:00,1714539600,31.6,27.3,36.7,12.6,114.0,2.1,0.0,Philippines
Manila,PH,2024-05-02,12:00:00,1714626000,31.7,27.5,37.3,22.9,108.0,0.0,0.0,Philippines
Manila,PH,2024-05-03,12:00:00,1714712400,31.3,26.7,37.1,21.3,107.0,0.4,0.0,Philippines
Manila,PH,2024-05-04,12:00:00,1714798800,31.4,27.2,37.3,21.4,115.0,0.2,0.0,Philippines
Manila,PH,2024-05-05,12:00:00,1714885200,31.5,27.0,36.6,16.2,117.0,0.2,0.0,Philippines
Manila,PH,2024-05-06,12:00:00,1714971600,31.8,28.4,36.4,20.9,127.0,0.3,0.0,Philippines
Manila,PH,2024-05-07,12:00:00,1715058000,31.9,27.7,37.6,20.1,127.0,0.0,0.0,Philippines
Manila,PH,2024-05-08,12:00:00,1715144400,31.4,27.8,35.8,19.7,111.0,1.1,0.0,Philippines
Manila,PH,2024-05-09,12:00:00,1715230800,31.7,27.8,36.9,20.9,109.0,1.1,0.0,Philippines
Manila,PH,2024-05-10,12:00:00,1715317200,31.0,27.7,35.8,13.8,134.0,3.4,0.0,Philippines
Manila,PH,2024-05-11,12:00:00,1715403600,30.5,27.8,35.0,18.3,15.0,1.2,0.0,Philippines
Manila,PH,2024-05-12,12:00:00,1715490000,31.7,27.9,35.6,21.1,128.0,0.1,0.0,Philippines
Manila,PH,2024-05-13,12:00:00,1715576400,30.8,26.2,35.3,17.5,65.0,13.4,0.0,Philippines
Manila,PH,2024-05-14,12:00:00,1715662800,30.0,25.5,34.8,12.1,119.0,2.9,0.0,Philippines
Manila,PH,2024-05-15,12:00:00,1715749200,30.0,26.9,34.7,14.3,26.0,2.0,0.0,Philippines
Manila,PH,2024-05-16,12:00:00,1715835600,29.4,25.9,35.1,16.8,323.0,4.8,0.0,Philippines
Manila,PH,2024-05-17,12:00:00,1715922000,29.6,26.8,34.8,15.2,106.0,10.1,0.0,Philippines
Manila,PH,2024-05-18,12:00:00,1716008400,29.8,25.9,34.5,10.5,16.0,3.3,0.0,Philippines
Manila,PH,2024-05-19,12:00:00,1716094800,29.4,27.2,33.4,14.8,42.0,10.6,0.0,Philippines
Manila,PH,2024-05-20,12:00:00,1716181200,30.0,26.8,34.3,18.4,127.0,2.9,0.0,Philippines
Manila,PH,2024-05-21,12:00:00,1716267600,30.6,27.1,35.7,14.6,38.0,1.4,0.0,Philippines
Manila,PH,2024-05-22,12:00:00,1716354000,30.8,27.4,34.9,12.9,95.0,1.4,0.0,Philippines
Manila,PH,2024-05-23,12:00:00,1716440400,31.4,27.8,35.7,17.7,118.0,0.4,0.0,Philippines
Manila,PH,2024-05-24,12:00:00,1716526800,30.9,28.0,35.6,14.8,121.0,1.3,0.0,Philippines
Manila,PH,2024-05-25,12:00:00,1716613200,29.5,25.6,33.6,21.7,27.0,20.3,0.0,Philippines
Manila,PH,2024-05-26,12:00:00,1716699600,26.3,25.6,27.1,29.8,336.0,93.5,0.0,Philippines
Manila,PH,2024-05-27,12:00:00,1716786000,28.0,26.2,29.6,26.4,239.0,10.8,0.0,Philippines
Manila,PH,2024-05-28,12:00:00,1716872400,28.5,27.5,30.3,28.6,237.0,6.1,0.0,Philippines
Manila,PH,2024-05-29,12:00:00,1716958800,28.3,26.8,31.2,20.6,221.0,12.5,0.0,Philippines
Manila,PH,2024-05-30,12:00:00,1717045200,29.5,26.1,33.3,11.4,154.0,0.2,0.0,Philippines
Manila,PH,2024-05-31,12:00:00,1717131600,30.5,27.6,34.1,15.5,134.0,0.2,0.0,Philippines
Manila,PH,2024-06-01,12:00:00,1717218000,30.4,27.2,34.3,14.6,103.0,0.4,0.0,Philippines
Manila,PH,2024-06-02,12:00:00,1717304400,29.5,26.9,33.9,14.9,61.0,3.9,0.0,Philippines
Manila,PH,2024-06-03,12:00:00,1717390800,29.2,27.0,32.3,16.6,289.0,6.2,0.0,Philippines
Manila,PH,2024-06-04,12:00:00,1717477200,29.5,27.2,32.7,13.8,348.0,0.9,0.0,Philippines
Manila,PH,2024-06-05,12:00:00,1717563600,28.2,26.5,31.5,11.5,4.0,10.9,0.0,Philippines
Manila,PH,2024-06-06,12:00:00,1717650000,27.7,25.5,31.5,11.8,327.0,3.5,0.0,Philippines
Manila,PH,2024-06-07,12:00:00,1717736400,27.4,25.0,30.8,11.0,168.0,21.7,0.0,Philippines
Manila,PH,2024-06-08,12:00:00,1717822800,27.7,25.2,30.6,12.2,153.0,10.2,0.0,Philippines
Manila,PH,2024-06-09,12:00:00,1717909200,28.6,26.9,32.3,14.0,136.0,5.5,0.0,Philippines
Manila,PH,2024-06-10,12:00:00,1717995600,28.6,25.9,32.7,13.3,134.0,0.6,0.0,Philippines
Manila,PH,2024-06-11,12:00:00,1718082000,29.0,25.7,32.2,9.4,284.0,0.2,0.0,Philippines
Manila,PH,2024-06-12,12:00:00,1718168400,29.4,27.3,32.2,11.1,198.0,1.8,0.0,Philippines
Manila,PH,2024-06-13,12:00:00,1718254800,29.2,26.5,32.4,12.2,184.0,2.9,0.0,Philippines
Manila,PH,2024-06-14,12:00:00,1718341200,29.1,26.6,32.9,11.4,173.0,14.9,0.0,Philippines
Manila,PH,2024-06-15,12:00:00,1718427600,28.1,24.9,32.0,11.4,200.0,13.8,0.0,Philippines
Manila,PH,2024-06-16,12:00:00,1718514000,28.0,25.1,32.0,12.1,129.0,15.5,0.0,Philippines
Manila,PH,2024-06-17,12:00:00,1718600400,27.6,25.4,30.9,10.9,96.0,4.7,0.0,Philippines
Manila,PH,2024-06-18,12:00:00,1718686800,27.8,25.5,31.0,11.3,161.0,10.4,0.0,Philippines
Manila,PH,2024-06-19,12:00:00,1718773200,28.2,26.2,32.1,11.1,136.0,13.8,0.0,Philippines
Manila,PH,2024-06-20,12:00:00,1718859600,27.9,24.7,31.3,16.3,112.0,9.1,0.0,Philippines
Manila,PH,2024-06-21,12:00:00,1718946000,27.5,25.2,31.5,18.1,106.0,16.1,0.0,Philippines
Manila,PH,2024-06-22,12:00:00,1719032400,28.0,25.3,32.2,13.5,138.0,6.9,0.0,Philippines
Manila,PH,2024-06-23,12:00:00,1719118800,27.3,25.1,30.4,13.9,179.0,13.6,0.0,Philippines
Manila,PH,2024-06-24,12:00:00,1719205200,27.7,24.8,31.3,14.0,100.0,9.6,0.0,Philippines
Manila,PH,2024-06-25,12:00:00,1719291600,28.3,25.1,31.6,22.6,105.0,5.2,0.0,Philippines
Manila,PH,2024-06-26,12:00:00,1719378000,28.3,26.0,31.8,15.9,109.0,2.9,0.0,Philippines
Manila,PH,2024-06-27,12:00:00,1719464400,28.1,26.1,31.1,23.5,104.0,3.7,0.0,Philippines
Manila,PH,2024-06-28,12:00:00,1719550800,28.9,26.5,31.8,14.3,127.0,0.7,0.0,Philippines
Manila,PH,2024-06-29,12:00:00,1719637200,28.9,25.9,32.9,11.7,101.0,14.3,0.0,Philippines
Manila,PH,2024-06-30,12:00:00,1719723600,27.9,25.7,31.9,13.7,24.0,12.6,0.0,Philippines
Manila,PH,2024-07-01,12:00:00,1719810000,27.6,25.3,30.9,8.7,328.0,5.3,0.0,Philippines
Manila,PH,2024-07-02,12:00:00,1719896400,27.8,25.7,31.3,17.5,119.0,7.7,0.0,Philippines
Manila,PH,2024-07-03,12:00:00,1719982800,28.7,25.8,33.1,18.7,115.0,6.0,0.0,Philippines
Manila,PH,2024-07-04,12:00:00,1720069200,27.9,25.9,30.8,11.2,56.0,8.7,0.0,Philippines
Manila,PH,2024-07-05,12:00:00,1720155600,26.7,24.4,29.2,8.9,82.0,22.8,0.0,Philippines
Manila,PH,2024-07-06,12:00:00,1720242000,27.9,24.6,32.2,18.2,107.0,9.4,0.0,Philippines
Manila,PH,2024-07-07,12:00:00,1720328400,27.9,25.3,32.1,15.9,106.0,11.0,0.0,Philippines
Manila,PH,2024-07-08,12:00:00,1720414800,27.3,25.2,30.7,9.7,104.0,11.6,0.0,Philippines
Manila,PH,2024-07-09,12:00:00,1720501200,27.4,25.0,31.3,12.5,72.0,16.3,0.0,Philippines
Manila,PH,2024-07-10,12:00:00,1720587600,27.6,25.0,30.4,8.2,146.0,1.7,0.0,Philippines
Manila,PH,2024-07-11,12:00:00,1720674000,27.1,24.9,31.2,10.8,142.0,31.4,0.0,Philippines
Manila,PH,2024-07-12,12:00:00,1720760400,27.2,24.5,31.8,13.0,149.0,17.4,0.0,Philippines
Manila,PH,2024-07-13,12:00:00,1720846800,27.7,24.7,30.7,18.7,124.0,5.0,0.0,Philippines
Manila,PH,2024-07-14,12:00:00,1720933200,28.0,24.9,31.3,19.3,126.0,8.4,0.0,Philippines
Manila,PH,2024-07-15,12:00:00,1721019600,27.1,25.1,30.6,15.5,130.0,8.9,0.0,Philippines
Manila,PH,2024-07-16,12:00:00,1721106000,28.0,25.2,31.4,22.4,116.0,0.7,0.0,Philippines
Manila,PH,2024-07-17,12:00:00,1721192400,27.4,25.7,30.6,12.3,127.0,10.6,0.0,Philippines
Manila,PH,2024-07-18,12:00:00,1721278800,27.2,25.7,30.9,12.6,359.0,9.6,0.0,Philippines
Manila,PH,2024-07-19,12:00:00,1721365200,27.2,25.0,30.7,19.7,119.0,10.0,0.0,Philippines
Manila,PH,2024-07-20,12:00:00,1721451600,28.1,25.2,30.5,16.4,239.0,9.8,0.0,Philippines
Manila,PH,2024-07-21,12:00:00,1721538000,27.7,26.2,29.8,25.1,257.0,16.9,0.0,Philippines
Manila,PH,2024-07-22,12:00:00,1721624400,26.7,26.1,27.5,28.3,250.0,59.9,0.0,Philippines
Manila,PH,2024-07-23,12:00:00,1721710800,26.3,25.8,26.6,36.3,240.0,79.8,0.0,Philippines
Manila,PH,2024-07-24,12:00:00,1721797200,26.4,25.4,27.5,36.8,234.0,62.4,0.0,Philippines
Manila,PH,2024-07-25,12:00:00,1721883600,26.8,25.2,28.3,35.9,228.0,16.2,0.0,Philippines
Manila,PH,2024-07-26,12:00:00,1721970000,28.2,26.1,30.9,24.6,219.0,6.1,0.0,Philippines
Manila,PH,2024-07-27,12:00:00,1722056400,28.3,25.6,31.1,13.7,219.0,0.4,0.0,Philippines
Manila,PH,2024-07-28,12:00:00,1722142800,26.5,25.2,28.2,15.3,235.0,10.8,0.0,Philippines
Manila,PH,2024-07-29,12:00:00,1722229200,27.0,24.7,29.1,16.1,256.0,1.7,0.0,Philippines
Manila,PH,2024-07-30,12:00:00,1722315600,28.0,25.3,30.6,14.2,255.0,1.5,0.0,Philippines
Manila,PH,2024-07-31,12:00:00,1722402000,27.8,25.2,30.7,11.6,326.0,0.6,0.0,Philippines
Manila,PH,2024-08-01,12:00:00,1722488400,27.1,25.1,30.2,9.0,324.0,13.1,0.0,Philippines
Manila,PH,2024-08-02,12:00:00,1722574800,26.7,24.2,30.3,10.5,325.0,13.1,0.0,Philippines
Manila,PH,2024-08-03,12:00:00,1722661200,26.8,24.0,30.2,10.1,312.0,2.9,0.0,Philippines
Manila,PH,2024-08-04,12:00:00,1722747600,27.0,24.6,30.1,15.1,287.0,5.9,0.0,Philippines
Manila,PH,2024-08-05,12:00:00,1722834000,27.0,25.4,29.1,15.8,247.0,22.7,0.0,Philippines
Manila,PH,2024-08-06,12:00:00,1722920400,27.2,25.4,29.3,20.4,246.0,6.2,0.0,Philippines
Manila,PH,2024-08-07,12:00:00,1723006800,28.2,26.5,30.3,23.2,247.0,2.5,0.0,Philippines
Manila,PH,2024-08-08,12:00:00,1723093200,27.9,26.7,29.9,23.2,247.0,15.8,0.0,Philippines
Manila,PH,2024-08-09,12:00:00,1723179600,28.4,26.3,30.5,25.1,248.0,1.8,0.0,Philippines
Manila,PH,2024-08-10,12:00:00,1723266000,27.2,26.2,28.7,20.6,253.0,8.3,0.0,Philippines
Manila,PH,2024-08-11,12:00:00,1723352400,27.9,25.0,30.3,22.7,256.0,0.9,0.0,Philippines
Manila,PH,2024-08-12,12:00:00,1723438800,28.3,25.4,31.0,19.3,268.0,0.4,0.0,Philippines
Manila,PH,2024-08-13,12:00:00,1723525200,28.9,26.1,31.4,14.6,258.0,1.0,0.0,Philippines
Manila,PH,2024-08-14,12:00:00,1723611600,28.6,26.6,31.4,18.0,257.0,4.3,0.0,Philippines
Manila,PH,2024-08-15,12:00:00,1723698000,28.4,26.2,31.2,16.6,278.0,4.5,0.0,Philippines
Manila,PH,2024-08-16,12:00:00,1723784400,28.5,25.9,31.4,13.8,293.0,0.0,0.0,Philippines
Manila,PH,2024-08-17,12:00:00,1723870800,28.6,25.5,32.7,12.6,298.0,0.1,0.0,Philippines
Manila,PH,2024-08-18,12:00:00,1723957200,29.0,25.7,32.2,8.0,270.0,0.1,0.0,Philippines
Manila,PH,2024-08-19,12:00:00,1724043600,28.6,26.0,32.7,11.0,128.0,0.7,0.0,Philippines
Manila,PH,2024-08-20,12:00:00,1724130000,28.5,26.4,32.4,8.1,127.0,2.7,0.0,Philippines
Manila,PH,2024-08-21,12:00:00,1724216400,28.0,25.7,32.3,8.4,41.0,8.1,0.0,Philippines
Manila,PH,2024-08-22,12:00:00,1724302800,28.4,24.7,31.8,8.9,337.0,0.6,0.0,Philippines
Manila,PH,2024-08-23,12:00:00,1724389200,27.7,25.8,31.2,8.6,338.0,11.6,0.0,Philippines
Manila,PH,2024-08-24,12:00:00,1724475600,26.6,24.7,28.8,11.6,62.0,24.2,0.0,Philippines
Manila,PH,2024-08-25,12:00:00,1724562000,27.3,25.0,30.6,11.3,276.0,6.3,0.0,Philippines
Manila,PH,2024-08-26,12:00:00,1724648400,27.3,25.5,30.1,16.4,241.0,17.1,0.0,Philippines
Manila,PH,2024-08-27,12:00:00,1724734800,27.0,25.0,29.7,21.1,234.0,33.1,0.0,Philippines
Manila,PH,2024-08-28,12:00:00,1724821200,26.5,25.1,27.9,20.4,236.0,21.4,0.0,Philippines
Manila,PH,2024-08-29,12:00:00,1724907600,27.3,25.8,30.1,14.3,209.0,16.8,0.0,Philippines
Manila,PH,2024-08-30,12:00:00,1724994000,27.7,26.2,31.0,15.4,203.0,12.9,0.0,Philippines
Manila,PH,2024-08-31,12:00:00,1725080400,28.4,25.4,31.6,8.6,158.0,1.3,0.0,Philippines
Manila,PH,2024-09-01,12:00:00,1725166800,27.0,24.1,30.5,12.3,216.0,32.0,0.0,Philippines
Manila,PH,2024-09-02,12:00:00,1725253200,25.8,24.5,26.5,29.5,252.0,109.4,0.0,Philippines
Manila,PH,2024-09-03,12:00:00,1725339600,26.8,25.4,28.8,31.7,227.0,16.8,0.0,Philippines
Manila,PH,2024-09-04,12:00:00,1725426000,26.3,25.7,27.0,32.3,223.0,35.3,0.0,Philippines
Manila,PH,2024-09-05,12:00:00,1725512400,26.8,25.9,28.0,25.6,216.0,25.4,0.0,Philippines
Manila,PH,2024-09-06,12:00:00,1725598800,27.5,25.4,29.5,12.7,206.0,3.6,0.0,Philippines
Manila,PH,2024-09-07,12:00:00,1725685200,28.5,24.9,31.8,10.0,250.0,0.0,0.0,Philippines
Manila,PH,2024-09-08,12:00:00,1725771600,28.5,25.4,31.6,13.4,256.0,0.0,0.0,Philippines
Manila,PH,2024-09-09,12:00:00,1725858000,27.4,25.9,29.3,12.2,303.0,1.9,0.0,Philippines
Manila,PH,2024-09-10,12:00:00,1725944400,27.8,25.5,30.1,22.3,257.0,2.3,0.0,Philippines
Manila,PH,2024-09-11,12:00:00,1726030800,27.1,25.1,30.2,12.6,273.0,32.2,0.0,Philippines
Manila,PH,2024-09-12,12:00:00,1726117200,27.1,25.3,30.0,22.1,260.0,16.9,0.0,Philippines
Manila,PH,2024-09-13,12:00:00,1726203600,26.6,24.9,28.9,20.1,239.0,20.7,0.0,Philippines
Manila,PH,2024-09-14,12:00:00,1726290000,26.9,25.3,29.6,14.8,208.0,16.2,0.0,Philippines
Manila,PH,2024-09-15,12:00:00,1726376400,26.9,24.6,29.2,22.1,241.0,18.3,0.0,Philippines
Manila,PH,2024-09-16,12:00:00,1726462800,27.4,25.2,29.6,19.4,257.0,7.1,0.0,Philippines
Manila,PH,2024-09-17,12:00:00,1726549200,26.9,25.5,29.0,21.5,229.0,7.7,0.0,Philippines
Manila,PH,2024-09-18,12:00:00,1726635600,26.7,25.0,29.2,23.7,212.0,25.9,0.0,Philippines
Manila,PH,2024-09-19,12:00:00,1726722000,27.4,25.1,30.5,22.2,218.0,9.3,0.0,Philippines
Manila,PH,2024-09-20,12:00:00,1726808400,27.5,25.8,29.4,20.0,234.0,4.9,0.0,Philippines
Manila,PH,2024-09-21,12:00:00,1726894800,26.3,24.8,29.3,11.1,125.0,10.6,0.0,Philippines
Manila,PH,2024-09-22,12:00:00,1726981200,27.0,25.3,30.3,11.0,118.0,7.6,0.0,Philippines
Manila,PH,2024-09-23,12:00:00,1727067600,28.2,24.7,32.5,17.8,15.0,2.4,0.0,Philippines
Manila,PH,2024-09-24,12:00:00,1727154000,27.1,24.6,31.1,15.7,309.0,9.7,0.0,Philippines
Manila,PH,2024-09-25,12:00:00,1727240400,28.2,24.7,31.5,16.6,124.0,1.4,0.0,Philippines
Manila,PH,2024-09-26,12:00:00,1727326800,28.3,25.9,31.6,15.8,289.0,3.5,0.0,Philippines
Manila,PH,2024-09-27,12:00:00,1727413200,28.5,26.7,30.5,12.0,266.0,0.4,0.0,Philippines
Manila,PH,2024-09-28,12:00:00,1727499600,28.7,25.2,31.6,22.1,290.0,0.3,0.0,Philippines
Manila,PH,2024-09-29,12:00:00,1727586000,28.0,26.9,29.3,26.0,252.0,8.5,0.0,Philippines
Manila,PH,2024-09-30,12:00:00,1727672400,27.5,26.4,29.2,30.4,241.0,4.7,0.0,Philippines
Manila,PH,2024-10-01,12:00:00,1727758800,28.1,26.2,30.1,23.1,230.0,2.2,0.0,Philippines
Manila,PH,2024-10-02,12:00:00,1727845200,28.2,25.2,30.7,15.4,230.0,0.1,0.0,Philippines
Manila,PH,2024-10-03,12:00:00,1727931600,28.4,25.5,31.6,7.0,4.0,1.6,0.0,Philippines
Manila,PH,2024-10-04,12:00:00,1728018000,27.7,25.8,30.6,11.7,322.0,3.2,0.0,Philippines
Manila,PH,2024-10-05,12:00:00,1728104400,26.7,24.5,29.8,10.1,211.0,7.5,0.0,Philippines
Manila,PH,2024-10-06,12:00:00,1728190800,26.3,24.4,28.6,7.2,248.0,9.6,0.0,Philippines
Manila,PH,2024-10-07,12:00:00,1728277200,26.1,24.4,28.3,6.5,51.0,13.2,0.0,Philippines
Manila,PH,2024-10-08,12:00:00,1728363600,27.3,25.1,30.0,6.5,204.0,2.6,0.0,Philippines
Manila,PH,2024-10-09,12:00:00,1728450000,27.1,24.7,30.6,11.9,101.0,4.9,0.0,Philippines
Manila,PH,2024-10-10,12:00:00,1728536400,26.8,24.9,30.7,12.0,111.0,18.4,0.0,Philippines
Manila,PH,2024-10-11,12:00:00,1728622800,26.9,24.3,30.9,8.8,17.0,3.5,0.0,Philippines
Manila,PH,2024-10-12,12:00:00,1728709200,26.7,24.4,30.4,12.8,42.0,6.4,0.0,Philippines
Manila,PH,2024-10-13,12:00:00,1728795600,27.4,25.2,29.7,11.6,287.0,3.7,0.0,Philippines
Manila,PH,2024-10-14,12:00:00,1728882000,27.7,25.2,30.0,6.9,75.0,4.8,0.0,Philippines
Manila,PH,2024-10-15,12:00:00,1728968400,27.1,25.2,29.9,8.0,70.0,2.8,0.0,Philippines
Manila,PH,2024-10-16,12:00:00,1729054800,27.6,24.1,30.7,9.9,70.0,1.4,0.0,Philippines
Manila,PH,2024-10-17,12:00:00,1729141200,27.7,24.7,30.7,8.3,138.0,1.1,0.0,Philippines
Manila,PH,2024-10-18,12:00:00,1729227600,27.5,24.9,30.4,7.3,245.0,2.8,0.0,Philippines
Manila,PH,2024-10-19,12:00:00,1729314000,27.9,25.4,30.1,7.8,247.0,1.5,0.0,Philippines
Manila,PH,2024-10-20,12:00:00,1729400400,27.9,25.1,32.2,14.7,24.0,13.2,0.0,Philippines
Manila,PH,2024-10-21,12:00:00,1729486800,27.6,24.7,31.6,10.1,44.0,5.9,0.0,Philippines
Manila,PH,2024-10-22,12:00:00,1729573200,27.6,25.1,29.6,18.7,303.0,9.1,0.0,Philippines
Manila,PH,2024-10-23,12:00:00,1729659600,26.5,24.4,27.4,24.7,256.0,80.6,0.0,Philippines
Manila,PH,2024-10-24,12:00:00,1729746000,27.3,26.4,28.8,45.1,238.0,54.0,0.0,Philippines
Manila,PH,2024-10-25,12:00:00,1729832400,27.7,25.5,30.5,40.9,212.0,14.7,0.0,Philippines
Manila,PH,2024-10-26,12:00:00,1729918800,27.2,24.5,29.8,15.5,207.0,1.2,0.0,Philippines
Manila,PH,2024-10-27,12:00:00,1730005200,26.7,24.7,29.0,20.6,255.0,4.6,0.0,Philippines
Manila,PH,2024-10-28,12:00:00,1730091600,27.3,24.5,29.7,20.0,296.0,0.0,0.0,Philippines
Manila,PH,2024-10-29,12:00:00,1730178000,28.0,25.8,30.0,22.5,288.0,0.0,0.0,Philippines
Manila,PH,2024-10-30,12:00:00,1730264400,27.5,26.1,29.0,26.6,257.0,2.3,0.0,Philippines
Manila,PH,2024-10-31,12:00:00,1730350800,26.8,26.0,28.3,28.4,230.0,23.6,0.0,Philippines
Manila,PH,2024-11-01,12:00:00,1730437200,27.2,25.0,30.9,11.1,139.0,4.1,0.0,Philippines
Manila,PH,2024-11-02,12:00:00,1730523600,27.2,23.5,30.6,6.4,90.0,1.1,0.0,Philippines
Manila,PH,2024-11-03,12:00:00,1730610000,27.6,24.2,31.7,11.4,66.0,2.0,0.0,Philippines
Manila,PH,2024-11-04,12:00:00,1730696400,27.5,24.2,31.9,11.0,44.0,2.2,0.0,Philippines
Manila,PH,2024-11-05,12:00:00,1730782800,26.9,24.0,31.6,11.5,340.0,10.4,0.0,Philippines
Manila,PH,2024-11-06,12:00:00,1730869200,26.8,24.3,29.6,9.4,22.0,1.6,0.0,Philippines
Manila,PH,2024-11-07,12:00:00,1730955600,27.1,24.8,29.9,15.3,219.0,1.2,0.0,Philippines
Manila,PH,2024-11-08,12:00:00,1731042000,27.0,23.8,30.2,11.9,150.0,9.6,0.0,Philippines
Manila,PH,2024-11-09,12:00:00,1731128400,26.8,23.8,30.1,7.1,348.0,1.8,0.0,Philippines
Manila,PH,2024-11-10,12:00:00,1731214800,27.4,24.7,30.4,11.6,321.0,1.2,0.0,Philippines
Manila,PH,2024-11-11,12:00:00,1731301200,27.5,25.5,29.4,30.6,223.0,0.6,0.0,Philippines
Manila,PH,2024-11-12,12:00:00,1731387600,28.0,25.4,31.0,13.7,181.0,1.1,0.0,Philippines
Manila,PH,2024-11-13,12:00:00,1731474000,28.6,26.6,31.1,10.4,351.0,0.7,0.0,Philippines
Manila,PH,2024-11-14,12:00:00,1731560400,28.7,26.2,31.3,16.8,247.0,1.4,0.0,Philippines
Manila,PH,2024-11-15,12:00:00,1731646800,29.6,26.1,33.3,7.7,182.0,0.0,0.0,Philippines
Manila,PH,2024-11-16,12:00:00,1731733200,29.9,26.0,33.3,11.1,352.0,1.2,0.0,Philippines
Manila,PH,2024-11-17,12:00:00,1731819600,27.8,25.9,29.7,31.6,253.0,10.0,0.0,Philippines
Manila,PH,2024-11-18,12:00:00,1731906000,28.3,25.8,31.7,14.6,122.0,0.0,0.0,Philippines
Manila,PH,2024-11-19,12:00:00,1731992400,28.2,24.8,32.4,11.3,92.0,0.2,0.0,Philippines
Manila,PH,2024-11-20,12:00:00,1732078800,28.5,24.5,33.2,10.6,70.0,0.0,0.0,Philippines
Manila,PH,2024-11-21,12:00:00,1732165200,28.9,25.5,33.5,12.6,87.0,0.0,0.0,Philippines
Manila,PH,2024-11-22,12:00:00,1732251600,29.5,25.5,34.2,12.5,83.0,0.0,0.0,Philippines
Manila,PH,2024-11-23,12:00:00,1732338000,29.4,25.6,33.7,13.9,87.0,0.0,0.0,Philippines
Manila,PH,2024-11-24,12:00:00,1732424400,29.2,26.0,33.5,17.4,65.0,0.2,0.0,Philippines
Manila,PH,2024-11-25,12:00:00,1732510800,29.3,26.6,32.7,13.7,46.0,0.4,0.0,Philippines
Manila,PH,2024-11-26,12:00:00,1732597200,29.8,26.5,34.2,11.5,71.0,0.0,0.0,Philippines
Manila,PH,2024-11-27,12:00:00,1732683600,29.7,26.1,34.5,12.7,45.0,0.0,0.0,Philippines
Manila,PH,2024-11-28,12:00:00,1732770000,29.6,26.6,33.5,14.5,36.0,1.2,0.0,Philippines
Manila,PH,2024-11-29,12:00:00,1732856400,28.5,26.9,30.9,17.6,29.0,3.9,0.0,Philippines
Manila,PH,2024-11-30,12:00:00,1732942800,27.9,25.0,30.9,17.2,28.0,8.1,0.0,Philippines
Manila,PH,2024-12-01,12:00:00,1733029200,24.8,23.8,25.9,16.3,5.0,54.1,0.0,Philippines
Manila,PH,2024-12-02,12:00:00,1733115600,25.5,24.0,26.9,15.6,5.0,25.4,0.0,Philippines
Manila,PH,2024-12-03,12:00:00,1733202000,26.5,25.0,29.1,6.5,327.0,19.1,0.0,Philippines
Manila,PH,2024-12-04,12:00:00,1733288400,26.9,25.5,29.8,9.4,351.0,6.1,0.0,Philippines
Manila,PH,2024-12-05,12:00:00,1733374800,27.4,25.0,29.8,7.7,137.0,0.0,0.0,Philippines
Manila,PH,2024-12-06,12:00:00,1733461200,27.9,25.2,31.5,8.3,138.0,0.6,0.0,Philippines
Manila,PH,2024-12-07,12:00:00,1733547600,28.0,25.9,31.1,8.6,298.0,2.3,0.0,Philippines
Manila,PH,2024-12-08,12:00:00,1733634000,28.7,26.3,31.9,11.8,34.0,0.3,0.0,Philippines
Manila,PH,2024-12-09,12:00:00,1733720400,27.8,26.1,30.5,14.2,31.0,1.3,0.0,Philippines
Manila,PH,2024-12-10,12:00:00,1733806800,27.0,25.3,29.2,7.5,357.0,2.4,0.0,Philippines
Manila,PH,2024-12-11,12:00:00,1733893200,26.8,23.7,30.2,10.4,25.0,18.8,0.0,Philippines
Manila,PH,2024-12-12,12:00:00,1733979600,27.5,25.0,30.7,13.5,91.0,0.3,0.0,Philippines
Manila,PH,2024-12-13,12:00:00,1734066000,28.2,25.2,32.1,10.8,101.0,1.4,0.0,Philippines
Manila,PH,2024-12-14,12:00:00,1734152400,28.6,25.0,33.0,11.0,92.0,0.0,0.0,Philippines
Manila,PH,2024-12-15,12:00:00,1734238800,28.3,25.9,31.1,18.3,44.0,0.1,0.0,Philippines
Manila,PH,2024-12-16,12:00:00,1734325200,27.6,25.6,30.0,15.9,29.0,0.0,0.0,Philippines
Manila,PH,2024-12-17,12:00:00,1734411600,26.9,25.0,29.6,18.4,12.0,1.7,0.0,Philippines
Manila,PH,2024-12-18,12:00:00,1734498000,27.0,24.4,30.3,20.0,24.0,2.0,0.0,Philippines
Manila,PH,2024-12-19,12:00:00,1734584400,28.1,26.0,31.2,17.8,24.0,0.0,0.0,Philippines
Manila,PH,2024-12-20,12:00:00,1734670800,28.1,25.3,31.9,16.4,31.0,0.5,0.0,Philippines
Manila,PH,2024-12-21,12:00:00,1734757200,26.8,24.6,28.8,11.0,358.0,16.8,0.0,Philippines
Manila,PH,2024-12-22,12:00:00,1734843600,27.0,25.3,29.6,14.4,46.0,0.0,0.0,Philippines
Manila,PH,2024-12-23,12:00:00,1734930000,27.0,25.0,29.6,15.0,91.0,0.1,0.0,Philippines
Manila,PH,2024-12-24,12:00:00,1735016400,26.1,24.5,29.9,8.8,190.0,35.6,0.0,Philippines
Manila,PH,2024-12-25,12:00:00,1735102800,24.5,23.8,25.5,8.0,245.0,19.4,0.0,Philippines
Manila,PH,2024-12-26,12:00:00,1735189200,26.6,23.9,30.1,5.8,36.0,1.6,0.0,Philippines
Manila,PH,2024-12-27,12:00:00,1735275600,27.0,24.6,30.7,10.2,76.0,1.9,0.0,Philippines
Manila,PH,2024-12-28,12:00:00,1735362000,26.0,24.6,28.9,10.6,13.0,8.6,0.0,Philippines
Manila,PH,2024-12-29,12:00:00,1735448400,25.6,24.1,27.5,15.0,2.0,0.7,0.0,Philippines
Manila,PH,2024-12-30,12:00:00,1735534800,25.9,23.9,29.2,8.5,57.0,10.5,0.0,Philippines
Manila,PH,2024-12-31,12:00:00,1735621200,27.1,24.5,30.2,10.2,120.0,1.0,0.0,Philippines
Manila,PH,2025-01-01,12:00:00,1735707600,26.7,24.9,29.1,9.1,133.0,3.7,0.0,Philippines
Manila,PH,2025-01-02,12:00:00,1735794000,26.9,25.1,30.1,14.9,17.0,1.4,0.0,Philippines
Manila,PH,2025-01-03,12:00:00,1735880400,26.2,24.0,29.0,9.9,44.0,6.5,0.0,Philippines
Manila,PH,2025-01-04,12:00:00,1735966800,26.4,23.7,29.9,8.4,43.0,0.7,0.0,Philippines
Manila,PH,2025-01-05,12:00:00,1736053200,26.0,24.0,28.9,12.3,8.0,0.0,0.0,Philippines
Manila,PH,2025-01-06,12:00:00,1736139600,25.9,23.6,29.6,7.8,31.0,2.5,0.0,Philippines
Manila,PH,2025-01-07,12:00:00,1736226000,26.5,24.2,29.7,10.3,19.0,1.1,0.0,Philippines
Manila,PH,2025-01-08,12:00:00,1736312400,26.4,24.0,29.4,11.1,50.0,0.0,0.0,Philippines
Manila,PH,2025-01-09,12:00:00,1736398800,26.9,24.3,30.4,13.7,75.0,0.0,0.0,Philippines
Manila,PH,2025-01-10,12:00:00,1736485200,27.0,24.4,30.5,9.4,92.0,0.5,0.0,Philippines
Manila,PH,2025-01-11,12:00:00,1736571600,26.6,24.6,29.5,14.4,20.0,0.5,0.0,Philippines
Manila,PH,2025-01-12,12:00:00,1736658000,25.1,23.6,27.1,16.0,5.0,2.6,0.0,Philippines
Manila,PH,2025-01-13,12:00:00,1736744400,24.9,22.9,27.4,11.1,7.0,2.5,0.0,Philippines
Manila,PH,2025-01-14,12:00:00,1736830800,25.9,23.9,28.3,9.6,54.0,0.1,0.0,Philippines
Manila,PH,2025-01-15,12:00:00,1736917200,26.8,23.8,30.6,9.1,83.0,1.1,0.0,Philippines
Manila,PH,2025-01-16,12:00:00,1737003600,26.6,24.2,30.0,11.9,17.0,0.0,0.0,Philippines
Manila,PH,2025-01-17,12:00:00,1737090000,26.9,24.2,30.3,14.9,34.0,0.0,0.0,Philippines
Manila,PH,2025-01-18,12:00:00,1737176400,27.1,24.5,30.7,12.9,52.0,2.8,0.0,Philippines
Manila,PH,2025-01-19,12:00:00,1737262800,27.6,25.0,30.8,8.7,6.0,2.0,0.0,Philippines
Manila,PH,2025-01-20,12:00:00,1737349200,27.2,24.2,30.4,8.7,79.0,1.8,0.0,Philippines
Manila,PH,2025-01-21,12:00:00,1737435600,27.5,24.6,31.2,9.9,125.0,1.9,0.0,Philippines
Manila,PH,2025-01-22,12:00:00,1737522000,28.0,24.7,32.2,13.7,103.0,0.0,0.0,Philippines
Manila,PH,2025-01-23,12:00:00,1737608400,27.9,25.1,31.4,9.6,118.0,3.7,0.0,Philippines
Manila,PH,2025-01-24,12:00:00,1737694800,28.3,25.3,31.4,10.8,119.0,1.1,0.0,Philippines
Manila,PH,2025-01-25,12:00:00,1737781200,28.0,24.3,32.0,11.4,231.0,0.0,0.0,Philippines
Manila,PH,2025-01-26,12:00:00,1737867600,27.8,25.1,31.2,9.1,143.0,0.0,0.0,Philippines
Manila,PH,2025-01-27,12:00:00,1737954000,26.8,24.0,30.3,11.0,55.0,0.1,0.0,Philippines
Manila,PH,2025-01-28,12:00:00,1738040400,26.4,23.3,30.7,11.6,93.0,0.0,0.0,Philippines
Manila,PH,2025-01-29,12:00:00,1738126800,26.4,24.2,29.4,18.5,29.0,0.0,0.0,Philippines
Manila,PH,2025-01-30,12:00:00,1738213200,24.9,23.5,27.7,20.1,1.0,11.8,0.0,Philippines
Manila,PH,2025-01-31,12:00:00,1738299600,25.7,23.1,28.9,13.7,91.0,2.2,0.0,Philippines
Manila,PH,2025-02-01,12:00:00,1738386000,27.8,24.1,32.1,14.6,113.0,0.0,0.0,Philippines
Manila,PH,2025-02-02,12:00:00,1738472400,27.8,23.2,32.5,12.1,141.0,0.0,0.0,Philippines
Manila,PH,2025-02-03,12:00:00,1738558800,27.9,24.9,31.2,14.3,153.0,0.0,0.0,Philippines
Manila,PH,2025-02-04,12:00:00,1738645200,27.3,25.4,30.7,13.2,60.0,0.9,0.0,Philippines
Manila,PH,2025-02-05,12:00:00,1738731600,27.1,24.6,30.5,17.1,30.0,0.0,0.0,Philippines
Manila,PH,2025-02-06,12:00:00,1738818000,27.1,24.5,30.5,14.5,28.0,4.1,0.0,Philippines
Manila,PH,2025-02-07,12:00:00,1738904400,26.5,24.4,29.0,8.4,82.0,6.1,0.0,Philippines
Manila,PH,2025-02-08,12:00:00,1738990800,26.2,24.2,28.8,15.4,16.0,5.7,0.0,Philippines
Manila,PH,2025-02-09,12:00:00,1739077200,25.0,22.9,27.6,16.1,18.0,7.5,0.0,Philippines
Manila,PH,2025-02-10,12:00:00,1739163600,24.6,23.2,26.8,9.7,353.0,19.8,0.0,Philippines
Manila,PH,2025-02-11,12:00:00,1739250000,25.1,22.9,27.4,12.3,113.0,11.2,0.0,Philippines
Manila,PH,2025-02-12,12:00:00,1739336400,26.8,23.5,30.9,14.3,121.0,0.0,0.0,Philippines
Manila,PH,2025-02-13,12:00:00,1739422800,26.1,23.6,29.6,8.5,64.0,3.1,0.0,Philippines
Manila,PH,2025-02-14,12:00:00,1739509200,26.0,24.9,27.0,7.7,46.0,10.4,0.0,Philippines
Manila,PH,2025-02-15,12:00:00,1739595600,26.4,24.5,29.8,10.9,107.0,10.9,0.0,Philippines
Manila,PH,2025-02-16,12:00:00,1739682000,27.1,24.9,29.8,5.8,53.0,4.5,0.0,Philippines
Manila,PH,2025-02-17,12:00:00,1739768400,27.1,24.4,30.5,8.1,78.0,1.0,0.0,Philippines
Manila,PH,2025-02-18,12:00:00,1739854800,26.5,24.4,29.9,9.5,24.0,4.2,0.0,Philippines
Manila,PH,2025-02-19,12:00:00,1739941200,26.7,24.1,30.0,11.6,40.0,0.0,0.0,Philippines
Manila,PH,2025-02-20,12:00:00,1740027600,26.3,23.9,30.1,14.9,67.0,6.7,0.0,Philippines
Manila,PH,2025-02-21,12:00:00,1740114000,26.0,23.9,29.1,11.8,88.0,0.3,0.0,Philippines
Manila,PH,2025-02-22,12:00:00,1740200400,26.7,23.9,30.3,16.6,81.0,0.0,0.0,Philippines
Manila,PH,2025-02-23,12:00:00,1740286800,27.3,23.4,32.0,14.5,71.0,0.0,0.0,Philippines
Manila,PH,2025-02-24,12:00:00,1740373200,27.5,24.0,31.5,16.9,89.0,0.3,0.0,Philippines
Manila,PH,2025-02-25,12:00:00,1740459600,27.2,24.6,30.9,20.2,66.0,0.6,0.0,Philippines
Manila,PH,2025-02-26,12:00:00,1740546000,27.2,24.2,31.7,15.3,87.0,0.0,0.0,Philippines
Manila,PH,2025-02-27,12:00:00,1740632400,27.2,23.8,32.3,14.2,96.0,0.0,0.0,Philippines
Manila,PH,2025-02-28,12:00:00,1740718800,27.4,23.5,32.7,20.3,84.0,0.0,0.0,Philippines
Manila,PH,2025-03-01,12:00:00,1740805200,28.6,24.3,33.9,16.2,106.0,0.8,0.0,Philippines
Manila,PH,2025-03-02,12:00:00,1740891600,29.4,25.4,34.2,14.0,108.0,0.0,0.0,Philippines
Manila,PH,2025-03-03,12:00:00,1740978000,29.1,25.7,33.9,16.9,107.0,0.2,0.0,Philippines
Manila,PH,2025-03-04,12:00:00,1741064400,29.0,26.3,33.2,17.4,116.0,0.8,0.0,Philippines
Manila,PH,2025-03-05,12:00:00,1741150800,29.2,25.9,33.0,9.5,91.0,0.1,0.0,Philippines
Manila,PH,2025-03-06,12:00:00,1741237200,29.3,25.6,33.3,11.3,302.0,0.4,0.0,Philippines
Manila,PH,2025-03-07,12:00:00,1741323600,29.1,26.3,32.7,15.5,74.0,1.6,0.0,Philippines
Manila,PH,2025-03-08,12:00:00,1741410000,27.3,24.6,29.4,7.3,119.0,7.6,0.0,Philippines
Manila,PH,2025-03-09,12:00:00,1741496400,28.0,25.3,31.1,16.0,95.0,0.5,0.0,Philippines
Manila,PH,2025-03-10,12:00:00,1741582800,28.7,26.1,32.1,17.9,69.0,0.0,0.0,Philippines
Manila,PH,2025-03-11,12:00:00,1741669200,29.4,26.1,33.8,15.3,87.0,0.5,0.0,Philippines
Manila,PH,2025-03-12,12:00:00,1741755600,29.5,26.5,34.8,16.3,115.0,0.8,0.0,Philippines
Manila,PH,2025-03-13,12:00:00,1741842000,29.8,26.2,35.0,15.6,101.0,0.0,0.0,Philippines
Manila,PH,2025-03-14,12:00:00,1741928400,29.5,26.0,34.6,15.2,102.0,0.0,0.0,Philippines
Manila,PH,2025-03-15,12:00:00,1742014800,29.2,25.4,32.8,17.5,133.0,0.0,0.0,Philippines
Manila,PH,2025-03-16,12:00:00,1742101200,29.1,26.1,32.3,16.9,162.0,0.0,0.0,Philippines
Manila,PH,2025-03-17,12:00:00,1742187600,29.1,26.1,33.1,17.3,82.0,0.7,0.0,Philippines
Manila,PH,2025-03-18,12:00:00,1742274000,29.1,26.1,33.0,9.2,153.0,0.6,0.0,Philippines
Manila,PH,2025-03-19,12:00:00,1742360400,29.0,26.1,33.1,14.8,54.0,0.1,0.0,Philippines
Manila,PH,2025-03-20,12:00:00,1742446800,28.1,25.8,31.9,20.1,67.0,0.3,0.0,Philippines
Manila,PH,2025-03-21,12:00:00,1742533200,27.6,25.3,31.5,15.2,79.0,0.0,0.0,Philippines
Manila,PH,2025-03-22,12:00:00,1742619600,27.6,24.6,31.5,11.6,119.0,0.0,0.0,Philippines
Manila,PH,2025-03-23,12:00:00,1742706000,27.6,24.3,31.6,10.0,121.0,0.0,0.0,Philippines
Manila,PH,2025-03-24,12:00:00,1742792400,28.4,25.0,32.2,10.0,210.0,0.4,0.0,Philippines
Manila,PH,2025-03-25,12:00:00,1742878800,29.8,26.5,34.1,17.5,132.0,0.1,0.0,Philippines
Manila,PH,2025-03-26,12:00:00,1742965200,29.9,26.3,34.0,19.4,150.0,0.6,0.0,Philippines
Manila,PH,2025-03-27,12:00:00,1743051600,30.2,27.2,33.8,15.3,132.0,0.3,0.0,Philippines
Manila,PH,2025-03-28,12:00:00,1743138000,29.8,27.1,34.8,11.8,141.0,4.4,0.0,Philippines
Manila,PH,2025-03-29,12:00:00,1743224400,27.7,25.9,31.0,14.9,118.0,3.4,0.0,Philippines
Manila,PH,2025-03-30,12:00:00,1743310800,28.6,25.6,32.9,12.2,110.0,1.6,0.0,Philippines
Manila,PH,2025-03-31,12:00:00,1743397200,28.7,25.7,32.2,14.4,125.0,1.8,0.0,Philippines
Manila,PH,2025-04-01,12:00:00,1743483600,29.1,25.9,32.8,8.2,47.0,2.4,0.0,Philippines
Manila,PH,2025-04-02,12:00:00,1743570000,30.0,26.5,33.7,10.1,118.0,0.1,0.0,Philippines
Manila,PH,2025-04-03,12:00:00,1743656400,29.6,26.6,33.8,8.0,222.0,1.7,0.0,Philippines
Manila,PH,2025-04-04,12:00:00,1743742800,29.9,26.7,33.7,14.5,119.0,1.6,0.0,Philippines
Manila,PH,2025-04-05,12:00:00,1743829200,29.3,26.6,33.3,11.5,135.0,1.6,0.0,Philippines
Manila,PH,2025-04-06,12:00:00,1743915600,29.6,25.9,33.9,13.0,63.0,0.3,0.0,Philippines
Manila,PH,2025-04-07,12:00:00,1744002000,30.2,25.7,35.3,19.5,119.0,0.0,0.0,Philippines
Manila,PH,2025-04-08,12:00:00,1744088400,30.4,27.4,34.4,11.6,132.0,0.8,0.0,Philippines
Manila,PH,2025-04-09,12:00:00,1744174800,30.6,27.1,34.7,20.2,139.0,0.0,0.0,Philippines
Manila,PH,2025-04-10,12:00:00,1744261200,30.8,26.7,36.9,18.7,217.0,0.2,0.0,Philippines
Manila,PH,2025-04-11,12:00:00,1744347600,31.3,28.5,35.9,18.3,122.0,0.0,0.0,Philippines
Manila,PH,2025-04-12,12:00:00,1744434000,31.3,27.8,36.2,17.2,133.0,0.3,0.0,Philippines
Manila,PH,2025-04-13,12:00:00,1744520400,30.6,28.4,33.8,9.7,145.0,0.6,0.0,Philippines
Manila,PH,2025-04-14,12:00:00,1744606800,30.9,27.2,34.5,14.1,204.0,0.9,0.0,Philippines
Manila,PH,2025-04-15,12:00:00,1744693200,30.8,27.9,34.3,12.9,292.0,1.8,0.0,Philippines
Manila,PH,2025-04-16,12:00:00,1744779600,31.2,27.0,35.9,11.4,152.0,0.0,0.0,Philippines
Manila,PH,2025-04-17,12:00:00,1744866000,31.1,26.8,35.8,10.3,160.0,0.0,0.0,Philippines
Manila,PH,2025-04-18,12:00:00,1744952400,31.0,26.8,35.2,16.0,150.0,0.8,0.0,Philippines
Manila,PH,2025-04-19,12:00:00,1745038800,31.7,28.1,36.6,18.0,126.0,0.0,0.0,Philippines
Manila,PH,2025-04-20,12:00:00,1745125200,31.1,26.7,35.7,16.5,130.0,1.1,0.0,Philippines
Manila,PH,2025-04-21,12:00:00,1745211600,31.7,28.3,36.3,14.5,128.0,1.2,0.0,Philippines
Manila,PH,2025-04-22,12:00:00,1745298000,31.2,27.0,35.7,16.2,159.0,0.0,0.0,Philippines
Manila,PH,2025-04-23,12:00:00,1745384400,31.6,28.5,35.6,14.2,211.0,0.9,0.0,Philippines
Manila,PH,2025-04-24,12:00:00,1745470800,31.4,27.4,36.0,17.5,156.0,0.0,0.0,Philippines
Manila,PH,2025-04-25,12:00:00,1745557200,31.3,27.6,34.8,18.5,161.0,0.2,0.0,Philippines
Manila,PH,2025-04-26,12:00:00,1745643600,31.4,27.1,36.5,16.2,96.0,0.0,0.0,Philippines
Manila,PH,2025-04-27,12:00:00,1745730000,31.1,27.2,35.9,14.3,95.0,0.5,0.0,Philippines
Manila,PH,2025-04-28,12:00:00,1745816400,30.3,27.4,33.6,9.8,98.0,1.9,0.0,Philippines
Manila,PH,2025-04-29,12:00:00,1745902800,30.5,27.4,34.5,11.3,108.0,1.1,0.0,Philippines
Manila,PH,2025-04-30,12:00:00,1745989200,31.1,27.6,35.0,13.3,109.0,1.6,0.0,Philippines
Manila,PH,2025-05-01,12:00:00,1746075600,31.4,28.0,35.5,9.9,37.0,1.1,0.0,Philippines
Manila,PH,2025-05-02,12:00:00,1746162000,31.3,27.7,35.6,15.6,71.0,0.4,0.0,Philippines
Manila,PH,2025-05-03,12:00:00,1746248400,31.5,28.1,35.1,10.4,129.0,0.0,0.0,Philippines
Manila,PH,2025-05-04,12:00:00,1746334800,29.6,27.1,34.6,15.8,111.0,7.1,0.0,Philippines
Manila,PH,2025-05-05,12:00:00,1746421200,28.2,25.5,32.6,15.4,133.0,14.3,0.0,Philippines
Manila,PH,2025-05-06,12:00:00,1746507600,28.1,25.6,31.7,9.6,131.0,13.4,0.0,Philippines
Manila,PH,2025-05-07,12:00:00,1746594000,27.8,25.6,31.8,9.0,123.0,5.0,0.0,Philippines
Manila,PH,2025-05-08,12:00:00,1746680400,27.7,25.6,30.4,11.5,89.0,6.3,0.0,Philippines
Manila,PH,2025-05-09,12:00:00,1746766800,28.9,26.8,31.6,9.0,126.0,0.7,0.0,Philippines
Manila,PH,2025-05-10,12:00:00,1746853200,30.5,27.0,34.5,13.4,148.0,1.1,0.0,Philippines
Manila,PH,2025-05-11,12:00:00,1746939600,30.3,27.6,34.1,13.4,168.0,1.5,0.0,Philippines
Manila,PH,2025-05-12,12:00:00,1747026000,29.4,25.2,34.9,14.3,207.0,26.0,0.0,Philippines
Manila,PH,2025-05-13,12:00:00,1747112400,27.8,24.5,32.9,10.3,94.0,10.4,0.0,Philippines
Manila,PH,2025-05-14,12:00:00,1747198800,28.7,25.3,32.7,10.4,18.0,5.0,0.0,Philippines
Manila,PH,2025-05-15,12:00:00,1747285200,28.9,26.2,32.3,10.2,55.0,7.8,0.0,Philippines
Manila,PH,2025-05-16,12:00:00,1747371600,30.8,26.9,35.1,16.2,120.0,0.1,0.0,Philippines
Manila,PH,2025-05-17,12:00:00,1747458000,31.4,27.1,35.6,10.7,99.0,0.7,0.0,Philippines
Manila,PH,2025-05-18,12:00:00,1747544400,31.8,27.8,36.2,16.6,116.0,0.5,0.0,Philippines
Manila,PH,2025-05-19,12:00:00,1747630800,31.9,27.8,36.6,18.9,113.0,0.0,0.0,Philippines
Manila,PH,2025-05-20,12:00:00,1747717200,,28.4,30.3,10.3,,0.0,,Philippines
